pc_timestamp,arduino_ms,node_position,activity,ax,ay,az,gx,gy,gz,rssi
1787062234680,40828,Lumbar,stand,-0.023912,1.024312,-0.025376,2.24,-3.57,1.12,-48
1787062234680,40845,Lumbar,stand,-0.023912,1.02236,-0.01952,1.54,-2.8,1.05,-48
1787062234680,40876,Lumbar,stand,-0.023912,1.01504,-0.030744,3.08,-4.13,0.91,-48
1787062234680,40893,Lumbar,stand,-0.024888,1.021872,-0.033672,3.01,-4.76,0.84,-48
1787062234680,40910,Lumbar,stand,-0.022936,1.027728,-0.034648,2.59,-5.11,0.84,-48
1787062234680,40927,Lumbar,stand,-0.02196,1.03212,-0.033672,1.12,-4.9,0.77,-48
1787062234680,40944,Lumbar,stand,-0.01708,1.018944,-0.03416,-0.56,-3.85,1.12,-48
1787062234680,40975,Lumbar,stand,-0.020008,1.013088,-0.037576,-0.98,-4.06,1.68,-48
1787062234680,40992,Lumbar,stand,-0.021472,1.015528,-0.035624,-0.84,-3.36,1.75,-48
1787062234680,41009,Lumbar,stand,-0.020008,1.013088,-0.030744,-0.98,-2.94,1.75,-48
1787062235098,41184,Lumbar,stand,-0.006832,1.012112,-0.016592,3.01,1.12,0.91,-48
1787062235098,41216,Lumbar,stand,-0.005856,1.032608,-0.023912,4.27,1.12,-0.14,-48
1787062235098,41233,Lumbar,stand,-0.005368,1.035536,-0.032696,2.52,1.89,-1.05,-48
1787062235098,41250,Lumbar,stand,-0.002928,1.02968,-0.0366,1.33,2.03,-1.54,-48
1787062235098,41267,Lumbar,stand,-0.00976,1.016992,-0.04636,0.07,1.26,-1.4,-48
1787062235098,41298,Lumbar,stand,-0.025864,1.017968,-0.045384,-2.1,0.77,-0.14,-48
1787062235098,41315,Lumbar,stand,-0.025376,1.00772,-0.033184,-2.38,1.47,0,-48
1787062235098,41332,Lumbar,stand,-0.027328,1.001864,-0.027328,-0.98,2.31,0.7,-48
1787062235098,41349,Lumbar,stand,-0.02928,1.01016,-0.036112,0,0.28,1.61,-48
1787062235098,41366,Lumbar,stand,-0.027328,1.00772,-0.033672,-0.35,-1.26,1.75,-48
1787062235391,41538,Lumbar,stand,-0.018544,1.017968,-0.033184,1.89,-3.92,-0.49,-54
1787062235391,41569,Lumbar,stand,-0.017568,1.020896,-0.0244,1.12,-3.29,-0.7,-54
1787062235391,41587,Lumbar,stand,-0.018056,1.021384,-0.022448,0.56,-3.57,-0.35,-54
1787062235391,41604,Lumbar,stand,-0.013664,1.016504,-0.02684,-0.07,-3.99,-0.49,-54
1787062235391,41621,Lumbar,stand,-0.011224,1.013088,-0.03172,0,-5.11,-0.84,-54
1787062235391,41652,Lumbar,stand,-0.015128,1.03944,-0.019032,-0.07,-7.28,-0.98,-54
1787062235391,41669,Lumbar,stand,-0.015128,1.04188,0.016104,-1.96,-6.93,-0.91,-54
1787062235391,41686,Lumbar,stand,-0.01464,1.02968,0.0488,-3.01,-3.85,-0.7,-54
1787062235391,41703,Lumbar,stand,-0.015128,0.978928,0.056608,-2.24,-1.47,-0.21,-54
1787062235391,41720,Lumbar,stand,-0.019032,0.934032,0.05368,2.31,3.64,1.68,-54
1787062235748,41895,Lumbar,stand,-0.030256,1.012112,-0.022936,3.29,0.14,-2.73,-54
1787062235748,41926,Lumbar,stand,-0.044896,1.020408,-0.022448,3.36,0.35,-3.08,-54
1787062235748,41943,Lumbar,stand,-0.04392,1.01748,-0.027328,2.38,-0.56,-2.03,-54
1787062235748,41960,Lumbar,stand,-0.03904,1.018456,-0.032696,2.45,-2.52,-1.33,-54
1787062235748,41977,Lumbar,stand,-0.027328,1.01748,-0.049288,2.66,-3.5,-1.26,-54
1787062235748,42008,Lumbar,stand,-0.018544,1.021384,-0.069784,2.31,-3.78,-1.89,-54
1787062235748,42025,Lumbar,stand,-0.022936,1.026264,-0.066368,1.05,-3.29,-2.03,-54
1787062235748,42042,Lumbar,stand,-0.03172,1.028704,-0.055632,-2.1,-2.8,-1.96,-54
1787062235748,42059,Lumbar,stand,-0.040016,1.016016,-0.038064,-3.36,-2.87,-1.54,-54
1787062235748,42076,Lumbar,stand,-0.037576,1.003328,-0.025864,-1.75,-2.8,-1.19,-54
1787062236104,42252,Lumbar,stand,-0.018544,0.987712,0.018056,-0.28,4.06,2.17,-54
1787062236104,42283,Lumbar,stand,-0.027328,1.014064,-0.078568,4.55,-6.65,2.59,-54
1787062236104,42300,Lumbar,stand,-0.035624,1.033584,-0.084912,4.06,-8.26,3.08,-54
1787062236104,42317,Lumbar,stand,-0.040504,1.053104,-0.061,0.77,-6.37,3.43,-54
1787062236104,42334,Lumbar,stand,-0.028792,1.04188,-0.02196,-3.01,-0.21,3.78,-54
1787062236104,42365,Lumbar,stand,0.001464,0.991128,0,-3.5,2.87,3.64,-54
1787062236104,42382,Lumbar,stand,-0.000488,0.982832,-0.001464,0.07,0.07,2.87,-54
1787062236104,42399,Lumbar,stand,-0.016104,1.009672,-0.011712,4.69,-1.47,1.19,-54
1787062236104,42416,Lumbar,stand,-0.027328,1.038952,-0.031232,6.16,-0.84,-0.77,-54
1787062236104,42433,Lumbar,stand,-0.032208,1.048224,-0.040992,3.5,-0.35,-1.96,-54
1787062236462,42608,Lumbar,stand,-0.019032,1.003816,-0.025376,1.33,-0.63,0.56,-54
1787062236462,42639,Lumbar,stand,-0.025864,1.020896,-0.035624,4.06,-1.19,0.35,-54
1787062236462,42656,Lumbar,stand,-0.032696,1.03456,-0.044896,2.17,-1.33,0.28,-54
1787062236462,42673,Lumbar,stand,-0.040016,1.026264,-0.044408,-1.4,-1.26,0.28,-54
1787062236462,42690,Lumbar,stand,-0.038552,1.009184,-0.035624,-2.38,-1.19,0.42,-54
1787062236462,42721,Lumbar,stand,-0.028792,1.003328,-0.014152,0.63,-1.12,0.49,-54
1787062236462,42738,Lumbar,stand,-0.027328,1.010648,-0.018544,2.87,-1.19,0.28,-54
1787062236462,42755,Lumbar,stand,-0.020984,1.022848,-0.030256,3.22,-2.1,-0.14,-54
1787062236462,42772,Lumbar,stand,-0.020008,1.02724,-0.03416,2.66,-2.8,-0.49,-54
1787062236462,42789,Lumbar,stand,-0.02196,1.023336,-0.038064,1.33,-2.87,-0.49,-54
1787062236819,42965,Lumbar,stand,-0.022448,1.01504,-0.033184,0,-1.89,1.12,-50
1787062236819,42996,Lumbar,stand,-0.020496,1.0126,-0.027816,1.33,-2.59,0.98,-50
1787062236819,43013,Lumbar,stand,-0.027328,1.033096,-0.01464,1.4,-2.59,1.05,-50
1787062236819,43030,Lumbar,stand,-0.030744,1.03456,-0.006344,-0.63,-1.89,0.77,-50
1787062236819,43047,Lumbar,stand,-0.032208,1.023824,-0.005856,-1.96,-1.47,0.49,-50
1787062236819,43078,Lumbar,stand,-0.02196,0.996984,-0.039528,1.19,-2.94,0.91,-50
1787062236819,43095,Lumbar,stand,-0.022448,1.008208,-0.045872,3.15,-4.41,0.91,-50
1787062236819,43112,Lumbar,stand,-0.02196,1.035048,-0.041968,2.73,-4.48,0.28,-50
1787062236819,43129,Lumbar,stand,-0.013664,1.040416,-0.025864,0.28,-3.57,-0.14,-50
1787062236819,43146,Lumbar,stand,-0.012688,1.025776,-0.008296,-2.03,-2.24,-0.28,-50
1787062237175,43322,Lumbar,stand,-0.025864,1.006744,-0.00488,-0.98,-1.4,0.98,-50
1787062237175,43353,Lumbar,stand,-0.032208,1.007232,0,1.33,-1.47,1.47,-50
1787062237175,43370,Lumbar,stand,-0.032696,1.015528,-0.00488,2.66,-1.75,1.33,-50
1787062237175,43387,Lumbar,stand,-0.030256,1.015528,-0.007808,2.94,-2.38,0.91,-50
1787062237175,43403,Lumbar,stand,-0.023912,1.016504,-0.022448,3.64,-3.01,0.77,-50
1787062237175,43434,Lumbar,stand,-0.024888,1.031144,-0.031232,2.03,-3.78,1.05,-50
1787062237175,43451,Lumbar,stand,-0.017568,1.02968,-0.005856,1.19,-2.94,0.7,-50
1787062237175,43468,Lumbar,stand,-0.006344,1.021872,0.016104,0.49,-0.98,-0.21,-50
1787062237175,43485,Lumbar,stand,-0.005856,1.017968,0.007808,0.49,0.14,-0.77,-50
1787062237175,43502,Lumbar,stand,-0.007808,1.01748,-0.016104,0.77,-0.21,-0.84,-50
1787062237535,43677,Lumbar,stand,-0.027816,1.037488,-0.016104,6.23,-1.89,-0.49,-50
1787062237535,43709,Lumbar,stand,-0.047336,1.012112,-0.040016,1.33,-4.41,-0.63,-50
1787062237535,43726,Lumbar,stand,-0.053192,1.002352,-0.04392,1.26,-4.76,0.77,-50
1787062237535,43744,Lumbar,stand,-0.052704,0.993568,-0.049288,1.12,-5.25,1.4,-50
1787062237535,43761,Lumbar,stand,-0.052216,0.996496,-0.02928,2.24,-6.86,2.52,-50
1787062237535,43778,Lumbar,stand,-0.048312,1.023336,-0.013664,3.92,-8.75,3.5,-50
1787062237535,43809,Lumbar,stand,-0.039528,1.025776,0.003416,3.01,-9.31,3.36,-50
1787062237535,43826,Lumbar,stand,-0.01708,1.036024,0.003904,3.36,-9.03,2.94,-50
1787062237535,43843,Lumbar,stand,0.01464,1.044808,-0.020496,-0.63,-6.65,2.31,-50
1787062237535,43860,Lumbar,stand,0.015616,1.031632,-0.018056,-4.06,-5.25,1.19,-50
1787062237890,44036,Lumbar,stand,-0.0122,1.026264,-0.021472,-1.4,-0.63,-1.54,-51
1787062237890,44067,Lumbar,stand,-0.026352,1.016504,-0.000976,-0.98,-1.4,-0.28,-51
1787062237890,44084,Lumbar,stand,-0.03416,1.019432,0,-1.05,-1.68,0.14,-51
1787062237890,44101,Lumbar,stand,-0.034648,1.016016,-0.004392,-1.4,-1.54,0.63,-51
1787062237890,44118,Lumbar,stand,-0.033672,1.006256,-0.0122,-0.56,-1.68,0.56,-51
1787062237890,44149,Lumbar,stand,-0.021472,1.001376,-0.01952,2.38,-3.08,0.63,-51
1787062237890,44166,Lumbar,stand,-0.0122,1.016016,-0.018056,3.15,-3.43,1.12,-51
1787062237890,44183,Lumbar,stand,-0.005368,1.030168,-0.016592,2.17,-2.31,1.26,-51
1787062237890,44200,Lumbar,stand,-0.003904,1.03212,-0.01708,0.49,-0.7,0.84,-51
1787062237890,44217,Lumbar,stand,-0.005856,1.030168,-0.020984,-0.42,-0.35,0.56,-51
1787062238246,44392,Lumbar,stand,-0.02928,1.009184,-0.016104,2.03,-1.26,0.21,-51
1787062238246,44422,Lumbar,stand,-0.028304,1.0248,-0.010248,2.31,-0.49,0.42,-51
1787062238246,44440,Lumbar,stand,-0.023912,1.02724,-0.005856,1.12,-0.56,0.07,-51
1787062238246,44456,Lumbar,stand,-0.020496,1.016992,-0.009272,0.28,-1.61,0.21,-51
1787062238246,44473,Lumbar,stand,-0.01952,1.014064,-0.011224,0.28,-1.89,0.63,-51
1787062238246,44504,Lumbar,stand,-0.022936,1.012112,-0.010248,0.56,-0.63,0.77,-51
1787062238246,44521,Lumbar,stand,-0.0244,1.012112,-0.011712,0.77,-1.4,0.91,-51
1787062238246,44538,Lumbar,stand,-0.028792,1.016504,-0.01464,1.19,-2.24,1.05,-51
1787062238246,44555,Lumbar,stand,-0.031232,1.02236,-0.015128,1.47,-3.15,1.4,-51
1787062238246,44572,Lumbar,stand,-0.030256,1.018944,-0.005368,0.84,-2.8,1.47,-51
1787062238602,44747,Lumbar,stand,-0.024888,1.01016,-0.013664,3.78,-2.94,0.84,-51
1787062238602,44778,Lumbar,stand,-0.016104,1.024312,0.006344,3.36,-2.73,0.7,-51
1787062238602,44795,Lumbar,stand,-0.015616,1.021872,0.005856,2.38,-2.87,0.7,-51
1787062238602,44812,Lumbar,stand,-0.018056,1.018456,-0.00244,2.38,-3.01,0.77,-51
1787062238602,44829,Lumbar,stand,-0.02684,1.021384,-0.007808,2.52,-3.36,1.05,-51
1787062238602,44860,Lumbar,stand,-0.032208,1.024312,-0.020984,1.68,-4.34,0.56,-51
1787062238602,44878,Lumbar,stand,-0.029768,1.02968,-0.026352,0.84,-5.67,0.49,-51
1787062238602,44895,Lumbar,stand,-0.027816,1.03456,-0.01464,-0.56,-5.95,0.28,-51
1787062238602,44912,Lumbar,stand,-0.020496,1.021872,0.00732,-1.61,-5.11,0,-51
1787062238602,44929,Lumbar,stand,-0.0122,1.004792,0.00732,-1.19,-4.69,0,-51
1787062239013,45103,Lumbar,stand,-0.024888,1.0126,0.001464,4.83,-3.15,-1.33,-46
1787062239013,45134,Lumbar,stand,-0.026352,1.011136,-0.01708,5.11,-2.52,-0.7,-46
1787062239013,45151,Lumbar,stand,-0.023912,1.013576,-0.021472,5.04,-2.03,-0.21,-46
1787062239013,45168,Lumbar,stand,-0.0244,1.021384,-0.024888,4.97,-2.45,0.07,-46
1787062239013,45185,Lumbar,stand,-0.02684,1.02724,-0.0244,4.13,-2.38,0.28,-46
1787062239013,45216,Lumbar,stand,-0.022448,1.016016,-0.011712,2.38,-1.4,0.56,-46
1787062239013,45233,Lumbar,stand,-0.01952,1.009672,-0.008784,2.38,-1.68,0.98,-46
1787062239013,45250,Lumbar,stand,-0.018056,1.009184,-0.00976,3.22,-2.24,1.19,-46
1787062239013,45267,Lumbar,stand,-0.01708,1.0126,-0.010248,3.78,-2.38,1.12,-46
1787062239013,45340,Lumbar,stand,-0.015616,1.021872,-0.01464,1.96,0.63,0.14,-46
1787062239368,45512,Lumbar,stand,-0.03416,1.009672,-0.02196,2.52,-1.54,-0.84,-46
1787062239368,45543,Lumbar,stand,-0.025376,1.019432,-0.025864,2.45,-0.84,-0.42,-46
1787062239368,45560,Lumbar,stand,-0.023424,1.01992,-0.025864,2.31,0.14,-0.35,-46
1787062239368,45577,Lumbar,stand,-0.025376,1.023336,-0.025864,1.96,-0.14,-0.28,-46
1787062239368,45594,Lumbar,stand,-0.024888,1.01992,-0.030744,0.84,-1.47,-0.35,-46
1787062239368,45625,Lumbar,stand,-0.02928,1.00284,-0.023912,1.54,-2.38,-0.21,-46
1787062239368,45642,Lumbar,stand,-0.02684,1.016992,-0.018544,3.71,-3.22,-0.14,-46
1787062239368,45659,Lumbar,stand,-0.025376,1.032608,-0.02196,3.29,-3.22,-0.35,-46
1787062239368,45676,Lumbar,stand,-0.030744,1.029192,-0.021472,0.98,-3.08,-0.42,-46
1787062239368,45693,Lumbar,stand,-0.032696,1.021872,-0.01952,-0.14,-3.01,-0.07,-46
1787062239724,45868,Lumbar,stand,-0.03416,1.006744,-0.01952,4.2,-2.17,0.42,-46
1787062239724,45899,Lumbar,stand,-0.031232,1.017968,-0.040992,4.27,-3.64,0.7,-46
1787062239724,45916,Lumbar,stand,-0.03172,1.025776,-0.038064,3.01,-3.92,0.84,-46
1787062239724,45933,Lumbar,stand,-0.028792,1.026264,-0.027816,2.03,-3.29,0.7,-46
1787062239724,45950,Lumbar,stand,-0.028304,1.018456,-0.020496,1.4,-2.24,0.7,-46
1787062239724,45981,Lumbar,stand,-0.030256,1.003328,-0.021472,2.45,-1.26,0.91,-46
1787062239724,45998,Lumbar,stand,-0.02928,1.007232,-0.023424,3.92,-1.61,0.98,-46
1787062239724,46015,Lumbar,stand,-0.02928,1.0126,-0.015616,4.62,-1.54,0.84,-46
1787062239724,46032,Lumbar,stand,-0.023424,1.022848,-0.010736,4.62,-0.91,0.63,-46
1787062239724,46049,Lumbar,stand,-0.013176,1.039928,-0.002928,4.41,0.63,-0.14,-46
1787062240220,46224,Lumbar,stand,-0.00488,1.032608,0.00244,4.27,-8.4,3.78,-46
1787062240220,46255,Lumbar,stand,-0.020984,1.021872,-0.010248,3.85,-7.63,4.13,-46
1787062240220,46272,Lumbar,stand,-0.02196,1.025288,-0.018544,4.06,-4.97,3.78,-46
1787062240220,46289,Lumbar,stand,-0.020984,1.025288,-0.024888,5.25,-3.92,2.59,-46
1787062240220,46306,Lumbar,stand,-0.016104,1.026264,-0.03416,6.16,-3.78,2.17,-46
1787062240220,46336,Lumbar,stand,-0.012688,1.040416,-0.02928,0.84,-3.71,0.14,-46
1787062240220,46353,Lumbar,stand,-0.007808,1.02724,-0.02196,-1.12,-2.45,-0.49,-46
1787062240220,46370,Lumbar,stand,-0.020984,1.011624,-0.016104,-1.47,-0.07,-0.21,-46
1787062240220,46387,Lumbar,stand,-0.018544,1.01016,-0.030256,-0.84,0.77,0.49,-46
1787062240220,46404,Lumbar,stand,-0.010248,1.009184,-0.048312,-0.84,1.4,0.07,-46
1787062240438,46579,Lumbar,stand,-0.015128,1.015528,-0.022936,2.52,0.42,2.1,-48
1787062240438,46610,Lumbar,stand,-0.013664,1.023824,-0.030256,2.1,0.07,0.49,-48
1787062240438,46627,Lumbar,stand,-0.0122,1.023336,-0.029768,2.03,-0.35,-0.07,-48
1787062240438,46644,Lumbar,stand,-0.01464,1.014552,-0.030744,2.59,-0.77,-1.05,-48
1787062240438,46661,Lumbar,stand,-0.020008,1.007232,-0.043432,3.64,-0.07,-1.19,-48
1787062240438,46692,Lumbar,stand,-0.028792,1.009672,-0.053192,3.64,0.98,-0.35,-48
1787062240438,46709,Lumbar,stand,-0.033184,1.018456,-0.04636,2.94,1.4,0,-48
1787062240438,46727,Lumbar,stand,-0.033672,1.025288,-0.034648,2.17,0.14,-0.07,-48
1787062240438,46744,Lumbar,stand,-0.032696,1.021384,-0.026352,0.91,-1.19,-0.14,-48
1787062240438,46761,Lumbar,stand,-0.03416,1.016504,-0.026352,0.91,-1.75,0.21,-48
1787062240798,46936,Lumbar,stand,-0.020984,1.021384,-0.027328,-0.21,-0.84,0.14,-48
1787062240798,46968,Lumbar,stand,-0.0122,1.018456,-0.027816,-0.56,-1.47,-0.98,-48
1787062240798,46985,Lumbar,stand,-0.010736,1.017968,-0.030256,-0.63,-1.75,-1.12,-48
1787062240798,47003,Lumbar,stand,-0.016104,1.020408,-0.027328,-0.91,-1.33,-1.33,-48
1787062240798,47020,Lumbar,stand,-0.022448,1.024312,-0.022936,-0.98,-1.05,-1.33,-48
1787062240798,47037,Lumbar,stand,-0.023912,1.025288,-0.0244,-1.26,-1.54,-1.47,-48
1787062240798,47068,Lumbar,stand,-0.008784,1.008696,-0.027328,-2.45,-0.14,-2.03,-48
1787062240798,47085,Lumbar,stand,-0.012688,0.997472,-0.02196,-1.61,0.91,-2.73,-48
1787062240798,47102,Lumbar,stand,-0.016104,0.99552,-0.015128,1.05,0.35,-3.01,-48
1787062240798,47119,Lumbar,stand,-0.023424,1.013088,-0.011712,2.24,-0.21,-3.08,-48
1787062241155,47296,Lumbar,stand,-0.020496,1.043344,-0.028304,2.73,-2.24,1.4,-48
1787062241155,47326,Lumbar,stand,-0.018056,1.02968,-0.020008,0.91,-2.94,-0.35,-48
1787062241155,47344,Lumbar,stand,-0.018056,1.018944,-0.019032,1.61,-3.01,-0.35,-48
1787062241155,47360,Lumbar,stand,-0.026352,1.00284,-0.010248,1.68,-1.4,0,-48
1787062241155,47377,Lumbar,stand,-0.040504,0.995032,-0.006344,2.8,0.35,-0.14,-48
1787062241155,47408,Lumbar,stand,-0.052704,1.005768,-0.016104,6.3,-0.91,-1.12,-48
1787062241155,47425,Lumbar,stand,-0.049776,1.014064,-0.030744,7.49,-2.52,-0.49,-48
1787062241155,47442,Lumbar,stand,-0.04392,1.020896,-0.042456,7,-3.15,0.77,-48
1787062241155,47459,Lumbar,stand,-0.039528,1.042368,-0.057584,6.02,-3.57,1.05,-48
1787062241155,47476,Lumbar,stand,-0.030744,1.042856,-0.089304,1.89,-5.04,0.84,-48
1787062241653,47653,Lumbar,stand,-0.018544,1.017968,-0.016592,-2.38,-1.12,0.35,-48
1787062241653,47684,Lumbar,stand,-0.030256,1.011136,-0.018544,-0.98,-1.33,-0.84,-48
1787062241653,47701,Lumbar,stand,-0.0366,0.996008,-0.02196,-0.35,-2.03,-0.91,-48
1787062241653,47718,Lumbar,stand,-0.040992,0.996984,-0.018544,1.12,-1.54,0.14,-48
1787062241653,47735,Lumbar,stand,-0.040504,1.001376,-0.0122,1.75,-0.28,1.19,-48
1787062241653,47766,Lumbar,stand,-0.029768,1.017968,-0.020496,3.57,-1.12,0.84,-48
1787062241653,47783,Lumbar,stand,-0.024888,1.022848,-0.031232,3.71,-2.17,0.14,-48
1787062241653,47800,Lumbar,stand,-0.016592,1.022848,-0.032208,3.29,-2.24,-0.07,-48
1787062241653,47817,Lumbar,stand,-0.015616,1.015528,-0.030744,2.45,-1.89,0,-48
1787062241653,47834,Lumbar,stand,-0.022936,1.009184,-0.026352,2.17,-1.19,0.28,-48
1787062241870,48009,Lumbar,stand,-0.025376,0.993568,-0.031232,4.2,0.84,0.07,-48
1787062241870,48040,Lumbar,stand,-0.043432,1.029192,-0.01708,5.95,-1.26,0.21,-48
1787062241870,48057,Lumbar,stand,-0.040016,1.02968,-0.028304,4.9,-0.21,0.21,-48
1787062241870,48074,Lumbar,stand,-0.035136,1.023824,-0.030744,4.62,0.21,0.21,-48
1787062241870,48091,Lumbar,stand,-0.033672,1.021384,-0.022448,5.32,-0.07,0.14,-48
1787062241870,48122,Lumbar,stand,-0.038552,1.028216,-0.015616,5.11,-5.04,-0.63,-48
1787062241870,48140,Lumbar,stand,-0.042944,1.018456,-0.022936,3.99,-5.39,-0.49,-48
1787062241870,48158,Lumbar,stand,-0.044408,1.009184,-0.041968,4.62,-4.69,-0.21,-48
1787062241870,48175,Lumbar,stand,-0.044896,1.01992,-0.067344,5.53,-4.97,0.63,-48
1787062241870,48192,Lumbar,stand,-0.03904,1.035048,-0.073688,2.94,-6.16,1.12,-48
1787062242238,48367,Lumbar,stand,-0.0366,1.021872,-0.03904,1.47,-1.47,0.91,-48
1787062242238,48397,Lumbar,stand,-0.027816,1.010648,-0.028792,1.47,-0.77,0.07,-48
1787062242238,48414,Lumbar,stand,-0.013176,1.001864,-0.03172,1.19,-0.07,-0.07,-48
1787062242238,48431,Lumbar,stand,-0.01464,1.001864,-0.046848,2.1,-0.77,0,-48
1787062242238,48448,Lumbar,stand,-0.02684,1.01992,-0.05124,2.52,-1.96,-0.07,-48
1787062242238,48479,Lumbar,stand,-0.03172,1.03212,-0.042944,1.26,-0.56,-0.63,-48
1787062242238,48496,Lumbar,stand,-0.02928,1.017968,-0.048312,-0.14,-0.07,-0.49,-48
1787062242238,48513,Lumbar,stand,-0.02684,1.004304,-0.049288,-0.21,-0.91,0.35,-48
1787062242238,48529,Lumbar,stand,-0.025376,1.002352,-0.037576,0.63,-1.19,0.7,-48
1787062242238,48560,Lumbar,stand,-0.029768,1.021872,-0.02684,2.45,-1.26,-0.28,-48
1787062242594,48735,Lumbar,stand,-0.015616,1.025288,-0.043432,1.47,-2.66,2.24,-48
1787062242594,48766,Lumbar,stand,-0.033672,1.013576,-0.023912,0.42,-0.7,2.1,-48
1787062242594,48783,Lumbar,stand,-0.036112,1.011624,-0.017568,0.84,0.28,2.1,-48
1787062242594,48800,Lumbar,stand,-0.035624,1.008208,-0.018056,1.82,0.28,2.03,-48
1787062242594,48817,Lumbar,stand,-0.03172,1.016504,-0.033672,3.15,-1.4,1.75,-48
1787062242594,48848,Lumbar,stand,-0.02196,1.03212,-0.038064,3.29,-3.78,0.28,-48
1787062242594,48865,Lumbar,stand,-0.015128,1.028704,-0.03416,1.89,-3.78,-0.7,-48
1787062242594,48882,Lumbar,stand,-0.015616,1.013088,-0.0366,1.12,-2.73,-0.98,-48
1787062242594,48899,Lumbar,stand,-0.022448,1.006256,-0.052216,1.68,-3.08,-0.56,-48
1787062242594,48916,Lumbar,stand,-0.02928,1.005768,-0.053192,2.1,-3.71,-0.42,-48
1787062242954,49091,Lumbar,stand,-0.028792,1.008208,-0.038552,-1.26,-3.78,-0.28,-48
1787062242954,49122,Lumbar,stand,-0.026352,0.992104,-0.022448,0.35,-2.52,1.12,-48
1787062242954,49139,Lumbar,stand,-0.015616,1.006744,-0.022448,2.8,-1.12,1.82,-48
1787062242954,49156,Lumbar,stand,-0.012688,1.030656,-0.04148,3.43,-1.4,1.61,-48
1787062242954,49173,Lumbar,stand,-0.018056,1.042856,-0.054168,2.17,-3.71,0.84,-48
1787062242954,49204,Lumbar,stand,-0.026352,1.031632,-0.034648,-1.47,-3.71,-0.56,-48
1787062242954,49221,Lumbar,stand,-0.03172,1.012112,-0.022448,-2.66,-2.38,-0.84,-48
1787062242954,49238,Lumbar,stand,-0.032696,1.00284,-0.027816,-2.31,-2.66,-0.42,-48
1787062242954,49255,Lumbar,stand,-0.03416,0.987712,-0.032696,-1.47,-3.15,-0.14,-48
1787062242954,49272,Lumbar,stand,-0.032696,0.994056,-0.040992,0.7,-3.57,0.63,-48
1787062243309,49449,Lumbar,stand,-0.027816,1.019432,-0.039528,0.42,-1.47,0.42,-53
1787062243309,49480,Lumbar,stand,-0.028304,1.013576,-0.039528,0.49,-2.31,0.21,-53
1787062243309,49497,Lumbar,stand,-0.030256,1.006744,-0.03416,0.56,-2.24,0.21,-53
1787062243309,49515,Lumbar,stand,-0.027816,1.003816,-0.028304,1.19,-1.54,0.63,-53
1787062243309,49532,Lumbar,stand,-0.024888,1.0126,-0.028792,1.68,-0.91,1.05,-53
1787062243309,49549,Lumbar,stand,-0.0244,1.019432,-0.032208,1.96,-0.98,1.05,-53
1787062243309,49579,Lumbar,stand,-0.030256,1.028216,-0.0366,0.63,-1.33,0.07,-53
1787062243309,49596,Lumbar,stand,-0.03416,1.021872,-0.036112,-0.07,-1.68,-0.21,-53
1787062243309,49613,Lumbar,stand,-0.038552,1.0126,-0.032696,-0.21,-2.1,0,-53
1787062243309,49630,Lumbar,stand,-0.040016,1.00772,-0.024888,0.07,-2.73,0.56,-53
1787062243664,49804,Lumbar,stand,-0.028792,1.0248,-0.030256,-0.7,-3.29,-0.21,-53
1787062243664,49835,Lumbar,stand,-0.040992,0.999912,-0.023424,-3.36,-3.5,-0.35,-53
1787062243664,49852,Lumbar,stand,-0.042944,0.99064,-0.00732,-1.4,-3.29,0.7,-53
1787062243664,49869,Lumbar,stand,-0.035624,0.989176,-0.001952,0.28,-2.87,1.4,-53
1787062243664,49886,Lumbar,stand,-0.019032,1.004792,-0.004392,2.8,-1.4,2.03,-53
1787062243664,49917,Lumbar,stand,-0.011712,1.023336,-0.016592,5.67,-0.98,0.07,-53
1787062243664,49934,Lumbar,stand,-0.02684,1.03456,-0.030256,5.95,-2.59,-0.56,-53
1787062243664,49951,Lumbar,stand,-0.032208,1.024312,-0.041968,4.76,-2.73,-1.61,-53
1787062243664,49968,Lumbar,stand,-0.03416,0.999912,-0.041968,3.71,-1.12,-1.4,-53
1787062243664,49985,Lumbar,stand,-0.033184,0.996008,-0.036112,4.48,-0.77,-0.63,-53
1787062244020,50160,Lumbar,stand,-0.02928,1.007232,-0.014152,1.68,-2.66,0.35,-53
1787062244020,50191,Lumbar,stand,-0.028792,1.027728,-0.0122,2.24,-0.35,1.12,-53
1787062244020,50208,Lumbar,stand,-0.02684,1.026264,-0.023912,2.17,-0.14,0.91,-53
1787062244020,50225,Lumbar,stand,-0.028304,1.023336,-0.035624,1.89,-1.61,0.42,-53
1787062244020,50242,Lumbar,stand,-0.032208,1.016992,-0.039528,1.26,-2.8,0,-53
1787062244020,50273,Lumbar,stand,-0.034648,1.009672,-0.028304,0.56,-1.26,0,-53
1787062244020,50290,Lumbar,stand,-0.038552,1.009672,-0.025864,1.05,-0.91,0.21,-53
1787062244020,50306,Lumbar,stand,-0.040504,1.014064,-0.033184,1.47,-1.89,0.28,-53
1787062244020,50323,Lumbar,stand,-0.038552,1.016016,-0.037576,1.54,-2.87,0.28,-53
1787062244020,50340,Lumbar,stand,-0.033184,1.018944,-0.044896,1.12,-3.01,0.28,-53
1787062244376,50515,Lumbar,stand,-0.028304,1.014064,-0.02684,3.5,-1.26,0.77,-48
1787062244376,50546,Lumbar,stand,-0.02196,1.020408,-0.04392,4.2,-1.33,0.7,-48
1787062244376,50563,Lumbar,stand,-0.020984,1.01748,-0.049288,3.99,-1.75,0.56,-48
1787062244376,50581,Lumbar,stand,-0.022936,1.020896,-0.04148,3.57,-1.61,0.49,-48
1787062244376,50598,Lumbar,stand,-0.023424,1.024312,-0.036112,1.96,-0.98,0.7,-48
1787062244376,50629,Lumbar,stand,-0.031232,1.023336,-0.020984,0.63,-0.63,0.77,-48
1787062244376,50646,Lumbar,stand,-0.032208,1.017968,-0.022448,0.91,1.05,0.35,-48
1787062244376,50663,Lumbar,stand,-0.035136,1.008696,-0.02684,0.91,1.61,0.21,-48
1787062244376,50680,Lumbar,stand,-0.037576,1.003816,-0.04148,1.19,0.84,0.21,-48
1787062244376,50697,Lumbar,stand,-0.03904,1.005768,-0.040016,2.1,-1.75,-0.07,-48
1787062244734,50871,Lumbar,stand,-0.045384,0.996984,-0.0244,-9.52,1.82,-0.42,-48
1787062244734,50903,Lumbar,stand,-0.057584,0.957944,0.026352,1.26,-1.61,1.82,-48
1787062244734,50920,Lumbar,stand,-0.050264,0.972096,0.002928,7.91,-3.08,1.82,-48
1787062244734,50938,Lumbar,stand,-0.036112,1.01748,-0.015128,9.31,-3.71,1.12,-48
1787062244734,50955,Lumbar,stand,-0.032208,1.05408,-0.043432,8.68,-3.99,0.77,-48
1787062244734,50972,Lumbar,stand,-0.03416,1.058472,-0.048312,4.06,-4.34,0.42,-48
1787062244734,51003,Lumbar,stand,-0.027816,1.01992,-0.028792,-1.68,-4.41,0.84,-48
1787062244734,51020,Lumbar,stand,-0.026352,0.996008,-0.023424,-1.05,-4.41,0.84,-48
1787062244734,51037,Lumbar,stand,-0.032696,0.994544,-0.027328,2.38,-4.69,0.21,-48
1787062244734,51054,Lumbar,stand,-0.03904,1.014064,-0.034648,5.32,-5.53,-0.77,-48
1787062245092,51229,Lumbar,stand,-0.01952,1.032608,-0.030744,-0.49,-1.61,1.19,-48
1787062245092,51261,Lumbar,stand,-0.01952,1.015528,-0.022448,0.14,-0.14,0.7,-48
1787062245092,51277,Lumbar,stand,-0.025376,1.005768,-0.024888,0.98,-0.35,0.77,-48
1787062245092,51295,Lumbar,stand,-0.034648,1.007232,-0.027328,1.68,-0.98,0.7,-48
1787062245092,51312,Lumbar,stand,-0.038552,1.015528,-0.03172,1.54,-0.91,0.7,-48
1787062245092,51342,Lumbar,stand,-0.044896,1.014552,-0.034648,1.82,-1.82,1.12,-48
1787062245092,51359,Lumbar,stand,-0.042944,1.016992,-0.02928,2.31,-3.57,1.05,-48
1787062245092,51376,Lumbar,stand,-0.03904,1.016016,-0.016592,2.03,-4.06,0.7,-48
1787062245092,51393,Lumbar,stand,-0.037576,1.011624,-0.008296,2.03,-3.71,0.98,-48
1787062245092,51410,Lumbar,stand,-0.038552,1.011624,-0.006832,2.38,-3.22,1.33,-48
1787062245453,51586,Lumbar,stand,-0.032696,1.026264,-0.020496,0.98,-1.19,0.91,-48
1787062245453,51618,Lumbar,stand,-0.027816,1.018456,-0.020496,-0.77,-1.12,0.56,-48
1787062245453,51635,Lumbar,stand,-0.024888,1.00528,-0.015128,-0.49,-1.19,0.7,-48
1787062245453,51653,Lumbar,stand,-0.023424,1.009672,-0.010736,1.12,-1.05,0.77,-48
1787062245453,51670,Lumbar,stand,-0.023424,1.018944,-0.018056,1.61,-0.56,0.56,-48
1787062245453,51687,Lumbar,stand,-0.027816,1.0248,-0.022448,1.47,-0.98,0.14,-48
1787062245453,51718,Lumbar,stand,-0.032208,1.020896,-0.02684,0.77,-1.47,-0.21,-48
1787062245453,51735,Lumbar,stand,-0.034648,1.018456,-0.026352,-0.35,-1.19,0,-48
1787062245453,51752,Lumbar,stand,-0.034648,1.016504,-0.024888,-0.84,-1.05,0.56,-48
1787062245453,51769,Lumbar,stand,-0.033672,1.013576,-0.023424,-0.63,-0.98,0.91,-48
1787062245808,51945,Lumbar,stand,-0.030744,1.035536,-0.020008,1.12,-4.34,0.42,-51
1787062245808,51977,Lumbar,stand,-0.027328,1.013088,-0.006344,-1.19,-2.66,0,-51
1787062245808,51994,Lumbar,stand,-0.02684,1.001376,-0.013176,-0.42,-3.01,0.28,-51
1787062245808,52011,Lumbar,stand,-0.029768,1.002352,-0.0122,1.4,-3.64,0.7,-51
1787062245808,52028,Lumbar,stand,-0.027328,1.016504,-0.010248,3.08,-3.36,0.56,-51
1787062245808,52059,Lumbar,stand,-0.020496,1.030168,-0.01708,1.54,-2.66,0.21,-51
1787062245808,52076,Lumbar,stand,-0.01952,1.020408,-0.01952,-0.21,-2.94,0.28,-51
1787062245808,52093,Lumbar,stand,-0.018544,1.011624,-0.008784,-0.21,-1.89,0.56,-51
1787062245808,52110,Lumbar,stand,-0.023912,1.009184,-0.004392,0.07,-1.19,0.77,-51
1787062245808,52127,Lumbar,stand,-0.028792,1.007232,0.001952,1.4,0,0.77,-51
1787062246163,52302,Lumbar,stand,-0.04148,1.025776,-0.02196,3.22,-4.97,0.77,-51
1787062246163,52333,Lumbar,stand,-0.032208,1.012112,-0.0122,2.73,-5.81,1.26,-51
1787062246163,52350,Lumbar,stand,-0.033184,1.010648,-0.017568,2.73,-5.6,2.03,-51
1787062246163,52366,Lumbar,stand,-0.027328,1.008208,-0.028304,2.94,-4.9,1.89,-51
1787062246163,52383,Lumbar,stand,-0.013664,1.004792,-0.028304,3.78,-4.69,1.47,-51
1787062246163,52414,Lumbar,stand,-0.00244,1.03212,-0.001464,6.16,-4.13,0.42,-51
1787062246163,52431,Lumbar,stand,-0.008784,1.033096,0.003416,5.39,-2.52,-0.42,-51
1787062246163,52448,Lumbar,stand,-0.019032,1.021384,0,3.78,-1.82,-0.49,-51
1787062246163,52465,Lumbar,stand,-0.027328,1.010648,-0.01708,3.85,-0.91,-0.42,-51
1787062246163,52482,Lumbar,stand,-0.032208,1.01748,-0.032208,4.9,-0.42,0,-51
1787062246519,52656,Lumbar,stand,-0.034648,1.011624,-0.02928,1.26,-1.33,0.63,-51
1787062246519,52687,Lumbar,stand,-0.0366,1.010648,-0.024888,3.78,-3.85,-0.63,-51
1787062246519,52704,Lumbar,stand,-0.030744,1.016016,-0.031232,4.34,-4.2,-0.84,-51
1787062246519,52721,Lumbar,stand,-0.022936,1.018456,-0.039528,3.5,-4.27,-0.84,-51
1787062246519,52738,Lumbar,stand,-0.014152,1.020408,-0.03904,1.54,-3.08,-0.07,-51
1787062246519,52769,Lumbar,stand,-0.020496,1.01992,-0.032696,0.28,-1.33,0.77,-51
1787062246519,52786,Lumbar,stand,-0.033672,1.016504,-0.034648,1.33,-2.03,0.77,-51
1787062246519,52803,Lumbar,stand,-0.038552,1.016504,-0.035136,2.66,-3.64,0.49,-51
1787062246519,52820,Lumbar,stand,-0.038064,1.01748,-0.032696,2.45,-3.71,0.14,-51
1787062246519,52837,Lumbar,stand,-0.037576,1.01748,-0.032696,2.1,-3.57,0.28,-51
1787062246876,53013,Lumbar,stand,-0.007808,1.014552,-0.040504,0.84,0.98,0.91,-54
1787062246876,53044,Lumbar,stand,-0.013664,1.028216,-0.029768,-0.98,-0.77,-0.35,-54
1787062246876,53061,Lumbar,stand,-0.03416,1.02236,-0.018544,-0.56,-1.96,-0.98,-54
1787062246876,53078,Lumbar,stand,-0.033672,1.007232,-0.013176,0.77,-0.28,-0.49,-54
1787062246876,53095,Lumbar,stand,-0.030744,1.003328,-0.021472,2.31,2.66,0.49,-54
1787062246876,53126,Lumbar,stand,-0.019032,1.017968,-0.038064,2.1,1.33,0.56,-54
1787062246876,53143,Lumbar,stand,-0.033184,1.0126,-0.033184,2.17,-0.28,-0.21,-54
1787062246876,53160,Lumbar,stand,-0.040992,1.011624,-0.02928,3.29,0.21,0.35,-54
1787062246876,53177,Lumbar,stand,-0.053192,1.016992,-0.03172,3.64,0.35,1.19,-54
1787062246876,53194,Lumbar,stand,-0.04392,1.02236,-0.032696,2.31,-0.07,2.73,-54
1787062247233,53368,Lumbar,stand,-0.025376,1.010648,-0.037576,-1.12,-3.57,-0.49,-57
1787062247233,53399,Lumbar,stand,-0.016592,1.005768,-0.028304,-0.28,-3.78,0.07,-57
1787062247233,53416,Lumbar,stand,-0.010736,1.011624,-0.020008,0.63,-2.03,0.42,-57
1787062247233,53433,Lumbar,stand,-0.012688,1.016016,-0.021472,0.77,0.28,0.28,-57
1787062247233,53450,Lumbar,stand,-0.023424,1.020408,-0.026352,1.26,0.63,0.42,-57
1787062247233,53481,Lumbar,stand,-0.029768,1.02236,-0.050752,2.1,-1.89,1.12,-57
1787062247233,53498,Lumbar,stand,-0.025376,1.013576,-0.047824,1.96,-2.59,1.12,-57
1787062247233,53515,Lumbar,stand,-0.02196,1.009184,-0.039528,2.52,-4.13,0.84,-57
1787062247233,53532,Lumbar,stand,-0.023912,1.003816,-0.038552,2.66,-5.67,0.28,-57
1787062247233,53549,Lumbar,stand,-0.032696,0.99796,-0.0366,3.92,-5.53,0.21,-57
1787062247589,53724,Lumbar,stand,-0.0244,1.008696,-0.013176,3.57,-2.94,-1.61,-57
1787062247589,53755,Lumbar,stand,-0.020984,1.034072,-0.045872,2.24,-1.54,-0.91,-57
1787062247589,53772,Lumbar,stand,-0.030744,1.040416,-0.054656,0.49,-2.17,-0.98,-57
1787062247589,53789,Lumbar,stand,-0.037576,1.02968,-0.041968,-0.7,-3.22,-1.05,-57
1787062247589,53806,Lumbar,stand,-0.037576,1.023336,-0.040016,-2.03,-2.17,-0.63,-57
1787062247589,53837,Lumbar,stand,-0.033184,1.0004,-0.019032,-3.36,-3.99,0,-57
1787062247589,53854,Lumbar,stand,-0.028304,1.002352,-0.012688,-1.47,-4.55,0.21,-57
1787062247589,53871,Lumbar,stand,-0.028304,1.01748,-0.023912,-0.7,-4.06,-0.21,-57
1787062247589,53888,Lumbar,stand,-0.030256,1.021872,-0.030256,-1.05,-4.06,-0.07,-57
1787062247589,53905,Lumbar,stand,-0.030744,1.020896,-0.028304,-1.33,-3.85,0.21,-57
1787062247944,54081,Lumbar,stand,-0.02684,1.008208,-0.020008,1.89,-0.63,0.84,-57
1787062247944,54112,Lumbar,stand,-0.02928,1.019432,-0.038552,2.52,-1.89,0.7,-57
1787062247944,54129,Lumbar,stand,-0.030256,1.01748,-0.030256,2.24,-1.19,0.98,-57
1787062247944,54146,Lumbar,stand,-0.029768,1.023824,-0.019032,2.38,-0.84,1.47,-57
1787062247944,54163,Lumbar,stand,-0.026352,1.016992,-0.014152,1.4,0,1.54,-57
1787062247944,54194,Lumbar,stand,-0.016592,1.001376,-0.025864,2.66,0.28,0.77,-57
1787062247944,54211,Lumbar,stand,-0.01464,1.006744,-0.035624,3.99,0.07,0.28,-57
1787062247944,54228,Lumbar,stand,-0.016592,1.01504,-0.037576,3.36,0.63,0,-57
1787062247944,54244,Lumbar,stand,-0.01708,1.024312,-0.033184,2.66,0.98,-0.07,-57
1787062247944,54261,Lumbar,stand,-0.02196,1.023824,-0.02684,1.54,0.98,-0.07,-57
1787062248299,54434,Lumbar,stand,-0.05368,1.012112,-0.02928,0.14,-6.16,1.26,-57
1787062248299,54465,Lumbar,stand,-0.046848,1.005768,-0.027816,1.33,-7.56,3.22,-57
1787062248299,54482,Lumbar,stand,-0.040992,1.011624,-0.02684,1.89,-7.98,3.99,-57
1787062248299,54499,Lumbar,stand,-0.025376,1.030168,-0.0244,1.75,-7.84,3.99,-57
1787062248299,54516,Lumbar,stand,-0.0122,1.031632,-0.024888,0,-7.63,3.36,-57
1787062248299,54547,Lumbar,stand,-0.007808,1.018944,-0.02684,0.07,-8.4,1.47,-57
1787062248299,54564,Lumbar,stand,-0.014152,1.018944,-0.021472,0.49,-7.14,0.49,-57
1787062248299,54581,Lumbar,stand,-0.011224,1.010648,-0.019032,0.35,-4.55,0.21,-57
1787062248299,54598,Lumbar,stand,-0.007808,1.00528,-0.02928,0.63,-2.94,0.35,-57
1787062248299,54615,Lumbar,stand,-0.00976,1.009672,-0.033672,1.33,-3.85,0.28,-57
1787062248822,54790,Lumbar,stand,-0.028304,1.004304,-0.010248,0.07,1.33,0.56,-51
1787062248822,54822,Lumbar,stand,-0.027328,1.000888,0.007808,3.01,1.47,1.26,-51
1787062248822,54839,Lumbar,stand,-0.029768,1.00528,0.006344,5.18,1.96,1.19,-51
1787062248822,54856,Lumbar,stand,-0.03416,0.996984,0.00244,6.79,3.71,1.19,-51
1787062248822,54873,Lumbar,stand,-0.03416,0.982832,-0.003416,9.8,5.81,1.33,-51
1787062248822,54904,Lumbar,stand,-0.026352,1.00528,-0.021472,14.14,5.25,1.26,-51
1787062248822,54921,Lumbar,stand,-0.016592,1.035536,-0.027816,14.91,4.34,-0.21,-51
1787062248822,54938,Lumbar,stand,-0.00976,1.067256,-0.054656,13.51,2.24,-2.59,-51
1787062248822,54955,Lumbar,stand,-0.008296,1.079944,-0.07808,11.34,-1.19,-4.48,-51
1787062248822,54972,Lumbar,stand,-0.008784,1.080432,-0.116632,3.57,-3.22,-4.62,-51
1787062249014,55146,Lumbar,stand,-0.045872,0.980392,0.04392,1.75,-2.52,2.03,-56
1787062249014,55177,Lumbar,stand,-0.033672,1.031144,-0.023424,6.51,1.26,1.19,-56
1787062249014,55193,Lumbar,stand,-0.013664,1.033584,-0.047824,1.26,0.91,0.14,-56
1787062249014,55210,Lumbar,stand,-0.012688,1.01992,-0.0488,-2.45,-1.54,0.63,-56
1787062249014,55227,Lumbar,stand,-0.023424,1.004792,-0.040016,-2.52,-2.94,1.19,-56
1787062249014,55258,Lumbar,stand,-0.045384,1.011624,-0.00488,2.24,-0.91,1.19,-56
1787062249014,55275,Lumbar,stand,-0.036112,1.010648,-0.00244,3.71,0.56,0.49,-56
1787062249014,55292,Lumbar,stand,-0.021472,1.014064,-0.010736,4.83,1.54,0.14,-56
1787062249014,55310,Lumbar,stand,-0.01708,1.014552,-0.037088,4.34,-0.14,0.07,-56
1787062249014,55327,Lumbar,stand,-0.023424,1.016016,-0.046848,3.92,-2.66,0.56,-56
1787062249371,55503,Lumbar,stand,-0.018056,1.015528,-0.045872,4.62,-3.29,-0.28,-56
1787062249371,55535,Lumbar,stand,-0.011224,1.015528,-0.045384,4.9,-1.33,0.21,-56
1787062249371,55552,Lumbar,stand,-0.016104,1.019432,-0.038552,4.62,-0.21,0,-56
1787062249371,55569,Lumbar,stand,-0.020496,1.018456,-0.040992,4.34,0.07,-0.42,-56
1787062249371,55586,Lumbar,stand,-0.02928,1.01504,-0.047824,3.64,0,-0.63,-56
1787062249371,55617,Lumbar,stand,-0.040016,1.012112,-0.049288,3.78,0.28,-0.42,-56
1787062249371,55634,Lumbar,stand,-0.043432,1.016992,-0.044896,3.43,0.35,-0.14,-56
1787062249371,55651,Lumbar,stand,-0.04148,1.016016,-0.037088,2.45,0.14,0.35,-56
1787062249371,55668,Lumbar,stand,-0.038552,1.008208,-0.032696,2.52,-0.63,0.84,-56
1787062249371,55685,Lumbar,stand,-0.0366,1.009184,-0.039528,4.2,-2.1,0.98,-56
1787062249729,55860,Lumbar,stand,-0.028792,1.016016,-0.047336,4.27,-2.17,-0.28,-56
1787062249729,55892,Lumbar,stand,-0.032696,1.014552,-0.048312,4.62,-1.82,-0.7,-56
1787062249729,55909,Lumbar,stand,-0.030256,1.013576,-0.050752,4.83,-1.82,-0.49,-56
1787062249729,55927,Lumbar,stand,-0.028304,1.0126,-0.059536,4.48,-2.1,-0.28,-56
1787062249729,55944,Lumbar,stand,-0.027328,1.014064,-0.059536,3.92,-2.17,-0.21,-56
1787062249729,55961,Lumbar,stand,-0.028304,1.0126,-0.057584,4.2,-1.47,-0.42,-56
1787062249729,55992,Lumbar,stand,-0.032208,1.014064,-0.05368,4.69,-0.77,-0.63,-56
1787062249729,56009,Lumbar,stand,-0.032696,1.014552,-0.053192,4.55,-0.77,-0.49,-56
1787062249729,56026,Lumbar,stand,-0.033184,1.018456,-0.057584,4.27,-1.19,-0.14,-56
1787062249729,56043,Lumbar,stand,-0.03416,1.022848,-0.062952,3.78,-1.19,-0.14,-56
1787062250087,56219,Lumbar,stand,-0.030744,1.022848,-0.052704,2.73,-3.01,0.28,-56
1787062250087,56250,Lumbar,stand,-0.033184,1.016016,-0.063928,2.59,-2.66,-0.28,-56
1787062250087,56268,Lumbar,stand,-0.037576,1.017968,-0.060512,2.17,-3.36,-0.28,-56
1787062250087,56284,Lumbar,stand,-0.037088,1.016016,-0.054168,1.82,-3.22,-0.14,-56
1787062250087,56301,Lumbar,stand,-0.037576,1.016504,-0.060024,2.24,-2.17,0.28,-56
1787062250087,56332,Lumbar,stand,-0.040504,1.018456,-0.087352,1.05,-1.96,0.77,-56
1787062250087,56349,Lumbar,stand,-0.037088,1.021384,-0.09028,-0.49,-2.24,0.77,-56
1787062250087,56366,Lumbar,stand,-0.034648,1.016504,-0.078568,-1.61,-2.8,0.7,-56
1787062250087,56383,Lumbar,stand,-0.032696,1.001376,-0.061488,-1.89,-2.52,0.84,-56
1787062250087,56400,Lumbar,stand,-0.027328,0.99796,-0.055144,-1.4,-2.24,0.91,-56
1787062250444,56576,Lumbar,stand,-0.033672,1.011136,-0.06832,1.54,-2.59,-0.42,-52
1787062250444,56607,Lumbar,stand,-0.042456,1.022848,-0.086376,1.4,-4.62,-0.84,-52
1787062250444,56624,Lumbar,stand,-0.045872,1.020896,-0.08296,-0.28,-5.18,-0.28,-52
1787062250444,56642,Lumbar,stand,-0.032208,1.011136,-0.081496,-2.8,-4.06,0.49,-52
1787062250444,56659,Lumbar,stand,-0.020496,0.991616,-0.061,-3.57,-1.75,0.98,-52
1787062250444,56690,Lumbar,stand,-0.0244,0.996496,-0.025376,1.12,-0.98,0.91,-52
1787062250444,56707,Lumbar,stand,-0.03172,1.013088,-0.02684,3.5,-1.61,-0.35,-52
1787062250444,56724,Lumbar,stand,-0.040504,1.010648,-0.040504,3.99,-2.03,-0.98,-52
1787062250444,56741,Lumbar,stand,-0.04392,1.011136,-0.047336,4.34,-2.38,-0.42,-52
1787062250444,56758,Lumbar,stand,-0.04392,1.016992,-0.059536,4.41,-2.45,0.07,-52
1787062250801,56933,Lumbar,stand,-0.036112,1.010648,-0.057584,1.12,-1.75,0.84,-52
1787062250801,56964,Lumbar,stand,-0.038552,1.011136,-0.054168,0.98,-2.87,0.63,-52
1787062250801,56981,Lumbar,stand,-0.044408,1.01016,-0.055632,1.4,-3.43,0.84,-52
1787062250801,56998,Lumbar,stand,-0.044408,1.011624,-0.057096,2.24,-4.2,1.05,-52
1787062250801,57015,Lumbar,stand,-0.04148,1.011624,-0.060024,2.59,-4.48,1.19,-52
1787062250801,57046,Lumbar,stand,-0.0366,1.026264,-0.060512,0.56,-5.18,0.84,-52
1787062250801,57063,Lumbar,stand,-0.036112,1.021872,-0.0488,-0.21,-4.69,0.63,-52
1787062250801,57079,Lumbar,stand,-0.030256,1.008696,-0.033672,0.21,-4.27,0.7,-52
1787062250801,57096,Lumbar,stand,-0.030744,1.00772,-0.040504,1.68,-3.64,0.7,-52
1787062250801,57113,Lumbar,stand,-0.032208,1.018456,-0.054168,1.68,-3.29,0.28,-52
1787062251158,57288,Lumbar,stand,-0.0244,0.99796,-0.016592,4.41,2.03,3.22,-52
1787062251158,57319,Lumbar,stand,-0.016592,0.990152,-0.045384,8.12,7.77,2.8,-52
1787062251158,57336,Lumbar,stand,-0.017568,0.994544,-0.05856,9.87,6.65,1.26,-52
1787062251158,57354,Lumbar,stand,-0.028792,1.02236,-0.0854,12.39,5.18,0.21,-52
1787062251158,57371,Lumbar,stand,-0.035624,1.054568,-0.110776,11.9,0.49,-1.82,-52
1787062251158,57402,Lumbar,stand,-0.038064,1.058472,-0.121024,4.97,-5.32,-2.38,-52
1787062251158,57419,Lumbar,stand,-0.030256,1.043344,-0.105408,0,-5.74,-2.1,-52
1787062251158,57436,Lumbar,stand,-0.023912,1.020408,-0.082472,-3.36,-4.06,-1.4,-52
1787062251158,57453,Lumbar,stand,-0.028792,0.986736,-0.066856,-2.73,-2.03,-1.19,-52
1787062251158,57470,Lumbar,stand,-0.0366,0.983808,-0.06588,2.03,-1.4,-1.54,-52
1787062251514,57645,Lumbar,stand,-0.035624,1.019432,-0.07564,0.28,-3.29,0.42,-50
1787062251514,57676,Lumbar,stand,-0.0366,1.028704,-0.055144,-0.49,-2.38,0.77,-50
1787062251514,57693,Lumbar,stand,-0.038064,1.022848,-0.038064,-1.19,-0.28,0.49,-50
1787062251514,57710,Lumbar,stand,-0.03904,1.01016,-0.037088,-0.14,-0.84,0.35,-50
1787062251514,57727,Lumbar,stand,-0.042944,1.004304,-0.062952,0.63,-2.87,0.84,-50
1787062251514,57758,Lumbar,stand,-0.049288,1.030168,-0.092232,-1.75,-6.3,1.4,-50
1787062251514,57775,Lumbar,stand,-0.041968,1.037,-0.069784,-4.27,-4.27,0.84,-50
1787062251514,57792,Lumbar,stand,-0.038552,1.016016,-0.040992,-4.83,-0.28,0.42,-50
1787062251514,57809,Lumbar,stand,-0.02684,1.001864,-0.043432,-4.34,0.49,0.21,-50
1787062251514,57826,Lumbar,stand,-0.031232,0.986736,-0.059536,-2.66,-0.77,0.21,-50
1787062251869,58002,Lumbar,stand,-0.059048,1.020408,-0.049776,0,0.07,0.49,-50
1787062251869,58032,Lumbar,stand,-0.040016,0.998448,-0.041968,-0.14,-1.4,1.12,-50
1787062251869,58050,Lumbar,stand,-0.033184,1.001376,-0.038552,1.33,-2.8,1.4,-50
1787062251869,58066,Lumbar,stand,-0.034648,1.012112,-0.04392,3.64,-3.85,0.91,-50
1787062251869,58083,Lumbar,stand,-0.038064,1.018456,-0.05124,4.34,-4.06,-0.07,-50
1787062251869,58114,Lumbar,stand,-0.047336,1.021384,-0.067832,1.61,-4.55,-0.28,-50
1787062251869,58131,Lumbar,stand,-0.04392,1.01504,-0.066368,0.07,-2.87,0.7,-50
1787062251869,58148,Lumbar,stand,-0.040992,1.002352,-0.066856,0.07,-1.82,1.75,-50
1787062251869,58165,Lumbar,stand,-0.042944,1.003816,-0.067344,0.98,-0.42,1.96,-50
1787062251869,58182,Lumbar,stand,-0.0488,1.011136,-0.067832,2.03,-0.7,1.68,-50
1787062252238,58356,Lumbar,stand,-0.047824,1.035536,-0.073688,4.2,-3.71,0.7,-50
1787062252238,58387,Lumbar,stand,-0.03416,1.03456,-0.053192,0.42,-2.94,-0.07,-50
1787062252238,58404,Lumbar,stand,-0.025376,1.023824,-0.05612,-0.35,-3.64,0.21,-50
1787062252238,58421,Lumbar,stand,-0.024888,1.004304,-0.06344,-1.19,-3.85,0.49,-50
1787062252238,58438,Lumbar,stand,-0.032208,0.999424,-0.06588,-1.54,-3.64,1.4,-50
1787062252238,58469,Lumbar,stand,-0.034648,1.020896,-0.063928,-2.87,-2.1,1.89,-50
1787062252238,58486,Lumbar,stand,-0.030744,1.025776,-0.054656,-4.41,-1.47,1.68,-50
1787062252238,58503,Lumbar,stand,-0.023424,1.020408,-0.034648,-3.85,-0.91,1.12,-50
1787062252238,58519,Lumbar,stand,-0.018544,1.016992,-0.025864,-1.82,-0.56,0.28,-50
1787062252238,58550,Lumbar,stand,-0.03172,1.00772,-0.049776,0,-2.24,-0.42,-50
1787062252612,58725,Lumbar,stand,-0.038552,1.01016,-0.053192,0.91,-1.47,0.56,-52
1787062252612,58757,Lumbar,stand,-0.042456,1.01016,-0.035624,2.52,-1.75,1.33,-52
1787062252612,58774,Lumbar,stand,-0.042944,1.01992,-0.03416,3.64,-3.29,1.05,-52
1787062252612,58792,Lumbar,stand,-0.042944,1.037488,-0.035624,3.29,-3.85,0.35,-52
1787062252612,58809,Lumbar,stand,-0.032696,1.02968,-0.044408,1.33,-3.43,0.07,-52
1787062252612,58826,Lumbar,stand,-0.022448,1.012112,-0.072224,0.07,-2.59,0.35,-52
1787062252612,58857,Lumbar,stand,-0.028792,1.01504,-0.084912,-0.49,-3.71,1.12,-52
1787062252612,58874,Lumbar,stand,-0.034648,1.026752,-0.05612,-1.89,-3.36,1.19,-52
1787062252612,58891,Lumbar,stand,-0.034648,1.01748,-0.034648,-3.92,-0.98,0.84,-52
1787062252612,58908,Lumbar,stand,-0.033672,0.994544,-0.033184,-3.85,0.42,0.84,-52
1787062252954,59083,Lumbar,stand,-0.04392,1.010648,-0.048312,1.19,-3.85,0.49,-52
1787062252954,59114,Lumbar,stand,-0.028304,1.013576,-0.040016,0.28,-5.81,1.05,-52
1787062252954,59131,Lumbar,stand,-0.023912,1.019432,-0.038552,0.07,-5.6,0.98,-52
1787062252954,59148,Lumbar,stand,-0.0244,1.022848,-0.044896,-0.28,-4.41,0.84,-52
1787062252954,59165,Lumbar,stand,-0.02684,1.012112,-0.045384,-1.05,-3.01,0.42,-52
1787062252954,59196,Lumbar,stand,-0.02684,1.005768,-0.033184,0.56,-0.84,0.28,-52
1787062252954,59213,Lumbar,stand,-0.032696,1.006744,-0.044408,1.47,-1.05,0.42,-52
1787062252954,59230,Lumbar,stand,-0.033672,1.00528,-0.051728,1.75,-1.82,0.35,-52
1787062252954,59247,Lumbar,stand,-0.038064,1.011136,-0.040016,2.8,-2.87,0.35,-52
1787062252954,59264,Lumbar,stand,-0.045872,1.017968,-0.028792,3.57,-2.59,0.35,-52
1787062253314,59440,Lumbar,stand,-0.036112,1.015528,-0.027328,0.14,-2.24,0.98,-52
1787062253314,59471,Lumbar,stand,-0.0488,1.025288,-0.012688,-0.28,-0.77,0.35,-52
1787062253314,59488,Lumbar,stand,-0.047336,1.018944,-0.013664,0.28,-0.84,0.14,-52
1787062253314,59506,Lumbar,stand,-0.042456,1.005768,-0.029768,1.47,-1.61,-0.14,-52
1787062253314,59523,Lumbar,stand,-0.037088,0.998936,-0.049288,3.08,-3.29,-0.35,-52
1787062253314,59554,Lumbar,stand,-0.038064,1.03212,-0.048312,3.43,-4.55,-0.42,-52
1787062253314,59571,Lumbar,stand,-0.03904,1.033584,-0.02928,0.56,-2.59,-0.35,-52
1787062253314,59588,Lumbar,stand,-0.035136,1.013576,-0.027816,-1.4,-0.77,-0.28,-52
1787062253314,59605,Lumbar,stand,-0.035624,1.001376,-0.033184,-0.07,-0.98,0.35,-52
1787062253314,59622,Lumbar,stand,-0.040992,0.994056,-0.04148,1.05,-1.61,0.56,-52
1787062253671,59799,Lumbar,stand,-0.038064,1.023336,-0.033184,1.4,-0.28,1.47,-52
1787062253671,59831,Lumbar,stand,-0.037088,1.011624,-0.022448,0.42,0.35,1.89,-52
1787062253671,59848,Lumbar,stand,-0.038064,1.009184,-0.026352,1.61,0.91,1.82,-52
1787062253671,59866,Lumbar,stand,-0.038064,1.006256,-0.033672,2.52,1.75,1.89,-52
1787062253671,59882,Lumbar,stand,-0.042944,1.002352,-0.036112,3.5,2.31,1.82,-52
1787062253671,59899,Lumbar,stand,-0.04636,0.999424,-0.032696,5.39,1.75,1.54,-52
1787062253671,59930,Lumbar,stand,-0.031232,1.010648,-0.040992,8.96,-0.7,1.12,-52
1787062253671,59947,Lumbar,stand,-0.020984,1.017968,-0.055632,9.31,-2.45,0.84,-52
1787062253671,59963,Lumbar,stand,-0.01708,1.022848,-0.061,8.96,-2.8,0.56,-52
1787062253671,59980,Lumbar,stand,-0.01952,1.033096,-0.070272,7.49,-2.52,0.28,-52
1787062254029,60155,Lumbar,stand,-0.033184,1.02236,-0.02684,10.64,-5.32,2.24,-54
1787062254029,60186,Lumbar,stand,-0.026352,1.025288,-0.057584,9.24,-5.04,0.63,-54
1787062254029,60203,Lumbar,stand,-0.019032,1.027728,-0.073688,8.19,-4.97,-0.35,-54
1787062254029,60221,Lumbar,stand,-0.013664,1.033584,-0.083936,6.09,-4.13,-1.26,-54
1787062254029,60238,Lumbar,stand,-0.014152,1.036512,-0.088328,2.31,-3.22,-1.4,-54
1787062254029,60269,Lumbar,stand,-0.02684,1.022848,-0.088816,-1.47,-1.89,-0.63,-54
1787062254029,60286,Lumbar,stand,-0.032696,1.023336,-0.080032,-2.8,-1.61,-0.21,-54
1787062254029,60303,Lumbar,stand,-0.040504,1.026752,-0.072712,-3.92,-1.33,-0.42,-54
1787062254029,60320,Lumbar,stand,-0.04148,1.01504,-0.055632,-5.53,-0.98,-0.35,-54
1787062254029,60337,Lumbar,stand,-0.031232,1.006256,-0.043432,-4.76,-1.05,-0.14,-54
1787062254389,60515,Lumbar,stand,-0.04148,1.035536,-0.032208,7.7,-4.9,1.54,-54
1787062254389,60547,Lumbar,stand,-0.035624,1.040904,-0.049288,5.74,-4.62,0.84,-54
1787062254389,60564,Lumbar,stand,-0.028792,1.03456,-0.067832,3.99,-3.57,0.35,-54
1787062254389,60581,Lumbar,stand,-0.019032,1.028216,-0.076128,2.1,-2.59,-0.56,-54
1787062254389,60598,Lumbar,stand,-0.015616,1.026752,-0.06832,0.49,-2.87,-1.47,-54
1787062254389,60629,Lumbar,stand,-0.015616,1.029192,-0.041968,-1.89,-2.45,-1.68,-54
1787062254389,60646,Lumbar,stand,-0.018056,1.023824,-0.039528,-3.71,-1.33,-1.75,-54
1787062254389,60663,Lumbar,stand,-0.03172,1.01748,-0.044408,-4.48,-1.19,-1.26,-54
1787062254389,60680,Lumbar,stand,-0.04148,1.00772,-0.058072,-5.39,-1.4,-0.98,-54
1787062254389,60697,Lumbar,stand,-0.045384,0.999912,-0.064904,-5.95,-1.33,-0.28,-54
1787062254749,60873,Lumbar,stand,-0.00976,1.02236,-0.065392,1.4,-3.08,-0.7,-54
1787062254749,60904,Lumbar,stand,-0.012688,1.037488,-0.067344,-1.05,-0.42,-1.89,-54
1787062254749,60921,Lumbar,stand,-0.009272,1.03944,-0.072712,-4.76,0.14,-2.38,-54
1787062254749,60938,Lumbar,stand,-0.011224,1.026752,-0.078568,-9.1,0,-2.03,-54
1787062254749,60955,Lumbar,stand,-0.025864,1.0126,-0.07808,-11.13,0.21,-0.98,-54
1787062254749,60986,Lumbar,stand,-0.064904,0.937448,-0.011712,-6.79,3.01,1.54,-54
1787062254749,61003,Lumbar,stand,-0.066368,0.940376,0.008296,-1.68,2.66,3.15,-54
1787062254749,61020,Lumbar,stand,-0.059048,0.98088,0.013176,7.49,1.61,3.57,-54
1787062254749,61037,Lumbar,stand,-0.05368,1.022848,-0.012688,11.41,-1.19,3.29,-54
1787062254749,61054,Lumbar,stand,-0.042944,1.061888,-0.042944,11.55,-3.99,1.89,-54
1787062255101,61229,Lumbar,stand,-0.035136,1.024312,-0.044896,-10.22,-2.87,-0.98,-54
1787062255101,61260,Lumbar,stand,-0.037088,0.970632,-0.01708,-6.58,-2.52,2.1,-54
1787062255101,61277,Lumbar,stand,-0.046848,0.973072,-0.007808,-3.22,-2.73,2.24,-54
1787062255101,61294,Lumbar,stand,-0.049776,0.994056,0.00244,1.96,-2.45,1.68,-54
1787062255101,61311,Lumbar,stand,-0.045872,1.009184,0.003416,5.04,-2.17,0.63,-54
1787062255101,61342,Lumbar,stand,-0.044408,1.02236,-0.012688,5.81,-5.6,0.84,-54
1787062255101,61359,Lumbar,stand,-0.040992,1.021872,-0.005368,4.76,-5.39,1.12,-54
1787062255101,61376,Lumbar,stand,-0.038552,1.014552,0.00244,5.39,-2.73,0.49,-54
1787062255101,61393,Lumbar,stand,-0.037088,1.013576,-0.016104,6.23,-0.98,-0.21,-54
1787062255101,61410,Lumbar,stand,-0.034648,1.015528,-0.028304,5.6,-1.19,-0.56,-54
1787062255459,61585,Lumbar,stand,-0.050264,1.001376,0.010248,9.24,-0.14,2.38,-52
1787062255459,61616,Lumbar,stand,-0.05368,1.02724,-0.014152,12.81,-3.01,1.33,-52
1787062255459,61633,Lumbar,stand,-0.0488,1.038952,-0.040992,13.44,-5.53,0.49,-52
1787062255459,61651,Lumbar,stand,-0.03416,1.042368,-0.07564,12.04,-6.23,-0.21,-52
1787062255459,61668,Lumbar,stand,-0.020496,1.036024,-0.0976,8.68,-5.32,-0.14,-52
1787062255459,61699,Lumbar,stand,-0.03416,1.036512,-0.040992,0.42,-4.34,1.75,-52
1787062255459,61716,Lumbar,stand,-0.03416,1.037,0.000488,-2.66,-2.24,1.4,-52
1787062255459,61733,Lumbar,stand,-0.031232,1.015528,-0.012688,-2.66,-0.98,0.35,-52
1787062255459,61749,Lumbar,stand,-0.026352,1.00528,-0.030744,-1.89,-1.12,0.14,-52
1787062255459,61766,Lumbar,stand,-0.024888,1.013576,-0.067344,-0.91,-2.38,0.07,-52
1787062255817,61942,Lumbar,stand,-0.049776,1.018456,-0.049776,5.74,-2.66,-0.91,-52
1787062255817,61973,Lumbar,stand,-0.043432,1.013576,-0.071248,4.48,-2.17,0.35,-52
1787062255817,61990,Lumbar,stand,-0.033672,1.011624,-0.089304,3.5,-3.36,0.91,-52
1787062255817,62008,Lumbar,stand,-0.02684,1.020408,-0.086864,1.96,-4.06,1.19,-52
1787062255817,62025,Lumbar,stand,-0.022448,1.030656,-0.070272,0,-3.36,0.56,-52
1787062255817,62056,Lumbar,stand,-0.023912,1.030168,-0.049288,-4.83,-0.42,-0.07,-52
1787062255817,62073,Lumbar,stand,-0.040504,1.007232,-0.035136,-6.65,0.07,0.07,-52
1787062255817,62090,Lumbar,stand,-0.04636,0.998448,-0.023912,-6.09,-0.77,0.7,-52
1787062255817,62107,Lumbar,stand,-0.054168,0.996496,-0.008296,-2.66,-1.33,1.19,-52
1787062255817,62124,Lumbar,stand,-0.056608,1.004792,0.00976,1.33,-2.31,2.03,-52
1787062256174,62301,Lumbar,stand,-0.05124,1.000888,-0.042456,2.31,-6.23,0.84,-52
1787062256174,62332,Lumbar,stand,-0.0366,1.031632,-0.045384,3.43,-4.62,1.82,-52
1787062256174,62349,Lumbar,stand,-0.029768,1.040416,-0.03904,1.68,-2.59,1.89,-52
1787062256174,62366,Lumbar,stand,-0.0244,1.041392,-0.008784,0.14,-2.59,1.05,-52
1787062256174,62383,Lumbar,stand,-0.020008,1.037976,0.010736,0.28,-2.24,-0.56,-52
1787062256174,62414,Lumbar,stand,-0.013176,1.001376,0.013176,2.03,-1.68,-2.45,-52
1787062256174,62431,Lumbar,stand,-0.01708,0.995032,-0.005856,3.99,-3.71,-2.45,-52
1787062256174,62448,Lumbar,stand,-0.030744,1.003816,-0.05124,4.83,-4.62,-2.38,-52
1787062256174,62465,Lumbar,stand,-0.047336,1.030656,-0.081984,4.2,-4.69,-2.1,-52
1787062256174,62482,Lumbar,stand,-0.055632,1.028704,-0.083936,0,-2.59,-1.61,-52
1787062256603,62657,Lumbar,stand,-0.0244,1.029192,-0.011224,-4.76,2.73,-0.21,-54
1787062256603,62688,Lumbar,stand,-0.064904,0.996008,-0.025864,-1.4,3.08,0,-54
1787062256603,62705,Lumbar,stand,-0.074664,1.001864,-0.032696,0.07,0.84,0.21,-54
1787062256603,62722,Lumbar,stand,-0.079544,1.01992,-0.05124,1.19,-0.07,0.35,-54
1787062256603,62739,Lumbar,stand,-0.071248,1.03212,-0.066856,-1.54,-1.47,1.05,-54
1787062256603,62769,Lumbar,stand,-0.055144,1.025776,-0.05368,-6.09,-2.45,2.45,-54
1787062256603,62786,Lumbar,stand,-0.05124,1.013088,-0.040992,-6.93,-3.43,2.66,-54
1787062256603,62803,Lumbar,stand,-0.052216,1.003816,-0.04392,-6.16,-6.09,2.66,-54
1787062256603,62820,Lumbar,stand,-0.044896,1.005768,-0.039528,-3.99,-8.61,2.31,-54
1787062256603,62837,Lumbar,stand,-0.037088,1.012112,-0.029768,-2.31,-7.98,1.68,-54
1787062256885,63011,Lumbar,stand,-0.017568,1.030168,-0.00244,9.94,0.84,1.4,-55
1787062256885,63042,Lumbar,stand,-0.014152,1.068232,-0.027328,7.42,1.75,0.28,-55
1787062256885,63059,Lumbar,stand,-0.01464,1.0614,-0.044408,1.05,1.75,-0.63,-55
1787062256885,63076,Lumbar,stand,-0.016592,1.02724,-0.052216,-2.66,0.63,-0.42,-55
1787062256885,63094,Lumbar,stand,-0.021472,0.997472,-0.045872,-2.31,-0.98,-0.28,-55
1787062256885,63125,Lumbar,stand,-0.025864,1.019432,-0.03416,0,0,0.07,-55
1787062256885,63142,Lumbar,stand,-0.033184,1.028704,-0.030744,-1.96,1.61,0.42,-55
1787062256885,63159,Lumbar,stand,-0.040992,1.027728,-0.037088,-3.57,1.54,1.12,-55
1787062256885,63176,Lumbar,stand,-0.050752,1.021872,-0.035136,-4.69,0.7,1.61,-55
1787062256885,63193,Lumbar,stand,-0.057096,1.008696,-0.001464,-5.95,-1.68,2.52,-55
1787062257422,63368,Lumbar,stand,-0.022936,1.015528,-0.028304,-0.7,-4.06,0.35,-55
1787062257422,63399,Lumbar,stand,-0.025376,1.018456,-0.037088,-5.25,-3.92,2.31,-55
1787062257422,63416,Lumbar,stand,-0.02684,1.016992,-0.028792,-6.93,-2.73,3.43,-55
1787062257422,63433,Lumbar,stand,-0.027816,1.01748,0.107848,-6.51,-1.4,3.57,-55
1787062257422,63450,Lumbar,stand,-0.0244,1.0126,0.015616,-5.88,-0.56,3.5,-55
1787062257422,63481,Lumbar,stand,-0.026352,1.01016,0.038064,-1.33,-1.47,1.82,-55
1787062257422,63498,Lumbar,stand,-0.021472,1.011136,0.04148,-0.21,-1.89,0.7,-55
1787062257422,63514,Lumbar,stand,-0.012688,1.008696,0.041968,1.26,-3.36,0.42,-55
1787062257422,63531,Lumbar,stand,-0.006344,1.016504,0.025864,2.94,-3.99,0,-55
1787062257422,63562,Lumbar,stand,-0.019032,1.023824,0.011712,1.96,-0.77,-0.91,-55
1787062257612,63735,Lumbar,stand,-0.00488,1.021384,0.020984,3.64,1.26,-0.84,-66
1787062257612,63766,Lumbar,stand,-0.024888,1.020408,-0.013176,2.38,0.98,-1.33,-66
1787062257612,63783,Lumbar,stand,-0.0366,1.016992,-0.020496,1.96,0.56,-1.19,-66
1787062257612,63800,Lumbar,stand,-0.047336,1.01504,-0.022936,1.33,0.84,-0.63,-66
1787062257612,63817,Lumbar,stand,-0.039528,0.999912,-0.018056,-0.14,1.96,-0.28,-66
1787062257612,63848,Lumbar,stand,-0.039528,0.99308,0.010736,4.48,-2.24,1.54,-66
1787062257612,63865,Lumbar,stand,-0.045384,1.016016,0.031232,5.32,-3.08,1.75,-66
1787062257612,63882,Lumbar,stand,-0.041968,1.026752,0.042944,5.53,-2.59,1.61,-66
1787062257612,63900,Lumbar,stand,-0.02928,1.02968,0.024888,5.67,-1.12,0.7,-66
1787062257612,63917,Lumbar,stand,-0.015616,1.026752,-0.005368,6.44,-2.45,-0.21,-66
1787062257971,64094,Lumbar,stand,-0.04148,1.022848,-0.019032,0.98,-1.54,1.68,-66
1787062257971,64125,Lumbar,stand,-0.037576,1.018944,0.019032,3.01,-2.87,1.89,-66
1787062257971,64142,Lumbar,stand,-0.031232,1.021384,0.020008,3.29,-2.17,1.19,-66
1787062257971,64160,Lumbar,stand,-0.016104,1.017968,0.01464,3.64,-2.8,0.7,-66
1787062257971,64177,Lumbar,stand,-0.011224,1.016504,0.006832,4.27,-3.29,0.63,-66
1787062257971,64208,Lumbar,stand,-0.021472,1.011624,-0.040016,7.63,-7.98,0.49,-66
1787062257971,64225,Lumbar,stand,-0.022936,1.02236,-0.072712,7.7,-11.34,0.42,-66
1787062257971,64242,Lumbar,stand,-0.010736,1.019432,-0.101992,6.44,-16.52,0.35,-66
1787062257971,64259,Lumbar,stand,-0.004392,1.026752,-0.059536,4.41,-15.26,-0.63,-66
1787062257971,64276,Lumbar,stand,-0.021472,1.050664,0.003904,-1.12,-8.12,-1.68,-66
1787062258327,64451,Lumbar,stand,-0.023424,1.02236,0.011224,0.49,-5.04,-0.98,-66
1787062258327,64482,Lumbar,stand,-0.04148,0.989176,-0.009272,1.4,-1.96,1.33,-66
1787062258327,64499,Lumbar,stand,-0.04636,0.996008,-0.00732,2.1,-1.68,1.68,-66
1787062258327,64516,Lumbar,stand,-0.036112,1.009672,0.003416,2.94,0.63,2.17,-66
1787062258327,64533,Lumbar,stand,-0.0244,1.024312,-0.00488,3.29,2.87,2.17,-66
1787062258327,64564,Lumbar,stand,-0.011224,1.025288,-0.013664,0.63,4.9,1.68,-66
1787062258327,64581,Lumbar,stand,-0.0244,1.00772,0.003416,-0.28,5.67,2.03,-66
1787062258327,64598,Lumbar,stand,-0.043432,0.999424,0.017568,2.1,6.37,2.38,-66
1787062258327,64615,Lumbar,stand,-0.05368,0.996984,0.01464,4.83,6.93,2.73,-66
1787062258327,64632,Lumbar,stand,-0.061488,1.0004,0.008784,5.88,6.93,2.94,-66
1787062258683,64806,Lumbar,stand,-0.010736,1.033584,-0.040992,6.02,-0.14,3.08,-66
1787062258683,64837,Lumbar,stand,-0.02684,1.031144,-0.033672,2.94,1.4,2.8,-66
1787062258683,64855,Lumbar,stand,-0.028792,1.016992,-0.025376,2.8,1.68,2.8,-66
1787062258683,64872,Lumbar,stand,-0.01952,1.0126,-0.025376,3.57,0.28,3.29,-66
1787062258683,64889,Lumbar,stand,-0.013664,1.013576,-0.033184,3.22,-1.12,3.36,-66
1787062258683,64906,Lumbar,stand,-0.00732,1.013088,-0.037576,3.22,-1.61,2.52,-66
1787062258683,64937,Lumbar,stand,-0.018544,1.033584,-0.032208,3.01,-1.96,1.12,-66
1787062258683,64954,Lumbar,stand,-0.02196,1.038464,-0.02928,1.75,-1.68,0.91,-66
1787062258683,64971,Lumbar,stand,-0.021472,1.033584,-0.025376,0.98,-1.61,1.05,-66
1787062258683,64988,Lumbar,stand,-0.01952,1.013576,-0.026352,0.35,-2.03,1.19,-66
1787062259114,65163,Lumbar,stand,-0.022448,1.010648,-0.024888,3.99,-1.4,-0.28,-54
1787062259114,65253,Lumbar,stand,-0.01464,0.996984,-0.022936,8.19,0.84,0.56,-54
1787062259114,65285,Lumbar,stand,-0.023424,1.033584,-0.060024,6.79,-2.1,0.49,-54
1787062259114,65302,Lumbar,stand,-0.020008,1.032608,-0.05124,5.32,-1.33,0.42,-54
1787062259114,65319,Lumbar,stand,-0.013176,1.021384,-0.036112,3.01,0.84,0.63,-54
1787062259114,65337,Lumbar,stand,-0.003904,1.009672,-0.022936,3.08,1.89,1.19,-54
1787062259114,65354,Lumbar,stand,0.001464,0.998448,-0.008296,4.9,1.96,2.17,-54
1787062259114,65385,Lumbar,stand,0.00732,0.994056,-0.006344,10.01,3.64,3.15,-54
1787062259114,65402,Lumbar,stand,0.003416,1.012112,-0.022936,12.6,5.53,2.66,-54
1787062259114,65419,Lumbar,stand,-0.01464,1.037,-0.05612,12.11,6.65,0.7,-54
1787062259471,65594,Lumbar,stand,-0.01464,1.016992,-0.005368,6.09,-5.67,1.82,-54
1787062259471,65626,Lumbar,stand,-0.011224,1.01992,-0.081496,1.05,-7.49,0.63,-54
1787062259471,65643,Lumbar,stand,-0.00732,1.014552,-0.079544,0.7,-6.72,0.49,-54
1787062259471,65660,Lumbar,stand,-0.006832,1.013576,-0.049288,1.75,-4.48,0.07,-54
1787062259471,65677,Lumbar,stand,-0.012688,1.021872,-0.041968,3.22,-2.59,-0.21,-54
1787062259471,65708,Lumbar,stand,-0.014152,1.011136,-0.052704,1.68,-3.78,0.21,-54
1787062259471,65725,Lumbar,stand,-0.020984,0.99796,-0.066368,2.52,-3.99,0.14,-54
1787062259471,65742,Lumbar,stand,-0.020984,1.008208,-0.071248,3.29,-3.71,0.21,-54
1787062259471,65758,Lumbar,stand,-0.016592,1.014552,-0.056608,1.82,-3.15,0.91,-54
1787062259471,65775,Lumbar,stand,-0.006344,1.028704,-0.047824,1.4,-2.8,1.26,-54
1787062259828,65950,Lumbar,stand,-0.007808,1.01992,-0.018544,2.73,-4.9,1.54,-54
1787062259828,65981,Lumbar,stand,0.010248,0.992104,-0.027328,4.9,-1.33,1.96,-54
1787062259828,65998,Lumbar,stand,-0.005856,1.017968,-0.057584,6.51,-3.43,2.24,-54
1787062259828,66015,Lumbar,stand,-0.038064,1.041392,-0.076616,5.39,-5.53,1.82,-54
1787062259828,66032,Lumbar,stand,-0.048312,1.04188,-0.080032,2.59,-6.58,1.19,-54
1787062259828,66063,Lumbar,stand,-0.055144,1.026264,-0.054168,1.61,-7.14,1.68,-54
1787062259828,66080,Lumbar,stand,-0.046848,1.013576,-0.050752,0.63,-8.47,2.87,-54
1787062259828,66097,Lumbar,stand,-0.036112,1.012112,-0.056608,0.42,-9.8,2.73,-54
1787062259828,66114,Lumbar,stand,-0.041968,1.026752,-0.065392,0.91,-13.37,1.89,-54
1787062259828,66131,Lumbar,stand,-0.038552,1.02236,-0.068808,-0.28,-16.1,0.14,-54
1787062260186,66307,Lumbar,stand,0.028792,1.011624,-0.043432,-1.19,-8.54,0.14,-51
1787062260186,66338,Lumbar,stand,0.000976,1.01504,-0.033672,-0.98,-6.37,-0.49,-51
1787062260186,66355,Lumbar,stand,-0.03172,1.027728,-0.053192,-1.05,-5.53,-0.91,-51
1787062260186,66372,Lumbar,stand,-0.043432,1.028704,-0.061976,-2.66,-5.67,-0.91,-51
1787062260186,66389,Lumbar,stand,-0.04636,1.011624,-0.063928,-3.71,-5.6,-0.84,-51
1787062260186,66420,Lumbar,stand,-0.014152,1.01748,-0.05612,-3.22,-6.23,-0.84,-51
1787062260186,66437,Lumbar,stand,-0.010736,1.0248,-0.05612,-4.69,-7.28,-0.98,-51
1787062260186,66454,Lumbar,stand,-0.021472,1.011136,-0.034648,-3.99,-7.42,-1.26,-51
1787062260186,66471,Lumbar,stand,-0.032696,1.00528,-0.020496,-2.66,-7.49,-0.84,-51
1787062260186,66488,Lumbar,stand,-0.023912,0.99552,-0.037576,-1.82,-9.31,0.14,-51
1787062260542,66665,Lumbar,stand,-0.05856,1.005768,-0.072712,0.77,4.76,-0.63,-51
1787062260542,66696,Lumbar,stand,-0.046848,1.021872,-0.047336,-1.05,6.51,1.4,-51
1787062260542,66713,Lumbar,stand,-0.048312,1.028704,-0.039528,-1.05,5.25,2.94,-51
1787062260542,66730,Lumbar,stand,-0.044408,1.028216,-0.053192,-2.8,4.69,2.87,-51
1787062260542,66747,Lumbar,stand,-0.038064,0.985272,-0.079544,-2.03,2.31,1.82,-51
1787062260542,66778,Lumbar,stand,0.015616,0.962336,-0.061488,6.93,-1.26,0.63,-51
1787062260542,66794,Lumbar,stand,0.000488,1.054568,0.000488,8.96,-2.1,2.45,-51
1787062260542,66811,Lumbar,stand,-0.005368,1.048712,-0.001464,-3.22,3.71,4.34,-51
1787062260542,66828,Lumbar,stand,0.007808,0.980392,-0.010248,-3.64,0.42,1.89,-51
1787062260542,66845,Lumbar,stand,0.01708,1.10776,0.025376,10.29,-2.45,-1.33,-51
1787062260898,67020,Lumbar,stand,0.037088,1.003328,-0.058072,9.03,-1.47,4.97,-51
1787062260898,67051,Lumbar,stand,0.109312,1.013576,-0.04148,6.3,6.16,8.26,-51
1787062260898,67068,Lumbar,stand,0.088328,1.02236,-0.018056,5.74,9.24,8.4,-51
1787062260898,67085,Lumbar,stand,0.043432,1.038464,-0.02196,6.44,11.27,6.09,-51
1787062260898,67102,Lumbar,stand,0.010248,1.043832,-0.049288,5.18,13.37,3.78,-51
1787062260898,67133,Lumbar,stand,0,1.020896,-0.073688,2.94,15.61,3.85,-51
1787062260898,67150,Lumbar,stand,-0.00244,1.000888,-0.087352,3.15,15.33,4.9,-51
1787062260898,67167,Lumbar,stand,-0.008296,1.008696,-0.0732,2.73,12.88,4.69,-51
1787062260898,67184,Lumbar,stand,-0.011712,1.016992,-0.060024,1.68,11.83,3.22,-51
1787062260898,67201,Lumbar,stand,-0.019032,1.031632,-0.040504,0.98,10.22,2.31,-51
1787062261253,67376,Lumbar,stand,0.010736,1.01504,-0.047824,0.28,4.13,-1.61,-55
1787062261253,67407,Lumbar,stand,0.032696,1.01016,-0.058072,-0.07,3.99,-0.7,-55
1787062261253,67424,Lumbar,stand,0.016104,1.016504,-0.05124,-0.49,4.27,-1.05,-55
1787062261253,67441,Lumbar,stand,0.00732,1.016504,-0.061,-0.7,4.55,-2.17,-55
1787062261253,67458,Lumbar,stand,-0.00488,1.008208,-0.061,0.07,4.34,-2.52,-55
1787062261253,67489,Lumbar,stand,0.010248,1.013576,-0.060512,1.68,3.78,-1.82,-55
1787062261253,67506,Lumbar,stand,0.011712,1.01504,-0.061976,1.12,3.85,-2.45,-55
1787062261253,67523,Lumbar,stand,0.002928,1.01504,-0.061976,-0.21,3.5,-3.15,-55
1787062261253,67540,Lumbar,stand,-0.015128,1.006256,-0.050752,0.7,1.89,-4.41,-55
1787062261253,67557,Lumbar,stand,-0.028304,1.001864,-0.056608,2.38,0.14,-5.04,-55
1787062261609,67731,Lumbar,stand,-0.023912,0.991616,-0.003416,4.62,-10.85,-1.89,-55
1787062261609,67762,Lumbar,stand,-0.016592,0.985272,-0.067344,9.38,-4.34,1.89,-55
1787062261609,67779,Lumbar,stand,0.000488,1.017968,-0.09272,9.52,-5.74,2.31,-55
1787062261609,67796,Lumbar,stand,0.000976,1.033096,-0.098576,8.33,-7.56,2.52,-55
1787062261609,67813,Lumbar,stand,-0.007808,1.035536,-0.066368,6.23,-7.07,2.8,-55
1787062261609,67843,Lumbar,stand,-0.022448,1.000888,-0.028304,4.41,-3.01,3.85,-55
1787062261609,67860,Lumbar,stand,-0.014152,1.009184,-0.037088,7.21,-0.77,5.25,-55
1787062261609,67877,Lumbar,stand,-0.004392,1.02968,-0.05124,6.72,-0.07,5.04,-55
1787062261609,67894,Lumbar,stand,-0.002928,1.037,-0.059048,3.36,-1.54,4.41,-55
1787062261609,67911,Lumbar,stand,-0.00488,1.028216,-0.061,1.61,-2.1,3.57,-55
1787062261968,68087,Lumbar,stand,0.00488,1.021384,-0.08296,6.23,0.21,4.62,-55
1787062261968,68119,Lumbar,stand,0.010736,1.030656,-0.064904,2.94,-0.07,4.83,-55
1787062261968,68136,Lumbar,stand,0.017568,1.020408,-0.064416,2.03,-1.12,4.41,-55
1787062261968,68154,Lumbar,stand,0.021472,1.012112,-0.06832,2.1,-1.82,3.85,-55
1787062261968,68171,Lumbar,stand,0.023424,1.009672,-0.080032,2.87,-1.47,3.08,-55
1787062261968,68188,Lumbar,stand,0.022448,1.020408,-0.086376,3.29,-1.54,2.31,-55
1787062261968,68219,Lumbar,stand,0.020984,1.014064,-0.073688,1.4,-3.01,1.68,-55
1787062261968,68236,Lumbar,stand,0.029768,1.004304,-0.071248,1.26,-3.29,1.61,-55
1787062261968,68253,Lumbar,stand,0.032208,1.001864,-0.072224,1.96,-3.08,1.4,-55
1787062261968,68270,Lumbar,stand,0.032696,1.010648,-0.077104,2.17,-2.94,1.12,-55
1787062262325,68445,Lumbar,stand,0.022936,1.0126,-0.080032,1.75,-0.63,-1.47,-49
1787062262325,68476,Lumbar,stand,0.0244,1.006744,-0.081496,1.54,-0.14,-1.47,-49
1787062262325,68493,Lumbar,stand,0.024888,1.003816,-0.07564,1.47,-0.07,-1.12,-49
1787062262325,68511,Lumbar,stand,0.026352,1.007232,-0.067344,1.33,0.77,-0.84,-49
1787062262325,68528,Lumbar,stand,0.025376,1.009672,-0.066368,1.82,2.03,-0.7,-49
1787062262325,68559,Lumbar,stand,0.01952,1.016016,-0.077592,2.24,2.8,-1.4,-49
1787062262325,68576,Lumbar,stand,0.016104,1.014552,-0.077104,1.61,2.94,-1.47,-49
1787062262325,68593,Lumbar,stand,0.012688,1.012112,-0.077104,1.4,3.36,-1.26,-49
1787062262325,68610,Lumbar,stand,0.003904,1.008208,-0.075152,1.61,3.43,-0.98,-49
1787062262325,68627,Lumbar,stand,-0.006832,1.011624,-0.079056,2.31,2.94,-0.56,-49
1787062262684,68802,Lumbar,stand,0,1.008696,-0.05856,1.54,3.08,-3.64,-49
1787062262684,68833,Lumbar,stand,0.026352,1.005768,-0.083936,2.31,3.22,-3.78,-49
1787062262684,68851,Lumbar,stand,0.025864,1.011136,-0.10492,2.45,1.61,-4.34,-49
1787062262684,68867,Lumbar,stand,0.023912,1.016992,-0.105896,3.29,1.05,-5.88,-49
1787062262684,68884,Lumbar,stand,0.01708,1.026264,-0.097112,3.08,1.12,-6.72,-49
1787062262684,68915,Lumbar,stand,-0.000976,1.009672,-0.077592,-0.42,1.82,-6.44,-49
1787062262684,68932,Lumbar,stand,-0.010248,1.001864,-0.069296,-0.63,1.82,-5.32,-49
1787062262684,68949,Lumbar,stand,-0.020496,0.991128,-0.060024,0.84,1.68,-4.9,-49
1787062262684,68966,Lumbar,stand,-0.0244,1.001376,-0.055144,3.71,0.07,-4.69,-49
1787062262684,68983,Lumbar,stand,-0.022936,1.012112,-0.064904,5.39,-2.94,-5.32,-49
1787062263041,69158,Lumbar,stand,-0.021472,1.016016,-0.086864,-1.12,-6.37,-4.06,-49
1787062263041,69190,Lumbar,stand,-0.045872,1.00528,-0.083936,-2.38,-5.88,-2.8,-49
1787062263041,69207,Lumbar,stand,-0.046848,0.999912,-0.08052,-2.17,-6.23,-1.54,-49
1787062263041,69224,Lumbar,stand,-0.047336,0.996984,-0.071736,-0.98,-6.3,-1.12,-49
1787062263041,69241,Lumbar,stand,-0.042944,1.004792,-0.064904,0.21,-6.37,-0.14,-49
1787062263041,69272,Lumbar,stand,-0.045384,1.006256,-0.068808,0.21,-5.88,0.28,-49
1787062263041,69289,Lumbar,stand,-0.048312,1.003816,-0.071736,1.05,-6.93,0.28,-49
1787062263041,69306,Lumbar,stand,-0.045872,1.010648,-0.071248,2.03,-7.77,0.14,-49
1787062263041,69323,Lumbar,stand,-0.040016,1.018456,-0.067832,2.38,-7.21,0.21,-49
1787062263041,69340,Lumbar,stand,-0.035136,1.022848,-0.07076,2.03,-6.16,0.14,-49
1787062263399,69516,Lumbar,stand,-0.040504,1.01748,-0.052704,-0.28,0.21,-0.28,-59
1787062263399,69547,Lumbar,stand,-0.049776,1.016016,-0.065392,-0.49,-1.33,-0.91,-59
1787062263399,69564,Lumbar,stand,-0.055632,1.012112,-0.077104,-0.49,-3.71,-0.77,-59
1787062263399,69581,Lumbar,stand,-0.063928,1.01504,-0.07564,-1.05,-6.09,-0.42,-59
1787062263399,69598,Lumbar,stand,-0.063928,1.004792,-0.056608,-0.14,-7.07,-0.56,-59
1787062263399,69629,Lumbar,stand,-0.050752,1.014552,-0.037088,-0.98,-5.81,0.42,-59
1787062263399,69646,Lumbar,stand,-0.040016,1.01016,-0.042944,-0.84,-5.11,1.4,-59
1787062263399,69663,Lumbar,stand,-0.028304,1.013088,-0.05124,-1.05,-6.51,2.1,-59
1787062263399,69680,Lumbar,stand,-0.028792,1.008696,-0.056608,-0.77,-7.35,1.19,-59
1787062263399,69697,Lumbar,stand,-0.033672,1.006744,-0.064904,2.45,-7.63,0.84,-59
1787062263755,69873,Lumbar,stand,-0.03904,1.018944,-0.0366,-2.17,-1.47,0.07,-59
1787062263755,69905,Lumbar,stand,-0.04148,1.006744,-0.035624,-2.87,-1.54,0.98,-59
1787062263755,69922,Lumbar,stand,-0.04636,0.992104,-0.037088,-1.19,-1.89,0.91,-59
1787062263755,69939,Lumbar,stand,-0.049776,0.998936,-0.042944,1.33,-3.29,1.12,-59
1787062263755,69955,Lumbar,stand,-0.047824,1.016016,-0.047824,2.24,-3.92,1.05,-59
1787062263755,69986,Lumbar,stand,-0.025376,1.020408,-0.057096,0.28,-3.43,0.84,-59
1787062263755,70003,Lumbar,stand,-0.023912,1.021872,-0.046848,0.07,-3.78,0.63,-59
1787062263755,70020,Lumbar,stand,-0.026352,1.023336,-0.040992,-0.77,-3.29,0.49,-59
1787062263755,70037,Lumbar,stand,-0.034648,1.023336,-0.027816,-1.89,-2.52,0.56,-59
1787062263755,70054,Lumbar,stand,-0.034648,1.003328,-0.01952,-1.89,-0.84,0.7,-59
1787062264111,70230,Lumbar,stand,-0.036112,1.031144,-0.031232,2.03,2.17,2.1,-59
1787062264111,70261,Lumbar,stand,-0.035136,1.037976,-0.057096,-2.52,-0.7,1.82,-59
1787062264111,70278,Lumbar,stand,-0.036112,1.027728,-0.064904,-4.2,-3.22,0.84,-59
1787062264111,70295,Lumbar,stand,-0.03904,1.020408,-0.052704,-3.43,-5.32,0.49,-59
1787062264111,70312,Lumbar,stand,-0.04392,1.016992,-0.040504,-3.01,-5.53,0.84,-59
1787062264111,70343,Lumbar,stand,-0.02928,1.014552,-0.002928,-2.87,0,1.4,-59
1787062264111,70360,Lumbar,stand,-0.013176,1.009672,-0.000976,-2.24,0.49,0.77,-59
1787062264111,70377,Lumbar,stand,-0.01708,1.009184,-0.001952,-0.56,-0.07,0.35,-59
1787062264111,70394,Lumbar,stand,-0.02928,1.013576,-0.00488,0.07,-1.05,-0.21,-59
1787062264111,70411,Lumbar,stand,-0.032208,1.018456,-0.005368,0.21,0.35,-0.77,-59
1787062264467,70586,Lumbar,stand,-0.03904,0.99064,0.022448,3.15,3.01,0.77,-59
1787062264467,70617,Lumbar,stand,-0.03416,1.00284,-0.000976,10.43,4.27,-0.49,-59
1787062264467,70634,Lumbar,stand,-0.029768,1.00772,-0.007808,10.22,3.85,-0.21,-59
1787062264467,70651,Lumbar,stand,-0.027328,1.02724,-0.027328,8.96,3.78,0.21,-59
1787062264467,70668,Lumbar,stand,-0.028304,1.042368,-0.045872,6.23,4.41,0.28,-59
1787062264467,70699,Lumbar,stand,-0.042456,1.03212,-0.060024,1.89,4.41,-0.56,-59
1787062264467,70716,Lumbar,stand,-0.045872,1.023336,-0.066856,1.26,0.28,-0.49,-59
1787062264467,70733,Lumbar,stand,-0.03904,1.013576,-0.062464,1.19,-2.03,-0.28,-59
1787062264467,70750,Lumbar,stand,-0.025864,1.007232,-0.054656,1.33,-0.84,-0.49,-59
1787062264467,70767,Lumbar,stand,-0.023912,1.011624,-0.054656,1.75,0.07,-0.77,-59
1787062264824,70942,Lumbar,stand,-0.045384,1.02724,-0.038064,-1.54,-2.17,-2.66,-55
1787062264824,70973,Lumbar,stand,-0.037576,1.025776,-0.027816,-2.73,-2.03,-2.38,-55
1787062264824,70990,Lumbar,stand,-0.03416,1.018456,-0.02196,-2.8,-1.82,-2.31,-55
1787062264824,71007,Lumbar,stand,-0.037088,1.004304,-0.017568,-1.96,-0.42,-2.38,-55
1787062264824,71024,Lumbar,stand,-0.040016,1.001376,-0.016104,-1.05,0,-2.31,-55
1787062264824,71055,Lumbar,stand,-0.035136,0.999912,-0.0122,0.63,0.42,-1.4,-55
1787062264824,71072,Lumbar,stand,-0.034648,0.998936,-0.016104,2.31,2.59,-1.12,-55
1787062264824,71089,Lumbar,stand,-0.035624,1.004304,-0.027816,3.92,4.27,-1.19,-55
1787062264824,71106,Lumbar,stand,-0.032208,1.006744,-0.03172,4.06,4.55,-0.84,-55
1787062264824,71123,Lumbar,stand,-0.031232,1.011624,-0.032208,2.73,4.9,-0.7,-55
1787062265179,71298,Lumbar,stand,-0.037088,1.039928,-0.040016,0.56,5.46,0.49,-55
1787062265179,71329,Lumbar,stand,-0.054168,1.01504,-0.025376,-2.87,5.88,0.84,-55
1787062265179,71346,Lumbar,stand,-0.061976,1.006744,-0.016104,-1.19,5.32,1.33,-55
1787062265179,71363,Lumbar,stand,-0.061976,1.006744,-0.01952,0.91,5.25,1.33,-55
1787062265179,71380,Lumbar,stand,-0.058072,1.006256,-0.030744,0.84,5.46,1.26,-55
1787062265179,71411,Lumbar,stand,-0.062952,1.013576,-0.0122,1.05,2.45,0.7,-55
1787062265179,71428,Lumbar,stand,-0.069296,1.014552,-0.003904,1.33,0.56,0.7,-55
1787062265179,71445,Lumbar,stand,-0.0732,1.016992,0,2.03,-0.63,0.56,-55
1787062265179,71462,Lumbar,stand,-0.064904,1.013088,-0.027816,2.59,-3.29,0.7,-55
1787062265179,71479,Lumbar,stand,-0.054168,1.016016,-0.053192,3.22,-4.2,1.26,-55
1787062265537,71653,Lumbar,stand,-0.036112,1.016016,-0.050752,2.38,-7.21,-0.63,-55
1787062265537,71684,Lumbar,stand,-0.039528,1.008696,-0.028792,2.8,-7.84,0,-55
1787062265537,71701,Lumbar,stand,-0.040992,1.008696,-0.022936,3.22,-7.28,0.14,-55
1787062265537,71719,Lumbar,stand,-0.039528,1.008696,-0.02928,3.99,-6.37,0.28,-55
1787062265537,71736,Lumbar,stand,-0.037088,1.012112,-0.032208,4.76,-5.74,0.63,-55
1787062265537,71767,Lumbar,stand,-0.031232,1.016504,-0.030744,4.62,-4.06,0.14,-55
1787062265537,71784,Lumbar,stand,-0.032208,1.021384,-0.033672,4.62,-4.34,-0.56,-55
1787062265537,71801,Lumbar,stand,-0.03904,1.031632,-0.035624,4.62,-5.32,-1.19,-55
1787062265537,71818,Lumbar,stand,-0.047336,1.030656,-0.032208,3.22,-4.34,-1.47,-55
1787062265537,71835,Lumbar,stand,-0.046848,1.021384,-0.03172,2.17,-2.24,-1.75,-55
1787062265894,72011,Lumbar,stand,-0.056608,1.018456,-0.045872,4.06,-3.5,-0.77,-57
1787062265894,72041,Lumbar,stand,-0.071736,1.01992,-0.046848,3.78,-5.53,-0.7,-57
1787062265894,72059,Lumbar,stand,-0.077104,1.014064,-0.037576,2.94,-5.74,-0.42,-57
1787062265894,72076,Lumbar,stand,-0.077592,1.00772,-0.035624,2.52,-5.95,-0.21,-57
1787062265894,72093,Lumbar,stand,-0.0732,1.003816,-0.038552,3.36,-7.14,-0.21,-57
1787062265894,72124,Lumbar,stand,-0.058072,1.015528,-0.04148,3.99,-7.49,0,-57
1787062265894,72141,Lumbar,stand,-0.051728,1.014552,-0.035136,3.15,-6.23,0.14,-57
1787062265894,72158,Lumbar,stand,-0.050264,1.020896,-0.02928,3.71,-5.39,-0.07,-57
1787062265894,72175,Lumbar,stand,-0.050752,1.023824,-0.034648,3.64,-5.67,-0.35,-57
1787062265894,72192,Lumbar,stand,-0.044896,1.022848,-0.050264,3.08,-5.88,-0.49,-57
1787062266252,72368,Lumbar,stand,-0.062464,1.009184,-0.025864,1.19,-1.33,1.12,-57
1787062266252,72399,Lumbar,stand,-0.05856,1.008208,-0.035624,2.03,-2.17,1.19,-57
1787062266252,72416,Lumbar,stand,-0.055144,1.011136,-0.045872,2.38,-2.59,1.33,-57
1787062266252,72433,Lumbar,stand,-0.052704,1.012112,-0.050264,1.96,-2.73,1.54,-57
1787062266252,72450,Lumbar,stand,-0.051728,1.011136,-0.0488,1.68,-1.47,1.82,-57
1787062266252,72481,Lumbar,stand,-0.060024,1.01016,-0.036112,2.03,1.12,1.75,-57
1787062266252,72498,Lumbar,stand,-0.06344,1.013088,-0.035136,2.59,0.63,1.75,-57
1787062266252,72515,Lumbar,stand,-0.067344,1.0126,-0.037576,2.87,-0.84,1.68,-57
1787062266252,72532,Lumbar,stand,-0.06832,1.016504,-0.044408,3.5,-0.98,1.68,-57
1787062266252,72549,Lumbar,stand,-0.063928,1.022848,-0.0488,2.94,-0.35,1.26,-57
1787062266609,72725,Lumbar,stand,-0.081008,1.007232,-0.0366,1.33,-1.26,-2.1,-57
1787062266609,72756,Lumbar,stand,-0.061488,1.013576,-0.041968,1.68,-1.26,-1.19,-57
1787062266609,72773,Lumbar,stand,-0.05856,1.017968,-0.046848,1.68,-1.82,-1.12,-57
1787062266609,72790,Lumbar,stand,-0.060024,1.018944,-0.047824,1.19,-2.45,-1.12,-57
1787062266609,72807,Lumbar,stand,-0.058072,1.016016,-0.040504,1.19,-2.45,-1.26,-57
1787062266609,72838,Lumbar,stand,-0.05612,1.016504,-0.040016,0.63,-0.63,-1.19,-57
1787062266609,72855,Lumbar,stand,-0.055144,1.014552,-0.043432,0.42,-0.42,-1.33,-57
1787062266609,72872,Lumbar,stand,-0.060024,1.010648,-0.05368,0.7,-0.84,-1.4,-57
1787062266609,72889,Lumbar,stand,-0.064416,1.014064,-0.06832,1.33,-1.75,-1.61,-57
1787062266609,72906,Lumbar,stand,-0.06588,1.010648,-0.096136,1.89,-1.89,-1.54,-57
1787062266965,73081,Lumbar,stand,-0.074176,1.039928,-0.030744,-2.24,-4.2,0.49,-57
1787062266965,73111,Lumbar,stand,-0.066856,0.990152,-0.045384,0.42,-5.67,0.07,-57
1787062266965,73128,Lumbar,stand,-0.079544,0.998448,-0.037576,1.82,-5.6,-0.14,-57
1787062266965,73145,Lumbar,stand,-0.081008,1.013088,-0.023424,1.96,-4.48,-0.49,-57
1787062266965,73162,Lumbar,stand,-0.077104,1.009672,-0.020984,1.4,-3.92,-0.21,-57
1787062266965,73193,Lumbar,stand,-0.06588,1.015528,-0.030256,1.05,-3.64,0.07,-57
1787062266965,73210,Lumbar,stand,-0.07076,1.012112,-0.037576,0.77,-3.01,-0.14,-57
1787062266965,73227,Lumbar,stand,-0.075152,1.005768,-0.033672,2.31,-3.08,-0.7,-57
1787062266965,73244,Lumbar,stand,-0.074664,1.004304,-0.03416,3.22,-2.52,-0.49,-57
1787062266965,73261,Lumbar,stand,-0.0732,1.007232,-0.038552,2.94,-2.52,0.21,-57
1787062267321,73436,Lumbar,stand,-0.075152,1.001376,-0.04148,0.49,-2.87,0.77,-73
1787062267321,73467,Lumbar,stand,-0.074176,1.017968,-0.03172,1.26,-2.45,0.56,-73
1787062267321,73484,Lumbar,stand,-0.072224,1.020896,-0.036112,0.7,-2.59,0.35,-73
1787062267321,73501,Lumbar,stand,-0.078568,1.02236,-0.033672,0.98,-4.06,0.28,-73
1787062267321,73519,Lumbar,stand,-0.079056,1.014552,-0.02196,0.49,-3.57,0.07,-73
1787062267321,73550,Lumbar,stand,-0.064416,0.99552,-0.044408,0.84,-2.87,0.42,-73
1787062267321,73567,Lumbar,stand,-0.067832,1.011624,-0.0488,2.31,-4.9,0.84,-73
1787062267321,73584,Lumbar,stand,-0.071736,1.020408,-0.040504,2.45,-3.85,0.91,-73
1787062267321,73601,Lumbar,stand,-0.074176,1.024312,-0.024888,1.89,-2.73,0.91,-73
1787062267321,73618,Lumbar,stand,-0.07076,1.013088,-0.02684,1.19,-1.68,0.7,-73
1787062267688,73793,Lumbar,stand,-0.07076,1.016016,-0.032208,4.13,-2.45,2.45,-73
1787062267688,73824,Lumbar,stand,-0.061976,1.023336,-0.035624,3.01,-3.08,2.17,-73
1787062267688,73841,Lumbar,stand,-0.059048,1.019432,-0.0366,2.66,-2.94,1.96,-73
1787062267688,73858,Lumbar,stand,-0.05856,1.01992,-0.035136,2.17,-1.96,1.82,-73
1787062267688,73875,Lumbar,stand,-0.062464,1.024312,-0.031232,1.82,-1.4,1.68,-73
1787062267688,73906,Lumbar,stand,-0.06344,1.01748,-0.0366,0.49,-0.42,1.26,-73
1787062267688,73923,Lumbar,stand,-0.064904,1.009672,-0.042944,0.56,-0.98,1.47,-73
1787062267688,73940,Lumbar,stand,-0.066856,1.011624,-0.049288,0.84,-2.38,1.61,-73
1787062267688,73957,Lumbar,stand,-0.067832,1.017968,-0.039528,0.35,-2.38,1.75,-73
1787062267688,73974,Lumbar,stand,-0.063928,1.0126,-0.03172,-0.14,-1.33,1.75,-73
1787062268033,74148,Lumbar,stand,-0.063928,0.996008,-0.024888,0.63,-3.43,2.45,-73
1787062268033,74179,Lumbar,stand,-0.059536,1.00772,-0.032696,2.24,-5.11,2.59,-73
1787062268033,74196,Lumbar,stand,-0.05856,1.0126,-0.025376,2.38,-4.9,2.59,-73
1787062268033,74213,Lumbar,stand,-0.054656,1.022848,-0.023912,2.8,-4.48,2.24,-73
1787062268033,74230,Lumbar,stand,-0.050752,1.02724,-0.032208,2.31,-3.85,1.75,-73
1787062268033,74261,Lumbar,stand,-0.054168,1.021872,-0.042456,1.05,-3.99,0.63,-73
1787062268033,74278,Lumbar,stand,-0.06588,1.016016,-0.040504,0.77,-4.27,0.21,-73
1787062268033,74295,Lumbar,stand,-0.0732,1.014064,-0.029768,0.77,-4.2,0.42,-73
1787062268033,74312,Lumbar,stand,-0.074664,1.0126,-0.014152,0.7,-3.29,0.77,-73
1787062268033,74329,Lumbar,stand,-0.066856,1.006744,-0.0122,0.98,-2.87,1.33,-73
1787062268388,74504,Lumbar,stand,-0.05612,1.01016,-0.027816,4.27,-1.75,1.12,-54
1787062268388,74535,Lumbar,stand,-0.050752,1.018944,-0.03172,4.62,-1.47,1.12,-54
1787062268388,74552,Lumbar,stand,-0.049776,1.019432,-0.028792,3.85,-0.7,1.12,-54
1787062268388,74569,Lumbar,stand,-0.0488,1.016504,-0.02928,3.01,0.21,0.98,-54
1787062268388,74586,Lumbar,stand,-0.047336,1.0126,-0.030256,3.01,0.7,0.63,-54
1787062268388,74617,Lumbar,stand,-0.057584,1.001376,-0.015128,4.76,1.61,0.35,-54
1787062268388,74634,Lumbar,stand,-0.059536,1.001376,-0.020984,7.14,2.17,0.49,-54
1787062268388,74651,Lumbar,stand,-0.063928,1.003328,-0.030744,8.05,1.82,0.91,-54
1787062268388,74668,Lumbar,stand,-0.064416,1.016016,-0.0488,8.96,0.14,0.91,-54
1787062268388,74685,Lumbar,stand,-0.060024,1.031144,-0.061488,7.77,-1.96,0.77,-54
1787062268744,74858,Lumbar,stand,-0.044896,1.016992,-0.04636,2.31,-2.24,1.82,-54
1787062268744,74889,Lumbar,stand,-0.050752,1.009184,-0.049288,2.66,-2.8,2.17,-54
1787062268744,74906,Lumbar,stand,-0.054656,1.006256,-0.049288,2.73,-2.52,2.52,-54
1787062268744,74923,Lumbar,stand,-0.05368,1.006256,-0.050264,3.01,-1.47,2.66,-54
1787062268744,74940,Lumbar,stand,-0.050264,1.012112,-0.057096,3.5,-0.84,3.01,-54
1787062268744,74970,Lumbar,stand,-0.042944,1.030168,-0.070272,1.68,-0.98,3.99,-54
1787062268744,74987,Lumbar,stand,-0.039528,1.034072,-0.066856,-1.4,0.35,4.06,-54
1787062268744,75004,Lumbar,stand,-0.035624,1.021872,-0.05368,-3.71,2.1,3.57,-54
1787062268744,75021,Lumbar,stand,-0.032208,1.004792,-0.041968,-3.85,2.1,3.29,-54
1787062268744,75038,Lumbar,stand,-0.025376,1.001376,-0.039528,-2.73,0.07,3.29,-54
1787062269099,75213,Lumbar,stand,-0.03416,1.043344,-0.052704,3.5,-1.61,0.7,-54
1787062269099,75244,Lumbar,stand,-0.0366,1.023824,-0.022936,-1.75,-0.07,0.63,-54
1787062269099,75261,Lumbar,stand,-0.040504,1.002352,-0.01952,-0.56,0.91,1.12,-54
1787062269099,75278,Lumbar,stand,-0.04392,0.993568,-0.030256,2.03,0.56,1.75,-54
1787062269099,75295,Lumbar,stand,-0.042456,0.992592,-0.03416,4.69,-0.35,1.75,-54
1787062269099,75326,Lumbar,stand,-0.038064,1.021872,-0.040504,4.41,-0.21,1.4,-54
1787062269099,75343,Lumbar,stand,-0.0366,1.020896,-0.040504,2.59,-0.07,1.47,-54
1787062269099,75360,Lumbar,stand,-0.034648,1.019432,-0.040992,1.75,-0.28,1.61,-54
1787062269099,75377,Lumbar,stand,-0.027816,1.016504,-0.0366,0.77,-0.28,1.82,-54
1787062269099,75394,Lumbar,stand,-0.01952,1.02236,-0.046848,-1.19,0,0.84,-54
1787062269454,75568,Lumbar,stand,-0.040992,1.008208,-0.023912,1.33,-3.15,1.82,-52
1787062269454,75599,Lumbar,stand,-0.031232,1.011136,-0.0488,5.11,-3.71,1.75,-52
1787062269454,75616,Lumbar,stand,-0.027816,1.017968,-0.059048,4.76,-4.34,1.82,-52
1787062269454,75633,Lumbar,stand,-0.0244,1.03456,-0.060024,3.78,-4.2,1.61,-52
1787062269454,75650,Lumbar,stand,-0.02684,1.038464,-0.064904,-0.07,-4.27,0.56,-52
1787062269454,75681,Lumbar,stand,-0.0366,1.00528,-0.027816,-1.89,-5.95,-0.28,-52
1787062269454,75698,Lumbar,stand,-0.043432,1.000888,-0.01708,0.49,-6.72,-0.14,-52
1787062269454,75715,Lumbar,stand,-0.042944,1.004792,-0.01952,3.01,-6.3,0.14,-52
1787062269454,75732,Lumbar,stand,-0.0366,1.018456,-0.032696,3.78,-4.76,0.14,-52
1787062269454,75749,Lumbar,stand,-0.03416,1.023336,-0.041968,2.38,-4.9,-0.28,-52
1787062269811,75924,Lumbar,stand,-0.023912,1.01992,-0.055632,1.54,-7.84,3.01,-52
1787062269811,75954,Lumbar,stand,-0.033184,1.025288,-0.012688,2.59,-9.94,0.84,-52
1787062269811,75972,Lumbar,stand,-0.037576,1.011624,-0.006344,3.36,-7.28,0.42,-52
1787062269811,75989,Lumbar,stand,-0.03172,1.016504,-0.027328,3.57,-4.13,1.26,-52
1787062269811,76006,Lumbar,stand,-0.026352,1.028216,-0.04148,1.68,-2.45,2.24,-52
1787062269811,76037,Lumbar,stand,-0.02196,1.021872,-0.035624,-0.98,-0.49,0.56,-52
1787062269811,76054,Lumbar,stand,-0.026352,1.006256,-0.031232,0.28,0.28,-0.14,-52
1787062269811,76071,Lumbar,stand,-0.03172,1.001376,-0.039528,2.17,0.28,0.28,-52
1787062269811,76088,Lumbar,stand,-0.031232,1.006744,-0.046848,2.87,0.35,0.49,-52
1787062269811,76105,Lumbar,stand,-0.028792,1.0126,-0.050752,2.17,0.91,0.21,-52
1787062270167,76280,Lumbar,stand,-0.040992,1.021384,-0.053192,1.82,-6.37,0.7,-52
1787062270167,76311,Lumbar,stand,-0.032696,1.013576,-0.052216,-1.47,-6.72,1.33,-52
1787062270167,76328,Lumbar,stand,-0.03416,1.023336,-0.045872,-1.19,-7,1.89,-52
1787062270167,76345,Lumbar,stand,-0.028792,1.02968,-0.020984,-1.68,-6.09,1.54,-52
1787062270167,76362,Lumbar,stand,-0.022448,1.026752,-0.003904,-2.38,-3.78,0.91,-52
1787062270167,76393,Lumbar,stand,-0.02196,0.99308,-0.024888,-0.98,-2.66,0.07,-52
1787062270167,76410,Lumbar,stand,-0.02684,0.987712,-0.04636,2.59,-3.08,0.35,-52
1787062270167,76427,Lumbar,stand,-0.041968,0.993568,-0.045872,4.06,-3.08,0.49,-52
1787062270167,76444,Lumbar,stand,-0.048312,1.014552,-0.035136,4.69,-2.59,0.63,-52
1787062270167,76461,Lumbar,stand,-0.030256,1.034072,-0.0366,3.08,-2.66,1.05,-52
1787062270527,76637,Lumbar,stand,-0.032696,1.036024,-0.034648,-0.42,-5.88,2.45,-52
1787062270527,76668,Lumbar,stand,-0.010736,1.006744,-0.031232,-0.56,-4.83,2.24,-52
1787062270527,76685,Lumbar,stand,-0.004392,1.017968,-0.044896,-1.82,-2.45,2.17,-52
1787062270527,76702,Lumbar,stand,0.000976,1.02236,-0.050752,-3.43,-1.33,1.4,-52
1787062270527,76719,Lumbar,stand,-0.000488,1.016504,-0.043432,-3.92,-1.19,0.84,-52
1787062270527,76750,Lumbar,stand,-0.001952,1.0126,-0.032208,-2.24,1.19,-0.28,-52
1787062270527,76767,Lumbar,stand,-0.004392,1.018456,-0.038552,-2.45,2.17,-0.42,-52
1787062270527,76784,Lumbar,stand,-0.010248,1.022848,-0.040992,-3.08,2.52,-1.05,-52
1787062270527,76801,Lumbar,stand,-0.021472,1.021872,-0.032696,-3.36,1.96,-2.1,-52
1787062270527,76818,Lumbar,stand,-0.033184,1.014552,-0.01708,-3.08,1.33,-2.66,-52
1787062270884,76995,Lumbar,stand,-0.033672,1.0126,-0.051728,4.62,-11.41,2.59,-58
1787062270884,77026,Lumbar,stand,-0.016104,0.992592,-0.042944,7.28,-15.26,4.76,-58
1787062270884,77043,Lumbar,stand,-0.019032,1.008208,0.008296,7.56,-13.86,4.69,-58
1787062270884,77060,Lumbar,stand,-0.020008,1.0614,0.027328,6.3,-12.04,2.31,-58
1787062270884,77077,Lumbar,stand,-0.015128,1.098488,0.014152,2.52,-7.49,0.63,-58
1787062270884,77108,Lumbar,stand,-0.011712,1.036024,-0.0488,-6.65,-4.06,-0.63,-58
1787062270884,77125,Lumbar,stand,-0.019032,1.003816,-0.038552,-7.07,-3.85,-0.28,-58
1787062270884,77142,Lumbar,stand,-0.022448,0.982832,-0.002928,-5.67,-2.24,-0.07,-58
1787062270884,77159,Lumbar,stand,-0.0122,0.969168,-0.003904,-0.63,-1.05,-0.07,-58
1787062270884,77176,Lumbar,stand,-0.005856,0.979416,-0.032208,4.97,-1.19,-0.14,-58
1787062271242,77352,Lumbar,stand,-0.01464,1.026752,-0.034648,-0.07,-1.54,1.68,-58
1787062271242,77383,Lumbar,stand,-0.011224,1.006256,-0.022936,1.82,-1.33,1.75,-58
1787062271242,77400,Lumbar,stand,-0.0244,1.012112,-0.021472,3.08,-0.49,1.4,-58
1787062271242,77417,Lumbar,stand,-0.032696,1.016504,-0.028792,4.9,1.61,1.54,-58
1787062271242,77434,Lumbar,stand,-0.030744,1.023824,-0.032208,4.83,3.01,2.66,-58
1787062271242,77465,Lumbar,stand,-0.018056,1.02236,-0.034648,2.1,3.64,3.15,-58
1787062271242,77482,Lumbar,stand,-0.01464,1.006256,-0.027816,0.77,2.94,2.73,-58
1787062271242,77499,Lumbar,stand,-0.018056,0.992104,-0.023424,1.68,0.98,2.24,-58
1787062271242,77516,Lumbar,stand,-0.013664,0.994544,-0.023424,3.08,-0.07,1.05,-58
1787062271242,77533,Lumbar,stand,-0.006344,1.012112,-0.02928,3.15,0.28,-17.64,-58
1787062271599,77708,Lumbar,stand,-0.037576,1.014064,-0.038064,4.62,-4.27,-0.28,-58
1787062271599,77740,Lumbar,stand,-0.027816,1.016504,-0.0244,5.18,-4.2,0.77,-58
1787062271599,77757,Lumbar,stand,-0.023424,1.012112,-0.011712,4.55,-1.82,1.33,-58
1787062271599,77774,Lumbar,stand,-0.018544,1.001864,0.00244,5.25,1.12,1.47,-58
1787062271599,77790,Lumbar,stand,-0.0122,1.008208,0.000488,7.28,3.71,1.26,-58
1787062271599,77821,Lumbar,stand,-0.005368,1.01992,-0.026352,6.86,6.3,-0.14,-58
1787062271599,77838,Lumbar,stand,-0.015128,1.003328,-0.021472,6.3,5.88,-0.91,-58
1787062271599,77855,Lumbar,stand,-0.01952,0.99552,-0.014152,7.42,7.35,-0.98,-58
1787062271599,77872,Lumbar,stand,-0.022448,0.989176,-0.00732,8.75,8.61,-0.77,-58
1787062271599,77889,Lumbar,stand,-0.01952,1.013088,-0.02928,11.97,10.08,-0.63,-58
1787062271957,78064,Lumbar,stand,-0.052216,0.986248,-0.044408,0.21,-4.76,-2.38,-54
1787062271957,78096,Lumbar,stand,-0.054656,0.993568,-0.0366,1.4,-4.06,-1.19,-54
1787062271957,78113,Lumbar,stand,-0.049776,1.005768,-0.047824,3.78,-1.96,-0.28,-54
1787062271957,78130,Lumbar,stand,-0.047336,1.023824,-0.085888,4.13,-1.47,0.14,-54
1787062271957,78147,Lumbar,stand,-0.033184,1.053104,-0.111752,3.36,-2.52,-0.35,-54
1787062271957,78178,Lumbar,stand,-0.034648,1.02236,-0.151768,-4.2,-15.05,0,-54
1787062271957,78195,Lumbar,stand,-0.034648,1.001376,-0.086376,-6.65,-16.45,2.1,-54
1787062271957,78212,Lumbar,stand,-0.042456,0.976488,0.074176,-5.39,-13.79,2.94,-54
1787062271957,78229,Lumbar,stand,-0.040504,0.986248,0.140056,2.24,-5.53,2.87,-54
1787062271957,78246,Lumbar,stand,-0.044408,1.004304,0.05612,6.3,0.14,1.75,-54
1787062272312,78422,Lumbar,stand,-0.030744,1.014552,-0.02196,3.36,-1.12,1.54,-54
1787062272312,78454,Lumbar,stand,-0.033184,1.024312,-0.040992,2.87,-1.75,0.77,-54
1787062272312,78471,Lumbar,stand,-0.02928,1.021384,-0.038064,2.17,-1.75,0.14,-54
1787062272312,78488,Lumbar,stand,-0.020984,1.01748,-0.035624,1.89,-1.61,-0.21,-54
1787062272312,78505,Lumbar,stand,-0.018056,1.015528,-0.038552,2.38,-0.7,-0.21,-54
1787062272312,78536,Lumbar,stand,-0.027328,1.01992,-0.061488,2.1,-0.56,0,-54
1787062272312,78553,Lumbar,stand,-0.033672,1.016992,-0.070272,1.89,-0.56,0.07,-54
1787062272312,78570,Lumbar,stand,-0.043432,1.028704,-0.069784,1.12,-1.89,-0.21,-54
1787062272312,78587,Lumbar,stand,-0.044896,1.032608,-0.040504,-0.49,-3.57,0,-54
1787062272312,78604,Lumbar,stand,-0.04148,1.016504,-0.016592,-1.47,-3.43,0.21,-54
1787062272668,78778,Lumbar,stand,-0.034648,0.999912,-0.028304,-2.45,-2.52,-0.56,-54
1787062272668,78809,Lumbar,stand,-0.047336,0.994544,-0.044408,0.21,-4.55,-0.42,-54
1787062272668,78826,Lumbar,stand,-0.045872,1.001376,-0.040504,0.91,-4.41,0.14,-54
1787062272668,78843,Lumbar,stand,-0.044896,1.015528,-0.02196,1.19,-3.22,1.12,-54
1787062272668,78860,Lumbar,stand,-0.04148,1.021384,-0.004392,1.61,-2.45,1.54,-54
1787062272668,78891,Lumbar,stand,-0.03172,1.001864,-0.021472,3.64,-4.69,1.47,-54
1787062272668,78908,Lumbar,stand,-0.025376,1.010648,-0.034648,5.67,-6.09,0.91,-54
1787062272668,78925,Lumbar,stand,-0.018056,1.033584,-0.021472,4.9,-5.04,0.42,-54
1787062272668,78942,Lumbar,stand,-0.014152,1.037976,-0.015616,2.1,-2.38,0.77,-54
1787062272668,78959,Lumbar,stand,-0.022936,1.030656,-0.013176,0.84,-1.19,1.05,-54
1787062273026,79135,Lumbar,stand,-0.029768,1.001864,-0.007808,2.1,-2.45,0.63,-51
1787062273026,79167,Lumbar,stand,-0.032208,1.006256,-0.012688,3.29,-0.21,1.19,-51
1787062273026,79184,Lumbar,stand,-0.033184,1.020896,-0.031232,3.22,0.84,1.61,-51
1787062273026,79201,Lumbar,stand,-0.032696,1.03212,-0.048312,3.29,0.56,1.54,-51
1787062273026,79218,Lumbar,stand,-0.029768,1.036512,-0.050752,3.08,-0.63,0.56,-51
1787062273026,79249,Lumbar,stand,-0.03172,1.021872,-0.0366,0.84,-2.73,-0.91,-51
1787062273026,79266,Lumbar,stand,-0.038064,1.001376,-0.024888,0.28,-2.8,-0.63,-51
1787062273026,79283,Lumbar,stand,-0.040504,0.994544,-0.026352,0.49,-1.68,0.07,-51
1787062273026,79300,Lumbar,stand,-0.045384,0.993568,-0.02928,1.4,-1.54,0.42,-51
1787062273026,79317,Lumbar,stand,-0.05124,1.008696,-0.02928,3.57,-2.31,0.56,-51
1787062273384,79492,Lumbar,stand,-0.041968,1.012112,-0.014152,1.26,-2.87,-0.21,-51
1787062273384,79523,Lumbar,stand,-0.020008,0.99796,-0.010736,1.89,-0.56,0.35,-51
1787062273384,79540,Lumbar,stand,-0.005368,1.016504,-0.005856,3.78,1.96,0.42,-51
1787062273384,79558,Lumbar,stand,-0.007808,1.038952,-0.0244,5.18,2.45,-0.21,-51
1787062273384,79575,Lumbar,stand,-0.027816,1.042856,-0.040016,5.04,1.05,-0.91,-51
1787062273384,79606,Lumbar,stand,-0.05124,1.017968,-0.048312,0.42,-1.61,-1.47,-51
1787062273384,79623,Lumbar,stand,-0.052704,1.009184,-0.042456,-0.98,0.14,-0.98,-51
1787062273384,79640,Lumbar,stand,-0.052216,0.99796,-0.02928,-0.98,0.7,-0.42,-51
1787062273384,79657,Lumbar,stand,-0.053192,0.994544,-0.023912,-0.21,0.28,1.05,-51
1787062273384,79674,Lumbar,stand,-0.053192,0.999912,-0.028304,1.26,-1.26,2.1,-51
1787062273741,79850,Lumbar,stand,-0.034648,0.996496,-0.042944,7.42,-1.89,0.42,-51
1787062273741,79881,Lumbar,stand,-0.037576,1.05408,-0.066368,2.24,-3.85,-0.56,-51
1787062273741,79898,Lumbar,stand,-0.044408,1.02968,-0.045384,-4.06,-3.57,-0.49,-51
1787062273741,79915,Lumbar,stand,-0.043432,1.003328,-0.028792,-4.69,-2.59,0.84,-51
1787062273741,79932,Lumbar,stand,-0.040992,0.968192,-0.003416,-1.54,-2.17,1.61,-51
1787062273741,79963,Lumbar,stand,-0.037576,1.008696,-0.00976,5.18,-0.42,1.82,-51
1787062273741,79980,Lumbar,stand,-0.028792,1.02724,-0.02928,5.25,-0.42,1.61,-51
1787062273741,79997,Lumbar,stand,-0.023424,1.037,-0.038064,4.13,-0.28,1.19,-51
1787062273741,80014,Lumbar,stand,-0.025376,1.03456,-0.030256,1.61,-0.35,1.12,-51
1787062273741,80031,Lumbar,stand,-0.025376,1.02236,-0.01708,0.35,-0.42,0.91,-51
1787062274100,80206,Lumbar,stand,-0.04148,0.993568,-0.014152,-1.05,2.31,-1.82,-51
1787062274100,80237,Lumbar,stand,-0.045384,0.999424,-0.02928,3.36,5.32,-1.54,-51
1787062274100,80254,Lumbar,stand,-0.049288,1.018456,-0.046848,3.29,4.48,-1.12,-51
1787062274100,80272,Lumbar,stand,-0.045872,1.04188,-0.074664,1.96,1.47,-0.63,-51
1787062274100,80289,Lumbar,stand,-0.043432,1.052616,-0.096136,-1.82,-2.8,-1.05,-51
1787062274100,80320,Lumbar,stand,-0.038552,1.049688,-0.084424,-6.72,-7.14,-2.38,-51
1787062274100,80337,Lumbar,stand,-0.040992,1.036024,-0.062464,-8.33,-8.19,-3.15,-51
1787062274100,80354,Lumbar,stand,-0.045384,1.00528,-0.034648,-9.94,-8.33,-2.52,-51
1787062274100,80371,Lumbar,stand,-0.043432,0.984784,0.001952,-9.45,-7.77,-1.12,-51
1787062274100,80388,Lumbar,stand,-0.039528,0.985272,0.020496,-8.12,-6.23,-0.21,-51
1787062274457,80565,Lumbar,stand,-0.050752,1.009184,-0.002928,-1.47,-1.68,0.14,-54
1787062274457,80596,Lumbar,stand,-0.059536,1.01016,0.01708,-0.28,-0.98,1.33,-54
1787062274457,80613,Lumbar,stand,-0.06344,1.02236,0.016592,0.35,-1.05,1.61,-54
1787062274457,80630,Lumbar,stand,-0.061488,1.026264,0.00732,-0.42,-1.82,2.24,-54
1787062274457,80647,Lumbar,stand,-0.052704,1.016992,0.003904,-0.21,-1.19,2.87,-54
1787062274457,80678,Lumbar,stand,-0.069296,1.016992,0.000976,1.68,-1.33,4.83,-54
1787062274457,80695,Lumbar,stand,-0.059048,1.01748,-0.000488,-0.07,-5.74,7.28,-54
1787062274457,80711,Lumbar,stand,-0.033184,0.991616,-0.001464,-1.61,-6.86,8.47,-54
1787062274457,80728,Lumbar,stand,-0.027816,0.982344,-0.002928,0.98,-3.92,8.47,-54
1787062274457,80745,Lumbar,stand,-0.026352,0.985272,-0.005856,2.52,-2.17,8.05,-54
1787062274814,80921,Lumbar,stand,-0.001464,1.008208,-0.0244,11.97,-2.73,2.17,-54
1787062274814,80952,Lumbar,stand,0.006832,1.034072,-0.016592,12.46,-3.15,0,-54
1787062274814,80969,Lumbar,stand,0.000488,1.041392,-0.01952,9.87,-3.15,-0.98,-54
1787062274814,80986,Lumbar,stand,-0.012688,1.028704,-0.0244,7.28,-2.94,-1.96,-54
1787062274814,81003,Lumbar,stand,-0.020008,1.01992,-0.025864,7.42,-1.61,-3.15,-54
1787062274814,81034,Lumbar,stand,-0.04636,1.00284,-0.041968,11.06,-0.7,-3.99,-54
1787062274814,81051,Lumbar,stand,-0.050264,0.996008,-0.061,12.11,-1.68,-3.92,-54
1787062274814,81068,Lumbar,stand,-0.055632,0.99308,-0.062952,13.09,-3.57,-3.29,-54
1787062274814,81085,Lumbar,stand,-0.04148,0.999424,-0.052704,14.28,-4.48,-2.52,-54
1787062274814,81102,Lumbar,stand,-0.023912,1.02236,-0.032696,13.58,-4.06,-0.77,-54
1787062275169,81277,Lumbar,stand,-0.037576,1.046272,-0.035136,2.52,-3.64,7.49,-54
1787062275169,81308,Lumbar,stand,-0.009272,1.007232,-0.055144,2.38,0.35,7.84,-54
1787062275169,81325,Lumbar,stand,-0.008784,1.013576,-0.061976,3.57,0.28,8.12,-54
1787062275169,81342,Lumbar,stand,-0.005368,1.023824,-0.062464,2.94,-0.77,7.77,-54
1787062275169,81359,Lumbar,stand,0.00732,1.02724,-0.06344,-0.84,-3.29,7.14,-54
1787062275169,81390,Lumbar,stand,0.003416,1.024312,-0.057096,-0.14,-2.8,4.9,-54
1787062275169,81407,Lumbar,stand,-0.006344,1.041392,-0.061488,0.77,-2.31,3.92,-54
1787062275169,81424,Lumbar,stand,-0.008296,1.042368,-0.066856,-2.31,-1.4,1.82,-54
1787062275169,81441,Lumbar,stand,-0.020008,1.01748,-0.061488,-5.04,-0.35,0.84,-54
1787062275169,81458,Lumbar,stand,-0.0244,0.999424,-0.0488,-3.57,0.07,0.91,-54
1787062275525,81632,Lumbar,stand,-0.013176,1.010648,-0.066856,1.89,4.41,1.05,-55
1787062275525,81663,Lumbar,stand,-0.022936,1.004792,-0.035136,3.5,-0.42,2.87,-55
1787062275525,81680,Lumbar,stand,-0.033184,1.01992,-0.025376,4.34,-2.8,3.36,-55
1787062275525,81697,Lumbar,stand,-0.030744,1.02968,-0.027328,3.57,-6.16,3.99,-55
1787062275525,81714,Lumbar,stand,-0.025864,1.018456,-0.037088,2.8,-4.97,3.5,-55
1787062275525,81745,Lumbar,stand,-0.022448,1.01504,-0.057096,4.13,-1.54,3.08,-55
1787062275525,81762,Lumbar,stand,-0.021472,1.030656,-0.062464,3.22,-1.89,2.94,-55
1787062275525,81779,Lumbar,stand,-0.015128,1.035536,-0.061488,0.7,-4.34,2.45,-55
1787062275525,81796,Lumbar,stand,-0.005856,1.035048,-0.058072,-1.05,-6.23,1.68,-55
1787062275525,81813,Lumbar,stand,0.008784,1.029192,-0.060024,-1.47,-6.16,1.19,-55
1787062275881,81988,Lumbar,stand,0.010736,1.010648,-0.061976,1.33,0.7,0.42,-55
1787062275881,82019,Lumbar,stand,-0.011712,1.016992,-0.057584,1.75,0.98,-0.28,-55
1787062275881,82036,Lumbar,stand,-0.018544,1.018944,-0.0488,2.66,-1.12,0.35,-55
1787062275881,82053,Lumbar,stand,-0.028304,1.024312,-0.054656,1.96,-3.43,1.47,-55
1787062275881,82070,Lumbar,stand,-0.030256,1.02236,-0.059048,1.12,-4.83,2.45,-55
1787062275881,82101,Lumbar,stand,-0.019032,1.014552,-0.061488,-1.33,-4.41,3.22,-55
1787062275881,82118,Lumbar,stand,-0.01464,1.013576,-0.065392,-1.96,-4.06,3.64,-55
1787062275881,82135,Lumbar,stand,-0.003904,1.014064,-0.074176,-2.31,-4.27,3.71,-55
1787062275881,82152,Lumbar,stand,0.008784,1.00284,-0.06832,-2.45,-4.48,3.57,-55
1787062275881,82169,Lumbar,stand,0.023912,1.003328,-0.050264,-0.56,-1.96,2.8,-55
1787062276239,82344,Lumbar,stand,-0.001464,1.004304,-0.04636,3.57,-2.94,0.49,-55
1787062276239,82376,Lumbar,stand,0.015128,1.031144,-0.05124,3.29,-2.8,0.98,-55
1787062276239,82393,Lumbar,stand,0.01464,1.034072,-0.047824,0.28,-2.38,0.84,-55
1787062276239,82410,Lumbar,stand,0.006832,1.030168,-0.04392,-0.63,-2.17,0.21,-55
1787062276239,82427,Lumbar,stand,0.001464,1.016504,-0.038064,-0.98,-1.47,0,-55
1787062276239,82458,Lumbar,stand,-0.007808,1.004304,-0.040504,0.84,-1.75,0.91,-55
1787062276239,82475,Lumbar,stand,-0.010248,1.006256,-0.04636,2.45,-1.82,0.98,-55
1787062276239,82492,Lumbar,stand,-0.013664,1.013576,-0.060512,2.94,-1.75,1.33,-55
1787062276239,82509,Lumbar,stand,-0.011712,1.01748,-0.072224,2.45,-2.38,1.89,-55
1787062276239,82526,Lumbar,stand,-0.008784,1.028704,-0.067832,1.19,-3.36,2.24,-55
1787062276597,82701,Lumbar,stand,0.006344,1.019432,-0.026352,4.48,1.4,-2.24,-55
1787062276597,82732,Lumbar,stand,-0.008296,1.040904,-0.042456,1.05,-0.7,-3.64,-55
1787062276597,82749,Lumbar,stand,-0.018544,1.030168,-0.052704,-0.14,-1.12,-3.36,-55
1787062276597,82767,Lumbar,stand,-0.027328,1.001376,-0.057096,-1.54,-1.54,-2.24,-55
1787062276597,82784,Lumbar,stand,-0.037088,0.97844,-0.045384,-0.21,-2.17,-0.91,-55
1787062276597,82801,Lumbar,stand,-0.035136,0.98332,-0.033672,2.73,-2.87,-0.14,-55
1787062276597,82832,Lumbar,stand,-0.018544,1.011624,-0.036112,5.39,-3.08,0.63,-55
1787062276597,82849,Lumbar,stand,-0.007808,1.02968,-0.043432,5.32,-3.64,0.77,-55
1787062276597,82866,Lumbar,stand,-0.00488,1.036024,-0.044408,3.92,-3.99,0.56,-55
1787062276597,82883,Lumbar,stand,-0.003416,1.032608,-0.042456,2.1,-3.71,0.07,-55
1787062276953,83059,Lumbar,stand,-0.0122,1.02724,-0.04636,4.06,-0.14,0.35,-54
1787062276953,83090,Lumbar,stand,-0.018056,1.017968,-0.050264,2.24,-0.63,0.14,-54
1787062276953,83107,Lumbar,stand,-0.020496,1.005768,-0.045384,3.08,-0.56,0.35,-54
1787062276953,83124,Lumbar,stand,-0.022936,1.010648,-0.053192,4.34,-1.54,0.77,-54
1787062276953,83141,Lumbar,stand,-0.020008,1.015528,-0.062952,3.57,-2.73,0.98,-54
1787062276953,83172,Lumbar,stand,-0.010736,1.013576,-0.05368,3.08,-3.22,0.77,-54
1787062276953,83189,Lumbar,stand,-0.003904,1.014552,-0.04636,4.2,-2.94,0.49,-54
1787062276953,83206,Lumbar,stand,-0.002928,1.019432,-0.047336,4.27,-2.8,0.63,-54
1787062276953,83223,Lumbar,stand,-0.002928,1.020408,-0.050264,3.71,-2.24,0.63,-54
1787062276953,83240,Lumbar,stand,-0.000976,1.016504,-0.051728,2.45,-1.75,0.56,-54
1787062277313,83416,Lumbar,stand,-0.029768,1.014552,-0.063928,2.59,-1.26,-0.35,-53
1787062277313,83448,Lumbar,stand,-0.028304,1.007232,-0.076128,2.45,-3.08,0.07,-53
1787062277313,83465,Lumbar,stand,-0.021472,1.013088,-0.078568,2.03,-3.78,0.56,-53
1787062277313,83482,Lumbar,stand,-0.015128,1.022848,-0.071248,1.26,-3.92,0.56,-53
1787062277313,83499,Lumbar,stand,-0.012688,1.022848,-0.061976,0.56,-3.99,0.21,-53
1787062277313,83530,Lumbar,stand,-0.013664,1.014552,-0.055144,0.7,-3.92,0.28,-53
1787062277313,83547,Lumbar,stand,-0.019032,1.014064,-0.059048,0.98,-4.06,0.35,-53
1787062277313,83564,Lumbar,stand,-0.019032,1.016504,-0.063928,0.98,-4.97,0.14,-53
1787062277313,83581,Lumbar,stand,-0.011712,1.021872,-0.062464,0.77,-5.67,-0.7,-53
1787062277313,83598,Lumbar,stand,-0.006344,1.017968,-0.05368,0.21,-6.23,-0.98,-53
1787062277668,83774,Lumbar,stand,-0.016592,1.002352,-0.045872,-0.21,-1.12,0,-53
1787062277668,83805,Lumbar,stand,-0.020984,1.009184,-0.055144,1.75,-1.4,-0.07,-53
1787062277668,83822,Lumbar,stand,-0.017568,1.013576,-0.058072,2.38,-1.4,0,-53
1787062277668,83839,Lumbar,stand,-0.015616,1.013576,-0.060024,2.17,-0.84,0.21,-53
1787062277668,83856,Lumbar,stand,-0.015616,1.0126,-0.060512,2.1,-0.56,0.35,-53
1787062277668,83887,Lumbar,stand,-0.012688,1.01504,-0.068808,1.82,-0.84,0.63,-53
1787062277668,83904,Lumbar,stand,-0.016104,1.014064,-0.068808,1.82,-1.33,1.12,-53
1787062277668,83921,Lumbar,stand,-0.020008,1.012112,-0.06588,1.89,-1.54,1.4,-53
1787062277668,83938,Lumbar,stand,-0.019032,1.016016,-0.061,1.82,-1.89,1.47,-53
1787062277668,83955,Lumbar,stand,-0.01708,1.016504,-0.054168,1.47,-2.03,1.19,-53
1787062278025,84129,Lumbar,stand,-0.0122,1.007232,-0.031232,0.14,-2.31,0,-53
1787062278025,84161,Lumbar,stand,-0.00488,1.008208,-0.061976,0.14,-1.33,0.77,-53
1787062278025,84178,Lumbar,stand,-0.006832,1.01748,-0.05856,0.42,-0.84,0.63,-53
1787062278025,84196,Lumbar,stand,-0.0122,1.02968,-0.052216,0.14,-0.7,-0.49,-53
1787062278025,84213,Lumbar,stand,-0.01952,1.030168,-0.049776,-0.35,-1.33,-1.12,-53
1787062278025,84230,Lumbar,stand,-0.025864,1.024312,-0.042456,-1.4,-2.1,-1.54,-53
1787062278025,84261,Lumbar,stand,-0.03172,1.001864,-0.0366,-1.61,-1.68,-0.07,-53
1787062278025,84278,Lumbar,stand,-0.02928,0.998448,-0.045384,0.56,-3.29,1.12,-53
1787062278025,84295,Lumbar,stand,-0.020008,1.008208,-0.045384,1.47,-4.48,1.12,-53
1787062278025,84312,Lumbar,stand,-0.015616,1.0126,-0.040016,2.1,-4.55,0.63,-53
1787062278384,84487,Lumbar,stand,-0.013664,1.01504,-0.05856,0,-1.19,-0.63,-53
1787062278384,84517,Lumbar,stand,-0.02684,1.00772,-0.05368,-0.14,-1.12,-0.14,-53
1787062278384,84535,Lumbar,stand,-0.02684,1.004304,-0.05124,0.77,-1.47,-0.21,-53
1787062278384,84553,Lumbar,stand,-0.018056,1.009672,-0.052704,1.82,-2.31,0,-53
1787062278384,84569,Lumbar,stand,-0.018056,1.014552,-0.056608,2.31,-3.36,0.42,-53
1787062278384,84600,Lumbar,stand,-0.025864,1.01748,-0.05368,1.26,-3.92,0.63,-53
1787062278384,84617,Lumbar,stand,-0.020008,1.011136,-0.05124,1.4,-4.2,0.56,-53
1787062278384,84634,Lumbar,stand,-0.01464,1.005768,-0.049776,2.66,-4.41,0.7,-53
1787062278384,84651,Lumbar,stand,-0.013664,1.00772,-0.046848,3.36,-4.41,0.91,-53
1787062278384,84668,Lumbar,stand,-0.011712,1.020408,-0.042944,3.22,-4.13,0.84,-53
1787062278749,84843,Lumbar,stand,-0.029768,1.018944,-0.051728,5.04,-1.82,1.05,-53
1787062278749,84874,Lumbar,stand,-0.01708,1.025776,-0.079544,3.22,-3.85,1.61,-53
1787062278749,84891,Lumbar,stand,-0.008296,1.015528,-0.04636,1.05,-3.01,1.68,-53
1787062278749,84908,Lumbar,stand,-0.006344,1.004304,-0.00488,2.94,-0.91,1.47,-53
1787062278749,84925,Lumbar,stand,-0.009272,1.003816,-0.001952,7.14,-1.89,1.05,-53
1787062278749,84956,Lumbar,stand,-0.015128,1.05164,-0.068808,7.35,-6.02,-0.7,-53
1787062278749,84973,Lumbar,stand,-0.01464,1.057984,-0.08052,2.17,-5.53,-1.4,-53
1787062278749,84990,Lumbar,stand,-0.012688,1.048712,-0.079544,-0.84,-4.2,-1.12,-53
1787062278749,85007,Lumbar,stand,-0.010248,1.025288,-0.071736,-4.83,-2.52,-0.7,-53
1787062278749,85024,Lumbar,stand,-0.008784,1.009672,-0.060024,-6.02,-2.73,0.14,-53
1787062279158,85259,Lumbar,stand,-0.018544,1.024312,-0.076128,4.83,-4.2,-1.61,-53
1787062279158,85292,Lumbar,stand,-0.017568,1.023336,-0.067832,1.75,-4.27,-1.61,-53
1787062279158,85309,Lumbar,stand,-0.011712,1.024312,-0.062464,-0.56,-2.52,-1.4,-53
1787062279158,85326,Lumbar,stand,-0.010248,1.02724,-0.06588,-2.17,-1.61,-1.19,-53
1787062279158,85343,Lumbar,stand,-0.010248,1.0248,-0.08052,-4.41,-2.03,-0.91,-53
1787062279158,85360,Lumbar,stand,-0.014152,1.021872,-0.087352,-6.79,-3.29,-0.49,-53
1787062279158,85391,Lumbar,stand,-0.027816,0.992592,-0.032696,-7.84,-1.12,0.35,-53
1787062279158,85408,Lumbar,stand,-0.02684,0.979904,0.000976,-3.78,0.98,1.47,-53
1787062279158,85425,Lumbar,stand,-0.0244,0.971608,0.006832,-0.77,1.05,2.31,-53
1787062279158,85442,Lumbar,stand,-0.022448,0.987224,0.010248,4.9,-0.49,2.45,-53
1787062279516,85617,Lumbar,stand,-0.020496,1.025776,-0.083936,-5.11,-3.92,-0.42,-53
1787062279516,85648,Lumbar,stand,-0.025376,0.99308,-0.037576,-7,-2.73,1.4,-53
1787062279516,85665,Lumbar,stand,-0.02196,0.975024,0.00488,-3.57,-0.14,2.38,-53
1787062279516,85682,Lumbar,stand,-0.014152,0.976976,0.020008,2.73,1.05,2.66,-53
1787062279516,85700,Lumbar,stand,-0.0122,0.990152,0.006832,8.54,-0.91,1.47,-53
1787062279516,85731,Lumbar,stand,-0.01464,1.03944,-0.027816,10.15,-3.36,-0.77,-53
1787062279516,85748,Lumbar,stand,-0.014152,1.042856,-0.05124,7.56,-1.61,-1.54,-53
1787062279516,85765,Lumbar,stand,-0.013664,1.040904,-0.063928,5.81,0.14,-1.68,-53
1787062279516,85782,Lumbar,stand,-0.016592,1.03212,-0.088328,1.68,0.14,-1.68,-53
1787062279516,85799,Lumbar,stand,-0.016592,1.018456,-0.100528,-1.47,-1.05,-1.61,-53
1787062279875,85976,Lumbar,stand,-0.043432,1.04676,-0.093208,5.11,-5.53,-2.94,-51
1787062279875,86007,Lumbar,stand,-0.069784,1.018944,-0.089304,0.49,-8.47,-1.05,-51
1787062279875,86024,Lumbar,stand,-0.066856,1.006256,-0.061976,1.26,-8.61,0.28,-51
1787062279875,86042,Lumbar,stand,-0.042944,1.008208,-0.037576,1.47,-8.68,1.54,-51
1787062279875,86059,Lumbar,stand,-0.02928,1.00772,-0.028792,0.14,-8.26,2.31,-51
1787062279875,86090,Lumbar,stand,-0.008296,1.0004,-0.022936,0.7,-7.21,3.01,-51
1787062279875,86107,Lumbar,stand,-0.013176,1.004792,-0.035624,2.73,-6.72,2.94,-51
1787062279875,86124,Lumbar,stand,-0.025864,1.021872,-0.042944,3.57,-6.23,2.38,-51
1787062279875,86141,Lumbar,stand,-0.030744,1.02968,-0.054168,4.27,-4.41,2.1,-51
1787062279875,86158,Lumbar,stand,-0.021472,1.029192,-0.061976,3.99,-3.22,1.89,-51
1787062280231,86334,Lumbar,stand,-0.01708,0.998448,-0.041968,3.92,-1.82,-0.84,-51
1787062280231,86365,Lumbar,stand,-0.0244,1.00528,-0.036112,4.76,0.21,-2.03,-51
1787062280231,86382,Lumbar,stand,-0.040504,1.0126,-0.04636,4.9,2.59,-0.49,-51
1787062280231,86399,Lumbar,stand,-0.046848,1.021872,-0.052704,4.97,3.15,0.21,-51
1787062280231,86416,Lumbar,stand,-0.04392,1.037488,-0.065392,5.67,2.1,-0.21,-51
1787062280231,86447,Lumbar,stand,-0.034648,1.02968,-0.077592,3.01,-5.53,-1.96,-51
1787062280231,86464,Lumbar,stand,-0.029768,1.005768,-0.073688,2.24,-6.23,-1.61,-51
1787062280231,86481,Lumbar,stand,-0.02928,0.996008,-0.066856,2.03,-5.11,-0.28,-51
1787062280231,86498,Lumbar,stand,-0.032208,1.011624,-0.06344,2.17,-2.94,0.98,-51
1787062280231,86515,Lumbar,stand,-0.033184,1.031144,-0.061976,1.33,-1.47,0.98,-51
1787062280588,86690,Lumbar,stand,-0.0244,1.013088,-0.085888,-3.78,-6.72,2.31,-51
1787062280588,86721,Lumbar,stand,-0.027816,1.005768,0.011224,-4.48,-1.54,2.94,-51
1787062280588,86738,Lumbar,stand,-0.030256,0.991616,0.020496,-2.8,0.07,2.38,-51
1787062280588,86755,Lumbar,stand,-0.03416,0.992104,-0.000488,1.89,0.91,2.38,-51
1787062280588,86772,Lumbar,stand,-0.038552,1.001376,-0.038064,3.22,-3.43,2.45,-51
1787062280588,86803,Lumbar,stand,-0.037088,1.013088,-0.052216,1.26,-5.25,2.17,-51
1787062280588,86820,Lumbar,stand,-0.032696,1.027728,-0.05124,1.89,-1.05,2.38,-51
1787062280588,86837,Lumbar,stand,-0.022448,1.048712,-0.05368,1.54,0.56,2.1,-51
1787062280588,86854,Lumbar,stand,-0.01952,1.02968,-0.040016,-1.68,0.28,1.75,-51
1787062280588,86871,Lumbar,stand,-0.020496,1.014064,-0.032208,-2.73,-0.91,1.68,-51
1787062280943,87046,Lumbar,stand,-0.02928,1.009184,-0.033184,1.05,-1.19,1.4,-52
1787062280943,87077,Lumbar,stand,-0.025864,1.018456,-0.040504,1.19,-2.24,1.4,-52
1787062280943,87094,Lumbar,stand,-0.023912,1.01504,-0.037576,0.77,-1.82,1.75,-52
1787062280943,87111,Lumbar,stand,-0.015128,1.008208,-0.035624,0.21,-0.56,1.82,-52
1787062280943,87128,Lumbar,stand,-0.0122,1.007232,-0.040016,0.77,0,1.68,-52
1787062280943,87159,Lumbar,stand,-0.016104,1.031632,-0.038552,2.1,-1.12,0.49,-52
1787062280943,87176,Lumbar,stand,-0.022448,1.031632,-0.028304,1.19,-1.12,0,-52
1787062280943,87193,Lumbar,stand,-0.02196,1.022848,-0.026352,-17.5,-0.49,0.21,-52
1787062280943,87210,Lumbar,stand,-0.023912,1.003816,-0.02684,-0.35,-0.21,0.49,-52
1787062280943,87227,Lumbar,stand,-0.0244,0.999424,-0.034648,0.77,-0.28,1.05,-52
1787062281299,87402,Lumbar,stand,-0.020984,1.01504,-0.027816,0,-3.01,1.33,-52
1787062281299,87433,Lumbar,stand,-0.016104,1.015528,-0.03416,1.05,-3.36,0.7,-52
1787062281299,87450,Lumbar,stand,-0.018544,1.018944,-0.036112,0.98,-2.87,0.42,-52
1787062281299,87467,Lumbar,stand,-0.020984,1.018944,-0.037088,0.91,-2.45,0.42,-52
1787062281299,87484,Lumbar,stand,-0.0244,1.01504,-0.034648,0.98,-2.38,0.49,-52
1787062281299,87515,Lumbar,stand,-0.02684,1.016016,-0.032208,0.35,-3.22,0.49,-52
1787062281299,87532,Lumbar,stand,-0.024888,1.016992,-0.031232,0.42,-3.36,0.28,-52
1787062281299,87549,Lumbar,stand,-0.027328,1.014064,-0.025864,0.7,-3.08,-0.14,-52
1787062281299,87566,Lumbar,stand,-0.028304,1.012112,-0.0244,1.19,-2.66,-0.07,-52
1787062281299,87583,Lumbar,stand,-0.029768,1.01504,-0.029768,1.4,-2.38,0.63,-52
1787062281657,87756,Lumbar,stand,-0.019032,1.01504,-0.03904,1.26,-3.43,0.28,-52
1787062281657,87787,Lumbar,stand,-0.026352,1.018456,-0.036112,1.05,-2.94,0.91,-52
1787062281657,87804,Lumbar,stand,-0.021472,1.025288,-0.02928,1.12,-2.03,0.98,-52
1787062281657,87822,Lumbar,stand,-0.015128,1.023336,-0.030256,1.26,-2.03,0.7,-52
1787062281657,87838,Lumbar,stand,-0.007808,1.014552,-0.027816,1.54,-2.8,0.28,-52
1787062281657,87869,Lumbar,stand,-0.019032,1.005768,-0.033184,2.45,-3.43,0.49,-52
1787062281657,87886,Lumbar,stand,-0.023424,1.0126,-0.034648,2.87,-3.43,0.77,-52
1787062281657,87903,Lumbar,stand,-0.022936,1.014552,-0.0366,2.94,-2.94,0.91,-52
1787062281657,87920,Lumbar,stand,-0.020008,1.013088,-0.037576,3.01,-2.73,0.98,-52
1787062281657,87937,Lumbar,stand,-0.020008,1.006256,-0.04148,3.5,-2.94,1.19,-52
1787062282014,88113,Lumbar,stand,-0.016104,1.01992,-0.035624,1.47,-1.89,1.12,-52
1787062282014,88145,Lumbar,stand,-0.012688,1.02236,-0.027816,-0.49,-2.52,1.19,-52
1787062282014,88162,Lumbar,stand,-0.013664,1.016504,-0.014152,-0.28,-2.38,0.98,-52
1787062282014,88179,Lumbar,stand,-0.019032,1.018456,-0.016104,0.42,-1.54,0.98,-52
1787062282014,88196,Lumbar,stand,-0.023424,1.01992,-0.03416,-0.84,-0.63,0.98,-52
1787062282014,88227,Lumbar,stand,-0.01708,1.006256,-0.02684,-1.4,-1.82,1.19,-52
1787062282014,88244,Lumbar,stand,-0.0122,1.005768,-0.021472,0.56,-2.24,1.05,-52
1787062282014,88261,Lumbar,stand,-0.011224,1.009672,-0.025864,1.4,-2.17,1.05,-52
1787062282014,88278,Lumbar,stand,-0.015128,1.01992,-0.036112,1.89,-2.24,1.05,-52
1787062282014,88295,Lumbar,stand,-0.009272,1.024312,-0.035624,1.75,-2.38,0.77,-52
1787062282373,88470,Lumbar,stand,-0.020496,1.006744,-0.016592,1.82,-2.45,0.42,-55
1787062282373,88502,Lumbar,stand,-0.015128,1.017968,-0.016592,2.17,-2.66,0.35,-55
1787062282373,88519,Lumbar,stand,-0.020984,1.021872,-0.016592,1.54,-1.89,0.07,-55
1787062282373,88537,Lumbar,stand,-0.022448,1.01992,-0.025864,0.84,-1.47,-0.14,-55
1787062282373,88554,Lumbar,stand,-0.020496,1.020408,-0.030744,0.84,-2.1,0.14,-55
1787062282373,88571,Lumbar,stand,-0.018056,1.018456,-0.039528,0.77,-2.66,0.28,-55
1787062282373,88602,Lumbar,stand,-0.014152,1.011136,-0.044408,0,-3.57,0.49,-55
1787062282373,88619,Lumbar,stand,-0.023424,1.013088,-0.030744,0.56,-3.64,0.49,-55
1787062282373,88636,Lumbar,stand,-0.025864,1.021384,-0.015616,0.91,-3.99,0.77,-55
1787062282373,88653,Lumbar,stand,-0.01952,1.015528,-0.010736,0.35,-3.99,0.98,-55
1787062282742,88828,Lumbar,stand,-0.016592,1.026264,-0.03172,1.4,-2.38,-0.63,-55
1787062282742,88859,Lumbar,stand,-0.00732,1.014552,-0.011224,-0.63,-1.82,-1.05,-55
1787062282742,88877,Lumbar,stand,-0.00732,1.007232,-0.006344,0.42,-1.47,-0.84,-55
1787062282742,88893,Lumbar,stand,-0.010248,1.005768,-0.00976,1.47,-1.26,-0.77,-55
1787062282742,88910,Lumbar,stand,-0.0122,1.01748,-0.023424,2.17,-1.12,-0.91,-55
1787062282742,88941,Lumbar,stand,-0.019032,1.018944,-0.0244,1.26,-0.42,-0.7,-55
1787062282742,88958,Lumbar,stand,-0.020984,1.010648,-0.028304,0.7,-0.42,-0.35,-55
1787062282742,88975,Lumbar,stand,-0.018544,1.013576,-0.027328,0.98,-1.54,0,-55
1787062282742,88992,Lumbar,stand,-0.015128,1.01992,-0.022936,1.68,-2.45,-0.14,-55
1787062282742,89009,Lumbar,stand,-0.013664,1.01748,-0.018544,1.61,-2.8,-0.56,-55
1787062283086,89184,Lumbar,stand,-0.023912,1.025776,-0.028304,2.52,-1.12,0.14,-55
1787062283086,89215,Lumbar,stand,-0.02928,1.026264,-0.030256,0.42,-1.19,0.49,-55
1787062283086,89232,Lumbar,stand,-0.032208,1.01748,-0.02196,-1.05,-2.24,0.7,-55
1787062283086,89249,Lumbar,stand,-0.026352,1.00284,-0.013176,-0.63,-2.73,0.7,-55
1787062283086,89267,Lumbar,stand,-0.019032,1.001864,-0.013176,1.54,-1.75,0.63,-55
1787062283086,89298,Lumbar,stand,-0.016592,1.015528,-0.026352,3.29,-0.56,0.35,-55
1787062283086,89315,Lumbar,stand,-0.018544,1.020408,-0.03416,3.15,-1.47,0.21,-55
1787062283086,89332,Lumbar,stand,-0.023424,1.024312,-0.040016,2.8,-2.73,-0.28,-55
1787062283086,89349,Lumbar,stand,-0.023424,1.025288,-0.049776,2.87,-4.62,-0.63,-55
1787062283086,89366,Lumbar,stand,-0.019032,1.028704,-0.053192,2.73,-5.46,-0.56,-55
1787062283444,89542,Lumbar,stand,-0.027816,1.034072,-0.035624,1.75,-2.8,-0.49,-52
1787062283444,89573,Lumbar,stand,-0.023424,1.00772,-0.011224,0.98,-1.75,0.21,-52
1787062283444,89590,Lumbar,stand,-0.023424,1.002352,-0.015616,2.38,-2.45,1.12,-52
1787062283444,89607,Lumbar,stand,-0.020984,1.006744,-0.025376,3.71,-3.01,0.84,-52
1787062283444,89624,Lumbar,stand,-0.019032,1.01748,-0.02684,4.2,-2.59,0.35,-52
1787062283444,89655,Lumbar,stand,-0.019032,1.03456,-0.025864,2.38,-2.17,0.07,-52
1787062283444,89672,Lumbar,stand,-0.02196,1.023336,-0.024888,0.7,-1.75,0.07,-52
1787062283444,89689,Lumbar,stand,-0.022936,1.014064,-0.025864,0.91,-1.75,0.42,-52
1787062283444,89706,Lumbar,stand,-0.024888,1.00772,-0.02684,1.61,-1.89,0.49,-52
1787062283444,89723,Lumbar,stand,-0.022448,1.012112,-0.025376,2.31,-2.24,0.7,-52
1787062283801,89899,Lumbar,stand,-0.022936,1.004792,-0.019032,3.5,-1.47,1.12,-52
1787062283801,89930,Lumbar,stand,-0.015128,1.01992,-0.016592,5.53,-1.54,0.35,-52
1787062283801,89948,Lumbar,stand,-0.016592,1.026264,-0.022936,5.32,-1.19,0.07,-52
1787062283801,89965,Lumbar,stand,-0.018056,1.026264,-0.033184,4.06,-0.7,0.21,-52
1787062283801,89982,Lumbar,stand,-0.020984,1.022848,-0.0366,1.96,-0.35,0.63,-52
1787062283801,89999,Lumbar,stand,-0.023424,1.016504,-0.036112,1.54,-0.42,0.98,-52
1787062283801,90030,Lumbar,stand,-0.023424,1.016504,-0.04148,2.66,-2.94,1.05,-52
1787062283801,90047,Lumbar,stand,-0.02196,1.016504,-0.045384,3.01,-4.97,0.98,-52
1787062283801,90064,Lumbar,stand,-0.017568,1.019432,-0.04148,3.15,-5.67,1.12,-52
1787062283801,90081,Lumbar,stand,-0.012688,1.024312,-0.022936,2.1,-5.81,1.12,-52
1787062284159,90257,Lumbar,stand,-0.019032,1.006256,-0.036112,4.41,-2.17,1.19,-52
1787062284159,90288,Lumbar,stand,-0.01952,1.023824,-0.03416,4.55,-2.17,0.21,-52
1787062284159,90305,Lumbar,stand,-0.021472,1.034072,-0.03416,3.99,-2.1,0.07,-52
1787062284159,90322,Lumbar,stand,-0.020496,1.033584,-0.035624,2.52,-2.17,0.42,-52
1787062284159,90339,Lumbar,stand,-0.020008,1.024312,-0.033184,1.82,-2.03,0.63,-52
1787062284159,90370,Lumbar,stand,-0.019032,1.004792,-0.024888,2.31,-2.45,0.56,-52
1787062284159,90387,Lumbar,stand,-0.022448,0.997472,-0.022936,3.29,-3.43,0.49,-52
1787062284159,90404,Lumbar,stand,-0.016104,0.998448,-0.016104,5.18,-4.2,0.49,-52
1787062284159,90421,Lumbar,stand,-0.013176,1.020896,-0.023424,7,-3.43,0.42,-52
1787062284159,90438,Lumbar,stand,-0.010248,1.039928,-0.033672,6.09,-2.59,0.14,-52
1787062284518,90614,Lumbar,stand,-0.018056,1.016016,-0.051728,1.89,-2.52,0.56,-52
1787062284518,90646,Lumbar,stand,-0.01952,1.018944,-0.043432,2.03,-1.54,0.42,-52
1787062284518,90663,Lumbar,stand,-0.02196,1.028704,-0.045872,2.24,-2.45,-0.21,-52
1787062284518,90680,Lumbar,stand,-0.030744,1.03456,-0.042456,1.75,-3.01,-0.56,-52
1787062284518,90697,Lumbar,stand,-0.035136,1.018944,-0.02928,0.28,-3.36,-0.91,-52
1787062284518,90728,Lumbar,stand,-0.022448,0.994544,-0.03172,1.26,-2.38,-0.35,-52
1787062284518,90745,Lumbar,stand,-0.01708,1.002352,-0.048312,2.52,-2.59,-0.07,-52
1787062284518,90762,Lumbar,stand,-0.018056,1.025776,-0.050264,3.15,-3.15,-0.28,-52
1787062284518,90779,Lumbar,stand,-0.017568,1.02968,-0.034648,1.75,-1.96,-0.98,-52
1787062284518,90796,Lumbar,stand,-0.01952,1.013576,-0.031232,1.19,-1.4,-1.19,-52
1787062284876,90973,Lumbar,stand,-0.024888,1.025776,-0.038552,2.87,-3.15,0.21,-49
1787062284876,91004,Lumbar,stand,-0.027328,1.01992,-0.042944,0.42,-3.22,0,-49
1787062284876,91021,Lumbar,stand,-0.028792,1.016992,-0.04392,0.63,-3.15,0.14,-49
1787062284876,91038,Lumbar,stand,-0.027328,1.008696,-0.042944,0.98,-3.22,0.21,-49
1787062284876,91055,Lumbar,stand,-0.024888,1.005768,-0.040504,1.89,-3.08,0.49,-49
1787062284876,91086,Lumbar,stand,-0.016104,1.012112,-0.044408,2.38,-1.75,1.05,-49
1787062284876,91103,Lumbar,stand,-0.01464,1.015528,-0.050264,2.31,-2.1,1.12,-49
1787062284876,91120,Lumbar,stand,-0.018544,1.018944,-0.044896,3.15,-3.36,0.77,-49
1787062284876,91137,Lumbar,stand,-0.02684,1.030656,-0.032696,3.85,-3.29,-0.28,-49
1787062284876,91154,Lumbar,stand,-0.029768,1.034072,-0.03416,3.08,-2.1,-1.47,-49
1787062285231,91329,Lumbar,stand,-0.029768,1.016504,-0.025864,2.17,-5.6,0.49,-49
1787062285231,91360,Lumbar,stand,-0.022936,1.023824,-0.038552,2.17,-6.09,0.21,-49
1787062285231,91377,Lumbar,stand,-0.022936,1.024312,-0.042456,0.7,-6.09,0.56,-49
1787062285231,91394,Lumbar,stand,-0.027328,1.017968,-0.045872,-0.84,-6.37,0.7,-49
1787062285231,91411,Lumbar,stand,-0.026352,1.00528,-0.037088,-1.05,-5.46,0.63,-49
1787062285231,91442,Lumbar,stand,-0.018056,1.013088,-0.025864,0.98,-4.34,0.7,-49
1787062285231,91459,Lumbar,stand,-0.015128,1.022848,-0.01952,0.84,-3.99,0.35,-49
1787062285231,91476,Lumbar,stand,-0.014152,1.018456,-0.02196,0.28,-3.71,0.07,-49
1787062285231,91493,Lumbar,stand,-0.020984,1.015528,-0.0244,0.49,-3.64,-0.42,-49
1787062285231,91510,Lumbar,stand,-0.025864,1.011624,-0.032696,1.26,-3.08,-0.42,-49
1787062285589,91686,Lumbar,stand,-0.022448,1.014552,-0.035624,1.05,-1.89,0.91,-49
1787062285589,91717,Lumbar,stand,-0.026352,1.016992,-0.032696,1.33,-1.61,0.56,-49
1787062285589,91734,Lumbar,stand,-0.027328,1.015528,-0.030256,1.68,-1.05,0.49,-49
1787062285589,91751,Lumbar,stand,-0.029768,1.013088,-0.02928,2.38,-0.14,0.63,-49
1787062285589,91768,Lumbar,stand,-0.029768,1.014552,-0.030744,2.66,0.14,0.84,-49
1787062285589,91799,Lumbar,stand,-0.027816,1.021872,-0.035136,2.17,0.42,0.42,-49
1787062285589,91816,Lumbar,stand,-0.027816,1.020896,-0.034648,1.96,0.14,0,-49
1787062285589,91833,Lumbar,stand,-0.026352,1.018456,-0.032696,1.96,0,-0.14,-49
1787062285589,91849,Lumbar,stand,-0.024888,1.014064,-0.031232,1.68,0.35,-0.07,-49
1787062285589,91866,Lumbar,stand,-0.030744,1.011624,-0.033672,1.75,0.63,0.14,-49
1787062285945,92042,Lumbar,stand,-0.021472,1.009184,-0.027816,4.69,0.35,0.77,-51
1787062285945,92073,Lumbar,stand,-0.023912,1.00528,-0.023424,7.49,1.26,0,-51
1787062285945,92090,Lumbar,stand,-0.025376,1.015528,-0.02928,8.54,1.96,-0.28,-51
1787062285945,92107,Lumbar,stand,-0.02928,1.018456,-0.032208,8.19,2.17,-0.07,-51
1787062285945,92124,Lumbar,stand,-0.025376,1.018456,-0.042944,6.79,2.38,0.07,-51
1787062285945,92155,Lumbar,stand,-0.015616,1.026264,-0.069784,5.46,1.96,0.63,-51
1787062285945,92172,Lumbar,stand,-0.01708,1.030168,-0.074664,3.92,1.89,0.49,-51
1787062285945,92189,Lumbar,stand,-0.02196,1.02724,-0.065392,2.52,1.82,-0.14,-51
1787062285945,92206,Lumbar,stand,-0.0244,1.01504,-0.052216,2.03,1.19,-0.49,-51
1787062285945,92223,Lumbar,stand,-0.027328,1.002352,-0.0488,2.73,0.42,-0.07,-51
1787062286301,92397,Lumbar,stand,-0.020496,1.013088,-0.05612,-1.19,-1.96,0,-51
1787062286301,92429,Lumbar,stand,-0.021472,1.014552,-0.050752,-0.77,-0.35,-0.84,-51
1787062286301,92446,Lumbar,stand,-0.027328,1.014064,-0.050264,-0.35,-0.14,-1.26,-51
1787062286301,92463,Lumbar,stand,-0.03172,1.011624,-0.048312,-0.21,-0.35,-1.47,-51
1787062286301,92480,Lumbar,stand,-0.03172,1.005768,-0.04636,0.14,-0.56,-1.12,-51
1787062286301,92511,Lumbar,stand,-0.02684,1.014064,-0.044408,1.47,0.21,-0.35,-51
1787062286301,92528,Lumbar,stand,-0.027816,1.020896,-0.05124,1.26,0.7,-0.35,-51
1787062286301,92545,Lumbar,stand,-0.032208,1.014064,-0.060512,0.28,0.28,-0.14,-51
1787062286301,92562,Lumbar,stand,-0.031232,1.0126,-0.062464,0.07,-0.49,0.07,-51
1787062286301,92579,Lumbar,stand,-0.030256,1.01504,-0.059536,0.14,-0.77,0.07,-51
1787062286656,92754,Lumbar,stand,-0.031232,1.010648,-0.048312,0.07,-3.29,0.21,-51
1787062286656,92785,Lumbar,stand,-0.032208,1.014552,-0.047336,0.56,-2.94,0,-51
1787062286656,92802,Lumbar,stand,-0.038064,1.013088,-0.05124,0.56,-3.08,0,-51
1787062286656,92819,Lumbar,stand,-0.04392,1.009672,-0.052704,0.63,-3.36,0.42,-51
1787062286656,92835,Lumbar,stand,-0.042456,1.009184,-0.0488,0.7,-3.43,0.77,-51
1787062286656,92866,Lumbar,stand,-0.024888,1.006744,-0.035136,1.33,-2.52,1.05,-51
1787062286656,92883,Lumbar,stand,-0.023424,1.005768,-0.035624,2.52,-1.19,0.91,-51
1787062286656,92900,Lumbar,stand,-0.022936,1.011624,-0.035136,3.08,-0.49,0.84,-51
1787062286656,92917,Lumbar,stand,-0.024888,1.01748,-0.039528,3.43,0.14,0.84,-51
1787062286656,92934,Lumbar,stand,-0.0244,1.016016,-0.042944,3.22,0.14,0.7,-51
1787062287014,93108,Lumbar,stand,-0.032696,1.014064,-0.047336,2.24,-1.61,2.38,-50
1787062287014,93139,Lumbar,stand,-0.034648,1.038952,-0.040992,-0.49,-3.57,1.68,-50
1787062287014,93156,Lumbar,stand,-0.037088,1.030656,-0.03416,-1.96,-3.43,1.75,-50
1787062287014,93173,Lumbar,stand,-0.033672,1.01016,-0.010248,-2.8,-2.1,1.89,-50
1787062287014,93190,Lumbar,stand,-0.0366,0.99308,-0.009272,-0.84,-0.77,1.89,-50
1787062287014,93221,Lumbar,stand,-0.023912,0.994056,-0.044408,3.29,-2.24,2.52,-50
1787062287014,93238,Lumbar,stand,-0.015128,1.010648,-0.055144,4.48,-3.08,2.59,-50
1787062287014,93255,Lumbar,stand,-0.014152,1.031632,-0.059048,4.48,-2.8,2.31,-50
1787062287014,93272,Lumbar,stand,-0.013664,1.04432,-0.052216,2.24,-2.24,1.96,-50
1787062287014,93289,Lumbar,stand,-0.015616,1.040904,-0.045872,0.63,-1.68,1.89,-50
1787062287371,93466,Lumbar,stand,-0.013664,1.025288,-0.049288,4.27,-3.36,0,-50
1787062287371,93497,Lumbar,stand,-0.017568,1.03212,-0.054656,1.33,-2.8,-0.35,-50
1787062287371,93514,Lumbar,stand,-0.020008,1.020408,-0.05124,-0.63,-2.87,-0.14,-50
1787062287371,93531,Lumbar,stand,-0.020496,1.0126,-0.043432,-1.12,-3.36,0.21,-50
1787062287371,93548,Lumbar,stand,-0.018056,1.006744,-0.040016,-0.07,-3.78,0.35,-50
1787062287371,93579,Lumbar,stand,-0.010248,1.013576,-0.040504,1.4,-3.08,0,-50
1787062287371,93596,Lumbar,stand,-0.007808,1.021384,-0.03904,0.91,-1.96,-0.28,-50
1787062287371,93613,Lumbar,stand,-0.013664,1.026264,-0.044408,-0.21,-1.05,-0.35,-50
1787062287371,93630,Lumbar,stand,-0.020984,1.024312,-0.047824,-0.84,-1.33,-0.21,-50
1787062287371,93647,Lumbar,stand,-0.030744,1.021872,-0.051728,-1.19,-1.68,-0.21,-50
1787062287730,93822,Lumbar,stand,-0.03172,1.004304,-0.038064,3.29,-1.89,0.21,-53
1787062287730,93853,Lumbar,stand,-0.023424,1.018944,-0.045872,3.64,-3.01,0.49,-53
1787062287730,93871,Lumbar,stand,-0.017568,1.020896,-0.04636,3.08,-2.03,0.28,-53
1787062287730,93887,Lumbar,stand,-0.017568,1.0248,-0.045384,1.4,-1.33,0,-53
1787062287730,93904,Lumbar,stand,-0.016104,1.022848,-0.040504,0.63,-1.05,0,-53
1787062287730,93935,Lumbar,stand,-0.023912,1.018944,-0.040992,0.91,-2.1,0.42,-53
1787062287730,93952,Lumbar,stand,-0.02684,1.013576,-0.039528,0.77,-2.73,0.21,-53
1787062287730,93970,Lumbar,stand,-0.028304,1.013088,-0.036112,1.26,-1.12,-0.07,-53
1787062287730,93986,Lumbar,stand,-0.029768,1.016992,-0.033672,1.96,-0.56,-0.14,-53
1787062287730,94003,Lumbar,stand,-0.027328,1.013576,-0.0488,2.17,-1.26,0.14,-53
1787062288086,94178,Lumbar,stand,-0.034648,1.016504,-0.0366,2.24,-4.34,-0.49,-53
1787062288086,94210,Lumbar,stand,-0.033672,1.00772,-0.037576,1.89,-5.74,-0.63,-53
1787062288086,94227,Lumbar,stand,-0.030744,0.996008,-0.035624,3.43,-5.39,-0.14,-53
1787062288086,94245,Lumbar,stand,-0.02928,1.006256,-0.041968,4.69,-5.25,0.28,-53
1787062288086,94262,Lumbar,stand,-0.022448,1.01504,-0.042944,4.83,-5.32,0.07,-53
1787062288086,94279,Lumbar,stand,-0.01464,1.026264,-0.041968,4.69,-5.18,-0.14,-53
1787062288086,94310,Lumbar,stand,-0.008296,1.020408,-0.046848,2.73,-0.84,-0.07,-53
1787062288086,94327,Lumbar,stand,-0.017568,1.012112,-0.049776,2.1,-0.63,-0.07,-53
1787062288086,94344,Lumbar,stand,-0.02928,1.016992,-0.047824,2.38,-1.61,-0.28,-53
1787062288086,94361,Lumbar,stand,-0.030256,1.021384,-0.03904,2.38,-1.96,-0.7,-53
1787062288446,94537,Lumbar,stand,-0.02684,1.016016,-0.046848,4.83,-3.22,1.19,-53
1787062288446,94568,Lumbar,stand,-0.017568,1.029192,-0.05856,3.43,-2.1,0.98,-53
1787062288446,94585,Lumbar,stand,-0.020496,1.0248,-0.057584,2.52,-1.82,0.98,-53
1787062288446,94603,Lumbar,stand,-0.01952,1.020408,-0.058072,2.1,-1.47,0.98,-53
1787062288446,94620,Lumbar,stand,-0.019032,1.00772,-0.05612,1.47,-1.54,1.05,-53
1787062288446,94651,Lumbar,stand,-0.032696,1.00772,-0.042944,3.08,-1.75,0.77,-53
1787062288446,94668,Lumbar,stand,-0.035624,1.015528,-0.040992,3.57,-1.4,0.7,-53
1787062288446,94685,Lumbar,stand,-0.031232,1.019432,-0.05368,3.57,-0.63,0.49,-53
1787062288446,94702,Lumbar,stand,-0.020984,1.023336,-0.063928,2.66,-0.49,0.28,-53
1787062288446,94719,Lumbar,stand,-0.022936,1.020896,-0.059536,1.19,-1.33,0.07,-53
1787062288799,94894,Lumbar,stand,-0.047336,1.016504,-0.044896,5.11,-3.85,0.98,-53
1787062288799,94925,Lumbar,stand,-0.030744,1.020408,-0.051728,3.22,-4.2,0.42,-53
1787062288799,94941,Lumbar,stand,-0.01708,1.016504,-0.045872,2.66,-3.92,0.14,-53
1787062288799,94959,Lumbar,stand,-0.020008,1.01016,-0.035624,3.15,-3.5,-0.14,-53
1787062288799,94975,Lumbar,stand,-0.029768,1.013088,-0.048312,4.2,-3.92,-0.42,-53
1787062288799,95006,Lumbar,stand,-0.030744,1.010648,-0.079544,3.78,-4.48,-0.28,-53
1787062288799,95023,Lumbar,stand,-0.01952,1.016992,-0.082472,3.92,-4.2,0.14,-53
1787062288799,95040,Lumbar,stand,-0.01464,1.038464,-0.072712,2.52,-3.85,0,-53
1787062288799,95057,Lumbar,stand,-0.01708,1.039928,-0.062952,-0.98,-3.5,-0.7,-53
1787062288799,95074,Lumbar,stand,-0.022448,1.023336,-0.050264,-1.82,-3.5,-1.19,-53
1787062289155,95249,Lumbar,stand,-0.048312,1.006744,-0.04636,2.17,-2.94,0.84,-50
1787062289155,95281,Lumbar,stand,-0.044408,1.013576,-0.048312,2.8,-3.08,1.05,-50
1787062289155,95298,Lumbar,stand,-0.040504,1.011136,-0.053192,2.73,-2.73,1.12,-50
1787062289155,95315,Lumbar,stand,-0.029768,1.020896,-0.054656,3.08,-3.29,0.49,-50
1787062289155,95332,Lumbar,stand,-0.028792,1.026752,-0.057096,3.15,-3.71,-0.14,-50
1787062289155,95363,Lumbar,stand,-0.027328,1.026264,-0.060512,2.1,-3.85,-0.07,-50
1787062289155,95380,Lumbar,stand,-0.035136,1.01992,-0.06588,0.56,-2.38,0,-50
1787062289155,95397,Lumbar,stand,-0.040016,1.01504,-0.066856,-0.28,-1.4,0.07,-50
1787062289155,95414,Lumbar,stand,-0.048312,1.00528,-0.06588,-0.84,-1.68,0.21,-50
1787062289155,95431,Lumbar,stand,-0.045384,1.003816,-0.05612,-0.28,-2.31,0.63,-50
1787062289512,95605,Lumbar,stand,-0.033672,1.013088,-0.060024,2.38,-0.56,0.91,-50
1787062289512,95637,Lumbar,stand,-0.0488,1.014552,-0.047336,2.17,-2.8,1.12,-50
1787062289512,95654,Lumbar,stand,-0.043432,1.008696,-0.045384,2.03,-3.71,1.75,-50
1787062289512,95671,Lumbar,stand,-0.03904,1.009672,-0.045384,2.52,-3.22,1.68,-50
1787062289512,95688,Lumbar,stand,-0.029768,1.01748,-0.052216,3.36,-2.94,1.54,-50
1787062289512,95719,Lumbar,stand,-0.01952,1.016504,-0.059536,2.1,-2.1,0.84,-50
1787062289512,95736,Lumbar,stand,-0.018544,1.0126,-0.056608,2.38,-2.1,0.7,-50
1787062289512,95753,Lumbar,stand,-0.022448,1.016504,-0.049288,3.01,-2.31,0.56,-50
1787062289512,95770,Lumbar,stand,-0.025376,1.017968,-0.050264,2.24,-2.03,0.21,-50
1787062289512,95787,Lumbar,stand,-0.030744,1.0126,-0.056608,0.77,-1.19,0.21,-50
1787062289879,95962,Lumbar,stand,-0.040016,1.009184,-0.054656,1.89,-0.49,2.59,-50
1787062289879,95992,Lumbar,stand,-0.028792,1.014064,-0.079544,4.62,-4.76,0.98,-50
1787062289879,96010,Lumbar,stand,-0.020496,1.021384,-0.075152,4.69,-4.76,0.35,-50
1787062289879,96026,Lumbar,stand,-0.022448,1.024312,-0.063928,2.59,-3.57,0.07,-50
1787062289879,96043,Lumbar,stand,-0.034648,1.018456,-0.056608,-0.21,-1.61,1.05,-50
1787062289879,96074,Lumbar,stand,-0.047336,1.01016,-0.056608,0.21,-1.82,1.61,-50
1787062289879,96091,Lumbar,stand,-0.03904,1.014064,-0.061,1.12,-2.94,1.19,-50
1787062289879,96108,Lumbar,stand,-0.026352,1.007232,-0.064416,2.17,-3.01,0.56,-50
1787062289879,96125,Lumbar,stand,-0.020008,1.006744,-0.063928,2.59,-2.31,0.35,-50
1787062289879,96142,Lumbar,stand,-0.01952,1.00528,-0.055632,2.73,-1.89,0.56,-50
1787062290224,96317,Lumbar,stand,-0.025864,1.01504,-0.060512,3.85,-3.99,1.47,-53
1787062290224,96349,Lumbar,stand,-0.01708,1.013576,-0.08052,3.22,-5.25,0.91,-53
1787062290224,96366,Lumbar,stand,-0.02684,1.014552,-0.079056,1.96,-6.37,0.84,-53
1787062290224,96383,Lumbar,stand,-0.035136,1.016504,-0.066368,1.47,-6.93,0.63,-53
1787062290224,96400,Lumbar,stand,-0.036112,1.01748,-0.059048,1.26,-7.28,0.49,-53
1787062290224,96431,Lumbar,stand,-0.022936,1.013088,-0.059048,1.12,-7.84,0.07,-53
1787062290224,96448,Lumbar,stand,-0.015128,1.01016,-0.061,1.26,-7.35,-0.35,-53
1787062290224,96465,Lumbar,stand,-0.014152,1.012112,-0.060024,1.47,-6.02,-0.77,-53
1787062290224,96481,Lumbar,stand,-0.016104,1.013088,-0.058072,1.4,-5.18,-0.63,-53
1787062290224,96498,Lumbar,stand,-0.023424,1.01016,-0.05612,1.19,-3.22,-0.07,-53
1787062290581,96673,Lumbar,stand,-0.038064,1.010648,-0.054168,0.91,-1.19,0.35,-53
1787062290581,96704,Lumbar,stand,-0.025376,1.00772,-0.05856,1.33,-0.98,0.84,-53
1787062290581,96721,Lumbar,stand,-0.021472,1.008696,-0.057096,1.54,-1.05,0.7,-53
1787062290581,96738,Lumbar,stand,-0.016592,1.016992,-0.059536,1.82,-1.19,0.42,-53
1787062290581,96755,Lumbar,stand,-0.018056,1.02968,-0.072224,1.4,-2.1,-0.14,-53
1787062290581,96786,Lumbar,stand,-0.025864,1.018456,-0.081008,-1.12,-3.57,-0.21,-53
1787062290581,96803,Lumbar,stand,-0.02684,1.011624,-0.08296,-0.49,-4.97,-0.14,-53
1787062290581,96820,Lumbar,stand,-0.033184,1.016504,-0.075152,-1.05,-6.09,0.42,-53
1787062290581,96837,Lumbar,stand,-0.04148,1.019432,-0.049776,-2.87,-6.51,1.12,-53
1787062290581,96854,Lumbar,stand,-0.042944,1.019432,-0.00976,-2.87,-5.46,0.98,-53
1787062290939,97030,Lumbar,stand,-0.030744,1.003328,-0.052216,2.66,-0.14,0.7,-53
1787062290939,97061,Lumbar,stand,-0.024888,1.01992,-0.063928,1.96,-0.42,-0.56,-53
1787062290939,97079,Lumbar,stand,-0.027816,1.023824,-0.063928,1.4,-0.56,-0.49,-53
1787062290939,97095,Lumbar,stand,-0.032208,1.01748,-0.05612,0.28,-0.63,-0.28,-53
1787062290939,97112,Lumbar,stand,-0.035624,1.00772,-0.047336,0.35,-0.7,0,-53
1787062290939,97143,Lumbar,stand,-0.032696,1.01016,-0.047824,2.45,-1.89,0.14,-53
1787062290939,97160,Lumbar,stand,-0.02928,1.021384,-0.057096,2.73,-3.43,0.21,-53
1787062290939,97176,Lumbar,stand,-0.025376,1.01992,-0.059536,1.68,-3.57,0.07,-53
1787062290939,97193,Lumbar,stand,-0.024888,1.015528,-0.057584,1.05,-3.15,0.21,-53
1787062290939,97210,Lumbar,stand,-0.022936,1.009184,-0.055632,0.91,-3.08,0.28,-53
1787062291294,97385,Lumbar,stand,-0.037088,1.01504,-0.076128,0.84,-3.15,-0.14,-53
1787062291294,97417,Lumbar,stand,-0.039528,1.021872,-0.08296,-1.96,-4.76,0.14,-53
1787062291294,97434,Lumbar,stand,-0.038064,1.010648,-0.064416,-3.22,-4.62,0.63,-53
1787062291294,97451,Lumbar,stand,-0.0366,0.997472,-0.0488,-2.31,-4.2,1.33,-53
1787062291294,97468,Lumbar,stand,-0.0366,0.99308,-0.034648,-0.14,-3.92,1.89,-53
1787062291294,97499,Lumbar,stand,-0.040016,1.003816,-0.019032,3.43,-3.57,2.24,-53
1787062291294,97516,Lumbar,stand,-0.038064,1.018944,-0.028792,4.62,-3.71,2.24,-53
1787062291294,97533,Lumbar,stand,-0.035136,1.023824,-0.036112,4.55,-4.41,1.47,-53
1787062291294,97550,Lumbar,stand,-0.029768,1.025288,-0.047824,3.85,-4.62,1.05,-53
1787062291294,97567,Lumbar,stand,-0.030744,1.02236,-0.045384,3.36,-4.55,0.63,-53
1787062291650,97742,Lumbar,stand,-0.013664,1.003816,-0.037088,0.98,0.42,0.77,-57
1787062291650,97773,Lumbar,stand,-0.023912,1.025776,-0.040992,1.54,0,0.42,-57
1787062291650,97790,Lumbar,stand,-0.027328,1.021872,-0.044896,0.35,-0.14,0.14,-57
1787062291650,97807,Lumbar,stand,-0.025864,1.017968,-0.044896,0.14,17.85,0.28,-57
1787062291650,97824,Lumbar,stand,-0.023912,1.008696,-0.04392,0.14,0.84,0.42,-57
1787062291650,97855,Lumbar,stand,-0.027328,1.01016,-0.049288,0.21,0.98,0.56,-57
1787062291650,97873,Lumbar,stand,-0.029768,1.011624,-0.05368,0.14,0.56,0.28,-57
1787062291650,97890,Lumbar,stand,-0.03172,1.009672,-0.055144,0.49,0.28,0.21,-57
1787062291650,97907,Lumbar,stand,-0.037576,1.011624,-0.05368,0.49,-0.35,0.35,-57
1787062291650,97924,Lumbar,stand,-0.035624,1.013576,-0.040992,0.35,-1.05,0.42,-57
1787062292006,98097,Lumbar,stand,-0.033184,1.014064,-0.050264,2.31,-2.59,-0.63,-56
1787062292006,98128,Lumbar,stand,-0.046848,1.013088,-0.049776,1.96,-3.85,0.07,-56
1787062292006,98146,Lumbar,stand,-0.049776,1.013088,-0.04392,1.26,-3.57,0.35,-56
1787062292006,98162,Lumbar,stand,-0.046848,1.013576,-0.038552,0.98,-3.43,0.98,-56
1787062292006,98179,Lumbar,stand,-0.037088,1.01504,-0.039528,1.19,-4.2,1.26,-56
1787062292006,98210,Lumbar,stand,-0.027328,1.017968,-0.042944,2.31,-5.95,0.49,-56
1787062292006,98227,Lumbar,stand,-0.020496,1.01992,-0.043432,2.66,-5.81,-0.14,-56
1787062292006,98244,Lumbar,stand,-0.023424,1.015528,-0.042944,2.31,-5.39,-0.14,-56
1787062292006,98261,Lumbar,stand,-0.021472,1.013576,-0.04148,2.03,-4.55,0.07,-56
1787062292006,98278,Lumbar,stand,-0.01952,1.011136,-0.041968,1.75,-4.06,0.21,-56
1787062292364,98454,Lumbar,stand,-0.042944,1.011136,-0.048312,2.31,-2.87,-1.82,-56
1787062292364,98485,Lumbar,stand,-0.050752,1.009672,-0.035136,2.17,-3.29,-0.7,-56
1787062292364,98502,Lumbar,stand,-0.047824,1.01504,-0.0366,2.52,-3.01,0.28,-56
1787062292364,98520,Lumbar,stand,-0.044896,1.022848,-0.04636,2.59,-3.43,0.42,-56
1787062292364,98537,Lumbar,stand,-0.0366,1.024312,-0.05612,2.38,-3.92,-0.14,-56
1787062292364,98568,Lumbar,stand,-0.02928,1.014552,-0.048312,1.61,-3.08,-0.63,-56
1787062292364,98585,Lumbar,stand,-0.027816,1.018944,-0.042456,1.96,-3.08,-0.56,-56
1787062292364,98602,Lumbar,stand,-0.02928,1.020896,-0.042456,1.4,-3.5,-0.42,-56
1787062292364,98619,Lumbar,stand,-0.035136,1.009672,-0.04148,1.26,-3.57,-0.21,-56
1787062292364,98636,Lumbar,stand,-0.038552,1.003328,-0.03904,2.03,-3.08,0,-56
1787062292721,98810,Lumbar,stand,-0.027816,1.01992,-0.050752,-0.14,0.63,-0.42,-56
1787062292721,98842,Lumbar,stand,-0.035136,1.006256,-0.044896,0,1.96,-0.35,-56
1787062292721,98859,Lumbar,stand,-0.040504,1.00284,-0.044408,1.12,0.98,-0.49,-56
1787062292721,98876,Lumbar,stand,-0.040504,0.999912,-0.043432,2.59,-0.07,-0.77,-56
1787062292721,98893,Lumbar,stand,-0.040992,0.99796,-0.045872,3.43,-0.28,-0.7,-56
1787062292721,98924,Lumbar,stand,-0.045872,1.016016,-0.065392,3.64,-2.31,0.07,-56
1787062292721,98941,Lumbar,stand,-0.050752,1.021872,-0.065392,2.94,-2.24,0.77,-56
1787062292721,98958,Lumbar,stand,-0.050752,1.013576,-0.064904,2.52,-1.47,0.84,-56
1787062292721,98975,Lumbar,stand,-0.049776,1.014064,-0.07076,3.5,-1.61,1.05,-56
1787062292721,98992,Lumbar,stand,-0.041968,1.02236,-0.069784,3.57,-3.92,1.12,-56
1787062293078,99167,Lumbar,stand,-0.01952,1.014552,-0.052704,1.33,-3.57,-0.28,-50
1787062293078,99198,Lumbar,stand,-0.020984,0.996984,-0.040992,2.73,-1.33,-0.56,-50
1787062293078,99215,Lumbar,stand,-0.023912,0.999424,-0.042456,3.78,0.07,-0.28,-50
1787062293078,99232,Lumbar,stand,-0.037576,1.010648,-0.049288,4.55,0.28,-0.21,-50
1787062293078,99249,Lumbar,stand,-0.046848,1.011624,-0.041968,4.06,-0.84,-0.56,-50
1787062293078,99280,Lumbar,stand,-0.04392,1.006744,-0.027816,5.88,-2.17,-1.05,-50
1787062293078,99297,Lumbar,stand,-0.038064,1.009672,-0.030744,7.49,-1.68,-1.05,-50
1787062293078,99314,Lumbar,stand,-0.025864,1.019432,-0.050264,8.89,-0.21,-0.42,-50
1787062293078,99331,Lumbar,stand,-0.015616,1.031144,-0.08784,6.86,1.4,0.98,-50
1787062293078,99348,Lumbar,stand,-0.013176,1.037488,-0.096136,2.52,1.96,1.75,-50
1787062293433,99523,Lumbar,stand,-0.038552,1.01992,-0.057096,1.61,-2.66,1.61,-50
1787062293433,99554,Lumbar,stand,-0.032696,1.016504,-0.052216,1.05,-3.64,2.03,-50
1787062293433,99571,Lumbar,stand,-0.028304,1.016504,-0.052216,0.56,-3.85,1.75,-50
1787062293433,99588,Lumbar,stand,-0.028304,1.01504,-0.051728,1.26,-3.36,1.19,-50
1787062293433,99605,Lumbar,stand,-0.023424,1.011136,-0.05124,1.68,-2.1,0.42,-50
1787062293433,99636,Lumbar,stand,-0.02928,1.01504,-0.049288,2.24,0,-0.98,-50
1787062293433,99653,Lumbar,stand,-0.037576,1.011136,-0.0488,2.1,0.84,-1.47,-50
1787062293433,99670,Lumbar,stand,-0.038064,1.011136,-0.060512,2.38,1.05,-1.12,-50
1787062293433,99687,Lumbar,stand,-0.03904,1.010648,-0.067344,2.94,0.91,-0.91,-50
1787062293433,99704,Lumbar,stand,-0.034648,1.009184,-0.0732,3.64,0.21,-0.77,-50
1787062293791,99879,Lumbar,stand,-0.050752,0.991616,-0.06588,-0.56,-3.22,2.73,-50
1787062293791,99911,Lumbar,stand,-0.037088,0.999912,-0.064904,1.05,-2.8,4.2,-50
1787062293791,99928,Lumbar,stand,-0.026352,1.00528,-0.061,2.38,-2.1,4.48,-50
1787062293791,99945,Lumbar,stand,-0.018544,1.013576,-0.061,4.06,-1.47,4.2,-50
1787062293791,99962,Lumbar,stand,-0.011712,1.018456,-0.062952,4.2,-1.4,4.34,-50
1787062293791,99993,Lumbar,stand,-0.032696,1.061888,-0.089792,-1.89,-1.61,3.29,-50
1787062293791,100010,Lumbar,stand,-0.037576,1.05164,-0.088328,-6.65,-1.82,2.03,-50
1787062293791,100027,Lumbar,stand,-0.042944,1.01016,-0.051728,-6.79,-1.82,1.75,-50
1787062293791,100044,Lumbar,stand,-0.048312,0.979416,-0.01952,-3.43,-1.61,1.47,-50
1787062293791,100060,Lumbar,stand,-0.055144,0.987712,-0.022936,1.05,-1.26,1.89,-50
1787062294150,100236,Lumbar,stand,-0.01464,1.025776,-0.04636,-3.01,-3.43,0.21,-52
1787062294150,100267,Lumbar,stand,-0.01952,0.998448,-0.042944,-2.59,-1.54,0.14,-52
1787062294150,100284,Lumbar,stand,-0.020496,0.998448,-0.040992,-0.63,-1.96,0.35,-52
1787062294150,100301,Lumbar,stand,-0.022448,1.009672,-0.040016,-0.07,-2.17,0.63,-52
1787062294150,100318,Lumbar,stand,-0.023912,1.020408,-0.03172,0.28,-2.17,0.77,-52
1787062294150,100349,Lumbar,stand,-0.020984,1.011624,-0.033672,0,-0.42,0.98,-52
1787062294150,100366,Lumbar,stand,-0.01708,1.000888,-0.043432,0.21,0,1.05,-52
1787062294150,100383,Lumbar,stand,-0.013664,1.00284,-0.042944,1.33,0,0.49,-52
1787062294150,100400,Lumbar,stand,-0.011224,1.008208,-0.032696,2.73,-0.28,-0.21,-52
1787062294150,100417,Lumbar,stand,-0.013664,1.013088,-0.032208,3.5,0,-0.35,-52
1787062294506,100593,Lumbar,stand,-0.027816,1.014552,-0.034648,3.43,-3.57,0.21,-52
1787062294506,100624,Lumbar,stand,-0.033184,1.022848,-0.049776,2.87,-5.18,-0.21,-52
1787062294506,100641,Lumbar,stand,-0.027816,1.016992,-0.05856,2.52,-5.39,-0.14,-52
1787062294506,100658,Lumbar,stand,-0.017568,1.011624,-0.064904,2.52,-5.04,0.42,-52
1787062294506,100675,Lumbar,stand,-0.015128,1.01748,-0.059048,2.87,-4.69,0.7,-52
1787062294506,100706,Lumbar,stand,-0.015128,1.016016,-0.048312,1.82,-3.57,0.42,-52
1787062294506,100723,Lumbar,stand,-0.01708,1.014064,-0.053192,0.49,-3.01,0.56,-52
1787062294506,100740,Lumbar,stand,-0.023424,1.009672,-0.052704,0.14,-2.87,1.12,-52
1787062294506,100757,Lumbar,stand,-0.028304,1.006256,-0.04392,0.91,-3.15,1.33,-52
1787062294506,100774,Lumbar,stand,-0.029768,1.007232,-0.038552,1.61,-3.15,1.19,-52
1787062294862,100950,Lumbar,stand,-0.02928,1.030168,-0.047336,2.59,-4.83,-0.63,-52
1787062294862,100981,Lumbar,stand,-0.02928,1.02236,-0.05612,0.14,-4.48,-1.19,-52
1787062294862,100998,Lumbar,stand,-0.030744,1.009672,-0.053192,-0.07,-3.99,-1.05,-52
1787062294862,101015,Lumbar,stand,-0.03172,0.999424,-0.042456,1.05,-3.43,-0.35,-52
1787062294862,101032,Lumbar,stand,-0.02928,1.003328,-0.033184,2.38,-2.87,0.56,-52
1787062294862,101063,Lumbar,stand,-0.01952,1.018944,-0.038552,3.08,-0.63,0.91,-52
1787062294862,101080,Lumbar,stand,-0.019032,1.021384,-0.050264,2.31,-0.07,0.42,-52
1787062294862,101096,Lumbar,stand,-0.021472,1.020896,-0.050264,1.61,-0.84,-0.21,-52
1787062294862,101113,Lumbar,stand,-0.028304,1.016504,-0.044408,1.61,-1.54,-0.28,-52
1787062294862,101131,Lumbar,stand,-0.035624,1.013088,-0.043432,1.89,-2.59,0,-52
1787062295221,101306,Lumbar,stand,-0.028792,1.016504,-0.045872,-3.64,-1.68,1.68,-57
1787062295221,101337,Lumbar,stand,-0.020984,1.017968,-0.042944,-3.36,-1.96,-0.07,-57
1787062295221,101354,Lumbar,stand,-0.01952,1.016504,-0.0366,-2.87,-2.45,-0.91,-57
1787062295221,101371,Lumbar,stand,-0.021472,1.014064,-0.040016,-2.73,-2.03,-0.63,-57
1787062295221,101388,Lumbar,stand,-0.025376,1.008696,-0.03904,-2.52,-1.33,-0.49,-57
1787062295221,101419,Lumbar,stand,-0.031232,0.998448,-0.025376,0.7,0.63,-0.07,-57
1787062295221,101436,Lumbar,stand,-0.035624,1.004304,-0.023424,2.1,-0.21,-0.56,-57
1787062295221,101453,Lumbar,stand,-0.036112,1.018944,-0.033672,3.57,-1.96,-1.12,-57
1787062295221,101470,Lumbar,stand,-0.038552,1.028704,-0.050264,3.71,-3.57,-1.68,-57
1787062295221,101487,Lumbar,stand,-0.043432,1.028704,-0.05856,1.54,-4.06,-1.26,-57
1787062295580,101665,Lumbar,stand,-0.04392,0.99796,-0.006832,-2.52,-4.97,0.91,-57
1787062295580,101696,Lumbar,stand,-0.034648,1.020408,-0.015616,0.77,-4.97,0.28,-57
1787062295580,101713,Lumbar,stand,-0.030744,1.033584,-0.027816,0.35,-4.76,-0.14,-57
1787062295580,101730,Lumbar,stand,-0.031232,1.036024,-0.031232,-1.47,-4.76,-0.21,-57
1787062295580,101747,Lumbar,stand,-0.032208,1.038464,-0.036112,-2.94,-5.25,-0.14,-57
1787062295580,101778,Lumbar,stand,-0.0244,1.015528,0.00244,-4.76,-7.35,-0.84,-57
1787062295580,101795,Lumbar,stand,-0.04148,1.004304,0.015128,-3.57,-7.21,-0.98,-57
1787062295580,101812,Lumbar,stand,-0.044408,1.004792,0.026352,-0.77,-6.16,-0.98,-57
1787062295580,101829,Lumbar,stand,-0.045384,0.999424,0.006832,-0.7,-3.92,-1.12,-57
1787062295580,101846,Lumbar,stand,-0.032696,0.995032,-0.008296,1.26,-4.06,-0.84,-57
1787062295937,102023,Lumbar,stand,-0.050264,1.016016,0.007808,1.19,0.77,0.28,-57
1787062295937,102054,Lumbar,stand,-0.041968,1.001376,-0.014152,2.59,-0.56,0.98,-57
1787062295937,102071,Lumbar,stand,-0.03904,1.003816,-0.027328,3.85,-1.96,1.05,-57
1787062295937,102088,Lumbar,stand,-0.036112,1.023336,-0.031232,4.27,-2.38,0.77,-57
1787062295937,102104,Lumbar,stand,-0.04148,1.03456,-0.0244,3.08,-2.94,0.21,-57
1787062295937,102135,Lumbar,stand,-0.038552,1.021872,0.000976,0.77,-2.03,0.35,-57
1787062295937,102152,Lumbar,stand,-0.040016,1.001864,0,0.28,-1.75,0.63,-57
1787062295937,102170,Lumbar,stand,-0.04392,0.999912,-0.004392,2.1,-3.01,1.19,-57
1787062295937,102186,Lumbar,stand,-0.04148,1.012112,-0.005856,3.99,-4.2,1.05,-57
1787062295937,102203,Lumbar,stand,-0.037088,1.022848,-0.005856,4.83,-3.85,0.63,-57
1787062296294,102378,Lumbar,stand,-0.026352,1.00284,-0.020984,5.6,-0.35,1.19,-53
1787062296294,102410,Lumbar,stand,-0.034648,1.015528,-0.020984,7.28,-0.49,1.05,-53
1787062296294,102427,Lumbar,stand,-0.039528,1.025776,-0.020984,7.28,-0.77,1.19,-53
1787062296294,102445,Lumbar,stand,-0.03904,1.030168,-0.023912,5.74,-1.19,1.61,-53
1787062296294,102462,Lumbar,stand,-0.035136,1.018944,-0.020984,3.99,-0.42,2.1,-53
1787062296294,102479,Lumbar,stand,-0.033184,1.007232,-0.019032,4.69,0.35,2.24,-53
1787062296294,102510,Lumbar,stand,-0.029768,1.016992,-0.036112,7.28,-0.98,1.96,-53
1787062296294,102527,Lumbar,stand,-0.026352,1.028704,-0.047336,6.37,-1.96,1.68,-53
1787062296294,102544,Lumbar,stand,-0.023912,1.031632,-0.052216,4.34,-2.1,1.4,-53
1787062296294,102561,Lumbar,stand,-0.020496,1.031632,-0.052216,3.29,-1.68,1.19,-53
1787062296655,102737,Lumbar,stand,-0.035136,1.009184,-0.049288,4.9,-2.03,0.14,-53
1787062296655,102769,Lumbar,stand,-0.026352,1.017968,-0.044896,5.81,-2.94,0.49,-53
1787062296655,102786,Lumbar,stand,-0.022936,1.025288,-0.045872,4.69,-2.94,0.56,-53
1787062296655,102804,Lumbar,stand,-0.026352,1.027728,-0.043432,3.71,-2.59,0.35,-53
1787062296655,102821,Lumbar,stand,-0.027328,1.020896,-0.03904,3.08,-2.03,0.07,-53
1787062296655,102838,Lumbar,stand,-0.027816,1.008208,-0.03904,2.94,-1.19,0.14,-53
1787062296655,102869,Lumbar,stand,-0.029768,1.00528,-0.044896,4.06,-0.98,0.56,-53
1787062296655,102886,Lumbar,stand,-0.028304,1.013088,-0.049288,4.48,-1.33,0.84,-53
1787062296655,102903,Lumbar,stand,-0.026352,1.016016,-0.052704,4.13,-1.33,0.77,-53
1787062296655,102920,Lumbar,stand,-0.020496,1.017968,-0.055632,3.92,-1.33,0.56,-53
1787062297012,103098,Lumbar,stand,-0.026352,1.024312,-0.05124,3.36,-2.94,-0.35,-53
1787062297012,103129,Lumbar,stand,-0.03172,1.010648,-0.051728,1.75,-2.52,-0.21,-53
1787062297012,103145,Lumbar,stand,-0.037088,1.00772,-0.046848,2.45,-2.45,0,-53
1787062297012,103162,Lumbar,stand,-0.034648,1.008696,-0.042456,3.29,-3.15,0.28,-53
1787062297012,103180,Lumbar,stand,-0.028304,1.010648,-0.048312,3.71,-3.85,0.49,-53
1787062297012,103210,Lumbar,stand,-0.025864,1.001864,-0.05612,4.06,-3.92,0.7,-53
1787062297012,103227,Lumbar,stand,-0.03172,0.996496,-0.045872,6.02,-3.5,0.84,-53
1787062297012,103244,Lumbar,stand,-0.024888,0.999912,-0.042456,7.98,-4.27,1.26,-53
1787062297012,103261,Lumbar,stand,-0.01952,1.002352,-0.04148,9.17,-5.11,1.96,-53
1787062297012,103278,Lumbar,stand,-0.013664,1.013576,-0.048312,9.45,-5.04,2.03,-53
1787062297373,103454,Lumbar,stand,-0.031232,1.005768,-0.080032,-0.07,-4.27,-0.7,-53
1787062297373,103485,Lumbar,stand,-0.03172,1.025776,-0.07076,0.07,-4.06,-1.05,-53
1787062297373,103502,Lumbar,stand,-0.03416,1.029192,-0.05612,-1.54,-3.85,-0.7,-53
1787062297373,103520,Lumbar,stand,-0.03904,1.014064,-0.03416,-2.59,-3.43,-0.35,-53
1787062297373,103537,Lumbar,stand,-0.037088,0.987712,-0.028792,-0.7,-2.31,-0.07,-53
1787062297373,103568,Lumbar,stand,-0.032696,0.990152,-0.051728,4.69,-3.15,-0.07,-53
1787062297373,103585,Lumbar,stand,-0.030256,1.011136,-0.057096,6.09,-3.64,-0.42,-53
1787062297373,103602,Lumbar,stand,-0.030256,1.021872,-0.059536,5.11,-3.29,-0.21,-53
1787062297373,103619,Lumbar,stand,-0.02928,1.030168,-0.062952,3.92,-3.08,0.35,-53
1787062297373,103636,Lumbar,stand,-0.028792,1.023336,-0.070272,1.54,-2.66,0.49,-53
1787062297729,103814,Lumbar,stand,-0.037576,1.003328,-0.050264,2.31,-3.29,0.56,-56
1787062297729,103845,Lumbar,stand,-0.028792,1.013088,-0.066856,1.82,-2.24,0.56,-56
1787062297729,103862,Lumbar,stand,-0.020984,1.02236,-0.069296,0.42,-1.47,0.28,-56
1787062297729,103879,Lumbar,stand,-0.018056,1.032608,-0.065392,-1.75,-0.49,-0.07,-56
1787062297729,103896,Lumbar,stand,-0.016592,1.031144,-0.064904,-4.06,0.14,-0.42,-56
1787062297729,103927,Lumbar,stand,-0.013664,0.992592,-0.068808,-3.43,1.26,-0.7,-56
1787062297729,103944,Lumbar,stand,-0.030744,0.980392,-0.062952,-0.14,1.61,-0.84,-56
1787062297729,103961,Lumbar,stand,-0.044408,0.986248,-0.061,1.47,1.54,0,-56
1787062297729,103978,Lumbar,stand,-0.067344,1.003328,-0.045872,1.05,1.61,0.91,-56
1787062297729,103995,Lumbar,stand,-0.06832,1.005768,-0.027328,0.49,1.33,2.66,-56
1787062298087,104170,Lumbar,stand,-0.03172,1.013576,-0.044408,3.36,-6.16,-0.07,-56
1787062298087,104201,Lumbar,stand,-0.034648,1.026752,-0.0488,1.12,-6.51,0.07,-56
1787062298087,104219,Lumbar,stand,-0.024888,1.016504,-0.054656,-0.98,-4.34,0.84,-56
1787062298087,104236,Lumbar,stand,-0.022936,1.01016,-0.052216,-1.54,-3.22,1.54,-56
1787062298087,104253,Lumbar,stand,-0.0244,1.010648,-0.046848,-1.12,-3.08,1.89,-56
1787062298087,104284,Lumbar,stand,-0.027328,1.002352,-0.032208,2.73,-3.64,1.47,-56
1787062298087,104301,Lumbar,stand,-0.026352,1.004304,-0.040992,4.9,-2.94,0.77,-56
1787062298087,104318,Lumbar,stand,-0.022936,1.014064,-0.0488,5.04,-2.59,0.63,-56
1787062298087,104335,Lumbar,stand,-0.022448,1.02236,-0.05612,3.71,-2.45,0.7,-56
1787062298087,104352,Lumbar,stand,-0.028304,1.0248,-0.047824,1.75,-2.24,0.98,-56
1787062298444,104528,Lumbar,stand,-0.01952,1.016504,-0.041968,-2.03,-2.73,0.35,-56
1787062298444,104559,Lumbar,stand,-0.035624,1.008208,-0.038064,-1.33,-2.87,0.28,-56
1787062298444,104576,Lumbar,stand,-0.038552,1.001864,-0.0244,-0.7,-2.8,0.63,-56
1787062298444,104593,Lumbar,stand,-0.040504,0.994056,-0.021472,0.14,-1.4,1.47,-56
1787062298444,104610,Lumbar,stand,-0.029768,0.993568,-0.031232,3.15,-0.84,1.82,-56
1787062298444,104641,Lumbar,stand,-0.011224,1.019432,-0.054656,4.13,-1.26,1.61,-56
1787062298444,104658,Lumbar,stand,-0.010248,1.036512,-0.065392,3.5,-1.68,1.05,-56
1787062298444,104675,Lumbar,stand,-0.020008,1.040904,-0.061,1.12,-1.47,-0.14,-56
1787062298444,104692,Lumbar,stand,-0.027328,1.021384,-0.056608,-1.19,-0.21,-0.56,-56
1787062298444,104709,Lumbar,stand,-0.03172,0.996496,-0.059048,-1.12,0.42,0,-56
1787062298801,104885,Lumbar,stand,-0.044896,1.011624,-0.05612,2.73,-2.87,0.91,-55
1787062298801,104917,Lumbar,stand,-0.055632,1.009184,-0.0488,3.85,-4.97,1.89,-55
1787062298801,104934,Lumbar,stand,-0.054656,1.010648,-0.04392,4.2,-5.39,1.89,-55
1787062298801,104952,Lumbar,stand,-0.04148,1.01748,-0.038552,4.13,-5.6,1.33,-55
1787062298801,104969,Lumbar,stand,-0.019032,1.017968,-0.044408,3.22,-6.09,1.05,-55
1787062298801,104986,Lumbar,stand,-0.000976,1.014552,-0.059048,3.22,-7.21,1.05,-55
1787062298801,105017,Lumbar,stand,-0.000488,1.014552,-0.052216,2.94,-6.23,1.4,-55
1787062298801,105034,Lumbar,stand,-0.009272,1.017968,-0.03904,3.01,-3.57,1.12,-55
1787062298801,105051,Lumbar,stand,-0.016104,1.014552,-0.03416,3.08,-1.54,0.77,-55
1787062298801,105068,Lumbar,stand,-0.016104,1.011624,-0.035624,3.92,-0.63,0.7,-55
1787062299225,105298,Lumbar,stand,-0.01464,1.023824,-0.003904,12.04,-1.75,1.89,-55
1787062299225,105329,Lumbar,stand,0.013176,1.05652,-0.09516,11.06,-1.61,-0.77,-55
1787062299225,105346,Lumbar,stand,-0.005856,1.066768,-0.130784,6.16,-2.73,-2.03,-55
1787062299225,105363,Lumbar,stand,-0.035136,1.066768,-0.120536,-0.98,-2.38,-2.8,-55
1787062299225,105380,Lumbar,stand,-0.04636,1.036512,-0.084424,-7.28,-0.49,-2.24,-55
1787062299225,105411,Lumbar,stand,-0.032696,0.965264,-0.052216,-6.79,-0.07,0.49,-55
1787062299225,105428,Lumbar,stand,-0.027816,0.960384,-0.040504,-1.54,0,1.54,-55
1787062299225,105445,Lumbar,stand,-0.03172,0.972584,-0.017568,2.52,-0.56,1.47,-55
1787062299225,105462,Lumbar,stand,-0.038552,0.99796,-0.0122,3.57,-0.56,1.05,-55
1787062299225,105479,Lumbar,stand,-0.039528,1.011136,-0.0244,4.83,-0.98,0.84,-55
1787062299573,105655,Lumbar,stand,-0.035136,1.018944,-0.05124,1.26,-3.36,-0.07,-55
1787062299573,105686,Lumbar,stand,-0.022936,1.011136,-0.047336,2.38,-2.52,-0.63,-55
1787062299573,105703,Lumbar,stand,-0.023424,1.009184,-0.054656,2.31,-1.82,-0.56,-55
1787062299573,105720,Lumbar,stand,-0.030256,1.017968,-0.061488,1.4,-1.26,-0.28,-55
1787062299573,105737,Lumbar,stand,-0.036112,1.020896,-0.061976,0.63,-0.49,0.07,-55
1787062299573,105768,Lumbar,stand,-0.038064,1.020408,-0.065392,-0.77,-1.19,-0.35,-55
1787062299573,105785,Lumbar,stand,-0.03172,1.01504,-0.060024,-0.28,-2.94,-0.35,-55
1787062299573,105802,Lumbar,stand,-0.016104,1.001864,-0.043432,-0.35,-3.57,-0.21,-55
1787062299573,105819,Lumbar,stand,-0.016592,0.98088,-0.028792,0.42,-2.87,0.77,-55
1787062299573,105836,Lumbar,stand,-0.032208,0.976488,-0.03416,4.62,-1.05,1.26,-55
1787062299930,106013,Lumbar,stand,-0.011224,1.010648,-0.05124,10.15,1.61,-0.49,-55
1787062299930,106044,Lumbar,stand,-0.033672,1.038952,-0.113704,9.03,0.07,-0.98,-55
1787062299930,106061,Lumbar,stand,-0.055144,1.038952,-0.123464,4.41,-0.63,-0.77,-55
1787062299930,106077,Lumbar,stand,-0.059048,1.031144,-0.11468,1.4,-0.84,0.21,-55
1787062299930,106094,Lumbar,stand,-0.054168,1.011136,-0.088816,0.91,-0.84,0.7,-55
1787062299930,106125,Lumbar,stand,-0.03416,1.001864,-0.064904,2.52,-0.63,1.89,-55
1787062299930,106142,Lumbar,stand,-0.024888,1.007232,-0.06832,3.43,-1.47,2.17,-55
1787062299930,106159,Lumbar,stand,-0.020008,1.016504,-0.08784,4.13,-3.22,1.89,-55
1787062299930,106176,Lumbar,stand,-0.02196,1.0248,-0.1098,3.5,-4.27,1.61,-55
1787062299930,106193,Lumbar,stand,-0.031232,1.031144,-0.107848,0.91,-4.2,2.17,-55
1787062300288,106369,Lumbar,stand,-0.018544,1.033584,-0.079544,-1.61,2.45,0.63,-55
1787062300288,106401,Lumbar,stand,-0.0244,0.977952,-0.059048,0.28,1.19,0.84,-55
1787062300288,106418,Lumbar,stand,-0.020984,0.973072,-0.069784,5.04,0.63,0.35,-55
1787062300288,106436,Lumbar,stand,-0.01952,0.991616,-0.079544,6.44,0.21,-0.42,-55
1787062300288,106453,Lumbar,stand,-0.01952,1.017968,-0.093696,6.44,-0.42,-0.56,-55
1787062300288,106470,Lumbar,stand,-0.030256,1.031632,-0.0976,3.99,-1.26,-0.07,-55
1787062300288,106501,Lumbar,stand,-0.0366,1.0248,-0.081008,0.07,-1.4,1.05,-55
1787062300288,106518,Lumbar,stand,-0.033184,1.006744,-0.069296,0.07,-1.26,1.05,-55
1787062300288,106535,Lumbar,stand,-0.028304,0.996984,-0.066856,2.17,-1.75,0.84,-55
1787062300288,106552,Lumbar,stand,-0.02684,1.001376,-0.073688,3.57,-2.38,0.98,-55
1787062300647,106727,Lumbar,stand,-0.020496,1.01504,-0.08052,0,-1.05,-0.98,-55
1787062300647,106759,Lumbar,stand,-0.026352,1.00528,-0.081496,1.4,-3.29,-1.54,-55
1787062300647,106776,Lumbar,stand,-0.034648,1.004304,-0.082472,1.26,-3.29,-1.12,-55
1787062300647,106793,Lumbar,stand,-0.0366,1.010648,-0.07808,0.84,-3.08,-0.77,-55
1787062300647,106810,Lumbar,stand,-0.030744,1.016504,-0.076128,0.77,-2.45,-0.21,-55
1787062300647,106841,Lumbar,stand,-0.022448,1.008208,-0.08784,0.49,-1.96,-0.14,-55
1787062300647,106858,Lumbar,stand,-0.02196,1.00772,-0.094672,0.98,-3.15,0.14,-55
1787062300647,106875,Lumbar,stand,-0.023912,1.014064,-0.08784,0.91,-4.06,0.07,-55
1787062300647,106892,Lumbar,stand,-0.025864,1.019432,-0.077104,0.98,-3.92,-0.35,-55
1787062300647,106909,Lumbar,stand,-0.026352,1.01992,-0.074176,0.91,-3.43,-0.63,-55
1787062301021,107085,Lumbar,stand,-0.030256,1.014552,-0.067344,0.07,-4.27,-0.7,-54
1787062301021,107116,Lumbar,stand,-0.0244,1.006744,-0.064904,0.35,-3.71,-0.35,-54
1787062301021,107133,Lumbar,stand,-0.018056,1.00284,-0.067344,1.05,-3.15,-0.28,-54
1787062301021,107150,Lumbar,stand,-0.016592,1.00772,-0.074176,1.82,-2.66,-0.07,-54
1787062301021,107166,Lumbar,stand,-0.018056,1.017968,-0.083936,1.75,-2.45,-0.21,-54
1787062301021,107197,Lumbar,stand,-0.024888,1.0248,-0.07808,-0.07,-2.38,-0.7,-54
1787062301021,107214,Lumbar,stand,-0.028304,1.018944,-0.062952,-1.19,-1.82,-0.91,-54
1787062301021,107231,Lumbar,stand,-0.02928,1.013088,-0.05368,-1.05,-1.54,-0.84,-54
1787062301021,107248,Lumbar,stand,-0.029768,1.005768,-0.05612,-0.7,-1.54,-0.49,-54
1787062301021,107279,Lumbar,stand,-0.028792,1.006744,-0.062952,1.05,-1.68,-0.77,-54
1787062301379,107456,Lumbar,stand,-0.045872,1.00284,-0.064416,0.91,-0.7,-1.05,-54
1787062301379,107488,Lumbar,stand,-0.053192,1.016504,-0.069784,2.73,-2.1,-1.19,-54
1787062301379,107505,Lumbar,stand,-0.054168,1.018456,-0.079056,1.75,-3.71,-1.19,-54
1787062301379,107523,Lumbar,stand,-0.054168,1.015528,-0.081496,0.84,-3.85,-1.12,-54
1787062301379,107540,Lumbar,stand,-0.05368,1.006256,-0.076128,0.14,-3.64,-0.98,-54
1787062301379,107557,Lumbar,stand,-0.054168,1.007232,-0.071248,0.91,-3.78,-0.35,-54
1787062301379,107588,Lumbar,stand,-0.05368,1.011624,-0.070272,1.33,-4.97,0.49,-54
1787062301379,107605,Lumbar,stand,-0.04636,1.008696,-0.069784,1.26,-5.11,0.42,-54
1787062301379,107622,Lumbar,stand,-0.035624,1.007232,-0.066856,2.1,-4.76,-0.07,-54
1787062301379,107639,Lumbar,stand,-0.03172,1.0126,-0.070272,2.73,-4.48,-0.35,-54
1787062301737,107817,Lumbar,stand,-0.040016,1.016016,-0.06344,0.42,-1.47,0.21,-54
1787062301737,107848,Lumbar,stand,-0.045872,1.016504,-0.072712,0.91,-2.17,-0.14,-54
1787062301737,107865,Lumbar,stand,-0.047336,1.021872,-0.067832,0.56,-3.43,-0.42,-54
1787062301737,107882,Lumbar,stand,-0.055144,1.024312,-0.062464,0.35,-3.99,-0.56,-54
1787062301737,107899,Lumbar,stand,-0.06344,1.022848,-0.049776,-0.98,-4.34,-0.56,-54
1787062301737,107930,Lumbar,stand,-0.067344,0.99064,-0.05856,-1.26,-3.57,1.47,-54
1787062301737,107947,Lumbar,stand,-0.054656,0.994544,-0.08296,1.05,-3.78,2.03,-54
1787062301737,107964,Lumbar,stand,-0.037088,1.018944,-0.083448,1.12,-4.34,2.52,-54
1787062301737,107981,Lumbar,stand,-0.022936,1.036512,-0.064904,-0.56,-3.64,1.61,-54
1787062301737,107997,Lumbar,stand,-0.019032,1.033096,-0.053192,-1.4,-3.15,-0.07,-54
1787062302095,108174,Lumbar,stand,-0.04636,1.009672,-0.059048,2.66,-0.84,0.56,-54
1787062302095,108205,Lumbar,stand,-0.045384,1.018456,-0.06344,1.61,-1.19,0.91,-54
1787062302095,108222,Lumbar,stand,-0.047824,1.018944,-0.065392,1.61,-1.68,0.98,-54
1787062302095,108239,Lumbar,stand,-0.050752,1.020896,-0.064416,1.75,-2.17,0.91,-54
1787062302095,108256,Lumbar,stand,-0.051728,1.01748,-0.059536,1.54,-3.08,0.7,-54
1787062302095,108287,Lumbar,stand,-0.045384,1.013088,-0.055144,0.98,-3.78,0.28,-54
1787062302095,108304,Lumbar,stand,-0.044408,1.010648,-0.059536,0.91,-3.78,0.28,-54
1787062302095,108321,Lumbar,stand,-0.047336,1.01016,-0.06344,0.98,-3.64,0.7,-54
1787062302095,108338,Lumbar,stand,-0.042944,1.009672,-0.064416,0.91,-2.87,0.7,-54
1787062302095,108355,Lumbar,stand,-0.040992,1.010648,-0.065392,1.12,-2.45,0.63,-54
1787062302455,108532,Lumbar,stand,-0.032208,1.048224,-0.059048,2.38,-4.55,0.35,-53
1787062302455,108563,Lumbar,stand,-0.045384,1.021872,-0.042456,-1.33,-1.54,-0.42,-53
1787062302455,108580,Lumbar,stand,-0.054168,0.99308,-0.052704,-1.47,-1.4,-0.07,-53
1787062302455,108597,Lumbar,stand,-0.054656,0.989176,-0.06344,0.56,-2.38,0.98,-53
1787062302455,108614,Lumbar,stand,-0.046848,1.006256,-0.062464,2.31,-3.43,1.47,-53
1787062302455,108645,Lumbar,stand,-0.034648,1.029192,-0.055632,2.45,-3.57,0.56,-53
1787062302455,108662,Lumbar,stand,-0.032696,1.021872,-0.054656,0.91,-3.15,0,-53
1787062302455,108679,Lumbar,stand,-0.0366,1.00528,-0.05856,0.56,-3.15,0.07,-53
1787062302455,108696,Lumbar,stand,-0.039528,0.998936,-0.060512,1.82,-2.66,0.49,-53
1787062302455,108713,Lumbar,stand,-0.044896,0.999424,-0.060512,2.52,-2.31,0.63,-53
1787062302820,108889,Lumbar,stand,-0.047336,1.016992,-0.06832,1.68,-1.96,0.56,-53
1787062302820,108921,Lumbar,stand,-0.046848,1.013088,-0.055632,1.33,-2.45,0.49,-53
1787062302820,108938,Lumbar,stand,-0.046848,1.00772,-0.051728,1.54,-2.45,0.49,-53
1787062302820,108955,Lumbar,stand,-0.04636,1.010648,-0.058072,1.68,-1.96,0.28,-53
1787062302820,108971,Lumbar,stand,-0.044896,1.013088,-0.05856,1.33,-1.68,0.14,-53
1787062302820,109002,Lumbar,stand,-0.0488,1.016016,-0.060512,1.68,-2.17,0.07,-53
1787062302820,109019,Lumbar,stand,-0.054168,1.019432,-0.061488,1.68,-3.15,0,-53
1787062302820,109036,Lumbar,stand,-0.05612,1.020896,-0.062464,0.91,-3.57,-0.28,-53
1787062302820,109053,Lumbar,stand,-0.054656,1.014552,-0.060024,0.77,-3.64,-0.28,-53
1787062302820,109070,Lumbar,stand,-0.049776,1.006256,-0.05124,1.19,-3.78,-0.21,-53
1787062303165,109246,Lumbar,stand,-0.038552,1.014552,-0.05368,1.68,-2.8,0.91,-53
1787062303165,109277,Lumbar,stand,-0.044896,1.0126,-0.050752,1.54,-1.82,1.05,-53
1787062303165,109294,Lumbar,stand,-0.04392,1.012112,-0.054168,1.54,-1.96,0.98,-53
1787062303165,109311,Lumbar,stand,-0.044408,1.007232,-0.05612,1.89,-2.03,1.05,-53
1787062303165,109328,Lumbar,stand,-0.044896,1.004304,-0.057096,2.38,-2.17,1.05,-53
1787062303165,109359,Lumbar,stand,-0.050752,1.016504,-0.069296,3.71,-3.57,1.33,-53
1787062303165,109376,Lumbar,stand,-0.049776,1.021384,-0.069296,2.38,-3.85,1.12,-53
1787062303165,109393,Lumbar,stand,-0.0488,1.01992,-0.063928,2.03,-3.92,1.05,-53
1787062303165,109410,Lumbar,stand,-0.04636,1.018944,-0.055144,1.96,-4.48,0.84,-53
1787062303165,109427,Lumbar,stand,-0.042944,1.01504,-0.055144,1.68,-4.83,0.63,-53
1787062303522,109601,Lumbar,stand,-0.037088,1.009672,-0.061488,2.94,-3.43,0.35,-52
1787062303522,109632,Lumbar,stand,-0.0366,1.014064,-0.061488,2.45,-1.82,0.42,-52
1787062303522,109649,Lumbar,stand,-0.038064,1.0126,-0.061,2.31,-1.4,0.35,-52
1787062303522,109666,Lumbar,stand,-0.042456,1.016016,-0.057096,2.45,-1.75,0.28,-52
1787062303522,109683,Lumbar,stand,-0.045384,1.016504,-0.05368,2.31,-2.03,-0.07,-52
1787062303522,109714,Lumbar,stand,-0.052704,1.00772,-0.057096,1.82,-2.59,-0.14,-52
1787062303522,109731,Lumbar,stand,-0.056608,1.006256,-0.062464,2.31,-3.43,0.14,-52
1787062303522,109748,Lumbar,stand,-0.05856,1.009184,-0.059048,2.66,-3.57,0.63,-52
1787062303522,109765,Lumbar,stand,-0.057584,1.013088,-0.060024,3.43,-3.71,0.91,-52
1787062303522,109782,Lumbar,stand,-0.053192,1.01504,-0.065392,3.57,-4.55,1.26,-52
1787062303880,109957,Lumbar,stand,-0.03172,1.012112,-0.058072,3.22,-3.01,0.91,-52
1787062303880,109988,Lumbar,stand,-0.032208,1.015528,-0.05856,3.43,-2.03,1.12,-52
1787062303880,110005,Lumbar,stand,-0.032696,1.016016,-0.06344,3.22,-1.12,0.77,-52
1787062303880,110022,Lumbar,stand,-0.037088,1.014064,-0.061488,2.73,-0.42,0.49,-52
1787062303880,110039,Lumbar,stand,-0.044408,1.01016,-0.059536,2.8,-0.35,0.56,-52
1787062303880,110070,Lumbar,stand,-0.054168,1.01504,-0.06588,3.29,-1.26,0.49,-52
1787062303880,110087,Lumbar,stand,-0.047824,1.015528,-0.071248,3.01,-1.68,0.42,-52
1787062303880,110104,Lumbar,stand,-0.041968,1.01748,-0.077104,2.45,-2.03,0.56,-52
1787062303880,110121,Lumbar,stand,-0.033184,1.015528,-0.08052,1.96,-2.31,0.63,-52
1787062303880,110138,Lumbar,stand,-0.033672,1.013088,-0.083936,1.54,-2.73,0.77,-52
1787062304239,110315,Lumbar,stand,-0.055144,1.014552,-0.05124,5.67,1.47,1.54,-52
1787062304239,110347,Lumbar,stand,-0.058072,1.026264,-0.063928,5.11,0.98,1.47,-52
1787062304239,110364,Lumbar,stand,-0.057584,1.02236,-0.072712,4.27,-0.21,0.84,-52
1787062304239,110381,Lumbar,stand,-0.059536,1.016992,-0.077104,3.99,-2.38,0.42,-52
1787062304239,110398,Lumbar,stand,-0.060024,1.015528,-0.070272,3.57,-3.92,0.56,-52
1787062304239,110429,Lumbar,stand,-0.044408,1.016016,-0.074176,2.24,-4.2,0.91,-52
1787062304239,110446,Lumbar,stand,-0.02684,1.016992,-0.091744,0.77,-4.13,0.84,-52
1787062304239,110463,Lumbar,stand,-0.018544,1.017968,-0.096136,-0.07,-3.43,0.42,-52
1787062304239,110480,Lumbar,stand,-0.006832,1.018456,-0.0976,-0.42,-2.94,0.14,-52
1787062304239,110497,Lumbar,stand,-0.011224,1.014064,-0.084912,-1.05,-2.03,-0.35,-52
1787062304597,110673,Lumbar,stand,-0.037576,1.013088,-0.084912,2.1,-2.38,0.84,-52
1787062304597,110705,Lumbar,stand,-0.038552,1.017968,-0.08296,0.7,-0.98,0.7,-52
1787062304597,110722,Lumbar,stand,-0.040504,1.016016,-0.079544,-0.28,-1.47,0.49,-52
1787062304597,110740,Lumbar,stand,-0.032696,1.004792,-0.073688,-0.7,-2.17,0.21,-52
1787062304597,110757,Lumbar,stand,-0.029768,1.003328,-0.072224,0.28,-2.38,-0.07,-52
1787062304597,110774,Lumbar,stand,-0.032208,1.003328,-0.071736,0.77,-2.31,0.14,-52
1787062304597,110805,Lumbar,stand,-0.050752,1.020896,-0.074176,1.4,-1.82,1.05,-52
1787062304597,110822,Lumbar,stand,-0.049288,1.024312,-0.076616,0.91,-1.68,1.19,-52
1787062304597,110839,Lumbar,stand,-0.04148,1.026264,-0.08052,-0.21,-1.82,1.05,-52
1787062304597,110856,Lumbar,stand,-0.028792,1.016504,-0.074664,-0.98,-2.03,0.56,-52
1787062304957,111033,Lumbar,stand,-0.059536,1.015528,-0.070272,2.38,-2.94,0.98,-54
1787062304957,111063,Lumbar,stand,-0.059048,1.020408,-0.076128,1.19,-3.5,1.4,-54
1787062304957,111081,Lumbar,stand,-0.05124,1.013088,-0.086376,-0.63,-4.48,1.54,-54
1787062304957,111097,Lumbar,stand,-0.044896,1.008696,-0.081496,-1.4,-5.6,1.82,-54
1787062304957,111114,Lumbar,stand,-0.035624,1.00528,-0.07564,-1.19,-5.74,2.03,-54
1787062304957,111145,Lumbar,stand,-0.033184,1.013088,-0.053192,-0.49,-3.22,1.75,-54
1787062304957,111162,Lumbar,stand,-0.030744,1.016016,-0.05368,0.49,-2.31,0.7,-54
1787062304957,111179,Lumbar,stand,-0.027328,1.023336,-0.056608,1.05,-2.66,0.14,-54
1787062304957,111196,Lumbar,stand,-0.019032,1.028704,-0.060512,0.77,-3.5,-0.98,-54
1787062304957,111213,Lumbar,stand,-0.013176,1.01992,-0.06344,-0.84,-2.66,-1.89,-54
1787062305318,111392,Lumbar,stand,-0.006832,1.01016,-0.045872,0.56,-0.98,4.9,-54
1787062305318,111424,Lumbar,stand,-0.00244,1.021384,-0.052216,2.8,1.75,1.89,-54
1787062305318,111441,Lumbar,stand,-0.015616,1.02968,-0.074176,4.9,1.05,-1.26,-54
1787062305318,111459,Lumbar,stand,-0.026352,1.042856,-0.089304,4.34,-0.07,-4.06,-54
1787062305318,111476,Lumbar,stand,-0.036112,1.035048,-0.094184,-0.77,-0.21,-4.83,-54
1787062305318,111493,Lumbar,stand,-0.037088,1.01992,-0.09272,-5.53,0.14,-3.29,-54
1787062305318,111524,Lumbar,stand,-0.037088,0.964288,-0.029768,-0.84,1.47,-0.14,-54
1787062305318,111541,Lumbar,stand,-0.038064,0.969168,-0.032208,5.18,1.19,1.4,-54
1787062305318,111558,Lumbar,stand,-0.03904,1.00284,-0.042944,7.35,0.49,1.4,-54
1787062305318,111576,Lumbar,stand,-0.048312,1.038464,-0.077592,8.26,-1.82,1.19,-54
1787062305676,111752,Lumbar,stand,-0.025864,1.013088,-0.032208,0.91,-3.5,-1.05,-54
1787062305676,111783,Lumbar,stand,-0.041968,1.006744,-0.051728,3.08,-2.94,-0.98,-54
1787062305676,111800,Lumbar,stand,-0.053192,1.008696,-0.067832,3.99,-2.1,-0.84,-54
1787062305676,111817,Lumbar,stand,-0.049776,1.01748,-0.07808,3.5,-2.03,-0.84,-54
1787062305676,111834,Lumbar,stand,-0.042944,1.020408,-0.079056,1.68,-2.52,-0.7,-54
1787062305676,111865,Lumbar,stand,-0.028304,1.006256,-0.062952,1.12,-3.22,-0.63,-54
1787062305676,111882,Lumbar,stand,-0.029768,0.998936,-0.063928,1.05,-3.01,-0.07,-54
1787062305676,111899,Lumbar,stand,-0.04148,1.004792,-0.066368,1.33,-2.8,0.21,-54
1787062305676,111916,Lumbar,stand,-0.050264,1.028704,-0.070272,0.56,-2.1,0.35,-54
1787062305676,111933,Lumbar,stand,-0.04636,1.032608,-0.06344,-1.54,-1.68,0.91,-54
1787062306035,112109,Lumbar,stand,-0.036112,0.99308,-0.054168,-0.7,-1.61,1.12,-56
1787062306035,112140,Lumbar,stand,-0.03416,1.002352,-0.04392,2.38,-2.24,1.89,-56
1787062306035,112157,Lumbar,stand,-0.032208,1.01992,-0.0488,3.01,-0.91,1.82,-56
1787062306035,112176,Lumbar,stand,-0.03416,1.03456,-0.061976,2.8,-0.28,1.19,-56
1787062306035,112193,Lumbar,stand,-0.037088,1.037488,-0.070272,1.19,-1.19,0.42,-56
1787062306035,112210,Lumbar,stand,-0.041968,1.031144,-0.068808,0.28,-1.75,-0.14,-56
1787062306035,112241,Lumbar,stand,-0.038064,1.009672,-0.078568,-2.66,-0.21,1.19,-56
1787062306035,112258,Lumbar,stand,-0.031232,1.01504,-0.074664,-5.32,-0.84,-0.35,-56
1787062306035,112275,Lumbar,stand,-0.04148,1.016016,-0.037088,-5.46,-2.24,-0.63,-56
1787062306035,112292,Lumbar,stand,-0.016104,1.015528,-0.031232,-3.57,-1.75,-0.42,-56
1787062306394,112468,Lumbar,stand,-0.046848,1.01504,-0.047336,4.27,5.11,-1.61,-56
1787062306394,112499,Lumbar,stand,-0.059048,1.00528,-0.07076,4.41,4.41,-0.14,-56
1787062306394,112516,Lumbar,stand,-0.059536,1.020408,-0.093208,4.34,1.68,0.14,-56
1787062306394,112533,Lumbar,stand,-0.05856,1.030656,-0.096136,4.06,-0.56,-1.05,-56
1787062306394,112550,Lumbar,stand,-0.052704,1.040904,-0.09028,3.78,-1.33,-1.89,-56
1787062306394,112581,Lumbar,stand,-0.039528,1.013088,-0.07808,-0.91,-2.8,-0.98,-56
1787062306394,112598,Lumbar,stand,-0.035136,1.00528,-0.069784,-1.89,-3.15,0.42,-56
1787062306394,112615,Lumbar,stand,-0.023912,0.997472,-0.061976,-1.12,-2.73,0.56,-56
1787062306394,112632,Lumbar,stand,-0.020984,1.009672,-0.091744,3.43,-1.82,-0.84,-56
1787062306394,112649,Lumbar,stand,-0.023912,1.035048,-0.127368,6.65,-4.48,-3.15,-56
1787062306751,112827,Lumbar,stand,-0.041968,1.038952,-0.055632,0.56,-0.77,0.49,-56
1787062306751,112858,Lumbar,stand,-0.05124,1.018456,-0.05124,0.21,0.56,0.35,-56
1787062306751,112875,Lumbar,stand,-0.052704,0.997472,-0.051728,0.28,-1.26,0.77,-56
1787062306751,112892,Lumbar,stand,-0.053192,0.993568,-0.047824,0.63,-3.22,0.84,-56
1787062306751,112909,Lumbar,stand,-0.055144,0.996496,-0.0488,2.38,-3.99,0.77,-56
1787062306751,112939,Lumbar,stand,-0.054168,1.020408,-0.057584,3.64,-5.04,-0.28,-56
1787062306751,112956,Lumbar,stand,-0.050264,1.012112,-0.059536,3.43,-4.55,-0.21,-56
1787062306751,112973,Lumbar,stand,-0.042456,1.00528,-0.068808,3.01,-3.78,0.42,-56
1787062306751,112991,Lumbar,stand,-0.04148,1.007232,-0.080032,2.38,-4.2,1.33,-56
1787062306751,113007,Lumbar,stand,-0.035136,1.016016,-0.078568,1.61,-5.18,1.33,-56
1787062307108,113183,Lumbar,stand,-0.028792,1.017968,-0.046848,1.33,-0.7,1.12,-56
1787062307108,113215,Lumbar,stand,-0.039528,1.00528,-0.051728,3.22,-0.21,0.42,-56
1787062307108,113232,Lumbar,stand,-0.040992,1.007232,-0.05856,4.2,-0.7,0.14,-56
1787062307108,113249,Lumbar,stand,-0.039528,1.016504,-0.062464,3.85,-0.56,0.14,-56
1787062307108,113266,Lumbar,stand,-0.036112,1.01992,-0.063928,2.31,0.14,0.35,-56
1787062307108,113297,Lumbar,stand,-0.038552,1.01016,-0.064416,0.42,0.28,0.98,-56
1787062307108,113314,Lumbar,stand,-0.04392,1.008696,-0.063928,1.05,-1.4,0.84,-56
1787062307108,113331,Lumbar,stand,-0.047824,1.014552,-0.059536,2.1,-3.08,0.49,-56
1787062307108,113348,Lumbar,stand,-0.044896,1.018944,-0.051728,1.96,-3.15,0.42,-56
1787062307108,113365,Lumbar,stand,-0.041968,1.018456,-0.049288,1.33,-2.17,0.63,-56
1787062307469,113540,Lumbar,stand,-0.043432,1.02236,-0.061976,2.24,-0.49,2.1,-56
1787062307469,113572,Lumbar,stand,-0.03416,1.014552,-0.057096,2.45,-1.47,1.19,-56
1787062307469,113589,Lumbar,stand,-0.039528,1.00528,-0.06344,2.52,-1.26,1.19,-56
1787062307469,113607,Lumbar,stand,-0.047824,1.004792,-0.076128,3.08,-1.47,1.19,-56
1787062307469,113624,Lumbar,stand,-0.049776,1.013576,-0.084424,3.57,-2.8,0.56,-56
1787062307469,113641,Lumbar,stand,-0.046848,1.025288,-0.084424,3.01,-3.92,0,-56
1787062307469,113672,Lumbar,stand,-0.032208,1.026264,-0.058072,0.63,-3.08,0,-56
1787062307469,113689,Lumbar,stand,-0.024888,1.015528,-0.041968,0.14,-1.75,0.21,-56
1787062307469,113706,Lumbar,stand,-0.024888,1.007232,-0.035624,1.12,-1.19,0.21,-56
1787062307469,113723,Lumbar,stand,-0.023912,1.004792,-0.03416,2.03,-0.91,-0.21,-56
1787062307827,113899,Lumbar,stand,-0.054656,1.003816,-0.079544,-2.17,-5.04,-0.28,-56
1787062307827,113930,Lumbar,stand,-0.053192,1.011624,-0.031232,-1.96,-4.27,0.49,-56
1787062307827,113948,Lumbar,stand,-0.044408,1.0126,-0.01464,-1.75,-1.89,1.05,-56
1787062307827,113964,Lumbar,stand,-0.039528,1.004304,-0.032208,-1.12,-0.07,1.82,-56
1787062307827,113981,Lumbar,stand,-0.035136,1.008208,-0.049288,0.49,-1.47,1.96,-56
1787062307827,114012,Lumbar,stand,-0.027816,1.028216,-0.058072,1.12,-3.08,0.28,-56
1787062307827,114029,Lumbar,stand,-0.027816,1.019432,-0.07076,0.28,-3.71,-0.7,-56
1787062307827,114046,Lumbar,stand,-0.032696,1.006256,-0.076128,0.21,-3.64,-0.77,-56
1787062307827,114063,Lumbar,stand,-0.036112,1.004792,-0.071736,0.63,-2.45,-0.28,-56
1787062307827,114080,Lumbar,stand,-0.038552,1.006744,-0.054656,1.26,-1.47,-0.14,-56
1787062308183,114258,Lumbar,stand,-0.040016,1.013088,-0.06344,-0.07,-1.96,0.49,-56
1787062308183,114289,Lumbar,stand,-0.038064,1.011136,-0.04392,0.7,-2.94,0.35,-56
1787062308183,114306,Lumbar,stand,-0.0366,1.009184,-0.040504,1.33,-3.15,0.14,-56
1787062308183,114323,Lumbar,stand,-0.03904,1.009672,-0.043432,1.89,-2.45,0,-56
1787062308183,114340,Lumbar,stand,-0.04636,1.012112,-0.052704,2.1,-1.61,0.35,-56
1787062308183,114371,Lumbar,stand,-0.05368,1.016504,-0.05856,1.82,-2.66,0.77,-56
1787062308183,114388,Lumbar,stand,-0.05124,1.019432,-0.062952,1.75,-3.78,0.77,-56
1787062308183,114405,Lumbar,stand,-0.050752,1.02236,-0.064416,1.26,-4.55,0.63,-56
1787062308183,114422,Lumbar,stand,-0.0488,1.020408,-0.063928,0.84,-4.69,0.77,-56
1787062308183,114439,Lumbar,stand,-0.044408,1.010648,-0.058072,0.35,-4.9,0.84,-56
1787062308543,114614,Lumbar,stand,-0.027328,1.003328,-0.03416,3.71,0.56,0.21,-54
1787062308543,114646,Lumbar,stand,-0.028304,1.0004,-0.060024,5.74,-0.56,0.42,-54
1787062308543,114663,Lumbar,stand,-0.027328,1.016016,-0.06832,5.95,-0.91,0.28,-54
1787062308543,114681,Lumbar,stand,-0.02684,1.035536,-0.070272,4.06,0,-0.07,-54
1787062308543,114698,Lumbar,stand,-0.024888,1.039928,-0.064904,0.56,1.19,-0.21,-54
1787062308543,114715,Lumbar,stand,-0.023424,1.031632,-0.058072,-1.19,1.89,0,-54
1787062308543,114746,Lumbar,stand,-0.030744,0.995032,-0.040992,-0.14,3.22,0.49,-54
1787062308543,114763,Lumbar,stand,-0.032208,0.99552,-0.04392,1.26,2.45,0.63,-54
1787062308543,114780,Lumbar,stand,-0.033184,1.004304,-0.052216,3.08,2.03,0.56,-54
1787062308543,114796,Lumbar,stand,-0.033672,1.016992,-0.071736,3.78,0.98,0.42,-54
1787062308897,114971,Lumbar,stand,-0.0366,1.031144,-0.066856,-0.63,-4.27,-0.28,-54
1787062308897,115002,Lumbar,stand,-0.042944,1.001864,-0.0488,0.56,-1.82,-0.21,-54
1787062308897,115019,Lumbar,stand,-0.04148,1.008208,-0.046848,1.89,-0.77,0.35,-54
1787062308897,115036,Lumbar,stand,-0.038552,1.013576,-0.049776,2.1,-0.91,0.77,-54
1787062308897,115053,Lumbar,stand,-0.03416,1.018944,-0.054656,2.1,-1.96,0.7,-54
1787062308897,115084,Lumbar,stand,-0.035136,1.016992,-0.058072,1.12,-3.5,-0.21,-54
1787062308897,115101,Lumbar,stand,-0.038552,1.00528,-0.053192,1.19,-3.64,-0.28,-54
1787062308897,115118,Lumbar,stand,-0.03904,0.999424,-0.049776,2.03,-3.08,0,-54
1787062308897,115135,Lumbar,stand,-0.0366,1.003328,-0.054656,3.01,-1.82,0.77,-54
1787062308897,115152,Lumbar,stand,-0.033184,1.022848,-0.05612,3.29,-0.84,1.19,-54
1787062309266,115327,Lumbar,stand,-0.033672,1.017968,-0.05612,1.05,-3.71,0.49,-54
1787062309266,115358,Lumbar,stand,-0.035136,1.004304,-0.050752,1.05,-4.13,0.56,-54
1787062309266,115375,Lumbar,stand,-0.035624,1.004304,-0.051728,1.68,-4.06,0.49,-54
1787062309266,115392,Lumbar,stand,-0.0366,1.009672,-0.054168,2.1,-3.64,0.28,-54
1787062309266,115408,Lumbar,stand,-0.035136,1.014552,-0.05368,2.17,-2.87,0.42,-54
1787062309266,115439,Lumbar,stand,-0.034648,1.016016,-0.049288,2.1,-2.45,0.91,-54
1787062309266,115456,Lumbar,stand,-0.03416,1.018456,-0.052216,2.38,-2.17,0.77,-54
1787062309266,115473,Lumbar,stand,-0.03416,1.018944,-0.059048,1.96,-1.75,0.42,-54
1787062309266,115490,Lumbar,stand,-0.033184,1.016992,-0.061,1.75,-1.68,0.14,-54
1787062309266,115521,Lumbar,stand,-0.0366,1.008696,-0.049776,2.1,-2.17,0.35,-54
1787062309628,115697,Lumbar,stand,-0.040504,1.00772,-0.046848,1.33,-2.73,0.42,-56
1787062309628,115727,Lumbar,stand,-0.039528,1.01504,-0.0488,1.47,-2.24,0.21,-56
1787062309628,115745,Lumbar,stand,-0.032696,1.010648,-0.051728,1.54,-1.89,0.14,-56
1787062309628,115761,Lumbar,stand,-0.031232,1.01016,-0.059048,2.31,-1.54,0.28,-56
1787062309628,115778,Lumbar,stand,-0.038552,1.012112,-0.062952,3.08,-1.68,0.35,-56
1787062309628,115809,Lumbar,stand,-0.037576,1.020408,-0.067832,1.54,-1.82,0.28,-56
1787062309628,115826,Lumbar,stand,-0.033184,1.011136,-0.060512,0.07,-0.91,0.21,-56
1787062309628,115843,Lumbar,stand,-0.032696,1.011136,-0.048312,0.56,-1.12,0.14,-56
1787062309628,115864,Lumbar,stand,-0.0366,1.015528,-0.04148,1.47,-2.03,-0.07,-56
1787062309628,115881,Lumbar,stand,-0.040992,1.019432,-0.041968,1.4,-2.38,-0.21,-56
1787062309986,116057,Lumbar,stand,-0.037088,1.0126,-0.055632,1.75,-2.1,0.98,-56
1787062309986,116089,Lumbar,stand,-0.038064,1.018456,-0.057096,0.98,-1.96,0.77,-56
1787062309986,116106,Lumbar,stand,-0.037576,1.008208,-0.056608,0.84,-1.61,0.91,-56
1787062309986,116123,Lumbar,stand,-0.037088,1.004792,-0.057096,1.47,-1.68,0.98,-56
1787062309986,116140,Lumbar,stand,-0.035624,1.00772,-0.059048,2.31,-2.03,0.91,-56
1787062309986,116171,Lumbar,stand,-0.033672,1.014064,-0.050752,2.03,-1.68,0.77,-56
1787062309986,116188,Lumbar,stand,-0.035624,1.016016,-0.049288,2.1,-1.61,0.63,-56
1787062309986,116205,Lumbar,stand,-0.03904,1.017968,-0.050752,2.17,-1.68,0.56,-56
1787062309986,116222,Lumbar,stand,-0.040992,1.015528,-0.052216,1.89,-1.82,0.35,-56
1787062309986,116239,Lumbar,stand,-0.040016,1.012112,-0.052216,1.96,-1.96,0.28,-56
1787062310346,116416,Lumbar,stand,-0.036112,1.009184,-0.042456,1.4,-3.08,0.63,-56
1787062310346,116447,Lumbar,stand,-0.032208,1.014552,-0.054168,1.96,-2.31,0.42,-56
1787062310346,116464,Lumbar,stand,-0.033184,1.01504,-0.055144,2.03,-2.52,0.49,-56
1787062310346,116482,Lumbar,stand,-0.040504,1.01504,-0.059048,1.96,-2.87,0.63,-56
1787062310346,116499,Lumbar,stand,-0.03904,1.014064,-0.054168,1.12,-3.36,0.84,-56
1787062310346,116530,Lumbar,stand,-0.036112,1.011624,-0.05124,1.26,-2.8,0.84,-56
1787062310346,116547,Lumbar,stand,-0.035624,1.009672,-0.05124,1.68,-2.45,0.84,-56
1787062310346,116564,Lumbar,stand,-0.035136,1.013576,-0.047824,2.38,-2.1,0.91,-56
1787062310346,116581,Lumbar,stand,-0.032208,1.019432,-0.050264,2.59,-2.38,0.77,-56
1787062310346,116598,Lumbar,stand,-0.031232,1.02236,-0.058072,1.54,-3.15,0.84,-56
1787062310703,116773,Lumbar,stand,-0.03172,1.00772,-0.049776,1.75,-2.45,0.56,-56
1787062310703,116804,Lumbar,stand,-0.029768,1.012112,-0.049776,3.99,-2.94,0.28,-56
1787062310703,116821,Lumbar,stand,-0.02928,1.025288,-0.049776,3.71,-3.22,-0.07,-56
1787062310703,116838,Lumbar,stand,-0.026352,1.025776,-0.047336,2.45,-3.15,-0.7,-56
1787062310703,116855,Lumbar,stand,-0.030256,1.019432,-0.056608,1.54,-2.73,-1.05,-56
1787062310703,116886,Lumbar,stand,-0.033672,1.006256,-0.061488,1.33,-2.24,-0.63,-56
1787062310703,116903,Lumbar,stand,-0.037576,1.010648,-0.056608,1.26,-2.03,-0.14,-56
1787062310703,116920,Lumbar,stand,-0.03904,1.016504,-0.048312,0.84,-1.89,0.28,-56
1787062310703,116937,Lumbar,stand,-0.038552,1.016504,-0.04636,0.91,-1.68,0.35,-56
1787062310703,116954,Lumbar,stand,-0.040016,1.010648,-0.049288,1.19,-1.96,0.28,-56
1787062311061,117132,Lumbar,stand,-0.037088,1.020896,-0.059048,3.08,-2.87,0.98,-50
1787062311061,117163,Lumbar,stand,-0.048312,1.022848,-0.054656,2.38,-3.29,0.56,-50
1787062311061,117180,Lumbar,stand,-0.04392,1.012112,-0.059048,1.61,-3.15,0.77,-50
1787062311061,117198,Lumbar,stand,-0.03416,1.013576,-0.058072,1.61,-3.15,1.19,-50
1787062311061,117215,Lumbar,stand,-0.024888,1.016992,-0.050264,1.96,-3.29,1.12,-50
1787062311061,117246,Lumbar,stand,-0.02196,1.021872,-0.061,1.96,-3.22,0.28,-50
1787062311061,117263,Lumbar,stand,-0.026352,1.01504,-0.068808,1.68,-4.06,0,-50
1787062311061,117280,Lumbar,stand,-0.030744,1.006744,-0.059048,1.05,-3.85,0.35,-50
1787062311061,117297,Lumbar,stand,-0.035136,1.009184,-0.0488,0.91,-3.78,0.7,-50
1787062311061,117314,Lumbar,stand,-0.039528,1.013576,-0.046848,0.7,-3.99,0.91,-50
1787062311419,117489,Lumbar,stand,-0.03416,1.014064,-0.060512,0.77,-0.21,0.14,-50
1787062311419,117520,Lumbar,stand,-0.044408,1.009672,-0.044408,1.54,0.07,-0.14,-50
1787062311419,117537,Lumbar,stand,-0.045384,1.00528,-0.051728,2.8,0.77,0.07,-50
1787062311419,117554,Lumbar,stand,-0.040016,1.011624,-0.057096,3.36,0.21,0.42,-50
1787062311419,117571,Lumbar,stand,-0.038552,1.016992,-0.060512,2.52,-0.49,0.42,-50
1787062311419,117602,Lumbar,stand,-0.040504,1.020408,-0.049776,0.98,-1.4,-0.21,-50
1787062311419,117619,Lumbar,stand,-0.040992,1.009184,-0.043432,1.47,-1.47,-0.28,-50
1787062311419,117635,Lumbar,stand,-0.045384,1.004792,-0.040992,1.96,-2.03,-0.14,-50
1787062311419,117653,Lumbar,stand,-0.047336,1.00528,-0.044408,3.01,-2.59,0.21,-50
1787062311419,117669,Lumbar,stand,-0.045384,1.016992,-0.056608,2.87,-3.78,0.49,-50
1787062311777,117847,Lumbar,stand,-0.039528,1.013088,-0.04636,0.77,-1.96,0.77,-50
1787062311777,117878,Lumbar,stand,-0.037088,1.002352,-0.055144,0.91,-1.12,1.05,-50
1787062311777,117895,Lumbar,stand,-0.032208,1.002352,-0.059048,1.54,-1.26,1.4,-50
1787062311777,117912,Lumbar,stand,-0.033672,1.018456,-0.056608,2.59,-1.68,1.4,-50
1787062311777,117929,Lumbar,stand,-0.038064,1.028216,-0.052704,1.54,-1.89,0.84,-50
1787062311777,117960,Lumbar,stand,-0.040992,1.01016,-0.047824,0.14,-1.68,0,-50
1787062311777,117977,Lumbar,stand,-0.03904,1.006744,-0.062464,1.05,-2.31,-0.28,-50
1787062311777,117994,Lumbar,stand,-0.038552,1.004792,-0.067832,1.4,-2.1,-0.49,-50
1787062311777,118011,Lumbar,stand,-0.033672,1.013088,-0.07076,1.54,-0.77,-0.63,-50
1787062311777,118028,Lumbar,stand,-0.020984,1.028216,-0.059048,0.98,-0.56,-1.12,-50
1787062312136,118204,Lumbar,stand,-0.052704,1.008208,-0.047336,3.01,-5.39,2.94,-52
1787062312136,118236,Lumbar,stand,-0.0244,1.009184,-0.049776,3.15,-4.48,3.5,-52
1787062312136,118253,Lumbar,stand,-0.013176,1.019432,-0.054656,2.8,-4.2,3.29,-52
1787062312136,118271,Lumbar,stand,-0.016104,1.027728,-0.060512,2.24,-4.83,2.24,-52
1787062312136,118288,Lumbar,stand,-0.019032,1.030656,-0.060512,1.96,-3.92,0.63,-52
1787062312136,118305,Lumbar,stand,-0.025864,1.025288,-0.059048,1.54,-3.01,0,-52
1787062312136,118336,Lumbar,stand,-0.03172,1.00528,-0.0488,1.26,-1.75,-0.21,-52
1787062312136,118353,Lumbar,stand,-0.033184,1.0004,-0.05124,1.68,-2.17,-0.14,-52
1787062312136,118370,Lumbar,stand,-0.034648,1.006744,-0.052704,2.66,-2.24,-0.21,-52
1787062312136,118387,Lumbar,stand,-0.038064,1.020896,-0.050264,3.01,-0.91,-0.42,-52
1787062312495,118563,Lumbar,stand,-0.032696,1.011136,-0.03904,3.43,0.28,1.61,-52
1787062312495,118593,Lumbar,stand,-0.022936,1.024312,-0.072224,3.43,-2.94,0.49,-52
1787062312495,118611,Lumbar,stand,-0.025864,1.026752,-0.066856,3.08,-3.36,-0.49,-52
1787062312495,118627,Lumbar,stand,-0.03416,1.025776,-0.061488,2.8,-2.45,-1.12,-52
1787062312495,118644,Lumbar,stand,-0.040016,1.013088,-0.061,2.73,-0.49,-1.05,-52
1787062312495,118675,Lumbar,stand,-0.040992,1.006744,-0.068808,2.24,-1.89,0.49,-52
1787062312495,118692,Lumbar,stand,-0.035624,1.01016,-0.062952,1.89,-2.17,0.42,-52
1787062312495,118709,Lumbar,stand,-0.040016,1.013576,-0.057584,2.38,-2.31,-0.14,-52
1787062312495,118726,Lumbar,stand,-0.044408,1.010648,-0.060024,3.36,-2.59,-0.49,-52
1787062312495,118743,Lumbar,stand,-0.045384,1.003816,-0.070272,3.85,-2.66,-0.21,-52
1787062312856,118921,Lumbar,stand,-0.040504,1.013576,-0.04148,0.7,-2.1,2.03,-52
1787062312856,118953,Lumbar,stand,-0.032208,1.010648,-0.054656,1.75,-2.87,2.52,-52
1787062312856,118970,Lumbar,stand,-0.030256,1.014552,-0.058072,2.73,-3.36,2.24,-52
1787062312856,118987,Lumbar,stand,-0.031232,1.01748,-0.063928,3.08,-3.64,1.61,-52
1787062312856,119004,Lumbar,stand,-0.025376,1.01992,-0.079544,2.59,-3.15,1.33,-52
1787062312856,119035,Lumbar,stand,-0.018544,1.020896,-0.090768,0.49,-1.89,1.89,-52
1787062312856,119052,Lumbar,stand,-0.016592,1.02236,-0.073688,-0.56,-1.89,1.96,-52
1787062312856,119069,Lumbar,stand,-0.019032,1.014552,-0.060024,-1.89,-1.75,1.47,-52
1787062312856,119086,Lumbar,stand,-0.020984,1.011624,-0.059048,-1.26,-1.26,0.49,-52
1787062312856,119103,Lumbar,stand,-0.020496,1.004792,-0.06588,-0.49,-0.14,0.07,-52
1787062313214,119281,Lumbar,stand,-0.040992,1.00284,-0.066856,-0.84,0.07,-1.19,-52
1787062313214,119313,Lumbar,stand,-0.042456,1.021384,-0.0732,0.14,-1.47,-1.4,-52
1787062313214,119330,Lumbar,stand,-0.037576,1.014552,-0.06588,-2.31,-1.19,-1.54,-52
1787062313214,119347,Lumbar,stand,-0.0366,1.009672,-0.058072,-1.96,-0.7,-1.68,-52
1787062313214,119364,Lumbar,stand,-0.032696,1.008696,-0.038064,-1.12,-0.7,-1.89,-52
1787062313214,119395,Lumbar,stand,-0.039528,1.008696,-0.064904,1.54,-1.19,-2.73,-52
1787062313214,119412,Lumbar,stand,-0.047336,1.018944,-0.074664,0.91,-1.82,-2.59,-52
1787062313214,119429,Lumbar,stand,-0.056608,1.035048,-0.071248,-0.84,-2.94,-2.59,-52
1787062313214,119446,Lumbar,stand,-0.061,1.034072,-0.044896,-2.45,-4.34,-2.24,-52
1787062313214,119463,Lumbar,stand,-0.06588,1.017968,-0.032696,-2.66,-4.83,-0.56,-52
1787062313572,119640,Lumbar,stand,-0.023912,1.013088,-0.058072,0.56,-2.52,1.05,-54
1787062313572,119671,Lumbar,stand,-0.012688,1.01504,-0.049288,0.84,-2.1,0.07,-54
1787062313572,119689,Lumbar,stand,-0.010248,1.016504,-0.049776,1.47,-1.19,-0.77,-54
1787062313572,119705,Lumbar,stand,-0.011224,1.020408,-0.060024,1.61,0.91,-1.68,-54
1787062313572,119722,Lumbar,stand,-0.01952,1.023824,-0.083448,-0.14,1.75,-2.17,-54
1787062313572,119753,Lumbar,stand,-0.035136,1.02236,-0.048312,-3.22,1.61,-2.03,-54
1787062313572,119770,Lumbar,stand,-0.039528,1.009672,-0.028304,-2.87,1.54,-1.96,-54
1787062313572,119787,Lumbar,stand,-0.03904,1.000888,-0.042944,-1.19,2.1,-2.1,-54
1787062313572,119804,Lumbar,stand,-0.05612,1.00528,-0.059048,0.28,2.24,-2.1,-54
1787062313572,119821,Lumbar,stand,-0.068808,1.012112,-0.0488,0.7,1.19,-1.47,-54
1787062313929,119997,Lumbar,stand,-0.028304,1.013088,-0.018056,-2.8,-10.08,2.45,-54
1787062313929,120029,Lumbar,stand,-0.012688,0.989664,-0.0488,-3.99,-6.58,2.38,-54
1787062313929,120046,Lumbar,stand,-0.015616,0.992592,-0.038552,-2.03,-4.76,0.91,-54
1787062313929,120063,Lumbar,stand,-0.028304,1.004792,-0.023912,-0.63,-4.27,0.21,-54
1787062313929,120080,Lumbar,stand,-0.046848,1.014064,-0.027328,0.56,-4.06,0.21,-54
1787062313929,120111,Lumbar,stand,-0.048312,1.013576,-0.0366,-0.14,-3.15,1.33,-54
1787062313929,120128,Lumbar,stand,-0.039528,1.007232,-0.029768,-0.14,-2.17,1.96,-54
1787062313929,120145,Lumbar,stand,-0.037088,1.001376,-0.028792,0.7,-1.89,1.82,-54
1787062313929,120162,Lumbar,stand,-0.037576,1.001376,-0.045872,1.54,-2.24,1.89,-54
1787062313929,120179,Lumbar,stand,-0.03416,1.004304,-0.05612,2.38,-2.87,1.75,-54
1787062314290,120355,Lumbar,stand,-0.020496,1.021384,-0.015616,-1.47,-3.5,0.63,-54
1787062314290,120387,Lumbar,stand,-0.028304,1.01504,0.003416,-0.14,-1.19,0.42,-54
1787062314290,120404,Lumbar,stand,-0.029768,0.996984,-0.003416,-0.42,-1.61,0.77,-54
1787062314290,120422,Lumbar,stand,-0.029768,0.987224,-0.013664,0.7,-2.17,1.68,-54
1787062314290,120439,Lumbar,stand,-0.0366,1.004304,-0.022448,2.24,-0.91,1.75,-54
1787062314290,120456,Lumbar,stand,-0.042456,1.026264,-0.0244,3.43,-0.84,1.68,-54
1787062314290,120487,Lumbar,stand,-0.025376,1.036512,-0.036112,2.52,-2.59,1.47,-54
1787062314290,120504,Lumbar,stand,-0.01708,1.01992,-0.028304,0.14,-3.22,1.61,-54
1787062314290,120520,Lumbar,stand,-0.024888,1.01016,-0.01952,-0.21,-2.66,0.7,-54
1787062314290,120537,Lumbar,stand,-0.027816,1.010648,-0.015616,-0.21,-0.21,-0.7,-54
1787062314649,120713,Lumbar,stand,-0.038064,1.016016,-0.016592,1.89,-3.85,0.84,-54
1787062314649,120745,Lumbar,stand,-0.037576,1.022848,-0.028304,-0.21,-2.38,0.21,-54
1787062314649,120762,Lumbar,stand,-0.037576,1.00772,-0.02196,-0.91,-1.89,0.7,-54
1787062314649,120779,Lumbar,stand,-0.038552,1.003328,-0.00976,0.14,-2.8,2.03,-54
1787062314649,120796,Lumbar,stand,-0.029768,1.006256,-0.013176,0.98,-3.22,2.24,-54
1787062314649,120827,Lumbar,stand,-0.022448,1.011136,-0.01464,1.68,-1.82,1.26,-54
1787062314649,120844,Lumbar,stand,-0.02684,1.018456,-0.005368,3.22,-1.75,1.12,-54
1787062314649,120861,Lumbar,stand,-0.025864,1.02236,-0.000976,2.73,-1.19,1.4,-54
1787062314649,120878,Lumbar,stand,-0.023424,1.018944,-0.003416,1.96,0.98,1.54,-54
1787062314649,120895,Lumbar,stand,-0.0244,1.018456,-0.014152,1.96,1.47,1.47,-54
1787062315008,121072,Lumbar,stand,-0.04392,1.020896,0.005856,2.03,-4.83,0.42,-52
1787062315008,121103,Lumbar,stand,-0.016104,1.0126,-0.009272,4.06,-3.78,-0.98,-52
1787062315008,121120,Lumbar,stand,-0.000976,1.012112,-0.029768,5.04,-2.1,-1.05,-52
1787062315008,121137,Lumbar,stand,-0.004392,1.011136,-0.040016,4.69,-0.49,-1.4,-52
1787062315008,121154,Lumbar,stand,-0.02684,1.008696,-0.020496,5.6,-0.21,-0.77,-52
1787062315008,121185,Lumbar,stand,-0.049776,1.021872,-0.010736,6.72,-1.26,0.56,-52
1787062315008,121202,Lumbar,stand,-0.054656,1.014064,-0.037088,5.53,-2.03,1.33,-52
1787062315008,121219,Lumbar,stand,-0.055144,1.009184,-0.045872,6.09,-4.83,2.45,-52
1787062315008,121236,Lumbar,stand,-0.051728,1.018456,-0.037576,6.51,-5.81,3.01,-52
1787062315008,121253,Lumbar,stand,-0.039528,1.036024,-0.021472,5.04,-6.37,3.15,-52
1787062315366,121430,Lumbar,stand,-0.04636,1.021384,-0.038064,0.77,-0.14,-0.49,-52
1787062315366,121461,Lumbar,stand,-0.062952,1.0248,-0.045872,0.91,-0.56,0.49,-52
1787062315366,121479,Lumbar,stand,-0.057096,1.016992,-0.040992,1.12,-1.75,1.12,-52
1787062315366,121495,Lumbar,stand,-0.04636,1.00772,-0.018544,1.19,-2.24,2.17,-52
1787062315366,121512,Lumbar,stand,-0.041968,1.006744,0,1.68,-2.1,2.94,-52
1787062315366,121543,Lumbar,stand,-0.049288,1.010648,-0.018544,1.75,-2.73,3.78,-52
1787062315366,121560,Lumbar,stand,-0.045872,1.004792,-0.033184,1.89,-3.71,3.99,-52
1787062315366,121577,Lumbar,stand,-0.040504,1.004792,-0.033672,2.31,-5.04,3.92,-52
1787062315366,121594,Lumbar,stand,-0.015616,1.01016,-0.01464,3.36,-5.11,3.57,-52
1787062315366,121611,Lumbar,stand,0.003416,1.01504,-0.00976,4.13,-4.48,2.73,-52
1787062315720,121786,Lumbar,stand,-0.056608,0.987712,-0.041968,5.95,-1.33,1.12,-52
1787062315720,121817,Lumbar,stand,-0.048312,1.01992,-0.038064,9.38,-4.06,2.94,-52
1787062315720,121834,Lumbar,stand,-0.025376,1.032608,-0.052704,7.77,-2.45,3.99,-52
1787062315720,121851,Lumbar,stand,-0.016104,1.03456,-0.054656,6.02,-1.89,4.27,-52
1787062315720,121868,Lumbar,stand,0.002928,1.028216,-0.048312,5.32,-1.96,3.78,-52
1787062315720,121899,Lumbar,stand,0.016592,1.016504,-0.03172,5.11,0,0.28,-52
1787062315720,121916,Lumbar,stand,0.014152,1.010648,-0.030744,5.67,2.03,-0.63,-52
1787062315720,121933,Lumbar,stand,0.010248,1.01016,-0.044896,6.51,4.55,-1.89,-52
1787062315720,121950,Lumbar,stand,-0.011712,1.011624,-0.054168,7,4.41,-1.96,-52
1787062315720,121967,Lumbar,stand,-0.032696,1.026752,-0.064904,7.35,2.8,-2.24,-52
1787062316078,122143,Lumbar,stand,-0.038552,1.12972,-0.07564,-6.93,-15.89,-2.17,-52
1787062316078,122175,Lumbar,stand,-0.004392,0.938912,0.032696,-19.74,-4.06,-0.14,-52
1787062316078,122192,Lumbar,stand,-0.013176,0.906704,0.045384,-5.67,2.31,1.54,-52
1787062316078,122210,Lumbar,stand,-0.02928,0.918416,0.042944,1.4,6.09,2.45,-52
1787062316078,122227,Lumbar,stand,-0.032696,0.958432,0.00976,7.7,7.14,2.66,-52
1787062316078,122244,Lumbar,stand,-0.02196,1.006744,-0.045384,8.33,3.78,2.45,-52
1787062316078,122275,Lumbar,stand,-0.011224,1.037976,-0.074176,3.36,-0.07,1.54,-52
1787062316078,122292,Lumbar,stand,-0.035624,1.01992,-0.046848,2.87,0.98,1.96,-52
1787062316078,122309,Lumbar,stand,-0.050264,1.02236,-0.035136,4.76,1.19,1.4,-52
1787062316078,122326,Lumbar,stand,-0.05124,1.01992,-0.051728,4.76,-0.77,-0.21,-52
1787062316436,122500,Lumbar,stand,-0.033184,1.018944,-0.051728,0.07,-2.45,-0.91,-56
1787062316436,122531,Lumbar,stand,-0.042456,1.014552,-0.03416,0.7,-2.87,-0.56,-56
1787062316436,122548,Lumbar,stand,-0.042456,1.01504,-0.034648,0.42,-2.94,-0.35,-56
1787062316436,122565,Lumbar,stand,-0.041968,1.009672,-0.034648,0.91,-2.52,-0.14,-56
1787062316436,122582,Lumbar,stand,-0.037088,1.003328,-0.047824,1.47,-1.96,0,-56
1787062316436,122613,Lumbar,stand,-0.030256,1.010648,-0.035136,1.68,-1.75,0.63,-56
1787062316436,122630,Lumbar,stand,-0.028304,1.00528,-0.040016,1.96,-1.96,1.12,-56
1787062316436,122647,Lumbar,stand,-0.015616,1.003816,-0.040992,3.5,-1.75,1.68,-56
1787062316436,122664,Lumbar,stand,-0.01464,1.016016,-0.046848,2.24,-0.7,0.49,-56
1787062316436,122681,Lumbar,stand,-0.036112,1.040904,-0.043432,-0.42,-1.12,0.14,-56
1787062316792,122858,Lumbar,stand,-0.030744,1.055056,-0.066368,7,-4.9,0.35,-56
1787062316792,122889,Lumbar,stand,-0.0244,1.021872,-0.071736,1.05,-5.18,-0.21,-56
1787062316792,122906,Lumbar,stand,-0.03416,0.996984,-0.040504,-0.07,-3.57,0.77,-56
1787062316792,122923,Lumbar,stand,-0.040504,0.99552,-0.005856,0.91,-2.24,1.61,-56
1787062316792,122940,Lumbar,stand,-0.03416,0.998448,-0.001464,3.22,-0.98,1.75,-56
1787062316792,122971,Lumbar,stand,-0.02684,1.01016,-0.03172,6.44,-1.05,0.98,-56
1787062316792,122988,Lumbar,stand,-0.028792,1.022848,-0.038552,6.02,-1.4,0.77,-56
1787062316792,123005,Lumbar,stand,-0.025376,1.039928,-0.078568,5.11,-3.5,0.49,-56
1787062316792,123022,Lumbar,stand,-0.010248,1.056032,-0.089792,2.8,-3.78,0.14,-56
1787062316792,123039,Lumbar,stand,-0.00488,1.00528,-0.069784,-2.24,-2.1,0.28,-56
1787062317149,123214,Lumbar,stand,-0.03904,1.014064,-0.039528,2.87,-0.84,0.77,-56
1787062317149,123245,Lumbar,stand,-0.042944,1.011624,-0.055144,2.87,-1.47,0.49,-56
1787062317149,123262,Lumbar,stand,-0.0366,0.996984,-0.042456,2.59,-1.61,0.91,-56
1787062317149,123280,Lumbar,stand,-0.035624,0.996984,-0.022936,3.78,-0.28,1.47,-56
1787062317149,123297,Lumbar,stand,-0.038552,1.005768,-0.023424,4.62,-1.19,1.75,-56
1787062317149,123328,Lumbar,stand,-0.013664,1.031144,-0.07808,5.6,-4.06,-0.35,-56
1787062317149,123345,Lumbar,stand,-0.009272,1.026752,-0.066856,4.06,-3.22,-1.4,-56
1787062317149,123361,Lumbar,stand,-0.015128,1.026752,-0.036112,3.43,-2.87,-1.33,-56
1787062317149,123378,Lumbar,stand,-0.02196,1.02968,-0.052216,2.87,-2.59,-1.54,-56
1787062317149,123395,Lumbar,stand,-0.019032,1.0126,-0.084912,2.1,-2.38,-2.1,-56
1787062317507,123572,Lumbar,stand,-0.01952,1.018456,-0.06344,0.77,-2.1,0,-56
1787062317507,123603,Lumbar,stand,-0.037576,1.002352,-0.045872,0,-0.91,0.14,-56
1787062317507,123620,Lumbar,stand,-0.035624,0.99796,-0.058072,1.68,-1.12,0.98,-56
1787062317507,123638,Lumbar,stand,-0.032696,1.0004,-0.05856,2.24,-0.49,0.98,-56
1787062317507,123655,Lumbar,stand,-0.033672,1.0004,-0.055144,2.59,-0.21,1.05,-56
1787062317507,123686,Lumbar,stand,-0.03416,1.035048,-0.061488,3.99,-1.89,0.49,-56
1787062317507,123703,Lumbar,stand,-0.031232,1.036512,-0.06588,3.43,-1.47,-0.42,-56
1787062317507,123720,Lumbar,stand,-0.025376,1.028704,-0.074176,1.19,-1.82,-0.49,-56
1787062317507,123737,Lumbar,stand,-0.024888,1.020896,-0.059048,-0.35,-2.66,-0.56,-56
1787062317507,123754,Lumbar,stand,-0.030256,1.0126,-0.059048,-1.47,-2.66,-0.35,-56
1787062317867,123930,Lumbar,stand,-0.030256,1.001376,-0.064416,-0.21,-1.82,0.56,-56
1787062317867,123961,Lumbar,stand,-0.035136,1.023336,-0.04636,-0.35,-1.89,0.77,-56
1787062317867,123978,Lumbar,stand,-0.03172,1.02236,-0.048312,-1.61,-1.61,0.42,-56
1787062317867,123995,Lumbar,stand,-0.022448,1.00772,-0.05856,-1.61,-1.61,0.35,-56
1787062317867,124012,Lumbar,stand,-0.023912,0.997472,-0.060024,-0.35,-1.54,0.49,-56
1787062317867,124043,Lumbar,stand,-0.035624,1.017968,-0.03172,0.63,-0.91,0.91,-56
1787062317867,124060,Lumbar,stand,-0.031232,1.02724,-0.038552,0.07,-1.19,0.84,-56
1787062317867,124077,Lumbar,stand,-0.020496,1.025288,-0.057096,0.35,-1.4,0.21,-56
1787062317867,124094,Lumbar,stand,-0.018544,1.013576,-0.056608,-0.84,-0.7,0.49,-56
1787062317867,124111,Lumbar,stand,-0.02196,1.008696,-0.037088,-1.75,-0.84,1.26,-56
1787062318223,124288,Lumbar,stand,-0.022448,1.009672,-0.01708,-2.45,-0.84,3.36,-56
1787062318223,124318,Lumbar,stand,-0.016592,1.022848,-0.043432,-0.28,0.42,0,-56
1787062318223,124336,Lumbar,stand,-0.020984,0.997472,-0.030744,-0.56,3.43,0.49,-56
1787062318223,124352,Lumbar,stand,-0.024888,0.990152,-0.016592,1.05,5.95,0.98,-56
1787062318223,124369,Lumbar,stand,-0.011712,1.021384,-0.03416,3.71,0.35,1.26,-56
1787062318223,124400,Lumbar,stand,-0.011712,1.020896,-0.03904,0.56,0.14,-0.77,-56
1787062318223,124417,Lumbar,stand,-0.039528,0.984784,0.003416,2.1,5.25,-1.19,-56
1787062318223,124434,Lumbar,stand,-0.059536,0.98088,0.017568,5.6,6.23,-1.12,-56
1787062318223,124451,Lumbar,stand,-0.060512,1.00284,-0.021472,8.75,-2.17,-0.28,-56
1787062318223,124468,Lumbar,stand,-0.025864,1.034072,-0.04636,10.08,-5.67,-1.75,-56
1787062318581,124644,Lumbar,stand,-0.03904,1.021872,-0.061,2.52,-3.85,-0.84,-56
1787062318581,124675,Lumbar,stand,-0.017568,1.00528,-0.049288,2.94,-1.89,-0.21,-56
1787062318581,124692,Lumbar,stand,-0.020984,0.993568,-0.055632,6.16,1.47,-0.77,-56
1787062318581,124709,Lumbar,stand,-0.027328,1.00528,-0.064416,7.91,1.82,-0.98,-56
1787062318581,124726,Lumbar,stand,-0.025864,1.02724,-0.074664,6.09,-0.14,-1.26,-56
1787062318581,124757,Lumbar,stand,-0.0244,1.022848,-0.084424,2.87,-0.91,-1.4,-56
1787062318581,124774,Lumbar,stand,-0.039528,1.018456,-0.096624,1.68,-0.35,-1.54,-56
1787062318581,124791,Lumbar,stand,-0.048312,1.017968,-0.097112,0.42,-0.91,-1.26,-56
1787062318581,124808,Lumbar,stand,-0.051728,1.010648,-0.09272,-0.42,-1.68,-1.05,-56
1787062318581,124825,Lumbar,stand,-0.044896,0.994056,-0.062952,-0.56,-2.38,-0.14,-56
1787062318934,125001,Lumbar,stand,-0.010736,1.021872,-0.060512,0.7,-5.88,0.56,-53
1787062318934,125032,Lumbar,stand,-0.01952,1.008208,-0.047824,0.28,-4.34,-0.63,-53
1787062318934,125049,Lumbar,stand,-0.027328,1.003328,-0.045872,1.4,-3.43,-1.12,-53
1787062318934,125066,Lumbar,stand,-0.028304,1.006744,-0.058072,1.96,-1.89,-1.05,-53
1787062318934,125083,Lumbar,stand,-0.030744,1.016504,-0.064416,2.03,-1.33,-0.77,-53
1787062318934,125114,Lumbar,stand,-0.035624,1.028704,-0.060024,-0.91,-0.49,-0.84,-53
1787062318934,125131,Lumbar,stand,-0.0366,1.026264,-0.055632,-2.66,-0.42,-0.98,-53
1787062318934,125148,Lumbar,stand,-0.043432,1.01748,-0.052704,-3.36,-0.56,-0.98,-53
1787062318934,125165,Lumbar,stand,-0.050752,1.003328,-0.05612,-2.94,-1.61,-0.91,-53
1787062318934,125182,Lumbar,stand,-0.053192,1.00284,-0.053192,-1.19,-2.73,-0.84,-53
1787062319348,125407,Lumbar,stand,-0.057096,1.010648,-0.03904,-0.14,-2.73,-0.14,-53
1787062319348,125438,Lumbar,stand,-0.046848,1.019432,-0.028792,0.49,-3.15,-0.07,-53
1787062319348,125455,Lumbar,stand,-0.040992,1.011624,-0.030744,-0.35,-3.22,-0.35,-53
1787062319348,125472,Lumbar,stand,-0.044408,1.009672,-0.036112,0.28,-3.5,-0.63,-53
1787062319348,125489,Lumbar,stand,-0.047336,1.014064,-0.038552,0.7,-3.5,-0.7,-53
1787062319348,125520,Lumbar,stand,-0.053192,1.02236,-0.037088,-1.05,-3.57,-0.07,-53
1787062319348,125537,Lumbar,stand,-0.052704,1.01992,-0.034648,-1.96,-4.06,0.28,-53
1787062319348,125554,Lumbar,stand,-0.049288,1.012112,-0.029768,-1.89,-4.27,0.35,-53
1787062319348,125571,Lumbar,stand,-0.044896,1.009184,-0.029768,-0.91,-4.2,0.35,-53
1787062319348,125588,Lumbar,stand,-0.042944,1.008696,-0.03416,-0.7,-3.78,0.28,-53
1787062319704,125766,Lumbar,stand,-0.050264,1.01016,-0.019032,5.81,2.52,-0.42,-53
1787062319704,125798,Lumbar,stand,-0.055144,1.016016,-0.04392,5.88,3.01,-0.42,-53
1787062319704,125815,Lumbar,stand,-0.055144,1.022848,-0.052704,4.83,2.31,-0.49,-53
1787062319704,125832,Lumbar,stand,-0.054168,1.021872,-0.050752,3.15,1.19,-0.56,-53
1787062319704,125849,Lumbar,stand,-0.053192,1.018944,-0.04636,1.61,0.98,-0.14,-53
1787062319704,125880,Lumbar,stand,-0.05124,0.999912,-0.025376,1.82,2.73,0.77,-53
1787062319704,125897,Lumbar,stand,-0.052216,0.99552,-0.036112,4.41,3.36,1.47,-53
1787062319704,125914,Lumbar,stand,-0.060512,1.00528,-0.04392,5.74,3.29,1.75,-53
1787062319704,125931,Lumbar,stand,-0.055632,1.025288,-0.050752,5.6,3.5,1.75,-53
1787062319704,125948,Lumbar,stand,-0.043432,1.038952,-0.041968,3.22,5.32,1.33,-53
1787062320065,126124,Lumbar,stand,-0.071248,1.02968,-0.074176,6.3,-6.93,-0.84,-52
1787062320065,126156,Lumbar,stand,-0.041968,1.031144,-0.078568,2.17,-5.04,0.49,-52
1787062320065,126173,Lumbar,stand,-0.037576,1.027728,-0.067832,-0.84,-2.8,1.26,-52
1787062320065,126190,Lumbar,stand,-0.037088,1.02236,-0.05856,-1.4,-1.47,1.19,-52
1787062320065,126207,Lumbar,stand,-0.032696,1.016016,-0.047824,-0.56,-1.82,0.84,-52
1787062320065,126238,Lumbar,stand,-0.026352,1.006256,-0.038552,3.57,-4.06,-1.26,-52
1787062320065,126255,Lumbar,stand,-0.030256,1.005768,-0.040504,4.06,-3.22,-1.54,-52
1787062320065,126272,Lumbar,stand,-0.040016,1.01016,-0.056608,3.99,-1.82,-1.33,-52
1787062320065,126289,Lumbar,stand,-0.047336,1.01992,-0.063928,2.03,-0.98,-0.63,-52
1787062320065,126306,Lumbar,stand,-0.048312,1.021384,-0.062952,0.42,-0.56,-0.35,-52
1787062320423,126484,Lumbar,stand,-0.069784,1.020408,-0.049776,3.64,-0.07,-0.49,-52
1787062320423,126515,Lumbar,stand,-0.07564,1.020408,-0.076616,0.42,0.7,0.56,-52
1787062320423,126532,Lumbar,stand,-0.069784,0.99308,-0.067344,-1.33,-0.42,1.19,-52
1787062320423,126549,Lumbar,stand,-0.06832,0.987224,-0.0488,1.33,-2.31,1.54,-52
1787062320423,126566,Lumbar,stand,-0.069296,0.999424,-0.044896,2.38,-2.45,1.61,-52
1787062320423,126597,Lumbar,stand,-0.074664,1.013088,-0.057096,2.66,-2.31,0.84,-52
1787062320423,126614,Lumbar,stand,-0.075152,1.011136,-0.06832,2.87,-3.15,1.4,-52
1787062320423,126631,Lumbar,stand,-0.063928,1.016016,-0.094672,2.45,-4.06,1.61,-52
1787062320423,126648,Lumbar,stand,-0.053192,1.01992,-0.103456,0,-5.46,1.54,-52
1787062320423,126665,Lumbar,stand,-0.049288,1.016016,-0.0854,-2.45,-5.53,0.84,-52
1787062320780,126841,Lumbar,stand,-0.058072,1.023824,-0.041968,4.48,0.84,1.12,-52
1787062320780,126872,Lumbar,stand,-0.043432,1.009672,-0.048312,4.06,-0.14,1.75,-52
1787062320780,126889,Lumbar,stand,-0.04148,1.009672,-0.06588,5.18,-2.1,1.75,-52
1787062320780,126906,Lumbar,stand,-0.045384,1.011136,-0.071248,5.25,-2.94,1.82,-52
1787062320780,126923,Lumbar,stand,-0.05368,1.020408,-0.072224,4.48,-3.43,1.89,-52
1787062320780,126954,Lumbar,stand,-0.05368,1.01504,-0.05856,2.24,-1.89,2.03,-52
1787062320780,126971,Lumbar,stand,-0.052216,1.003328,-0.059536,2.73,-0.42,2.24,-52
1787062320780,126988,Lumbar,stand,-0.047336,1.003816,-0.061,3.22,0.63,2.24,-52
1787062320780,127005,Lumbar,stand,-0.047336,1.015528,-0.061976,3.43,0.98,1.89,-52
1787062320780,127022,Lumbar,stand,-0.045384,1.021872,-0.065392,2.17,0.77,1.19,-52
1787062321137,127197,Lumbar,stand,-0.052216,1.013088,-0.029768,0.84,-1.96,1.12,-52
1787062321137,127228,Lumbar,stand,-0.047336,1.008208,-0.02928,2.94,-0.56,2.03,-52
1787062321137,127245,Lumbar,stand,-0.050752,1.009184,-0.033672,4.55,0.63,2.45,-52
1787062321137,127263,Lumbar,stand,-0.054656,1.014064,-0.0488,5.53,0.77,2.52,-52
1787062321137,127279,Lumbar,stand,-0.054168,1.014064,-0.061976,5.32,-0.14,2.24,-52
1787062321137,127311,Lumbar,stand,-0.047824,1.020408,-0.06588,3.99,-1.54,2.03,-52
1787062321137,127327,Lumbar,stand,-0.049776,1.027728,-0.067344,2.1,-2.31,1.82,-52
1787062321137,127344,Lumbar,stand,-0.05124,1.017968,-0.067344,-0.56,-2.03,1.26,-52
1787062321137,127361,Lumbar,stand,-0.049288,1.0126,-0.067344,-1.47,-3.22,0.56,-52
1787062321137,127378,Lumbar,stand,-0.043432,1.014552,-0.054656,-0.98,-4.34,0.28,-52
1787062321498,127554,Lumbar,stand,-0.030744,1.036512,-0.07564,-3.5,1.47,-2.8,-54
1787062321498,127585,Lumbar,stand,-0.057584,1.011624,-0.050752,-4.34,0.49,-2.31,-54
1787062321498,127602,Lumbar,stand,-0.070272,1.013088,-0.035624,-1.26,-0.98,-1.4,-54
1787062321498,127620,Lumbar,stand,-0.077592,1.011136,-0.0366,-1.82,-1.05,-0.63,-54
1787062321498,127637,Lumbar,stand,-0.07564,1.007232,-0.040504,-2.59,-0.84,0.7,-54
1787062321498,127668,Lumbar,stand,-0.072712,1.018944,-0.03416,-2.73,-0.42,1.54,-54
1787062321498,127685,Lumbar,stand,-0.067344,1.029192,-0.033672,-2.31,-2.52,1.26,-54
1787062321498,127702,Lumbar,stand,-0.066856,1.030168,-0.035136,-2.66,-5.18,0.98,-54
1787062321498,127719,Lumbar,stand,-0.063928,1.025776,-0.037088,-3.01,-6.16,0.49,-54
1787062321498,127736,Lumbar,stand,-0.060512,1.01504,-0.037576,-3.78,-6.86,0.35,-54
1787062321855,127914,Lumbar,stand,-0.040504,1.011136,-0.02684,-0.56,-7.14,0.77,-54
1787062321855,127946,Lumbar,stand,-0.041968,1.01504,-0.016592,-0.56,-5.39,0.91,-54
1787062321855,127963,Lumbar,stand,-0.04148,1.013576,-0.0122,-1.12,-4.13,1.33,-54
1787062321855,127980,Lumbar,stand,-0.042456,1.009184,-0.00732,-0.98,-3.29,1.61,-54
1787062321855,127997,Lumbar,stand,-0.047824,1.000888,-0.000976,-0.21,-2.45,1.54,-54
1787062321855,128028,Lumbar,stand,-0.05368,1.005768,0,1.82,-2.31,1.47,-54
1787062321855,128045,Lumbar,stand,-0.05368,1.016992,-0.001952,2.1,-1.61,1.33,-54
1787062321855,128062,Lumbar,stand,-0.054656,1.018456,-0.011712,1.54,-0.84,1.4,-54
1787062321855,128079,Lumbar,stand,-0.058072,1.01748,-0.01464,1.19,-0.91,1.61,-54
1787062321855,128096,Lumbar,stand,-0.059536,1.016504,-0.017568,0.63,-1.89,1.54,-54
1787062322210,128272,Lumbar,stand,-0.038064,1.016504,-0.010248,3.71,-3.15,1.19,-54
1787062322210,128302,Lumbar,stand,-0.0366,1.011136,-0.014152,2.38,-1.4,1.19,-54
1787062322210,128320,Lumbar,stand,-0.038552,1.008208,-0.008784,3.08,-0.14,0.7,-54
1787062322210,128337,Lumbar,stand,-0.03416,1.020896,-0.009272,4.83,-0.42,0.28,-54
1787062322210,128353,Lumbar,stand,-0.03416,1.026264,-0.0122,4.9,-0.35,0,-54
1787062322210,128384,Lumbar,stand,-0.045872,1.016992,-0.022936,1.89,1.05,0.35,-54
1787062322210,128401,Lumbar,stand,-0.050752,1.013088,-0.022448,1.54,1.54,0.63,-54
1787062322210,128418,Lumbar,stand,-0.05612,1.009672,-0.021472,1.82,1.33,0.77,-54
1787062322210,128435,Lumbar,stand,-0.055632,1.009184,-0.016104,2.94,0.21,0.84,-54
1787062322210,128452,Lumbar,stand,-0.050264,1.011624,-0.0122,3.85,-0.28,0.84,-54
1787062322567,128627,Lumbar,stand,-0.05124,1.026752,-0.031232,3.22,-1.19,1.33,-52
1787062322567,128658,Lumbar,stand,-0.045872,1.012112,-0.018056,2.17,-0.77,1.12,-52
1787062322567,128675,Lumbar,stand,-0.045384,1.009672,-0.014152,2.87,0.14,1.19,-52
1787062322567,128692,Lumbar,stand,-0.04636,1.011624,-0.019032,3.57,0.35,1.33,-52
1787062322567,128709,Lumbar,stand,-0.044408,1.017968,-0.030256,4.34,0.42,1.05,-52
1787062322567,128740,Lumbar,stand,-0.037088,1.01748,-0.037576,3.64,1.26,0,-52
1787062322567,128757,Lumbar,stand,-0.040992,1.015528,-0.039528,3.5,0.91,-0.07,-52
1787062322567,128774,Lumbar,stand,-0.0488,1.016992,-0.0366,3.29,-0.35,0,-52
1787062322567,128791,Lumbar,stand,-0.054168,1.016016,-0.027328,2.8,-0.84,0.07,-52
1787062322567,128808,Lumbar,stand,-0.055144,1.014552,-0.022448,3.01,-0.07,0.21,-52
1787062322925,128983,Lumbar,stand,-0.050264,1.01504,-0.033672,1.75,-3.29,1.19,-52
1787062322925,129014,Lumbar,stand,-0.047824,1.013576,-0.03416,2.52,-4.13,1.33,-52
1787062322925,129031,Lumbar,stand,-0.050264,1.016992,-0.038064,2.38,-4.48,1.47,-52
1787062322925,129048,Lumbar,stand,-0.052216,1.021872,-0.04148,1.75,-4.69,1.4,-52
1787062322925,129065,Lumbar,stand,-0.052216,1.020408,-0.040016,0.91,-4.62,1.33,-52
1787062322925,129096,Lumbar,stand,-0.053192,1.008208,-0.035136,0.7,-5.39,1.75,-52
1787062322925,129113,Lumbar,stand,-0.054656,1.011136,-0.038552,1.4,-6.65,2.59,-52
1787062322925,129130,Lumbar,stand,-0.049288,1.018944,-0.040992,1.4,-6.79,2.87,-52
1787062322925,129147,Lumbar,stand,-0.035624,1.018944,-0.040016,1.05,-6.37,2.66,-52
1787062322925,129164,Lumbar,stand,-0.025376,1.014064,-0.033672,0.91,-5.18,2.52,-52
1787062323280,129340,Lumbar,stand,-0.040992,1.01016,-0.028792,2.1,0.77,0.07,-52
1787062323280,129370,Lumbar,stand,-0.052704,1.018944,-0.040504,2.8,0.49,0.35,-52
1787062323280,129387,Lumbar,stand,-0.055632,1.029192,-0.04392,2.24,0,-0.07,-52
1787062323280,129404,Lumbar,stand,-0.056608,1.0248,-0.042456,0.28,-0.91,-0.28,-52
1787062323280,129421,Lumbar,stand,-0.05612,1.016504,-0.036112,-0.91,-2.1,0.7,-52
1787062323280,129452,Lumbar,stand,-0.050264,0.997472,-0.023424,0.49,-2.17,1.4,-52
1787062323280,129469,Lumbar,stand,-0.046848,0.998448,-0.026352,3.5,-1.33,0.7,-52
1787062323280,129486,Lumbar,stand,-0.036112,1.01016,-0.02928,5.04,-0.63,0.35,-52
1787062323280,129503,Lumbar,stand,-0.040504,1.032608,-0.04636,4.83,-0.63,0,-52
1787062323280,129520,Lumbar,stand,-0.047824,1.035048,-0.055144,2.03,-2.1,0.49,-52
1787062323637,129695,Lumbar,stand,-0.019032,1.0126,-0.038552,0.7,-4.34,0.77,-52
1787062323637,129727,Lumbar,stand,-0.028304,1.014552,-0.040504,1.89,-3.64,-0.07,-52
1787062323637,129744,Lumbar,stand,-0.036112,1.022848,-0.04392,0.98,-4.34,-0.14,-52
1787062323637,129761,Lumbar,stand,-0.04148,1.023824,-0.045384,0.21,-4.48,0,-52
1787062323637,129778,Lumbar,stand,-0.03904,1.018944,-0.040504,-0.77,-3.92,0.07,-52
1787062323637,129809,Lumbar,stand,-0.028304,1.005768,-0.028792,0,-1.68,0.77,-52
1787062323637,129826,Lumbar,stand,-0.02928,1.010648,-0.03904,1.19,-1.47,0.63,-52
1787062323637,129843,Lumbar,stand,-0.035624,1.01504,-0.049776,1.12,-1.96,0,-52
1787062323637,129860,Lumbar,stand,-0.04148,1.017968,-0.051728,0.84,-2.66,-0.28,-52
1787062323637,129877,Lumbar,stand,-0.041968,1.01748,-0.043432,-0.14,-2.8,0.14,-52
1787062323994,130052,Lumbar,stand,-0.045384,1.012112,-0.020984,2.87,-3.71,0.21,-55
1787062323994,130083,Lumbar,stand,-0.04392,1.01504,-0.032696,3.5,-1.75,1.4,-55
1787062323994,130100,Lumbar,stand,-0.041968,1.025288,-0.042944,2.59,-2.17,1.47,-55
1787062323994,130117,Lumbar,stand,-0.037576,1.028216,-0.052216,0.91,-3.64,1.33,-55
1787062323994,130134,Lumbar,stand,-0.035136,1.021872,-0.049776,-0.63,-4.48,1.33,-55
1787062323994,130165,Lumbar,stand,-0.033184,1.0126,-0.040016,-1.4,-2.66,1.26,-55
1787062323994,130182,Lumbar,stand,-0.040016,1.006256,-0.038064,-1.26,-1.75,1.19,-55
1787062323994,130198,Lumbar,stand,-0.047824,1.009184,-0.03416,-0.35,-2.1,0.91,-55
1787062323994,130215,Lumbar,stand,-0.048312,1.013088,-0.030744,0.07,-2.17,0.56,-55
1787062323994,130232,Lumbar,stand,-0.032208,1.0126,-0.025864,0.07,-1.75,0.56,-55
1787062324350,130408,Lumbar,stand,-0.034648,1.005768,-0.01464,0.07,-2.1,1.33,-55
1787062324350,130439,Lumbar,stand,-0.038064,1.0248,-0.02928,2.94,-4.97,0.7,-55
1787062324350,130456,Lumbar,stand,-0.035624,1.030168,-0.034648,1.54,-6.16,0.49,-55
1787062324350,130473,Lumbar,stand,-0.034648,1.014064,-0.025376,-0.63,-5.11,0.7,-55
1787062324350,130490,Lumbar,stand,-0.037088,1.005768,-0.015616,0.42,-3.78,1.05,-55
1787062324350,130521,Lumbar,stand,-0.030256,1.020408,-0.018056,2.38,-3.71,0.84,-55
1787062324350,130538,Lumbar,stand,-0.026352,1.027728,-0.027328,1.75,-3.43,0.21,-55
1787062324350,130555,Lumbar,stand,-0.0244,1.024312,-0.030256,1.26,-2.8,-0.07,-55
1787062324350,130572,Lumbar,stand,-0.033184,1.015528,-0.025864,1.26,-2.59,0,-55
1787062324350,130589,Lumbar,stand,-0.03904,1.011624,-0.0244,1.19,-2.52,0.7,-55
1787062324710,130765,Lumbar,stand,-0.036112,1.041392,-0.027816,3.01,-5.11,0.49,-57
1787062324710,130797,Lumbar,stand,-0.039528,1.020896,-0.031232,-1.19,-3.64,1.26,-57
1787062324710,130814,Lumbar,stand,-0.037088,1.008208,-0.01708,-0.21,-3.5,1.19,-57
1787062324710,130831,Lumbar,stand,-0.037576,1.00772,-0.0122,2.17,-3.57,0.91,-57
1787062324710,130848,Lumbar,stand,-0.034648,1.00772,-0.015616,3.15,-3.71,1.05,-57
1787062324710,130879,Lumbar,stand,-0.03904,1.020896,-0.0366,4.48,-4.69,0.98,-57
1787062324710,130896,Lumbar,stand,-0.039528,1.02724,-0.039528,2.38,-5.67,1.05,-57
1787062324710,130913,Lumbar,stand,-0.037576,1.034072,-0.033672,1.12,-5.67,0.98,-57
1787062324710,130930,Lumbar,stand,-0.031232,1.020408,-0.020496,-1.4,-4.2,0.77,-57
1787062324710,130947,Lumbar,stand,-0.027816,1.005768,-0.011224,-1.19,-2.66,0.91,-57
1787062325068,131123,Lumbar,stand,-0.038064,1.018456,-0.006832,4.48,-1.68,-0.98,-57
1787062325068,131154,Lumbar,stand,-0.044896,1.047248,-0.033672,2.24,-0.84,-0.56,-57
1787062325068,131171,Lumbar,stand,-0.04636,1.042856,-0.035624,-1.26,-1.19,0.21,-57
1787062325068,131188,Lumbar,stand,-0.040504,1.027728,-0.02684,-2.17,-1.12,0.56,-57
1787062325068,131205,Lumbar,stand,-0.036112,1.009672,-0.016592,-1.33,0.42,0.56,-57
1787062325068,131235,Lumbar,stand,-0.025376,1.017968,-0.032208,-2.8,2.24,-1.05,-57
1787062325068,131252,Lumbar,stand,-0.016104,1.012112,-0.027328,-3.92,1.19,-1.75,-57
1787062325068,131269,Lumbar,stand,-0.008784,1.006256,-0.008296,-1.96,0.98,-2.38,-57
1787062325068,131286,Lumbar,stand,-0.023424,1.015528,0.001464,0.42,2.73,-2.52,-57
1787062325068,131303,Lumbar,stand,-0.02928,1.025776,-0.016592,0,4.06,-1.75,-57
1787062325430,131481,Lumbar,stand,-0.0366,1.008208,-0.027328,3.85,-5.6,-0.56,-57
1787062325430,131513,Lumbar,stand,-0.033184,1.02724,-0.023912,1.47,-4.06,0.56,-57
1787062325430,131530,Lumbar,stand,-0.032696,1.0248,-0.033672,-0.14,-2.59,0.07,-57
1787062325430,131548,Lumbar,stand,-0.040992,1.020896,-0.037088,-0.56,-2.17,-1.05,-57
1787062325430,131565,Lumbar,stand,-0.049288,1.011624,-0.022936,-0.07,-2.17,-1.54,-57
1787062325430,131582,Lumbar,stand,-0.050264,1.003328,-0.005856,0.14,-2.1,-1.82,-57
1787062325430,131613,Lumbar,stand,-0.049776,0.997472,0.012688,2.24,-2.94,-0.14,-57
1787062325430,131630,Lumbar,stand,-0.045872,1.007232,0.008296,3.5,-3.15,-0.07,-57
1787062325430,131647,Lumbar,stand,-0.04636,1.020408,-0.004392,4.41,-2.38,-0.77,-57
1787062325430,131664,Lumbar,stand,-0.049776,1.025288,-0.018544,4.41,-1.47,-1.33,-57
1787062325784,131841,Lumbar,stand,-0.042944,1.020408,-0.0122,0.98,-1.61,0.98,-53
1787062325784,131872,Lumbar,stand,-0.036112,1.014552,-0.015616,2.31,-1.33,0.49,-53
1787062325784,131889,Lumbar,stand,-0.037576,1.01504,-0.02196,2.87,-1.4,0,-53
1787062325784,131906,Lumbar,stand,-0.044896,1.020408,-0.025864,2.87,-1.47,-0.07,-53
1787062325784,131923,Lumbar,stand,-0.050264,1.02236,-0.025376,1.68,-1.33,0.07,-53
1787062325784,131954,Lumbar,stand,-0.05368,1.01504,-0.011224,0.84,-1.68,0.49,-53
1787062325784,131971,Lumbar,stand,-0.052216,1.013576,-0.009272,1.33,-2.1,0.35,-53
1787062325784,131988,Lumbar,stand,-0.0488,1.009672,-0.013664,2.17,-2.66,0,-53
1787062325784,132005,Lumbar,stand,-0.047336,1.01016,-0.020984,3.08,-2.52,0.21,-53
1787062325784,132022,Lumbar,stand,-0.0488,1.019432,-0.019032,3.5,-2.31,0.56,-53
1787062326144,132197,Lumbar,stand,-0.057584,1.011624,-0.020496,2.94,-0.35,0.28,-53
1787062326144,132228,Lumbar,stand,-0.050264,1.01748,-0.02196,3.22,-0.98,-0.28,-53
1787062326144,132246,Lumbar,stand,-0.044408,1.020408,-0.027328,2.94,-0.7,-0.14,-53
1787062326144,132263,Lumbar,stand,-0.040016,1.01992,-0.030256,1.4,0.21,-0.14,-53
1787062326144,132280,Lumbar,stand,-0.044408,1.012112,-0.025376,1.26,0.35,0,-53
1787062326144,132297,Lumbar,stand,-0.057096,1.026264,-0.030744,1.82,0.14,0.42,-53
1787062326144,132328,Lumbar,stand,-0.064416,1.013088,-0.01708,0.28,-2.1,0.21,-53
1787062326144,132345,Lumbar,stand,-0.053192,1.010648,-0.0122,1.4,-2.59,0.42,-53
1787062326144,132362,Lumbar,stand,-0.05124,1.015528,-0.01464,2.87,-3.99,0.84,-53
1787062326144,132379,Lumbar,stand,-0.045384,1.01504,-0.017568,2.94,-4.69,0.84,-53
1787062326502,132555,Lumbar,stand,-0.044896,1.020896,-0.043432,0.98,-0.35,0.98,-53
1787062326502,132586,Lumbar,stand,-0.044896,1.011136,-0.035136,-0.42,-0.91,0.56,-53
1787062326502,132603,Lumbar,stand,-0.035624,0.997472,-0.008296,1.05,-1.68,1.26,-53
1787062326502,132620,Lumbar,stand,-0.038552,1.032608,-0.03172,2.03,-0.84,-0.56,-53
1787062326502,132637,Lumbar,stand,-0.042456,1.018456,-0.032696,-1.61,-1.68,-0.77,-53
1787062326502,132668,Lumbar,stand,-0.047824,1.02236,-0.03904,1.89,0.42,-2.03,-53
1787062326502,132685,Lumbar,stand,-0.06832,1.000888,-0.042944,3.99,1.89,-2.24,-53
1787062326502,132702,Lumbar,stand,-0.064416,1.005768,-0.032696,3.29,-0.14,-1.19,-53
1787062326502,132719,Lumbar,stand,-0.054168,1.006256,-0.035136,3.64,0.35,-0.28,-53
1787062326502,132736,Lumbar,stand,-0.056608,1.0126,-0.034648,3.01,-0.35,0.14,-53
1787062326863,132914,Lumbar,stand,-0.052216,1.009672,-0.03416,3.57,-3.08,0.49,-53
1787062326863,132946,Lumbar,stand,-0.0488,1.001864,-0.035624,3.92,-1.61,0.91,-53
1787062326863,132963,Lumbar,stand,-0.041968,1.014064,-0.03904,4.69,-1.33,0.77,-53
1787062326863,132981,Lumbar,stand,-0.03904,1.026264,-0.042944,4.27,-1.47,0.14,-53
1787062326863,132998,Lumbar,stand,-0.039528,1.028704,-0.043432,3.08,-1.47,-0.49,-53
1787062326863,133015,Lumbar,stand,-0.044896,1.021872,-0.04392,1.26,-0.91,-0.77,-53
1787062326863,133046,Lumbar,stand,-0.052704,1.001864,-0.037088,0.21,0.21,0.28,-53
1787062326863,133064,Lumbar,stand,-0.055144,1.003816,-0.032696,1.75,1.05,0.49,-53
1787062326863,133081,Lumbar,stand,-0.057584,1.008208,-0.031232,3.08,0.49,0.21,-53
1787062326863,133098,Lumbar,stand,-0.059536,1.011136,-0.031232,3.78,-0.49,-0.35,-53
1787062327221,133274,Lumbar,stand,-0.040992,1.029192,-0.032696,-0.35,-0.56,0.35,-51
1787062327221,133305,Lumbar,stand,-0.047336,1.018944,-0.025864,-0.49,0.63,0.56,-51
1787062327221,133323,Lumbar,stand,-0.052216,1.014064,-0.027328,0.7,0.63,0.28,-51
1787062327221,133340,Lumbar,stand,-0.053192,1.016016,-0.034648,2.03,0.91,-0.49,-51
1787062327221,133357,Lumbar,stand,-0.054168,1.011136,-0.045872,1.75,0,-0.7,-51
1787062327221,133374,Lumbar,stand,-0.057096,1.009184,-0.048312,2.94,-1.26,0.28,-51
1787062327221,133405,Lumbar,stand,-0.059048,1.016992,-0.054168,0.91,-1.75,1.05,-51
1787062327221,133422,Lumbar,stand,-0.060024,1.016504,-0.047824,-0.42,-2.45,0.7,-51
1787062327221,133439,Lumbar,stand,-0.05856,1.018456,-0.043432,-1.19,-4.06,-0.35,-51
1787062327221,133456,Lumbar,stand,-0.054168,1.016992,-0.037576,-1.19,-5.11,-1.05,-51
1787062327582,133633,Lumbar,stand,-0.060512,1.006744,-0.026352,2.1,-3.29,-0.07,-51
1787062327582,133664,Lumbar,stand,-0.05124,1.004304,-0.030744,3.22,-1.75,-0.14,-51
1787062327582,133681,Lumbar,stand,-0.050264,1.003816,-0.045872,4.9,-2.03,0,-51
1787062327582,133698,Lumbar,stand,-0.066368,1.020896,-0.06588,7.21,-3.64,1.12,-51
1787062327582,133715,Lumbar,stand,-0.069296,1.057008,-0.098576,5.18,-4.62,1.54,-51
1787062327582,133746,Lumbar,stand,-0.066856,1.02236,-0.110776,-1.82,-7.56,-0.7,-51
1787062327582,133763,Lumbar,stand,-0.065392,0.993568,-0.076128,-1.12,-10.43,0.35,-51
1787062327582,133780,Lumbar,stand,-0.060024,0.988688,-0.005856,-1.33,-11.2,2.45,-51
1787062327582,133797,Lumbar,stand,-0.049776,0.995032,0.035624,-1.05,-7.28,4.13,-51
1787062327582,133814,Lumbar,stand,-0.055632,1.021384,0.079544,0.63,-4.41,4.41,-51
1787062327941,133992,Lumbar,stand,-0.055144,0.975024,0.003416,-2.03,-3.71,2.8,-55
1787062327941,134024,Lumbar,stand,-0.0488,1.004304,-0.020984,4.2,-5.6,0.14,-55
1787062327941,134041,Lumbar,stand,-0.055144,1.012112,-0.038064,4.83,-5.53,-0.49,-55
1787062327941,134058,Lumbar,stand,-0.069296,1.0248,-0.05124,3.01,-5.95,-0.07,-55
1787062327941,134075,Lumbar,stand,-0.067344,1.026264,-0.042944,-0.49,-7.91,1.05,-55
1787062327941,134106,Lumbar,stand,-0.050752,0.998448,-0.02928,-1.05,-10.36,0.98,-55
1787062327941,134123,Lumbar,stand,-0.040016,0.979904,-0.0244,3.01,-10.29,-0.63,-55
1787062327941,134139,Lumbar,stand,-0.04148,0.979416,-0.03172,7.42,-9.8,-1.82,-55
1787062327941,134156,Lumbar,stand,-0.057096,0.997472,-0.033672,8.82,-9.52,-1.12,-55
1787062327941,134173,Lumbar,stand,-0.069296,1.033584,-0.045872,7.98,-7.63,-0.42,-55
1787062328299,134350,Lumbar,stand,-0.049776,1.011136,-0.032696,-0.14,-5.67,-0.21,-55
1787062328299,134381,Lumbar,stand,-0.047824,1.012112,-0.018544,1.47,-3.92,0.28,-55
1787062328299,134398,Lumbar,stand,-0.039528,1.013088,-0.01952,1.89,-1.89,-0.14,-55
1787062328299,134415,Lumbar,stand,-0.041968,1.013576,-0.027816,2.31,-1.82,-0.91,-55
1787062328299,134432,Lumbar,stand,-0.048312,1.017968,-0.034648,3.36,-2.73,-1.05,-55
1787062328299,134463,Lumbar,stand,-0.05368,1.025288,-0.039528,0.7,-2.17,-1.19,-55
1787062328299,134480,Lumbar,stand,-0.060512,1.020896,-0.028792,-0.49,-1.96,-1.33,-55
1787062328299,134497,Lumbar,stand,-0.064904,1.022848,-0.025376,-0.28,-1.26,-1.33,-55
1787062328299,134514,Lumbar,stand,-0.066368,1.025288,-0.031232,-0.77,-0.77,-1.19,-55
1787062328299,134531,Lumbar,stand,-0.064904,1.013088,-0.035624,-2.31,-0.28,-0.7,-55
1787062328658,134710,Lumbar,stand,-0.057096,1.003816,-0.023424,0.42,-3.5,0.14,-55
1787062328658,134741,Lumbar,stand,-0.066368,1.0126,-0.030744,1.05,-2.8,1.19,-55
1787062328658,134758,Lumbar,stand,-0.067344,1.025776,-0.031232,1.12,-3.22,1.05,-55
1787062328658,134775,Lumbar,stand,-0.060024,1.0248,-0.028304,1.26,-3.43,0.77,-55
1787062328658,134792,Lumbar,stand,-0.055144,1.01504,-0.022936,0.91,-2.87,0.56,-55
1787062328658,134823,Lumbar,stand,-0.05368,1.004792,-0.032208,0.14,-2.45,1.12,-55
1787062328658,134840,Lumbar,stand,-0.05856,1.001864,-0.035136,0.56,-2.1,1.4,-55
1787062328658,134857,Lumbar,stand,-0.060024,1.004792,-0.032208,1.54,-1.54,1.33,-55
1787062328658,134874,Lumbar,stand,-0.056608,1.011136,-0.029768,1.75,-1.05,1.54,-55
1787062328658,134891,Lumbar,stand,-0.05368,1.013576,-0.032696,2.17,0.14,1.68,-55
1787062329014,135067,Lumbar,stand,-0.067832,1.03212,-0.037576,2.66,-2.03,1.47,-55
1787062329014,135098,Lumbar,stand,-0.057584,1.020896,-0.023424,0,-1.89,0.56,-55
1787062329014,135115,Lumbar,stand,-0.055632,1.012112,-0.017568,-0.21,-1.75,0.49,-55
1787062329014,135132,Lumbar,stand,-0.05612,1.010648,-0.023912,-0.21,-1.54,0.84,-55
1787062329014,135149,Lumbar,stand,-0.059536,1.013576,-0.027816,-0.42,-1.75,0.98,-55
1787062329014,135180,Lumbar,stand,-0.054168,1.005768,-0.015616,-1.12,-2.17,-0.42,-55
1787062329014,135196,Lumbar,stand,-0.052216,1.003816,-0.011224,0.14,-2.66,-0.84,-55
1787062329014,135213,Lumbar,stand,-0.054168,1.008208,-0.008296,0.77,-2.8,-0.63,-55
1787062329014,135230,Lumbar,stand,-0.062952,1.025288,-0.019032,0.56,-2.1,0,-55
1787062329014,135247,Lumbar,stand,-0.069296,1.03456,-0.023912,-0.98,-0.91,0,-55
1787062329376,135423,Lumbar,stand,-0.056608,1.020896,0.01464,0.21,-0.91,1.33,-57
1787062329376,135454,Lumbar,stand,-0.057584,1.01016,-0.011712,0.21,-1.54,2.17,-57
1787062329376,135471,Lumbar,stand,-0.060024,1.011624,-0.0122,0,-1.47,1.96,-57
1787062329376,135488,Lumbar,stand,-0.062952,1.015528,-0.006832,-0.07,-1.26,1.61,-57
1787062329376,135505,Lumbar,stand,-0.05612,1.016504,-0.00488,-0.07,-1.05,1.47,-57
1787062329376,135536,Lumbar,stand,-0.048312,1.016016,-0.009272,0.07,-2.31,1.61,-57
1787062329376,135553,Lumbar,stand,-0.050752,1.00772,-0.010736,0.14,-2.17,1.68,-57
1787062329376,135570,Lumbar,stand,-0.055144,0.996008,-0.006344,1.33,-0.98,1.75,-57
1787062329376,135587,Lumbar,stand,-0.066368,0.988688,-0.00244,3.29,0.28,2.45,-57
1787062329376,135604,Lumbar,stand,-0.069784,1.005768,0.001464,6.86,-0.42,3.64,-57
1787062329728,135780,Lumbar,stand,-0.06588,1.036512,-0.00488,-4.13,-3.36,-1.47,-57
1787062329728,135811,Lumbar,stand,-0.066368,1.008208,0.006344,-4.55,-4.76,-0.21,-57
1787062329728,135828,Lumbar,stand,-0.062952,0.999424,0.001952,-3.15,-4.83,0.21,-57
1787062329728,135845,Lumbar,stand,-0.061,0.996008,-0.00244,-0.84,-5.32,0.7,-57
1787062329728,135862,Lumbar,stand,-0.054656,1.006256,-0.002928,0.7,-6.16,1.12,-57
1787062329728,135893,Lumbar,stand,-0.047824,1.023824,-0.003904,0.28,-6.65,1.33,-57
1787062329728,135910,Lumbar,stand,-0.041968,1.01992,-0.005368,0.56,-6.23,1.47,-57
1787062329728,135927,Lumbar,stand,-0.034648,1.018456,-0.005368,0.77,-4.9,1.26,-57
1787062329728,135944,Lumbar,stand,-0.033672,1.016504,-0.005368,0.63,-3.29,0.63,-57
1787062329728,135961,Lumbar,stand,-0.036112,1.016992,-0.00732,0.42,-2.8,0.07,-57
1787062330084,136137,Lumbar,stand,-0.062952,1.008208,0.011712,-0.98,-1.19,0.91,-57
1787062330084,136168,Lumbar,stand,-0.053192,1.009184,0.028304,0.14,-2.1,1.12,-57
1787062330084,136185,Lumbar,stand,-0.054168,1.00772,0.033184,1.47,-2.17,1.4,-57
1787062330084,136202,Lumbar,stand,-0.059048,1.003816,0.034648,3.29,-1.54,1.61,-57
1787062330084,136219,Lumbar,stand,-0.060512,1.011624,0.024888,4.97,-0.77,1.75,-57
1787062330084,136249,Lumbar,stand,-0.056608,1.023336,0.006344,4.76,-0.77,1.75,-57
1787062330084,136266,Lumbar,stand,-0.052704,1.018456,0.008296,3.15,-0.63,1.75,-57
1787062330084,136283,Lumbar,stand,-0.05124,1.01504,0.0122,2.59,0.35,1.82,-57
1787062330084,136300,Lumbar,stand,-0.048312,1.011624,0.013664,2.87,0.84,1.82,-57
1787062330084,136317,Lumbar,stand,-0.042944,1.013576,0.005856,3.08,1.68,1.54,-57
1787062330441,136492,Lumbar,stand,-0.049776,1.001376,0.015616,1.96,-2.24,-0.14,-57
1787062330441,136523,Lumbar,stand,-0.050264,1.004792,0.020984,5.11,-3.43,0.14,-57
1787062330441,136540,Lumbar,stand,-0.046848,1.023824,0.011224,5.81,-2.87,0.49,-57
1787062330441,136557,Lumbar,stand,-0.04636,1.027728,0.00732,5.74,-1.75,1.26,-57
1787062330441,136574,Lumbar,stand,-0.046848,1.030168,0,5.25,-0.98,1.54,-57
1787062330441,136605,Lumbar,stand,-0.044408,1.016016,0.000488,2.45,2.17,1.19,-57
1787062330441,136622,Lumbar,stand,-0.04392,1.003816,0.00732,2.87,2.24,1.26,-57
1787062330441,136639,Lumbar,stand,-0.040504,1.001864,0.016104,4.55,2.38,1.33,-57
1787062330441,136656,Lumbar,stand,-0.042456,1.01016,0.011712,5.88,2.59,1.19,-57
1787062330441,136673,Lumbar,stand,-0.047824,1.018944,0.003416,5.88,2.59,0.84,-57
1787062330799,136849,Lumbar,stand,-0.047336,1.018944,-0.018544,1.75,-1.61,0.14,-55
1787062330799,136880,Lumbar,stand,-0.049288,1.013576,-0.002928,1.68,-1.26,-0.07,-55
1787062330799,136897,Lumbar,stand,-0.047824,1.016504,-0.000488,1.89,-1.26,-0.14,-55
1787062330799,136914,Lumbar,stand,-0.045384,1.023336,0.000488,1.82,-0.98,-0.21,-55
1787062330799,136931,Lumbar,stand,-0.042944,1.02236,-0.001952,1.26,-0.7,-0.49,-55
1787062330799,136962,Lumbar,stand,-0.049288,1.01016,-0.005368,1.4,-1.19,-0.21,-55
1787062330799,136979,Lumbar,stand,-0.054168,1.00528,-0.00732,2.38,-2.17,-0.35,-55
1787062330799,136996,Lumbar,stand,-0.054656,1.008696,-0.015616,3.22,-3.22,-0.7,-55
1787062330799,137013,Lumbar,stand,-0.052704,1.016016,-0.01708,3.57,-4.2,-0.7,-55
1787062330799,137030,Lumbar,stand,-0.049776,1.019432,-0.015616,3.71,-3.78,-0.77,-55
1787062331155,137207,Lumbar,stand,-0.029768,1.01504,-0.026352,6.09,-1.54,1.54,-55
1787062331155,137237,Lumbar,stand,-0.02928,1.027728,-0.03416,5.6,-0.28,0.7,-55
1787062331155,137255,Lumbar,stand,-0.042456,1.024312,-0.035136,4.27,0.07,0.35,-55
1787062331155,137271,Lumbar,stand,-0.048312,1.019432,-0.030744,3.64,0.63,0,-55
1787062331155,137288,Lumbar,stand,-0.048312,1.014064,-0.02684,3.64,1.54,0,-55
1787062331155,137319,Lumbar,stand,-0.051728,1.00528,-0.02684,4.9,1.96,0.42,-55
1787062331155,137336,Lumbar,stand,-0.059536,1.003328,-0.030256,6.23,0.7,0.63,-55
1787062331155,137354,Lumbar,stand,-0.06344,1.005768,-0.033672,7.07,-1.4,0.63,-55
1787062331155,137371,Lumbar,stand,-0.06344,1.008696,-0.029768,7.77,-2.87,0.28,-55
1787062331155,137388,Lumbar,stand,-0.058072,1.01016,-0.028304,8.05,-3.01,0,-55
1787062331513,137561,Lumbar,stand,-0.0488,1.015528,-0.031232,0.77,-0.77,0.63,-55
1787062331513,137593,Lumbar,stand,-0.047336,1.01016,-0.028792,1.75,-0.84,0.77,-55
1787062331513,137610,Lumbar,stand,-0.044896,1.01016,-0.02928,2.87,-1.12,0.91,-55
1787062331513,137627,Lumbar,stand,-0.043432,1.01504,-0.035136,3.29,-1.89,0.91,-55
1787062331513,137644,Lumbar,stand,-0.044896,1.01748,-0.039528,3.08,-2.38,0.91,-55
1787062331513,137675,Lumbar,stand,-0.047336,1.021872,-0.0488,2.38,-2.17,1.68,-55
1787062331513,137692,Lumbar,stand,-0.046848,1.021872,-0.042456,1.75,-1.33,1.68,-55
1787062331513,137709,Lumbar,stand,-0.047824,1.01748,-0.039528,1.54,-0.91,1.68,-55
1787062331513,137726,Lumbar,stand,-0.045872,1.016992,-0.037576,1.33,-1.4,1.75,-55
1787062331513,137743,Lumbar,stand,-0.04392,1.014064,-0.035624,1.61,-2.66,1.82,-55
1787062331875,137919,Lumbar,stand,-0.049288,1.006744,-0.020984,-0.56,-2.8,0.42,-53
1787062331875,137951,Lumbar,stand,-0.046848,1.010648,-0.013176,0.14,-3.85,-0.21,-53
1787062331875,137968,Lumbar,stand,-0.048312,1.01016,-0.01708,1.05,-3.15,-0.35,-53
1787062331875,137986,Lumbar,stand,-0.048312,1.014552,-0.02684,1.89,-2.38,0.07,-53
1787062331875,138003,Lumbar,stand,-0.049288,1.015528,-0.028792,1.89,-2.17,0.77,-53
1787062331875,138020,Lumbar,stand,-0.050752,1.020408,-0.031232,1.47,-1.82,0.98,-53
1787062331875,138051,Lumbar,stand,-0.050752,1.016992,-0.028792,0.49,-1.61,0.91,-53
1787062331875,138068,Lumbar,stand,-0.049776,1.012112,-0.022936,0.91,-1.4,0.77,-53
1787062331875,138085,Lumbar,stand,-0.050264,1.009672,-0.020008,1.61,-0.91,0.49,-53
1787062331875,138102,Lumbar,stand,-0.0488,1.009184,-0.01952,2.03,-0.77,0.42,-53
1787062332232,138279,Lumbar,stand,-0.060512,1.013576,-0.040016,1.54,-5.39,-0.84,-53
1787062332232,138310,Lumbar,stand,-0.053192,1.011136,-0.033184,2.45,-5.6,-0.07,-53
1787062332232,138327,Lumbar,stand,-0.051728,1.016992,-0.032208,1.89,-4.2,0.49,-53
1787062332232,138345,Lumbar,stand,-0.053192,1.01748,-0.030256,0.91,-2.8,0.63,-53
1787062332232,138362,Lumbar,stand,-0.052704,1.015528,-0.027816,1.05,-2.1,0.63,-53
1787062332232,138379,Lumbar,stand,-0.052704,1.013088,-0.02684,1.47,-2.24,0.63,-53
1787062332232,138410,Lumbar,stand,-0.053192,1.013088,-0.031232,4.2,-3.08,0.42,-53
1787062332232,138427,Lumbar,stand,-0.049776,1.015528,-0.03416,3.92,-3.08,0.56,-53
1787062332232,138444,Lumbar,stand,-0.040504,1.016992,-0.036112,2.8,-2.94,0.91,-53
1787062332232,138461,Lumbar,stand,-0.032696,1.016992,-0.037088,0.91,-2.59,0.91,-53
1787062332600,138638,Lumbar,stand,-0.052216,1.016992,-0.035624,3.22,-1.19,0.35,-53
1787062332600,138669,Lumbar,stand,-0.047336,1.009672,-0.03416,2.17,-0.91,0.42,-53
1787062332600,138686,Lumbar,stand,-0.04636,1.0126,-0.033672,2.52,-0.7,0.7,-53
1787062332600,138703,Lumbar,stand,-0.0488,1.013576,-0.03416,2.59,-0.7,0.49,-53
1787062332600,138720,Lumbar,stand,-0.052216,1.010648,-0.029768,2.59,-0.63,0.49,-53
1787062332600,138751,Lumbar,stand,-0.057584,1.019432,-0.040504,2.38,0.07,1.47,-53
1787062332600,138768,Lumbar,stand,-0.05612,1.02236,-0.042456,1.61,0.35,1.82,-53
1787062332600,138785,Lumbar,stand,-0.050264,1.01504,-0.035136,0.56,0.7,2.03,-53
1787062332600,138802,Lumbar,stand,-0.042456,1.01504,-0.028792,0.98,0.42,2.17,-53
1787062332600,138819,Lumbar,stand,-0.040992,1.019432,-0.024888,1.47,-0.28,1.61,-53
1787062332946,138994,Lumbar,stand,-0.045872,1.013576,-0.031232,1.4,-1.89,1.68,-56
1787062332946,139025,Lumbar,stand,-0.040504,1.01992,-0.035136,2.17,-2.24,1.61,-56
1787062332946,139042,Lumbar,stand,-0.04636,1.021384,-0.035136,1.96,-1.75,1.4,-56
1787062332946,139059,Lumbar,stand,-0.049288,1.016016,-0.03416,1.05,-0.98,1.26,-56
1787062332946,139076,Lumbar,stand,-0.049776,1.016992,-0.031232,0.77,-1.61,1.4,-56
1787062332946,139107,Lumbar,stand,-0.048312,1.018944,-0.024888,1.26,-3.99,1.89,-56
1787062332946,139124,Lumbar,stand,-0.048312,1.021872,-0.028792,1.19,-4.9,1.96,-56
1787062332946,139140,Lumbar,stand,-0.0488,1.019432,-0.03416,0.63,-5.53,1.89,-56
1787062332946,139158,Lumbar,stand,-0.047824,1.016504,-0.035136,0.21,-5.88,1.89,-56
1787062332946,139175,Lumbar,stand,-0.042944,1.014064,-0.03416,0.14,-5.88,1.89,-56
1787062333304,139350,Lumbar,stand,-0.044408,1.01016,-0.02196,1.54,-1.68,0.63,-56
1787062333304,139382,Lumbar,stand,-0.045384,1.014064,-0.020008,2.03,-0.49,0.77,-56
1787062333304,139399,Lumbar,stand,-0.042456,1.016016,-0.023424,1.82,0,0.77,-56
1787062333304,139417,Lumbar,stand,-0.038064,1.014552,-0.023912,2.17,-0.14,1.05,-56
1787062333304,139434,Lumbar,stand,-0.033184,1.015528,-0.023424,2.59,-0.35,1.12,-56
1787062333304,139451,Lumbar,stand,-0.034648,1.016016,-0.026352,2.59,-0.14,0.77,-56
1787062333304,139482,Lumbar,stand,-0.03904,1.013576,-0.028304,2.94,-0.07,0.35,-56
1787062333304,139499,Lumbar,stand,-0.035624,1.01504,-0.023912,3.01,-0.35,0.42,-56
1787062333304,139516,Lumbar,stand,-0.034648,1.016992,-0.021472,2.59,-0.63,0.49,-56
1787062333304,139533,Lumbar,stand,-0.03416,1.01992,-0.020984,2.38,-0.84,0.49,-56
1787062333663,139710,Lumbar,stand,-0.030256,1.010648,-0.018544,-0.42,-1.54,-0.14,-56
1787062333663,139741,Lumbar,stand,-0.040016,1.011624,-0.010248,1.26,-1.33,-1.05,-56
1787062333663,139758,Lumbar,stand,-0.045872,1.012112,-0.015128,1.96,-1.19,-1.19,-56
1787062333663,139775,Lumbar,stand,-0.045872,1.007232,-0.016104,1.75,-1.19,-0.56,-56
1787062333663,139792,Lumbar,stand,-0.03904,1.009672,-0.015616,2.59,-1.75,0.21,-56
1787062333663,139823,Lumbar,stand,-0.034648,1.025288,-0.023424,2.94,-2.17,0.07,-56
1787062333663,139840,Lumbar,stand,-0.037576,1.023824,-0.027328,2.24,-1.82,-0.49,-56
1787062333663,139857,Lumbar,stand,-0.039528,1.01748,-0.030744,1.89,-1.12,-0.84,-56
1787062333663,139874,Lumbar,stand,-0.047336,1.014552,-0.03172,1.96,-0.98,-0.49,-56
1787062333663,139891,Lumbar,stand,-0.049776,1.010648,-0.03172,2.03,-1.05,-0.21,-56
1787062334022,140069,Lumbar,stand,-0.047824,1.015528,-0.033672,3.64,-3.36,0.77,-56
1787062334022,140100,Lumbar,stand,-0.037576,1.01504,-0.027328,2.73,-3.22,1.05,-56
1787062334022,140117,Lumbar,stand,-0.037088,1.013576,-0.025864,2.8,-2.52,1.19,-56
1787062334022,140134,Lumbar,stand,-0.039528,1.014064,-0.025864,3.01,-1.96,1.26,-56
1787062334022,140150,Lumbar,stand,-0.042944,1.013088,-0.027816,3.29,-1.75,1.12,-56
1787062334022,140181,Lumbar,stand,-0.040016,1.015528,-0.029768,3.57,-1.54,1.05,-56
1787062334022,140198,Lumbar,stand,-0.040016,1.016992,-0.030256,3.64,-1.26,1.05,-56
1787062334022,140215,Lumbar,stand,-0.040016,1.01748,-0.02684,3.29,-0.98,0.98,-56
1787062334022,140232,Lumbar,stand,-0.041968,1.017968,-0.02684,3.15,-1.05,0.91,-56
1787062334022,140249,Lumbar,stand,-0.044408,1.016992,-0.027328,3.29,-1.26,0.7,-56
1787062334390,140425,Lumbar,stand,-0.050752,1.0126,-0.035136,3.92,-2.94,1.54,-49
1787062334390,140456,Lumbar,stand,-0.054168,1.016992,-0.0366,3.92,-3.85,1.75,-49
1787062334390,140473,Lumbar,stand,-0.055144,1.0126,-0.038064,3.85,-4.27,2.03,-49
1787062334390,140490,Lumbar,stand,-0.054168,1.010648,-0.04148,3.57,-4.83,2.66,-49
1787062334390,140507,Lumbar,stand,-0.047336,1.008208,-0.04148,3.78,-4.97,2.94,-49
1787062334390,140538,Lumbar,stand,-0.030256,1.00772,-0.038552,4.76,-4.27,2.73,-49
1787062334390,140555,Lumbar,stand,-0.025864,1.007232,-0.038064,5.25,-3.78,2.45,-49
1787062334390,140572,Lumbar,stand,-0.020008,1.012112,-0.04148,5.53,-3.64,2.59,-49
1787062334390,140589,Lumbar,stand,-0.01708,1.010648,-0.04636,5.74,-3.29,2.59,-49
1787062334390,140606,Lumbar,stand,-0.01952,1.0126,-0.051728,5.67,-2.87,2.66,-49
1787062334734,140782,Lumbar,stand,-0.04636,1.01504,-0.067344,6.16,-0.35,1.96,-49
1787062334734,140813,Lumbar,stand,-0.03904,1.010648,-0.061,5.95,-1.26,1.96,-49
1787062334734,140830,Lumbar,stand,-0.033672,1.010648,-0.055632,6.3,-1.89,1.89,-49
1787062334734,140847,Lumbar,stand,-0.01952,1.01504,-0.057584,6.58,-1.75,1.82,-49
1787062334734,140864,Lumbar,stand,-0.0122,1.01992,-0.06344,7,-1.26,1.82,-49
1787062334734,140895,Lumbar,stand,-0.020008,1.0248,-0.079544,5.67,-1.12,2.24,-49
1787062334734,140912,Lumbar,stand,-0.025376,1.018944,-0.088816,4.13,-0.98,2.17,-49
1787062334734,140929,Lumbar,stand,-0.027816,1.014064,-0.092232,3.71,-0.84,1.96,-49
1787062334734,140946,Lumbar,stand,-0.02196,1.01504,-0.089792,3.43,-0.56,2.03,-49
1787062334734,140963,Lumbar,stand,-0.021472,1.013088,-0.091256,3.71,-0.14,2.17,-49
1787062335091,141137,Lumbar,stand,-0.038064,0.976976,-0.04636,-1.96,13.72,-0.77,-49
1787062335091,141168,Lumbar,stand,-0.052704,1.01016,-0.073688,0.7,12.74,1.19,-49
1787062335091,141185,Lumbar,stand,-0.059048,1.028704,-0.072712,0.49,11.9,1.33,-49
1787062335091,141202,Lumbar,stand,-0.061,1.030656,-0.059048,-0.7,9.87,0.91,-49
1787062335091,141219,Lumbar,stand,-0.055632,1.018944,-0.050752,-1.82,5.95,0.49,-49
1787062335091,141250,Lumbar,stand,-0.04636,0.999912,-0.041968,-2.1,1.47,1.12,-49
1787062335091,141267,Lumbar,stand,-0.040016,1.00528,-0.037088,-0.14,0.98,1.26,-49
1787062335091,141284,Lumbar,stand,-0.034648,1.01992,-0.037576,1.68,1.12,0.35,-49
1787062335091,141301,Lumbar,stand,-0.029768,1.023336,-0.042944,2.24,-1.47,-0.56,-49
1787062335091,141318,Lumbar,stand,-0.030744,1.023336,-0.063928,1.61,-3.64,-0.77,-49
1787062335451,141495,Lumbar,stand,-0.029768,1.025776,-0.0366,-3.5,-9.8,0.91,-52
1787062335451,141526,Lumbar,stand,-0.02196,1.004304,-0.01708,-2.8,-9.8,1.05,-52
1787062335451,141543,Lumbar,stand,-0.011224,0.991616,-0.01708,-1.12,-9.8,1.61,-52
1787062335451,141561,Lumbar,stand,-0.005856,0.993568,-0.028304,1.47,-10.36,2.03,-52
1787062335451,141578,Lumbar,stand,-0.006344,1.01016,-0.037576,2.94,-10.78,2.03,-52
1787062335451,141609,Lumbar,stand,-0.006832,1.029192,-0.037088,2.31,-10.08,1.4,-52
1787062335451,141626,Lumbar,stand,-0.011224,1.026264,-0.04148,1.05,-9.66,0.84,-52
1787062335451,141644,Lumbar,stand,-0.012688,1.01748,-0.042456,-0.14,-9.59,0.91,-52
1787062335451,141661,Lumbar,stand,-0.012688,1.014552,-0.039528,-0.07,-9.31,1.26,-52
1787062335451,141678,Lumbar,stand,-0.005856,1.01504,-0.036112,0.42,-8.96,1.33,-52
1787062335810,141854,Lumbar,stand,-0.015616,1.012112,-0.018544,4.2,-10.64,2.52,-52
1787062335810,141886,Lumbar,stand,0.020008,1.021872,-0.023424,4.83,-7.42,1.47,-52
1787062335810,141903,Lumbar,stand,0.0244,1.016504,-0.038064,4.76,-5.81,0.35,-52
1787062335810,141921,Lumbar,stand,0.023424,1.01992,-0.048312,4.69,-5.18,-0.42,-52
1787062335810,141938,Lumbar,stand,0.019032,1.029192,-0.052216,3.64,-3.64,-1.4,-52
1787062335810,141955,Lumbar,stand,0.01708,1.02968,-0.047824,2.24,-1.12,-2.31,-52
1787062335810,141985,Lumbar,stand,0.012688,1.007232,-0.054656,2.45,1.26,-2.94,-52
1787062335810,142003,Lumbar,stand,0.008784,1.011136,-0.059048,2.38,2.59,-2.73,-52
1787062335810,142019,Lumbar,stand,-0.003416,1.014552,-0.058072,2.17,3.92,-2.59,-52
1787062335810,142037,Lumbar,stand,-0.016104,1.011136,-0.052216,1.89,4.13,-2.66,-52
1787062336167,142212,Lumbar,stand,-0.038552,1.015528,-0.050752,2.87,-0.42,-0.49,-52
1787062336167,142243,Lumbar,stand,-0.040992,1.015528,-0.055632,2.24,-2.17,-0.14,-52
1787062336167,142260,Lumbar,stand,-0.035136,1.010648,-0.055144,1.96,-2.66,0.35,-52
1787062336167,142277,Lumbar,stand,-0.032696,1.011136,-0.049776,2.17,-2.31,0.63,-52
1787062336167,142294,Lumbar,stand,-0.031232,1.014064,-0.047824,1.75,-2.59,0.91,-52
1787062336167,142325,Lumbar,stand,-0.022448,1.0248,-0.050752,1.12,-3.36,0.77,-52
1787062336167,142342,Lumbar,stand,-0.020008,1.026752,-0.0488,0.98,-3.57,0.07,-52
1787062336167,142359,Lumbar,stand,-0.01952,1.0248,-0.048312,0.56,-3.64,-0.21,-52
1787062336167,142376,Lumbar,stand,-0.023424,1.014552,-0.041968,-0.07,-3.57,-0.21,-52
1787062336167,142393,Lumbar,stand,-0.024888,1.006256,-0.042944,0.49,-3.5,0.07,-52
1787062336533,142569,Lumbar,stand,-0.008784,1.02236,-0.054168,1.19,-2.73,1.54,-52
1787062336533,142600,Lumbar,stand,-0.016592,1.020408,-0.040504,0.84,-3.08,1.33,-52
1787062336533,142617,Lumbar,stand,-0.015128,1.012112,-0.035136,1.26,-2.73,1.26,-52
1787062336533,142634,Lumbar,stand,-0.015616,1.006744,-0.035624,1.68,-2.52,1.54,-52
1787062336533,142651,Lumbar,stand,-0.018544,1.00528,-0.040016,3.01,-2.73,1.82,-52
1787062336533,142682,Lumbar,stand,-0.02684,1.01016,-0.055144,2.59,-2.17,2.24,-52
1787062336533,142699,Lumbar,stand,-0.027816,1.00528,-0.052216,2.87,-2.38,2.31,-52
1787062336533,142716,Lumbar,stand,-0.020984,1.011136,-0.045872,3.78,-2.94,2.45,-52
1787062336533,142733,Lumbar,stand,-0.01464,1.016992,-0.046848,4.06,-3.01,2.31,-52
1787062336533,142750,Lumbar,stand,-0.005856,1.020408,-0.05124,3.92,-2.87,2.1,-52
1787062336882,142926,Lumbar,stand,-0.015128,1.016016,-0.045384,1.89,-3.01,-0.42,-58
1787062336882,142957,Lumbar,stand,-0.013176,1.005768,-0.048312,2.45,-1.54,-0.77,-58
1787062336882,142973,Lumbar,stand,-0.015128,1.003816,-0.051728,3.01,-1.75,-0.21,-58
1787062336882,142991,Lumbar,stand,-0.018056,1.008208,-0.057096,4.13,-2.31,-0.14,-58
1787062336882,143007,Lumbar,stand,-0.016592,1.01504,-0.057584,4.62,-2.59,-0.14,-58
1787062336882,143038,Lumbar,stand,-0.011224,1.022848,-0.062464,3.85,-2.38,-0.56,-58
1787062336882,143055,Lumbar,stand,-0.011224,1.016992,-0.062952,2.59,-1.89,-0.56,-58
1787062336882,143072,Lumbar,stand,-0.012688,1.01016,-0.061,2.38,-1.05,-0.07,-58
1787062336882,143089,Lumbar,stand,-0.014152,1.011624,-0.060024,2.45,-0.28,0.56,-58
1787062336882,143106,Lumbar,stand,-0.019032,1.014552,-0.060512,2.59,0.07,0.77,-58
1787062337241,143283,Lumbar,stand,-0.019032,1.017968,-0.07564,4.48,-0.63,0.21,-58
1787062337241,143314,Lumbar,stand,-0.01952,1.021384,-0.079544,2.94,-2.17,0.07,-58
1787062337241,143331,Lumbar,stand,-0.019032,1.017968,-0.075152,1.54,-1.47,0.35,-58
1787062337241,143349,Lumbar,stand,-0.016592,1.01016,-0.069296,0.84,-0.63,0.42,-58
1787062337241,143366,Lumbar,stand,-0.01708,1.008208,-0.070272,1.61,-0.21,0.42,-58
1787062337241,143397,Lumbar,stand,-0.016104,1.018944,-0.081496,2.66,-1.82,0.14,-58
1787062337241,143414,Lumbar,stand,-0.018544,1.016504,-0.08296,2.1,-2.94,0.14,-58
1787062337241,143431,Lumbar,stand,-0.020008,1.008696,-0.076616,1.54,-3.01,0.49,-58
1787062337241,143448,Lumbar,stand,-0.020496,1.008696,-0.069296,1.54,-3.43,0.84,-58
1787062337241,143465,Lumbar,stand,-0.024888,1.014064,-0.067344,1.19,-3.64,1.4,-58
1787062337600,143641,Lumbar,stand,-0.00976,1.017968,-0.059536,2.1,-2.1,0.63,-58
1787062337600,143673,Lumbar,stand,-0.017568,1.013088,-0.066368,0.91,-2.8,1.47,-58
1787062337600,143690,Lumbar,stand,-0.015128,1.014064,-0.06588,0.49,-3.01,1.4,-58
1787062337600,143708,Lumbar,stand,-0.008296,1.020896,-0.060024,0.35,-3.22,0.84,-58
1787062337600,143725,Lumbar,stand,-0.00732,1.01992,-0.052216,0,-3.5,0.42,-58
1787062337600,143742,Lumbar,stand,-0.006344,1.0126,-0.05124,0,-3.57,0.56,-58
1787062337600,143773,Lumbar,stand,-0.010248,1.012112,-0.059536,0,-3.08,0.84,-58
1787062337600,143790,Lumbar,stand,-0.01952,1.0126,-0.060024,-0.07,-3.22,0.7,-58
1787062337600,143807,Lumbar,stand,-0.020008,1.014552,-0.059048,0,-3.29,0.56,-58
1787062337600,143824,Lumbar,stand,-0.018544,1.015528,-0.055632,0,-3.36,0.49,-58
1787062337954,143999,Lumbar,stand,-0.019032,1.014552,-0.04636,-0.98,-2.38,0.21,-56
1787062337954,144030,Lumbar,stand,-0.023424,1.004792,-0.040992,0.77,-2.38,0.35,-56
1787062337954,144048,Lumbar,stand,-0.023912,1.006256,-0.04636,1.33,-2.17,0.28,-56
1787062337954,144064,Lumbar,stand,-0.023424,1.010648,-0.053192,1.61,-2.1,0.56,-56
1787062337954,144081,Lumbar,stand,-0.023424,1.013088,-0.058072,1.47,-2.1,1.12,-56
1787062337954,144112,Lumbar,stand,-0.018056,1.014552,-0.06588,1.61,-2.38,1.61,-56
1787062337954,144128,Lumbar,stand,-0.016592,1.016992,-0.07076,1.47,-3.22,1.54,-56
1787062337954,144145,Lumbar,stand,-0.015616,1.019432,-0.07076,1.26,-3.57,1.4,-56
1787062337954,144162,Lumbar,stand,-0.0122,1.017968,-0.064904,0.42,-3.71,1.33,-56
1787062337954,144179,Lumbar,stand,-0.008784,1.01504,-0.053192,-0.21,-3.22,1.47,-56
1787062338328,144355,Lumbar,stand,-0.0122,1.006256,-0.049776,0.7,0.21,0.49,-56
1787062338328,144386,Lumbar,stand,-0.020496,1.01748,-0.047336,1.33,-0.91,0.35,-56
1787062338328,144403,Lumbar,stand,-0.021472,1.014552,-0.05612,0.84,-1.26,0.42,-56
1787062338328,144420,Lumbar,stand,-0.020496,1.011136,-0.061488,0.77,-1.4,0.42,-56
1787062338328,144437,Lumbar,stand,-0.020984,1.011624,-0.062952,1.33,-1.82,0.56,-56
1787062338328,144468,Lumbar,stand,-0.019032,1.02968,-0.06588,0.21,-5.11,0.63,-56
1787062338328,144485,Lumbar,stand,-0.016104,1.026264,-0.057096,-0.91,-5.32,0.42,-56
1787062338328,144502,Lumbar,stand,-0.01708,1.016504,-0.052216,-1.82,-4.97,0.28,-56
1787062338328,144519,Lumbar,stand,-0.01708,1.011624,-0.0488,-1.54,-5.11,0.56,-56
1787062338328,144536,Lumbar,stand,-0.012688,1.013088,-0.041968,-0.49,-5.74,0.84,-56
1787062338669,144712,Lumbar,stand,-0.016592,1.012112,-0.044896,2.38,-4.62,0.42,-56
1787062338669,144743,Lumbar,stand,-0.011224,1.018456,-0.03416,2.03,-4.97,0.35,-56
1787062338669,144760,Lumbar,stand,-0.008784,1.0126,-0.0366,2.03,-4.62,0.42,-56
1787062338669,144777,Lumbar,stand,-0.006344,1.011136,-0.038552,2.17,-3.99,0.56,-56
1787062338669,144794,Lumbar,stand,-0.00488,1.01748,-0.044408,1.96,-3.36,0.84,-56
1787062338669,144825,Lumbar,stand,-0.003416,1.021384,-0.052216,1.12,-3.15,0.63,-56
1787062338669,144842,Lumbar,stand,-0.005856,1.021384,-0.049776,0.56,-3.43,0.28,-56
1787062338669,144859,Lumbar,stand,-0.004392,1.01992,-0.044896,-0.63,-3.22,0.21,-56
1787062338669,144876,Lumbar,stand,-0.003904,1.008696,-0.044408,-1.4,-2.66,0.35,-56
1787062338669,144893,Lumbar,stand,-0.00488,1.00772,-0.046848,-0.98,-2.59,0.7,-56
1787062339102,145069,Lumbar,stand,-0.012688,1.003328,-0.03172,0.56,-1.4,0.56,-51
1787062339102,145100,Lumbar,stand,-0.013176,1.010648,-0.029768,1.47,-0.63,0.56,-51
1787062339102,145179,Lumbar,stand,-0.011712,1.020896,-0.039528,2.24,-1.4,0.56,-51
1787062339102,145210,Lumbar,stand,-0.021472,1.023824,-0.033184,1.68,-2.03,0,-51
1787062339102,145227,Lumbar,stand,-0.015128,1.01748,-0.020984,1.05,-1.47,-0.07,-51
1787062339102,145244,Lumbar,stand,-0.011224,1.015528,-0.023912,1.12,-1.05,-0.14,-51
1787062339102,145261,Lumbar,stand,-0.007808,1.016016,-0.029768,1.19,-1.33,0,-51
1787062339102,145292,Lumbar,stand,-0.002928,1.008696,-0.030744,0.63,-0.91,0,-51
1787062339102,145309,Lumbar,stand,-0.005856,1.009672,-0.025376,0.91,-0.7,0.14,-51
1787062339102,145326,Lumbar,stand,-0.011224,1.01748,-0.015616,0.84,-0.7,0.28,-51
1787062339463,145501,Lumbar,stand,-0.024888,1.019432,-0.016104,2.17,-1.05,-0.42,-51
1787062339463,145533,Lumbar,stand,-0.028792,1.015528,-0.022936,2.31,-2.87,-0.49,-51
1787062339463,145550,Lumbar,stand,-0.019032,1.013576,-0.033672,2.24,-4.06,-0.07,-51
1787062339463,145568,Lumbar,stand,-0.011712,1.014064,-0.042944,2.03,-4.13,0.07,-51
1787062339463,145585,Lumbar,stand,-0.007808,1.0126,-0.04636,2.87,-3.99,-0.28,-51
1787062339463,145602,Lumbar,stand,-0.007808,1.013088,-0.046848,3.64,-4.76,-0.56,-51
1787062339463,145633,Lumbar,stand,-0.018056,1.013088,-0.03416,4.2,-4.34,-0.49,-51
1787062339463,145650,Lumbar,stand,-0.018544,1.012112,-0.042944,4.06,-3.64,-0.21,-51
1787062339463,145667,Lumbar,stand,-0.012688,1.016504,-0.046848,4.13,-3.64,-0.14,-51
1787062339463,145684,Lumbar,stand,-0.010736,1.025776,-0.054656,3.71,-3.71,-0.42,-51
1787062339821,145862,Lumbar,stand,-0.027328,1.01504,-0.050752,1.26,-3.01,-1.19,-51
1787062339821,145894,Lumbar,stand,-0.028304,1.014064,-0.040016,0.35,-2.31,-0.49,-51
1787062339821,145911,Lumbar,stand,-0.023424,1.014064,-0.02928,0.7,-1.96,-0.21,-51
1787062339821,145928,Lumbar,stand,-0.020984,1.016992,-0.023912,1.33,-1.61,-0.14,-51
1787062339821,145945,Lumbar,stand,-0.021472,1.014552,-0.015616,1.19,-1.05,-0.28,-51
1787062339821,145976,Lumbar,stand,-0.022936,1.001376,-0.013664,2.1,1.26,-0.14,-51
1787062339821,145993,Lumbar,stand,-0.023424,1.00528,-0.032696,3.78,2.31,0.07,-51
1787062339821,146010,Lumbar,stand,-0.020984,1.012112,-0.05124,4.69,0.91,-0.14,-51
1787062339821,146027,Lumbar,stand,-0.011224,1.025776,-0.057096,4.55,-0.21,-0.63,-51
1787062339821,146044,Lumbar,stand,-0.014152,1.028216,-0.060512,3.43,-1.54,-0.84,-51
1787062340181,146220,Lumbar,stand,-0.027816,1.008208,-0.073688,0.98,-3.57,-0.14,-51
1787062340181,146251,Lumbar,stand,-0.028304,1.005768,-0.059048,1.68,-3.85,0.35,-51
1787062340181,146268,Lumbar,stand,-0.022936,1.016016,-0.049776,1.54,-4.41,0.07,-51
1787062340181,146285,Lumbar,stand,-0.020496,1.02236,-0.03904,0.49,-3.85,-0.35,-51
1787062340181,146302,Lumbar,stand,-0.022448,1.023824,-0.036112,-0.49,-3.22,-0.14,-51
1787062340181,146333,Lumbar,stand,-0.033672,1.025776,-0.027816,-1.26,-3.22,-0.21,-51
1787062340181,146350,Lumbar,stand,-0.03172,1.013088,-0.014152,-1.89,-3.85,-0.14,-51
1787062340181,146367,Lumbar,stand,-0.02684,1.004304,-0.00976,-1.75,-3.71,0.42,-51
1787062340181,146384,Lumbar,stand,-0.028304,0.992104,-0.010248,0.14,-3.57,0.84,-51
1787062340181,146401,Lumbar,stand,-0.03172,0.994544,-0.021472,2.73,-3.22,1.68,-51
1787062340553,146579,Lumbar,stand,-0.020496,0.999424,-0.032208,3.08,-0.07,1.12,-51
1787062340553,146610,Lumbar,stand,-0.018544,1.02724,-0.069784,4.62,-1.4,0.56,-51
1787062340553,146626,Lumbar,stand,-0.023424,1.03456,-0.076616,2.94,-2.8,-0.35,-51
1787062340553,146643,Lumbar,stand,-0.025376,1.02724,-0.076616,0.35,-4.13,-0.7,-51
1787062340553,146660,Lumbar,stand,-0.02928,1.016992,-0.070272,-0.77,-4.48,-0.63,-51
1787062340553,146691,Lumbar,stand,-0.028792,1.008208,-0.042944,0.14,-5.32,0.28,-51
1787062340553,146708,Lumbar,stand,-0.032208,1.008696,-0.033184,0.35,-6.02,0.98,-51
1787062340553,146725,Lumbar,stand,-0.034648,1.010648,-0.02196,1.54,-6.3,1.12,-51
1787062340553,146742,Lumbar,stand,-0.030744,1.016992,-0.017568,2.73,-5.88,0.98,-51
1787062340553,146773,Lumbar,stand,-0.028304,1.011136,-0.028304,1.96,-5.46,1.33,-51
1787062340908,146949,Lumbar,stand,-0.020984,1.017968,-0.037088,2.8,-1.33,0.07,-51
1787062340908,146981,Lumbar,stand,-0.015616,1.010648,-0.058072,2.66,-3.15,1.26,-51
1787062340908,146998,Lumbar,stand,-0.018056,1.0126,-0.05124,2.8,-3.01,1.33,-51
1787062340908,147015,Lumbar,stand,-0.016104,1.01504,-0.036112,3.08,-2.1,0.91,-51
1787062340908,147032,Lumbar,stand,-0.011224,1.021384,-0.035624,3.64,-2.1,0.35,-51
1787062340908,147063,Lumbar,stand,-0.013176,1.009672,-0.056608,2.87,-2.94,0.7,-51
1787062340908,147080,Lumbar,stand,-0.015616,1.006256,-0.056608,3.08,-2.59,1.26,-51
1787062340908,147097,Lumbar,stand,-0.016592,1.011136,-0.052216,2.94,-1.75,1.33,-51
1787062340908,147114,Lumbar,stand,-0.015128,1.023336,-0.052704,2.45,-1.75,0.91,-51
1787062340908,147130,Lumbar,stand,-0.019032,1.020408,-0.047824,1.82,-2.66,0.77,-51
1787062341267,147306,Lumbar,stand,-0.028304,1.012112,-0.040504,2.52,-1.26,0.91,-51
1787062341267,147337,Lumbar,stand,-0.01952,1.016504,-0.041968,2.38,-1.68,0.63,-51
1787062341267,147354,Lumbar,stand,-0.013664,1.013576,-0.050264,2.38,-2.31,0.63,-51
1787062341267,147371,Lumbar,stand,-0.014152,1.01992,-0.052216,2.59,-3.15,0.84,-51
1787062341267,147388,Lumbar,stand,-0.015616,1.023336,-0.0488,2.45,-3.29,0.91,-51
1787062341267,147419,Lumbar,stand,-0.014152,1.016016,-0.033184,1.47,-2.73,0.28,-51
1787062341267,147436,Lumbar,stand,-0.015128,1.0126,-0.03416,2.17,-3.5,0.35,-51
1787062341267,147453,Lumbar,stand,-0.016592,1.009184,-0.042456,2.73,-4.13,0.42,-51
1787062341267,147470,Lumbar,stand,-0.016592,1.01992,-0.052704,2.73,-4.2,0.28,-51
1787062341267,147487,Lumbar,stand,-0.0122,1.0248,-0.057096,0.49,-2.73,-0.07,-51
1787062341623,147663,Lumbar,stand,-0.025376,1.018944,-0.040504,-3.43,0.7,2.1,-50
1787062341623,147695,Lumbar,stand,-0.025376,0.975024,-0.00976,2.17,-3.5,-0.28,-50
1787062341623,147712,Lumbar,stand,-0.018544,0.992104,-0.0122,8.12,-2.73,0.21,-50
1787062341623,147729,Lumbar,stand,-0.01464,1.01016,-0.02684,9.59,-0.21,0.49,-50
1787062341623,147746,Lumbar,stand,-0.01464,1.038464,-0.060024,8.26,-0.07,0.35,-50
1787062341623,147777,Lumbar,stand,-0.0244,1.034072,-0.062464,0.7,-4.34,-0.49,-50
1787062341623,147794,Lumbar,stand,-0.02684,1.01504,-0.052216,0.49,-4.69,-0.14,-50
1787062341623,147811,Lumbar,stand,-0.02196,0.998448,-0.038552,2.31,-3.64,0.28,-50
1787062341623,147828,Lumbar,stand,-0.016592,1.001864,-0.04392,4.41,-2.1,0.91,-50
1787062341623,147845,Lumbar,stand,-0.01464,1.015528,-0.050264,4.76,-1.89,1.05,-50
1787062341980,148020,Lumbar,stand,-0.023424,1.0004,-0.040504,2.03,0.91,1.05,-50
1787062341980,148051,Lumbar,stand,-0.022448,1.0004,-0.05124,3.01,0.35,2.03,-50
1787062341980,148068,Lumbar,stand,-0.021472,1.010648,-0.054656,2.87,0.63,1.89,-50
1787062341980,148085,Lumbar,stand,-0.022448,1.018944,-0.061488,2.8,0.63,1.19,-50
1787062341980,148102,Lumbar,stand,-0.0244,1.02724,-0.065392,3.22,-0.7,0.14,-50
1787062341980,148133,Lumbar,stand,-0.016104,1.025776,-0.04636,3.85,-2.59,-0.98,-50
1787062341980,148149,Lumbar,stand,-0.006832,1.016504,-0.036112,3.57,-2.59,-0.84,-50
1787062341980,148166,Lumbar,stand,-0.00244,1.011136,-0.045384,3.99,-3.43,-0.42,-50
1787062341980,148184,Lumbar,stand,-0.00488,1.011136,-0.056608,4.27,-3.71,-0.35,-50
1787062341980,148200,Lumbar,stand,-0.011224,1.011624,-0.062952,4.13,-3.5,-0.84,-50
1787062342337,148376,Lumbar,stand,-0.032208,1.017968,-0.0732,1.54,-1.89,-0.35,-50
1787062342337,148407,Lumbar,stand,-0.0244,1.013088,-0.060512,0.14,-2.94,0.35,-50
1787062342337,148424,Lumbar,stand,-0.020984,1.012112,-0.051728,0.42,-2.59,0.35,-50
1787062342337,148441,Lumbar,stand,-0.019032,1.013576,-0.049776,1.26,-2.31,-0.07,-50
1787062342337,148458,Lumbar,stand,-0.011224,1.018456,-0.049288,1.4,-2.45,-0.42,-50
1787062342337,148489,Lumbar,stand,-0.013664,1.015528,-0.048312,1.26,-2.31,-0.77,-50
1787062342337,148506,Lumbar,stand,-0.020008,1.014064,-0.053192,1.4,-2.59,-0.84,-50
1787062342337,148523,Lumbar,stand,-0.022936,1.012112,-0.060024,0.91,-3.36,-0.7,-50
1787062342337,148540,Lumbar,stand,-0.02684,1.004304,-0.070272,0.91,-3.71,-0.49,-50
1787062342337,148557,Lumbar,stand,-0.027816,1.0004,-0.067344,1.61,-3.71,-0.21,-50
1787062342695,148734,Lumbar,stand,-0.017568,1.018944,-0.094672,2.45,-5.74,1.05,-51
1787062342695,148765,Lumbar,stand,-0.007808,1.017968,-0.06588,1.54,-6.72,1.82,-51
1787062342695,148782,Lumbar,stand,-0.00732,1.031632,-0.038552,0.21,-5.67,1.4,-51
1787062342695,148799,Lumbar,stand,-0.018056,1.025776,-0.022936,-1.75,-3.92,0.63,-51
1787062342695,148816,Lumbar,stand,-0.023424,1.01504,-0.018544,-1.54,-2.94,0.35,-51
1787062342695,148847,Lumbar,stand,-0.034648,1.009672,-0.025864,1.61,-3.29,0.28,-51
1787062342695,148864,Lumbar,stand,-0.030256,1.010648,-0.038552,2.24,-1.89,0.07,-51
1787062342695,148881,Lumbar,stand,-0.020496,1.011136,-0.045384,2.45,-1.19,0,-51
1787062342695,148898,Lumbar,stand,-0.01952,1.016504,-0.065392,2.24,-1.26,0.07,-51
1787062342695,148915,Lumbar,stand,-0.018544,1.016992,-0.070272,1.4,-2.59,0.49,-51
1787062343066,149091,Lumbar,stand,-0.018056,1.031144,-0.057584,-2.1,-2.17,-0.98,-51
1787062343066,149122,Lumbar,stand,-0.020984,1.0004,-0.061,-2.38,-3.15,-0.14,-51
1787062343066,149139,Lumbar,stand,-0.021472,1.002352,-0.054656,-1.26,-3.36,0.35,-51
1787062343066,149155,Lumbar,stand,-0.022448,1.004304,-0.045384,-1.19,-3.01,-0.35,-51
1787062343066,149172,Lumbar,stand,-0.030256,1.006256,-0.028792,-0.35,-2.8,-0.63,-51
1787062343066,149202,Lumbar,stand,-0.0366,1.006744,-0.02684,1.47,-2.1,0,-51
1787062343066,149219,Lumbar,stand,-0.03172,1.009672,-0.041968,3.01,-2.03,0.35,-51
1787062343066,149236,Lumbar,stand,-0.025376,1.01748,-0.069784,3.64,-2.24,0.7,-51
1787062343066,149253,Lumbar,stand,-0.017568,1.0248,-0.081984,2.66,-2.17,0.14,-51
1787062343066,149284,Lumbar,stand,-0.027328,1.024312,-0.062952,1.12,-2.31,-0.21,-51
1787062343425,149461,Lumbar,stand,-0.02684,1.016504,-0.036112,-1.26,-4.41,-0.21,-51
1787062343425,149492,Lumbar,stand,-0.03416,1.017968,-0.030744,-1.26,-4.69,0.21,-51
1787062343425,149509,Lumbar,stand,-0.03416,1.008696,-0.033184,-1.61,-4.2,0,-51
1787062343425,149526,Lumbar,stand,-0.033672,1.003328,-0.032696,-0.21,-4.06,-0.07,-51
1787062343425,149543,Lumbar,stand,-0.03172,1.004792,-0.033184,0.77,-3.71,0.14,-51
1787062343425,149574,Lumbar,stand,-0.018056,1.009672,-0.040504,1.61,-2.59,1.05,-51
1787062343425,149591,Lumbar,stand,-0.017568,1.010648,-0.045384,1.82,-2.38,1.19,-51
1787062343425,149608,Lumbar,stand,-0.019032,1.018456,-0.05612,2.03,-2.31,1.05,-51
1787062343425,149625,Lumbar,stand,-0.022936,1.025776,-0.054168,1.26,-2.17,0.49,-51
1787062343425,149642,Lumbar,stand,-0.024888,1.018456,-0.044896,0.21,-1.89,0.14,-51
1787062343787,149820,Lumbar,stand,-0.021472,1.003328,-0.040992,2.1,-1.26,1.19,-51
1787062343787,149852,Lumbar,stand,-0.021472,1.014552,-0.045872,2.94,-1.19,1.19,-51
1787062343787,149869,Lumbar,stand,-0.022936,1.031144,-0.047336,1.61,-0.35,1.33,-51
1787062343787,149887,Lumbar,stand,-0.019032,1.018456,-0.0488,-0.28,0.35,1.4,-51
1787062343787,149904,Lumbar,stand,-0.017568,1.002352,-0.045384,0.49,-0.42,1.54,-51
1787062343787,149921,Lumbar,stand,-0.015616,1.000888,-0.045872,1.26,-0.7,1.68,-51
1787062343787,149952,Lumbar,stand,-0.020984,1.026264,-0.045872,1.47,-0.14,1.05,-51
1787062343787,149969,Lumbar,stand,-0.021472,1.026264,-0.044896,0.84,-0.07,0.77,-51
1787062343787,149986,Lumbar,stand,-0.0244,1.025288,-0.038064,0.42,-0.42,0.77,-51
1787062343787,150003,Lumbar,stand,-0.0244,1.02236,-0.033184,-0.28,-1.19,1.05,-51
1787062344143,150179,Lumbar,stand,-0.022936,1.011136,-0.03904,1.82,-3.22,0.21,-54
1787062344143,150210,Lumbar,stand,-0.021472,1.032608,-0.042456,1.54,-4.2,0.07,-54
1787062344143,150227,Lumbar,stand,-0.021472,1.025776,-0.041968,-0.49,-3.92,-0.28,-54
1787062344143,150244,Lumbar,stand,-0.024888,1.016016,-0.032208,-1.47,-3.36,-0.28,-54
1787062344143,150261,Lumbar,stand,-0.026352,1.013576,-0.027816,-1.47,-2.94,-0.07,-54
1787062344143,150292,Lumbar,stand,-0.025864,1.005768,-0.025864,0.14,-2.87,0,-54
1787062344143,150309,Lumbar,stand,-0.0244,1.007232,-0.02928,1.54,-3.36,0.07,-54
1787062344143,150326,Lumbar,stand,-0.02196,1.015528,-0.032696,1.82,-3.36,0.21,-54
1787062344143,150343,Lumbar,stand,-0.018544,1.021384,-0.035136,1.54,-2.73,0.21,-54
1787062344143,150360,Lumbar,stand,-0.01952,1.02236,-0.03904,0.28,-2.45,0.21,-54
1787062344501,150538,Lumbar,stand,-0.022936,1.014064,-0.03416,0.77,-0.56,0.14,-54
1787062344501,150570,Lumbar,stand,-0.022448,1.00772,-0.028304,1.12,-0.49,0.07,-54
1787062344501,150587,Lumbar,stand,-0.019032,1.00528,-0.025376,1.96,-0.35,0.07,-54
1787062344501,150604,Lumbar,stand,-0.020984,1.008208,-0.027328,3.01,0.07,0.21,-54
1787062344501,150621,Lumbar,stand,-0.022448,1.01016,-0.030744,3.57,0.91,0.49,-54
1787062344501,150652,Lumbar,stand,-0.026352,1.015528,-0.043432,2.66,1.4,0.91,-54
1787062344501,150669,Lumbar,stand,-0.0244,1.015528,-0.039528,1.68,1.33,1.33,-54
1787062344501,150686,Lumbar,stand,-0.020984,1.018944,-0.0366,1.54,1.33,1.47,-54
1787062344501,150703,Lumbar,stand,-0.02196,1.019432,-0.032208,1.61,1.68,1.26,-54
1787062344501,150720,Lumbar,stand,-0.02196,1.021384,-0.030256,2.59,1.33,0.98,-54
1787062344858,150895,Lumbar,stand,-0.028304,1.054568,-0.067832,-0.07,-5.53,-0.84,-54
1787062344858,150926,Lumbar,stand,-0.02928,0.989176,0.00244,0.49,-9.31,-0.28,-54
1787062344858,150943,Lumbar,stand,-0.032208,0.986736,-0.013664,4.06,-5.04,0.28,-54
1787062344858,150960,Lumbar,stand,-0.031232,1.0004,-0.03172,4.55,-2.45,0.35,-54
1787062344858,150977,Lumbar,stand,-0.030744,1.016016,-0.054168,3.43,-0.21,0.7,-54
1787062344858,151008,Lumbar,stand,-0.023424,1.02968,-0.03416,2.17,-3.64,0.7,-54
1787062344858,151025,Lumbar,stand,-0.01952,1.018944,-0.021472,1.54,-3.85,0.56,-54
1787062344858,151042,Lumbar,stand,-0.023424,1.00284,-0.033672,1.26,-2.03,0.56,-54
1787062344858,151059,Lumbar,stand,-0.026352,0.998448,-0.047824,2.17,-1.05,0.77,-54
1787062344858,151076,Lumbar,stand,-0.023912,1.004792,-0.049288,3.43,-1.26,0.77,-54
1787062345220,151251,Lumbar,stand,-0.030744,1.037488,-0.049288,1.12,-1.19,-1.75,-50
1787062345220,151281,Lumbar,stand,-0.032208,1.007232,-0.023912,0.28,-0.56,-1.47,-50
1787062345220,151299,Lumbar,stand,-0.025864,0.992104,-0.020496,2.59,-0.63,-0.91,-50
1787062345220,151315,Lumbar,stand,-0.020496,1.00284,-0.041968,5.04,-0.14,-0.14,-50
1787062345220,151332,Lumbar,stand,-0.02684,1.025776,-0.064416,4.41,0,0.07,-50
1787062345220,151363,Lumbar,stand,-0.037088,1.033096,-0.083936,1.26,-2.03,-0.35,-50
1787062345220,151380,Lumbar,stand,-0.040016,1.01748,-0.105408,1.05,-6.65,-0.91,-50
1787062345220,151397,Lumbar,stand,-0.043432,1.021384,-0.127368,4.55,-14.56,-0.7,-50
1787062345220,151414,Lumbar,stand,-0.045872,1.031144,-0.110776,4.62,-18.48,-0.07,-50
1787062345220,151431,Lumbar,stand,-0.035136,1.043344,-0.027328,-0.07,-18.2,0.14,-50
1787062345572,151609,Lumbar,stand,-0.022936,0.998936,-0.020496,6.23,0.35,2.03,-50
1787062345572,151640,Lumbar,stand,-0.040504,1.02724,-0.042944,5.46,0.35,2.1,-50
1787062345572,151657,Lumbar,stand,-0.042944,1.021872,-0.04392,2.52,0.21,2.1,-50
1787062345572,151674,Lumbar,stand,-0.038552,1.013576,-0.036112,2.24,-0.77,1.96,-50
1787062345572,151691,Lumbar,stand,-0.030744,1.01504,-0.02928,3.57,-2.38,2.03,-50
1787062345572,151722,Lumbar,stand,-0.029768,1.021384,-0.026352,3.85,-3.85,1.19,-50
1787062345572,151739,Lumbar,stand,-0.028792,1.016016,-0.01952,4.06,-3.64,0.77,-50
1787062345572,151756,Lumbar,stand,-0.030256,1.016992,-0.0244,3.85,-2.66,1.26,-50
1787062345572,151773,Lumbar,stand,-0.033184,1.026264,-0.028304,3.08,-2.24,1.61,-50
1787062345572,151790,Lumbar,stand,-0.031232,1.02968,-0.03172,1.82,-2.31,1.54,-50
1787062345934,151966,Lumbar,stand,-0.018544,1.006256,-0.034648,2.87,0,1.75,-50
1787062345934,151997,Lumbar,stand,-0.023912,1.02724,-0.042944,3.5,0.49,1.96,-50
1787062345934,152014,Lumbar,stand,-0.02928,1.021872,-0.042456,2.38,-0.21,1.75,-50
1787062345934,152031,Lumbar,stand,-0.028792,1.014064,-0.044408,1.47,-0.98,1.33,-50
1787062345934,152048,Lumbar,stand,-0.02196,1.009672,-0.045872,1.54,-1.82,0.77,-50
1787062345934,152079,Lumbar,stand,-0.00976,1.023824,-0.059048,1.26,-3.15,0.07,-50
1787062345934,152096,Lumbar,stand,-0.013176,1.026752,-0.060024,-0.77,-3.64,-0.35,-50
1787062345934,152113,Lumbar,stand,-0.020496,1.022848,-0.057096,-1.54,-3.85,-0.77,-50
1787062345934,152130,Lumbar,stand,-0.022936,1.014064,-0.047824,-2.03,-4.13,-1.12,-50
1787062345934,152147,Lumbar,stand,-0.022936,1.013576,-0.0366,-1.75,-4.34,-1.33,-50
1787062346287,152323,Lumbar,stand,-0.028304,1.02236,-0.041968,1.4,-2.03,-0.56,-50
1787062346287,152354,Lumbar,stand,-0.03172,1.010648,-0.03172,1.54,-2.31,-0.14,-50
1787062346287,152371,Lumbar,stand,-0.035136,1.011624,-0.024888,2.45,-2.24,0,-50
1787062346287,152388,Lumbar,stand,-0.035136,1.015528,-0.027328,2.94,-2.24,0,-50
1787062346287,152405,Lumbar,stand,-0.030744,1.021384,-0.038552,2.94,-2.31,0,-50
1787062346287,152436,Lumbar,stand,-0.027816,1.025288,-0.049288,0.7,-2.03,0.84,-50
1787062346287,152453,Lumbar,stand,-0.022936,1.024312,-0.045384,-0.14,-1.82,0.77,-50
1787062346287,152470,Lumbar,stand,-0.020496,1.013088,-0.03416,-0.56,-1.61,0.28,-50
1787062346287,152487,Lumbar,stand,-0.020984,1.0004,-0.02928,0.77,-1.47,0,-50
1787062346287,152504,Lumbar,stand,-0.027328,1.00528,-0.032696,2.45,-1.61,0.07,-50
1787062346644,152680,Lumbar,stand,-0.021472,1.020408,-0.052704,-2.66,0.7,1.61,-56
1787062346644,152711,Lumbar,stand,-0.020984,1.027728,-0.061,-6.16,0.7,2.59,-56
1787062346644,152728,Lumbar,stand,-0.028304,1.016992,-0.049776,-7,-0.35,2.17,-56
1787062346644,152745,Lumbar,stand,-0.030744,0.986736,-0.013664,-5.88,-0.98,1.96,-56
1787062346644,152762,Lumbar,stand,-0.030744,0.9638,0.015616,-1.12,-1.54,2.38,-56
1787062346644,152793,Lumbar,stand,-0.029768,0.978928,0.009272,7.14,-0.07,3.36,-56
1787062346644,152810,Lumbar,stand,-0.031232,1.004304,-0.002928,10.43,0.35,3.36,-56
1787062346644,152827,Lumbar,stand,-0.026352,1.030656,-0.020984,11.13,0.63,3.36,-56
1787062346644,152844,Lumbar,stand,-0.02196,1.044808,-0.042944,9.1,0.28,3.22,-56
1787062346644,152861,Lumbar,stand,-0.019032,1.048712,-0.049288,7.42,-0.14,2.45,-56
1787062347001,153036,Lumbar,stand,-0.038552,0.95404,0.008784,-1.54,-1.61,0.91,-56
1787062347001,153067,Lumbar,stand,-0.045872,1.038464,-0.028792,2.87,-3.92,-0.56,-56
1787062347001,153084,Lumbar,stand,-0.045872,1.04188,-0.030744,-1.61,-3.64,-0.84,-56
1787062347001,153101,Lumbar,stand,-0.035136,1.0126,-0.03172,-2.45,-2.31,0.56,-56
1787062347001,153118,Lumbar,stand,-0.020984,1.003328,-0.034648,-0.63,-1.89,0.28,-56
1787062347001,153149,Lumbar,stand,0.006832,1.014064,-0.0366,4.06,0.77,-1.89,-56
1787062347001,153166,Lumbar,stand,-0.017568,1.00284,-0.0366,3.43,1.19,-1.75,-56
1787062347001,153183,Lumbar,stand,-0.027816,1.000888,-0.03172,2.59,2.45,-0.56,-56
1787062347001,153200,Lumbar,stand,-0.047824,1.003816,-0.026352,2.73,3.01,0,-56
1787062347001,153217,Lumbar,stand,-0.05124,1.006256,-0.01464,3.43,2.24,0.98,-56
1787062347358,153392,Lumbar,stand,-0.018544,1.057008,-0.040016,9.87,-4.62,2.31,-56
1787062347358,153423,Lumbar,stand,-0.018544,1.023336,-0.030256,6.16,-4.55,1.61,-56
1787062347358,153441,Lumbar,stand,-0.01708,1.010648,-0.02196,6.09,-3.57,1.89,-56
1787062347358,153458,Lumbar,stand,-0.010248,1.016504,-0.027816,5.6,-3.85,2.03,-56
1787062347358,153475,Lumbar,stand,-0.00732,1.015528,-0.027816,5.32,-0.91,1.54,-56
1787062347358,153492,Lumbar,stand,-0.012688,1.018456,-0.02928,5.81,-0.42,1.47,-56
1787062347358,153523,Lumbar,stand,-0.03416,1.013088,-0.016592,4.9,0.14,2.38,-56
1787062347358,153540,Lumbar,stand,-0.036112,1.00772,-0.022448,5.81,-0.35,2.73,-56
1787062347358,153557,Lumbar,stand,-0.024888,1.014064,-0.025864,7.07,-1.33,2.8,-56
1787062347358,153574,Lumbar,stand,-0.01464,1.026752,-0.0122,7.56,-2.17,2.59,-56
1787062347727,153749,Lumbar,stand,-0.025376,1.055544,-0.071736,0.49,-6.65,-2.45,-58
1787062347727,153781,Lumbar,stand,-0.020984,1.00528,-0.05368,-4.34,-5.53,-3.15,-58
1787062347727,153798,Lumbar,stand,-0.027328,0.993568,-0.03172,-3.08,-5.6,-2.94,-58
1787062347727,153815,Lumbar,stand,-0.032208,0.998936,-0.02196,-2.03,-5.53,-2.17,-58
1787062347727,153832,Lumbar,stand,-0.029768,1.006256,-0.005856,-1.12,-4.83,-1.75,-58
1787062347727,153863,Lumbar,stand,-0.019032,0.989664,-0.021472,1.96,-3.36,-0.77,-58
1787062347727,153880,Lumbar,stand,-0.020496,0.996496,-0.055632,3.5,-3.15,-1.12,-58
1787062347727,153897,Lumbar,stand,-0.016592,1.018456,-0.045384,3.99,-2.94,-1.33,-58
1787062347727,153914,Lumbar,stand,-0.014152,1.016992,-0.015128,2.24,-3.22,-1.05,-58
1787062347727,153931,Lumbar,stand,-0.013176,1.009672,-0.017568,3.15,-3.85,-0.56,-58
1787062348080,154109,Lumbar,stand,-0.042944,1.067256,-0.096624,11.41,-0.14,-3.5,-58
1787062348080,154140,Lumbar,stand,-0.00976,1.061888,-0.09028,3.71,-0.21,-1.54,-58
1787062348080,154157,Lumbar,stand,-0.001952,1.053104,-0.083936,1.19,-0.14,-0.63,-58
1787062348080,154174,Lumbar,stand,0.000488,1.028704,-0.081008,0.84,-0.63,-0.98,-58
1787062348080,154191,Lumbar,stand,-0.016592,1.00772,-0.074176,1.61,-1.89,-1.68,-58
1787062348080,154222,Lumbar,stand,-0.040992,1.004304,-0.080032,1.61,-3.01,-2.94,-58
1787062348080,154239,Lumbar,stand,-0.046848,1.006744,-0.074176,-0.42,-2.52,-2.17,-58
1787062348080,154256,Lumbar,stand,-0.041968,1.00528,-0.062464,-1.05,-0.28,-0.28,-58
1787062348080,154273,Lumbar,stand,-0.035136,1.011624,-0.064904,-0.98,2.31,0.98,-58
1787062348080,154290,Lumbar,stand,-0.032208,1.021872,-0.083448,-1.19,4.13,0.7,-58
1787062348437,154469,Lumbar,stand,-0.031232,1.032608,-0.100528,1.61,-2.59,-0.21,-58
1787062348437,154500,Lumbar,stand,-0.0366,1.021384,-0.097112,-1.33,-4.13,1.12,-58
1787062348437,154518,Lumbar,stand,-0.035136,1.018944,-0.081008,-2.24,-3.85,0.84,-58
1787062348437,154534,Lumbar,stand,-0.032208,1.016016,-0.069784,-2.31,-2.31,0.14,-58
1787062348437,154551,Lumbar,stand,-0.026352,1.015528,-0.05124,-2.59,-2.03,-0.21,-58
1787062348437,154582,Lumbar,stand,-0.03416,1.007232,-0.046848,-2.59,-3.78,-0.42,-58
1787062348437,154599,Lumbar,stand,-0.045872,1.001864,-0.045384,-1.61,-4.55,-0.28,-58
1787062348437,154616,Lumbar,stand,-0.044896,1.00772,-0.035136,-0.35,-3.43,-0.35,-58
1787062348437,154633,Lumbar,stand,-0.040504,1.01016,-0.033672,0.14,-0.98,-0.07,-58
1787062348437,154650,Lumbar,stand,-0.032696,1.013088,-0.04392,0.14,-1.47,0.14,-58
1787062348796,154827,Lumbar,stand,-0.03172,1.0126,-0.038552,-3.99,-9.59,1.12,-58
1787062348796,154858,Lumbar,stand,-0.0488,1.016504,-0.048312,-2.45,-8.26,0.84,-58
1787062348796,154875,Lumbar,stand,-0.050752,1.023336,-0.044408,-4.34,-7.42,1.82,-58
1787062348796,154893,Lumbar,stand,-0.049776,1.025288,-0.040992,-5.74,-6.16,2.31,-58
1787062348796,154910,Lumbar,stand,-0.045872,1.011624,-0.032208,-7.49,-5.6,2.38,-58
1787062348796,154941,Lumbar,stand,-0.043432,0.996984,-0.032208,-2.66,-7,1.89,-58
1787062348796,154958,Lumbar,stand,-0.04392,1.000888,-0.033184,-1.54,-7.35,1.75,-58
1787062348796,154975,Lumbar,stand,-0.045872,1.014064,-0.037576,-0.28,-6.51,1.54,-58
1787062348796,154992,Lumbar,stand,-0.049288,1.0248,-0.038064,-1.26,-5.88,1.4,-58
1787062348796,155009,Lumbar,stand,-0.0488,1.021872,-0.035624,-2.52,-4.9,1.61,-58
1787062349154,155187,Lumbar,stand,-0.0366,1.000888,-0.008296,2.1,-0.49,0.7,-53
1787062349154,155218,Lumbar,stand,-0.033184,1.023336,-0.036112,2.52,0.28,-0.07,-53
1787062349154,155235,Lumbar,stand,-0.03172,1.025288,-0.04148,0.56,0,-0.07,-53
1787062349154,155252,Lumbar,stand,-0.033184,1.02236,-0.035624,-0.21,-0.77,0.07,-53
1787062349154,155269,Lumbar,stand,-0.03416,1.021384,-0.0244,-1.26,-2.1,-0.14,-53
1787062349154,155300,Lumbar,stand,-0.032696,1.002352,-0.014152,-0.7,-0.42,-0.84,-53
1787062349154,155317,Lumbar,stand,-0.025864,1.002352,-0.016592,0.49,-0.35,-0.77,-53
1787062349154,155334,Lumbar,stand,-0.02684,1.013576,-0.02196,1.82,0.14,0,-53
1787062349154,155351,Lumbar,stand,-0.035136,1.024312,-0.02196,1.19,0.07,1.19,-53
1787062349154,155368,Lumbar,stand,-0.037088,1.029192,-0.023424,-0.42,-0.28,1.54,-53
1787062349510,155543,Lumbar,stand,-0.026352,1.016992,-0.022936,2.59,-0.28,0.07,-53
1787062349510,155574,Lumbar,stand,-0.02196,1.006744,-0.024888,4.9,2.38,-1.05,-53
1787062349510,155591,Lumbar,stand,-0.028304,1.01016,-0.028304,4.9,2.94,-1.12,-53
1787062349510,155608,Lumbar,stand,-0.036112,1.005768,-0.02928,4.9,1.96,-1.61,-53
1787062349510,155625,Lumbar,stand,-0.042944,1.004792,-0.024888,5.6,0.49,-2.17,-53
1787062349510,155656,Lumbar,stand,-0.036112,1.00528,-0.015616,6.37,2.24,-2.38,-53
1787062349510,155673,Lumbar,stand,-0.033184,1.01016,-0.020984,6.86,4.13,-1.89,-53
1787062349510,155690,Lumbar,stand,-0.04148,1.018456,-0.035136,7.63,4.69,-2.1,-53
1787062349510,155707,Lumbar,stand,-0.044896,1.027728,-0.040016,8.33,4.41,-2.52,-53
1787062349510,155724,Lumbar,stand,-0.046848,1.031144,-0.040504,7.98,4.06,-2.45,-53
1787062349870,155900,Lumbar,stand,-0.040016,1.013088,-0.06588,2.38,1.26,-1.89,-53
1787062349870,155931,Lumbar,stand,-0.042944,1.032608,-0.058072,2.31,0.84,-1.19,-53
1787062349870,155948,Lumbar,stand,-0.040016,1.03456,-0.042456,0.84,1.47,-0.63,-53
1787062349870,155965,Lumbar,stand,-0.040016,1.020896,-0.036112,-1.26,1.26,-0.63,-53
1787062349870,155982,Lumbar,stand,-0.039528,1.006256,-0.03172,-0.42,-1.75,-0.98,-53
1787062349870,156013,Lumbar,stand,-0.044896,1.000888,-0.037088,3.64,-3.36,-1.33,-53
1787062349870,156030,Lumbar,stand,-0.040504,1.0126,-0.047336,4.48,-2.31,-1.4,-53
1787062349870,156047,Lumbar,stand,-0.040016,1.018456,-0.051728,3.99,-2.1,-1.12,-53
1787062349870,156064,Lumbar,stand,-0.03904,1.023824,-0.054168,3.57,-2.17,-0.84,-53
1787062349870,156081,Lumbar,stand,-0.044408,1.027728,-0.061488,1.89,-1.89,-0.42,-53
1787062350230,156259,Lumbar,stand,-0.055144,1.006256,-0.060024,1.26,-0.77,1.75,-60
1787062350230,156290,Lumbar,stand,-0.05124,1.018944,-0.038552,2.73,-3.43,1.26,-60
1787062350230,156307,Lumbar,stand,-0.049288,1.023824,-0.043432,2.66,-2.38,0.7,-60
1787062350230,156325,Lumbar,stand,-0.050752,1.024312,-0.049776,1.47,-2.38,0.07,-60
1787062350230,156342,Lumbar,stand,-0.0488,1.01504,-0.045384,0.56,-3.01,-0.49,-60
1787062350230,156359,Lumbar,stand,-0.0488,1.008696,-0.042944,1.12,-2.94,-0.56,-60
1787062350230,156391,Lumbar,stand,-0.049288,1.004792,-0.04392,3.92,-3.5,-0.7,-60
1787062350230,156408,Lumbar,stand,-0.049776,1.010648,-0.05124,3.99,-4.41,-1.12,-60
1787062350230,156425,Lumbar,stand,-0.048312,1.0126,-0.052216,3.01,-5.95,-1.54,-60
1787062350230,156442,Lumbar,stand,-0.048312,1.008696,-0.044408,2.87,-6.79,-1.68,-60
1787062350588,156617,Lumbar,stand,-0.04148,1.036512,-0.054656,3.99,-0.7,3.29,-60
1787062350588,156648,Lumbar,stand,-0.042944,1.018456,-0.044896,-1.4,-1.54,1.68,-60
1787062350588,156665,Lumbar,stand,-0.038064,0.999424,-0.041968,-0.7,-3.29,-0.14,-60
1787062350588,156682,Lumbar,stand,-0.037576,0.998448,-0.045872,1.75,-4.27,-1.26,-60
1787062350588,156699,Lumbar,stand,-0.035624,1.008696,-0.055632,1.61,-2.87,-1.96,-60
1787062350588,156730,Lumbar,stand,-0.047824,1.0248,-0.05612,-1.54,-0.91,-0.84,-60
1787062350588,156747,Lumbar,stand,-0.053192,1.018456,-0.052216,-3.08,-0.91,0.21,-60
1787062350588,156764,Lumbar,stand,-0.05856,1.015528,-0.049288,-3.29,-0.7,0.49,-60
1787062350588,156781,Lumbar,stand,-0.05612,1.008696,-0.04392,-2.8,-0.84,0.63,-60
1787062350588,156798,Lumbar,stand,-0.056608,1.003816,-0.040992,-1.33,-1.68,0.98,-60
1787062351015,156976,Lumbar,stand,-0.04148,1.03212,-0.059536,-0.07,-1.26,2.87,-60
1787062351015,157008,Lumbar,stand,-0.037576,1.00772,-0.05368,-1.82,-1.26,2.59,-60
1787062351015,157025,Lumbar,stand,-0.036112,0.994056,-0.044408,-0.42,-1.47,2.17,-60
1787062351015,157043,Lumbar,stand,-0.034648,0.996496,-0.040504,1.82,-1.96,2.03,-60
1787062351015,157060,Lumbar,stand,-0.034648,1.009184,-0.041968,2.31,-1.26,2.1,-60
1787062351015,157077,Lumbar,stand,-0.035136,1.013576,-0.042456,1.19,-0.07,2.1,-60
1787062351015,157108,Lumbar,stand,-0.044408,1.01016,-0.036112,0.98,-0.14,2.17,-60
1787062351015,157125,Lumbar,stand,-0.04148,1.006744,-0.039528,2.8,-1.26,1.96,-60
1787062351015,157142,Lumbar,stand,-0.035624,1.007232,-0.04392,3.92,-1.89,1.82,-60
1787062351015,157159,Lumbar,stand,-0.028304,1.013088,-0.054168,4.55,-2.73,1.75,-60
1787062351305,157335,Lumbar,stand,-0.037088,1.028704,-0.056608,-0.28,-3.36,2.73,-58
1787062351305,157366,Lumbar,stand,-0.040992,0.999424,-0.038064,0.14,-3.57,3.01,-58
1787062351305,157382,Lumbar,stand,-0.038552,0.996984,-0.036112,4.06,-4.06,3.36,-58
1787062351305,157401,Lumbar,stand,-0.038552,1.00772,-0.04636,6.37,-3.43,3.64,-58
1787062351305,157418,Lumbar,stand,-0.035624,1.014552,-0.05612,6.02,-1.75,3.64,-58
1787062351305,157449,Lumbar,stand,-0.015128,1.020896,-0.061976,1.82,-0.14,3.29,-58
1787062351305,157466,Lumbar,stand,-0.0122,1.012112,-0.0732,1.19,0.42,3.29,-58
1787062351305,157483,Lumbar,stand,-0.013664,1.009184,-0.078568,1.26,0,2.31,-58
1787062351305,157499,Lumbar,stand,-0.010736,0.997472,-0.072712,0.77,-0.14,1.26,-58
1787062351305,157516,Lumbar,stand,-0.020496,0.994544,-0.0488,2.17,-0.21,-0.56,-58
1787062351660,157692,Lumbar,stand,-0.023424,1.024312,-0.062464,4.41,-3.29,1.05,-58
1787062351660,157723,Lumbar,stand,-0.01464,1.021384,-0.0732,2.1,-2.66,0.56,-58
1787062351660,157740,Lumbar,stand,-0.017568,1.0126,-0.06588,1.4,-2.45,0.7,-58
1787062351660,157757,Lumbar,stand,-0.022936,1.011624,-0.060512,1.89,-2.24,0.84,-58
1787062351660,157774,Lumbar,stand,-0.026352,1.01504,-0.047824,2.24,-1.96,0.7,-58
1787062351660,157805,Lumbar,stand,-0.028792,1.014064,-0.054168,3.01,-0.77,0.28,-58
1787062351660,157822,Lumbar,stand,-0.022936,1.016504,-0.058072,3.01,-0.91,0.21,-58
1787062351660,157839,Lumbar,stand,-0.020984,1.016016,-0.066368,2.8,-1.33,0.35,-58
1787062351660,157856,Lumbar,stand,-0.025376,1.015528,-0.06832,2.24,-1.96,0.42,-58
1787062351660,157873,Lumbar,stand,-0.025864,1.013576,-0.064904,1.26,-1.4,0.84,-58
1787062352019,158048,Lumbar,stand,-0.020984,1.013576,-0.06344,0.77,-3.92,0.07,-58
1787062352019,158079,Lumbar,stand,-0.016104,1.013088,-0.046848,0.56,-2.94,0.28,-58
1787062352019,158096,Lumbar,stand,-0.015128,1.011624,-0.049776,0.42,-2.38,0.07,-58
1787062352019,158113,Lumbar,stand,-0.020496,1.012112,-0.05612,0.91,-2.17,-0.35,-58
1787062352019,158130,Lumbar,stand,-0.025864,1.011136,-0.055632,1.4,-2.17,-0.77,-58
1787062352019,158161,Lumbar,stand,-0.034648,1.011136,-0.050264,1.75,-1.61,-0.56,-58
1787062352019,158178,Lumbar,stand,-0.034648,1.01016,-0.05612,1.89,-1.33,0.14,-58
1787062352019,158195,Lumbar,stand,-0.03416,1.015528,-0.059048,2.17,-1.19,0.7,-58
1787062352019,158212,Lumbar,stand,-0.032208,1.016016,-0.061,1.47,-1.26,0.7,-58
1787062352019,158229,Lumbar,stand,-0.025864,1.013576,-0.062464,1.05,-1.19,0.21,-58
1787062352454,158406,Lumbar,stand,-0.040504,1.009672,-0.06344,3.43,-3.92,-0.28,-58
1787062352454,158437,Lumbar,stand,-0.038552,1.018456,-0.061,2.87,-4.27,0.77,-58
1787062352454,158454,Lumbar,stand,-0.032696,1.028704,-0.067344,1.33,-4.55,0.84,-58
1787062352454,158472,Lumbar,stand,-0.025864,1.023336,-0.062464,0.56,-5.04,0.28,-58
1787062352454,158489,Lumbar,stand,-0.025376,1.01748,-0.05856,1.12,-4.62,-0.21,-58
1787062352454,158520,Lumbar,stand,-0.030256,1.00284,-0.059536,0.91,-4.48,-1.12,-58
1787062352454,158537,Lumbar,stand,-0.033184,1.0126,-0.065392,0.63,-2.94,0.14,-58
1787062352454,158553,Lumbar,stand,-0.039528,1.013576,-0.066856,1.12,-2.24,0.91,-58
1787062352454,158570,Lumbar,stand,-0.040504,1.014064,-0.060512,0.21,-2.94,0.84,-58
1787062352454,158587,Lumbar,stand,-0.034648,1.010648,-0.054656,-0.42,-3.71,0.77,-58
1787062352737,158762,Lumbar,stand,-0.037088,1.018456,-0.07076,-0.21,-1.54,0.07,-54
1787062352737,158793,Lumbar,stand,-0.037576,1.009672,-0.061,-1.75,-0.42,0.49,-54
1787062352737,158810,Lumbar,stand,-0.036112,1.004792,-0.0488,-1.54,-0.91,0.28,-54
1787062352737,158827,Lumbar,stand,-0.028792,1.00284,-0.042944,0.42,-2.03,-0.14,-54
1787062352737,158845,Lumbar,stand,-0.02684,1.010648,-0.040504,2.1,-2.24,0.14,-54
1787062352737,158876,Lumbar,stand,-0.028304,1.022848,-0.054168,1.89,-0.56,0.35,-54
1787062352737,158893,Lumbar,stand,-0.032696,1.021872,-0.060512,0.42,-0.21,0.49,-54
1787062352737,158910,Lumbar,stand,-0.033184,1.020408,-0.059048,0,-0.49,0.35,-54
1787062352737,158927,Lumbar,stand,-0.030256,1.012112,-0.055632,0.35,-0.63,0.21,-54
1787062352737,158944,Lumbar,stand,-0.032208,1.010648,-0.050752,1.54,-0.7,0.21,-54
1787062353105,159122,Lumbar,stand,-0.038552,1.004304,-0.049776,0.98,-2.94,0.56,-54
1787062353105,159153,Lumbar,stand,-0.033184,1.015528,-0.05124,2.8,-1.54,0.49,-54
1787062353105,159170,Lumbar,stand,-0.032696,1.035536,-0.057584,0.7,-0.63,1.05,-54
1787062353105,159187,Lumbar,stand,-0.03416,1.017968,-0.054168,-1.68,-1.33,0.91,-54
1787062353105,159204,Lumbar,stand,-0.035136,1.00528,-0.041968,-0.35,-2.66,0.77,-54
1787062353105,159235,Lumbar,stand,-0.032208,1.020896,-0.04392,2.66,-3.36,0,-54
1787062353105,159252,Lumbar,stand,-0.028792,1.036024,-0.050752,0.91,-3.43,-0.42,-54
1787062353105,159269,Lumbar,stand,-0.023424,1.033096,-0.050752,0,-3.78,-0.56,-54
1787062353105,159286,Lumbar,stand,-0.025864,1.022848,-0.052216,-1.26,-4.06,-0.49,-54
1787062353105,159303,Lumbar,stand,-0.03416,1.014552,-0.042944,-1.75,-3.01,0,-54
1787062353462,159479,Lumbar,stand,-0.021472,1.004792,-0.036112,-1.26,-2.38,-1.33,-54
1787062353462,159510,Lumbar,stand,-0.04392,0.994544,-0.027816,-0.07,1.54,-0.91,-54
1787062353462,159527,Lumbar,stand,-0.051728,1.002352,-0.020496,1.19,4.06,-0.63,-54
1787062353462,159544,Lumbar,stand,-0.047824,1.0126,-0.0244,2.17,4.55,0.07,-54
1787062353462,159561,Lumbar,stand,-0.040992,0.998448,-0.022448,1.61,2.8,0.07,-54
1787062353462,159592,Lumbar,stand,-0.030256,1.00284,-0.072224,8.4,0.28,-1.89,-54
1787062353462,159609,Lumbar,stand,-0.032208,1.071648,-0.077104,7.63,-3.36,-1.19,-54
1787062353462,159627,Lumbar,stand,-0.040992,1.05164,-0.049288,1.19,-9.87,-1.47,-54
1787062353462,159644,Lumbar,stand,-0.061,1.075064,-0.074176,-0.49,-7.42,-0.84,-54
1787062353462,159661,Lumbar,stand,-0.055632,1.012112,-0.031232,-5.88,-10.64,-0.84,-54
1787062353884,159836,Lumbar,stand,-0.033184,1.024312,-0.035624,0.77,-8.61,-0.98,-54
1787062353884,159867,Lumbar,stand,-0.037088,1.006256,-0.025864,-0.98,-8.12,-0.63,-54
1787062353884,159884,Lumbar,stand,-0.040016,1.004304,-0.025376,0.7,-6.72,0,-54
1787062353884,159901,Lumbar,stand,-0.039528,1.008696,-0.033672,1.47,-6.37,-0.14,-54
1787062353884,159918,Lumbar,stand,-0.039528,1.016016,-0.039528,1.19,-6.09,-0.21,-54
1787062353884,159949,Lumbar,stand,-0.035624,1.022848,-0.044896,-0.07,-6.23,-0.7,-54
1787062353884,159966,Lumbar,stand,-0.040016,1.02236,-0.04392,-0.49,-6.72,-0.84,-54
1787062353884,159983,Lumbar,stand,-0.048312,1.016016,-0.041968,-1.05,-6.86,-1.05,-54
1787062353884,160000,Lumbar,stand,-0.048312,1.011624,-0.035136,-1.47,-6.16,-0.91,-54
1787062353884,160017,Lumbar,stand,-0.046848,1.011624,-0.02684,-2.1,-4.2,-0.7,-54
1787062354166,160194,Lumbar,stand,-0.04148,0.997472,-0.017568,-1.96,-2.45,-0.63,-62
1787062354166,160225,Lumbar,stand,-0.044408,1.001376,-0.028304,2.03,-2.1,-0.91,-62
1787062354166,160242,Lumbar,stand,-0.049288,1.019432,-0.033672,2.1,-1.75,-1.05,-62
1787062354166,160259,Lumbar,stand,-0.053192,1.035048,-0.041968,0.84,-1.61,-0.91,-62
1787062354166,160277,Lumbar,stand,-0.054656,1.038464,-0.042944,-2.38,-2.17,-0.42,-62
1787062354166,160308,Lumbar,stand,-0.052704,1.011136,-0.011712,-4.55,-1.82,0.56,-62
1787062354166,160325,Lumbar,stand,-0.040504,0.998936,-0.004392,-2.1,-1.26,0.98,-62
1787062354166,160342,Lumbar,stand,-0.028304,1.004304,-0.01708,1.19,-1.54,0.98,-62
1787062354166,160359,Lumbar,stand,-0.033184,1.01748,-0.035136,1.54,-1.4,0.91,-62
1787062354166,160376,Lumbar,stand,-0.038552,1.020896,-0.033184,0,-0.91,0.7,-62
1787062354704,160551,Lumbar,stand,-0.048312,1.016992,-0.016592,-0.07,-0.28,2.03,-62
1787062354704,160583,Lumbar,stand,-0.052216,1.006744,-0.008784,0.07,0.49,2.31,-62
1787062354704,160600,Lumbar,stand,-0.047824,0.99796,-0.015128,1.96,0.35,2.45,-62
1787062354704,160617,Lumbar,stand,-0.04148,1.010648,-0.019032,4.62,-0.77,2.8,-62
1787062354704,160634,Lumbar,stand,-0.032696,1.03212,-0.020984,4.76,-2.03,2.38,-62
1787062354704,160665,Lumbar,stand,-0.026352,1.021872,-0.018056,2.24,-2.87,1.47,-62
1787062354704,160682,Lumbar,stand,-0.028304,1.015528,-0.024888,1.54,-2.31,1.19,-62
1787062354704,160699,Lumbar,stand,-0.033184,1.013088,-0.026352,1.05,-1.82,1.4,-62
1787062354704,160716,Lumbar,stand,-0.036112,1.013576,-0.025376,0.77,-2.03,1.33,-62
1787062354704,160732,Lumbar,stand,-0.044408,1.01748,-0.021472,0.84,-2.24,1.19,-62
1787062354880,160907,Lumbar,stand,-0.037576,1.01748,-0.01952,1.33,-3.78,-0.21,-58
1787062354880,160938,Lumbar,stand,-0.035624,1.011624,-0.018056,0.84,-2.94,0.35,-58
1787062354880,160955,Lumbar,stand,-0.034648,1.008208,-0.020496,0.35,-2.1,0.63,-58
1787062354880,160972,Lumbar,stand,-0.034648,1.010648,-0.016104,0.63,-1.4,0.77,-58
1787062354880,160989,Lumbar,stand,-0.032208,1.013088,-0.012688,1.05,-0.63,0.91,-58
1787062354880,161020,Lumbar,stand,-0.038064,1.024312,-0.014152,2.17,-0.98,0.84,-58
1787062354880,161037,Lumbar,stand,-0.040016,1.025776,-0.01708,1.4,-1.68,0.77,-58
1787062354880,161054,Lumbar,stand,-0.039528,1.021872,-0.016592,0.84,-1.96,0.77,-58
1787062354880,161071,Lumbar,stand,-0.033184,1.012112,-0.004392,0.56,-1.96,0.63,-58
1787062354880,161088,Lumbar,stand,-0.033672,1.008208,-0.00244,1.61,-2.31,0.63,-58
1787062355318,161264,Lumbar,stand,-0.0488,1.0126,-0.012688,1.19,-0.7,0,-58
1787062355318,161295,Lumbar,stand,-0.050752,1.00284,-0.01708,1.75,-1.96,0.56,-58
1787062355318,161312,Lumbar,stand,-0.050752,1.004304,-0.020008,2.8,-2.45,0.84,-58
1787062355318,161329,Lumbar,stand,-0.0488,1.020408,-0.01952,3.15,-2.94,0.7,-58
1787062355318,161346,Lumbar,stand,-0.045384,1.031144,-0.018544,2.24,-3.22,0.49,-58
1787062355318,161376,Lumbar,stand,-0.038064,1.016016,-0.015128,0.98,-4.06,0.28,-58
1787062355318,161393,Lumbar,stand,-0.033672,1.008208,-0.01952,1.96,-3.92,0.42,-58
1787062355318,161410,Lumbar,stand,-0.033672,1.013088,-0.0244,2.8,-3.01,0.7,-58
1787062355318,161427,Lumbar,stand,-0.037088,1.021872,-0.023424,2.45,-2.1,0.7,-58
1787062355318,161458,Lumbar,stand,-0.03904,1.028704,-0.021472,0,-1.75,0.56,-58
1787062355614,161632,Lumbar,stand,-0.028304,1.042856,-0.03416,1.47,-2.8,0.91,-57
1787062355614,161663,Lumbar,stand,-0.03172,1.010648,-0.008784,-1.61,-0.98,0.42,-57
1787062355614,161680,Lumbar,stand,-0.035136,1.001864,-0.005368,-1.05,-0.28,0.49,-57
1787062355614,161698,Lumbar,stand,-0.040016,0.998936,-0.001952,0.91,-0.84,0.63,-57
1787062355614,161716,Lumbar,stand,-0.044896,1.004304,0.001464,2.8,-2.52,0.7,-57
1787062355614,161733,Lumbar,stand,-0.045872,1.010648,-0.003416,4.2,-3.36,0.77,-57
1787062355614,161764,Lumbar,stand,-0.039528,1.018944,-0.0244,4.13,-3.29,1.12,-57
1787062355614,161781,Lumbar,stand,-0.033672,1.018944,-0.034648,3.43,-2.87,1.47,-57
1787062355614,161798,Lumbar,stand,-0.030256,1.018456,-0.03416,2.59,-2.45,1.68,-57
1787062355614,161815,Lumbar,stand,-0.028304,1.018944,-0.027816,1.47,-2.31,1.82,-57
1787062355964,161990,Lumbar,stand,-0.020008,1.01504,-0.00488,2.59,-2.94,1.54,-57
1787062355964,162021,Lumbar,stand,-0.022936,1.008208,-0.029768,3.15,-1.26,1.12,-57
1787062355964,162038,Lumbar,stand,-0.0244,1.014064,-0.029768,3.92,-1.61,1.26,-57
1787062355964,162055,Lumbar,stand,-0.02196,1.029192,-0.030256,3.92,-2.03,1.12,-57
1787062355964,162072,Lumbar,stand,-0.020984,1.03212,-0.028304,1.54,-2.03,1.05,-57
1787062355964,162103,Lumbar,stand,-0.03172,1.012112,-0.017568,-0.21,-1.12,0.91,-57
1787062355964,162120,Lumbar,stand,-0.034648,1.006744,-0.014152,0.77,-0.35,0.77,-57
1787062355964,162137,Lumbar,stand,-0.035624,1.009672,-0.015616,1.68,-0.35,0.98,-57
1787062355964,162154,Lumbar,stand,-0.028792,1.016992,-0.018056,2.17,-0.91,0.91,-57
1787062355964,162171,Lumbar,stand,-0.02684,1.020408,-0.016104,2.1,-1.05,0.56,-57
1787062356321,162347,Lumbar,stand,-0.032696,1.021384,-0.01708,1.19,-3.92,0.77,-57
1787062356321,162379,Lumbar,stand,-0.03172,1.016016,-0.012688,1.19,-2.8,0.49,-57
1787062356321,162396,Lumbar,stand,-0.030256,1.014064,-0.012688,1.68,-2.66,0.56,-57
1787062356321,162413,Lumbar,stand,-0.026352,1.0126,-0.00976,2.17,-2.52,1.05,-57
1787062356321,162430,Lumbar,stand,-0.020984,1.011624,-0.015128,2.59,-2.45,1.33,-57
1787062356321,162461,Lumbar,stand,-0.020984,1.019432,-0.022448,2.87,-3.08,1.19,-57
1787062356321,162478,Lumbar,stand,-0.023912,1.018944,-0.022936,2.8,-2.94,0.84,-57
1787062356321,162495,Lumbar,stand,-0.023912,1.01748,-0.025376,2.03,-3.08,0.63,-57
1787062356321,162512,Lumbar,stand,-0.023424,1.015528,-0.022448,2.24,-2.94,0.77,-57
1787062356321,162529,Lumbar,stand,-0.026352,1.016504,-0.018544,2.38,-2.73,0.84,-57
1787062356678,162705,Lumbar,stand,-0.016592,1.011624,-0.028304,1.47,-2.1,0.56,-57
1787062356678,162736,Lumbar,stand,-0.027328,1.014552,-0.0244,2.1,-2.73,0,-57
1787062356678,162753,Lumbar,stand,-0.032696,1.014552,-0.023424,2.31,-2.38,0.07,-57
1787062356678,162770,Lumbar,stand,-0.028792,1.011624,-0.0244,2.03,-1.68,0.7,-57
1787062356678,162787,Lumbar,stand,-0.025376,1.009672,-0.022936,2.31,-1.26,0.98,-57
1787062356678,162818,Lumbar,stand,-0.01952,1.025776,-0.018544,3.22,-2.66,0.63,-57
1787062356678,162835,Lumbar,stand,-0.016104,1.023824,-0.018056,2.59,-2.73,0,-57
1787062356678,162852,Lumbar,stand,-0.016592,1.019432,-0.018056,2.31,-2.24,-0.42,-57
1787062356678,162869,Lumbar,stand,-0.021472,1.014064,-0.02196,2.24,-1.96,-0.49,-57
1787062356678,162886,Lumbar,stand,-0.024888,1.010648,-0.022936,2.66,-1.33,-0.14,-57
1787062357036,163061,Lumbar,stand,-0.026352,1.011624,-0.027328,5.95,-1.33,0.56,-60
1787062357036,163092,Lumbar,stand,-0.011224,1.027728,-0.022448,5.53,-1.47,0.77,-60
1787062357036,163110,Lumbar,stand,-0.011224,1.022848,-0.030744,4.34,-1.05,0.98,-60
1787062357036,163126,Lumbar,stand,-0.014152,1.018944,-0.037088,3.71,-1.33,1.33,-60
1787062357036,163143,Lumbar,stand,-0.020008,1.014064,-0.04636,3.71,-1.68,1.4,-60
1787062357036,163174,Lumbar,stand,-0.026352,1.016016,-0.043432,3.78,-2.24,1.68,-60
1787062357036,163191,Lumbar,stand,-0.028304,1.01748,-0.040504,3.78,-2.73,1.96,-60
1787062357036,163208,Lumbar,stand,-0.02684,1.025288,-0.0366,3.15,-3.71,2.03,-60
1787062357036,163225,Lumbar,stand,-0.022448,1.021872,-0.032208,1.96,-4.13,1.89,-60
1787062357036,163242,Lumbar,stand,-0.016592,1.016992,-0.02928,1.47,-3.78,2.1,-60
1787062357394,163418,Lumbar,stand,-0.016104,1.020896,-0.02928,3.22,-1.96,1.26,-60
1787062357394,163449,Lumbar,stand,-0.020984,1.016992,-0.030744,2.45,-1.61,1.47,-60
1787062357394,163466,Lumbar,stand,-0.022448,1.013576,-0.032696,2.38,-1.75,1.61,-60
1787062357394,163483,Lumbar,stand,-0.019032,1.00772,-0.035136,2.94,-1.68,1.61,-60
1787062357394,163500,Lumbar,stand,-0.015616,1.009184,-0.031232,3.78,-1.75,1.54,-60
1787062357394,163531,Lumbar,stand,-0.009272,1.020896,-0.026352,3.71,-2.24,1.47,-60
1787062357394,163548,Lumbar,stand,-0.006344,1.016992,-0.034648,3.29,-2.17,1.54,-60
1787062357394,163565,Lumbar,stand,-0.006832,1.016504,-0.041968,3.5,-1.82,1.47,-60
1787062357394,163582,Lumbar,stand,-0.011224,1.014552,-0.044408,3.36,-0.98,1.26,-60
1787062357394,163599,Lumbar,stand,-0.015128,1.015528,-0.04392,3.22,-0.07,1.12,-60
1787062357753,163777,Lumbar,stand,-0.016592,1.020408,-0.039528,2.17,-1.96,0,-60
1787062357753,163808,Lumbar,stand,-0.018056,1.011136,-0.042944,2.45,-1.68,-0.07,-60
1787062357753,163825,Lumbar,stand,-0.020496,1.011624,-0.043432,2.66,-1.61,-0.14,-60
1787062357753,163842,Lumbar,stand,-0.02196,1.01016,-0.038552,2.87,-0.98,0,-60
1787062357753,163859,Lumbar,stand,-0.022448,1.012112,-0.034648,3.43,-0.7,-0.07,-60
1787062357753,163890,Lumbar,stand,-0.015128,1.014064,-0.03904,4.48,-1.75,-0.07,-60
1787062357753,163907,Lumbar,stand,-0.007808,1.016504,-0.050264,4.2,-2.73,0.07,-60
1787062357753,163924,Lumbar,stand,-0.006344,1.020408,-0.05612,3.85,-2.8,-0.21,-60
1787062357753,163941,Lumbar,stand,-0.010736,1.025288,-0.055144,3.36,-2.1,-0.49,-60
1787062357753,163958,Lumbar,stand,-0.015616,1.025288,-0.05612,2.87,-1.54,-0.49,-60
1787062358109,164133,Lumbar,stand,-0.016592,0.999912,-0.041968,0.07,0.42,0.77,-61
1787062358109,164164,Lumbar,stand,-0.00488,1.016504,-0.07076,1.33,-3.71,0.84,-61
1787062358109,164181,Lumbar,stand,-0.000488,1.02724,-0.0732,-0.91,-5.04,0.42,-61
1787062358109,164198,Lumbar,stand,-0.010736,1.018456,-0.05612,-3.01,-4.69,0.35,-61
1787062358109,164215,Lumbar,stand,-0.016104,1.023824,-0.032208,-2.1,-3.71,0.35,-61
1787062358109,164246,Lumbar,stand,-0.025376,1.025288,-0.022936,-1.75,-2.52,0.56,-61
1787062358109,164263,Lumbar,stand,-0.029768,1.004792,-0.026352,-2.66,-3.85,1.12,-61
1787062358109,164280,Lumbar,stand,-0.025864,0.999424,-0.027328,-2.1,-5.18,1.26,-61
1787062358109,164297,Lumbar,stand,-0.020008,1.004304,-0.025376,-1.33,-5.25,1.05,-61
1787062358109,164314,Lumbar,stand,-0.018056,1.02236,-0.027816,0,-4.69,0.84,-61
1787062358467,164490,Lumbar,stand,-0.022448,1.008208,-0.020984,2.31,-3.85,3.08,-61
1787062358467,164522,Lumbar,stand,-0.000976,1.013576,-0.023912,3.43,-4.34,2.45,-61
1787062358467,164539,Lumbar,stand,0.003904,1.021872,-0.026352,3.5,-3.78,1.89,-61
1787062358467,164556,Lumbar,stand,0.008784,1.027728,-0.027816,2.52,-2.1,1.47,-61
1787062358467,164573,Lumbar,stand,0.008784,1.02724,-0.025376,1.4,-0.91,0.77,-61
1787062358467,164604,Lumbar,stand,0.001952,1.012112,-0.017568,1.96,0.07,-0.42,-61
1787062358467,164621,Lumbar,stand,-0.001464,1.011136,-0.021472,3.15,0.07,-1.05,-61
1787062358467,164638,Lumbar,stand,-0.00732,1.011136,-0.0244,3.43,0.21,-1.47,-61
1787062358467,164655,Lumbar,stand,-0.011224,1.018456,-0.032696,3.57,0.35,-1.82,-61
1787062358467,164672,Lumbar,stand,-0.015128,1.021384,-0.033672,2.87,0.35,-2.31,-61
1787062358824,164848,Lumbar,stand,-0.00732,1.007232,-0.023912,0.7,-2.45,0,-61
1787062358824,164879,Lumbar,stand,-0.005856,1.008696,-0.015616,1.54,-0.7,-0.21,-61
1787062358824,164896,Lumbar,stand,-0.006344,1.009184,-0.021472,2.94,-0.35,-0.91,-61
1787062358824,164913,Lumbar,stand,-0.004392,1.013088,-0.025864,4.2,-0.56,-1.47,-61
1787062358824,164930,Lumbar,stand,-0.000976,1.018456,-0.036112,4.13,-0.42,-1.54,-61
1787062358824,164961,Lumbar,stand,-0.010736,1.021384,-0.042944,2.24,0.91,-1.33,-61
1787062358824,164978,Lumbar,stand,-0.016592,1.015528,-0.040504,1.96,1.4,-1.19,-61
1787062358824,164995,Lumbar,stand,-0.01952,1.010648,-0.03904,2.31,1.68,-1.19,-61
1787062358824,165012,Lumbar,stand,-0.01952,1.013088,-0.040504,2.66,1.47,-1.12,-61
1787062358824,165029,Lumbar,stand,-0.020008,1.014552,-0.037576,2.87,1.19,-0.98,-61
1787062359239,165259,Lumbar,stand,-0.031232,1.024312,-0.03904,3.29,-3.64,-0.49,-58
1787062359239,165290,Lumbar,stand,-0.032208,1.025288,-0.030744,0.07,-2.94,-0.7,-58
1787062359239,165308,Lumbar,stand,-0.032696,1.021384,-0.022448,0.07,-3.15,-0.21,-58
1787062359239,165325,Lumbar,stand,-0.037088,1.01016,-0.025864,0,-4.41,0,-58
1787062359239,165342,Lumbar,stand,-0.04148,1.011136,-0.042944,0.56,-6.44,0.14,-58
1787062359239,165359,Lumbar,stand,-0.03904,1.021872,-0.057096,-0.14,-7.63,0.35,-58
1787062359239,165390,Lumbar,stand,-0.027328,1.020408,-0.045384,-1.96,-7.28,1.33,-58
1787062359239,165407,Lumbar,stand,-0.02196,1.014552,-0.028304,-3.15,-6.23,1.82,-58
1787062359239,165425,Lumbar,stand,-0.02196,1.01016,-0.023912,-2.8,-6.58,2.03,-58
1787062359239,165442,Lumbar,stand,-0.021472,1.012112,-0.02684,-0.91,-7.63,1.54,-58
1787062359594,165618,Lumbar,stand,-0.017568,1.003816,-0.029768,1.68,1.05,0.42,-58
1787062359594,165649,Lumbar,stand,-0.022936,1.019432,-0.0366,1.96,-0.14,0.35,-58
1787062359594,165666,Lumbar,stand,-0.03172,1.025288,-0.032208,1.26,-0.07,0.28,-58
1787062359594,165683,Lumbar,stand,-0.03416,1.019432,-0.030744,0.63,0.49,0.42,-58
1787062359594,165700,Lumbar,stand,-0.026352,1.009672,-0.034648,0.21,1.05,0.84,-58
1787062359594,165731,Lumbar,stand,-0.03172,1.015528,-0.029768,0.77,0.21,0.84,-58
1787062359594,165748,Lumbar,stand,-0.037088,1.02236,-0.023912,0.7,-0.42,0.42,-58
1787062359594,165765,Lumbar,stand,-0.030256,1.023336,-0.025864,0.49,-0.7,0.28,-58
1787062359594,165782,Lumbar,stand,-0.024888,1.02236,-0.028792,-17.71,-0.21,0.07,-58
1787062359594,165799,Lumbar,stand,-0.020008,1.018456,-0.030744,-0.63,0.14,0,-58
1787062359954,165975,Lumbar,stand,-0.038064,1.009184,-0.018056,0.42,-4.76,0.7,-58
1787062359954,166006,Lumbar,stand,-0.03416,1.012112,-0.016592,1.26,-3.99,0.7,-58
1787062359954,166023,Lumbar,stand,-0.029768,1.02724,-0.019032,1.68,-4.13,0.84,-58
1787062359954,166040,Lumbar,stand,-0.024888,1.028704,-0.016104,0.56,-4.69,0.56,-58
1787062359954,166057,Lumbar,stand,-0.023424,1.01992,-0.01708,0.21,-4.69,0.14,-58
1787062359954,166088,Lumbar,stand,-0.023424,1.006256,-0.020008,2.87,-5.39,-0.35,-58
1787062359954,166105,Lumbar,stand,-0.023912,1.006256,-0.018056,3.92,-5.04,-0.14,-58
1787062359954,166122,Lumbar,stand,-0.02196,1.008696,-0.01708,4.48,-4.41,-0.07,-58
1787062359954,166139,Lumbar,stand,-0.021472,1.026752,-0.023912,4.48,-3.08,0.14,-58
1787062359954,166156,Lumbar,stand,-0.018544,1.035048,-0.02928,1.12,-2.03,0.35,-58
1787062360313,166333,Lumbar,stand,-0.040504,0.98576,-0.010736,1.26,-1.05,1.4,-58
1787062360313,166364,Lumbar,stand,-0.026352,1.007232,-0.005856,6.37,-1.75,1.4,-58
1787062360313,166381,Lumbar,stand,-0.02196,1.031632,-0.023912,7.42,-3.64,-0.21,-58
1787062360313,166398,Lumbar,stand,-0.023912,1.040416,-0.04148,4.34,-4.83,-1.19,-58
1787062360313,166415,Lumbar,stand,-0.025376,1.038464,-0.04148,0.84,-4.13,-0.91,-58
1787062360313,166446,Lumbar,stand,-0.031232,1.013576,-0.01708,-1.33,-1.82,0.07,-58
1787062360313,166463,Lumbar,stand,-0.032696,1.012112,-0.011224,-0.28,-1.26,0.14,-58
1787062360313,166480,Lumbar,stand,-0.030744,1.011624,-0.007808,0.56,-1.47,-0.07,-58
1787062360313,166497,Lumbar,stand,-0.030256,1.011136,-0.00976,2.17,-2.1,-0.63,-58
1787062360313,166514,Lumbar,stand,-0.032696,1.017968,-0.021472,3.71,-2.31,-1.19,-58
1787062360670,166691,Lumbar,stand,-0.035136,1.003328,-0.007808,-0.7,-0.77,0.21,-60
1787062360670,166723,Lumbar,stand,-0.034648,0.994056,-0.0122,3.15,0.56,0.77,-60
1787062360670,166740,Lumbar,stand,-0.033184,1.009672,-0.022936,5.53,0.7,0.56,-60
1787062360670,166758,Lumbar,stand,-0.032208,1.027728,-0.041968,5.67,-0.21,-0.07,-60
1787062360670,166775,Lumbar,stand,-0.03172,1.03212,-0.04636,3.43,-1.05,-0.49,-60
1787062360670,166792,Lumbar,stand,-0.03172,1.026264,-0.042944,2.17,-1.19,-0.49,-60
1787062360670,166823,Lumbar,stand,-0.033672,1.010648,-0.026352,1.19,0.28,0.07,-60
1787062360670,166840,Lumbar,stand,-0.037576,1.007232,-0.025864,1.4,0.56,-0.07,-60
1787062360670,166857,Lumbar,stand,-0.041968,1.003328,-0.023424,2.17,0.49,-0.07,-60
1787062360670,166874,Lumbar,stand,-0.042944,1.007232,-0.020496,3.43,-0.35,-0.07,-60
1787062361029,167050,Lumbar,stand,-0.035624,1.018944,-0.037576,2.24,-0.98,0.98,-60
1787062361029,167081,Lumbar,stand,-0.038064,1.018456,-0.035624,1.89,-1.54,0.84,-60
1787062361029,167098,Lumbar,stand,-0.0366,1.014064,-0.033184,1.54,-1.61,0.84,-60
1787062361029,167115,Lumbar,stand,-0.035624,1.012112,-0.03172,1.96,-1.4,1.19,-60
1787062361029,167133,Lumbar,stand,-0.034648,1.019432,-0.032208,2.03,-1.33,1.05,-60
1787062361029,167164,Lumbar,stand,-0.032208,1.018944,-0.035136,2.03,-2.03,0.63,-60
1787062361029,167181,Lumbar,stand,-0.032208,1.018456,-0.033672,2.1,-2.59,0.7,-60
1787062361029,167198,Lumbar,stand,-0.035136,1.016992,-0.032696,1.75,-2.87,0.84,-60
1787062361029,167215,Lumbar,stand,-0.037088,1.012112,-0.037088,2.03,-2.8,0.98,-60
1787062361029,167232,Lumbar,stand,-0.03904,1.00772,-0.037088,1.82,-2.31,1.19,-60
1787062361387,167407,Lumbar,stand,-0.035624,1.014552,-0.035136,1.61,-2.52,0.28,-60
1787062361387,167438,Lumbar,stand,-0.029768,1.022848,-0.031232,1.33,-2.17,0.63,-60
1787062361387,167455,Lumbar,stand,-0.030256,1.025288,-0.03172,0.7,-1.61,0.35,-60
1787062361387,167472,Lumbar,stand,-0.02928,1.020896,-0.030744,0.07,-1.33,0.35,-60
1787062361387,167489,Lumbar,stand,-0.031232,1.007232,-0.027328,-0.07,-0.98,0.42,-60
1787062361387,167520,Lumbar,stand,-0.033184,1.012112,-0.02684,2.03,-1.61,0.7,-60
1787062361387,167537,Lumbar,stand,-0.033672,1.017968,-0.027328,2.38,-1.96,0.63,-60
1787062361387,167554,Lumbar,stand,-0.033184,1.020896,-0.027816,1.75,-1.82,0.56,-60
1787062361387,167571,Lumbar,stand,-0.033184,1.021872,-0.029768,0.63,-1.82,0.56,-60
1787062361387,167588,Lumbar,stand,-0.034648,1.020408,-0.031232,0.21,-2.1,0.7,-60
1787062361744,167765,Lumbar,stand,-0.033184,1.016016,-0.023424,0.49,-2.8,0.7,-58
1787062361744,167796,Lumbar,stand,-0.030744,1.011624,-0.025376,1.54,-2.94,0.7,-58
1787062361744,167813,Lumbar,stand,-0.029768,1.01748,-0.027816,1.82,-2.73,0.84,-58
1787062361744,167830,Lumbar,stand,-0.028304,1.018944,-0.030744,0.98,-3.01,0.84,-58
1787062361744,167847,Lumbar,stand,-0.028792,1.017968,-0.028304,0.63,-1.96,0.84,-58
1787062361744,167878,Lumbar,stand,-0.030744,1.017968,-0.017568,0,-1.89,1.26,-58
1787062361744,167895,Lumbar,stand,-0.030256,1.0126,-0.018544,0.35,-2.52,1.4,-58
1787062361744,167912,Lumbar,stand,-0.032696,1.008208,-0.018056,1.61,-2.52,1.12,-58
1787062361744,167929,Lumbar,stand,-0.030744,1.011136,-0.01952,2.73,-2.87,1.12,-58
1787062361744,167947,Lumbar,stand,-0.023912,1.01504,-0.020008,3.36,-3.08,0.98,-58
1787062362100,168122,Lumbar,stand,-0.023424,1.01748,-0.021472,-0.14,-2.31,0.42,-59
1787062362100,168153,Lumbar,stand,-0.028792,1.016016,-0.025864,0.7,-3.15,0.28,-59
1787062362100,168170,Lumbar,stand,-0.032208,1.016504,-0.020984,0.63,-2.52,0.42,-59
1787062362100,168187,Lumbar,stand,-0.033672,1.011136,-0.018544,0.49,-1.61,0.91,-59
1787062362100,168204,Lumbar,stand,-0.033184,1.010648,-0.018544,1.33,-1.61,1.19,-59
1787062362100,168235,Lumbar,stand,-0.028304,1.020896,-0.01708,1.68,-3.01,1.05,-59
1787062362100,168252,Lumbar,stand,-0.022448,1.01992,-0.016592,1.61,-2.94,0.56,-59
1787062362100,168269,Lumbar,stand,-0.020496,1.017968,-0.015616,1.89,-2.1,0.21,-59
1787062362100,168286,Lumbar,stand,-0.019032,1.010648,-0.01464,2.03,-1.68,0.28,-59
1787062362100,168303,Lumbar,stand,-0.026352,1.011136,-0.018056,2.31,-1.47,0.77,-59
1787062362457,168478,Lumbar,stand,-0.026352,1.019432,-0.020008,0.42,-2.8,0.7,-59
1787062362457,168509,Lumbar,stand,-0.025864,1.016504,-0.014152,1.05,-2.1,0.77,-59
1787062362457,168526,Lumbar,stand,-0.027816,1.01504,-0.0122,1.82,-2.52,0.42,-59
1787062362457,168543,Lumbar,stand,-0.028304,1.013576,-0.016592,2.24,-2.87,0.07,-59
1787062362457,168560,Lumbar,stand,-0.02684,1.014064,-0.020496,2.38,-2.94,0.28,-59
1787062362457,168591,Lumbar,stand,-0.033184,1.019432,-0.026352,1.61,-2.45,0.91,-59
1787062362457,168608,Lumbar,stand,-0.033184,1.018944,-0.025864,1.05,-2.24,0.98,-59
1787062362457,168625,Lumbar,stand,-0.030744,1.015528,-0.023424,1.05,-2.38,0.91,-59
1787062362457,168642,Lumbar,stand,-0.025376,1.015528,-0.017568,1.47,-2.73,0.7,-59
1787062362457,168659,Lumbar,stand,-0.0244,1.014064,-0.01464,2.17,-2.59,0.7,-59
1787062362815,168835,Lumbar,stand,-0.023424,1.0126,-0.025376,3.64,-2.66,1.05,-59
1787062362815,168866,Lumbar,stand,-0.025864,1.026264,-0.02684,2.66,-2.1,0.7,-59
1787062362815,168883,Lumbar,stand,-0.02684,1.023336,-0.022448,1.75,-1.75,0.49,-59
1787062362815,168900,Lumbar,stand,-0.027816,1.016016,-0.020984,1.68,-1.54,0.49,-59
1787062362815,168917,Lumbar,stand,-0.028792,1.012112,-0.018544,1.96,-0.91,0.7,-59
1787062362815,168948,Lumbar,stand,-0.028304,1.013088,-0.02196,2.87,-0.98,1.19,-59
1787062362815,168965,Lumbar,stand,-0.024888,1.01992,-0.02928,2.94,-1.26,1.12,-59
1787062362815,168982,Lumbar,stand,-0.0244,1.021872,-0.029768,2.52,-1.47,0.56,-59
1787062362815,168999,Lumbar,stand,-0.022936,1.01748,-0.029768,2.52,-1.12,0.07,-59
1787062362815,169016,Lumbar,stand,-0.023912,1.016992,-0.033184,2.52,-0.84,0.14,-59
1787062363174,169192,Lumbar,stand,-0.025864,1.013576,-0.028792,1.54,-0.7,0.14,-56
1787062363174,169224,Lumbar,stand,-0.027328,1.014552,-0.02684,2.66,-0.98,0.14,-56
1787062363174,169241,Lumbar,stand,-0.028792,1.014064,-0.024888,2.87,-1.26,0,-56
1787062363174,169257,Lumbar,stand,-0.025376,1.011624,-0.02684,3.29,-1.61,0,-56
1787062363174,169275,Lumbar,stand,-0.0244,1.01504,-0.030744,3.78,-1.75,0,-56
1787062363174,169306,Lumbar,stand,-0.025376,1.021384,-0.032208,3.43,-1.54,-0.28,-56
1787062363174,169323,Lumbar,stand,-0.025864,1.021384,-0.029768,2.66,-0.91,-0.35,-56
1787062363174,169340,Lumbar,stand,-0.026352,1.017968,-0.028792,2.24,-0.49,-0.42,-56
1787062363174,169357,Lumbar,stand,-0.025864,1.016504,-0.031232,2.1,-0.91,-0.49,-56
1787062363174,169374,Lumbar,stand,-0.027816,1.016016,-0.031232,1.96,-1.61,-0.49,-56
