pc_timestamp,arduino_ms,node_position,activity,ax,ay,az,gx,gy,gz,rssi
1786632822045,190738,Thigh,stand,-0.223504,0.970632,-0.07076,1.4,-1.89,-0.21,-50
1786632822045,190756,Thigh,stand,-0.223504,0.970632,-0.071248,1.47,-2.03,-0.07,-50
1786632822045,190786,Thigh,stand,-0.22204,0.972584,-0.0732,1.19,-1.75,-0.07,-50
1786632822045,190803,Thigh,stand,-0.223504,0.974048,-0.072712,1.12,-2.17,-0.14,-50
1786632822045,190820,Thigh,stand,-0.223016,0.970632,-0.071248,1.12,-2.59,-0.21,-50
1786632822045,190837,Thigh,stand,-0.223016,0.969656,-0.070272,1.05,-2.87,-0.28,-50
1786632822045,190854,Thigh,stand,-0.221064,0.970144,-0.071248,1.12,-2.94,-0.21,-50
1786632822045,190885,Thigh,stand,-0.2196,0.973072,-0.071736,1.33,-3.29,-0.07,-50
1786632822045,190902,Thigh,stand,-0.2196,0.97356,-0.070272,1.26,-3.43,0,-50
1786632822045,190919,Thigh,stand,-0.221064,0.971608,-0.067832,1.19,-3.43,0,-50
1786632822487,191095,Thigh,stand,-0.220088,0.974048,-0.06588,1.19,-3.29,-0.14,-50
1786632822487,191126,Thigh,stand,-0.221064,0.97356,-0.065392,0.98,-3.15,-0.21,-50
1786632822487,191143,Thigh,stand,-0.22204,0.973072,-0.062952,0.98,-3.01,-0.35,-50
1786632822487,191160,Thigh,stand,-0.221064,0.971608,-0.062952,1.05,-2.94,-0.35,-50
1786632822487,191177,Thigh,stand,-0.220088,0.972584,-0.063928,0.98,-2.59,-0.35,-50
1786632822487,191208,Thigh,stand,-0.220576,0.972096,-0.064904,0.98,-2.59,-0.35,-50
1786632822487,191225,Thigh,stand,-0.221552,0.971608,-0.065392,0.91,-2.73,-0.35,-50
1786632822487,191242,Thigh,stand,-0.22204,0.970632,-0.065392,0.91,-2.73,-0.42,-50
1786632822487,191259,Thigh,stand,-0.221064,0.970632,-0.064416,1.05,-2.59,-0.42,-50
1786632822487,191276,Thigh,stand,-0.220576,0.969168,-0.064416,1.33,-2.45,-0.35,-50
1786632822680,191452,Thigh,stand,-0.220576,0.972096,-0.064904,1.26,-2.38,-0.14,-49
1786632822680,191483,Thigh,stand,-0.223016,0.97112,-0.06344,1.19,-2.38,-0.14,-49
1786632822680,191500,Thigh,stand,-0.223504,0.970632,-0.063928,1.26,-2.66,-0.14,-49
1786632822680,191517,Thigh,stand,-0.223992,0.970144,-0.064416,1.33,-2.8,-0.21,-49
1786632822680,191534,Thigh,stand,-0.223992,0.971608,-0.064416,1.4,-2.73,-0.21,-49
1786632822680,191565,Thigh,stand,-0.224968,0.971608,-0.063928,1.26,-2.52,-0.14,-49
1786632822680,191582,Thigh,stand,-0.223504,0.972096,-0.065392,1.26,-2.52,-0.14,-49
1786632822680,191599,Thigh,stand,-0.222528,0.97112,-0.066368,1.12,-2.59,-0.14,-49
1786632822680,191616,Thigh,stand,-0.22204,0.971608,-0.065392,1.12,-2.59,-0.21,-49
1786632822680,191634,Thigh,stand,-0.223016,0.970144,-0.066856,1.12,-2.45,-0.14,-49
1786632823038,191810,Thigh,stand,-0.222528,0.970632,-0.06344,1.33,-2.24,-0.07,-50
1786632823038,191841,Thigh,stand,-0.217648,0.973072,-0.06588,1.33,-2.24,0,-50
1786632823038,191858,Thigh,stand,-0.216672,0.972584,-0.066368,1.33,-2.38,0,-50
1786632823038,191875,Thigh,stand,-0.218624,0.97112,-0.066368,1.26,-2.38,0,-50
1786632823038,191892,Thigh,stand,-0.221552,0.970632,-0.065392,1.33,-2.31,0,-50
1786632823038,191923,Thigh,stand,-0.221064,0.971608,-0.066856,1.61,-2.24,-0.07,-50
1786632823038,191940,Thigh,stand,-0.220088,0.973072,-0.066856,1.47,-2.38,-0.07,-50
1786632823038,191957,Thigh,stand,-0.2196,0.972584,-0.066368,1.33,-2.52,-0.07,-50
1786632823038,191974,Thigh,stand,-0.218624,0.972096,-0.066368,1.33,-2.38,-0.07,-50
1786632823038,191991,Thigh,stand,-0.219112,0.972584,-0.064904,1.33,-2.31,-0.07,-50
1786632823394,192166,Thigh,stand,-0.218624,0.969656,-0.06588,1.33,-2.8,-0.21,-49
1786632823394,192196,Thigh,stand,-0.217648,0.97112,-0.067832,1.47,-2.66,-0.14,-49
1786632823394,192214,Thigh,stand,-0.2196,0.97112,-0.068808,1.61,-2.66,-0.07,-49
1786632823394,192230,Thigh,stand,-0.219112,0.972584,-0.06588,1.61,-2.66,-0.14,-49
1786632823394,192247,Thigh,stand,-0.219112,0.972096,-0.063928,1.54,-2.59,-0.07,-49
1786632823394,192278,Thigh,stand,-0.221552,0.972584,-0.061488,1.4,-2.59,-0.14,-49
1786632823394,192295,Thigh,stand,-0.22204,0.972584,-0.061976,1.33,-2.87,-0.28,-49
1786632823394,192312,Thigh,stand,-0.221064,0.972584,-0.062464,1.33,-2.94,-0.35,-49
1786632823394,192329,Thigh,stand,-0.221552,0.971608,-0.06344,1.33,-2.73,-0.28,-49
1786632823394,192346,Thigh,stand,-0.2196,0.972096,-0.06588,1.4,-2.66,-0.28,-49
1786632823761,192524,Thigh,stand,-0.220088,0.973072,-0.06344,1.47,-2.45,-0.28,-50
1786632823761,192557,Thigh,stand,-0.220576,0.970144,-0.068808,1.4,-2.31,-0.14,-50
1786632823761,192573,Thigh,stand,-0.222528,0.972096,-0.069296,1.33,-2.38,-0.21,-50
1786632823761,192590,Thigh,stand,-0.222528,0.97112,-0.067344,1.4,-2.38,-0.07,-50
1786632823761,192607,Thigh,stand,-0.223504,0.970632,-0.067832,1.47,-2.31,-0.07,-50
1786632823761,192624,Thigh,stand,-0.22204,0.970632,-0.067344,1.47,-2.17,-0.14,-50
1786632823761,192655,Thigh,stand,-0.223016,0.972096,-0.069296,1.4,-2.17,-0.14,-50
1786632823761,192672,Thigh,stand,-0.223016,0.97112,-0.069296,1.4,-2.31,-0.07,-50
1786632823761,192689,Thigh,stand,-0.223016,0.971608,-0.07076,1.4,-2.31,0,-50
1786632823761,192706,Thigh,stand,-0.22204,0.97112,-0.068808,1.4,-2.24,0.07,-50
1786632824112,192882,Thigh,stand,-0.220088,0.97112,-0.066856,1.12,-2.31,-0.07,-49
1786632824112,192913,Thigh,stand,-0.218136,0.972584,-0.067344,1.19,-2.24,-0.07,-49
1786632824112,192930,Thigh,stand,-0.220088,0.973072,-0.06832,1.26,-2.38,-0.07,-49
1786632824112,192948,Thigh,stand,-0.2196,0.97356,-0.06832,1.19,-2.59,-0.07,-49
1786632824112,192964,Thigh,stand,-0.217648,0.972584,-0.06832,1.12,-2.59,-0.07,-49
1786632824112,192995,Thigh,stand,-0.218136,0.973072,-0.067344,1.12,-2.66,-0.07,-49
1786632824112,193012,Thigh,stand,-0.21716,0.972096,-0.06832,1.12,-2.66,0,-49
1786632824112,193029,Thigh,stand,-0.21716,0.972096,-0.066856,1.12,-2.59,0,-49
1786632824112,193046,Thigh,stand,-0.21716,0.971608,-0.06588,1.05,-2.73,-0.07,-49
1786632824112,193063,Thigh,stand,-0.2196,0.974048,-0.064904,1.05,-2.94,-0.14,-49
1786632824509,193239,Thigh,stand,-0.218136,0.97112,-0.067344,0.98,-3.08,-0.28,-49
1786632824509,193270,Thigh,stand,-0.218624,0.973072,-0.066368,0.84,-3.08,-0.28,-49
1786632824509,193286,Thigh,stand,-0.220576,0.973072,-0.066368,0.77,-3.15,-0.21,-49
1786632824509,193303,Thigh,stand,-0.22204,0.971608,-0.063928,0.77,-3.08,-0.28,-49
1786632824509,193320,Thigh,stand,-0.22204,0.970144,-0.062952,0.84,-3.08,-0.28,-49
1786632824509,193350,Thigh,stand,-0.222528,0.97112,-0.066856,0.91,-3.08,-0.28,-49
1786632824509,193367,Thigh,stand,-0.221064,0.970144,-0.066856,0.84,-3.08,-0.21,-49
1786632824509,193384,Thigh,stand,-0.220088,0.972584,-0.065392,0.98,-2.94,-0.21,-49
1786632824509,193401,Thigh,stand,-0.2196,0.972096,-0.063928,0.91,-2.87,-0.14,-49
1786632824509,193432,Thigh,stand,-0.222528,0.97356,-0.064416,0.91,-2.94,-0.14,-49
1786632824840,193610,Thigh,stand,-0.223016,0.971608,-0.062464,0.84,-2.87,-0.21,-49
1786632824840,193641,Thigh,stand,-0.219112,0.972584,-0.064416,0.84,-3.01,-0.21,-49
1786632824840,193658,Thigh,stand,-0.218624,0.972096,-0.06344,0.84,-2.94,-0.21,-49
1786632824840,193675,Thigh,stand,-0.220576,0.973072,-0.063928,0.84,-2.8,-0.14,-49
1786632824840,193692,Thigh,stand,-0.221552,0.972096,-0.062952,0.77,-2.73,-0.07,-49
1786632824840,193723,Thigh,stand,-0.221552,0.971608,-0.061976,0.84,-2.8,-0.21,-49
1786632824840,193739,Thigh,stand,-0.221552,0.972584,-0.061,0.91,-2.87,-0.14,-49
1786632824840,193757,Thigh,stand,-0.22204,0.973072,-0.061488,0.91,-3.01,-0.14,-49
1786632824840,193773,Thigh,stand,-0.220088,0.971608,-0.062952,0.91,-3.22,-0.14,-49
1786632824840,193790,Thigh,stand,-0.220088,0.972584,-0.061,1.05,-3.15,0,-49
1786632825257,193967,Thigh,stand,-0.22204,0.970144,-0.05612,0.84,-3.01,-0.28,-49
1786632825257,193998,Thigh,stand,-0.220576,0.970144,-0.060512,0.98,-2.73,-0.21,-49
1786632825257,194015,Thigh,stand,-0.221552,0.97112,-0.062464,1.12,-2.59,-0.14,-49
1786632825257,194032,Thigh,stand,-0.220088,0.973072,-0.061488,1.19,-2.45,-0.14,-49
1786632825257,194049,Thigh,stand,-0.218624,0.97356,-0.05856,1.19,-2.38,-0.14,-49
1786632825257,194080,Thigh,stand,-0.222528,0.971608,-0.056608,1.12,-2.59,-0.14,-49
1786632825257,194097,Thigh,stand,-0.22448,0.972096,-0.054168,1.05,-2.8,-0.14,-49
1786632825257,194114,Thigh,stand,-0.223504,0.974536,-0.05368,1.12,-2.66,-0.21,-49
1786632825257,194130,Thigh,stand,-0.222528,0.974536,-0.054656,1.05,-2.8,-0.14,-49
1786632825257,194147,Thigh,stand,-0.222528,0.972584,-0.057584,0.98,-2.87,-0.21,-49
1786632825571,194324,Thigh,stand,-0.219112,0.970632,-0.057584,1.4,-2.59,-0.21,-49
1786632825571,194355,Thigh,stand,-0.220088,0.972584,-0.058072,1.4,-2.52,-0.14,-49
1786632825571,194372,Thigh,stand,-0.221064,0.972096,-0.056608,1.4,-2.52,-0.14,-49
1786632825571,194389,Thigh,stand,-0.221552,0.972096,-0.055144,1.4,-2.66,-0.21,-49
1786632825571,194406,Thigh,stand,-0.220576,0.973072,-0.058072,1.33,-2.94,-0.21,-49
1786632825571,194437,Thigh,stand,-0.222528,0.97356,-0.056608,1.26,-2.87,-0.28,-49
1786632825571,194454,Thigh,stand,-0.223504,0.972584,-0.056608,1.33,-2.8,-0.28,-49
1786632825571,194471,Thigh,stand,-0.223016,0.972096,-0.05612,1.4,-2.52,-0.28,-49
1786632825571,194488,Thigh,stand,-0.218624,0.972096,-0.057096,1.4,-2.45,-0.28,-49
1786632825571,194505,Thigh,stand,-0.2196,0.97356,-0.059536,1.4,-2.38,-0.21,-49
1786632825959,194682,Thigh,stand,-0.22448,0.972584,-0.057096,1.47,-2.73,-0.21,-47
1786632825959,194714,Thigh,stand,-0.223992,0.973072,-0.062464,1.4,-2.8,-0.14,-47
1786632825959,194731,Thigh,stand,-0.223504,0.972584,-0.060024,1.33,-2.94,-0.21,-47
1786632825959,194748,Thigh,stand,-0.223992,0.97112,-0.057096,1.26,-2.94,-0.21,-47
1786632825959,194765,Thigh,stand,-0.223992,0.97112,-0.057584,1.54,-2.94,-0.14,-47
1786632825959,194796,Thigh,stand,-0.221064,0.971608,-0.061,1.47,-3.08,-0.14,-47
1786632825959,194813,Thigh,stand,-0.220576,0.972584,-0.060512,1.47,-2.8,-0.07,-47
1786632825959,194830,Thigh,stand,-0.220576,0.972096,-0.059048,1.47,-2.73,-0.14,-47
1786632825959,194847,Thigh,stand,-0.222528,0.972096,-0.05856,1.54,-2.8,-0.07,-47
1786632825959,194864,Thigh,stand,-0.221064,0.972584,-0.057584,1.61,-2.59,0,-47
1786632826284,195039,Thigh,stand,-0.220088,0.97356,-0.058072,1.61,-2.52,0.07,-46
1786632826284,195070,Thigh,stand,-0.221064,0.972584,-0.05856,1.54,-2.38,-0.07,-46
1786632826284,195087,Thigh,stand,-0.221552,0.97356,-0.058072,1.68,-2.31,-0.07,-46
1786632826284,195104,Thigh,stand,-0.223016,0.972584,-0.057584,1.61,-2.24,-0.07,-46
1786632826284,195121,Thigh,stand,-0.222528,0.973072,-0.057584,1.61,-2.17,0,-46
1786632826284,195152,Thigh,stand,-0.218624,0.973072,-0.059536,1.54,-2.1,-0.07,-46
1786632826284,195169,Thigh,stand,-0.221552,0.973072,-0.060024,1.54,-2.17,0,-46
1786632826284,195186,Thigh,stand,-0.223016,0.972096,-0.059048,1.47,-2.31,0.14,-46
1786632826284,195203,Thigh,stand,-0.222528,0.972096,-0.059536,1.4,-2.45,0.07,-46
1786632826284,195220,Thigh,stand,-0.223504,0.972096,-0.060024,1.4,-2.45,0,-46
1786632826669,195395,Thigh,stand,-0.215208,0.97356,-0.061488,1.68,-1.96,0.21,-47
1786632826669,195426,Thigh,stand,-0.2196,0.972584,-0.05856,1.82,-2.24,0.14,-47
1786632826669,195443,Thigh,stand,-0.223504,0.974048,-0.05856,1.82,-2.38,0.14,-47
1786632826669,195460,Thigh,stand,-0.221064,0.973072,-0.061,1.75,-2.52,0,-47
1786632826669,195477,Thigh,stand,-0.220088,0.974048,-0.061,1.54,-2.38,0,-47
1786632826669,195508,Thigh,stand,-0.21716,0.972584,-0.060512,1.54,-2.38,-0.07,-47
1786632826669,195525,Thigh,stand,-0.21716,0.97112,-0.060512,1.54,-2.45,-0.07,-47
1786632826669,195542,Thigh,stand,-0.216184,0.973072,-0.062464,1.61,-2.52,-0.07,-47
1786632826669,195559,Thigh,stand,-0.216672,0.973072,-0.062952,1.54,-2.52,-0.14,-47
1786632826669,195576,Thigh,stand,-0.216184,0.972096,-0.066368,1.54,-2.59,-0.14,-47
1786632827055,195750,Thigh,stand,-0.217648,0.973072,-0.06344,1.68,-2.59,-0.28,-49
1786632827055,195781,Thigh,stand,-0.218136,0.97112,-0.066368,1.4,-2.66,-0.21,-49
1786632827055,195798,Thigh,stand,-0.219112,0.972584,-0.06588,1.33,-2.66,-0.14,-49
1786632827055,195815,Thigh,stand,-0.219112,0.972096,-0.065392,1.4,-2.66,-0.14,-49
1786632827055,195832,Thigh,stand,-0.218136,0.972096,-0.064904,1.47,-2.66,-0.21,-49
1786632827055,195863,Thigh,stand,-0.220576,0.971608,-0.066368,1.47,-2.73,-0.14,-49
1786632827055,195880,Thigh,stand,-0.220088,0.972584,-0.066856,1.47,-2.73,-0.14,-49
1786632827055,195897,Thigh,stand,-0.218624,0.972584,-0.066856,1.47,-2.66,-0.21,-49
1786632827055,195914,Thigh,stand,-0.218136,0.972096,-0.06588,1.54,-2.52,-0.14,-49
1786632827055,195931,Thigh,stand,-0.218624,0.97356,-0.064904,1.4,-2.59,-0.21,-49
1786632827364,196109,Thigh,stand,-0.22204,0.973072,-0.063928,1.47,-2.59,-0.21,-49
1786632827364,196139,Thigh,stand,-0.219112,0.971608,-0.064904,1.54,-2.45,-0.14,-49
1786632827364,196156,Thigh,stand,-0.219112,0.972584,-0.064416,1.47,-2.38,-0.07,-49
1786632827364,196173,Thigh,stand,-0.217648,0.97112,-0.064416,1.47,-2.52,-0.07,-49
1786632827364,196190,Thigh,stand,-0.21716,0.971608,-0.063928,1.47,-2.73,-0.14,-49
1786632827364,196221,Thigh,stand,-0.219112,0.972584,-0.061488,1.47,-2.66,-0.21,-49
1786632827364,196238,Thigh,stand,-0.2196,0.974536,-0.061,1.47,-2.66,-0.21,-49
1786632827364,196255,Thigh,stand,-0.220576,0.971608,-0.062464,1.4,-2.66,-0.28,-49
1786632827364,196272,Thigh,stand,-0.218624,0.972584,-0.062464,1.33,-2.59,-0.28,-49
1786632827364,196289,Thigh,stand,-0.218136,0.972096,-0.061488,1.33,-2.66,-0.35,-49
1786632828060,196465,Thigh,stand,-0.221552,0.971608,-0.064904,1.4,-2.8,-0.14,-47
1786632828060,196496,Thigh,stand,-0.223016,0.971608,-0.067344,1.47,-2.52,-0.07,-47
1786632828060,196513,Thigh,stand,-0.221064,0.971608,-0.066856,1.47,-2.45,-0.07,-47
1786632828060,196530,Thigh,stand,-0.218136,0.97112,-0.066856,1.47,-2.45,-0.07,-47
1786632828060,196547,Thigh,stand,-0.218136,0.972096,-0.067344,1.4,-2.31,-0.07,-47
1786632828060,196578,Thigh,stand,-0.221552,0.97112,-0.066368,1.4,-2.24,0,-47
1786632828060,196595,Thigh,stand,-0.222528,0.972096,-0.064416,1.33,-2.38,0,-47
1786632828060,196612,Thigh,stand,-0.221064,0.972584,-0.065392,1.47,-2.45,-0.07,-47
1786632828060,196629,Thigh,stand,-0.220576,0.974536,-0.064904,1.47,-2.52,-0.07,-47
1786632828060,196646,Thigh,stand,-0.221064,0.973072,-0.064904,1.33,-2.52,-0.14,-47
1786632828369,196821,Thigh,stand,-0.220576,0.97356,-0.066368,1.33,-2.24,-0.21,-48
1786632828369,196851,Thigh,stand,-0.220576,0.972584,-0.06588,1.19,-2.59,-0.28,-48
1786632828369,196868,Thigh,stand,-0.216672,0.972584,-0.065392,1.33,-2.45,-0.35,-48
1786632828369,196885,Thigh,stand,-0.216672,0.971608,-0.066856,1.33,-2.52,-0.35,-48
1786632828369,196902,Thigh,stand,-0.215208,0.972584,-0.068808,1.4,-2.59,-0.21,-48
1786632828369,196933,Thigh,stand,-0.217648,0.972096,-0.065392,1.33,-2.52,-0.07,-48
1786632828369,196950,Thigh,stand,-0.220088,0.97112,-0.064904,1.26,-2.45,-0.21,-48
1786632828369,196967,Thigh,stand,-0.221552,0.97356,-0.061488,1.33,-2.45,-0.21,-48
1786632828369,196984,Thigh,stand,-0.223504,0.973072,-0.061488,1.33,-2.52,-0.28,-48
1786632828369,197001,Thigh,stand,-0.22204,0.974536,-0.064904,1.19,-2.73,-0.35,-48
1786632829668,197178,Thigh,stand,-0.222528,0.972096,-0.064904,1.33,-2.66,-0.14,-48
1786632829668,197209,Thigh,stand,-0.220576,0.972584,-0.06588,1.19,-2.73,-0.21,-48
1786632829668,197226,Thigh,stand,-0.220088,0.972584,-0.06344,1.12,-2.73,-0.14,-48
1786632829668,197243,Thigh,stand,-0.218624,0.972584,-0.063928,1.12,-2.8,-0.14,-48
1786632829668,197260,Thigh,stand,-0.2196,0.972096,-0.064416,1.12,-2.73,-0.14,-48
1786632829668,197291,Thigh,stand,-0.220088,0.973072,-0.064416,1.19,-2.66,-0.14,-48
1786632829668,197308,Thigh,stand,-0.220576,0.971608,-0.063928,1.12,-2.59,-0.14,-48
1786632829668,197325,Thigh,stand,-0.220088,0.972096,-0.062952,1.05,-2.45,-0.21,-48
1786632829668,197342,Thigh,stand,-0.220088,0.970632,-0.062464,1.12,-2.24,-0.21,-48
1786632829668,197359,Thigh,stand,-0.220088,0.97112,-0.064416,1.26,-2.24,-0.21,-48
1786632829668,197594,Thigh,stand,-0.2196,0.974048,-0.065392,1.12,-2.45,-0.21,-48
1786632829668,197625,Thigh,stand,-0.220088,0.971608,-0.06588,0.98,-2.52,-0.21,-48
1786632829668,197642,Thigh,stand,-0.2196,0.970632,-0.06588,1.12,-2.38,-0.14,-48
1786632829668,197659,Thigh,stand,-0.220088,0.971608,-0.067344,1.26,-2.38,-0.07,-48
1786632829668,197676,Thigh,stand,-0.218624,0.971608,-0.067832,1.26,-2.45,-0.07,-48
1786632829668,197707,Thigh,stand,-0.216672,0.971608,-0.067832,1.33,-2.45,-0.07,-48
1786632829668,197724,Thigh,stand,-0.21716,0.972096,-0.064416,1.26,-2.45,-0.07,-48
1786632829668,197741,Thigh,stand,-0.216672,0.973072,-0.060512,1.33,-2.59,-0.07,-48
1786632829668,197758,Thigh,stand,-0.219112,0.975024,-0.061,1.19,-2.87,-0.07,-48
1786632829668,197775,Thigh,stand,-0.2196,0.974048,-0.061488,1.19,-2.94,-0.14,-48
1786632829678,197951,Thigh,stand,-0.220576,0.973072,-0.062952,1.12,-2.59,-0.28,-48
1786632829678,197981,Thigh,stand,-0.219112,0.97112,-0.062464,0.98,-2.73,-0.28,-48
1786632829678,197998,Thigh,stand,-0.217648,0.970144,-0.062952,1.19,-2.59,-0.28,-48
1786632829678,198015,Thigh,stand,-0.21716,0.971608,-0.062952,1.19,-2.45,-0.28,-48
1786632829678,198032,Thigh,stand,-0.218136,0.971608,-0.066368,1.19,-2.45,-0.21,-48
1786632829678,198063,Thigh,stand,-0.221064,0.97112,-0.064904,1.12,-2.59,-0.28,-48
1786632829678,198080,Thigh,stand,-0.222528,0.971608,-0.062952,1.19,-2.59,-0.21,-48
1786632829678,198097,Thigh,stand,-0.223504,0.972584,-0.061,1.12,-2.52,-0.21,-48
1786632829678,198114,Thigh,stand,-0.221064,0.970632,-0.061488,1.19,-2.52,-0.28,-48
1786632829678,198131,Thigh,stand,-0.220088,0.973072,-0.063928,1.26,-2.52,-0.28,-48
1786632831191,198307,Thigh,stand,-0.219112,0.972096,-0.064416,1.4,-2.66,-0.14,-47
1786632831191,198337,Thigh,stand,-0.221552,0.972584,-0.064904,1.4,-2.59,-0.14,-47
1786632831191,198355,Thigh,stand,-0.220576,0.97112,-0.061976,1.4,-2.52,-0.14,-47
1786632831191,198371,Thigh,stand,-0.220576,0.97112,-0.060024,1.54,-2.52,-0.14,-47
1786632831191,198388,Thigh,stand,-0.223016,0.973072,-0.060512,1.61,-2.59,-0.07,-47
1786632831191,198419,Thigh,stand,-0.223504,0.974048,-0.061,1.33,-2.73,-0.14,-47
1786632831191,198436,Thigh,stand,-0.222528,0.974048,-0.061976,1.26,-2.66,-0.14,-47
1786632831191,198453,Thigh,stand,-0.220576,0.973072,-0.061976,1.26,-2.66,-0.14,-47
1786632831191,198470,Thigh,stand,-0.218624,0.972096,-0.061,1.33,-2.66,-0.21,-47
1786632831191,198487,Thigh,stand,-0.217648,0.972584,-0.060512,1.4,-2.66,-0.14,-47
1786632831192,198897,Thigh,stand,-0.223016,0.972584,-0.062952,1.33,-2.66,-0.14,-49
1786632831192,198928,Thigh,stand,-0.223016,0.973072,-0.062952,1.19,-2.73,-0.28,-49
1786632831192,198945,Thigh,stand,-0.223016,0.972096,-0.063928,1.19,-2.73,-0.28,-49
1786632831192,198961,Thigh,stand,-0.22204,0.973072,-0.062464,1.12,-2.52,-0.21,-49
1786632831192,198978,Thigh,stand,-0.22204,0.971608,-0.06588,1.12,-2.52,-0.21,-49
1786632831192,199009,Thigh,stand,-0.223504,0.971608,-0.064416,1.12,-2.38,-0.21,-49
1786632831192,199026,Thigh,stand,-0.22204,0.972096,-0.065392,1.12,-2.31,-0.21,-49
1786632831192,199043,Thigh,stand,-0.22204,0.971608,-0.064904,1.26,-2.24,-0.21,-49
1786632831192,199060,Thigh,stand,-0.219112,0.970632,-0.06832,1.26,-2.24,-0.21,-49
1786632831192,199078,Thigh,stand,-0.219112,0.971608,-0.069296,1.26,-2.17,-0.14,-49
1786632831194,199254,Thigh,stand,-0.219112,0.97112,-0.066856,0.84,-2.52,-0.21,-49
1786632831194,199285,Thigh,stand,-0.218136,0.97112,-0.066368,1.05,-2.31,-0.07,-49
1786632831194,199302,Thigh,stand,-0.219112,0.971608,-0.064416,0.98,-2.17,-0.07,-49
1786632831194,199319,Thigh,stand,-0.220088,0.974048,-0.061488,0.98,-2.24,-0.14,-49
1786632831194,199336,Thigh,stand,-0.221064,0.97356,-0.060512,0.84,-2.24,-0.21,-49
1786632831194,199367,Thigh,stand,-0.221552,0.972584,-0.060024,0.77,-2.1,-0.28,-49
1786632831194,199384,Thigh,stand,-0.220576,0.972096,-0.062464,0.7,-2.03,-0.35,-49
1786632831194,199401,Thigh,stand,-0.219112,0.974536,-0.062952,0.7,-2.1,-0.35,-49
1786632831194,199418,Thigh,stand,-0.219112,0.973072,-0.061488,0.56,-2.24,-0.35,-49
1786632831194,199435,Thigh,stand,-0.22204,0.97356,-0.061976,0.49,-2.45,-0.42,-49
1786632831305,199610,Thigh,stand,-0.228384,0.971608,-0.061,0.35,-4.48,-0.42,-47
1786632831305,199640,Thigh,stand,-0.225456,0.973072,-0.061,0.28,-4.83,-0.42,-47
1786632831305,199657,Thigh,stand,-0.223504,0.97356,-0.061,0.28,-5.18,-0.35,-47
1786632831305,199674,Thigh,stand,-0.22204,0.972584,-0.060512,0.21,-5.46,-0.35,-47
1786632831305,199691,Thigh,stand,-0.223016,0.97112,-0.060512,0.21,-5.74,-0.35,-47
1786632831305,199722,Thigh,stand,-0.221064,0.971608,-0.05612,0.28,-5.67,-0.28,-47
1786632831305,199739,Thigh,stand,-0.2196,0.97112,-0.054656,0.42,-5.67,-0.35,-47
1786632831305,199756,Thigh,stand,-0.219112,0.97356,-0.052704,0.49,-5.46,-0.35,-47
1786632831305,199773,Thigh,stand,-0.218136,0.973072,-0.055144,0.42,-5.39,-0.35,-47
1786632831305,199804,Thigh,stand,-0.218136,0.97112,-0.055144,0.28,-4.69,-0.35,-47
1786632831757,200416,Thigh,stand,-0.225944,0.971608,-0.04636,1.12,-2.66,0.07,-58
1786632831757,200447,Thigh,stand,-0.225456,0.972584,-0.045384,1.12,-3.22,0,-58
1786632831757,200464,Thigh,stand,-0.22448,0.974048,-0.04148,1.12,-3.36,0,-58
1786632831757,200481,Thigh,stand,-0.22448,0.973072,-0.040992,1.12,-3.22,0,-58
1786632831757,200498,Thigh,stand,-0.223504,0.974536,-0.041968,1.26,-3.08,0,-58
1786632831757,200529,Thigh,stand,-0.223016,0.972096,-0.045384,1.05,-2.87,-0.07,-58
1786632831757,200546,Thigh,stand,-0.222528,0.972096,-0.044408,1.05,-2.8,-0.07,-58
1786632831757,200563,Thigh,stand,-0.222528,0.97112,-0.042456,1.19,-2.73,-0.14,-58
1786632831757,200580,Thigh,stand,-0.2196,0.972584,-0.042456,1.4,-2.73,-0.07,-58
1786632831757,200597,Thigh,stand,-0.218624,0.97356,-0.044408,1.4,-2.59,0,-58
1786632832022,200771,Thigh,stand,-0.220088,0.972096,-0.042456,1.33,-2.24,-0.28,-48
1786632832022,200802,Thigh,stand,-0.219112,0.97356,-0.045384,1.26,-2.03,-0.28,-48
1786632832022,200819,Thigh,stand,-0.22204,0.974048,-0.045872,1.19,-2.17,-0.28,-48
1786632832022,200836,Thigh,stand,-0.223016,0.97356,-0.044408,1.12,-2.24,-0.42,-48
1786632832022,200853,Thigh,stand,-0.225944,0.972584,-0.043432,1.19,-2.31,-0.42,-48
1786632832022,200884,Thigh,stand,-0.225456,0.972584,-0.044408,1.19,-2.31,-0.35,-48
1786632832022,200901,Thigh,stand,-0.224968,0.972584,-0.04392,1.12,-2.24,-0.35,-48
1786632832022,200919,Thigh,stand,-0.227408,0.971608,-0.044896,1.26,-2.24,-0.35,-48
1786632832022,200936,Thigh,stand,-0.225944,0.972584,-0.045384,1.19,-2.38,-0.42,-48
1786632832022,200953,Thigh,stand,-0.224968,0.973072,-0.045872,1.26,-2.38,-0.42,-48
1786632832539,201129,Thigh,stand,-0.22936,0.970632,-0.042456,1.54,-2.73,-0.07,-50
1786632832539,201160,Thigh,stand,-0.228872,0.973072,-0.041968,1.75,-2.8,-0.14,-50
1786632832539,201176,Thigh,stand,-0.225944,0.974536,-0.045872,1.68,-2.59,-0.07,-50
1786632832539,201193,Thigh,stand,-0.22448,0.972584,-0.045384,1.61,-2.24,0,-50
1786632832539,201210,Thigh,stand,-0.224968,0.972584,-0.04636,1.47,-2.03,-0.07,-50
1786632832539,201241,Thigh,stand,-0.222528,0.97112,-0.042456,1.82,-2.03,-0.21,-50
1786632832539,201258,Thigh,stand,-0.223016,0.972584,-0.043432,1.89,-2.03,-0.21,-50
1786632832539,201275,Thigh,stand,-0.223016,0.974048,-0.04636,1.82,-2.17,-0.21,-50
1786632832539,201292,Thigh,stand,-0.223504,0.97356,-0.048312,1.68,-2.52,-0.21,-50
1786632832539,201323,Thigh,stand,-0.225456,0.971608,-0.04636,1.61,-2.73,-0.14,-50
1786632835227,201498,Thigh,stand,-0.223992,0.97112,-0.044896,2.31,-2.17,-0.07,-49
1786632835227,201530,Thigh,stand,-0.225944,0.972584,-0.044408,2.31,-2.45,-0.07,-49
1786632835227,201547,Thigh,stand,-0.22692,0.972584,-0.042456,2.24,-2.38,0,-49
1786632835227,201564,Thigh,stand,-0.225944,0.974048,-0.04392,2.38,-2.17,0,-49
1786632835227,201581,Thigh,stand,-0.226432,0.97356,-0.045872,2.24,-2.03,-0.07,-49
1786632835227,201599,Thigh,stand,-0.226432,0.972584,-0.047336,2.17,-1.89,-0.07,-49
1786632835227,201630,Thigh,stand,-0.225944,0.972584,-0.049776,1.96,-2.24,-0.21,-49
1786632835227,201647,Thigh,stand,-0.223016,0.973072,-0.049288,2.1,-2.31,-0.21,-49
1786632835227,201664,Thigh,stand,-0.22204,0.971608,-0.049776,2.1,-2.59,-0.21,-49
1786632835227,201681,Thigh,stand,-0.22204,0.971608,-0.051728,2.1,-2.59,-0.14,-49
1786632835228,201855,Thigh,stand,-0.220088,0.972096,-0.05856,1.89,-2.03,-0.28,-50
1786632835228,201886,Thigh,stand,-0.222528,0.970144,-0.058072,2.03,-2.45,-0.14,-50
1786632835228,201903,Thigh,stand,-0.224968,0.97112,-0.057096,2.03,-2.38,-0.21,-50
1786632835228,201920,Thigh,stand,-0.224968,0.97112,-0.054656,2.17,-2.31,-0.14,-50
1786632835228,201937,Thigh,stand,-0.22692,0.972096,-0.055144,2.17,-2.38,-0.07,-50
1786632835228,201968,Thigh,stand,-0.225944,0.97112,-0.058072,2.03,-2.1,-0.14,-50
1786632835228,201985,Thigh,stand,-0.22692,0.971608,-0.057584,2.03,-2.03,-0.14,-50
1786632835228,202002,Thigh,stand,-0.225456,0.970632,-0.059048,2.03,-1.96,-0.14,-50
1786632835228,202019,Thigh,stand,-0.223992,0.972584,-0.058072,1.96,-1.89,-0.14,-50
1786632835228,202036,Thigh,stand,-0.223504,0.971608,-0.057096,1.89,-1.82,-0.14,-50
1786632835240,202212,Thigh,stand,-0.221552,0.971608,-0.061,1.89,-1.47,0,-50
1786632835240,202243,Thigh,stand,-0.223016,0.97112,-0.060512,1.96,-1.75,0,-50
1786632835240,202260,Thigh,stand,-0.223504,0.97112,-0.060512,2.24,-1.75,0.07,-50
1786632835240,202277,Thigh,stand,-0.222528,0.974536,-0.061,2.1,-1.68,0.07,-50
1786632835240,202294,Thigh,stand,-0.22204,0.97356,-0.062952,1.82,-1.68,0,-50
1786632835240,202325,Thigh,stand,-0.22204,0.971608,-0.060512,1.75,-1.54,0.07,-50
1786632835240,202342,Thigh,stand,-0.22204,0.972584,-0.060512,1.68,-1.47,-0.07,-50
1786632835240,202359,Thigh,stand,-0.223992,0.973072,-0.060512,1.68,-1.47,-0.14,-50
1786632835240,202376,Thigh,stand,-0.223992,0.972096,-0.061,1.61,-1.54,-0.07,-50
1786632835240,202393,Thigh,stand,-0.223504,0.972096,-0.061976,1.68,-1.33,-0.14,-50
1786632835385,202566,Thigh,stand,-0.22448,0.972096,-0.06588,1.12,-1.96,-0.21,-50
1786632835385,202597,Thigh,stand,-0.223504,0.971608,-0.065392,1.19,-1.96,-0.21,-50
1786632835385,202614,Thigh,stand,-0.221552,0.969168,-0.06588,1.26,-1.89,-0.21,-50
1786632835385,202631,Thigh,stand,-0.22448,0.97112,-0.066856,1.26,-1.96,-0.14,-50
1786632835385,202648,Thigh,stand,-0.223504,0.970144,-0.067832,1.33,-2.03,-0.14,-50
1786632835385,202679,Thigh,stand,-0.221552,0.973072,-0.064904,1.33,-1.96,-0.07,-50
1786632835385,202696,Thigh,stand,-0.222528,0.974048,-0.06344,1.26,-2.17,-0.07,-50
1786632835385,202713,Thigh,stand,-0.22448,0.974536,-0.062952,1.12,-2.38,-0.07,-50
1786632835385,202730,Thigh,stand,-0.226432,0.972096,-0.061488,0.98,-2.59,-0.07,-50
1786632835385,202747,Thigh,stand,-0.22692,0.973072,-0.061976,0.98,-2.45,-0.21,-50
1786632835710,204449,Thigh,stand,-0.22448,0.972096,-0.05124,0.7,-2.38,-0.42,-49
1786632835710,204481,Thigh,stand,-0.22448,0.973072,-0.052704,0.7,-2.59,-0.49,-49
1786632835710,204498,Thigh,stand,-0.224968,0.973072,-0.052216,0.56,-2.8,-0.42,-49
1786632835710,204515,Thigh,stand,-0.224968,0.971608,-0.052216,0.56,-2.8,-0.42,-49
1786632835710,204532,Thigh,stand,-0.224968,0.972096,-0.052216,0.63,-2.94,-0.49,-49
1786632835710,204563,Thigh,stand,-0.223992,0.972096,-0.052704,0.7,-2.94,-0.49,-49
1786632835710,204580,Thigh,stand,-0.223504,0.973072,-0.049288,0.7,-2.73,-0.42,-49
1786632835710,204597,Thigh,stand,-0.225456,0.972584,-0.048312,0.7,-2.66,-0.35,-49
1786632835710,204614,Thigh,stand,-0.22692,0.971608,-0.045872,0.7,-2.59,-0.35,-49
1786632835710,204631,Thigh,stand,-0.227896,0.970632,-0.047336,0.7,-2.66,-0.42,-49
1786632836127,204861,Thigh,stand,-0.231312,0.970632,-0.045872,0.98,-2.03,-0.07,-46
1786632836127,204892,Thigh,stand,-0.230336,0.972584,-0.044896,0.98,-1.82,-0.07,-46
1786632836127,204909,Thigh,stand,-0.227408,0.97356,-0.044896,0.84,-1.89,-0.14,-46
1786632836127,204926,Thigh,stand,-0.227408,0.970632,-0.046848,0.63,-2.17,-0.14,-46
1786632836127,204943,Thigh,stand,-0.225456,0.969656,-0.049776,0.7,-2.03,-0.21,-46
1786632836127,204974,Thigh,stand,-0.223992,0.971608,-0.051728,1.05,-1.89,-0.07,-46
1786632836127,204991,Thigh,stand,-0.220088,0.97112,-0.050264,1.12,-1.82,0,-46
1786632836127,205008,Thigh,stand,-0.220088,0.972584,-0.047824,0.98,-1.82,0.07,-46
1786632836127,205025,Thigh,stand,-0.221552,0.974536,-0.047336,1.05,-2.17,0,-46
1786632836127,205042,Thigh,stand,-0.226432,0.975024,-0.046848,0.98,-2.31,-0.07,-46
1786632836482,205218,Thigh,stand,-0.22204,0.976,-0.049288,0.91,-2.38,-0.07,-47
1786632836482,205250,Thigh,stand,-0.22692,0.976,-0.049776,0.42,-3.22,-0.21,-47
1786632836482,205266,Thigh,stand,-0.228384,0.970144,-0.048312,0.35,-3.43,-0.21,-47
1786632836482,205283,Thigh,stand,-0.230824,0.970632,-0.047336,0.63,-3.5,-0.21,-47
1786632836482,205300,Thigh,stand,-0.227896,0.971608,-0.050264,0.77,-3.78,-0.14,-47
1786632836482,205331,Thigh,stand,-0.226432,0.970632,-0.056608,0.84,-3.43,-0.35,-47
1786632836482,205348,Thigh,stand,-0.223016,0.974536,-0.054656,0.77,-3.64,-0.35,-47
1786632836482,205365,Thigh,stand,-0.223504,0.974536,-0.051728,0.84,-3.99,-0.35,-47
1786632836482,205382,Thigh,stand,-0.225456,0.975024,-0.05124,0.7,-4.2,-0.35,-47
1786632836482,205399,Thigh,stand,-0.225944,0.972584,-0.047336,0.56,-4.41,-0.35,-47
1786632836839,205576,Thigh,stand,-0.23668,0.97112,-0.035624,0,-7.77,-0.7,-45
1786632836839,205606,Thigh,stand,-0.231312,0.972584,-0.035136,-0.07,-8.19,-0.84,-45
1786632836839,205624,Thigh,stand,-0.227896,0.975024,-0.032696,-0.14,-8.19,-0.98,-45
1786632836839,205640,Thigh,stand,-0.22692,0.973072,-0.032208,-0.35,-8.26,-0.98,-45
1786632836839,205657,Thigh,stand,-0.22204,0.973072,-0.029768,-0.35,-8.12,-1.19,-45
1786632836839,205688,Thigh,stand,-0.223992,0.970632,-0.030744,-0.98,-7.98,-1.12,-45
1786632836839,205705,Thigh,stand,-0.22448,0.969656,-0.030744,-0.98,-8.26,-1.12,-45
1786632836839,205722,Thigh,stand,-0.227408,0.970632,-0.030256,-0.84,-8.4,-1.12,-45
1786632836839,205739,Thigh,stand,-0.22936,0.970632,-0.028304,-0.63,-8.4,-1.12,-45
1786632836839,205756,Thigh,stand,-0.229848,0.970632,-0.024888,-0.35,-8.68,-1.26,-45
1786632837202,205934,Thigh,stand,-0.232776,0.97112,-0.015128,0.14,-6.3,-1.12,-44
1786632837202,205964,Thigh,stand,-0.229848,0.971608,-0.015616,0.35,-5.25,-1.05,-44
1786632837202,205982,Thigh,stand,-0.228872,0.970632,-0.018544,0.35,-4.76,-0.98,-44
1786632837202,206000,Thigh,stand,-0.228872,0.97112,-0.01708,0.49,-4.41,-0.84,-44
1786632837202,206016,Thigh,stand,-0.231312,0.971608,-0.016592,0.42,-4.27,-0.84,-44
1786632837202,206047,Thigh,stand,-0.237168,0.969168,-0.015616,0.77,-3.71,-0.7,-44
1786632837202,206064,Thigh,stand,-0.238144,0.969656,-0.015616,0.77,-3.64,-0.7,-44
1786632837202,206081,Thigh,stand,-0.237168,0.97112,-0.015128,1.12,-3.43,-0.63,-44
1786632837202,206098,Thigh,stand,-0.237656,0.972096,-0.015616,1.26,-3.43,-0.7,-44
1786632837202,206115,Thigh,stand,-0.238144,0.966728,-0.017568,1.12,-3.36,-0.56,-44
1786632837742,206292,Thigh,stand,-0.242536,0.971608,-0.012688,0.98,-1.19,-0.56,-44
1786632837742,206324,Thigh,stand,-0.244976,0.972096,-0.010736,0.98,-1.61,-0.7,-44
1786632837742,206341,Thigh,stand,-0.244488,0.972096,-0.011712,0.91,-1.75,-0.63,-44
1786632837742,206357,Thigh,stand,-0.24644,0.973072,-0.0122,0.84,-1.68,-0.63,-44
1786632837742,206374,Thigh,stand,-0.250344,0.975024,-0.0122,0.56,-1.47,-0.56,-44
1786632837742,206405,Thigh,stand,-0.25864,0.97356,-0.008784,0.14,-2.31,-0.49,-44
1786632837742,206422,Thigh,stand,-0.262056,0.97112,-0.002928,-0.14,-2.45,-0.56,-44
1786632837742,206439,Thigh,stand,-0.258152,0.96868,0.002928,-0.07,-2.59,-0.7,-44
1786632837742,206456,Thigh,stand,-0.255224,0.972584,0.00244,0.07,-2.24,-0.98,-44
1786632837742,206473,Thigh,stand,-0.254248,0.97356,-0.003416,-0.14,-2.03,-1.12,-44
1786632837998,206649,Thigh,stand,-0.231312,0.967216,-0.020008,1.12,-1.61,-0.14,-44
1786632837998,206680,Thigh,stand,-0.235216,0.968192,-0.015128,1.19,-1.75,-0.07,-44
1786632837998,206697,Thigh,stand,-0.23912,0.972584,-0.00976,1.47,-1.89,-0.14,-44
1786632837998,206713,Thigh,stand,-0.241072,0.974048,-0.005368,1.47,-2.1,-0.21,-44
1786632837998,206729,Thigh,stand,-0.240584,0.975024,-0.003416,1.33,-2.24,-0.42,-44
1786632837998,206760,Thigh,stand,-0.23912,0.974048,-0.003904,0.91,-2.38,-0.49,-44
1786632837998,206777,Thigh,stand,-0.239608,0.975024,-0.005368,0.91,-2.38,-0.63,-44
1786632837998,206794,Thigh,stand,-0.23912,0.974536,-0.007808,0.56,-2.38,-0.77,-44
1786632837998,206811,Thigh,stand,-0.23668,0.97356,-0.00732,0.42,-2.31,-0.84,-44
1786632837998,206842,Thigh,stand,-0.235216,0.969168,-0.009272,0.56,-2.31,-0.91,-44
1786632838305,207020,Thigh,stand,-0.245464,0.964776,-0.01952,1.89,-3.08,-0.28,-46
1786632838305,207051,Thigh,stand,-0.247416,0.97356,-0.010248,2.1,-3.01,-0.42,-46
1786632838305,207068,Thigh,stand,-0.24888,0.97112,-0.009272,2.1,-2.94,-0.42,-46
1786632838305,207093,Thigh,stand,-0.244488,0.973072,-0.0122,2.03,-2.94,-0.42,-46
1786632838305,207110,Thigh,stand,-0.244488,0.972096,-0.013664,1.75,-3.01,-0.42,-46
1786632838305,207127,Thigh,stand,-0.243024,0.971608,-0.014152,1.54,-3.15,-0.49,-46
1786632838305,207144,Thigh,stand,-0.242536,0.972584,-0.013664,1.19,-3.15,-0.49,-46
1786632838305,207161,Thigh,stand,-0.24644,0.970632,-0.013176,1.12,-3.08,-0.56,-46
1786632838305,207192,Thigh,stand,-0.247416,0.970144,-0.015128,1.12,-3.15,-0.49,-46
1786632838305,207209,Thigh,stand,-0.247904,0.968192,-0.016592,1.05,-3.15,-0.49,-46
1786632838708,207387,Thigh,stand,-0.247416,0.970144,-0.01464,1.54,-2.38,-0.21,-47
1786632838708,207418,Thigh,stand,-0.246928,0.969656,-0.014152,1.54,-2.59,-0.35,-47
1786632838708,207434,Thigh,stand,-0.245952,0.970144,-0.011712,1.4,-2.66,-0.35,-47
1786632838708,207451,Thigh,stand,-0.24644,0.97112,-0.010248,1.4,-2.59,-0.28,-47
1786632838708,207468,Thigh,stand,-0.249856,0.968192,-0.013176,1.33,-2.38,-0.28,-47
1786632838708,207499,Thigh,stand,-0.247904,0.96868,-0.017568,1.54,-2.24,-0.21,-47
1786632838708,207516,Thigh,stand,-0.246928,0.970144,-0.017568,1.47,-2.17,-0.28,-47
1786632838708,207533,Thigh,stand,-0.245464,0.970632,-0.015616,1.47,-1.96,-0.21,-47
1786632838708,207550,Thigh,stand,-0.243512,0.970632,-0.016104,1.47,-1.68,-0.21,-47
1786632838708,207567,Thigh,stand,-0.244,0.96868,-0.015616,1.33,-1.61,-0.14,-47
1786632839176,207745,Thigh,stand,-0.243512,0.966728,-0.013176,1.61,-2.52,-0.21,-47
1786632839176,207776,Thigh,stand,-0.240096,0.970632,-0.014152,1.75,-2.1,-0.35,-47
1786632839176,207793,Thigh,stand,-0.242536,0.97356,-0.01464,1.61,-1.75,-0.35,-47
1786632839176,207810,Thigh,stand,-0.244,0.970144,-0.012688,1.4,-1.82,-0.35,-47
1786632839176,207826,Thigh,stand,-0.244976,0.969168,-0.010736,1.47,-1.96,-0.49,-47
1786632839176,207857,Thigh,stand,-0.247904,0.969656,-0.012688,1.47,-1.96,-0.42,-47
1786632839176,207874,Thigh,stand,-0.246928,0.969656,-0.015616,1.61,-2.1,-0.49,-47
1786632839176,207891,Thigh,stand,-0.244488,0.967704,-0.016104,1.68,-2.24,-0.35,-47
1786632839176,207908,Thigh,stand,-0.243512,0.967704,-0.01952,1.61,-2.31,-0.35,-47
1786632839176,207925,Thigh,stand,-0.24644,0.965752,-0.01952,1.75,-2.38,-0.35,-47
1786632839470,208101,Thigh,stand,-0.250344,0.97112,-0.016104,2.31,-2.31,0,-46
1786632839470,208132,Thigh,stand,-0.25376,0.969656,-0.013664,2.17,-2.59,0,-46
1786632839470,208149,Thigh,stand,-0.254736,0.970144,-0.014152,2.1,-2.52,0,-46
1786632839470,208166,Thigh,stand,-0.255224,0.971608,-0.014152,2.1,-2.45,-0.07,-46
1786632839470,208183,Thigh,stand,-0.255712,0.969168,-0.014152,1.82,-2.45,-0.07,-46
1786632839470,208213,Thigh,stand,-0.253272,0.970144,-0.013664,1.75,-2.31,-0.21,-46
1786632839470,208230,Thigh,stand,-0.24888,0.971608,-0.01464,1.75,-2.24,-0.21,-46
1786632839470,208246,Thigh,stand,-0.247416,0.972584,-0.016104,1.54,-2.24,-0.21,-46
1786632839470,208263,Thigh,stand,-0.248392,0.969168,-0.017568,1.19,-2.45,-0.14,-46
1786632839470,208294,Thigh,stand,-0.247416,0.967216,-0.019032,1.33,-2.52,-0.21,-46
1786632839740,208470,Thigh,stand,-0.24156,0.970632,-0.022936,2.17,-2.03,0.21,-48
1786632839740,208501,Thigh,stand,-0.241072,0.97112,-0.020984,1.89,-2.03,0.21,-48
1786632839740,208518,Thigh,stand,-0.245952,0.96868,-0.01708,1.89,-1.96,0.14,-48
1786632839740,208535,Thigh,stand,-0.245952,0.970632,-0.015616,1.96,-1.96,0.14,-48
1786632839740,208552,Thigh,stand,-0.245464,0.970632,-0.018544,1.89,-2.03,0,-48
1786632839740,208582,Thigh,stand,-0.244976,0.970144,-0.0244,1.75,-2.03,-0.07,-48
1786632839740,208599,Thigh,stand,-0.245464,0.972584,-0.025376,1.54,-2.03,-0.14,-48
1786632839740,208616,Thigh,stand,-0.245952,0.971608,-0.022448,1.26,-2.03,-0.21,-48
1786632839740,208633,Thigh,stand,-0.245952,0.970144,-0.01952,1.26,-1.89,-0.28,-48
1786632839740,208650,Thigh,stand,-0.245952,0.970632,-0.021472,1.33,-1.82,-0.35,-48
1786632840303,208827,Thigh,stand,-0.246928,0.970144,-0.020984,1.47,-2.45,-0.28,-49
1786632840303,208858,Thigh,stand,-0.245952,0.970632,-0.022936,1.26,-2.52,-0.21,-49
1786632840303,208875,Thigh,stand,-0.245464,0.969168,-0.023424,1.26,-2.59,-0.28,-49
1786632840303,208892,Thigh,stand,-0.244976,0.969656,-0.024888,1.4,-2.59,-0.35,-49
1786632840303,208909,Thigh,stand,-0.245464,0.969656,-0.024888,1.33,-2.45,-0.28,-49
1786632840303,208940,Thigh,stand,-0.24644,0.969168,-0.025864,1.33,-2.31,-0.21,-49
1786632840303,208957,Thigh,stand,-0.24644,0.969168,-0.026352,1.4,-2.52,-0.21,-49
1786632840303,208973,Thigh,stand,-0.248392,0.970632,-0.026352,1.33,-2.73,-0.28,-49
1786632840303,208990,Thigh,stand,-0.247416,0.968192,-0.025864,1.33,-2.8,-0.28,-49
1786632840303,209007,Thigh,stand,-0.24644,0.96868,-0.0244,1.33,-2.8,-0.28,-49
1786632840456,209184,Thigh,stand,-0.245952,0.967704,-0.025864,1.47,-2.94,-0.14,-50
1786632840456,209215,Thigh,stand,-0.245464,0.968192,-0.024888,1.47,-2.8,-0.07,-50
1786632840456,209232,Thigh,stand,-0.246928,0.968192,-0.023912,1.54,-2.94,0,-50
1786632840456,209249,Thigh,stand,-0.247416,0.971608,-0.02196,1.54,-3.01,-0.07,-50
1786632840456,209266,Thigh,stand,-0.247904,0.970144,-0.018544,1.4,-2.87,-0.14,-50
1786632840456,209297,Thigh,stand,-0.247904,0.970632,-0.018544,1.26,-2.59,-0.28,-50
1786632840456,209314,Thigh,stand,-0.247416,0.96868,-0.020008,1.05,-2.59,-0.28,-50
1786632840456,209331,Thigh,stand,-0.245952,0.967216,-0.02196,1.12,-2.59,-0.28,-50
1786632840456,209347,Thigh,stand,-0.24644,0.969656,-0.021472,1.12,-2.59,-0.28,-50
1786632840456,209364,Thigh,stand,-0.246928,0.96868,-0.023424,1.05,-2.52,-0.28,-50
1786632840814,209541,Thigh,stand,-0.245464,0.970632,-0.023424,1.19,-2.38,-0.21,-50
1786632840814,209572,Thigh,stand,-0.243512,0.969168,-0.022936,1.05,-2.31,-0.14,-50
1786632840814,209589,Thigh,stand,-0.242536,0.969656,-0.02684,0.98,-2.45,-0.14,-50
1786632840814,209606,Thigh,stand,-0.244976,0.969168,-0.028304,0.91,-2.59,-0.21,-50
1786632840814,209623,Thigh,stand,-0.245952,0.969168,-0.028304,0.91,-2.52,-0.21,-50
1786632840814,209654,Thigh,stand,-0.247416,0.96868,-0.023424,1.05,-2.66,-0.21,-50
1786632840814,209671,Thigh,stand,-0.245952,0.967704,-0.023912,1.12,-2.52,-0.21,-50
1786632840814,209688,Thigh,stand,-0.243512,0.96868,-0.024888,1.19,-2.38,-0.14,-50
1786632840814,209705,Thigh,stand,-0.245464,0.96868,-0.024888,1.19,-2.24,-0.14,-50
1786632840814,209722,Thigh,stand,-0.246928,0.96868,-0.0244,1.05,-2.45,-0.07,-50
1786632841240,209898,Thigh,stand,-0.247416,0.969168,-0.023424,0.77,-2.31,-0.28,-53
1786632841240,209929,Thigh,stand,-0.249368,0.970144,-0.024888,0.91,-2.73,-0.35,-53
1786632841240,209946,Thigh,stand,-0.24888,0.969656,-0.025376,0.77,-3.08,-0.28,-53
1786632841240,209963,Thigh,stand,-0.245952,0.969656,-0.0244,0.77,-3.08,-0.21,-53
1786632841240,209980,Thigh,stand,-0.245464,0.969656,-0.0244,0.77,-3.01,-0.28,-53
1786632841240,210011,Thigh,stand,-0.244976,0.967704,-0.020984,0.7,-2.38,-0.28,-53
1786632841240,210028,Thigh,stand,-0.248392,0.966728,-0.022448,0.91,-2.52,-0.21,-53
1786632841240,210045,Thigh,stand,-0.24644,0.969656,-0.024888,0.77,-2.8,-0.21,-53
1786632841240,210062,Thigh,stand,-0.244976,0.968192,-0.024888,0.77,-2.8,-0.21,-53
1786632841240,210079,Thigh,stand,-0.24644,0.969168,-0.020496,0.63,-2.73,-0.14,-53
1786632841529,210254,Thigh,stand,-0.25132,0.970632,-0.01952,0.35,-3.85,-0.21,-53
1786632841529,210285,Thigh,stand,-0.251808,0.967704,-0.018056,0.28,-3.92,-0.21,-53
1786632841529,210302,Thigh,stand,-0.25132,0.96868,-0.015128,0.35,-4.13,-0.21,-53
1786632841529,210319,Thigh,stand,-0.24644,0.970632,-0.011712,0.56,-4.27,-0.28,-53
1786632841529,210336,Thigh,stand,-0.245952,0.970144,-0.013176,0.42,-3.99,-0.14,-53
1786632841529,210367,Thigh,stand,-0.246928,0.969168,-0.016104,0.28,-3.71,0,-53
1786632841529,210384,Thigh,stand,-0.249368,0.967216,-0.015616,0.28,-3.57,-0.07,-53
1786632841529,210401,Thigh,stand,-0.247904,0.967704,-0.015128,0.49,-3.36,-0.14,-53
1786632841529,210418,Thigh,stand,-0.244976,0.967704,-0.015616,0.56,-3.5,-0.07,-53
1786632841529,210435,Thigh,stand,-0.245952,0.968192,-0.01464,0.7,-3.57,0.07,-53
1786632841887,210611,Thigh,stand,-0.24644,0.969168,-0.008296,0.7,-4.62,0.14,-48
1786632841887,210642,Thigh,stand,-0.24644,0.971608,-0.009272,0.84,-4.34,0.14,-48
1786632841887,210660,Thigh,stand,-0.245952,0.97112,-0.00732,0.77,-4.41,0.21,-48
1786632841887,210677,Thigh,stand,-0.246928,0.969168,-0.006832,0.77,-4.55,0.14,-48
1786632841887,210694,Thigh,stand,-0.247416,0.967704,-0.00488,0.84,-4.76,0.14,-48
1786632841887,210725,Thigh,stand,-0.24644,0.97112,-0.00488,1.12,-4.41,0.07,-48
1786632841887,210742,Thigh,stand,-0.24644,0.97112,-0.007808,0.98,-4.13,0,-48
1786632841887,210759,Thigh,stand,-0.24644,0.972584,-0.00732,0.84,-3.78,0,-48
1786632841887,210776,Thigh,stand,-0.247416,0.971608,-0.005368,0.56,-3.71,-0.07,-48
1786632841887,210793,Thigh,stand,-0.247904,0.972584,-0.000976,0.63,-3.57,-0.21,-48
1786632842241,210967,Thigh,stand,-0.244,0.96868,-0.000976,1.12,-3.85,0.07,-47
1786632842241,210998,Thigh,stand,-0.246928,0.971608,-0.002928,1.4,-3.78,-0.14,-47
1786632842241,211015,Thigh,stand,-0.24644,0.971608,-0.001952,1.47,-3.64,-0.14,-47
1786632842241,211032,Thigh,stand,-0.245952,0.970632,-0.001464,1.33,-3.5,-0.21,-47
1786632842241,211049,Thigh,stand,-0.244,0.966728,-0.002928,1.33,-3.08,-0.21,-47
1786632842241,211080,Thigh,stand,-0.24156,0.97112,-0.003904,1.33,-2.87,-0.21,-47
1786632842241,211097,Thigh,stand,-0.244976,0.971608,-0.001464,1.33,-2.8,-0.21,-47
1786632842241,211114,Thigh,stand,-0.247416,0.970632,0,1.19,-2.94,-0.21,-47
1786632842241,211131,Thigh,stand,-0.247904,0.968192,0.001464,1.33,-3.01,-0.21,-47
1786632842241,211148,Thigh,stand,-0.246928,0.968192,0.001464,1.4,-2.87,-0.28,-47
1786632842596,211322,Thigh,stand,-0.254736,0.96868,-0.005368,1.54,-2.1,-0.28,-47
1786632842596,211353,Thigh,stand,-0.250344,0.969656,-0.004392,1.61,-1.82,-0.21,-47
1786632842596,211370,Thigh,stand,-0.249368,0.967216,-0.006832,1.47,-1.75,-0.07,-47
1786632842596,211387,Thigh,stand,-0.24644,0.964288,-0.009272,1.82,-2.03,0,-47
1786632842596,211404,Thigh,stand,-0.245952,0.964776,-0.009272,2.24,-2.31,-0.07,-47
1786632842596,211435,Thigh,stand,-0.240584,0.969168,-0.007808,2.59,-2.31,0.07,-47
1786632842596,211452,Thigh,stand,-0.242048,0.969168,-0.003904,2.59,-2.24,0.28,-47
1786632842596,211469,Thigh,stand,-0.242536,0.970632,-0.003904,2.52,-2.24,0.21,-47
1786632842596,211486,Thigh,stand,-0.245464,0.969656,0,2.38,-2.17,0.21,-47
1786632842596,211503,Thigh,stand,-0.246928,0.970632,0,2.59,-2.24,0.14,-47
1786632842973,211677,Thigh,stand,-0.245464,0.967216,-0.013664,2.31,-2.66,-0.07,-47
1786632842973,211708,Thigh,stand,-0.244976,0.969656,-0.011224,2.52,-1.75,0.07,-47
1786632842973,211725,Thigh,stand,-0.244488,0.97112,-0.010248,2.52,-1.33,0,-47
1786632842973,211742,Thigh,stand,-0.243512,0.97112,-0.011712,2.31,-1.54,0,-47
1786632842973,211759,Thigh,stand,-0.241072,0.97112,-0.014152,2.24,-1.96,-0.14,-47
1786632842973,211790,Thigh,stand,-0.241072,0.969168,-0.012688,2.17,-2.03,0,-47
1786632842973,211807,Thigh,stand,-0.244976,0.970632,-0.0122,2.1,-1.75,0.07,-47
1786632842973,211824,Thigh,stand,-0.245952,0.969168,-0.016104,2.17,-1.75,0.14,-47
1786632842973,211841,Thigh,stand,-0.245464,0.96868,-0.016592,2.17,-1.68,0.07,-47
1786632842973,211858,Thigh,stand,-0.246928,0.96868,-0.01708,2.1,-1.75,-0.07,-47
1786632843325,212033,Thigh,stand,-0.240584,0.969656,-0.013176,2.38,-0.84,0.14,-47
1786632843325,212064,Thigh,stand,-0.243024,0.967704,-0.014152,2.52,-0.56,-0.07,-47
1786632843325,212081,Thigh,stand,-0.244,0.970144,-0.015616,2.52,-0.35,-0.14,-47
1786632843325,212098,Thigh,stand,-0.245464,0.976,-0.01708,2.31,-0.07,-0.14,-47
1786632843325,212115,Thigh,stand,-0.247416,0.976488,-0.015616,1.89,0,-0.14,-47
1786632843325,212146,Thigh,stand,-0.2562,0.968192,-0.011224,1.47,-0.56,-0.21,-47
1786632843325,212163,Thigh,stand,-0.26108,0.972096,-0.0122,1.47,-0.84,-0.42,-47
1786632843325,212180,Thigh,stand,-0.25864,0.971608,-0.01464,1.4,-0.84,-0.49,-47
1786632843325,212197,Thigh,stand,-0.252784,0.97112,-0.017568,1.61,-0.77,-0.42,-47
1786632843325,212214,Thigh,stand,-0.250344,0.971608,-0.022936,1.33,-1.05,-0.35,-47
1786632843765,212390,Thigh,stand,-0.239608,0.965264,-0.025376,2.38,-3.15,0.42,-47
1786632843765,212420,Thigh,stand,-0.244976,0.97356,-0.013664,2.66,-2.87,0.49,-47
1786632843765,212437,Thigh,stand,-0.246928,0.974048,-0.008784,2.17,-2.8,0.35,-47
1786632843765,212454,Thigh,stand,-0.247416,0.974048,-0.009272,1.82,-3.22,0.21,-47
1786632843765,212471,Thigh,stand,-0.24888,0.974536,-0.008784,1.68,-3.36,-0.14,-47
1786632843765,212502,Thigh,stand,-0.245464,0.976488,-0.01464,0.98,-3.01,-0.42,-47
1786632843765,212519,Thigh,stand,-0.24644,0.975512,-0.017568,0.63,-2.59,-0.42,-47
1786632843765,212536,Thigh,stand,-0.244488,0.970144,-0.020496,0.42,-2.73,-0.49,-47
1786632843765,212553,Thigh,stand,-0.245952,0.96624,-0.026352,0.28,-3.43,-0.56,-47
1786632843765,212570,Thigh,stand,-0.24156,0.962824,-0.02928,0.7,-4.06,-0.56,-47
1786632844106,212747,Thigh,stand,-0.257664,0.972584,-0.013176,0.84,-2.38,-0.56,-47
1786632844106,212777,Thigh,stand,-0.244976,0.97112,-0.019032,0.91,-3.36,-0.84,-47
1786632844106,212794,Thigh,stand,-0.242048,0.969168,-0.020984,0.91,-3.29,-0.7,-47
1786632844106,212811,Thigh,stand,-0.238144,0.970144,-0.0244,0.84,-3.08,-0.63,-47
1786632844106,212828,Thigh,stand,-0.238632,0.967216,-0.025376,0.7,-2.38,-0.42,-47
1786632844106,212860,Thigh,stand,-0.244976,0.96868,-0.025376,0.91,-2.59,-0.49,-47
1786632844106,212877,Thigh,stand,-0.24644,0.964288,-0.0244,1.05,-2.66,-0.49,-47
1786632844106,212894,Thigh,stand,-0.245464,0.96624,-0.023912,1.47,-2.31,-0.49,-47
1786632844106,212911,Thigh,stand,-0.247416,0.967216,-0.024888,1.54,-1.75,-0.42,-47
1786632844106,212928,Thigh,stand,-0.245464,0.973072,-0.022936,1.96,-1.54,-0.42,-47
1786632844387,213105,Thigh,stand,-0.23668,0.97356,-0.02928,0.98,-2.45,-0.42,-50
1786632844387,213135,Thigh,stand,-0.247416,0.968192,-0.027328,0.42,-3.01,-0.07,-50
1786632844387,213152,Thigh,stand,-0.254248,0.969656,-0.026352,0.28,-3.36,-0.07,-50
1786632844387,213169,Thigh,stand,-0.259128,0.967216,-0.028792,0.35,-3.71,-0.14,-50
1786632844387,213186,Thigh,stand,-0.262056,0.968192,-0.027816,0.63,-3.57,-0.21,-50
1786632844387,213217,Thigh,stand,-0.251808,0.967704,-0.027816,0.91,-2.94,-0.21,-50
1786632844387,213234,Thigh,stand,-0.243024,0.966728,-0.022936,0.84,-2.45,-0.14,-50
1786632844387,213251,Thigh,stand,-0.23912,0.967704,-0.019032,1.05,-2.17,0,-50
1786632844387,213268,Thigh,stand,-0.239608,0.968192,-0.01708,1.12,-2.1,0,-50
1786632844387,213285,Thigh,stand,-0.242536,0.96868,-0.018544,1.12,-1.89,0.07,-50
1786632844744,213461,Thigh,stand,-0.245464,0.967216,-0.016592,0.77,-2.45,0,-49
1786632844744,213491,Thigh,stand,-0.245464,0.967704,-0.018544,1.05,-2.45,0.14,-49
1786632844744,213509,Thigh,stand,-0.242048,0.967704,-0.016592,1.4,-2.52,0.14,-49
1786632844744,213525,Thigh,stand,-0.243512,0.972096,-0.01708,1.54,-2.8,0.14,-49
1786632844744,213543,Thigh,stand,-0.244488,0.972584,-0.016104,1.19,-3.08,0.14,-49
1786632844744,213574,Thigh,stand,-0.247416,0.972096,-0.013664,0.84,-3.15,0,-49
1786632844744,213591,Thigh,stand,-0.248392,0.97112,-0.013176,0.7,-3.22,-0.14,-49
1786632844744,213608,Thigh,stand,-0.248392,0.97112,-0.013176,0.77,-3.36,-0.14,-49
1786632844744,213625,Thigh,stand,-0.245952,0.966728,-0.016104,0.77,-3.43,-0.21,-49
1786632844744,213642,Thigh,stand,-0.243024,0.968192,-0.018056,1.05,-3.64,-0.28,-49
1786632845102,213818,Thigh,stand,-0.24156,0.967216,-0.02684,0.7,-4.9,-0.14,-47
1786632845102,213849,Thigh,stand,-0.234728,0.966728,-0.023912,1.05,-4.62,0.07,-47
1786632845102,213866,Thigh,stand,-0.232776,0.9638,-0.020008,1.54,-4.06,0.21,-47
1786632845102,213883,Thigh,stand,-0.232288,0.964776,-0.019032,1.96,-3.5,0.35,-47
1786632845102,213899,Thigh,stand,-0.233264,0.969168,-0.013176,2.03,-3.43,0.42,-47
1786632845102,213930,Thigh,stand,-0.240584,0.97112,0,2.24,-3.5,0.63,-47
1786632845102,213947,Thigh,stand,-0.247416,0.975024,0.002928,2.1,-3.57,0.7,-47
1786632845102,213964,Thigh,stand,-0.255712,0.975024,0.004392,1.68,-3.92,0.56,-47
1786632845102,213981,Thigh,stand,-0.260104,0.976976,0.005368,1.33,-4.06,0.28,-47
1786632845102,213998,Thigh,stand,-0.26108,0.97844,-0.001464,0.77,-3.99,-0.14,-47
1786632845461,214173,Thigh,stand,-0.237656,0.9638,-0.016592,1.19,-3.15,0.14,-47
1786632845461,214204,Thigh,stand,-0.24644,0.969656,-0.005368,1.68,-3.57,0.28,-47
1786632845461,214221,Thigh,stand,-0.25132,0.970632,-0.004392,1.68,-3.64,0.28,-47
1786632845461,214237,Thigh,stand,-0.252784,0.970144,-0.003904,1.4,-3.78,0.21,-47
1786632845461,214255,Thigh,stand,-0.24888,0.971608,-0.003416,1.4,-3.85,-0.07,-47
1786632845461,214285,Thigh,stand,-0.244488,0.975024,0.000488,1.12,-3.64,-0.28,-47
1786632845461,214302,Thigh,stand,-0.239608,0.973072,0.001952,0.98,-3.22,-0.35,-47
1786632845461,214319,Thigh,stand,-0.23668,0.969656,-0.000976,0.91,-2.87,-0.49,-47
1786632845461,214336,Thigh,stand,-0.236192,0.969168,-0.00244,0.91,-2.52,-0.49,-47
1786632845461,214353,Thigh,stand,-0.238144,0.969656,-0.00488,0.91,-2.31,-0.49,-47
1786632845819,214530,Thigh,stand,-0.242048,0.967704,-0.004392,1.82,-2.45,-0.28,-47
1786632845819,214562,Thigh,stand,-0.245464,0.969656,-0.001952,2.1,-2.1,-0.14,-47
1786632845819,214579,Thigh,stand,-0.245952,0.969656,-0.003416,2.1,-2.1,-0.14,-47
1786632845819,214596,Thigh,stand,-0.24888,0.970144,-0.004392,2.03,-2.31,-0.21,-47
1786632845819,214612,Thigh,stand,-0.24888,0.971608,-0.003904,1.96,-2.31,-0.35,-47
1786632845819,214643,Thigh,stand,-0.247904,0.972096,-0.006344,1.89,-1.75,-0.21,-47
1786632845819,214660,Thigh,stand,-0.249856,0.969168,-0.00732,1.82,-1.61,-0.21,-47
1786632845819,214677,Thigh,stand,-0.250832,0.96624,-0.008784,1.89,-2.1,-0.28,-47
1786632845819,214694,Thigh,stand,-0.249368,0.967704,-0.010736,1.89,-2.45,-0.28,-47
1786632845819,214711,Thigh,stand,-0.246928,0.969168,-0.013664,1.96,-2.73,-0.35,-47
1786632846180,214889,Thigh,stand,-0.249368,0.970144,-0.006344,3.71,0.07,0.35,-48
1786632846180,214920,Thigh,stand,-0.256688,0.974048,-0.011712,3.5,0,0.28,-48
1786632846180,214937,Thigh,stand,-0.259616,0.974048,-0.011712,3.15,0.07,0.21,-48
1786632846180,214954,Thigh,stand,-0.262544,0.974536,-0.013176,2.73,-0.49,0.07,-48
1786632846180,214970,Thigh,stand,-0.264496,0.974048,-0.013176,2.45,-1.4,-0.07,-48
1786632846180,215001,Thigh,stand,-0.2562,0.970632,-0.015616,1.82,-2.8,-0.28,-48
1786632846180,215018,Thigh,stand,-0.252296,0.970144,-0.01708,1.68,-3.01,-0.49,-48
1786632846180,215035,Thigh,stand,-0.244488,0.973072,-0.021472,1.61,-3.01,-0.49,-48
1786632846180,215052,Thigh,stand,-0.233264,0.973072,-0.023424,1.47,-2.8,-0.63,-48
1786632846180,215069,Thigh,stand,-0.226432,0.973072,-0.027328,1.19,-2.59,-0.56,-48
1786632846533,215244,Thigh,stand,-0.243512,0.970632,-0.02196,1.68,-0.56,-0.21,-48
1786632846533,215276,Thigh,stand,-0.254248,0.970632,-0.022448,1.47,-1.12,-0.21,-48
1786632846533,215293,Thigh,stand,-0.255224,0.970144,-0.023912,1.54,-1.4,-0.35,-48
1786632846533,215310,Thigh,stand,-0.255224,0.969656,-0.028304,1.54,-1.54,-0.35,-48
1786632846533,215327,Thigh,stand,-0.251808,0.967704,-0.032208,1.47,-1.96,-0.35,-48
1786632846533,215357,Thigh,stand,-0.24644,0.968192,-0.032208,1.61,-2.38,-0.28,-48
1786632846533,215374,Thigh,stand,-0.243512,0.969168,-0.027816,1.47,-2.38,-0.14,-48
1786632846533,215391,Thigh,stand,-0.243024,0.970632,-0.025864,1.61,-2.38,-0.07,-48
1786632846533,215408,Thigh,stand,-0.243512,0.972096,-0.025376,1.4,-2.17,-0.07,-48
1786632846533,215425,Thigh,stand,-0.244,0.971608,-0.024888,1.33,-2.17,-0.14,-48
1786632846905,215602,Thigh,stand,-0.242536,0.969168,-0.0244,1.4,-3.71,-0.28,-48
1786632846905,215633,Thigh,stand,-0.244488,0.96868,-0.028792,1.4,-3.36,-0.07,-48
1786632846905,215649,Thigh,stand,-0.244976,0.969168,-0.031232,1.4,-3.15,-0.14,-48
1786632846905,215666,Thigh,stand,-0.242536,0.967216,-0.028304,1.26,-3.22,-0.28,-48
1786632846905,215683,Thigh,stand,-0.23912,0.966728,-0.021472,1.54,-3.08,-0.42,-48
1786632846905,215713,Thigh,stand,-0.241072,0.97112,-0.020496,1.61,-3.29,-0.14,-48
1786632846905,215730,Thigh,stand,-0.246928,0.972096,-0.024888,1.47,-3.36,-0.07,-48
1786632846905,215747,Thigh,stand,-0.249856,0.969168,-0.025864,1.26,-3.78,-0.14,-48
1786632846905,215764,Thigh,stand,-0.24888,0.964776,-0.025864,1.47,-3.99,-0.21,-48
1786632846905,215795,Thigh,stand,-0.240096,0.97112,-0.020496,1.89,-3.36,-0.21,-48
1786632847266,215972,Thigh,stand,-0.254736,0.971608,-0.01464,1.47,-1.89,-0.56,-50
1786632847266,216003,Thigh,stand,-0.254248,0.968192,-0.027328,1.33,-1.82,-0.63,-50
1786632847266,216020,Thigh,stand,-0.24888,0.967704,-0.02928,1.4,-1.75,-0.56,-50
1786632847266,216037,Thigh,stand,-0.247904,0.968192,-0.03172,1.47,-2.03,-0.56,-50
1786632847266,216054,Thigh,stand,-0.245952,0.967704,-0.03172,1.4,-2.52,-0.63,-50
1786632847266,216084,Thigh,stand,-0.242048,0.965752,-0.032696,1.47,-2.8,-0.28,-50
1786632847266,216101,Thigh,stand,-0.242048,0.964776,-0.029768,1.68,-2.59,-0.14,-50
1786632847266,216118,Thigh,stand,-0.244976,0.96624,-0.025376,1.96,-2.66,-0.07,-50
1786632847266,216135,Thigh,stand,-0.244,0.967704,-0.0244,2.17,-2.8,-0.07,-50
1786632847266,216152,Thigh,stand,-0.248392,0.969656,-0.027328,2.24,-2.8,-0.14,-50
1786632847618,216329,Thigh,stand,-0.243512,0.969168,-0.028304,1.26,-0.42,-0.21,-48
1786632847618,216360,Thigh,stand,-0.24644,0.968192,-0.02928,1.26,-1.12,-0.28,-48
1786632847618,216377,Thigh,stand,-0.246928,0.967704,-0.032208,1.4,-1.4,-0.28,-48
1786632847618,216394,Thigh,stand,-0.24644,0.969168,-0.036112,1.4,-1.33,-0.14,-48
1786632847618,216411,Thigh,stand,-0.24888,0.968192,-0.036112,1.4,-1.75,0.07,-48
1786632847618,216442,Thigh,stand,-0.248392,0.969168,-0.03416,1.4,-2.45,-0.07,-48
1786632847618,216458,Thigh,stand,-0.246928,0.967704,-0.032696,1.47,-2.8,-0.07,-48
1786632847618,216475,Thigh,stand,-0.245464,0.968192,-0.033184,1.47,-2.24,0,-48
1786632847618,216492,Thigh,stand,-0.24644,0.970632,-0.033184,1.4,-1.96,-0.07,-48
1786632847618,216509,Thigh,stand,-0.246928,0.96868,-0.032696,1.47,-1.68,0,-48
1786632847984,216684,Thigh,stand,-0.243024,0.96868,-0.031232,1.26,-3.08,-0.14,-48
1786632847984,216715,Thigh,stand,-0.243512,0.967704,-0.030256,1.4,-3.15,-0.14,-48
1786632847984,216732,Thigh,stand,-0.244488,0.970144,-0.030256,1.47,-3.08,-0.14,-48
1786632847984,216750,Thigh,stand,-0.244976,0.970632,-0.029768,1.47,-2.94,-0.14,-48
1786632847984,216767,Thigh,stand,-0.245464,0.970144,-0.028792,1.4,-2.94,-0.07,-48
1786632847984,216798,Thigh,stand,-0.245464,0.969168,-0.028304,1.19,-3.29,-0.14,-48
1786632847984,216815,Thigh,stand,-0.244488,0.969168,-0.027816,1.19,-3.43,-0.21,-48
1786632847984,216832,Thigh,stand,-0.248392,0.969168,-0.028792,1.12,-3.5,-0.21,-48
1786632847984,216848,Thigh,stand,-0.246928,0.969656,-0.030256,1.19,-3.22,-0.21,-48
1786632847984,216865,Thigh,stand,-0.245952,0.96868,-0.029768,1.26,-2.87,-0.28,-48
1786632848360,217044,Thigh,stand,-0.24156,0.96868,-0.028792,1.12,-2.03,-0.28,-48
1786632848360,217076,Thigh,stand,-0.24644,0.967216,-0.032208,1.05,-1.96,-0.21,-48
1786632848360,217093,Thigh,stand,-0.246928,0.969656,-0.030256,1.12,-1.82,-0.21,-48
1786632848360,217110,Thigh,stand,-0.247416,0.969168,-0.030256,1.12,-1.82,-0.21,-48
1786632848360,217127,Thigh,stand,-0.247904,0.96868,-0.030256,1.05,-1.96,-0.21,-48
1786632848360,217158,Thigh,stand,-0.249368,0.969656,-0.02928,1.05,-2.24,-0.21,-48
1786632848360,217175,Thigh,stand,-0.250344,0.96868,-0.029768,1.05,-2.31,-0.14,-48
1786632848360,217191,Thigh,stand,-0.250832,0.970144,-0.029768,1.05,-2.45,-0.14,-48
1786632848360,217208,Thigh,stand,-0.249368,0.968192,-0.030256,0.91,-2.59,-0.14,-48
1786632848360,217225,Thigh,stand,-0.247904,0.969168,-0.02928,0.91,-2.73,-0.21,-48
1786632848726,217402,Thigh,stand,-0.247904,0.970144,-0.026352,0.77,-2.52,-0.21,-48
1786632848726,217433,Thigh,stand,-0.242536,0.970144,-0.030744,0.7,-2.8,-0.21,-48
1786632848726,217450,Thigh,stand,-0.242048,0.96868,-0.031232,0.7,-2.66,-0.14,-48
1786632848726,217467,Thigh,stand,-0.23912,0.967704,-0.030256,0.7,-2.52,-0.07,-48
1786632848726,217484,Thigh,stand,-0.242048,0.96868,-0.025864,0.84,-2.38,0,-48
1786632848726,217515,Thigh,stand,-0.244976,0.968192,-0.027816,0.91,-2.59,0,-48
1786632848726,217532,Thigh,stand,-0.24644,0.969656,-0.02928,0.98,-2.8,-0.07,-48
1786632848726,217549,Thigh,stand,-0.246928,0.969656,-0.027816,0.98,-2.73,0,-48
1786632848726,217565,Thigh,stand,-0.247416,0.969168,-0.025376,0.98,-2.52,0.07,-48
1786632848726,217582,Thigh,stand,-0.246928,0.96868,-0.0244,0.91,-2.45,0,-48
1786632849116,217758,Thigh,stand,-0.249856,0.969656,-0.024888,0.91,-2.73,-0.07,-48
1786632849116,217789,Thigh,stand,-0.247416,0.96868,-0.02196,0.91,-2.52,-0.07,-48
1786632849116,217806,Thigh,stand,-0.247416,0.970632,-0.020984,0.77,-2.59,-0.14,-48
1786632849116,217823,Thigh,stand,-0.245952,0.970144,-0.021472,0.77,-2.8,-0.14,-48
1786632849116,217840,Thigh,stand,-0.244976,0.970632,-0.022936,0.7,-2.87,-0.07,-48
1786632849116,217871,Thigh,stand,-0.246928,0.969656,-0.024888,0.49,-2.66,-0.14,-48
1786632849116,217888,Thigh,stand,-0.247416,0.969168,-0.023912,0.63,-2.66,-0.21,-48
1786632849116,217905,Thigh,stand,-0.245952,0.970144,-0.0244,0.63,-2.66,-0.14,-48
1786632849116,217922,Thigh,stand,-0.246928,0.970144,-0.023424,0.56,-2.66,-0.07,-48
1786632849116,217938,Thigh,stand,-0.246928,0.970144,-0.023912,0.42,-2.87,-0.07,-48
1786632849413,218115,Thigh,stand,-0.247416,0.969656,-0.01708,0.63,-2.24,0,-48
1786632849413,218146,Thigh,stand,-0.252296,0.973072,-0.01708,0.56,-2.66,-0.07,-48
1786632849413,218163,Thigh,stand,-0.255224,0.970632,-0.01952,0.35,-3.01,-0.21,-48
1786632849413,218180,Thigh,stand,-0.254736,0.972584,-0.020496,0.28,-3.36,-0.28,-48
1786632849413,218197,Thigh,stand,-0.25376,0.972584,-0.021472,0.21,-3.71,-0.35,-48
1786632849413,218228,Thigh,stand,-0.247416,0.969656,-0.01952,0.07,-4.62,-0.14,-48
1786632849413,218245,Thigh,stand,-0.245952,0.969168,-0.018544,-0.07,-4.62,-0.07,-48
1786632849413,218262,Thigh,stand,-0.243512,0.966728,-0.016592,0.07,-4.62,0,-48
1786632849413,218279,Thigh,stand,-0.244488,0.968192,-0.015128,0.21,-4.62,-0.07,-48
1786632849413,218296,Thigh,stand,-0.245464,0.97112,-0.011224,0.14,-4.27,-0.14,-48
1786632849770,218472,Thigh,stand,-0.243024,0.96868,-0.00732,0,-3.99,-0.14,-49
1786632849770,218503,Thigh,stand,-0.242536,0.97112,-0.003416,0.21,-4.2,-0.21,-49
1786632849770,218520,Thigh,stand,-0.242536,0.97112,-0.003416,0.21,-3.92,-0.14,-49
1786632849770,218537,Thigh,stand,-0.243512,0.970144,-0.00244,0.21,-3.78,-0.21,-49
1786632849770,218554,Thigh,stand,-0.242536,0.970144,-0.000976,0.28,-3.29,-0.28,-49
1786632849770,218585,Thigh,stand,-0.244488,0.971608,0.000488,0.28,-2.8,-0.42,-49
1786632849770,218602,Thigh,stand,-0.242536,0.972584,-0.000976,0.14,-2.31,-0.42,-49
1786632849770,218619,Thigh,stand,-0.243512,0.97356,-0.000976,-0.21,-1.96,-0.49,-49
1786632849770,218636,Thigh,stand,-0.247416,0.974048,-0.000488,-0.28,-1.89,-0.56,-49
1786632849770,218653,Thigh,stand,-0.248392,0.971608,-0.001952,-0.56,-2.17,-0.63,-49
1786632850126,218828,Thigh,stand,-0.248392,0.967216,-0.001952,0.35,-4.34,-0.14,-49
1786632850126,218859,Thigh,stand,-0.252784,0.97112,0.000488,0.63,-5.11,-0.21,-49
1786632850126,218876,Thigh,stand,-0.254248,0.974048,0.000488,0.35,-5.46,-0.35,-49
1786632850126,218893,Thigh,stand,-0.255224,0.975512,-0.003416,0.07,-5.6,-0.28,-49
1786632850126,218910,Thigh,stand,-0.257176,0.970144,-0.00244,-0.42,-5.6,-0.14,-49
1786632850126,218941,Thigh,stand,-0.257176,0.96868,0,-0.42,-5.81,-0.21,-49
1786632850126,218958,Thigh,stand,-0.255224,0.967704,0.007808,-0.21,-5.88,-0.35,-49
1786632850126,218975,Thigh,stand,-0.254248,0.970144,0.011224,0,-5.46,-0.42,-49
1786632850126,218992,Thigh,stand,-0.25132,0.976,0.010248,-0.21,-5.18,-0.42,-49
1786632850126,219009,Thigh,stand,-0.24888,0.976488,0.00488,-0.91,-5.11,-0.49,-49
1786632850568,219184,Thigh,stand,-0.249856,0.966728,0.008296,1.89,-3.99,0.35,-47
1786632850568,219216,Thigh,stand,-0.252784,0.970632,0.016592,2.03,-4.41,0.28,-47
1786632850568,219233,Thigh,stand,-0.252784,0.971608,0.019032,1.82,-4.55,-0.07,-47
1786632850568,219250,Thigh,stand,-0.247904,0.970632,0.018544,1.75,-4.62,-0.21,-47
1786632850568,219267,Thigh,stand,-0.24644,0.97112,0.017568,1.68,-4.62,-0.28,-47
1786632850568,219298,Thigh,stand,-0.246928,0.970632,0.01708,0.91,-5.04,-0.07,-47
1786632850568,219315,Thigh,stand,-0.24888,0.969168,0.018544,0.7,-5.6,-0.07,-47
1786632850568,219332,Thigh,stand,-0.25376,0.968192,0.022936,0.84,-5.74,-0.07,-47
1786632850568,219349,Thigh,stand,-0.25132,0.970632,0.023912,1.19,-5.95,-0.28,-47
1786632850568,219366,Thigh,stand,-0.249368,0.975024,0.026352,1.82,-5.46,-0.42,-47
1786632850853,219541,Thigh,stand,-0.249368,0.968192,0.005856,1.05,-1.54,-0.91,-49
1786632850853,219572,Thigh,stand,-0.251808,0.964288,0.005856,1.47,-3.08,-0.7,-49
1786632850853,219590,Thigh,stand,-0.253272,0.964288,0.006832,1.82,-3.29,-0.56,-49
1786632850853,219607,Thigh,stand,-0.2562,0.964288,0.008296,2.03,-3.29,-0.42,-49
1786632850853,219624,Thigh,stand,-0.2562,0.965752,0.010736,2.45,-2.94,-0.28,-49
1786632850853,219655,Thigh,stand,-0.25376,0.96868,0.017568,2.87,-1.05,-0.35,-49
1786632850853,219672,Thigh,stand,-0.255224,0.972096,0.020984,2.73,-0.77,-0.42,-49
1786632850853,219689,Thigh,stand,-0.257176,0.971608,0.023912,2.38,-0.28,-0.49,-49
1786632850853,219706,Thigh,stand,-0.25864,0.97112,0.0244,2.1,-0.07,-0.63,-49
1786632850853,219723,Thigh,stand,-0.260592,0.972096,0.020008,1.89,-0.21,-0.7,-49
1786632851200,219898,Thigh,stand,-0.251808,0.968192,0.00488,2.73,-1.19,-0.07,-47
1786632851200,219929,Thigh,stand,-0.252296,0.969656,0.005856,2.73,-0.35,-0.07,-47
1786632851200,219946,Thigh,stand,-0.2562,0.969656,0.009272,2.59,-0.21,-0.14,-47
1786632851200,219963,Thigh,stand,-0.25864,0.966728,0.010248,2.45,-0.07,-0.28,-47
1786632851200,219980,Thigh,stand,-0.25864,0.969168,0.008784,2.31,0.14,-0.28,-47
1786632851200,220011,Thigh,stand,-0.259128,0.97112,0.005856,1.96,0.28,-0.28,-47
1786632851200,220028,Thigh,stand,-0.26352,0.969656,-0.000976,1.68,-0.21,-0.28,-47
1786632851200,220045,Thigh,stand,-0.261568,0.969168,-0.005856,1.4,-0.63,-0.42,-47
1786632851200,220062,Thigh,stand,-0.260592,0.968192,-0.008296,1.4,-1.05,-0.35,-47
1786632851200,220079,Thigh,stand,-0.258152,0.965264,-0.010736,1.68,-1.33,-0.28,-47
1786632851617,220255,Thigh,stand,-0.254736,0.968192,0.00244,2.1,-3.92,0.07,-47
1786632851617,220286,Thigh,stand,-0.24888,0.970144,-0.001464,2.1,-4.13,0,-47
1786632851617,220303,Thigh,stand,-0.249368,0.97112,-0.003904,1.96,-4.06,0.07,-47
1786632851617,220321,Thigh,stand,-0.247416,0.970632,-0.006344,1.68,-3.57,0.07,-47
1786632851617,220338,Thigh,stand,-0.248392,0.967216,-0.006344,1.4,-3.22,0.14,-47
1786632851617,220369,Thigh,stand,-0.25132,0.967216,-0.006344,1.54,-3.43,0,-47
1786632851617,220386,Thigh,stand,-0.249856,0.969168,-0.00488,1.61,-3.64,-0.14,-47
1786632851617,220403,Thigh,stand,-0.25132,0.969656,-0.004392,1.54,-3.5,-0.07,-47
1786632851617,220420,Thigh,stand,-0.252296,0.966728,-0.005856,1.54,-3.5,-0.07,-47
1786632851617,220437,Thigh,stand,-0.24888,0.96624,-0.007808,1.61,-3.43,-0.07,-47
1786632851920,220612,Thigh,stand,-0.246928,0.969168,-0.00732,0.98,-2.03,-0.35,-49
1786632851920,220642,Thigh,stand,-0.244488,0.96868,-0.006344,1.12,-1.96,-0.28,-49
1786632851920,220659,Thigh,stand,-0.246928,0.969656,-0.006344,1.12,-2.03,-0.28,-49
1786632851920,220676,Thigh,stand,-0.25132,0.970632,-0.006344,1.05,-2.1,-0.21,-49
1786632851920,220692,Thigh,stand,-0.259128,0.970632,-0.006344,0.84,-2.31,-0.28,-49
1786632851920,220725,Thigh,stand,-0.259616,0.967216,-0.005856,0.84,-3.15,-0.35,-49
1786632851920,220742,Thigh,stand,-0.257176,0.967704,-0.00488,0.84,-3.15,-0.35,-49
1786632851920,220759,Thigh,stand,-0.254736,0.970144,-0.007808,0.77,-2.94,-0.35,-49
1786632851920,220776,Thigh,stand,-0.250344,0.967704,-0.005368,0.77,-2.87,-0.35,-49
1786632851920,220793,Thigh,stand,-0.245464,0.965752,-0.003904,0.84,-2.73,-0.35,-49
1786632852300,220971,Thigh,stand,-0.268888,0.968192,-0.008296,0.63,-2.24,-0.28,-49
1786632852300,221001,Thigh,stand,-0.264008,0.964776,-0.00732,0.7,-3.57,-0.28,-49
1786632852300,221019,Thigh,stand,-0.262056,0.964288,-0.006832,0.91,-4.55,0,-49
1786632852300,221036,Thigh,stand,-0.255224,0.964776,-0.006832,1.19,-4.97,0.21,-49
1786632852300,221053,Thigh,stand,-0.250832,0.96624,-0.006832,1.4,-5.53,0.35,-49
1786632852300,221084,Thigh,stand,-0.25132,0.969168,-0.004392,1.54,-6.23,0.49,-49
1786632852300,221101,Thigh,stand,-0.253272,0.967704,0.001952,1.4,-6.51,0.49,-49
1786632852300,221118,Thigh,stand,-0.255712,0.97112,0.005368,1.47,-7.07,0.42,-49
1786632852300,221135,Thigh,stand,-0.257176,0.971608,0.006832,1.19,-7.21,0.49,-49
1786632852300,221152,Thigh,stand,-0.2562,0.964776,0.007808,1.19,-6.72,0.56,-49
1786632852693,221328,Thigh,stand,-0.244488,0.967216,0,0.28,-2.94,-0.21,-48
1786632852693,221359,Thigh,stand,-0.247416,0.973072,-0.002928,0.42,-3.29,-0.14,-48
1786632852693,221375,Thigh,stand,-0.251808,0.974048,-0.003904,0.28,-3.43,-0.07,-48
1786632852693,221392,Thigh,stand,-0.255224,0.96624,-0.00488,0.21,-3.64,-0.21,-48
1786632852693,221409,Thigh,stand,-0.254736,0.967216,-0.003904,0.56,-4.13,-0.42,-48
1786632852693,221440,Thigh,stand,-0.243024,0.967704,-0.000976,0.77,-3.92,-0.28,-48
1786632852693,221457,Thigh,stand,-0.23668,0.96868,0.00244,0.77,-3.92,-0.07,-48
1786632852693,221474,Thigh,stand,-0.233752,0.967704,0.005368,0.56,-4.06,-0.14,-48
1786632852693,221491,Thigh,stand,-0.233264,0.967704,0.005856,0.56,-4.48,-0.42,-48
1786632852693,221508,Thigh,stand,-0.232776,0.96868,0.00732,0.63,-4.76,-0.56,-48
1786632852989,221683,Thigh,stand,-0.259128,0.975024,0.017568,0.98,-4.62,-0.63,-48
1786632852989,221714,Thigh,stand,-0.249856,0.969656,0.01952,0.63,-4.83,-0.84,-48
1786632852989,221731,Thigh,stand,-0.243512,0.96868,0.014152,0.35,-5.25,-0.91,-48
1786632852989,221747,Thigh,stand,-0.242048,0.96868,0.011712,0.28,-5.46,-1.12,-48
1786632852989,221764,Thigh,stand,-0.23912,0.969168,0.010736,0.21,-5.39,-1.05,-48
1786632852989,221795,Thigh,stand,-0.237656,0.970144,0.017568,-0.07,-3.22,-1.12,-48
1786632852989,221812,Thigh,stand,-0.242048,0.969168,0.019032,-0.07,-2.8,-0.98,-48
1786632852989,221829,Thigh,stand,-0.243512,0.971608,0.0244,0.07,-2.31,-1.12,-48
1786632852989,221846,Thigh,stand,-0.245952,0.97356,0.023912,0.07,-2.31,-1.26,-48
1786632852989,221863,Thigh,stand,-0.246928,0.970632,0.022448,-0.35,-2.59,-1.33,-48
1786632853366,222040,Thigh,stand,-0.264008,0.960384,0.016104,-1.75,-2.52,-2.24,-48
1786632853366,222071,Thigh,stand,-0.26352,0.9638,0.017568,-1.05,-3.36,-2.17,-48
1786632853366,222089,Thigh,stand,-0.26352,0.9638,0.019032,-0.35,-3.57,-1.82,-48
1786632853366,222107,Thigh,stand,-0.259128,0.966728,0.020008,-0.49,-3.64,-1.68,-48
1786632853366,222123,Thigh,stand,-0.25864,0.962824,0.022936,-0.28,-3.71,-1.54,-48
1786632853366,222140,Thigh,stand,-0.257664,0.9638,0.025864,0.07,-3.64,-1.33,-48
1786632853366,222171,Thigh,stand,-0.26352,0.96624,0.025864,0.28,-3.5,-1.12,-48
1786632853366,222188,Thigh,stand,-0.264496,0.965752,0.0244,0.14,-3.22,-1.05,-48
1786632853366,222205,Thigh,stand,-0.266936,0.96624,0.027816,0,-3.15,-1.05,-48
1786632853366,222222,Thigh,stand,-0.269864,0.96624,0.029768,-0.14,-3.15,-0.98,-48
1786632853751,222397,Thigh,stand,-0.282064,0.962336,0.04148,-0.49,-4.27,-0.14,-49
1786632853751,222428,Thigh,stand,-0.285968,0.95892,0.039528,-2.1,-3.78,-0.98,-49
1786632853751,222445,Thigh,stand,-0.281088,0.975024,0.042456,-1.33,-4.34,-1.68,-49
1786632853751,222462,Thigh,stand,-0.289384,0.97112,0.04392,-2.73,-4.62,-1.89,-49
1786632853751,222479,Thigh,stand,-0.288896,0.968192,0.047336,-3.36,-5.11,-2.31,-49
1786632853751,222509,Thigh,stand,-0.286456,0.965264,0.050752,-4.41,-5.67,-2.73,-49
1786632853751,222526,Thigh,stand,-0.284504,0.961848,0.052704,-4.9,-6.23,-3.01,-49
1786632853751,222543,Thigh,stand,-0.2806,0.964288,0.055632,-4.9,-6.3,-3.36,-49
1786632853751,222560,Thigh,stand,-0.279136,0.964776,0.05612,-4.9,-5.95,-3.57,-49
1786632853751,222577,Thigh,stand,-0.277184,0.964288,0.056608,-5.11,-5.81,-3.64,-49
1786632854132,222755,Thigh,stand,-0.265472,0.955504,0.04148,-0.14,-2.17,-0.56,-52
1786632854132,222786,Thigh,stand,-0.277184,0.95648,0.04636,1.26,-2.17,0.07,-52
1786632854132,222803,Thigh,stand,-0.282064,0.955016,0.052216,1.82,-2.38,0.35,-52
1786632854132,222820,Thigh,stand,-0.283528,0.960384,0.054656,2.45,-2.31,0.56,-52
1786632854132,222837,Thigh,stand,-0.28548,0.961848,0.055144,2.59,-2.17,0.77,-52
1786632854132,222868,Thigh,stand,-0.288408,0.962824,0.054656,2.52,-3.5,0.7,-52
1786632854132,222884,Thigh,stand,-0.288408,0.96136,0.055632,2.66,-4.55,0.56,-52
1786632854132,222901,Thigh,stand,-0.289872,0.961848,0.05856,2.87,-4.48,0.49,-52
1786632854132,222918,Thigh,stand,-0.291336,0.9638,0.061488,2.45,-4.48,0.35,-52
1786632854132,222935,Thigh,stand,-0.290848,0.96868,0.064416,1.89,-5.32,-0.07,-52
1786632854424,223110,Thigh,stand,-0.275232,0.95404,0.053192,1.47,-2.8,0.63,-51
1786632854424,223141,Thigh,stand,-0.279136,0.964288,0.054656,1.89,-2.31,0.56,-51
1786632854424,223158,Thigh,stand,-0.27816,0.963312,0.05368,1.33,-2.66,0.77,-51
1786632854424,223175,Thigh,stand,-0.275232,0.96136,0.055144,1.33,-3.5,0.77,-51
1786632854424,223192,Thigh,stand,-0.272304,0.964288,0.061976,2.1,-3.71,0.77,-51
1786632854424,223223,Thigh,stand,-0.270352,0.96136,0.066856,2.17,-2.87,0.91,-51
1786632854424,223240,Thigh,stand,-0.27328,0.967216,0.059048,2.1,-3.01,0.91,-51
1786632854424,223256,Thigh,stand,-0.274744,0.96624,0.060024,1.68,-3.29,0.91,-51
1786632854424,223273,Thigh,stand,-0.275232,0.96136,0.066368,1.82,-2.8,0.91,-51
1786632854424,223290,Thigh,stand,-0.279624,0.962824,0.061,1.68,-4.13,0.77,-51
1786632854774,223465,Thigh,stand,-0.25864,0.961848,0.058072,1.47,-4.55,0.42,-50
1786632854774,223496,Thigh,stand,-0.263032,0.96624,0.05612,1.82,-4.83,0.77,-50
1786632854774,223513,Thigh,stand,-0.261568,0.96136,0.060512,2.1,-4.06,0.98,-50
1786632854774,223530,Thigh,stand,-0.264008,0.958432,0.057584,2.87,-3.43,1.12,-50
1786632854774,223547,Thigh,stand,-0.270352,0.961848,0.054168,3.29,-3.15,1.19,-50
1786632854774,223578,Thigh,stand,-0.274256,0.962824,0.054656,3.22,-3.01,1.05,-50
1786632854774,223595,Thigh,stand,-0.278648,0.964288,0.061,3.22,-3.43,0.7,-50
1786632854774,223612,Thigh,stand,-0.2806,0.964776,0.067832,2.45,-3.22,0.35,-50
1786632854774,223628,Thigh,stand,-0.281088,0.968192,0.077104,2.17,-3.43,0.14,-50
1786632854774,223645,Thigh,stand,-0.277184,0.968192,0.075152,1.33,-4.69,-0.07,-50
1786632855130,223820,Thigh,stand,-0.276208,0.962824,0.061976,1.05,-5.04,-0.07,-50
1786632855130,223851,Thigh,stand,-0.273768,0.9638,0.057096,1.33,-5.67,0.21,-50
1786632855130,223868,Thigh,stand,-0.272792,0.962336,0.054656,1.61,-5.67,0.42,-50
1786632855130,223885,Thigh,stand,-0.272304,0.961848,0.052216,1.68,-5.81,0.49,-50
1786632855130,223902,Thigh,stand,-0.266936,0.957944,0.049288,2.1,-5.81,0.49,-50
1786632855130,223933,Thigh,stand,-0.263032,0.958432,0.05856,3.15,-4.62,0.56,-50
1786632855130,223950,Thigh,stand,-0.264008,0.960872,0.062952,3.71,-4.27,0.63,-50
1786632855130,223967,Thigh,stand,-0.264984,0.962824,0.062952,3.85,-3.57,0.7,-50
1786632855130,223984,Thigh,stand,-0.266448,0.962824,0.065392,3.57,-3.22,0.77,-50
1786632855130,224001,Thigh,stand,-0.267424,0.961848,0.065392,3.64,-2.66,0.7,-50
1786632855498,224176,Thigh,stand,-0.26352,0.9638,0.063928,2.03,-3.08,0.42,-48
1786632855498,224206,Thigh,stand,-0.264008,0.962824,0.06588,1.96,-2.31,0.56,-48
1786632855498,224223,Thigh,stand,-0.26596,0.964288,0.067344,2.1,-1.68,0.42,-48
1786632855498,224240,Thigh,stand,-0.27084,0.965264,0.067344,2.03,-1.47,0.21,-48
1786632855498,224257,Thigh,stand,-0.27572,0.965752,0.056608,1.61,-2.1,0.21,-48
1786632855498,224288,Thigh,stand,-0.272792,0.967216,0.061976,1.89,-2.73,0.28,-48
1786632855498,224305,Thigh,stand,-0.269864,0.969656,0.06588,2.03,-2.94,0.14,-48
1786632855498,224322,Thigh,stand,-0.26596,0.969656,0.061,1.82,-3.57,0.14,-48
1786632855498,224339,Thigh,stand,-0.257664,0.963312,0.057096,1.75,-3.85,0.28,-48
1786632855498,224370,Thigh,stand,-0.249856,0.959896,0.057096,2.1,-2.66,0.63,-48
1786632855931,224543,Thigh,stand,-0.267424,0.96868,0.047336,1.54,-6.51,0.07,-49
1786632855931,224574,Thigh,stand,-0.264496,0.959896,0.056608,1.4,-6.93,0.07,-49
1786632855931,224650,Thigh,stand,-0.248392,0.965264,0.066368,1.82,-4.97,-0.21,-49
1786632855931,224682,Thigh,stand,-0.24644,0.964288,0.060024,2.24,-3.01,-0.21,-49
1786632855931,224699,Thigh,stand,-0.244488,0.963312,0.060512,2.38,-2.45,-0.14,-49
1786632855931,224716,Thigh,stand,-0.246928,0.963312,0.063928,2.52,-0.63,-0.21,-49
1786632855931,224734,Thigh,stand,-0.252784,0.966728,0.064416,2.59,0.49,-0.42,-49
1786632855931,224750,Thigh,stand,-0.263032,0.96868,0.066368,2.52,0.56,-0.63,-49
1786632855931,224781,Thigh,stand,-0.269376,0.969168,0.061488,2.31,-0.63,-0.77,-49
1786632855931,224799,Thigh,stand,-0.27084,0.965264,0.057096,1.89,-0.91,-0.84,-49
1786632856287,224973,Thigh,stand,-0.2684,0.965752,0.063928,1.68,0.28,-1.12,-49
1786632856287,225004,Thigh,stand,-0.266448,0.965752,0.049288,1.54,-0.28,-0.98,-49
1786632856287,225021,Thigh,stand,-0.264984,0.964288,0.045872,1.54,0.07,-0.98,-49
1786632856287,225038,Thigh,stand,-0.264496,0.964288,0.045384,1.54,0.28,-0.98,-49
1786632856287,225055,Thigh,stand,-0.264984,0.962336,0.04392,1.61,0.49,-0.98,-49
1786632856287,225086,Thigh,stand,-0.262544,0.964288,0.03904,1.89,0.49,-0.84,-49
1786632856287,225103,Thigh,stand,-0.26352,0.96136,0.0366,1.96,0.84,-0.91,-49
1786632856287,225120,Thigh,stand,-0.264496,0.963312,0.034648,2.31,0.7,-0.98,-49
1786632856287,225136,Thigh,stand,-0.265472,0.962824,0.038552,2.59,0.84,-0.84,-49
1786632856287,225153,Thigh,stand,-0.2684,0.960872,0.040016,2.66,0.91,-0.7,-49
1786632856643,225329,Thigh,stand,-0.260104,0.960872,0.030744,1.33,0.28,-0.28,-49
1786632856643,225360,Thigh,stand,-0.264984,0.962824,0.027328,1.75,0.07,-0.56,-49
1786632856643,225377,Thigh,stand,-0.2684,0.966728,0.027816,1.89,-0.35,-0.49,-49
1786632856643,225394,Thigh,stand,-0.273768,0.964288,0.032696,1.82,-0.21,-0.35,-49
1786632856643,225411,Thigh,stand,-0.275232,0.964776,0.0366,1.96,0,-0.21,-49
1786632856643,225442,Thigh,stand,-0.279624,0.96624,0.03416,1.89,-0.49,0,-49
1786632856643,225459,Thigh,stand,-0.284504,0.964288,0.028304,1.54,-1.12,-0.07,-49
1786632856643,225476,Thigh,stand,-0.284016,0.965264,0.025376,1.68,-2.17,-0.21,-49
1786632856643,225493,Thigh,stand,-0.281088,0.966728,0.027816,1.47,-2.52,-0.28,-49
1786632856643,225510,Thigh,stand,-0.275232,0.963312,0.030744,1.4,-2.73,-0.14,-49
1786632857008,225684,Thigh,stand,-0.267424,0.962336,0.025864,0.63,-2.38,-0.21,-49
1786632857008,225715,Thigh,stand,-0.260592,0.964288,0.019032,0.21,-3.99,-0.14,-49
1786632857008,225732,Thigh,stand,-0.259128,0.965264,0.022936,0.21,-4.69,0.07,-49
1786632857008,225749,Thigh,stand,-0.259616,0.967704,0.024888,0.14,-4.55,0.21,-49
1786632857008,225766,Thigh,stand,-0.267912,0.965752,0.02684,-0.14,-3.92,0.42,-49
1786632857008,225797,Thigh,stand,-0.273768,0.962336,0.028304,0.63,-4.41,0.28,-49
1786632857008,225814,Thigh,stand,-0.268888,0.962336,0.030744,0.98,-4.76,0.21,-49
1786632857008,225831,Thigh,stand,-0.265472,0.959896,0.040016,1.4,-4.34,0.21,-49
1786632857008,225848,Thigh,stand,-0.266936,0.9638,0.047336,1.75,-3.15,0.21,-49
1786632857008,225865,Thigh,stand,-0.266448,0.965264,0.045872,1.47,-2.59,0.21,-49
1786632857359,226042,Thigh,stand,-0.255224,0.962336,0.035624,1.05,-3.85,-0.42,-53
1786632857359,226073,Thigh,stand,-0.257664,0.965264,0.039528,1.19,-3.43,-0.35,-53
1786632857359,226090,Thigh,stand,-0.264496,0.962824,0.040016,1.19,-3.57,-0.35,-53
1786632857359,226107,Thigh,stand,-0.271816,0.961848,0.047824,1.33,-3.36,-0.35,-53
1786632857359,226124,Thigh,stand,-0.27572,0.962824,0.054168,1.68,-3.22,-0.49,-53
1786632857359,226155,Thigh,stand,-0.273768,0.969168,0.056608,1.61,-2.8,-0.42,-53
1786632857359,226172,Thigh,stand,-0.271328,0.965264,0.0488,1.54,-2.8,-0.42,-53
1786632857359,226189,Thigh,stand,-0.267912,0.966728,0.046848,1.33,-2.52,-0.56,-53
1786632857359,226206,Thigh,stand,-0.265472,0.963312,0.0488,0.98,-2.38,-0.63,-53
1786632857359,226223,Thigh,stand,-0.26352,0.9638,0.049288,0.98,-2.45,-0.84,-53
1786632857715,226397,Thigh,stand,-0.279136,0.962336,0.040504,1.33,-0.98,-0.21,-53
1786632857715,226428,Thigh,stand,-0.270352,0.963312,0.040992,1.75,-0.14,-0.14,-53
1786632857715,226445,Thigh,stand,-0.266936,0.965264,0.042944,1.89,0.28,-0.21,-53
1786632857715,226463,Thigh,stand,-0.2684,0.964288,0.050264,1.96,1.05,-0.21,-53
1786632857715,226480,Thigh,stand,-0.27084,0.962824,0.05124,2.1,1.26,-0.21,-53
1786632857715,226511,Thigh,stand,-0.279136,0.964288,0.042456,1.54,0.91,-0.14,-53
1786632857715,226528,Thigh,stand,-0.2806,0.9638,0.035136,1.47,0,-0.07,-53
1786632857715,226545,Thigh,stand,-0.282064,0.962824,0.033184,1.47,-1.05,-0.07,-53
1786632857715,226562,Thigh,stand,-0.279136,0.961848,0.033672,1.12,-1.61,-0.14,-53
1786632857715,226579,Thigh,stand,-0.276696,0.964288,0.035624,1.19,-2.73,-0.28,-53
1786632858071,226754,Thigh,stand,-0.274256,0.962824,0.046848,1.47,-2.8,-0.14,-53
1786632858071,226785,Thigh,stand,-0.266936,0.968192,0.044896,0.98,-2.66,-0.21,-53
1786632858071,226802,Thigh,stand,-0.264984,0.965752,0.045384,0.91,-2.59,-0.21,-53
1786632858071,226819,Thigh,stand,-0.263032,0.964776,0.042456,0.91,-2.87,-0.42,-53
1786632858071,226836,Thigh,stand,-0.262544,0.965752,0.035624,0.84,-3.22,-0.35,-53
1786632858071,226867,Thigh,stand,-0.260592,0.959896,0.033184,0.91,-2.59,-0.07,-53
1786632858071,226884,Thigh,stand,-0.265472,0.960384,0.029768,1.19,-2.45,0,-53
1786632858071,226901,Thigh,stand,-0.268888,0.96624,0.0366,1.54,-2.66,0.07,-53
1786632858071,226918,Thigh,stand,-0.275232,0.964776,0.045384,1.4,-2.52,0,-53
1786632858071,226935,Thigh,stand,-0.275232,0.9638,0.045872,1.61,-2.8,-0.14,-53
1786632858430,227109,Thigh,stand,-0.272792,0.964776,0.044896,1.19,-1.19,-0.35,-50
1786632858430,227140,Thigh,stand,-0.275232,0.963312,0.040992,1.19,-1.82,-0.35,-50
1786632858430,227157,Thigh,stand,-0.276696,0.964288,0.037088,1.12,-1.96,-0.21,-50
1786632858430,227175,Thigh,stand,-0.27572,0.964776,0.0366,1.12,-2.45,-0.14,-50
1786632858430,227192,Thigh,stand,-0.275232,0.967704,0.035136,0.91,-3.08,-0.21,-50
1786632858430,227223,Thigh,stand,-0.271816,0.960872,0.037576,1.05,-2.8,-0.21,-50
1786632858430,227240,Thigh,stand,-0.269376,0.961848,0.0366,1.26,-2.24,-0.21,-50
1786632858430,227258,Thigh,stand,-0.270352,0.963312,0.037088,1.26,-2.1,-0.14,-50
1786632858430,227275,Thigh,stand,-0.270352,0.964288,0.038552,1.26,-1.61,-0.21,-50
1786632858430,227292,Thigh,stand,-0.270352,0.964288,0.039528,1.19,-1.19,-0.14,-50
1786632858804,227467,Thigh,stand,-0.269864,0.965264,0.042944,1.05,-3.22,-0.07,-50
1786632858804,227498,Thigh,stand,-0.263032,0.962824,0.040016,1.26,-1.68,-0.07,-50
1786632858804,227515,Thigh,stand,-0.26108,0.96136,0.041968,1.33,-0.63,-0.07,-50
1786632858804,227532,Thigh,stand,-0.264008,0.962336,0.041968,1.54,-0.28,0.07,-50
1786632858804,227549,Thigh,stand,-0.266936,0.961848,0.041968,1.75,-0.28,0.07,-50
1786632858804,227580,Thigh,stand,-0.277672,0.96868,0.046848,1.26,-1.33,-0.07,-50
1786632858804,227597,Thigh,stand,-0.279624,0.968192,0.045872,0.84,-2.52,-0.14,-50
1786632858804,227614,Thigh,stand,-0.279624,0.965264,0.044896,0.84,-3.29,-0.14,-50
1786632858804,227631,Thigh,stand,-0.277184,0.9638,0.038552,0.84,-4.48,-0.07,-50
1786632858804,227648,Thigh,stand,-0.278648,0.964288,0.03416,0.42,-4.83,-0.14,-50
1786632859150,227823,Thigh,stand,-0.25864,0.959896,0.049288,2.24,-4.55,0.56,-47
1786632859150,227854,Thigh,stand,-0.269864,0.969168,0.057584,2.38,-4.41,0.42,-47
1786632859150,227871,Thigh,stand,-0.27328,0.973072,0.059048,1.89,-4.34,0.35,-47
1786632859150,227888,Thigh,stand,-0.280112,0.973072,0.05856,1.54,-4.62,0.28,-47
1786632859150,227905,Thigh,stand,-0.285968,0.969656,0.05856,0.77,-4.97,0.21,-47
1786632859150,227936,Thigh,stand,-0.28304,0.96624,0.061,0.21,-6.09,-0.28,-47
1786632859150,227953,Thigh,stand,-0.27084,0.967216,0.057096,0.21,-6.02,-0.42,-47
1786632859150,227970,Thigh,stand,-0.257176,0.965264,0.050264,-0.14,-5.53,-0.56,-47
1786632859150,227987,Thigh,stand,-0.248392,0.962336,0.044408,-0.21,-4.97,-0.42,-47
1786632859150,228004,Thigh,stand,-0.245952,0.960872,0.039528,0,-4.27,-0.35,-47
1786632859536,228180,Thigh,stand,-0.259128,0.96136,0.041968,1.4,-1.75,-0.21,-47
1786632859536,228210,Thigh,stand,-0.25376,0.964776,0.048312,1.75,-1.61,-0.21,-47
1786632859536,228227,Thigh,stand,-0.257664,0.96624,0.053192,1.4,-1.19,-0.21,-47
1786632859536,228244,Thigh,stand,-0.267424,0.968192,0.057096,1.33,-0.7,-0.14,-47
1786632859536,228261,Thigh,stand,-0.276208,0.966728,0.05856,1.05,-1.33,-0.07,-47
1786632859536,228293,Thigh,stand,-0.284504,0.9638,0.056608,1.19,-1.96,-0.21,-47
1786632859536,228310,Thigh,stand,-0.286456,0.961848,0.049288,0.98,-1.96,-0.21,-47
1786632859536,228327,Thigh,stand,-0.28792,0.9638,0.047336,1.12,-1.4,-0.35,-47
1786632859536,228344,Thigh,stand,-0.286456,0.96868,0.055144,1.05,-1.12,-0.42,-47
1786632859536,228361,Thigh,stand,-0.281088,0.971608,0.060024,0.77,-0.63,-0.42,-47
1786632859945,228536,Thigh,stand,-0.295728,0.976,0.055632,1.47,-1.89,0.63,-47
1786632859945,228568,Thigh,stand,-0.291336,0.965264,0.045872,0.7,-2.66,0.63,-47
1786632859945,228585,Thigh,stand,-0.28548,0.9638,0.037088,0.49,-3.71,0.42,-47
1786632859945,228602,Thigh,stand,-0.27816,0.962824,0.0366,0.91,-4.83,0.28,-47
1786632859945,228618,Thigh,stand,-0.27328,0.964288,0.036112,0.91,-5.04,0.28,-47
1786632859945,228649,Thigh,stand,-0.254248,0.961848,0.0366,1.33,-4.62,0.63,-47
1786632859945,228666,Thigh,stand,-0.252296,0.9638,0.040016,1.89,-3.57,0.77,-47
1786632859945,228684,Thigh,stand,-0.253272,0.965264,0.040992,2.52,-2.66,0.91,-47
1786632859945,228701,Thigh,stand,-0.254736,0.968192,0.04392,2.66,-1.96,0.91,-47
1786632859945,228718,Thigh,stand,-0.257176,0.967216,0.047824,2.66,-0.91,0.84,-47
1786632860214,228892,Thigh,stand,-0.267912,0.964288,0.042944,2.52,-1.75,0.07,-47
1786632860214,228923,Thigh,stand,-0.272304,0.970632,0.039528,2.45,-1.54,-0.07,-47
1786632860214,228940,Thigh,stand,-0.269376,0.96868,0.03904,2.24,-1.26,-0.07,-47
1786632860214,228956,Thigh,stand,-0.258152,0.970144,0.038552,1.89,-1.12,-0.14,-47
1786632860214,228973,Thigh,stand,-0.252296,0.967216,0.037576,1.82,-1.47,-0.21,-47
1786632860214,229004,Thigh,stand,-0.245464,0.964776,0.035136,2.24,-1.26,-0.42,-47
1786632860214,229021,Thigh,stand,-0.244,0.96624,0.030744,2.24,-0.49,-0.35,-47
1786632860214,229038,Thigh,stand,-0.242536,0.965752,0.02928,2.03,0.35,-0.28,-47
1786632860214,229055,Thigh,stand,-0.24644,0.964288,0.030256,2.38,0.84,-0.21,-47
1786632860214,229072,Thigh,stand,-0.24888,0.965752,0.030256,2.45,0.77,-0.21,-47
1786632860576,229247,Thigh,stand,-0.255712,0.964288,0.022936,1.19,-1.75,-0.91,-47
1786632860576,229278,Thigh,stand,-0.257664,0.956968,0.008296,1.75,-2.59,-0.56,-47
1786632860576,229295,Thigh,stand,-0.264984,0.955504,0.011224,2.17,-3.08,-0.28,-47
1786632860576,229313,Thigh,stand,-0.271328,0.962824,0.016104,2.52,-3.22,-0.14,-47
1786632860576,229329,Thigh,stand,-0.279624,0.96868,0.020984,2.1,-3.5,-0.07,-47
1786632860576,229360,Thigh,stand,-0.274744,0.971608,0.027816,1.47,-4.76,-0.28,-47
1786632860576,229377,Thigh,stand,-0.266448,0.965752,0.032696,1.19,-4.62,-0.56,-47
1786632860576,229394,Thigh,stand,-0.263032,0.966728,0.032696,0.98,-4.48,-0.7,-47
1786632860576,229412,Thigh,stand,-0.255712,0.966728,0.032696,0.91,-4.27,-0.63,-47
1786632860576,229429,Thigh,stand,-0.253272,0.969656,0.02684,0.77,-3.99,-0.56,-47
1786632860946,229605,Thigh,stand,-0.268888,0.96868,0.035136,1.75,-5.18,-0.14,-47
1786632860946,229636,Thigh,stand,-0.269376,0.969656,0.037088,1.05,-4.41,-0.28,-47
1786632860946,229653,Thigh,stand,-0.268888,0.966728,0.033672,0.84,-3.85,-0.42,-47
1786632860946,229669,Thigh,stand,-0.2684,0.96624,0.033184,0.77,-3.71,-0.56,-47
1786632860946,229686,Thigh,stand,-0.268888,0.964776,0.028792,0.77,-3.71,-0.63,-47
1786632860946,229716,Thigh,stand,-0.265472,0.967704,0.030256,0.49,-3.57,-0.35,-47
1786632860946,229733,Thigh,stand,-0.267424,0.962824,0.030256,0.49,-3.43,-0.28,-47
1786632860946,229750,Thigh,stand,-0.268888,0.959408,0.029768,0.77,-3.29,-0.21,-47
1786632860946,229767,Thigh,stand,-0.269864,0.960872,0.027816,1.19,-3.15,-0.28,-47
1786632860946,229798,Thigh,stand,-0.266448,0.965752,0.026352,1.82,-3.08,-0.28,-47
1786632861310,229976,Thigh,stand,-0.264008,0.964776,0.032696,0.77,-2.94,-0.35,-53
1786632861310,230007,Thigh,stand,-0.262544,0.96624,0.035624,0.7,-1.75,-0.28,-53
1786632861310,230024,Thigh,stand,-0.258152,0.9638,0.035136,0.91,-2.1,-0.42,-53
1786632861310,230041,Thigh,stand,-0.256688,0.9638,0.035624,0.98,-1.96,-0.49,-53
1786632861310,230057,Thigh,stand,-0.258152,0.965752,0.032696,1.05,-1.54,-0.49,-53
1786632861310,230088,Thigh,stand,-0.2684,0.965752,0.028792,1.12,-1.19,-0.49,-53
1786632861310,230105,Thigh,stand,-0.272304,0.963312,0.03172,1.05,-1.47,-0.35,-53
1786632861310,230122,Thigh,stand,-0.273768,0.962824,0.033672,1.12,-1.47,-0.28,-53
1786632861310,230139,Thigh,stand,-0.27816,0.964776,0.038064,1.33,-1.33,-0.21,-53
1786632861310,230156,Thigh,stand,-0.278648,0.96624,0.038552,1.54,-1.61,-0.35,-53
1786632861660,230332,Thigh,stand,-0.279136,0.964776,0.031232,0.98,-1.47,-0.28,-46
1786632861660,230363,Thigh,stand,-0.278648,0.965264,0.02684,0.91,-2.59,-0.42,-46
1786632861660,230380,Thigh,stand,-0.277672,0.965264,0.031232,0.77,-2.73,-0.42,-46
1786632861660,230397,Thigh,stand,-0.272792,0.962824,0.033184,0.84,-2.94,-0.28,-46
1786632861660,230414,Thigh,stand,-0.269864,0.961848,0.029768,0.91,-2.94,-0.21,-46
1786632861660,230444,Thigh,stand,-0.273768,0.962336,0.0244,0.98,-3.29,0.07,-46
1786632861660,230461,Thigh,stand,-0.27816,0.963312,0.021472,1.05,-3.64,0.07,-46
1786632861660,230478,Thigh,stand,-0.282552,0.965752,0.0244,0.98,-4.13,0.07,-46
1786632861660,230495,Thigh,stand,-0.284504,0.96136,0.030744,0.91,-4.27,0.14,-46
1786632861660,230512,Thigh,stand,-0.2806,0.963312,0.038552,1.19,-4.41,0.14,-46
1786632862104,230688,Thigh,stand,-0.281576,0.962824,0.042456,1.26,-0.56,-0.42,-46
1786632862104,230720,Thigh,stand,-0.282064,0.97112,0.029768,0.77,-1.05,-0.35,-46
1786632862104,230737,Thigh,stand,-0.277184,0.96624,0.028304,0.63,-1.19,-0.21,-46
1786632862104,230754,Thigh,stand,-0.276696,0.958432,0.026352,0.56,-2.03,-0.14,-46
1786632862104,230771,Thigh,stand,-0.27328,0.959408,0.027328,1.05,-3.22,-0.28,-46
1786632862104,230801,Thigh,stand,-0.269376,0.965752,0.03416,1.54,-3.5,-0.14,-46
1786632862104,230818,Thigh,stand,-0.266936,0.966728,0.032208,1.47,-3.08,0,-46
1786632862104,230835,Thigh,stand,-0.267424,0.965752,0.035136,1.33,-2.66,0,-46
1786632862104,230852,Thigh,stand,-0.269864,0.965752,0.040504,1.05,-2.52,-0.07,-46
1786632862104,230869,Thigh,stand,-0.272792,0.965264,0.040504,0.98,-2.59,-0.14,-46
1786632862375,231045,Thigh,stand,-0.262544,0.965752,0.042456,1.4,-2.1,-0.07,-48
1786632862375,231076,Thigh,stand,-0.276208,0.966728,0.044408,1.19,-1.75,-0.07,-48
1786632862375,231093,Thigh,stand,-0.285968,0.966728,0.04392,0.98,-1.89,-0.14,-48
1786632862375,231110,Thigh,stand,-0.289872,0.9638,0.041968,0.84,-2.45,-0.28,-48
1786632862375,231127,Thigh,stand,-0.29036,0.964288,0.03904,0.7,-2.87,-0.28,-48
1786632862375,231158,Thigh,stand,-0.276696,0.962824,0.028304,0.77,-3.57,-0.28,-48
1786632862375,231174,Thigh,stand,-0.27084,0.961848,0.029768,0.63,-3.78,-0.28,-48
1786632862375,231191,Thigh,stand,-0.261568,0.963312,0.03172,0.77,-3.92,-0.14,-48
1786632862375,231208,Thigh,stand,-0.253272,0.967704,0.035624,0.91,-4.41,-0.14,-48
1786632862375,231225,Thigh,stand,-0.250832,0.966728,0.040992,0.77,-4.27,-0.07,-48
1786632862749,231401,Thigh,stand,-0.274256,0.964776,0.035136,0.7,-2.38,-0.28,-47
1786632862749,231432,Thigh,stand,-0.25864,0.963312,0.038064,0.84,-3.29,-0.28,-47
1786632862749,231449,Thigh,stand,-0.255712,0.964288,0.043432,0.98,-3.36,-0.14,-47
1786632862749,231466,Thigh,stand,-0.25132,0.964288,0.04636,1.05,-3.29,-0.07,-47
1786632862749,231483,Thigh,stand,-0.25376,0.96136,0.050264,1.05,-3.08,0,-47
1786632862749,231514,Thigh,stand,-0.267912,0.965752,0.055144,1.12,-2.52,-0.07,-47
1786632862749,231531,Thigh,stand,-0.277672,0.965264,0.056608,0.91,-2.38,-0.14,-47
1786632862749,231548,Thigh,stand,-0.288896,0.965752,0.052216,0.84,-2.1,-0.35,-47
1786632862749,231564,Thigh,stand,-0.288408,0.964288,0.04636,0.56,-2.03,-0.35,-47
1786632862749,231581,Thigh,stand,-0.28548,0.962824,0.040016,0.7,-2.1,-0.42,-47
1786632863162,231757,Thigh,stand,-0.270352,0.964776,0.049776,1.4,-2.31,-0.21,-48
1786632863162,231787,Thigh,stand,-0.266936,0.964288,0.049288,1.05,-1.61,-0.28,-48
1786632863162,231804,Thigh,stand,-0.266936,0.96624,0.04636,0.98,-1.89,-0.28,-48
1786632863162,231821,Thigh,stand,-0.261568,0.963312,0.041968,0.98,-2.17,-0.35,-48
1786632863162,231838,Thigh,stand,-0.264984,0.960872,0.040016,1.19,-1.96,-0.35,-48
1786632863162,231869,Thigh,stand,-0.264496,0.964288,0.042944,1.54,-1.54,-0.28,-48
1786632863162,231886,Thigh,stand,-0.272304,0.964776,0.047336,1.47,-1.33,-0.14,-48
1786632863162,231903,Thigh,stand,-0.276696,0.9638,0.0488,1.4,-1.75,-0.21,-48
1786632863162,231920,Thigh,stand,-0.28304,0.964288,0.049288,1.61,-1.75,-0.28,-48
1786632863162,231950,Thigh,stand,-0.27572,0.972584,0.052216,0.91,-1.05,-0.42,-48
1786632863457,232125,Thigh,stand,-0.280112,0.964288,0.045872,1.19,-6.44,0.21,-47
1786632863457,232156,Thigh,stand,-0.281088,0.962824,0.042944,0.7,-6.93,0.07,-47
1786632863457,232173,Thigh,stand,-0.274256,0.964776,0.045384,0.77,-6.44,-0.14,-47
1786632863457,232190,Thigh,stand,-0.263032,0.965752,0.047336,0.63,-5.74,-0.42,-47
1786632863457,232207,Thigh,stand,-0.252296,0.965752,0.048312,0.77,-4.69,-0.42,-47
1786632863457,232238,Thigh,stand,-0.24644,0.962336,0.043432,0.84,-3.43,-0.14,-47
1786632863457,232255,Thigh,stand,-0.246928,0.962336,0.040992,1.05,-2.17,-0.14,-47
1786632863457,232272,Thigh,stand,-0.249368,0.964288,0.043432,1.4,-1.4,-0.14,-47
1786632863457,232289,Thigh,stand,-0.256688,0.96624,0.045872,1.61,-1.26,-0.14,-47
1786632863457,232305,Thigh,stand,-0.2684,0.9638,0.050264,1.61,-1.19,-0.21,-47
1786632863863,232480,Thigh,stand,-0.25376,0.963312,0.043432,1.05,-2.52,-0.28,-48
1786632863863,232511,Thigh,stand,-0.266448,0.9638,0.047336,1.05,-1.47,-0.42,-48
1786632863863,232528,Thigh,stand,-0.268888,0.9638,0.042456,1.19,-1.19,-0.49,-48
1786632863863,232545,Thigh,stand,-0.273768,0.9638,0.040992,1.19,-0.84,-0.42,-48
1786632863863,232562,Thigh,stand,-0.279624,0.962824,0.038064,1.19,-0.07,-0.35,-48
1786632863863,232593,Thigh,stand,-0.282064,0.96136,0.034648,1.26,-0.77,-0.28,-48
1786632863863,232610,Thigh,stand,-0.279136,0.9638,0.035624,1.47,-1.26,-0.28,-48
1786632863863,232627,Thigh,stand,-0.273768,0.968192,0.037088,1.47,-2.52,-0.28,-48
1786632863863,232644,Thigh,stand,-0.265472,0.9638,0.042456,1.26,-3.22,-0.21,-48
1786632863863,232661,Thigh,stand,-0.261568,0.961848,0.042456,1.26,-3.22,-0.14,-48
1786632864200,232835,Thigh,stand,-0.282064,0.9638,0.033672,0.84,-2.87,-0.42,-47
1786632864200,232866,Thigh,stand,-0.272304,0.964288,0.03904,1.12,-4.62,-0.28,-47
1786632864200,232884,Thigh,stand,-0.267424,0.960872,0.040504,1.33,-4.76,-0.21,-47
1786632864200,232901,Thigh,stand,-0.259616,0.960384,0.044896,1.82,-4.55,-0.21,-47
1786632864200,232918,Thigh,stand,-0.260592,0.960384,0.049288,1.89,-4.48,0,-47
1786632864200,232949,Thigh,stand,-0.271328,0.965264,0.055632,2.17,-3.71,0.14,-47
1786632864200,232965,Thigh,stand,-0.27816,0.964776,0.052704,2.45,-3.22,-0.07,-47
1786632864200,232983,Thigh,stand,-0.275232,0.962336,0.05124,2.52,-3.57,-0.35,-47
1786632864200,233000,Thigh,stand,-0.269376,0.960872,0.050264,2.59,-2.87,-0.42,-47
1786632864200,233017,Thigh,stand,-0.263032,0.9638,0.049776,2.8,-2.17,-0.42,-47
1786632864554,233192,Thigh,stand,-0.242536,0.967216,0.047824,-0.63,-2.8,-0.7,-48
1786632864554,233223,Thigh,stand,-0.253272,0.95648,0.051728,0.56,-1.61,-0.98,-48
1786632864554,233240,Thigh,stand,-0.261568,0.971608,0.047824,0.56,-0.91,-1.05,-48
1786632864554,233257,Thigh,stand,-0.269864,0.972096,0.049288,-1.26,0.98,-0.77,-48
1786632864554,233274,Thigh,stand,-0.274744,0.971608,0.050264,-1.82,2.45,-0.35,-48
1786632864554,233306,Thigh,stand,-0.297192,0.961848,0.035136,-1.75,0.84,-0.21,-48
1786632864554,233323,Thigh,stand,-0.303048,0.955016,0.023424,-1.05,-0.63,0.07,-48
1786632864554,233340,Thigh,stand,-0.31476,0.955016,0.020984,-0.63,-0.7,0.28,-48
1786632864554,233357,Thigh,stand,-0.325008,0.951112,0.016592,0.21,-0.35,0.28,-48
1786632864554,233374,Thigh,stand,-0.317688,0.955992,0.022448,0.77,-0.42,0,-48
1786632865000,233550,Thigh,stand,-0.285968,0.966728,0.072712,1.96,-3.99,0.21,-48
1786632865000,233582,Thigh,stand,-0.276696,0.963312,0.072224,2.1,-3.15,-0.21,-48
1786632865000,233599,Thigh,stand,-0.268888,0.960872,0.06588,2.17,-2.73,-0.35,-48
1786632865000,233616,Thigh,stand,-0.265472,0.961848,0.062464,1.96,-2.38,-0.28,-48
1786632865000,233633,Thigh,stand,-0.264496,0.961848,0.057584,1.89,-2.45,-0.21,-48
1786632865000,233664,Thigh,stand,-0.269864,0.962824,0.053192,1.47,-2.8,-0.14,-48
1786632865000,233681,Thigh,stand,-0.269376,0.962824,0.05124,1.68,-2.94,-0.14,-48
1786632865000,233698,Thigh,stand,-0.27572,0.967704,0.045872,1.54,-3.08,-0.14,-48
1786632865000,233715,Thigh,stand,-0.282064,0.965264,0.040016,1.26,-3.36,0,-48
1786632865000,233732,Thigh,stand,-0.28792,0.962824,0.0366,1.05,-3.22,0.14,-48
1786632865403,233907,Thigh,stand,-0.268888,0.9638,0.046848,1.89,-3.08,0.56,-48
1786632865403,233938,Thigh,stand,-0.27328,0.969168,0.057584,1.82,-3.71,0.42,-48
1786632865403,233955,Thigh,stand,-0.271328,0.97112,0.060024,1.75,-4.13,0.14,-48
1786632865403,233972,Thigh,stand,-0.262544,0.972584,0.06344,1.26,-4.13,-0.07,-48
1786632865403,233989,Thigh,stand,-0.2562,0.968192,0.064416,0.7,-4.2,-0.28,-48
1786632865403,234020,Thigh,stand,-0.252784,0.964288,0.055632,0.35,-3.43,-0.42,-48
1786632865403,234037,Thigh,stand,-0.25376,0.962824,0.051728,0.35,-3.01,-0.49,-48
1786632865403,234054,Thigh,stand,-0.255712,0.963312,0.048312,0.49,-2.94,-0.49,-48
1786632865403,234071,Thigh,stand,-0.261568,0.9638,0.052216,0.77,-2.24,-0.42,-48
1786632865403,234088,Thigh,stand,-0.265472,0.962336,0.05368,0.84,-1.89,-0.49,-48
1786632865600,234262,Thigh,stand,-0.274256,0.96136,0.062952,1.75,-3.01,-0.14,-46
1786632865600,234293,Thigh,stand,-0.266448,0.970144,0.081496,1.68,-0.91,-0.56,-46
1786632865600,234310,Thigh,stand,-0.2562,0.97112,0.083448,1.26,0.42,-0.91,-46
1786632865600,234327,Thigh,stand,-0.248392,0.972096,0.071248,0.91,0.77,-1.19,-46
1786632865600,234344,Thigh,stand,-0.247416,0.969168,0.064904,0.7,0.63,-1.12,-46
1786632865600,234375,Thigh,stand,-0.259128,0.952088,0.03172,1.54,-1.19,-0.77,-46
1786632865600,234392,Thigh,stand,-0.263032,0.952088,0.032696,1.82,-2.03,-0.49,-46
1786632865600,234409,Thigh,stand,-0.269864,0.95648,0.03904,2.03,-2.1,-0.28,-46
1786632865600,234426,Thigh,stand,-0.27572,0.964776,0.057584,2.1,-1.19,-0.21,-46
1786632865600,234443,Thigh,stand,-0.280112,0.96868,0.062464,1.96,-0.49,-0.56,-46
1786632865959,234618,Thigh,stand,-0.298168,0.968192,0.03172,2.45,-4.69,0.28,-47
1786632865959,234649,Thigh,stand,-0.306464,0.962824,0.03172,1.89,-6.86,0.7,-47
1786632865959,234666,Thigh,stand,-0.30744,0.960872,0.028304,1.54,-8.96,0.98,-47
1786632865959,234683,Thigh,stand,-0.31232,0.958432,0.027328,1.75,-9.94,1.12,-47
1786632865959,234701,Thigh,stand,-0.31232,0.959896,0.024888,1.75,-11.76,1.19,-47
1786632865959,234732,Thigh,stand,-0.293288,0.960872,0.035624,1.47,-13.09,1.05,-47
1786632865959,234749,Thigh,stand,-0.279136,0.963312,0.047336,1.68,-12.95,0.98,-47
1786632865959,234766,Thigh,stand,-0.267424,0.970632,0.052216,1.89,-12.39,0.7,-47
1786632865959,234783,Thigh,stand,-0.250832,0.977464,0.055632,1.26,-11.48,0.63,-47
1786632865959,234800,Thigh,stand,-0.237168,0.965752,0.058072,0.63,-10.64,0.7,-47
1786632866315,234975,Thigh,stand,-0.260592,0.961848,0.061,1.12,-5.32,-0.49,-47
1786632866315,235006,Thigh,stand,-0.266936,0.96136,0.054168,1.4,-3.85,0.07,-47
1786632866315,235023,Thigh,stand,-0.277672,0.963312,0.050752,1.4,-3.5,0.28,-47
1786632866315,235040,Thigh,stand,-0.287432,0.960384,0.052216,1.54,-2.94,0.49,-47
1786632866315,235057,Thigh,stand,-0.29524,0.96136,0.052216,1.82,-2.31,0.7,-47
1786632866315,235088,Thigh,stand,-0.304512,0.963312,0.053192,2.17,-3.36,0.63,-47
1786632866315,235105,Thigh,stand,-0.303536,0.9638,0.050752,2.1,-4.2,0.56,-47
1786632866315,235122,Thigh,stand,-0.293776,0.958432,0.050752,2.03,-4.34,0.56,-47
1786632866315,235139,Thigh,stand,-0.289872,0.959408,0.052216,1.89,-3.36,0.84,-47
1786632866315,235156,Thigh,stand,-0.282552,0.962824,0.055144,1.89,-3.01,0.98,-47
1786632866671,235331,Thigh,stand,-0.279136,0.966728,0.05368,2.1,-0.07,2.17,-50
1786632866671,235361,Thigh,stand,-0.282064,0.960872,0.039528,1.82,-0.21,2.87,-50
1786632866671,235378,Thigh,stand,-0.282552,0.955504,0.03904,1.82,-0.21,3.15,-50
1786632866671,235395,Thigh,stand,-0.28304,0.953552,0.042944,2.03,-0.21,3.29,-50
1786632866671,235412,Thigh,stand,-0.2806,0.950136,0.047824,2.38,0.14,3.36,-50
1786632866671,235443,Thigh,stand,-0.266936,0.967216,0.061488,4.9,2.45,3.22,-50
1786632866671,235460,Thigh,stand,-0.260592,0.973072,0.061488,4.62,3.5,3.43,-50
1786632866671,235477,Thigh,stand,-0.249368,0.98088,0.05612,4.34,4.27,3.64,-50
1786632866671,235494,Thigh,stand,-0.247904,0.972096,0.044408,3.43,4.2,4.55,-50
1786632866671,235511,Thigh,stand,-0.251808,0.958432,0.038064,3.92,3.64,4.97,-50
1786632867055,235686,Thigh,stand,-0.203008,0.967704,0.03172,7.77,8.12,7.7,-50
1786632867055,235716,Thigh,stand,-0.20008,0.964288,0.022936,7.7,11.48,8.68,-50
1786632867055,235734,Thigh,stand,-0.20984,0.962336,0.0244,7.91,11.69,8.75,-50
1786632867055,235750,Thigh,stand,-0.22448,0.968192,0.028304,8.54,12.32,8.75,-50
1786632867055,235767,Thigh,stand,-0.233752,0.961848,0.03172,9.66,13.37,8.47,-50
1786632867055,235798,Thigh,stand,-0.228384,0.977952,0.020984,10.92,14.42,8.54,-50
1786632867055,235815,Thigh,stand,-0.2074,0.996496,0.017568,9.73,14.56,8.54,-50
1786632867055,235832,Thigh,stand,-0.228384,0.998448,0.025376,8.12,15.96,8.12,-50
1786632867055,235849,Thigh,stand,-0.22448,0.984784,0.064416,4.83,16.73,9.87,-50
1786632867055,235866,Thigh,stand,-0.213744,0.99796,0.020984,8.26,12.81,8.47,-50
1786632867380,236040,Thigh,stand,-0.14396,0.984784,0,1.96,-8.26,7.49,-58
1786632867380,236071,Thigh,stand,-0.1586,0.9638,-0.025376,3.15,-1.4,7.21,-58
1786632867380,236087,Thigh,stand,-0.159088,0.97356,-0.037088,3.71,3.5,7.28,-58
1786632867380,236104,Thigh,stand,-0.16348,0.981368,-0.038064,3.85,7.49,7.56,-58
1786632867380,236121,Thigh,stand,-0.183,0.997472,-0.031232,3.5,8.75,7.84,-58
1786632867380,236152,Thigh,stand,-0.205448,0.983808,-0.008784,2.45,10.15,9.03,-58
1786632867380,236169,Thigh,stand,-0.206424,0.982832,-0.008784,2.87,9.31,9.17,-58
1786632867380,236186,Thigh,stand,-0.200568,0.99064,-0.012688,2.94,6.23,9.1,-58
1786632867380,236203,Thigh,stand,-0.196176,0.982832,-0.013176,3.01,2.94,8.54,-58
1786632867380,236220,Thigh,stand,-0.188368,0.982344,-0.011712,3.01,0.91,8.33,-58
1786632867737,236394,Thigh,stand,-0.108336,0.982344,-0.031232,4.9,-1.12,9.24,-52
1786632867737,236425,Thigh,stand,-0.113704,0.99552,-0.024888,4.76,0.42,8.26,-52
1786632867737,236442,Thigh,stand,-0.116632,0.996008,-0.022936,4.48,1.26,7.98,-52
1786632867737,236460,Thigh,stand,-0.118096,0.996496,-0.02196,4.06,1.54,7.49,-52
1786632867737,236476,Thigh,stand,-0.111752,0.998448,-0.020984,2.73,1.82,7,-52
1786632867737,236507,Thigh,stand,-0.098088,1.001864,-0.032208,2.45,3.71,7,-52
1786632867737,236524,Thigh,stand,-0.10004,1.001376,-0.040016,1.89,2.03,7.49,-52
1786632867737,236541,Thigh,stand,-0.110776,0.99064,-0.035624,0.28,-0.84,7.49,-52
1786632867737,236558,Thigh,stand,-0.120536,0.986736,-0.036112,0.28,-3.64,7.14,-52
1786632867737,236575,Thigh,stand,-0.134688,0.991128,-0.03904,0.91,-5.67,7.14,-52
1786632868095,236750,Thigh,stand,-0.011712,1.001376,-0.012688,-1.96,-25.69,6.23,-52
1786632868095,236781,Thigh,stand,-0.0122,1.00528,-0.003904,-1.89,-22.05,5.04,-52
1786632868095,236798,Thigh,stand,-0.019032,1.006744,-0.001952,-2.8,-20.44,3.99,-52
1786632868095,236815,Thigh,stand,-0.023912,0.99796,0.013176,-3.08,-17.36,3.36,-52
1786632868095,236832,Thigh,stand,-0.022448,0.991616,0.019032,-3.22,-15.05,3.08,-52
1786632868095,236862,Thigh,stand,-0.033184,1.009184,0.010248,-3.5,-12.04,1.12,-52
1786632868095,236879,Thigh,stand,-0.053192,1.00284,0.015128,-3.85,-12.67,0.35,-52
1786632868095,236896,Thigh,stand,-0.068808,0.993568,0.022448,-3.57,-13.44,0.07,-52
1786632868095,236913,Thigh,stand,-0.078568,0.995032,0.02196,-3.43,-14.14,0.21,-52
1786632868095,236930,Thigh,stand,-0.0732,1.00528,0.016104,-3.29,-16.24,0.84,-52
1786632868454,237108,Thigh,stand,-0.0244,1.0126,0.017568,-5.88,-2.31,-4.69,-46
1786632868454,237139,Thigh,stand,-0.045872,1.018944,0.00244,-6.65,-1.26,-5.25,-46
1786632868454,237156,Thigh,stand,-0.05124,1.00284,0.00244,-6.51,-1.89,-5.88,-46
1786632868454,237172,Thigh,stand,-0.061488,0.995032,0.006344,-6.51,-2.59,-6.16,-46
1786632868454,237189,Thigh,stand,-0.076128,0.986248,0.006832,-5.18,-6.44,-6.86,-46
1786632868454,237219,Thigh,stand,-0.070272,0.984784,0.022936,-4.27,-12.6,-7.21,-46
1786632868454,237236,Thigh,stand,-0.069296,0.97844,0.041968,-2.1,-13.16,-8.05,-46
1786632868454,237253,Thigh,stand,-0.066368,0.972096,0.059536,1.12,-13.3,-8.89,-46
1786632868454,237271,Thigh,stand,-0.05612,0.997472,0.0732,3.85,-13.65,-9.94,-46
1786632868454,237288,Thigh,stand,-0.045872,1.018944,0.084912,2.8,-12.74,-10.5,-46
1786632868812,237465,Thigh,stand,-0.1708,0.969168,0.0122,-1.75,-7.7,-15.96,-46
1786632868812,237496,Thigh,stand,-0.135664,0.982344,0.037576,0.28,-8.47,-14.91,-46
1786632868812,237513,Thigh,stand,-0.099552,0.989664,0.047336,0.07,-9.24,-14.14,-46
1786632868812,237530,Thigh,stand,-0.059048,0.988688,0.054168,-0.49,-7.7,-12.74,-46
1786632868812,237547,Thigh,stand,-0.060024,0.973072,0.060024,-0.42,-3.92,-12.39,-46
1786632868812,237578,Thigh,stand,-0.101504,0.979416,0.049288,-0.77,3.29,-13.16,-46
1786632868812,237594,Thigh,stand,-0.152256,0.981856,0.042456,-2.8,6.72,-14.07,-46
1786632868812,237611,Thigh,stand,-0.216672,0.9882,0.0366,-3.78,6.86,-15.26,-46
1786632868812,237628,Thigh,stand,-0.249856,0.993568,0.0366,-5.18,6.58,-16.1,-46
1786632868812,237645,Thigh,stand,-0.303536,0.9882,0.043432,-5.81,6.58,-16.52,-46
1786632869184,237823,Thigh,stand,-0.243024,0.955992,0.059536,-3.99,-20.65,-13.79,-45
1786632869184,237854,Thigh,stand,-0.252296,0.989664,0.080032,-5.04,-11.83,-13.51,-45
1786632869184,237871,Thigh,stand,-0.261568,0.972096,0.096624,-5.04,-8.96,-13.51,-45
1786632869184,237889,Thigh,stand,-0.2684,0.964776,0.092232,-3.08,-8.89,-13.02,-45
1786632869184,237906,Thigh,stand,-0.27328,0.958432,0.086864,-1.96,-10.71,-12.6,-45
1786632869184,237937,Thigh,stand,-0.296704,0.948672,0.07808,0.07,-15.4,-11.06,-45
1786632869184,237954,Thigh,stand,-0.289872,0.939888,0.084424,1.75,-19.53,-10.22,-45
1786632869184,237970,Thigh,stand,-0.290848,0.933544,0.093696,4.06,-20.86,-9.1,-45
1786632869184,237987,Thigh,stand,-0.296216,0.940376,0.099552,6.23,-20.72,-7.77,-45
1786632869184,238004,Thigh,stand,-0.300608,0.966728,0.101992,7.14,-19.6,-7.63,-45
1786632869586,238183,Thigh,stand,-0.313784,0.962824,0.11956,2.94,-16.73,-2.03,-49
1786632869586,238214,Thigh,stand,-0.274744,0.953064,0.117608,1.4,-12.32,-1.61,-49
1786632869586,238231,Thigh,stand,-0.27816,0.944768,0.101992,1.47,-8.68,-1.54,-49
1786632869586,238248,Thigh,stand,-0.31964,0.947208,0.091744,1.26,-7.63,-1.12,-49
1786632869586,238265,Thigh,stand,-0.354776,0.952576,0.09516,0.77,-7.49,-0.91,-49
1786632869586,238296,Thigh,stand,-0.370392,0.949648,0.100528,1.12,-8.61,-0.91,-49
1786632869586,238313,Thigh,stand,-0.357704,0.94672,0.102968,2.66,-10.29,-0.63,-49
1786632869586,238330,Thigh,stand,-0.349896,0.947696,0.096624,3.78,-13.79,-0.7,-49
1786632869586,238346,Thigh,stand,-0.332816,0.945256,0.095648,4.2,-17.92,-0.77,-49
1786632869586,238363,Thigh,stand,-0.324032,0.946232,0.104432,4.55,-18.97,-0.91,-49
1786632869956,238541,Thigh,stand,-0.298656,0.969168,0.150304,1.26,21.56,1.75,-49
1786632869956,238572,Thigh,stand,-0.311832,0.948672,0.098088,4.69,19.53,1.26,-49
1786632869956,238589,Thigh,stand,-0.321104,0.950624,0.064416,6.86,16.45,1.89,-49
1786632869956,238607,Thigh,stand,-0.330376,0.964288,0.040992,7.56,12.18,2.52,-49
1786632869956,238624,Thigh,stand,-0.3294,0.970144,0.039528,6.51,8.33,3.15,-49
1786632869956,238655,Thigh,stand,-0.313296,0.970144,0.042456,3.78,0.98,4.41,-49
1786632869956,238672,Thigh,stand,-0.30012,0.978928,0.044896,2.59,-1.75,4.27,-49
1786632869956,238689,Thigh,stand,-0.302072,0.975512,0.040016,1.33,-4.69,4.41,-49
1786632869956,238706,Thigh,stand,-0.297192,0.965752,0.04148,0.91,-6.09,4.48,-49
1786632869956,238722,Thigh,stand,-0.278648,0.967216,0.048312,0.77,-8.12,4.27,-49
1786632870245,238897,Thigh,stand,-0.230336,0.969168,0.060024,3.36,12.67,2.8,-48
1786632870245,238928,Thigh,stand,-0.25864,0.965264,0.049288,3.22,11.48,2.59,-48
1786632870245,238945,Thigh,stand,-0.263032,0.972096,0.044408,3.15,8.68,2.17,-48
1786632870245,238962,Thigh,stand,-0.262544,0.974536,0.044408,2.87,6.02,1.61,-48
1786632870245,238979,Thigh,stand,-0.259616,0.974048,0.04636,2.17,4.9,1.26,-48
1786632870245,239010,Thigh,stand,-0.254736,0.976976,0.033672,1.12,0.35,0.77,-48
1786632870245,239027,Thigh,stand,-0.245464,0.975024,0.030256,0.77,0.07,0.63,-48
1786632870245,239044,Thigh,stand,-0.2318,0.972096,0.035136,0.42,0.14,0.63,-48
1786632870245,239061,Thigh,stand,-0.22448,0.972096,0.033184,0.35,0,0.63,-48
1786632870245,239078,Thigh,stand,-0.22448,0.979416,0.037088,-0.28,0.21,0.42,-48
1786632870605,239251,Thigh,stand,-0.244976,0.96624,0.061,-0.07,-0.35,-0.42,-48
1786632870605,239282,Thigh,stand,-0.250344,0.971608,0.064416,-0.49,-0.7,-0.28,-48
1786632870605,239299,Thigh,stand,-0.255224,0.964288,0.069296,-0.77,-1.4,-0.42,-48
1786632870605,239317,Thigh,stand,-0.255712,0.964776,0.075152,-0.63,-1.54,-0.42,-48
1786632870605,239334,Thigh,stand,-0.258152,0.969168,0.083936,-0.49,-1.47,-0.63,-48
1786632870605,239352,Thigh,stand,-0.255224,0.973072,0.082472,-0.49,-2.1,-0.84,-48
1786632870605,239383,Thigh,stand,-0.25864,0.974536,0.077592,-1.4,-3.08,-1.05,-48
1786632870605,239400,Thigh,stand,-0.261568,0.972096,0.072224,-1.68,-4.2,-1.19,-48
1786632870605,239417,Thigh,stand,-0.259616,0.970632,0.07076,-2.24,-4.83,-1.05,-48
1786632870605,239434,Thigh,stand,-0.256688,0.962824,0.066368,-2.24,-4.9,-0.91,-48
1786632870963,239610,Thigh,stand,-0.257664,0.969168,0.093208,0.84,-3.01,0.07,-48
1786632870963,239641,Thigh,stand,-0.260104,0.967704,0.090768,0.14,-2.38,-0.14,-48
1786632870963,239658,Thigh,stand,-0.258152,0.973072,0.09028,-0.7,-2.52,-0.21,-48
1786632870963,239676,Thigh,stand,-0.262056,0.968192,0.101016,-1.47,-2.24,-0.14,-48
1786632870963,239693,Thigh,stand,-0.262056,0.969656,0.101016,-1.26,-2.66,-0.35,-48
1786632870963,239724,Thigh,stand,-0.264496,0.969168,0.088816,-1.68,-5.11,-0.42,-48
1786632870963,239741,Thigh,stand,-0.261568,0.958432,0.078568,-1.54,-7,-0.56,-48
1786632870963,239758,Thigh,stand,-0.254248,0.958432,0.071248,-0.63,-7.7,-0.56,-48
1786632870963,239775,Thigh,stand,-0.244,0.96868,0.06832,-0.7,-7.49,-0.21,-48
1786632870963,239792,Thigh,stand,-0.233752,0.967704,0.066368,-1.05,-7.07,0.21,-48
1786632871320,239967,Thigh,stand,-0.25132,0.965264,0.123464,-0.07,-7.49,-0.14,-48
1786632871320,239998,Thigh,stand,-0.243024,0.967216,0.122976,0.21,-6.02,-0.42,-48
1786632871320,240015,Thigh,stand,-0.239608,0.972096,0.119072,-0.21,-4.9,-0.35,-48
1786632871320,240032,Thigh,stand,-0.239608,0.973072,0.11468,-0.77,-4.62,-0.42,-48
1786632871320,240049,Thigh,stand,-0.244,0.9638,0.113704,-0.91,-4.2,-0.63,-48
1786632871320,240080,Thigh,stand,-0.249368,0.965264,0.110776,-0.21,-4.62,-0.7,-48
1786632871320,240097,Thigh,stand,-0.24888,0.965752,0.110776,-0.14,-4.76,-0.84,-48
1786632871320,240114,Thigh,stand,-0.245952,0.964288,0.10248,0.28,-4.9,-0.84,-48
1786632871320,240131,Thigh,stand,-0.245464,0.959896,0.101016,0.98,-4.97,-0.84,-48
1786632871320,240148,Thigh,stand,-0.243024,0.961848,0.105408,1.61,-4.41,-0.84,-48
1786632871677,240324,Thigh,stand,-0.24888,0.967704,0.103944,2.17,0.63,-0.28,-46
1786632871677,240355,Thigh,stand,-0.25376,0.964288,0.10248,1.4,1.12,-0.56,-46
1786632871677,240372,Thigh,stand,-0.255224,0.964776,0.10248,1.47,1.05,-0.63,-46
1786632871677,240389,Thigh,stand,-0.259128,0.965264,0.102968,1.68,1.05,-0.63,-46
1786632871677,240406,Thigh,stand,-0.260592,0.962824,0.101504,2.31,0.91,-0.63,-46
1786632871677,240437,Thigh,stand,-0.262056,0.9638,0.096136,2.1,0.7,-0.35,-46
1786632871677,240454,Thigh,stand,-0.262056,0.96624,0.093208,2.59,0.14,-0.35,-46
1786632871677,240471,Thigh,stand,-0.264984,0.967704,0.093696,2.59,-0.07,-0.35,-46
1786632871677,240488,Thigh,stand,-0.264984,0.965752,0.095648,2.24,-0.28,-0.49,-46
1786632871677,240505,Thigh,stand,-0.26352,0.964776,0.09516,2.03,-0.7,-0.49,-46
1786632872039,240679,Thigh,stand,-0.262056,0.968192,0.094184,1.33,-2.1,-0.35,-46
1786632872039,240710,Thigh,stand,-0.256688,0.970632,0.092232,0.84,-3.08,-0.14,-46
1786632872039,240727,Thigh,stand,-0.253272,0.969168,0.08296,0.42,-3.5,-0.14,-46
1786632872039,240744,Thigh,stand,-0.254248,0.960872,0.08052,0.77,-3.85,-0.28,-46
1786632872039,240761,Thigh,stand,-0.25376,0.959408,0.085888,1.4,-3.57,-0.28,-46
1786632872039,240792,Thigh,stand,-0.24888,0.967704,0.085888,1.89,-3.15,-0.07,-46
1786632872039,240809,Thigh,stand,-0.248392,0.965752,0.085888,1.96,-2.66,-0.07,-46
1786632872039,240826,Thigh,stand,-0.253272,0.965752,0.086376,1.89,-2.52,-0.07,-46
1786632872039,240843,Thigh,stand,-0.255712,0.9638,0.092232,1.75,-2.17,-0.07,-46
1786632872039,240860,Thigh,stand,-0.255224,0.969656,0.097112,1.89,-2.31,-0.14,-46
1786632872399,241036,Thigh,stand,-0.259128,0.9638,0.084424,2.03,-1.68,-0.07,-48
1786632872399,241066,Thigh,stand,-0.262056,0.9638,0.089792,2.31,-1.75,0,-48
1786632872399,241083,Thigh,stand,-0.262056,0.968192,0.094672,2.24,-1.54,0.07,-48
1786632872399,241100,Thigh,stand,-0.26108,0.970144,0.09516,2.17,-1.47,0,-48
1786632872399,241117,Thigh,stand,-0.259128,0.971608,0.0976,1.82,-1.89,0,-48
1786632872399,241148,Thigh,stand,-0.25864,0.96624,0.091256,1.54,-2.87,-0.14,-48
1786632872399,241165,Thigh,stand,-0.25864,0.96624,0.08784,1.19,-2.45,-0.14,-48
1786632872399,241182,Thigh,stand,-0.258152,0.963312,0.084912,1.12,-2.38,-0.14,-48
1786632872399,241199,Thigh,stand,-0.253272,0.9638,0.085888,0.91,-2.66,0,-48
1786632872399,241216,Thigh,stand,-0.251808,0.967704,0.086864,1.33,-2.52,0.07,-48
1786632872829,241389,Thigh,stand,-0.252784,0.969656,0.094672,0.77,-2.17,-0.14,-48
1786632872829,241420,Thigh,stand,-0.249856,0.970144,0.084424,0.63,-2.38,0,-48
1786632872829,241437,Thigh,stand,-0.25132,0.967704,0.079544,0.35,-2.94,0,-48
1786632872829,241454,Thigh,stand,-0.253272,0.964776,0.082472,0.42,-3.08,-0.14,-48
1786632872829,241471,Thigh,stand,-0.253272,0.965752,0.084912,0.21,-3.57,-0.35,-48
1786632872829,241502,Thigh,stand,-0.255712,0.965264,0.0854,0.14,-4.13,-0.14,-48
1786632872829,241519,Thigh,stand,-0.2562,0.963312,0.090768,0.63,-4.69,-0.14,-48
1786632872829,241536,Thigh,stand,-0.256688,0.965264,0.089304,0.84,-4.9,0,-48
1786632872829,241553,Thigh,stand,-0.255224,0.969656,0.086376,0.84,-4.9,0.07,-48
1786632872829,241570,Thigh,stand,-0.252296,0.96624,0.086864,0.56,-5.18,0.14,-48
1786632873105,241745,Thigh,stand,-0.258152,0.967704,0.094672,1.19,-3.57,0,-48
1786632873105,241775,Thigh,stand,-0.252296,0.964776,0.094672,1.12,-4.27,-0.14,-48
1786632873105,241792,Thigh,stand,-0.251808,0.964288,0.095648,1.33,-4.76,-0.21,-48
1786632873105,241809,Thigh,stand,-0.250832,0.967704,0.09272,1.26,-4.76,-0.21,-48
1786632873105,241826,Thigh,stand,-0.250832,0.964776,0.093208,0.77,-5.04,-0.21,-48
1786632873105,241857,Thigh,stand,-0.248392,0.96624,0.099064,1.26,-4.9,0.07,-48
1786632873105,241874,Thigh,stand,-0.247416,0.971608,0.100528,0.91,-4.41,0.14,-48
1786632873105,241891,Thigh,stand,-0.250344,0.967704,0.099064,0.63,-3.99,0.14,-48
1786632873105,241908,Thigh,stand,-0.252296,0.964776,0.095648,0.63,-3.57,-0.07,-48
1786632873105,241925,Thigh,stand,-0.253272,0.964288,0.093208,0.77,-2.8,-0.21,-48
1786632873479,242101,Thigh,stand,-0.259128,0.962824,0.095648,0.91,-3.78,0.21,-52
1786632873479,242132,Thigh,stand,-0.254248,0.966728,0.092232,1.19,-4.2,0.49,-52
1786632873479,242150,Thigh,stand,-0.24888,0.96136,0.10004,1.54,-4.06,0.49,-52
1786632873479,242166,Thigh,stand,-0.245464,0.96624,0.103944,1.96,-3.43,0.42,-52
1786632873479,242183,Thigh,stand,-0.243024,0.97112,0.103944,1.89,-3.01,0.42,-52
1786632873479,242214,Thigh,stand,-0.244488,0.968192,0.10492,1.26,-3.15,0.28,-52
1786632873479,242231,Thigh,stand,-0.250832,0.96624,0.10248,1.12,-2.66,0.14,-52
1786632873479,242248,Thigh,stand,-0.250832,0.96868,0.103456,1.05,-2.03,0.14,-52
1786632873479,242265,Thigh,stand,-0.251808,0.970144,0.102968,0.84,-1.75,0.28,-52
1786632873479,242282,Thigh,stand,-0.252296,0.968192,0.101992,0.49,-1.89,0.21,-52
1786632873888,242456,Thigh,stand,-0.242048,0.967704,0.100528,0.42,-2.52,0.28,-48
1786632873888,242488,Thigh,stand,-0.24888,0.966728,0.096624,0.42,-2.52,0.07,-48
1786632873888,242504,Thigh,stand,-0.24888,0.967704,0.098576,0.56,-2.38,0,-48
1786632873888,242522,Thigh,stand,-0.247904,0.967704,0.096136,0.49,-1.82,0.14,-48
1786632873888,242538,Thigh,stand,-0.249856,0.964288,0.094672,0.63,-1.82,0.28,-48
1786632873888,242570,Thigh,stand,-0.247904,0.965264,0.098576,1.05,-0.84,0.35,-48
1786632873888,242586,Thigh,stand,-0.244976,0.968192,0.099552,1.12,-0.7,0.28,-48
1786632873888,242603,Thigh,stand,-0.24156,0.97112,0.0976,0.77,-1.19,0.21,-48
1786632873888,242620,Thigh,stand,-0.243512,0.965264,0.098088,0.56,-1.68,0.28,-48
1786632873888,242637,Thigh,stand,-0.245952,0.967216,0.10248,0.84,-1.12,0.14,-48
1786632874209,242812,Thigh,stand,-0.249856,0.967216,0.098088,0.63,-2.24,0.07,-49
1786632874209,242843,Thigh,stand,-0.254248,0.962336,0.103944,1.19,-2.38,0.21,-49
1786632874209,242860,Thigh,stand,-0.255224,0.965264,0.101992,1.33,-2.31,0.14,-49
1786632874209,242877,Thigh,stand,-0.248392,0.96868,0.09516,1.54,-2.59,0.07,-49
1786632874209,242893,Thigh,stand,-0.243024,0.966728,0.10248,1.68,-2.24,-0.14,-49
1786632874209,242924,Thigh,stand,-0.244488,0.965752,0.108336,1.61,-1.4,-0.14,-49
1786632874209,242941,Thigh,stand,-0.244488,0.969168,0.11224,1.75,-0.98,-0.14,-49
1786632874209,242958,Thigh,stand,-0.246928,0.969656,0.102968,1.33,-1.19,-0.21,-49
1786632874209,242975,Thigh,stand,-0.24644,0.967216,0.103456,1.33,-1.75,-0.14,-49
1786632874209,242992,Thigh,stand,-0.243024,0.968192,0.10736,1.33,-1.68,-0.28,-49
1786632874587,243169,Thigh,stand,-0.25376,0.967704,0.102968,1.68,-3.64,-0.56,-48
1786632874587,243200,Thigh,stand,-0.249856,0.96624,0.110776,1.4,-3.99,-0.56,-48
1786632874587,243218,Thigh,stand,-0.246928,0.969168,0.11224,1.12,-3.22,-0.56,-48
1786632874587,243234,Thigh,stand,-0.247904,0.966728,0.111264,1.12,-2.8,-0.49,-48
1786632874587,243252,Thigh,stand,-0.25132,0.9638,0.108336,1.54,-2.59,-0.49,-48
1786632874587,243283,Thigh,stand,-0.24888,0.96868,0.100528,1.96,-2.59,-0.63,-48
1786632874587,243300,Thigh,stand,-0.250344,0.966728,0.0976,1.54,-2.1,-0.56,-48
1786632874587,243317,Thigh,stand,-0.25376,0.963312,0.101504,1.68,-1.47,-0.63,-48
1786632874587,243334,Thigh,stand,-0.254736,0.965752,0.103944,1.75,-1.12,-0.63,-48
1786632874587,243351,Thigh,stand,-0.256688,0.96624,0.10492,1.61,-1.12,-0.56,-48
1786632874991,243526,Thigh,stand,-0.259128,0.96868,0.097112,1.75,-1.61,-0.14,-48
1786632874991,243557,Thigh,stand,-0.247416,0.97112,0.107848,1.47,-0.91,-0.35,-48
1786632874991,243574,Thigh,stand,-0.235704,0.971608,0.108336,1.19,-1.12,-0.42,-48
1786632874991,243591,Thigh,stand,-0.22936,0.97112,0.110288,1.12,-1.05,-0.56,-48
1786632874991,243607,Thigh,stand,-0.220576,0.97356,0.107848,0.77,-0.84,-0.63,-48
1786632874991,243638,Thigh,stand,-0.218136,0.96624,0.103456,0.28,1.82,-0.56,-48
1786632874991,243654,Thigh,stand,-0.225944,0.965264,0.099064,0.35,2.38,-0.49,-48
1786632874991,243671,Thigh,stand,-0.23912,0.9638,0.089304,0.35,3.15,-0.28,-48
1786632874991,243688,Thigh,stand,-0.257664,0.96624,0.081984,0.77,3.22,-0.07,-48
1786632874991,243719,Thigh,stand,-0.288408,0.960384,0.075152,0.84,0.77,0,-48
1786632875256,243894,Thigh,stand,-0.247416,0.967704,0.110288,1.54,-11.83,0.7,-48
1786632875256,243925,Thigh,stand,-0.225456,0.974048,0.115168,0.98,-10.92,0.56,-48
1786632875256,243942,Thigh,stand,-0.221552,0.967704,0.115168,0.84,-9.8,0.56,-48
1786632875256,243959,Thigh,stand,-0.217648,0.964776,0.11468,0.84,-9.17,0.35,-48
1786632875256,243976,Thigh,stand,-0.2196,0.9638,0.116144,1.33,-7.98,0.28,-48
1786632875256,244006,Thigh,stand,-0.22448,0.966728,0.116144,1.4,-5.6,0.21,-48
1786632875256,244023,Thigh,stand,-0.228872,0.969168,0.113216,1.12,-5.25,0.07,-48
1786632875256,244040,Thigh,stand,-0.232776,0.968192,0.110288,1.12,-4.41,0.07,-48
1786632875256,244057,Thigh,stand,-0.23668,0.965752,0.1098,1.12,-3.85,0.21,-48
1786632875256,244074,Thigh,stand,-0.237656,0.967704,0.106384,1.19,-3.5,0.35,-48
1786632875614,244249,Thigh,stand,-0.25132,0.964776,0.103456,3.29,-3.29,0.21,-47
1786632875614,244280,Thigh,stand,-0.247416,0.974048,0.099064,2.52,-3.08,0.49,-47
1786632875614,244297,Thigh,stand,-0.24644,0.969168,0.10736,1.89,-3.5,0.42,-47
1786632875614,244314,Thigh,stand,-0.239608,0.967704,0.123952,2.03,-3.01,0.07,-47
1786632875614,244331,Thigh,stand,-0.23424,0.976488,0.12444,2.1,-2.31,-0.28,-47
1786632875614,244361,Thigh,stand,-0.227408,0.97844,0.122488,0.56,-0.14,-0.84,-47
1786632875614,244378,Thigh,stand,-0.222528,0.971608,0.113216,-0.28,0.21,-1.05,-47
1786632875614,244395,Thigh,stand,-0.22204,0.969168,0.111264,-0.7,0.91,-0.98,-47
1786632875614,244412,Thigh,stand,-0.22936,0.96136,0.1098,-0.77,1.12,-0.91,-47
1786632875614,244429,Thigh,stand,-0.235704,0.965752,0.105408,-0.14,1.33,-0.7,-47
1786632876040,244658,Thigh,stand,-0.239608,0.964776,0.110288,2.52,-0.49,-0.49,-47
1786632876040,244689,Thigh,stand,-0.240584,0.96624,0.110776,2.45,0.35,-0.56,-47
1786632876040,244706,Thigh,stand,-0.244488,0.97112,0.11224,2.38,0.28,-0.49,-47
1786632876040,244723,Thigh,stand,-0.246928,0.96868,0.115168,1.96,0.07,-0.49,-47
1786632876040,244740,Thigh,stand,-0.255224,0.965264,0.1098,1.96,-0.21,-0.63,-47
1786632876040,244770,Thigh,stand,-0.264984,0.969168,0.101992,1.75,-0.77,-0.77,-47
1786632876040,244787,Thigh,stand,-0.266936,0.967216,0.095648,1.54,-1.75,-0.77,-47
1786632876040,244804,Thigh,stand,-0.26352,0.965264,0.10004,1.54,-2.17,-0.56,-47
1786632876040,244821,Thigh,stand,-0.26108,0.965752,0.103456,1.89,-2.1,-0.77,-47
1786632876040,244838,Thigh,stand,-0.257664,0.969656,0.10248,1.89,-2.31,-0.84,-47
1786632876379,245013,Thigh,stand,-0.238632,0.971608,0.111264,2.17,-2.94,-0.49,-47
1786632876379,245044,Thigh,stand,-0.244,0.967704,0.116632,1.96,-2.24,-0.7,-47
1786632876379,245061,Thigh,stand,-0.246928,0.96624,0.113704,1.75,-2.1,-0.7,-47
1786632876379,245078,Thigh,stand,-0.249368,0.967216,0.105408,1.54,-1.96,-0.63,-47
1786632876379,245095,Thigh,stand,-0.250344,0.970144,0.100528,1.54,-2.1,-0.49,-47
1786632876379,245125,Thigh,stand,-0.25376,0.967704,0.098576,0.56,-1.82,-0.63,-47
1786632876379,245142,Thigh,stand,-0.254248,0.966728,0.096136,0.7,-1.47,-0.63,-47
1786632876379,245159,Thigh,stand,-0.252784,0.965264,0.091256,0.7,-1.47,-0.63,-47
1786632876379,245176,Thigh,stand,-0.25132,0.965264,0.089304,0.98,-1.33,-0.49,-47
1786632876379,245193,Thigh,stand,-0.247416,0.963312,0.09272,1.19,-0.91,-0.35,-47
1786632876748,245369,Thigh,stand,-0.244488,0.968192,0.098088,1.89,0.91,-0.56,-53
1786632876748,245400,Thigh,stand,-0.246928,0.964776,0.095648,1.75,1.82,-0.56,-53
1786632876748,245417,Thigh,stand,-0.247416,0.966728,0.095648,2.03,2.66,-0.35,-53
1786632876748,245434,Thigh,stand,-0.244976,0.967216,0.089792,2.03,2.8,-0.21,-53
1786632876748,245451,Thigh,stand,-0.25132,0.95892,0.081496,1.96,2.17,0.07,-53
1786632876748,245482,Thigh,stand,-0.27572,0.959408,0.077592,3.22,1.26,0.42,-53
1786632876748,245498,Thigh,stand,-0.285968,0.964776,0.08052,3.43,0.21,0.21,-53
1786632876748,245515,Thigh,stand,-0.292312,0.9638,0.087352,3.5,-0.63,0.14,-53
1786632876748,245531,Thigh,stand,-0.293776,0.967216,0.086864,3.92,-2.17,0.28,-53
1786632876748,245562,Thigh,stand,-0.28548,0.967704,0.080032,3.5,-5.04,0,-53
1786632877110,245737,Thigh,stand,-0.211304,0.9638,0.095648,3.08,-7.14,0,-53
1786632877110,245768,Thigh,stand,-0.222528,0.966728,0.100528,2.94,-4.41,0,-53
1786632877110,245785,Thigh,stand,-0.229848,0.97112,0.101992,2.94,-3.78,0,-53
1786632877110,245802,Thigh,stand,-0.237656,0.974048,0.10492,2.66,-2.59,-0.07,-53
1786632877110,245819,Thigh,stand,-0.244976,0.97356,0.10248,2.1,-1.33,-0.14,-53
1786632877110,245850,Thigh,stand,-0.25132,0.967704,0.098576,1.33,-0.42,-0.28,-53
1786632877110,245867,Thigh,stand,-0.252784,0.970144,0.093208,1.4,-0.49,-0.56,-53
1786632877110,245883,Thigh,stand,-0.249856,0.97112,0.094672,0.63,-0.84,-0.63,-53
1786632877110,245900,Thigh,stand,-0.247904,0.969168,0.094672,0.63,0,-0.7,-53
1786632877110,245917,Thigh,stand,-0.244976,0.966728,0.091744,0.63,0.42,-0.7,-53
1786632877459,246091,Thigh,stand,-0.25864,0.96868,0.074176,2.52,3.99,-0.35,-53
1786632877459,246122,Thigh,stand,-0.267912,0.962336,0.0854,2.38,5.46,-0.42,-53
1786632877459,246139,Thigh,stand,-0.271816,0.964776,0.081496,2.94,6.02,-0.35,-53
1786632877459,246156,Thigh,stand,-0.27084,0.967704,0.074664,2.8,5.88,-0.21,-53
1786632877459,246173,Thigh,stand,-0.27084,0.969168,0.072712,2.52,5.46,-0.21,-53
1786632877459,246204,Thigh,stand,-0.269864,0.964288,0.069784,2.24,3.22,-0.21,-53
1786632877459,246221,Thigh,stand,-0.272304,0.962336,0.071248,2.24,3.01,-0.28,-53
1786632877459,246238,Thigh,stand,-0.272304,0.967216,0.071736,2.31,2.66,-0.28,-53
1786632877459,246254,Thigh,stand,-0.269864,0.973072,0.069784,1.82,2.24,-0.42,-53
1786632877459,246271,Thigh,stand,-0.264984,0.970632,0.07564,1.82,1.4,-0.35,-53
1786632877819,246446,Thigh,stand,-0.246928,0.97356,0.069296,0.56,-0.07,-0.14,-54
1786632877819,246478,Thigh,stand,-0.252296,0.966728,0.0732,-0.14,-0.77,-0.21,-54
1786632877819,246495,Thigh,stand,-0.262056,0.963312,0.07076,-0.14,-0.91,-0.07,-54
1786632877819,246512,Thigh,stand,-0.266448,0.9638,0.06344,0.35,-1.54,-0.07,-54
1786632877819,246529,Thigh,stand,-0.267912,0.967216,0.061,0.77,-2.45,-0.21,-54
1786632877819,246560,Thigh,stand,-0.271816,0.96624,0.06344,0.63,-3.5,-0.49,-54
1786632877819,246577,Thigh,stand,-0.269376,0.967216,0.066856,0.7,-4.55,-0.49,-54
1786632877819,246594,Thigh,stand,-0.266936,0.966728,0.066856,0.84,-4.97,-0.49,-54
1786632877819,246611,Thigh,stand,-0.265472,0.965264,0.070272,0.63,-5.46,-0.35,-54
1786632877819,246628,Thigh,stand,-0.26352,0.965752,0.070272,0.49,-5.67,-0.35,-54
1786632878173,246803,Thigh,stand,-0.24888,0.96868,0.07564,0.91,-7.28,0.14,-49
1786632878173,246834,Thigh,stand,-0.247416,0.965264,0.078568,1.12,-6.23,0.21,-49
1786632878173,246851,Thigh,stand,-0.249856,0.967216,0.081496,1.05,-5.88,0.21,-49
1786632878173,246868,Thigh,stand,-0.254736,0.96624,0.0854,1.05,-5.25,0.14,-49
1786632878173,246885,Thigh,stand,-0.258152,0.962824,0.089792,1.33,-4.69,0.07,-49
1786632878173,246916,Thigh,stand,-0.260104,0.96868,0.088816,1.12,-4.2,-0.07,-49
1786632878173,246933,Thigh,stand,-0.254736,0.964776,0.089792,1.26,-3.78,-0.07,-49
1786632878173,246950,Thigh,stand,-0.25376,0.965264,0.08784,1.19,-3.64,0,-49
1786632878173,246967,Thigh,stand,-0.250832,0.967216,0.088328,1.12,-3.64,0.07,-49
1786632878173,246984,Thigh,stand,-0.250832,0.96868,0.09028,0.77,-3.15,0.14,-49
1786632878529,247158,Thigh,stand,-0.26108,0.960384,0.08296,0.49,-1.05,0.35,-48
1786632878529,247189,Thigh,stand,-0.259128,0.96624,0.0854,1.05,-0.77,0.28,-48
1786632878529,247206,Thigh,stand,-0.25864,0.96868,0.0854,0.84,-0.84,0.21,-48
1786632878529,247224,Thigh,stand,-0.257664,0.965752,0.088328,0.84,-0.91,0.07,-48
1786632878529,247241,Thigh,stand,-0.258152,0.965752,0.090768,0.77,-1.05,0,-48
1786632878529,247272,Thigh,stand,-0.259128,0.96624,0.091256,0.42,-0.84,0.14,-48
1786632878529,247289,Thigh,stand,-0.259616,0.966728,0.090768,0.42,-0.98,0.07,-48
1786632878529,247306,Thigh,stand,-0.255224,0.963312,0.093208,0.56,-0.7,0,-48
1786632878529,247323,Thigh,stand,-0.250832,0.965752,0.091256,0.91,-0.63,0,-48
1786632878529,247340,Thigh,stand,-0.247904,0.96868,0.090768,1.05,-1.05,0.21,-48
1786632878885,247513,Thigh,stand,-0.251808,0.966728,0.079056,0.14,-3.15,-0.14,-48
1786632878885,247544,Thigh,stand,-0.252784,0.965264,0.08052,0.07,-3.64,0.07,-48
1786632878885,247561,Thigh,stand,-0.255224,0.964776,0.081496,0.49,-4.06,0.07,-48
1786632878885,247578,Thigh,stand,-0.254736,0.964288,0.08052,0.63,-4.55,0.14,-48
1786632878885,247595,Thigh,stand,-0.253272,0.962824,0.08296,1.12,-3.71,0.28,-48
1786632878885,247626,Thigh,stand,-0.25132,0.965752,0.076128,1.61,-3.92,0.21,-48
1786632878885,247643,Thigh,stand,-0.25376,0.968192,0.086864,1.4,-3.85,0,-48
1786632878885,247660,Thigh,stand,-0.25376,0.968192,0.091744,1.33,-3.64,-0.14,-48
1786632878885,247677,Thigh,stand,-0.25376,0.96868,0.095648,1.4,-3.78,-0.07,-48
1786632878885,247694,Thigh,stand,-0.253272,0.972096,0.09516,1.19,-4.55,-0.07,-48
1786632879266,247868,Thigh,stand,-0.243512,0.969168,0.094672,0.91,-3.5,-0.14,-48
1786632879266,247899,Thigh,stand,-0.246928,0.967216,0.101504,0.98,-2.87,-0.14,-48
1786632879266,247916,Thigh,stand,-0.251808,0.965264,0.099552,1.12,-2.38,-0.14,-48
1786632879266,247933,Thigh,stand,-0.258152,0.965264,0.0976,0.98,-2.31,-0.14,-48
1786632879266,247950,Thigh,stand,-0.261568,0.967704,0.094184,0.63,-2.8,-0.14,-48
1786632879266,247981,Thigh,stand,-0.2684,0.965264,0.091744,0.91,-3.92,-0.35,-48
1786632879266,247998,Thigh,stand,-0.2684,0.965264,0.09272,0.91,-4.27,-0.35,-48
1786632879266,248015,Thigh,stand,-0.26596,0.968192,0.093696,0.91,-4.9,-0.21,-48
1786632879266,248032,Thigh,stand,-0.261568,0.966728,0.095648,0.35,-5.04,-0.21,-48
1786632879266,248049,Thigh,stand,-0.259128,0.967216,0.087352,0.63,-6.51,-0.35,-48
1786632879608,248224,Thigh,stand,-0.24888,0.96868,0.111752,3.64,-6.23,0.07,-46
1786632879608,248256,Thigh,stand,-0.247416,0.973072,0.122488,1.96,-3.85,-0.07,-46
1786632879608,248273,Thigh,stand,-0.244488,0.970144,0.122488,1.61,-3.29,-0.07,-46
1786632879608,248289,Thigh,stand,-0.245464,0.967704,0.112728,1.4,-2.94,-0.14,-46
1786632879608,248306,Thigh,stand,-0.247904,0.969168,0.105408,0.63,-2.87,-0.28,-46
1786632879608,248337,Thigh,stand,-0.24644,0.964776,0.10248,0.21,-1.82,-0.56,-46
1786632879608,248354,Thigh,stand,-0.24644,0.96624,0.09516,0.91,-1.19,-0.35,-46
1786632879608,248371,Thigh,stand,-0.246928,0.967704,0.09272,0.98,-1.26,-0.21,-46
1786632879608,248388,Thigh,stand,-0.247416,0.965752,0.096136,0.98,-1.4,-0.14,-46
1786632879608,248405,Thigh,stand,-0.246928,0.965752,0.094672,1.33,-1.54,-0.07,-46
1786632879998,248580,Thigh,stand,-0.240096,0.96868,0.10736,1.61,-1.89,0.07,-48
1786632879998,248611,Thigh,stand,-0.242048,0.964776,0.108336,1.75,-0.77,-0.14,-48
1786632879998,248628,Thigh,stand,-0.244,0.969656,0.10736,1.61,-0.28,-0.14,-48
1786632879998,248645,Thigh,stand,-0.245952,0.970632,0.106384,1.33,-0.14,-0.21,-48
1786632879998,248662,Thigh,stand,-0.249856,0.972096,0.105408,1.19,-0.28,-0.42,-48
1786632879998,248693,Thigh,stand,-0.251808,0.96868,0.111752,0.77,-0.14,-0.49,-48
1786632879998,248710,Thigh,stand,-0.251808,0.967704,0.111752,0.77,-0.49,-0.63,-48
1786632879998,248727,Thigh,stand,-0.25132,0.973072,0.098088,0.49,-1.33,-0.7,-48
1786632879998,248744,Thigh,stand,-0.247904,0.964288,0.096624,-0.07,-2.17,-0.7,-48
1786632879998,248761,Thigh,stand,-0.24888,0.963312,0.0976,0.42,-2.17,-0.56,-48
1786632880384,248936,Thigh,stand,-0.259128,0.96624,0.101504,1.4,-2.66,-0.35,-48
1786632880384,248967,Thigh,stand,-0.256688,0.966728,0.101992,1.33,-2.38,-0.35,-48
1786632880384,248984,Thigh,stand,-0.2562,0.96868,0.101504,1.26,-2.24,-0.42,-48
1786632880384,249002,Thigh,stand,-0.252784,0.971608,0.0976,0.98,-2.66,-0.49,-48
1786632880384,249019,Thigh,stand,-0.25376,0.969656,0.097112,0.7,-3.22,-0.7,-48
1786632880384,249050,Thigh,stand,-0.250344,0.961848,0.099064,0.7,-2.45,-0.42,-48
1786632880384,249067,Thigh,stand,-0.248392,0.962824,0.089792,1.33,-2.73,-0.35,-48
1786632880384,249084,Thigh,stand,-0.246928,0.9638,0.085888,1.33,-3.22,-0.28,-48
1786632880384,249101,Thigh,stand,-0.25132,0.960872,0.089304,1.75,-3.08,-0.28,-48
1786632880384,249119,Thigh,stand,-0.25132,0.964288,0.090768,2.24,-2.59,-0.14,-48
1786632880677,249296,Thigh,stand,-0.249368,0.964288,0.099064,1.82,-3.64,-0.49,-48
1786632880677,249328,Thigh,stand,-0.24644,0.970632,0.099552,1.89,-3.08,-0.35,-48
1786632880677,249346,Thigh,stand,-0.244488,0.972096,0.101016,1.4,-3.22,-0.35,-48
1786632880677,249363,Thigh,stand,-0.244,0.968192,0.102968,0.98,-2.87,-0.28,-48
1786632880677,249380,Thigh,stand,-0.244976,0.962824,0.101504,1.4,-2.59,-0.21,-48
1786632880677,249397,Thigh,stand,-0.244976,0.965264,0.095648,1.96,-2.45,-0.28,-48
1786632880677,249428,Thigh,stand,-0.245464,0.967704,0.093696,1.89,-2.17,-0.35,-48
1786632880677,249445,Thigh,stand,-0.249368,0.966728,0.094672,2.17,-2.59,-0.42,-48
1786632880677,249462,Thigh,stand,-0.249856,0.964288,0.101016,2.31,-2.38,-0.49,-48
1786632880677,249479,Thigh,stand,-0.249856,0.967704,0.105896,2.31,-1.89,-0.56,-48
1786632881397,249655,Thigh,stand,-0.314272,0.959408,0.075152,1.82,0.63,0.14,-48
1786632881397,249685,Thigh,stand,-0.318176,0.959896,0.070272,3.29,-4.06,-0.07,-48
1786632881397,249703,Thigh,stand,-0.305,0.96136,0.06832,3.22,-5.32,-0.14,-48
1786632881397,249719,Thigh,stand,-0.29036,0.957456,0.081008,3.5,-6.72,-0.14,-48
1786632881397,249736,Thigh,stand,-0.277672,0.963312,0.093208,3.99,-7.98,-0.14,-48
1786632881397,249767,Thigh,stand,-0.266448,0.977952,0.101016,3.08,-9.03,-0.42,-48
1786632881397,249784,Thigh,stand,-0.260104,0.976488,0.110288,1.96,-9.17,-0.7,-48
1786632881397,249801,Thigh,stand,-0.24644,0.976,0.11712,1.19,-8.82,-0.84,-48
1786632881397,249818,Thigh,stand,-0.236192,0.976488,0.115656,0.49,-8.12,-0.84,-48
1786632881397,249836,Thigh,stand,-0.218624,0.972096,0.11224,0.07,-6.93,-0.56,-48
1786632881704,250010,Thigh,stand,-0.271816,0.963312,0.088328,2.38,-4.27,-0.21,-47
1786632881704,250041,Thigh,stand,-0.251808,0.965264,0.090768,2.8,-3.99,-0.21,-47
1786632881704,250058,Thigh,stand,-0.240584,0.970144,0.089304,2.73,-3.78,-0.14,-47
1786632881704,250074,Thigh,stand,-0.238144,0.975024,0.092232,2.66,-3.22,-0.21,-47
1786632881704,250091,Thigh,stand,-0.23424,0.974536,0.091744,2.45,-2.73,-0.14,-47
1786632881704,250123,Thigh,stand,-0.238144,0.964288,0.086864,2.45,-0.14,0.07,-47
1786632881704,250140,Thigh,stand,-0.240584,0.964288,0.086864,2.66,0.49,0,-47
1786632881704,250157,Thigh,stand,-0.24644,0.96868,0.088328,2.66,0.63,-0.07,-47
1786632881704,250174,Thigh,stand,-0.249368,0.973072,0.095648,2.31,0.77,-0.28,-47
1786632881704,250191,Thigh,stand,-0.254248,0.968192,0.096624,1.96,0.7,-0.56,-47
1786632881847,250366,Thigh,stand,-0.25132,0.96868,0.07564,0.56,1.96,-0.28,-49
1786632881847,250397,Thigh,stand,-0.262544,0.970632,0.07808,0.14,0.14,-0.35,-49
1786632881847,250414,Thigh,stand,-0.264984,0.967704,0.077104,0.07,-0.07,-0.28,-49
1786632881847,250431,Thigh,stand,-0.267424,0.965264,0.074176,0.14,-0.21,-0.21,-49
1786632881847,250447,Thigh,stand,-0.266936,0.966728,0.074176,0.28,-0.35,-0.35,-49
1786632881847,250478,Thigh,stand,-0.260104,0.969656,0.07564,0.21,-0.56,-0.49,-49
1786632881847,250495,Thigh,stand,-0.25864,0.968192,0.07808,-0.21,-1.12,-0.49,-49
1786632881847,250512,Thigh,stand,-0.257664,0.9638,0.081008,0.14,-0.91,-0.35,-49
1786632881847,250529,Thigh,stand,-0.260104,0.960872,0.077592,0.77,-0.98,-0.28,-49
1786632881847,250546,Thigh,stand,-0.260592,0.960384,0.077592,0.91,-0.49,-0.28,-49
1786632882525,250789,Thigh,stand,-0.253272,0.965264,0.084424,1.54,-3.92,0.21,-49
1786632882525,250820,Thigh,stand,-0.254248,0.965752,0.084424,1.54,-3.92,0.35,-49
1786632882525,250837,Thigh,stand,-0.25864,0.967704,0.08296,1.61,-4.55,0.21,-49
1786632882525,250853,Thigh,stand,-0.26108,0.967216,0.089792,1.47,-4.83,0,-49
1786632882525,250870,Thigh,stand,-0.26352,0.969168,0.09272,1.4,-4.76,-0.07,-49
1786632882525,250901,Thigh,stand,-0.256688,0.967704,0.088816,1.19,-4.9,-0.14,-49
1786632882525,250918,Thigh,stand,-0.252296,0.968192,0.083936,0.84,-4.76,0.07,-49
1786632882525,250935,Thigh,stand,-0.249368,0.968192,0.083448,0.56,-5.53,0.21,-49
1786632882525,250952,Thigh,stand,-0.247416,0.967704,0.086864,0.7,-5.74,0.21,-49
1786632882525,250969,Thigh,stand,-0.248392,0.965752,0.093696,0.63,-6.16,0.14,-49
1786632882834,251143,Thigh,stand,-0.252784,0.96624,0.093208,1.33,-1.33,0,-49
1786632882834,251174,Thigh,stand,-0.25132,0.96868,0.091256,1.05,-1.89,-0.21,-49
1786632882834,251191,Thigh,stand,-0.252784,0.966728,0.094672,1.12,-1.54,-0.28,-49
1786632882834,251208,Thigh,stand,-0.251808,0.967704,0.094672,1.12,-1.54,-0.14,-49
1786632882834,251225,Thigh,stand,-0.252784,0.970144,0.091744,0.91,-1.68,-0.14,-49
1786632882834,251255,Thigh,stand,-0.254248,0.967216,0.093208,1.05,-1.82,-0.14,-49
1786632882834,251272,Thigh,stand,-0.257176,0.965752,0.09272,0.84,-1.82,-0.14,-49
1786632882834,251289,Thigh,stand,-0.258152,0.96868,0.092232,0.77,-1.61,-0.21,-49
1786632882834,251306,Thigh,stand,-0.257176,0.97112,0.089792,0.49,-2.31,-0.49,-49
1786632882834,251323,Thigh,stand,-0.254736,0.970144,0.089304,0.35,-3.01,-0.63,-49
1786632882942,251498,Thigh,stand,-0.264008,0.967704,0.095648,0.98,-2.73,-0.35,-48
1786632882942,251529,Thigh,stand,-0.26108,0.967704,0.09028,0.91,-3.08,-0.42,-48
1786632882942,251546,Thigh,stand,-0.256688,0.967216,0.089304,0.63,-3.01,-0.49,-48
1786632882942,251564,Thigh,stand,-0.253272,0.966728,0.089304,0.49,-2.94,-0.49,-48
1786632882942,251581,Thigh,stand,-0.252784,0.965752,0.08784,0.56,-3.22,-0.35,-48
1786632882942,251611,Thigh,stand,-0.255712,0.965264,0.0854,0.84,-3.64,-0.28,-48
1786632882942,251627,Thigh,stand,-0.254736,0.965752,0.085888,0.98,-3.5,-0.21,-48
1786632882942,251644,Thigh,stand,-0.255224,0.964776,0.085888,1.19,-3.22,-0.28,-48
1786632882942,251661,Thigh,stand,-0.259616,0.965264,0.086376,1.19,-3.22,-0.28,-48
1786632882942,251678,Thigh,stand,-0.257664,0.9638,0.084912,1.19,-3.29,-0.21,-48
1786632883326,251915,Thigh,stand,-0.254736,0.966728,0.094184,1.47,-1.4,-0.14,-46
1786632883326,251946,Thigh,stand,-0.255712,0.964288,0.09272,1.54,-1.82,-0.21,-46
1786632883326,251962,Thigh,stand,-0.255224,0.967216,0.090768,1.4,-1.68,-0.07,-46
1786632883326,251980,Thigh,stand,-0.255224,0.967704,0.093696,1.4,-1.68,0,-46
1786632883326,251997,Thigh,stand,-0.254248,0.96868,0.091256,1.33,-1.82,-0.14,-46
1786632883326,252027,Thigh,stand,-0.249368,0.964288,0.094184,1.12,-2.1,-0.14,-46
1786632883326,252044,Thigh,stand,-0.249856,0.964776,0.093208,1.33,-1.54,-0.07,-46
1786632883326,252061,Thigh,stand,-0.250832,0.965752,0.091744,1.4,-1.68,-0.07,-46
1786632883326,252078,Thigh,stand,-0.250832,0.966728,0.091744,1.4,-1.54,-0.07,-46
1786632883326,252095,Thigh,stand,-0.254248,0.964288,0.092232,1.61,-1.12,-0.07,-46
1786632883657,252271,Thigh,stand,-0.260104,0.967216,0.088328,1.33,-2.45,-0.14,-50
1786632883657,252302,Thigh,stand,-0.258152,0.965752,0.086376,1.19,-2.8,-0.28,-50
1786632883657,252319,Thigh,stand,-0.2562,0.964776,0.0854,1.61,-2.38,-0.28,-50
1786632883657,252336,Thigh,stand,-0.255712,0.968192,0.084912,1.61,-2.17,-0.21,-50
1786632883657,252353,Thigh,stand,-0.250832,0.967704,0.086864,1.47,-2.03,-0.28,-50
1786632883657,252384,Thigh,stand,-0.25376,0.966728,0.086376,1.54,-2.24,-0.21,-50
1786632883657,252400,Thigh,stand,-0.25376,0.964288,0.085888,1.68,-2.31,-0.14,-50
1786632883657,252417,Thigh,stand,-0.2562,0.968192,0.083936,1.47,-2.59,0,-50
1786632883657,252434,Thigh,stand,-0.258152,0.96868,0.089304,1.47,-2.31,-0.07,-50
1786632883657,252451,Thigh,stand,-0.264008,0.96624,0.088328,1.12,-2.1,-0.21,-50
1786632884013,252627,Thigh,stand,-0.244488,0.968192,0.096624,3.01,-0.98,0,-45
1786632884013,252658,Thigh,stand,-0.264008,0.969168,0.099064,2.31,-0.77,0,-45
1786632884013,252675,Thigh,stand,-0.27328,0.969656,0.096624,2.24,-0.84,0,-45
1786632884013,252692,Thigh,stand,-0.276208,0.975024,0.097112,1.4,-1.61,-0.21,-45
1786632884013,252709,Thigh,stand,-0.27084,0.976,0.095648,0.56,-3.08,-0.49,-45
1786632884013,252740,Thigh,stand,-0.254736,0.969168,0.094672,-0.42,-4.2,-0.91,-45
1786632884013,252757,Thigh,stand,-0.24888,0.96868,0.091256,-0.7,-3.99,-0.91,-45
1786632884013,252774,Thigh,stand,-0.246928,0.968192,0.081496,-0.84,-3.57,-0.7,-45
1786632884013,252790,Thigh,stand,-0.245464,0.967216,0.077592,-0.98,-3.22,-0.49,-45
1786632884013,252807,Thigh,stand,-0.244,0.96136,0.076128,-0.77,-2.87,-0.35,-45
1786632884372,252982,Thigh,stand,-0.253272,0.96624,0.089304,0.42,-3.85,0.14,-45
1786632884372,253013,Thigh,stand,-0.259128,0.963312,0.088328,0.63,-2.52,-0.07,-45
1786632884372,253030,Thigh,stand,-0.264496,0.964288,0.08784,0.91,-2.38,-0.14,-45
1786632884372,253047,Thigh,stand,-0.267424,0.965264,0.087352,0.91,-2.24,-0.28,-45
1786632884372,253064,Thigh,stand,-0.2684,0.964776,0.088816,1.05,-2.52,-0.28,-45
1786632884372,253095,Thigh,stand,-0.264984,0.96868,0.086376,0.77,-3.29,-0.14,-45
1786632884372,253112,Thigh,stand,-0.26352,0.967216,0.0854,0.56,-3.71,-0.07,-45
1786632884372,253129,Thigh,stand,-0.26108,0.965752,0.086376,0.7,-3.85,-0.07,-45
1786632884372,253146,Thigh,stand,-0.255224,0.968192,0.082472,0.56,-4.2,0,-45
1786632884372,253162,Thigh,stand,-0.254248,0.96624,0.083936,0.28,-4.62,0,-45
1786632884725,253337,Thigh,stand,-0.259616,0.965752,0.094184,2.31,-3.43,0.14,-46
1786632884725,253368,Thigh,stand,-0.24888,0.969168,0.10492,2.1,-2.73,-0.28,-46
1786632884725,253385,Thigh,stand,-0.240584,0.966728,0.108336,2.17,-2.52,-0.35,-46
1786632884725,253402,Thigh,stand,-0.23424,0.970144,0.10492,2.17,-2.1,-0.28,-46
1786632884725,253419,Thigh,stand,-0.227896,0.969656,0.10736,1.96,-1.68,-0.07,-46
1786632884725,253450,Thigh,stand,-0.233264,0.9638,0.10736,1.47,0.14,-0.07,-46
1786632884725,253467,Thigh,stand,-0.244488,0.964776,0.105408,1.61,1.4,-0.07,-46
1786632884725,253484,Thigh,stand,-0.2562,0.96868,0.101992,1.68,1.61,-0.21,-46
1786632884725,253501,Thigh,stand,-0.260592,0.971608,0.100528,1.33,1.54,-0.35,-46
1786632884725,253518,Thigh,stand,-0.266448,0.972584,0.099064,0.91,1.33,-0.49,-46
1786632885082,253692,Thigh,stand,-0.24888,0.965264,0.086376,1.54,-5.81,0.14,-44
1786632885082,253723,Thigh,stand,-0.24644,0.962824,0.0976,1.82,-3.64,0.07,-44
1786632885082,253740,Thigh,stand,-0.243512,0.9638,0.103944,2.52,-1.96,-0.07,-44
1786632885082,253757,Thigh,stand,-0.240584,0.964288,0.106872,3.08,-0.49,-0.14,-44
1786632885082,253774,Thigh,stand,-0.240096,0.964776,0.10736,3.36,0.7,-0.49,-44
1786632885082,253805,Thigh,stand,-0.243512,0.967216,0.107848,3.57,2.24,-0.56,-44
1786632885082,253822,Thigh,stand,-0.244976,0.967216,0.110288,2.94,2.59,-0.63,-44
1786632885082,253839,Thigh,stand,-0.253272,0.968192,0.11224,2.73,2.52,-0.63,-44
1786632885082,253856,Thigh,stand,-0.260592,0.97356,0.117608,2.03,1.89,-0.7,-44
1786632885082,253873,Thigh,stand,-0.266936,0.977952,0.11712,1.54,1.75,-0.63,-44
1786632885446,254047,Thigh,stand,-0.26108,0.963312,0.067832,1.82,-1.96,-0.63,-46
1786632885446,254078,Thigh,stand,-0.259616,0.9638,0.074176,2.31,-3.29,-0.49,-46
1786632885446,254095,Thigh,stand,-0.259616,0.964288,0.076128,2.38,-3.36,-0.35,-46
1786632885446,254112,Thigh,stand,-0.261568,0.967216,0.077592,2.17,-3.5,-0.21,-46
1786632885446,254129,Thigh,stand,-0.259128,0.96624,0.081984,2.03,-4.41,-0.21,-46
1786632885446,254160,Thigh,stand,-0.249856,0.963312,0.081984,2.31,-5.81,-0.14,-46
1786632885446,254177,Thigh,stand,-0.24644,0.964776,0.081984,2.45,-6.23,-0.07,-46
1786632885446,254194,Thigh,stand,-0.24644,0.96136,0.090768,3.01,-5.04,-0.07,-46
1786632885446,254211,Thigh,stand,-0.245952,0.963312,0.096136,3.5,-4.27,-0.14,-46
1786632885446,254229,Thigh,stand,-0.244488,0.966728,0.09516,3.71,-3.71,-0.21,-46
1786632885794,254404,Thigh,stand,-0.264496,0.967216,0.081496,1.33,-3.01,-0.56,-46
1786632885794,254435,Thigh,stand,-0.2562,0.9638,0.076128,1.4,-3.08,-0.49,-46
1786632885794,254452,Thigh,stand,-0.252784,0.960384,0.078568,1.96,-3.08,-0.49,-46
1786632885794,254469,Thigh,stand,-0.249856,0.96136,0.081984,2.38,-2.52,-0.28,-46
1786632885794,254486,Thigh,stand,-0.248392,0.965752,0.08052,2.66,-1.89,-0.21,-46
1786632885794,254517,Thigh,stand,-0.250832,0.96624,0.0854,2.45,-1.12,0,-46
1786632885794,254534,Thigh,stand,-0.256688,0.962824,0.089792,2.66,-0.7,0.07,-46
1786632885794,254551,Thigh,stand,-0.259616,0.962336,0.089792,2.66,-0.63,0.07,-46
1786632885794,254568,Thigh,stand,-0.261568,0.965752,0.089304,2.73,-0.63,-0.07,-46
1786632885794,254585,Thigh,stand,-0.265472,0.971608,0.08784,2.52,-0.7,-0.07,-46
1786632886176,254759,Thigh,stand,-0.259128,0.955504,0.072712,4.62,-3.15,0.42,-45
1786632886176,254790,Thigh,stand,-0.2928,0.976976,0.081496,3.01,-2.59,0.63,-45
1786632886176,254807,Thigh,stand,-0.292312,0.96868,0.107848,2.38,-1.12,0.21,-45
1786632886176,254824,Thigh,stand,-0.28792,0.966728,0.11712,2.52,-0.7,-0.35,-45
1786632886176,254841,Thigh,stand,-0.278648,0.965264,0.11712,2.24,-0.84,-0.35,-45
1786632886176,254872,Thigh,stand,-0.263032,0.970144,0.099552,0.07,-0.28,-0.07,-45
1786632886176,254889,Thigh,stand,-0.267912,0.973072,0.086376,-0.28,-0.35,-0.28,-45
1786632886176,254906,Thigh,stand,-0.272792,0.98088,0.07564,-1.05,-0.07,-0.56,-45
1786632886176,254923,Thigh,stand,-0.2684,0.976488,0.064904,-2.38,0.56,-0.77,-45
1786632886176,254940,Thigh,stand,-0.262544,0.96624,0.05856,-3.08,0.14,-0.84,-45
1786632886714,255115,Thigh,stand,-0.267912,0.965264,0.072712,4.2,-2.17,0.56,-45
1786632886714,255145,Thigh,stand,-0.264496,0.964776,0.081008,4.55,-2.87,0.42,-45
1786632886714,255162,Thigh,stand,-0.26108,0.971608,0.089304,4.13,-3.78,0.35,-45
1786632886714,255179,Thigh,stand,-0.262544,0.968192,0.097112,3.57,-3.15,0.35,-45
1786632886714,255196,Thigh,stand,-0.266448,0.97112,0.096136,3.22,-2.66,0.35,-45
1786632886714,255227,Thigh,stand,-0.274256,0.97356,0.094672,1.96,-1.96,0.35,-45
1786632886714,255244,Thigh,stand,-0.27816,0.972584,0.090768,1.26,-2.52,0.14,-45
1786632886714,255261,Thigh,stand,-0.279136,0.96868,0.083936,0.91,-3.43,-0.14,-45
1786632886714,255278,Thigh,stand,-0.277672,0.967216,0.08052,0.7,-3.57,-0.35,-45
1786632886714,255295,Thigh,stand,-0.270352,0.966728,0.071736,0.42,-4.13,-0.42,-45
1786632886864,255470,Thigh,stand,-0.260104,0.975024,0.081008,3.78,-0.14,0.21,-45
1786632886864,255500,Thigh,stand,-0.27816,0.97356,0.084912,2.17,-0.77,0.14,-45
1786632886864,255517,Thigh,stand,-0.282064,0.967704,0.088816,1.47,-1.75,0,-45
1786632886864,255534,Thigh,stand,-0.2806,0.969168,0.089304,1.26,-2.8,-0.28,-45
1786632886864,255551,Thigh,stand,-0.276208,0.970632,0.084424,0.77,-3.15,-0.42,-45
1786632886864,255582,Thigh,stand,-0.266936,0.975512,0.076616,0.14,-3.43,-1.05,-45
1786632886864,255599,Thigh,stand,-0.255712,0.972584,0.073688,0,-2.94,-1.12,-45
1786632886864,255616,Thigh,stand,-0.245464,0.965752,0.069784,-0.14,-2.73,-1.19,-45
1786632886864,255633,Thigh,stand,-0.235216,0.962824,0.064904,0,-2.17,-0.98,-45
1786632886864,255650,Thigh,stand,-0.23424,0.962336,0.062464,0.28,-1.68,-0.7,-45
1786632887249,255824,Thigh,stand,-0.262544,0.96624,0.072712,2.17,-3.43,-0.28,-46
1786632887249,255855,Thigh,stand,-0.258152,0.964776,0.074176,1.82,-3.15,-0.14,-46
1786632887249,255872,Thigh,stand,-0.257176,0.962824,0.071736,1.68,-3.01,-0.14,-46
1786632887249,255889,Thigh,stand,-0.260104,0.964776,0.073688,1.96,-2.66,-0.14,-46
1786632887249,255905,Thigh,stand,-0.261568,0.967704,0.075152,2.03,-2.31,-0.21,-46
1786632887249,255936,Thigh,stand,-0.259616,0.962336,0.077592,2.24,-2.59,-0.42,-46
1786632887249,255953,Thigh,stand,-0.257664,0.963312,0.076616,2.52,-2.52,-0.42,-46
1786632887249,255970,Thigh,stand,-0.255224,0.964288,0.077592,2.52,-2.59,-0.35,-46
1786632887249,255987,Thigh,stand,-0.252296,0.967216,0.079544,2.59,-2.66,-0.28,-46
1786632887249,256004,Thigh,stand,-0.252296,0.97112,0.083448,2.31,-2.87,-0.35,-46
1786632887595,256182,Thigh,stand,-0.255712,0.959896,0.05612,1.54,0.35,-0.63,-46
1786632887595,256213,Thigh,stand,-0.26352,0.965752,0.051728,1.96,0,-0.14,-46
1786632887595,256230,Thigh,stand,-0.270352,0.966728,0.057584,2.1,-0.91,-0.07,-46
1786632887595,256247,Thigh,stand,-0.273768,0.96624,0.064904,2.1,-1.61,-0.07,-46
1786632887595,256264,Thigh,stand,-0.275232,0.965752,0.069296,2.1,-2.31,-0.14,-46
1786632887595,256294,Thigh,stand,-0.275232,0.966728,0.07076,1.82,-2.87,0,-46
1786632887595,256311,Thigh,stand,-0.273768,0.966728,0.069296,1.33,-3.15,-0.07,-46
1786632887595,256328,Thigh,stand,-0.269864,0.968192,0.066368,1.12,-3.29,-0.21,-46
1786632887595,256345,Thigh,stand,-0.262544,0.965752,0.066856,0.77,-3.5,-0.35,-46
1786632887595,256362,Thigh,stand,-0.25376,0.965752,0.06832,0.7,-2.87,-0.35,-46
1786632887942,256537,Thigh,stand,-0.264984,0.967704,0.071248,1.68,-3.36,-0.14,-46
1786632887942,256568,Thigh,stand,-0.257176,0.96624,0.074176,1.47,-3.36,-0.07,-46
1786632887942,256585,Thigh,stand,-0.254736,0.968192,0.0732,1.33,-3.15,-0.07,-46
1786632887942,256602,Thigh,stand,-0.255712,0.970144,0.074176,0.91,-3.15,-0.07,-46
1786632887942,256620,Thigh,stand,-0.25864,0.965752,0.07564,0.84,-2.8,-0.14,-46
1786632887942,256638,Thigh,stand,-0.262544,0.965264,0.07076,0.77,-2.59,-0.21,-46
1786632887942,256670,Thigh,stand,-0.261568,0.96868,0.064416,0.7,-2.17,-0.28,-46
1786632887942,256686,Thigh,stand,-0.260592,0.96624,0.061488,0.42,-2.52,-0.35,-46
1786632887942,256703,Thigh,stand,-0.260104,0.964288,0.064416,0.42,-2.87,-0.21,-46
1786632887942,256720,Thigh,stand,-0.26108,0.964288,0.063928,0.77,-3.29,-0.14,-46
1786632888293,256896,Thigh,stand,-0.258152,0.965264,0.06588,1.33,-1.4,0.07,-47
1786632888293,256927,Thigh,stand,-0.2684,0.962336,0.056608,0.98,-0.84,-0.14,-47
1786632888293,256944,Thigh,stand,-0.270352,0.959896,0.054168,1.26,-1.61,-0.49,-47
1786632888293,256961,Thigh,stand,-0.264984,0.958432,0.049776,1.82,-3.29,-0.49,-47
1786632888293,256978,Thigh,stand,-0.260104,0.956968,0.057584,2.52,-4.48,-0.14,-47
1786632888293,257009,Thigh,stand,-0.254248,0.960872,0.07808,3.64,-4.9,0.35,-47
1786632888293,257026,Thigh,stand,-0.257176,0.970632,0.095648,3.71,-5.53,0.35,-47
1786632888293,257043,Thigh,stand,-0.26352,0.976488,0.106384,3.29,-6.3,0.21,-47
1786632888293,257059,Thigh,stand,-0.264008,0.984296,0.112728,2.17,-6.58,0,-47
1786632888293,257076,Thigh,stand,-0.26596,0.984784,0.112728,1.33,-6.3,0,-47
1786632888649,257251,Thigh,stand,-0.244976,0.969656,0.061488,-1.12,-2.87,-0.07,-47
1786632888649,257282,Thigh,stand,-0.254248,0.9638,0.062952,-1.05,-3.36,0.35,-47
1786632888649,257299,Thigh,stand,-0.2562,0.960872,0.061,-0.42,-2.87,0.42,-47
1786632888649,257316,Thigh,stand,-0.254736,0.960384,0.062464,0,-2.17,0.49,-47
1786632888649,257333,Thigh,stand,-0.253272,0.960384,0.06588,0.49,-1.19,0.49,-47
1786632888649,257364,Thigh,stand,-0.260592,0.962824,0.07076,0.98,-0.49,0.7,-47
1786632888649,257381,Thigh,stand,-0.264984,0.959408,0.076616,1.19,0,0.84,-47
1786632888649,257398,Thigh,stand,-0.273768,0.95892,0.077592,1.47,0.56,0.91,-47
1786632888649,257415,Thigh,stand,-0.28548,0.962336,0.078568,1.96,0.77,0.98,-47
1786632888649,257432,Thigh,stand,-0.289384,0.96136,0.088328,2.17,0.42,0.63,-47
1786632889007,257606,Thigh,stand,-0.255712,0.97356,0.094672,0.28,-2.73,0.21,-47
1786632889007,257637,Thigh,stand,-0.259128,0.97356,0.079056,-0.84,-3.78,-0.14,-47
1786632889007,257654,Thigh,stand,-0.253272,0.969656,0.077104,-0.98,-3.85,-0.28,-47
1786632889007,257671,Thigh,stand,-0.244488,0.9638,0.079056,-0.91,-3.78,-0.42,-47
1786632889007,257688,Thigh,stand,-0.237168,0.96136,0.084912,-0.56,-3.5,-0.28,-47
1786632889007,257719,Thigh,stand,-0.240096,0.96624,0.084912,-0.07,-2.45,-0.35,-47
1786632889007,257736,Thigh,stand,-0.24156,0.964776,0.088816,0.21,-1.61,-0.35,-47
1786632889007,257753,Thigh,stand,-0.242536,0.961848,0.084424,0.56,-1.05,-0.21,-47
1786632889007,257770,Thigh,stand,-0.247904,0.962336,0.081984,0.91,-1.54,-0.14,-47
1786632889007,257787,Thigh,stand,-0.250832,0.962336,0.082472,1.05,-2.66,-0.07,-47
1786632889398,257962,Thigh,stand,-0.284016,0.966728,0.086376,-0.21,-3.85,-0.21,-48
1786632889398,257993,Thigh,stand,-0.27816,0.963312,0.074664,-0.21,-4.76,-0.35,-48
1786632889398,258010,Thigh,stand,-0.267912,0.959896,0.069784,-0.21,-4.62,-0.49,-48
1786632889398,258027,Thigh,stand,-0.25376,0.959896,0.071736,0.56,-3.92,-0.63,-48
1786632889398,258044,Thigh,stand,-0.247416,0.96136,0.077104,1.33,-3.22,-0.63,-48
1786632889398,258075,Thigh,stand,-0.234728,0.962336,0.085888,2.52,-2.03,-0.49,-48
1786632889398,258092,Thigh,stand,-0.240096,0.963312,0.091256,2.94,-1.82,-0.21,-48
1786632889398,258110,Thigh,stand,-0.244,0.9638,0.093696,3.29,-1.82,-0.14,-48
1786632889398,258127,Thigh,stand,-0.251808,0.965752,0.096624,3.15,-1.47,-0.07,-48
1786632889398,258144,Thigh,stand,-0.260592,0.965264,0.098576,3.22,-0.91,-0.07,-48
1786632889721,258319,Thigh,stand,-0.262544,0.964776,0.089792,1.33,-0.49,-0.49,-48
1786632889721,258350,Thigh,stand,-0.255224,0.97112,0.084912,1.47,0.07,-0.77,-48
1786632889721,258367,Thigh,stand,-0.249856,0.966728,0.084912,1.47,0.42,-0.84,-48
1786632889721,258384,Thigh,stand,-0.249368,0.965752,0.082472,1.61,0.7,-0.56,-48
1786632889721,258401,Thigh,stand,-0.251808,0.9638,0.081008,1.54,0.63,-0.35,-48
1786632889721,258432,Thigh,stand,-0.264008,0.959896,0.076616,1.47,-0.14,-0.35,-48
1786632889721,258449,Thigh,stand,-0.267424,0.961848,0.076616,1.82,-0.56,-0.28,-48
1786632889721,258466,Thigh,stand,-0.266448,0.964776,0.075152,2.03,-1.61,-0.21,-48
1786632889721,258483,Thigh,stand,-0.264008,0.965752,0.077104,2.24,-2.38,-0.21,-48
1786632889721,258500,Thigh,stand,-0.264496,0.964288,0.082472,2.38,-2.52,-0.21,-48
1786632890076,258675,Thigh,stand,-0.264496,0.963312,0.07564,2.17,-5.95,-0.07,-48
1786632890076,258706,Thigh,stand,-0.260592,0.958432,0.086864,2.87,-4.13,-0.07,-48
1786632890076,258723,Thigh,stand,-0.25864,0.95892,0.08784,3.08,-3.85,-0.07,-48
1786632890076,258740,Thigh,stand,-0.256688,0.9638,0.085888,3.22,-3.85,-0.07,-48
1786632890076,258757,Thigh,stand,-0.258152,0.967216,0.083448,3.22,-4.13,-0.07,-48
1786632890076,258788,Thigh,stand,-0.26108,0.970144,0.086376,2.8,-3.29,-0.07,-48
1786632890076,258805,Thigh,stand,-0.257664,0.972096,0.084424,2.31,-2.59,-0.07,-48
1786632890076,258822,Thigh,stand,-0.256688,0.97112,0.079056,1.82,-2.59,-0.14,-48
1786632890076,258839,Thigh,stand,-0.25376,0.964776,0.07564,1.47,-2.94,-0.07,-48
1786632890076,258856,Thigh,stand,-0.25132,0.961848,0.0732,1.47,-3.22,0.07,-48
1786632890435,259030,Thigh,stand,-0.24888,0.96624,0.073688,1.4,-4.27,-0.21,-49
1786632890435,259061,Thigh,stand,-0.239608,0.969168,0.077592,1.19,-3.57,-0.07,-49
1786632890435,259078,Thigh,stand,-0.235216,0.97112,0.082472,1.4,-2.94,-0.07,-49
1786632890435,259095,Thigh,stand,-0.230824,0.969656,0.091256,0.98,-2.03,-0.14,-49
1786632890435,259112,Thigh,stand,-0.228872,0.968192,0.093696,1.33,-1.54,-0.49,-49
1786632890435,259144,Thigh,stand,-0.23424,0.970632,0.094672,1.12,-0.7,-0.91,-49
1786632890435,259161,Thigh,stand,-0.234728,0.970144,0.096624,0.98,1.33,-0.98,-49
1786632890435,259178,Thigh,stand,-0.23668,0.969656,0.096136,0.84,2.8,-1.05,-49
1786632890435,259195,Thigh,stand,-0.244488,0.967704,0.088816,0.49,3.08,-0.98,-49
1786632890435,259212,Thigh,stand,-0.257176,0.969168,0.082472,0.07,3.15,-1.05,-49
1786632890813,259387,Thigh,stand,-0.296704,0.959408,0.064904,0.7,2.31,-0.28,-49
1786632890813,259418,Thigh,stand,-0.308416,0.964288,0.062952,0.63,1.05,-0.35,-49
1786632890813,259436,Thigh,stand,-0.30256,0.96624,0.06344,0.63,-0.98,-0.56,-49
1786632890813,259453,Thigh,stand,-0.296704,0.96624,0.059048,0.35,-3.08,-0.49,-49
1786632890813,259470,Thigh,stand,-0.285968,0.964776,0.057584,0.21,-4.2,-0.35,-49
1786632890813,259501,Thigh,stand,-0.27572,0.964288,0.061,0.28,-7.07,-0.07,-49
1786632890813,259518,Thigh,stand,-0.270352,0.96624,0.064416,0.42,-7.42,0,-49
1786632890813,259535,Thigh,stand,-0.26352,0.964288,0.072712,0.49,-7.49,0.07,-49
1786632890813,259552,Thigh,stand,-0.256688,0.960872,0.07564,0.91,-7.49,0.14,-49
1786632890813,259569,Thigh,stand,-0.249368,0.96136,0.074176,1.33,-7,0.14,-49
1786632891203,259744,Thigh,stand,-0.271328,0.964776,0.093696,1.68,-4.34,0.07,-47
1786632891203,259775,Thigh,stand,-0.26596,0.96868,0.08784,1.26,-4.55,0.07,-47
1786632891203,259792,Thigh,stand,-0.259616,0.962824,0.088328,1.47,-4.69,0,-47
1786632891203,259809,Thigh,stand,-0.252784,0.964288,0.085888,1.54,-4.2,-0.07,-47
1786632891203,259826,Thigh,stand,-0.252296,0.964288,0.089304,1.75,-3.85,-0.07,-47
1786632891203,259857,Thigh,stand,-0.249368,0.965752,0.091744,1.82,-3.15,-0.14,-47
1786632891203,259874,Thigh,stand,-0.24888,0.97112,0.092232,1.54,-2.38,-0.07,-47
1786632891203,259891,Thigh,stand,-0.249368,0.970144,0.094672,1.19,-1.33,-0.07,-47
1786632891203,259908,Thigh,stand,-0.25132,0.969168,0.093696,0.84,-0.7,-0.28,-47
1786632891203,259925,Thigh,stand,-0.254248,0.967704,0.091744,0.7,-0.63,-0.35,-47
1786632891575,260100,Thigh,stand,-0.252784,0.963312,0.063928,0.91,-5.67,0.21,-47
1786632891575,260131,Thigh,stand,-0.25376,0.964288,0.078568,1.47,-5.67,0.35,-47
1786632891575,260147,Thigh,stand,-0.255712,0.96624,0.092232,1.68,-5.32,0.35,-47
1786632891575,260164,Thigh,stand,-0.260592,0.966728,0.0976,1.82,-4.55,0.21,-47
1786632891575,260181,Thigh,stand,-0.262056,0.965752,0.096624,1.82,-3.99,0.14,-47
1786632891575,260212,Thigh,stand,-0.255712,0.96868,0.09272,1.47,-2.59,-0.14,-47
1786632891575,260229,Thigh,stand,-0.2562,0.970632,0.09272,1.05,-1.96,-0.28,-47
1786632891575,260246,Thigh,stand,-0.256688,0.970144,0.096624,0.91,-1.61,-0.42,-47
1786632891575,260263,Thigh,stand,-0.2562,0.969656,0.088816,0.49,-2.1,-0.63,-47
1786632891575,260280,Thigh,stand,-0.257176,0.9638,0.086864,0.21,-2.52,-0.63,-47
1786632891863,260455,Thigh,stand,-0.267912,0.976,0.103944,1.4,-4.2,-0.42,-48
1786632891863,260486,Thigh,stand,-0.266936,0.96624,0.08784,0,-4.69,-0.35,-48
1786632891863,260503,Thigh,stand,-0.262056,0.963312,0.084424,-0.21,-4.83,-0.21,-48
1786632891863,260520,Thigh,stand,-0.26108,0.961848,0.079544,-0.28,-4.62,-0.14,-48
1786632891863,260537,Thigh,stand,-0.26108,0.962336,0.081984,0.07,-5.11,-0.14,-48
1786632891863,260568,Thigh,stand,-0.256688,0.96136,0.08296,0.7,-5.6,-0.14,-48
1786632891863,260585,Thigh,stand,-0.252784,0.960872,0.083936,1.26,-4.97,-0.07,-48
1786632891863,260602,Thigh,stand,-0.252296,0.965264,0.084424,1.54,-4.34,0,-48
1786632891863,260619,Thigh,stand,-0.255712,0.96624,0.091744,1.26,-4.2,0.07,-48
1786632891863,260636,Thigh,stand,-0.256688,0.96624,0.096136,1.12,-3.92,0,-48
1786632892243,260811,Thigh,stand,-0.259128,0.96868,0.096136,1.26,-2.8,-0.07,-49
1786632892243,260842,Thigh,stand,-0.269376,0.9638,0.091256,0.77,-3.08,0,-49
1786632892243,260859,Thigh,stand,-0.272304,0.964288,0.088816,0.7,-3.08,-0.14,-49
1786632892243,260876,Thigh,stand,-0.27084,0.96624,0.085888,0.98,-2.94,-0.07,-49
1786632892243,260894,Thigh,stand,-0.264984,0.965264,0.086376,1.12,-2.8,-0.14,-49
1786632892243,260924,Thigh,stand,-0.251808,0.9638,0.085888,1.47,-3.01,-0.14,-49
1786632892243,260941,Thigh,stand,-0.249856,0.963312,0.094672,1.61,-2.8,-0.21,-49
1786632892243,260958,Thigh,stand,-0.248392,0.965752,0.099064,1.68,-2.52,-0.14,-49
1786632892243,260975,Thigh,stand,-0.245952,0.969656,0.10004,1.54,-2.17,-0.21,-49
1786632892243,260992,Thigh,stand,-0.24644,0.969168,0.10004,0.98,-1.47,-0.35,-49
1786632892580,261168,Thigh,stand,-0.261568,0.96136,0.075152,0.7,-0.84,-0.07,-48
1786632892580,261200,Thigh,stand,-0.276696,0.964288,0.079544,0.91,-1.33,0.28,-48
1786632892580,261217,Thigh,stand,-0.2806,0.964776,0.080032,0.91,-2.31,0.21,-48
1786632892580,261234,Thigh,stand,-0.2806,0.960384,0.083936,1.26,-2.87,0,-48
1786632892580,261251,Thigh,stand,-0.278648,0.959896,0.084424,1.47,-2.73,0,-48
1786632892580,261269,Thigh,stand,-0.270352,0.960872,0.08784,1.96,-2.66,0.07,-48
1786632892580,261300,Thigh,stand,-0.26352,0.955992,0.09516,2.45,-2.73,0.21,-48
1786632892580,261317,Thigh,stand,-0.264496,0.955504,0.094184,3.36,-3.15,0.14,-48
1786632892580,261334,Thigh,stand,-0.267424,0.957456,0.096624,3.64,-3.36,0.14,-48
1786632892580,261351,Thigh,stand,-0.2684,0.959408,0.10248,4.13,-2.94,0.14,-48
1786632892936,261526,Thigh,stand,-0.252296,0.971608,0.101016,0.84,-3.01,-0.42,-47
1786632892936,261557,Thigh,stand,-0.247416,0.969168,0.093208,0.21,-2.31,-1.05,-47
1786632892936,261574,Thigh,stand,-0.245952,0.966728,0.09028,0.28,-1.68,-1.4,-47
1786632892936,261591,Thigh,stand,-0.237168,0.966728,0.087352,0.21,-1.26,-1.4,-47
1786632892936,261608,Thigh,stand,-0.228872,0.96624,0.086376,0.07,-0.84,-1.4,-47
1786632892936,261639,Thigh,stand,-0.223504,0.964776,0.090768,0.28,1.33,-0.91,-47
1786632892936,261656,Thigh,stand,-0.22204,0.966728,0.087352,0.49,1.68,-0.77,-47
1786632892936,261673,Thigh,stand,-0.235216,0.96136,0.078568,0.77,1.89,-0.42,-47
1786632892936,261689,Thigh,stand,-0.256688,0.958432,0.069296,1.05,1.96,-0.28,-47
1786632892936,261706,Thigh,stand,-0.26596,0.96136,0.067344,1.19,1.82,-0.14,-47
1786632893329,261883,Thigh,stand,-0.269376,0.961848,0.084912,1.75,-2.45,-0.49,-49
1786632893329,261914,Thigh,stand,-0.272792,0.961848,0.08296,1.96,-2.73,-0.56,-49
1786632893329,261931,Thigh,stand,-0.275232,0.962336,0.081008,1.89,-2.94,-0.49,-49
1786632893329,261948,Thigh,stand,-0.277672,0.961848,0.08052,1.96,-3.99,-0.42,-49
1786632893329,261965,Thigh,stand,-0.276208,0.9638,0.084424,2.1,-5.04,-0.35,-49
1786632893329,261997,Thigh,stand,-0.274256,0.965264,0.091744,2.17,-5.46,-0.21,-49
1786632893329,262014,Thigh,stand,-0.271816,0.965752,0.091256,2.03,-5.25,-0.21,-49
1786632893329,262030,Thigh,stand,-0.266936,0.964776,0.091256,1.82,-5.25,-0.28,-49
1786632893329,262047,Thigh,stand,-0.264984,0.962336,0.09516,1.82,-5.11,-0.42,-49
1786632893329,262064,Thigh,stand,-0.26108,0.961848,0.096136,1.89,-4.34,-0.42,-49
1786632893679,262240,Thigh,stand,-0.269864,0.9638,0.074664,1.68,-2.73,-0.14,-49
1786632893679,262271,Thigh,stand,-0.26108,0.962824,0.076128,2.17,-3.01,-0.28,-49
1786632893679,262288,Thigh,stand,-0.258152,0.962336,0.081984,2.52,-2.87,-0.28,-49
1786632893679,262305,Thigh,stand,-0.255224,0.964288,0.090768,2.59,-3.22,-0.28,-49
1786632893679,262322,Thigh,stand,-0.255712,0.967216,0.096136,2.38,-3.36,-0.28,-49
1786632893679,262353,Thigh,stand,-0.2562,0.967704,0.09028,1.75,-3.29,-0.42,-49
1786632893679,262370,Thigh,stand,-0.255712,0.966728,0.089304,1.4,-2.73,-0.21,-49
1786632893679,262387,Thigh,stand,-0.255224,0.96624,0.089304,1.33,-2.59,-0.21,-49
1786632893679,262404,Thigh,stand,-0.255712,0.96624,0.084912,1.19,-2.73,-0.21,-49
1786632893679,262420,Thigh,stand,-0.259616,0.964776,0.08052,1.05,-2.66,-0.21,-49
1786632894010,262598,Thigh,stand,-0.260592,0.961848,0.077592,1.19,0.77,0,-49
1786632894010,262629,Thigh,stand,-0.272304,0.963312,0.078568,1.26,0.84,0.21,-49
1786632894010,262646,Thigh,stand,-0.284016,0.962336,0.082472,1.12,0.77,0.21,-49
1786632894010,262663,Thigh,stand,-0.291336,0.96136,0.079544,1.05,0.7,0.21,-49
1786632894010,262680,Thigh,stand,-0.294752,0.960872,0.079056,1.19,0.42,0.14,-49
1786632894010,262711,Thigh,stand,-0.286456,0.963312,0.079056,1.33,0.14,-0.07,-49
1786632894010,262728,Thigh,stand,-0.2806,0.962824,0.077592,1.54,-0.21,-0.14,-49
1786632894010,262745,Thigh,stand,-0.274256,0.961848,0.07808,1.61,-0.42,-0.14,-49
1786632894010,262762,Thigh,stand,-0.274256,0.962336,0.082472,1.68,-0.7,-0.21,-49
1786632894010,262779,Thigh,stand,-0.27328,0.964288,0.0854,1.61,-1.61,-0.07,-49
1786632894365,262953,Thigh,stand,-0.24156,0.96868,0.079544,0.63,-1.4,-0.42,-49
1786632894365,262984,Thigh,stand,-0.253272,0.963312,0.076128,1.05,-0.7,-0.49,-49
1786632894365,263001,Thigh,stand,-0.259128,0.96624,0.072712,0.91,-0.84,-0.35,-49
1786632894365,263018,Thigh,stand,-0.266936,0.970632,0.069784,0.63,-1.4,-0.28,-49
1786632894365,263035,Thigh,stand,-0.273768,0.967216,0.064904,0.21,-2.1,-0.28,-49
1786632894365,263066,Thigh,stand,-0.2806,0.95892,0.05856,0.77,-2.59,-0.28,-49
1786632894365,263083,Thigh,stand,-0.2806,0.959408,0.060024,1.26,-3.57,-0.28,-49
1786632894365,263100,Thigh,stand,-0.279624,0.961848,0.06588,1.54,-4.34,-0.42,-49
1786632894365,263117,Thigh,stand,-0.277672,0.9638,0.07564,1.75,-4.97,-0.49,-49
1786632894365,263134,Thigh,stand,-0.274744,0.965264,0.080032,1.82,-5.04,-0.49,-49
1786632894723,263308,Thigh,stand,-0.291336,0.95892,0.088816,1.75,0.07,0.14,-50
1786632894723,263339,Thigh,stand,-0.289384,0.964776,0.092232,2.31,-0.35,-0.07,-50
1786632894723,263356,Thigh,stand,-0.28548,0.964776,0.09028,2.03,-1.19,-0.14,-50
1786632894723,263373,Thigh,stand,-0.281576,0.96624,0.08784,1.96,-2.38,0,-50
1786632894723,263390,Thigh,stand,-0.281088,0.966728,0.088328,1.68,-3.78,0.14,-50
1786632894723,263421,Thigh,stand,-0.270352,0.963312,0.093696,1.82,-4.76,0.14,-50
1786632894723,263438,Thigh,stand,-0.269376,0.965752,0.09272,1.61,-6.16,0.07,-50
1786632894723,263455,Thigh,stand,-0.262056,0.965752,0.094672,1.47,-6.65,-0.07,-50
1786632894723,263472,Thigh,stand,-0.253272,0.967216,0.099552,1.47,-6.44,-0.07,-50
1786632894723,263489,Thigh,stand,-0.245464,0.965752,0.098088,1.33,-6.09,-0.21,-50
1786632895434,263663,Thigh,stand,-0.27084,0.960872,0.060512,0.28,-0.91,-0.35,-51
1786632895434,263694,Thigh,stand,-0.280112,0.9638,0.047824,0.63,-2.31,-0.28,-51
1786632895434,263711,Thigh,stand,-0.277672,0.959896,0.047824,0.98,-3.29,-0.28,-51
1786632895434,263728,Thigh,stand,-0.276208,0.95892,0.044896,1.82,-3.99,-0.21,-51
1786632895434,263745,Thigh,stand,-0.277184,0.958432,0.054656,2.38,-5.46,-0.14,-51
1786632895434,263776,Thigh,stand,-0.277672,0.966728,0.072712,2.1,-6.79,-0.07,-51
1786632895434,263793,Thigh,stand,-0.269864,0.96868,0.0854,1.68,-7.21,-0.14,-51
1786632895434,263810,Thigh,stand,-0.26108,0.967216,0.094184,1.26,-6.72,-0.28,-51
1786632895434,263828,Thigh,stand,-0.250832,0.969656,0.10004,0.91,-5.88,-0.42,-51
1786632895434,263845,Thigh,stand,-0.245464,0.96868,0.100528,0.28,-4.62,-0.35,-51
1786632895742,264019,Thigh,stand,-0.305488,0.95892,0.074176,1.26,-2.31,0.63,-51
1786632895742,264050,Thigh,stand,-0.301096,0.95404,0.074664,1.75,-3.43,0.84,-51
1786632895742,264067,Thigh,stand,-0.294752,0.954528,0.083448,2.52,-4.83,0.77,-51
1786632895742,264084,Thigh,stand,-0.290848,0.960384,0.091256,3.15,-6.44,0.49,-51
1786632895742,264101,Thigh,stand,-0.288896,0.964776,0.09516,3.22,-7.56,0.35,-51
1786632895742,264132,Thigh,stand,-0.27816,0.960872,0.093696,3.22,-8.05,0.49,-51
1786632895742,264149,Thigh,stand,-0.271328,0.963312,0.095648,3.5,-9.24,0.56,-51
1786632895742,264166,Thigh,stand,-0.266936,0.96624,0.098576,3.64,-9.73,0.63,-51
1786632895742,264183,Thigh,stand,-0.258152,0.967216,0.106384,3.29,-9.87,0.63,-51
1786632895742,264200,Thigh,stand,-0.25132,0.969168,0.106872,3.15,-9.87,0.56,-51
1786632895906,264373,Thigh,stand,-0.203008,0.96868,0.105408,0.14,7.56,-1.33,-51
1786632895906,264404,Thigh,stand,-0.22692,0.960872,0.098088,0.21,13.51,-1.4,-51
1786632895906,264422,Thigh,stand,-0.233264,0.962824,0.099552,0.28,15.54,-1.47,-51
1786632895906,264439,Thigh,stand,-0.248392,0.970144,0.092232,-0.07,16.1,-1.4,-51
1786632895906,264456,Thigh,stand,-0.263032,0.97112,0.07564,-0.91,15.89,-1.05,-51
1786632895906,264487,Thigh,stand,-0.285968,0.965752,0.044896,-2.03,14.56,-0.28,-51
1786632895906,264504,Thigh,stand,-0.308416,0.955504,0.02928,-2.73,12.67,-0.28,-51
1786632895906,264521,Thigh,stand,-0.325008,0.944768,0.01708,-1.82,9.1,-0.42,-51
1786632895906,264538,Thigh,stand,-0.327936,0.946232,0.008784,0,4.83,-1.12,-51
1786632895906,264555,Thigh,stand,-0.32208,0.945256,0.01708,1.89,1.96,-1.54,-51
1786632896206,264782,Thigh,stand,-0.26108,0.95892,0.082472,-0.14,-1.26,-0.56,-49
1786632896206,264813,Thigh,stand,-0.268888,0.953552,0.068808,0.98,-0.7,-0.28,-49
1786632896206,264831,Thigh,stand,-0.274744,0.956968,0.070272,1.82,-0.91,-0.14,-49
1786632896206,264848,Thigh,stand,-0.277184,0.95892,0.074664,2.38,-1.33,0,-49
1786632896206,264865,Thigh,stand,-0.28304,0.960384,0.076616,2.45,-2.03,-0.07,-49
1786632896206,264882,Thigh,stand,-0.284992,0.965264,0.081008,2.73,-3.29,-0.21,-49
1786632896206,264913,Thigh,stand,-0.285968,0.972096,0.089304,1.61,-4.9,-0.35,-49
1786632896206,264930,Thigh,stand,-0.284016,0.96868,0.093696,0.84,-5.6,-0.28,-49
1786632896206,264947,Thigh,stand,-0.281088,0.961848,0.090768,0.28,-6.3,-0.07,-49
1786632896206,264964,Thigh,stand,-0.282064,0.9638,0.081008,0.07,-7.35,-0.07,-49
1786632896590,265139,Thigh,stand,-0.281576,0.965264,0.079544,2.24,-6.93,0.07,-51
1786632896590,265170,Thigh,stand,-0.273768,0.968192,0.0854,1.47,-6.02,-0.07,-51
1786632896590,265187,Thigh,stand,-0.265472,0.970144,0.087352,1.19,-5.39,-0.07,-51
1786632896590,265204,Thigh,stand,-0.26352,0.968192,0.085888,0.56,-4.55,0,-51
1786632896590,265221,Thigh,stand,-0.262544,0.965264,0.0732,0.35,-4.69,0,-51
1786632896590,265252,Thigh,stand,-0.259128,0.956968,0.05612,0.49,-4.83,0.28,-51
1786632896590,265269,Thigh,stand,-0.26108,0.951112,0.057584,0.84,-4.83,0.7,-51
1786632896590,265286,Thigh,stand,-0.259616,0.959896,0.066856,1.75,-5.18,0.77,-51
1786632896590,265303,Thigh,stand,-0.257176,0.965264,0.083448,1.82,-5.18,0.7,-51
1786632896590,265320,Thigh,stand,-0.251808,0.965752,0.090768,1.96,-5.04,0.28,-51
1786632896976,265494,Thigh,stand,-0.269376,0.965264,0.059048,-1.12,0.28,0.28,-49
1786632896976,265525,Thigh,stand,-0.280112,0.960872,0.066856,-0.91,-1.75,0,-49
1786632896976,265542,Thigh,stand,-0.28304,0.960384,0.079056,-0.21,-1.68,-0.21,-49
1786632896976,265559,Thigh,stand,-0.277184,0.964288,0.079056,0.63,-1.26,-0.28,-49
1786632896976,265576,Thigh,stand,-0.272792,0.967704,0.074176,0.84,-1.26,-0.07,-49
1786632896976,265607,Thigh,stand,-0.2684,0.959408,0.060512,0.77,-4.06,0.21,-49
1786632896976,265624,Thigh,stand,-0.271816,0.960384,0.065392,0.77,-5.11,0.28,-49
1786632896976,265641,Thigh,stand,-0.27816,0.962336,0.067344,0.91,-5.32,0.28,-49
1786632896976,265658,Thigh,stand,-0.2806,0.962824,0.068808,1.12,-5.67,0.07,-49
1786632896976,265675,Thigh,stand,-0.271816,0.955504,0.072712,1.61,-5.53,-0.07,-49
1786632897271,265851,Thigh,stand,-0.27572,0.970632,0.096136,0.98,-0.07,-0.56,-50
1786632897271,265882,Thigh,stand,-0.274744,0.951112,0.084424,1.12,0.14,-0.49,-50
1786632897271,265898,Thigh,stand,-0.272792,0.952576,0.081984,1.75,-0.91,-0.21,-50
1786632897271,265915,Thigh,stand,-0.273768,0.965752,0.076616,1.75,-1.89,-0.14,-50
1786632897271,265932,Thigh,stand,-0.27328,0.964288,0.076616,1.4,-3.43,-0.07,-50
1786632897271,265963,Thigh,stand,-0.268888,0.963312,0.08296,1.61,-3.22,0,-50
1786632897271,265980,Thigh,stand,-0.2684,0.964776,0.086864,1.68,-3.64,0,-50
1786632897271,265997,Thigh,stand,-0.269864,0.965264,0.09272,1.47,-3.85,0,-50
1786632897271,266014,Thigh,stand,-0.264496,0.96624,0.0976,1.54,-3.15,0.07,-50
1786632897271,266031,Thigh,stand,-0.261568,0.969656,0.098576,1.26,-2.1,-0.07,-50
1786632897626,266206,Thigh,stand,-0.260592,0.96624,0.073688,0.7,-0.98,-0.14,-51
1786632897626,266237,Thigh,stand,-0.278648,0.964776,0.069784,0.49,-1.33,0,-51
1786632897626,266254,Thigh,stand,-0.297192,0.96136,0.069296,0.49,-2.24,0.14,-51
1786632897626,266271,Thigh,stand,-0.315736,0.958432,0.062952,0.35,-3.92,0.28,-51
1786632897626,266287,Thigh,stand,-0.317688,0.957944,0.058072,1.05,-5.53,0.28,-51
1786632897626,266318,Thigh,stand,-0.30744,0.956968,0.049776,1.33,-7.98,0.35,-51
1786632897626,266335,Thigh,stand,-0.293776,0.957456,0.061,1.89,-9.66,0.56,-51
1786632897626,266352,Thigh,stand,-0.284504,0.959896,0.069296,2.38,-10.99,0.35,-51
1786632897626,266369,Thigh,stand,-0.264008,0.964288,0.085888,2.94,-11.27,0.14,-51
1786632897626,266386,Thigh,stand,-0.250344,0.961848,0.092232,3.22,-11.55,0,-51
1786632898007,266561,Thigh,stand,-0.250832,0.963312,0.091256,-0.49,-3.78,-0.7,-50
1786632898007,266592,Thigh,stand,-0.244,0.953552,0.074664,0.14,-3.5,-0.35,-50
1786632898007,266609,Thigh,stand,-0.244,0.950624,0.0732,1.89,-2.87,-0.14,-50
1786632898007,266627,Thigh,stand,-0.240096,0.958432,0.074664,2.8,-1.47,-0.14,-50
1786632898007,266644,Thigh,stand,-0.22936,0.956968,0.08784,3.57,-0.56,-0.35,-50
1786632898007,266662,Thigh,stand,-0.233264,0.963312,0.095648,4.55,0.77,-0.7,-50
1786632898007,266692,Thigh,stand,-0.25132,0.968192,0.104432,3.78,1.61,-1.12,-50
1786632898007,266709,Thigh,stand,-0.260592,0.98088,0.10004,2.8,2.38,-1.05,-50
1786632898007,266726,Thigh,stand,-0.265472,0.976976,0.102968,0.91,2.73,-0.98,-50
1786632898007,266743,Thigh,stand,-0.267912,0.972096,0.10248,-0.28,3.5,-0.91,-50
1786632898343,266919,Thigh,stand,-0.288896,0.96624,0.079056,0.56,-6.44,0.21,-51
1786632898343,266951,Thigh,stand,-0.277184,0.960384,0.084424,-0.7,-5.95,0.7,-51
1786632898343,266968,Thigh,stand,-0.279136,0.958432,0.0854,0,-5.04,0.56,-51
1786632898343,266985,Thigh,stand,-0.276696,0.956968,0.087352,0.42,-4.76,0.35,-51
1786632898343,267002,Thigh,stand,-0.271328,0.959896,0.081984,0.91,-4.55,0.07,-51
1786632898343,267032,Thigh,stand,-0.255224,0.959408,0.081008,1.82,-4.41,-0.21,-51
1786632898343,267050,Thigh,stand,-0.25132,0.958432,0.088328,2.38,-4.27,-0.21,-51
1786632898343,267066,Thigh,stand,-0.249368,0.959896,0.096136,2.73,-4.41,-0.14,-51
1786632898343,267083,Thigh,stand,-0.247904,0.965264,0.101504,3.01,-4.13,-0.14,-51
1786632898343,267100,Thigh,stand,-0.24644,0.967704,0.102968,2.87,-3.64,-0.14,-51
1786632898711,267276,Thigh,stand,-0.291336,0.965264,0.068808,0.42,-2.73,-0.28,-50
1786632898711,267307,Thigh,stand,-0.28548,0.959408,0.059536,0.77,-3.99,-0.28,-50
1786632898711,267324,Thigh,stand,-0.280112,0.95404,0.055144,1.26,-4.55,-0.14,-50
1786632898711,267341,Thigh,stand,-0.279136,0.960872,0.054168,2.24,-4.97,0.28,-50
1786632898711,267358,Thigh,stand,-0.278648,0.95892,0.064904,1.26,-5.6,0.42,-50
1786632898711,267389,Thigh,stand,-0.282064,0.960384,0.082472,2.45,-6.58,0.63,-50
1786632898711,267406,Thigh,stand,-0.277184,0.965752,0.083936,2.94,-6.79,0.42,-50
1786632898711,267422,Thigh,stand,-0.275232,0.966728,0.085888,2.52,-6.23,0.21,-50
1786632898711,267439,Thigh,stand,-0.272304,0.959896,0.087352,2.52,-5.95,0.42,-50
1786632898711,267456,Thigh,stand,-0.264008,0.964288,0.08784,3.43,-5.74,0.35,-50
1786632899188,267632,Thigh,stand,-0.267424,0.965264,0.086864,0.21,1.19,-0.49,-52
1786632899188,267663,Thigh,stand,-0.272304,0.960872,0.074664,0.28,-1.26,-0.35,-52
1786632899188,267680,Thigh,stand,-0.267912,0.962336,0.076616,1.33,-3.01,-0.35,-52
1786632899188,267697,Thigh,stand,-0.266448,0.967704,0.075152,0.98,-3.71,-0.42,-52
1786632899188,267714,Thigh,stand,-0.263032,0.967216,0.073688,0.98,-4.06,-0.42,-52
1786632899188,267745,Thigh,stand,-0.259128,0.964288,0.0732,1.33,-4.83,-0.35,-52
1786632899188,267762,Thigh,stand,-0.261568,0.964776,0.077104,1.33,-5.04,-0.49,-52
1786632899188,267779,Thigh,stand,-0.25864,0.9638,0.085888,1.47,-5.25,-0.49,-52
1786632899188,267796,Thigh,stand,-0.25864,0.965264,0.096136,1.61,-5.11,-0.49,-52
1786632899188,267812,Thigh,stand,-0.254248,0.965752,0.101016,1.47,-4.83,-0.56,-52
1786632899415,267987,Thigh,stand,-0.278648,0.959896,0.079056,0.77,3.22,-0.56,-49
1786632899415,268018,Thigh,stand,-0.279624,0.96136,0.080032,0.7,2.24,-0.35,-49
1786632899415,268035,Thigh,stand,-0.281088,0.960384,0.07564,1.05,1.68,-0.21,-49
1786632899415,268052,Thigh,stand,-0.284992,0.960872,0.066368,1.05,-0.07,0.07,-49
1786632899415,268069,Thigh,stand,-0.289872,0.960872,0.066368,1.05,-0.63,0.28,-49
1786632899415,268100,Thigh,stand,-0.301096,0.96136,0.067344,1.4,-2.66,0.14,-49
1786632899415,268118,Thigh,stand,-0.303048,0.965752,0.071248,1.05,-3.5,0.07,-49
1786632899415,268135,Thigh,stand,-0.29768,0.96624,0.079056,0.63,-3.71,0,-49
1786632899415,268152,Thigh,stand,-0.292312,0.965264,0.076616,0.77,-4.06,-0.14,-49
1786632899415,268169,Thigh,stand,-0.278648,0.965264,0.073688,0.63,-4.48,-0.21,-49
1786632899770,268344,Thigh,stand,-0.233264,0.970632,0.1098,0.84,-6.23,-0.07,-49
1786632899770,268375,Thigh,stand,-0.247416,0.960872,0.111752,0.42,-4.06,0.28,-49
1786632899770,268392,Thigh,stand,-0.255224,0.96136,0.103944,0.35,-2.87,0.42,-49
1786632899770,268409,Thigh,stand,-0.264984,0.96136,0.103944,0.42,-1.82,0.28,-49
1786632899770,268426,Thigh,stand,-0.272304,0.963312,0.105896,0.49,-0.91,0,-49
1786632899770,268457,Thigh,stand,-0.274744,0.968192,0.102968,0.35,-0.28,-0.35,-49
1786632899770,268474,Thigh,stand,-0.27084,0.961848,0.098576,0.28,0.42,-0.42,-49
1786632899770,268491,Thigh,stand,-0.270352,0.962336,0.09516,0.28,0.21,-0.28,-49
1786632899770,268507,Thigh,stand,-0.26596,0.962824,0.096136,0.21,-0.28,-0.14,-49
1786632899770,268525,Thigh,stand,-0.271328,0.960872,0.09516,0.14,-0.63,0,-49
1786632900127,268699,Thigh,stand,-0.254248,0.96624,0.10004,2.1,0.21,0.14,-49
1786632900127,268730,Thigh,stand,-0.273768,0.965752,0.101992,1.82,0.07,-0.07,-49
1786632900127,268747,Thigh,stand,-0.277184,0.966728,0.10004,1.47,0.21,-0.28,-49
1786632900127,268764,Thigh,stand,-0.283528,0.970144,0.093208,1.12,-0.07,-0.42,-49
1786632900127,268781,Thigh,stand,-0.282064,0.96868,0.089792,0.7,-1.05,-0.56,-49
1786632900127,268812,Thigh,stand,-0.27328,0.9638,0.081496,0.21,-2.45,-0.49,-49
1786632900127,268829,Thigh,stand,-0.2684,0.962824,0.07808,0.49,-4.06,-0.42,-49
1786632900127,268846,Thigh,stand,-0.263032,0.962336,0.077104,0.63,-4.97,-0.42,-49
1786632900127,268863,Thigh,stand,-0.259616,0.962336,0.081496,1.12,-5.95,-0.49,-49
1786632900127,268880,Thigh,stand,-0.256688,0.963312,0.082472,1.47,-5.81,-0.56,-49
1786632900514,269054,Thigh,stand,-0.271816,0.965752,0.100528,1.54,-4.27,-0.42,-49
1786632900514,269085,Thigh,stand,-0.26596,0.96136,0.091744,1.54,-3.57,-0.56,-49
1786632900514,269102,Thigh,stand,-0.257664,0.958432,0.087352,2.1,-3.36,-0.7,-49
1786632900514,269119,Thigh,stand,-0.256688,0.95648,0.089792,2.59,-2.31,-0.84,-49
1786632900514,269136,Thigh,stand,-0.25864,0.959408,0.096624,2.94,-1.33,-0.84,-49
1786632900514,269167,Thigh,stand,-0.261568,0.966728,0.102968,2.87,-0.84,-0.7,-49
1786632900514,269184,Thigh,stand,-0.267912,0.966728,0.101016,2.38,-1.05,-0.56,-49
1786632900514,269201,Thigh,stand,-0.270352,0.964776,0.099552,2.1,-1.33,-0.35,-49
1786632900514,269218,Thigh,stand,-0.27572,0.960384,0.097112,1.82,-1.4,-0.28,-49
1786632900514,269235,Thigh,stand,-0.280112,0.9638,0.09516,1.68,-1.19,-0.28,-49
1786632900863,269409,Thigh,stand,-0.26352,0.964288,0.08784,2.59,-1.54,-0.07,-50
1786632900863,269442,Thigh,stand,-0.266448,0.965264,0.09516,1.75,-1.61,0.14,-50
1786632900863,269459,Thigh,stand,-0.264984,0.962824,0.098088,1.47,-2.03,0.14,-50
1786632900863,269476,Thigh,stand,-0.264984,0.964776,0.0976,1.54,-2.31,0.07,-50
1786632900863,269493,Thigh,stand,-0.263032,0.966728,0.09272,1.47,-2.31,0,-50
1786632900863,269510,Thigh,stand,-0.260104,0.962824,0.086864,1.4,-1.89,-0.14,-50
1786632900863,269541,Thigh,stand,-0.254736,0.956968,0.086864,1.82,-0.21,-0.14,-50
1786632900863,269558,Thigh,stand,-0.258152,0.96136,0.084424,2.38,0,-0.21,-50
1786632900863,269575,Thigh,stand,-0.266448,0.964288,0.0854,2.17,-0.07,-0.21,-50
1786632900863,269592,Thigh,stand,-0.272304,0.967216,0.088328,1.96,0.07,-0.07,-50
1786632901250,269765,Thigh,stand,-0.270352,0.959896,0.071736,1.19,-1.96,-0.21,-50
1786632901250,269796,Thigh,stand,-0.264008,0.958432,0.071736,2.24,-2.24,-0.21,-50
1786632901250,269813,Thigh,stand,-0.262544,0.960384,0.077592,2.87,-2.66,-0.28,-50
1786632901250,269830,Thigh,stand,-0.26596,0.96136,0.0854,3.15,-2.59,-0.28,-50
1786632901250,269847,Thigh,stand,-0.272304,0.967216,0.09272,2.87,-2.52,-0.14,-50
1786632901250,269878,Thigh,stand,-0.270352,0.968192,0.097112,1.96,-2.03,-0.07,-50
1786632901250,269895,Thigh,stand,-0.2684,0.964288,0.096624,2.1,-1.68,0,-50
1786632901250,269912,Thigh,stand,-0.267912,0.963312,0.09028,2.24,-0.91,-0.14,-50
1786632901250,269929,Thigh,stand,-0.265472,0.960384,0.087352,2.38,-0.49,-0.28,-50
1786632901250,269946,Thigh,stand,-0.265472,0.960872,0.083448,2.73,0.56,-0.28,-50
1786632901555,270123,Thigh,stand,-0.244976,0.96624,0.081984,0.42,-3.43,0,-50
1786632901555,270153,Thigh,stand,-0.262544,0.961848,0.077592,0.07,-3.22,0.07,-50
1786632901555,270171,Thigh,stand,-0.271816,0.963312,0.076128,0.14,-2.59,0.14,-50
1786632901555,270188,Thigh,stand,-0.276208,0.9638,0.074176,0.28,-2.24,0.07,-50
1786632901555,270205,Thigh,stand,-0.276696,0.9638,0.06832,0.28,-2.24,0.07,-50
1786632901555,270236,Thigh,stand,-0.279136,0.955016,0.06344,0.21,-1.96,-0.14,-50
1786632901555,270253,Thigh,stand,-0.279136,0.952088,0.063928,0.63,-1.75,-0.21,-50
1786632901555,270270,Thigh,stand,-0.27816,0.95404,0.064416,1.05,-1.89,-0.14,-50
1786632901555,270287,Thigh,stand,-0.272792,0.957944,0.072224,1.54,-1.54,-0.07,-50
1786632901555,270304,Thigh,stand,-0.27084,0.959408,0.083936,2.03,-1.61,0.07,-50
1786632901913,270480,Thigh,stand,-0.25864,0.973072,0.096624,2.31,-4.9,-0.07,-48
1786632901913,270510,Thigh,stand,-0.249856,0.966728,0.09516,1.05,-4.76,-0.21,-48
1786632901913,270527,Thigh,stand,-0.248392,0.965752,0.092232,0.91,-3.43,-0.35,-48
1786632901913,270544,Thigh,stand,-0.24644,0.965752,0.088816,0.91,-2.8,-0.35,-48
1786632901913,270561,Thigh,stand,-0.249368,0.96624,0.082472,0.84,-1.82,-0.35,-48
1786632901913,270592,Thigh,stand,-0.25132,0.961848,0.071248,0.91,-1.33,-0.28,-48
1786632901913,270609,Thigh,stand,-0.25864,0.96136,0.07076,1.05,-1.26,-0.28,-48
1786632901913,270626,Thigh,stand,-0.267424,0.961848,0.076616,1.26,-1.19,-0.28,-48
1786632901913,270643,Thigh,stand,-0.278648,0.968192,0.077104,1.26,-1.19,-0.28,-48
1786632901913,270660,Thigh,stand,-0.282552,0.969656,0.07564,0.91,-1.61,-0.49,-48
1786632902271,270837,Thigh,stand,-0.277184,0.959896,0.049776,-0.49,-2.31,-0.14,-49
1786632902271,270867,Thigh,stand,-0.277184,0.955992,0.0488,0.49,-3.99,0.14,-49
1786632902271,270885,Thigh,stand,-0.279136,0.955016,0.053192,0.98,-4.41,0.28,-49
1786632902271,270901,Thigh,stand,-0.2806,0.956968,0.062464,1.96,-5.18,0.42,-49
1786632902271,270918,Thigh,stand,-0.2806,0.955504,0.071736,2.31,-5.18,0.49,-49
1786632902271,270949,Thigh,stand,-0.276208,0.955992,0.083936,3.29,-5.67,0.56,-49
1786632902271,270966,Thigh,stand,-0.273768,0.960872,0.091256,3.64,-5.25,0.42,-49
1786632902271,270983,Thigh,stand,-0.276208,0.96136,0.098576,3.36,-4.48,0.28,-49
1786632902271,271000,Thigh,stand,-0.274744,0.963312,0.107848,3.43,-3.36,0.28,-49
1786632902271,271017,Thigh,stand,-0.271816,0.962824,0.110776,3.43,-2.73,0.14,-49
1786632902635,271192,Thigh,stand,-0.262056,0.966728,0.079056,-0.07,-1.96,-0.42,-47
1786632902635,271223,Thigh,stand,-0.249856,0.965752,0.071248,-0.21,-1.68,-0.56,-47
1786632902635,271240,Thigh,stand,-0.243024,0.9638,0.067344,-0.63,-2.1,-0.49,-47
1786632902635,271256,Thigh,stand,-0.243024,0.960384,0.061976,-0.49,-2.31,-0.42,-47
1786632902635,271273,Thigh,stand,-0.248392,0.962336,0.057584,-0.28,-1.89,-0.07,-47
1786632902635,271304,Thigh,stand,-0.255712,0.960872,0.055144,0.07,-0.63,0.56,-47
1786632902635,271321,Thigh,stand,-0.259616,0.959896,0.05612,0.35,-0.91,0.56,-47
1786632902635,271338,Thigh,stand,-0.2684,0.958432,0.06344,0.77,-0.84,0.49,-47
1786632902635,271355,Thigh,stand,-0.281576,0.96136,0.075152,1.05,-0.42,0,-47
1786632902635,271372,Thigh,stand,-0.282064,0.967704,0.085888,1.12,-0.21,-0.28,-47
1786632902983,271548,Thigh,stand,-0.24644,0.975024,0.12444,4.13,-10.85,-0.98,-47
1786632902983,271579,Thigh,stand,-0.208376,0.982344,0.1342,0.63,-7.14,-0.28,-47
1786632902983,271596,Thigh,stand,-0.204472,0.975512,0.132736,-0.35,-5.04,0.28,-47
1786632902983,271613,Thigh,stand,-0.213744,0.964288,0.127368,-1.26,-3.78,0.28,-47
1786632902983,271630,Thigh,stand,-0.2318,0.961848,0.11224,-1.33,-0.56,0.07,-47
1786632902983,271660,Thigh,stand,-0.257176,0.9516,0.09516,-1.05,4.34,-0.35,-47
1786632902983,271677,Thigh,stand,-0.269864,0.9516,0.084424,-0.14,5.32,-0.56,-47
1786632902983,271694,Thigh,stand,-0.282552,0.955504,0.076616,0.56,4.76,-0.49,-47
1786632902983,271711,Thigh,stand,-0.2928,0.958432,0.077592,0.77,3.99,-0.28,-47
1786632902983,271728,Thigh,stand,-0.299144,0.960872,0.077104,0.77,2.87,0.07,-47
1786632903340,271904,Thigh,stand,-0.191784,0.976488,0.119072,2.45,-7.49,-0.14,-58
1786632903340,271935,Thigh,stand,-0.199104,0.974048,0.121024,0.91,-2.31,0.14,-58
1786632903340,271951,Thigh,stand,-0.227408,0.972096,0.102968,0.07,0.84,0.35,-58
1786632903340,271969,Thigh,stand,-0.25864,0.965264,0.0854,-0.84,2.8,0.42,-58
1786632903340,271986,Thigh,stand,-0.284992,0.961848,0.073688,-0.98,3.57,0.28,-58
1786632903340,272016,Thigh,stand,-0.306952,0.959896,0.072224,-0.35,2.87,-0.28,-58
1786632903340,272033,Thigh,stand,-0.305,0.956968,0.07808,0.35,1.96,-0.63,-58
1786632903340,272050,Thigh,stand,-0.30256,0.956968,0.081008,0.98,0,-0.91,-58
1786632903340,272067,Thigh,stand,-0.293288,0.955992,0.086376,1.33,-0.77,-0.91,-58
1786632903340,272084,Thigh,stand,-0.281088,0.964776,0.094672,1.4,-1.68,-0.84,-58
1786632903999,272259,Thigh,stand,-0.271816,0.963312,0.083448,1.47,-0.98,-0.56,-52
1786632903999,272290,Thigh,stand,-0.273768,0.9638,0.071248,1.33,-2.87,-0.21,-52
1786632903999,272307,Thigh,stand,-0.27572,0.960384,0.067832,1.47,-3.29,0.07,-52
1786632903999,272324,Thigh,stand,-0.281576,0.959896,0.066856,1.61,-3.57,0.14,-52
1786632903999,272341,Thigh,stand,-0.281576,0.961848,0.068808,1.82,-3.99,0.07,-52
1786632903999,272372,Thigh,stand,-0.268888,0.964776,0.082472,2.17,-2.8,-0.49,-52
1786632903999,272388,Thigh,stand,-0.256688,0.964776,0.089792,2.03,-2.8,-0.56,-52
1786632903999,272405,Thigh,stand,-0.251808,0.967704,0.094184,2.03,-1.89,-0.56,-52
1786632903999,272421,Thigh,stand,-0.246928,0.969656,0.096136,1.4,-1.26,-0.42,-52
1786632903999,272452,Thigh,stand,-0.25132,0.97112,0.093696,0.28,-0.07,-0.28,-52
1786632904073,272627,Thigh,stand,-0.27328,0.953064,0.065392,0.84,-9.03,0.21,-52
1786632904073,272658,Thigh,stand,-0.27328,0.959408,0.096136,1.68,-9.45,-0.21,-52
1786632904073,272675,Thigh,stand,-0.266448,0.962336,0.104432,2.24,-8.05,-0.63,-52
1786632904073,272692,Thigh,stand,-0.247416,0.96868,0.115656,2.38,-7.21,-0.77,-52
1786632904073,272709,Thigh,stand,-0.233752,0.969656,0.115168,2.31,-5.32,-0.77,-52
1786632904073,272740,Thigh,stand,-0.231312,0.959896,0.10248,2.17,-3.57,-0.07,-52
1786632904073,272757,Thigh,stand,-0.244976,0.955992,0.096624,2.24,-3.57,0.49,-52
1786632904073,272774,Thigh,stand,-0.266936,0.955016,0.104432,2.24,-3.29,0.63,-52
1786632904073,272791,Thigh,stand,-0.296704,0.962336,0.114192,2.52,-2.38,0.49,-52
1786632904073,272807,Thigh,stand,-0.30744,0.967216,0.116144,2.38,-2.38,-0.07,-52
1786632904425,272982,Thigh,stand,-0.27816,0.960872,0.100528,2.1,-1.75,-0.49,-62
1786632904425,273013,Thigh,stand,-0.269376,0.96624,0.103456,1.68,-2.1,-0.35,-62
1786632904425,273030,Thigh,stand,-0.26352,0.964776,0.109312,1.05,-1.89,-0.21,-62
1786632904425,273047,Thigh,stand,-0.25864,0.965264,0.107848,0.84,-1.05,0.07,-62
1786632904425,273064,Thigh,stand,-0.2562,0.967216,0.103456,0.56,-0.35,0.21,-62
1786632904425,273095,Thigh,stand,-0.25376,0.965752,0.094672,-0.49,0.63,0.21,-62
1786632904425,273112,Thigh,stand,-0.263032,0.964288,0.087352,-0.42,1.75,0.14,-62
1786632904425,273129,Thigh,stand,-0.27084,0.966728,0.083448,-0.42,1.75,-0.07,-62
1786632904425,273146,Thigh,stand,-0.281088,0.969656,0.076128,-0.77,1.4,-0.14,-62
1786632904425,273162,Thigh,stand,-0.2806,0.96868,0.072224,-0.98,0.49,-0.21,-62
1786632904778,273337,Thigh,stand,-0.254248,0.965752,0.075152,0.28,-2.38,-0.14,-54
1786632904778,273368,Thigh,stand,-0.255712,0.959408,0.084424,0.56,-2.52,-0.07,-54
1786632904778,273385,Thigh,stand,-0.255224,0.961848,0.086376,0.77,-2.87,0,-54
1786632904778,273402,Thigh,stand,-0.254248,0.966728,0.093208,0.63,-2.87,0,-54
1786632904778,273419,Thigh,stand,-0.261568,0.96624,0.098088,0.56,-2.66,-0.07,-54
1786632904778,273450,Thigh,stand,-0.264008,0.962824,0.09272,0.7,-2.66,-0.14,-54
1786632904778,273467,Thigh,stand,-0.263032,0.956968,0.092232,1.05,-2.94,0,-54
1786632904778,273484,Thigh,stand,-0.270352,0.955504,0.094184,1.47,-3.01,0.28,-54
1786632904778,273501,Thigh,stand,-0.281576,0.959408,0.099552,1.61,-3.29,0.28,-54
1786632904778,273518,Thigh,stand,-0.287432,0.961848,0.10492,1.54,-3.57,0.07,-54
1786632905133,273693,Thigh,stand,-0.267424,0.963312,0.1098,0.21,0.21,-0.14,-58
1786632905133,273724,Thigh,stand,-0.266448,0.964288,0.101992,-0.21,0.42,0,-58
1786632905133,273741,Thigh,stand,-0.27084,0.965752,0.100528,-0.28,0.14,0.07,-58
1786632905133,273758,Thigh,stand,-0.27572,0.960384,0.094184,-0.49,-0.07,-0.07,-58
1786632905133,273775,Thigh,stand,-0.276208,0.960384,0.08784,-0.14,-0.28,-0.07,-58
1786632905133,273806,Thigh,stand,-0.272792,0.96136,0.0854,0.07,-0.91,0,-58
1786632905133,273823,Thigh,stand,-0.26596,0.963312,0.09028,0.28,-2.17,0.07,-58
1786632905133,273840,Thigh,stand,-0.264008,0.962824,0.098576,0.56,-3.08,0.14,-58
1786632905133,273857,Thigh,stand,-0.26352,0.964288,0.101992,0.56,-3.22,0.14,-58
1786632905133,273874,Thigh,stand,-0.262056,0.965752,0.103456,0.42,-4.41,0.14,-58
1786632905495,274048,Thigh,stand,-0.260104,0.960384,0.099064,1.47,2.59,-0.07,-63
1786632905495,274079,Thigh,stand,-0.269376,0.95648,0.097112,1.89,2.52,0,-63
1786632905495,274095,Thigh,stand,-0.271816,0.957456,0.101016,2.1,2.59,0.14,-63
1786632905495,274113,Thigh,stand,-0.281576,0.959896,0.100528,2.38,1.61,0,-63
1786632905495,274130,Thigh,stand,-0.284016,0.967704,0.100528,2.52,0.84,-0.07,-63
1786632905495,274161,Thigh,stand,-0.280112,0.969168,0.0976,1.68,-1.75,-0.49,-63
1786632905495,274178,Thigh,stand,-0.275232,0.96624,0.10248,1.54,-1.96,-0.42,-63
1786632905495,274195,Thigh,stand,-0.27328,0.969656,0.098088,0.84,-3.43,-0.28,-63
1786632905495,274212,Thigh,stand,-0.27328,0.96868,0.101016,0,-4.13,-0.14,-63
1786632905495,274229,Thigh,stand,-0.27816,0.962336,0.10248,-0.07,-4.83,-0.14,-63
1786632905941,274403,Thigh,stand,-0.25864,0.974536,0.106384,0.07,-0.98,-0.63,-63
1786632905941,274434,Thigh,stand,-0.266448,0.9638,0.10004,-0.28,-0.42,0,-63
1786632905941,274451,Thigh,stand,-0.272304,0.9638,0.091744,0.14,-0.56,-0.07,-63
1786632905941,274468,Thigh,stand,-0.27816,0.954528,0.081496,-0.14,-1.05,-0.14,-63
1786632905941,274485,Thigh,stand,-0.288896,0.955016,0.082472,0.63,-2.03,-0.14,-63
1786632905941,274516,Thigh,stand,-0.29524,0.962824,0.088328,1.33,-4.69,-0.28,-63
1786632905941,274533,Thigh,stand,-0.28548,0.962824,0.090768,1.47,-5.32,-0.49,-63
1786632905941,274550,Thigh,stand,-0.281088,0.96136,0.096624,1.89,-5.81,-0.49,-63
1786632905941,274567,Thigh,stand,-0.27084,0.964288,0.097112,1.82,-6.16,-0.21,-63
1786632905941,274584,Thigh,stand,-0.265472,0.9638,0.098088,1.12,-6.93,-0.14,-63
1786632906267,274758,Thigh,stand,-0.269376,0.966728,0.118096,1.68,-3.43,0.07,-53
1786632906267,274789,Thigh,stand,-0.26352,0.965752,0.111752,0.84,-3.92,-0.14,-53
1786632906267,274806,Thigh,stand,-0.258152,0.959896,0.113216,0.77,-3.22,0,-53
1786632906267,274823,Thigh,stand,-0.2562,0.959896,0.111264,0.84,-2.87,0.07,-53
1786632906267,274841,Thigh,stand,-0.252296,0.95892,0.111752,1.05,-2.8,0.21,-53
1786632906267,274859,Thigh,stand,-0.252784,0.962336,0.109312,1.47,-2.73,0.21,-53
1786632906267,274890,Thigh,stand,-0.250832,0.964776,0.096136,1.96,-5.74,-0.91,-53
1786632906267,274907,Thigh,stand,-0.246928,0.965264,0.105408,0.98,-4.48,-0.56,-53
1786632906267,274924,Thigh,stand,-0.262056,0.960872,0.117608,1.54,-1.05,0.28,-53
1786632906267,274941,Thigh,stand,-0.25864,0.9638,0.118096,1.68,0.63,0.35,-53
1786632906578,275116,Thigh,stand,-0.27572,0.9638,0.101016,0.14,-0.56,-0.28,-52
1786632906578,275146,Thigh,stand,-0.272304,0.960872,0.095648,1.19,-0.84,-0.28,-52
1786632906578,275163,Thigh,stand,-0.266448,0.962336,0.094184,1.4,-1.68,-0.35,-52
1786632906578,275180,Thigh,stand,-0.267912,0.958432,0.094184,1.82,-1.96,-0.35,-52
1786632906578,275197,Thigh,stand,-0.267912,0.954528,0.098576,1.96,-1.4,-0.21,-52
1786632906578,275227,Thigh,stand,-0.269864,0.9638,0.103456,2.59,-1.12,-0.28,-52
1786632906578,275244,Thigh,stand,-0.27084,0.969656,0.10736,2.59,-1.47,-0.49,-52
1786632906578,275261,Thigh,stand,-0.271816,0.96624,0.108336,1.68,-1.12,-0.63,-52
1786632906578,275278,Thigh,stand,-0.269864,0.962336,0.112728,1.82,-0.7,-0.63,-52
1786632906578,275309,Thigh,stand,-0.257664,0.965752,0.098576,1.54,-0.77,-0.35,-52
1786632906938,275486,Thigh,stand,-0.279136,0.961848,0.097112,0.91,-4.97,-0.35,-52
1786632906938,275517,Thigh,stand,-0.271328,0.960872,0.094672,1.26,-5.18,-0.35,-52
1786632906938,275534,Thigh,stand,-0.268888,0.962824,0.094184,1.68,-5.32,-0.42,-52
1786632906938,275551,Thigh,stand,-0.26352,0.961848,0.095648,1.82,-5.11,-0.28,-52
1786632906938,275567,Thigh,stand,-0.259128,0.963312,0.092232,2.03,-4.97,-0.28,-52
1786632906938,275598,Thigh,stand,-0.26108,0.96136,0.099064,1.96,-4.69,-0.28,-52
1786632906938,275615,Thigh,stand,-0.26108,0.959408,0.108336,2.17,-4.27,-0.21,-52
1786632906938,275632,Thigh,stand,-0.263032,0.964288,0.107848,2.38,-4.55,-0.14,-52
1786632906938,275649,Thigh,stand,-0.264008,0.965264,0.11224,2.31,-4.27,-0.21,-52
1786632906938,275666,Thigh,stand,-0.265472,0.964288,0.112728,2.03,-3.5,-0.21,-52
1786632907290,275842,Thigh,stand,-0.257176,0.964776,0.088328,0.98,-0.98,-0.42,-52
1786632907290,275874,Thigh,stand,-0.249368,0.962824,0.09028,1.26,-1.61,-0.56,-52
1786632907290,275891,Thigh,stand,-0.249856,0.96136,0.099064,1.68,-1.61,-0.56,-52
1786632907290,275908,Thigh,stand,-0.250344,0.962824,0.099064,1.89,-1.61,-0.42,-52
1786632907290,275925,Thigh,stand,-0.261568,0.964288,0.096136,1.96,-1.75,-0.21,-52
1786632907290,275955,Thigh,stand,-0.276208,0.9638,0.093696,1.26,-1.47,-0.07,-52
1786632907290,275972,Thigh,stand,-0.282064,0.964776,0.093696,1.12,-2.1,-0.28,-52
1786632907290,275989,Thigh,stand,-0.278648,0.965264,0.09272,0.91,-3.29,-0.49,-52
1786632907290,276006,Thigh,stand,-0.274256,0.9638,0.094672,0.84,-4.69,-0.63,-52
1786632907290,276023,Thigh,stand,-0.26596,0.962336,0.09516,0.98,-5.18,-0.63,-52
1786632907680,276200,Thigh,stand,-0.299144,0.964776,0.118096,1.54,-2.38,-0.35,-54
1786632907680,276231,Thigh,stand,-0.2806,0.963312,0.118584,0.7,-3.08,-0.28,-54
1786632907680,276247,Thigh,stand,-0.269376,0.959896,0.116144,0.14,-3.29,-0.07,-54
1786632907680,276264,Thigh,stand,-0.26352,0.957944,0.111752,0.49,-3.22,0.14,-54
1786632907680,276282,Thigh,stand,-0.263032,0.956968,0.10736,0.7,-2.45,0.21,-54
1786632907680,276312,Thigh,stand,-0.261568,0.959408,0.110776,1.61,0.35,0.28,-54
1786632907680,276329,Thigh,stand,-0.260592,0.96136,0.113216,1.82,2.31,0.35,-54
1786632907680,276346,Thigh,stand,-0.262056,0.963312,0.115168,1.82,2.87,0.35,-54
1786632907680,276363,Thigh,stand,-0.269864,0.963312,0.1098,1.47,3.43,0.28,-54
1786632907680,276380,Thigh,stand,-0.275232,0.964288,0.099064,1.05,3.5,0.07,-54
1786632908011,276555,Thigh,stand,-0.232288,0.966728,0.081008,2.1,-11.27,0.42,-52
1786632908011,276586,Thigh,stand,-0.24156,0.963312,0.10736,2.87,-11.41,0.21,-52
1786632908011,276603,Thigh,stand,-0.243512,0.9638,0.110776,2.87,-10.99,0.28,-52
1786632908011,276620,Thigh,stand,-0.244976,0.96624,0.11468,2.66,-10.57,0.42,-52
1786632908011,276637,Thigh,stand,-0.244,0.965752,0.120048,1.82,-9.31,0.56,-52
1786632908011,276668,Thigh,stand,-0.242048,0.965264,0.125904,1.12,-8.12,0.49,-52
1786632908011,276685,Thigh,stand,-0.240584,0.960384,0.127368,1.12,-6.44,0.21,-52
1786632908011,276702,Thigh,stand,-0.24156,0.959896,0.123464,1.61,-3.5,0.14,-52
1786632908011,276718,Thigh,stand,-0.25132,0.9638,0.116632,1.54,-1.26,-0.14,-52
1786632908011,276735,Thigh,stand,-0.257176,0.964776,0.115656,1.05,0.35,-0.49,-52
1786632908358,276910,Thigh,stand,-0.27816,0.964776,0.096624,1.19,-4.41,-0.14,-53
1786632908358,276941,Thigh,stand,-0.2684,0.9638,0.094672,1.05,-5.39,-0.21,-53
1786632908358,276958,Thigh,stand,-0.2562,0.959408,0.100528,1.19,-4.27,-0.28,-53
1786632908358,276975,Thigh,stand,-0.247904,0.95648,0.102968,1.47,-2.24,-0.07,-53
1786632908358,276992,Thigh,stand,-0.24644,0.955992,0.102968,2.03,-0.35,0,-53
1786632908358,277023,Thigh,stand,-0.257176,0.963312,0.105408,2.31,2.31,-0.14,-53
1786632908358,277040,Thigh,stand,-0.260592,0.964288,0.111264,2.38,3.64,-0.42,-53
1786632908358,277057,Thigh,stand,-0.267424,0.965752,0.11224,2.38,4.55,-0.49,-53
1786632908358,277074,Thigh,stand,-0.276208,0.966728,0.110776,1.96,4.55,-0.49,-53
1786632908358,277091,Thigh,stand,-0.28304,0.962824,0.10248,1.54,3.71,-0.63,-53
1786632908716,277264,Thigh,stand,-0.236192,0.959408,0.106384,0.49,-5.04,17.85,-53
1786632908716,277295,Thigh,stand,-0.220576,0.957456,0.104432,1.12,-0.07,0.28,-53
1786632908716,277313,Thigh,stand,-0.225456,0.955992,0.1098,2.03,1.26,0.28,-53
1786632908716,277330,Thigh,stand,-0.237168,0.955016,0.108824,2.45,1.68,0.42,-53
1786632908716,277347,Thigh,stand,-0.255712,0.959408,0.105896,3.08,2.8,0.63,-53
1786632908716,277378,Thigh,stand,-0.28304,0.967704,0.105408,3.08,4.06,0.91,-53
1786632908716,277395,Thigh,stand,-0.299144,0.972096,0.107848,2.17,2.94,0.7,-53
1786632908716,277412,Thigh,stand,-0.309392,0.973072,0.103944,1.19,0.7,0.35,-53
1786632908716,277429,Thigh,stand,-0.315736,0.974048,0.092232,0.35,-2.66,0,-53
1786632908716,277446,Thigh,stand,-0.311832,0.97356,0.081008,-0.56,-6.37,-0.28,-53
1786632909072,277621,Thigh,stand,-0.287432,0.965752,0.116144,5.04,3.36,-0.49,-53
1786632909072,277652,Thigh,stand,-0.289872,0.965264,0.109312,5.46,1.26,-1.4,-53
1786632909072,277669,Thigh,stand,-0.272304,0.9638,0.103456,4.97,0.56,-1.47,-53
1786632909072,277686,Thigh,stand,-0.26108,0.96868,0.100528,4.27,0.07,-1.19,-53
1786632909072,277703,Thigh,stand,-0.26596,0.974048,0.10004,2.66,-1.75,-0.91,-53
1786632909072,277734,Thigh,stand,-0.282552,0.96624,0.099552,0.63,-4.9,-0.7,-53
1786632909072,277751,Thigh,stand,-0.284992,0.962336,0.088816,0.77,-5.74,-0.77,-53
1786632909072,277768,Thigh,stand,-0.281088,0.962336,0.077104,1.12,-5.88,-0.63,-53
1786632909072,277785,Thigh,stand,-0.268888,0.957456,0.076616,1.19,-5.81,-0.49,-53
1786632909072,277802,Thigh,stand,-0.255712,0.954528,0.075152,1.75,-6.44,-0.42,-53
1786632909443,277977,Thigh,stand,-0.272792,0.959408,0.081008,1.61,2.8,-1.05,-60
1786632909443,278008,Thigh,stand,-0.279624,0.955016,0.069784,2.38,2.24,-0.91,-60
1786632909443,278024,Thigh,stand,-0.291824,0.959896,0.065392,3.01,0.42,-0.56,-60
1786632909443,278041,Thigh,stand,-0.30256,0.965264,0.06588,2.8,-2.24,-0.49,-60
1786632909443,278058,Thigh,stand,-0.323056,0.970144,0.068808,2.1,-3.71,-0.56,-60
1786632909443,278089,Thigh,stand,-0.321592,0.968192,0.075152,0.84,-8.33,-0.28,-60
1786632909443,278106,Thigh,stand,-0.305976,0.965752,0.071736,0.63,-9.1,-0.07,-60
1786632909443,278123,Thigh,stand,-0.293776,0.962336,0.068808,0.07,-10.5,0.35,-60
1786632909443,278140,Thigh,stand,-0.281576,0.962824,0.070272,0.21,-11.48,0.49,-60
1786632909443,278171,Thigh,stand,-0.266448,0.958432,0.076616,0.77,-11.06,0.21,-60
1786632909801,278346,Thigh,stand,-0.233752,0.967216,0.116632,0.21,1.75,-0.91,-60
1786632909801,278377,Thigh,stand,-0.240096,0.969168,0.093696,-0.28,3.08,-0.7,-60
1786632909801,278394,Thigh,stand,-0.251808,0.965752,0.086376,-0.84,3.43,-0.63,-60
1786632909801,278411,Thigh,stand,-0.260104,0.961848,0.077104,-0.7,3.22,-0.56,-60
1786632909801,278428,Thigh,stand,-0.280112,0.95892,0.070272,-0.42,2.38,-0.56,-60
1786632909801,278459,Thigh,stand,-0.294752,0.959408,0.059536,0.35,-3.29,-0.42,-60
1786632909801,278476,Thigh,stand,-0.297192,0.959408,0.060024,0.63,-4.69,-0.7,-60
1786632909801,278493,Thigh,stand,-0.2928,0.963312,0.068808,1.33,-6.86,-0.84,-60
1786632909801,278510,Thigh,stand,-0.278648,0.961848,0.076616,1.61,-7.91,-1.05,-60
1786632909801,278527,Thigh,stand,-0.265472,0.960384,0.084424,1.75,-8.89,-0.98,-60
1786632910513,278703,Thigh,stand,-0.290848,0.957944,0.094184,2.24,-3.78,-0.84,-60
1786632910513,278733,Thigh,stand,-0.281576,0.960872,0.0976,1.96,-4.62,-0.7,-60
1786632910513,278751,Thigh,stand,-0.276696,0.958432,0.099064,2.1,-5.04,-0.7,-60
1786632910513,278767,Thigh,stand,-0.272792,0.960384,0.101992,2.38,-5.53,-0.7,-60
1786632910513,278784,Thigh,stand,-0.261568,0.96136,0.103456,2.45,-5.25,-0.56,-60
1786632910513,278815,Thigh,stand,-0.257176,0.96136,0.113704,2.17,-3.5,-0.49,-60
1786632910513,278832,Thigh,stand,-0.258152,0.964288,0.116144,1.68,-1.89,-0.42,-60
1786632910513,278849,Thigh,stand,-0.25864,0.960384,0.113704,1.89,-0.28,-0.42,-60
1786632910513,278866,Thigh,stand,-0.259128,0.954528,0.11224,2.17,1.26,-0.42,-60
1786632910513,278883,Thigh,stand,-0.25864,0.955992,0.113704,2.45,1.75,-0.49,-60
1786632910819,279059,Thigh,stand,-0.292312,0.96136,0.063928,-2.17,4.2,-0.07,-58
1786632910819,279090,Thigh,stand,-0.293776,0.954528,0.057096,-1.82,1.89,0.07,-58
1786632910819,279107,Thigh,stand,-0.288896,0.95404,0.050752,-1.12,0.84,0.28,-58
1786632910819,279123,Thigh,stand,-0.289384,0.955016,0.047336,-0.56,-1.05,0.49,-58
1786632910819,279140,Thigh,stand,-0.289872,0.954528,0.05856,0.49,-2.03,0.56,-58
1786632910819,279171,Thigh,stand,-0.296704,0.962824,0.077592,0.42,-2.03,0.84,-58
1786632910819,279188,Thigh,stand,-0.299144,0.964288,0.06832,0.42,-5.18,0.56,-58
1786632910819,279205,Thigh,stand,-0.292312,0.9638,0.077104,0.21,-3.85,0.56,-58
1786632910819,279222,Thigh,stand,-0.290848,0.964776,0.085888,0,-3.85,0.49,-58
1786632910819,279239,Thigh,stand,-0.281576,0.966728,0.091744,-0.28,-3.99,0.35,-58
1786632910922,279413,Thigh,stand,-0.278648,0.9638,0.0976,-0.98,-6.02,0.7,-58
1786632910922,279444,Thigh,stand,-0.275232,0.960384,0.108336,-0.98,-7,0.7,-58
1786632910922,279461,Thigh,stand,-0.268888,0.959896,0.109312,-0.91,-7.07,0.56,-58
1786632910922,279478,Thigh,stand,-0.258152,0.959408,0.105896,-0.35,-7.07,0.56,-58
1786632910922,279495,Thigh,stand,-0.25864,0.957456,0.101016,-0.14,-6.02,0.63,-58
1786632910922,279525,Thigh,stand,-0.264984,0.95648,0.093696,0.14,-6.09,0.7,-58
1786632910922,279542,Thigh,stand,-0.267424,0.957456,0.091744,0.56,-6.02,0.7,-58
1786632910922,279559,Thigh,stand,-0.266448,0.956968,0.097112,0.7,-5.46,0.7,-58
1786632910922,279576,Thigh,stand,-0.266448,0.9638,0.103456,1.47,-5.32,0.63,-58
1786632910922,279593,Thigh,stand,-0.264984,0.964288,0.105896,1.4,-5.25,0.49,-58
1786632911284,279766,Thigh,stand,-0.284992,0.970632,0.133224,0.49,-5.6,0.21,-58
1786632911284,279797,Thigh,stand,-0.270352,0.9638,0.117608,-0.56,-6.93,0.56,-58
1786632911284,279814,Thigh,stand,-0.262056,0.960384,0.116144,-1.12,-6.37,0.7,-58
1786632911284,279831,Thigh,stand,-0.259616,0.959408,0.113216,-1.54,-5.39,0.56,-58
1786632911284,279848,Thigh,stand,-0.255712,0.95892,0.111752,-1.4,-4.62,0.56,-58
1786632911284,279879,Thigh,stand,-0.264984,0.95892,0.115656,0.42,-4.55,0.56,-58
1786632911284,279896,Thigh,stand,-0.267424,0.961848,0.113704,1.05,-4.62,0.35,-58
1786632911284,279912,Thigh,stand,-0.266936,0.96624,0.1098,0.63,-3.43,0.14,-58
1786632911284,279929,Thigh,stand,-0.262056,0.961848,0.114192,0.21,-2.45,0.28,-58
1786632911284,279947,Thigh,stand,-0.261568,0.95892,0.112728,0.63,-2.87,0.42,-58
1786632911677,280122,Thigh,stand,-0.25376,0.960872,0.121512,0.84,2.24,0.35,-69
1786632911677,280153,Thigh,stand,-0.260104,0.965264,0.118584,1.26,2.8,0,-69
1786632911677,280170,Thigh,stand,-0.259128,0.964288,0.115656,1.26,2.45,-0.14,-69
1786632911677,280187,Thigh,stand,-0.255224,0.95892,0.114192,1.75,2.73,-0.35,-69
1786632911677,280204,Thigh,stand,-0.254736,0.957944,0.106384,1.75,2.8,-0.21,-69
1786632911677,280235,Thigh,stand,-0.259616,0.953552,0.11224,1.68,2.8,0.14,-69
1786632911677,280252,Thigh,stand,-0.266936,0.964288,0.116632,1.68,1.96,0.14,-69
1786632911677,280269,Thigh,stand,-0.268888,0.966728,0.120048,1.4,0.91,0,-69
1786632911677,280286,Thigh,stand,-0.270352,0.965752,0.123464,1.33,0.84,-0.07,-69
1786632911677,280302,Thigh,stand,-0.275232,0.967704,0.120536,1.33,0.63,-0.07,-69
1786632911936,280478,Thigh,stand,-0.254736,0.963312,0.111752,1.75,-2.52,-0.42,-61
1786632911936,280509,Thigh,stand,-0.266448,0.966728,0.113704,1.61,-3.15,-0.28,-61
1786632911936,280526,Thigh,stand,-0.272792,0.967216,0.110288,1.12,-4.34,-0.49,-61
1786632911936,280543,Thigh,stand,-0.267912,0.963312,0.110288,0.91,-4.27,-0.56,-61
1786632911936,280560,Thigh,stand,-0.264496,0.957944,0.110776,1.47,-3.5,-0.56,-61
1786632911936,280591,Thigh,stand,-0.248392,0.957456,0.112728,2.17,-2.17,-0.28,-61
1786632911936,280608,Thigh,stand,-0.248392,0.958432,0.116632,2.1,-0.98,-0.28,-61
1786632911936,280625,Thigh,stand,-0.250832,0.959408,0.118584,2.24,-0.35,-0.49,-61
1786632911936,280642,Thigh,stand,-0.259616,0.962336,0.12444,2.31,0.7,-0.49,-61
1786632911936,280659,Thigh,stand,-0.266448,0.964288,0.125904,2.1,1.75,-0.63,-61
1786632912305,280834,Thigh,stand,-0.260104,0.956968,0.094672,2.38,-6.3,-0.21,-61
1786632912305,280865,Thigh,stand,-0.263032,0.962824,0.114192,2.59,-6.09,-0.14,-61
1786632912305,280882,Thigh,stand,-0.264008,0.96136,0.122488,2.66,-6.02,-0.35,-61
1786632912305,280899,Thigh,stand,-0.264984,0.964776,0.122976,2.52,-5.88,-0.35,-61
1786632912305,280916,Thigh,stand,-0.264496,0.966728,0.118584,2.1,-5.53,-0.49,-61
1786632912305,280947,Thigh,stand,-0.2684,0.962824,0.113216,1.54,-5.81,-0.21,-61
1786632912305,280964,Thigh,stand,-0.27084,0.962336,0.111264,1.05,-6.02,-0.28,-61
1786632912305,280981,Thigh,stand,-0.27084,0.963312,0.108824,0.91,-6.93,-0.49,-61
1786632912305,280998,Thigh,stand,-0.2684,0.962336,0.108824,1.19,-7,-0.56,-61
1786632912305,281015,Thigh,stand,-0.267424,0.960872,0.10492,1.33,-6.65,-0.49,-61
1786632912649,281190,Thigh,stand,-0.25376,0.96624,0.121512,2.31,-6.3,-0.21,-61
1786632912649,281221,Thigh,stand,-0.257176,0.956968,0.122976,2.1,-4.34,-0.07,-61
1786632912649,281238,Thigh,stand,-0.260592,0.957456,0.122976,2.38,-2.8,-0.07,-61
1786632912649,281255,Thigh,stand,-0.262544,0.959408,0.120048,2.59,-1.68,-0.14,-61
1786632912649,281272,Thigh,stand,-0.260592,0.960384,0.120536,2.87,-0.56,-0.21,-61
1786632912649,281303,Thigh,stand,-0.25864,0.95892,0.125416,2.94,1.12,-0.42,-61
1786632912649,281320,Thigh,stand,-0.26108,0.960384,0.125904,2.73,1.47,-0.35,-61
1786632912649,281337,Thigh,stand,-0.265472,0.9638,0.125416,2.38,0.98,-0.28,-61
1786632912649,281354,Thigh,stand,-0.271816,0.965264,0.125904,1.96,1.4,-0.14,-61
1786632912649,281371,Thigh,stand,-0.278648,0.96624,0.127368,1.33,1.75,-0.07,-61
1786632913007,281545,Thigh,stand,-0.260104,0.960872,0.11468,2.59,0.63,-0.28,-61
1786632913007,281576,Thigh,stand,-0.262544,0.960872,0.110776,2.66,1.05,-0.21,-61
1786632913007,281593,Thigh,stand,-0.26352,0.962336,0.108824,2.45,0.49,-0.21,-61
1786632913007,281610,Thigh,stand,-0.262544,0.962336,0.108336,2.17,0.7,-0.21,-61
1786632913007,281627,Thigh,stand,-0.265472,0.963312,0.108824,2.17,0.84,-0.21,-61
1786632913007,281658,Thigh,stand,-0.266448,0.965752,0.10248,2.03,1.26,-0.56,-61
1786632913007,281675,Thigh,stand,-0.266936,0.96624,0.099552,2.03,0.98,-0.63,-61
1786632913007,281692,Thigh,stand,-0.2684,0.962824,0.099552,2.24,0.07,-0.7,-61
1786632913007,281709,Thigh,stand,-0.27084,0.963312,0.095648,2.17,-0.98,-0.56,-61
1786632913007,281726,Thigh,stand,-0.274744,0.9638,0.091744,2.17,-2.17,-0.42,-61
1786632913362,281902,Thigh,stand,-0.281088,0.964288,0.10736,2.94,-2.73,-0.21,-58
1786632913362,281932,Thigh,stand,-0.293776,0.967216,0.105896,1.82,-2.94,-0.35,-58
1786632913362,281949,Thigh,stand,-0.293288,0.9638,0.108336,1.75,-3.01,-0.49,-58
1786632913362,281966,Thigh,stand,-0.286944,0.968192,0.104432,1.54,-3.36,-0.63,-58
1786632913362,281983,Thigh,stand,-0.275232,0.96868,0.100528,1.33,-4.27,-0.84,-58
1786632913362,282014,Thigh,stand,-0.266448,0.964288,0.089792,0.77,-4.48,-0.77,-58
1786632913362,282031,Thigh,stand,-0.264496,0.965264,0.08052,0.42,-4.55,-0.56,-58
1786632913362,282048,Thigh,stand,-0.26596,0.961848,0.076616,0.14,-4.41,-0.49,-58
1786632913362,282065,Thigh,stand,-0.265472,0.961848,0.078568,0.35,-4.41,-0.42,-58
1786632913362,282082,Thigh,stand,-0.25864,0.957944,0.079544,0.49,-4.55,-0.35,-58
1786632913737,282258,Thigh,stand,-0.2684,0.95892,0.103944,2.38,-2.45,-1.19,-60
1786632913737,282288,Thigh,stand,-0.243512,0.96136,0.105896,2.66,-2.24,-1.12,-60
1786632913737,282306,Thigh,stand,-0.230336,0.958432,0.108824,2.8,-1.82,-0.77,-60
1786632913737,282322,Thigh,stand,-0.238144,0.957456,0.10736,3.29,-1.82,-0.42,-60
1786632913737,282339,Thigh,stand,-0.249368,0.959896,0.104432,3.5,-2.24,0.07,-60
1786632913737,282370,Thigh,stand,-0.296216,0.966728,0.101016,2.59,-1.89,0.14,-60
1786632913737,282387,Thigh,stand,-0.304024,0.96868,0.0976,2.03,-2.03,-0.07,-60
1786632913737,282404,Thigh,stand,-0.310368,0.965264,0.099552,1.82,-2.31,-0.56,-60
1786632913737,282421,Thigh,stand,-0.303536,0.962336,0.100528,1.68,-2.52,-0.7,-60
1786632913737,282438,Thigh,stand,-0.289384,0.963312,0.091256,1.61,-2.52,-0.84,-60
1786632914077,282613,Thigh,stand,-0.251808,0.967704,0.108824,3.85,4.69,-0.7,-60
1786632914077,282644,Thigh,stand,-0.247904,0.972584,0.093696,3.64,1.68,-1.89,-60
1786632914077,282661,Thigh,stand,-0.24888,0.967704,0.089304,3.22,-0.07,-2.03,-60
1786632914077,282678,Thigh,stand,-0.296216,0.969656,0.08296,1.05,0.49,-1.19,-60
1786632914077,282694,Thigh,stand,-0.316712,0.95892,0.091744,-0.42,1.96,0.63,-60
1786632914077,282725,Thigh,stand,-0.323056,0.963312,0.07564,1.19,1.75,0.35,-60
1786632914077,282742,Thigh,stand,-0.305,0.967216,0.051728,0.98,-3.71,-0.63,-60
1786632914077,282759,Thigh,stand,-0.286944,0.966728,0.050264,0.7,-7.07,-1.26,-60
1786632914077,282776,Thigh,stand,-0.276208,0.968192,0.057584,0.21,-7.56,-1.26,-60
1786632914077,282793,Thigh,stand,-0.27084,0.9638,0.062464,0.21,-6.09,-1.05,-60
1786632914432,282968,Thigh,stand,-0.260592,0.960872,0.091744,0.49,-5.04,-0.21,-56
1786632914432,282999,Thigh,stand,-0.267912,0.959896,0.093696,0,-1.68,0.21,-56
1786632914432,283016,Thigh,stand,-0.274256,0.958432,0.09516,0.07,-0.42,0.49,-56
1786632914432,283033,Thigh,stand,-0.279624,0.956968,0.095648,1.05,-1.12,0.14,-56
1786632914432,283050,Thigh,stand,-0.284504,0.960384,0.095648,1.26,-1.12,-0.07,-56
1786632914432,283080,Thigh,stand,-0.299144,0.96868,0.089792,0.07,-0.77,-0.07,-56
1786632914432,283097,Thigh,stand,-0.296216,0.9638,0.09028,-0.63,-1.47,0.07,-56
1786632914432,283114,Thigh,stand,-0.289384,0.960872,0.089304,-0.77,-3.22,0.14,-56
1786632914432,283131,Thigh,stand,-0.2806,0.959408,0.093696,-0.7,-4.2,0.14,-56
1786632914432,283148,Thigh,stand,-0.272792,0.960384,0.09272,-0.42,-5.04,0.14,-56
1786632914865,283323,Thigh,stand,-0.25132,0.967216,0.09516,1.33,-4.06,-0.14,-56
1786632914865,283354,Thigh,stand,-0.261568,0.959408,0.101016,1.26,-3.78,0.28,-56
1786632914865,283371,Thigh,stand,-0.2684,0.961848,0.10248,1.12,-3.78,0.49,-56
1786632914865,283388,Thigh,stand,-0.276208,0.9638,0.102968,0.98,-4.2,0.49,-56
1786632914865,283405,Thigh,stand,-0.28304,0.960384,0.098088,0.84,-5.04,0.21,-56
1786632914865,283436,Thigh,stand,-0.288408,0.957456,0.093696,1.54,-6.51,0.28,-56
1786632914865,283452,Thigh,stand,-0.290848,0.956968,0.096136,1.54,-6.23,0.42,-56
1786632914865,283469,Thigh,stand,-0.2928,0.954528,0.101504,1.82,-7.14,0.35,-56
1786632914865,283486,Thigh,stand,-0.289384,0.963312,0.105408,2.24,-8.05,0.21,-56
1786632914865,283503,Thigh,stand,-0.284992,0.9638,0.107848,1.82,-8.68,0.21,-56
1786632916169,283677,Thigh,stand,-0.254736,0.965752,0.117608,1.05,4.06,-0.14,-52
1786632916169,283708,Thigh,stand,-0.26108,0.965264,0.115656,0.42,5.25,-0.42,-52
1786632916169,283725,Thigh,stand,-0.264008,0.965752,0.107848,0.21,5.53,-0.56,-52
1786632916169,283742,Thigh,stand,-0.259128,0.964288,0.100528,-0.21,5.88,-0.35,-52
1786632916169,283759,Thigh,stand,-0.25864,0.964288,0.096624,-0.63,5.46,-0.21,-52
1786632916169,283790,Thigh,stand,-0.26352,0.9638,0.091256,-0.84,4.27,-0.35,-52
1786632916169,283807,Thigh,stand,-0.266448,0.9638,0.086376,-0.63,3.43,-0.42,-52
1786632916169,283824,Thigh,stand,-0.2684,0.962336,0.083936,-0.56,3.08,-0.42,-52
1786632916169,283840,Thigh,stand,-0.269376,0.960872,0.08052,-0.49,2.8,-0.28,-52
1786632916169,283857,Thigh,stand,-0.270352,0.959408,0.072712,0.07,2.1,-0.14,-52
1786632916170,284032,Thigh,stand,-0.267424,0.965264,0.098576,0.84,-0.91,-0.14,-55
1786632916170,284064,Thigh,stand,-0.272792,0.962336,0.091744,0.56,-1.68,-0.14,-55
1786632916170,284081,Thigh,stand,-0.273768,0.962336,0.089304,0.7,-1.68,-0.28,-55
1786632916170,284098,Thigh,stand,-0.274256,0.964288,0.089792,0.77,-1.33,-0.35,-55
1786632916170,284115,Thigh,stand,-0.273768,0.969168,0.088328,0.49,-1.68,-0.42,-55
1786632916170,284146,Thigh,stand,-0.282064,0.960872,0.086376,0.84,-4.06,-0.49,-55
1786632916170,284163,Thigh,stand,-0.27816,0.96136,0.079544,0.98,-5.46,-0.35,-55
1786632916170,284180,Thigh,stand,-0.278648,0.961848,0.079544,0.84,-5.95,-0.07,-55
1786632916170,284197,Thigh,stand,-0.284016,0.960384,0.078568,0.91,-7.28,0.21,-55
1786632916170,284213,Thigh,stand,-0.282552,0.95892,0.085888,1.05,-7.63,0.28,-55
1786632916386,284388,Thigh,stand,-0.26108,0.968192,0.116632,1.68,-7.98,0.56,-53
1786632916386,284419,Thigh,stand,-0.260592,0.957944,0.115656,1.26,-6.72,0.07,-53
1786632916386,284436,Thigh,stand,-0.262056,0.960872,0.108824,1.33,-5.6,-0.21,-53
1786632916386,284506,Thigh,stand,-0.264984,0.960384,0.124928,1.54,-3.29,-0.28,-53
1786632916386,284538,Thigh,stand,-0.257664,0.964776,0.105896,0.7,-1.68,-0.56,-53
1786632916386,284555,Thigh,stand,-0.256688,0.957456,0.107848,0.63,-2.03,-0.7,-53
1786632916386,284572,Thigh,stand,-0.253272,0.95404,0.111752,1.19,-2.31,-0.7,-53
1786632916386,284589,Thigh,stand,-0.2562,0.953064,0.11712,1.75,-2.17,-0.56,-53
1786632916386,284619,Thigh,stand,-0.252296,0.986736,0.11956,1.05,1.05,0.07,-53
1786632916386,284636,Thigh,stand,-0.258152,0.957456,0.118584,1.47,1.19,-0.07,-53
1786632916495,284810,Thigh,stand,-0.278648,0.96136,0.096624,1.4,1.33,-0.21,-54
1786632916495,284841,Thigh,stand,-0.284992,0.958432,0.089792,1.4,-0.07,0,-54
1786632916495,284858,Thigh,stand,-0.287432,0.960872,0.081984,1.47,-1.26,0,-54
1786632916495,284875,Thigh,stand,-0.284504,0.960384,0.081984,1.4,-1.82,0,-54
1786632916495,284892,Thigh,stand,-0.2806,0.959896,0.084424,1.68,-1.82,0,-54
1786632916495,284923,Thigh,stand,-0.27816,0.9638,0.091744,1.68,-2.38,0.07,-54
1786632916495,284940,Thigh,stand,-0.277184,0.964288,0.086376,1.96,-3.43,0.07,-54
1786632916495,284957,Thigh,stand,-0.274256,0.960384,0.089304,1.68,-3.78,0.14,-54
1786632916495,284974,Thigh,stand,-0.269376,0.956968,0.091744,2.1,-3.36,0.28,-54
1786632916495,284990,Thigh,stand,-0.264008,0.965752,0.094184,2.59,-3.15,0.28,-54
1786632916851,285380,Thigh,stand,-0.260104,0.96136,0.104432,0.77,0.21,-0.28,-51
1786632916851,285410,Thigh,stand,-0.262056,0.961848,0.103944,1.19,-0.21,-0.14,-51
1786632916851,285427,Thigh,stand,-0.264008,0.96136,0.101504,1.4,-0.28,-0.28,-51
1786632916851,285444,Thigh,stand,-0.2684,0.960872,0.099552,1.47,0,-0.42,-51
1786632916851,285461,Thigh,stand,-0.276208,0.960872,0.099064,1.61,-0.07,-0.35,-51
1786632916851,285492,Thigh,stand,-0.281576,0.960384,0.101016,1.82,-0.77,-0.35,-51
1786632916851,285509,Thigh,stand,-0.281088,0.95892,0.101992,1.75,-1.75,-0.35,-51
1786632916851,285526,Thigh,stand,-0.280112,0.963312,0.099064,1.89,-2.1,-0.35,-51
1786632916851,285543,Thigh,stand,-0.276208,0.963312,0.102968,1.47,-2.8,-0.21,-51
1786632916851,285560,Thigh,stand,-0.274256,0.964288,0.103456,1.54,-2.8,-0.42,-51
1786632917214,285736,Thigh,stand,-0.266448,0.962336,0.10492,1.82,-2.24,-0.35,-51
1786632917214,285766,Thigh,stand,-0.266448,0.9638,0.101992,1.68,-1.61,-0.21,-51
1786632917214,285784,Thigh,stand,-0.266448,0.964288,0.101992,1.47,-1.33,-0.14,-51
1786632917214,285800,Thigh,stand,-0.268888,0.96136,0.103944,1.26,-1.4,-0.21,-51
1786632917214,285817,Thigh,stand,-0.268888,0.962336,0.101016,1.47,-1.54,-0.35,-51
1786632917214,285848,Thigh,stand,-0.27084,0.964288,0.098576,1.47,-1.05,-0.35,-51
1786632917214,285865,Thigh,stand,-0.271816,0.96136,0.099064,1.19,-0.49,-0.28,-51
1786632917214,285882,Thigh,stand,-0.276208,0.962336,0.096624,1.12,-0.63,-0.21,-51
1786632917214,285899,Thigh,stand,-0.279136,0.960384,0.097112,1.12,-0.91,-0.21,-51
1786632917214,285916,Thigh,stand,-0.2806,0.962336,0.0976,1.19,-1.4,-0.21,-51
1786632917564,286091,Thigh,stand,-0.2684,0.9638,0.093208,1.05,-3.22,-0.21,-52
1786632917564,286123,Thigh,stand,-0.266448,0.965752,0.092232,0.7,-4.13,-0.49,-52
1786632917564,286140,Thigh,stand,-0.269376,0.95892,0.103456,0.42,-2.66,-0.21,-52
1786632917564,286156,Thigh,stand,-0.266448,0.961848,0.098088,0.63,-3.36,0,-52
1786632917564,286173,Thigh,stand,-0.264008,0.962336,0.090768,0.42,-3.5,0,-52
1786632917564,286204,Thigh,stand,-0.264984,0.96624,0.089304,0.07,-2.52,-0.07,-52
1786632917564,286221,Thigh,stand,-0.264008,0.959408,0.090768,-0.14,-2.87,0.07,-52
1786632917564,286238,Thigh,stand,-0.264008,0.95892,0.094672,0.42,-2.52,0.14,-52
1786632917564,286255,Thigh,stand,-0.260592,0.960384,0.102968,0.21,-1.68,0.35,-52
1786632917564,286272,Thigh,stand,-0.25864,0.960872,0.092232,1.61,-3.08,-0.14,-52
1786632917922,286447,Thigh,stand,-0.26596,0.95892,0.110288,1.68,-4.13,0.28,-55
1786632917922,286478,Thigh,stand,-0.268888,0.955504,0.11468,2.31,-4.13,-0.07,-55
1786632917922,286495,Thigh,stand,-0.268888,0.955504,0.116632,2.66,-3.92,-0.07,-55
1786632917922,286512,Thigh,stand,-0.271328,0.958432,0.115168,2.73,-3.78,-0.14,-55
1786632917922,286529,Thigh,stand,-0.274256,0.964288,0.118096,2.31,-3.78,-0.14,-55
1786632917922,286559,Thigh,stand,-0.275232,0.964288,0.125416,1.75,-3.64,0,-55
1786632917922,286576,Thigh,stand,-0.269864,0.967704,0.126392,1.33,-3.71,0,-55
1786632917922,286593,Thigh,stand,-0.263032,0.96624,0.11956,1.12,-3.15,0.14,-55
1786632917922,286610,Thigh,stand,-0.260104,0.963312,0.112728,0.56,-3.22,0.07,-55
1786632917922,286627,Thigh,stand,-0.259128,0.96136,0.10736,0.56,-2.66,0.07,-55
1786632918276,286802,Thigh,stand,-0.288408,0.965264,0.105408,0.21,4.13,-0.42,-55
1786632918276,286834,Thigh,stand,-0.284504,0.964776,0.09516,0.35,1.47,-0.49,-55
1786632918276,286851,Thigh,stand,-0.274744,0.959408,0.090768,0.42,-0.7,-0.42,-55
1786632918276,286868,Thigh,stand,-0.265472,0.957456,0.092232,0.7,-2.59,-0.21,-55
1786632918276,286885,Thigh,stand,-0.262544,0.95892,0.0976,0.7,-3.71,-0.07,-55
1786632918276,286916,Thigh,stand,-0.254248,0.960872,0.11224,1.4,-3.43,-0.07,-55
1786632918276,286932,Thigh,stand,-0.248392,0.960872,0.11224,1.89,-1.96,0,-55
1786632918276,286949,Thigh,stand,-0.248392,0.962824,0.10492,2.31,-1.12,0,-55
1786632918276,286966,Thigh,stand,-0.252296,0.963312,0.10248,2.24,-0.77,0.14,-55
1786632918276,286983,Thigh,stand,-0.263032,0.9638,0.096136,1.89,-0.21,0.28,-55
1786632918633,287157,Thigh,stand,-0.268888,0.960872,0.095648,0.98,-8.96,-0.07,-53
1786632918633,287188,Thigh,stand,-0.272792,0.9638,0.103944,1.54,-10.78,0,-53
1786632918633,287205,Thigh,stand,-0.268888,0.96624,0.105896,1.4,-11.83,0,-53
1786632918633,287222,Thigh,stand,-0.257176,0.964776,0.106384,1.33,-11.9,-0.07,-53
1786632918633,287239,Thigh,stand,-0.240584,0.961848,0.108336,1.61,-11.41,-0.07,-53
1786632918633,287270,Thigh,stand,-0.223504,0.955992,0.112728,2.1,-9.24,0.21,-53
1786632918633,287287,Thigh,stand,-0.22448,0.955016,0.119072,2.66,-8.61,0.21,-53
1786632918633,287304,Thigh,stand,-0.236192,0.955016,0.127856,2.94,-7,0.28,-53
1786632918633,287320,Thigh,stand,-0.251808,0.959896,0.132736,3.57,-4.55,0.21,-53
1786632918633,287337,Thigh,stand,-0.260104,0.969656,0.132736,3.29,-2.31,0,-53
1786632919016,287513,Thigh,stand,-0.253272,0.956968,0.099064,1.61,-3.01,-0.35,-53
1786632919016,287545,Thigh,stand,-0.262544,0.95892,0.1098,2.38,-4.34,0,-53
1786632919016,287562,Thigh,stand,-0.26596,0.961848,0.11224,2.31,-4.34,0.07,-53
1786632919016,287579,Thigh,stand,-0.265472,0.959408,0.117608,2.31,-3.5,0,-53
1786632919016,287596,Thigh,stand,-0.264008,0.960384,0.119072,2.52,-2.31,-0.14,-53
1786632919016,287627,Thigh,stand,-0.264496,0.964776,0.11956,1.89,-0.98,-0.07,-53
1786632919016,287644,Thigh,stand,-0.271816,0.964288,0.115168,1.47,0.14,-0.07,-53
1786632919016,287661,Thigh,stand,-0.273768,0.960384,0.118584,1.26,0.56,-0.07,-53
1786632919016,287678,Thigh,stand,-0.277672,0.962336,0.107848,1.61,0.49,-0.07,-53
1786632919016,287695,Thigh,stand,-0.280112,0.962336,0.105408,1.61,0.28,-0.14,-53
1786632919420,287868,Thigh,stand,-0.252296,0.963312,0.11712,1.4,-4.41,0.14,-50
1786632919420,287899,Thigh,stand,-0.259616,0.963312,0.120048,1.19,-2.45,0.07,-50
1786632919420,287916,Thigh,stand,-0.264496,0.964288,0.11468,0.77,-1.33,-0.14,-50
1786632919420,287934,Thigh,stand,-0.266448,0.962824,0.107848,0.56,-0.42,-0.21,-50
1786632919420,287951,Thigh,stand,-0.269864,0.961848,0.10492,0.49,-0.56,-0.14,-50
1786632919420,287982,Thigh,stand,-0.272792,0.962824,0.099064,0.35,-0.14,0,-50
1786632919420,287999,Thigh,stand,-0.273768,0.962824,0.098088,0.35,0.07,-0.14,-50
1786632919420,288016,Thigh,stand,-0.277184,0.962824,0.09516,0.42,-0.07,-0.21,-50
1786632919420,288033,Thigh,stand,-0.2806,0.95892,0.093208,0.77,-0.63,-0.35,-50
1786632919420,288050,Thigh,stand,-0.280112,0.959896,0.093208,1.12,-1.68,-0.35,-50
1786632919703,288225,Thigh,stand,-0.253272,0.959896,0.11712,1.26,1.05,0.21,-52
1786632919703,288256,Thigh,stand,-0.286944,0.964776,0.10736,1.19,2.24,0.07,-52
1786632919703,288273,Thigh,stand,-0.293288,0.964288,0.103456,1.05,2.1,-0.14,-52
1786632919703,288290,Thigh,stand,-0.293776,0.961848,0.099552,0.98,2.17,-0.14,-52
1786632919703,288307,Thigh,stand,-0.292312,0.962336,0.089792,1.12,1.33,-0.14,-52
1786632919703,288338,Thigh,stand,-0.282552,0.96136,0.08784,1.12,-1.33,-0.28,-52
1786632919703,288355,Thigh,stand,-0.276208,0.960384,0.09516,1.26,-2.52,-0.14,-52
1786632919703,288372,Thigh,stand,-0.27328,0.964288,0.10004,1.26,-3.36,-0.07,-52
1786632919703,288389,Thigh,stand,-0.26596,0.965752,0.101992,1.12,-4.2,-0.07,-52
1786632919703,288406,Thigh,stand,-0.262544,0.965264,0.102968,1.19,-4.69,-0.07,-52
1786632920060,288580,Thigh,stand,-0.269864,0.96136,0.104432,1.96,2.52,-0.07,-48
1786632920060,288611,Thigh,stand,-0.298656,0.965264,0.106872,1.82,1.96,-0.07,-48
1786632920060,288628,Thigh,stand,-0.31476,0.968192,0.10492,1.54,0.28,-0.28,-48
1786632920060,288645,Thigh,stand,-0.317688,0.968192,0.095648,1.12,-2.03,-0.63,-48
1786632920060,288662,Thigh,stand,-0.313784,0.96624,0.09028,0.63,-3.78,-0.77,-48
1786632920060,288693,Thigh,stand,-0.289872,0.962336,0.0854,0.49,-6.3,-0.7,-48
1786632920060,288710,Thigh,stand,-0.281576,0.959408,0.09028,0.42,-7.56,-0.56,-48
1786632920060,288727,Thigh,stand,-0.264496,0.957944,0.091744,0.7,-8.12,-0.35,-48
1786632920060,288744,Thigh,stand,-0.25376,0.958432,0.09028,1.4,-9.17,-0.35,-48
1786632920060,288761,Thigh,stand,-0.24644,0.959408,0.090768,1.96,-9.66,-0.14,-48
1786632920469,288936,Thigh,stand,-0.295728,0.96624,0.124928,0.98,2.03,-0.35,-49
1786632920469,288966,Thigh,stand,-0.301096,0.965264,0.103456,-0.07,0.98,-0.35,-49
1786632920469,288983,Thigh,stand,-0.282552,0.954528,0.13176,0.98,5.95,0.63,-49
1786632920469,289000,Thigh,stand,-0.30256,0.963312,0.040992,1.54,-1.82,0.63,-49
1786632920469,289017,Thigh,stand,-0.284016,0.977952,0.058072,-2.17,-5.81,-0.63,-49
1786632920469,289048,Thigh,stand,-0.26596,0.965264,0.09516,0.28,-5.67,-0.7,-49
1786632920469,289065,Thigh,stand,-0.260104,0.945744,0.098576,2.31,-3.01,0.77,-49
1786632920469,289082,Thigh,stand,-0.249856,0.967704,0.075152,2.31,-4.97,0.28,-49
1786632920469,289099,Thigh,stand,-0.267424,0.969656,0.050752,2.52,-6.3,0.14,-49
1786632920469,289116,Thigh,stand,-0.2684,0.97356,0.061976,0.42,-3.99,0.56,-49
1786632920774,289291,Thigh,stand,-0.269864,0.967704,0.118096,0.98,-1.89,-0.35,-51
1786632920774,289322,Thigh,stand,-0.271816,0.962336,0.105896,0.42,-1.4,-0.49,-51
1786632920774,289339,Thigh,stand,-0.2684,0.958432,0.099552,0.42,-0.7,-0.35,-51
1786632920774,289356,Thigh,stand,-0.2684,0.958432,0.099064,0.63,-0.21,-0.21,-51
1786632920774,289373,Thigh,stand,-0.271328,0.960872,0.10248,0.84,-0.28,-0.28,-51
1786632920774,289404,Thigh,stand,-0.278648,0.959896,0.101016,1.47,-0.56,-0.35,-51
1786632920774,289421,Thigh,stand,-0.277672,0.960384,0.098088,1.75,-0.63,-0.28,-51
1786632920774,289438,Thigh,stand,-0.277672,0.959896,0.100528,1.96,-0.35,-0.21,-51
1786632920774,289456,Thigh,stand,-0.282064,0.960872,0.102968,1.96,-0.84,-0.28,-51
1786632920774,289473,Thigh,stand,-0.2806,0.96136,0.10736,1.89,-1.12,-0.28,-51
1786632921132,289649,Thigh,stand,-0.269376,0.965752,0.086864,2.73,-2.59,0.21,-50
1786632921132,289679,Thigh,stand,-0.275232,0.96624,0.094184,1.96,-2.8,-0.14,-50
1786632921132,289696,Thigh,stand,-0.2806,0.962824,0.105896,1.19,-1.19,-0.35,-50
1786632921132,289713,Thigh,stand,-0.282064,0.961848,0.102968,1.33,-1.75,-0.56,-50
1786632921132,289730,Thigh,stand,-0.27816,0.960872,0.103456,1.26,-2.1,-0.56,-50
1786632921132,289761,Thigh,stand,-0.261568,0.96136,0.106872,1.19,-2.31,-0.49,-50
1786632921132,289778,Thigh,stand,-0.26108,0.960384,0.105896,1.4,-1.89,-0.42,-50
1786632921132,289795,Thigh,stand,-0.259616,0.959408,0.099552,1.4,-1.75,-0.28,-50
1786632921132,289812,Thigh,stand,-0.265472,0.960384,0.091744,1.68,-2.38,-0.14,-50
1786632921132,289829,Thigh,stand,-0.2684,0.95892,0.096624,1.4,-1.75,-0.07,-50
1786632921508,290005,Thigh,stand,-0.264008,0.964776,0.094672,1.26,-1.75,-0.42,-48
1786632921508,290036,Thigh,stand,-0.26352,0.962336,0.100528,1.05,-1.05,-0.56,-48
1786632921508,290052,Thigh,stand,-0.262544,0.958432,0.1098,1.33,-0.28,-0.56,-48
1786632921508,290069,Thigh,stand,-0.262544,0.967216,0.092232,1.96,-1.96,-0.63,-48
1786632921508,290086,Thigh,stand,-0.267424,0.965752,0.08052,0.63,-3.15,-0.84,-48
1786632921508,290117,Thigh,stand,-0.267912,0.957944,0.100528,1.05,-1.05,-0.77,-48
1786632921508,290134,Thigh,stand,-0.266936,0.966728,0.088328,1.82,-3.15,-0.7,-48
1786632921508,290151,Thigh,stand,-0.266936,0.97112,0.092232,0.49,-3.29,-0.7,-48
1786632921508,290168,Thigh,stand,-0.266936,0.963312,0.086864,1.33,-3.85,-0.77,-48
1786632921508,290185,Thigh,stand,-0.261568,0.965264,0.081984,1.33,-5.53,-0.98,-48
1786632921846,290361,Thigh,stand,-0.285968,0.960872,0.113216,3.01,-6.3,-0.14,-49
1786632921846,290392,Thigh,stand,-0.291824,0.959896,0.123464,3.15,-4.34,-0.35,-49
1786632921846,290409,Thigh,stand,-0.290848,0.959408,0.120536,3.15,-3.5,-0.21,-49
1786632921846,290426,Thigh,stand,-0.287432,0.957944,0.119072,2.66,-2.66,-0.07,-49
1786632921846,290442,Thigh,stand,-0.284016,0.959896,0.122488,2.1,-2.31,0,-49
1786632921846,290473,Thigh,stand,-0.284504,0.963312,0.130296,2.17,-1.54,-0.07,-49
1786632921846,290490,Thigh,stand,-0.285968,0.959896,0.122976,2.1,-1.05,-0.14,-49
1786632921846,290507,Thigh,stand,-0.282064,0.956968,0.115168,2.24,-1.4,-0.14,-49
1786632921846,290524,Thigh,stand,-0.276696,0.953552,0.103944,2.17,-1.47,0,-49
1786632921846,290541,Thigh,stand,-0.275232,0.955504,0.10492,2.52,-1.89,0.42,-49
1786632922214,290718,Thigh,stand,-0.249856,0.957944,0.08784,0.7,7.84,-0.21,-50
1786632922214,290749,Thigh,stand,-0.277184,0.962336,0.076616,1.54,8.75,-0.14,-50
1786632922214,290766,Thigh,stand,-0.299144,0.97112,0.05612,1.54,6.93,-0.28,-50
1786632922214,290783,Thigh,stand,-0.305488,0.976976,0.051728,0.21,3.15,-0.49,-50
1786632922214,290800,Thigh,stand,-0.308416,0.975512,0.05612,-0.28,1.33,-0.91,-50
1786632922214,290830,Thigh,stand,-0.27572,0.963312,0.060512,-0.49,-6.79,-1.47,-50
1786632922214,290847,Thigh,stand,-0.2562,0.962824,0.061976,-0.21,-9.94,-1.54,-50
1786632922214,290864,Thigh,stand,-0.220088,0.96868,0.059536,0,-10.64,-1.26,-50
1786632922214,290881,Thigh,stand,-0.192272,0.969656,0.061976,0.28,-10.57,-0.42,-50
1786632922214,290898,Thigh,stand,-0.17324,0.960384,0.071248,0.98,-9.1,0.28,-50
1786632922754,291074,Thigh,stand,-0.29768,0.952088,0.097112,3.22,-4.2,-0.7,-50
1786632922754,291105,Thigh,stand,-0.29524,0.953552,0.113216,4.06,-2.87,-0.42,-50
1786632922754,291122,Thigh,stand,-0.300608,0.955992,0.11224,4.34,-3.29,-0.28,-50
1786632922754,291139,Thigh,stand,-0.308416,0.966728,0.111264,4.41,-3.92,-0.35,-50
1786632922754,291156,Thigh,stand,-0.303536,0.976488,0.120536,3.08,-4.41,-0.56,-50
1786632922754,291187,Thigh,stand,-0.274256,0.96624,0.135664,0.98,-3.01,-0.63,-50
1786632922754,291204,Thigh,stand,-0.247416,0.96136,0.12688,0.84,-2.1,-0.28,-50
1786632922754,291220,Thigh,stand,-0.227896,0.962824,0.103944,0.42,-0.84,0.35,-50
1786632922754,291237,Thigh,stand,-0.224968,0.964288,0.089792,-0.07,1.19,0.63,-50
1786632922754,291254,Thigh,stand,-0.238144,0.962824,0.084912,-0.35,2.73,0.49,-50
1786632922916,291429,Thigh,stand,-0.256688,0.961848,0.06344,0.84,-8.4,0.77,-48
1786632922916,291460,Thigh,stand,-0.27572,0.96624,0.082472,0.91,-9.31,0.56,-48
1786632922916,291477,Thigh,stand,-0.282064,0.97112,0.0854,0.63,-9.24,0.21,-48
1786632922916,291494,Thigh,stand,-0.278648,0.966728,0.088328,0.49,-9.1,-0.21,-48
1786632922916,291511,Thigh,stand,-0.272792,0.965264,0.086864,0.35,-8.12,-0.28,-48
1786632922916,291542,Thigh,stand,-0.252784,0.955992,0.079544,1.05,-7.49,0.07,-48
1786632922916,291559,Thigh,stand,-0.25132,0.957456,0.081984,1.19,-6.86,0.28,-48
1786632922916,291576,Thigh,stand,-0.259128,0.957944,0.088328,1.19,-6.51,0.42,-48
1786632922916,291593,Thigh,stand,-0.274744,0.955504,0.099552,1.61,-6.3,0.42,-48
1786632922916,291610,Thigh,stand,-0.286456,0.957456,0.104432,2.38,-6.72,0.28,-48
1786632923349,291785,Thigh,stand,-0.25376,0.957944,0.104432,0.42,-1.12,0.07,-48
1786632923349,291816,Thigh,stand,-0.248392,0.95648,0.108824,1.82,-0.98,0.07,-48
1786632923349,291833,Thigh,stand,-0.249368,0.959896,0.110288,1.96,-0.42,0.14,-48
1786632923349,291850,Thigh,stand,-0.2562,0.960384,0.1098,2.1,-0.28,0,-48
1786632923349,291867,Thigh,stand,-0.264984,0.965752,0.109312,2.03,0.14,-0.07,-48
1786632923349,291898,Thigh,stand,-0.27328,0.96624,0.114192,1.05,0.91,-0.14,-48
1786632923349,291915,Thigh,stand,-0.272792,0.969168,0.108336,0.42,0.49,-0.21,-48
1786632923349,291932,Thigh,stand,-0.264984,0.967216,0.103456,-0.14,0.42,-0.42,-48
1786632923349,291949,Thigh,stand,-0.26108,0.9638,0.10248,-0.49,0.07,-0.49,-48
1786632923349,291966,Thigh,stand,-0.259128,0.96136,0.094672,-0.35,-0.35,-0.35,-48
1786632923773,292140,Thigh,stand,-0.282552,0.960384,0.088328,1.4,-3.22,0.14,-47
1786632923773,292171,Thigh,stand,-0.2806,0.963312,0.098576,1.54,-3.92,0.14,-47
1786632923773,292188,Thigh,stand,-0.276696,0.966728,0.102968,1.4,-4.34,0.07,-47
1786632923773,292206,Thigh,stand,-0.275232,0.961848,0.104432,1.12,-3.85,0.14,-47
1786632923773,292223,Thigh,stand,-0.271328,0.96136,0.102968,0.98,-4.27,0.14,-47
1786632923773,292254,Thigh,stand,-0.269864,0.961848,0.102968,0.84,-4.48,0.21,-47
1786632923773,292271,Thigh,stand,-0.268888,0.96136,0.106872,0.77,-3.71,0.07,-47
1786632923773,292288,Thigh,stand,-0.269376,0.960384,0.106384,1.05,-3.08,0.14,-47
1786632923773,292305,Thigh,stand,-0.269376,0.959896,0.105896,1.26,-2.8,0.14,-47
1786632923773,292322,Thigh,stand,-0.267424,0.9638,0.104432,1.19,-2.1,0.14,-47
1786632924022,292495,Thigh,stand,-0.267912,0.960872,0.080032,0.35,-4.9,-0.14,-49
1786632924022,292526,Thigh,stand,-0.265472,0.96136,0.087352,0.7,-4.83,0.07,-49
1786632924022,292543,Thigh,stand,-0.264496,0.962824,0.091744,0.98,-4.48,0,-49
1786632924022,292560,Thigh,stand,-0.267424,0.962824,0.09272,0.98,-4.83,0.14,-49
1786632924022,292577,Thigh,stand,-0.264984,0.960872,0.092232,0.98,-5.81,0.21,-49
1786632924022,292608,Thigh,stand,-0.263032,0.9638,0.09272,0.91,-6.37,0.35,-49
1786632924022,292625,Thigh,stand,-0.264496,0.961848,0.100528,0.91,-6.09,0.35,-49
1786632924022,292641,Thigh,stand,-0.266448,0.95892,0.10736,1.12,-5.32,0.28,-49
1786632924022,292658,Thigh,stand,-0.262544,0.959408,0.108336,1.54,-4.69,0.14,-49
1786632924022,292689,Thigh,stand,-0.255712,0.960872,0.10736,1.89,-3.36,0.21,-49
1786632924431,292863,Thigh,stand,-0.24644,0.959896,0.1098,0.63,-2.17,-0.35,-49
1786632924431,292894,Thigh,stand,-0.258152,0.962824,0.109312,0.77,-1.82,-0.07,-49
1786632924431,292911,Thigh,stand,-0.262544,0.964288,0.109312,0.7,-1.82,-0.14,-49
1786632924431,292928,Thigh,stand,-0.27328,0.9638,0.10736,0.77,-1.68,-0.21,-49
1786632924431,292945,Thigh,stand,-0.279624,0.96136,0.10248,0.77,-1.68,-0.35,-49
1786632924431,292976,Thigh,stand,-0.277184,0.961848,0.09516,0.7,-2.31,-0.21,-49
1786632924431,292993,Thigh,stand,-0.276208,0.96136,0.09028,0.63,-2.94,0,-49
1786632924431,293010,Thigh,stand,-0.272304,0.960384,0.098576,0.63,-2.8,0.07,-49
1786632924431,293027,Thigh,stand,-0.273768,0.961848,0.106872,0.84,-2.1,-0.14,-49
1786632924431,293044,Thigh,stand,-0.27328,0.962824,0.108336,1.26,-1.4,-0.56,-49
1786632924810,293218,Thigh,stand,-0.294752,0.963312,0.098576,1.89,1.47,-0.56,-49
1786632924810,293249,Thigh,stand,-0.296216,0.965752,0.090768,0.91,-1.26,-0.63,-49
1786632924810,293266,Thigh,stand,-0.29768,0.962336,0.084424,0.84,-3.57,-0.56,-49
1786632924810,293283,Thigh,stand,-0.291824,0.965752,0.076128,0.7,-5.88,-0.35,-49
1786632924810,293299,Thigh,stand,-0.286456,0.965752,0.075152,0.42,-7.63,-0.14,-49
1786632924810,293330,Thigh,stand,-0.269864,0.955504,0.079544,0.77,-9.03,0.14,-49
1786632924810,293347,Thigh,stand,-0.267424,0.955504,0.084912,1.75,-9.45,0.14,-49
1786632924810,293364,Thigh,stand,-0.259616,0.960872,0.089792,2.1,-9.1,0.07,-49
1786632924810,293381,Thigh,stand,-0.25376,0.960384,0.104432,2.52,-7.84,-0.07,-49
1786632924810,293412,Thigh,stand,-0.242536,0.95648,0.11468,3.43,-5.74,-0.07,-49
1786632925106,293587,Thigh,stand,-0.274256,0.957944,0.106872,1.47,1.47,-0.28,-56
1786632925106,293618,Thigh,stand,-0.277672,0.959896,0.102968,2.17,1.4,-0.35,-56
1786632925106,293635,Thigh,stand,-0.284016,0.96136,0.101992,2.24,0.63,-0.56,-56
1786632925106,293652,Thigh,stand,-0.289384,0.96136,0.10248,2.45,-0.56,-0.84,-56
1786632925106,293669,Thigh,stand,-0.291824,0.9638,0.103456,2.1,-1.4,-0.84,-56
1786632925106,293700,Thigh,stand,-0.298656,0.97112,0.105896,1.05,-2.73,-0.56,-56
1786632925106,293717,Thigh,stand,-0.297192,0.964288,0.102968,0.42,-3.85,-0.63,-56
1786632925106,293734,Thigh,stand,-0.287432,0.961848,0.10248,0.28,-4.62,-0.56,-56
1786632925106,293751,Thigh,stand,-0.27816,0.962336,0.094672,0.35,-5.11,-0.56,-56
1786632925106,293768,Thigh,stand,-0.265472,0.962336,0.09028,0.28,-6.02,-0.7,-56
1786632925438,293944,Thigh,stand,-0.255712,0.963312,0.074176,0.56,-3.85,-0.63,-49
1786632925438,293975,Thigh,stand,-0.247416,0.954528,0.071248,0.91,-4.48,-0.7,-49
1786632925438,293992,Thigh,stand,-0.250344,0.953552,0.08052,1.89,-4.2,-0.7,-49
1786632925438,294009,Thigh,stand,-0.254736,0.954528,0.083936,2.73,-3.92,-0.56,-49
1786632925438,294026,Thigh,stand,-0.264008,0.959896,0.093696,2.87,-3.92,-0.49,-49
1786632925438,294057,Thigh,stand,-0.27572,0.963312,0.105408,2.94,-3.78,-0.28,-49
1786632925438,294074,Thigh,stand,-0.277672,0.963312,0.105896,2.87,-3.57,-0.14,-49
1786632925438,294091,Thigh,stand,-0.279136,0.960384,0.105408,2.8,-3.22,-0.14,-49
1786632925438,294108,Thigh,stand,-0.281088,0.958432,0.103456,2.87,-2.87,-0.07,-49
1786632925438,294125,Thigh,stand,-0.285968,0.955992,0.102968,3.01,-2.17,0,-49
1786632925797,294300,Thigh,stand,-0.277672,0.960384,0.091256,0.77,-1.54,-0.07,-48
1786632925797,294331,Thigh,stand,-0.274256,0.961848,0.091744,0.49,-0.77,-0.14,-48
1786632925797,294348,Thigh,stand,-0.274256,0.960872,0.094672,0.63,-0.84,-0.21,-48
1786632925797,294365,Thigh,stand,-0.273768,0.964288,0.093208,0.77,-1.26,-0.21,-48
1786632925797,294382,Thigh,stand,-0.271328,0.9638,0.093208,0.77,-1.68,-0.28,-48
1786632925797,294413,Thigh,stand,-0.264984,0.960872,0.091256,0.7,-1.75,-0.07,-48
1786632925797,294430,Thigh,stand,-0.26352,0.959896,0.092232,0.7,-1.61,0.14,-48
1786632925797,294447,Thigh,stand,-0.266936,0.963312,0.088816,0.49,-1.47,0.28,-48
1786632925797,294464,Thigh,stand,-0.267912,0.962824,0.090768,0.49,-1.61,0.21,-48
1786632925797,294481,Thigh,stand,-0.271816,0.962336,0.092232,0.49,-1.54,0.14,-48
1786632926155,294657,Thigh,stand,-0.30256,0.959408,0.086376,1.96,-8.89,1.12,-47
1786632926155,294687,Thigh,stand,-0.293288,0.969168,0.108824,2.38,-8.26,0.14,-47
1786632926155,294705,Thigh,stand,-0.271816,0.969656,0.11224,2.1,-7.98,-0.28,-47
1786632926155,294721,Thigh,stand,-0.247904,0.965752,0.117608,1.68,-7.84,-0.14,-47
1786632926155,294738,Thigh,stand,-0.235704,0.962336,0.123464,1.33,-7.28,0.21,-47
1786632926155,294769,Thigh,stand,-0.206912,0.961848,0.138104,1.26,-5.11,0.77,-47
1786632926155,294786,Thigh,stand,-0.208376,0.964288,0.14396,0.98,-3.85,0.77,-47
1786632926155,294803,Thigh,stand,-0.218624,0.965752,0.144448,0.84,-3.43,0.42,-47
1786632926155,294820,Thigh,stand,-0.229848,0.96868,0.142008,0.63,-1.4,0.21,-47
1786632926155,294837,Thigh,stand,-0.236192,0.96868,0.138592,0.7,1.4,-0.42,-47
1786632926526,295014,Thigh,stand,-0.320128,0.965264,0.071248,1.05,-2.17,-0.49,-48
1786632926526,295045,Thigh,stand,-0.313784,0.961848,0.081008,0.98,-4.76,-0.91,-48
1786632926526,295062,Thigh,stand,-0.289384,0.96136,0.084424,1.26,-5.11,-0.77,-48
1786632926526,295079,Thigh,stand,-0.276208,0.960872,0.08296,0.98,-4.62,-0.35,-48
1786632926526,295096,Thigh,stand,-0.256688,0.960384,0.0854,0.84,-4.41,-0.14,-48
1786632926526,295127,Thigh,stand,-0.248392,0.957944,0.098088,1.61,-2.94,-0.07,-48
1786632926526,295144,Thigh,stand,-0.249368,0.958432,0.098088,1.96,-2.38,-0.07,-48
1786632926526,295161,Thigh,stand,-0.254736,0.955016,0.101992,2.59,-1.96,0,-48
1786632926526,295178,Thigh,stand,-0.26596,0.952576,0.101992,3.5,-1.4,0.14,-48
1786632926526,295195,Thigh,stand,-0.27328,0.95892,0.10248,3.85,-0.7,0.21,-48
1786632926870,295371,Thigh,stand,-0.30256,0.9638,0.102968,-0.28,-5.18,-0.49,-47
1786632926870,295402,Thigh,stand,-0.286456,0.964288,0.099552,-1.12,-6.23,-0.7,-47
1786632926870,295419,Thigh,stand,-0.263032,0.964776,0.095648,-1.19,-5.88,-0.84,-47
1786632926870,295436,Thigh,stand,-0.237168,0.969168,0.081496,-1.47,-5.88,-0.91,-47
1786632926870,295452,Thigh,stand,-0.218136,0.962824,0.072712,-1.33,-4.83,-0.63,-47
1786632926870,295483,Thigh,stand,-0.203984,0.957944,0.069784,-0.28,-2.59,-0.07,-47
1786632926870,295500,Thigh,stand,-0.214232,0.95892,0.068808,0.84,-0.91,-0.07,-47
1786632926870,295517,Thigh,stand,-0.240584,0.957944,0.07076,1.61,-0.14,-0.28,-47
1786632926870,295534,Thigh,stand,-0.264008,0.95892,0.075152,2.66,0.14,-0.63,-47
1786632926870,295551,Thigh,stand,-0.270352,0.960384,0.077592,2.94,0.28,-0.77,-47
1786632927224,295727,Thigh,stand,-0.38064,0.972096,0.118584,0.28,-4.76,-0.56,-47
1786632927224,295758,Thigh,stand,-0.324032,0.971608,0.10004,-2.1,-9.1,-1.4,-47
1786632927224,295775,Thigh,stand,-0.266448,0.960872,0.098088,-2.94,-11.34,-1.19,-47
1786632927224,295792,Thigh,stand,-0.217648,0.955016,0.0976,-2.45,-10.64,-0.56,-47
1786632927224,295809,Thigh,stand,-0.19764,0.95404,0.094672,-1.47,-8.12,0.14,-47
1786632927224,295839,Thigh,stand,-0.181048,0.955504,0.088328,0.7,-3.57,0.84,-47
1786632927224,295856,Thigh,stand,-0.208864,0.95404,0.091744,1.61,-2.24,0.77,-47
1786632927224,295873,Thigh,stand,-0.223992,0.95404,0.093696,3.29,-1.05,0.7,-47
1786632927224,295890,Thigh,stand,-0.25376,0.9638,0.093696,3.64,-0.28,0.7,-47
1786632927224,295907,Thigh,stand,-0.272304,0.976488,0.10004,3.36,0.56,0.42,-47
1786632927580,296082,Thigh,stand,-0.25376,0.959896,0.087352,1.12,-1.75,-0.7,-47
1786632927580,296113,Thigh,stand,-0.255712,0.958432,0.086376,2.1,-0.98,-0.42,-47
1786632927580,296130,Thigh,stand,-0.2562,0.955992,0.091744,3.08,-1.05,-0.35,-47
1786632927580,296147,Thigh,stand,-0.259128,0.95648,0.093696,3.5,-1.19,-0.35,-47
1786632927580,296164,Thigh,stand,-0.26352,0.956968,0.098088,4.34,-1.54,-0.35,-47
1786632927580,296195,Thigh,stand,-0.280112,0.962336,0.103456,4.06,-2.59,-0.35,-47
1786632927580,296212,Thigh,stand,-0.294752,0.969656,0.109312,3.64,-3.99,-0.42,-47
1786632927580,296228,Thigh,stand,-0.301096,0.967704,0.119072,2.52,-4.13,-0.56,-47
1786632927580,296245,Thigh,stand,-0.297192,0.959408,0.125416,2.03,-3.99,-0.63,-47
1786632927580,296262,Thigh,stand,-0.294264,0.962336,0.11956,1.75,-4.13,-0.7,-47
1786632927940,296439,Thigh,stand,-0.242536,0.944768,0.113216,4.34,0.14,-0.21,-50
1786632927940,296470,Thigh,stand,-0.26352,0.960384,0.11712,3.36,2.03,-0.07,-50
1786632927940,296487,Thigh,stand,-0.30012,0.972096,0.115168,2.38,2.59,-0.14,-50
1786632927940,296504,Thigh,stand,-0.325496,0.976488,0.111264,0.28,3.29,-0.42,-50
1786632927940,296521,Thigh,stand,-0.335744,0.971608,0.110776,-1.33,3.36,-0.91,-50
1786632927940,296552,Thigh,stand,-0.314272,0.959408,0.101504,-1.54,1.89,-1.61,-50
1786632927940,296569,Thigh,stand,-0.277184,0.954528,0.084912,-0.84,-0.84,-1.33,-50
1786632927940,296586,Thigh,stand,-0.233264,0.947696,0.076128,-0.28,-0.42,-0.21,-50
1786632927940,296603,Thigh,stand,-0.21716,0.944768,0.07076,1.12,2.1,0.7,-50
1786632927940,296619,Thigh,stand,-0.21228,0.945256,0.061488,1.96,3.08,0.77,-50
1786632928295,296794,Thigh,stand,-0.229848,0.964288,0.068808,-1.61,-9.24,0,-51
1786632928295,296825,Thigh,stand,-0.233264,0.95892,0.077104,-0.7,-7.7,0.49,-51
1786632928295,296842,Thigh,stand,-0.244,0.959408,0.08296,0.49,-6.72,0.42,-51
1786632928295,296859,Thigh,stand,-0.245464,0.960384,0.086376,1.4,-6.09,0.14,-51
1786632928295,296876,Thigh,stand,-0.245464,0.96136,0.086376,1.75,-5.53,-0.21,-51
1786632928295,296907,Thigh,stand,-0.253272,0.960872,0.090768,2.31,-5.32,-0.35,-51
1786632928295,296924,Thigh,stand,-0.256688,0.961848,0.094184,2.17,-4.83,-0.21,-51
1786632928295,296941,Thigh,stand,-0.261568,0.96136,0.099552,2.17,-4.55,-0.21,-51
1786632928295,296958,Thigh,stand,-0.264496,0.964776,0.099552,2.24,-3.85,-0.21,-51
1786632928295,296975,Thigh,stand,-0.268888,0.96624,0.098088,2.17,-4.2,-0.28,-51
1786632928691,297149,Thigh,stand,-0.28792,0.961848,0.105408,2.59,-3.29,-0.35,-49
1786632928691,297180,Thigh,stand,-0.292312,0.959408,0.112728,1.89,-2.52,-0.21,-49
1786632928691,297197,Thigh,stand,-0.294264,0.962824,0.108824,1.89,-2.52,-0.21,-49
1786632928691,297214,Thigh,stand,-0.29036,0.963312,0.101016,1.68,-2.73,-0.28,-49
1786632928691,297231,Thigh,stand,-0.284504,0.960384,0.092232,1.33,-2.94,-0.56,-49
1786632928691,297262,Thigh,stand,-0.272304,0.956968,0.086376,1.75,-2.59,-0.42,-49
1786632928691,297279,Thigh,stand,-0.266448,0.957944,0.09028,2.1,-2.38,-0.28,-49
1786632928691,297296,Thigh,stand,-0.263032,0.959896,0.095648,2.38,-2.1,-0.21,-49
1786632928691,297313,Thigh,stand,-0.26108,0.961848,0.103944,2.52,-1.96,-0.07,-49
1786632928691,297331,Thigh,stand,-0.262056,0.964288,0.103456,2.38,-1.89,0,-49
1786632929043,297505,Thigh,stand,-0.282552,0.957456,0.081008,1.19,1.19,0.07,-49
1786632929043,297536,Thigh,stand,-0.291336,0.95648,0.079056,1.54,0.63,0.42,-49
1786632929043,297553,Thigh,stand,-0.294264,0.95892,0.081496,1.75,0.28,0.49,-49
1786632929043,297570,Thigh,stand,-0.29524,0.96136,0.083936,1.75,-0.35,0.28,-49
1786632929043,297587,Thigh,stand,-0.293288,0.961848,0.084912,1.61,-0.84,0.07,-49
1786632929043,297618,Thigh,stand,-0.282552,0.965752,0.091256,1.26,-0.56,0,-49
1786632929043,297635,Thigh,stand,-0.281088,0.965264,0.0854,1.05,-0.49,-0.14,-49
1786632929043,297652,Thigh,stand,-0.27816,0.96868,0.08052,0.7,-0.84,-0.07,-49
1786632929043,297669,Thigh,stand,-0.281576,0.965264,0.074664,-0.07,-1.96,0.07,-49
1786632929043,297686,Thigh,stand,-0.283528,0.961848,0.071248,-0.07,-3.15,0.07,-49
1786632929427,297861,Thigh,stand,-0.23912,0.964776,0.104432,1.26,-4.97,0.84,-51
1786632929427,297892,Thigh,stand,-0.245952,0.959408,0.116632,1.54,-2.45,0.42,-51
1786632929427,297909,Thigh,stand,-0.247416,0.960872,0.121512,1.61,-0.14,0.28,-51
1786632929427,297926,Thigh,stand,-0.255224,0.9638,0.120048,1.61,0.56,0.28,-51
1786632929427,297943,Thigh,stand,-0.260592,0.9638,0.112728,1.33,0.98,0.14,-51
1786632929427,297974,Thigh,stand,-0.265472,0.961848,0.10492,1.05,0.63,-0.35,-51
1786632929427,297991,Thigh,stand,-0.27572,0.966728,0.101504,0.42,0,-0.42,-51
1786632929427,298008,Thigh,stand,-0.284016,0.96868,0.106872,-0.49,-0.77,-0.56,-51
1786632929427,298025,Thigh,stand,-0.276696,0.970632,0.101992,-0.98,-0.98,-0.56,-51
1786632929427,298042,Thigh,stand,-0.269376,0.96868,0.09028,-0.98,-0.42,-0.42,-51
1786632929734,298216,Thigh,stand,-0.313296,0.959896,0.100528,2.94,4.34,0.63,-49
1786632929734,298247,Thigh,stand,-0.345992,0.968192,0.0976,2.66,2.17,0.28,-49
1786632929734,298264,Thigh,stand,-0.35624,0.976976,0.084424,1.61,-0.28,-0.35,-49
1786632929734,298281,Thigh,stand,-0.351848,0.976976,0.076128,-0.21,-4.2,-0.98,-49
1786632929734,298298,Thigh,stand,-0.33428,0.970144,0.070272,-1.68,-9.59,-1.54,-49
1786632929734,298329,Thigh,stand,-0.28304,0.96624,0.066368,-2.59,-15.96,-1.19,-49
1786632929734,298346,Thigh,stand,-0.247416,0.959896,0.069296,-2.66,-17.64,-0.56,-49
1786632929734,298363,Thigh,stand,-0.233264,0.957456,0.070272,-1.96,-18.13,-0.07,-49
1786632929734,298380,Thigh,stand,-0.211304,0.956968,0.071736,-1.4,-18.2,0.14,-49
1786632929734,298397,Thigh,stand,-0.19764,0.957456,0.077592,-0.21,-17.15,0.35,-49
1786632930079,298573,Thigh,stand,-0.304512,0.961848,0.0854,-1.05,1.26,0.35,-49
1786632930079,298604,Thigh,stand,-0.306464,0.962824,0.074664,-0.91,-0.7,-0.21,-49
1786632930079,298621,Thigh,stand,-0.294264,0.95892,0.075152,-0.63,-2.73,-0.35,-49
1786632930079,298638,Thigh,stand,-0.285968,0.95892,0.083936,0.07,-3.99,-0.21,-49
1786632930079,298655,Thigh,stand,-0.266448,0.960384,0.088328,0.42,-4.48,0.07,-49
1786632930079,298686,Thigh,stand,-0.24156,0.963312,0.108336,0.7,-5.11,0.35,-49
1786632930079,298703,Thigh,stand,-0.239608,0.961848,0.111752,0.7,-4.55,0.35,-49
1786632930079,298720,Thigh,stand,-0.242536,0.960872,0.117608,0.84,-4.06,0.35,-49
1786632930079,298737,Thigh,stand,-0.25132,0.962824,0.123464,0.56,-2.59,0.35,-49
1786632930079,298754,Thigh,stand,-0.260104,0.960872,0.128832,0.14,-1.19,0.28,-49
1786632930439,298930,Thigh,stand,-0.269864,0.960384,0.113704,1.68,0.63,-0.35,-49
1786632930439,298960,Thigh,stand,-0.270352,0.961848,0.113216,0.42,0.42,-0.49,-49
1786632930439,298978,Thigh,stand,-0.272792,0.961848,0.110776,0.28,0.7,-0.35,-49
1786632930439,298994,Thigh,stand,-0.274256,0.957456,0.108336,0.14,0.7,-0.35,-49
1786632930439,299011,Thigh,stand,-0.279624,0.959896,0.103944,0.84,0.77,-0.28,-49
1786632930439,299042,Thigh,stand,-0.28792,0.960384,0.095648,0.77,-0.63,-0.14,-49
1786632930439,299059,Thigh,stand,-0.29036,0.958432,0.087352,0.77,-1.89,0.14,-49
1786632930439,299077,Thigh,stand,-0.295728,0.955504,0.089304,1.05,-2.94,0.35,-49
1786632930439,299094,Thigh,stand,-0.301096,0.960384,0.088816,1.54,-4.83,0.28,-49
1786632930439,299111,Thigh,stand,-0.301096,0.96136,0.094672,1.47,-5.6,0.21,-49
1786632930813,299287,Thigh,stand,-0.261568,0.967216,0.106384,1.12,-3.78,0.28,-54
1786632930813,299318,Thigh,stand,-0.258152,0.972584,0.105896,0.56,-3.92,-0.07,-54
1786632930813,299335,Thigh,stand,-0.253272,0.975024,0.101504,-0.14,-4.06,-0.21,-54
1786632930813,299352,Thigh,stand,-0.247904,0.965264,0.093696,-0.56,-3.71,-0.28,-54
1786632930813,299368,Thigh,stand,-0.242048,0.958432,0.0854,-0.21,-3.5,0,-54
1786632930813,299399,Thigh,stand,-0.242048,0.950624,0.081008,1.19,-4.9,0.35,-54
1786632930813,299416,Thigh,stand,-0.239608,0.950624,0.095648,2.31,-4.76,0.28,-54
1786632930813,299433,Thigh,stand,-0.240584,0.953064,0.111752,3.71,-3.71,0,-54
1786632930813,299450,Thigh,stand,-0.239608,0.959408,0.120048,4.2,-3.01,-0.28,-54
1786632930813,299467,Thigh,stand,-0.23912,0.962824,0.133712,4.76,-1.68,-0.35,-54
1786632931173,299643,Thigh,stand,-0.29768,0.965752,0.093208,1.4,-0.28,-0.91,-54
1786632931173,299674,Thigh,stand,-0.298168,0.963312,0.088328,0.7,-2.66,-0.91,-54
1786632931173,299692,Thigh,stand,-0.294752,0.955992,0.086864,0.63,-3.92,-0.77,-54
1786632931173,299709,Thigh,stand,-0.28792,0.955992,0.082472,1.33,-4.76,-0.77,-54
1786632931173,299726,Thigh,stand,-0.281088,0.958432,0.081984,1.68,-4.83,-0.77,-54
1786632931173,299757,Thigh,stand,-0.25864,0.96136,0.084424,2.03,-5.32,-1.05,-54
1786632931173,299773,Thigh,stand,-0.252784,0.960384,0.08784,2.59,-4.69,-0.7,-54
1786632931173,299790,Thigh,stand,-0.248392,0.961848,0.09028,2.66,-4.48,-0.49,-54
1786632931173,299807,Thigh,stand,-0.252784,0.959896,0.098088,2.66,-4.34,-0.21,-54
1786632931173,299824,Thigh,stand,-0.2562,0.964288,0.104432,2.8,-4.2,-0.21,-54
1786632931506,300000,Thigh,stand,-0.276696,0.960872,0.082472,1.19,3.36,-0.63,-53
1786632931506,300031,Thigh,stand,-0.27328,0.957456,0.083448,1.96,2.31,-0.77,-53
1786632931506,300048,Thigh,stand,-0.272304,0.96136,0.082472,2.17,0.98,-0.63,-53
1786632931506,300065,Thigh,stand,-0.268888,0.965752,0.086864,2.1,0.49,-0.56,-53
1786632931506,300082,Thigh,stand,-0.2684,0.965752,0.083936,1.75,-0.49,-0.42,-53
1786632931506,300113,Thigh,stand,-0.274256,0.96136,0.075152,1.61,-2.31,-0.28,-53
1786632931506,300129,Thigh,stand,-0.277184,0.955504,0.078568,1.68,-3.64,0,-53
1786632931506,300146,Thigh,stand,-0.282552,0.957456,0.081496,1.96,-4.69,0,-53
1786632931506,300163,Thigh,stand,-0.284504,0.96136,0.0854,2.52,-5.53,0,-53
1786632931506,300180,Thigh,stand,-0.284016,0.9638,0.086864,2.59,-6.3,-0.14,-53
1786632931865,300355,Thigh,stand,-0.24156,0.96136,0.122488,2.52,-0.84,-0.28,-53
1786632931865,300386,Thigh,stand,-0.260104,0.960872,0.127368,2.52,2.45,-0.35,-53
1786632931865,300403,Thigh,stand,-0.276696,0.96136,0.118096,2.52,3.99,-0.14,-53
1786632931865,300420,Thigh,stand,-0.296216,0.96624,0.106384,1.96,4.34,-0.21,-53
1786632931865,300437,Thigh,stand,-0.306952,0.965752,0.098088,1.19,3.64,-0.28,-53
1786632931865,300468,Thigh,stand,-0.316712,0.964776,0.081984,0.7,1.68,-0.42,-53
1786632931865,300485,Thigh,stand,-0.304024,0.964776,0.07564,0.28,-0.42,-0.42,-53
1786632931865,300501,Thigh,stand,-0.296704,0.961848,0.07808,0.07,-1.75,-0.35,-53
1786632931865,300518,Thigh,stand,-0.2806,0.954528,0.081008,0.35,-2.31,-0.35,-53
1786632931865,300535,Thigh,stand,-0.262056,0.960872,0.08296,0.98,-2.73,-0.21,-53
1786632932225,300712,Thigh,stand,-0.274744,0.961848,0.075152,2.1,-2.03,-0.28,-53
1786632932225,300743,Thigh,stand,-0.267912,0.963312,0.084424,1.82,-2.45,-0.21,-53
1786632932225,300760,Thigh,stand,-0.262056,0.959408,0.089792,1.96,-2.52,-0.14,-53
1786632932225,300777,Thigh,stand,-0.259128,0.960384,0.096136,2.1,-1.68,0.07,-53
1786632932225,300794,Thigh,stand,-0.26352,0.962336,0.098576,2.17,-1.47,0.07,-53
1786632932225,300825,Thigh,stand,-0.272304,0.965752,0.097112,1.75,-1.4,-0.28,-53
1786632932225,300842,Thigh,stand,-0.277672,0.964288,0.096136,1.47,-1.47,-0.42,-53
1786632932225,300859,Thigh,stand,-0.279624,0.963312,0.089792,1.26,-1.82,-0.49,-53
1786632932225,300876,Thigh,stand,-0.27816,0.962824,0.089304,1.05,-1.54,-0.35,-53
1786632932225,300892,Thigh,stand,-0.276208,0.962824,0.085888,0.7,-1.47,-0.21,-53
1786632932771,301070,Thigh,stand,-0.269376,0.9638,0.093208,0.49,0.63,-0.35,-53
1786632932771,301101,Thigh,stand,-0.266448,0.961848,0.082472,0,1.05,-0.28,-53
1786632932771,301118,Thigh,stand,-0.267912,0.962824,0.079056,-0.28,0.98,-0.21,-53
1786632932771,301135,Thigh,stand,-0.273768,0.959896,0.079544,-0.28,0.7,-0.21,-53
1786632932771,301152,Thigh,stand,-0.275232,0.958432,0.076128,0.07,0.28,-0.14,-53
1786632932771,301183,Thigh,stand,-0.282552,0.956968,0.073688,0.84,-0.63,-0.28,-53
1786632932771,301200,Thigh,stand,-0.285968,0.959408,0.070272,1.19,-0.98,-0.28,-53
1786632932771,301217,Thigh,stand,-0.282064,0.959408,0.067832,1.75,-2.1,-0.49,-53
1786632932771,301234,Thigh,stand,-0.281576,0.957456,0.076616,1.89,-2.31,-0.49,-53
1786632932771,301251,Thigh,stand,-0.281088,0.96136,0.08296,2.17,-3.36,-0.35,-53
1786632932964,301425,Thigh,stand,-0.285968,0.960872,0.081008,1.54,-2.87,-0.21,-53
1786632932964,301456,Thigh,stand,-0.286456,0.961848,0.076616,1.47,-4.2,-0.14,-53
1786632932964,301473,Thigh,stand,-0.284992,0.960872,0.079056,1.33,-4.9,-0.07,-53
1786632932964,301490,Thigh,stand,-0.287432,0.95892,0.079544,1.26,-6.09,0.14,-53
1786632932964,301507,Thigh,stand,-0.286456,0.959896,0.082472,1.4,-7,0.07,-53
1786632932964,301538,Thigh,stand,-0.28304,0.964288,0.090768,1.26,-7,0.21,-53
1786632932964,301555,Thigh,stand,-0.276696,0.967216,0.092232,0.84,-6.58,0.28,-53
1786632932964,301572,Thigh,stand,-0.274256,0.965752,0.093696,0.56,-6.3,0.28,-53
1786632932964,301589,Thigh,stand,-0.267912,0.967216,0.093696,0.35,-6.09,0.21,-53
1786632932964,301607,Thigh,stand,-0.267912,0.9638,0.092232,-0.28,-5.53,0.21,-53
1786632933294,301781,Thigh,stand,-0.2684,0.960384,0.091256,0.49,-1.47,0.14,-53
1786632933294,301812,Thigh,stand,-0.267424,0.957944,0.089304,0.7,-0.49,0.21,-53
1786632933294,301829,Thigh,stand,-0.269376,0.960872,0.09028,0.91,-0.28,0.28,-53
1786632933294,301846,Thigh,stand,-0.267912,0.962824,0.089304,0.91,-0.28,0.14,-53
1786632933294,301863,Thigh,stand,-0.267912,0.9638,0.08784,0.7,-0.49,0.14,-53
1786632933294,301894,Thigh,stand,-0.271816,0.962336,0.089304,0.77,-1.4,0.28,-53
1786632933294,301911,Thigh,stand,-0.27328,0.966728,0.08784,0.56,-1.75,0.42,-53
1786632933294,301928,Thigh,stand,-0.279624,0.9638,0.083448,0.14,-2.8,0.49,-53
1786632933294,301945,Thigh,stand,-0.283528,0.965264,0.081008,-0.21,-3.92,0.42,-53
1786632933294,301962,Thigh,stand,-0.284016,0.967704,0.082472,-0.14,-3.92,0.28,-53
1786632933674,302136,Thigh,stand,-0.235704,0.95892,0.122488,3.71,-1.54,0.49,-52
1786632933674,302167,Thigh,stand,-0.249856,0.961848,0.11956,2.31,1.47,0.42,-52
1786632933674,302184,Thigh,stand,-0.2684,0.965752,0.123952,1.61,2.17,0.42,-52
1786632933674,302201,Thigh,stand,-0.282552,0.974536,0.129808,0.63,2.8,0.21,-52
1786632933674,302218,Thigh,stand,-0.29036,0.976,0.127368,-0.49,3.22,-0.07,-52
1786632933674,302249,Thigh,stand,-0.29036,0.967704,0.096136,-1.33,2.17,-0.14,-52
1786632933674,302266,Thigh,stand,-0.287432,0.962336,0.066368,-1.33,0.14,-0.21,-52
1786632933674,302283,Thigh,stand,-0.277184,0.957456,0.059536,-1.26,-1.33,-0.07,-52
1786632933674,302300,Thigh,stand,-0.272792,0.955992,0.061,-1.19,-2.52,0.14,-52
1786632933674,302317,Thigh,stand,-0.266448,0.955504,0.067344,-0.49,-3.29,0.21,-52
1786632934061,302491,Thigh,stand,-0.269864,0.9638,0.110288,1.19,0.35,-0.49,-52
1786632934061,302522,Thigh,stand,-0.279136,0.963312,0.101016,1.12,-0.84,-0.28,-52
1786632934061,302539,Thigh,stand,-0.284992,0.962336,0.099552,1.05,-1.47,-0.28,-52
1786632934061,302556,Thigh,stand,-0.287432,0.961848,0.094672,1.33,-2.03,-0.28,-52
1786632934061,302573,Thigh,stand,-0.290848,0.961848,0.091744,1.26,-2.45,-0.28,-52
1786632934061,302604,Thigh,stand,-0.29036,0.963312,0.083936,1.05,-5.32,-0.42,-52
1786632934061,302621,Thigh,stand,-0.289384,0.9638,0.08296,0.98,-7.63,-0.35,-52
1786632934061,302639,Thigh,stand,-0.28548,0.963312,0.083936,0.7,-8.75,-0.28,-52
1786632934061,302656,Thigh,stand,-0.280112,0.96136,0.089304,0.98,-10.5,-0.07,-52
1786632934061,302673,Thigh,stand,-0.268888,0.963312,0.088328,1.4,-11.76,-0.07,-52
1786632934364,302848,Thigh,stand,-0.261568,0.959408,0.11712,1.26,17.36,-0.77,-52
1786632934364,302879,Thigh,stand,-0.259616,0.960384,0.1098,1.26,3.15,-0.91,-52
1786632934364,302896,Thigh,stand,-0.25864,0.959896,0.108336,1.75,3.71,-0.91,-52
1786632934364,302913,Thigh,stand,-0.257664,0.95892,0.102968,1.89,3.78,-0.84,-52
1786632934364,302930,Thigh,stand,-0.264008,0.960384,0.098576,1.82,3.85,-0.63,-52
1786632934364,302961,Thigh,stand,-0.28304,0.965264,0.093208,1.19,2.66,-0.49,-52
1786632934364,302978,Thigh,stand,-0.2928,0.964288,0.091744,0.91,2.17,-0.49,-52
1786632934364,302995,Thigh,stand,-0.293776,0.957944,0.093208,0.98,1.75,-0.35,-52
1786632934364,303012,Thigh,stand,-0.28548,0.957944,0.096136,1.54,1.19,-0.28,-52
1786632934364,303029,Thigh,stand,-0.279624,0.959408,0.097112,1.89,0.35,-0.49,-52
1786632934722,303204,Thigh,stand,-0.257176,0.955992,0.102968,2.03,-0.28,-0.42,-52
1786632934722,303234,Thigh,stand,-0.262544,0.96136,0.10492,3.08,0.63,-0.49,-52
1786632934722,303251,Thigh,stand,-0.266448,0.96136,0.10248,2.94,0.98,-0.35,-52
1786632934722,303268,Thigh,stand,-0.279624,0.95892,0.103456,2.8,1.26,-0.14,-52
1786632934722,303285,Thigh,stand,-0.286456,0.959408,0.105896,2.73,0.07,-0.14,-52
1786632934722,303316,Thigh,stand,-0.304512,0.96136,0.104432,2.45,-1.47,-0.35,-52
1786632934722,303333,Thigh,stand,-0.302072,0.962336,0.096624,2.1,-2.17,-0.42,-52
1786632934722,303350,Thigh,stand,-0.293776,0.962336,0.09272,2.17,-3.57,-0.42,-52
1786632934722,303367,Thigh,stand,-0.284992,0.961848,0.087352,1.82,-4.13,-0.28,-52
1786632934722,303384,Thigh,stand,-0.280112,0.955992,0.086376,1.89,-4.83,-0.07,-52
1786632935082,303561,Thigh,stand,-0.232288,0.966728,0.08052,0.49,-3.85,-0.56,-52
1786632935082,303591,Thigh,stand,-0.226432,0.957456,0.071736,1.05,-3.08,-0.49,-52
1786632935082,303609,Thigh,stand,-0.228384,0.955504,0.066368,1.89,-2.87,-0.28,-52
1786632935082,303626,Thigh,stand,-0.2318,0.952088,0.069296,2.66,-2.17,0,-52
1786632935082,303644,Thigh,stand,-0.244976,0.950624,0.072712,3.08,-0.98,0.35,-52
1786632935082,303674,Thigh,stand,-0.259128,0.959408,0.108336,4.48,1.75,0.42,-52
1786632935082,303691,Thigh,stand,-0.262544,0.962336,0.114192,4.97,2.8,0.28,-52
1786632935082,303708,Thigh,stand,-0.271816,0.972096,0.116144,5.04,3.15,0.07,-52
1786632935082,303725,Thigh,stand,-0.282064,0.966728,0.113704,4.48,3.85,-0.42,-52
1786632935082,303742,Thigh,stand,-0.2928,0.962336,0.11468,3.64,5.04,-0.7,-52
1786632935435,303917,Thigh,stand,-0.268888,0.963312,0.064904,0.98,-6.3,0.49,-53
1786632935435,303948,Thigh,stand,-0.282552,0.960872,0.07076,1.4,-5.6,0.56,-53
1786632935435,303965,Thigh,stand,-0.29524,0.959896,0.072224,1.68,-5.67,0.49,-53
1786632935435,303982,Thigh,stand,-0.300608,0.962824,0.071736,1.96,-6.44,0.14,-53
1786632935435,303998,Thigh,stand,-0.2928,0.964776,0.076128,1.96,-7.84,-0.14,-53
1786632935435,304029,Thigh,stand,-0.26108,0.969168,0.086376,1.54,-8.68,-0.42,-53
1786632935435,304046,Thigh,stand,-0.233752,0.967704,0.099064,0.98,-8.05,-0.28,-53
1786632935435,304063,Thigh,stand,-0.213256,0.962336,0.108824,0.84,-6.58,-0.21,-53
1786632935435,304080,Thigh,stand,-0.206912,0.960872,0.109312,1.05,-4.48,0.07,-53
1786632935435,304097,Thigh,stand,-0.213256,0.9638,0.109312,1.05,-3.43,0.14,-53
1786632935770,304272,Thigh,stand,-0.236192,0.97112,0.115168,1.05,-3.22,-0.42,-53
1786632935770,304303,Thigh,stand,-0.250832,0.960384,0.105408,0.56,-1.54,-0.35,-53
1786632935770,304320,Thigh,stand,-0.269864,0.956968,0.094184,0.63,-0.84,0,-53
1786632935770,304337,Thigh,stand,-0.286456,0.957456,0.088328,0.56,-0.63,0.21,-53
1786632935770,304354,Thigh,stand,-0.2928,0.959896,0.08784,0.7,-0.91,0.28,-53
1786632935770,304384,Thigh,stand,-0.2928,0.957944,0.083936,1.54,-1.96,-0.28,-53
1786632935770,304401,Thigh,stand,-0.285968,0.959408,0.082472,2.17,-2.59,-0.77,-53
1786632935770,304418,Thigh,stand,-0.271816,0.959896,0.083936,2.31,-2.66,-0.91,-53
1786632935770,304435,Thigh,stand,-0.264008,0.957944,0.09272,2.24,-2.59,-0.7,-53
1786632935770,304452,Thigh,stand,-0.264008,0.959896,0.101016,2.31,-2.24,-0.14,-53
1786632936181,304658,Thigh,stand,-0.26596,0.959896,0.088328,1.75,-3.01,-0.07,-53
1786632936181,304690,Thigh,stand,-0.277184,0.962824,0.097112,1.75,-1.89,0,-53
1786632936181,304707,Thigh,stand,-0.278648,0.964288,0.099552,1.61,-1.68,-0.07,-53
1786632936181,304724,Thigh,stand,-0.276696,0.964288,0.100528,1.26,-1.82,-0.14,-53
1786632936181,304741,Thigh,stand,-0.27084,0.965264,0.098576,0.98,-1.89,-0.21,-53
1786632936181,304771,Thigh,stand,-0.268888,0.959896,0.091256,0.91,-1.33,-0.28,-53
1786632936181,304788,Thigh,stand,-0.267424,0.960872,0.089792,0.98,-0.91,-0.21,-53
1786632936181,304805,Thigh,stand,-0.269376,0.960872,0.08784,0.91,-1.05,-0.21,-53
1786632936181,304822,Thigh,stand,-0.272304,0.960872,0.0854,1.19,-1.33,-0.21,-53
1786632936181,304839,Thigh,stand,-0.277184,0.962336,0.085888,1.54,-1.33,-0.21,-53
1786632936536,305015,Thigh,stand,-0.267912,0.964288,0.0854,1.61,-3.78,-0.28,-53
1786632936536,305046,Thigh,stand,-0.265472,0.960872,0.089792,1.96,-2.94,0.07,-53
1786632936536,305063,Thigh,stand,-0.267912,0.960384,0.090768,1.89,-2.87,0,-53
1786632936536,305080,Thigh,stand,-0.271328,0.962336,0.09272,1.75,-2.94,0,-53
1786632936536,305097,Thigh,stand,-0.2806,0.962824,0.096136,1.54,-2.87,0,-53
1786632936536,305128,Thigh,stand,-0.284016,0.961848,0.096136,1.26,-2.59,-0.14,-53
1786632936536,305144,Thigh,stand,-0.281088,0.960384,0.093696,1.47,-2.24,-0.21,-53
1786632936536,305161,Thigh,stand,-0.27816,0.96136,0.09272,1.26,-1.82,-0.28,-53
1786632936536,305178,Thigh,stand,-0.275232,0.96136,0.091744,1.19,-1.75,-0.28,-53
1786632936536,305195,Thigh,stand,-0.271328,0.960872,0.092232,1.26,-1.89,-0.21,-53
1786632936893,305370,Thigh,stand,-0.264008,0.960872,0.084912,0.84,-2.1,-0.07,-53
1786632936893,305401,Thigh,stand,-0.267912,0.959408,0.088328,1.68,-1.61,-0.07,-53
1786632936893,305418,Thigh,stand,-0.269376,0.961848,0.087352,1.89,-0.7,-0.07,-53
1786632936893,305435,Thigh,stand,-0.271328,0.962824,0.087352,1.82,-0.98,-0.07,-53
1786632936893,305452,Thigh,stand,-0.272304,0.963312,0.08784,1.75,-1.54,-0.21,-53
1786632936893,305483,Thigh,stand,-0.279624,0.962824,0.094672,1.26,-1.47,-0.28,-53
1786632936893,305500,Thigh,stand,-0.279136,0.964288,0.093208,1.19,-1.54,-0.21,-53
1786632936893,305517,Thigh,stand,-0.276208,0.965752,0.089792,1.12,-1.54,-0.28,-53
1786632936893,305533,Thigh,stand,-0.272792,0.9638,0.087352,0.91,-1.89,-0.35,-53
1786632936893,305550,Thigh,stand,-0.271328,0.962336,0.084912,0.84,-2.24,-0.42,-53
1786632937250,305727,Thigh,stand,-0.269376,0.96136,0.086376,1.47,-4.2,-0.07,-53
1786632937250,305758,Thigh,stand,-0.26352,0.959896,0.09028,1.47,-4.13,0.14,-53
1786632937250,305775,Thigh,stand,-0.262544,0.959896,0.095648,1.89,-3.92,0.07,-53
1786632937250,305792,Thigh,stand,-0.262056,0.960384,0.096624,1.75,-3.64,0,-53
1786632937250,305809,Thigh,stand,-0.265472,0.960384,0.100528,1.61,-2.45,0.07,-53
1786632937250,305840,Thigh,stand,-0.27084,0.963312,0.108336,1.75,-0.77,0.07,-53
1786632937250,305857,Thigh,stand,-0.274256,0.964776,0.105408,1.4,-0.63,0.07,-53
1786632937250,305874,Thigh,stand,-0.277184,0.96136,0.105408,1.05,-0.35,-0.07,-53
1786632937250,305891,Thigh,stand,-0.279624,0.962336,0.10004,0.84,-0.56,-0.14,-53
1786632937250,305907,Thigh,stand,-0.280112,0.962336,0.096136,0.63,-0.77,-0.21,-53
1786632937609,306083,Thigh,stand,-0.264008,0.960384,0.079544,0.91,-4.41,0.14,-53
1786632937609,306114,Thigh,stand,-0.266448,0.963312,0.087352,0.98,-3.64,0,-53
1786632937609,306131,Thigh,stand,-0.270352,0.962336,0.092232,1.12,-3.57,-0.07,-53
1786632937609,306148,Thigh,stand,-0.269376,0.966728,0.093208,1.12,-3.15,-0.14,-53
1786632937609,306165,Thigh,stand,-0.264984,0.964776,0.091744,0.77,-2.73,-0.21,-53
1786632937609,306196,Thigh,stand,-0.26596,0.962336,0.086376,0.63,-2.94,-0.14,-53
1786632937609,306213,Thigh,stand,-0.267424,0.962336,0.081496,0.49,-3.15,-0.07,-53
1786632937609,306230,Thigh,stand,-0.267912,0.959896,0.08296,0.77,-3.22,-0.14,-53
1786632937609,306247,Thigh,stand,-0.266936,0.960872,0.083936,1.05,-2.38,-0.21,-53
1786632937609,306264,Thigh,stand,-0.266936,0.961848,0.086864,1.05,-2.24,-0.21,-53
1786632937978,306439,Thigh,stand,-0.277672,0.963312,0.083936,0.28,-3.43,-0.35,-52
1786632937978,306469,Thigh,stand,-0.267424,0.96136,0.084424,0.28,-3.85,-0.49,-52
1786632937978,306486,Thigh,stand,-0.258152,0.959896,0.083936,0.77,-4.06,-0.56,-52
1786632937978,306503,Thigh,stand,-0.252784,0.959896,0.083448,1.19,-3.22,-0.49,-52
1786632937978,306520,Thigh,stand,-0.241072,0.95648,0.086864,1.47,-2.59,-0.42,-52
1786632937978,306551,Thigh,stand,-0.242536,0.95892,0.103456,2.73,-1.26,0,-52
1786632937978,306568,Thigh,stand,-0.254736,0.9638,0.108336,2.8,-1.12,0.07,-52
1786632937978,306585,Thigh,stand,-0.269864,0.964288,0.115656,2.45,-0.7,-0.07,-52
1786632937978,306602,Thigh,stand,-0.284016,0.963312,0.11712,2.03,0.49,-0.14,-52
1786632937978,306633,Thigh,stand,-0.291336,0.961848,0.109312,1.47,0.7,-0.21,-52
1786632938334,306807,Thigh,stand,-0.28792,0.962824,0.083448,0.91,-7.7,-0.07,-52
1786632938334,306838,Thigh,stand,-0.262544,0.96624,0.09272,0.77,-7.49,-0.14,-52
1786632938334,306855,Thigh,stand,-0.248392,0.96624,0.092232,0.63,-6.58,-0.14,-52
1786632938334,306872,Thigh,stand,-0.243512,0.967216,0.089304,0.35,-5.88,0,-52
1786632938334,306889,Thigh,stand,-0.239608,0.964288,0.089304,0.14,-5.46,0.07,-52
1786632938334,306920,Thigh,stand,-0.240584,0.962336,0.083936,0.7,-3.78,0.14,-52
1786632938334,306937,Thigh,stand,-0.243512,0.963312,0.083448,0.77,-3.15,0.14,-52
1786632938334,306954,Thigh,stand,-0.243512,0.961848,0.085888,0.91,-2.1,0.07,-52
1786632938334,306971,Thigh,stand,-0.246928,0.959408,0.088816,1.68,-1.96,-0.07,-52
1786632938334,306988,Thigh,stand,-0.246928,0.96136,0.087352,2.31,-2.31,-0.07,-52
1786632938695,307163,Thigh,stand,-0.291336,0.96136,0.101504,1.33,-2.52,-0.21,-56
1786632938695,307194,Thigh,stand,-0.28792,0.96136,0.095648,1.4,-1.96,-0.49,-56
1786632938695,307211,Thigh,stand,-0.283528,0.964288,0.09272,1.33,-1.75,-0.56,-56
1786632938695,307228,Thigh,stand,-0.278648,0.962336,0.086376,1.26,-1.61,-0.63,-56
1786632938695,307245,Thigh,stand,-0.271328,0.961848,0.0854,1.12,-2.17,-0.49,-56
1786632938695,307276,Thigh,stand,-0.269376,0.957944,0.089792,1.54,-2.8,-0.42,-56
1786632938695,307293,Thigh,stand,-0.263032,0.965752,0.088328,1.82,-2.8,-0.35,-56
1786632938695,307310,Thigh,stand,-0.2562,0.967216,0.094184,1.75,-2.17,-0.35,-56
1786632938695,307327,Thigh,stand,-0.25132,0.964288,0.098088,1.4,-1.19,-0.49,-56
1786632938695,307344,Thigh,stand,-0.244976,0.962336,0.098088,1.54,-0.98,-0.49,-56
1786632939091,307520,Thigh,stand,-0.289384,0.960872,0.069784,0.42,-2.1,-0.7,-56
1786632939091,307551,Thigh,stand,-0.272792,0.956968,0.064904,0.77,-3.01,-0.7,-56
1786632939091,307568,Thigh,stand,-0.25376,0.953064,0.075152,1.68,-2.17,-0.49,-56
1786632939091,307585,Thigh,stand,-0.24156,0.954528,0.08052,2.87,-1.19,-0.28,-56
1786632939091,307602,Thigh,stand,-0.247904,0.957944,0.089792,3.43,-0.42,-0.07,-56
1786632939091,307633,Thigh,stand,-0.271816,0.96136,0.0976,3.78,-0.7,-0.21,-56
1786632939091,307650,Thigh,stand,-0.28792,0.965752,0.10004,3.57,-0.42,-0.28,-56
1786632939091,307667,Thigh,stand,-0.296704,0.967216,0.10248,2.94,-0.49,-0.14,-56
1786632939091,307684,Thigh,stand,-0.30744,0.96624,0.106872,2.38,-1.05,-0.14,-56
1786632939091,307701,Thigh,stand,-0.309392,0.961848,0.106384,1.68,-2.8,-0.21,-56
1786632939470,307876,Thigh,stand,-0.296704,0.963312,0.083936,1.47,-2.03,0.07,-55
1786632939470,307907,Thigh,stand,-0.286944,0.965752,0.083448,0.98,-1.61,-0.28,-55
1786632939470,307924,Thigh,stand,-0.272304,0.96624,0.079056,0.63,-2.03,-0.42,-55
1786632939470,307941,Thigh,stand,-0.26352,0.967704,0.077104,0.14,-2.17,-0.35,-55
1786632939470,307958,Thigh,stand,-0.247904,0.961848,0.07808,0,-2.17,-0.21,-55
1786632939470,307988,Thigh,stand,-0.23424,0.958432,0.08052,0.84,-2.45,0.56,-55
1786632939470,308005,Thigh,stand,-0.230336,0.957944,0.086864,1.82,-2.03,0.56,-55
1786632939470,308022,Thigh,stand,-0.23668,0.9638,0.086376,2.45,-0.77,0.56,-55
1786632939470,308039,Thigh,stand,-0.244976,0.96624,0.098088,2.45,0.56,0.56,-55
1786632939470,308070,Thigh,stand,-0.26352,0.968192,0.107848,2.1,1.89,0.14,-55
1786632939775,308244,Thigh,stand,-0.267912,0.964288,0.107848,1.75,-5.11,0.14,-55
1786632939775,308275,Thigh,stand,-0.26596,0.959408,0.115168,1.89,-3.22,0.35,-55
1786632939775,308293,Thigh,stand,-0.266448,0.964776,0.11468,1.33,-1.96,0.28,-55
1786632939775,308310,Thigh,stand,-0.274744,0.970632,0.112728,0.42,-0.63,-0.07,-55
1786632939775,308327,Thigh,stand,-0.288408,0.972584,0.1098,0.07,0.21,-0.28,-55
1786632939775,308358,Thigh,stand,-0.284504,0.974048,0.075152,-1.82,1.54,-0.91,-55
1786632939775,308375,Thigh,stand,-0.264984,0.970144,0.06832,-2.38,1.75,-0.84,-55
1786632939775,308392,Thigh,stand,-0.256688,0.967216,0.060512,-2.8,2.03,-0.91,-55
1786632939775,308409,Thigh,stand,-0.252296,0.955504,0.055632,-2.73,1.33,-0.84,-55
1786632939775,308426,Thigh,stand,-0.247416,0.948184,0.046848,-1.19,0.63,-0.42,-55
1786632940134,308602,Thigh,stand,-0.254248,0.965752,0.118584,1.61,-9.8,-0.07,-54
1786632940134,308632,Thigh,stand,-0.241072,0.956968,0.126392,1.12,-5.53,0.35,-54
1786632940134,308649,Thigh,stand,-0.233264,0.950624,0.127856,1.47,-3.64,0.42,-54
1786632940134,308666,Thigh,stand,-0.237168,0.948672,0.125904,2.24,0.77,0.49,-54
1786632940134,308683,Thigh,stand,-0.260104,0.953064,0.122,2.45,4.76,0.35,-54
1786632940134,308714,Thigh,stand,-0.318664,0.965264,0.111264,2.38,7.63,0.14,-54
1786632940134,308731,Thigh,stand,-0.34892,0.971608,0.095648,1.75,6.79,-0.07,-54
1786632940134,308748,Thigh,stand,-0.361608,0.977464,0.078568,0.42,3.85,-0.42,-54
1786632940134,308765,Thigh,stand,-0.359656,0.976,0.067344,-0.91,-0.28,-0.63,-54
1786632940134,308782,Thigh,stand,-0.337208,0.964776,0.065392,-1.12,-2.17,-0.7,-54
1786632940491,308958,Thigh,stand,-0.220088,0.967216,0.1098,2.38,-4.48,-0.07,-53
1786632940491,308990,Thigh,stand,-0.237656,0.964288,0.119072,2.1,-0.21,-0.63,-53
1786632940491,309007,Thigh,stand,-0.251808,0.967704,0.110288,2.31,1.68,-0.91,-53
1786632940491,309025,Thigh,stand,-0.265472,0.964288,0.10492,1.75,2.66,-0.84,-53
1786632940491,309041,Thigh,stand,-0.277672,0.961848,0.101992,1.19,3.01,-0.56,-53
1786632940491,309058,Thigh,stand,-0.281088,0.961848,0.094672,0.63,2.87,-0.28,-53
1786632940491,309089,Thigh,stand,-0.296704,0.960384,0.093696,-0.77,2.1,0.14,-53
1786632940491,309106,Thigh,stand,-0.300608,0.953552,0.093696,-0.21,1.89,0.07,-53
1786632940491,309123,Thigh,stand,-0.310856,0.954528,0.093696,0.21,2.03,-0.07,-53
1786632940491,309140,Thigh,stand,-0.318176,0.950136,0.089304,0.7,2.52,-0.21,-53
1786632940864,309316,Thigh,stand,-0.225944,0.957944,0.07564,-1.61,-16.31,1.19,-53
1786632940864,309347,Thigh,stand,-0.201544,0.957944,0.08784,0.14,-16.17,1.75,-53
1786632940864,309364,Thigh,stand,-0.21228,0.963312,0.093208,0.84,-13.16,1.68,-53
1786632940864,309381,Thigh,stand,-0.222528,0.962824,0.098088,0.84,-9.73,1.47,-53
1786632940864,309397,Thigh,stand,-0.245464,0.959408,0.096624,1.4,-7.98,1.47,-53
1786632940864,309428,Thigh,stand,-0.292312,0.96868,0.088328,2.24,-5.95,1.12,-53
1786632940864,309445,Thigh,stand,-0.310856,0.97356,0.088328,1.82,-7.7,1.19,-53
1786632940864,309461,Thigh,stand,-0.316712,0.974536,0.089304,0.7,-8.89,1.26,-53
1786632940864,309478,Thigh,stand,-0.303536,0.971608,0.081984,-0.07,-11.06,1.47,-53
1786632940864,309509,Thigh,stand,-0.26352,0.957456,0.093208,-0.35,-12.46,1.19,-53
1786632941218,309685,Thigh,stand,-0.251808,0.975512,0.133224,1.61,7.98,-2.03,-48
1786632941218,309717,Thigh,stand,-0.274744,0.962824,0.116144,0,7.56,-1.75,-48
1786632941218,309734,Thigh,stand,-0.28792,0.958432,0.100528,-0.21,7.42,-1.19,-48
1786632941218,309751,Thigh,stand,-0.287432,0.95648,0.088816,-0.07,6.37,-0.98,-48
1786632941218,309768,Thigh,stand,-0.286944,0.95648,0.086864,0.21,5.18,-0.98,-48
1786632941218,309798,Thigh,stand,-0.279136,0.950136,0.08296,1.96,3.92,-1.12,-48
1786632941218,309815,Thigh,stand,-0.279136,0.946232,0.08296,3.43,3.43,-1.26,-48
1786632941218,309832,Thigh,stand,-0.283528,0.948184,0.0854,4.2,3.01,-1.33,-48
1786632941218,309849,Thigh,stand,-0.288408,0.956968,0.094672,4.97,2.38,-1.54,-48
1786632941218,309866,Thigh,stand,-0.291336,0.965264,0.106384,4.76,2.59,-1.47,-48
1786632941579,310041,Thigh,stand,-0.28304,0.963312,0.081496,1.47,-0.49,-0.77,-48
1786632941579,310072,Thigh,stand,-0.279624,0.964776,0.083936,0.7,-2.03,-0.63,-48
1786632941579,310089,Thigh,stand,-0.276696,0.965752,0.082472,0.77,-2.52,-0.49,-48
1786632941579,310106,Thigh,stand,-0.272304,0.965752,0.081984,0.63,-3.43,-0.42,-48
1786632941579,310123,Thigh,stand,-0.271816,0.965752,0.079544,0.42,-4.06,-0.21,-48
1786632941579,310154,Thigh,stand,-0.271816,0.962824,0.069296,-0.14,-4.55,0.14,-48
1786632941579,310170,Thigh,stand,-0.271328,0.960384,0.069784,0.21,-5.18,0.07,-48
1786632941579,310187,Thigh,stand,-0.27572,0.959408,0.076616,0.42,-5.25,0,-48
1786632941579,310204,Thigh,stand,-0.275232,0.959408,0.078568,0.84,-5.25,0,-48
1786632941579,310221,Thigh,stand,-0.276208,0.96136,0.08052,1.05,-5.25,-0.14,-48
1786632942002,310396,Thigh,stand,-0.269864,0.964288,0.100528,0.77,-4.13,0.07,-48
1786632942002,310427,Thigh,stand,-0.262544,0.961848,0.10004,0.91,-3.5,0.14,-48
1786632942002,310444,Thigh,stand,-0.26108,0.960384,0.099064,1.05,-2.87,0.21,-48
1786632942002,310461,Thigh,stand,-0.264008,0.960872,0.096136,1.05,-2.66,0.21,-48
1786632942002,310478,Thigh,stand,-0.26596,0.961848,0.094672,0.98,-3.29,0.14,-48
1786632942002,310509,Thigh,stand,-0.27328,0.962336,0.103944,0.7,-2.38,0.07,-48
1786632942002,310526,Thigh,stand,-0.273768,0.960872,0.099552,0.91,-2.38,0.21,-48
1786632942002,310543,Thigh,stand,-0.271328,0.963312,0.095648,0.77,-2.73,0.21,-48
1786632942002,310559,Thigh,stand,-0.270352,0.961848,0.093208,0.7,-2.8,0.21,-48
1786632942002,310576,Thigh,stand,-0.272792,0.96136,0.09028,0.63,-3.01,0.21,-48
1786632942291,310750,Thigh,stand,-0.257176,0.96136,0.102968,0.56,-3.01,-0.14,-49
1786632942291,310781,Thigh,stand,-0.2562,0.961848,0.101992,0.77,-1.82,0.14,-49
1786632942291,310799,Thigh,stand,-0.261568,0.962824,0.099552,0.7,-1.47,0.07,-49
1786632942291,310817,Thigh,stand,-0.267424,0.960872,0.104432,0.7,-1.4,0.14,-49
1786632942291,310834,Thigh,stand,-0.27328,0.96136,0.105896,0.77,-1.82,-0.07,-49
1786632942291,310851,Thigh,stand,-0.274744,0.96136,0.10248,0.91,-1.89,-0.14,-49
1786632942291,310882,Thigh,stand,-0.269376,0.96136,0.10004,0.98,-1.12,-0.07,-49
1786632942291,310899,Thigh,stand,-0.266448,0.959896,0.10492,0.98,-1.26,0,-49
1786632942291,310916,Thigh,stand,-0.267424,0.959896,0.10492,1.12,-1.19,0,-49
1786632942291,310932,Thigh,stand,-0.270352,0.959896,0.101016,1.47,-1.75,0,-49
1786632942655,311107,Thigh,stand,-0.264496,0.958432,0.100528,1.05,-4.06,0,-50
1786632942655,311138,Thigh,stand,-0.260104,0.96136,0.102968,1.12,-4.13,0,-50
1786632942655,311155,Thigh,stand,-0.258152,0.964776,0.103944,1.47,-3.57,-0.14,-50
1786632942655,311172,Thigh,stand,-0.256688,0.963312,0.103944,1.33,-2.87,-0.21,-50
1786632942655,311189,Thigh,stand,-0.255712,0.961848,0.103944,0.98,-2.59,-0.21,-50
1786632942655,311220,Thigh,stand,-0.263032,0.962336,0.103944,1.12,-1.75,-0.14,-50
1786632942655,311237,Thigh,stand,-0.2684,0.964776,0.102968,1.05,-1.47,-0.14,-50
1786632942655,311254,Thigh,stand,-0.27084,0.964776,0.102968,1.19,-1.26,-0.14,-50
1786632942655,311271,Thigh,stand,-0.270352,0.964288,0.0976,1.19,-1.33,-0.21,-50
1786632942655,311288,Thigh,stand,-0.270352,0.959896,0.092232,1.19,-1.4,-0.14,-50
1786632943041,311463,Thigh,stand,-0.26596,0.964288,0.106384,1.96,-3.08,-0.21,-49
1786632943041,311494,Thigh,stand,-0.266936,0.963312,0.111264,1.68,-2.94,-0.56,-49
1786632943041,311511,Thigh,stand,-0.263032,0.961848,0.109312,1.33,-2.59,-0.63,-49
1786632943041,311528,Thigh,stand,-0.262544,0.960872,0.108824,1.26,-3.01,-0.42,-49
1786632943041,311545,Thigh,stand,-0.260104,0.962336,0.107848,1.05,-3.43,-0.35,-49
1786632943041,311576,Thigh,stand,-0.265472,0.962824,0.105896,0.7,-3.5,-0.21,-49
1786632943041,311593,Thigh,stand,-0.2684,0.960872,0.101504,0.77,-3.15,-0.07,-49
1786632943041,311610,Thigh,stand,-0.273768,0.959408,0.099064,0.91,-3.01,0,-49
1786632943041,311627,Thigh,stand,-0.278648,0.96136,0.098576,1.05,-3.36,-0.07,-49
1786632943041,311644,Thigh,stand,-0.283528,0.960872,0.10004,1.12,-4.06,-0.14,-49
