pc_timestamp,arduino_ms,node_position,activity,ax,ay,az,gx,gy,gz,rssi
1786632822040,92318,Knee,stand,-0.255224,0.951112,-0.154696,1.89,-3.78,-0.91,-50
1786632822040,92335,Knee,stand,-0.249856,0.947208,-0.152744,1.47,-3.71,-0.77,-50
1786632822040,92366,Knee,stand,-0.251808,0.947696,-0.15128,1.33,-3.85,-0.77,-50
1786632822040,92384,Knee,stand,-0.251808,0.948672,-0.154208,1.33,-3.92,-0.77,-50
1786632822040,92400,Knee,stand,-0.252296,0.94672,-0.155184,1.26,-4.13,-0.63,-50
1786632822040,92417,Knee,stand,-0.252296,0.945744,-0.157624,1.33,-4.2,-0.63,-50
1786632822040,92435,Knee,stand,-0.250832,0.946232,-0.1586,1.26,-4.48,-0.56,-50
1786632822040,92465,Knee,stand,-0.251808,0.94916,-0.155672,1.26,-4.9,-0.56,-50
1786632822040,92482,Knee,stand,-0.250344,0.948184,-0.154208,1.26,-5.04,-0.49,-50
1786632822040,92499,Knee,stand,-0.247416,0.947208,-0.15128,1.19,-5.04,-0.56,-50
1786632822486,92676,Knee,stand,-0.247416,0.950624,-0.14884,1.26,-4.76,-0.7,-50
1786632822486,92707,Knee,stand,-0.247904,0.950136,-0.146888,1.26,-4.62,-0.63,-50
1786632822486,92724,Knee,stand,-0.247416,0.947696,-0.147864,1.26,-4.41,-0.7,-50
1786632822486,92741,Knee,stand,-0.248392,0.948672,-0.149328,1.33,-4.27,-0.7,-50
1786632822486,92759,Knee,stand,-0.247904,0.94916,-0.149816,1.33,-4.06,-0.77,-50
1786632822486,92790,Knee,stand,-0.249856,0.948184,-0.148352,1.33,-4.13,-0.7,-50
1786632822486,92808,Knee,stand,-0.25132,0.947696,-0.14884,1.33,-4.2,-0.7,-50
1786632822486,92825,Knee,stand,-0.249856,0.948672,-0.150792,1.33,-4.13,-0.77,-50
1786632822486,92842,Knee,stand,-0.249856,0.946232,-0.153232,1.33,-4.13,-0.77,-50
1786632822486,92859,Knee,stand,-0.250344,0.947696,-0.154208,1.4,-4.06,-0.84,-50
1786632822693,93034,Knee,stand,-0.250344,0.94916,-0.150304,1.33,-4.06,-0.91,-44
1786632822693,93064,Knee,stand,-0.250832,0.948672,-0.151768,1.33,-4.06,-0.91,-44
1786632822693,93082,Knee,stand,-0.252784,0.947696,-0.150792,1.4,-4.2,-0.77,-44
1786632822693,93098,Knee,stand,-0.251808,0.948184,-0.150304,1.4,-4.34,-0.77,-44
1786632822693,93115,Knee,stand,-0.250832,0.948184,-0.1464,1.47,-4.27,-0.77,-44
1786632822693,93145,Knee,stand,-0.24888,0.94916,-0.147376,1.47,-4.2,-0.77,-44
1786632822693,93162,Knee,stand,-0.25132,0.948672,-0.148352,1.4,-4.13,-0.77,-44
1786632822693,93179,Knee,stand,-0.251808,0.948184,-0.150792,1.4,-4.2,-0.7,-44
1786632822693,93196,Knee,stand,-0.249856,0.947208,-0.149328,1.47,-3.99,-0.7,-44
1786632822693,93227,Knee,stand,-0.251808,0.948184,-0.152256,1.4,-3.92,-0.7,-44
1786632823050,93403,Knee,stand,-0.249368,0.948184,-0.15128,1.54,-3.85,-0.7,-45
1786632823050,93434,Knee,stand,-0.24888,0.948184,-0.15128,1.54,-3.92,-0.63,-45
1786632823050,93451,Knee,stand,-0.249368,0.947696,-0.151768,1.61,-3.85,-0.7,-45
1786632823050,93468,Knee,stand,-0.24888,0.947208,-0.153232,1.54,-3.92,-0.7,-45
1786632823050,93485,Knee,stand,-0.249856,0.948672,-0.152744,1.54,-3.92,-0.56,-45
1786632823050,93516,Knee,stand,-0.248392,0.947696,-0.150304,1.47,-4.06,-0.7,-45
1786632823050,93533,Knee,stand,-0.248392,0.948184,-0.150304,1.47,-4.13,-0.7,-45
1786632823050,93550,Knee,stand,-0.24888,0.948184,-0.150304,1.4,-4.13,-0.7,-45
1786632823050,93567,Knee,stand,-0.247904,0.94916,-0.150792,1.47,-3.99,-0.77,-45
1786632823050,93584,Knee,stand,-0.249368,0.949648,-0.150304,1.47,-3.92,-0.77,-45
1786632823420,93759,Knee,stand,-0.249368,0.947696,-0.155672,1.33,-4.48,-0.77,-43
1786632823420,93790,Knee,stand,-0.247416,0.94916,-0.151768,1.4,-4.34,-0.84,-43
1786632823420,93808,Knee,stand,-0.248392,0.949648,-0.149328,1.33,-4.34,-0.84,-43
1786632823420,93825,Knee,stand,-0.248392,0.948672,-0.149328,1.33,-4.41,-0.84,-43
1786632823420,93842,Knee,stand,-0.247416,0.949648,-0.147864,1.33,-4.27,-0.84,-43
1786632823420,93873,Knee,stand,-0.24888,0.948672,-0.147376,1.4,-4.41,-0.84,-43
1786632823420,93890,Knee,stand,-0.247904,0.949648,-0.147376,1.4,-4.41,-0.91,-43
1786632823420,93908,Knee,stand,-0.247904,0.948672,-0.147376,1.47,-4.41,-0.84,-43
1786632823420,93925,Knee,stand,-0.248392,0.948672,-0.14884,1.47,-4.34,-0.84,-43
1786632823420,93942,Knee,stand,-0.249856,0.948672,-0.150792,1.54,-4.27,-0.91,-43
1786632823768,94118,Knee,stand,-0.250344,0.94916,-0.149816,1.61,-3.99,-0.91,-43
1786632823768,94149,Knee,stand,-0.25132,0.948672,-0.150792,1.54,-3.92,-0.91,-43
1786632823768,94166,Knee,stand,-0.251808,0.948184,-0.152256,1.54,-4.06,-0.91,-43
1786632823768,94183,Knee,stand,-0.250344,0.948184,-0.152256,1.54,-3.99,-0.84,-43
1786632823768,94200,Knee,stand,-0.250344,0.947696,-0.150792,1.61,-3.92,-0.91,-43
1786632823768,94231,Knee,stand,-0.253272,0.948184,-0.151768,1.61,-3.78,-0.91,-43
1786632823768,94248,Knee,stand,-0.253272,0.947696,-0.152256,1.54,-3.92,-0.77,-43
1786632823768,94265,Knee,stand,-0.252784,0.947208,-0.153232,1.61,-4.06,-0.7,-43
1786632823768,94282,Knee,stand,-0.249856,0.94672,-0.152256,1.54,-4.06,-0.7,-43
1786632823768,94299,Knee,stand,-0.249856,0.947208,-0.153232,1.54,-3.85,-0.77,-43
1786632824126,94476,Knee,stand,-0.248392,0.947208,-0.152744,1.54,-3.85,-0.63,-45
1786632824126,94507,Knee,stand,-0.249856,0.948184,-0.15372,1.47,-3.99,-0.63,-45
1786632824126,94524,Knee,stand,-0.248392,0.948672,-0.153232,1.4,-4.06,-0.63,-45
1786632824126,94541,Knee,stand,-0.247904,0.948672,-0.152744,1.4,-4.13,-0.56,-45
1786632824126,94558,Knee,stand,-0.248392,0.950624,-0.150792,1.4,-4.13,-0.63,-45
1786632824126,94589,Knee,stand,-0.247416,0.949648,-0.151768,1.33,-4.27,-0.63,-45
1786632824126,94606,Knee,stand,-0.248392,0.949648,-0.151768,1.33,-4.2,-0.63,-45
1786632824126,94623,Knee,stand,-0.249368,0.948184,-0.152744,1.26,-4.27,-0.63,-45
1786632824126,94640,Knee,stand,-0.24888,0.94916,-0.15128,1.33,-4.34,-0.7,-45
1786632824126,94657,Knee,stand,-0.247904,0.94916,-0.15128,1.26,-4.27,-0.7,-45
1786632824509,94833,Knee,stand,-0.248392,0.948184,-0.15128,1.12,-4.62,-0.63,-45
1786632824509,94864,Knee,stand,-0.250344,0.950136,-0.149328,1.12,-4.62,-0.56,-45
1786632824509,94881,Knee,stand,-0.247904,0.948672,-0.150792,1.05,-4.62,-0.56,-45
1786632824509,94898,Knee,stand,-0.251808,0.948184,-0.15128,1.05,-4.48,-0.56,-45
1786632824509,94915,Knee,stand,-0.250344,0.94916,-0.150792,1.05,-4.62,-0.49,-45
1786632824509,94946,Knee,stand,-0.249856,0.948672,-0.150792,1.12,-4.62,-0.49,-45
1786632824509,94963,Knee,stand,-0.247904,0.947696,-0.150304,1.12,-4.48,-0.56,-45
1786632824509,94980,Knee,stand,-0.248392,0.947696,-0.15128,1.12,-4.34,-0.49,-45
1786632824509,94996,Knee,stand,-0.24888,0.947208,-0.150304,1.12,-4.34,-0.56,-45
1786632824509,95013,Knee,stand,-0.24888,0.948672,-0.148352,1.05,-4.41,-0.56,-45
1786632824840,95189,Knee,stand,-0.249368,0.94916,-0.14884,1.12,-4.41,-0.49,-46
1786632824840,95220,Knee,stand,-0.24888,0.948672,-0.147864,1.05,-4.34,-0.49,-46
1786632824840,95237,Knee,stand,-0.249368,0.94916,-0.14884,1.05,-4.41,-0.49,-46
1786632824840,95254,Knee,stand,-0.247416,0.949648,-0.147864,1.05,-4.41,-0.49,-46
1786632824840,95271,Knee,stand,-0.247904,0.94916,-0.147864,1.05,-4.27,-0.49,-46
1786632824840,95302,Knee,stand,-0.24644,0.949648,-0.147864,1.05,-4.27,-0.49,-46
1786632824840,95319,Knee,stand,-0.246928,0.94916,-0.147864,0.98,-4.41,-0.49,-46
1786632824840,95336,Knee,stand,-0.24888,0.948672,-0.148352,0.98,-4.62,-0.42,-46
1786632824840,95353,Knee,stand,-0.245464,0.949648,-0.147864,0.98,-4.69,-0.42,-46
1786632824840,95370,Knee,stand,-0.245952,0.9516,-0.147864,0.98,-4.69,-0.42,-46
1786632825257,95546,Knee,stand,-0.249368,0.950624,-0.145424,1.19,-4.41,-0.49,-46
1786632825257,95577,Knee,stand,-0.246928,0.950136,-0.147376,1.19,-4.34,-0.56,-46
1786632825257,95594,Knee,stand,-0.246928,0.949648,-0.145912,1.26,-4.27,-0.56,-46
1786632825257,95611,Knee,stand,-0.24644,0.950624,-0.1464,1.26,-4.27,-0.63,-46
1786632825257,95628,Knee,stand,-0.244488,0.9516,-0.143472,1.19,-4.06,-0.7,-46
1786632825257,95658,Knee,stand,-0.24644,0.951112,-0.141032,1.19,-4.13,-0.63,-46
1786632825257,95675,Knee,stand,-0.245464,0.950624,-0.142008,1.26,-4.2,-0.63,-46
1786632825257,95692,Knee,stand,-0.244976,0.952088,-0.14152,1.26,-4.2,-0.63,-46
1786632825257,95709,Knee,stand,-0.245952,0.9516,-0.14152,1.33,-4.27,-0.63,-46
1786632825257,95726,Knee,stand,-0.243024,0.950624,-0.140056,1.33,-4.41,-0.63,-46
1786632825564,95902,Knee,stand,-0.244488,0.950136,-0.142496,1.47,-4.2,-0.77,-46
1786632825564,95933,Knee,stand,-0.244,0.950624,-0.144448,1.47,-4.13,-0.84,-46
1786632825564,95950,Knee,stand,-0.244976,0.951112,-0.143472,1.47,-4.2,-0.84,-46
1786632825564,95967,Knee,stand,-0.246928,0.94916,-0.142008,1.47,-4.27,-0.91,-46
1786632825564,95984,Knee,stand,-0.245952,0.950136,-0.142984,1.47,-4.41,-0.84,-46
1786632825564,96015,Knee,stand,-0.24644,0.950136,-0.142984,1.47,-4.41,-0.91,-46
1786632825564,96032,Knee,stand,-0.244976,0.949648,-0.14152,1.54,-4.41,-0.91,-46
1786632825564,96049,Knee,stand,-0.244,0.950624,-0.142008,1.54,-4.27,-0.91,-46
1786632825564,96066,Knee,stand,-0.244976,0.951112,-0.143472,1.47,-4.13,-0.98,-46
1786632825564,96083,Knee,stand,-0.245952,0.951112,-0.14396,1.54,-3.99,-0.91,-46
1786632825910,96258,Knee,stand,-0.244976,0.950136,-0.14152,1.68,-4.27,-0.84,-45
1786632825910,96289,Knee,stand,-0.248392,0.94916,-0.14152,1.68,-4.27,-0.77,-45
1786632825910,96306,Knee,stand,-0.246928,0.949648,-0.142984,1.68,-4.48,-0.7,-45
1786632825910,96323,Knee,stand,-0.24888,0.951112,-0.145424,1.61,-4.27,-0.77,-45
1786632825910,96340,Knee,stand,-0.249368,0.949648,-0.1464,1.61,-4.48,-0.7,-45
1786632825910,96371,Knee,stand,-0.245952,0.950136,-0.14396,1.68,-4.41,-0.7,-45
1786632825910,96388,Knee,stand,-0.24888,0.949648,-0.143472,1.68,-4.27,-0.7,-45
1786632825910,96405,Knee,stand,-0.249368,0.949648,-0.144448,1.68,-4.34,-0.7,-45
1786632825910,96422,Knee,stand,-0.246928,0.950136,-0.144448,1.68,-4.41,-0.7,-45
1786632825910,96439,Knee,stand,-0.246928,0.950624,-0.145424,1.68,-4.27,-0.7,-45
1786632826284,96615,Knee,stand,-0.246928,0.950136,-0.143472,1.75,-4.06,-0.7,-44
1786632826284,96646,Knee,stand,-0.245464,0.94916,-0.144448,1.75,-3.99,-0.84,-44
1786632826284,96663,Knee,stand,-0.245952,0.950136,-0.14396,1.82,-3.99,-0.7,-44
1786632826284,96680,Knee,stand,-0.246928,0.950624,-0.144448,1.75,-3.92,-0.77,-44
1786632826284,96697,Knee,stand,-0.245952,0.94916,-0.142984,1.82,-3.92,-0.77,-44
1786632826284,96728,Knee,stand,-0.24644,0.949648,-0.144448,1.82,-3.57,-0.84,-44
1786632826284,96745,Knee,stand,-0.246928,0.950624,-0.144448,1.75,-3.64,-0.77,-44
1786632826284,96762,Knee,stand,-0.248392,0.950136,-0.142984,1.82,-3.78,-0.77,-44
1786632826284,96780,Knee,stand,-0.245952,0.950624,-0.14396,1.89,-3.92,-0.77,-44
1786632826284,96797,Knee,stand,-0.24644,0.949648,-0.144936,1.89,-3.78,-0.7,-44
1786632826668,96971,Knee,stand,-0.24644,0.950136,-0.150792,1.96,-3.85,-0.63,-46
1786632826668,97001,Knee,stand,-0.245952,0.949648,-0.149816,1.96,-3.92,-0.7,-46
1786632826668,97018,Knee,stand,-0.245952,0.950624,-0.147864,2.03,-3.92,-0.7,-46
1786632826668,97035,Knee,stand,-0.244488,0.949648,-0.144448,1.96,-3.99,-0.7,-46
1786632826668,97052,Knee,stand,-0.243512,0.9516,-0.144448,2.03,-3.99,-0.7,-46
1786632826668,97083,Knee,stand,-0.244488,0.950136,-0.147376,2.03,-3.92,-0.7,-46
1786632826668,97100,Knee,stand,-0.244488,0.950624,-0.149816,2.03,-3.99,-0.77,-46
1786632826668,97117,Knee,stand,-0.244,0.94916,-0.151768,1.96,-3.92,-0.77,-46
1786632826668,97134,Knee,stand,-0.244976,0.94916,-0.150792,2.03,-3.92,-0.77,-46
1786632826668,97165,Knee,stand,-0.244488,0.948672,-0.151768,1.96,-4.06,-0.84,-46
1786632827055,97340,Knee,stand,-0.244,0.951112,-0.150792,1.82,-4.06,-0.84,-46
1786632827055,97371,Knee,stand,-0.245464,0.948672,-0.152256,1.75,-4.2,-0.84,-46
1786632827055,97388,Knee,stand,-0.244976,0.948672,-0.152256,1.61,-4.27,-0.91,-46
1786632827055,97405,Knee,stand,-0.24644,0.948184,-0.153232,1.68,-4.2,-0.91,-46
1786632827055,97422,Knee,stand,-0.248392,0.947208,-0.153232,1.68,-4.27,-0.91,-46
1786632827055,97453,Knee,stand,-0.246928,0.948672,-0.154208,1.61,-4.34,-0.91,-46
1786632827055,97470,Knee,stand,-0.246928,0.948184,-0.152256,1.54,-4.2,-0.91,-46
1786632827055,97487,Knee,stand,-0.246928,0.948672,-0.152256,1.54,-4.2,-0.91,-46
1786632827055,97504,Knee,stand,-0.24644,0.948184,-0.152744,1.61,-4.2,-0.84,-46
1786632827055,97520,Knee,stand,-0.245464,0.94916,-0.152744,1.54,-4.2,-0.84,-46
1786632827364,97695,Knee,stand,-0.246928,0.94916,-0.151768,1.54,-4.34,-0.84,-46
1786632827364,97726,Knee,stand,-0.245952,0.948672,-0.153232,1.54,-4.2,-0.77,-46
1786632827364,97743,Knee,stand,-0.247416,0.947696,-0.154696,1.54,-4.2,-0.77,-46
1786632827364,97760,Knee,stand,-0.247416,0.94916,-0.154208,1.54,-4.34,-0.84,-46
1786632827364,97777,Knee,stand,-0.244976,0.948672,-0.151768,1.61,-4.27,-0.91,-46
1786632827364,97808,Knee,stand,-0.244488,0.94916,-0.148352,1.61,-4.2,-0.84,-46
1786632827364,97825,Knee,stand,-0.244488,0.94916,-0.149328,1.61,-4.2,-0.91,-46
1786632827364,97842,Knee,stand,-0.244976,0.949648,-0.149328,1.61,-4.2,-0.91,-46
1786632827364,97859,Knee,stand,-0.24644,0.947208,-0.150304,1.61,-4.2,-0.98,-46
1786632827364,97876,Knee,stand,-0.245464,0.94916,-0.152256,1.61,-4.27,-0.98,-46
1786632827728,98052,Knee,stand,-0.248392,0.948184,-0.152744,1.61,-4.2,-0.77,-46
1786632827728,98083,Knee,stand,-0.248392,0.948184,-0.153232,1.61,-4.2,-0.7,-46
1786632827728,98100,Knee,stand,-0.24888,0.948184,-0.152744,1.54,-4.06,-0.63,-46
1786632827728,98117,Knee,stand,-0.247904,0.947696,-0.15372,1.54,-4.06,-0.7,-46
1786632827728,98134,Knee,stand,-0.247904,0.948672,-0.152744,1.54,-3.99,-0.7,-46
1786632827728,98164,Knee,stand,-0.246928,0.948672,-0.153232,1.47,-3.99,-0.7,-46
1786632827728,98181,Knee,stand,-0.24644,0.948672,-0.152744,1.54,-3.99,-0.7,-46
1786632827728,98198,Knee,stand,-0.248392,0.94916,-0.151768,1.54,-3.92,-0.7,-46
1786632827728,98215,Knee,stand,-0.247416,0.949648,-0.14884,1.54,-3.99,-0.7,-46
1786632827728,98232,Knee,stand,-0.245464,0.948672,-0.149328,1.54,-4.13,-0.63,-46
1786632828063,98408,Knee,stand,-0.246928,0.948672,-0.152744,1.54,-3.99,-0.84,-47
1786632828063,98439,Knee,stand,-0.24644,0.949648,-0.154696,1.47,-4.13,-0.91,-47
1786632828063,98456,Knee,stand,-0.246928,0.947696,-0.15616,1.47,-4.13,-0.91,-47
1786632828063,98473,Knee,stand,-0.248392,0.947208,-0.155672,1.4,-4.2,-0.84,-47
1786632828063,98491,Knee,stand,-0.247416,0.948184,-0.15616,1.4,-4.27,-0.84,-47
1786632828063,98522,Knee,stand,-0.247904,0.948184,-0.153232,1.4,-4.2,-0.91,-47
1786632828063,98539,Knee,stand,-0.244976,0.948184,-0.152256,1.33,-4.13,-0.98,-47
1786632828063,98556,Knee,stand,-0.248392,0.948672,-0.15128,1.4,-4.06,-0.98,-47
1786632828063,98573,Knee,stand,-0.247904,0.948672,-0.150304,1.47,-4.13,-0.91,-47
1786632828063,98590,Knee,stand,-0.247416,0.94916,-0.148352,1.47,-4.13,-0.91,-47
1786632828423,98766,Knee,stand,-0.247904,0.950136,-0.152256,1.33,-4.27,-0.63,-47
1786632828423,98796,Knee,stand,-0.247416,0.948672,-0.15128,1.26,-4.34,-0.63,-47
1786632828423,98814,Knee,stand,-0.248392,0.948672,-0.152256,1.26,-4.34,-0.63,-47
1786632828423,98830,Knee,stand,-0.247416,0.948184,-0.152744,1.26,-4.41,-0.7,-47
1786632828423,98847,Knee,stand,-0.246928,0.948672,-0.152256,1.33,-4.34,-0.7,-47
1786632828423,98878,Knee,stand,-0.247904,0.94916,-0.150304,1.4,-4.13,-0.7,-47
1786632828423,98895,Knee,stand,-0.247416,0.949648,-0.149328,1.4,-4.13,-0.7,-47
1786632828423,98912,Knee,stand,-0.246928,0.949648,-0.150304,1.4,-3.99,-0.7,-47
1786632828423,98929,Knee,stand,-0.248392,0.948672,-0.152744,1.4,-3.85,-0.7,-47
1786632828423,98946,Knee,stand,-0.247416,0.94916,-0.152744,1.4,-3.85,-0.77,-47
1786632828777,99121,Knee,stand,-0.246928,0.94916,-0.152744,1.4,-4.06,-0.7,-47
1786632828777,99152,Knee,stand,-0.245952,0.94916,-0.153232,1.4,-3.92,-0.63,-47
1786632828777,99169,Knee,stand,-0.247904,0.950136,-0.151768,1.4,-3.99,-0.7,-47
1786632828777,99186,Knee,stand,-0.248392,0.950136,-0.150792,1.4,-4.06,-0.7,-47
1786632828777,99203,Knee,stand,-0.245464,0.949648,-0.15128,1.4,-3.99,-0.63,-47
1786632828777,99234,Knee,stand,-0.247416,0.948184,-0.155184,1.26,-4.13,-0.63,-47
1786632828777,99251,Knee,stand,-0.247904,0.948672,-0.155184,1.33,-4.06,-0.63,-47
1786632828777,99268,Knee,stand,-0.246928,0.948184,-0.154696,1.33,-4.13,-0.7,-47
1786632828777,99285,Knee,stand,-0.245952,0.947696,-0.154208,1.26,-4.2,-0.7,-47
1786632828777,99302,Knee,stand,-0.246928,0.948672,-0.15372,1.19,-4.13,-0.77,-47
1786632829163,99477,Knee,stand,-0.246928,0.948672,-0.15128,1.26,-4.34,-0.84,-47
1786632829163,99508,Knee,stand,-0.246928,0.951112,-0.149816,1.33,-4.2,-0.84,-47
1786632829163,99524,Knee,stand,-0.247904,0.950624,-0.147376,1.33,-4.2,-0.77,-47
1786632829163,99541,Knee,stand,-0.247904,0.94916,-0.147864,1.33,-4.27,-0.77,-47
1786632829163,99558,Knee,stand,-0.245952,0.948672,-0.149328,1.26,-4.27,-0.77,-47
1786632829163,99589,Knee,stand,-0.247416,0.947696,-0.152744,1.33,-4.2,-0.77,-47
1786632829163,99606,Knee,stand,-0.247904,0.947696,-0.152744,1.33,-4.2,-0.77,-47
1786632829163,99623,Knee,stand,-0.247416,0.947696,-0.15128,1.33,-4.2,-0.77,-47
1786632829163,99640,Knee,stand,-0.24644,0.94916,-0.150304,1.26,-4.2,-0.84,-47
1786632829163,99671,Knee,stand,-0.247904,0.949648,-0.152256,1.26,-4.2,-0.84,-47
1786632829609,99848,Knee,stand,-0.24888,0.947696,-0.150792,1.33,-4.34,-0.77,-47
1786632829609,99879,Knee,stand,-0.247904,0.948184,-0.154208,1.26,-4.34,-0.77,-47
1786632829609,99896,Knee,stand,-0.247904,0.947696,-0.15372,1.26,-4.34,-0.77,-47
1786632829609,99913,Knee,stand,-0.248392,0.94916,-0.152256,1.33,-4.41,-0.77,-47
1786632829609,99930,Knee,stand,-0.247416,0.948672,-0.150792,1.33,-4.34,-0.77,-47
1786632829609,99961,Knee,stand,-0.248392,0.948184,-0.147864,1.33,-4.2,-0.91,-47
1786632829609,99978,Knee,stand,-0.24888,0.950136,-0.1464,1.4,-4.41,-0.84,-47
1786632829609,99995,Knee,stand,-0.247416,0.949648,-0.145424,1.4,-4.48,-0.77,-47
1786632829609,100012,Knee,stand,-0.24644,0.949648,-0.145424,1.4,-4.41,-0.77,-47
1786632829609,100029,Knee,stand,-0.245952,0.948672,-0.147864,1.4,-4.34,-0.84,-47
1786632829884,100204,Knee,stand,-0.247416,0.94916,-0.14884,1.61,-4.06,-0.91,-47
1786632829884,100235,Knee,stand,-0.248392,0.947696,-0.153232,1.54,-4.2,-0.91,-47
1786632829884,100252,Knee,stand,-0.249856,0.948184,-0.154208,1.61,-4.13,-0.91,-47
1786632829884,100269,Knee,stand,-0.248392,0.948672,-0.153232,1.61,-4.13,-0.98,-47
1786632829884,100286,Knee,stand,-0.247904,0.948672,-0.151768,1.61,-4.13,-0.98,-47
1786632829884,100317,Knee,stand,-0.247416,0.948672,-0.150304,1.47,-4.27,-0.91,-47
1786632829884,100334,Knee,stand,-0.249368,0.950136,-0.150304,1.54,-4.34,-0.98,-47
1786632829884,100351,Knee,stand,-0.249368,0.948184,-0.150792,1.47,-4.34,-0.91,-47
1786632829884,100368,Knee,stand,-0.24888,0.947208,-0.152256,1.54,-4.27,-0.91,-47
1786632829884,100385,Knee,stand,-0.249368,0.947696,-0.150792,1.47,-4.34,-0.98,-47
1786632830223,100561,Knee,stand,-0.250832,0.948672,-0.149328,1.61,-4.13,-0.77,-46
1786632830223,100593,Knee,stand,-0.248392,0.947696,-0.150304,1.54,-3.92,-0.77,-46
1786632830223,100610,Knee,stand,-0.24888,0.948672,-0.152744,1.47,-3.64,-0.77,-46
1786632830223,100627,Knee,stand,-0.253272,0.947696,-0.153232,1.54,-3.92,-0.77,-46
1786632830223,100644,Knee,stand,-0.251808,0.947696,-0.155672,1.47,-3.99,-0.7,-46
1786632830223,100662,Knee,stand,-0.250832,0.947696,-0.154696,1.4,-3.85,-0.77,-46
1786632830223,100693,Knee,stand,-0.249856,0.948184,-0.151768,1.4,-3.99,-0.7,-46
1786632830223,100710,Knee,stand,-0.248392,0.948672,-0.152744,1.33,-3.99,-0.63,-46
1786632830223,100727,Knee,stand,-0.24888,0.947696,-0.149816,1.33,-3.92,-0.7,-46
1786632830223,100743,Knee,stand,-0.24888,0.948184,-0.147376,1.33,-4.06,-0.63,-46
1786632830647,100921,Knee,stand,-0.247416,0.950136,-0.148352,1.05,-3.71,-0.63,-47
1786632830647,100952,Knee,stand,-0.247416,0.94916,-0.149328,1.12,-3.64,-0.7,-47
1786632830647,100969,Knee,stand,-0.246928,0.94916,-0.146888,1.12,-3.71,-0.63,-47
1786632830647,100986,Knee,stand,-0.24888,0.949648,-0.146888,1.12,-3.71,-0.63,-47
1786632830647,101003,Knee,stand,-0.247904,0.949648,-0.148352,1.12,-3.78,-0.7,-47
1786632830647,101034,Knee,stand,-0.245952,0.949648,-0.149816,1.05,-3.71,-0.77,-47
1786632830647,101051,Knee,stand,-0.249368,0.947696,-0.152256,0.98,-3.78,-0.7,-47
1786632830647,101068,Knee,stand,-0.24888,0.949648,-0.150792,1.05,-4.06,-0.63,-47
1786632830647,101085,Knee,stand,-0.247904,0.948672,-0.150304,1.05,-4.27,-0.49,-47
1786632830647,101102,Knee,stand,-0.248392,0.947696,-0.15128,1.05,-4.41,-0.56,-47
1786632832827,101280,Knee,stand,-0.248392,0.949648,-0.149816,0.77,-6.65,0.07,-47
1786632832827,101311,Knee,stand,-0.24888,0.950624,-0.147864,0.77,-6.51,-0.07,-47
1786632832827,101328,Knee,stand,-0.247416,0.948672,-0.148352,0.84,-6.58,0,-47
1786632832827,101345,Knee,stand,-0.247416,0.951112,-0.1464,0.91,-6.58,-0.07,-47
1786632832827,101362,Knee,stand,-0.244976,0.9516,-0.145424,0.77,-6.51,-0.07,-47
1786632832827,101393,Knee,stand,-0.247416,0.950136,-0.147864,0.7,-6.02,-0.07,-47
1786632832827,101409,Knee,stand,-0.245952,0.949648,-0.152256,0.63,-5.95,-0.07,-47
1786632832827,101426,Knee,stand,-0.244976,0.949648,-0.152744,0.56,-5.46,-0.28,-47
1786632832827,101443,Knee,stand,-0.248392,0.94916,-0.149816,0.56,-5.39,-0.28,-47
1786632832827,101461,Knee,stand,-0.248392,0.94916,-0.1464,0.49,-5.39,-0.35,-47
1786632832828,101635,Knee,stand,-0.244,0.952088,-0.139568,0.28,-3.85,-0.56,-47
1786632832828,101667,Knee,stand,-0.243512,0.9516,-0.139568,0.28,-3.92,-0.49,-47
1786632832828,101684,Knee,stand,-0.24644,0.9516,-0.13908,0.28,-4.06,-0.49,-47
1786632832828,101701,Knee,stand,-0.245952,0.9516,-0.139568,0.28,-4.27,-0.56,-47
1786632832828,101718,Knee,stand,-0.246928,0.9516,-0.13908,0.28,-4.48,-0.56,-47
1786632832828,101749,Knee,stand,-0.245464,0.950624,-0.140544,0.35,-4.83,-0.49,-47
1786632832828,101766,Knee,stand,-0.245952,0.951112,-0.137616,0.42,-4.9,-0.42,-47
1786632832828,101783,Knee,stand,-0.245952,0.950136,-0.134688,0.56,-4.9,-0.42,-47
1786632832828,101800,Knee,stand,-0.245464,0.9516,-0.131272,0.63,-4.76,-0.49,-47
1786632832828,101817,Knee,stand,-0.243512,0.953064,-0.12932,0.63,-4.55,-0.49,-47
1786632832908,101992,Knee,stand,-0.244,0.952576,-0.137128,1.05,-4.06,-0.35,-49
1786632832908,102023,Knee,stand,-0.244,0.95404,-0.132736,1.12,-4.34,-0.35,-49
1786632832908,102040,Knee,stand,-0.242048,0.953064,-0.13176,1.19,-4.62,-0.28,-49
1786632832908,102057,Knee,stand,-0.243024,0.953064,-0.130784,1.19,-4.69,-0.35,-49
1786632832908,102074,Knee,stand,-0.242536,0.953552,-0.12932,1.19,-4.62,-0.35,-49
1786632832908,102104,Knee,stand,-0.242536,0.953064,-0.131272,1.26,-4.41,-0.42,-49
1786632832908,102121,Knee,stand,-0.240584,0.953552,-0.132736,1.26,-4.27,-0.42,-49
1786632832908,102138,Knee,stand,-0.24156,0.95404,-0.133712,1.26,-4.2,-0.49,-49
1786632832908,102155,Knee,stand,-0.24156,0.9516,-0.135664,1.26,-4.06,-0.56,-49
1786632832908,102172,Knee,stand,-0.24156,0.953064,-0.134688,1.26,-4.13,-0.63,-49
1786632833141,102348,Knee,stand,-0.242048,0.952088,-0.132736,1.4,-4.2,-0.98,-46
1786632833141,102379,Knee,stand,-0.240096,0.954528,-0.132248,1.4,-3.64,-1.05,-46
1786632833141,102396,Knee,stand,-0.244,0.953064,-0.13176,1.33,-3.71,-1.05,-46
1786632833141,102413,Knee,stand,-0.243024,0.953552,-0.131272,1.4,-3.85,-0.91,-46
1786632833141,102430,Knee,stand,-0.241072,0.95404,-0.13176,1.4,-3.85,-0.98,-46
1786632833141,102461,Knee,stand,-0.244,0.952576,-0.131272,1.4,-4.06,-1.05,-46
1786632833141,102478,Knee,stand,-0.242536,0.953552,-0.13176,1.4,-4.06,-1.05,-46
1786632833141,102495,Knee,stand,-0.244976,0.952088,-0.133712,1.33,-3.99,-1.05,-46
1786632833141,102512,Knee,stand,-0.244,0.953552,-0.134688,1.47,-3.92,-1.05,-46
1786632833141,102529,Knee,stand,-0.244,0.952088,-0.132248,1.4,-3.92,-1.05,-46
1786632833501,103836,Knee,stand,-0.252784,0.948672,-0.1464,1.82,-3.36,-1.12,-42
1786632833501,103867,Knee,stand,-0.24888,0.949648,-0.14152,1.89,-3.57,-1.12,-42
1786632833501,103884,Knee,stand,-0.25132,0.94916,-0.142984,1.89,-3.5,-1.19,-42
1786632833501,103901,Knee,stand,-0.246928,0.950136,-0.140544,1.89,-3.5,-1.05,-42
1786632833501,103918,Knee,stand,-0.249368,0.950624,-0.14152,1.75,-3.22,-1.12,-42
1786632833501,103949,Knee,stand,-0.24888,0.949648,-0.142008,1.75,-3.29,-1.12,-42
1786632833501,103966,Knee,stand,-0.24888,0.950624,-0.14396,1.68,-3.22,-1.12,-42
1786632833501,103983,Knee,stand,-0.250344,0.948672,-0.145424,1.68,-3.29,-1.05,-42
1786632833501,103999,Knee,stand,-0.25132,0.948672,-0.145424,1.68,-3.29,-1.05,-42
1786632833501,104016,Knee,stand,-0.250344,0.949648,-0.1464,1.68,-3.36,-1.05,-42
1786632833855,104192,Knee,stand,-0.252784,0.947208,-0.149328,1.47,-3.64,-0.84,-42
1786632833855,104223,Knee,stand,-0.252784,0.948184,-0.150792,1.4,-3.64,-0.84,-42
1786632833855,104240,Knee,stand,-0.253272,0.948184,-0.150304,1.4,-3.71,-0.84,-42
1786632833855,104257,Knee,stand,-0.249368,0.949648,-0.147376,1.33,-3.71,-0.77,-42
1786632833855,104274,Knee,stand,-0.250832,0.950136,-0.145424,1.4,-3.78,-0.77,-42
1786632833855,104305,Knee,stand,-0.252296,0.948672,-0.14152,1.33,-4.13,-0.7,-42
1786632833855,104322,Knee,stand,-0.25132,0.948672,-0.143472,1.33,-4.06,-0.7,-42
1786632833855,104339,Knee,stand,-0.24888,0.950136,-0.144448,1.26,-4.06,-0.63,-42
1786632833855,104356,Knee,stand,-0.250344,0.948672,-0.1464,1.33,-4.06,-0.63,-42
1786632833855,104373,Knee,stand,-0.252784,0.949648,-0.1464,1.33,-4.2,-0.56,-42
1786632834241,104549,Knee,stand,-0.247904,0.948672,-0.14396,1.12,-4.69,-0.49,-42
1786632834241,104580,Knee,stand,-0.24888,0.951112,-0.140056,1.19,-4.55,-0.56,-42
1786632834241,104597,Knee,stand,-0.248392,0.950136,-0.140056,1.19,-4.62,-0.63,-42
1786632834241,104614,Knee,stand,-0.248392,0.950136,-0.142008,1.12,-4.62,-0.7,-42
1786632834241,104631,Knee,stand,-0.247904,0.949648,-0.144448,1.12,-4.55,-0.7,-42
1786632834241,104661,Knee,stand,-0.251808,0.94916,-0.143472,1.19,-4.9,-0.7,-42
1786632834241,104678,Knee,stand,-0.248392,0.949648,-0.14152,1.19,-4.83,-0.77,-42
1786632834241,104695,Knee,stand,-0.24888,0.94916,-0.142496,1.19,-4.48,-0.84,-42
1786632834241,104712,Knee,stand,-0.249856,0.949648,-0.141032,1.12,-4.27,-0.84,-42
1786632834241,104729,Knee,stand,-0.249856,0.951112,-0.139568,1.19,-4.2,-0.91,-42
1786632834573,104906,Knee,stand,-0.249856,0.950624,-0.13908,1.26,-4.06,-0.77,-42
1786632834573,104937,Knee,stand,-0.250832,0.94916,-0.141032,1.26,-4.2,-0.7,-42
1786632834573,104954,Knee,stand,-0.250344,0.94916,-0.142008,1.19,-4.13,-0.77,-42
1786632834573,104971,Knee,stand,-0.252296,0.94916,-0.143472,1.26,-4.06,-0.77,-42
1786632834573,104988,Knee,stand,-0.250832,0.94916,-0.145424,1.33,-3.99,-0.77,-42
1786632834573,105019,Knee,stand,-0.250832,0.948672,-0.142008,1.26,-3.92,-0.84,-42
1786632834573,105036,Knee,stand,-0.252784,0.949648,-0.139568,1.26,-4.06,-0.7,-42
1786632834573,105053,Knee,stand,-0.249856,0.949648,-0.137616,1.33,-4.2,-0.63,-42
1786632834573,105070,Knee,stand,-0.250832,0.949648,-0.138592,1.26,-4.27,-0.63,-42
1786632834573,105087,Knee,stand,-0.250344,0.94916,-0.138592,1.26,-4.06,-0.56,-42
1786632835009,105317,Knee,stand,-0.240584,0.953552,-0.125416,1.54,-3.85,-0.77,-42
1786632835009,105348,Knee,stand,-0.246928,0.95648,-0.111752,1.75,-3.99,-0.77,-42
1786632835009,105365,Knee,stand,-0.242048,0.95648,-0.11468,1.82,-3.92,-0.7,-42
1786632835009,105382,Knee,stand,-0.242048,0.953552,-0.122976,1.82,-3.85,-0.63,-42
1786632835009,105399,Knee,stand,-0.244976,0.952088,-0.131272,1.89,-3.64,-0.77,-42
1786632835009,105430,Knee,stand,-0.24644,0.94916,-0.13908,1.68,-3.71,-0.7,-42
1786632835009,105447,Knee,stand,-0.249368,0.947696,-0.145912,1.54,-3.5,-0.77,-42
1786632835009,105464,Knee,stand,-0.250832,0.947208,-0.150792,1.4,-3.71,-0.77,-42
1786632835009,105481,Knee,stand,-0.253272,0.945744,-0.1586,1.33,-3.85,-0.7,-42
1786632835009,105498,Knee,stand,-0.254736,0.943792,-0.167384,1.12,-4.13,-0.63,-42
1786632835343,105675,Knee,stand,-0.247416,0.951112,-0.127368,0.63,-4.55,-0.42,-43
1786632835343,105706,Knee,stand,-0.244976,0.953064,-0.133224,0.56,-4.06,-0.56,-43
1786632835343,105723,Knee,stand,-0.247904,0.9516,-0.138104,0.56,-3.57,-0.63,-43
1786632835343,105740,Knee,stand,-0.250832,0.949648,-0.141032,0.56,-3.5,-0.63,-43
1786632835343,105757,Knee,stand,-0.250832,0.950136,-0.142984,0.56,-3.71,-0.56,-43
1786632835343,105788,Knee,stand,-0.249368,0.950136,-0.14152,0.49,-3.71,-0.63,-43
1786632835343,105805,Knee,stand,-0.249856,0.950136,-0.142008,0.56,-3.78,-0.63,-43
1786632835343,105822,Knee,stand,-0.250832,0.950136,-0.141032,0.49,-3.78,-0.56,-43
1786632835343,105839,Knee,stand,-0.24888,0.951112,-0.137616,0.49,-3.85,-0.63,-43
1786632835343,105856,Knee,stand,-0.249856,0.951112,-0.134688,0.56,-3.92,-0.56,-43
1786632835700,106032,Knee,stand,-0.24644,0.952088,-0.132248,0.63,-4.13,-0.56,-49
1786632835700,106063,Knee,stand,-0.246928,0.953064,-0.132248,0.7,-4.2,-0.56,-49
1786632835700,106080,Knee,stand,-0.246928,0.952576,-0.132248,0.7,-4.41,-0.49,-49
1786632835700,106097,Knee,stand,-0.247904,0.952088,-0.13176,0.7,-4.55,-0.49,-49
1786632835700,106114,Knee,stand,-0.248392,0.950624,-0.132248,0.7,-4.62,-0.49,-49
1786632835700,106145,Knee,stand,-0.24644,0.952576,-0.130784,0.7,-4.48,-0.63,-49
1786632835700,106162,Knee,stand,-0.245952,0.951112,-0.131272,0.63,-4.41,-0.63,-49
1786632835700,106179,Knee,stand,-0.247416,0.952576,-0.130296,0.7,-4.34,-0.63,-49
1786632835700,106196,Knee,stand,-0.247416,0.952088,-0.127856,0.77,-4.34,-0.63,-49
1786632835700,106213,Knee,stand,-0.247416,0.9516,-0.128344,0.84,-4.34,-0.63,-49
1786632836058,106390,Knee,stand,-0.246928,0.952088,-0.131272,0.91,-3.36,-0.56,-43
1786632836058,106421,Knee,stand,-0.247416,0.95404,-0.127856,1.05,-3.5,-0.56,-43
1786632836058,106438,Knee,stand,-0.245952,0.953064,-0.12688,1.05,-3.71,-0.56,-43
1786632836058,106455,Knee,stand,-0.244976,0.953064,-0.126392,1.05,-3.78,-0.56,-43
1786632836058,106472,Knee,stand,-0.244,0.953552,-0.124928,1.19,-3.64,-0.49,-43
1786632836058,106503,Knee,stand,-0.246928,0.953552,-0.123464,1.19,-3.64,-0.49,-43
1786632836058,106520,Knee,stand,-0.245464,0.952576,-0.12688,1.26,-3.71,-0.49,-43
1786632836058,106537,Knee,stand,-0.244488,0.9516,-0.130784,1.19,-3.5,-0.56,-43
1786632836058,106554,Knee,stand,-0.245464,0.953064,-0.133224,1.26,-3.5,-0.63,-43
1786632836058,106571,Knee,stand,-0.24644,0.9516,-0.131272,1.26,-3.57,-0.56,-43
1786632836432,106746,Knee,stand,-0.244488,0.952088,-0.132248,1.12,-4.06,-0.63,-43
1786632836432,106777,Knee,stand,-0.24156,0.953552,-0.13176,0.91,-3.92,-0.77,-43
1786632836432,106794,Knee,stand,-0.240584,0.953064,-0.131272,0.77,-3.64,-0.84,-43
1786632836432,106811,Knee,stand,-0.247416,0.954528,-0.12932,0.7,-3.78,-0.84,-43
1786632836432,106828,Knee,stand,-0.244976,0.955992,-0.12444,0.56,-4.13,-0.77,-43
1786632836432,106859,Knee,stand,-0.246928,0.950136,-0.12688,0.56,-4.34,-0.63,-43
1786632836432,106876,Knee,stand,-0.250344,0.952088,-0.130784,0.77,-5.11,-0.49,-43
1786632836432,106893,Knee,stand,-0.244488,0.951112,-0.132248,0.49,-5.04,-0.42,-43
1786632836432,106910,Knee,stand,-0.245952,0.949648,-0.128832,0.63,-5.04,-0.49,-43
1786632836432,106927,Knee,stand,-0.244976,0.955504,-0.129808,0.7,-5.04,-0.49,-43
1786632837710,107104,Knee,stand,-0.240584,0.955992,-0.116632,0.07,-5.88,-0.14,-43
1786632837710,107134,Knee,stand,-0.244,0.957944,-0.116632,-0.07,-6.23,0.07,-43
1786632837710,107151,Knee,stand,-0.240584,0.952576,-0.119072,-0.28,-6.93,0.21,-43
1786632837710,107168,Knee,stand,-0.247904,0.955504,-0.116632,0.21,-7.63,0.21,-43
1786632837710,107185,Knee,stand,-0.245464,0.958432,-0.115656,0.14,-8.33,0.21,-43
1786632837710,107215,Knee,stand,-0.240096,0.956968,-0.111264,0.21,-8.19,0.14,-43
1786632837710,107232,Knee,stand,-0.237168,0.955016,-0.112728,0.28,-8.19,0.07,-43
1786632837710,107249,Knee,stand,-0.235216,0.95648,-0.110288,0.28,-7.7,-0.14,-43
1786632837710,107266,Knee,stand,-0.238144,0.957456,-0.111264,0.21,-7.63,-0.21,-43
1786632837710,107297,Knee,stand,-0.238632,0.957944,-0.114192,0.14,-8.26,-0.35,-43
1786632837711,107473,Knee,stand,-0.247904,0.95404,-0.105896,0.7,-7.91,-0.84,-43
1786632837711,107504,Knee,stand,-0.243024,0.953064,-0.106384,0.77,-7.84,-0.84,-43
1786632837711,107521,Knee,stand,-0.242536,0.958432,-0.106872,0.77,-7.14,-0.84,-43
1786632837711,107538,Knee,stand,-0.242048,0.954528,-0.107848,0.84,-6.44,-0.98,-43
1786632837711,107555,Knee,stand,-0.244488,0.957456,-0.105408,0.91,-6.16,-0.98,-43
1786632837711,107586,Knee,stand,-0.244488,0.955504,-0.107848,0.98,-5.67,-1.12,-43
1786632837711,107603,Knee,stand,-0.245464,0.956968,-0.108336,1.05,-5.46,-1.19,-43
1786632837711,107620,Knee,stand,-0.246928,0.955504,-0.108824,1.05,-5.46,-1.05,-43
1786632837711,107637,Knee,stand,-0.247416,0.955016,-0.108336,1.12,-5.53,-0.98,-43
1786632837711,107654,Knee,stand,-0.242536,0.955992,-0.107848,1.05,-5.39,-1.05,-43
1786632837715,107831,Knee,stand,-0.247416,0.956968,-0.097112,1.61,-3.5,-1.19,-43
1786632837715,107862,Knee,stand,-0.247416,0.955992,-0.098088,1.89,-3.71,-1.12,-43
1786632837715,107880,Knee,stand,-0.244976,0.955992,-0.098576,1.82,-3.64,-1.12,-43
1786632837715,107897,Knee,stand,-0.245952,0.956968,-0.099064,1.96,-3.36,-1.19,-43
1786632837715,107914,Knee,stand,-0.246928,0.95648,-0.098576,2.03,-3.43,-1.12,-43
1786632837715,107931,Knee,stand,-0.24644,0.956968,-0.09516,2.17,-3.29,-1.12,-43
1786632837715,107962,Knee,stand,-0.249368,0.958432,-0.091256,2.45,-3.5,-1.05,-43
1786632837715,107979,Knee,stand,-0.249856,0.958432,-0.086376,2.66,-3.85,-0.91,-43
1786632837715,107996,Knee,stand,-0.250832,0.95892,-0.084912,2.87,-3.92,-0.63,-43
1786632837715,108013,Knee,stand,-0.251808,0.956968,-0.082472,3.08,-4.13,-0.49,-43
1786632837936,108189,Knee,stand,-0.244976,0.9516,-0.130784,3.64,-3.22,-0.42,-43
1786632837936,108220,Knee,stand,-0.246928,0.953552,-0.131272,3.36,-2.94,-0.63,-43
1786632837936,108237,Knee,stand,-0.24888,0.951112,-0.130296,3.43,-3.15,-0.63,-43
1786632837936,108254,Knee,stand,-0.245464,0.953064,-0.127368,3.29,-3.36,-0.77,-43
1786632837936,108271,Knee,stand,-0.243512,0.954528,-0.122976,3.36,-3.43,-1.05,-43
1786632837936,108302,Knee,stand,-0.24156,0.95648,-0.115168,3.36,-3.5,-1.26,-43
1786632837936,108319,Knee,stand,-0.241072,0.95648,-0.113704,3.36,-3.78,-1.05,-43
1786632837936,108336,Knee,stand,-0.240096,0.957944,-0.11224,3.43,-3.85,-1.12,-43
1786632837936,108354,Knee,stand,-0.239608,0.955504,-0.110776,3.43,-3.78,-1.12,-43
1786632837936,108372,Knee,stand,-0.238632,0.957944,-0.1098,3.43,-3.99,-1.19,-43
1786632838221,108548,Knee,stand,-0.251808,0.952576,-0.144448,2.66,-3.22,-1.75,-43
1786632838221,108579,Knee,stand,-0.254248,0.950624,-0.14152,2.59,-4.06,-1.61,-43
1786632838221,108596,Knee,stand,-0.254736,0.948184,-0.137128,2.59,-4.69,-1.4,-43
1786632838221,108613,Knee,stand,-0.250344,0.949648,-0.132736,2.38,-4.83,-1.47,-43
1786632838221,108630,Knee,stand,-0.248392,0.952576,-0.130296,2.31,-4.69,-1.68,-43
1786632838221,108661,Knee,stand,-0.248392,0.952088,-0.128832,2.38,-4.69,-1.54,-43
1786632838221,108678,Knee,stand,-0.244488,0.953064,-0.123952,2.31,-4.55,-1.54,-43
1786632838221,108695,Knee,stand,-0.246928,0.953064,-0.123464,2.38,-4.34,-1.54,-43
1786632838221,108712,Knee,stand,-0.249368,0.952576,-0.122976,2.31,-4.41,-1.47,-43
1786632838221,108729,Knee,stand,-0.250344,0.951112,-0.122,2.24,-4.48,-1.54,-43
1786632838606,108907,Knee,stand,-0.255712,0.950136,-0.13664,1.82,-4.27,-1.19,-43
1786632838606,108938,Knee,stand,-0.255224,0.950136,-0.134688,1.75,-4.34,-1.12,-43
1786632838606,108955,Knee,stand,-0.25376,0.950624,-0.133224,1.68,-4.34,-1.12,-43
1786632838606,108972,Knee,stand,-0.25376,0.951112,-0.127368,1.68,-4.34,-1.05,-43
1786632838606,108989,Knee,stand,-0.253272,0.950136,-0.127368,1.61,-4.41,-1.05,-43
1786632838606,109020,Knee,stand,-0.25376,0.951112,-0.128344,1.54,-4.13,-1.05,-43
1786632838606,109037,Knee,stand,-0.252296,0.951112,-0.132736,1.54,-4.06,-1.05,-43
1786632838606,109054,Knee,stand,-0.254736,0.951112,-0.132736,1.61,-3.99,-1.05,-43
1786632838606,109071,Knee,stand,-0.256688,0.949648,-0.132248,1.61,-4.06,-1.05,-43
1786632838606,109101,Knee,stand,-0.253272,0.950624,-0.130296,1.54,-4.06,-1.05,-43
1786632839309,109278,Knee,stand,-0.252784,0.953064,-0.130296,0.91,-3.92,-0.98,-43
1786632839309,109309,Knee,stand,-0.252784,0.9516,-0.130296,0.98,-4.13,-0.91,-43
1786632839309,109326,Knee,stand,-0.254736,0.949648,-0.132736,0.98,-4.2,-0.91,-43
1786632839309,109343,Knee,stand,-0.252296,0.950136,-0.132248,0.84,-4.34,-0.98,-43
1786632839309,109360,Knee,stand,-0.251808,0.950624,-0.130296,0.84,-4.2,-1.05,-43
1786632839309,109391,Knee,stand,-0.25132,0.952576,-0.12444,0.84,-4.06,-1.26,-43
1786632839309,109408,Knee,stand,-0.252296,0.951112,-0.123464,0.91,-4.06,-1.19,-43
1786632839309,109425,Knee,stand,-0.249856,0.952088,-0.126392,0.91,-3.92,-1.26,-43
1786632839309,109442,Knee,stand,-0.25132,0.952088,-0.132248,0.91,-3.85,-1.26,-43
1786632839309,109459,Knee,stand,-0.2562,0.951112,-0.134688,0.91,-3.92,-1.26,-43
1786632839624,109636,Knee,stand,-0.259128,0.9516,-0.128832,0.7,-4.97,-0.91,-50
1786632839624,109667,Knee,stand,-0.2562,0.951112,-0.124928,0.77,-4.83,-0.98,-50
1786632839624,109684,Knee,stand,-0.255224,0.953064,-0.121512,0.7,-4.69,-0.98,-50
1786632839624,109701,Knee,stand,-0.257176,0.94916,-0.121024,0.77,-4.55,-1.05,-50
1786632839624,109718,Knee,stand,-0.257176,0.953552,-0.116144,0.91,-4.55,-0.98,-50
1786632839624,109749,Knee,stand,-0.254248,0.951112,-0.110776,1.05,-4.62,-0.84,-50
1786632839624,109766,Knee,stand,-0.259128,0.951112,-0.112728,1.05,-4.34,-0.84,-50
1786632839624,109782,Knee,stand,-0.258152,0.952576,-0.113216,1.12,-4.41,-0.84,-50
1786632839624,109799,Knee,stand,-0.2562,0.952576,-0.112728,1.19,-4.41,-0.84,-50
1786632839624,109816,Knee,stand,-0.254736,0.952088,-0.115656,1.26,-4.2,-0.77,-50
1786632839736,109992,Knee,stand,-0.257176,0.9516,-0.127368,1.47,-4.27,-0.63,-43
1786632839736,110023,Knee,stand,-0.255712,0.951112,-0.128344,1.54,-4.13,-0.7,-43
1786632839736,110040,Knee,stand,-0.256688,0.950136,-0.128344,1.61,-4.06,-0.77,-43
1786632839736,110057,Knee,stand,-0.256688,0.949648,-0.127368,1.47,-3.99,-0.77,-43
1786632839736,110074,Knee,stand,-0.254736,0.948672,-0.128344,1.61,-3.99,-0.91,-43
1786632839736,110105,Knee,stand,-0.255224,0.94916,-0.122976,1.4,-3.71,-0.98,-43
1786632839736,110122,Knee,stand,-0.254248,0.950136,-0.122488,1.61,-3.92,-0.98,-43
1786632839736,110139,Knee,stand,-0.25376,0.952576,-0.123952,1.61,-3.71,-0.91,-43
1786632839736,110156,Knee,stand,-0.255224,0.952576,-0.121024,1.68,-3.78,-0.98,-43
1786632839736,110173,Knee,stand,-0.2562,0.950624,-0.120048,1.61,-3.85,-0.98,-43
1786632840303,110418,Knee,stand,-0.257664,0.951112,-0.122,1.4,-4.13,-0.98,-43
1786632840303,110448,Knee,stand,-0.2562,0.9516,-0.12444,1.4,-4.41,-0.91,-43
1786632840303,110466,Knee,stand,-0.256688,0.950136,-0.125416,1.4,-4.27,-0.91,-43
1786632840303,110482,Knee,stand,-0.257664,0.94916,-0.127368,1.4,-4.2,-0.98,-43
1786632840303,110499,Knee,stand,-0.257664,0.951112,-0.127856,1.4,-4.13,-0.91,-43
1786632840303,110530,Knee,stand,-0.257176,0.94916,-0.12932,1.4,-4.06,-0.77,-43
1786632840303,110547,Knee,stand,-0.259128,0.951112,-0.127856,1.4,-4.13,-0.98,-43
1786632840303,110565,Knee,stand,-0.260104,0.950136,-0.126392,1.4,-4.2,-0.98,-43
1786632840303,110582,Knee,stand,-0.259128,0.950624,-0.124928,1.4,-4.34,-0.91,-43
1786632840303,110599,Knee,stand,-0.258152,0.950624,-0.124928,1.33,-4.41,-0.91,-43
1786632840447,110774,Knee,stand,-0.260104,0.94916,-0.130296,1.19,-4.48,-0.77,-44
1786632840447,110805,Knee,stand,-0.257664,0.94916,-0.128832,1.19,-4.48,-0.84,-44
1786632840447,110822,Knee,stand,-0.262056,0.950624,-0.12444,1.19,-4.69,-0.77,-44
1786632840447,110839,Knee,stand,-0.258152,0.9516,-0.122976,1.19,-4.69,-0.77,-44
1786632840447,110856,Knee,stand,-0.255712,0.9516,-0.120536,1.26,-4.55,-0.77,-44
1786632840447,110887,Knee,stand,-0.257176,0.9516,-0.118096,1.33,-4.2,-0.84,-44
1786632840447,110904,Knee,stand,-0.258152,0.9516,-0.118096,1.4,-4.13,-0.77,-44
1786632840447,110921,Knee,stand,-0.258152,0.950624,-0.119072,1.33,-4.27,-0.77,-44
1786632840447,110938,Knee,stand,-0.258152,0.950136,-0.122,1.4,-4.2,-0.77,-44
1786632840447,110955,Knee,stand,-0.260592,0.949648,-0.123464,1.4,-4.06,-0.84,-44
1786632840807,111130,Knee,stand,-0.255712,0.951112,-0.12444,1.4,-4.06,-0.63,-45
1786632840807,111161,Knee,stand,-0.258152,0.950136,-0.12688,1.4,-3.92,-0.63,-45
1786632840807,111178,Knee,stand,-0.259616,0.951112,-0.126392,1.33,-3.92,-0.63,-45
1786632840807,111195,Knee,stand,-0.25864,0.950624,-0.125416,1.33,-4.06,-0.63,-45
1786632840807,111212,Knee,stand,-0.2562,0.949648,-0.127368,1.26,-4.06,-0.7,-45
1786632840807,111243,Knee,stand,-0.25864,0.950624,-0.127856,1.19,-4.2,-0.63,-45
1786632840807,111260,Knee,stand,-0.259128,0.950624,-0.12688,1.19,-4.27,-0.63,-45
1786632840807,111277,Knee,stand,-0.257176,0.949648,-0.128344,1.19,-4.13,-0.7,-45
1786632840807,111294,Knee,stand,-0.257176,0.94916,-0.127368,1.12,-3.92,-0.63,-45
1786632840807,111311,Knee,stand,-0.260592,0.950624,-0.127368,1.12,-4.06,-0.63,-45
1786632841240,111489,Knee,stand,-0.258152,0.950624,-0.126392,1.05,-3.85,-0.77,-48
1786632841240,111520,Knee,stand,-0.260104,0.950136,-0.128832,0.98,-4.2,-0.63,-48
1786632841240,111537,Knee,stand,-0.260104,0.950624,-0.127368,0.91,-4.27,-0.56,-48
1786632841240,111554,Knee,stand,-0.259616,0.951112,-0.125416,0.91,-4.48,-0.56,-48
1786632841240,111571,Knee,stand,-0.256688,0.949648,-0.123952,0.91,-4.41,-0.56,-48
1786632841240,111602,Knee,stand,-0.257176,0.950136,-0.124928,0.84,-3.92,-0.63,-48
1786632841240,111619,Knee,stand,-0.259616,0.950624,-0.127856,0.77,-4.2,-0.49,-48
1786632841240,111636,Knee,stand,-0.2562,0.949648,-0.123952,0.84,-4.2,-0.56,-48
1786632841240,111653,Knee,stand,-0.257664,0.950136,-0.122976,0.77,-4.34,-0.56,-48
1786632841240,111670,Knee,stand,-0.258152,0.951112,-0.123464,0.7,-4.41,-0.56,-48
1786632841528,111846,Knee,stand,-0.256688,0.952088,-0.122,0.63,-5.11,-0.14,-48
1786632841528,111877,Knee,stand,-0.260104,0.951112,-0.119072,0.63,-5.25,-0.07,-48
1786632841528,111895,Knee,stand,-0.256688,0.950624,-0.118096,0.63,-5.39,0,-48
1786632841528,111912,Knee,stand,-0.2562,0.952576,-0.118096,0.56,-5.6,0,-48
1786632841528,111929,Knee,stand,-0.255712,0.95404,-0.11712,0.56,-5.32,0,-48
1786632841528,111960,Knee,stand,-0.255224,0.953064,-0.116632,0.56,-5.18,0,-48
1786632841528,111977,Knee,stand,-0.255224,0.9516,-0.11956,0.56,-4.9,-0.14,-48
1786632841528,111994,Knee,stand,-0.2562,0.9516,-0.120536,0.49,-4.9,-0.07,-48
1786632841528,112011,Knee,stand,-0.256688,0.9516,-0.121512,0.49,-4.97,-0.14,-48
1786632841528,112028,Knee,stand,-0.2562,0.9516,-0.120048,0.49,-5.04,-0.14,-48
1786632841881,112202,Knee,stand,-0.24644,0.953064,-0.1098,0.21,-5.67,-0.21,-49
1786632841881,112234,Knee,stand,-0.255224,0.955016,-0.110776,0.56,-5.6,-0.21,-49
1786632841881,112251,Knee,stand,-0.247904,0.95404,-0.110776,0.56,-5.67,-0.21,-49
1786632841881,112269,Knee,stand,-0.250832,0.953552,-0.111264,0.63,-5.46,-0.28,-49
1786632841881,112286,Knee,stand,-0.253272,0.95404,-0.111752,0.49,-5.53,-0.28,-49
1786632841881,112303,Knee,stand,-0.251808,0.952576,-0.111264,0.28,-5.53,-0.28,-49
1786632841881,112335,Knee,stand,-0.250832,0.955992,-0.103456,0.77,-5.95,-0.21,-49
1786632841881,112352,Knee,stand,-0.244976,0.957456,-0.100528,0.7,-5.32,-0.35,-49
1786632841881,112369,Knee,stand,-0.24644,0.954528,-0.100528,0.63,-4.9,-0.49,-49
1786632841881,112386,Knee,stand,-0.252784,0.95648,-0.099552,0.84,-4.62,-0.49,-49
1786632842240,112562,Knee,stand,-0.25132,0.955016,-0.110776,0.98,-5.25,-0.56,-46
1786632842240,112593,Knee,stand,-0.248392,0.95648,-0.10492,1.05,-5.32,-0.63,-46
1786632842240,112610,Knee,stand,-0.247904,0.957456,-0.102968,0.98,-5.04,-0.56,-46
1786632842240,112627,Knee,stand,-0.247416,0.954528,-0.104432,0.7,-4.83,-0.7,-46
1786632842240,112644,Knee,stand,-0.250832,0.950136,-0.10492,1.12,-4.62,-0.77,-46
1786632842240,112675,Knee,stand,-0.244488,0.955992,-0.103456,0.98,-4.48,-0.91,-46
1786632842240,112692,Knee,stand,-0.24644,0.95648,-0.10248,1.05,-4.2,-0.91,-46
1786632842240,112709,Knee,stand,-0.250832,0.955504,-0.101992,1.12,-4.2,-0.91,-46
1786632842240,112726,Knee,stand,-0.249856,0.955016,-0.10248,1.12,-4.48,-0.84,-46
1786632842240,112743,Knee,stand,-0.24888,0.955016,-0.102968,1.19,-4.48,-0.84,-46
1786632842596,112919,Knee,stand,-0.254248,0.953552,-0.097112,1.68,-3.78,-0.98,-46
1786632842596,112950,Knee,stand,-0.25376,0.95648,-0.106872,1.61,-3.5,-0.84,-46
1786632842596,112967,Knee,stand,-0.257176,0.953552,-0.111264,1.75,-3.43,-0.77,-46
1786632842596,112984,Knee,stand,-0.257664,0.952576,-0.113216,1.75,-3.78,-0.77,-46
1786632842596,113001,Knee,stand,-0.251808,0.952088,-0.115168,1.75,-3.92,-0.77,-46
1786632842596,113032,Knee,stand,-0.252784,0.955016,-0.1098,1.75,-4.13,-0.91,-46
1786632842596,113049,Knee,stand,-0.250344,0.955504,-0.108824,1.75,-4.2,-0.84,-46
1786632842596,113066,Knee,stand,-0.246928,0.955992,-0.10492,1.75,-4.2,-0.91,-46
1786632842596,113082,Knee,stand,-0.250344,0.955992,-0.103456,1.68,-3.99,-1.05,-46
1786632842596,113100,Knee,stand,-0.250344,0.957456,-0.101992,1.89,-4.06,-0.98,-46
1786632842972,113275,Knee,stand,-0.257176,0.952576,-0.110288,1.96,-4.2,-0.98,-46
1786632842972,113306,Knee,stand,-0.249856,0.953552,-0.1098,2.03,-3.78,-1.12,-46
1786632842972,113323,Knee,stand,-0.253272,0.955992,-0.106872,2.03,-3.78,-1.12,-46
1786632842972,113340,Knee,stand,-0.253272,0.95404,-0.106872,1.96,-3.64,-1.05,-46
1786632842972,113357,Knee,stand,-0.25132,0.954528,-0.106872,1.89,-3.64,-1.19,-46
1786632842972,113388,Knee,stand,-0.252784,0.955992,-0.1098,1.82,-3.5,-1.19,-46
1786632842972,113405,Knee,stand,-0.258152,0.953552,-0.113704,1.89,-3.64,-1.12,-46
1786632842972,113422,Knee,stand,-0.251808,0.952576,-0.1098,1.89,-3.99,-1.05,-46
1786632842972,113439,Knee,stand,-0.254248,0.952576,-0.108336,1.75,-3.57,-1.12,-46
1786632842972,113456,Knee,stand,-0.25376,0.953552,-0.105896,1.82,-3.57,-1.19,-46
1786632843324,113634,Knee,stand,-0.25376,0.953552,-0.109312,1.61,-3.29,-1.26,-44
1786632843324,113665,Knee,stand,-0.252296,0.952088,-0.103456,1.54,-2.87,-1.4,-44
1786632843324,113682,Knee,stand,-0.252784,0.955992,-0.101504,1.47,-2.87,-1.47,-44
1786632843324,113699,Knee,stand,-0.251808,0.95648,-0.099552,1.54,-2.52,-1.54,-44
1786632843324,113716,Knee,stand,-0.25376,0.955504,-0.0976,1.68,-2.45,-1.61,-44
1786632843324,113746,Knee,stand,-0.255712,0.953552,-0.101016,1.82,-2.45,-1.33,-44
1786632843324,113763,Knee,stand,-0.257664,0.95404,-0.103944,1.96,-2.52,-1.26,-44
1786632843324,113780,Knee,stand,-0.25864,0.953064,-0.104432,2.1,-2.66,-1.19,-44
1786632843324,113797,Knee,stand,-0.259616,0.95404,-0.105408,2.17,-2.94,-0.98,-44
1786632843324,113814,Knee,stand,-0.2562,0.95404,-0.10492,2.24,-3.15,-0.91,-44
1786632843765,113991,Knee,stand,-0.257664,0.9516,-0.125416,1.26,-4.9,-0.7,-44
1786632843765,114022,Knee,stand,-0.252784,0.954528,-0.110288,1.33,-4.76,-0.7,-44
1786632843765,114039,Knee,stand,-0.252784,0.955504,-0.101504,1.33,-4.9,-0.63,-44
1786632843765,114056,Knee,stand,-0.249368,0.957944,-0.091256,1.33,-4.9,-0.77,-44
1786632843765,114073,Knee,stand,-0.250344,0.957456,-0.086864,1.33,-4.76,-0.91,-44
1786632843765,114104,Knee,stand,-0.248392,0.957944,-0.09272,1.4,-4.27,-0.91,-44
1786632843765,114121,Knee,stand,-0.254248,0.955504,-0.101016,1.33,-4.2,-0.91,-44
1786632843765,114138,Knee,stand,-0.255224,0.953552,-0.111264,1.19,-4.41,-0.84,-44
1786632843765,114155,Knee,stand,-0.25864,0.950136,-0.11712,1.12,-4.69,-0.7,-44
1786632843765,114172,Knee,stand,-0.26108,0.949648,-0.126392,1.26,-4.9,-0.7,-44
1786632844105,114348,Knee,stand,-0.257664,0.95404,-0.098576,1.61,-4.34,-0.98,-47
1786632844105,114379,Knee,stand,-0.257664,0.953552,-0.106872,1.68,-4.27,-0.91,-47
1786632844105,114395,Knee,stand,-0.257664,0.952088,-0.112728,1.75,-4.41,-0.91,-47
1786632844105,114412,Knee,stand,-0.253272,0.952576,-0.116144,1.68,-4.27,-0.91,-47
1786632844105,114430,Knee,stand,-0.255224,0.952576,-0.116632,1.61,-3.92,-0.91,-47
1786632844105,114461,Knee,stand,-0.261568,0.9516,-0.118584,1.61,-3.85,-0.91,-47
1786632844105,114478,Knee,stand,-0.261568,0.94916,-0.116632,1.54,-3.92,-0.91,-47
1786632844105,114495,Knee,stand,-0.260104,0.949648,-0.117608,1.61,-3.71,-0.98,-47
1786632844105,114512,Knee,stand,-0.260104,0.952088,-0.119072,1.54,-3.64,-0.91,-47
1786632844105,114529,Knee,stand,-0.25376,0.955504,-0.116632,1.54,-3.64,-1.12,-47
1786632844389,114707,Knee,stand,-0.258152,0.95404,-0.11956,1.47,-3.78,-1.19,-47
1786632844389,114738,Knee,stand,-0.265472,0.951112,-0.11712,1.33,-4.27,-0.84,-47
1786632844389,114755,Knee,stand,-0.26596,0.951112,-0.115168,1.26,-4.62,-0.7,-47
1786632844389,114772,Knee,stand,-0.26596,0.952576,-0.113216,1.19,-4.97,-0.63,-47
1786632844389,114789,Knee,stand,-0.264008,0.9516,-0.110288,1.26,-4.83,-0.49,-47
1786632844389,114820,Knee,stand,-0.26108,0.952088,-0.114192,1.12,-4.48,-0.35,-47
1786632844389,114837,Knee,stand,-0.260592,0.94916,-0.11712,0.98,-4.13,-0.35,-47
1786632844389,114854,Knee,stand,-0.26108,0.950136,-0.117608,0.98,-3.85,-0.42,-47
1786632844389,114871,Knee,stand,-0.259128,0.952576,-0.116632,0.91,-3.78,-0.49,-47
1786632844389,114888,Knee,stand,-0.259616,0.9516,-0.112728,0.91,-3.43,-0.49,-47
1786632844748,115066,Knee,stand,-0.257664,0.952088,-0.115168,1.12,-4.06,-0.14,-47
1786632844748,115096,Knee,stand,-0.255712,0.952576,-0.117608,1.19,-4.2,-0.21,-47
1786632844748,115114,Knee,stand,-0.254736,0.953064,-0.115168,1.19,-4.2,-0.35,-47
1786632844748,115131,Knee,stand,-0.252784,0.955016,-0.106872,1.26,-4.34,-0.28,-47
1786632844748,115148,Knee,stand,-0.252296,0.95404,-0.10248,1.33,-4.48,-0.21,-47
1786632844748,115179,Knee,stand,-0.254248,0.954528,-0.10248,1.33,-4.48,-0.35,-47
1786632844748,115196,Knee,stand,-0.255712,0.952088,-0.104432,1.33,-4.69,-0.28,-47
1786632844748,115213,Knee,stand,-0.254736,0.952576,-0.107848,1.4,-4.76,-0.28,-47
1786632844748,115230,Knee,stand,-0.254248,0.953064,-0.113216,1.4,-4.76,-0.21,-47
1786632844748,115247,Knee,stand,-0.254736,0.953064,-0.116632,1.33,-4.76,-0.28,-47
1786632845129,115425,Knee,stand,-0.254736,0.953064,-0.115168,0.91,-5.88,0,-47
1786632845129,115456,Knee,stand,-0.254248,0.951112,-0.120048,0.77,-5.39,-0.21,-47
1786632845129,115473,Knee,stand,-0.254736,0.952576,-0.124928,0.77,-5.11,-0.42,-47
1786632845129,115490,Knee,stand,-0.249856,0.95404,-0.122,0.7,-4.9,-0.49,-47
1786632845129,115507,Knee,stand,-0.25132,0.954528,-0.114192,0.77,-4.83,-0.56,-47
1786632845129,115538,Knee,stand,-0.252784,0.955504,-0.094672,1.19,-5.04,-0.49,-47
1786632845129,115555,Knee,stand,-0.252784,0.955504,-0.085888,0.98,-5.32,-0.49,-47
1786632845129,115572,Knee,stand,-0.248392,0.953552,-0.079544,1.47,-5.11,-0.49,-47
1786632845129,115590,Knee,stand,-0.252784,0.959896,-0.071248,1.47,-5.25,-0.42,-47
1786632845129,115607,Knee,stand,-0.248392,0.959896,-0.070272,1.61,-4.97,-0.42,-47
1786632845466,115783,Knee,stand,-0.25376,0.95404,-0.11956,0.7,-4.69,-0.7,-47
1786632845466,115814,Knee,stand,-0.25376,0.955504,-0.10248,0.91,-5.04,-0.63,-47
1786632845466,115831,Knee,stand,-0.251808,0.955992,-0.09272,0.91,-5.46,-0.56,-47
1786632845466,115848,Knee,stand,-0.24888,0.956968,-0.0854,0.98,-5.67,-0.49,-47
1786632845466,115865,Knee,stand,-0.248392,0.957944,-0.0854,0.98,-5.67,-0.63,-47
1786632845466,115896,Knee,stand,-0.243024,0.957456,-0.088816,1.05,-4.97,-0.7,-47
1786632845466,115913,Knee,stand,-0.243512,0.955992,-0.096624,1.12,-4.27,-0.84,-47
1786632845466,115931,Knee,stand,-0.24888,0.956968,-0.099064,1.12,-3.85,-1.05,-47
1786632845466,115948,Knee,stand,-0.25132,0.955992,-0.10248,1.12,-3.64,-1.12,-47
1786632845466,115965,Knee,stand,-0.25376,0.955992,-0.105896,1.19,-3.78,-1.19,-47
1786632845858,116141,Knee,stand,-0.254736,0.954528,-0.10248,1.54,-3.85,-1.33,-47
1786632845858,116172,Knee,stand,-0.252296,0.955992,-0.099064,1.75,-3.99,-1.26,-47
1786632845858,116188,Knee,stand,-0.251808,0.955504,-0.096624,1.75,-3.99,-1.4,-47
1786632845858,116205,Knee,stand,-0.25376,0.955504,-0.09516,1.82,-3.99,-1.33,-47
1786632845858,116222,Knee,stand,-0.253272,0.955992,-0.094672,1.82,-3.99,-1.33,-47
1786632845858,116253,Knee,stand,-0.253272,0.95648,-0.098576,2.03,-3.43,-1.4,-47
1786632845858,116269,Knee,stand,-0.256688,0.95404,-0.100528,2.03,-3.43,-1.33,-47
1786632845858,116286,Knee,stand,-0.257664,0.953552,-0.101016,2.1,-3.78,-1.26,-47
1786632845858,116303,Knee,stand,-0.256688,0.95404,-0.102968,2.03,-3.85,-1.26,-47
1786632845858,116334,Knee,stand,-0.254248,0.95404,-0.106872,1.61,-3.92,-1.19,-47
1786632846200,116513,Knee,stand,-0.25376,0.953552,-0.093696,1.89,-2.59,-1.61,-47
1786632846200,116544,Knee,stand,-0.257664,0.955992,-0.086864,2.31,-2.52,-1.61,-47
1786632846200,116561,Knee,stand,-0.257664,0.955016,-0.084912,2.38,-2.52,-1.4,-47
1786632846200,116578,Knee,stand,-0.25864,0.956968,-0.086376,2.66,-3.15,-1.26,-47
1786632846200,116595,Knee,stand,-0.260104,0.95404,-0.092232,2.8,-3.64,-0.98,-47
1786632846200,116626,Knee,stand,-0.258152,0.953064,-0.101504,2.87,-4.27,-0.84,-47
1786632846200,116643,Knee,stand,-0.250344,0.955016,-0.10736,2.73,-4.2,-0.98,-47
1786632846200,116660,Knee,stand,-0.249368,0.953552,-0.110776,2.59,-3.78,-1.12,-47
1786632846200,116677,Knee,stand,-0.252296,0.953064,-0.114192,2.52,-3.64,-1.19,-47
1786632846200,116694,Knee,stand,-0.252784,0.953552,-0.11712,2.38,-3.5,-1.19,-47
1786632846564,116872,Knee,stand,-0.261568,0.953064,-0.108824,1.68,-2.73,-1.47,-47
1786632846564,116903,Knee,stand,-0.264008,0.952576,-0.111264,1.61,-3.22,-1.19,-47
1786632846564,116920,Knee,stand,-0.264984,0.951112,-0.112728,1.75,-3.71,-1.05,-47
1786632846564,116936,Knee,stand,-0.265472,0.94916,-0.11468,1.68,-4.06,-0.98,-47
1786632846564,116953,Knee,stand,-0.261568,0.951112,-0.117608,1.61,-4.06,-0.91,-47
1786632846564,116984,Knee,stand,-0.262056,0.950136,-0.118584,1.68,-3.99,-0.84,-47
1786632846564,117001,Knee,stand,-0.26108,0.9516,-0.117608,1.68,-3.92,-0.84,-47
1786632846564,117018,Knee,stand,-0.260592,0.9516,-0.116144,1.61,-3.85,-0.7,-47
1786632846564,117035,Knee,stand,-0.26108,0.951112,-0.115168,1.68,-4.06,-0.7,-47
1786632846564,117052,Knee,stand,-0.260104,0.9516,-0.111264,1.68,-4.2,-0.7,-47
1786632846914,117228,Knee,stand,-0.260592,0.9516,-0.118096,1.47,-5.11,-0.56,-47
1786632846914,117259,Knee,stand,-0.258152,0.952088,-0.113704,1.33,-4.83,-0.63,-47
1786632846914,117276,Knee,stand,-0.257664,0.951112,-0.115168,1.26,-4.76,-0.77,-47
1786632846914,117293,Knee,stand,-0.257664,0.9516,-0.116632,1.19,-4.62,-0.84,-47
1786632846914,117310,Knee,stand,-0.25864,0.952088,-0.118096,1.19,-4.83,-0.84,-47
1786632846914,117341,Knee,stand,-0.26108,0.950624,-0.11224,1.19,-5.32,-0.77,-47
1786632846914,117358,Knee,stand,-0.260104,0.950136,-0.110776,1.19,-5.39,-0.84,-47
1786632846914,117375,Knee,stand,-0.25864,0.951112,-0.111752,1.19,-5.32,-0.84,-47
1786632846914,117392,Knee,stand,-0.258152,0.953064,-0.112728,1.12,-5.18,-0.91,-47
1786632846914,117409,Knee,stand,-0.257176,0.9516,-0.113704,1.19,-5.04,-0.98,-47
1786632847271,117585,Knee,stand,-0.26352,0.952576,-0.101992,1.96,-3.5,-1.4,-45
1786632847271,117617,Knee,stand,-0.261568,0.950136,-0.111264,2.03,-3.64,-1.33,-45
1786632847271,117634,Knee,stand,-0.264496,0.9516,-0.116144,1.89,-3.5,-1.4,-45
1786632847271,117651,Knee,stand,-0.265472,0.950624,-0.118096,1.96,-3.78,-1.33,-45
1786632847271,117668,Knee,stand,-0.264496,0.950136,-0.121024,1.89,-3.92,-1.19,-45
1786632847271,117699,Knee,stand,-0.26596,0.947208,-0.125416,1.89,-4.27,-1.26,-45
1786632847271,117716,Knee,stand,-0.264496,0.948184,-0.125904,1.89,-4.41,-1.19,-45
1786632847271,117733,Knee,stand,-0.264984,0.94916,-0.122488,1.89,-4.41,-1.19,-45
1786632847271,117750,Knee,stand,-0.264496,0.950136,-0.114192,1.89,-4.48,-1.19,-45
1786632847271,117767,Knee,stand,-0.264496,0.952576,-0.107848,1.89,-4.34,-1.19,-45
1786632847632,117944,Knee,stand,-0.264496,0.949648,-0.118096,1.89,-2.45,-1.12,-47
1786632847632,117975,Knee,stand,-0.265472,0.94916,-0.122488,1.89,-2.73,-1.12,-47
1786632847632,117992,Knee,stand,-0.266448,0.948184,-0.120536,1.89,-3.15,-1.12,-47
1786632847632,118009,Knee,stand,-0.266448,0.950624,-0.120048,1.89,-3.36,-1.05,-47
1786632847632,118025,Knee,stand,-0.264984,0.950136,-0.122488,1.82,-3.71,-0.91,-47
1786632847632,118057,Knee,stand,-0.267424,0.948672,-0.123952,1.75,-4.06,-0.84,-47
1786632847632,118074,Knee,stand,-0.264984,0.949648,-0.123464,1.75,-3.99,-0.84,-47
1786632847632,118091,Knee,stand,-0.264008,0.950136,-0.122976,1.68,-3.85,-0.84,-47
1786632847632,118108,Knee,stand,-0.264984,0.94916,-0.11956,1.68,-3.57,-0.84,-47
1786632847632,118125,Knee,stand,-0.265472,0.949648,-0.11712,1.68,-3.64,-0.77,-47
1786632847989,118303,Knee,stand,-0.264008,0.948184,-0.122488,1.33,-4.69,-0.7,-47
1786632847989,118333,Knee,stand,-0.263032,0.950624,-0.122,1.26,-4.76,-0.84,-47
1786632847989,118350,Knee,stand,-0.264008,0.951112,-0.120048,1.33,-4.62,-0.84,-47
1786632847989,118367,Knee,stand,-0.261568,0.951112,-0.120048,1.33,-4.76,-0.77,-47
1786632847989,118384,Knee,stand,-0.26108,0.950624,-0.11712,1.33,-4.62,-0.84,-47
1786632847989,118415,Knee,stand,-0.264008,0.950624,-0.115168,1.26,-4.83,-0.84,-47
1786632847989,118432,Knee,stand,-0.265472,0.949648,-0.116632,1.26,-4.83,-0.84,-47
1786632847989,118449,Knee,stand,-0.263032,0.950136,-0.116632,1.19,-4.9,-0.84,-47
1786632847989,118466,Knee,stand,-0.262544,0.951112,-0.118584,1.33,-4.62,-0.91,-47
1786632847989,118483,Knee,stand,-0.263032,0.951112,-0.116632,1.26,-4.41,-0.84,-47
1786632849686,118661,Knee,stand,-0.264984,0.950136,-0.122,1.4,-3.64,-0.91,-47
1786632849686,118692,Knee,stand,-0.26352,0.949648,-0.120048,1.33,-3.5,-0.91,-47
1786632849686,118709,Knee,stand,-0.263032,0.950624,-0.11956,1.19,-3.57,-0.84,-47
1786632849686,118726,Knee,stand,-0.267912,0.950624,-0.11712,1.26,-3.57,-0.84,-47
1786632849686,118743,Knee,stand,-0.264984,0.950136,-0.117608,1.26,-3.78,-0.77,-47
1786632849686,118774,Knee,stand,-0.264984,0.950136,-0.117608,1.19,-3.99,-0.7,-47
1786632849686,118791,Knee,stand,-0.265472,0.949648,-0.118096,1.19,-4.2,-0.63,-47
1786632849686,118808,Knee,stand,-0.26596,0.948672,-0.11712,1.19,-4.13,-0.56,-47
1786632849686,118824,Knee,stand,-0.26596,0.949648,-0.119072,1.19,-4.27,-0.56,-47
1786632849686,118842,Knee,stand,-0.26596,0.949648,-0.120048,1.19,-4.27,-0.49,-47
1786632849687,119017,Knee,stand,-0.262544,0.952088,-0.116144,1.19,-4.06,-0.49,-46
1786632849687,119048,Knee,stand,-0.262056,0.949648,-0.11956,1.12,-4.2,-0.42,-46
1786632849687,119066,Knee,stand,-0.262544,0.94916,-0.121512,1.05,-4.2,-0.49,-46
1786632849687,119083,Knee,stand,-0.262544,0.950624,-0.122976,1.05,-4.06,-0.49,-46
1786632849687,119100,Knee,stand,-0.26352,0.949648,-0.121024,0.98,-4.06,-0.49,-46
1786632849687,119131,Knee,stand,-0.263032,0.950136,-0.119072,0.98,-4.13,-0.49,-46
1786632849687,119148,Knee,stand,-0.261568,0.952088,-0.115656,0.91,-4.27,-0.49,-46
1786632849687,119165,Knee,stand,-0.260592,0.951112,-0.11468,0.91,-4.2,-0.49,-46
1786632849687,119182,Knee,stand,-0.262056,0.950624,-0.11468,0.91,-4.27,-0.49,-46
1786632849687,119199,Knee,stand,-0.262056,0.951112,-0.11468,0.91,-4.34,-0.42,-46
1786632849720,119377,Knee,stand,-0.26108,0.9516,-0.11224,0.98,-4.27,-0.49,-46
1786632849720,119408,Knee,stand,-0.260592,0.952088,-0.114192,1.05,-4.2,-0.49,-46
1786632849720,119425,Knee,stand,-0.263032,0.951112,-0.111264,1.05,-4.2,-0.49,-46
1786632849720,119442,Knee,stand,-0.261568,0.951112,-0.109312,1.12,-4.27,-0.42,-46
1786632849720,119459,Knee,stand,-0.260592,0.952088,-0.111264,1.05,-4.13,-0.49,-46
1786632849720,119489,Knee,stand,-0.262056,0.951112,-0.113216,0.98,-4.13,-0.42,-46
1786632849720,119506,Knee,stand,-0.261568,0.9516,-0.11468,1.05,-4.13,-0.42,-46
1786632849720,119523,Knee,stand,-0.262056,0.952576,-0.112728,0.98,-4.2,-0.35,-46
1786632849720,119540,Knee,stand,-0.262056,0.952576,-0.112728,0.98,-4.34,-0.35,-46
1786632849720,119557,Knee,stand,-0.262056,0.951112,-0.11224,0.98,-4.34,-0.35,-46
1786632849906,119732,Knee,stand,-0.258152,0.9516,-0.1098,0.63,-4.06,-0.56,-46
1786632849906,119763,Knee,stand,-0.262056,0.953064,-0.104432,0.7,-4.13,-0.28,-46
1786632849906,119779,Knee,stand,-0.260592,0.953552,-0.102968,0.7,-4.83,-0.14,-46
1786632849906,119796,Knee,stand,-0.25864,0.953552,-0.106872,0.7,-5.11,-0.21,-46
1786632849906,119813,Knee,stand,-0.259616,0.952088,-0.108336,0.7,-5.18,-0.07,-46
1786632849906,119843,Knee,stand,-0.260592,0.954528,-0.110776,0.7,-5.53,-0.07,-46
1786632849906,119860,Knee,stand,-0.26108,0.9516,-0.1098,0.7,-5.81,0.07,-46
1786632849906,119877,Knee,stand,-0.256688,0.952088,-0.110288,0.7,-5.74,0,-46
1786632849906,119894,Knee,stand,-0.2562,0.953552,-0.108336,0.63,-5.32,-0.14,-46
1786632849906,119925,Knee,stand,-0.257664,0.952576,-0.107848,0.7,-5.25,-0.21,-46
1786632850185,120493,Knee,stand,-0.255712,0.955016,-0.093696,0.63,-6.16,-0.63,-48
1786632850185,120524,Knee,stand,-0.260104,0.952088,-0.093696,0.77,-6.16,-0.42,-48
1786632850185,120541,Knee,stand,-0.260592,0.953064,-0.094184,0.7,-6.3,-0.28,-48
1786632850185,120558,Knee,stand,-0.259128,0.952576,-0.096136,0.77,-6.3,-0.21,-48
1786632850185,120575,Knee,stand,-0.257664,0.955992,-0.096624,0.98,-6.37,-0.21,-48
1786632850185,120606,Knee,stand,-0.250832,0.957456,-0.093696,0.98,-5.6,-0.42,-48
1786632850185,120623,Knee,stand,-0.254736,0.955992,-0.089304,0.84,-5.11,-0.35,-48
1786632850185,120640,Knee,stand,-0.256688,0.952088,-0.09028,0.84,-4.83,-0.21,-48
1786632850185,120657,Knee,stand,-0.258152,0.95404,-0.093696,0.63,-4.69,-0.21,-48
1786632850185,120674,Knee,stand,-0.25864,0.953552,-0.096136,0.42,-4.76,-0.28,-48
1786632850567,120851,Knee,stand,-0.250344,0.95892,-0.081008,0.42,-6.51,-0.63,-51
1786632850567,120881,Knee,stand,-0.248392,0.957944,-0.072712,0.42,-6.23,-0.91,-51
1786632850567,120899,Knee,stand,-0.24644,0.957944,-0.074664,0.49,-6.09,-0.98,-51
1786632850567,120916,Knee,stand,-0.25132,0.955016,-0.081984,0.49,-5.67,-1.05,-51
1786632850567,120933,Knee,stand,-0.254736,0.954528,-0.088328,0.7,-5.95,-1.19,-51
1786632850567,120964,Knee,stand,-0.250832,0.957944,-0.089792,0.84,-6.44,-1.26,-51
1786632850567,120981,Knee,stand,-0.257664,0.959408,-0.086864,1.4,-6.51,-1.12,-51
1786632850567,120998,Knee,stand,-0.251808,0.956968,-0.081984,1.54,-6.51,-1.12,-51
1786632850567,121015,Knee,stand,-0.250832,0.956968,-0.076128,1.61,-5.67,-1.33,-51
1786632850567,121032,Knee,stand,-0.252784,0.956968,-0.075152,1.61,-4.9,-1.47,-51
1786632850902,121210,Knee,stand,-0.265472,0.952088,-0.103456,1.54,-5.04,-1.75,-46
1786632850902,121241,Knee,stand,-0.264008,0.95404,-0.090768,1.75,-4.62,-1.68,-46
1786632850902,121258,Knee,stand,-0.25864,0.95404,-0.086376,1.75,-4.2,-1.68,-46
1786632850902,121275,Knee,stand,-0.259128,0.955992,-0.076616,1.82,-3.22,-1.82,-46
1786632850902,121292,Knee,stand,-0.258152,0.955992,-0.071736,1.89,-2.59,-1.89,-46
1786632850902,121323,Knee,stand,-0.257176,0.957456,-0.069784,2.17,-2.17,-1.82,-46
1786632850902,121340,Knee,stand,-0.263032,0.954528,-0.076128,2.31,-2.24,-1.82,-46
1786632850902,121357,Knee,stand,-0.26108,0.95648,-0.08296,2.31,-2.66,-1.68,-46
1786632850902,121374,Knee,stand,-0.262056,0.951112,-0.08784,2.45,-2.73,-1.68,-46
1786632850902,121391,Knee,stand,-0.265472,0.950136,-0.089792,2.45,-2.94,-1.68,-46
1786632851289,121566,Knee,stand,-0.26352,0.953552,-0.085888,2.45,-2.38,-1.61,-45
1786632851289,121597,Knee,stand,-0.264984,0.954528,-0.084912,2.52,-1.96,-1.61,-45
1786632851289,121614,Knee,stand,-0.26352,0.953552,-0.0854,2.52,-1.96,-1.54,-45
1786632851289,121631,Knee,stand,-0.266936,0.955016,-0.08784,2.52,-2.03,-1.47,-45
1786632851289,121648,Knee,stand,-0.269864,0.953064,-0.09272,2.45,-2.31,-1.4,-45
1786632851289,121679,Knee,stand,-0.269376,0.950136,-0.102968,2.38,-2.94,-1.19,-45
1786632851289,121696,Knee,stand,-0.269376,0.950136,-0.1098,2.38,-3.22,-1.12,-45
1786632851289,121713,Knee,stand,-0.271328,0.949648,-0.116144,2.38,-3.5,-0.98,-45
1786632851289,121730,Knee,stand,-0.270352,0.94916,-0.119072,2.31,-3.64,-1.05,-45
1786632851289,121747,Knee,stand,-0.269864,0.948184,-0.118096,2.31,-3.71,-1.05,-45
1786632851631,121924,Knee,stand,-0.260592,0.955016,-0.098088,1.82,-5.11,-0.7,-45
1786632851631,121955,Knee,stand,-0.268888,0.950624,-0.100528,2.03,-4.34,-0.77,-45
1786632851631,121972,Knee,stand,-0.267424,0.953064,-0.103944,1.89,-4.9,-0.7,-45
1786632851631,121989,Knee,stand,-0.260592,0.950136,-0.103944,1.47,-4.69,-0.77,-45
1786632851631,122006,Knee,stand,-0.266448,0.948672,-0.10492,1.75,-4.62,-0.77,-45
1786632851631,122037,Knee,stand,-0.264496,0.951112,-0.106384,1.68,-5.11,-0.7,-45
1786632851631,122054,Knee,stand,-0.262056,0.953064,-0.106872,1.4,-4.69,-0.77,-45
1786632851631,122071,Knee,stand,-0.261568,0.950624,-0.105896,1.26,-4.41,-0.91,-45
1786632851631,122087,Knee,stand,-0.27084,0.953064,-0.104432,1.54,-4.27,-0.84,-45
1786632851631,122118,Knee,stand,-0.262544,0.952088,-0.099064,1.47,-4.27,-0.7,-45
1786632851989,122295,Knee,stand,-0.266448,0.952576,-0.101992,1.12,-3.85,-0.91,-47
1786632851989,122326,Knee,stand,-0.267424,0.950624,-0.100528,1.05,-4.41,-0.56,-47
1786632851989,122343,Knee,stand,-0.2684,0.9516,-0.099552,1.05,-4.55,-0.56,-47
1786632851989,122360,Knee,stand,-0.266936,0.953064,-0.101504,1.05,-4.55,-0.49,-47
1786632851989,122377,Knee,stand,-0.267424,0.952088,-0.104432,1.05,-4.69,-0.49,-47
1786632851989,122408,Knee,stand,-0.264984,0.950624,-0.106872,0.91,-4.48,-0.56,-47
1786632851989,122425,Knee,stand,-0.264008,0.950624,-0.106872,0.91,-4.2,-0.7,-47
1786632851989,122442,Knee,stand,-0.265472,0.952088,-0.101992,0.91,-3.85,-0.84,-47
1786632851989,122459,Knee,stand,-0.264008,0.95404,-0.099064,0.77,-3.36,-0.84,-47
1786632851989,122476,Knee,stand,-0.262544,0.954528,-0.096624,0.77,-3.15,-0.98,-47
1786632852347,122654,Knee,stand,-0.267912,0.950624,-0.110288,1.33,-6.44,0.14,-47
1786632852347,122685,Knee,stand,-0.265472,0.951112,-0.105408,1.4,-7,0.14,-47
1786632852347,122702,Knee,stand,-0.26596,0.951112,-0.100528,1.4,-7.21,0.14,-47
1786632852347,122718,Knee,stand,-0.264496,0.955016,-0.096624,1.4,-7.56,0.21,-47
1786632852347,122736,Knee,stand,-0.264008,0.955504,-0.095648,1.47,-7.56,0.21,-47
1786632852347,122766,Knee,stand,-0.264496,0.950136,-0.088328,1.61,-7.28,0.28,-47
1786632852347,122783,Knee,stand,-0.261568,0.958432,-0.085888,1.26,-7.07,0.21,-47
1786632852347,122800,Knee,stand,-0.260592,0.952088,-0.079544,1.89,-6.02,0.14,-47
1786632852347,122817,Knee,stand,-0.26596,0.959408,-0.081008,1.89,-5.81,0.14,-47
1786632852347,122834,Knee,stand,-0.255712,0.959408,-0.082472,1.96,-5.53,0.14,-47
1786632852703,123010,Knee,stand,-0.26108,0.9516,-0.105408,1.68,-4.62,0.14,-47
1786632852703,123041,Knee,stand,-0.259616,0.953064,-0.103944,1.54,-4.62,0,-47
1786632852703,123058,Knee,stand,-0.25864,0.955016,-0.10492,1.4,-4.9,0.07,-47
1786632852703,123075,Knee,stand,-0.254736,0.953552,-0.105896,1.33,-5.32,-0.14,-47
1786632852703,123092,Knee,stand,-0.252784,0.95404,-0.10736,1.12,-5.39,-0.28,-47
1786632852703,123123,Knee,stand,-0.252296,0.954528,-0.104432,0.84,-5.46,-0.56,-47
1786632852703,123140,Knee,stand,-0.25376,0.955504,-0.101016,0.77,-5.67,-0.7,-47
1786632852703,123157,Knee,stand,-0.255712,0.95404,-0.101016,0.84,-5.67,-0.91,-47
1786632852703,123174,Knee,stand,-0.255224,0.955504,-0.101016,0.84,-5.46,-0.98,-47
1786632852703,123191,Knee,stand,-0.253272,0.955992,-0.098576,0.77,-4.97,-1.12,-47
1786632853075,123367,Knee,stand,-0.259128,0.958432,-0.089792,1.12,-5.88,-1.4,-46
1786632853075,123397,Knee,stand,-0.252784,0.959408,-0.089792,1.12,-4.83,-1.89,-46
1786632853075,123415,Knee,stand,-0.248392,0.952576,-0.09028,1.05,-4.06,-2.17,-46
1786632853075,123431,Knee,stand,-0.252296,0.960384,-0.091256,0.98,-3.57,-2.31,-46
1786632853075,123448,Knee,stand,-0.255712,0.954528,-0.085888,1.19,-3.43,-2.45,-46
1786632853075,123479,Knee,stand,-0.261568,0.957456,-0.081496,1.05,-3.92,-2.38,-46
1786632853075,123496,Knee,stand,-0.252784,0.953064,-0.074664,1.19,-3.57,-2.52,-46
1786632853075,123513,Knee,stand,-0.25864,0.958432,-0.074176,0.98,-3.08,-2.66,-46
1786632853075,123530,Knee,stand,-0.267912,0.953064,-0.077592,1.19,-2.94,-2.73,-46
1786632853075,123547,Knee,stand,-0.269864,0.95404,-0.0854,1.33,-3.5,-2.59,-46
1786632853423,123725,Knee,stand,-0.274744,0.94916,-0.108336,1.47,-5.88,-2.24,-46
1786632853423,123756,Knee,stand,-0.269864,0.951112,-0.101992,1.4,-5.67,-2.24,-46
1786632853423,123773,Knee,stand,-0.268888,0.951112,-0.094672,1.26,-5.11,-2.38,-46
1786632853423,123790,Knee,stand,-0.2684,0.951112,-0.090768,1.19,-4.69,-2.45,-46
1786632853423,123807,Knee,stand,-0.275232,0.950624,-0.0854,1.26,-4.34,-2.45,-46
1786632853423,123838,Knee,stand,-0.275232,0.953064,-0.084912,1.4,-4.97,-2.24,-46
1786632853423,123855,Knee,stand,-0.272792,0.9516,-0.085888,1.54,-4.9,-2.24,-46
1786632853423,123872,Knee,stand,-0.27572,0.950624,-0.085888,1.68,-4.83,-2.24,-46
1786632853423,123889,Knee,stand,-0.277672,0.948184,-0.089304,1.68,-5.04,-2.24,-46
1786632853423,123906,Knee,stand,-0.277672,0.952576,-0.089792,1.68,-5.11,-2.24,-46
1786632853819,124082,Knee,stand,-0.284016,0.9516,-0.060024,3.01,-5.25,-1.75,-44
1786632853819,124113,Knee,stand,-0.285968,0.951112,-0.067344,3.78,-6.23,-1.33,-44
1786632853819,124130,Knee,stand,-0.284992,0.948672,-0.070272,3.99,-6.44,-1.19,-44
1786632853819,124147,Knee,stand,-0.284504,0.951112,-0.079056,4.27,-6.65,-1.12,-44
1786632853819,124164,Knee,stand,-0.285968,0.949648,-0.087352,4.41,-6.58,-1.19,-44
1786632853819,124195,Knee,stand,-0.28792,0.945744,-0.098576,4.9,-6.72,-0.98,-44
1786632853819,124212,Knee,stand,-0.28792,0.94428,-0.106384,4.97,-6.72,-0.91,-44
1786632853819,124229,Knee,stand,-0.284504,0.945256,-0.11468,5.11,-6.44,-0.84,-44
1786632853819,124246,Knee,stand,-0.288408,0.94672,-0.123464,5.32,-5.95,-0.91,-44
1786632853819,124263,Knee,stand,-0.29036,0.946232,-0.12932,4.83,-5.46,-0.77,-44
1786632854138,124440,Knee,stand,-0.288408,0.943792,-0.12688,1.61,-4.41,-0.63,-43
1786632854138,124473,Knee,stand,-0.284016,0.950624,-0.105408,1.26,-4.97,-0.21,-43
1786632854138,124491,Knee,stand,-0.279136,0.952576,-0.094184,0.63,-4.62,-0.14,-43
1786632854138,124508,Knee,stand,-0.283528,0.949648,-0.089304,0.7,-4.34,0.14,-43
1786632854138,124525,Knee,stand,-0.286456,0.94916,-0.086864,1.05,-4.62,0.28,-43
1786632854138,124542,Knee,stand,-0.28792,0.948672,-0.09272,1.33,-5.25,0.7,-43
1786632854138,124573,Knee,stand,-0.282064,0.938912,-0.095648,3.15,-6.02,1.05,-43
1786632854138,124590,Knee,stand,-0.284992,0.937936,-0.0976,4.62,-6.44,1.26,-43
1786632854138,124607,Knee,stand,-0.274744,0.9394,-0.091744,6.23,-7,1.54,-43
1786632854138,124624,Knee,stand,-0.267912,0.937936,-0.091256,8.26,-5.95,1.12,-43
1786632854515,124799,Knee,stand,-0.275232,0.952576,-0.13908,2.59,-4.55,0.28,-42
1786632854515,124830,Knee,stand,-0.269376,0.947696,-0.123952,1.12,-4.2,0,-42
1786632854515,124847,Knee,stand,-0.271328,0.943792,-0.123952,1.82,-4.06,0,-42
1786632854515,124864,Knee,stand,-0.27572,0.949648,-0.128832,2.03,-4.06,0.07,-42
1786632854515,124881,Knee,stand,-0.274256,0.943304,-0.122488,2.38,-4.55,0.35,-42
1786632854515,124912,Knee,stand,-0.272792,0.947696,-0.127856,3.08,-4.62,0.35,-42
1786632854515,124929,Knee,stand,-0.277672,0.944768,-0.123952,2.8,-4.62,0.35,-42
1786632854515,124946,Knee,stand,-0.275232,0.945256,-0.121024,2.31,-5.25,0.28,-42
1786632854515,124963,Knee,stand,-0.269864,0.94672,-0.117608,2.1,-5.46,0.21,-42
1786632854515,124980,Knee,stand,-0.266448,0.953064,-0.11468,1.96,-5.32,0.14,-42
1786632854915,125155,Knee,stand,-0.27084,0.947208,-0.135176,-0.42,-4.41,-0.35,-42
1786632854915,125233,Knee,stand,-0.269864,0.945744,-0.091744,-0.98,-5.18,-0.14,-42
1786632854915,125264,Knee,stand,-0.267912,0.950136,-0.109312,-0.21,-6.02,-0.14,-42
1786632854915,125281,Knee,stand,-0.262056,0.954528,-0.106872,-0.63,-6.23,-0.21,-42
1786632854915,125298,Knee,stand,-0.258152,0.953064,-0.103944,-0.63,-5.81,-0.49,-42
1786632854915,125315,Knee,stand,-0.264008,0.950136,-0.108336,-0.21,-5.18,-0.77,-42
1786632854915,125345,Knee,stand,-0.264496,0.949648,-0.111264,-0.42,-5.18,-0.77,-42
1786632854915,125362,Knee,stand,-0.26352,0.94916,-0.1098,-0.21,-4.83,-0.91,-42
1786632854915,125379,Knee,stand,-0.268888,0.947696,-0.114192,0.63,-4.55,-0.91,-42
1786632854915,125396,Knee,stand,-0.272304,0.946232,-0.117608,0.77,-4.97,-0.77,-42
1786632855373,125574,Knee,stand,-0.268888,0.945744,-0.115168,-0.49,-4.76,-0.28,-44
1786632855373,125605,Knee,stand,-0.267424,0.949648,-0.108824,-1.05,-3.99,-0.42,-44
1786632855373,125622,Knee,stand,-0.2684,0.949648,-0.101504,-1.05,-3.92,-0.35,-44
1786632855373,125639,Knee,stand,-0.268888,0.949648,-0.09272,-1.05,-3.99,-0.35,-44
1786632855373,125656,Knee,stand,-0.266936,0.953064,-0.091256,-0.77,-4.13,-0.28,-44
1786632855373,125687,Knee,stand,-0.264496,0.953064,-0.088328,-0.21,-3.92,-0.35,-44
1786632855373,125704,Knee,stand,-0.267912,0.952576,-0.096136,0.21,-4.13,-0.28,-44
1786632855373,125721,Knee,stand,-0.265472,0.950624,-0.096136,0.21,-4.41,-0.35,-44
1786632855373,125738,Knee,stand,-0.265472,0.950136,-0.094184,0.21,-4.69,-0.35,-44
1786632855373,125755,Knee,stand,-0.266936,0.94916,-0.091256,0.49,-4.76,-0.35,-44
1786632855674,125934,Knee,stand,-0.264984,0.952576,-0.1098,2.03,-3.78,-0.35,-44
1786632855674,125965,Knee,stand,-0.262056,0.9516,-0.116144,1.61,-3.85,-0.63,-44
1786632855674,125982,Knee,stand,-0.265472,0.950624,-0.11224,1.47,-3.71,-0.7,-44
1786632855674,126000,Knee,stand,-0.267424,0.948672,-0.10736,1.54,-3.36,-0.7,-44
1786632855674,126017,Knee,stand,-0.26596,0.950624,-0.1098,1.47,-3.08,-0.77,-44
1786632855674,126034,Knee,stand,-0.266936,0.9516,-0.108824,1.19,-2.8,-0.84,-44
1786632855674,126065,Knee,stand,-0.272792,0.950624,-0.10248,0.91,-2.8,-0.91,-44
1786632855674,126082,Knee,stand,-0.272304,0.952088,-0.098576,1.05,-3.43,-0.77,-44
1786632855674,126099,Knee,stand,-0.2684,0.95404,-0.09516,0.91,-4.34,-0.7,-44
1786632855674,126116,Knee,stand,-0.2684,0.951112,-0.093696,0.84,-5.46,-0.63,-44
1786632856065,126291,Knee,stand,-0.2562,0.953064,-0.101016,1.12,-4.83,-0.91,-44
1786632856065,126322,Knee,stand,-0.256688,0.950624,-0.10004,0.98,-3.43,-1.4,-44
1786632856065,126339,Knee,stand,-0.256688,0.953064,-0.099552,0.91,-3.08,-1.61,-44
1786632856065,126356,Knee,stand,-0.25864,0.9516,-0.09516,0.98,-2.38,-1.82,-44
1786632856065,126373,Knee,stand,-0.262544,0.950624,-0.097112,1.26,-2.31,-1.89,-44
1786632856065,126404,Knee,stand,-0.266448,0.95404,-0.097112,1.26,-2.8,-2.03,-44
1786632856065,126421,Knee,stand,-0.269376,0.9516,-0.096624,1.47,-3.43,-1.82,-44
1786632856065,126438,Knee,stand,-0.272792,0.949648,-0.103456,1.82,-4.06,-1.68,-44
1786632856065,126455,Knee,stand,-0.274256,0.949648,-0.106384,1.82,-5.18,-1.61,-44
1786632856065,126472,Knee,stand,-0.266936,0.950624,-0.105896,1.61,-5.46,-1.68,-44
1786632856350,126648,Knee,stand,-0.268888,0.949648,-0.106872,2.73,-2.73,-2.31,-44
1786632856350,126679,Knee,stand,-0.272792,0.948672,-0.115168,2.8,-2.24,-2.31,-44
1786632856350,126695,Knee,stand,-0.273768,0.948184,-0.118584,2.45,-2.1,-2.38,-44
1786632856350,126712,Knee,stand,-0.273768,0.945744,-0.120048,2.45,-1.82,-2.38,-44
1786632856350,126729,Knee,stand,-0.274744,0.94672,-0.123952,2.38,-1.47,-2.52,-44
1786632856350,126760,Knee,stand,-0.281576,0.946232,-0.12444,2.1,-1.75,-2.31,-44
1786632856350,126777,Knee,stand,-0.2806,0.945256,-0.116632,1.89,-2.38,-2.24,-44
1786632856350,126794,Knee,stand,-0.277184,0.945744,-0.11224,2.1,-2.38,-2.03,-44
1786632856350,126811,Knee,stand,-0.280112,0.948672,-0.110776,2.24,-2.1,-2.03,-44
1786632856350,126828,Knee,stand,-0.28304,0.946232,-0.107848,2.31,-2.24,-1.89,-44
1786632856708,127007,Knee,stand,-0.2806,0.94672,-0.122,1.61,-3.08,-1.68,-44
1786632856708,127038,Knee,stand,-0.279624,0.945744,-0.120048,1.68,-2.87,-1.47,-44
1786632856708,127055,Knee,stand,-0.283528,0.945256,-0.116144,1.61,-2.8,-1.47,-44
1786632856708,127072,Knee,stand,-0.285968,0.943304,-0.111752,1.82,-3.08,-1.19,-44
1786632856708,127089,Knee,stand,-0.28548,0.947208,-0.11712,2.45,-3.29,-0.91,-44
1786632856708,127120,Knee,stand,-0.284016,0.945744,-0.122976,2.38,-4.34,-0.63,-44
1786632856708,127137,Knee,stand,-0.281576,0.947208,-0.119072,2.03,-4.34,-0.56,-44
1786632856708,127154,Knee,stand,-0.28304,0.948672,-0.116632,1.82,-4.13,-0.56,-44
1786632856708,127171,Knee,stand,-0.281576,0.94428,-0.110288,1.96,-3.92,-0.56,-44
1786632856708,127188,Knee,stand,-0.2806,0.946232,-0.114192,2.1,-3.22,-0.77,-44
1786632857065,127363,Knee,stand,-0.276208,0.94916,-0.135176,1.26,-5.67,-0.07,-44
1786632857065,127394,Knee,stand,-0.282552,0.943792,-0.134688,0.98,-5.6,0,-44
1786632857065,127412,Knee,stand,-0.281088,0.946232,-0.132248,0.63,-5.81,0,-44
1786632857065,127428,Knee,stand,-0.278648,0.943792,-0.128344,0.7,-5.67,0.07,-44
1786632857065,127445,Knee,stand,-0.276696,0.942816,-0.125416,0.7,-5.6,0.07,-44
1786632857065,127476,Knee,stand,-0.270352,0.944768,-0.106872,0.84,-4.97,-0.14,-44
1786632857065,127493,Knee,stand,-0.270352,0.947208,-0.10492,0.77,-4.9,-0.28,-44
1786632857065,127510,Knee,stand,-0.26596,0.951112,-0.0976,0.91,-4.76,-0.35,-44
1786632857065,127527,Knee,stand,-0.266448,0.950624,-0.101016,1.12,-3.92,-0.49,-44
1786632857065,127544,Knee,stand,-0.272304,0.950136,-0.106872,1.54,-3.78,-0.49,-44
1786632857421,127720,Knee,stand,-0.27572,0.947696,-0.113216,0.07,-5.04,-1.33,-48
1786632857421,127751,Knee,stand,-0.273768,0.952088,-0.105896,0.49,-4.83,-1.26,-48
1786632857421,127768,Knee,stand,-0.273768,0.94916,-0.102968,1.05,-4.76,-1.33,-48
1786632857421,127785,Knee,stand,-0.27084,0.948184,-0.099064,1.12,-4.69,-1.33,-48
1786632857421,127802,Knee,stand,-0.269864,0.950136,-0.10004,1.47,-4.2,-1.47,-48
1786632857421,127833,Knee,stand,-0.272304,0.948184,-0.106872,1.54,-3.78,-1.61,-48
1786632857421,127850,Knee,stand,-0.272792,0.94916,-0.110776,1.68,-3.71,-1.68,-48
1786632857421,127867,Knee,stand,-0.274256,0.948672,-0.11468,1.75,-3.43,-1.68,-48
1786632857421,127884,Knee,stand,-0.279136,0.947696,-0.118584,1.68,-3.36,-1.75,-48
1786632857421,127901,Knee,stand,-0.281576,0.947208,-0.120048,1.33,-3.71,-1.61,-48
1786632857804,128077,Knee,stand,-0.274744,0.947208,-0.114192,1.54,-1.61,-0.84,-48
1786632857804,128108,Knee,stand,-0.277184,0.943792,-0.11224,1.96,-1.26,-0.91,-48
1786632857804,128125,Knee,stand,-0.277184,0.950624,-0.108824,1.47,-1.4,-0.91,-48
1786632857804,128142,Knee,stand,-0.2806,0.94428,-0.104432,1.96,-1.75,-0.77,-48
1786632857804,128159,Knee,stand,-0.28304,0.950136,-0.106872,1.61,-3.01,-0.63,-48
1786632857804,128190,Knee,stand,-0.275232,0.947208,-0.110288,1.54,-4.41,-0.63,-48
1786632857804,128207,Knee,stand,-0.277184,0.950624,-0.120536,1.54,-4.97,-0.7,-48
1786632857804,128224,Knee,stand,-0.283528,0.94672,-0.12444,1.33,-5.88,-0.49,-48
1786632857804,128241,Knee,stand,-0.282552,0.946232,-0.124928,1.33,-6.37,-0.42,-48
1786632857804,128258,Knee,stand,-0.279136,0.94672,-0.124928,1.47,-6.44,-0.35,-48
1786632858136,128435,Knee,stand,-0.271816,0.948672,-0.115168,1.82,-3.92,-0.7,-48
1786632858136,128466,Knee,stand,-0.278648,0.948184,-0.12444,1.54,-4.41,-0.84,-48
1786632858136,128483,Knee,stand,-0.278648,0.94428,-0.123464,1.26,-4.55,-0.84,-48
1786632858136,128500,Knee,stand,-0.277184,0.945744,-0.122,1.47,-4.55,-0.77,-48
1786632858136,128517,Knee,stand,-0.276696,0.94672,-0.11956,1.4,-4.34,-0.84,-48
1786632858136,128548,Knee,stand,-0.278648,0.945744,-0.111264,1.19,-4.13,-0.84,-48
1786632858136,128565,Knee,stand,-0.278648,0.94916,-0.108336,1.19,-4.2,-0.91,-48
1786632858136,128582,Knee,stand,-0.279624,0.947208,-0.106384,1.26,-4.55,-0.7,-48
1786632858136,128599,Knee,stand,-0.276208,0.945744,-0.105408,1.33,-4.55,-0.7,-48
1786632858136,128615,Knee,stand,-0.27572,0.948184,-0.106384,1.33,-4.2,-0.77,-48
1786632858495,128791,Knee,stand,-0.280112,0.946232,-0.11468,1.68,-4.27,-0.98,-44
1786632858495,128822,Knee,stand,-0.282552,0.945744,-0.120536,1.82,-4.41,-0.84,-44
1786632858495,128839,Knee,stand,-0.282064,0.945744,-0.11956,1.61,-4.27,-0.77,-44
1786632858495,128856,Knee,stand,-0.278648,0.94672,-0.116144,1.4,-3.92,-0.84,-44
1786632858495,128873,Knee,stand,-0.279624,0.946232,-0.115656,1.47,-3.64,-0.84,-44
1786632858495,128904,Knee,stand,-0.279136,0.947208,-0.116144,1.4,-3.01,-0.84,-44
1786632858495,128921,Knee,stand,-0.279136,0.947208,-0.115656,1.33,-2.66,-0.84,-44
1786632858495,128938,Knee,stand,-0.2806,0.945744,-0.115656,1.33,-2.66,-0.77,-44
1786632858495,128955,Knee,stand,-0.2806,0.946232,-0.11712,1.26,-2.8,-0.91,-44
1786632858495,128972,Knee,stand,-0.2806,0.947696,-0.116144,1.12,-3.29,-0.77,-44
1786632858851,129149,Knee,stand,-0.271328,0.94672,-0.116144,1.19,-1.82,-0.77,-44
1786632858851,129180,Knee,stand,-0.276696,0.948184,-0.11224,1.12,-2.59,-0.77,-44
1786632858851,129197,Knee,stand,-0.276696,0.947696,-0.108824,1.26,-3.15,-0.77,-44
1786632858851,129214,Knee,stand,-0.276208,0.946232,-0.108824,1.82,-3.92,-0.63,-44
1786632858851,129231,Knee,stand,-0.276696,0.948184,-0.1098,1.82,-4.34,-0.49,-44
1786632858851,129261,Knee,stand,-0.279624,0.94672,-0.11224,1.82,-5.95,-0.21,-44
1786632858851,129278,Knee,stand,-0.2806,0.945744,-0.112728,1.68,-6.09,-0.07,-44
1786632858851,129295,Knee,stand,-0.281088,0.945744,-0.11956,1.96,-6.23,0,-44
1786632858851,129312,Knee,stand,-0.281088,0.943304,-0.125416,1.89,-6.09,0,-44
1786632858851,129329,Knee,stand,-0.282064,0.945256,-0.13176,1.4,-5.95,0.14,-44
1786632859210,129505,Knee,stand,-0.272304,0.9516,-0.09028,0.98,-5.32,0.07,-44
1786632859210,129536,Knee,stand,-0.270352,0.952088,-0.083448,1.54,-6.23,0,-44
1786632859210,129553,Knee,stand,-0.269376,0.950624,-0.084424,1.61,-6.23,0,-44
1786632859210,129570,Knee,stand,-0.268888,0.948184,-0.091256,2.03,-6.16,-0.07,-44
1786632859210,129587,Knee,stand,-0.267912,0.950624,-0.108336,2.17,-5.95,-0.28,-44
1786632859210,129618,Knee,stand,-0.2684,0.947696,-0.120536,1.68,-5.88,-0.56,-44
1786632859210,129635,Knee,stand,-0.266448,0.947696,-0.125904,1.47,-5.46,-0.77,-44
1786632859210,129652,Knee,stand,-0.267424,0.947696,-0.127856,1.4,-4.55,-0.91,-44
1786632859210,129669,Knee,stand,-0.271816,0.948184,-0.127368,1.05,-4.2,-1.05,-44
1786632859210,129686,Knee,stand,-0.272792,0.948184,-0.122976,0.77,-3.99,-1.05,-44
1786632859567,129862,Knee,stand,-0.27084,0.948672,-0.103944,0.7,-3.22,-1.05,-44
1786632859567,129893,Knee,stand,-0.275232,0.950136,-0.106384,1.12,-3.01,-0.91,-44
1786632859567,129910,Knee,stand,-0.280112,0.949648,-0.101992,1.19,-3.36,-0.84,-44
1786632859567,129926,Knee,stand,-0.283528,0.94672,-0.094184,1.19,-3.71,-0.7,-44
1786632859567,129943,Knee,stand,-0.280112,0.94916,-0.093208,1.47,-3.99,-0.56,-44
1786632859567,129974,Knee,stand,-0.276696,0.950136,-0.102968,1.82,-3.5,-0.49,-44
1786632859567,129991,Knee,stand,-0.270352,0.949648,-0.10492,1.82,-3.22,-0.49,-44
1786632859567,130008,Knee,stand,-0.26596,0.954528,-0.110776,2.03,-2.31,-0.7,-44
1786632859567,130025,Knee,stand,-0.2684,0.955016,-0.114192,1.96,-1.33,-0.84,-44
1786632859567,130042,Knee,stand,-0.279624,0.947696,-0.11956,1.96,-1.26,-0.77,-44
1786632859994,130219,Knee,stand,-0.279136,0.9516,-0.117608,2.66,-5.11,0.56,-44
1786632859994,130250,Knee,stand,-0.27572,0.94428,-0.133712,2.73,-5.6,0.7,-44
1786632859994,130267,Knee,stand,-0.271816,0.945256,-0.135664,2.38,-5.53,0.7,-44
1786632859994,130284,Knee,stand,-0.26352,0.94916,-0.132248,1.96,-5.04,0.63,-44
1786632859994,130301,Knee,stand,-0.262056,0.952088,-0.12688,1.61,-4.13,0.42,-44
1786632859994,130332,Knee,stand,-0.266448,0.947696,-0.117608,1.54,-3.01,0.14,-44
1786632859994,130349,Knee,stand,-0.264984,0.945744,-0.109312,1.61,-2.94,0.14,-44
1786632859994,130366,Knee,stand,-0.261568,0.947696,-0.10736,1.47,-2.66,-0.07,-44
1786632859994,130383,Knee,stand,-0.25864,0.951112,-0.099064,1.54,-2.45,-0.21,-44
1786632859994,130400,Knee,stand,-0.256688,0.95648,-0.098576,1.61,-2.31,-0.49,-44
1786632860310,130574,Knee,stand,-0.263032,0.950624,-0.118096,3.15,-2.73,-0.98,-44
1786632860310,130605,Knee,stand,-0.266936,0.948184,-0.12444,3.29,-2.87,-1.12,-44
1786632860310,130623,Knee,stand,-0.259616,0.9516,-0.130784,3.08,-2.8,-1.33,-44
1786632860310,130640,Knee,stand,-0.260104,0.952088,-0.133224,2.52,-2.45,-1.68,-44
1786632860310,130657,Knee,stand,-0.260592,0.947696,-0.132736,2.38,-2.31,-1.75,-44
1786632860310,130688,Knee,stand,-0.26352,0.947208,-0.127856,2.24,-1.75,-1.96,-44
1786632860310,130705,Knee,stand,-0.266448,0.947696,-0.12688,2.31,-1.61,-2.03,-44
1786632860310,130722,Knee,stand,-0.267424,0.948184,-0.12688,2.1,-1.33,-2.1,-44
1786632860310,130739,Knee,stand,-0.272304,0.947696,-0.122976,1.96,-1.4,-2.03,-44
1786632860310,130756,Knee,stand,-0.27572,0.945744,-0.120536,2.31,-1.82,-1.82,-44
1786632860691,130933,Knee,stand,-0.279136,0.94428,-0.131272,1.19,-5.74,-1.19,-44
1786632860691,130964,Knee,stand,-0.273768,0.948672,-0.120048,1.4,-5.81,-0.98,-44
1786632860691,130981,Knee,stand,-0.274256,0.947696,-0.121512,1.61,-5.95,-0.77,-44
1786632860691,130998,Knee,stand,-0.271328,0.947208,-0.122,1.47,-6.02,-0.77,-44
1786632860691,131015,Knee,stand,-0.265472,0.948672,-0.120536,1.26,-5.81,-0.91,-44
1786632860691,131046,Knee,stand,-0.267912,0.948672,-0.12688,1.47,-4.9,-1.19,-44
1786632860691,131063,Knee,stand,-0.272304,0.948672,-0.138104,1.19,-4.9,-1.26,-44
1786632860691,131080,Knee,stand,-0.275232,0.94428,-0.139568,0.84,-4.97,-1.26,-44
1786632860691,131097,Knee,stand,-0.276696,0.944768,-0.136152,0.7,-5.25,-1.26,-44
1786632860691,131114,Knee,stand,-0.274256,0.947208,-0.125904,0.56,-5.39,-1.19,-44
1786632861081,131290,Knee,stand,-0.27328,0.945744,-0.11468,1.4,-4.27,-0.77,-49
1786632861081,131322,Knee,stand,-0.274744,0.947208,-0.12688,1.68,-4.55,-0.56,-49
1786632861081,131338,Knee,stand,-0.276696,0.943792,-0.132736,1.82,-4.55,-0.63,-49
1786632861081,131355,Knee,stand,-0.280112,0.942816,-0.139568,1.82,-4.62,-0.7,-49
1786632861081,131372,Knee,stand,-0.284016,0.942816,-0.139568,1.4,-4.97,-0.7,-49
1786632861081,131403,Knee,stand,-0.279624,0.945256,-0.133712,1.33,-4.97,-0.63,-49
1786632861081,131420,Knee,stand,-0.276208,0.945744,-0.131272,1.26,-4.83,-0.56,-49
1786632861081,131438,Knee,stand,-0.269376,0.947696,-0.123464,1.12,-4.69,-0.63,-49
1786632861081,131455,Knee,stand,-0.27084,0.946232,-0.117608,0.98,-4.13,-0.84,-49
1786632861081,131472,Knee,stand,-0.27328,0.946232,-0.115656,1.05,-4.06,-0.84,-49
1786632861364,131651,Knee,stand,-0.271328,0.945256,-0.12688,1.47,-3.99,-1.12,-46
1786632861364,131682,Knee,stand,-0.272304,0.948184,-0.127368,1.33,-3.29,-1.33,-46
1786632861364,131699,Knee,stand,-0.274256,0.948184,-0.126392,0.98,-3.29,-1.33,-46
1786632861364,131716,Knee,stand,-0.274256,0.944768,-0.125904,1.12,-3.29,-1.19,-46
1786632861364,131733,Knee,stand,-0.277672,0.94428,-0.126392,1.05,-3.5,-1.26,-46
1786632861364,131764,Knee,stand,-0.277672,0.946232,-0.117608,0.91,-3.71,-1.12,-46
1786632861364,131781,Knee,stand,-0.277672,0.947696,-0.116632,1.05,-3.78,-1.12,-46
1786632861364,131798,Knee,stand,-0.274744,0.94672,-0.113704,1.12,-3.78,-1.19,-46
1786632861364,131815,Knee,stand,-0.274256,0.946232,-0.11956,1.4,-3.57,-1.12,-46
1786632861364,131831,Knee,stand,-0.273768,0.947696,-0.120536,1.26,-3.78,-1.12,-46
1786632861738,132009,Knee,stand,-0.282064,0.945256,-0.123464,1.61,-4.41,-0.63,-43
1786632861738,132040,Knee,stand,-0.279136,0.945744,-0.130784,1.89,-4.69,-0.35,-43
1786632861738,132057,Knee,stand,-0.280112,0.945744,-0.130784,1.54,-4.83,-0.35,-43
1786632861738,132074,Knee,stand,-0.2806,0.945744,-0.129808,1.47,-4.9,-0.35,-43
1786632861738,132091,Knee,stand,-0.282064,0.945744,-0.127368,1.19,-4.9,-0.21,-43
1786632861738,132122,Knee,stand,-0.283528,0.94428,-0.122,1.19,-5.53,0,-43
1786632861738,132139,Knee,stand,-0.276696,0.945744,-0.120048,1.26,-5.74,0.07,-43
1786632861738,132156,Knee,stand,-0.270352,0.948184,-0.120048,1.47,-5.81,0.07,-43
1786632861738,132173,Knee,stand,-0.264984,0.952088,-0.122,1.47,-5.53,-0.14,-43
1786632861738,132190,Knee,stand,-0.264496,0.952576,-0.121512,1.26,-5.11,-0.42,-43
1786632862103,132367,Knee,stand,-0.284504,0.94428,-0.130296,1.4,-3.43,-0.91,-45
1786632862103,132398,Knee,stand,-0.282552,0.94428,-0.132248,1.19,-4.97,-0.63,-45
1786632862103,132415,Knee,stand,-0.277184,0.945744,-0.130784,1.19,-5.11,-0.63,-45
1786632862103,132432,Knee,stand,-0.274256,0.944768,-0.124928,1.05,-5.18,-0.63,-45
1786632862103,132450,Knee,stand,-0.271816,0.948672,-0.121024,0.98,-4.76,-0.49,-45
1786632862103,132481,Knee,stand,-0.276208,0.945744,-0.116632,0.98,-4.27,-0.49,-45
1786632862103,132497,Knee,stand,-0.276208,0.94672,-0.114192,1.05,-4.2,-0.7,-45
1786632862103,132514,Knee,stand,-0.277184,0.945744,-0.115656,1.26,-4.06,-0.7,-45
1786632862103,132531,Knee,stand,-0.276208,0.945744,-0.11712,1.33,-4.34,-0.63,-45
1786632862103,132548,Knee,stand,-0.277672,0.94672,-0.24644,1.26,-4.76,-0.49,-45
1786632862440,132726,Knee,stand,-0.279136,0.948672,-0.110288,1.12,-3.92,-0.7,-45
1786632862440,132757,Knee,stand,-0.284016,0.94672,-0.113216,1.54,-4.41,-0.42,-45
1786632862440,132774,Knee,stand,-0.282064,0.94672,-0.116144,1.61,-4.69,-0.28,-45
1786632862440,132791,Knee,stand,-0.278648,0.946232,-0.121512,1.47,-5.18,-0.21,-45
1786632862440,132808,Knee,stand,-0.273768,0.946232,-0.122488,1.4,-5.6,-0.28,-45
1786632862440,132839,Knee,stand,-0.269376,0.950136,-0.128344,1.33,-5.25,-0.35,-45
1786632862440,132856,Knee,stand,-0.268888,0.947208,-0.12688,1.12,-5.32,-0.49,-45
1786632862440,132873,Knee,stand,-0.271328,0.947208,-0.121024,0.91,-5.32,-0.56,-45
1786632862440,132890,Knee,stand,-0.271816,0.943304,-0.114192,1.26,-5.04,-0.77,-45
1786632862440,132907,Knee,stand,-0.272304,0.950136,-0.110288,1.47,-4.97,-0.91,-45
1786632862796,133085,Knee,stand,-0.27084,0.947208,-0.123464,0.98,-4.69,-0.56,-46
1786632862796,133116,Knee,stand,-0.266936,0.948184,-0.10736,1.05,-4.34,-0.98,-46
1786632862796,133134,Knee,stand,-0.269376,0.947696,-0.102968,1.12,-3.78,-1.05,-46
1786632862796,133150,Knee,stand,-0.273768,0.948184,-0.10004,1.47,-3.71,-1.05,-46
1786632862796,133167,Knee,stand,-0.277672,0.947208,-0.099552,1.68,-3.43,-0.98,-46
1786632862796,133198,Knee,stand,-0.279136,0.946232,-0.10736,2.03,-3.71,-0.84,-46
1786632862796,133215,Knee,stand,-0.281088,0.94672,-0.113216,2.1,-3.92,-0.7,-46
1786632862796,133232,Knee,stand,-0.283528,0.945256,-0.124928,2.31,-4.27,-0.56,-46
1786632862796,133249,Knee,stand,-0.276696,0.951112,-0.12932,2.1,-5.04,-0.56,-46
1786632862796,133266,Knee,stand,-0.272304,0.949648,-0.128832,1.54,-4.62,-0.56,-46
1786632863445,133444,Knee,stand,-0.275232,0.947208,-0.118584,1.26,-3.57,-1.12,-46
1786632863445,133475,Knee,stand,-0.27328,0.946232,-0.120048,1.19,-3.78,-1.12,-46
1786632863445,133491,Knee,stand,-0.27084,0.947696,-0.118584,1.19,-3.57,-1.12,-46
1786632863445,133508,Knee,stand,-0.276208,0.947208,-0.114192,1.33,-3.29,-1.12,-46
1786632863445,133525,Knee,stand,-0.277672,0.944768,-0.106384,1.4,-3.43,-1.26,-46
1786632863445,133556,Knee,stand,-0.273768,0.954528,-0.101504,1.47,-3.64,-1.26,-46
1786632863445,133573,Knee,stand,-0.27572,0.95404,-0.11224,1.54,-3.36,-1.19,-46
1786632863445,133590,Knee,stand,-0.284016,0.946232,-0.133224,1.82,-3.08,-0.98,-46
1786632863445,133607,Knee,stand,-0.286456,0.941352,-0.139568,1.54,-3.71,-0.91,-46
1786632863445,133638,Knee,stand,-0.281088,0.940864,-0.125904,0.7,-3.85,-0.91,-46
1786632863538,133814,Knee,stand,-0.269376,0.948184,-0.109312,1.75,-6.3,-0.28,-46
1786632863538,133845,Knee,stand,-0.267912,0.950136,-0.122488,1.68,-4.9,-0.56,-46
1786632863538,133862,Knee,stand,-0.267912,0.948672,-0.12688,1.26,-4.34,-0.84,-46
1786632863538,133879,Knee,stand,-0.269376,0.948184,-0.126392,0.98,-4.06,-1.05,-46
1786632863538,133896,Knee,stand,-0.271328,0.947696,-0.124928,0.98,-3.57,-1.19,-46
1786632863538,133927,Knee,stand,-0.275232,0.948184,-0.117608,0.49,-3.29,-1.33,-46
1786632863538,133944,Knee,stand,-0.276696,0.94428,-0.108336,0.77,-3.15,-1.26,-46
1786632863538,133961,Knee,stand,-0.279624,0.94428,-0.101016,1.05,-3.22,-1.12,-46
1786632863538,133978,Knee,stand,-0.279624,0.949648,-0.101016,1.54,-3.64,-0.84,-46
1786632863538,133995,Knee,stand,-0.27816,0.949648,-0.101992,1.68,-3.85,-0.7,-46
1786632863899,134172,Knee,stand,-0.279624,0.947208,-0.115656,1.26,-2.24,-1.33,-47
1786632863899,134203,Knee,stand,-0.283528,0.94672,-0.116144,1.12,-2.8,-1.19,-47
1786632863899,134220,Knee,stand,-0.283528,0.945744,-0.115168,1.05,-3.43,-0.98,-47
1786632863899,134237,Knee,stand,-0.282064,0.94916,-0.11712,1.12,-3.78,-0.84,-47
1786632863899,134254,Knee,stand,-0.276696,0.948672,-0.122,0.98,-4.48,-0.84,-47
1786632863899,134285,Knee,stand,-0.273768,0.945256,-0.118584,1.19,-4.69,-0.77,-47
1786632863899,134302,Knee,stand,-0.271816,0.94672,-0.116144,1.19,-4.69,-0.84,-47
1786632863899,134318,Knee,stand,-0.2684,0.948672,-0.115168,1.12,-4.2,-1.05,-47
1786632863899,134335,Knee,stand,-0.2684,0.948672,-0.1098,1.05,-3.57,-1.26,-47
1786632863899,134365,Knee,stand,-0.27084,0.948184,-0.099552,1.12,-2.94,-1.33,-47
1786632865328,134542,Knee,stand,-0.27084,0.950136,-0.114192,1.33,-6.02,-0.7,-44
1786632865328,134574,Knee,stand,-0.27816,0.948672,-0.11224,1.47,-5.18,-0.98,-44
1786632865328,134591,Knee,stand,-0.277184,0.94672,-0.108824,1.61,-5.25,-0.91,-44
1786632865328,134609,Knee,stand,-0.273768,0.946232,-0.103944,1.54,-5.25,-1.12,-44
1786632865328,134626,Knee,stand,-0.271328,0.945256,-0.099552,1.68,-4.62,-1.26,-44
1786632865328,134643,Knee,stand,-0.27084,0.94916,-0.099552,1.89,-4.2,-1.26,-44
1786632865328,134674,Knee,stand,-0.27084,0.950624,-0.110776,2.1,-3.29,-1.4,-44
1786632865328,134691,Knee,stand,-0.274256,0.950624,-0.113216,2.03,-3.36,-1.4,-44
1786632865328,134708,Knee,stand,-0.280112,0.94916,-0.120048,1.89,-3.71,-1.26,-44
1786632865328,134725,Knee,stand,-0.288408,0.943792,-0.124928,1.75,-4.55,-1.12,-44
1786632865329,134900,Knee,stand,-0.28304,0.952088,-0.111752,-0.49,-1.47,-2.24,-47
1786632865329,134931,Knee,stand,-0.304512,0.940864,-0.135664,-0.21,-2.45,-1.26,-47
1786632865329,134948,Knee,stand,-0.304024,0.939888,-0.135664,-0.63,-2.38,-0.7,-47
1786632865329,134965,Knee,stand,-0.313296,0.937448,-0.127368,-0.77,-2.52,-0.42,-47
1786632865329,134981,Knee,stand,-0.309392,0.940376,-0.116632,-1.12,-2.87,0,-47
1786632865329,135012,Knee,stand,-0.297192,0.942816,-0.103944,-1.19,-2.66,0.49,-47
1786632865329,135029,Knee,stand,-0.279136,0.94672,-0.099064,-1.19,-2.94,0.49,-47
1786632865329,135046,Knee,stand,-0.270352,0.9516,-0.099064,-0.98,-3.22,0.56,-47
1786632865329,135063,Knee,stand,-0.267424,0.949648,-0.099064,-0.7,-4.06,0.7,-47
1786632865329,135080,Knee,stand,-0.267912,0.950624,-0.100528,-0.49,-4.97,0.63,-47
1786632865403,135258,Knee,stand,-0.269376,0.949648,-0.089792,2.31,-4.13,-0.98,-47
1786632865403,135289,Knee,stand,-0.27572,0.947696,-0.097112,2.38,-4.41,-1.12,-47
1786632865403,135306,Knee,stand,-0.277184,0.94672,-0.0976,2.66,-4.41,-0.91,-47
1786632865403,135323,Knee,stand,-0.280112,0.949648,-0.10248,3.08,-4.34,-0.84,-47
1786632865403,135340,Knee,stand,-0.28548,0.94916,-0.104432,3.08,-4.34,-0.77,-47
1786632865403,135371,Knee,stand,-0.291336,0.945256,-0.105408,2.66,-4.41,-0.42,-47
1786632865403,135388,Knee,stand,-0.291336,0.94672,-0.106872,2.45,-4.69,-0.28,-47
1786632865403,135405,Knee,stand,-0.290848,0.94672,-0.116632,2.38,-4.97,-0.14,-47
1786632865403,135422,Knee,stand,-0.28548,0.947696,-0.125416,1.96,-5.25,0.14,-47
1786632865403,135439,Knee,stand,-0.281576,0.946232,-0.127368,1.68,-5.18,0.28,-47
1786632865507,135613,Knee,stand,-0.259616,0.955016,-0.090768,1.68,-4.97,-0.21,-47
1786632865507,135644,Knee,stand,-0.264984,0.9516,-0.098576,1.4,-4.48,-0.7,-47
1786632865507,135661,Knee,stand,-0.266936,0.94916,-0.103456,1.61,-4.55,-0.84,-47
1786632865507,135678,Knee,stand,-0.268888,0.9516,-0.110776,1.54,-4.2,-1.12,-47
1786632865507,135695,Knee,stand,-0.270352,0.947696,-0.110776,1.4,-3.99,-1.19,-47
1786632865507,135726,Knee,stand,-0.27328,0.950136,-0.101016,1.12,-3.85,-1.4,-47
1786632865507,135743,Knee,stand,-0.27572,0.94916,-0.095648,1.26,-3.92,-1.33,-47
1786632865507,135760,Knee,stand,-0.274256,0.9516,-0.098088,1.26,-4.27,-1.33,-47
1786632865507,135777,Knee,stand,-0.27572,0.953064,-0.10248,1.4,-4.27,-1.26,-47
1786632865507,135794,Knee,stand,-0.282552,0.948184,-0.110288,1.4,-4.83,-1.12,-47
1786632865863,136149,Knee,stand,-0.288408,0.94672,-0.12688,1.4,-3.85,-1.89,-44
1786632865863,136180,Knee,stand,-0.28792,0.942328,-0.125904,0.63,-5.39,-1.54,-44
1786632865863,136197,Knee,stand,-0.282552,0.948672,-0.119072,0.21,-5.32,-1.47,-44
1786632865863,136214,Knee,stand,-0.28304,0.946232,-0.114192,0.35,-4.9,-1.47,-44
1786632865863,136231,Knee,stand,-0.289384,0.950624,-0.110288,0.21,-4.9,-1.4,-44
1786632865863,136261,Knee,stand,-0.29036,0.948672,-0.097112,-0.07,-7,-0.42,-44
1786632865863,136278,Knee,stand,-0.2928,0.946232,-0.093696,0.07,-7.42,0.14,-44
1786632865863,136295,Knee,stand,-0.301584,0.94428,-0.09028,0.77,-8.61,0.49,-44
1786632865863,136312,Knee,stand,-0.300608,0.944768,-0.09028,0.84,-10.08,0.91,-44
1786632865863,136329,Knee,stand,-0.297192,0.94672,-0.09028,0.84,-10.57,1.19,-44
1786632866219,136504,Knee,stand,-0.269864,0.953064,-0.0854,1.75,-4.69,0.42,-46
1786632866219,136535,Knee,stand,-0.277184,0.9516,-0.101016,1.54,-6.79,0.14,-46
1786632866219,136552,Knee,stand,-0.272304,0.94916,-0.100528,1.61,-6.65,-0.07,-46
1786632866219,136569,Knee,stand,-0.272792,0.948672,-0.104432,1.54,-6.3,-0.42,-46
1786632866219,136586,Knee,stand,-0.274744,0.94672,-0.104432,1.54,-5.74,-0.77,-46
1786632866219,136617,Knee,stand,-0.274744,0.947696,-0.103456,1.33,-5.46,-1.05,-46
1786632866219,136634,Knee,stand,-0.284504,0.947696,-0.103944,1.4,-4.9,-1.05,-46
1786632866219,136651,Knee,stand,-0.290848,0.94428,-0.10736,1.75,-5.25,-0.7,-46
1786632866219,136668,Knee,stand,-0.289384,0.949648,-0.101504,1.33,-5.46,-0.56,-46
1786632866219,136685,Knee,stand,-0.285968,0.950136,-0.09516,1.05,-5.18,-0.42,-46
1786632866578,136863,Knee,stand,-0.276208,0.94672,-0.09272,2.31,-3.78,2.1,-46
1786632866578,136893,Knee,stand,-0.276208,0.950624,-0.09272,2.87,-3.08,2.17,-46
1786632866578,136910,Knee,stand,-0.261568,0.955504,-0.084424,2.38,-2.73,2.03,-46
1786632866578,136927,Knee,stand,-0.255224,0.958432,-0.073688,2.45,-0.63,1.89,-46
1786632866578,136944,Knee,stand,-0.272792,0.955992,-0.072712,3.29,0.35,2.1,-46
1786632866578,136975,Knee,stand,-0.276208,0.953552,-0.079056,3.5,-1.19,2.8,-46
1786632866578,136992,Knee,stand,-0.279624,0.946232,-0.089304,4.2,-1.05,3.08,-46
1786632866578,137009,Knee,stand,-0.28304,0.940864,-0.096136,4.41,-1.26,3.43,-46
1786632866578,137026,Knee,stand,-0.283528,0.941352,-0.104432,4.34,-1.26,3.78,-46
1786632866578,137043,Knee,stand,-0.282064,0.940376,-0.10248,4.34,-1.26,3.85,-46
1786632866935,137219,Knee,stand,-0.259128,0.950136,-0.10492,6.37,1.05,5.81,-46
1786632866935,137250,Knee,stand,-0.23912,0.95404,-0.10736,6.93,2.38,6.16,-46
1786632866935,137267,Knee,stand,-0.227896,0.96136,-0.116144,7.14,3.92,6.09,-46
1786632866935,137285,Knee,stand,-0.21716,0.960384,-0.111264,6.86,5.04,5.67,-46
1786632866935,137302,Knee,stand,-0.211792,0.95892,-0.111264,7.07,6.79,5.39,-46
1786632866935,137333,Knee,stand,-0.222528,0.952576,-0.127368,7,7.84,5.25,-46
1786632866935,137350,Knee,stand,-0.220088,0.953064,-0.130784,6.72,8.05,5.18,-46
1786632866935,137367,Knee,stand,-0.221064,0.957456,-0.13908,6.72,8.82,5.11,-46
1786632866935,137384,Knee,stand,-0.22448,0.95404,-0.13908,6.72,9.03,4.9,-46
1786632866935,137401,Knee,stand,-0.223016,0.953064,-0.133224,6.72,8.96,4.97,-46
1786632867292,137575,Knee,stand,-0.213256,0.947696,-0.16104,9.17,-7.07,4.62,-44
1786632867292,137606,Knee,stand,-0.16592,0.957456,-0.176656,8.33,-8.54,3.92,-44
1786632867292,137623,Knee,stand,-0.152744,0.96868,-0.189344,7.49,-6.3,3.43,-44
1786632867292,137640,Knee,stand,-0.1586,0.965264,-0.1952,7.35,-3.92,3.57,-44
1786632867292,137657,Knee,stand,-0.189344,0.962336,-0.199592,7.28,-3.92,3.78,-44
1786632867292,137689,Knee,stand,-0.183976,0.953064,-0.190808,6.3,-3.08,2.94,-44
1786632867292,137706,Knee,stand,-0.174704,0.953064,-0.174216,4.97,1.54,1.96,-44
1786632867292,137723,Knee,stand,-0.173728,0.952088,-0.169336,4.69,4.06,1.68,-44
1786632867292,137740,Knee,stand,-0.19032,0.95404,-0.18056,4.2,7.91,1.82,-44
1786632867292,137757,Knee,stand,-0.203984,0.95648,-0.189344,4.13,7.98,2.94,-44
1786632867848,137932,Knee,stand,-0.168848,0.954528,-0.193248,4.06,1.26,6.23,-48
1786632867848,137963,Knee,stand,-0.167872,0.957944,-0.245952,5.88,0.63,7.49,-48
1786632867848,137980,Knee,stand,-0.16836,0.955016,-0.257176,4.97,-0.49,7.42,-48
1786632867848,137997,Knee,stand,-0.164456,0.952576,-0.25376,4.27,-1.05,7.35,-48
1786632867848,138014,Knee,stand,-0.157136,0.958432,-0.22936,3.08,-1.54,7.21,-48
1786632867848,138045,Knee,stand,-0.13908,0.960384,-0.213256,2.03,-1.61,6.93,-48
1786632867848,138062,Knee,stand,-0.137128,0.967704,-0.203496,0.98,-1.33,6.51,-48
1786632867848,138079,Knee,stand,-0.137128,0.957456,-0.181536,0.21,-0.84,6.09,-48
1786632867848,138096,Knee,stand,-0.127856,0.959408,-0.177632,0.21,-0.56,5.67,-48
1786632867848,138113,Knee,stand,-0.118584,0.96136,-0.181536,0.42,0.49,5.25,-48
1786632868028,138287,Knee,stand,-0.121512,0.963312,-0.1952,3.01,-18.2,7.7,-48
1786632868028,138318,Knee,stand,-0.099064,0.962336,-0.219112,3.15,-18.83,7.77,-48
1786632868028,138335,Knee,stand,-0.08784,0.95648,-0.219112,2.8,-18.55,7.42,-48
1786632868028,138352,Knee,stand,-0.09028,0.967216,-0.22204,2.24,-17.01,6.72,-48
1786632868028,138369,Knee,stand,-0.083936,0.967704,-0.217648,1.26,-16.03,6.09,-48
1786632868028,138400,Knee,stand,-0.07808,0.959896,-0.197152,0.77,-13.72,5.11,-48
1786632868028,138417,Knee,stand,-0.09272,0.963312,-0.198128,1.4,-12.18,4.69,-48
1786632868028,138434,Knee,stand,-0.092232,0.965752,-0.1952,0.84,-12.25,3.92,-48
1786632868028,138451,Knee,stand,-0.061,0.96136,-0.18788,0.63,-11.13,2.45,-48
1786632868028,138468,Knee,stand,-0.061488,0.960872,-0.179584,0.56,-6.93,1.61,-48
1786632868414,138644,Knee,stand,-0.077592,0.962336,-0.179096,2.66,-11.62,-0.91,-50
1786632868414,138675,Knee,stand,-0.09272,0.967216,-0.197152,2.52,-9.59,-1.26,-50
1786632868414,138692,Knee,stand,-0.094672,0.958432,-0.186904,2.03,-7.98,-1.75,-50
1786632868414,138709,Knee,stand,-0.090768,0.958432,-0.18544,2.24,-5.39,-2.73,-50
1786632868414,138727,Knee,stand,-0.078568,0.958432,-0.191784,2.87,-2.52,-3.57,-50
1786632868414,138758,Knee,stand,-0.091744,0.970144,-0.220088,3.01,-0.42,-3.92,-50
1786632868414,138775,Knee,stand,-0.095648,0.974536,-0.242536,1.96,-2.52,-3.92,-50
1786632868414,138792,Knee,stand,-0.096624,0.970632,-0.242048,1.05,-5.18,-3.99,-50
1786632868414,138809,Knee,stand,-0.110288,0.96868,-0.25132,0,-6.86,-4.13,-50
1786632868414,138825,Knee,stand,-0.110288,0.96136,-0.255224,-0.7,-11.76,-4.27,-50
1786632868726,139003,Knee,stand,-0.052216,0.973072,-0.174704,-3.71,-2.8,-13.58,-52
1786632868726,139034,Knee,stand,-0.13176,0.965752,-0.208376,-3.85,-5.04,-13.72,-52
1786632868726,139052,Knee,stand,-0.176656,0.964776,-0.213744,-4.27,-10.36,-13.65,-52
1786632868726,139069,Knee,stand,-0.176168,0.967216,-0.218624,-4.83,-15.26,-13.93,-52
1786632868726,139086,Knee,stand,-0.171288,0.95892,-0.209352,-5.88,-16.52,-14.14,-52
1786632868726,139117,Knee,stand,-0.138104,0.96868,-0.205936,-6.72,-19.11,-14.28,-52
1786632868726,139134,Knee,stand,-0.123952,0.964776,-0.19764,-7,-17.36,-14.7,-52
1786632868726,139151,Knee,stand,-0.12688,0.963312,-0.198128,-7,-14.7,-15.54,-52
1786632868726,139168,Knee,stand,-0.147376,0.955016,-0.189344,-7.49,-13.65,-15.96,-52
1786632868726,139185,Knee,stand,-0.165432,0.95648,-0.1708,-7.63,-12.81,-16.66,-52
1786632869087,139364,Knee,stand,-0.243024,0.965752,-0.12444,-4.83,-15.96,-13.16,-46
1786632869087,139395,Knee,stand,-0.263032,0.953064,-0.149816,-4.48,-22.47,-11.41,-46
1786632869087,139412,Knee,stand,-0.266936,0.941352,-0.130784,-5.11,-26.11,-10.29,-46
1786632869087,139429,Knee,stand,-0.268888,0.9394,-0.097112,-5.81,-27.16,-9.8,-46
1786632869087,139446,Knee,stand,-0.255712,0.944768,-0.072224,-5.95,-26.04,-10.43,-46
1786632869087,139476,Knee,stand,-0.254736,0.95648,-0.081984,-5.81,-17.15,-11.62,-46
1786632869087,139494,Knee,stand,-0.273768,0.950624,-0.098576,-5.6,-14.63,-11.83,-46
1786632869087,139510,Knee,stand,-0.276696,0.95404,-0.107848,-5.46,-13.93,-11.76,-46
1786632869087,139527,Knee,stand,-0.281576,0.953064,-0.125416,-5.53,-14.14,-11.55,-46
1786632869087,139544,Knee,stand,-0.291824,0.953064,-0.142496,-5.88,-15.82,-10.85,-46
1786632869447,139725,Knee,stand,-0.32696,0.93452,-0.000976,-2.38,-12.53,-4.76,-45
1786632869447,139756,Knee,stand,-0.326472,0.950624,0.010248,-0.14,-13.65,-2.52,-45
1786632869447,139773,Knee,stand,-0.340624,0.955992,-0.001952,0.63,-15.4,-1.61,-45
1786632869447,139790,Knee,stand,-0.329888,0.950624,-0.011712,1.96,-18.55,0.14,-45
1786632869447,139807,Knee,stand,-0.308904,0.94916,-0.01464,2.94,-19.53,1.05,-45
1786632869447,139838,Knee,stand,-0.284992,0.94428,-0.015616,2.8,-15.19,0.56,-45
1786632869447,139855,Knee,stand,-0.289384,0.937448,-0.003416,3.08,-9.31,-0.14,-45
1786632869447,139872,Knee,stand,-0.325984,0.938424,-0.007808,3.08,-5.46,-0.28,-45
1786632869447,139889,Knee,stand,-0.344528,0.935984,-0.021472,4.2,-6.16,0.28,-45
1786632869447,139906,Knee,stand,-0.364048,0.937936,-0.02684,4.41,-8.12,1.26,-45
1786632869815,140084,Knee,stand,-0.12444,0.967704,0.00976,4.9,-6.58,2.38,-45
1786632869815,140114,Knee,stand,-0.204472,0.960384,0.030744,2.52,14.77,-2.38,-45
1786632869815,140131,Knee,stand,-0.289384,0.955992,0.01464,3.99,15.54,-2.66,-45
1786632869815,140148,Knee,stand,-0.299632,0.960872,-0.028792,6.16,15.4,-3.29,-45
1786632869815,140166,Knee,stand,-0.311832,0.952088,-0.067344,7.56,15.54,-3.36,-45
1786632869815,140196,Knee,stand,-0.29768,0.950624,-0.084424,7.63,14.84,-3.57,-45
1786632869815,140213,Knee,stand,-0.315248,0.948672,-0.090768,8.05,12.74,-3.29,-45
1786632869815,140230,Knee,stand,-0.32208,0.948672,-0.091256,8.12,9.31,-2.31,-45
1786632869815,140247,Knee,stand,-0.318664,0.948672,-0.081496,8.33,4.76,-0.63,-45
1786632869815,140264,Knee,stand,-0.301584,0.94916,-0.079056,8.47,2.94,0,-45
1786632870160,140440,Knee,stand,-0.244976,0.9516,-0.118096,7.07,-2.8,1.54,-43
1786632870160,140471,Knee,stand,-0.249368,0.951112,-0.11468,6.37,2.73,0.07,-43
1786632870160,140488,Knee,stand,-0.255712,0.950136,-0.117608,6.09,5.46,-0.56,-43
1786632870160,140505,Knee,stand,-0.25864,0.949648,-0.122976,5.81,7.21,-0.91,-43
1786632870160,140522,Knee,stand,-0.26108,0.948184,-0.12932,5.53,8.33,-0.91,-43
1786632870160,140553,Knee,stand,-0.281088,0.946232,-0.127856,5.04,7.49,-0.91,-43
1786632870160,140570,Knee,stand,-0.2806,0.950624,-0.129808,4.9,5.11,-0.7,-43
1786632870160,140587,Knee,stand,-0.276696,0.948184,-0.130296,4.76,3.08,-0.49,-43
1786632870160,140604,Knee,stand,-0.276696,0.950136,-0.12932,4.34,2.45,-0.42,-43
1786632870160,140621,Knee,stand,-0.275232,0.948672,-0.128344,4.13,0.91,-0.14,-43
1786632870516,140795,Knee,stand,-0.270352,0.94672,-0.146888,-0.07,-1.61,-0.49,-43
1786632870516,140826,Knee,stand,-0.284504,0.94428,-0.142496,-0.49,-2.45,-0.14,-43
1786632870516,140843,Knee,stand,-0.282552,0.944768,-0.1342,-0.7,-3.64,0,-43
1786632870516,140860,Knee,stand,-0.269376,0.945744,-0.130784,-0.91,-3.71,0,-43
1786632870516,140877,Knee,stand,-0.264984,0.949648,-0.122976,-1.12,-3.5,0,-43
1786632870516,140908,Knee,stand,-0.267912,0.950136,-0.120048,-1.12,-3.64,0.07,-43
1786632870516,140925,Knee,stand,-0.272792,0.94672,-0.115656,-1.19,-3.92,0.21,-43
1786632870516,140942,Knee,stand,-0.264984,0.94916,-0.11224,-1.05,-4.48,0.35,-43
1786632870516,140959,Knee,stand,-0.260592,0.952576,-0.106384,-1.12,-4.41,0.14,-43
1786632870516,140976,Knee,stand,-0.259616,0.953064,-0.105408,-0.84,-3.92,0.07,-43
1786632870874,141152,Knee,stand,-0.267912,0.94672,-0.123952,-1.54,-8.54,1.54,-45
1786632870874,141183,Knee,stand,-0.259616,0.94916,-0.105408,-1.89,-6.93,1.12,-45
1786632870874,141200,Knee,stand,-0.262544,0.953064,-0.100528,-1.89,-6.37,1.12,-45
1786632870874,141217,Knee,stand,-0.261568,0.950624,-0.088816,-1.68,-5.39,1.05,-45
1786632870874,141234,Knee,stand,-0.257176,0.955016,-0.082472,-1.47,-4.62,0.91,-45
1786632870874,141265,Knee,stand,-0.25864,0.954528,-0.072224,-1.26,-4.2,0.63,-45
1786632870874,141282,Knee,stand,-0.257664,0.957456,-0.073688,-0.84,-4.2,0.56,-45
1786632870874,141299,Knee,stand,-0.258152,0.954528,-0.080032,-0.63,-4.27,0.42,-45
1786632870874,141316,Knee,stand,-0.256688,0.959408,-0.08296,-0.49,-4.55,0.35,-45
1786632870874,141333,Knee,stand,-0.254736,0.957456,-0.086376,-0.28,-4.76,0.42,-45
1786632871234,141509,Knee,stand,-0.254736,0.956968,-0.083936,-2.31,-5.46,0.56,-47
1786632871234,141541,Knee,stand,-0.255224,0.956968,-0.058072,-2.03,-7.56,0.7,-47
1786632871234,141558,Knee,stand,-0.249368,0.960872,-0.0488,-1.47,-8.12,0.77,-47
1786632871234,141575,Knee,stand,-0.24644,0.9638,-0.048312,-0.91,-8.54,0.7,-47
1786632871234,141592,Knee,stand,-0.24644,0.957944,-0.047824,-0.49,-8.68,0.49,-47
1786632871234,141623,Knee,stand,-0.238632,0.960872,-0.047824,-0.07,-7.56,-0.07,-47
1786632871234,141640,Knee,stand,-0.233264,0.9638,-0.052216,0.28,-6.23,-0.7,-47
1786632871234,141657,Knee,stand,-0.240096,0.960384,-0.062464,0.84,-4.69,-0.98,-47
1786632871234,141674,Knee,stand,-0.244976,0.957944,-0.067344,0.98,-4.62,-1.12,-47
1786632871234,141691,Knee,stand,-0.249856,0.958432,-0.071248,0.98,-4.9,-1.12,-47
1786632871594,141869,Knee,stand,-0.25376,0.957456,-0.079544,1.26,-4.83,-1.75,-47
1786632871594,141900,Knee,stand,-0.257664,0.953552,-0.071248,1.33,-4.27,-2.03,-47
1786632871594,141917,Knee,stand,-0.257176,0.955992,-0.071248,1.47,-4.06,-1.96,-47
1786632871594,141934,Knee,stand,-0.254736,0.959896,-0.06832,1.47,-3.22,-2.1,-47
1786632871594,141951,Knee,stand,-0.253272,0.956968,-0.069784,1.68,-2.31,-2.17,-47
1786632871594,141983,Knee,stand,-0.255712,0.95648,-0.074176,1.61,-1.61,-2.38,-47
1786632871594,142000,Knee,stand,-0.260592,0.95648,-0.075152,1.61,-1.33,-2.45,-47
1786632871594,142017,Knee,stand,-0.26352,0.957456,-0.077592,1.68,-1.4,-2.31,-47
1786632871594,142034,Knee,stand,-0.266448,0.952576,-0.084424,1.89,-1.89,-2.17,-47
1786632871594,142051,Knee,stand,-0.265472,0.954528,-0.082472,1.82,-2.24,-2.03,-47
1786632871964,142228,Knee,stand,-0.264008,0.955016,-0.07808,2.03,-3.99,-1.33,-47
1786632871964,142259,Knee,stand,-0.266448,0.95404,-0.081008,2.24,-3.92,-1.26,-47
1786632871964,142276,Knee,stand,-0.267424,0.953064,-0.081008,2.17,-3.78,-1.33,-47
1786632871964,142293,Knee,stand,-0.264496,0.955504,-0.077104,2.1,-3.99,-1.33,-47
1786632871964,142310,Knee,stand,-0.262056,0.957456,-0.075152,2.03,-4.13,-1.26,-47
1786632871964,142341,Knee,stand,-0.262544,0.95892,-0.082472,2.45,-4.27,-0.98,-47
1786632871964,142358,Knee,stand,-0.266936,0.954528,-0.094672,2.52,-4.34,-0.91,-47
1786632871964,142375,Knee,stand,-0.266936,0.9516,-0.098576,2.17,-4.9,-0.91,-47
1786632871964,142392,Knee,stand,-0.266448,0.951112,-0.098088,1.89,-4.83,-0.91,-47
1786632871964,142409,Knee,stand,-0.267424,0.954528,-0.099064,1.82,-4.83,-0.91,-47
1786632872312,142587,Knee,stand,-0.264984,0.952088,-0.085888,1.26,-4.69,-1.05,-52
1786632872312,142619,Knee,stand,-0.263032,0.954528,-0.081984,1.47,-4.2,-1.12,-52
1786632872312,142636,Knee,stand,-0.26108,0.95648,-0.0854,1.4,-3.85,-1.19,-52
1786632872312,142653,Knee,stand,-0.268888,0.950136,-0.086376,1.26,-3.08,-1.19,-52
1786632872312,142670,Knee,stand,-0.271816,0.952576,-0.09028,1.19,-3.36,-1.12,-52
1786632872312,142700,Knee,stand,-0.267424,0.95404,-0.083448,0.91,-4.41,-1.05,-52
1786632872312,142717,Knee,stand,-0.264496,0.955504,-0.081008,0.91,-4.2,-1.05,-52
1786632872312,142734,Knee,stand,-0.26352,0.955016,-0.076616,0.91,-4.06,-1.05,-52
1786632872312,142751,Knee,stand,-0.26596,0.953552,-0.07564,1.33,-3.92,-0.91,-52
1786632872312,142769,Knee,stand,-0.267424,0.95404,-0.077104,1.4,-3.99,-0.77,-52
1786632872674,142945,Knee,stand,-0.264008,0.955992,-0.076128,1.4,-2.59,-0.77,-55
1786632872674,142976,Knee,stand,-0.268888,0.955016,-0.081496,1.75,-3.22,-0.35,-55
1786632872674,142993,Knee,stand,-0.263032,0.954528,-0.080032,1.75,-3.71,-0.35,-55
1786632872674,143010,Knee,stand,-0.26108,0.957456,-0.081496,1.75,-3.78,-0.42,-55
1786632872674,143027,Knee,stand,-0.259616,0.955504,-0.082472,1.89,-3.85,-0.42,-55
1786632872674,143058,Knee,stand,-0.262544,0.955016,-0.090768,1.82,-3.78,-0.42,-55
1786632872674,143075,Knee,stand,-0.265472,0.95404,-0.090768,1.54,-4.13,-0.42,-55
1786632872674,143092,Knee,stand,-0.265472,0.953552,-0.08784,1.47,-4.62,-0.42,-55
1786632872674,143109,Knee,stand,-0.264984,0.955016,-0.086376,1.47,-5.04,-0.49,-55
1786632872674,143126,Knee,stand,-0.264984,0.955504,-0.089792,1.61,-5.18,-0.42,-55
1786632873068,143305,Knee,stand,-0.265472,0.952576,-0.083448,0.28,-3.5,-0.7,-55
1786632873068,143335,Knee,stand,-0.266448,0.954528,-0.079056,0.77,-4.62,-0.42,-55
1786632873068,143353,Knee,stand,-0.264008,0.955504,-0.079544,0.63,-4.9,-0.42,-55
1786632873068,143369,Knee,stand,-0.263032,0.95648,-0.08052,0.7,-5.18,-0.35,-55
1786632873068,143386,Knee,stand,-0.262544,0.956968,-0.081496,0.63,-5.25,-0.35,-55
1786632873068,143417,Knee,stand,-0.262056,0.956968,-0.080032,0.63,-5.46,-0.35,-55
1786632873068,143434,Knee,stand,-0.264496,0.95404,-0.077592,0.77,-5.53,-0.35,-55
1786632873068,143451,Knee,stand,-0.258152,0.95404,-0.07808,0.7,-6.09,-0.35,-55
1786632873068,143468,Knee,stand,-0.257176,0.95404,-0.07564,0.7,-6.16,-0.49,-55
1786632873068,143485,Knee,stand,-0.257664,0.957944,-0.072712,0.56,-6.09,-0.49,-55
1786632873431,143662,Knee,stand,-0.26352,0.955504,-0.071736,0.91,-4.41,-0.21,-57
1786632873431,143693,Knee,stand,-0.266936,0.954528,-0.069296,1.05,-4.34,-0.28,-57
1786632873431,143711,Knee,stand,-0.26596,0.955504,-0.074664,0.98,-4.62,-0.21,-57
1786632873431,143728,Knee,stand,-0.265472,0.953064,-0.07564,1.12,-4.97,0,-57
1786632873431,143745,Knee,stand,-0.264008,0.955016,-0.079544,1.4,-5.04,0.14,-57
1786632873431,143776,Knee,stand,-0.259616,0.956968,-0.083448,1.12,-5.39,0.07,-57
1786632873431,143793,Knee,stand,-0.256688,0.957456,-0.077104,0.84,-5.04,-0.07,-57
1786632873431,143811,Knee,stand,-0.254736,0.956968,-0.069296,0.98,-4.41,-0.14,-57
1786632873431,143828,Knee,stand,-0.254736,0.958432,-0.066856,0.98,-4.13,-0.28,-57
1786632873431,143845,Knee,stand,-0.255224,0.957456,-0.065392,0.91,-3.92,-0.35,-57
1786632873888,144020,Knee,stand,-0.260104,0.95648,-0.077592,1.68,-4.27,-0.14,-50
1786632873888,144051,Knee,stand,-0.255712,0.95648,-0.079544,1.4,-4.48,-0.07,-50
1786632873888,144068,Knee,stand,-0.25864,0.953064,-0.0732,1.54,-4.13,-0.21,-50
1786632873888,144085,Knee,stand,-0.260104,0.95648,-0.077104,1.75,-3.92,-0.21,-50
1786632873888,144102,Knee,stand,-0.260104,0.955016,-0.07808,1.75,-3.85,-0.14,-50
1786632873888,144133,Knee,stand,-0.255712,0.958432,-0.078568,1.54,-3.64,-0.28,-50
1786632873888,144150,Knee,stand,-0.26108,0.954528,-0.078568,1.68,-3.08,-0.28,-50
1786632873888,144167,Knee,stand,-0.262056,0.95648,-0.080032,1.68,-3.29,-0.21,-50
1786632873888,144184,Knee,stand,-0.258152,0.957944,-0.079544,1.47,-3.43,-0.21,-50
1786632873888,144201,Knee,stand,-0.256688,0.955016,-0.07564,1.19,-3.36,-0.21,-50
1786632874104,144377,Knee,stand,-0.253272,0.959408,-0.074664,0.98,-3.64,-0.42,-55
1786632874104,144408,Knee,stand,-0.254248,0.955992,-0.079056,1.12,-3.15,-0.35,-55
1786632874104,144425,Knee,stand,-0.259128,0.955992,-0.081496,1.26,-3.29,-0.35,-55
1786632874104,144442,Knee,stand,-0.25864,0.955992,-0.082472,1.26,-3.57,-0.14,-55
1786632874104,144459,Knee,stand,-0.26108,0.955504,-0.08296,1.4,-3.57,-0.14,-55
1786632874104,144490,Knee,stand,-0.259616,0.956968,-0.081984,1.26,-4.06,0.07,-55
1786632874104,144507,Knee,stand,-0.25376,0.956968,-0.079544,1.05,-3.43,0.07,-55
1786632874104,144525,Knee,stand,-0.256688,0.957456,-0.073688,1.12,-3.36,0,-55
1786632874104,144542,Knee,stand,-0.2562,0.958432,-0.066368,1.19,-3.43,0,-55
1786632874104,144559,Knee,stand,-0.243024,0.960872,-0.062464,1.05,-3.36,-0.28,-55
1786632874462,144734,Knee,stand,-0.25376,0.959408,-0.077104,1.12,-5.04,-1.33,-57
1786632874462,144765,Knee,stand,-0.261568,0.95404,-0.070272,0.84,-5.67,-1.26,-57
1786632874462,144782,Knee,stand,-0.258152,0.957456,-0.063928,1.05,-5.6,-1.19,-57
1786632874462,144799,Knee,stand,-0.257176,0.957944,-0.062464,1.26,-5.46,-1.19,-57
1786632874462,144816,Knee,stand,-0.25376,0.957456,-0.061976,1.47,-5.39,-1.19,-57
1786632874462,144847,Knee,stand,-0.248392,0.96136,-0.067344,1.54,-4.69,-1.33,-57
1786632874462,144864,Knee,stand,-0.25376,0.959408,-0.068808,1.68,-4.41,-1.4,-57
1786632874462,144881,Knee,stand,-0.2562,0.957944,-0.069784,1.61,-4.2,-1.54,-57
1786632874462,144898,Knee,stand,-0.255712,0.956968,-0.067832,1.61,-4.13,-1.54,-57
1786632874462,144915,Knee,stand,-0.257664,0.958432,-0.069784,1.82,-3.78,-1.4,-57
1786632874991,145093,Knee,stand,-0.266936,0.95404,-0.084912,1.54,-3.29,-0.84,-57
1786632874991,145124,Knee,stand,-0.273768,0.955504,-0.070272,1.4,-3.29,-0.7,-57
1786632874991,145141,Knee,stand,-0.271328,0.955504,-0.06588,1.54,-3.36,-0.42,-57
1786632874991,145158,Knee,stand,-0.26352,0.956968,-0.065392,1.4,-3.43,-0.42,-57
1786632874991,145175,Knee,stand,-0.253272,0.958432,-0.064904,1.4,-3.15,-0.56,-57
1786632874991,145206,Knee,stand,-0.255224,0.95892,-0.067344,1.68,-3.15,-0.49,-57
1786632874991,145283,Knee,stand,-0.24156,0.958432,-0.081496,1.26,-0.56,-2.03,-57
1786632874991,145314,Knee,stand,-0.259616,0.95648,-0.088816,1.05,0,-2.24,-57
1786632874991,145331,Knee,stand,-0.271816,0.953064,-0.0854,0.63,-0.28,-2.03,-57
1786632874991,145348,Knee,stand,-0.280112,0.951112,-0.084912,0.63,-1.61,-1.61,-57
1786632875256,145525,Knee,stand,-0.255224,0.957456,-0.067344,1.19,-10.78,2.31,-58
1786632875256,145556,Knee,stand,-0.235704,0.959408,-0.075152,1.47,-9.45,1.89,-58
1786632875256,145573,Knee,stand,-0.23912,0.962336,-0.076128,1.19,-8.89,1.82,-58
1786632875256,145590,Knee,stand,-0.244488,0.955504,-0.071736,1.33,-8.05,1.75,-58
1786632875256,145607,Knee,stand,-0.237656,0.960872,-0.066856,1.33,-7.84,1.47,-58
1786632875256,145638,Knee,stand,-0.232288,0.961848,-0.05856,1.33,-5.74,0.63,-58
1786632875256,145655,Knee,stand,-0.241072,0.962824,-0.061,1.47,-4.76,0.35,-58
1786632875256,145672,Knee,stand,-0.24644,0.959896,-0.06588,1.54,-4.76,0.35,-58
1786632875256,145689,Knee,stand,-0.243512,0.961848,-0.06588,1.4,-4.76,0.07,-58
1786632875256,145706,Knee,stand,-0.248392,0.960384,-0.071248,1.68,-4.48,0.07,-58
1786632875613,145883,Knee,stand,-0.246928,0.962336,-0.061488,1.19,-4.27,0.14,-57
1786632875613,145913,Knee,stand,-0.242048,0.965264,-0.05856,1.19,-4.62,0.07,-57
1786632875613,145931,Knee,stand,-0.244976,0.962336,-0.059048,0.91,-5.25,-0.14,-57
1786632875613,145948,Knee,stand,-0.241072,0.962336,-0.045384,0.7,-5.6,-0.14,-57
1786632875613,145964,Knee,stand,-0.23424,0.96624,-0.039528,0.98,-4.97,-0.49,-57
1786632875613,145995,Knee,stand,-0.224968,0.965752,-0.038552,0.98,-3.01,-1.33,-57
1786632875613,146012,Knee,stand,-0.231312,0.964288,-0.048312,1.4,-1.89,-1.75,-57
1786632875613,146029,Knee,stand,-0.233752,0.962824,-0.054168,1.4,-1.89,-2.03,-57
1786632875613,146046,Knee,stand,-0.23424,0.96136,-0.057584,1.33,-2.17,-2.17,-57
1786632875613,146063,Knee,stand,-0.238632,0.959896,-0.069296,1.61,-1.75,-2.17,-57
1786632875975,146240,Knee,stand,-0.24644,0.959408,-0.066856,1.05,-3.85,-1.47,-57
1786632875975,146271,Knee,stand,-0.245952,0.95892,-0.066368,0.77,-3.43,-1.68,-57
1786632875975,146288,Knee,stand,-0.246928,0.95892,-0.061976,0.56,-3.15,-1.82,-57
1786632875975,146305,Knee,stand,-0.244,0.960872,-0.056608,0.56,-3.08,-2.03,-57
1786632875975,146322,Knee,stand,-0.244488,0.958432,-0.059536,1.26,-2.59,-2.03,-57
1786632875975,146353,Knee,stand,-0.247904,0.959408,-0.061976,1.47,-2.31,-2.17,-57
1786632875975,146370,Knee,stand,-0.374784,0.958432,-0.057096,1.47,-2.24,-2.24,-57
1786632875975,146387,Knee,stand,-0.255224,0.957944,-0.053192,1.47,-2.59,-2.17,-57
1786632875975,146404,Knee,stand,-0.262544,0.958432,-0.052216,1.96,-2.73,-2.1,-57
1786632875975,146421,Knee,stand,-0.264984,0.957944,-0.058072,2.31,-3.22,-1.96,-57
1786632876329,146599,Knee,stand,-0.257664,0.957944,-0.082472,1.82,-6.3,-0.98,-57
1786632876329,146629,Knee,stand,-0.245952,0.95892,-0.06832,1.82,-5.25,-1.26,-57
1786632876329,146647,Knee,stand,-0.247416,0.960872,-0.061488,1.82,-4.62,-1.54,-57
1786632876329,146663,Knee,stand,-0.245952,0.959896,-0.055632,2.03,-4.2,-1.75,-57
1786632876329,146680,Knee,stand,-0.245952,0.960872,-0.056608,2.1,-3.99,-1.96,-57
1786632876329,146711,Knee,stand,-0.25376,0.95892,-0.05368,2.8,-3.43,-1.96,-57
1786632876329,146728,Knee,stand,-0.255224,0.960872,-0.059536,3.01,-3.64,-2.03,-57
1786632876329,146745,Knee,stand,-0.255224,0.956968,-0.062952,3.08,-3.85,-2.1,-57
1786632876329,146762,Knee,stand,-0.257664,0.957944,-0.066856,3.01,-3.64,-2.24,-57
1786632876329,146779,Knee,stand,-0.262544,0.955016,-0.071736,2.73,-3.29,-2.31,-57
1786632876688,146957,Knee,stand,-0.259616,0.955016,-0.080032,2.38,-2.1,-1.75,-60
1786632876688,146988,Knee,stand,-0.26108,0.955992,-0.076128,2.1,-1.75,-1.96,-60
1786632876688,147005,Knee,stand,-0.261568,0.955016,-0.074176,2.52,-1.68,-2.03,-60
1786632876688,147022,Knee,stand,-0.2562,0.95648,-0.079544,2.17,-1.33,-2.24,-60
1786632876688,147039,Knee,stand,-0.258152,0.955016,-0.082472,2.24,-0.63,-2.45,-60
1786632876688,147070,Knee,stand,-0.26352,0.950136,-0.089792,2.1,-0.63,-2.31,-60
1786632876688,147087,Knee,stand,-0.272792,0.951112,-0.089304,1.82,-0.56,-2.03,-60
1786632876688,147104,Knee,stand,-0.284504,0.94916,-0.087352,1.89,-1.12,-1.96,-60
1786632876688,147121,Knee,stand,-0.279624,0.95404,-0.088328,1.54,-2.03,-1.75,-60
1786632876688,147138,Knee,stand,-0.283528,0.950624,-0.084912,1.54,-2.24,-1.61,-60
1786632877065,147313,Knee,stand,-0.25132,0.956968,-0.087352,2.8,-10.08,0.7,-60
1786632877065,147344,Knee,stand,-0.242536,0.95404,-0.1098,1.89,-9.1,0,-60
1786632877065,147361,Knee,stand,-0.243024,0.95648,-0.106384,1.05,-8.33,-0.63,-60
1786632877065,147378,Knee,stand,-0.243024,0.95648,-0.101504,0.77,-7.7,-1.33,-60
1786632877065,147395,Knee,stand,-0.246928,0.955992,-0.0854,0.14,-6.51,-1.54,-60
1786632877065,147426,Knee,stand,-0.249856,0.957456,-0.062464,0.14,-4.62,-2.17,-60
1786632877065,147443,Knee,stand,-0.246928,0.959896,-0.059048,0.7,-4.13,-2.24,-60
1786632877065,147460,Knee,stand,-0.254248,0.958432,-0.059536,0.7,-3.5,-2.52,-60
1786632877065,147477,Knee,stand,-0.260104,0.958432,-0.059048,0.56,-3.29,-2.66,-60
1786632877065,147494,Knee,stand,-0.259616,0.95648,-0.056608,0.49,-3.36,-2.94,-60
1786632877474,147669,Knee,stand,-0.276696,0.948672,-0.087352,-0.35,0,-3.85,-60
1786632877474,147701,Knee,stand,-0.280112,0.951112,-0.07564,0.35,-0.28,-3.43,-60
1786632877474,147718,Knee,stand,-0.279136,0.948672,-0.07076,1.05,0.14,-3.29,-60
1786632877474,147735,Knee,stand,-0.281576,0.950136,-0.073688,0.91,0.49,-3.29,-60
1786632877474,147752,Knee,stand,-0.284016,0.952088,-0.072712,0.91,1.05,-3.15,-60
1786632877474,147783,Knee,stand,-0.28304,0.949648,-0.072224,1.12,1.33,-2.87,-60
1786632877474,147800,Knee,stand,-0.291824,0.9516,-0.073688,1.47,1.33,-2.59,-60
1786632877474,147817,Knee,stand,-0.291336,0.948184,-0.074176,1.68,0.49,-2.17,-60
1786632877474,147834,Knee,stand,-0.291336,0.951112,-0.072224,1.47,-0.28,-1.89,-60
1786632877474,147851,Knee,stand,-0.28792,0.947696,-0.069784,1.47,-0.21,-1.82,-60
1786632877758,148026,Knee,stand,-0.276208,0.951112,-0.082472,2.24,-1.61,-0.98,-58
1786632877758,148057,Knee,stand,-0.27572,0.952088,-0.081008,1.96,-2.24,-1.05,-58
1786632877758,148074,Knee,stand,-0.274256,0.952576,-0.08296,1.82,-2.66,-1.12,-58
1786632877758,148092,Knee,stand,-0.27084,0.95404,-0.090768,2.45,-2.87,-1.12,-58
1786632877758,148109,Knee,stand,-0.277184,0.949648,-0.093696,2.17,-2.73,-1.19,-58
1786632877758,148140,Knee,stand,-0.286944,0.947208,-0.090768,1.82,-3.43,-0.98,-58
1786632877758,148157,Knee,stand,-0.287432,0.94916,-0.091744,2.38,-3.85,-0.84,-58
1786632877758,148173,Knee,stand,-0.286944,0.950624,-0.092232,2.17,-4.2,-0.77,-58
1786632877758,148190,Knee,stand,-0.291824,0.949648,-0.090768,1.96,-4.55,-0.63,-58
1786632877758,148207,Knee,stand,-0.288408,0.9516,-0.08784,1.68,-5.39,-0.49,-58
1786632878138,148384,Knee,stand,-0.27816,0.952088,-0.096136,0.56,-8.12,0,-59
1786632878138,148415,Knee,stand,-0.276208,0.953064,-0.097112,-0.14,-8.19,-0.14,-59
1786632878138,148432,Knee,stand,-0.276696,0.951112,-0.094672,-0.49,-8.12,-0.21,-59
1786632878138,148449,Knee,stand,-0.277672,0.9516,-0.091256,-0.49,-7.77,-0.21,-59
1786632878138,148466,Knee,stand,-0.277672,0.951112,-0.088816,-0.84,-7.42,-0.21,-59
1786632878138,148497,Knee,stand,-0.278648,0.952576,-0.074664,-0.91,-6.37,-0.28,-59
1786632878138,148515,Knee,stand,-0.276696,0.950136,-0.06832,-0.98,-5.95,-0.42,-59
1786632878138,148532,Knee,stand,-0.277184,0.950136,-0.067344,-0.84,-5.6,-0.35,-59
1786632878138,148549,Knee,stand,-0.2806,0.953064,-0.069296,-0.42,-5.6,-0.35,-59
1786632878138,148566,Knee,stand,-0.2806,0.952088,-0.070272,-0.42,-5.67,-0.28,-59
1786632878477,148742,Knee,stand,-0.277672,0.953064,-0.063928,1.05,-3.22,-0.42,-59
1786632878477,148773,Knee,stand,-0.279624,0.951112,-0.071248,1.05,-2.66,-0.49,-59
1786632878477,148790,Knee,stand,-0.283528,0.950624,-0.076128,0.77,-2.73,-0.56,-59
1786632878477,148807,Knee,stand,-0.284504,0.950136,-0.074176,0.49,-2.8,-0.42,-59
1786632878477,148824,Knee,stand,-0.28304,0.949648,-0.070272,0.56,-2.8,-0.21,-59
1786632878477,148855,Knee,stand,-0.278648,0.950624,-0.063928,0.91,-2.73,-0.14,-59
1786632878477,148872,Knee,stand,-0.278648,0.953064,-0.061976,0.91,-2.73,-0.14,-59
1786632878477,148889,Knee,stand,-0.272792,0.95404,-0.060024,0.91,-2.73,-0.21,-59
1786632878477,148906,Knee,stand,-0.273768,0.955016,-0.060512,1.05,-2.66,-0.14,-59
1786632878477,148923,Knee,stand,-0.273768,0.953552,-0.066856,1.05,-2.8,-0.21,-59
1786632878837,149100,Knee,stand,-0.275232,0.953552,-0.06588,1.68,-4.2,-0.21,-60
1786632878837,149132,Knee,stand,-0.274744,0.952576,-0.06832,2.03,-3.99,-0.21,-60
1786632878837,149149,Knee,stand,-0.274744,0.952088,-0.073688,2.1,-4.13,-0.14,-60
1786632878837,149166,Knee,stand,-0.27572,0.950136,-0.076128,2.59,-4.48,0.14,-60
1786632878837,149183,Knee,stand,-0.279136,0.950624,-0.079056,2.94,-4.76,0.28,-60
1786632878837,149214,Knee,stand,-0.276696,0.956968,-0.095648,3.01,-5.39,0.56,-60
1786632878837,149231,Knee,stand,-0.274256,0.955504,-0.093208,2.31,-5.39,0.42,-60
1786632878837,149248,Knee,stand,-0.27328,0.952088,-0.084912,1.4,-5.32,0.42,-60
1786632878837,149265,Knee,stand,-0.273768,0.955992,-0.080032,0.91,-5.25,0.42,-60
1786632878837,149282,Knee,stand,-0.2684,0.955016,-0.07564,0.21,-5.25,0.28,-60
1786632879266,149457,Knee,stand,-0.264496,0.95648,-0.075152,0.35,-5.11,-0.49,-60
1786632879266,149488,Knee,stand,-0.267424,0.951112,-0.06832,0.07,-4.83,-0.56,-60
1786632879266,149505,Knee,stand,-0.267912,0.952576,-0.067832,0.56,-4.97,-0.49,-60
1786632879266,149522,Knee,stand,-0.261568,0.956968,-0.06832,0.49,-4.9,-0.49,-60
1786632879266,149539,Knee,stand,-0.261568,0.955992,-0.066368,0.84,-4.13,-0.56,-60
1786632879266,149570,Knee,stand,-0.27084,0.950136,-0.055632,0.91,-4.06,-0.42,-60
1786632879266,149587,Knee,stand,-0.277184,0.957456,-0.059536,1.47,-4.41,-0.35,-60
1786632879266,149604,Knee,stand,-0.272792,0.955016,-0.061,1.05,-5.18,-0.35,-60
1786632879266,149621,Knee,stand,-0.272792,0.953064,-0.05612,1.26,-5.25,-0.21,-60
1786632879266,149638,Knee,stand,-0.275232,0.957456,-0.062952,0.98,-5.81,-0.14,-60
1786632879611,149815,Knee,stand,-0.267424,0.955504,-0.068808,1.05,-7.28,2.03,-60
1786632879611,149846,Knee,stand,-0.255224,0.957944,-0.035136,0.21,-7.35,1.4,-60
1786632879611,149863,Knee,stand,-0.249368,0.959896,-0.034648,0.42,-7.07,1.33,-60
1786632879611,149880,Knee,stand,-0.242048,0.961848,-0.027816,0.42,-6.65,0.91,-60
1786632879611,149897,Knee,stand,-0.242048,0.962824,-0.025376,0.63,-5.88,0.63,-60
1786632879611,149928,Knee,stand,-0.251808,0.958432,-0.028792,1.33,-4.83,0.35,-60
1786632879611,149946,Knee,stand,-0.255712,0.959896,-0.045384,2.03,-4.13,0.28,-60
1786632879611,149963,Knee,stand,-0.251808,0.959408,-0.056608,1.61,-3.78,-0.21,-60
1786632879611,149979,Knee,stand,-0.258152,0.957944,-0.06344,1.26,-3.43,-0.28,-60
1786632879611,149996,Knee,stand,-0.258152,0.957944,-0.06588,1.19,-3.43,-0.35,-60
1786632879909,150173,Knee,stand,-0.250832,0.960384,-0.0488,-0.28,-4.69,-0.42,-58
1786632879909,150204,Knee,stand,-0.24644,0.960872,-0.0488,0.84,-3.85,-0.42,-58
1786632879909,150221,Knee,stand,-0.248392,0.961848,-0.051728,0.77,-3.85,-0.63,-58
1786632879909,150238,Knee,stand,-0.247416,0.961848,-0.0488,0.35,-3.78,-0.91,-58
1786632879909,150255,Knee,stand,-0.244,0.9638,-0.047336,0.07,-3.43,-1.26,-58
1786632879909,150286,Knee,stand,-0.24888,0.959896,-0.041968,-0.07,-2.8,-1.75,-58
1786632879909,150303,Knee,stand,-0.252296,0.9638,-0.044408,0,-3.08,-1.82,-58
1786632879909,150320,Knee,stand,-0.246928,0.964776,-0.043432,-0.14,-3.29,-2.1,-58
1786632879909,150337,Knee,stand,-0.249856,0.95892,-0.034648,0.77,-2.87,-2.03,-58
1786632879909,150354,Knee,stand,-0.259128,0.956968,-0.04148,1.47,-2.8,-1.75,-58
1786632880281,150530,Knee,stand,-0.264984,0.957944,-0.049288,1.47,-4.34,-1.61,-58
1786632880281,150561,Knee,stand,-0.264984,0.956968,-0.045384,1.82,-4.27,-1.4,-58
1786632880281,150578,Knee,stand,-0.262544,0.95892,-0.047336,2.03,-4.48,-1.26,-58
1786632880281,150595,Knee,stand,-0.260592,0.958432,-0.046848,1.75,-4.41,-1.33,-58
1786632880281,150612,Knee,stand,-0.26108,0.95892,-0.043432,1.68,-4.34,-1.47,-58
1786632880281,150643,Knee,stand,-0.264496,0.95892,-0.050264,3.01,-4.13,-1.12,-58
1786632880281,150660,Knee,stand,-0.261568,0.95892,-0.056608,2.94,-3.99,-1.26,-58
1786632880281,150677,Knee,stand,-0.262056,0.955016,-0.060024,2.66,-4.27,-1.19,-58
1786632880281,150694,Knee,stand,-0.264008,0.955016,-0.061976,2.87,-4.2,-1.05,-58
1786632880281,150711,Knee,stand,-0.266448,0.955992,-0.071736,3.01,-4.27,-0.98,-58
1786632880629,150889,Knee,stand,-0.262544,0.957456,-0.05856,1.61,-4.9,-1.05,-59
1786632880629,150920,Knee,stand,-0.264496,0.957456,-0.062464,1.61,-4.76,-1.12,-59
1786632880629,150937,Knee,stand,-0.260592,0.957944,-0.060512,1.19,-5.04,-1.33,-59
1786632880629,150954,Knee,stand,-0.259616,0.957456,-0.054168,0.84,-5.04,-1.47,-59
1786632880629,150971,Knee,stand,-0.256688,0.95648,-0.054168,1.89,-4.69,-1.26,-59
1786632880629,151002,Knee,stand,-0.259616,0.955992,-0.061,2.03,-4.55,-1.26,-59
1786632880629,151019,Knee,stand,-0.259616,0.957944,-0.066856,1.89,-4.34,-1.4,-59
1786632880629,151036,Knee,stand,-0.26108,0.955992,-0.063928,1.61,-4.06,-1.61,-59
1786632880629,151053,Knee,stand,-0.262056,0.95648,-0.063928,1.61,-3.92,-1.75,-59
1786632880629,151071,Knee,stand,-0.265472,0.955992,-0.063928,1.89,-3.57,-1.75,-59
1786632880988,151249,Knee,stand,-0.27816,0.952576,-0.068808,1.75,1.4,-3.57,-58
1786632880988,151280,Knee,stand,-0.300608,0.949648,-0.064904,1.68,0,-3.08,-58
1786632880988,151297,Knee,stand,-0.306952,0.951112,-0.065392,1.47,-1.75,-2.45,-58
1786632880988,151314,Knee,stand,-0.315248,0.946232,-0.063928,2.03,-3.71,-1.61,-58
1786632880988,151331,Knee,stand,-0.311832,0.94916,-0.072712,2.73,-6.02,-0.56,-58
1786632880988,151362,Knee,stand,-0.296216,0.947696,-0.065392,2.31,-8.33,0.35,-58
1786632880988,151379,Knee,stand,-0.285968,0.9516,-0.049288,2.31,-8.89,0.84,-58
1786632880988,151396,Knee,stand,-0.271328,0.959408,-0.0366,2.66,-9.17,0.91,-58
1786632880988,151413,Knee,stand,-0.264496,0.962824,-0.033184,3.15,-8.89,0.77,-58
1786632880988,151430,Knee,stand,-0.254248,0.960384,-0.03172,3.57,-8.75,0.77,-58
1786632881343,151607,Knee,stand,-0.286456,0.950136,-0.07808,2.59,-3.15,-1.82,-61
1786632881343,151638,Knee,stand,-0.286456,0.949648,-0.06832,2.87,-4.55,-1.19,-61
1786632881343,151655,Knee,stand,-0.279136,0.953064,-0.067832,2.87,-5.32,-0.98,-61
1786632881343,151672,Knee,stand,-0.274256,0.9516,-0.067832,2.94,-5.74,-0.84,-61
1786632881343,151689,Knee,stand,-0.270352,0.953552,-0.07076,3.01,-5.53,-0.77,-61
1786632881343,151720,Knee,stand,-0.263032,0.955992,-0.07808,3.22,-4.48,-0.98,-61
1786632881343,151737,Knee,stand,-0.263032,0.95404,-0.081984,2.87,-3.29,-1.19,-61
1786632881343,151754,Knee,stand,-0.26352,0.953552,-0.080032,2.52,-2.59,-1.4,-61
1786632881343,151771,Knee,stand,-0.2684,0.952088,-0.077592,2.38,-2.38,-1.47,-61
1786632881343,151788,Knee,stand,-0.272304,0.9516,-0.07076,2.66,-2.03,-1.61,-61
1786632881703,151964,Knee,stand,-0.270352,0.95648,-0.089792,2.1,-1.19,-2.73,-61
1786632881703,151994,Knee,stand,-0.274744,0.95404,-0.088816,1.47,-1.19,-2.87,-61
1786632881703,152011,Knee,stand,-0.276696,0.948184,-0.08296,2.24,-1.33,-2.66,-61
1786632881703,152028,Knee,stand,-0.279136,0.950624,-0.089304,2.45,-1.33,-2.52,-61
1786632881703,152045,Knee,stand,-0.28304,0.952576,-0.089792,2.38,-1.82,-2.66,-61
1786632881703,152076,Knee,stand,-0.287432,0.948672,-0.089304,1.75,-2.45,-2.24,-61
1786632881703,152093,Knee,stand,-0.284992,0.951112,-0.08784,1.4,-2.87,-2.17,-61
1786632881703,152110,Knee,stand,-0.283528,0.950624,-0.08296,1.47,-3.15,-2.1,-61
1786632881703,152127,Knee,stand,-0.284016,0.947696,-0.08296,2.03,-2.8,-1.96,-61
1786632881703,152144,Knee,stand,-0.288896,0.944768,-0.088328,2.38,-2.8,-1.75,-61
1786632882070,152321,Knee,stand,-0.289384,0.948672,-0.093208,1.26,-5.67,0.07,-56
1786632882070,152352,Knee,stand,-0.287432,0.947696,-0.08784,0.7,-5.88,0.21,-56
1786632882070,152369,Knee,stand,-0.283528,0.947208,-0.083448,1.05,-5.95,0.35,-56
1786632882070,152386,Knee,stand,-0.282552,0.950136,-0.085888,0.98,-5.88,0.42,-56
1786632882070,152403,Knee,stand,-0.276696,0.952576,-0.089304,0.84,-5.81,0.35,-56
1786632882070,152434,Knee,stand,-0.27816,0.952576,-0.091256,0.21,-5.6,0.35,-56
1786632882070,152451,Knee,stand,-0.282064,0.950624,-0.086376,0.14,-5.53,0.28,-56
1786632882070,152468,Knee,stand,-0.281576,0.948672,-0.083448,0.21,-5.88,0.35,-56
1786632882070,152485,Knee,stand,-0.281088,0.9516,-0.079056,0.14,-5.74,0.28,-56
1786632882070,152502,Knee,stand,-0.2806,0.952576,-0.073688,0.35,-5.88,0.35,-56
1786632882421,152677,Knee,stand,-0.274744,0.952088,-0.081496,1.4,-4.9,0.14,-58
1786632882421,152708,Knee,stand,-0.270352,0.954528,-0.076616,0.98,-4.83,-0.07,-58
1786632882421,152725,Knee,stand,-0.271816,0.953064,-0.076616,1.05,-4.69,-0.14,-58
1786632882421,152742,Knee,stand,-0.269864,0.953552,-0.07564,0.84,-4.62,-0.14,-58
1786632882421,152759,Knee,stand,-0.269864,0.953552,-0.073688,0.49,-3.99,-0.35,-58
1786632882421,152790,Knee,stand,-0.275232,0.949648,-0.070272,0.7,-3.64,-0.42,-58
1786632882421,152808,Knee,stand,-0.271816,0.954528,-0.07076,0.77,-3.64,-0.42,-58
1786632882421,152825,Knee,stand,-0.268888,0.95404,-0.071248,0.7,-3.36,-0.63,-58
1786632882421,152842,Knee,stand,-0.271816,0.950624,-0.07564,0.84,-3.36,-0.63,-58
1786632882421,152859,Knee,stand,-0.274256,0.952088,-0.076616,1.05,-3.64,-0.56,-58
1786632882779,153036,Knee,stand,-0.264984,0.955016,-0.081984,0.56,-3.85,-1.05,-59
1786632882779,153067,Knee,stand,-0.267424,0.95404,-0.081008,0.28,-2.8,-1.54,-59
1786632882779,153084,Knee,stand,-0.273768,0.951112,-0.074176,0.28,-2.87,-1.54,-59
1786632882779,153101,Knee,stand,-0.276696,0.951112,-0.072712,0.63,-3.29,-1.4,-59
1786632882779,153118,Knee,stand,-0.274256,0.953552,-0.069784,0.91,-3.85,-1.33,-59
1786632882779,153149,Knee,stand,-0.27572,0.95404,-0.064416,0.91,-4.27,-1.33,-59
1786632882779,153166,Knee,stand,-0.273768,0.955992,-0.066856,0.98,-4.69,-1.26,-59
1786632882779,153183,Knee,stand,-0.271328,0.952576,-0.070272,1.05,-4.76,-1.26,-59
1786632882779,153200,Knee,stand,-0.272304,0.953064,-0.074664,0.91,-4.55,-1.33,-59
1786632882779,153217,Knee,stand,-0.277184,0.950136,-0.075152,1.05,-4.48,-1.19,-59
1786632883135,153394,Knee,stand,-0.277672,0.951112,-0.076128,0.84,-4.83,-0.63,-59
1786632883135,153425,Knee,stand,-0.276696,0.952088,-0.070272,0.77,-4.83,-0.56,-59
1786632883135,153442,Knee,stand,-0.27572,0.9516,-0.06832,0.84,-4.69,-0.63,-59
1786632883135,153459,Knee,stand,-0.2806,0.952576,-0.067344,0.77,-4.27,-0.63,-59
1786632883135,153476,Knee,stand,-0.27816,0.9516,-0.066368,0.91,-4.2,-0.56,-59
1786632883135,153507,Knee,stand,-0.274256,0.952576,-0.064904,0.98,-3.92,-0.56,-59
1786632883135,153524,Knee,stand,-0.273768,0.953552,-0.068808,0.98,-3.43,-0.63,-59
1786632883135,153541,Knee,stand,-0.277672,0.953064,-0.070272,0.84,-3.29,-0.63,-59
1786632883135,153558,Knee,stand,-0.277184,0.952576,-0.071248,0.84,-3.5,-0.63,-59
1786632883135,153575,Knee,stand,-0.27572,0.95404,-0.069784,0.84,-3.64,-0.63,-59
1786632883492,153751,Knee,stand,-0.277672,0.952088,-0.072224,0.91,-3.22,-1.05,-54
1786632883492,153782,Knee,stand,-0.276696,0.955504,-0.067832,0.84,-3.5,-1.05,-54
1786632883492,153799,Knee,stand,-0.27328,0.954528,-0.067832,0.77,-3.43,-1.05,-54
1786632883492,153816,Knee,stand,-0.271816,0.952576,-0.065392,0.77,-3.15,-1.19,-54
1786632883492,153833,Knee,stand,-0.271816,0.953552,-0.061976,0.98,-3.01,-1.19,-54
1786632883492,153864,Knee,stand,-0.27084,0.95404,-0.06344,1.4,-3.15,-1.26,-54
1786632883492,153881,Knee,stand,-0.27328,0.954528,-0.065392,1.4,-3.22,-1.33,-54
1786632883492,153898,Knee,stand,-0.27572,0.954528,-0.06588,1.33,-3.71,-1.26,-54
1786632883492,153915,Knee,stand,-0.277672,0.954528,-0.067832,1.4,-3.99,-1.12,-54
1786632883492,153932,Knee,stand,-0.276208,0.953064,-0.07076,1.33,-4.41,-1.12,-54
1786632883883,154107,Knee,stand,-0.286456,0.951112,-0.06588,1.47,-3.78,-0.91,-53
1786632883883,154137,Knee,stand,-0.28548,0.950624,-0.069296,1.4,-4.27,-0.7,-53
1786632883883,154154,Knee,stand,-0.284992,0.951112,-0.074664,1.47,-4.76,-0.49,-53
1786632883883,154171,Knee,stand,-0.285968,0.950624,-0.074664,1.4,-5.11,-0.28,-53
1786632883883,154188,Knee,stand,-0.284504,0.952576,-0.078568,1.26,-5.25,-0.28,-53
1786632883883,154219,Knee,stand,-0.273768,0.954528,-0.087352,0.84,-4.55,-0.49,-53
1786632883883,154237,Knee,stand,-0.271816,0.9516,-0.086864,0.63,-4.27,-0.7,-53
1786632883883,154254,Knee,stand,-0.272304,0.951112,-0.078568,0.7,-3.71,-0.7,-53
1786632883883,154271,Knee,stand,-0.27084,0.95404,-0.065392,0.63,-3.15,-0.91,-53
1786632883883,154288,Knee,stand,-0.269376,0.955504,-0.048312,0.56,-2.73,-1.12,-53
1786632884238,154464,Knee,stand,-0.282064,0.949648,-0.098088,2.1,-3.85,-1.26,-53
1786632884238,154495,Knee,stand,-0.29036,0.947696,-0.091256,0.84,-3.64,-1.19,-53
1786632884238,154512,Knee,stand,-0.289872,0.947696,-0.084912,0.7,-3.99,-1.05,-53
1786632884238,154529,Knee,stand,-0.284016,0.9516,-0.074664,0.49,-4.2,-0.91,-53
1786632884238,154547,Knee,stand,-0.276208,0.953064,-0.066368,0.49,-4.27,-0.91,-53
1786632884238,154578,Knee,stand,-0.276208,0.955016,-0.062464,0.84,-4.97,-0.7,-53
1786632884238,154595,Knee,stand,-0.275232,0.9516,-0.063928,1.05,-5.11,-0.7,-53
1786632884238,154612,Knee,stand,-0.276208,0.953064,-0.066368,1.26,-5.32,-0.49,-53
1786632884238,154629,Knee,stand,-0.277184,0.951112,-0.06588,1.47,-4.9,-0.56,-53
1786632884238,154647,Knee,stand,-0.2806,0.952576,-0.067344,1.4,-4.27,-0.7,-53
1786632884624,154823,Knee,stand,-0.276208,0.9516,-0.075152,1.54,-5.39,0.35,-53
1786632884624,154854,Knee,stand,-0.277184,0.952088,-0.08052,1.47,-5.39,0.28,-53
1786632884624,154872,Knee,stand,-0.276208,0.948672,-0.07808,1.19,-5.53,0.28,-53
1786632884624,154889,Knee,stand,-0.2806,0.948184,-0.075152,1.33,-5.6,0.49,-53
1786632884624,154906,Knee,stand,-0.28304,0.953064,-0.07564,1.47,-5.81,0.49,-53
1786632884624,154937,Knee,stand,-0.278648,0.951112,-0.07076,0.63,-5.39,0.56,-53
1786632884624,154954,Knee,stand,-0.281576,0.955992,-0.06588,0.07,-5.46,0.56,-53
1786632884624,154971,Knee,stand,-0.27816,0.954528,-0.061488,-0.49,-5.39,0.63,-53
1786632884624,154988,Knee,stand,-0.271328,0.95648,-0.057096,-0.35,-5.32,0.49,-53
1786632884624,155005,Knee,stand,-0.261568,0.955016,-0.055632,-0.56,-4.97,0.28,-53
1786632884926,155181,Knee,stand,-0.27572,0.955504,-0.04636,1.05,-2.1,-1.47,-52
1786632884926,155212,Knee,stand,-0.277184,0.954528,-0.06344,1.61,-4.06,-1.12,-52
1786632884926,155229,Knee,stand,-0.279136,0.953552,-0.067344,1.47,-4.55,-1.05,-52
1786632884926,155246,Knee,stand,-0.2806,0.951112,-0.072224,1.47,-5.39,-0.84,-52
1786632884926,155263,Knee,stand,-0.279624,0.952576,-0.076616,1.68,-6.3,-0.63,-52
1786632884926,155294,Knee,stand,-0.278648,0.952576,-0.080032,1.33,-7.14,-0.35,-52
1786632884926,155311,Knee,stand,-0.277672,0.953064,-0.072224,0.91,-7.14,-0.35,-52
1786632884926,155328,Knee,stand,-0.276696,0.953552,-0.066368,0.7,-6.93,-0.42,-52
1786632884926,155344,Knee,stand,-0.273768,0.955016,-0.067344,0.56,-6.23,-0.63,-52
1786632884926,155361,Knee,stand,-0.270352,0.952088,-0.067344,0.42,-5.53,-0.84,-52
1786632885284,155538,Knee,stand,-0.269864,0.955992,-0.029768,3.57,-1.19,-2.03,-52
1786632885284,155569,Knee,stand,-0.27572,0.952576,-0.039528,4.2,-2.1,-2.03,-52
1786632885284,155586,Knee,stand,-0.279624,0.953064,-0.051728,4.27,-2.59,-2.03,-52
1786632885284,155603,Knee,stand,-0.286944,0.948672,-0.063928,4.76,-2.8,-1.82,-52
1786632885284,155620,Knee,stand,-0.2928,0.950624,-0.082472,4.9,-3.22,-1.54,-52
1786632885284,155651,Knee,stand,-0.291336,0.952088,-0.094184,3.43,-3.57,-1.47,-52
1786632885284,155669,Knee,stand,-0.289384,0.951112,-0.100528,2.45,-3.57,-1.4,-52
1786632885284,155686,Knee,stand,-0.2928,0.948184,-0.099552,1.75,-3.64,-1.26,-52
1786632885284,155703,Knee,stand,-0.293288,0.948672,-0.090768,1.4,-4.41,-0.98,-52
1786632885284,155720,Knee,stand,-0.28548,0.951112,-0.0854,1.19,-4.69,-0.84,-52
1786632885642,155896,Knee,stand,-0.272304,0.953064,-0.058072,-0.21,-5.04,-1.12,-51
1786632885642,155928,Knee,stand,-0.26596,0.95648,-0.044896,0.28,-4.69,-1.33,-51
1786632885642,155945,Knee,stand,-0.269864,0.95404,-0.044896,0.42,-4.62,-1.47,-51
1786632885642,155962,Knee,stand,-0.274744,0.954528,-0.042944,0.77,-4.83,-1.47,-51
1786632885642,155979,Knee,stand,-0.279136,0.9516,-0.040504,1.05,-5.18,-1.47,-51
1786632885642,156009,Knee,stand,-0.27816,0.953552,-0.040504,1.54,-5.18,-1.4,-51
1786632885642,156026,Knee,stand,-0.278648,0.952576,-0.04636,1.68,-4.69,-1.47,-51
1786632885642,156043,Knee,stand,-0.279624,0.952576,-0.054656,1.96,-4.41,-1.4,-51
1786632885642,156060,Knee,stand,-0.283528,0.950136,-0.057584,2.03,-4.48,-1.26,-51
1786632885642,156077,Knee,stand,-0.283528,0.9516,-0.06588,2.03,-4.55,-1.26,-51
1786632886014,156255,Knee,stand,-0.281088,0.953064,-0.04392,2.03,-2.59,-1.54,-51
1786632886014,156285,Knee,stand,-0.287432,0.953064,-0.05124,2.31,-2.31,-1.33,-51
1786632886014,156302,Knee,stand,-0.289872,0.952576,-0.06344,2.38,-2.31,-1.19,-51
1786632886014,156319,Knee,stand,-0.289872,0.94916,-0.081008,2.38,-2.52,-1.26,-51
1786632886014,156336,Knee,stand,-0.286944,0.950624,-0.105896,2.24,-2.94,-1.33,-51
1786632886014,156367,Knee,stand,-0.27572,0.950136,-0.115168,1.47,-3.43,-1.47,-51
1786632886014,156384,Knee,stand,-0.287432,0.933544,-0.08296,1.05,-3.71,-1.05,-51
1786632886014,156401,Knee,stand,-0.301584,0.943304,-0.06832,0.84,-4.83,-0.91,-51
1786632886014,156418,Knee,stand,-0.284504,0.953064,-0.045872,0.84,-4.55,-1.19,-51
1786632886014,156449,Knee,stand,-0.286456,0.954528,-0.031232,2.31,-3.01,-0.7,-51
1786632886594,156626,Knee,stand,-0.285968,0.949648,-0.122,4.55,-2.52,-1.19,-51
1786632886594,156657,Knee,stand,-0.284504,0.947208,-0.153232,1.96,-3.29,-1.19,-51
1786632886594,156674,Knee,stand,-0.289872,0.942816,-0.152256,1.26,-3.15,-1.12,-51
1786632886594,156691,Knee,stand,-0.301584,0.942816,-0.147864,0,-3.5,-0.98,-51
1786632886594,156708,Knee,stand,-0.300608,0.943792,-0.129808,-1.12,-4.06,-0.84,-51
1786632886594,156739,Knee,stand,-0.289384,0.949648,-0.095648,-2.03,-4.55,-0.77,-51
1786632886594,156757,Knee,stand,-0.29036,0.952088,-0.075152,-2.38,-4.76,-0.56,-51
1786632886594,156775,Knee,stand,-0.284016,0.9516,-0.061488,-2.38,-5.32,-0.28,-51
1786632886594,156792,Knee,stand,-0.281088,0.951112,-0.055144,-1.75,-5.46,-0.35,-51
1786632886594,156809,Knee,stand,-0.281576,0.950624,-0.049776,-1.47,-5.53,-0.35,-51
1786632886735,156987,Knee,stand,-0.285968,0.951112,-0.083936,1.61,-5.39,-0.07,-52
1786632886735,157018,Knee,stand,-0.282064,0.94916,-0.106872,0.84,-5.18,-0.35,-52
1786632886735,157035,Knee,stand,-0.281576,0.948672,-0.105408,0.49,-5.18,-0.42,-52
1786632886735,157052,Knee,stand,-0.280112,0.949648,-0.100528,0.28,-5.04,-0.35,-52
1786632886735,157069,Knee,stand,-0.277672,0.9516,-0.0854,-0.07,-4.41,-0.49,-52
1786632886735,157100,Knee,stand,-0.27572,0.95404,-0.054168,-0.7,-3.36,-0.98,-52
1786632886735,157117,Knee,stand,-0.273768,0.955504,-0.036112,-0.35,-2.87,-1.05,-52
1786632886735,157134,Knee,stand,-0.27328,0.955504,-0.02684,0.28,-2.8,-1.12,-52
1786632886735,157151,Knee,stand,-0.276208,0.953064,-0.021472,0.77,-2.94,-1.05,-52
1786632886735,157168,Knee,stand,-0.279624,0.955504,-0.023912,1.33,-3.85,-0.84,-52
1786632887092,157344,Knee,stand,-0.28548,0.94916,-0.083448,1.47,-3.71,-1.4,-52
1786632887092,157375,Knee,stand,-0.28304,0.9516,-0.073688,1.05,-4.2,-1.4,-52
1786632887092,157392,Knee,stand,-0.287432,0.950624,-0.072712,1.05,-4.34,-1.19,-52
1786632887092,157409,Knee,stand,-0.288896,0.94916,-0.067344,1.19,-4.76,-1.12,-52
1786632887092,157426,Knee,stand,-0.292312,0.949648,-0.064904,1.19,-5.25,-0.91,-52
1786632887092,157457,Knee,stand,-0.284016,0.952088,-0.064904,1.12,-5.39,-0.91,-52
1786632887092,157474,Knee,stand,-0.28304,0.950624,-0.06588,1.05,-5.18,-0.84,-52
1786632887092,157491,Knee,stand,-0.284992,0.950136,-0.059536,1.05,-5.11,-0.77,-52
1786632887092,157508,Knee,stand,-0.281576,0.949648,-0.055144,1.19,-4.83,-0.77,-52
1786632887092,157525,Knee,stand,-0.2806,0.952576,-0.058072,1.19,-4.48,-0.84,-52
1786632887528,157701,Knee,stand,-0.269864,0.955504,-0.038552,2.38,-3.5,-1.82,-51
1786632887528,157733,Knee,stand,-0.280112,0.952576,-0.035136,2.73,-2.73,-1.96,-51
1786632887528,157750,Knee,stand,-0.282552,0.952576,-0.042456,2.94,-2.52,-1.96,-51
1786632887528,157767,Knee,stand,-0.286456,0.951112,-0.060512,3.08,-2.1,-2.03,-51
1786632887528,157783,Knee,stand,-0.291824,0.94672,-0.08296,2.87,-2.03,-2.1,-51
1786632887528,157814,Knee,stand,-0.296704,0.947696,-0.101992,2.45,-2.17,-1.82,-51
1786632887528,157831,Knee,stand,-0.293776,0.945744,-0.10248,1.75,-1.82,-1.82,-51
1786632887528,157848,Knee,stand,-0.296216,0.947208,-0.095648,1.26,-1.82,-1.82,-51
1786632887528,157864,Knee,stand,-0.296704,0.947696,-0.089792,1.19,-2.1,-1.54,-51
1786632887528,157881,Knee,stand,-0.298168,0.947696,-0.079056,1.4,-2.73,-1.4,-51
1786632887830,158059,Knee,stand,-0.289384,0.948672,-0.083448,1.47,-4.06,-0.84,-51
1786632887830,158090,Knee,stand,-0.286944,0.947696,-0.08052,1.05,-3.71,-0.84,-51
1786632887830,158107,Knee,stand,-0.292312,0.947696,-0.07564,0.98,-3.78,-0.77,-51
1786632887830,158124,Knee,stand,-0.2928,0.949648,-0.069296,0.98,-4.41,-0.56,-51
1786632887830,158141,Knee,stand,-0.290848,0.949648,-0.061976,1.05,-4.55,-0.49,-51
1786632887830,158172,Knee,stand,-0.286456,0.950624,-0.060512,1.19,-4.69,-0.42,-51
1786632887830,158189,Knee,stand,-0.28548,0.950136,-0.061,1.26,-4.76,-0.42,-51
1786632887830,158206,Knee,stand,-0.284504,0.950624,-0.061976,1.26,-4.83,-0.49,-51
1786632887830,158223,Knee,stand,-0.281088,0.950136,-0.061976,1.33,-4.76,-0.42,-51
1786632887830,158240,Knee,stand,-0.281088,0.951112,-0.059536,1.54,-4.69,-0.49,-51
1786632888175,158416,Knee,stand,-0.287432,0.950624,-0.072224,1.19,-4.9,-0.49,-52
1786632888175,158448,Knee,stand,-0.284016,0.949648,-0.065392,1.05,-4.83,-0.42,-52
1786632888175,158465,Knee,stand,-0.28548,0.94916,-0.061976,1.19,-4.41,-0.49,-52
1786632888175,158481,Knee,stand,-0.284016,0.950624,-0.06588,1.33,-4.06,-0.49,-52
1786632888175,158498,Knee,stand,-0.284016,0.949648,-0.067832,1.19,-3.71,-0.56,-52
1786632888175,158529,Knee,stand,-0.28548,0.951112,-0.072224,0.91,-3.36,-0.56,-52
1786632888175,158546,Knee,stand,-0.285968,0.9516,-0.0732,0.84,-3.15,-0.56,-52
1786632888175,158563,Knee,stand,-0.288408,0.951112,-0.077104,0.91,-2.94,-0.49,-52
1786632888175,158580,Knee,stand,-0.294752,0.947696,-0.08784,0.7,-3.01,-0.42,-52
1786632888175,158597,Knee,stand,-0.301584,0.945744,-0.09272,0.49,-3.99,-0.21,-52
1786632888737,158774,Knee,stand,-0.275232,0.953552,-0.025864,3.78,-5.18,-0.7,-53
1786632888737,158805,Knee,stand,-0.289872,0.952088,-0.047824,4.83,-5.11,-0.56,-53
1786632888737,158822,Knee,stand,-0.28304,0.951112,-0.068808,4.76,-5.25,-0.63,-53
1786632888737,158839,Knee,stand,-0.281088,0.9516,-0.085888,3.92,-4.62,-0.91,-53
1786632888737,158856,Knee,stand,-0.284504,0.947696,-0.091744,3.57,-4.27,-0.98,-53
1786632888737,158887,Knee,stand,-0.28548,0.94916,-0.104432,1.89,-4.06,-1.12,-53
1786632888737,158904,Knee,stand,-0.2806,0.948184,-0.105896,1.89,-3.85,-1.12,-53
1786632888737,158921,Knee,stand,-0.28792,0.94916,-0.101992,1.26,-3.57,-1.12,-53
1786632888737,158938,Knee,stand,-0.29036,0.948672,-0.097112,0.98,-3.92,-0.84,-53
1786632888737,158955,Knee,stand,-0.289872,0.950136,-0.095648,0.42,-4.06,-0.77,-53
1786632888882,159131,Knee,stand,-0.284504,0.952088,-0.052704,2.24,-4.69,1.75,-52
1786632888882,159161,Knee,stand,-0.270352,0.953552,-0.057096,2.59,-4.41,1.47,-52
1786632888882,159178,Knee,stand,-0.268888,0.955504,-0.056608,2.59,-3.92,1.4,-52
1786632888882,159195,Knee,stand,-0.2684,0.957456,-0.060512,2.66,-3.85,1.26,-52
1786632888882,159212,Knee,stand,-0.264008,0.955016,-0.056608,2.1,-3.99,0.91,-52
1786632888882,159243,Knee,stand,-0.261568,0.960872,-0.059048,1.89,-3.85,0.49,-52
1786632888882,159260,Knee,stand,-0.267424,0.95892,-0.059536,1.33,-3.99,0.21,-52
1786632888882,159277,Knee,stand,-0.269864,0.954528,-0.055632,1.26,-4.48,0.07,-52
1786632888882,159294,Knee,stand,-0.27084,0.955992,-0.061488,1.47,-4.83,0,-52
1786632888882,159311,Knee,stand,-0.270352,0.955016,-0.069784,1.26,-4.97,-0.07,-52
1786632889277,159488,Knee,stand,-0.268888,0.952576,-0.067344,0.28,-5.25,-1.05,-54
1786632889277,159519,Knee,stand,-0.269376,0.953552,-0.05612,0.91,-4.62,-1.26,-54
1786632889277,159536,Knee,stand,-0.266936,0.955016,-0.048312,1.19,-4.48,-1.33,-54
1786632889277,159554,Knee,stand,-0.2684,0.955992,-0.045872,1.54,-4.2,-1.4,-54
1786632889277,159571,Knee,stand,-0.269864,0.955992,-0.044896,1.68,-3.85,-1.47,-54
1786632889277,159602,Knee,stand,-0.284504,0.953064,-0.0488,1.82,-4.27,-1.33,-54
1786632889277,159619,Knee,stand,-0.293776,0.952576,-0.052704,1.75,-5.04,-0.98,-54
1786632889277,159636,Knee,stand,-0.2928,0.952576,-0.059048,1.61,-5.53,-0.91,-54
1786632889277,159653,Knee,stand,-0.291336,0.949648,-0.070272,1.33,-5.74,-0.7,-54
1786632889277,159670,Knee,stand,-0.289384,0.950624,-0.07564,1.05,-5.74,-0.56,-54
1786632889651,159846,Knee,stand,-0.269864,0.954528,-0.04148,1.19,-4.34,-0.98,-55
1786632889651,159877,Knee,stand,-0.270352,0.955992,-0.044408,1.4,-4.48,-1.26,-55
1786632889651,159894,Knee,stand,-0.27328,0.955016,-0.04636,1.4,-4.34,-1.33,-55
1786632889651,159911,Knee,stand,-0.27816,0.950624,-0.047824,1.89,-4.06,-1.33,-55
1786632889651,159928,Knee,stand,-0.279624,0.953552,-0.050752,2.1,-3.71,-1.33,-55
1786632889651,159959,Knee,stand,-0.282552,0.952088,-0.057096,1.96,-2.94,-1.47,-55
1786632889651,159976,Knee,stand,-0.283528,0.952088,-0.061488,1.96,-2.38,-1.4,-55
1786632889651,159993,Knee,stand,-0.280112,0.9516,-0.064904,2.31,-2.24,-1.4,-55
1786632889651,160010,Knee,stand,-0.276696,0.953064,-0.066856,2.24,-2.03,-1.4,-55
1786632889651,160027,Knee,stand,-0.275232,0.955016,-0.06588,2.17,-1.89,-1.4,-55
1786632890038,160204,Knee,stand,-0.280112,0.951112,-0.056608,1.4,-4.9,-0.84,-55
1786632890038,160235,Knee,stand,-0.284016,0.952088,-0.058072,1.96,-4.83,-0.63,-55
1786632890038,160252,Knee,stand,-0.286944,0.952088,-0.059536,1.82,-5.11,-0.63,-55
1786632890038,160269,Knee,stand,-0.28792,0.952088,-0.06588,1.82,-5.6,-0.42,-55
1786632890038,160286,Knee,stand,-0.291336,0.948184,-0.066856,1.75,-5.88,-0.21,-55
1786632890038,160317,Knee,stand,-0.290848,0.949648,-0.06832,1.89,-6.58,0.14,-55
1786632890038,160334,Knee,stand,-0.282552,0.950624,-0.066856,1.82,-6.3,0.14,-55
1786632890038,160351,Knee,stand,-0.2806,0.950136,-0.065392,1.47,-5.53,0.14,-55
1786632890038,160368,Knee,stand,-0.282064,0.951112,-0.062952,1.4,-5.39,0.07,-55
1786632890038,160385,Knee,stand,-0.282552,0.953064,-0.058072,1.19,-5.46,0,-55
1786632890315,160560,Knee,stand,-0.270352,0.953552,-0.068808,1.61,-3.57,-0.49,-55
1786632890315,160591,Knee,stand,-0.274256,0.95404,-0.06832,1.61,-3.5,-0.49,-55
1786632890315,160608,Knee,stand,-0.275232,0.953064,-0.070272,1.61,-3.99,-0.35,-55
1786632890315,160625,Knee,stand,-0.275232,0.954528,-0.0732,1.54,-4.34,-0.28,-55
1786632890315,160642,Knee,stand,-0.277672,0.953552,-0.073688,1.47,-4.69,-0.28,-55
1786632890315,160673,Knee,stand,-0.276696,0.9516,-0.071736,1.61,-5.04,-0.28,-55
1786632890315,160690,Knee,stand,-0.273768,0.9516,-0.066856,1.4,-5.32,-0.35,-55
1786632890315,160707,Knee,stand,-0.264984,0.95404,-0.061488,1.4,-5.18,-0.42,-55
1786632890315,160724,Knee,stand,-0.260104,0.960384,-0.067344,1.33,-4.83,-0.7,-55
1786632890315,160741,Knee,stand,-0.26108,0.953064,-0.068808,1.05,-4.06,-1.12,-55
1786632890673,160919,Knee,stand,-0.279136,0.95404,-0.07076,2.03,-1.33,-3.15,-56
1786632890673,160950,Knee,stand,-0.2806,0.951112,-0.080032,1.68,-0.91,-3.22,-56
1786632890673,160967,Knee,stand,-0.282552,0.951112,-0.078568,1.4,-0.84,-3.22,-56
1786632890673,160984,Knee,stand,-0.28304,0.950624,-0.074664,1.19,-0.21,-3.15,-56
1786632890673,161001,Knee,stand,-0.292312,0.946232,-0.071248,1.19,-0.07,-2.94,-56
1786632890673,161032,Knee,stand,-0.305976,0.947696,-0.067832,1.26,-0.63,-2.38,-56
1786632890673,161048,Knee,stand,-0.310368,0.945744,-0.06588,1.33,-1.26,-1.89,-56
1786632890673,161065,Knee,stand,-0.311344,0.949648,-0.067344,1.19,-2.1,-1.68,-56
1786632890673,161082,Knee,stand,-0.305,0.94916,-0.067832,1.61,-3.15,-1.12,-56
1786632890673,161099,Knee,stand,-0.305,0.947696,-0.07076,1.82,-4.48,-0.49,-56
1786632891030,161275,Knee,stand,-0.276696,0.952576,-0.069296,-0.14,-6.23,0.07,-57
1786632891030,161306,Knee,stand,-0.276696,0.953064,-0.05612,0,-5.39,-0.07,-57
1786632891030,161323,Knee,stand,-0.27816,0.953064,-0.053192,0.28,-5.04,-0.14,-57
1786632891030,161340,Knee,stand,-0.28304,0.950624,-0.045384,0.49,-5.11,-0.21,-57
1786632891030,161357,Knee,stand,-0.277672,0.954528,-0.044408,0.84,-5.46,-0.14,-57
1786632891030,161388,Knee,stand,-0.281088,0.952576,-0.043432,1.4,-5.32,0,-57
1786632891030,161405,Knee,stand,-0.282064,0.953064,-0.050752,1.89,-5.74,0,-57
1786632891030,161422,Knee,stand,-0.278648,0.952088,-0.055632,2.17,-5.67,0.07,-57
1786632891030,161439,Knee,stand,-0.280112,0.951112,-0.061488,2.17,-5.46,-0.07,-57
1786632891030,161456,Knee,stand,-0.281576,0.951112,-0.062464,2.03,-5.39,-0.21,-57
1786632891431,161632,Knee,stand,-0.283528,0.952576,-0.061,4.27,-2.66,-1.12,-55
1786632891431,161663,Knee,stand,-0.289872,0.948184,-0.075152,3.99,-3.78,-0.7,-55
1786632891431,161680,Knee,stand,-0.2928,0.949648,-0.086376,3.99,-4.34,-0.63,-55
1786632891431,161697,Knee,stand,-0.29036,0.9516,-0.096136,3.08,-5.32,-0.42,-55
1786632891431,161713,Knee,stand,-0.288408,0.952088,-0.104432,2.17,-5.81,-0.35,-55
1786632891431,161744,Knee,stand,-0.288408,0.94916,-0.10492,1.12,-6.16,-0.21,-55
1786632891431,161761,Knee,stand,-0.284992,0.94916,-0.096136,0.63,-6.44,-0.07,-55
1786632891431,161778,Knee,stand,-0.281088,0.950624,-0.08296,0.49,-6.44,0,-55
1786632891431,161795,Knee,stand,-0.279624,0.9516,-0.07564,0.63,-6.02,0,-55
1786632891431,161812,Knee,stand,-0.27816,0.952576,-0.067344,0.7,-5.81,0,-55
1786632891830,161986,Knee,stand,-0.280112,0.952576,-0.08296,0.7,-5.18,-0.7,-56
1786632891830,162017,Knee,stand,-0.28304,0.950624,-0.080032,0.49,-5.53,-0.63,-56
1786632891830,162034,Knee,stand,-0.280112,0.951112,-0.070272,0,-5.46,-0.7,-56
1786632891830,162051,Knee,stand,-0.280112,0.952576,-0.057584,-0.21,-5.39,-0.7,-56
1786632891830,162068,Knee,stand,-0.273768,0.954528,-0.050264,-0.14,-5.25,-0.84,-56
1786632891830,162099,Knee,stand,-0.275232,0.955504,-0.03904,1.47,-5.04,-0.77,-56
1786632891830,162116,Knee,stand,-0.272304,0.955992,-0.040016,1.68,-5.32,-0.77,-56
1786632891830,162133,Knee,stand,-0.27328,0.95404,-0.044896,2.03,-5.39,-0.7,-56
1786632891830,162150,Knee,stand,-0.274256,0.95404,-0.055632,1.82,-5.46,-0.84,-56
1786632891830,162167,Knee,stand,-0.282552,0.949648,-0.06588,2.1,-5.6,-0.84,-56
1786632892101,162343,Knee,stand,-0.279136,0.951112,-0.059536,2.31,-4.48,-0.63,-56
1786632892101,162373,Knee,stand,-0.282064,0.95404,-0.060512,1.54,-4.13,-0.7,-56
1786632892101,162390,Knee,stand,-0.281576,0.951112,-0.058072,2.03,-4.13,-0.63,-56
1786632892101,162408,Knee,stand,-0.281576,0.953552,-0.061976,2.1,-4.2,-0.63,-56
1786632892101,162425,Knee,stand,-0.276208,0.9516,-0.05856,2.03,-4.41,-0.63,-56
1786632892101,162456,Knee,stand,-0.274256,0.952576,-0.052216,2.52,-3.99,-0.63,-56
1786632892101,162473,Knee,stand,-0.276696,0.952088,-0.053192,3.36,-3.85,-0.63,-56
1786632892101,162490,Knee,stand,-0.281576,0.953552,-0.059048,3.43,-3.85,-0.49,-56
1786632892101,162507,Knee,stand,-0.284016,0.951112,-0.063928,3.08,-3.92,-0.49,-56
1786632892101,162524,Knee,stand,-0.284016,0.955016,-0.073688,2.66,-4.2,-0.49,-56
1786632892458,162702,Knee,stand,-0.272792,0.954528,-0.062464,1.96,-3.15,-1.33,-58
1786632892458,162733,Knee,stand,-0.276696,0.950624,-0.066856,2.52,-2.31,-1.4,-58
1786632892458,162750,Knee,stand,-0.280112,0.953552,-0.077104,2.52,-2.31,-1.47,-58
1786632892458,162768,Knee,stand,-0.282552,0.952576,-0.081496,2.31,-2.31,-1.47,-58
1786632892458,162785,Knee,stand,-0.283528,0.9516,-0.088816,1.82,-2.45,-1.47,-58
1786632892458,162816,Knee,stand,-0.282552,0.9516,-0.088328,0.42,-3.08,-1.33,-58
1786632892458,162833,Knee,stand,-0.28548,0.9516,-0.083936,0.21,-3.08,-1.26,-58
1786632892458,162850,Knee,stand,-0.29036,0.9516,-0.08052,-0.14,-3.15,-1.05,-58
1786632892458,162867,Knee,stand,-0.296216,0.948184,-0.076616,-0.14,-3.57,-0.84,-58
1786632892458,162884,Knee,stand,-0.298656,0.94916,-0.07564,-0.35,-4.13,-0.56,-58
1786632894182,163060,Knee,stand,-0.267424,0.956968,-0.039528,0.49,-5.88,0.35,-56
1786632894182,163091,Knee,stand,-0.257176,0.953552,-0.025376,2.31,-5.18,0.07,-56
1786632894182,163108,Knee,stand,-0.254248,0.962336,-0.028304,2.8,-5.04,-0.28,-56
1786632894182,163125,Knee,stand,-0.25132,0.959408,-0.032696,3.22,-4.9,-0.42,-56
1786632894182,163142,Knee,stand,-0.258152,0.96136,-0.04148,3.15,-4.48,-0.84,-56
1786632894182,163173,Knee,stand,-0.264008,0.957456,-0.048312,3.36,-4.27,-1.33,-56
1786632894182,163190,Knee,stand,-0.266448,0.95404,-0.055144,3.99,-3.78,-1.54,-56
1786632894182,163207,Knee,stand,-0.2684,0.953552,-0.061488,3.85,-3.22,-1.75,-56
1786632894182,163224,Knee,stand,-0.269864,0.955016,-0.064904,3.57,-3.01,-2.1,-56
1786632894182,163241,Knee,stand,-0.267912,0.955504,-0.067832,3.36,-2.94,-2.38,-56
1786632894184,163418,Knee,stand,-0.30256,0.948672,-0.08296,1.19,-2.94,-2.59,-57
1786632894184,163449,Knee,stand,-0.297192,0.948672,-0.081008,0.7,-4.83,-1.82,-57
1786632894184,163466,Knee,stand,-0.290848,0.94672,-0.073688,0.84,-5.04,-1.68,-57
1786632894184,163483,Knee,stand,-0.284992,0.94916,-0.066856,1.19,-5.32,-1.47,-57
1786632894184,163500,Knee,stand,-0.281576,0.951112,-0.06832,1.47,-4.97,-1.47,-57
1786632894184,163531,Knee,stand,-0.28792,0.94916,-0.070272,0.98,-4.41,-1.54,-57
1786632894184,163548,Knee,stand,-0.2928,0.949648,-0.07076,0.7,-4.34,-1.47,-57
1786632894184,163565,Knee,stand,-0.293776,0.94916,-0.071736,0.56,-4.62,-1.47,-57
1786632894184,163582,Knee,stand,-0.293288,0.948672,-0.069784,0.63,-4.97,-1.33,-57
1786632894184,163599,Knee,stand,-0.295728,0.945744,-0.069784,0.91,-5.25,-1.05,-57
1786632894189,163775,Knee,stand,-0.283528,0.949648,-0.063928,1.47,-3.92,-1.26,-57
1786632894189,163805,Knee,stand,-0.287432,0.950136,-0.058072,1.47,-3.43,-1.4,-57
1786632894189,163822,Knee,stand,-0.29036,0.951112,-0.05856,1.61,-3.5,-1.33,-57
1786632894189,163839,Knee,stand,-0.292312,0.94916,-0.060512,1.61,-3.85,-1.12,-57
1786632894189,163856,Knee,stand,-0.295728,0.947696,-0.064904,1.68,-4.2,-1.05,-57
1786632894189,163887,Knee,stand,-0.298656,0.94916,-0.079544,1.89,-4.62,-0.84,-57
1786632894189,163904,Knee,stand,-0.294752,0.945744,-0.080032,1.82,-4.76,-0.7,-57
1786632894189,163921,Knee,stand,-0.290848,0.948184,-0.080032,1.75,-4.76,-0.63,-57
1786632894189,163938,Knee,stand,-0.286944,0.948672,-0.07564,1.68,-4.62,-0.63,-57
1786632894189,163955,Knee,stand,-0.283528,0.950136,-0.06832,1.47,-4.48,-0.7,-57
1786632894475,164131,Knee,stand,-0.290848,0.947208,-0.076616,1.54,-3.22,-1.61,-57
1786632894475,164162,Knee,stand,-0.2928,0.94672,-0.074664,1.54,-3.15,-1.54,-57
1786632894475,164179,Knee,stand,-0.288896,0.948184,-0.072224,1.47,-3.08,-1.54,-57
1786632894475,164196,Knee,stand,-0.285968,0.94916,-0.072712,1.12,-2.8,-1.61,-57
1786632894475,164213,Knee,stand,-0.286456,0.951112,-0.071736,0.98,-2.59,-1.68,-57
1786632894475,164244,Knee,stand,-0.288896,0.947208,-0.075152,0.84,-1.68,-1.82,-57
1786632894475,164261,Knee,stand,-0.292312,0.946232,-0.072712,0.84,-1.47,-1.75,-57
1786632894475,164278,Knee,stand,-0.29524,0.94672,-0.070272,1.19,-1.4,-1.68,-57
1786632894475,164295,Knee,stand,-0.299144,0.946232,-0.066856,1.26,-1.26,-1.54,-57
1786632894475,164312,Knee,stand,-0.304024,0.946232,-0.062464,1.19,-1.33,-1.33,-57
1786632894662,164898,Knee,stand,-0.30256,0.943792,-0.07076,-0.28,-2.73,-0.77,-56
1786632894662,164929,Knee,stand,-0.30744,0.941352,-0.067832,0.28,-2.38,-0.42,-56
1786632894662,164946,Knee,stand,-0.308416,0.944768,-0.066368,0.35,-2.38,-0.28,-56
1786632894662,164963,Knee,stand,-0.30744,0.947208,-0.061976,0.21,-2.52,0,-56
1786632894662,164980,Knee,stand,-0.305,0.948672,-0.055144,0.14,-3.01,0.21,-56
1786632894662,165011,Knee,stand,-0.29524,0.948672,-0.05124,0.7,-3.64,0.42,-56
1786632894662,165027,Knee,stand,-0.294264,0.948672,-0.054168,1.68,-4.41,0.84,-56
1786632894662,165044,Knee,stand,-0.291824,0.951112,-0.05612,1.68,-5.39,0.91,-56
1786632894662,165062,Knee,stand,-0.286456,0.94916,-0.055632,1.68,-5.74,0.91,-56
1786632894662,165079,Knee,stand,-0.28548,0.948672,-0.054168,2.03,-6.09,0.84,-56
1786632895053,165293,Knee,stand,-0.292312,0.948672,-0.085888,2.73,-2.17,-2.31,-55
1786632895053,165324,Knee,stand,-0.302072,0.947696,-0.099064,2.03,-3.01,-2.03,-55
1786632895053,165341,Knee,stand,-0.308416,0.943792,-0.110776,2.17,-3.36,-1.68,-55
1786632895053,165358,Knee,stand,-0.311832,0.942816,-0.115168,1.47,-4.27,-1.26,-55
1786632895053,165375,Knee,stand,-0.31476,0.943792,-0.11468,1.12,-4.83,-0.7,-55
1786632895053,165406,Knee,stand,-0.30744,0.944768,-0.088328,-0.28,-6.93,-0.21,-55
1786632895053,165423,Knee,stand,-0.301584,0.947208,-0.079544,-0.56,-7.77,0,-55
1786632895053,165440,Knee,stand,-0.291336,0.94916,-0.064416,-0.56,-7.98,0.14,-55
1786632895053,165457,Knee,stand,-0.28548,0.952088,-0.054656,-0.42,-8.05,0.21,-55
1786632895053,165474,Knee,stand,-0.274256,0.953552,-0.05124,-0.21,-7.7,0.07,-55
1786632895434,165651,Knee,stand,-0.313296,0.947208,-0.064416,0,-3.5,0,-55
1786632895434,165682,Knee,stand,-0.313784,0.942816,-0.073688,0.21,-4.27,0.63,-55
1786632895434,165699,Knee,stand,-0.319152,0.942816,-0.072224,0,-5.04,1.19,-55
1786632895434,165715,Knee,stand,-0.319152,0.943304,-0.068808,-0.21,-6.09,1.75,-55
1786632895434,165732,Knee,stand,-0.313296,0.944768,-0.061488,0.14,-6.79,2.03,-55
1786632895434,165763,Knee,stand,-0.294264,0.953064,-0.054168,0.49,-7.98,2.66,-55
1786632895434,165780,Knee,stand,-0.28304,0.947208,-0.0488,0.56,-7.77,2.66,-55
1786632895434,165797,Knee,stand,-0.285968,0.953064,-0.050264,1.19,-7.91,2.8,-55
1786632895434,165814,Knee,stand,-0.275232,0.957456,-0.052704,1.75,-8.82,2.8,-55
1786632895434,165831,Knee,stand,-0.264984,0.9516,-0.05124,1.89,-8.82,2.52,-55
1786632897442,166006,Knee,stand,-0.24156,0.954528,-0.057096,4.48,0.84,-3.08,-55
1786632897442,166037,Knee,stand,-0.2562,0.953552,-0.069296,4.34,5.32,-4.69,-55
1786632897442,166054,Knee,stand,-0.257664,0.952088,-0.070272,4.13,6.02,-4.97,-55
1786632897442,166071,Knee,stand,-0.257664,0.95404,-0.065392,3.99,7.7,-5.67,-55
1786632897442,166088,Knee,stand,-0.264984,0.955504,-0.059048,3.85,8.54,-6.3,-55
1786632897442,166119,Knee,stand,-0.281088,0.952088,-0.059536,4.55,8.54,-6.58,-55
1786632897442,166136,Knee,stand,-0.29524,0.947208,-0.070272,4.48,7.7,-6.44,-55
1786632897442,166153,Knee,stand,-0.316224,0.945256,-0.08784,4.13,6.23,-6.09,-55
1786632897442,166170,Knee,stand,-0.329888,0.942328,-0.114192,3.57,3.64,-5.46,-55
1786632897442,166187,Knee,stand,-0.34892,0.9394,-0.130784,3.15,1.89,-4.97,-55
1786632897443,166363,Knee,stand,-0.2806,0.94916,-0.024888,0.56,-6.65,-0.14,-54
1786632897443,166394,Knee,stand,-0.277672,0.952576,-0.031232,1.4,-5.74,-0.49,-54
1786632897443,166411,Knee,stand,-0.279624,0.947696,-0.040992,2.17,-4.41,-0.63,-54
1786632897443,166427,Knee,stand,-0.288408,0.949648,-0.06344,2.24,-3.15,-1.12,-54
1786632897443,166444,Knee,stand,-0.290848,0.948184,-0.081496,1.68,-2.66,-1.4,-54
1786632897443,166475,Knee,stand,-0.304512,0.942816,-0.093696,1.4,-2.73,-1.33,-54
1786632897443,166492,Knee,stand,-0.308904,0.945744,-0.092232,0.77,-3.57,-1.12,-54
1786632897443,166509,Knee,stand,-0.304024,0.945256,-0.085888,0.35,-4.34,-1.05,-54
1786632897443,166526,Knee,stand,-0.297192,0.948184,-0.069296,0.21,-4.41,-1.12,-54
1786632897443,166543,Knee,stand,-0.295728,0.945744,-0.052216,0.7,-4.97,-1.05,-54
1786632897443,166720,Knee,stand,-0.304512,0.944768,-0.09516,2.24,-6.58,-0.42,-55
1786632897443,166751,Knee,stand,-0.30744,0.949648,-0.087352,1.75,-7.49,-0.07,-55
1786632897443,166768,Knee,stand,-0.297192,0.94428,-0.07564,1.47,-7.28,0,-55
1786632897443,166785,Knee,stand,-0.304512,0.949648,-0.06588,1.47,-6.93,0.07,-55
1786632897443,166802,Knee,stand,-0.301096,0.952088,-0.062464,1.26,-7.07,0.28,-55
1786632897443,166833,Knee,stand,-0.286456,0.950624,-0.057584,1.96,-6.44,0.28,-55
1786632897443,166850,Knee,stand,-0.285968,0.951112,-0.060024,2.1,-5.67,0.14,-55
1786632897443,166867,Knee,stand,-0.29036,0.952576,-0.06588,2.17,-5.53,0.14,-55
1786632897443,166884,Knee,stand,-0.29036,0.947208,-0.072224,2.1,-5.46,0.21,-55
1786632897443,166901,Knee,stand,-0.291824,0.946232,-0.081984,1.89,-5.32,0.21,-55
1786632897559,167075,Knee,stand,-0.27816,0.94672,-0.03904,1.75,-0.42,-1.12,-55
1786632897559,167105,Knee,stand,-0.271328,0.957456,-0.05368,2.38,-0.49,-1.61,-55
1786632897559,167123,Knee,stand,-0.27084,0.952576,-0.05612,2.24,-0.35,-1.82,-55
1786632897559,167140,Knee,stand,-0.285968,0.949648,-0.061,2.1,-0.63,-1.68,-55
1786632897559,167158,Knee,stand,-0.300608,0.943792,-0.06832,2.52,-1.96,-1.47,-55
1786632897559,167175,Knee,stand,-0.305488,0.94916,-0.080032,2.24,-2.94,-1.4,-55
1786632897559,167206,Knee,stand,-0.299632,0.947696,-0.098088,1.47,-3.29,-1.54,-55
1786632897559,167223,Knee,stand,-0.299632,0.94916,-0.101016,1.12,-3.36,-1.4,-55
1786632897559,167240,Knee,stand,-0.299144,0.94428,-0.097112,1.4,-3.5,-1.05,-55
1786632897559,167257,Knee,stand,-0.300608,0.946232,-0.086864,0.98,-4.41,-0.7,-55
1786632898006,168152,Knee,stand,-0.27328,0.954528,-0.023912,1.96,-6.44,0,-54
1786632898006,168183,Knee,stand,-0.265472,0.952088,-0.040016,3.01,-4.55,-0.63,-54
1786632898006,168200,Knee,stand,-0.27328,0.950624,-0.04636,3.29,-4.34,-0.77,-54
1786632898006,168217,Knee,stand,-0.274256,0.955504,-0.064416,3.5,-4.62,-0.84,-54
1786632898006,168234,Knee,stand,-0.272304,0.955016,-0.077592,2.73,-4.69,-1.19,-54
1786632898006,168265,Knee,stand,-0.28548,0.950136,-0.105896,2.24,-4.41,-1.54,-54
1786632898006,168282,Knee,stand,-0.288408,0.942328,-0.118096,1.4,-4.2,-1.61,-54
1786632898006,168299,Knee,stand,-0.286944,0.94672,-0.103456,0.35,-3.85,-1.89,-54
1786632898006,168316,Knee,stand,-0.27328,0.952088,-0.081496,-0.21,-2.66,-2.52,-54
1786632898006,168333,Knee,stand,-0.271816,0.951112,-0.067344,-0.42,-1.12,-2.87,-54
1786632898273,168509,Knee,stand,-0.3294,0.93696,-0.097112,1.19,-2.1,-1.68,-55
1786632898273,168540,Knee,stand,-0.31232,0.946232,-0.083448,1.19,-5.11,-0.28,-55
1786632898273,168557,Knee,stand,-0.30744,0.945744,-0.065392,1.12,-5.67,0,-55
1786632898273,168574,Knee,stand,-0.298656,0.94672,-0.057096,1.82,-6.58,0.56,-55
1786632898273,168591,Knee,stand,-0.294264,0.950136,-0.054168,2.1,-6.79,0.63,-55
1786632898273,168622,Knee,stand,-0.29768,0.94672,-0.061976,1.68,-6.16,0.84,-55
1786632898273,168639,Knee,stand,-0.299144,0.94672,-0.068808,1.61,-6.09,0.91,-55
1786632898273,168656,Knee,stand,-0.300608,0.944768,-0.076616,1.54,-5.88,0.84,-55
1786632898273,168673,Knee,stand,-0.299632,0.945744,-0.081008,1.54,-5.95,0.84,-55
1786632898273,168690,Knee,stand,-0.2928,0.94672,-0.084424,1.4,-5.88,0.77,-55
1786632898632,168866,Knee,stand,-0.280112,0.9516,-0.050752,2.38,-2.17,-2.1,-55
1786632898632,168897,Knee,stand,-0.29524,0.948184,-0.051728,2.38,-2.17,-2.1,-55
1786632898632,168914,Knee,stand,-0.301096,0.951112,-0.060512,2.73,-3.08,-1.75,-55
1786632898632,168931,Knee,stand,-0.306952,0.944768,-0.070272,3.08,-4.13,-1.47,-55
1786632898632,168948,Knee,stand,-0.308904,0.94672,-0.084912,2.94,-5.04,-0.98,-55
1786632898632,168979,Knee,stand,-0.31232,0.942816,-0.09272,1.89,-5.81,-0.49,-55
1786632898632,168996,Knee,stand,-0.307928,0.942816,-0.090768,1.33,-6.16,-0.21,-55
1786632898632,169013,Knee,stand,-0.305976,0.944768,-0.09028,1.33,-6.37,0.07,-55
1786632898632,169030,Knee,stand,-0.307928,0.945256,-0.086376,0.84,-6.65,0.21,-55
1786632898632,169047,Knee,stand,-0.30256,0.947696,-0.076128,0.56,-7.07,0.56,-55
1786632899024,169223,Knee,stand,-0.272792,0.952088,-0.057096,1.82,-2.94,-0.77,-56
1786632899024,169254,Knee,stand,-0.279136,0.950624,-0.061976,1.96,-1.96,-1.26,-56
1786632899024,169271,Knee,stand,-0.277184,0.952088,-0.065392,1.96,-1.4,-1.4,-56
1786632899024,169288,Knee,stand,-0.279136,0.953064,-0.06832,1.75,-1.12,-1.68,-56
1786632899024,169305,Knee,stand,-0.288408,0.951112,-0.070272,1.68,-1.47,-1.54,-56
1786632899024,169336,Knee,stand,-0.289872,0.949648,-0.08052,1.89,-4.2,-1.19,-56
1786632899024,169353,Knee,stand,-0.28792,0.951112,-0.083448,1.47,-4.97,-1.12,-56
1786632899024,169371,Knee,stand,-0.288408,0.948672,-0.088816,1.4,-5.25,-1.05,-56
1786632899024,169388,Knee,stand,-0.291336,0.94916,-0.090768,0.91,-5.81,-1.12,-56
1786632899024,169405,Knee,stand,-0.290848,0.948184,-0.08296,0.7,-6.23,-1.05,-56
1786632899349,169582,Knee,stand,-0.284016,0.9516,-0.04148,1.68,0.14,-2.73,-55
1786632899349,169613,Knee,stand,-0.297192,0.948184,-0.055632,1.89,0.63,-2.66,-55
1786632899349,169630,Knee,stand,-0.30012,0.948184,-0.06344,1.96,0.07,-2.52,-55
1786632899349,169647,Knee,stand,-0.298168,0.948184,-0.071248,1.96,-0.28,-2.38,-55
1786632899349,169664,Knee,stand,-0.300608,0.947696,-0.074176,1.75,-0.42,-2.31,-55
1786632899349,169696,Knee,stand,-0.306952,0.944768,-0.07808,2.17,-1.4,-1.75,-55
1786632899349,169713,Knee,stand,-0.308416,0.947696,-0.078568,1.61,-2.1,-1.4,-55
1786632899349,169730,Knee,stand,-0.310368,0.943792,-0.07564,1.54,-2.45,-1.19,-55
1786632899349,169746,Knee,stand,-0.316224,0.94428,-0.069784,1.19,-3.22,-0.77,-55
1786632899349,169764,Knee,stand,-0.314272,0.94672,-0.06344,1.12,-4.06,-0.28,-55
1786632899708,169939,Knee,stand,-0.27816,0.953064,-0.063928,0.21,-8.19,1.12,-54
1786632899708,169970,Knee,stand,-0.271816,0.952088,-0.049776,0.14,-7.84,0.63,-54
1786632899708,169988,Knee,stand,-0.266448,0.954528,-0.047336,0.91,-7.35,0.49,-54
1786632899708,170005,Knee,stand,-0.262056,0.95404,-0.049288,1.4,-6.37,0.07,-54
1786632899708,170022,Knee,stand,-0.264496,0.955016,-0.051728,1.33,-5.67,-0.21,-54
1786632899708,170040,Knee,stand,-0.271816,0.952576,-0.0488,0.98,-4.83,-0.63,-54
1786632899708,170071,Knee,stand,-0.27816,0.950624,-0.040992,1.26,-2.8,-1.26,-54
1786632899708,170088,Knee,stand,-0.287432,0.952088,-0.042456,1.33,-2.45,-1.26,-54
1786632899708,170105,Knee,stand,-0.293288,0.950624,-0.046848,1.82,-2.17,-1.26,-54
1786632899708,170122,Knee,stand,-0.291824,0.950136,-0.053192,2.03,-2.17,-1.19,-54
1786632900067,170299,Knee,stand,-0.282552,0.953064,-0.067832,1.33,-3.29,-0.98,-54
1786632900067,170330,Knee,stand,-0.276208,0.951112,-0.066368,1.05,-2.52,-1.33,-54
1786632900067,170347,Knee,stand,-0.277184,0.950624,-0.065392,1.4,-2.24,-1.4,-54
1786632900067,170364,Knee,stand,-0.276696,0.951112,-0.063928,1.33,-1.75,-1.54,-54
1786632900067,170381,Knee,stand,-0.284992,0.950624,-0.056608,1.89,-1.54,-1.47,-54
1786632900067,170411,Knee,stand,-0.288896,0.952088,-0.048312,2.1,-2.1,-1.47,-54
1786632900067,170428,Knee,stand,-0.288408,0.952576,-0.0488,2.17,-2.24,-1.47,-54
1786632900067,170445,Knee,stand,-0.289384,0.952088,-0.057096,2.45,-2.87,-1.47,-54
1786632900067,170462,Knee,stand,-0.292312,0.948184,-0.069296,2.52,-3.99,-1.19,-54
1786632900067,170479,Knee,stand,-0.293776,0.952088,-0.081984,2.52,-4.97,-0.91,-54
1786632900455,170658,Knee,stand,-0.284992,0.950136,-0.058072,0.56,-5.74,-1.33,-54
1786632900455,170689,Knee,stand,-0.284504,0.9516,-0.052704,0.91,-5.46,-1.4,-54
1786632900455,170706,Knee,stand,-0.282064,0.95404,-0.05612,0.84,-5.32,-1.54,-54
1786632900455,170723,Knee,stand,-0.286456,0.9516,-0.059048,0.77,-5.11,-1.61,-54
1786632900455,170740,Knee,stand,-0.29524,0.947696,-0.062464,0.84,-5.11,-1.54,-54
1786632900455,170771,Knee,stand,-0.293776,0.947208,-0.072712,1.19,-4.69,-1.68,-54
1786632900455,170788,Knee,stand,-0.288896,0.947208,-0.072712,0.98,-4.41,-1.82,-54
1786632900455,170805,Knee,stand,-0.284992,0.950136,-0.068808,0.56,-3.71,-1.96,-54
1786632900455,170822,Knee,stand,-0.282552,0.950136,-0.057096,0.35,-3.15,-2.03,-54
1786632900455,170839,Knee,stand,-0.284504,0.952576,-0.05124,0.49,-2.94,-2.17,-54
1786632900784,171015,Knee,stand,-0.305976,0.945744,-0.08296,2.24,-3.5,-0.28,-54
1786632900784,171046,Knee,stand,-0.29768,0.946232,-0.074176,1.89,-3.64,-0.42,-54
1786632900784,171063,Knee,stand,-0.294752,0.946232,-0.069784,1.75,-3.43,-0.35,-54
1786632900784,171080,Knee,stand,-0.28792,0.949648,-0.061488,1.82,-3.36,-0.35,-54
1786632900784,171097,Knee,stand,-0.28548,0.950624,-0.057096,1.89,-3.43,-0.42,-54
1786632900784,171127,Knee,stand,-0.282064,0.952576,-0.05368,1.82,-3.71,-0.63,-54
1786632900784,171144,Knee,stand,-0.284504,0.950624,-0.058072,2.17,-3.71,-0.7,-54
1786632900784,171161,Knee,stand,-0.288896,0.950136,-0.069784,2.45,-3.43,-0.84,-54
1786632900784,171178,Knee,stand,-0.292312,0.947208,-0.076128,2.31,-3.01,-0.98,-54
1786632900784,171196,Knee,stand,-0.291824,0.94672,-0.07564,2.1,-2.45,-1.12,-54
1786632901144,171372,Knee,stand,-0.291336,0.948672,-0.071736,2.24,-2.73,-1.26,-54
1786632901144,171403,Knee,stand,-0.296216,0.949648,-0.078568,1.75,-3.71,-1.12,-54
1786632901144,171420,Knee,stand,-0.298168,0.94916,-0.089792,1.54,-4.06,-1.12,-54
1786632901144,171437,Knee,stand,-0.30256,0.945256,-0.093696,1.61,-4.27,-0.98,-54
1786632901144,171454,Knee,stand,-0.301096,0.943304,-0.094672,0.98,-4.69,-0.91,-54
1786632901144,171485,Knee,stand,-0.296216,0.94672,-0.079544,0.77,-4.41,-1.05,-54
1786632901144,171502,Knee,stand,-0.29036,0.94672,-0.066368,0.56,-4.13,-1.05,-54
1786632901144,171519,Knee,stand,-0.286944,0.9516,-0.055632,0.77,-4.06,-1.05,-54
1786632901144,171536,Knee,stand,-0.286944,0.952088,-0.051728,1.12,-3.78,-1.12,-54
1786632901144,171553,Knee,stand,-0.288896,0.9516,-0.054168,1.26,-3.71,-1.19,-54
1786632901503,171731,Knee,stand,-0.28792,0.94916,-0.077104,2.73,-7.91,0.07,-55
1786632901503,171761,Knee,stand,-0.279136,0.94916,-0.08296,2.17,-5.6,-0.63,-55
1786632901503,171779,Knee,stand,-0.279136,0.949648,-0.08052,1.89,-4.9,-0.77,-55
1786632901503,171795,Knee,stand,-0.284016,0.946232,-0.076616,1.75,-3.85,-1.05,-55
1786632901503,171812,Knee,stand,-0.29036,0.950136,-0.077104,1.61,-3.57,-1.19,-55
1786632901503,171843,Knee,stand,-0.30012,0.947208,-0.07808,1.19,-3.71,-1.19,-55
1786632901503,171860,Knee,stand,-0.308904,0.943792,-0.075152,1.12,-3.92,-1.05,-55
1786632901503,171877,Knee,stand,-0.308904,0.944768,-0.07808,1.61,-3.85,-0.7,-55
1786632901503,171894,Knee,stand,-0.30988,0.944768,-0.079544,1.19,-3.71,-0.56,-55
1786632901503,171911,Knee,stand,-0.311344,0.9394,-0.079056,1.05,-3.64,-0.35,-55
1786632901860,172088,Knee,stand,-0.291824,0.951112,-0.045872,0.77,-5.46,0.42,-56
1786632901860,172119,Knee,stand,-0.280112,0.952088,-0.040992,1.4,-6.51,0.35,-56
1786632901860,172136,Knee,stand,-0.272792,0.952576,-0.040016,1.89,-6.3,0.07,-56
1786632901860,172153,Knee,stand,-0.274256,0.951112,-0.04392,2.73,-5.67,-0.07,-56
1786632901860,172170,Knee,stand,-0.273768,0.953552,-0.04636,2.52,-5.39,-0.49,-56
1786632901860,172201,Knee,stand,-0.276696,0.952088,-0.060512,2.73,-4.34,-0.98,-56
1786632901860,172218,Knee,stand,-0.277672,0.951112,-0.071248,2.66,-3.64,-1.4,-56
1786632901860,172235,Knee,stand,-0.281576,0.949648,-0.074664,2.66,-3.22,-1.54,-56
1786632901860,172252,Knee,stand,-0.288408,0.94672,-0.079056,2.73,-3.01,-1.54,-56
1786632901860,172269,Knee,stand,-0.291824,0.947208,-0.083448,2.59,-2.94,-1.68,-56
1786632902217,172447,Knee,stand,-0.295728,0.945744,-0.086376,1.82,-3.01,-1.68,-53
1786632902217,172478,Knee,stand,-0.304512,0.945256,-0.098576,1.33,-3.08,-1.47,-53
1786632902217,172496,Knee,stand,-0.310856,0.943304,-0.104432,1.05,-3.78,-1.12,-53
1786632902217,172512,Knee,stand,-0.315736,0.942816,-0.108336,0.49,-4.55,-0.77,-53
1786632902217,172529,Knee,stand,-0.315248,0.940864,-0.10492,-0.28,-5.53,-0.42,-53
1786632902217,172560,Knee,stand,-0.311344,0.94428,-0.100528,-1.12,-6.37,0,-53
1786632902217,172577,Knee,stand,-0.310368,0.942328,-0.09272,-1.61,-6.65,0.21,-53
1786632902217,172594,Knee,stand,-0.310368,0.943304,-0.077592,-1.89,-7,0.56,-53
1786632902217,172611,Knee,stand,-0.305,0.94428,-0.071248,-1.82,-7.07,0.84,-53
1786632902217,172627,Knee,stand,-0.298656,0.946232,-0.05612,-1.89,-6.72,0.84,-53
1786632902634,172804,Knee,stand,-0.28548,0.951112,-0.044896,3.64,-3.22,-0.63,-54
1786632902634,172835,Knee,stand,-0.288896,0.950624,-0.056608,4.06,-3.5,-0.7,-54
1786632902634,172852,Knee,stand,-0.282552,0.951112,-0.063928,4.13,-3.64,-0.77,-54
1786632902634,172869,Knee,stand,-0.279624,0.952088,-0.069784,3.85,-3.5,-0.98,-54
1786632902634,172886,Knee,stand,-0.281088,0.951112,-0.072712,3.85,-3.22,-1.19,-54
1786632902634,172917,Knee,stand,-0.284504,0.950136,-0.093208,3.29,-3.43,-1.33,-54
1786632902634,172934,Knee,stand,-0.281576,0.947208,-0.0976,2.87,-2.87,-1.4,-54
1786632902634,172951,Knee,stand,-0.286456,0.94916,-0.109312,2.31,-2.59,-1.47,-54
1786632902634,172968,Knee,stand,-0.299144,0.940864,-0.105896,1.4,-2.45,-1.4,-54
1786632902634,172985,Knee,stand,-0.308904,0.943304,-0.0976,1.05,-2.59,-1.12,-54
1786632902954,173162,Knee,stand,-0.327448,0.938912,-0.106384,-0.14,-10.29,1.68,-54
1786632902954,173193,Knee,stand,-0.278648,0.951112,-0.064416,-0.56,-11.41,1.75,-54
1786632902954,173210,Knee,stand,-0.244976,0.961848,-0.037088,-0.21,-10.29,1.33,-54
1786632902954,173227,Knee,stand,-0.233752,0.963312,-0.015616,0.56,-8.61,0.7,-54
1786632902954,173244,Knee,stand,-0.227408,0.965752,-0.005856,0.98,-7.7,-0.07,-54
1786632902954,173275,Knee,stand,-0.248392,0.957944,-0.014152,2.73,-3.78,-1.26,-54
1786632902954,173292,Knee,stand,-0.250832,0.955504,-0.025864,2.87,-1.33,-2.24,-54
1786632902954,173309,Knee,stand,-0.267912,0.94916,-0.049288,2.73,0,-2.59,-54
1786632902954,173326,Knee,stand,-0.2928,0.946232,-0.059536,2.38,1.54,-3.08,-54
1786632902954,173343,Knee,stand,-0.305488,0.941352,-0.067344,2.52,1.61,-3.01,-54
1786632903320,173520,Knee,stand,-0.292312,0.947208,-0.09028,0.84,-10.57,1.61,-53
1786632903320,173551,Knee,stand,-0.242048,0.958432,-0.07076,0.21,-9.87,0.84,-53
1786632903320,173568,Knee,stand,-0.232776,0.960384,-0.054168,0.07,-7.21,-0.07,-53
1786632903320,173585,Knee,stand,-0.235704,0.959408,-0.049776,0.14,-4.41,-0.91,-53
1786632903320,173602,Knee,stand,-0.245464,0.95892,-0.043432,0.28,-3.29,-1.26,-53
1786632903320,173633,Knee,stand,-0.2684,0.951112,-0.04392,0.49,1.19,-2.59,-53
1786632903320,173650,Knee,stand,-0.298168,0.947208,-0.057096,0.56,1.47,-2.59,-53
1786632903320,173667,Knee,stand,-0.315248,0.944768,-0.068808,0.84,0.77,-2.24,-53
1786632903320,173684,Knee,stand,-0.321104,0.944768,-0.075152,0.49,-0.35,-1.75,-53
1786632903320,173701,Knee,stand,-0.323544,0.943304,-0.0732,0.42,-1.61,-1.19,-53
1786632903998,173878,Knee,stand,-0.286456,0.948184,-0.047336,2.38,-2.52,-1.33,-52
1786632903998,173910,Knee,stand,-0.28792,0.952576,-0.06344,2.45,-2.24,-1.54,-52
1786632903998,173927,Knee,stand,-0.292312,0.94916,-0.0732,2.45,-3.01,-1.54,-52
1786632903998,173944,Knee,stand,-0.2928,0.951112,-0.07808,2.52,-3.99,-1.33,-52
1786632903998,173961,Knee,stand,-0.295728,0.948672,-0.084424,2.24,-4.34,-1.12,-52
1786632903998,173992,Knee,stand,-0.305976,0.945256,-0.081008,1.4,-5.39,-0.77,-52
1786632903998,174008,Knee,stand,-0.304512,0.946232,-0.079056,1.33,-5.46,-0.63,-52
1786632903998,174025,Knee,stand,-0.299144,0.945744,-0.0732,1.33,-5.11,-0.63,-52
1786632903998,174042,Knee,stand,-0.291336,0.947696,-0.06588,1.54,-4.9,-0.49,-52
1786632903998,174059,Knee,stand,-0.28548,0.950624,-0.060512,1.75,-4.27,-0.56,-52
1786632904012,174235,Knee,stand,-0.30988,0.943304,-0.10736,0.91,-6.72,-0.28,-52
1786632904012,174266,Knee,stand,-0.304024,0.94428,-0.10492,-0.28,-8.61,0.42,-52
1786632904012,174283,Knee,stand,-0.304512,0.94428,-0.091256,-0.77,-8.82,0.49,-52
1786632904012,174300,Knee,stand,-0.303048,0.94428,-0.076616,-1.12,-9.17,0.63,-52
1786632904012,174317,Knee,stand,-0.300608,0.948184,-0.066368,-1.33,-9.38,0.63,-52
1786632904012,174348,Knee,stand,-0.2806,0.95404,-0.060512,-1.26,-9.03,0.42,-52
1786632904012,174365,Knee,stand,-0.263032,0.958432,-0.06588,-1.26,-8.12,0,-52
1786632904012,174382,Knee,stand,-0.259128,0.955992,-0.072712,-1.19,-6.37,-0.49,-52
1786632904012,174399,Knee,stand,-0.263032,0.950624,-0.069296,-1.19,-5.11,-0.77,-52
1786632904012,174416,Knee,stand,-0.277672,0.94672,-0.064904,-1.33,-4.76,-0.91,-52
1786632904366,174591,Knee,stand,-0.298656,0.947696,-0.043432,2.38,-4.55,-0.28,-51
1786632904366,174622,Knee,stand,-0.297192,0.949648,-0.038552,2.45,-3.92,-0.35,-51
1786632904366,174639,Knee,stand,-0.29768,0.947696,-0.035624,2.73,-3.57,-0.35,-51
1786632904366,174656,Knee,stand,-0.29036,0.949648,-0.031232,3.08,-3.71,-0.28,-51
1786632904366,174674,Knee,stand,-0.280112,0.9516,-0.032208,3.78,-3.64,-0.14,-51
1786632904366,174691,Knee,stand,-0.276208,0.954528,-0.03172,3.85,-3.43,-0.28,-51
1786632904366,174722,Knee,stand,-0.271816,0.956968,-0.04392,4.48,-2.38,-0.7,-51
1786632904366,174739,Knee,stand,-0.272304,0.94916,-0.050752,4.76,-1.4,-0.84,-51
1786632904366,174756,Knee,stand,-0.281576,0.94916,-0.055144,5.18,-0.98,-0.98,-51
1786632904366,174773,Knee,stand,-0.283528,0.950136,-0.062464,4.9,-0.42,-1.12,-51
1786632904729,174951,Knee,stand,-0.283528,0.950624,-0.106872,2.03,-3.5,-0.42,-57
1786632904729,174982,Knee,stand,-0.281576,0.94916,-0.093696,0.98,-3.71,-0.7,-57
1786632904729,174999,Knee,stand,-0.282552,0.951112,-0.09272,0.77,-3.64,-0.84,-57
1786632904729,175016,Knee,stand,-0.28304,0.950136,-0.091744,0.21,-3.99,-0.91,-57
1786632904729,175033,Knee,stand,-0.284992,0.947208,-0.086376,-0.28,-4.41,-0.91,-57
1786632904729,175064,Knee,stand,-0.282064,0.950136,-0.081008,-0.77,-4.76,-1.05,-57
1786632904729,175081,Knee,stand,-0.281576,0.953552,-0.081008,-0.98,-4.41,-1.26,-57
1786632904729,175099,Knee,stand,-0.281088,0.9516,-0.08296,-1.12,-4.41,-1.33,-57
1786632904729,175116,Knee,stand,-0.284016,0.949648,-0.081496,-1.05,-4.48,-1.26,-57
1786632904729,175133,Knee,stand,-0.290848,0.947696,-0.079056,-1.33,-4.55,-1.19,-57
1786632905109,175310,Knee,stand,-0.28548,0.949648,-0.040016,0.49,-4.27,-0.35,-52
1786632905109,175341,Knee,stand,-0.2806,0.952088,-0.042944,0.98,-2.8,-0.7,-52
1786632905109,175358,Knee,stand,-0.281576,0.952576,-0.047824,1.05,-2.1,-0.84,-52
1786632905109,175375,Knee,stand,-0.285968,0.950624,-0.05124,1.19,-1.89,-0.84,-52
1786632905109,175392,Knee,stand,-0.288896,0.949648,-0.053192,1.82,-1.96,-0.63,-52
1786632905109,175423,Knee,stand,-0.2928,0.949648,-0.064416,1.96,-2.1,-0.56,-52
1786632905109,175440,Knee,stand,-0.292312,0.947696,-0.0732,1.61,-2.1,-0.63,-52
1786632905109,175457,Knee,stand,-0.295728,0.949648,-0.077592,1.33,-2.59,-0.49,-52
1786632905109,175474,Knee,stand,-0.29524,0.94672,-0.07808,1.33,-2.94,-0.28,-52
1786632905109,175491,Knee,stand,-0.29036,0.950136,-0.077104,1.19,-3.64,-0.14,-52
1786632905495,175667,Knee,stand,-0.274744,0.952576,-0.062952,0.98,-2.66,-0.77,-53
1786632905495,175698,Knee,stand,-0.282064,0.951112,-0.064904,1.05,-1.33,-0.98,-53
1786632905495,175715,Knee,stand,-0.284504,0.948184,-0.062464,0.7,-1.19,-1.12,-53
1786632905495,175732,Knee,stand,-0.288408,0.94916,-0.067344,0.98,-0.91,-0.98,-53
1786632905495,175749,Knee,stand,-0.287432,0.950136,-0.066856,0.63,-1.26,-1.05,-53
1786632905495,175780,Knee,stand,-0.294752,0.951112,-0.061976,-0.07,-2.45,-0.98,-53
1786632905495,175797,Knee,stand,-0.291824,0.950136,-0.058072,0.14,-3.22,-0.77,-53
1786632905495,175814,Knee,stand,-0.289384,0.956968,-0.059536,0.21,-3.64,-0.63,-53
1786632905495,175831,Knee,stand,-0.286456,0.952576,-0.05612,0,-4.41,-0.49,-53
1786632905495,175848,Knee,stand,-0.282064,0.951112,-0.049288,0.35,-4.69,-0.28,-53
1786632905941,176024,Knee,stand,-0.258152,0.955016,-0.032696,0.14,-3.5,-1.26,-53
1786632905941,176055,Knee,stand,-0.269864,0.951112,-0.038064,1.61,-2.59,-1.47,-53
1786632905941,176072,Knee,stand,-0.278648,0.95648,-0.049776,2.31,-3.15,-1.47,-53
1786632905941,176089,Knee,stand,-0.276208,0.955992,-0.055144,2.31,-3.01,-1.68,-53
1786632905941,176106,Knee,stand,-0.277184,0.953064,-0.06344,2.17,-2.38,-1.68,-53
1786632905941,176137,Knee,stand,-0.30012,0.947696,-0.071736,1.47,-2.66,-1.47,-53
1786632905941,176154,Knee,stand,-0.312808,0.947208,-0.074176,1.47,-3.36,-1.12,-53
1786632905941,176171,Knee,stand,-0.311832,0.94428,-0.075152,1.26,-4.83,-0.77,-53
1786632905941,176188,Knee,stand,-0.30012,0.950624,-0.072224,1.12,-5.95,-0.28,-53
1786632905941,176205,Knee,stand,-0.291824,0.9516,-0.064416,0.77,-6.65,-0.07,-53
1786632906158,176381,Knee,stand,-0.281576,0.955504,-0.03904,-0.07,-5.32,-0.14,-51
1786632906158,176412,Knee,stand,-0.279624,0.955992,-0.03416,0.28,-4.76,-0.28,-51
1786632906158,176429,Knee,stand,-0.277672,0.952576,-0.03416,0.63,-4.69,-0.21,-51
1786632906158,176446,Knee,stand,-0.27816,0.952088,-0.038552,1.68,-4.62,-0.07,-51
1786632906158,176463,Knee,stand,-0.274256,0.955504,-0.044408,1.89,-4.69,-0.14,-51
1786632906158,176494,Knee,stand,-0.274256,0.95404,-0.050752,1.47,-4.34,-0.35,-51
1786632906158,176511,Knee,stand,-0.274744,0.954528,-0.055144,1.33,-4.2,-0.56,-51
1786632906158,176528,Knee,stand,-0.272304,0.952088,-0.054656,1.33,-4.06,-0.7,-51
1786632906158,176545,Knee,stand,-0.277184,0.955504,-0.05856,1.4,-3.85,-0.84,-51
1786632906158,176562,Knee,stand,-0.27816,0.953064,-0.059048,1.26,-4.06,-0.91,-51
1786632906530,176738,Knee,stand,-0.287432,0.953064,-0.040992,2.73,-1.68,-2.03,-51
1786632906530,176768,Knee,stand,-0.291824,0.950624,-0.047824,2.87,-2.45,-1.75,-51
1786632906530,176785,Knee,stand,-0.286944,0.95404,-0.051728,2.73,-3.01,-1.75,-51
1786632906530,176802,Knee,stand,-0.288896,0.952576,-0.059536,2.45,-3.08,-1.68,-51
1786632906530,176819,Knee,stand,-0.293288,0.94916,-0.065392,2.73,-3.01,-1.54,-51
1786632906530,176850,Knee,stand,-0.294752,0.948672,-0.071736,2.73,-3.57,-1.33,-51
1786632906530,176867,Knee,stand,-0.289872,0.949648,-0.066368,2.17,-3.57,-1.19,-51
1786632906530,176884,Knee,stand,-0.28792,0.94916,-0.055144,1.82,-3.08,-1.33,-51
1786632906530,176901,Knee,stand,-0.28792,0.94916,-0.050264,1.96,-2.94,-1.26,-51
1786632906530,176932,Knee,stand,-0.279136,0.954528,-0.04636,2.31,-3.15,-1.26,-51
1786632906970,177110,Knee,stand,-0.292312,0.950624,-0.055632,2.17,-5.32,-0.98,-51
1786632906970,177141,Knee,stand,-0.296704,0.948184,-0.059048,3.01,-5.88,-0.63,-51
1786632906970,177158,Knee,stand,-0.296704,0.952088,-0.062952,2.8,-6.37,-0.42,-51
1786632906970,177176,Knee,stand,-0.293288,0.950624,-0.065392,2.45,-6.58,-0.28,-51
1786632906970,177193,Knee,stand,-0.288408,0.952088,-0.071248,2.17,-6.51,-0.35,-51
1786632906970,177224,Knee,stand,-0.288408,0.948184,-0.074664,1.54,-6.23,-0.28,-51
1786632906970,177241,Knee,stand,-0.287432,0.94916,-0.0732,1.47,-6.16,-0.42,-51
1786632906970,177258,Knee,stand,-0.284016,0.950624,-0.07076,1.19,-5.88,-0.56,-51
1786632906970,177275,Knee,stand,-0.28304,0.9516,-0.061976,0.91,-5.53,-0.7,-51
1786632906970,177292,Knee,stand,-0.282552,0.9516,-0.05368,0.91,-5.53,-0.7,-51
1786632907245,177467,Knee,stand,-0.289872,0.949648,-0.06344,2.1,-3.78,-1.05,-51
1786632907245,177498,Knee,stand,-0.28792,0.950624,-0.072712,1.75,-3.85,-0.91,-51
1786632907245,177515,Knee,stand,-0.286944,0.9516,-0.077104,1.61,-3.5,-1.05,-51
1786632907245,177533,Knee,stand,-0.285968,0.951112,-0.08296,1.12,-3.5,-1.12,-51
1786632907245,177550,Knee,stand,-0.282064,0.950624,-0.084424,0.49,-3.57,-1.19,-51
1786632907245,177581,Knee,stand,-0.279136,0.950136,-0.069784,0.21,-3.64,-1.47,-51
1786632907245,177598,Knee,stand,-0.281088,0.950624,-0.061,0.21,-3.36,-1.54,-51
1786632907245,177615,Knee,stand,-0.288408,0.949648,-0.055144,0.35,-3.36,-1.54,-51
1786632907245,177632,Knee,stand,-0.2928,0.9516,-0.054656,0.21,-3.92,-1.26,-51
1786632907245,177649,Knee,stand,-0.293776,0.951112,-0.054656,0.28,-4.69,-1.19,-51
1786632907609,177825,Knee,stand,-0.299632,0.950136,-0.013664,0.21,-3.57,-1.05,-52
1786632907609,177856,Knee,stand,-0.296704,0.949648,-0.002928,1.33,-3.99,-0.56,-52
1786632907609,177873,Knee,stand,-0.295728,0.9516,-0.010248,2.66,-4.13,-0.42,-52
1786632907609,177891,Knee,stand,-0.289384,0.952088,-0.022448,3.15,-4.9,-0.35,-52
1786632907609,177908,Knee,stand,-0.284504,0.953552,-0.036112,3.71,-4.83,-0.21,-52
1786632907609,177939,Knee,stand,-0.28548,0.94916,-0.049776,3.64,-3.99,-0.42,-52
1786632907609,177956,Knee,stand,-0.289384,0.94916,-0.05124,3.64,-3.01,-0.63,-52
1786632907609,177973,Knee,stand,-0.287432,0.950624,-0.047824,3.36,-2.1,-0.91,-52
1786632907609,177990,Knee,stand,-0.285968,0.950624,-0.048312,3.36,-0.98,-1.05,-52
1786632907609,178006,Knee,stand,-0.284992,0.949648,-0.044896,3.43,0.21,-1.12,-52
1786632908685,178183,Knee,stand,-0.299632,0.946232,-0.138104,2.8,-9.87,1.96,-52
1786632908685,178214,Knee,stand,-0.277184,0.9516,-0.125904,0.91,-11.41,1.82,-52
1786632908685,178231,Knee,stand,-0.2684,0.9516,-0.104432,-0.21,-10.71,1.61,-52
1786632908685,178248,Knee,stand,-0.265472,0.955016,-0.0854,-0.77,-9.94,1.19,-52
1786632908685,178265,Knee,stand,-0.26352,0.95648,-0.06832,-0.91,-9.87,0.77,-52
1786632908685,178296,Knee,stand,-0.263032,0.95404,-0.047336,-0.7,-9.24,0.35,-52
1786632908685,178313,Knee,stand,-0.264008,0.953552,-0.045384,0,-9.03,0.07,-52
1786632908685,178330,Knee,stand,-0.266936,0.953064,-0.04392,0.98,-8.33,-0.28,-52
1786632908685,178347,Knee,stand,-0.265472,0.9516,-0.045872,1.12,-6.72,-0.63,-52
1786632908685,178364,Knee,stand,-0.267912,0.955016,-0.04392,1.05,-5.74,-0.98,-52
1786632908686,178539,Knee,stand,-0.293776,0.949648,-0.066368,0.98,-4.06,-1.54,-52
1786632908686,178570,Knee,stand,-0.29768,0.950136,-0.061,1.05,-5.25,-1.12,-52
1786632908686,178587,Knee,stand,-0.291824,0.94916,-0.057096,1.26,-6.16,-0.98,-52
1786632908686,178604,Knee,stand,-0.28792,0.949648,-0.064904,1.75,-6.16,-0.84,-52
1786632908686,178621,Knee,stand,-0.288408,0.952088,-0.069296,1.54,-5.74,-0.84,-52
1786632908686,178652,Knee,stand,-0.285968,0.946232,-0.06832,0.56,-3.22,-1.26,-52
1786632908686,178669,Knee,stand,-0.288896,0.945744,-0.067344,0.56,-1.96,-1.47,-52
1786632908686,178686,Knee,stand,-0.284504,0.948184,-0.061976,0.63,-1.19,-1.54,-52
1786632908686,178702,Knee,stand,-0.28548,0.948184,-0.055144,0.56,0.21,-1.61,-52
1786632908686,178719,Knee,stand,-0.286456,0.954528,-0.052216,0.42,0.56,-1.68,-52
1786632908686,178895,Knee,stand,-0.290848,0.950136,-0.055632,2.17,-8.61,1.47,-52
1786632908686,178926,Knee,stand,-0.273768,0.953064,-0.061976,2.03,-6.72,1.05,-52
1786632908686,178943,Knee,stand,-0.268888,0.951112,-0.071248,1.82,-4.9,0.35,-52
1786632908686,178960,Knee,stand,-0.262544,0.954528,-0.08052,1.54,-3.71,-0.21,-52
1786632908686,178977,Knee,stand,-0.268888,0.948184,-0.086864,0.91,-1.89,-0.42,-52
1786632908686,179008,Knee,stand,-0.27328,0.950136,-0.075152,0.42,0,-0.98,-52
1786632908686,179025,Knee,stand,-0.277672,0.9516,-0.05856,0.21,0.42,-1.12,-52
1786632908686,179042,Knee,stand,-0.283528,0.949648,-0.044896,0.7,0.7,-1.12,-52
1786632908686,179059,Knee,stand,-0.2928,0.953552,-0.039528,1.47,0,-0.84,-52
1786632908686,179076,Knee,stand,-0.29524,0.954528,-0.034648,1.89,-1.47,-0.28,-52
1786632909027,179249,Knee,stand,-0.2806,0.945256,-0.094184,-0.21,-0.7,-2.38,-52
1786632909027,179280,Knee,stand,-0.296216,0.94916,-0.069784,-0.21,0,-2.45,-52
1786632909027,179297,Knee,stand,-0.296704,0.951112,-0.057096,0.28,-0.84,-2.24,-52
1786632909027,179313,Knee,stand,-0.28792,0.954528,-0.046848,0.77,-2.24,-1.89,-52
1786632909027,179331,Knee,stand,-0.284016,0.952088,-0.034648,1.05,-3.29,-1.61,-52
1786632909027,179362,Knee,stand,-0.266448,0.95648,-0.025864,1.4,-4.06,-1.82,-52
1786632909027,179379,Knee,stand,-0.2684,0.95648,-0.035624,2.17,-3.78,-1.96,-52
1786632909027,179396,Knee,stand,-0.275232,0.955992,-0.040504,2.1,-4.69,-2.03,-52
1786632909027,179412,Knee,stand,-0.286944,0.955016,-0.053192,2.31,-5.32,-1.89,-52
1786632909027,179429,Knee,stand,-0.290848,0.9516,-0.06588,2.24,-6.79,-1.61,-52
1786632909399,179605,Knee,stand,-0.279624,0.953552,-0.031232,2.66,-0.28,-2.8,-54
1786632909399,179636,Knee,stand,-0.293776,0.948672,-0.066368,3.43,-0.28,-3.01,-54
1786632909399,179653,Knee,stand,-0.30256,0.943792,-0.09028,3.5,-0.56,-2.87,-54
1786632909399,179670,Knee,stand,-0.304024,0.942816,-0.09516,2.73,-1.12,-2.8,-54
1786632909399,179687,Knee,stand,-0.306464,0.94428,-0.09028,2.38,-1.4,-2.66,-54
1786632909399,179718,Knee,stand,-0.318176,0.947696,-0.064416,2.31,-3.71,-1.68,-54
1786632909399,179735,Knee,stand,-0.317688,0.948672,-0.060512,2.38,-4.83,-0.91,-54
1786632909399,179752,Knee,stand,-0.315248,0.950624,-0.060512,2.45,-7.28,-0.49,-54
1786632909399,179769,Knee,stand,-0.308904,0.951112,-0.064904,2.73,-8.96,0.21,-54
1786632909399,179799,Knee,stand,-0.308416,0.94672,-0.079056,2.38,-10.43,0.7,-54
1786632909756,179976,Knee,stand,-0.266448,0.955504,-0.045872,1.75,-2.66,-0.63,-54
1786632909756,180007,Knee,stand,-0.257176,0.955016,-0.05124,2.1,-1.05,-1.47,-54
1786632909756,180024,Knee,stand,-0.262056,0.952576,-0.056608,2.38,0,-2.03,-54
1786632909756,180041,Knee,stand,-0.27084,0.9516,-0.06588,3.08,0.21,-2.38,-54
1786632909756,180058,Knee,stand,-0.272304,0.953552,-0.072224,2.94,0.56,-2.73,-54
1786632909756,180089,Knee,stand,-0.288408,0.948184,-0.090768,2.24,0.49,-3.08,-54
1786632909756,180105,Knee,stand,-0.297192,0.947696,-0.096624,1.96,-0.98,-2.87,-54
1786632909756,180123,Knee,stand,-0.313784,0.945744,-0.101016,1.68,-2.1,-2.31,-54
1786632909756,180139,Knee,stand,-0.322568,0.939888,-0.101992,1.47,-4.83,-1.89,-54
1786632909756,180156,Knee,stand,-0.317688,0.94428,-0.102968,1.26,-7.07,-1.4,-54
1786632910136,180332,Knee,stand,-0.306952,0.949648,-0.050264,0.07,-5.67,-1.19,-54
1786632910136,180363,Knee,stand,-0.304512,0.946232,-0.054168,-0.07,-5.81,-0.91,-54
1786632910136,180380,Knee,stand,-0.302072,0.948672,-0.055144,-0.07,-6.09,-0.7,-54
1786632910136,180397,Knee,stand,-0.301584,0.950136,-0.058072,-0.07,-6.3,-0.56,-54
1786632910136,180414,Knee,stand,-0.299144,0.946232,-0.058072,0,-6.37,-0.56,-54
1786632910136,180445,Knee,stand,-0.296704,0.948184,-0.049776,0.14,-6.72,-0.35,-54
1786632910136,180462,Knee,stand,-0.288896,0.946232,-0.048312,0.49,-6.44,-0.28,-54
1786632910136,180479,Knee,stand,-0.280112,0.953064,-0.044896,0.49,-5.53,-0.63,-54
1786632910136,180496,Knee,stand,-0.276208,0.951112,-0.045384,0.63,-3.99,-0.98,-54
1786632910136,180513,Knee,stand,-0.280112,0.9516,-0.044408,0.77,-2.59,-1.33,-54
1786632910512,180692,Knee,stand,-0.298168,0.946232,-0.041968,4.13,1.96,-2.66,-54
1786632910512,180723,Knee,stand,-0.306952,0.945256,-0.057584,4.2,1.05,-2.59,-54
1786632910512,180740,Knee,stand,-0.317688,0.945256,-0.077592,4.27,0.28,-2.31,-54
1786632910512,180757,Knee,stand,-0.321592,0.945256,-0.100528,3.64,-0.91,-1.96,-54
1786632910512,180774,Knee,stand,-0.324032,0.940376,-0.107848,3.15,-1.4,-1.82,-54
1786632910512,180805,Knee,stand,-0.330864,0.938912,-0.114192,1.96,-3.5,-0.49,-54
1786632910512,180822,Knee,stand,-0.328424,0.940376,-0.106872,1.47,-4.2,0.07,-54
1786632910512,180839,Knee,stand,-0.323056,0.940864,-0.08784,1.26,-4.41,0.28,-54
1786632910512,180856,Knee,stand,-0.316224,0.945744,-0.0732,1.12,-5.11,0.7,-54
1786632910512,180873,Knee,stand,-0.308416,0.949648,-0.064416,0.91,-5.32,0.91,-54
1786632910899,181049,Knee,stand,-0.29036,0.951112,-0.055144,0.77,-5.18,1.4,-54
1786632910899,181080,Knee,stand,-0.296216,0.9516,-0.054168,1.12,-6.51,1.47,-54
1786632910899,181098,Knee,stand,-0.290848,0.945744,-0.060512,1.54,-6.37,1.47,-54
1786632910899,181115,Knee,stand,-0.2928,0.955504,-0.064416,1.82,-6.86,1.4,-54
1786632910899,181132,Knee,stand,-0.2928,0.940864,-0.074176,1.75,-6.86,1.54,-54
1786632910899,181163,Knee,stand,-0.286456,0.948672,-0.079544,1.33,-7.07,1.47,-54
1786632910899,181180,Knee,stand,-0.290848,0.949648,-0.071736,1.12,-6.72,1.47,-54
1786632910899,181197,Knee,stand,-0.285968,0.94916,-0.067832,0.7,-6.79,1.4,-54
1786632910899,181214,Knee,stand,-0.29036,0.947208,-0.068808,0.7,-6.16,1.26,-54
1786632910899,181231,Knee,stand,-0.293776,0.947696,-0.067832,0.14,-6.23,1.33,-54
1786632911190,181407,Knee,stand,-0.271328,0.954528,-0.013176,-0.49,-5.74,1.05,-54
1786632911190,181438,Knee,stand,-0.27328,0.960384,-0.010736,1.33,-5.81,1.19,-54
1786632911190,181455,Knee,stand,-0.277184,0.95648,-0.013176,1.61,-6.51,1.47,-54
1786632911190,181471,Knee,stand,-0.270352,0.957944,-0.025376,1.96,-7.14,1.33,-54
1786632911190,181489,Knee,stand,-0.270352,0.953552,-0.03416,2.1,-6.86,1.05,-54
1786632911190,181520,Knee,stand,-0.276208,0.95404,-0.054168,1.96,-5.88,0.7,-54
1786632911190,181537,Knee,stand,-0.28548,0.953064,-0.060024,1.75,-5.04,0.7,-54
1786632911190,181554,Knee,stand,-0.28792,0.952088,-0.059048,1.4,-4.83,0.77,-54
1786632911190,181571,Knee,stand,-0.284504,0.950624,-0.054168,1.89,-4.41,0.91,-54
1786632911190,181588,Knee,stand,-0.279136,0.9516,-0.052216,1.89,-4.06,0.84,-54
1786632911558,181764,Knee,stand,-0.266448,0.953064,-0.053192,1.33,-1.12,-0.63,-54
1786632911558,181795,Knee,stand,-0.267424,0.957944,-0.054656,0.98,-0.35,-1.05,-54
1786632911558,181812,Knee,stand,-0.269376,0.958432,-0.054656,0.77,-0.14,-1.05,-54
1786632911558,181829,Knee,stand,-0.274744,0.953064,-0.05124,1.12,-0.14,-1.05,-54
1786632911558,181846,Knee,stand,-0.273768,0.954528,-0.053192,1.47,-0.42,-0.91,-54
1786632911558,181877,Knee,stand,-0.269376,0.953552,-0.053192,1.4,-0.07,-1.05,-54
1786632911558,181894,Knee,stand,-0.266448,0.955504,-0.044896,0.84,-0.49,-1.33,-54
1786632911558,181911,Knee,stand,-0.269864,0.954528,-0.04148,0.91,-0.84,-1.33,-54
1786632911558,181928,Knee,stand,-0.271328,0.95648,-0.044408,1.47,-1.47,-1.26,-54
1786632911558,181946,Knee,stand,-0.272792,0.954528,-0.047824,1.54,-1.75,-1.33,-54
1786632911907,182122,Knee,stand,-0.2684,0.955016,-0.066368,1.47,-4.55,-1.33,-53
1786632911907,182152,Knee,stand,-0.267912,0.957944,-0.061,0.77,-4.06,-1.68,-53
1786632911907,182169,Knee,stand,-0.272304,0.955992,-0.055144,0.49,-4.48,-1.68,-53
1786632911907,182187,Knee,stand,-0.27572,0.95404,-0.050752,1.33,-4.69,-1.4,-53
1786632911907,182203,Knee,stand,-0.280112,0.952576,-0.054168,1.75,-5.25,-1.19,-53
1786632911907,182235,Knee,stand,-0.274744,0.95404,-0.060512,1.47,-5.39,-1.26,-53
1786632911907,182251,Knee,stand,-0.271328,0.952576,-0.056608,0.98,-5.18,-1.47,-53
1786632911907,182268,Knee,stand,-0.269376,0.952088,-0.055632,0.77,-4.2,-1.75,-53
1786632911907,182285,Knee,stand,-0.2684,0.954528,-0.052704,0.49,-3.57,-1.96,-53
1786632911907,182302,Knee,stand,-0.272304,0.953064,-0.04392,0.63,-2.52,-2.1,-53
1786632912265,182479,Knee,stand,-0.290848,0.949648,-0.09516,1.96,-6.86,-0.63,-55
1786632912265,182510,Knee,stand,-0.28548,0.950624,-0.077104,0.91,-7.63,-0.49,-55
1786632912265,182527,Knee,stand,-0.279624,0.952576,-0.060024,0.56,-7.49,-0.56,-55
1786632912265,182544,Knee,stand,-0.275232,0.952088,-0.050752,0.77,-7.07,-0.63,-55
1786632912265,182561,Knee,stand,-0.276208,0.952088,-0.045384,1.4,-6.93,-0.63,-55
1786632912265,182592,Knee,stand,-0.271328,0.956968,-0.045872,1.47,-6.79,-0.63,-55
1786632912265,182609,Knee,stand,-0.270352,0.956968,-0.04636,1.26,-6.51,-0.77,-55
1786632912265,182626,Knee,stand,-0.277184,0.95404,-0.047824,1.19,-6.65,-0.84,-55
1786632912265,182643,Knee,stand,-0.281576,0.953064,-0.049776,1.19,-6.86,-0.84,-55
1786632912265,182661,Knee,stand,-0.284016,0.950624,-0.058072,1.75,-7,-0.77,-55
1786632912626,182838,Knee,stand,-0.273768,0.955504,-0.045384,-0.21,-7.49,-0.84,-55
1786632912626,182869,Knee,stand,-0.274256,0.95648,-0.04148,0.63,-6.44,-0.98,-55
1786632912626,182886,Knee,stand,-0.27084,0.9516,-0.040016,0.35,-5.74,-1.12,-55
1786632912626,182903,Knee,stand,-0.276208,0.95404,-0.037576,0.14,-4.69,-1.4,-55
1786632912626,182920,Knee,stand,-0.277672,0.9516,-0.037088,0.35,-3.71,-1.61,-55
1786632912626,182951,Knee,stand,-0.280112,0.951112,-0.040016,0.84,-2.66,-1.82,-55
1786632912626,182968,Knee,stand,-0.278648,0.952576,-0.03904,0.7,-1.89,-1.89,-55
1786632912626,182985,Knee,stand,-0.276208,0.951112,-0.032208,0.63,-1.26,-1.96,-55
1786632912626,183002,Knee,stand,-0.27572,0.951112,-0.023424,1.54,-1.12,-1.89,-55
1786632912626,183019,Knee,stand,-0.275232,0.956968,-0.023912,1.75,-1.05,-2.03,-55
1786632912984,183197,Knee,stand,-0.28304,0.951112,-0.059536,1.61,-2.24,-1.4,-55
1786632912984,183228,Knee,stand,-0.276696,0.95404,-0.0488,1.47,-1.89,-1.54,-55
1786632912984,183245,Knee,stand,-0.276696,0.949648,-0.042944,1.47,-1.61,-1.68,-55
1786632912984,183262,Knee,stand,-0.281576,0.957944,-0.040504,1.75,-2.03,-1.68,-55
1786632912984,183279,Knee,stand,-0.276696,0.952576,-0.039528,1.89,-1.96,-1.75,-55
1786632912984,183310,Knee,stand,-0.285968,0.952576,-0.049776,2.24,-2.03,-1.75,-55
1786632912984,183327,Knee,stand,-0.284992,0.953552,-0.054656,2.17,-2.03,-1.68,-55
1786632912984,183344,Knee,stand,-0.283528,0.951112,-0.059536,2.1,-1.96,-1.89,-55
1786632912984,183361,Knee,stand,-0.286944,0.9516,-0.064904,1.96,-1.75,-1.96,-55
1786632912984,183378,Knee,stand,-0.289872,0.948672,-0.066856,2.03,-2.31,-1.82,-55
1786632913345,183555,Knee,stand,-0.291824,0.950136,-0.050752,1.82,-4.55,-1.19,-54
1786632913345,183586,Knee,stand,-0.289384,0.951112,-0.035624,1.96,-4.2,-1.12,-54
1786632913345,183603,Knee,stand,-0.293776,0.952088,-0.032696,2.52,-3.92,-1.12,-54
1786632913345,183620,Knee,stand,-0.29768,0.950136,-0.03416,2.87,-4.41,-0.98,-54
1786632913345,183637,Knee,stand,-0.296216,0.950624,-0.038064,3.29,-4.97,-0.63,-54
1786632913345,183668,Knee,stand,-0.288408,0.951112,-0.05368,3.5,-5.67,-0.42,-54
1786632913345,183686,Knee,stand,-0.286944,0.9516,-0.05856,3.15,-5.53,-0.35,-54
1786632913345,183703,Knee,stand,-0.287432,0.950624,-0.059536,3.01,-5.39,-0.28,-54
1786632913345,183720,Knee,stand,-0.29036,0.949648,-0.067832,2.87,-5.11,-0.28,-54
1786632913345,183737,Knee,stand,-0.291824,0.947208,-0.076616,2.59,-5.04,-0.42,-54
1786632913703,183916,Knee,stand,-0.291824,0.949648,-0.039528,1.61,-4.41,-1.26,-54
1786632913703,183947,Knee,stand,-0.279624,0.952576,-0.05612,1.82,-4.97,-1.33,-54
1786632913703,183964,Knee,stand,-0.272304,0.952088,-0.071248,1.82,-4.76,-1.68,-54
1786632913703,183981,Knee,stand,-0.270352,0.950624,-0.072224,1.68,-4.2,-2.1,-54
1786632913703,183998,Knee,stand,-0.27328,0.950136,-0.069296,1.54,-3.64,-2.38,-54
1786632913703,184029,Knee,stand,-0.285968,0.950624,-0.047336,1.05,-3.08,-2.59,-54
1786632913703,184046,Knee,stand,-0.296704,0.947696,-0.03172,1.4,-3.01,-2.59,-54
1786632913703,184063,Knee,stand,-0.303048,0.94672,-0.028304,2.1,-3.29,-2.1,-54
1786632913703,184080,Knee,stand,-0.310368,0.94916,-0.025864,2.59,-3.64,-2.03,-54
1786632913703,184097,Knee,stand,-0.30744,0.950136,-0.030256,2.8,-4.13,-1.68,-54
1786632914062,184274,Knee,stand,-0.2806,0.950624,-0.053192,0.77,0.28,-2.38,-54
1786632914062,184305,Knee,stand,-0.277184,0.959896,-0.047824,1.68,0,-2.59,-54
1786632914062,184322,Knee,stand,-0.27572,0.948184,-0.037576,1.54,0.49,-2.8,-54
1786632914062,184339,Knee,stand,-0.295728,0.950624,-0.040016,2.1,0.28,-2.73,-54
1786632914062,184356,Knee,stand,-0.295728,0.950624,-0.0488,2.38,-0.7,-2.66,-54
1786632914062,184387,Knee,stand,-0.31232,0.94184,-0.060512,2.66,-1.33,-2.45,-54
1786632914062,184404,Knee,stand,-0.326472,0.950624,-0.061976,3.08,-3.57,-1.75,-54
1786632914062,184421,Knee,stand,-0.329888,0.947208,-0.064904,2.45,-4.97,-1.12,-54
1786632914062,184438,Knee,stand,-0.31964,0.943792,-0.071736,2.94,-6.3,-0.91,-54
1786632914062,184455,Knee,stand,-0.30744,0.94428,-0.094672,2.87,-7.21,-0.56,-54
1786632914418,184631,Knee,stand,-0.291824,0.949648,-0.043432,1.26,-5.95,-0.28,-53
1786632914418,184662,Knee,stand,-0.291336,0.946232,-0.05612,1.19,-4.27,-0.49,-53
1786632914418,184679,Knee,stand,-0.296704,0.945256,-0.061976,1.33,-3.57,-0.49,-53
1786632914418,184696,Knee,stand,-0.299144,0.945744,-0.059536,1.4,-2.87,-0.63,-53
1786632914418,184713,Knee,stand,-0.307928,0.943304,-0.05124,1.68,-2.45,-0.49,-53
1786632914418,184744,Knee,stand,-0.304512,0.950136,-0.047824,1.47,-2.38,-0.35,-53
1786632914418,184761,Knee,stand,-0.303048,0.948672,-0.047824,1.54,-2.45,-0.14,-53
1786632914418,184778,Knee,stand,-0.303536,0.950136,-0.049776,1.68,-3.15,0.07,-53
1786632914418,184795,Knee,stand,-0.305,0.945744,-0.05124,2.38,-4.41,0.49,-53
1786632914418,184812,Knee,stand,-0.300608,0.948184,-0.058072,2.38,-5.46,0.77,-53
1786632914864,184988,Knee,stand,-0.284504,0.950136,-0.072224,-0.63,-5.6,-0.14,-51
1786632914864,185019,Knee,stand,-0.281088,0.952576,-0.060512,-0.28,-5.39,-0.28,-51
1786632914864,185036,Knee,stand,-0.2806,0.95404,-0.058072,-0.63,-5.18,-0.42,-51
1786632914864,185053,Knee,stand,-0.286944,0.953064,-0.057096,-0.77,-5.18,-0.42,-51
1786632914864,185070,Knee,stand,-0.293288,0.94428,-0.050264,-0.63,-5.11,-0.42,-51
1786632914864,185101,Knee,stand,-0.304024,0.950624,-0.054168,-0.07,-6.58,0.07,-51
1786632914864,185174,Knee,stand,-0.29768,0.949648,-0.040016,-0.56,-8.05,0.84,-51
1786632914864,185206,Knee,stand,-0.287432,0.956968,-0.028792,0.14,-7.91,0.84,-51
1786632914864,185223,Knee,stand,-0.280112,0.950624,-0.023912,0.7,-7.35,0.77,-51
1786632914864,185240,Knee,stand,-0.279624,0.9516,-0.024888,0.98,-6.51,0.56,-51
1786632915938,185417,Knee,stand,-0.277672,0.952088,-0.045384,3.85,1.89,-2.03,-54
1786632915938,185448,Knee,stand,-0.284016,0.952088,-0.057096,3.99,1.68,-2.24,-54
1786632915938,185465,Knee,stand,-0.28792,0.949648,-0.06588,4.06,1.19,-2.24,-54
1786632915938,185481,Knee,stand,-0.288408,0.947696,-0.076128,3.64,0.77,-2.24,-54
1786632915938,185499,Knee,stand,-0.2928,0.949648,-0.078568,3.78,-0.14,-2.17,-54
1786632915938,185530,Knee,stand,-0.299144,0.952088,-0.09028,2.73,-0.91,-1.96,-54
1786632915938,185547,Knee,stand,-0.301584,0.945256,-0.092232,2.45,-1.26,-1.82,-54
1786632915938,185563,Knee,stand,-0.305,0.948672,-0.09028,2.17,-1.82,-1.61,-54
1786632915938,185580,Knee,stand,-0.301096,0.944768,-0.0854,1.05,-2.45,-1.33,-54
1786632915938,185597,Knee,stand,-0.304512,0.946232,-0.072712,0.63,-2.8,-1.19,-54
1786632915939,185773,Knee,stand,-0.29524,0.949648,-0.067832,1.54,-3.57,-1.05,-53
1786632915939,185804,Knee,stand,-0.296216,0.948672,-0.07564,1.19,-4.13,-0.91,-53
1786632915939,185821,Knee,stand,-0.29768,0.948672,-0.079056,0.91,-5.18,-0.63,-53
1786632915939,185838,Knee,stand,-0.300608,0.94916,-0.078568,0.77,-5.88,-0.35,-53
1786632915939,185855,Knee,stand,-0.298168,0.945256,-0.072224,0.91,-7.07,-0.21,-53
1786632915939,185886,Knee,stand,-0.302072,0.94672,-0.075152,0.91,-8.26,0.35,-53
1786632915939,185903,Knee,stand,-0.302072,0.945256,-0.075152,0.49,-8.61,0.42,-53
1786632915939,185920,Knee,stand,-0.29768,0.946232,-0.067344,0.28,-8.96,0.49,-53
1786632915939,185937,Knee,stand,-0.29524,0.9516,-0.059536,0.07,-9.24,0.56,-53
1786632915939,185954,Knee,stand,-0.289384,0.947208,-0.05124,0.28,-9.66,0.63,-53
1786632915940,186129,Knee,stand,-0.282552,0.953064,-0.035136,0.84,-5.88,-0.49,-53
1786632915940,186160,Knee,stand,-0.28304,0.951112,-0.039528,1.26,-5.46,-0.63,-53
1786632915940,186177,Knee,stand,-0.2806,0.952576,-0.040504,1.33,-5.18,-0.63,-53
1786632915940,186194,Knee,stand,-0.276696,0.95404,-0.045384,1.54,-4.55,-0.84,-53
1786632915940,186211,Knee,stand,-0.2806,0.947208,-0.044408,1.82,-3.85,-1.05,-53
1786632915940,186241,Knee,stand,-0.287432,0.950136,-0.052216,2.17,-3.71,-1.19,-53
1786632915940,186258,Knee,stand,-0.279624,0.9516,-0.052704,1.89,-3.57,-1.4,-53
1786632915940,186275,Knee,stand,-0.277184,0.952576,-0.050264,1.61,-3.36,-1.54,-53
1786632915940,186291,Knee,stand,-0.274744,0.954528,-0.048312,1.54,-3.15,-1.75,-53
1786632915940,186323,Knee,stand,-0.279136,0.950136,-0.045384,2.17,-1.68,-2.03,-53
1786632916386,186499,Knee,stand,-0.29768,0.947208,-0.059536,1.82,-1.75,-1.89,-52
1786632916386,186530,Knee,stand,-0.303536,0.949648,-0.066856,1.82,-3.08,-1.54,-52
1786632916386,186548,Knee,stand,-0.30256,0.94428,-0.066856,2.1,-3.29,-1.33,-52
1786632916386,186565,Knee,stand,-0.308904,0.94672,-0.06832,2.03,-3.5,-1.05,-52
1786632916386,186582,Knee,stand,-0.305488,0.947696,-0.067832,1.82,-4.13,-0.98,-52
1786632916386,186613,Knee,stand,-0.299144,0.948184,-0.06588,1.68,-4.76,-0.56,-52
1786632916386,186630,Knee,stand,-0.300608,0.948672,-0.06832,1.47,-4.9,-0.42,-52
1786632916386,186647,Knee,stand,-0.301096,0.94672,-0.069784,1.19,-5.25,-0.21,-52
1786632916386,186664,Knee,stand,-0.298168,0.948672,-0.067344,1.05,-5.32,-0.07,-52
1786632916386,186681,Knee,stand,-0.293776,0.948184,-0.064416,0.91,-5.18,-0.21,-52
1786632916690,186858,Knee,stand,-0.298656,0.94672,-0.060024,2.59,-4.76,-0.35,-54
1786632916690,186889,Knee,stand,-0.2928,0.950624,-0.066856,2.1,-4.76,-0.49,-54
1786632916690,186906,Knee,stand,-0.286456,0.950624,-0.066368,1.96,-4.83,-0.56,-54
1786632916690,186923,Knee,stand,-0.282552,0.950624,-0.063928,1.75,-4.76,-0.56,-54
1786632916690,186941,Knee,stand,-0.284992,0.952088,-0.061488,1.61,-4.83,-0.63,-54
1786632916690,186971,Knee,stand,-0.284992,0.948184,-0.063928,1.68,-4.55,-0.84,-54
1786632916690,186988,Knee,stand,-0.287432,0.948672,-0.059048,1.54,-4.06,-1.05,-54
1786632916690,187005,Knee,stand,-0.293288,0.950136,-0.055632,1.47,-3.92,-1.19,-54
1786632916690,187022,Knee,stand,-0.28792,0.950624,-0.053192,1.4,-3.64,-1.26,-54
1786632916690,187039,Knee,stand,-0.284992,0.950136,-0.054168,1.26,-2.94,-1.61,-54
1786632917106,187216,Knee,stand,-0.298168,0.948184,-0.052216,1.19,-4.06,-1.26,-54
1786632917106,187247,Knee,stand,-0.296704,0.950624,-0.054656,1.75,-4.55,-0.91,-54
1786632917106,187264,Knee,stand,-0.294752,0.948672,-0.057096,1.75,-4.48,-0.91,-54
1786632917106,187281,Knee,stand,-0.296704,0.94916,-0.060024,1.68,-4.62,-0.91,-54
1786632917106,187298,Knee,stand,-0.2928,0.945744,-0.062464,1.61,-4.69,-0.91,-54
1786632917106,187329,Knee,stand,-0.298656,0.947696,-0.06588,1.47,-4.62,-0.91,-54
1786632917106,187346,Knee,stand,-0.296704,0.947696,-0.064416,1.26,-4.62,-0.84,-54
1786632917106,187363,Knee,stand,-0.296216,0.94916,-0.06344,0.91,-4.41,-0.98,-54
1786632917106,187380,Knee,stand,-0.295728,0.948672,-0.05856,0.91,-4.27,-1.05,-54
1786632917106,187397,Knee,stand,-0.292312,0.948184,-0.057096,1.05,-4.13,-1.05,-54
1786632917512,187575,Knee,stand,-0.299632,0.94672,-0.056608,1.47,-2.59,-1.12,-56
1786632917512,187606,Knee,stand,-0.301096,0.946232,-0.058072,1.75,-3.43,-0.84,-56
1786632917512,187623,Knee,stand,-0.300608,0.94428,-0.056608,2.38,-3.5,-0.77,-56
1786632917512,187640,Knee,stand,-0.293776,0.952088,-0.060024,1.61,-3.78,-0.77,-56
1786632917512,187657,Knee,stand,-0.294752,0.948184,-0.057096,1.82,-3.15,-0.98,-56
1786632917512,187688,Knee,stand,-0.299632,0.949648,-0.063928,1.75,-3.64,-0.77,-56
1786632917512,187705,Knee,stand,-0.301584,0.947696,-0.065392,1.82,-4.41,-0.56,-56
1786632917512,187722,Knee,stand,-0.302072,0.945744,-0.064416,1.68,-4.62,-0.49,-56
1786632917512,187739,Knee,stand,-0.302072,0.947208,-0.063928,1.82,-4.9,-0.28,-56
1786632917512,187757,Knee,stand,-0.299144,0.948184,-0.062952,1.82,-4.76,-0.35,-56
1786632917729,187934,Knee,stand,-0.294752,0.94916,-0.076128,0.42,-4.62,-0.56,-54
1786632917729,187965,Knee,stand,-0.296704,0.947208,-0.06832,-0.14,-5.11,-0.49,-54
1786632917729,187982,Knee,stand,-0.295728,0.950136,-0.060024,-0.28,-5.39,-0.49,-54
1786632917729,187999,Knee,stand,-0.2928,0.94916,-0.052704,-0.35,-5.6,-0.42,-54
1786632917729,188016,Knee,stand,-0.298168,0.947696,-0.0488,0.21,-5.46,-0.28,-54
1786632917729,188047,Knee,stand,-0.303536,0.947696,-0.049288,0.56,-6.23,0,-54
1786632917729,188065,Knee,stand,-0.302072,0.947208,-0.052704,0.42,-6.37,0.07,-54
1786632917729,188082,Knee,stand,-0.296704,0.94916,-0.055144,0.35,-6.3,0.14,-54
1786632917729,188099,Knee,stand,-0.294264,0.948184,-0.060024,0.28,-6.16,0.14,-54
1786632917729,188116,Knee,stand,-0.29524,0.949648,-0.062464,0.14,-5.95,0.14,-54
1786632918087,188293,Knee,stand,-0.289384,0.948184,-0.043432,2.24,-4.41,-0.35,-54
1786632918087,188324,Knee,stand,-0.286456,0.945744,-0.043432,3.01,-3.22,-0.49,-54
1786632918087,188341,Knee,stand,-0.28304,0.953552,-0.050264,3.01,-2.73,-0.7,-54
1786632918087,188358,Knee,stand,-0.284504,0.951112,-0.052704,2.73,-1.68,-0.7,-54
1786632918087,188375,Knee,stand,-0.284992,0.951112,-0.052704,2.52,-0.91,-0.77,-54
1786632918087,188405,Knee,stand,-0.28548,0.94916,-0.048312,2.45,0.35,-1.12,-54
1786632918087,188422,Knee,stand,-0.287432,0.94916,-0.045384,2.1,1.19,-1.54,-54
1786632918087,188439,Knee,stand,-0.293288,0.94916,-0.044408,2.17,1.61,-1.61,-54
1786632918087,188456,Knee,stand,-0.294752,0.949648,-0.04636,2.45,1.4,-1.61,-54
1786632918087,188474,Knee,stand,-0.297192,0.953064,-0.05124,2.38,0.84,-1.61,-54
1786632918448,188650,Knee,stand,-0.284504,0.948672,-0.06832,1.47,-2.73,-1.4,-55
1786632918448,188681,Knee,stand,-0.296216,0.947696,-0.055632,1.12,-1.68,-1.47,-55
1786632918448,188698,Knee,stand,-0.306952,0.947208,-0.051728,1.47,-2.1,-1.12,-55
1786632918448,188715,Knee,stand,-0.310856,0.947208,-0.050752,1.54,-3.22,-0.63,-55
1786632918448,188732,Knee,stand,-0.30988,0.947696,-0.053192,1.68,-4.13,-0.28,-55
1786632918448,188763,Knee,stand,-0.304024,0.948672,-0.067832,1.61,-5.53,0.28,-55
1786632918448,188780,Knee,stand,-0.301096,0.948184,-0.077592,1.4,-6.16,0.42,-55
1786632918448,188797,Knee,stand,-0.30012,0.948184,-0.083448,1.33,-6.86,0.7,-55
1786632918448,188814,Knee,stand,-0.296216,0.948184,-0.088328,1.33,-7.14,0.84,-55
1786632918448,188831,Knee,stand,-0.29768,0.948184,-0.08784,0.77,-7.91,0.84,-55
1786632918802,189008,Knee,stand,-0.279624,0.948184,-0.02684,-1.54,-4.69,-1.19,-55
1786632918802,189039,Knee,stand,-0.28792,0.951112,-0.004392,-0.35,-2.73,-1.47,-55
1786632918802,189056,Knee,stand,-0.291336,0.95404,-0.004392,0.77,-2.45,-1.4,-55
1786632918802,189072,Knee,stand,-0.288408,0.95404,-0.016592,1.54,-2.73,-1.19,-55
1786632918802,189089,Knee,stand,-0.290848,0.953064,-0.023424,1.75,-3.29,-0.98,-55
1786632918802,189120,Knee,stand,-0.293288,0.952088,-0.053192,2.1,-4.9,-0.7,-55
1786632918802,189137,Knee,stand,-0.290848,0.949648,-0.064904,2.1,-4.9,-0.7,-55
1786632918802,189154,Knee,stand,-0.29036,0.950136,-0.070272,2.1,-4.76,-0.7,-55
1786632918802,189171,Knee,stand,-0.287432,0.949648,-0.073688,1.61,-4.76,-0.77,-55
1786632918802,189188,Knee,stand,-0.288896,0.949648,-0.069784,1.26,-4.69,-0.91,-55
1786632919163,189365,Knee,stand,-0.295728,0.948672,-0.042456,1.82,-1.68,-1.19,-52
1786632919163,189396,Knee,stand,-0.299632,0.947208,-0.040504,2.38,-2.17,-0.91,-52
1786632919163,189413,Knee,stand,-0.294264,0.950624,-0.043432,2.73,-2.8,-0.7,-52
1786632919163,189430,Knee,stand,-0.291824,0.952576,-0.053192,2.52,-3.15,-0.63,-52
1786632919163,189447,Knee,stand,-0.289384,0.952576,-0.05612,2.38,-3.43,-0.56,-52
1786632919163,189478,Knee,stand,-0.291824,0.9516,-0.066856,2.17,-5.11,-0.42,-52
1786632919163,189495,Knee,stand,-0.288896,0.950624,-0.066368,1.96,-6.23,-0.28,-52
1786632919163,189512,Knee,stand,-0.281576,0.952576,-0.066368,1.68,-6.37,-0.35,-52
1786632919163,189529,Knee,stand,-0.279624,0.950136,-0.058072,1.61,-6.16,-0.49,-52
1786632919163,189546,Knee,stand,-0.281576,0.9516,-0.050264,1.47,-5.53,-0.7,-52
1786632919520,189725,Knee,stand,-0.301096,0.949648,-0.068808,1.54,-3.15,-0.56,-52
1786632919520,189755,Knee,stand,-0.296704,0.950624,-0.071248,1.26,-4.83,-0.14,-52
1786632919520,189773,Knee,stand,-0.29524,0.94916,-0.06588,0.98,-6.02,0.14,-52
1786632919520,189789,Knee,stand,-0.2928,0.950624,-0.054168,0.77,-6.86,0.14,-52
1786632919520,189807,Knee,stand,-0.282064,0.953064,-0.049288,0.77,-6.79,0.07,-52
1786632919520,189837,Knee,stand,-0.269864,0.955992,-0.037576,1.19,-5.53,-0.49,-52
1786632919520,189854,Knee,stand,-0.267912,0.95648,-0.037576,1.4,-4.41,-0.77,-52
1786632919520,189871,Knee,stand,-0.270352,0.953064,-0.042456,1.4,-3.71,-1.05,-52
1786632919520,189888,Knee,stand,-0.27328,0.950136,-0.04392,1.33,-2.38,-1.4,-52
1786632919520,189905,Knee,stand,-0.281576,0.951112,-0.042944,1.26,-0.98,-1.75,-52
1786632919889,190081,Knee,stand,-0.286456,0.953064,-0.061976,1.75,-5.81,0.21,-52
1786632919889,190111,Knee,stand,-0.280112,0.951112,-0.061488,1.47,-6.51,0.21,-52
1786632919889,190128,Knee,stand,-0.27816,0.950624,-0.059536,1.54,-6.93,0,-52
1786632919889,190145,Knee,stand,-0.272304,0.95404,-0.057584,1.33,-6.79,-0.21,-52
1786632919889,190162,Knee,stand,-0.267912,0.953552,-0.052704,1.26,-6.09,-0.56,-52
1786632919889,190193,Knee,stand,-0.26108,0.956968,-0.052216,0.98,-4.27,-1.33,-52
1786632919889,190210,Knee,stand,-0.266448,0.954528,-0.051728,0.7,-2.52,-1.96,-52
1786632919889,190227,Knee,stand,-0.273768,0.9516,-0.05368,0.49,-1.33,-2.45,-52
1786632919889,190244,Knee,stand,-0.2806,0.950136,-0.053192,0.56,-0.56,-2.66,-52
1786632919889,190275,Knee,stand,-0.298168,0.947208,-0.05368,0.49,-0.28,-2.73,-52
1786632920250,190451,Knee,stand,-0.284504,0.94916,-0.08052,0.56,-9.45,0.21,-51
1786632920250,190481,Knee,stand,-0.27572,0.953552,-0.062464,-0.28,-8.61,-0.07,-51
1786632920250,190499,Knee,stand,-0.27084,0.950136,-0.05124,-0.77,-7.35,-0.49,-51
1786632920250,190515,Knee,stand,-0.269864,0.9516,-0.042456,-0.56,-5.81,-1.05,-51
1786632920250,190532,Knee,stand,-0.272304,0.952576,-0.030256,-0.49,-4.9,-1.26,-51
1786632920250,190563,Knee,stand,-0.278648,0.951112,-0.006832,0.91,-2.31,-1.82,-51
1786632920250,190580,Knee,stand,-0.275232,0.952088,-0.002928,1.26,-1.54,-1.96,-51
1786632920250,190597,Knee,stand,-0.280112,0.953552,-0.001952,2.1,-0.35,-2.17,-51
1786632920250,190613,Knee,stand,-0.291824,0.953064,-0.007808,2.73,0.07,-2.1,-51
1786632920250,190631,Knee,stand,-0.300608,0.952088,-0.020496,3.43,-0.49,-1.82,-51
1786632920605,190808,Knee,stand,-0.289384,0.9516,-0.081008,1.12,-7.07,0.35,-52
1786632920605,190839,Knee,stand,-0.28792,0.952088,-0.064904,0.28,-6.65,-0.14,-52
1786632920605,190856,Knee,stand,-0.291336,0.950136,-0.062464,0.14,-6.51,-0.14,-52
1786632920605,190873,Knee,stand,-0.286456,0.952576,-0.05612,0.14,-6.58,-0.14,-52
1786632920605,190890,Knee,stand,-0.27084,0.9516,-0.047336,0.14,-6.37,-0.42,-52
1786632920605,190921,Knee,stand,-0.263032,0.95648,-0.037088,0,-4.41,-1.33,-52
1786632920605,190938,Knee,stand,-0.267912,0.955504,-0.032696,0.28,-3.64,-1.47,-52
1786632920605,190955,Knee,stand,-0.27328,0.955504,-0.032208,0.56,-3.08,-1.75,-52
1786632920605,190972,Knee,stand,-0.28304,0.952088,-0.03416,1.12,-2.94,-1.82,-52
1786632920605,190989,Knee,stand,-0.286456,0.94916,-0.038064,1.75,-3.22,-1.75,-52
1786632920990,191165,Knee,stand,-0.295728,0.9516,-0.03904,1.54,-2.87,-1.12,-53
1786632920990,191195,Knee,stand,-0.28792,0.952088,-0.039528,1.82,-3.15,-0.84,-53
1786632920990,191213,Knee,stand,-0.29036,0.950624,-0.042456,2.03,-3.15,-0.84,-53
1786632920990,191229,Knee,stand,-0.291336,0.950136,-0.054168,2.31,-3.29,-0.84,-53
1786632920990,191246,Knee,stand,-0.289384,0.950136,-0.060512,2.1,-3.5,-0.98,-53
1786632920990,191277,Knee,stand,-0.289872,0.948672,-0.06832,1.75,-3.36,-1.05,-53
1786632920990,191294,Knee,stand,-0.287432,0.949648,-0.067344,1.4,-3.29,-1.12,-53
1786632920990,191311,Knee,stand,-0.289872,0.947696,-0.061488,0.91,-3.22,-1.33,-53
1786632920990,191328,Knee,stand,-0.290848,0.947208,-0.059048,1.12,-3.15,-1.26,-53
1786632920990,191345,Knee,stand,-0.293288,0.947696,-0.054656,1.33,-3.22,-1.26,-53
1786632921377,191523,Knee,stand,-0.296216,0.94672,-0.06344,1.68,-3.64,-1.05,-54
1786632921377,191554,Knee,stand,-0.295728,0.948184,-0.05124,1.82,-3.99,-0.98,-54
1786632921377,191571,Knee,stand,-0.29524,0.949648,-0.045872,1.82,-4.2,-0.91,-54
1786632921377,191588,Knee,stand,-0.291336,0.950136,-0.044408,2.03,-4.27,-0.91,-54
1786632921377,191605,Knee,stand,-0.29036,0.950624,-0.049288,2.03,-4.34,-0.91,-54
1786632921377,191636,Knee,stand,-0.292312,0.9516,-0.059048,2.1,-4.13,-0.91,-54
1786632921377,191654,Knee,stand,-0.294752,0.94672,-0.061,2.1,-4.06,-0.91,-54
1786632921377,191671,Knee,stand,-0.293776,0.948672,-0.061,2.1,-3.78,-1.05,-54
1786632921377,191688,Knee,stand,-0.293288,0.948672,-0.059536,2.1,-3.57,-1.19,-54
1786632921377,191705,Knee,stand,-0.2928,0.950624,-0.060024,2.1,-3.43,-1.19,-54
1786632921733,191880,Knee,stand,-0.290848,0.950136,-0.077592,1.47,-6.51,-1.05,-53
1786632921733,191911,Knee,stand,-0.288896,0.947696,-0.08296,1.05,-6.65,-1.12,-53
1786632921733,191928,Knee,stand,-0.293776,0.94916,-0.083448,0.42,-7,-1.19,-53
1786632921733,191945,Knee,stand,-0.294752,0.948184,-0.085888,0.21,-7.28,-1.19,-53
1786632921733,191962,Knee,stand,-0.298168,0.945256,-0.0854,-0.42,-7.42,-1.12,-53
1786632921733,191993,Knee,stand,-0.308904,0.945744,-0.077104,-1.47,-7.84,-0.91,-53
1786632921733,192010,Knee,stand,-0.308416,0.946232,-0.06588,-1.82,-7.77,-0.77,-53
1786632921733,192027,Knee,stand,-0.306952,0.94672,-0.05856,-1.89,-7.35,-0.84,-53
1786632921733,192044,Knee,stand,-0.304512,0.945744,-0.04392,-1.89,-7,-0.77,-53
1786632921733,192061,Knee,stand,-0.305,0.945744,-0.029768,-1.4,-6.02,-0.56,-53
1786632922092,192238,Knee,stand,-0.298168,0.945744,-0.028792,4.13,-3.57,0.28,-50
1786632922092,192269,Knee,stand,-0.294264,0.952088,-0.008784,5.95,-2.8,0.63,-50
1786632922092,192286,Knee,stand,-0.291336,0.955016,-0.009272,6.79,-1.82,0.7,-50
1786632922092,192304,Knee,stand,-0.279624,0.957944,-0.015616,6.58,-0.91,0.42,-50
1786632922092,192321,Knee,stand,-0.277672,0.95404,-0.025864,6.58,0.35,0.07,-50
1786632922092,192352,Knee,stand,-0.272792,0.952088,-0.058072,6.3,1.75,-0.77,-50
1786632922092,192369,Knee,stand,-0.276208,0.948672,-0.076616,5.67,2.73,-1.26,-50
1786632922092,192386,Knee,stand,-0.28548,0.947696,-0.084424,5.53,3.29,-1.54,-50
1786632922092,192403,Knee,stand,-0.287432,0.947208,-0.101504,4.9,3.64,-1.75,-50
1786632922092,192420,Knee,stand,-0.30012,0.94428,-0.098088,4.41,3.92,-1.75,-50
1786632922399,192596,Knee,stand,-0.128832,0.947208,-0.15616,-2.1,-8.33,-1.19,-50
1786632922399,192626,Knee,stand,-0.269864,0.942816,-0.092232,-4.13,-3.5,-2.73,-50
1786632922399,192644,Knee,stand,-0.28792,0.950136,-0.054168,-4.06,-1.54,-3.22,-50
1786632922399,192661,Knee,stand,-0.2928,0.950624,-0.023912,-3.36,-0.63,-3.36,-50
1786632922399,192678,Knee,stand,-0.301096,0.947208,-0.010736,-2.94,-0.35,-3.15,-50
1786632922399,192709,Knee,stand,-0.320128,0.943304,-0.020008,-0.84,-2.24,-2.52,-50
1786632922399,192726,Knee,stand,-0.327936,0.938424,-0.024888,-0.35,-5.04,-1.75,-50
1786632922399,192743,Knee,stand,-0.322568,0.94184,-0.040016,0.07,-6.3,-1.4,-50
1786632922399,192760,Knee,stand,-0.308904,0.94428,-0.060024,0.63,-7,-1.12,-50
1786632922399,192777,Knee,stand,-0.309392,0.940864,-0.066368,0.07,-6.09,-0.98,-50
1786632922760,192954,Knee,stand,-0.30012,0.941352,-0.079056,5.18,2.24,-2.24,-55
1786632922760,192985,Knee,stand,-0.322568,0.945256,-0.084424,4.06,1.33,-1.89,-55
1786632922760,193002,Knee,stand,-0.325008,0.948184,-0.096136,3.71,-0.21,-1.47,-55
1786632922760,193019,Knee,stand,-0.32452,0.94916,-0.102968,3.43,-2.31,-0.98,-55
1786632922760,193036,Knee,stand,-0.312808,0.948184,-0.11712,2.94,-3.5,-0.7,-55
1786632922760,193067,Knee,stand,-0.290848,0.941352,-0.122,1.26,-5.95,-0.21,-55
1786632922760,193084,Knee,stand,-0.291336,0.945256,-0.116144,0.42,-6.51,-0.21,-55
1786632922760,193101,Knee,stand,-0.292312,0.943304,-0.111752,1.12,-7.14,-0.07,-55
1786632922760,193118,Knee,stand,-0.297192,0.943792,-0.102968,0.35,-8.26,0,-55
1786632922760,193135,Knee,stand,-0.293776,0.947208,-0.081496,-0.42,-8.68,0.07,-55
1786632923113,193312,Knee,stand,-0.305976,0.948184,-0.046848,-2.1,-6.23,0,-54
1786632923113,193343,Knee,stand,-0.295728,0.94916,-0.030256,-0.98,-6.16,0.28,-54
1786632923113,193360,Knee,stand,-0.2928,0.948184,-0.028792,0.14,-6.16,0.49,-54
1786632923113,193377,Knee,stand,-0.291336,0.948672,-0.03172,0.56,-6.23,0.63,-54
1786632923113,193394,Knee,stand,-0.291824,0.949648,-0.032208,0.84,-6.16,0.63,-54
1786632923113,193425,Knee,stand,-0.291824,0.947696,-0.034648,1.68,-5.67,0.63,-54
1786632923113,193442,Knee,stand,-0.290848,0.949648,-0.0488,2.38,-5.46,0.56,-54
1786632923113,193459,Knee,stand,-0.282552,0.951112,-0.059536,2.1,-4.62,0.28,-54
1786632923113,193476,Knee,stand,-0.282064,0.950624,-0.067832,1.54,-3.43,0.07,-54
1786632923113,193493,Knee,stand,-0.284016,0.949648,-0.066856,1.26,-2.87,-0.21,-54
1786632923470,193669,Knee,stand,-0.2806,0.950136,-0.075152,2.94,-2.31,-1.47,-55
1786632923470,193700,Knee,stand,-0.294752,0.945744,-0.083448,2.87,-2.45,-1.54,-55
1786632923470,193717,Knee,stand,-0.29768,0.947696,-0.089792,2.59,-2.52,-1.54,-55
1786632923470,193734,Knee,stand,-0.300608,0.948672,-0.092232,1.68,-2.87,-1.47,-55
1786632923470,193751,Knee,stand,-0.30012,0.94672,-0.09028,0.84,-2.94,-1.54,-55
1786632923470,193782,Knee,stand,-0.302072,0.948184,-0.081496,0.28,-3.43,-1.26,-55
1786632923470,193799,Knee,stand,-0.30012,0.944768,-0.076616,0.42,-3.92,-0.91,-55
1786632923470,193816,Knee,stand,-0.299144,0.947696,-0.0732,0.35,-4.41,-0.77,-55
1786632923470,193833,Knee,stand,-0.299632,0.948184,-0.06588,0.07,-4.83,-0.56,-55
1786632923470,193850,Knee,stand,-0.297192,0.947208,-0.062952,0.14,-5.04,-0.42,-55
1786632923854,194025,Knee,stand,-0.289384,0.947208,-0.05124,1.33,-3.22,-0.49,-52
1786632923854,194056,Knee,stand,-0.289872,0.950624,-0.052704,1.61,-2.87,-0.49,-52
1786632923854,194073,Knee,stand,-0.289872,0.950624,-0.054168,1.61,-2.94,-0.56,-52
1786632923854,194090,Knee,stand,-0.293776,0.948672,-0.055632,2.24,-3.15,-0.42,-52
1786632923854,194107,Knee,stand,-0.294752,0.950136,-0.06832,2.66,-3.85,-0.28,-52
1786632923854,194138,Knee,stand,-0.289872,0.952088,-0.073688,2.24,-4.13,-0.21,-52
1786632923854,194155,Knee,stand,-0.292312,0.948184,-0.077592,2.03,-4.62,-0.14,-52
1786632923854,194172,Knee,stand,-0.29524,0.947696,-0.079544,1.54,-5.18,-0.07,-52
1786632923854,194189,Knee,stand,-0.298168,0.945744,-0.078568,1.54,-5.6,0,-52
1786632923854,194206,Knee,stand,-0.293288,0.949648,-0.081496,1.33,-6.09,0.14,-52
1786632924191,194384,Knee,stand,-0.284016,0.952576,-0.062952,-0.35,-4.62,0,-52
1786632924191,194415,Knee,stand,-0.282064,0.95404,-0.05124,-0.63,-3.5,-0.35,-52
1786632924191,194432,Knee,stand,-0.282064,0.950136,-0.036112,-0.56,-3.01,-0.35,-52
1786632924191,194449,Knee,stand,-0.2806,0.954528,-0.0244,-0.07,-2.87,-0.49,-52
1786632924191,194466,Knee,stand,-0.279624,0.95404,-0.020008,0.56,-2.94,-0.63,-52
1786632924191,194497,Knee,stand,-0.274744,0.954528,-0.029768,1.61,-3.36,-0.77,-52
1786632924191,194514,Knee,stand,-0.276696,0.95404,-0.042944,2.38,-3.15,-0.84,-52
1786632924191,194531,Knee,stand,-0.27572,0.954528,-0.050752,2.45,-3.57,-0.98,-52
1786632924191,194548,Knee,stand,-0.275232,0.950624,-0.057096,2.24,-3.64,-1.12,-52
1786632924191,194565,Knee,stand,-0.276208,0.952088,-0.059048,2.17,-3.36,-1.33,-52
1786632924558,194741,Knee,stand,-0.285968,0.952576,-0.059536,1.75,-3.08,-1.05,-52
1786632924558,194771,Knee,stand,-0.27816,0.950136,-0.059536,1.75,-2.24,-1.33,-52
1786632924558,194788,Knee,stand,-0.272304,0.952576,-0.071248,2.03,-1.75,-1.47,-52
1786632924558,194805,Knee,stand,-0.268888,0.952088,-0.072224,1.68,-0.98,-1.75,-52
1786632924558,194822,Knee,stand,-0.274744,0.950624,-0.072712,1.4,-0.56,-1.89,-52
1786632924558,194853,Knee,stand,-0.289872,0.94916,-0.064416,1.05,-0.56,-2.17,-52
1786632924558,194870,Knee,stand,-0.2928,0.947208,-0.06344,1.19,-0.56,-2.24,-52
1786632924558,194887,Knee,stand,-0.299632,0.950624,-0.057584,1.12,-0.7,-2.17,-52
1786632924558,194904,Knee,stand,-0.30012,0.9516,-0.051728,1.05,-1.47,-1.96,-52
1786632924558,194935,Knee,stand,-0.301096,0.949648,-0.05368,1.54,-3.22,-1.33,-52
1786632924935,195112,Knee,stand,-0.271816,0.951112,-0.05124,-0.77,-6.23,-0.21,-54
1786632924935,195143,Knee,stand,-0.271816,0.953064,-0.032208,-0.42,-4.62,-0.84,-54
1786632924935,195160,Knee,stand,-0.274744,0.949648,-0.02196,0.21,-3.78,-1.05,-54
1786632924935,195177,Knee,stand,-0.27816,0.955992,-0.020496,1.19,-2.94,-1.33,-54
1786632924935,195194,Knee,stand,-0.277184,0.953064,-0.022936,1.68,-2.24,-1.47,-54
1786632924935,195225,Knee,stand,-0.284016,0.951112,-0.028304,2.1,-1.61,-1.82,-54
1786632924935,195242,Knee,stand,-0.29036,0.949648,-0.035136,2.17,-1.61,-1.89,-54
1786632924935,195258,Knee,stand,-0.290848,0.94916,-0.03904,2.38,-1.68,-1.89,-54
1786632924935,195275,Knee,stand,-0.291336,0.948672,-0.046848,2.38,-1.54,-1.89,-54
1786632924935,195292,Knee,stand,-0.298656,0.950624,-0.055632,2.24,-1.26,-1.96,-54
1786632925276,195470,Knee,stand,-0.28548,0.948672,-0.084912,4.2,-6.79,-0.49,-51
1786632925276,195501,Knee,stand,-0.27328,0.952088,-0.098576,3.43,-5.32,-0.91,-51
1786632925276,195518,Knee,stand,-0.27084,0.948672,-0.09516,2.8,-3.85,-1.33,-51
1786632925276,195535,Knee,stand,-0.2806,0.948184,-0.084912,2.17,-3.43,-1.75,-51
1786632925276,195552,Knee,stand,-0.282064,0.951112,-0.076128,2.17,-3.57,-1.82,-51
1786632925276,195583,Knee,stand,-0.284992,0.953552,-0.068808,1.89,-4.27,-1.96,-51
1786632925276,195600,Knee,stand,-0.28792,0.953064,-0.072712,1.75,-4.97,-1.82,-51
1786632925276,195617,Knee,stand,-0.289872,0.952576,-0.07808,1.61,-5.39,-1.82,-51
1786632925276,195634,Knee,stand,-0.293776,0.948184,-0.087352,1.26,-5.53,-1.89,-51
1786632925276,195651,Knee,stand,-0.299632,0.944768,-0.099064,0.77,-5.6,-1.89,-51
1786632925702,195828,Knee,stand,-0.313784,0.943792,-0.038064,-0.14,-4.13,-1.47,-54
1786632925702,195859,Knee,stand,-0.303536,0.947696,-0.027816,0.28,-3.71,-1.26,-54
1786632925702,195876,Knee,stand,-0.298656,0.950136,-0.022448,0.49,-2.8,-1.26,-54
1786632925702,195893,Knee,stand,-0.299144,0.950624,-0.01952,1.05,-2.66,-1.19,-54
1786632925702,195910,Knee,stand,-0.295728,0.951112,-0.021472,1.33,-2.87,-1.05,-54
1786632925702,195941,Knee,stand,-0.29524,0.948184,-0.037576,2.52,-3.01,-0.84,-54
1786632925702,195958,Knee,stand,-0.298168,0.947208,-0.043432,2.8,-3.08,-0.77,-54
1786632925702,195974,Knee,stand,-0.30256,0.94672,-0.052216,2.8,-3.01,-0.77,-54
1786632925702,195991,Knee,stand,-0.305,0.943792,-0.05856,3.01,-2.87,-0.7,-54
1786632925702,196008,Knee,stand,-0.303048,0.945744,-0.061976,2.94,-2.87,-0.63,-54
1786632925991,196186,Knee,stand,-0.299144,0.94428,-0.058072,2.24,-3.08,-0.56,-53
1786632925991,196217,Knee,stand,-0.294264,0.94916,-0.059536,2.38,-3.29,-0.49,-53
1786632925991,196234,Knee,stand,-0.295728,0.9516,-0.062952,2.31,-3.43,-0.42,-53
1786632925991,196251,Knee,stand,-0.30012,0.9516,-0.076128,2.31,-4.06,-0.21,-53
1786632925991,196268,Knee,stand,-0.304512,0.948184,-0.082472,2.31,-4.55,17.85,-53
1786632925991,196299,Knee,stand,-0.32208,0.93696,-0.111752,1.19,-6.3,0.91,-53
1786632925991,196316,Knee,stand,-0.334768,0.935984,-0.1098,0.7,-7.63,1.61,-53
1786632925991,196333,Knee,stand,-0.33184,0.938424,-0.096136,0.07,-8.26,1.89,-53
1786632925991,196351,Knee,stand,-0.321104,0.94184,-0.0732,-0.42,-8.54,2.31,-53
1786632925991,196368,Knee,stand,-0.308416,0.950624,-0.052704,-0.42,-8.47,2.73,-53
1786632926350,196543,Knee,stand,-0.260104,0.95404,-0.027328,2.17,0.84,-2.45,-53
1786632926350,196574,Knee,stand,-0.264496,0.954528,-0.054656,2.66,2.1,-3.36,-53
1786632926350,196591,Knee,stand,-0.269376,0.9516,-0.06344,2.66,2.52,-3.71,-53
1786632926350,196607,Knee,stand,-0.280112,0.950136,-0.07564,2.8,2.52,-3.85,-53
1786632926350,196624,Knee,stand,-0.287432,0.947696,-0.086864,2.73,2.03,-3.85,-53
1786632926350,196655,Knee,stand,-0.307928,0.942328,-0.090768,1.89,1.33,-3.64,-53
1786632926350,196672,Knee,stand,-0.320128,0.945744,-0.090768,0.77,-0.35,-3.29,-53
1786632926350,196689,Knee,stand,-0.32452,0.942816,-0.083936,0.77,-1.61,-2.66,-53
1786632926350,196706,Knee,stand,-0.334768,0.943792,-0.07808,0.49,-3.43,-1.96,-53
1786632926350,196723,Knee,stand,-0.331352,0.943792,-0.071736,0.49,-5.32,-1.12,-53
1786632926760,196901,Knee,stand,-0.296216,0.94672,-0.035136,-1.12,-3.5,-0.84,-52
1786632926760,196932,Knee,stand,-0.289384,0.950136,-0.015128,1.05,-3.99,-0.63,-52
1786632926760,196949,Knee,stand,-0.285968,0.952576,-0.015616,1.47,-4.34,-0.63,-52
1786632926760,196966,Knee,stand,-0.283528,0.95404,-0.016104,2.1,-4.34,-0.63,-52
1786632926760,196983,Knee,stand,-0.284016,0.954528,-0.017568,2.59,-4.41,-0.7,-52
1786632926760,197014,Knee,stand,-0.29768,0.947696,-0.021472,3.01,-4.2,-0.84,-52
1786632926760,197031,Knee,stand,-0.303536,0.945256,-0.028792,3.92,-4.62,-0.63,-52
1786632926760,197048,Knee,stand,-0.304024,0.948672,-0.0366,4.34,-5.18,-0.42,-52
1786632926760,197065,Knee,stand,-0.301584,0.945256,-0.035624,5.04,-5.67,-0.14,-52
1786632926760,197082,Knee,stand,-0.302072,0.948184,-0.04148,5.67,-6.37,0.14,-52
1786632927130,197259,Knee,stand,-0.298168,0.948672,-0.093208,-1.12,-3.57,-1.82,-52
1786632927130,197289,Knee,stand,-0.288408,0.947208,-0.10736,-1.82,-4.83,-1.54,-52
1786632927130,197307,Knee,stand,-0.291336,0.943792,-0.08296,-1.96,-4.83,-1.47,-52
1786632927130,197324,Knee,stand,-0.303048,0.942328,-0.048312,-1.75,-4.34,-1.33,-52
1786632927130,197341,Knee,stand,-0.311344,0.943792,-0.011224,-1.26,-3.71,-1.12,-52
1786632927130,197372,Knee,stand,-0.326472,0.945256,0.027816,0.14,-2.66,-0.42,-52
1786632927130,197389,Knee,stand,-0.325008,0.94672,0.045384,1.33,-2.87,0,-52
1786632927130,197406,Knee,stand,-0.332816,0.94916,0.042944,3.22,-4.2,0.84,-52
1786632927130,197423,Knee,stand,-0.325008,0.955016,0.028304,4.55,-7.49,2.1,-52
1786632927130,197440,Knee,stand,-0.315736,0.95404,0.013176,5.11,-9.66,2.59,-52
1786632927503,197617,Knee,stand,-0.288408,0.952576,-0.047824,2.17,-2.45,-0.84,-52
1786632927503,197648,Knee,stand,-0.284016,0.954528,-0.040992,2.45,-4.55,-0.56,-52
1786632927503,197665,Knee,stand,-0.277184,0.955992,-0.049288,2.8,-4.76,-0.63,-52
1786632927503,197682,Knee,stand,-0.277184,0.953064,-0.066856,2.66,-4.76,-0.91,-52
1786632927503,197699,Knee,stand,-0.282064,0.950136,-0.0854,2.59,-4.76,-0.98,-52
1786632927503,197729,Knee,stand,-0.281088,0.950136,-0.096136,1.61,-4.2,-1.47,-52
1786632927503,197746,Knee,stand,-0.284504,0.950136,-0.098088,0.63,-3.85,-1.82,-52
1786632927503,197763,Knee,stand,-0.285968,0.948672,-0.09516,-0.21,-3.71,-1.96,-52
1786632927503,197780,Knee,stand,-0.291336,0.94916,-0.094184,-0.56,-3.78,-2.24,-52
1786632927503,197811,Knee,stand,-0.2928,0.946232,-0.096136,-1.54,-3.71,-2.38,-52
1786632927809,197987,Knee,stand,-0.292312,0.950624,-0.031232,1.68,-5.18,-1.54,-53
1786632927809,198018,Knee,stand,-0.299144,0.94428,-0.056608,1.89,-3.36,-1.82,-53
1786632927809,198035,Knee,stand,-0.304512,0.94672,-0.060512,1.89,-2.52,-1.89,-53
1786632927809,198052,Knee,stand,-0.310368,0.943304,-0.061976,1.68,-2.45,-1.89,-53
1786632927809,198069,Knee,stand,-0.305488,0.946232,-0.066856,1.96,-2.31,-1.82,-53
1786632927809,198099,Knee,stand,-0.297192,0.946232,-0.085888,2.03,-2.87,-1.96,-53
1786632927809,198115,Knee,stand,-0.295728,0.942328,-0.075152,2.17,-3.57,-1.82,-53
1786632927809,198132,Knee,stand,-0.286456,0.942328,-0.0488,1.47,-3.64,-1.61,-53
1786632927809,198149,Knee,stand,-0.283528,0.946232,-0.028304,1.4,-2.17,-2.1,-53
1786632927809,198180,Knee,stand,-0.29524,0.950136,0.01952,2.66,0.56,-2.45,-53
1786632928163,198357,Knee,stand,-0.3294,0.94428,-0.064904,1.61,1.61,-1.4,-50
1786632928163,198388,Knee,stand,-0.32696,0.94916,-0.037088,3.5,-2.31,0,-50
1786632928163,198405,Knee,stand,-0.32208,0.948672,-0.04636,4.48,-5.25,0.84,-50
1786632928163,198422,Knee,stand,-0.311832,0.947208,-0.055144,4.9,-6.51,1.12,-50
1786632928163,198439,Knee,stand,-0.298168,0.949648,-0.074664,5.04,-8.47,1.47,-50
1786632928163,198470,Knee,stand,-0.279624,0.945744,-0.104432,4.41,-8.96,1.05,-50
1786632928163,198487,Knee,stand,-0.282064,0.943792,-0.114192,3.71,-8.47,0.91,-50
1786632928163,198504,Knee,stand,-0.286456,0.948184,-0.122488,3.15,-7.84,0.63,-50
1786632928163,198521,Knee,stand,-0.289872,0.94672,-0.122488,1.96,-7.21,0.21,-50
1786632928163,198538,Knee,stand,-0.289384,0.945744,-0.121024,0.91,-6.72,-0.28,-50
1786632928525,198713,Knee,stand,-0.297192,0.947208,-0.069784,-0.84,-6.44,-1.54,-53
1786632928525,198744,Knee,stand,-0.305976,0.945744,-0.067832,-1.12,-6.23,-1.61,-53
1786632928525,198761,Knee,stand,-0.305976,0.94672,-0.069296,-1.33,-6.23,-1.54,-53
1786632928525,198778,Knee,stand,-0.303048,0.944768,-0.06344,-1.19,-5.74,-1.47,-53
1786632928525,198795,Knee,stand,-0.308904,0.943304,-0.052216,-0.91,-5.18,-1.54,-53
1786632928525,198826,Knee,stand,-0.303048,0.943304,-0.040016,0.21,-4.97,-1.33,-53
1786632928525,198843,Knee,stand,-0.298168,0.94672,-0.035136,0.63,-4.76,-1.33,-53
1786632928525,198860,Knee,stand,-0.301584,0.947696,-0.032208,0.98,-4.34,-1.26,-53
1786632928525,198877,Knee,stand,-0.304024,0.948184,-0.03416,1.47,-4.41,-1.05,-53
1786632928525,198894,Knee,stand,-0.306464,0.950136,-0.03904,1.54,-4.34,-1.05,-53
1786632929083,199072,Knee,stand,-0.295728,0.947208,-0.044896,2.17,-2.38,-1.33,-55
1786632929083,199103,Knee,stand,-0.298656,0.947696,-0.050264,2.59,-1.61,-1.61,-55
1786632929083,199120,Knee,stand,-0.302072,0.947208,-0.057096,2.66,-1.47,-1.68,-55
1786632929083,199137,Knee,stand,-0.300608,0.943792,-0.06344,2.8,-1.26,-1.61,-55
1786632929083,199154,Knee,stand,-0.302072,0.94672,-0.074176,3.15,-0.77,-1.68,-55
1786632929083,199185,Knee,stand,-0.30988,0.942816,-0.081008,2.66,-0.77,-1.68,-55
1786632929083,199202,Knee,stand,-0.313784,0.944768,-0.081496,2.73,-0.98,-1.4,-55
1786632929083,199219,Knee,stand,-0.317688,0.938912,-0.076616,2.66,-1.47,-1.05,-55
1786632929083,199235,Knee,stand,-0.316712,0.943304,-0.073688,2.31,-2.03,-0.84,-55
1786632929083,199252,Knee,stand,-0.3172,0.942328,-0.067344,2.38,-2.24,-0.77,-55
1786632929255,199429,Knee,stand,-0.30744,0.942328,-0.10004,2.1,-6.37,0.98,-54
1786632929255,199460,Knee,stand,-0.307928,0.943304,-0.10248,1.89,-7.56,1.4,-54
1786632929255,199477,Knee,stand,-0.30256,0.946232,-0.101992,1.26,-8.26,1.4,-54
1786632929255,199494,Knee,stand,-0.294752,0.94428,-0.0976,0.7,-8.4,1.33,-54
1786632929255,199511,Knee,stand,-0.285968,0.949648,-0.091744,0.28,-8.26,1.12,-54
1786632929255,199542,Knee,stand,-0.282064,0.948672,-0.08052,-0.14,-6.93,0.77,-54
1786632929255,199559,Knee,stand,-0.27816,0.945744,-0.066856,-0.21,-5.6,0.35,-54
1786632929255,199576,Knee,stand,-0.276208,0.945256,-0.062464,-0.07,-3.99,-0.21,-54
1786632929255,199593,Knee,stand,-0.276696,0.952576,-0.056608,-0.14,-3.36,-0.49,-54
1786632929255,199610,Knee,stand,-0.277672,0.950624,-0.056608,0.21,-2.17,-0.98,-54
1786632929598,199788,Knee,stand,-0.30256,0.94184,-0.104432,1.26,-2.87,-1.68,-54
1786632929598,199819,Knee,stand,-0.308904,0.941352,-0.106872,0.77,-1.4,-1.75,-54
1786632929598,199836,Knee,stand,-0.306464,0.936472,-0.096624,0.35,-0.7,-1.61,-54
1786632929598,199853,Knee,stand,-0.304024,0.949648,-0.08052,-0.07,-0.49,-1.61,-54
1786632929598,199870,Knee,stand,-0.296216,0.9394,-0.062952,-0.35,0.28,-1.61,-54
1786632929598,199900,Knee,stand,-0.314272,0.942816,-0.043432,-0.07,0.35,-1.26,-54
1786632929598,199917,Knee,stand,-0.319152,0.946232,-0.032696,0.21,-0.56,-0.7,-54
1786632929598,199934,Knee,stand,-0.318664,0.94428,-0.026352,0.56,-1.4,-0.35,-54
1786632929598,199951,Knee,stand,-0.32696,0.945256,-0.025376,2.03,-1.82,0,-54
1786632929598,199968,Knee,stand,-0.337208,0.945744,-0.031232,3.08,-4.34,0.91,-54
1786632930108,200144,Knee,stand,-0.269376,0.949648,-0.067832,-2.17,-7.14,-0.21,-53
1786632930108,200176,Knee,stand,-0.266936,0.9516,-0.03172,-1.12,-4.76,-0.98,-53
1786632930108,200193,Knee,stand,-0.272304,0.955016,-0.028304,-0.28,-3.5,-1.33,-53
1786632930108,200210,Knee,stand,-0.276208,0.955504,-0.03172,0.21,-2.59,-1.54,-53
1786632930108,200227,Knee,stand,-0.282064,0.952576,-0.03416,0.49,-1.61,-1.61,-53
1786632930108,200258,Knee,stand,-0.313296,0.945744,-0.054656,0.91,-0.63,-1.47,-53
1786632930108,200275,Knee,stand,-0.32208,0.94184,-0.059048,1.4,-1.61,-0.98,-53
1786632930108,200292,Knee,stand,-0.325008,0.942816,-0.077104,1.4,-2.31,-0.7,-53
1786632930108,200309,Knee,stand,-0.317688,0.943792,-0.088816,1.12,-3.36,-0.14,-53
1786632930108,200326,Knee,stand,-0.310368,0.94672,-0.094672,0.56,-4.83,0.28,-53
1786632930314,200502,Knee,stand,-0.283528,0.951112,-0.050264,0.84,-2.03,-1.26,-54
1786632930314,200533,Knee,stand,-0.29036,0.947696,-0.062464,1.05,-1.4,-1.54,-54
1786632930314,200550,Knee,stand,-0.2928,0.948672,-0.064416,0.98,-1.68,-1.68,-54
1786632930314,200566,Knee,stand,-0.294264,0.944768,-0.066368,1.33,-1.75,-1.54,-54
1786632930314,200583,Knee,stand,-0.295728,0.948672,-0.06588,1.4,-2.03,-1.4,-54
1786632930314,200614,Knee,stand,-0.284992,0.950136,-0.052704,1.26,-2.17,-1.61,-54
1786632930314,200631,Knee,stand,-0.289384,0.94916,-0.041968,1.61,-2.31,-1.54,-54
1786632930314,200649,Knee,stand,-0.289384,0.950136,-0.039528,1.96,-2.17,-1.54,-54
1786632930314,200666,Knee,stand,-0.286944,0.952576,-0.046848,2.52,-2.03,-1.4,-54
1786632930314,200683,Knee,stand,-0.288408,0.9516,-0.054168,1.89,-1.75,-1.61,-54
1786632930672,200860,Knee,stand,-0.302072,0.94916,-0.061,2.52,-7.63,1.33,-54
1786632930672,200891,Knee,stand,-0.285968,0.950136,-0.062952,2.52,-7.49,1.33,-54
1786632930672,200908,Knee,stand,-0.284016,0.953552,-0.062952,2.17,-7.14,1.26,-54
1786632930672,200925,Knee,stand,-0.281576,0.948184,-0.05612,2.31,-6.86,1.19,-54
1786632930672,200942,Knee,stand,-0.281088,0.94916,-0.056608,2.38,-6.3,1.05,-54
1786632930672,200973,Knee,stand,-0.276696,0.955016,-0.056608,1.89,-5.74,0.49,-54
1786632930672,200990,Knee,stand,-0.279136,0.953552,-0.052704,1.54,-4.97,0.42,-54
1786632930672,201007,Knee,stand,-0.282064,0.954528,-0.056608,2.17,-4.97,0.35,-54
1786632930672,201024,Knee,stand,-0.271816,0.953064,-0.069784,2.31,-4.69,0.21,-54
1786632930672,201041,Knee,stand,-0.271816,0.951112,-0.089304,2.31,-4.41,0.14,-54
1786632931049,201217,Knee,stand,-0.265472,0.955992,-0.020008,-0.21,-2.1,-2.52,-54
1786632931049,201247,Knee,stand,-0.27816,0.951112,-0.01708,1.05,-1.75,-2.8,-54
1786632931049,201264,Knee,stand,-0.285968,0.952576,-0.02196,2.1,-1.82,-2.8,-54
1786632931049,201281,Knee,stand,-0.291336,0.947696,-0.02684,3.01,-1.75,-2.8,-54
1786632931049,201298,Knee,stand,-0.292312,0.953064,-0.038552,3.15,-1.61,-2.94,-54
1786632931049,201329,Knee,stand,-0.303048,0.947696,-0.042456,3.57,-1.33,-2.73,-54
1786632931049,201346,Knee,stand,-0.31232,0.947696,-0.054168,4.34,-2.45,-2.24,-54
1786632931049,201363,Knee,stand,-0.30744,0.94672,-0.062952,4.48,-3.85,-1.82,-54
1786632931049,201380,Knee,stand,-0.306952,0.947208,-0.064904,4.13,-4.83,-1.4,-54
1786632931049,201397,Knee,stand,-0.306952,0.947208,-0.068808,3.99,-5.46,-1.26,-54
1786632931400,201574,Knee,stand,-0.283528,0.9516,-0.047824,2.59,-3.01,-1.75,-53
1786632931400,201605,Knee,stand,-0.284992,0.950136,-0.066368,2.66,-1.26,-2.03,-53
1786632931400,201622,Knee,stand,-0.291824,0.949648,-0.074176,2.31,-0.49,-2.31,-53
1786632931400,201639,Knee,stand,-0.296216,0.94672,-0.072712,2.1,0,-2.45,-53
1786632931400,201656,Knee,stand,-0.301584,0.942816,-0.07808,2.24,0.35,-2.38,-53
1786632931400,201687,Knee,stand,-0.306952,0.944768,-0.090768,2.03,0.28,-2.17,-53
1786632931400,201704,Knee,stand,-0.303048,0.946232,-0.09028,1.47,-0.14,-2.03,-53
1786632931400,201721,Knee,stand,-0.301584,0.945744,-0.087352,1.12,-0.77,-1.82,-53
1786632931400,201738,Knee,stand,-0.299144,0.945744,-0.084424,1.05,-1.26,-1.75,-53
1786632931400,201755,Knee,stand,-0.298168,0.94916,-0.087352,1.33,-2.17,-1.54,-53
1786632931745,201932,Knee,stand,-0.298656,0.947208,-0.062464,0.14,-8.19,0.21,-53
1786632931745,201963,Knee,stand,-0.2928,0.948184,-0.065392,-0.07,-8.61,0.07,-53
1786632931745,201980,Knee,stand,-0.29036,0.94916,-0.065392,-0.28,-8.4,-0.14,-53
1786632931745,201997,Knee,stand,-0.281088,0.948672,-0.062952,-0.35,-7.98,-0.35,-53
1786632931745,202014,Knee,stand,-0.276696,0.9516,-0.05368,-0.77,-6.65,-0.84,-53
1786632931745,202045,Knee,stand,-0.274744,0.949648,-0.044408,0.35,-3.5,-1.61,-53
1786632931745,202062,Knee,stand,-0.276208,0.950624,-0.042944,0.35,-1.4,-2.31,-53
1786632931745,202079,Knee,stand,-0.281088,0.948672,-0.038064,0.49,0.14,-2.73,-53
1786632931745,202096,Knee,stand,-0.29036,0.94916,-0.030744,0.7,0.77,-2.73,-53
1786632931745,202113,Knee,stand,-0.300608,0.945744,-0.0244,1.96,1.12,-2.73,-53
1786632932139,202289,Knee,stand,-0.296216,0.945744,-0.071736,1.4,-2.03,-1.26,-54
1786632932139,202320,Knee,stand,-0.2928,0.948184,-0.05856,1.05,-1.75,-1.61,-54
1786632932139,202337,Knee,stand,-0.300608,0.943304,-0.061,2.73,-1.4,-1.47,-54
1786632932139,202354,Knee,stand,-0.305976,0.94916,-0.075152,2.73,-2.1,-1.19,-54
1786632932139,202371,Knee,stand,-0.305976,0.944768,-0.079056,2.8,-2.31,-1.12,-54
1786632932139,202402,Knee,stand,-0.311832,0.943792,-0.08784,1.75,-3.57,-0.98,-54
1786632932139,202419,Knee,stand,-0.308904,0.942816,-0.087352,1.68,-4.13,-0.91,-54
1786632932139,202436,Knee,stand,-0.30012,0.948672,-0.081984,1.33,-4.55,-0.91,-54
1786632932139,202453,Knee,stand,-0.29036,0.94672,-0.079056,1.47,-4.13,-0.91,-54
1786632932139,202470,Knee,stand,-0.291824,0.946232,-0.070272,1.19,-3.99,-0.98,-54
1786632932558,202645,Knee,stand,-0.30256,0.945256,-0.08296,1.96,-3.43,-1.19,-54
1786632932558,202676,Knee,stand,-0.298656,0.94428,-0.082472,1.89,-2.87,-1.26,-54
1786632932558,202693,Knee,stand,-0.30012,0.945744,-0.080032,1.54,-2.94,-1.26,-54
1786632932558,202710,Knee,stand,-0.293288,0.945744,-0.069784,1.47,-2.8,-1.4,-54
1786632932558,202728,Knee,stand,-0.291824,0.94672,-0.06588,1.75,-2.24,-1.61,-54
1786632932558,202759,Knee,stand,-0.300608,0.94184,-0.064904,2.66,-2.52,-1.61,-54
1786632932558,202776,Knee,stand,-0.288408,0.953552,-0.068808,1.82,-2.66,-1.75,-54
1786632932558,202793,Knee,stand,-0.293776,0.939888,-0.07076,2.66,-1.47,-2.03,-54
1786632932558,202810,Knee,stand,-0.305488,0.952576,-0.081984,2.38,-2.31,-2.1,-54
1786632932558,202827,Knee,stand,-0.305488,0.93696,-0.081496,2.38,-2.24,-2.1,-54
1786632933556,203004,Knee,stand,-0.304512,0.943792,-0.068808,0.63,-5.81,-0.63,-54
1786632933556,203035,Knee,stand,-0.303048,0.944768,-0.06832,0.98,-4.97,-0.84,-54
1786632933556,203052,Knee,stand,-0.304024,0.944768,-0.070272,0.98,-4.34,-0.98,-54
1786632933556,203069,Knee,stand,-0.306952,0.94428,-0.072712,1.05,-4.34,-0.98,-54
1786632933556,203086,Knee,stand,-0.311832,0.942816,-0.0732,1.33,-4.27,-0.77,-54
1786632933556,203117,Knee,stand,-0.310368,0.942816,-0.072712,1.33,-4.83,-0.56,-54
1786632933556,203134,Knee,stand,-0.30988,0.94184,-0.073688,1.4,-4.97,-0.49,-54
1786632933556,203150,Knee,stand,-0.310856,0.943792,-0.078568,1.47,-5.39,-0.28,-54
1786632933556,203167,Knee,stand,-0.313296,0.943304,-0.077592,1.33,-6.02,-0.07,-54
1786632933556,203184,Knee,stand,-0.313784,0.942328,-0.07564,1.47,-6.72,0.21,-54
1786632933557,203361,Knee,stand,-0.30256,0.94428,-0.074664,1.75,-4.27,0.14,-54
1786632933557,203392,Knee,stand,-0.298656,0.943792,-0.07808,1.75,-3.5,-0.07,-54
1786632933557,203409,Knee,stand,-0.298168,0.944768,-0.075152,1.54,-3.36,0,-54
1786632933557,203426,Knee,stand,-0.296704,0.94672,-0.070272,1.47,-3.08,-0.07,-54
1786632933557,203443,Knee,stand,-0.298168,0.947696,-0.071248,1.26,-2.87,-0.21,-54
1786632933557,203474,Knee,stand,-0.299144,0.943792,-0.080032,1.4,-2.87,-0.28,-54
1786632933557,203491,Knee,stand,-0.298656,0.945256,-0.08052,1.26,-2.73,-0.35,-54
1786632933557,203507,Knee,stand,-0.298168,0.947208,-0.079056,0.98,-2.59,-0.28,-54
1786632933557,203524,Knee,stand,-0.297192,0.946232,-0.076616,0.84,-2.52,-0.49,-54
1786632933557,203555,Knee,stand,-0.298168,0.945256,-0.078568,0.98,-2.66,-0.49,-54
1786632933558,203730,Knee,stand,-0.305,0.944768,-0.084424,0.77,-6.86,1.19,-54
1786632933558,203761,Knee,stand,-0.303536,0.94428,-0.081008,-0.35,-7.56,1.33,-54
1786632933558,203778,Knee,stand,-0.298656,0.946232,-0.080032,-0.49,-7.7,1.33,-54
1786632933558,203795,Knee,stand,-0.28304,0.952088,-0.077592,-0.98,-7.21,1.05,-54
1786632933558,203812,Knee,stand,-0.279624,0.94184,-0.069784,-1.12,-5.32,0.63,-54
1786632933558,203842,Knee,stand,-0.275232,0.945256,-0.047336,-0.91,-3.22,0.21,-54
1786632933558,203859,Knee,stand,-0.281576,0.948184,-0.030744,0.35,-1.47,-0.28,-54
1786632933558,203876,Knee,stand,-0.277184,0.953552,-0.019032,0.49,-0.56,-0.77,-54
1786632933558,203893,Knee,stand,-0.273768,0.954528,-0.018056,1.75,0.42,-0.98,-54
1786632933558,203910,Knee,stand,-0.278648,0.957456,-0.027816,2.17,0.56,-1.05,-54
1786632933904,204086,Knee,stand,-0.28304,0.947696,-0.07076,0,-6.65,0.42,-54
1786632933904,204118,Knee,stand,-0.276208,0.953552,-0.054656,-0.28,-5.74,0.07,-54
1786632933904,204135,Knee,stand,-0.276208,0.951112,-0.0488,0.07,-4.41,-0.42,-54
1786632933904,204152,Knee,stand,-0.279136,0.952576,-0.047824,0.56,-3.29,-0.63,-54
1786632933904,204169,Knee,stand,-0.276208,0.95404,-0.052704,0.77,-2.59,-0.84,-54
1786632933904,204200,Knee,stand,-0.284016,0.950624,-0.059048,1.26,-2.31,-1.12,-54
1786632933904,204217,Knee,stand,-0.291336,0.946232,-0.062952,1.75,-2.87,-0.98,-54
1786632933904,204234,Knee,stand,-0.294752,0.948672,-0.069296,1.75,-3.43,-0.98,-54
1786632933904,204251,Knee,stand,-0.299144,0.948184,-0.069784,1.68,-3.64,-0.84,-54
1786632933904,204268,Knee,stand,-0.30256,0.947696,-0.067344,1.54,-4.06,-0.7,-54
1786632934264,204445,Knee,stand,-0.261568,0.95892,-0.072712,0.07,-10.92,-0.07,-55
1786632934264,204476,Knee,stand,-0.2684,0.952576,-0.061488,0.35,-7.28,-0.77,-55
1786632934264,204493,Knee,stand,-0.272304,0.947208,-0.047336,0.35,-6.51,-1.05,-55
1786632934264,204510,Knee,stand,-0.276696,0.9516,-0.040992,1.33,-4.83,-1.33,-55
1786632934264,204527,Knee,stand,-0.282552,0.949648,-0.037088,1.54,-3.36,-1.82,-55
1786632934264,204558,Knee,stand,-0.282552,0.952088,-0.047824,1.54,-1.33,-2.38,-55
1786632934264,204575,Knee,stand,-0.285968,0.951112,-0.057096,1.47,-0.35,-2.52,-55
1786632934264,204592,Knee,stand,-0.285968,0.951112,-0.061488,1.4,0.21,-2.66,-55
1786632934264,204609,Knee,stand,-0.28792,0.949648,-0.069784,1.33,0.42,-2.8,-55
1786632934264,204626,Knee,stand,-0.289872,0.94672,-0.07076,1.12,0.7,-2.8,-55
1786632934622,204803,Knee,stand,-0.295728,0.944768,-0.063928,2.1,-1.96,-1.61,-55
1786632934622,204834,Knee,stand,-0.29036,0.947696,-0.072712,1.4,-2.52,-1.61,-55
1786632934622,204851,Knee,stand,-0.299632,0.948672,-0.079056,1.26,-2.66,-1.54,-55
1786632934622,204868,Knee,stand,-0.299144,0.943304,-0.081984,1.47,-3.22,-1.54,-55
1786632934622,204885,Knee,stand,-0.296704,0.945744,-0.084912,1.12,-3.36,-1.61,-55
1786632934622,204916,Knee,stand,-0.291824,0.947208,-0.0732,1.12,-2.24,-2.03,-55
1786632934622,204933,Knee,stand,-0.29036,0.949648,-0.070272,0.91,-2.17,-2.03,-55
1786632934622,204950,Knee,stand,-0.288408,0.948672,-0.064416,0.91,-1.89,-2.17,-55
1786632934622,204967,Knee,stand,-0.296704,0.947696,-0.05612,1.05,-1.75,-2.17,-55
1786632934622,204984,Knee,stand,-0.302072,0.945744,-0.04636,1.19,-2.31,-2.03,-55
1786632935035,205215,Knee,stand,-0.28548,0.94916,-0.069784,3.22,-6.02,0,-55
1786632935035,205245,Knee,stand,-0.279624,0.951112,-0.099064,2.87,-5.67,-0.42,-55
1786632935035,205262,Knee,stand,-0.277672,0.950136,-0.104432,2.59,-5.04,-0.84,-55
1786632935035,205279,Knee,stand,-0.281576,0.94672,-0.110776,1.89,-4.69,-0.91,-55
1786632935035,205296,Knee,stand,-0.283528,0.94672,-0.11468,0.91,-4.48,-1.33,-55
1786632935035,205327,Knee,stand,-0.29036,0.941352,-0.109312,-0.07,-3.78,-1.75,-55
1786632935035,205344,Knee,stand,-0.290848,0.94428,-0.106872,-0.77,-3.22,-2.17,-55
1786632935035,205361,Knee,stand,-0.29524,0.943792,-0.094672,-1.47,-2.66,-2.38,-55
1786632935035,205378,Knee,stand,-0.2928,0.946232,-0.073688,-1.75,-1.89,-2.45,-55
1786632935035,205395,Knee,stand,-0.2928,0.947208,-0.060512,-1.05,-0.77,-2.59,-55
1786632935393,205574,Knee,stand,-0.31476,0.941352,-0.099552,3.85,-6.58,-0.14,-54
1786632935393,205605,Knee,stand,-0.313296,0.938912,-0.103944,2.73,-6.58,0.14,-54
1786632935393,205622,Knee,stand,-0.31232,0.941352,-0.105896,2.31,-6.3,0.35,-54
1786632935393,205639,Knee,stand,-0.313784,0.942816,-0.101504,2.1,-6.23,0.35,-54
1786632935393,205656,Knee,stand,-0.316712,0.942328,-0.088328,1.47,-6.23,0.63,-54
1786632935393,205687,Knee,stand,-0.319152,0.943792,-0.072224,1.61,-7.14,1.26,-54
1786632935393,205704,Knee,stand,-0.311832,0.945256,-0.069784,1.68,-8.26,1.47,-54
1786632935393,205721,Knee,stand,-0.2928,0.947208,-0.07076,2.17,-9.24,1.61,-54
1786632935393,205738,Knee,stand,-0.276696,0.948672,-0.079056,2.38,-8.89,1.47,-54
1786632935393,205755,Knee,stand,-0.27084,0.948184,-0.082472,2.38,-8.05,0.98,-54
1786632935750,205930,Knee,stand,-0.30256,0.945256,-0.09272,0.77,-8.33,0.14,-54
1786632935750,205961,Knee,stand,-0.271816,0.952088,-0.07564,0.21,-5.6,-0.77,-54
1786632935750,205978,Knee,stand,-0.269864,0.95404,-0.067344,0.21,-4.69,-0.98,-54
1786632935750,205995,Knee,stand,-0.27572,0.952088,-0.064416,0.42,-3.36,-1.33,-54
1786632935750,206012,Knee,stand,-0.282064,0.947696,-0.060512,0.28,-2.38,-1.75,-54
1786632935750,206043,Knee,stand,-0.305976,0.945256,-0.07076,0.42,-2.31,-1.89,-54
1786632935750,206060,Knee,stand,-0.316224,0.943792,-0.079544,0.63,-3.01,-1.54,-54
1786632935750,206077,Knee,stand,-0.322568,0.940864,-0.077592,0.56,-3.85,-1.19,-54
1786632935750,206094,Knee,stand,-0.320128,0.940864,-0.074176,0.98,-4.62,-0.84,-54
1786632935750,206111,Knee,stand,-0.308904,0.943304,-0.077592,0.98,-4.76,-0.84,-54
1786632936110,206288,Knee,stand,-0.293776,0.947208,-0.08296,1.96,-4.62,-0.63,-51
1786632936110,206319,Knee,stand,-0.29524,0.946232,-0.098088,1.96,-4.62,-0.63,-51
1786632936110,206336,Knee,stand,-0.29524,0.943304,-0.093208,1.4,-4.41,-0.84,-51
1786632936110,206353,Knee,stand,-0.296216,0.94428,-0.081496,1.33,-3.92,-0.91,-51
1786632936110,206370,Knee,stand,-0.296704,0.946232,-0.066856,1.33,-3.71,-0.98,-51
1786632936110,206401,Knee,stand,-0.294752,0.950624,-0.054168,1.33,-3.78,-1.05,-51
1786632936110,206417,Knee,stand,-0.292312,0.94916,-0.052704,1.4,-3.92,-1.05,-51
1786632936110,206434,Knee,stand,-0.291824,0.948672,-0.057584,1.75,-3.78,-1.12,-51
1786632936110,206451,Knee,stand,-0.29524,0.947696,-0.062952,2.03,-3.71,-1.19,-51
1786632936110,206468,Knee,stand,-0.293776,0.945744,-0.072712,1.96,-3.36,-1.26,-51
1786632936468,206645,Knee,stand,-0.300608,0.94428,-0.079056,1.54,-4.27,-0.84,-50
1786632936468,206676,Knee,stand,-0.304024,0.94428,-0.077592,1.19,-4.83,-0.7,-50
1786632936468,206693,Knee,stand,-0.300608,0.94672,-0.08052,1.4,-5.46,-0.56,-50
1786632936468,206710,Knee,stand,-0.296704,0.94672,-0.082472,1.19,-5.39,-0.7,-50
1786632936468,206727,Knee,stand,-0.29524,0.947208,-0.082472,0.84,-4.9,-0.77,-50
1786632936468,206758,Knee,stand,-0.299632,0.946232,-0.0732,0.77,-4.41,-0.84,-50
1786632936468,206775,Knee,stand,-0.30012,0.94672,-0.066368,0.77,-4.41,-0.84,-50
1786632936468,206793,Knee,stand,-0.298656,0.945256,-0.06344,1.12,-4.27,-0.91,-50
1786632936468,206810,Knee,stand,-0.298656,0.946232,-0.057584,1.19,-4.13,-0.84,-50
1786632936468,206827,Knee,stand,-0.302072,0.945744,-0.056608,1.61,-4.2,-0.77,-50
1786632936827,207003,Knee,stand,-0.293776,0.94672,-0.073688,2.17,-4.06,-0.84,-50
1786632936827,207034,Knee,stand,-0.297192,0.947208,-0.081496,1.96,-4.06,-0.91,-50
1786632936827,207051,Knee,stand,-0.294264,0.947696,-0.084424,1.75,-3.85,-0.98,-50
1786632936827,207067,Knee,stand,-0.296216,0.947696,-0.083448,1.4,-3.85,-1.26,-50
1786632936827,207084,Knee,stand,-0.298656,0.943304,-0.084424,1.54,-3.43,-1.05,-50
1786632936827,207115,Knee,stand,-0.296704,0.94428,-0.077592,1.19,-2.87,-1.26,-50
1786632936827,207132,Knee,stand,-0.302072,0.946232,-0.07564,1.4,-2.66,-1.26,-50
1786632936827,207149,Knee,stand,-0.301584,0.942816,-0.067832,1.89,-2.94,-1.26,-50
1786632936827,207166,Knee,stand,-0.298656,0.94672,-0.067344,1.75,-3.15,-1.19,-50
1786632936827,207183,Knee,stand,-0.298168,0.948184,-0.06588,1.68,-3.29,-1.19,-50
1786632937277,207360,Knee,stand,-0.308416,0.943792,-0.088328,0.77,-5.46,-0.21,-50
1786632937277,207391,Knee,stand,-0.303536,0.946232,-0.082472,0.63,-5.74,-0.14,-50
1786632937277,207408,Knee,stand,-0.302072,0.94428,-0.079056,0.56,-5.88,-0.07,-50
1786632937277,207425,Knee,stand,-0.299144,0.944768,-0.079544,0.63,-5.88,-0.07,-50
1786632937277,207442,Knee,stand,-0.295728,0.947696,-0.082472,0.49,-5.81,-0.14,-50
1786632937277,207473,Knee,stand,-0.294752,0.944768,-0.07564,0.28,-5.32,-0.21,-50
1786632937277,207490,Knee,stand,-0.2928,0.947696,-0.070272,0.28,-5.04,-0.42,-50
1786632937277,207507,Knee,stand,-0.289872,0.94916,-0.064904,0.28,-4.34,-0.63,-50
1786632937277,207524,Knee,stand,-0.289872,0.947208,-0.05856,0.14,-3.43,-0.91,-50
1786632937277,207541,Knee,stand,-0.292312,0.948672,-0.052216,0.49,-2.94,-1.05,-50
1786632937540,207717,Knee,stand,-0.302072,0.948184,-0.078568,2.59,-4.2,-0.49,-50
1786632937540,207748,Knee,stand,-0.303536,0.946232,-0.088328,2.31,-5.39,-0.14,-50
1786632937540,207765,Knee,stand,-0.301584,0.944768,-0.085888,2.03,-5.67,-0.07,-50
1786632937540,207782,Knee,stand,-0.299144,0.945256,-0.083448,1.82,-5.6,-0.07,-50
1786632937540,207800,Knee,stand,-0.296216,0.945744,-0.078568,1.54,-5.25,-0.21,-50
1786632937540,207831,Knee,stand,-0.29524,0.948672,-0.073688,1.26,-4.69,-0.28,-50
1786632937540,207848,Knee,stand,-0.294752,0.947696,-0.07564,1.61,-4.62,-0.35,-50
1786632937540,207865,Knee,stand,-0.292312,0.945744,-0.0732,1.54,-4.34,-0.42,-50
1786632937540,207882,Knee,stand,-0.294264,0.948672,-0.076616,1.68,-4.27,-0.42,-50
1786632937540,207899,Knee,stand,-0.296704,0.947208,-0.08052,1.54,-4.2,-0.49,-50
1786632937923,208076,Knee,stand,-0.29524,0.945744,-0.062952,0.7,-4.34,-0.84,-53
1786632937923,208107,Knee,stand,-0.30012,0.947696,-0.061976,1.68,-4.41,-0.7,-53
1786632937923,208124,Knee,stand,-0.300608,0.948672,-0.065392,1.68,-4.62,-0.49,-53
1786632937923,208141,Knee,stand,-0.30012,0.94672,-0.074176,1.47,-4.97,-0.49,-53
1786632937923,208158,Knee,stand,-0.30256,0.946232,-0.081008,1.19,-5.11,-0.56,-53
1786632937923,208189,Knee,stand,-0.298656,0.948672,-0.095648,0.91,-5.32,-0.56,-53
1786632937923,208206,Knee,stand,-0.292312,0.945744,-0.098576,0.28,-4.9,-0.77,-53
1786632937923,208223,Knee,stand,-0.285968,0.945256,-0.098088,-0.21,-4.41,-0.98,-53
1786632937923,208240,Knee,stand,-0.284016,0.943304,-0.084424,-0.28,-3.64,-1.33,-53
1786632937923,208257,Knee,stand,-0.288408,0.946232,-0.078568,-0.42,-3.22,-1.61,-53
1786632938315,208433,Knee,stand,-0.32452,0.94184,-0.071248,2.8,-3.29,-0.42,-53
1786632938315,208464,Knee,stand,-0.320616,0.943304,-0.068808,3.01,-4.9,0.35,-53
1786632938315,208481,Knee,stand,-0.321592,0.943792,-0.064416,2.87,-6.09,0.63,-53
1786632938315,208498,Knee,stand,-0.314272,0.943792,-0.066368,3.22,-7.56,1.19,-53
1786632938315,208515,Knee,stand,-0.302072,0.948184,-0.068808,3.29,-8.26,1.4,-53
1786632938315,208546,Knee,stand,-0.285968,0.950136,-0.079056,2.87,-7.63,1.19,-53
1786632938315,208563,Knee,stand,-0.28304,0.950624,-0.08296,2.52,-7,0.98,-53
1786632938315,208580,Knee,stand,-0.279624,0.946232,-0.084424,2.52,-6.09,0.7,-53
1786632938315,208597,Knee,stand,-0.2806,0.948184,-0.088816,2.52,-5.32,0.35,-53
1786632938315,208614,Knee,stand,-0.281088,0.948184,-0.092232,1.89,-4.9,0.14,-53
1786632938616,208789,Knee,stand,-0.295728,0.948672,-0.057096,0.21,-4.34,-1.54,-53
1786632938616,208820,Knee,stand,-0.301584,0.945256,-0.045384,1.33,-4.55,-1.4,-53
1786632938616,208837,Knee,stand,-0.301096,0.947208,-0.04636,1.82,-4.55,-1.33,-53
1786632938616,208854,Knee,stand,-0.30012,0.948184,-0.047824,1.96,-4.34,-1.26,-53
1786632938616,208871,Knee,stand,-0.304024,0.946232,-0.049288,2.03,-3.92,-1.05,-53
1786632938616,208902,Knee,stand,-0.305,0.945256,-0.063928,2.73,-3.57,-0.91,-53
1786632938616,208919,Knee,stand,-0.305488,0.945256,-0.068808,2.94,-3.5,-0.77,-53
1786632938616,208936,Knee,stand,-0.304024,0.947208,-0.077592,2.8,-3.64,-0.7,-53
1786632938616,208953,Knee,stand,-0.299632,0.945744,-0.08052,2.52,-3.92,-0.7,-53
1786632938616,208970,Knee,stand,-0.299144,0.945256,-0.079056,2.03,-4.06,-0.63,-53
1786632938973,209148,Knee,stand,-0.30256,0.946232,-0.080032,0.84,-1.68,-2.17,-53
1786632938973,209179,Knee,stand,-0.304512,0.946232,-0.072712,0.77,-2.38,-1.96,-53
1786632938973,209196,Knee,stand,-0.310856,0.943304,-0.070272,0.91,-2.8,-1.61,-53
1786632938973,209213,Knee,stand,-0.3172,0.944768,-0.077104,0.91,-3.71,-1.19,-53
1786632938973,209230,Knee,stand,-0.318176,0.942816,-0.080032,1.47,-4.41,-0.91,-53
1786632938973,209261,Knee,stand,-0.302072,0.941352,-0.118096,0.42,-4.83,-0.84,-53
1786632938973,209278,Knee,stand,-0.299144,0.94184,-0.11712,-0.63,-4.34,-0.98,-53
1786632938973,209295,Knee,stand,-0.296704,0.945256,-0.111752,-0.98,-3.99,-1.12,-53
1786632938973,209312,Knee,stand,-0.297192,0.941352,-0.092232,-1.19,-3.43,-1.33,-53
1786632938973,209329,Knee,stand,-0.29524,0.947208,-0.07076,-1.68,-3.29,-1.47,-53
1786632939332,209506,Knee,stand,-0.309392,0.94184,-0.071248,2.8,-6.16,-0.21,-53
1786632939332,209537,Knee,stand,-0.312808,0.939888,-0.075152,2.45,-4.69,-0.28,-53
1786632939332,209554,Knee,stand,-0.3172,0.939888,-0.069296,2.31,-3.99,-0.21,-53
1786632939332,209571,Knee,stand,-0.318664,0.94184,-0.067832,2.31,-3.78,0.14,-53
1786632939332,209588,Knee,stand,-0.3172,0.945256,-0.062464,2.24,-3.71,0.35,-53
1786632939332,209618,Knee,stand,-0.305,0.94916,-0.061976,2.59,-4.06,0.7,-53
1786632939332,209636,Knee,stand,-0.29524,0.950624,-0.069784,2.66,-4.2,0.63,-53
1786632939332,209652,Knee,stand,-0.28548,0.948672,-0.088816,2.52,-3.99,0.63,-53
1786632939332,209669,Knee,stand,-0.287432,0.947208,-0.105896,1.96,-3.99,0.49,-53
1786632939332,209686,Knee,stand,-0.286944,0.945256,-0.11712,1.4,-3.92,0.35,-53
1786632939691,209862,Knee,stand,-0.31232,0.940864,-0.083448,1.26,-3.85,-0.84,-53
1786632939691,209893,Knee,stand,-0.308904,0.942816,-0.089792,0.98,-6.37,-0.49,-53
1786632939691,209910,Knee,stand,-0.303048,0.945744,-0.084912,0.84,-6.65,-0.35,-53
1786632939691,209927,Knee,stand,-0.291824,0.949648,-0.074664,0.63,-6.58,-0.42,-53
1786632939691,209944,Knee,stand,-0.29036,0.94916,-0.066368,0.98,-6.09,-0.56,-53
1786632939691,209975,Knee,stand,-0.285968,0.945744,-0.050752,1.61,-5.39,-0.63,-53
1786632939691,209992,Knee,stand,-0.285968,0.94916,-0.040504,2.03,-4.27,-0.91,-53
1786632939691,210009,Knee,stand,-0.28548,0.952088,-0.034648,2.59,-2.66,-1.19,-53
1786632939691,210026,Knee,stand,-0.29524,0.950136,-0.037088,3.15,-0.98,-1.33,-53
1786632939691,210043,Knee,stand,-0.29768,0.949648,-0.03904,3.57,-0.56,-1.26,-53
1786632940052,210221,Knee,stand,-0.31232,0.947208,-0.081008,-2.45,-8.19,0.42,-53
1786632940052,210251,Knee,stand,-0.292312,0.952576,-0.038064,-1.4,-10.15,0.98,-53
1786632940052,210268,Knee,stand,-0.28304,0.9516,-0.035624,-1.19,-10.08,0.84,-53
1786632940052,210285,Knee,stand,-0.276696,0.950136,-0.037088,-0.7,-10.08,0.7,-53
1786632940052,210302,Knee,stand,-0.27328,0.95648,-0.045384,-0.49,-10.15,0.28,-53
1786632940052,210333,Knee,stand,-0.272792,0.950136,-0.04392,0.42,-7.84,-0.28,-53
1786632940052,210350,Knee,stand,-0.271328,0.949648,-0.04148,0.21,-5.04,-1.12,-53
1786632940052,210367,Knee,stand,-0.280112,0.943304,-0.036112,0.49,-1.61,-1.89,-53
1786632940052,210384,Knee,stand,-0.293776,0.94428,-0.0366,0.98,1.61,-2.31,-53
1786632940052,210401,Knee,stand,-0.302072,0.94428,-0.033672,1.12,3.43,-2.38,-53
1786632940409,210579,Knee,stand,-0.264984,0.951112,-0.125416,1.96,-9.45,1.19,-54
1786632940409,210611,Knee,stand,-0.2684,0.952576,-0.112728,0.42,-8.47,0.21,-54
1786632940409,210628,Knee,stand,-0.270352,0.944768,-0.104432,0.14,-7.7,-0.28,-54
1786632940409,210645,Knee,stand,-0.268888,0.957456,-0.09028,-0.35,-7.56,-0.7,-54
1786632940409,210662,Knee,stand,-0.258152,0.947696,-0.076616,-0.49,-5.6,-1.47,-54
1786632940409,210680,Knee,stand,-0.272304,0.951112,-0.064416,-0.91,-3.43,-2.24,-54
1786632940409,210711,Knee,stand,-0.279136,0.953552,-0.050264,-0.35,-1.61,-2.87,-54
1786632940409,210728,Knee,stand,-0.2806,0.94916,-0.047824,-0.07,-0.63,-3.22,-54
1786632940409,210745,Knee,stand,-0.28792,0.94672,-0.047824,0,-0.35,-3.36,-54
1786632940409,210762,Knee,stand,-0.290848,0.947696,-0.049776,0.35,-0.7,-3.22,-54
1786632940768,210939,Knee,stand,-0.313784,0.946232,-0.032208,3.01,-2.73,1.33,-54
1786632940768,210969,Knee,stand,-0.30744,0.955016,-0.064416,3.92,-8.75,2.45,-54
1786632940768,210987,Knee,stand,-0.282064,0.952576,-0.073688,4.13,-10.01,2.73,-54
1786632940768,211003,Knee,stand,-0.275232,0.950136,-0.100528,4.48,-11.83,2.8,-54
1786632940768,211020,Knee,stand,-0.276208,0.948672,-0.116632,3.78,-13.3,3.01,-54
1786632940768,211051,Knee,stand,-0.267912,0.951112,-0.122976,1.82,-13.09,2.31,-54
1786632940768,211068,Knee,stand,-0.265472,0.95404,-0.11956,1.05,-10.43,1.4,-54
1786632940768,211085,Knee,stand,-0.279624,0.939888,-0.106872,0.7,-7.21,0.91,-54
1786632940768,211102,Knee,stand,-0.297192,0.94916,-0.09028,-0.28,-5.81,0.56,-54
1786632940768,211119,Knee,stand,-0.298168,0.94916,-0.079056,-0.63,-5.32,0.63,-54
1786632941126,211297,Knee,stand,-0.227896,0.952576,-0.072224,-2.17,-6.23,-0.21,-54
1786632941126,211328,Knee,stand,-0.230824,0.954528,-0.035624,-2.1,-0.63,-2.66,-54
1786632941126,211345,Knee,stand,-0.245464,0.957944,-0.027816,-2.1,0.28,-3.15,-54
1786632941126,211362,Knee,stand,-0.254248,0.954528,-0.016104,-1.26,1.54,-3.99,-54
1786632941126,211379,Knee,stand,-0.25864,0.952088,-0.008784,0.42,2.31,-4.48,-54
1786632941126,211410,Knee,stand,-0.267912,0.955016,-0.024888,2.17,2.87,-4.83,-54
1786632941126,211427,Knee,stand,-0.2806,0.9516,-0.035624,2.52,2.73,-4.76,-54
1786632941126,211444,Knee,stand,-0.292312,0.948672,-0.051728,2.66,1.89,-4.76,-54
1786632941126,211461,Knee,stand,-0.298168,0.952088,-0.068808,2.73,1.05,-4.83,-54
1786632941126,211478,Knee,stand,-0.303536,0.948672,-0.081008,2.59,1.05,-4.69,-54
1786632941487,211654,Knee,stand,-0.301584,0.943792,-0.034648,3.43,-1.68,-2.31,-57
1786632941487,211686,Knee,stand,-0.310368,0.945744,-0.052704,4.69,-1.96,-2.03,-57
1786632941487,211703,Knee,stand,-0.308416,0.935984,-0.065392,4.55,-1.75,-1.89,-57
1786632941487,211720,Knee,stand,-0.316224,0.947208,-0.074176,4.34,-2.17,-1.82,-57
1786632941487,211737,Knee,stand,-0.304512,0.945256,-0.077592,4.13,-2.73,-1.61,-57
1786632941487,211768,Knee,stand,-0.298656,0.948184,-0.078568,3.85,-3.5,-1.4,-57
1786632941487,211785,Knee,stand,-0.29524,0.94916,-0.080032,3.29,-4.13,-1.26,-57
1786632941487,211802,Knee,stand,-0.298168,0.948672,-0.081984,3.22,-4.41,-1.19,-57
1786632941487,211819,Knee,stand,-0.298168,0.94916,-0.087352,3.08,-4.9,-1.12,-57
1786632941487,211836,Knee,stand,-0.299144,0.948672,-0.089792,3.08,-5.04,-1.12,-57
1786632941888,212014,Knee,stand,-0.302072,0.945256,-0.07808,1.33,-6.23,0.21,-57
1786632941888,212045,Knee,stand,-0.299144,0.944768,-0.075152,1.19,-5.74,0.14,-57
1786632941888,212062,Knee,stand,-0.296704,0.943792,-0.070272,1.26,-5.67,0.07,-57
1786632941888,212078,Knee,stand,-0.293288,0.94916,-0.072712,1.26,-5.74,0.07,-57
1786632941888,212095,Knee,stand,-0.292312,0.94672,-0.068808,1.12,-5.39,-0.07,-57
1786632941888,212126,Knee,stand,-0.293776,0.949648,-0.074176,1.4,-5.18,-0.07,-57
1786632941888,212143,Knee,stand,-0.293288,0.94672,-0.07564,1.12,-4.76,-0.21,-57
1786632941888,212160,Knee,stand,-0.293776,0.94672,-0.071248,0.98,-4.2,-0.42,-57
1786632941888,212177,Knee,stand,-0.29524,0.94184,-0.071248,1.4,-4.06,-0.49,-57
1786632941888,212208,Knee,stand,-0.294264,0.945744,-0.06832,1.47,-3.99,-0.49,-57
1786632942225,212383,Knee,stand,-0.29768,0.94916,-0.065392,0.42,-4.41,-0.07,-57
1786632942225,212413,Knee,stand,-0.29036,0.947208,-0.060512,0.77,-4.41,-0.14,-57
1786632942225,212430,Knee,stand,-0.29036,0.947208,-0.06588,1.26,-4.41,-0.21,-57
1786632942225,212447,Knee,stand,-0.28792,0.948672,-0.074176,1.33,-4.48,-0.21,-57
1786632942225,212477,Knee,stand,-0.286456,0.948184,-0.077104,0.98,-3.92,-0.42,-57
1786632942225,212494,Knee,stand,-0.289384,0.947696,-0.076128,0.84,-3.64,-0.7,-57
1786632942225,212511,Knee,stand,-0.290848,0.948184,-0.072712,0.84,-3.57,-0.77,-57
1786632942225,212528,Knee,stand,-0.292312,0.948672,-0.068808,0.56,-3.43,-0.91,-57
1786632942225,212545,Knee,stand,-0.294264,0.950136,-0.06588,0.49,-3.43,-0.98,-57
1786632942225,212576,Knee,stand,-0.292312,0.94672,-0.066856,0.7,-3.57,-0.98,-57
1786632942942,212753,Knee,stand,-0.295728,0.949648,-0.060024,1.33,-5.39,-0.28,-54
1786632942942,212784,Knee,stand,-0.290848,0.947696,-0.069784,2.03,-5.39,-0.21,-54
1786632942942,212801,Knee,stand,-0.290848,0.947696,-0.072224,1.96,-5.32,-0.28,-54
1786632942942,212818,Knee,stand,-0.291824,0.947696,-0.074664,1.54,-5.32,-0.35,-54
1786632942942,212835,Knee,stand,-0.293288,0.947696,-0.074176,1.26,-5.46,-0.49,-54
1786632942942,212866,Knee,stand,-0.288896,0.950136,-0.070272,1.61,-4.83,-0.56,-54
1786632942942,212882,Knee,stand,-0.284992,0.946232,-0.06832,1.68,-4.41,-0.77,-54
1786632942942,212899,Knee,stand,-0.287432,0.947208,-0.069296,1.96,-3.85,-0.91,-54
1786632942942,212917,Knee,stand,-0.288896,0.951112,-0.070272,1.61,-3.57,-1.05,-54
1786632942942,212933,Knee,stand,-0.289384,0.950136,-0.07076,1.33,-3.29,-1.19,-54
