pc_timestamp,arduino_ms,node_position,activity,ax,ay,az,gx,gy,gz,rssi
1787064212653,48697,Knee,sit,-0.192272,0.973072,-0.04392,1.26,-4.06,-0.63,-71
1787064212653,48714,Knee,sit,-0.19276,0.973072,-0.04392,1.33,-4.13,-0.42,-71
1787064212653,48745,Knee,sit,-0.192272,0.97356,-0.041968,1.26,-4.27,-0.49,-71
1787064212653,48762,Knee,sit,-0.192272,0.972584,-0.040992,1.26,-4.27,-0.49,-71
1787064212653,48779,Knee,sit,-0.19276,0.973072,-0.040992,1.33,-4.06,-0.63,-71
1787064212653,48796,Knee,sit,-0.192272,0.972584,-0.038552,1.61,-3.99,-0.63,-71
1787064212653,48813,Knee,sit,-0.194224,0.976,-0.037088,1.75,-3.99,-0.63,-71
1787064212653,48844,Knee,sit,-0.193736,0.974536,-0.039528,1.75,-4.13,-0.56,-71
1787064212653,48861,Knee,sit,-0.193248,0.974048,-0.039528,1.75,-4.2,-0.63,-71
1787064212653,48878,Knee,sit,-0.190808,0.973072,-0.041968,1.82,-4.06,-0.63,-71
1787064212754,49052,Knee,sit,-0.190808,0.97356,-0.040992,1.61,-4.13,-0.84,-71
1787064212754,49083,Knee,sit,-0.190808,0.974536,-0.039528,1.75,-3.99,-0.77,-71
1787064212754,49100,Knee,sit,-0.190808,0.974048,-0.040504,1.68,-3.99,-0.77,-71
1787064212754,49117,Knee,sit,-0.190808,0.97356,-0.042456,1.75,-3.92,-0.84,-71
1787064212754,49134,Knee,sit,-0.19276,0.973072,-0.04636,1.75,-3.85,-0.77,-71
1787064212754,49165,Knee,sit,-0.1952,0.972584,-0.045872,1.82,-3.85,-0.84,-71
1787064212754,49182,Knee,sit,-0.197152,0.974048,-0.044896,1.82,-3.78,-0.84,-71
1787064212754,49199,Knee,sit,-0.198616,0.974048,-0.04392,1.68,-3.92,-0.77,-71
1787064212754,49216,Knee,sit,-0.195688,0.974048,-0.043432,1.47,-4.13,-0.77,-71
1787064212754,49233,Knee,sit,-0.193736,0.974536,-0.042456,1.61,-4.13,-0.7,-71
1787064213044,49408,Knee,sit,-0.191296,0.973072,-0.044896,1.68,-3.99,-0.91,-72
1787064213044,49439,Knee,sit,-0.193248,0.973072,-0.044408,1.68,-3.92,-0.77,-72
1787064213044,49456,Knee,sit,-0.196664,0.972584,-0.044408,1.61,-3.92,-0.7,-72
1787064213044,49473,Knee,sit,-0.198128,0.974048,-0.042456,1.75,-3.92,-0.63,-72
1787064213044,49490,Knee,sit,-0.197152,0.975024,-0.041968,1.82,-3.99,-0.77,-72
1787064213044,49521,Knee,sit,-0.194224,0.974048,-0.04636,1.61,-4.27,-0.77,-72
1787064213044,49538,Knee,sit,-0.191296,0.972096,-0.0488,1.47,-4.41,-0.63,-72
1787064213044,49555,Knee,sit,-0.189832,0.972096,-0.0488,1.4,-4.34,-0.56,-72
1787064213044,49572,Knee,sit,-0.189344,0.97356,-0.0488,1.47,-4.27,-0.63,-72
1787064213044,49589,Knee,sit,-0.189832,0.971608,-0.04636,1.54,-4.06,-0.63,-72
1787064213409,49765,Knee,sit,-0.194224,0.972096,-0.052704,1.82,-4.06,-0.84,-72
1787064213409,49796,Knee,sit,-0.193248,0.972584,-0.052704,1.75,-4.06,-0.77,-72
1787064213409,49813,Knee,sit,-0.193248,0.97112,-0.049288,1.82,-3.99,-0.7,-72
1787064213409,49830,Knee,sit,-0.189832,0.972096,-0.046848,1.82,-3.92,-0.77,-72
1787064213409,49847,Knee,sit,-0.191784,0.972096,-0.044408,1.75,-3.92,-0.77,-72
1787064213409,49878,Knee,sit,-0.1952,0.973072,-0.045872,1.61,-4.13,-0.63,-72
1787064213409,49895,Knee,sit,-0.195688,0.973072,-0.044896,1.54,-4.2,-0.56,-72
1787064213409,49912,Knee,sit,-0.194712,0.973072,-0.044408,1.54,-4.06,-0.7,-72
1787064213409,49929,Knee,sit,-0.195688,0.974048,-0.042944,1.68,-3.99,-0.77,-72
1787064213409,49946,Knee,sit,-0.198128,0.97356,-0.044408,1.82,-3.85,-0.84,-72
1787064213758,50122,Knee,sit,-0.210328,0.979416,-0.02928,2.38,-3.5,-1.05,-72
1787064213758,50153,Knee,sit,-0.193248,0.974536,-0.032208,1.89,-3.64,-1.4,-72
1787064213758,50170,Knee,sit,-0.189344,0.973072,-0.041968,2.52,-4.13,-1.26,-72
1787064213758,50187,Knee,sit,-0.183976,0.972096,-0.048312,2.59,-4.9,-0.98,-72
1787064213758,50204,Knee,sit,-0.1708,0.96624,-0.05856,2.52,-4.69,-0.98,-72
1787064213758,50235,Knee,sit,-0.18788,0.964288,-0.064904,2.59,-3.15,-0.84,-72
1787064213758,50252,Knee,sit,-0.2074,0.969656,-0.061976,2.73,-2.94,-0.84,-72
1787064213758,50269,Knee,sit,-0.213256,0.975512,-0.054168,2.52,-3.08,-0.91,-72
1787064213758,50286,Knee,sit,-0.216672,0.979416,-0.048312,1.96,-3.43,-0.84,-72
1787064213758,50303,Knee,sit,-0.213744,0.980392,-0.045384,1.33,-4.2,-0.7,-72
1787064214117,50477,Knee,sit,-0.190808,0.975024,-0.034648,1.61,-4.34,-0.7,-72
1787064214117,50509,Knee,sit,-0.187392,0.974536,-0.037088,1.82,-3.99,-0.84,-72
1787064214117,50526,Knee,sit,-0.191296,0.97356,-0.03904,1.82,-3.85,-0.91,-72
1787064214117,50543,Knee,sit,-0.191784,0.972096,-0.044408,2.03,-3.78,-0.98,-72
1787064214117,50560,Knee,sit,-0.19032,0.97112,-0.049288,2.1,-3.5,-1.12,-72
1787064214117,50591,Knee,sit,-0.202032,0.97112,-0.05856,2.03,-3.36,-0.91,-72
1787064214117,50608,Knee,sit,-0.208376,0.974536,-0.059536,1.75,-3.85,-0.77,-72
1787064214117,50625,Knee,sit,-0.207888,0.975024,-0.061,1.33,-4.27,-0.56,-72
1787064214117,50642,Knee,sit,-0.200568,0.972584,-0.060024,0.77,-4.69,-0.49,-72
1787064214117,50659,Knee,sit,-0.196176,0.97112,-0.057584,0.7,-4.62,-0.49,-72
1787064214477,50835,Knee,sit,-0.199592,0.973072,-0.055632,1.75,-4.13,-0.7,-74
1787064214477,50866,Knee,sit,-0.196664,0.970632,-0.052704,1.68,-4.27,-0.63,-74
1787064214477,50883,Knee,sit,-0.193736,0.97112,-0.050264,1.68,-4.13,-0.63,-74
1787064214477,50900,Knee,sit,-0.194712,0.972584,-0.045384,1.82,-3.85,-0.7,-74
1787064214477,50917,Knee,sit,-0.195688,0.974048,-0.04392,1.82,-3.78,-0.7,-74
1787064214477,50948,Knee,sit,-0.194712,0.975024,-0.044408,1.54,-4.13,-0.63,-74
1787064214477,50965,Knee,sit,-0.19276,0.972584,-0.045872,1.54,-4.2,-0.63,-74
1787064214477,50981,Knee,sit,-0.192272,0.972096,-0.044408,1.82,-4.06,-0.77,-74
1787064214477,50998,Knee,sit,-0.193248,0.973072,-0.045872,1.89,-3.99,-0.91,-74
1787064214477,51015,Knee,sit,-0.189832,0.973072,-0.047336,1.89,-3.99,-0.98,-74
1787064214829,51191,Knee,sit,-0.19032,0.97844,-0.031232,1.61,-4.13,-0.98,-74
1787064214829,51222,Knee,sit,-0.184464,0.973072,-0.0366,1.75,-3.99,-1.33,-74
1787064214829,51239,Knee,sit,-0.186904,0.97112,-0.045384,2.1,-3.64,-1.19,-74
1787064214829,51256,Knee,sit,-0.191784,0.96868,-0.051728,2.24,-3.57,-0.91,-74
1787064214829,51273,Knee,sit,-0.193248,0.968192,-0.050752,2.24,-3.5,-0.91,-74
1787064214829,51304,Knee,sit,-0.17324,0.96624,-0.027816,3.08,-2.45,-1.54,-74
1787064214829,51321,Knee,sit,-0.164944,0.967704,-0.016104,4.2,-1.33,-2.31,-74
1787064214829,51338,Knee,sit,-0.171776,0.974048,-0.01464,4.83,-0.63,-2.59,-74
1787064214829,51355,Knee,sit,-0.18788,0.986248,-0.0244,5.39,-0.49,-2.66,-74
1787064214829,51372,Knee,sit,-0.201544,0.982344,-0.048312,4.48,-1.05,-2.17,-74
1787064215186,51547,Knee,sit,-0.190808,0.981368,-0.018544,0.84,-4.97,0.49,-74
1787064215186,51578,Knee,sit,-0.188856,0.975024,-0.027816,1.05,-5.18,-0.49,-74
1787064215186,51595,Knee,sit,-0.183488,0.975024,-0.047336,1.12,-5.11,-0.56,-74
1787064215186,51612,Knee,sit,-0.175192,0.96868,-0.055144,1.26,-4.69,-0.42,-74
1787064215186,51629,Knee,sit,-0.182024,0.965264,-0.060512,1.96,-4.06,-0.21,-74
1787064215186,51659,Knee,sit,-0.189344,0.969656,-0.054656,2.38,-3.5,-1.19,-74
1787064215186,51676,Knee,sit,-0.194712,0.972096,-0.049776,1.96,-2.87,-1.26,-74
1787064215186,51693,Knee,sit,-0.20496,0.975024,-0.049288,2.03,-2.87,-0.98,-74
1787064215186,51710,Knee,sit,-0.2074,0.976976,-0.047824,2.17,-3.64,-0.7,-74
1787064215186,51727,Knee,sit,-0.20496,0.976976,-0.044408,2.03,-4.13,-0.63,-74
1787064215547,51903,Knee,sit,-0.198616,0.976488,-0.044896,0.63,-4.62,-0.42,-75
1787064215547,51935,Knee,sit,-0.194224,0.97356,-0.050752,0.49,-5.6,0,-75
1787064215547,51952,Knee,sit,-0.186904,0.968192,-0.050752,0.21,-5.6,0.07,-75
1787064215547,51970,Knee,sit,-0.18544,0.96868,-0.04636,0.42,-4.83,-0.21,-75
1787064215547,51987,Knee,sit,-0.179096,0.972096,-0.037088,1.12,-4.2,-0.7,-75
1787064215547,52004,Knee,sit,-0.183,0.973072,-0.032696,1.82,-3.22,-1.05,-75
1787064215547,52035,Knee,sit,-0.194712,0.975024,-0.040992,1.75,-3.01,-1.05,-75
1787064215547,52052,Knee,sit,-0.201056,0.975512,-0.045872,1.61,-3.85,-0.77,-75
1787064215547,52069,Knee,sit,-0.197152,0.972096,-0.047824,1.68,-4.48,-0.63,-75
1787064215547,52086,Knee,sit,-0.1952,0.97112,-0.047824,1.96,-4.27,-0.98,-75
1787064215904,52261,Knee,sit,-0.193248,0.971608,-0.05856,1.82,-3.78,-0.91,-75
1787064215904,52293,Knee,sit,-0.193736,0.972096,-0.05856,1.54,-3.99,-0.7,-75
1787064215904,52309,Knee,sit,-0.19276,0.972584,-0.05612,1.4,-3.92,-0.63,-75
1787064215904,52327,Knee,sit,-0.196664,0.972096,-0.052704,1.47,-3.78,-0.77,-75
1787064215904,52343,Knee,sit,-0.201056,0.97356,-0.050264,1.47,-3.64,-0.77,-75
1787064215904,52374,Knee,sit,-0.196176,0.971608,-0.052704,1.19,-4.13,-0.77,-75
1787064215904,52391,Knee,sit,-0.186416,0.970144,-0.057584,0.91,-4.34,-0.56,-75
1787064215904,52408,Knee,sit,-0.18788,0.967704,-0.059048,1.12,-3.92,-0.49,-75
1787064215904,52425,Knee,sit,-0.193248,0.968192,-0.059048,1.26,-3.92,-0.35,-75
1787064215904,52442,Knee,sit,-0.201056,0.971608,-0.055632,1.54,-3.92,-0.42,-75
1787064216260,52618,Knee,sit,-0.196176,0.97112,-0.058072,1.47,-3.85,-0.77,-75
1787064216260,52650,Knee,sit,-0.203496,0.972584,-0.054656,1.4,-3.92,-0.56,-75
1787064216260,52667,Knee,sit,-0.205448,0.97356,-0.05124,1.19,-4.27,-0.42,-75
1787064216260,52684,Knee,sit,-0.199104,0.975512,-0.046848,1.12,-4.55,-0.49,-75
1787064216260,52701,Knee,sit,-0.193736,0.97356,-0.043432,0.98,-4.48,-0.77,-75
1787064216260,52732,Knee,sit,-0.17812,0.972096,-0.048312,1.12,-4.06,-1.05,-75
1787064216260,52749,Knee,sit,-0.181536,0.970144,-0.049776,1.47,-3.5,-0.98,-75
1787064216260,52766,Knee,sit,-0.188368,0.971608,-0.049288,1.75,-3.22,-0.77,-75
1787064216260,52783,Knee,sit,-0.2074,0.97356,-0.051728,1.68,-3.43,-0.63,-75
1787064216260,52800,Knee,sit,-0.2196,0.972096,-0.053192,1.4,-3.99,-0.56,-75
1787064216617,52975,Knee,sit,-0.182024,0.966728,-0.080032,2.1,-3.57,-1.33,-78
1787064216617,53006,Knee,sit,-0.201056,0.962824,-0.089792,1.75,-3.57,-0.84,-78
1787064216617,53024,Knee,sit,-0.210328,0.968192,-0.083936,1.26,-3.85,-0.42,-78
1787064216617,53040,Knee,sit,-0.212768,0.969656,-0.067344,0.77,-4.27,-0.35,-78
1787064216617,53057,Knee,sit,-0.209352,0.972584,-0.059536,0.56,-4.48,-0.35,-78
1787064216617,53088,Knee,sit,-0.203496,0.975512,-0.031232,0.84,-4.69,-0.28,-78
1787064216617,53105,Knee,sit,-0.201544,0.975512,-0.027328,1.12,-4.69,-0.28,-78
1787064216617,53122,Knee,sit,-0.193248,0.978928,-0.023912,1.54,-4.76,-0.35,-78
1787064216617,53139,Knee,sit,-0.185928,0.975024,-0.028792,1.68,-4.55,-0.7,-78
1787064216617,53157,Knee,sit,-0.183976,0.972584,-0.037576,1.96,-4.13,-0.84,-78
1787064216974,53333,Knee,sit,-0.203984,0.972584,-0.054656,0.14,-5.04,0.14,-78
1787064216974,53364,Knee,sit,-0.197152,0.972096,-0.042944,0.56,-4.9,0.07,-78
1787064216974,53381,Knee,sit,-0.19764,0.974048,-0.036112,1.05,-4.41,-0.21,-78
1787064216974,53398,Knee,sit,-0.198128,0.975024,-0.033672,1.33,-4.34,-0.56,-78
1787064216974,53415,Knee,sit,-0.197152,0.977952,-0.032208,1.61,-4.48,-0.56,-78
1787064216974,53446,Knee,sit,-0.19276,0.976976,-0.03172,1.68,-4.55,-0.63,-78
1787064216974,53463,Knee,sit,-0.183,0.975512,-0.032696,1.89,-4.41,-0.77,-78
1787064216974,53480,Knee,sit,-0.17568,0.97112,-0.037576,2.31,-3.85,-1.19,-78
1787064216974,53497,Knee,sit,-0.179584,0.970632,-0.049776,2.59,-3.08,-1.4,-78
1787064216974,53514,Knee,sit,-0.189344,0.970144,-0.06344,2.52,-2.94,-1.26,-78
1787064217333,53689,Knee,sit,-0.190808,0.975024,-0.03416,1.54,-4.41,-0.7,-78
1787064217333,53720,Knee,sit,-0.190808,0.973072,-0.04392,1.96,-3.85,-0.91,-78
1787064217333,53737,Knee,sit,-0.192272,0.972096,-0.047336,1.96,-3.78,-1.05,-78
1787064217333,53754,Knee,sit,-0.193736,0.971608,-0.052216,2.03,-3.64,-1.12,-78
1787064217333,53771,Knee,sit,-0.194224,0.972096,-0.05612,1.96,-3.64,-1.12,-78
1787064217333,53802,Knee,sit,-0.194224,0.970632,-0.06344,1.68,-3.92,-1.05,-78
1787064217333,53819,Knee,sit,-0.19032,0.969168,-0.065392,1.47,-3.99,-0.98,-78
1787064217333,53836,Knee,sit,-0.19032,0.970632,-0.064904,1.33,-4.13,-0.77,-78
1787064217333,53853,Knee,sit,-0.19032,0.970144,-0.062464,1.19,-4.2,-0.63,-78
1787064217333,53870,Knee,sit,-0.193736,0.970632,-0.061,1.12,-4.34,-0.56,-78
1787064217690,54047,Knee,sit,-0.181048,0.97356,-0.037088,3.29,-3.29,-1.61,-78
1787064217690,54079,Knee,sit,-0.186904,0.972584,-0.059048,3.01,-3.36,-1.19,-78
1787064217690,54096,Knee,sit,-0.189832,0.969656,-0.073688,2.73,-3.5,-1.12,-78
1787064217690,54113,Knee,sit,-0.195688,0.967704,-0.082472,2.24,-3.57,-0.98,-78
1787064217690,54130,Knee,sit,-0.20008,0.967704,-0.084424,1.82,-3.64,-0.91,-78
1787064217690,54161,Knee,sit,-0.206912,0.970632,-0.07808,1.47,-3.64,-0.91,-78
1787064217690,54178,Knee,sit,-0.20984,0.972096,-0.071736,0.91,-4.41,-0.49,-78
1787064217690,54195,Knee,sit,-0.203984,0.973072,-0.062952,0.28,-5.11,-0.14,-78
1787064217690,54212,Knee,sit,-0.20008,0.972096,-0.054168,-0.07,-5.53,0.14,-78
1787064217690,54229,Knee,sit,-0.194224,0.970144,-0.050264,0,-5.6,0.14,-78
1787064218051,54404,Knee,sit,-0.19032,0.970632,-0.04392,2.24,-3.64,-0.91,-77
1787064218051,54435,Knee,sit,-0.192272,0.973072,-0.03904,2.73,-3.43,-1.26,-77
1787064218051,54452,Knee,sit,-0.195688,0.975512,-0.042944,2.87,-3.36,-1.4,-77
1787064218051,54469,Knee,sit,-0.197152,0.975024,-0.05124,2.8,-3.71,-1.26,-77
1787064218051,54487,Knee,sit,-0.198128,0.971608,-0.060512,2.52,-4.06,-0.98,-77
1787064218051,54518,Knee,sit,-0.205448,0.969656,-0.074176,1.89,-4.34,-0.63,-77
1787064218051,54535,Knee,sit,-0.203496,0.96868,-0.076128,1.47,-4.34,-0.56,-77
1787064218051,54552,Knee,sit,-0.202032,0.970632,-0.071736,1.26,-4.13,-0.49,-77
1787064218051,54569,Knee,sit,-0.198616,0.971608,-0.067344,1.12,-4.2,-0.56,-77
1787064218051,54587,Knee,sit,-0.193736,0.97112,-0.059048,0.91,-4.34,-0.49,-77
1787064218429,54763,Knee,sit,-0.197152,0.976,-0.039528,2.17,-3.29,-1.26,-77
1787064218429,54795,Knee,sit,-0.197152,0.97356,-0.049776,2.1,-3.64,-1.12,-77
1787064218429,54812,Knee,sit,-0.193736,0.972096,-0.05856,1.96,-3.85,-1.12,-77
1787064218429,54829,Knee,sit,-0.188368,0.969168,-0.066856,1.68,-3.85,-1.12,-77
1787064218429,54846,Knee,sit,-0.187392,0.964776,-0.073688,1.47,-3.78,-0.84,-77
1787064218429,54877,Knee,sit,-0.194224,0.966728,-0.067832,1.54,-3.78,-0.7,-77
1787064218429,54893,Knee,sit,-0.199104,0.972584,-0.058072,1.82,-3.78,-0.77,-77
1787064218429,54910,Knee,sit,-0.203496,0.974536,-0.050752,1.54,-4.06,-0.63,-77
1787064218429,54927,Knee,sit,-0.211304,0.975512,-0.050264,1.4,-4.34,-0.56,-77
1787064218429,54944,Knee,sit,-0.210328,0.973072,-0.046848,1.12,-4.9,-0.35,-77
1787064218778,55121,Knee,sit,-0.19764,0.970632,-0.076128,1.61,-3.78,-0.98,-77
1787064218778,55152,Knee,sit,-0.196176,0.967216,-0.08052,0.77,-4.2,-0.42,-77
1787064218778,55169,Knee,sit,-0.19764,0.96868,-0.074176,0.56,-4.13,-0.28,-77
1787064218778,55186,Knee,sit,-0.19764,0.969656,-0.066856,0.21,-4.27,-0.14,-77
1787064218778,55203,Knee,sit,-0.19764,0.969656,-0.062952,0.07,-4.34,-0.07,-77
1787064218778,55234,Knee,sit,-0.201544,0.972584,-0.04148,0.35,-4.62,0.07,-77
1787064218778,55251,Knee,sit,-0.202032,0.97356,-0.02928,1.05,-4.9,-0.14,-77
1787064218778,55268,Knee,sit,-0.203008,0.979416,-0.0244,1.54,-4.97,-0.63,-77
1787064218778,55285,Knee,sit,-0.198128,0.981368,-0.022448,1.96,-5.32,-0.77,-77
1787064218778,55302,Knee,sit,-0.197152,0.976488,-0.024888,2.24,-5.18,-0.98,-77
1787064219137,55477,Knee,sit,-0.212768,0.970632,-0.060024,0.63,-4.13,-0.28,-77
1787064219137,55508,Knee,sit,-0.205448,0.978928,-0.026352,0.98,-5.25,-0.21,-77
1787064219137,55525,Knee,sit,-0.197152,0.978928,-0.013664,1.19,-5.6,-0.35,-77
1787064219137,55542,Knee,sit,-0.182024,0.977464,-0.011224,1.54,-5.32,-0.49,-77
1787064219137,55558,Knee,sit,-0.174216,0.976976,-0.013664,2.31,-4.48,-1.26,-77
1787064219137,55590,Knee,sit,-0.169824,0.97356,-0.041968,3.01,-3.08,-1.68,-77
1787064219137,55606,Knee,sit,-0.182512,0.970144,-0.067344,2.87,-2.66,-1.54,-77
1787064219137,55623,Knee,sit,-0.200568,0.967704,-0.090768,2.1,-3.08,-0.98,-77
1787064219137,55640,Knee,sit,-0.213256,0.967704,-0.10492,1.19,-3.78,-0.49,-77
1787064219137,55657,Knee,sit,-0.21716,0.965752,-0.102968,0.28,-4.41,-0.07,-77
1787064219483,55833,Knee,sit,-0.163968,0.970144,-0.054168,3.92,-2.45,-2.03,-76
1787064219483,55864,Knee,sit,-0.191296,0.964776,-0.096624,3.15,-2.24,-1.19,-76
1787064219483,55881,Knee,sit,-0.21228,0.964776,-0.111264,2.38,-2.52,-0.98,-76
1787064219483,55898,Knee,sit,-0.225944,0.965264,-0.1098,1.4,-3.22,-0.56,-76
1787064219483,55915,Knee,sit,-0.227896,0.96868,-0.091744,0.56,-3.92,-0.28,-76
1787064219483,55946,Knee,sit,-0.217648,0.972096,-0.061,-0.07,-4.83,-0.07,-76
1787064219483,55963,Knee,sit,-0.202032,0.974536,-0.037576,0.21,-5.25,0.07,-76
1787064219483,55980,Knee,sit,-0.185928,0.976976,-0.018056,0.49,-5.6,-0.07,-76
1787064219483,55997,Knee,sit,-0.179584,0.976976,-0.008296,1.19,-5.25,-0.28,-76
1787064219483,56014,Knee,sit,-0.17324,0.976488,-0.008296,1.54,-4.97,-0.42,-76
1787064219841,56190,Knee,sit,-0.197152,0.970632,-0.059536,1.05,-3.99,-0.42,-76
1787064219841,56221,Knee,sit,-0.204472,0.972096,-0.052216,0.84,-4.34,-0.14,-76
1787064219841,56238,Knee,sit,-0.203984,0.97356,-0.047336,0.84,-4.62,-0.28,-76
1787064219841,56255,Knee,sit,-0.203008,0.97356,-0.04148,1.05,-4.62,-0.42,-76
1787064219841,56271,Knee,sit,-0.201544,0.97356,-0.037576,1.47,-4.48,-0.7,-76
1787064219841,56302,Knee,sit,-0.189832,0.97356,-0.038064,1.82,-4.34,-0.91,-76
1787064219841,56319,Knee,sit,-0.183976,0.974048,-0.040016,2.17,-4.27,-1.05,-76
1787064219841,56336,Knee,sit,-0.183488,0.972584,-0.042456,2.31,-3.92,-1.19,-76
1787064219841,56353,Knee,sit,-0.183976,0.971608,-0.044408,2.59,-3.71,-1.26,-76
1787064219841,56370,Knee,sit,-0.18788,0.972584,-0.052216,2.66,-3.36,-1.33,-76
1787064220192,56546,Knee,sit,-0.192272,0.975024,-0.01952,1.33,-4.62,-0.56,-76
1787064220192,56577,Knee,sit,-0.183976,0.976,-0.021472,1.89,-4.41,-0.63,-76
1787064220192,56594,Knee,sit,-0.182024,0.97356,-0.032208,2.17,-4.13,-0.77,-76
1787064220192,56611,Knee,sit,-0.183,0.971608,-0.043432,2.52,-3.85,-0.98,-76
1787064220192,56628,Knee,sit,-0.183,0.969168,-0.0488,2.8,-3.57,-1.19,-76
1787064220192,56659,Knee,sit,-0.190808,0.970144,-0.067344,3.08,-2.73,-1.54,-76
1787064220192,56676,Knee,sit,-0.198616,0.971608,-0.06832,2.94,-2.87,-1.4,-76
1787064220192,56693,Knee,sit,-0.20496,0.972584,-0.069296,2.73,-3.29,-1.33,-76
1787064220192,56710,Knee,sit,-0.205448,0.972584,-0.067832,2.24,-3.85,-1.05,-76
1787064220192,56727,Knee,sit,-0.205448,0.972584,-0.06588,1.82,-4.27,-0.91,-76
1787064220550,56902,Knee,sit,-0.188856,0.972096,-0.028792,0.7,-4.62,0,-75
1787064220550,56932,Knee,sit,-0.183976,0.976488,-0.011224,2.45,-4.13,-0.7,-75
1787064220550,56950,Knee,sit,-0.188856,0.978928,-0.009272,2.87,-4.06,-0.98,-75
1787064220550,56966,Knee,sit,-0.19032,0.978928,-0.015128,3.5,-3.92,-1.19,-75
1787064220550,56983,Knee,sit,-0.187392,0.975512,-0.028792,3.71,-3.64,-1.54,-75
1787064220550,57014,Knee,sit,-0.183976,0.97112,-0.052216,4.06,-2.94,-2.03,-75
1787064220550,57031,Knee,sit,-0.184464,0.968192,-0.072224,4.06,-2.66,-2.03,-75
1787064220550,57048,Knee,sit,-0.191296,0.969656,-0.088816,3.5,-2.52,-1.82,-75
1787064220550,57065,Knee,sit,-0.195688,0.968192,-0.101992,2.45,-2.73,-1.26,-75
1787064220550,57082,Knee,sit,-0.208376,0.967704,-0.106872,1.82,-3.08,-0.56,-75
1787064220909,57259,Knee,sit,-0.168848,0.97112,-0.04148,2.17,-3.57,-1.12,-75
1787064220909,57290,Knee,sit,-0.178608,0.970144,-0.062464,2.45,-2.73,-1.54,-75
1787064220909,57307,Knee,sit,-0.196176,0.969168,-0.074176,2.17,-2.38,-1.47,-75
1787064220909,57324,Knee,sit,-0.216184,0.96868,-0.084424,1.47,-2.87,-1.05,-75
1787064220909,57341,Knee,sit,-0.22692,0.96868,-0.086864,0.84,-3.78,-0.49,-75
1787064220909,57372,Knee,sit,-0.223992,0.970632,-0.071248,0.21,-4.9,0.07,-75
1787064220909,57389,Knee,sit,-0.217648,0.970144,-0.052216,0.21,-5.32,0.07,-75
1787064220909,57406,Knee,sit,-0.205448,0.972096,-0.027816,0.91,-5.32,-0.28,-75
1787064220909,57423,Knee,sit,-0.194712,0.97356,-0.016592,1.4,-5.04,-0.7,-75
1787064220909,57440,Knee,sit,-0.173728,0.978928,-0.000488,2.24,-4.69,-0.91,-75
1787064221357,57616,Knee,sit,-0.21716,0.976,-0.052704,0.07,-4.9,0.21,-75
1787064221357,57647,Knee,sit,-0.203984,0.977464,-0.020984,0.49,-5.67,0.42,-75
1787064221357,57665,Knee,sit,-0.190808,0.976976,-0.009272,0.98,-5.81,0.14,-75
1787064221357,57681,Knee,sit,-0.181536,0.978928,-0.005368,1.75,-5.18,-0.42,-75
1787064221357,57698,Knee,sit,-0.179584,0.976976,-0.01464,2.8,-4.34,-1.05,-75
1787064221357,57729,Knee,sit,-0.176168,0.973072,-0.041968,3.43,-3.22,-1.68,-75
1787064221357,57746,Knee,sit,-0.177632,0.971608,-0.059048,3.29,-2.87,-1.89,-75
1787064221357,57763,Knee,sit,-0.177632,0.970632,-0.068808,2.94,-2.52,-1.82,-75
1787064221357,57780,Knee,sit,-0.191296,0.968192,-0.084912,2.66,-2.38,-1.68,-75
1787064221357,57797,Knee,sit,-0.205936,0.965752,-0.0976,1.96,-2.59,-1.26,-75
1787064221623,57972,Knee,sit,-0.18056,0.973072,-0.031232,3.01,-3.43,-1.61,-75
1787064221623,58003,Knee,sit,-0.187392,0.972584,-0.050752,3.29,-3.29,-1.4,-75
1787064221623,58020,Knee,sit,-0.193248,0.971608,-0.065392,2.94,-3.29,-1.19,-75
1787064221623,58037,Knee,sit,-0.198128,0.970144,-0.0732,2.66,-3.29,-0.98,-75
1787064221623,58054,Knee,sit,-0.20984,0.968192,-0.087352,2.24,-3.29,-0.84,-75
1787064221623,58085,Knee,sit,-0.223016,0.966728,-0.092232,1.12,-4.2,-0.21,-75
1787064221623,58102,Knee,sit,-0.218624,0.969168,-0.07808,0.98,-4.41,-0.14,-75
1787064221623,58119,Knee,sit,-0.203984,0.969168,-0.05612,0.84,-4.76,-0.28,-75
1787064221623,58136,Knee,sit,-0.191784,0.974536,-0.035136,1.33,-4.41,-0.63,-75
1787064221623,58153,Knee,sit,-0.183,0.980392,-0.025864,1.75,-4.13,-0.77,-75
1787064221978,58329,Knee,sit,-0.198128,0.97356,-0.050264,0.56,-3.85,-0.35,-75
1787064221978,58359,Knee,sit,-0.224968,0.977464,-0.038064,0.49,-4.9,0.28,-75
1787064221978,58376,Knee,sit,-0.229848,0.976976,-0.034648,0.56,-5.18,0,-75
1787064221978,58393,Knee,sit,-0.215208,0.974536,-0.026352,0.91,-5.39,-0.35,-75
1787064221978,58410,Knee,sit,-0.19032,0.972096,-0.01952,1.82,-4.76,-1.19,-75
1787064221978,58441,Knee,sit,-0.16348,0.974536,-0.025376,3.29,-3.29,-1.75,-75
1787064221978,58458,Knee,sit,-0.160552,0.972096,-0.040504,3.5,-2.87,-1.68,-75
1787064221978,58475,Knee,sit,-0.17568,0.97112,-0.061976,3.36,-2.52,-1.33,-75
1787064221978,58492,Knee,sit,-0.191296,0.969168,-0.086376,2.52,-2.94,-0.98,-75
1787064221978,58509,Knee,sit,-0.20008,0.96624,-0.095648,2.1,-3.22,-0.77,-75
1787064222336,58684,Knee,sit,-0.172752,0.969168,-0.065392,2.73,-2.8,-1.33,-75
1787064222336,58716,Knee,sit,-0.203496,0.964776,-0.097112,1.89,-3.08,-0.77,-75
1787064222336,58733,Knee,sit,-0.222528,0.964776,-0.101992,1.47,-3.43,-0.63,-75
1787064222336,58750,Knee,sit,-0.228384,0.966728,-0.090768,0.98,-3.99,-0.49,-75
1787064222336,58767,Knee,sit,-0.228384,0.970632,-0.06832,0.84,-4.27,-0.42,-75
1787064222336,58798,Knee,sit,-0.210816,0.976488,-0.032208,0.77,-5.04,-0.49,-75
1787064222336,58815,Knee,sit,-0.186904,0.977952,-0.015128,1.05,-5.18,-0.63,-75
1787064222336,58832,Knee,sit,-0.177144,0.978928,-0.010248,1.75,-4.62,-0.91,-75
1787064222336,58849,Knee,sit,-0.164944,0.977464,-0.014152,2.03,-4.34,-1.19,-75
1787064222336,58866,Knee,sit,-0.164944,0.971608,-0.03416,2.52,-3.71,-1.26,-75
1787064223092,59042,Knee,sit,-0.17568,0.975512,-0.023912,1.33,-4.69,-0.21,-75
1787064223092,59072,Knee,sit,-0.176656,0.972584,-0.0366,1.96,-3.85,-0.7,-75
1787064223092,59090,Knee,sit,-0.186416,0.970632,-0.05124,2.38,-3.36,-0.77,-75
1787064223092,59107,Knee,sit,-0.197152,0.970632,-0.062952,2.52,-3.22,-0.91,-75
1787064223092,59124,Knee,sit,-0.200568,0.970632,-0.070272,2.24,-3.22,-0.98,-75
1787064223092,59155,Knee,sit,-0.208376,0.970632,-0.074176,1.75,-3.71,-0.84,-75
1787064223092,59172,Knee,sit,-0.206912,0.97112,-0.070272,1.47,-3.99,-0.7,-75
1787064223092,59189,Knee,sit,-0.20008,0.971608,-0.066368,1.33,-4.2,-0.63,-75
1787064223092,59206,Knee,sit,-0.194224,0.970144,-0.05856,1.12,-4.2,-0.7,-75
1787064223092,59223,Knee,sit,-0.19276,0.972096,-0.053192,1.26,-4.13,-0.63,-75
1787064223204,59399,Knee,sit,-0.195688,0.970632,-0.055632,1.33,-4.2,-0.7,-73
1787064223204,59430,Knee,sit,-0.184952,0.967216,-0.061976,1.54,-4.34,-0.63,-73
1787064223204,59447,Knee,sit,-0.188856,0.96624,-0.064416,1.68,-4.27,-0.42,-73
1787064223204,59464,Knee,sit,-0.19276,0.967704,-0.060512,1.96,-4.27,-0.49,-73
1787064223204,59481,Knee,sit,-0.197152,0.969656,-0.05368,2.03,-4.27,-0.56,-73
1787064223204,59512,Knee,sit,-0.194224,0.97356,-0.037576,2.52,-3.71,-1.19,-73
1787064223204,59529,Knee,sit,-0.195688,0.976488,-0.0366,2.66,-3.57,-1.4,-73
1787064223204,59546,Knee,sit,-0.195688,0.976,-0.040992,2.87,-3.57,-1.47,-73
1787064223204,59563,Knee,sit,-0.198616,0.97356,-0.05124,2.87,-3.64,-1.12,-73
1787064223204,59580,Knee,sit,-0.20496,0.973072,-0.061488,2.52,-3.71,-0.91,-73
1787064223405,59753,Knee,sit,-0.191296,0.97112,-0.052704,1.12,-4.27,-0.49,-73
1787064223405,59784,Knee,sit,-0.19764,0.970632,-0.058072,1.12,-3.99,-0.63,-73
1787064223405,59801,Knee,sit,-0.203496,0.97112,-0.061488,1.12,-3.85,-0.63,-73
1787064223405,59818,Knee,sit,-0.208376,0.972584,-0.064416,0.84,-4.13,-0.49,-73
1787064223405,59835,Knee,sit,-0.206912,0.972584,-0.064904,0.56,-4.48,-0.42,-73
1787064223405,59866,Knee,sit,-0.202032,0.969656,-0.064416,0.14,-4.69,-0.14,-73
1787064223405,59883,Knee,sit,-0.203496,0.969168,-0.060024,0.35,-4.55,0.14,-73
1787064223405,59900,Knee,sit,-0.201056,0.970632,-0.050752,0.49,-4.55,0.21,-73
1787064223405,59917,Knee,sit,-0.20008,0.972096,-0.047336,0.63,-4.48,0,-73
1787064223405,59934,Knee,sit,-0.19764,0.97356,-0.038064,0.77,-4.55,-0.14,-73
1787064223762,60110,Knee,sit,-0.213744,0.969656,-0.083936,1.89,-3.64,-0.91,-73
1787064223762,60141,Knee,sit,-0.207888,0.97112,-0.071248,1.19,-4.2,-0.7,-73
1787064223762,60158,Knee,sit,-0.206912,0.97356,-0.063928,0.98,-4.27,-0.42,-73
1787064223762,60176,Knee,sit,-0.208376,0.97356,-0.056608,0.7,-4.62,-0.21,-73
1787064223762,60193,Knee,sit,-0.20496,0.972584,-0.0488,0.56,-4.83,-0.21,-73
1787064223762,60224,Knee,sit,-0.199592,0.975512,-0.041968,0.91,-4.55,-0.56,-73
1787064223762,60241,Knee,sit,-0.196664,0.975024,-0.043432,1.05,-4.13,-0.63,-73
1787064223762,60258,Knee,sit,-0.195688,0.972584,-0.046848,1.05,-4.13,-0.77,-73
1787064223762,60275,Knee,sit,-0.189344,0.970632,-0.05368,1.05,-4.2,-0.7,-73
1787064223762,60292,Knee,sit,-0.184464,0.969168,-0.057096,1.05,-4.06,-0.7,-73
1787064224224,60466,Knee,sit,-0.204472,0.97356,-0.05856,2.31,-3.71,-0.98,-73
1787064224224,60497,Knee,sit,-0.20496,0.972584,-0.064904,1.96,-3.92,-0.7,-73
1787064224224,60514,Knee,sit,-0.205448,0.971608,-0.070272,1.61,-3.99,-0.56,-73
1787064224224,60531,Knee,sit,-0.204472,0.971608,-0.07076,1.26,-4.06,-0.49,-73
1787064224224,60548,Knee,sit,-0.205448,0.970632,-0.072712,1.12,-4.13,-0.42,-73
1787064224224,60579,Knee,sit,-0.203496,0.97112,-0.063928,0.63,-4.55,-0.21,-73
1787064224224,60596,Knee,sit,-0.200568,0.970632,-0.061,0.63,-4.69,-0.28,-73
1787064224224,60613,Knee,sit,-0.192272,0.972584,-0.054168,0.56,-4.62,-0.28,-73
1787064224224,60630,Knee,sit,-0.189344,0.971608,-0.048312,0.77,-4.48,-0.42,-73
1787064224224,60647,Knee,sit,-0.18788,0.972096,-0.04636,1.05,-4.27,-0.49,-73
1787064224476,60822,Knee,sit,-0.194712,0.973072,-0.05368,1.82,-4.34,-0.77,-74
1787064224476,60853,Knee,sit,-0.190808,0.97112,-0.05368,2.1,-3.92,-0.77,-74
1787064224476,60870,Knee,sit,-0.193248,0.972096,-0.055632,2.17,-3.85,-0.91,-74
1787064224476,60887,Knee,sit,-0.195688,0.97112,-0.057096,2.17,-3.78,-0.98,-74
1787064224476,60904,Knee,sit,-0.20008,0.97112,-0.060512,1.96,-3.85,-1.05,-74
1787064224476,60935,Knee,sit,-0.199104,0.97112,-0.063928,1.68,-4.06,-0.84,-74
1787064224476,60951,Knee,sit,-0.194712,0.969168,-0.062952,1.61,-4.13,-0.84,-74
1787064224476,60968,Knee,sit,-0.190808,0.96868,-0.059536,1.61,-3.78,-0.91,-74
1787064224476,60985,Knee,sit,-0.192272,0.970144,-0.054656,1.89,-3.43,-1.05,-74
1787064224476,61002,Knee,sit,-0.199592,0.972584,-0.05368,2.03,-3.43,-1.05,-74
1787064224831,61178,Knee,sit,-0.196664,0.972584,-0.057096,1.19,-4.48,-0.28,-74
1787064224831,61209,Knee,sit,-0.205936,0.97112,-0.06832,1.05,-4.48,0,-74
1787064224831,61226,Knee,sit,-0.207888,0.970632,-0.071736,0.7,-4.83,0.07,-74
1787064224831,61243,Knee,sit,-0.204472,0.96868,-0.068808,0.28,-4.76,0.07,-74
1787064224831,61260,Knee,sit,-0.203984,0.969168,-0.064416,0.14,-4.69,0.07,-74
1787064224831,61291,Knee,sit,-0.202032,0.975024,-0.05368,0.35,-4.83,0.14,-74
1787064224831,61308,Knee,sit,-0.197152,0.975024,-0.05124,0.07,-5.39,0.28,-74
1787064224831,61325,Knee,sit,-0.195688,0.974536,-0.052216,-0.14,-5.95,0.28,-74
1787064224831,61342,Knee,sit,-0.186904,0.970144,-0.051728,-0.28,-6.09,0.28,-74
1787064224831,61359,Knee,sit,-0.183,0.96868,-0.045384,0.35,-5.88,0.14,-74
1787064225187,61534,Knee,sit,-0.211792,0.967216,-0.099552,1.96,-2.59,-1.26,-74
1787064225187,61565,Knee,sit,-0.227408,0.970144,-0.096624,0.77,-3.64,-0.56,-74
1787064225187,61581,Knee,sit,-0.227896,0.969168,-0.09028,-0.28,-4.41,0,-74
1787064225187,61598,Knee,sit,-0.223016,0.970144,-0.0854,-0.77,-5.25,0.35,-74
1787064225187,61615,Knee,sit,-0.211792,0.970632,-0.070272,-1.33,-5.32,0.49,-74
1787064225187,61646,Knee,sit,-0.201056,0.972584,-0.040016,-1.19,-5.46,0.84,-74
1787064225187,61663,Knee,sit,-0.1952,0.972584,-0.032208,-1.05,-5.53,0.77,-74
1787064225187,61680,Knee,sit,-0.188856,0.97356,-0.020984,-0.42,-5.46,0.49,-74
1787064225187,61697,Knee,sit,-0.181048,0.973072,-0.011224,0.42,-5.32,0.07,-74
1787064225187,61714,Knee,sit,-0.178608,0.972096,-0.003416,1.68,-4.69,-0.28,-74
1787064225548,61890,Knee,sit,-0.20984,0.969656,-0.077104,2.38,-3.36,-1.05,-74
1787064225548,61921,Knee,sit,-0.2074,0.975024,-0.059048,1.12,-4.41,-0.42,-74
1787064225548,61938,Knee,sit,-0.200568,0.974048,-0.054656,0.91,-4.62,-0.21,-74
1787064225548,61955,Knee,sit,-0.194224,0.973072,-0.05368,0.77,-4.9,-0.21,-74
1787064225548,61972,Knee,sit,-0.189832,0.972096,-0.051728,0.98,-4.69,-0.35,-74
1787064225548,62003,Knee,sit,-0.192272,0.97112,-0.051728,1.26,-4.06,-0.63,-74
1787064225548,62020,Knee,sit,-0.194712,0.972096,-0.052704,1.26,-3.99,-0.7,-74
1787064225548,62037,Knee,sit,-0.198128,0.972096,-0.05368,1.26,-4.06,-0.63,-74
1787064225548,62054,Knee,sit,-0.19764,0.971608,-0.055144,1.19,-4.27,-0.49,-74
1787064225548,62071,Knee,sit,-0.197152,0.97112,-0.05368,1.19,-3.99,-0.42,-74
1787064226065,62247,Knee,sit,-0.191784,0.968192,-0.079544,1.75,-4.34,-0.49,-75
1787064226065,62277,Knee,sit,-0.199592,0.970632,-0.075152,1.19,-4.62,-0.28,-75
1787064226065,62295,Knee,sit,-0.199104,0.970632,-0.06588,0.77,-4.27,-0.42,-75
1787064226065,62312,Knee,sit,-0.199592,0.974048,-0.057096,0.56,-3.99,-0.56,-75
1787064226065,62329,Knee,sit,-0.196664,0.974536,-0.050752,0.49,-3.85,-0.56,-75
1787064226065,62360,Knee,sit,-0.194712,0.974048,-0.043432,0.56,-3.92,-0.49,-75
1787064226065,62377,Knee,sit,-0.193736,0.97356,-0.040992,0.7,-3.99,-0.49,-75
1787064226065,62394,Knee,sit,-0.191784,0.973072,-0.044408,0.91,-3.99,-0.7,-75
1787064226065,62411,Knee,sit,-0.190808,0.971608,-0.045384,1.26,-3.78,-0.77,-75
1787064226065,62428,Knee,sit,-0.191784,0.969656,-0.049288,1.47,-3.78,-0.77,-75
1787064226262,62603,Knee,sit,-0.196664,0.973072,-0.050752,1.61,-4.06,-0.77,-75
1787064226262,62634,Knee,sit,-0.194224,0.97356,-0.047824,1.4,-4.2,-0.77,-75
1787064226262,62651,Knee,sit,-0.193736,0.972584,-0.049776,1.47,-4.27,-0.77,-75
1787064226262,62668,Knee,sit,-0.193736,0.969168,-0.051728,1.61,-4.27,-0.7,-75
1787064226262,62685,Knee,sit,-0.194224,0.969656,-0.052704,1.82,-3.85,-0.7,-75
1787064226262,62716,Knee,sit,-0.208376,0.972584,-0.052704,1.96,-3.92,-0.7,-75
1787064226262,62733,Knee,sit,-0.2074,0.972584,-0.051728,1.75,-4.06,-0.77,-75
1787064226262,62750,Knee,sit,-0.203008,0.973072,-0.050752,1.68,-3.99,-0.77,-75
1787064226262,62768,Knee,sit,-0.20008,0.973072,-0.052216,1.68,-3.99,-0.63,-75
1787064226262,62785,Knee,sit,-0.20008,0.973072,-0.054168,1.75,-4.06,-0.42,-75
1787064226630,62961,Knee,sit,-0.19276,0.970632,-0.062464,1.26,-4.06,-0.28,-75
1787064226630,62992,Knee,sit,-0.198616,0.973072,-0.05856,1.05,-3.92,-0.49,-75
1787064226630,63010,Knee,sit,-0.19764,0.973072,-0.056608,0.98,-4.06,-0.63,-75
1787064226630,63027,Knee,sit,-0.193736,0.972096,-0.054168,0.84,-4.27,-0.49,-75
1787064226630,63044,Knee,sit,-0.19276,0.972096,-0.053192,0.84,-4.41,-0.35,-75
1787064226630,63061,Knee,sit,-0.19032,0.971608,-0.051728,0.84,-4.41,-0.35,-75
1787064226630,63092,Knee,sit,-0.191784,0.97112,-0.04636,1.26,-3.71,-0.56,-75
1787064226630,63109,Knee,sit,-0.195688,0.972584,-0.044408,1.47,-3.5,-0.77,-75
1787064226630,63126,Knee,sit,-0.203984,0.975512,-0.043432,1.61,-3.43,-0.84,-75
1787064226630,63143,Knee,sit,-0.204472,0.977464,-0.044896,1.54,-3.99,-0.98,-75
1787064226977,63319,Knee,sit,-0.20252,0.976,-0.04636,2.52,-3.78,-1.12,-75
1787064226977,63350,Knee,sit,-0.200568,0.972584,-0.054168,2.52,-3.99,-1.19,-75
1787064226977,63367,Knee,sit,-0.195688,0.97112,-0.059536,2.59,-4.2,-1.12,-75
1787064226977,63384,Knee,sit,-0.191784,0.970144,-0.062464,2.52,-4.13,-1.05,-75
1787064226977,63401,Knee,sit,-0.187392,0.96868,-0.066368,2.38,-3.99,-1.05,-75
1787064226977,63432,Knee,sit,-0.191296,0.968192,-0.06832,2.24,-3.71,-0.91,-75
1787064226977,63449,Knee,sit,-0.20008,0.97112,-0.068808,2.1,-3.71,-0.84,-75
1787064226977,63466,Knee,sit,-0.205448,0.973072,-0.067344,1.68,-3.99,-0.7,-75
1787064226977,63483,Knee,sit,-0.205936,0.972584,-0.064904,1.19,-4.27,-0.56,-75
1787064226977,63499,Knee,sit,-0.203496,0.97112,-0.061488,0.98,-4.34,-0.49,-75
1787064227334,63675,Knee,sit,-0.1952,0.974048,-0.043432,1.26,-4.2,-0.7,-75
1787064227334,63707,Knee,sit,-0.19032,0.971608,-0.04392,1.54,-3.99,-0.91,-75
1787064227334,63724,Knee,sit,-0.190808,0.971608,-0.045384,1.89,-3.64,-0.98,-75
1787064227334,63741,Knee,sit,-0.196664,0.97112,-0.047824,2.03,-3.5,-0.98,-75
1787064227334,63758,Knee,sit,-0.203008,0.972584,-0.051728,2.17,-3.43,-0.98,-75
1787064227334,63789,Knee,sit,-0.206912,0.974536,-0.056608,2.03,-3.85,-0.98,-75
1787064227334,63806,Knee,sit,-0.199592,0.972096,-0.061976,1.47,-4.27,-0.98,-75
1787064227334,63823,Knee,sit,-0.194224,0.968192,-0.065392,1.4,-4.48,-0.77,-75
1787064227334,63840,Knee,sit,-0.191296,0.968192,-0.06588,1.54,-4.48,-0.63,-75
1787064227334,63857,Knee,sit,-0.19032,0.968192,-0.062952,1.54,-4.27,-0.56,-75
1787064227695,64033,Knee,sit,-0.206912,0.970632,-0.066368,1.54,-3.99,-0.63,-75
1787064227695,64064,Knee,sit,-0.211304,0.973072,-0.05612,1.4,-3.99,-0.56,-75
1787064227695,64081,Knee,sit,-0.205936,0.975512,-0.049288,1.19,-4.27,-0.56,-75
1787064227695,64098,Knee,sit,-0.199592,0.974536,-0.04636,1.19,-4.48,-0.77,-75
1787064227695,64115,Knee,sit,-0.192272,0.972096,-0.045384,1.26,-4.48,-0.63,-75
1787064227695,64146,Knee,sit,-0.186416,0.970144,-0.042944,1.89,-4.41,-0.77,-75
1787064227695,64162,Knee,sit,-0.184464,0.969656,-0.043432,2.31,-3.78,-0.84,-75
1787064227695,64180,Knee,sit,-0.191296,0.97112,-0.047336,2.66,-3.22,-1.05,-75
1787064227695,64196,Knee,sit,-0.1952,0.972096,-0.050264,2.73,-3.36,-1.12,-75
1787064227695,64213,Knee,sit,-0.199104,0.971608,-0.058072,2.73,-3.43,-0.98,-75
1787064228051,64389,Knee,sit,-0.184464,0.972096,-0.042944,0.14,-4.27,-0.28,-75
1787064228051,64421,Knee,sit,-0.196176,0.976488,-0.034648,0.91,-3.85,-0.7,-75
1787064228051,64438,Knee,sit,-0.194224,0.977464,-0.032696,1.12,-4.34,-0.63,-75
1787064228051,64455,Knee,sit,-0.188856,0.978928,-0.035136,1.05,-4.83,-0.98,-75
1787064228051,64472,Knee,sit,-0.184464,0.971608,-0.038552,1.26,-4.69,-1.33,-75
1787064228051,64503,Knee,sit,-0.195688,0.963312,-0.039528,3.08,-2.1,-1.33,-75
1787064228051,64520,Knee,sit,-0.213744,0.982344,-0.04392,3.78,-2.24,-1.96,-75
1787064228051,64537,Knee,sit,-0.220576,0.986248,-0.049288,3.15,-2.8,-1.61,-75
1787064228051,64554,Knee,sit,-0.2318,0.979416,-0.066856,2.1,-3.57,-1.12,-75
1787064228051,64571,Knee,sit,-0.223504,0.96624,-0.082472,0.84,-4.83,-0.91,-75
1787064228411,64747,Knee,sit,-0.17324,0.972096,-0.013176,4.69,-0.42,-2.59,-75
1787064228411,64778,Knee,sit,-0.172752,0.974536,-0.018056,6.72,0.98,-3.5,-75
1787064228411,64795,Knee,sit,-0.173728,0.975512,-0.023912,7.28,1.68,-3.78,-75
1787064228411,64813,Knee,sit,-0.17324,0.969168,-0.034648,7,2.24,-3.85,-75
1787064228411,64829,Knee,sit,-0.180072,0.965264,-0.037088,8.05,2.45,-3.85,-75
1787064228411,64860,Knee,sit,-0.204472,0.960384,-0.051728,9.31,4.2,-4.27,-75
1787064228411,64877,Knee,sit,-0.203008,0.967704,-0.064904,9.03,3.5,-4.76,-75
1787064228411,64894,Knee,sit,-0.199592,0.969168,-0.059536,8.89,4.9,-4.69,-75
1787064228411,64911,Knee,sit,-0.211304,0.97356,-0.066856,9.66,5.32,-5.18,-75
1787064228411,64928,Knee,sit,-0.206912,0.965264,-0.064416,9.8,5.25,-4.97,-75
1787064228762,65103,Knee,sit,-0.212768,0.961848,-0.116632,12.25,6.86,-5.74,-77
1787064228762,65134,Knee,sit,-0.214232,0.957944,-0.133224,11.97,6.58,-5.81,-77
1787064228762,65151,Knee,sit,-0.216672,0.955992,-0.135664,12.04,6.79,-5.81,-77
1787064228762,65168,Knee,sit,-0.223504,0.957456,-0.143472,11.76,6.93,-5.53,-77
1787064228762,65185,Knee,sit,-0.226432,0.95648,-0.152256,11.34,6.58,-5.46,-77
1787064228762,65216,Knee,sit,-0.232288,0.955992,-0.157136,10.64,5.95,-5.18,-77
1787064228762,65233,Knee,sit,-0.232288,0.954528,-0.16104,10.15,5.67,-4.97,-77
1787064228762,65250,Knee,sit,-0.235216,0.951112,-0.162504,9.94,5.25,-4.83,-77
1787064228762,65267,Knee,sit,-0.22692,0.955504,-0.169336,9.31,4.27,-4.83,-77
1787064228762,65284,Knee,sit,-0.225944,0.947696,-0.172264,9.17,4.48,-4.69,-77
1787064229175,65514,Knee,sit,-0.243512,0.944768,-0.203008,4.13,-0.91,-1.96,-75
1787064229175,65544,Knee,sit,-0.241072,0.945744,-0.207888,3.36,-2.1,-1.61,-75
1787064229175,65561,Knee,sit,-0.244488,0.943304,-0.20984,2.94,-2.52,-1.26,-75
1787064229175,65578,Knee,sit,-0.246928,0.945256,-0.213256,2.24,-3.22,-0.84,-75
1787064229175,65595,Knee,sit,-0.247904,0.944768,-0.215696,1.47,-4.13,-0.42,-75
1787064229175,65626,Knee,sit,-0.247904,0.942816,-0.215208,0.28,-5.53,0.21,-75
1787064229175,65643,Knee,sit,-0.244488,0.941352,-0.209352,-0.28,-5.95,0.49,-75
1787064229175,65660,Knee,sit,-0.242048,0.94184,-0.205936,-0.49,-6.16,0.7,-75
1787064229175,65677,Knee,sit,-0.239608,0.945256,-0.194224,-0.63,-6.23,0.84,-75
1787064229175,65694,Knee,sit,-0.238144,0.947696,-0.181536,-0.56,-6.37,0.98,-75
1787064229530,65870,Knee,sit,-0.22936,0.950136,-0.177144,1.05,-4.9,-0.21,-75
1787064229530,65901,Knee,sit,-0.230824,0.947696,-0.176168,0.91,-5.11,-0.07,-75
1787064229530,65918,Knee,sit,-0.227896,0.947208,-0.175192,0.91,-4.97,-0.21,-75
1787064229530,65935,Knee,sit,-0.228872,0.946232,-0.177144,0.84,-4.97,-0.14,-75
1787064229530,65952,Knee,sit,-0.233264,0.94916,-0.179584,0.7,-5.18,-0.07,-75
1787064229530,65983,Knee,sit,-0.23912,0.951112,-0.195688,-0.21,-6.44,0.49,-75
1787064229530,66000,Knee,sit,-0.243024,0.94916,-0.201056,-0.7,-6.86,0.84,-75
1787064229530,66017,Knee,sit,-0.247904,0.946232,-0.211304,-1.54,-7.84,1.26,-75
1787064229530,66034,Knee,sit,-0.25132,0.94428,-0.216184,-2.31,-8.75,1.75,-75
1787064229530,66051,Knee,sit,-0.25132,0.945744,-0.210816,-3.01,-9.59,2.17,-75
1787064229892,66227,Knee,sit,-0.237656,0.951112,-0.182512,-10.36,-16.52,5.39,-75
1787064229892,66258,Knee,sit,-0.232776,0.953552,-0.1708,-12.32,-18.48,6.23,-75
1787064229892,66275,Knee,sit,-0.230824,0.95648,-0.159576,-12.95,-19.32,6.58,-75
1787064229892,66292,Knee,sit,-0.225456,0.957944,-0.150304,-13.16,-19.81,6.58,-75
1787064229892,66309,Knee,sit,-0.21228,0.958432,-0.129808,-13.44,-20.09,6.51,-75
1787064229892,66340,Knee,sit,-0.191296,0.960384,-0.099064,-13.51,-19.81,6.02,-75
1787064229892,66357,Knee,sit,-0.18056,0.962824,-0.079544,-13.09,-19.11,5.81,-75
1787064229892,66374,Knee,sit,-0.178608,0.965752,-0.064416,-12.32,-18.41,5.6,-75
1787064229892,66391,Knee,sit,-0.179584,0.967216,-0.055144,-11.62,-17.92,5.39,-75
1787064229892,66408,Knee,sit,-0.18056,0.969656,-0.049288,-11.41,-17.71,5.39,-75
1787064230249,66585,Knee,sit,-0.175192,0.97112,-0.00732,-6.09,-12.11,2.66,-74
1787064230249,66617,Knee,sit,-0.170312,0.972584,0.00732,-3.78,-9.8,1.61,-74
1787064230249,66634,Knee,sit,-0.169824,0.977464,0.003904,-3.15,-9.1,1.12,-74
1787064230249,66652,Knee,sit,-0.170312,0.973072,0.015616,-2.66,-8.4,0.7,-74
1787064230249,66669,Knee,sit,-0.16836,0.977464,0.015616,-1.54,-7.7,0.42,-74
1787064230249,66686,Knee,sit,-0.166896,0.976,0.020496,-0.35,-6.44,0,-74
1787064230249,66717,Knee,sit,-0.167384,0.976976,0.018056,1.33,-4.69,-0.7,-74
1787064230249,66734,Knee,sit,-0.1708,0.977952,0.01464,2.17,-3.57,-1.19,-74
1787064230249,66751,Knee,sit,-0.177632,0.979416,0.004392,2.94,-3.01,-1.61,-74
1787064230249,66768,Knee,sit,-0.179096,0.976976,-0.00732,3.43,-2.59,-1.96,-74
1787064230608,66942,Knee,sit,-0.196176,0.973072,-0.047336,3.29,-2.03,-1.26,-74
1787064230608,66973,Knee,sit,-0.1952,0.972584,-0.044896,3.29,-2.17,-1.54,-74
1787064230608,66990,Knee,sit,-0.194712,0.972096,-0.045872,3.36,-1.61,-1.75,-74
1787064230608,67007,Knee,sit,-0.196664,0.972096,-0.047336,3.43,-1.33,-1.82,-74
1787064230608,67024,Knee,sit,-0.198128,0.974048,-0.049776,3.22,-1.82,-1.61,-74
1787064230608,67055,Knee,sit,-0.193736,0.973072,-0.052216,2.73,-2.8,-1.12,-74
1787064230608,67072,Knee,sit,-0.190808,0.972096,-0.05124,2.66,-2.87,-1.26,-74
1787064230608,67089,Knee,sit,-0.193248,0.97112,-0.049288,2.94,-2.45,-1.4,-74
1787064230608,67106,Knee,sit,-0.193736,0.972096,-0.051728,2.94,-2.17,-1.54,-74
1787064230608,67123,Knee,sit,-0.197152,0.973072,-0.053192,2.94,-2.24,-1.54,-74
1787064230963,67300,Knee,sit,-0.1952,0.972584,-0.049288,1.4,-4.2,-0.63,-74
1787064230963,67332,Knee,sit,-0.19276,0.972584,-0.04392,1.4,-4.2,-0.7,-74
1787064230963,67349,Knee,sit,-0.190808,0.972096,-0.041968,1.61,-4.06,-0.77,-74
1787064230963,67366,Knee,sit,-0.19276,0.97356,-0.041968,1.75,-3.92,-0.84,-74
1787064230963,67383,Knee,sit,-0.194712,0.973072,-0.045384,1.75,-3.99,-0.91,-74
1787064230963,67414,Knee,sit,-0.198616,0.97356,-0.048312,1.82,-3.99,-0.91,-74
1787064230963,67431,Knee,sit,-0.197152,0.972096,-0.0488,1.82,-3.99,-0.91,-74
1787064230963,67448,Knee,sit,-0.195688,0.971608,-0.05124,1.82,-3.92,-0.91,-74
1787064230963,67465,Knee,sit,-0.195688,0.97112,-0.051728,1.89,-3.92,-0.91,-74
1787064230963,67482,Knee,sit,-0.195688,0.972584,-0.052704,1.82,-3.92,-0.84,-74
1787064231320,67656,Knee,sit,-0.194224,0.971608,-0.048312,1.89,-3.78,-0.91,-74
1787064231320,67688,Knee,sit,-0.19764,0.973072,-0.050752,1.96,-3.78,-0.91,-74
1787064231320,67705,Knee,sit,-0.198616,0.97112,-0.051728,1.89,-3.78,-0.91,-74
1787064231320,67722,Knee,sit,-0.20008,0.972584,-0.052216,1.82,-3.92,-0.84,-74
1787064231320,67739,Knee,sit,-0.199104,0.972584,-0.053192,1.75,-3.99,-0.84,-74
1787064231320,67770,Knee,sit,-0.198616,0.973072,-0.05368,1.61,-4.06,-0.7,-74
1787064231320,67787,Knee,sit,-0.198616,0.972584,-0.053192,1.61,-4.13,-0.7,-74
1787064231320,67804,Knee,sit,-0.19764,0.972096,-0.051728,1.61,-4.13,-0.7,-74
1787064231320,67821,Knee,sit,-0.1952,0.972584,-0.049288,1.61,-4.13,-0.7,-74
1787064231320,67838,Knee,sit,-0.194224,0.972096,-0.050752,1.54,-4.13,-0.7,-74
1787064231678,68014,Knee,sit,-0.196664,0.97356,-0.050752,1.75,-3.71,-0.91,-76
1787064231678,68045,Knee,sit,-0.191784,0.971608,-0.050752,1.68,-3.57,-0.91,-76
1787064231678,68062,Knee,sit,-0.19276,0.970632,-0.050264,1.82,-3.43,-1.05,-76
1787064231678,68079,Knee,sit,-0.19276,0.970632,-0.050264,1.89,-3.36,-1.12,-76
1787064231678,68096,Knee,sit,-0.199592,0.972096,-0.047336,1.96,-3.15,-1.12,-76
1787064231678,68127,Knee,sit,-0.204472,0.97356,-0.052216,1.68,-3.57,-0.77,-76
1787064231678,68144,Knee,sit,-0.206912,0.972096,-0.050752,1.68,-3.71,-0.77,-76
1787064231678,68160,Knee,sit,-0.203008,0.971608,-0.050752,1.82,-3.85,-0.84,-76
1787064231678,68178,Knee,sit,-0.200568,0.972584,-0.051728,1.96,-4.06,-0.84,-76
1787064231678,68194,Knee,sit,-0.198616,0.972096,-0.052216,1.96,-4.34,-0.84,-76
1787064232038,68371,Knee,sit,-0.188856,0.971608,-0.04392,1.68,-4.13,-0.91,-76
1787064232038,68402,Knee,sit,-0.1952,0.973072,-0.048312,1.96,-3.71,-0.91,-76
1787064232038,68419,Knee,sit,-0.198616,0.972584,-0.05124,1.89,-3.78,-0.7,-76
1787064232038,68436,Knee,sit,-0.204472,0.971608,-0.054656,1.82,-4.06,-0.63,-76
1787064232038,68453,Knee,sit,-0.203008,0.97112,-0.057584,1.61,-4.2,-0.63,-76
1787064232038,68484,Knee,sit,-0.200568,0.970144,-0.057584,1.54,-4.06,-0.7,-76
1787064232038,68501,Knee,sit,-0.20252,0.970632,-0.05612,1.68,-3.92,-0.63,-76
1787064232038,68518,Knee,sit,-0.203496,0.972584,-0.049288,1.75,-4.13,-0.49,-76
1787064232038,68535,Knee,sit,-0.199592,0.974048,-0.044896,1.61,-4.34,-0.56,-76
1787064232038,68552,Knee,sit,-0.196664,0.97356,-0.044408,1.54,-4.41,-0.63,-76
1787064232392,68728,Knee,sit,-0.183,0.973072,-0.048312,1.75,-2.87,-1.26,-76
1787064232392,68759,Knee,sit,-0.190808,0.972096,-0.055632,1.54,-3.22,-0.91,-76
1787064232392,68776,Knee,sit,-0.199592,0.970632,-0.066856,1.19,-3.71,-0.7,-76
1787064232392,68793,Knee,sit,-0.211304,0.968192,-0.072224,0.77,-4.41,-0.28,-76
1787064232392,68810,Knee,sit,-0.214232,0.967216,-0.067832,0.77,-4.83,-0.21,-76
1787064232392,68840,Knee,sit,-0.208864,0.972584,-0.050752,1.12,-4.55,-0.63,-76
1787064232392,68857,Knee,sit,-0.203984,0.97356,-0.040016,1.26,-4.34,-0.77,-76
1787064232392,68874,Knee,sit,-0.196176,0.976,-0.032208,1.33,-4.34,-0.7,-76
1787064232392,68891,Knee,sit,-0.194712,0.976488,-0.03172,1.4,-4.55,-0.42,-76
1787064232392,68908,Knee,sit,-0.191784,0.975024,-0.032208,1.54,-4.69,-0.28,-76
1787064232751,69084,Knee,sit,-0.19764,0.971608,-0.059536,1.47,-3.99,-0.63,-75
1787064232751,69115,Knee,sit,-0.197152,0.972096,-0.05612,1.33,-4.06,-0.63,-75
1787064232751,69132,Knee,sit,-0.1952,0.971608,-0.052704,1.33,-4.13,-0.63,-75
1787064232751,69149,Knee,sit,-0.191784,0.972096,-0.046848,1.26,-4.13,-0.7,-75
1787064232751,69166,Knee,sit,-0.19032,0.971608,-0.045384,1.54,-3.92,-0.84,-75
1787064232751,69197,Knee,sit,-0.193736,0.973072,-0.038552,2.24,-3.5,-1.05,-75
1787064232751,69214,Knee,sit,-0.194712,0.974048,-0.037088,2.52,-3.36,-1.33,-75
1787064232751,69231,Knee,sit,-0.195688,0.974536,-0.038552,2.45,-3.43,-1.54,-75
1787064232751,69248,Knee,sit,-0.191784,0.972096,-0.044896,2.52,-3.43,-1.54,-75
1787064232751,69265,Knee,sit,-0.1952,0.970632,-0.052216,2.66,-3.22,-1.54,-75
1787064233107,69441,Knee,sit,-0.20252,0.971608,-0.061,1.68,-4.27,-0.63,-75
1787064233107,69473,Knee,sit,-0.198128,0.972096,-0.05856,1.4,-4.2,-0.63,-75
1787064233107,69490,Knee,sit,-0.198128,0.97112,-0.056608,1.33,-4.06,-0.49,-75
1787064233107,69506,Knee,sit,-0.199104,0.972584,-0.055144,1.33,-4.06,-0.49,-75
1787064233107,69523,Knee,sit,-0.199592,0.972096,-0.05368,1.4,-4.13,-0.49,-75
1787064233107,69554,Knee,sit,-0.1952,0.971608,-0.051728,1.47,-3.99,-0.77,-75
1787064233107,69571,Knee,sit,-0.196176,0.97112,-0.052704,1.54,-3.99,-0.84,-75
1787064233107,69588,Knee,sit,-0.197152,0.97112,-0.052216,1.82,-3.85,-0.84,-75
1787064233107,69605,Knee,sit,-0.195688,0.971608,-0.052704,1.96,-3.85,-0.91,-75
1787064233107,69622,Knee,sit,-0.197152,0.971608,-0.054656,1.96,-3.92,-0.91,-75
1787064233464,69797,Knee,sit,-0.199104,0.971608,-0.056608,1.19,-4.27,-0.56,-75
1787064233464,69828,Knee,sit,-0.20252,0.970632,-0.055144,1.26,-4.34,-0.49,-75
1787064233464,69845,Knee,sit,-0.202032,0.97112,-0.055144,1.19,-4.34,-0.49,-75
1787064233464,69862,Knee,sit,-0.201056,0.972096,-0.054168,1.19,-4.41,-0.49,-75
1787064233464,69879,Knee,sit,-0.20008,0.971608,-0.052216,1.33,-4.27,-0.56,-75
1787064233464,69910,Knee,sit,-0.196664,0.972096,-0.049288,1.54,-3.99,-0.77,-75
1787064233464,69927,Knee,sit,-0.196664,0.972096,-0.049288,1.61,-3.85,-0.84,-75
1787064233464,69944,Knee,sit,-0.196176,0.972584,-0.051728,1.68,-3.78,-0.84,-75
1787064233464,69961,Knee,sit,-0.195688,0.970632,-0.055144,1.61,-3.85,-0.77,-75
1787064233464,69978,Knee,sit,-0.197152,0.96868,-0.057584,1.61,-3.71,-0.77,-75
1787064233821,70154,Knee,sit,-0.201544,0.970144,-0.062464,1.68,-3.92,-0.7,-78
1787064233821,70184,Knee,sit,-0.201056,0.97112,-0.061,1.54,-3.99,-0.63,-78
1787064233821,70202,Knee,sit,-0.201056,0.971608,-0.059536,1.4,-4.06,-0.63,-78
1787064233821,70218,Knee,sit,-0.201544,0.972096,-0.054168,1.47,-4.2,-0.7,-78
1787064233821,70235,Knee,sit,-0.198616,0.972584,-0.054168,1.4,-4.27,-0.63,-78
1787064233821,70266,Knee,sit,-0.196176,0.970632,-0.058072,1.33,-4.2,-0.63,-78
1787064233821,70283,Knee,sit,-0.196664,0.970144,-0.058072,1.4,-4.2,-0.63,-78
1787064233821,70300,Knee,sit,-0.198616,0.970632,-0.058072,1.54,-4.13,-0.63,-78
1787064233821,70317,Knee,sit,-0.199104,0.970632,-0.058072,1.54,-4.13,-0.63,-78
1787064233821,70335,Knee,sit,-0.199592,0.970632,-0.057096,1.54,-4.13,-0.63,-78
1787064234190,70511,Knee,sit,-0.198128,0.97112,-0.057096,1.54,-3.99,-0.7,-78
1787064234190,70543,Knee,sit,-0.194224,0.969656,-0.054656,1.68,-3.85,-0.7,-78
1787064234190,70560,Knee,sit,-0.197152,0.972096,-0.05612,1.75,-3.64,-0.7,-78
1787064234190,70577,Knee,sit,-0.19764,0.970144,-0.058072,1.75,-3.78,-0.7,-78
1787064234190,70594,Knee,sit,-0.199104,0.970144,-0.057096,1.75,-3.78,-0.7,-78
1787064234190,70625,Knee,sit,-0.203008,0.97112,-0.05612,1.75,-3.64,-0.7,-78
1787064234190,70642,Knee,sit,-0.206424,0.971608,-0.055632,1.82,-3.57,-0.77,-78
1787064234190,70659,Knee,sit,-0.2074,0.972584,-0.05612,1.68,-3.78,-0.77,-78
1787064234190,70676,Knee,sit,-0.203008,0.972584,-0.057584,1.61,-3.92,-0.77,-78
1787064234190,70693,Knee,sit,-0.196664,0.969656,-0.056608,1.47,-4.2,-0.63,-78
1787064234536,70867,Knee,sit,-0.201544,0.970632,-0.062464,1.82,-3.71,-0.91,-78
1787064234536,70898,Knee,sit,-0.205936,0.97112,-0.05856,1.82,-3.71,-0.98,-78
1787064234536,70915,Knee,sit,-0.203984,0.972096,-0.059048,1.61,-3.92,-0.91,-78
1787064234536,70932,Knee,sit,-0.203008,0.970632,-0.059048,1.47,-4.06,-0.84,-78
1787064234536,70949,Knee,sit,-0.202032,0.972096,-0.058072,1.47,-4.2,-0.77,-78
1787064234536,70980,Knee,sit,-0.203008,0.970632,-0.059048,1.68,-4.13,-0.7,-78
1787064234536,70997,Knee,sit,-0.203496,0.970144,-0.05856,1.61,-4.13,-0.77,-78
1787064234536,71015,Knee,sit,-0.202032,0.97112,-0.059536,1.54,-4.13,-0.77,-78
1787064234536,71032,Knee,sit,-0.203496,0.971608,-0.058072,1.54,-4.13,-0.7,-78
1787064234536,71049,Knee,sit,-0.200568,0.97112,-0.05856,1.61,-4.2,-0.7,-78
1787064234896,71225,Knee,sit,-0.203984,0.97112,-0.061976,1.89,-4.06,-0.84,-78
1787064234896,71256,Knee,sit,-0.203496,0.970632,-0.062952,1.68,-4.2,-0.77,-78
1787064234896,71273,Knee,sit,-0.203984,0.97112,-0.061976,1.54,-4.13,-0.77,-78
1787064234896,71290,Knee,sit,-0.203984,0.969656,-0.06344,1.54,-4.2,-0.7,-78
1787064234896,71307,Knee,sit,-0.201056,0.970632,-0.064904,1.47,-4.13,-0.7,-78
1787064234896,71338,Knee,sit,-0.198616,0.969656,-0.062464,1.26,-4.34,-0.49,-78
1787064234896,71356,Knee,sit,-0.199104,0.970632,-0.062952,1.26,-4.34,-0.42,-78
1787064234896,71373,Knee,sit,-0.20008,0.969656,-0.060512,1.26,-4.34,-0.49,-78
1787064234896,71390,Knee,sit,-0.199104,0.969656,-0.059048,1.26,-4.41,-0.42,-78
1787064234896,71407,Knee,sit,-0.199104,0.970144,-0.057584,1.26,-4.41,-0.42,-78
1787064235250,71582,Knee,sit,-0.193736,0.972584,-0.056608,1.61,-3.85,-0.77,-78
1787064235250,71613,Knee,sit,-0.196664,0.970144,-0.062952,1.61,-3.78,-0.7,-78
1787064235250,71630,Knee,sit,-0.199104,0.969656,-0.064904,1.68,-3.78,-0.56,-78
1787064235250,71647,Knee,sit,-0.20008,0.97112,-0.063928,1.54,-3.85,-0.7,-78
1787064235250,71664,Knee,sit,-0.201544,0.970144,-0.064416,1.47,-3.99,-0.7,-78
1787064235250,71695,Knee,sit,-0.201544,0.97112,-0.062464,1.4,-4.13,-0.63,-78
1787064235250,71712,Knee,sit,-0.201056,0.971608,-0.05856,1.4,-4.27,-0.63,-78
1787064235250,71729,Knee,sit,-0.199592,0.970632,-0.05612,1.33,-4.34,-0.56,-78
1787064235250,71746,Knee,sit,-0.198616,0.971608,-0.055632,1.33,-4.27,-0.56,-78
1787064235250,71763,Knee,sit,-0.199104,0.973072,-0.055144,1.33,-4.2,-0.56,-78
1787064235606,71938,Knee,sit,-0.196664,0.97112,-0.054656,1.89,-4.06,-0.77,-78
1787064235606,71969,Knee,sit,-0.19764,0.97112,-0.059536,1.89,-3.99,-0.77,-78
1787064235606,71986,Knee,sit,-0.199592,0.969168,-0.061976,1.89,-3.99,-0.84,-78
1787064235606,72003,Knee,sit,-0.20008,0.969168,-0.06344,1.89,-3.92,-0.91,-78
1787064235606,72020,Knee,sit,-0.20008,0.970632,-0.061488,1.82,-3.92,-0.84,-78
1787064235606,72051,Knee,sit,-0.201544,0.972096,-0.059536,1.75,-4.06,-0.77,-78
1787064235606,72068,Knee,sit,-0.200568,0.971608,-0.059536,1.54,-4.06,-0.84,-78
1787064235606,72085,Knee,sit,-0.201056,0.97112,-0.061,1.54,-4.13,-0.7,-78
1787064235606,72102,Knee,sit,-0.200568,0.97112,-0.061,1.47,-4.13,-0.7,-78
1787064235606,72119,Knee,sit,-0.201056,0.970632,-0.061,1.54,-4.2,-0.63,-78
1787064235963,72293,Knee,sit,-0.199104,0.97112,-0.058072,1.82,-3.92,-0.77,-78
1787064235963,72324,Knee,sit,-0.198616,0.970632,-0.061,1.68,-3.99,-0.77,-78
1787064235963,72341,Knee,sit,-0.199104,0.970632,-0.060024,1.68,-3.99,-0.7,-78
1787064235963,72358,Knee,sit,-0.201056,0.97112,-0.059536,1.75,-3.99,-0.63,-78
1787064235963,72375,Knee,sit,-0.20252,0.970632,-0.062464,1.54,-3.99,-0.7,-78
1787064235963,72406,Knee,sit,-0.199592,0.970632,-0.059536,1.47,-4.06,-0.7,-78
1787064235963,72423,Knee,sit,-0.199592,0.97112,-0.05856,1.54,-4.06,-0.7,-78
1787064235963,72440,Knee,sit,-0.198128,0.971608,-0.055144,1.61,-4.13,-0.7,-78
1787064235963,72457,Knee,sit,-0.197152,0.97112,-0.05612,1.54,-4.06,-0.7,-78
1787064235963,72474,Knee,sit,-0.198128,0.97112,-0.058072,1.47,-4.06,-0.77,-78
1787064236324,72649,Knee,sit,-0.19764,0.970144,-0.05612,1.68,-4.13,-0.63,-77
1787064236324,72680,Knee,sit,-0.199104,0.969656,-0.059048,1.82,-3.92,-0.77,-77
1787064236324,72697,Knee,sit,-0.198128,0.970144,-0.059536,1.75,-3.92,-0.77,-77
1787064236324,72714,Knee,sit,-0.201544,0.97112,-0.059048,1.75,-3.99,-0.77,-77
1787064236324,72731,Knee,sit,-0.201544,0.971608,-0.060024,1.68,-4.06,-0.77,-77
1787064236324,72762,Knee,sit,-0.201544,0.970632,-0.059536,1.61,-4.06,-0.77,-77
1787064236324,72779,Knee,sit,-0.198616,0.970144,-0.059048,1.54,-4.06,-0.77,-77
1787064236324,72796,Knee,sit,-0.20008,0.970632,-0.060512,1.54,-4.13,-0.7,-77
1787064236324,72813,Knee,sit,-0.20008,0.971608,-0.061,1.47,-4.06,-0.7,-77
1787064236324,72830,Knee,sit,-0.199104,0.970144,-0.061,1.47,-4.06,-0.7,-77
1787064236675,73004,Knee,sit,-0.201544,0.97112,-0.05856,1.96,-3.71,-0.91,-77
1787064236675,73035,Knee,sit,-0.198616,0.97112,-0.057096,2.17,-3.64,-0.91,-77
1787064236675,73052,Knee,sit,-0.19764,0.97112,-0.056608,2.1,-3.5,-1.05,-77
1787064236675,73069,Knee,sit,-0.196664,0.972096,-0.055144,2.17,-3.29,-1.26,-77
1787064236675,73086,Knee,sit,-0.1952,0.970144,-0.056608,2.17,-3.29,-1.19,-77
1787064236675,73117,Knee,sit,-0.196664,0.969168,-0.060512,2.31,-3.22,-1.12,-77
1787064236675,73134,Knee,sit,-0.197152,0.970144,-0.061,2.24,-3.15,-1.05,-77
1787064236675,73151,Knee,sit,-0.203008,0.97112,-0.061,2.31,-3.15,-1.12,-77
1787064236675,73168,Knee,sit,-0.205936,0.970632,-0.061488,2.38,-3.29,-1.19,-77
1787064236675,73185,Knee,sit,-0.208376,0.972096,-0.062952,2.45,-3.57,-1.19,-77
1787064237038,73360,Knee,sit,-0.198128,0.972584,-0.052704,0.56,-5.32,0.14,-77
1787064237038,73391,Knee,sit,-0.186904,0.972096,-0.042944,0.84,-4.76,-0.07,-77
1787064237038,73408,Knee,sit,-0.184952,0.972096,-0.04148,1.26,-4.2,-0.28,-77
1787064237038,73425,Knee,sit,-0.183488,0.973072,-0.041968,1.47,-3.99,-0.49,-77
1787064237038,73442,Knee,sit,-0.186416,0.972096,-0.044896,1.89,-3.71,-0.84,-77
1787064237038,73473,Knee,sit,-0.189832,0.970144,-0.05612,2.1,-3.5,-1.05,-77
1787064237038,73489,Knee,sit,-0.1952,0.97112,-0.061488,2.17,-3.36,-1.12,-77
1787064237038,73506,Knee,sit,-0.198616,0.969656,-0.06588,2.31,-3.43,-1.19,-77
1787064237038,73523,Knee,sit,-0.201544,0.968192,-0.067832,2.31,-3.36,-1.26,-77
1787064237038,73540,Knee,sit,-0.203496,0.96868,-0.066368,2.17,-3.43,-1.19,-77
1787064237393,73716,Knee,sit,-0.205448,0.969656,-0.066368,3.08,-2.24,-1.61,-78
1787064237393,73747,Knee,sit,-0.210328,0.970632,-0.07564,2.87,-2.87,-1.47,-78
1787064237393,73764,Knee,sit,-0.213744,0.969168,-0.081496,2.59,-3.15,-1.26,-78
1787064237393,73781,Knee,sit,-0.213256,0.96868,-0.085888,2.24,-3.71,-1.05,-78
1787064237393,73798,Knee,sit,-0.212768,0.967216,-0.087352,2.03,-4.13,-0.77,-78
1787064237393,73829,Knee,sit,-0.211792,0.968192,-0.083936,1.4,-4.41,-0.42,-78
1787064237393,73846,Knee,sit,-0.207888,0.969656,-0.077104,1.05,-4.55,-0.35,-78
1787064237393,73863,Knee,sit,-0.202032,0.970632,-0.068808,0.91,-4.62,-0.35,-78
1787064237393,73880,Knee,sit,-0.20008,0.970632,-0.06344,0.91,-4.48,-0.35,-78
1787064237393,73897,Knee,sit,-0.196664,0.971608,-0.059536,0.91,-4.55,-0.35,-78
1787064237749,74074,Knee,sit,-0.2074,0.96868,-0.075152,1.47,-3.99,-0.7,-78
1787064237749,74105,Knee,sit,-0.204472,0.967704,-0.072224,1.33,-4.2,-0.56,-78
1787064237749,74122,Knee,sit,-0.201056,0.970144,-0.067832,1.26,-4.34,-0.56,-78
1787064237749,74139,Knee,sit,-0.19764,0.970144,-0.065392,1.33,-4.2,-0.56,-78
1787064237749,74155,Knee,sit,-0.19764,0.970144,-0.061488,1.4,-4.13,-0.63,-78
1787064237749,74186,Knee,sit,-0.202032,0.971608,-0.05856,1.68,-4.13,-0.63,-78
1787064237749,74203,Knee,sit,-0.203496,0.970144,-0.060512,1.68,-4.2,-0.63,-78
1787064237749,74220,Knee,sit,-0.203008,0.970632,-0.061488,1.61,-4.27,-0.77,-78
1787064237749,74237,Knee,sit,-0.201056,0.970632,-0.064904,1.61,-4.27,-0.77,-78
1787064237749,74254,Knee,sit,-0.199592,0.969168,-0.066368,1.75,-4.13,-0.77,-78
1787064238102,74430,Knee,sit,-0.203496,0.97112,-0.064416,1.68,-4.13,-0.63,-78
1787064238102,74461,Knee,sit,-0.203008,0.970144,-0.065392,1.47,-4.41,-0.7,-78
1787064238102,74478,Knee,sit,-0.201544,0.969656,-0.064904,1.54,-4.27,-0.63,-78
1787064238102,74495,Knee,sit,-0.203008,0.970144,-0.064904,1.68,-4.2,-0.63,-78
1787064238102,74512,Knee,sit,-0.20252,0.97112,-0.064904,1.75,-4.2,-0.7,-78
1787064238102,74543,Knee,sit,-0.202032,0.969656,-0.066856,1.54,-4.13,-0.7,-78
1787064238102,74560,Knee,sit,-0.201056,0.969656,-0.067344,1.47,-4.13,-0.77,-78
1787064238102,74577,Knee,sit,-0.20008,0.969168,-0.06588,1.54,-4.06,-0.7,-78
1787064238102,74594,Knee,sit,-0.200568,0.969168,-0.063928,1.68,-3.99,-0.77,-78
1787064238102,74611,Knee,sit,-0.201056,0.970632,-0.064416,1.68,-3.99,-0.77,-78
1787064238459,74786,Knee,sit,-0.20008,0.970632,-0.063928,1.47,-4.13,-0.7,-78
1787064238459,74817,Knee,sit,-0.201056,0.970144,-0.06588,1.61,-4.06,-0.56,-78
1787064238459,74834,Knee,sit,-0.20252,0.970144,-0.06588,1.54,-4.2,-0.56,-78
1787064238459,74851,Knee,sit,-0.20252,0.969656,-0.06832,1.54,-4.27,-0.63,-78
1787064238459,74867,Knee,sit,-0.20252,0.969168,-0.068808,1.54,-4.13,-0.7,-78
1787064238459,74898,Knee,sit,-0.203008,0.969656,-0.066856,1.54,-4.13,-0.7,-78
1787064238459,74915,Knee,sit,-0.203496,0.970632,-0.066368,1.47,-4.2,-0.7,-78
1787064238459,74932,Knee,sit,-0.200568,0.970144,-0.06344,1.4,-4.2,-0.63,-78
1787064238459,74949,Knee,sit,-0.201056,0.970632,-0.06344,1.47,-4.13,-0.56,-78
1787064238459,74966,Knee,sit,-0.202032,0.97112,-0.06344,1.47,-4.13,-0.63,-78
1787064238819,75141,Knee,sit,-0.201056,0.96868,-0.067832,1.61,-3.99,-0.77,-77
1787064238819,75172,Knee,sit,-0.203496,0.970632,-0.063928,1.75,-3.99,-0.7,-77
1787064238819,75189,Knee,sit,-0.203008,0.97112,-0.060512,1.75,-3.99,-0.7,-77
1787064238819,75206,Knee,sit,-0.199592,0.97112,-0.057584,1.75,-4.06,-0.84,-77
1787064238819,75223,Knee,sit,-0.198616,0.97112,-0.060512,1.82,-3.85,-0.91,-77
1787064238819,75254,Knee,sit,-0.199104,0.971608,-0.061488,2.1,-3.78,-0.98,-77
1787064238819,75271,Knee,sit,-0.198616,0.969656,-0.062952,2.24,-3.64,-1.05,-77
1787064238819,75288,Knee,sit,-0.20008,0.969168,-0.06344,2.17,-3.5,-1.12,-77
1787064238819,75305,Knee,sit,-0.201544,0.971608,-0.066368,2.17,-3.5,-1.19,-77
1787064238819,75322,Knee,sit,-0.20496,0.969656,-0.070272,2.17,-3.43,-1.19,-77
1787064239177,75499,Knee,sit,-0.20252,0.96868,-0.070272,1.12,-4.48,-0.28,-77
1787064239177,75530,Knee,sit,-0.20496,0.970144,-0.072224,0.98,-4.41,-0.21,-77
1787064239177,75547,Knee,sit,-0.206424,0.96868,-0.07076,0.98,-4.55,-0.07,-77
1787064239177,75564,Knee,sit,-0.203496,0.970144,-0.064904,1.05,-4.62,-0.14,-77
1787064239177,75580,Knee,sit,-0.202032,0.969656,-0.062464,1.05,-4.62,-0.28,-77
1787064239177,75611,Knee,sit,-0.19764,0.973072,-0.054656,1.47,-4.27,-0.49,-77
1787064239177,75628,Knee,sit,-0.196176,0.973072,-0.055632,1.54,-4.2,-0.56,-77
1787064239177,75645,Knee,sit,-0.194224,0.971608,-0.057096,1.61,-4.2,-0.56,-77
1787064239177,75662,Knee,sit,-0.194224,0.97112,-0.061,1.68,-4.13,-0.7,-77
1787064239177,75679,Knee,sit,-0.194712,0.969656,-0.064904,1.75,-4.06,-0.7,-77
1787064239529,75854,Knee,sit,-0.20496,0.968192,-0.068808,1.12,-4.41,-0.21,-77
1787064239529,75885,Knee,sit,-0.1952,0.968192,-0.066856,0.91,-4.48,-0.28,-77
1787064239529,75902,Knee,sit,-0.1952,0.968192,-0.064904,1.19,-4.2,-0.28,-77
1787064239529,75919,Knee,sit,-0.199104,0.969168,-0.061,1.4,-4.13,-0.28,-77
1787064239529,75936,Knee,sit,-0.205936,0.971608,-0.057096,1.75,-4.06,-0.28,-77
1787064239529,75967,Knee,sit,-0.211792,0.975024,-0.052216,1.82,-4.41,-0.56,-77
1787064239529,75984,Knee,sit,-0.208864,0.975512,-0.054168,1.75,-4.69,-0.56,-77
1787064239529,76001,Knee,sit,-0.20496,0.974048,-0.056608,1.82,-4.76,-0.63,-77
1787064239529,76018,Knee,sit,-0.196176,0.97112,-0.060512,1.82,-4.76,-0.77,-77
1787064239529,76035,Knee,sit,-0.19276,0.969656,-0.064904,1.96,-4.34,-0.84,-77
1787064239886,76210,Knee,sit,-0.176656,0.975024,-0.013176,3.43,-0.14,-2.1,-76
1787064239886,76241,Knee,sit,-0.176168,0.975024,-0.016592,5.25,-0.14,-2.59,-76
1787064239886,76258,Knee,sit,-0.174704,0.974536,-0.029768,5.81,0.84,-2.94,-76
1787064239886,76274,Knee,sit,-0.18544,0.969656,-0.042944,6.51,1.96,-3.22,-76
1787064239886,76291,Knee,sit,-0.185928,0.965752,-0.067832,7.14,0.63,-4.2,-76
1787064239886,76322,Knee,sit,-0.201056,0.964776,-0.081984,8.61,2.52,-4.13,-76
1787064239886,76339,Knee,sit,-0.206912,0.965752,-0.08784,8.19,2.73,-3.92,-76
1787064239886,76356,Knee,sit,-0.208376,0.964288,-0.092232,8.26,2.52,-4.2,-76
1787064239886,76373,Knee,sit,-0.215696,0.965264,-0.089792,7.91,3.22,-4.06,-76
1787064239886,76390,Knee,sit,-0.227896,0.973072,-0.075152,9.03,3.57,-4.13,-76
1787064240241,76565,Knee,sit,-0.218136,0.961848,-0.127856,12.6,7.35,-5.67,-76
1787064240241,76596,Knee,sit,-0.24156,0.95404,-0.16592,11.9,5.74,-5.11,-76
1787064240241,76613,Knee,sit,-0.248392,0.948672,-0.17812,10.99,5.25,-4.97,-76
1787064240241,76630,Knee,sit,-0.246928,0.952088,-0.183488,9.87,5.11,-4.97,-76
1787064240241,76647,Knee,sit,-0.247416,0.944768,-0.177144,9.8,5.67,-5.04,-76
1787064240241,76678,Knee,sit,-0.238144,0.948672,-0.15616,9.59,4.97,-4.62,-76
1787064240241,76695,Knee,sit,-0.232288,0.957944,-0.15616,9.59,4.27,-4.34,-76
1787064240241,76712,Knee,sit,-0.22692,0.95648,-0.147376,8.68,4.13,-4.06,-76
1787064240241,76729,Knee,sit,-0.225456,0.962336,-0.155672,7.98,2.94,-3.85,-76
1787064240241,76746,Knee,sit,-0.223504,0.951112,-0.159576,7.42,2.45,-3.36,-76
1787064240602,76921,Knee,sit,-0.238144,0.945744,-0.197152,2.38,-3.36,-0.91,-76
1787064240602,76951,Knee,sit,-0.240096,0.950624,-0.19032,0.98,-4.76,-0.21,-76
1787064240602,76969,Knee,sit,-0.239608,0.949648,-0.189344,0.63,-5.18,0.28,-76
1787064240602,76985,Knee,sit,-0.240584,0.947208,-0.188856,-0.07,-5.95,0.49,-76
1787064240602,77002,Knee,sit,-0.23912,0.94916,-0.183488,-0.35,-6.65,0.77,-76
1787064240602,77033,Knee,sit,-0.233264,0.950136,-0.17324,-0.77,-7,1.12,-76
1787064240602,77050,Knee,sit,-0.235216,0.952088,-0.169824,-1.05,-7.14,1.19,-76
1787064240602,77067,Knee,sit,-0.240584,0.957944,-0.174704,-1.19,-7.91,1.05,-76
1787064240602,77084,Knee,sit,-0.244,0.95404,-0.193248,-2.17,-9.24,1.61,-76
1787064240602,77101,Knee,sit,-0.247416,0.9516,-0.201544,-2.8,-10.71,2.45,-76
1787064240958,77277,Knee,sit,-0.196176,0.956968,-0.122,-11.27,-17.29,5.6,-79
1787064240958,77308,Knee,sit,-0.193736,0.960384,-0.103456,-10.78,-16.94,5.25,-79
1787064240958,77325,Knee,sit,-0.19276,0.961848,-0.096624,-10.64,-17.08,5.11,-79
1787064240958,77342,Knee,sit,-0.193248,0.961848,-0.09028,-10.29,-17.08,4.9,-79
1787064240958,77359,Knee,sit,-0.198128,0.964776,-0.08784,-9.8,-16.73,4.69,-79
1787064240958,77390,Knee,sit,-0.204472,0.967216,-0.089304,-10.08,-16.52,4.62,-79
1787064240958,77407,Knee,sit,-0.208376,0.965264,-0.086376,-10.01,-16.24,4.55,-79
1787064240958,77424,Knee,sit,-0.2074,0.965264,-0.081984,-9.87,-16.03,4.55,-79
1787064240958,77441,Knee,sit,-0.205448,0.966728,-0.08052,-9.94,-16.17,4.55,-79
1787064240958,77458,Knee,sit,-0.203496,0.967704,-0.072712,-9.8,-15.96,4.55,-79
1787064241321,77636,Knee,sit,-0.172752,0.976,0.000488,-3.22,-9.66,1.47,-79
1787064241321,77667,Knee,sit,-0.176168,0.970632,0.000488,-2.03,-8.4,0.63,-79
1787064241321,77685,Knee,sit,-0.17568,0.976976,0.000488,-1.12,-7.56,0.56,-79
1787064241321,77701,Knee,sit,-0.172752,0.97356,0.001952,-0.28,-6.65,0,-79
1787064241321,77718,Knee,sit,-0.172752,0.97356,0.003904,0.77,-5.25,-0.56,-79
1787064241321,77749,Knee,sit,-0.17568,0.976976,0.001952,2.03,-3.64,-1.19,-79
1787064241321,77766,Knee,sit,-0.179096,0.977464,-0.001952,2.59,-3.15,-1.47,-79
1787064241321,77783,Knee,sit,-0.179096,0.976976,-0.008296,3.29,-2.73,-1.75,-79
1787064241321,77800,Knee,sit,-0.182024,0.976976,-0.013664,3.43,-2.59,-2.03,-79
1787064241321,77817,Knee,sit,-0.183488,0.975024,-0.025864,3.71,-2.38,-2.17,-79
1787064241674,77992,Knee,sit,-0.200568,0.97112,-0.054656,3.85,-1.47,-1.54,-79
1787064241674,78023,Knee,sit,-0.201056,0.972584,-0.055144,3.85,-1.19,-1.89,-79
1787064241674,78040,Knee,sit,-0.20008,0.971608,-0.055632,3.85,-1.05,-2.03,-79
1787064241674,78057,Knee,sit,-0.199104,0.972096,-0.058072,3.64,-1.26,-1.82,-79
1787064241674,78075,Knee,sit,-0.198128,0.97112,-0.057096,3.57,-1.61,-1.61,-79
1787064241674,78106,Knee,sit,-0.196176,0.972096,-0.05612,3.36,-2.03,-1.47,-79
1787064241674,78123,Knee,sit,-0.196664,0.971608,-0.056608,3.43,-1.89,-1.61,-79
1787064241674,78140,Knee,sit,-0.19764,0.97112,-0.057584,3.43,-1.82,-1.68,-79
1787064241674,78157,Knee,sit,-0.198616,0.970632,-0.061976,3.36,-1.89,-1.68,-79
1787064241674,78174,Knee,sit,-0.202032,0.969656,-0.062952,3.43,-2.1,-1.61,-79
1787064242028,78349,Knee,sit,-0.199104,0.969656,-0.06344,0.84,-4.41,-0.28,-77
1787064242028,78380,Knee,sit,-0.198616,0.97112,-0.053192,0.91,-4.27,-0.42,-77
1787064242028,78397,Knee,sit,-0.198616,0.972096,-0.048312,1.05,-4.13,-0.56,-77
1787064242028,78414,Knee,sit,-0.202032,0.972096,-0.046848,1.19,-4.13,-0.56,-77
1787064242028,78431,Knee,sit,-0.198616,0.974048,-0.042944,1.4,-4.2,-0.56,-77
1787064242028,78462,Knee,sit,-0.200568,0.972096,-0.042456,1.89,-3.99,-0.77,-77
1787064242028,78479,Knee,sit,-0.2074,0.972096,-0.047824,2.1,-3.99,-0.77,-77
1787064242028,78496,Knee,sit,-0.213744,0.974536,-0.052704,2.17,-4.34,-0.63,-77
1787064242028,78513,Knee,sit,-0.212768,0.974048,-0.056608,2.17,-4.9,-0.56,-77
1787064242028,78530,Knee,sit,-0.2074,0.97112,-0.061,2.1,-5.39,-0.63,-77
1787064242386,78705,Knee,sit,-0.263032,0.981856,-0.072224,1.75,-3.01,0.14,-77
1787064242386,78736,Knee,sit,-0.234728,0.982832,-0.058072,-0.14,-7.63,-0.56,-77
1787064242386,78753,Knee,sit,-0.172264,0.970632,-0.040992,-0.21,-7.42,-0.98,-77
1787064242386,78770,Knee,sit,-0.125416,0.959408,-0.023912,1.47,-5.25,-1.61,-77
1787064242386,78787,Knee,sit,-0.124928,0.960872,-0.01464,3.99,-1.61,-2.03,-77
1787064242386,78818,Knee,sit,-0.182024,0.97844,-0.028304,4.9,0.28,-1.96,-77
1787064242386,78835,Knee,sit,-0.206912,0.97844,-0.047336,3.5,-0.28,-1.68,-77
1787064242386,78852,Knee,sit,-0.215208,0.971608,-0.065392,2.66,-1.4,-1.54,-77
1787064242386,78869,Knee,sit,-0.216184,0.970144,-0.06832,3.22,-1.26,-1.82,-77
1787064242386,78886,Knee,sit,-0.218136,0.96624,-0.073688,3.71,-0.91,-1.82,-77
1787064242748,79062,Knee,sit,-0.231312,0.969656,-0.093208,5.25,-0.56,-1.54,-77
1787064242748,79092,Knee,sit,-0.209352,0.967216,-0.09272,4.13,-1.82,-1.82,-77
1787064242748,79109,Knee,sit,-0.208376,0.967216,-0.091256,3.85,-1.75,-1.89,-77
1787064242748,79126,Knee,sit,-0.208376,0.96868,-0.088328,3.78,-1.96,-1.68,-77
1787064242748,79143,Knee,sit,-0.206424,0.967704,-0.083936,3.71,-2.38,-1.61,-77
1787064242748,79174,Knee,sit,-0.20252,0.970632,-0.077104,3.57,-2.52,-1.4,-77
1787064242748,79191,Knee,sit,-0.196176,0.970144,-0.072224,3.64,-2.38,-1.61,-77
1787064242748,79208,Knee,sit,-0.1952,0.969656,-0.07076,3.64,-1.89,-1.89,-77
1787064242748,79225,Knee,sit,-0.193736,0.96868,-0.074664,3.78,-1.61,-1.96,-77
1787064242748,79242,Knee,sit,-0.20496,0.967216,-0.078568,4.06,-1.68,-1.89,-77
1787064243116,79418,Knee,sit,-0.20252,0.969168,-0.083936,3.08,-2.94,-1.33,-81
1787064243116,79449,Knee,sit,-0.208864,0.964776,-0.091256,3.36,-2.73,-1.4,-81
1787064243116,79466,Knee,sit,-0.211792,0.965752,-0.0976,3.5,-2.45,-1.61,-81
1787064243116,79482,Knee,sit,-0.213256,0.966728,-0.101016,3.29,-2.45,-1.54,-81
1787064243116,79499,Knee,sit,-0.22204,0.965264,-0.110288,2.8,-2.66,-1.4,-81
1787064243116,79530,Knee,sit,-0.214232,0.963312,-0.119072,1.47,-4.27,-0.49,-81
1787064243116,79547,Knee,sit,-0.216184,0.96136,-0.120536,1.26,-4.41,-0.35,-81
1787064243116,79564,Knee,sit,-0.21472,0.960384,-0.119072,0.77,-4.48,-0.14,-81
1787064243116,79581,Knee,sit,-0.223504,0.964288,-0.116144,0.21,-4.62,0.14,-81
1787064243116,79612,Knee,sit,-0.220088,0.968192,-0.106384,-0.56,-5.74,0.7,-81
1787064243469,79787,Knee,sit,-0.181536,0.965752,-0.076128,-3.57,-8.19,1.33,-81
1787064243469,79819,Knee,sit,-0.20252,0.976,-0.072224,-3.36,-9.17,1.89,-81
1787064243469,79836,Knee,sit,-0.205936,0.975512,-0.073688,-3.92,-9.87,2.38,-81
1787064243469,79854,Knee,sit,-0.201056,0.964776,-0.071736,-4.55,-9.59,2.31,-81
1787064243469,79871,Knee,sit,-0.2074,0.970144,-0.066368,-3.92,-9.1,1.54,-81
1787064243469,79888,Knee,sit,-0.198616,0.969168,-0.06588,-3.71,-8.61,1.26,-81
1787064243469,79918,Knee,sit,-0.20252,0.975024,-0.055144,-2.8,-8.47,1.19,-81
1787064243469,79935,Knee,sit,-0.195688,0.972096,-0.053192,-3.15,-8.96,1.54,-81
1787064243469,79952,Knee,sit,-0.192272,0.972584,-0.04636,-2.87,-8.68,1.47,-81
1787064243469,79969,Knee,sit,-0.191784,0.972096,-0.042456,-2.52,-9.03,1.47,-81
1787064243828,80145,Knee,sit,-0.186416,0.973072,-0.042456,0.84,-4.9,-0.49,-81
1787064243828,80176,Knee,sit,-0.193736,0.973072,-0.037088,0.91,-4.83,-0.28,-81
1787064243828,80193,Knee,sit,-0.18788,0.973072,-0.035136,0.98,-4.83,-0.42,-81
1787064243828,80210,Knee,sit,-0.186416,0.972584,-0.033672,1.12,-4.27,-0.77,-81
1787064243828,80227,Knee,sit,-0.186904,0.972096,-0.032208,1.47,-3.92,-0.91,-81
1787064243828,80258,Knee,sit,-0.190808,0.974048,-0.037576,2.17,-3.43,-1.12,-81
1787064243828,80275,Knee,sit,-0.191296,0.974048,-0.039528,2.17,-3.5,-1.12,-81
1787064243828,80291,Knee,sit,-0.189832,0.972584,-0.043432,2.24,-3.57,-1.19,-81
1787064243828,80308,Knee,sit,-0.19276,0.972584,-0.049288,2.31,-3.36,-1.26,-81
1787064243828,80325,Knee,sit,-0.198128,0.972096,-0.057096,2.31,-3.29,-1.26,-81
1787064244186,80501,Knee,sit,-0.187392,0.972584,-0.038552,1.54,-4.06,-0.63,-81
1787064244186,80533,Knee,sit,-0.190808,0.974048,-0.042456,2.03,-3.64,-0.91,-81
1787064244186,80550,Knee,sit,-0.191296,0.97356,-0.043432,2.17,-3.5,-1.05,-81
1787064244186,80567,Knee,sit,-0.195688,0.972096,-0.050752,2.17,-3.5,-1.05,-81
1787064244186,80584,Knee,sit,-0.199104,0.97356,-0.054168,2.17,-3.71,-0.91,-81
1787064244186,80615,Knee,sit,-0.20008,0.972096,-0.05612,1.89,-3.99,-0.84,-81
1787064244186,80632,Knee,sit,-0.198128,0.972096,-0.055144,1.82,-4.06,-0.84,-81
1787064244186,80649,Knee,sit,-0.196664,0.97112,-0.055632,1.68,-3.92,-0.84,-81
1787064244186,80666,Knee,sit,-0.1952,0.972584,-0.052704,1.75,-3.99,-0.84,-81
1787064244186,80683,Knee,sit,-0.1952,0.972584,-0.050264,1.61,-3.99,-0.7,-81
1787064244555,80858,Knee,sit,-0.19764,0.972584,-0.05124,1.96,-3.71,-0.98,-73
1787064244555,80890,Knee,sit,-0.197152,0.971608,-0.05124,1.96,-3.71,-0.91,-73
1787064244555,80907,Knee,sit,-0.196664,0.972096,-0.054168,1.96,-3.78,-0.84,-73
1787064244555,80924,Knee,sit,-0.196664,0.972096,-0.054168,1.89,-3.85,-0.84,-73
1787064244555,80941,Knee,sit,-0.196664,0.972096,-0.054656,1.82,-3.85,-0.91,-73
1787064244555,80971,Knee,sit,-0.196664,0.971608,-0.053192,1.75,-3.92,-0.84,-73
1787064244555,80987,Knee,sit,-0.196664,0.972584,-0.052216,1.82,-3.85,-0.84,-73
1787064244555,81004,Knee,sit,-0.196176,0.972096,-0.052216,1.75,-3.92,-0.77,-73
1787064244555,81021,Knee,sit,-0.194224,0.971608,-0.051728,1.75,-3.92,-0.84,-73
1787064244555,81052,Knee,sit,-0.196176,0.972096,-0.050752,1.89,-3.85,-0.84,-73
1787064244914,81228,Knee,sit,-0.199104,0.969168,-0.055144,1.82,-3.85,-0.84,-76
1787064244914,81259,Knee,sit,-0.198128,0.971608,-0.05368,1.68,-3.92,-0.77,-76
1787064244914,81276,Knee,sit,-0.196664,0.971608,-0.054656,1.68,-3.99,-0.77,-76
1787064244914,81293,Knee,sit,-0.196176,0.971608,-0.05612,1.68,-3.99,-0.77,-76
1787064244914,81310,Knee,sit,-0.196664,0.97112,-0.053192,1.82,-3.99,-0.77,-76
1787064244914,81341,Knee,sit,-0.196176,0.97112,-0.052216,1.75,-3.99,-0.84,-76
1787064244914,81358,Knee,sit,-0.194712,0.97112,-0.054168,1.68,-3.92,-0.84,-76
1787064244914,81376,Knee,sit,-0.197152,0.970632,-0.054656,1.75,-3.85,-0.77,-76
1787064244914,81393,Knee,sit,-0.199104,0.972584,-0.054656,1.82,-3.92,-0.77,-76
1787064244914,81410,Knee,sit,-0.20008,0.973072,-0.054168,1.75,-4.06,-0.7,-76
1787064245276,81586,Knee,sit,-0.19764,0.972096,-0.053192,1.33,-4.13,-0.7,-76
1787064245276,81616,Knee,sit,-0.196176,0.970632,-0.05124,1.47,-4.13,-0.63,-76
1787064245276,81633,Knee,sit,-0.195688,0.971608,-0.050264,1.61,-3.99,-0.77,-76
1787064245276,81651,Knee,sit,-0.195688,0.972096,-0.0488,1.61,-4.06,-0.63,-76
1787064245276,81667,Knee,sit,-0.196176,0.972096,-0.05124,1.68,-4.06,-0.77,-76
1787064245276,81698,Knee,sit,-0.196664,0.97112,-0.055144,1.75,-4.06,-0.77,-76
1787064245276,81715,Knee,sit,-0.197152,0.972096,-0.056608,1.68,-4.06,-0.77,-76
1787064245276,81732,Knee,sit,-0.197152,0.972096,-0.05612,1.68,-4.06,-0.77,-76
1787064245276,81749,Knee,sit,-0.197152,0.971608,-0.05612,1.68,-4.06,-0.77,-76
1787064245276,81766,Knee,sit,-0.196176,0.97112,-0.05612,1.61,-4.06,-0.77,-76
1787064245628,81942,Knee,sit,-0.197152,0.971608,-0.054168,1.61,-3.99,-0.7,-76
1787064245628,81973,Knee,sit,-0.197152,0.971608,-0.055632,1.61,-3.99,-0.77,-76
1787064245628,81990,Knee,sit,-0.19764,0.972096,-0.055144,1.68,-3.92,-0.7,-76
1787064245628,82007,Knee,sit,-0.198128,0.972584,-0.054656,1.68,-4.06,-0.7,-76
1787064245628,82024,Knee,sit,-0.197152,0.972096,-0.055144,1.61,-4.06,-0.77,-76
1787064245628,82055,Knee,sit,-0.196664,0.970632,-0.055144,1.61,-4.13,-0.7,-76
1787064245628,82072,Knee,sit,-0.196176,0.972096,-0.055632,1.61,-4.06,-0.7,-76
1787064245628,82089,Knee,sit,-0.196664,0.971608,-0.05612,1.54,-4.06,-0.7,-76
1787064245628,82106,Knee,sit,-0.197152,0.971608,-0.054656,1.61,-4.06,-0.7,-76
1787064245628,82123,Knee,sit,-0.196176,0.972096,-0.054656,1.54,-4.06,-0.7,-76
1787064245984,82299,Knee,sit,-0.198128,0.971608,-0.058072,1.54,-4.06,-0.7,-76
1787064245984,82329,Knee,sit,-0.19764,0.971608,-0.055144,1.61,-3.99,-0.63,-76
1787064245984,82347,Knee,sit,-0.19764,0.971608,-0.054168,1.54,-3.99,-0.63,-76
1787064245984,82363,Knee,sit,-0.197152,0.971608,-0.05368,1.47,-4.13,-0.7,-76
1787064245984,82380,Knee,sit,-0.19764,0.971608,-0.05368,1.47,-4.13,-0.7,-76
1787064245984,82411,Knee,sit,-0.197152,0.972096,-0.05368,1.68,-4.06,-0.77,-76
1787064245984,82428,Knee,sit,-0.196664,0.971608,-0.051728,1.54,-3.99,-0.77,-76
1787064245984,82445,Knee,sit,-0.197152,0.972584,-0.055144,1.61,-4.06,-0.77,-76
1787064245984,82462,Knee,sit,-0.198616,0.97112,-0.055632,1.61,-4.13,-0.7,-76
1787064245984,82479,Knee,sit,-0.198128,0.972096,-0.056608,1.54,-4.13,-0.7,-76
1787064246345,82655,Knee,sit,-0.198616,0.971608,-0.054168,1.47,-4.06,-0.7,-74
1787064246345,82686,Knee,sit,-0.196176,0.971608,-0.055144,1.54,-4.2,-0.63,-74
1787064246345,82703,Knee,sit,-0.197152,0.972584,-0.055632,1.61,-4.13,-0.63,-74
1787064246345,82720,Knee,sit,-0.196176,0.97112,-0.05612,1.61,-4.13,-0.7,-74
1787064246345,82737,Knee,sit,-0.197152,0.971608,-0.055144,1.54,-3.99,-0.7,-74
1787064246345,82768,Knee,sit,-0.199592,0.971608,-0.054656,1.61,-4.06,-0.7,-74
1787064246345,82785,Knee,sit,-0.197152,0.972096,-0.055144,1.54,-4.13,-0.7,-74
1787064246345,82802,Knee,sit,-0.19764,0.972096,-0.055632,1.54,-4.2,-0.77,-74
1787064246345,82819,Knee,sit,-0.196176,0.971608,-0.055632,1.61,-4.13,-0.7,-74
1787064246345,82836,Knee,sit,-0.195688,0.970632,-0.054656,1.68,-3.99,-0.7,-74
1787064246704,83012,Knee,sit,-0.197152,0.972584,-0.057096,1.61,-4.13,-0.7,-74
1787064246704,83043,Knee,sit,-0.194712,0.970144,-0.055144,1.54,-4.13,-0.63,-74
1787064246704,83060,Knee,sit,-0.197152,0.97112,-0.056608,1.54,-4.06,-0.63,-74
1787064246704,83077,Knee,sit,-0.198616,0.972096,-0.057584,1.54,-4.06,-0.56,-74
1787064246704,83094,Knee,sit,-0.199104,0.97112,-0.057584,1.47,-4.06,-0.7,-74
1787064246704,83125,Knee,sit,-0.19764,0.972096,-0.054168,1.4,-4.13,-0.77,-74
1787064246704,83142,Knee,sit,-0.19764,0.971608,-0.05368,1.47,-4.13,-0.77,-74
1787064246704,83159,Knee,sit,-0.196664,0.97112,-0.052216,1.54,-4.06,-0.77,-74
1787064246704,83176,Knee,sit,-0.195688,0.97112,-0.052704,1.61,-3.99,-0.7,-74
1787064246704,83193,Knee,sit,-0.196176,0.972584,-0.051728,1.68,-3.99,-0.77,-74
1787064247064,83369,Knee,sit,-0.196176,0.97112,-0.055144,1.54,-4.13,-0.7,-74
1787064247064,83400,Knee,sit,-0.196664,0.972096,-0.057096,1.61,-4.06,-0.7,-74
1787064247064,83417,Knee,sit,-0.19764,0.971608,-0.05612,1.61,-4.06,-0.77,-74
1787064247064,83434,Knee,sit,-0.198128,0.971608,-0.055632,1.61,-4.06,-0.7,-74
1787064247064,83451,Knee,sit,-0.198616,0.972096,-0.054168,1.61,-4.06,-0.77,-74
1787064247064,83482,Knee,sit,-0.19764,0.970632,-0.054656,1.61,-4.06,-0.77,-74
1787064247064,83499,Knee,sit,-0.198128,0.972096,-0.05368,1.61,-4.06,-0.7,-74
1787064247064,83516,Knee,sit,-0.198128,0.972584,-0.055632,1.61,-4.06,-0.7,-74
1787064247064,83533,Knee,sit,-0.198128,0.971608,-0.055632,1.61,-4.13,-0.7,-74
1787064247064,83550,Knee,sit,-0.196664,0.970632,-0.057096,1.61,-4.13,-0.7,-74
1787064247412,83724,Knee,sit,-0.197152,0.97112,-0.05612,1.54,-4.06,-0.63,-77
1787064247412,83755,Knee,sit,-0.198128,0.97112,-0.058072,1.75,-4.13,-0.7,-77
1787064247412,83772,Knee,sit,-0.198128,0.97112,-0.057584,1.61,-4.06,-0.63,-77
1787064247412,83789,Knee,sit,-0.19764,0.971608,-0.058072,1.61,-4.06,-0.7,-77
1787064247412,83806,Knee,sit,-0.198128,0.97112,-0.056608,1.47,-4.06,-0.7,-77
1787064247412,83837,Knee,sit,-0.199104,0.971608,-0.056608,1.47,-4.13,-0.7,-77
1787064247412,83854,Knee,sit,-0.198616,0.971608,-0.055144,1.54,-4.13,-0.63,-77
1787064247412,83871,Knee,sit,-0.19764,0.972096,-0.054168,1.47,-4.13,-0.7,-77
1787064247412,83888,Knee,sit,-0.196664,0.972096,-0.054168,1.47,-4.13,-0.77,-77
1787064247412,83905,Knee,sit,-0.197152,0.972096,-0.053192,1.54,-4.06,-0.77,-77
1787064247773,84081,Knee,sit,-0.196664,0.971608,-0.053192,1.54,-4.06,-0.7,-77
1787064247773,84112,Knee,sit,-0.197152,0.972584,-0.055144,1.61,-4.13,-0.7,-77
1787064247773,84129,Knee,sit,-0.196664,0.97112,-0.054168,1.61,-4.13,-0.63,-77
1787064247773,84146,Knee,sit,-0.198128,0.972096,-0.05368,1.61,-4.13,-0.7,-77
1787064247773,84163,Knee,sit,-0.198128,0.971608,-0.053192,1.61,-4.06,-0.77,-77
1787064247773,84194,Knee,sit,-0.198128,0.97112,-0.054168,1.68,-3.99,-0.77,-77
1787064247773,84210,Knee,sit,-0.19764,0.971608,-0.053192,1.75,-4.06,-0.77,-77
1787064247773,84227,Knee,sit,-0.197152,0.972096,-0.054656,1.68,-4.06,-0.84,-77
1787064247773,84244,Knee,sit,-0.196664,0.972096,-0.054656,1.68,-4.06,-0.7,-77
1787064247773,84261,Knee,sit,-0.197152,0.971608,-0.055144,1.68,-4.06,-0.77,-77
1787064248130,84437,Knee,sit,-0.199104,0.972584,-0.055632,1.61,-4.06,-0.49,-77
1787064248130,84468,Knee,sit,-0.199104,0.972096,-0.054168,1.54,-4.2,-0.63,-77
1787064248130,84485,Knee,sit,-0.198128,0.972584,-0.057584,1.61,-4.13,-0.63,-77
1787064248130,84502,Knee,sit,-0.197152,0.971608,-0.057096,1.54,-4.13,-0.63,-77
1787064248130,84519,Knee,sit,-0.195688,0.97112,-0.05612,1.54,-4.13,-0.7,-77
1787064248130,84550,Knee,sit,-0.197152,0.971608,-0.056608,1.47,-4.06,-0.7,-77
1787064248130,84567,Knee,sit,-0.197152,0.970144,-0.056608,1.47,-4.06,-0.77,-77
1787064248130,84584,Knee,sit,-0.198128,0.970144,-0.05612,1.54,-4.06,-0.7,-77
1787064248130,84601,Knee,sit,-0.200568,0.971608,-0.055144,1.61,-4.13,-0.7,-77
1787064248130,84618,Knee,sit,-0.19764,0.972584,-0.054168,1.4,-4.13,-0.63,-77
1787064248486,84794,Knee,sit,-0.197152,0.970632,-0.057096,1.61,-3.99,-0.63,-77
1787064248486,84825,Knee,sit,-0.197152,0.971608,-0.054168,1.68,-4.06,-0.7,-77
1787064248486,84842,Knee,sit,-0.197152,0.971608,-0.055144,1.61,-4.06,-0.7,-77
1787064248486,84859,Knee,sit,-0.198128,0.971608,-0.054168,1.54,-4.13,-0.7,-77
1787064248486,84876,Knee,sit,-0.19764,0.972096,-0.055144,1.61,-4.13,-0.7,-77
1787064248486,84907,Knee,sit,-0.19764,0.97112,-0.05612,1.61,-3.99,-0.77,-77
1787064248486,84924,Knee,sit,-0.197152,0.970632,-0.055144,1.68,-4.06,-0.7,-77
1787064248486,84941,Knee,sit,-0.198616,0.970632,-0.054656,1.68,-3.99,-0.77,-77
1787064248486,84958,Knee,sit,-0.198128,0.97112,-0.054656,1.82,-3.99,-0.7,-77
1787064248486,84975,Knee,sit,-0.197152,0.971608,-0.055144,1.68,-4.06,-0.77,-77
1787064248838,85150,Knee,sit,-0.197152,0.970144,-0.054168,1.19,-4.06,-0.49,-74
1787064248838,85181,Knee,sit,-0.19764,0.973072,-0.049288,1.4,-4.06,-0.63,-74
1787064248838,85198,Knee,sit,-0.199592,0.973072,-0.049776,1.47,-3.99,-0.56,-74
1787064248838,85215,Knee,sit,-0.19764,0.972584,-0.047824,1.54,-4.13,-0.7,-74
1787064248838,85232,Knee,sit,-0.195688,0.972584,-0.0488,1.68,-3.99,-0.77,-74
1787064248838,85263,Knee,sit,-0.1952,0.971608,-0.052216,2.03,-3.85,-0.84,-74
1787064248838,85280,Knee,sit,-0.196664,0.97112,-0.055144,2.17,-3.71,-0.84,-74
1787064248838,85297,Knee,sit,-0.20008,0.972096,-0.057584,2.03,-3.71,-0.84,-74
1787064248838,85314,Knee,sit,-0.201544,0.970632,-0.057584,1.96,-3.92,-0.84,-74
1787064248838,85331,Knee,sit,-0.201056,0.971608,-0.059048,1.89,-3.92,-0.77,-74
1787064249249,85558,Knee,sit,-0.197152,0.970144,-0.059536,1.4,-3.99,-0.7,-74
1787064249249,85589,Knee,sit,-0.199104,0.972096,-0.055144,1.4,-3.99,-0.63,-74
1787064249249,85606,Knee,sit,-0.198128,0.97112,-0.055144,1.33,-4.13,-0.56,-74
1787064249249,85623,Knee,sit,-0.199592,0.97112,-0.055144,1.26,-4.2,-0.63,-74
1787064249249,85640,Knee,sit,-0.20008,0.972096,-0.05368,1.26,-4.2,-0.63,-74
1787064249249,85671,Knee,sit,-0.199592,0.972584,-0.053192,1.47,-4.06,-0.7,-74
1787064249249,85688,Knee,sit,-0.200568,0.973072,-0.053192,1.54,-4.13,-0.63,-74
1787064249249,85705,Knee,sit,-0.199104,0.970144,-0.05368,1.47,-4.2,-0.63,-74
1787064249249,85722,Knee,sit,-0.197152,0.972584,-0.053192,1.54,-4.2,-0.7,-74
1787064249249,85739,Knee,sit,-0.196664,0.973072,-0.053192,1.68,-4.13,-0.7,-74
1787064249604,85914,Knee,sit,-0.19764,0.970144,-0.057096,1.68,-4.06,-0.63,-74
1787064249604,85945,Knee,sit,-0.201056,0.973072,-0.055632,1.4,-4.2,-0.56,-74
1787064249604,85961,Knee,sit,-0.19764,0.969656,-0.056608,1.47,-4.34,-0.63,-74
1787064249604,85979,Knee,sit,-0.19764,0.97112,-0.05612,1.54,-4.2,-0.63,-74
1787064249604,85996,Knee,sit,-0.19764,0.971608,-0.055632,1.61,-4.2,-0.7,-74
1787064249604,86027,Knee,sit,-0.196176,0.97112,-0.054656,1.54,-4.06,-0.7,-74
1787064249604,86044,Knee,sit,-0.198128,0.971608,-0.05612,1.47,-4.06,-0.63,-74
1787064249604,86061,Knee,sit,-0.199592,0.971608,-0.055144,1.47,-4.06,-0.7,-74
1787064249604,86078,Knee,sit,-0.199104,0.971608,-0.057096,1.61,-4.06,-0.7,-74
1787064249604,86095,Knee,sit,-0.199104,0.971608,-0.056608,1.61,-3.99,-0.7,-74
1787064249962,86269,Knee,sit,-0.197152,0.96868,-0.064904,2.1,-3.92,-1.05,-74
1787064249962,86300,Knee,sit,-0.19764,0.970144,-0.06588,2.03,-3.92,-0.98,-74
1787064249962,86317,Knee,sit,-0.197152,0.969656,-0.063928,1.89,-3.99,-0.98,-74
1787064249962,86334,Knee,sit,-0.19764,0.971608,-0.063928,1.68,-3.78,-0.91,-74
1787064249962,86351,Knee,sit,-0.198128,0.973072,-0.068808,1.12,-3.85,-0.56,-74
1787064249962,86382,Knee,sit,-0.203984,0.967704,-0.070272,0.7,-4.69,-0.14,-74
1787064249962,86399,Knee,sit,-0.19764,0.96868,-0.060024,0.84,-4.62,-0.35,-74
1787064249962,86416,Knee,sit,-0.194712,0.970144,-0.052216,1.12,-4.13,-0.84,-74
1787064249962,86433,Knee,sit,-0.193248,0.97112,-0.042456,1.54,-3.85,-1.05,-74
1787064249962,86450,Knee,sit,-0.196664,0.974048,-0.037088,1.89,-3.57,-1.19,-74
1787064250320,86626,Knee,sit,-0.197152,0.972096,-0.055632,1.26,-4.55,-0.42,-73
1787064250320,86657,Knee,sit,-0.19276,0.970144,-0.055144,1.4,-4.27,-0.63,-73
1787064250320,86674,Knee,sit,-0.1952,0.97112,-0.054168,1.61,-4.06,-0.63,-73
1787064250320,86691,Knee,sit,-0.195688,0.972096,-0.05368,1.82,-3.99,-0.7,-73
1787064250320,86708,Knee,sit,-0.1952,0.973072,-0.052704,1.75,-4.06,-0.84,-73
1787064250320,86739,Knee,sit,-0.199104,0.970632,-0.060512,1.61,-4.27,-0.63,-73
1787064250320,86756,Knee,sit,-0.20252,0.970632,-0.059536,1.61,-4.27,-0.63,-73
1787064250320,86773,Knee,sit,-0.200568,0.970144,-0.060512,1.68,-4.27,-0.63,-73
1787064250320,86790,Knee,sit,-0.199592,0.970632,-0.057096,1.61,-4.2,-0.77,-73
1787064250320,86806,Knee,sit,-0.20008,0.970632,-0.056608,1.68,-3.92,-0.91,-73
1787064250757,86982,Knee,sit,-0.193248,0.97112,-0.058072,1.61,-4.2,-0.7,-73
1787064250757,87013,Knee,sit,-0.198616,0.970144,-0.059536,1.82,-3.92,-0.84,-73
1787064250757,87030,Knee,sit,-0.199592,0.970632,-0.05856,1.82,-3.85,-0.84,-73
1787064250757,87047,Knee,sit,-0.20252,0.971608,-0.05856,1.75,-3.92,-0.91,-73
1787064250757,87064,Knee,sit,-0.20008,0.97112,-0.05856,1.68,-3.92,-0.84,-73
1787064250757,87095,Knee,sit,-0.197152,0.972096,-0.057096,1.61,-4.2,-0.7,-73
1787064250757,87112,Knee,sit,-0.19764,0.970632,-0.058072,1.54,-4.06,-0.7,-73
1787064250757,87129,Knee,sit,-0.20008,0.970144,-0.057096,1.61,-3.92,-0.7,-73
1787064250757,87146,Knee,sit,-0.200568,0.970632,-0.055144,1.75,-3.85,-0.77,-73
1787064250757,87163,Knee,sit,-0.200568,0.971608,-0.055632,1.82,-3.85,-0.84,-73
1787064251036,87338,Knee,sit,-0.203008,0.972096,-0.05612,1.26,-4.06,-0.35,-71
1787064251036,87369,Knee,sit,-0.20252,0.972584,-0.055632,1.12,-4.27,-0.28,-71
1787064251036,87386,Knee,sit,-0.198128,0.97112,-0.055632,1.12,-4.34,-0.35,-71
1787064251036,87403,Knee,sit,-0.193736,0.97112,-0.054656,1.26,-4.2,-0.42,-71
1787064251036,87420,Knee,sit,-0.193248,0.970144,-0.056608,1.4,-3.99,-0.49,-71
1787064251036,87451,Knee,sit,-0.197152,0.972584,-0.054168,1.61,-3.85,-0.56,-71
1787064251036,87468,Knee,sit,-0.199104,0.972096,-0.051728,1.75,-4.13,-0.56,-71
1787064251036,87484,Knee,sit,-0.199592,0.97112,-0.053192,1.68,-4.2,-0.56,-71
1787064251036,87501,Knee,sit,-0.195688,0.973072,-0.054168,1.68,-4.06,-0.56,-71
1787064251036,87518,Knee,sit,-0.196176,0.972096,-0.056608,1.82,-4.13,-0.63,-71
1787064251389,87695,Knee,sit,-0.204472,0.972096,-0.057584,1.26,-4.06,-0.63,-71
1787064251389,87726,Knee,sit,-0.199592,0.971608,-0.055632,1.4,-4.13,-0.56,-71
1787064251389,87743,Knee,sit,-0.196664,0.971608,-0.055144,1.4,-4.13,-0.49,-71
1787064251389,87760,Knee,sit,-0.19764,0.971608,-0.055632,1.47,-4.13,-0.49,-71
1787064251389,87777,Knee,sit,-0.197152,0.971608,-0.055144,1.54,-4.13,-0.56,-71
1787064251389,87808,Knee,sit,-0.194712,0.972096,-0.055632,1.61,-4.13,-0.7,-71
1787064251389,87825,Knee,sit,-0.193248,0.972096,-0.057584,1.61,-4.06,-0.77,-71
1787064251389,87842,Knee,sit,-0.1952,0.970632,-0.05856,1.75,-4.06,-0.77,-71
1787064251389,87859,Knee,sit,-0.196664,0.97112,-0.05856,1.82,-4.13,-0.77,-71
1787064251389,87876,Knee,sit,-0.195688,0.972096,-0.057584,1.82,-4.2,-0.91,-71
1787064251746,88051,Knee,sit,-0.200568,0.97112,-0.05856,1.4,-4.27,-0.77,-71
1787064251746,88082,Knee,sit,-0.198128,0.970144,-0.055144,1.54,-4.34,-0.7,-71
1787064251746,88099,Knee,sit,-0.198128,0.97112,-0.053192,1.68,-4.2,-0.77,-71
1787064251746,88116,Knee,sit,-0.19764,0.972096,-0.053192,1.75,-4.2,-0.84,-71
1787064251746,88133,Knee,sit,-0.197152,0.971608,-0.055144,1.68,-4.27,-0.84,-71
1787064251746,88163,Knee,sit,-0.194224,0.970632,-0.059048,1.61,-4.2,-0.91,-71
1787064251746,88180,Knee,sit,-0.193736,0.969656,-0.060024,1.75,-4.06,-0.91,-71
1787064251746,88197,Knee,sit,-0.1952,0.970632,-0.05856,1.89,-3.92,-0.91,-71
1787064251746,88214,Knee,sit,-0.199104,0.970632,-0.059536,1.89,-3.78,-0.98,-71
1787064251746,88231,Knee,sit,-0.200568,0.972096,-0.060512,1.75,-3.99,-0.91,-71
1787064252102,88407,Knee,sit,-0.205448,0.972096,-0.057096,1.61,-3.71,-0.77,-71
1787064252102,88438,Knee,sit,-0.210328,0.972096,-0.060512,1.19,-4.27,-0.42,-71
1787064252102,88455,Knee,sit,-0.2074,0.973072,-0.061,0.84,-4.41,-0.35,-71
1787064252102,88472,Knee,sit,-0.202032,0.970632,-0.059048,0.91,-4.41,-0.28,-71
1787064252102,88489,Knee,sit,-0.201056,0.97112,-0.057584,1.19,-4.27,-0.42,-71
1787064252102,88520,Knee,sit,-0.197152,0.971608,-0.051728,1.4,-4.2,-0.56,-71
1787064252102,88537,Knee,sit,-0.193248,0.971608,-0.049776,1.4,-4.2,-0.7,-71
1787064252102,88554,Knee,sit,-0.190808,0.97112,-0.047336,1.61,-4.27,-0.77,-71
1787064252102,88571,Knee,sit,-0.189344,0.972096,-0.0488,1.96,-4.13,-0.91,-71
1787064252102,88588,Knee,sit,-0.19032,0.969656,-0.050264,2.17,-4.06,-0.91,-71
1787064252458,88763,Knee,sit,-0.198616,0.970632,-0.062952,0.91,-4.27,-0.42,-73
1787064252458,88793,Knee,sit,-0.192272,0.970144,-0.054656,0.91,-4.13,-0.42,-73
1787064252458,88810,Knee,sit,-0.193736,0.970632,-0.050264,1.12,-3.99,-0.49,-73
1787064252458,88827,Knee,sit,-0.19764,0.972096,-0.04636,1.4,-3.85,-0.49,-73
1787064252458,88844,Knee,sit,-0.199592,0.973072,-0.045872,1.54,-3.99,-0.63,-73
1787064252458,88875,Knee,sit,-0.201056,0.972584,-0.050752,1.75,-3.99,-0.77,-73
1787064252458,88892,Knee,sit,-0.200568,0.971608,-0.054168,2.03,-3.92,-0.91,-73
1787064252458,88909,Knee,sit,-0.201056,0.970632,-0.05612,2.1,-3.92,-0.84,-73
1787064252458,88926,Knee,sit,-0.201544,0.97112,-0.057096,2.1,-3.99,-0.84,-73
1787064252458,88943,Knee,sit,-0.198128,0.972096,-0.062464,2.03,-4.13,-0.77,-73
1787064252818,89119,Knee,sit,-0.204472,0.97356,-0.044408,1.61,-3.85,-0.77,-73
1787064252818,89150,Knee,sit,-0.203496,0.974536,-0.04392,1.82,-4.06,-0.84,-73
1787064252818,89167,Knee,sit,-0.201544,0.972584,-0.049288,1.82,-4.27,-0.84,-73
1787064252818,89184,Knee,sit,-0.201056,0.972096,-0.052216,1.96,-4.41,-0.84,-73
1787064252818,89201,Knee,sit,-0.193736,0.97112,-0.057096,2.03,-4.27,-0.84,-73
1787064252818,89232,Knee,sit,-0.196176,0.969168,-0.063928,2.17,-3.57,-1.05,-73
1787064252818,89249,Knee,sit,-0.194224,0.969168,-0.063928,2.17,-3.5,-1.19,-73
1787064252818,89266,Knee,sit,-0.19276,0.97112,-0.059536,2.31,-3.22,-1.33,-73
1787064252818,89283,Knee,sit,-0.194224,0.971608,-0.052704,2.38,-3.22,-1.33,-73
1787064252818,89300,Knee,sit,-0.19032,0.971608,-0.050752,2.52,-3.22,-1.54,-73
1787064253175,89476,Knee,sit,-0.198616,0.96624,-0.049288,6.86,0.98,-3.15,-73
1787064253175,89506,Knee,sit,-0.198128,0.972584,-0.055632,7.84,2.38,-3.78,-73
1787064253175,89524,Knee,sit,-0.196176,0.967704,-0.055144,7.98,3.22,-3.99,-73
1787064253175,89541,Knee,sit,-0.20008,0.97356,-0.067344,8.33,3.36,-4.13,-73
1787064253175,89558,Knee,sit,-0.195688,0.964776,-0.067832,8.33,3.29,-3.99,-73
1787064253175,89589,Knee,sit,-0.194224,0.96624,-0.07564,8.68,3.85,-4.41,-73
1787064253175,89606,Knee,sit,-0.198128,0.96624,-0.080032,9.8,4.69,-4.76,-73
1787064253175,89623,Knee,sit,-0.20252,0.963312,-0.082472,9.45,5.32,-4.9,-73
1787064253175,89639,Knee,sit,-0.2074,0.968192,-0.091256,10.15,5.18,-4.97,-73
1787064253175,89656,Knee,sit,-0.208864,0.970144,-0.098088,9.52,5.04,-4.76,-73
1787064253530,89831,Knee,sit,-0.225456,0.959408,-0.144936,8.82,3.71,-4.2,-74
1787064253530,89862,Knee,sit,-0.230824,0.955992,-0.152744,8.19,3.5,-3.85,-74
1787064253530,89879,Knee,sit,-0.232776,0.95892,-0.155184,8.19,3.08,-3.85,-74
1787064253530,89896,Knee,sit,-0.22936,0.953064,-0.15616,7.21,2.31,-3.57,-74
1787064253530,89913,Knee,sit,-0.232288,0.950624,-0.159088,7.28,2.03,-3.43,-74
1787064253530,89944,Knee,sit,-0.230336,0.952576,-0.157624,6.44,1.61,-3.08,-74
1787064253530,89961,Knee,sit,-0.231312,0.955992,-0.164944,6.02,0.7,-2.87,-74
1787064253530,89978,Knee,sit,-0.232776,0.95648,-0.162992,6.02,0.49,-2.73,-74
1787064253530,89995,Knee,sit,-0.230336,0.954528,-0.164944,5.39,0.21,-2.66,-74
1787064253530,90012,Knee,sit,-0.236192,0.953064,-0.1708,5.18,-0.28,-2.45,-74
1787064253886,90187,Knee,sit,-0.235216,0.954528,-0.158112,-0.63,-6.65,0.84,-76
1787064253886,90217,Knee,sit,-0.225944,0.953552,-0.149328,-0.77,-7,1.05,-76
1787064253886,90234,Knee,sit,-0.22448,0.955504,-0.145912,-0.77,-6.79,0.98,-76
1787064253886,90251,Knee,sit,-0.222528,0.955504,-0.14396,-0.7,-6.65,1.05,-76
1787064253886,90268,Knee,sit,-0.222528,0.956968,-0.144448,-0.7,-6.65,1.05,-76
1787064253886,90299,Knee,sit,-0.226432,0.95892,-0.145424,-0.98,-7.35,1.05,-76
1787064253886,90316,Knee,sit,-0.225944,0.958432,-0.152744,-1.12,-7.49,1.05,-76
1787064253886,90333,Knee,sit,-0.229848,0.954528,-0.164456,-1.61,-8.05,1.4,-76
1787064253886,90350,Knee,sit,-0.2318,0.952088,-0.168848,-2.03,-8.54,1.68,-76
1787064253886,90367,Knee,sit,-0.231312,0.953064,-0.167872,-2.31,-9.03,1.89,-76
1787064254244,90543,Knee,sit,-0.216184,0.96136,-0.13176,-8.12,-13.93,4.13,-76
1787064254244,90574,Knee,sit,-0.21228,0.965752,-0.106872,-8.89,-15.68,4.41,-76
1787064254244,90591,Knee,sit,-0.20252,0.959896,-0.0976,-8.89,-15.26,4.62,-76
1787064254244,90608,Knee,sit,-0.201056,0.964776,-0.09028,-8.82,-15.26,4.34,-76
1787064254244,90625,Knee,sit,-0.198128,0.964776,-0.083448,-8.33,-15.47,4.13,-76
1787064254244,90656,Knee,sit,-0.19032,0.9638,-0.073688,-7.77,-14.49,3.64,-76
1787064254244,90673,Knee,sit,-0.189344,0.96624,-0.066368,-7.49,-14,3.29,-76
1787064254244,90690,Knee,sit,-0.189832,0.97112,-0.062952,-6.93,-13.65,2.94,-76
1787064254244,90707,Knee,sit,-0.191784,0.966728,-0.060512,-6.3,-13.09,2.87,-76
1787064254244,90724,Knee,sit,-0.188368,0.972096,-0.057096,-6.37,-13.09,2.8,-76
1787064254599,90900,Knee,sit,-0.186904,0.97112,-0.025376,-0.98,-7.07,0.35,-76
1787064254599,90931,Knee,sit,-0.186904,0.97356,-0.022448,0.07,-5.95,-0.14,-76
1787064254599,90948,Knee,sit,-0.18544,0.972584,-0.022448,0.56,-5.11,-0.35,-76
1787064254599,90965,Knee,sit,-0.18544,0.973072,-0.022448,1.47,-4.27,-0.7,-76
1787064254599,90982,Knee,sit,-0.186904,0.974048,-0.025864,2.1,-3.64,-1.05,-76
1787064254599,91013,Knee,sit,-0.191784,0.974536,-0.0366,2.73,-3.15,-1.47,-76
1787064254599,91030,Knee,sit,-0.193736,0.972584,-0.045872,2.87,-3.08,-1.61,-76
1787064254599,91047,Knee,sit,-0.195688,0.970632,-0.057584,3.01,-3.01,-1.61,-76
1787064254599,91064,Knee,sit,-0.19764,0.970144,-0.061488,3.08,-3.01,-1.61,-76
1787064254599,91081,Knee,sit,-0.201056,0.969168,-0.069296,3.01,-3.01,-1.61,-76
1787064254957,91257,Knee,sit,-0.195688,0.972584,-0.045384,0.98,-4.55,-0.28,-76
1787064254957,91288,Knee,sit,-0.191296,0.973072,-0.043432,1.26,-4.27,-0.49,-76
1787064254957,91305,Knee,sit,-0.19032,0.972096,-0.044408,1.68,-4.13,-0.63,-76
1787064254957,91322,Knee,sit,-0.192272,0.972096,-0.0488,1.89,-3.92,-0.77,-76
1787064254957,91339,Knee,sit,-0.19276,0.972096,-0.051728,1.96,-3.71,-0.98,-76
1787064254957,91370,Knee,sit,-0.200568,0.970632,-0.061,2.03,-3.71,-0.98,-76
1787064254957,91387,Knee,sit,-0.201056,0.970144,-0.063928,2.03,-3.85,-0.98,-76
1787064254957,91404,Knee,sit,-0.200568,0.970144,-0.063928,1.96,-3.85,-0.91,-76
1787064254957,91420,Knee,sit,-0.203496,0.969656,-0.064904,1.82,-3.92,-0.84,-76
1787064254957,91437,Knee,sit,-0.20496,0.970632,-0.064416,1.68,-4.06,-0.77,-76
1787064255313,91612,Knee,sit,-0.199104,0.97112,-0.055632,1.75,-3.99,-0.77,-73
1787064255313,91643,Knee,sit,-0.20008,0.970632,-0.060024,1.68,-3.99,-0.77,-73
1787064255313,91660,Knee,sit,-0.199104,0.969656,-0.059536,1.75,-3.99,-0.77,-73
1787064255313,91677,Knee,sit,-0.200568,0.970632,-0.059536,1.68,-3.99,-0.7,-73
1787064255313,91694,Knee,sit,-0.20252,0.969656,-0.061,1.68,-4.06,-0.7,-73
1787064255313,91725,Knee,sit,-0.202032,0.971608,-0.059536,1.54,-4.2,-0.7,-73
1787064255313,91742,Knee,sit,-0.199592,0.97112,-0.059048,1.47,-4.27,-0.7,-73
1787064255313,91759,Knee,sit,-0.199104,0.970144,-0.057584,1.47,-4.13,-0.7,-73
1787064255313,91776,Knee,sit,-0.199104,0.97112,-0.055632,1.61,-4.13,-0.7,-73
1787064255313,91793,Knee,sit,-0.199104,0.972096,-0.054656,1.61,-4.06,-0.7,-73
1787064255667,91967,Knee,sit,-0.200568,0.971608,-0.060024,1.47,-4.13,-0.63,-73
1787064255667,91999,Knee,sit,-0.199104,0.97112,-0.058072,1.47,-4.2,-0.63,-73
1787064255667,92016,Knee,sit,-0.198128,0.97112,-0.05856,1.4,-4.2,-0.63,-73
1787064255667,92033,Knee,sit,-0.198128,0.971608,-0.05856,1.47,-4.2,-0.63,-73
1787064255667,92050,Knee,sit,-0.198128,0.97112,-0.057584,1.47,-4.13,-0.7,-73
1787064255667,92081,Knee,sit,-0.198128,0.970632,-0.05612,1.47,-4.06,-0.7,-73
1787064255667,92098,Knee,sit,-0.201056,0.970632,-0.057584,1.54,-3.99,-0.7,-73
1787064255667,92114,Knee,sit,-0.201056,0.97112,-0.056608,1.61,-4.06,-0.7,-73
1787064255667,92132,Knee,sit,-0.200568,0.970144,-0.05612,1.61,-4.06,-0.7,-73
1787064255667,92148,Knee,sit,-0.199104,0.971608,-0.056608,1.54,-3.99,-0.7,-73
1787064256169,92323,Knee,sit,-0.198128,0.971608,-0.058072,1.68,-4.06,-0.7,-73
1787064256169,92354,Knee,sit,-0.201056,0.97112,-0.05856,1.68,-4.13,-0.77,-73
1787064256169,92371,Knee,sit,-0.199592,0.970632,-0.058072,1.61,-3.99,-0.7,-73
1787064256169,92388,Knee,sit,-0.199592,0.970632,-0.059536,1.61,-4.06,-0.77,-73
1787064256169,92405,Knee,sit,-0.199592,0.97112,-0.059048,1.61,-3.99,-0.77,-73
1787064256169,92436,Knee,sit,-0.20008,0.970632,-0.05856,1.54,-4.06,-0.77,-73
1787064256169,92453,Knee,sit,-0.20008,0.970632,-0.05856,1.54,-4.13,-0.7,-73
1787064256169,92470,Knee,sit,-0.201056,0.97112,-0.058072,1.54,-4.13,-0.7,-73
1787064256169,92487,Knee,sit,-0.200568,0.972584,-0.057584,1.54,-4.13,-0.7,-73
1787064256169,92504,Knee,sit,-0.199592,0.97112,-0.057096,1.54,-4.13,-0.7,-73
1787064256473,92678,Knee,sit,-0.195688,0.970632,-0.057096,1.61,-3.92,-0.84,-76
1787064256473,92709,Knee,sit,-0.19764,0.971608,-0.05612,1.68,-3.85,-0.7,-76
1787064256473,92726,Knee,sit,-0.202032,0.972584,-0.057096,1.68,-3.85,-0.63,-76
1787064256473,92743,Knee,sit,-0.204472,0.972096,-0.058072,1.54,-4.13,-0.63,-76
1787064256473,92760,Knee,sit,-0.202032,0.970632,-0.059536,1.54,-4.2,-0.7,-76
1787064256473,92790,Knee,sit,-0.199592,0.970144,-0.060512,1.54,-4.13,-0.7,-76
1787064256473,92806,Knee,sit,-0.196664,0.970632,-0.05856,1.61,-3.99,-0.77,-76
1787064256473,92824,Knee,sit,-0.20008,0.970144,-0.059536,1.47,-3.92,-0.63,-76
1787064256473,92841,Knee,sit,-0.200568,0.970144,-0.059048,1.47,-3.99,-0.63,-76
1787064256473,92858,Knee,sit,-0.20008,0.969656,-0.059048,1.47,-3.99,-0.56,-76
1787064256819,93034,Knee,sit,-0.194712,0.972096,-0.055632,2.03,-3.92,-0.91,-75
1787064256819,93065,Knee,sit,-0.198128,0.970632,-0.057584,2.03,-3.85,-0.91,-75
1787064256819,93082,Knee,sit,-0.20252,0.970144,-0.061488,1.96,-3.85,-0.91,-75
1787064256819,93099,Knee,sit,-0.203496,0.970144,-0.064416,1.89,-3.99,-0.98,-75
1787064256819,93116,Knee,sit,-0.204472,0.969168,-0.066368,1.75,-4.06,-0.84,-75
1787064256819,93147,Knee,sit,-0.20496,0.969656,-0.066368,1.47,-4.27,-0.63,-75
1787064256819,93164,Knee,sit,-0.203984,0.970144,-0.062952,1.26,-4.34,-0.56,-75
1787064256819,93181,Knee,sit,-0.203008,0.970632,-0.061,1.26,-4.34,-0.49,-75
1787064256819,93198,Knee,sit,-0.200568,0.970632,-0.05856,1.26,-4.34,-0.56,-75
1787064256819,93215,Knee,sit,-0.199104,0.971608,-0.05612,1.26,-4.27,-0.56,-75
1787064257347,93391,Knee,sit,-0.203496,0.970144,-0.062952,1.61,-4.13,-0.63,-75
1787064257347,93422,Knee,sit,-0.200568,0.970144,-0.06344,1.54,-4.27,-0.7,-75
1787064257347,93439,Knee,sit,-0.197152,0.970144,-0.062464,1.54,-4.13,-0.77,-75
1787064257347,93455,Knee,sit,-0.199104,0.969168,-0.061976,1.61,-3.99,-0.7,-75
1787064257347,93472,Knee,sit,-0.200568,0.97112,-0.060024,1.61,-3.99,-0.63,-75
1787064257347,93503,Knee,sit,-0.201056,0.972096,-0.05612,1.4,-4.27,-0.63,-75
1787064257347,93520,Knee,sit,-0.20008,0.971608,-0.055632,1.4,-4.27,-0.63,-75
1787064257347,93537,Knee,sit,-0.198128,0.97112,-0.055144,1.47,-4.2,-0.7,-75
1787064257347,93554,Knee,sit,-0.196664,0.971608,-0.05856,1.54,-4.13,-0.7,-75
1787064257347,93571,Knee,sit,-0.196664,0.970144,-0.05856,1.54,-4.06,-0.7,-75
1787064257710,93747,Knee,sit,-0.198616,0.97112,-0.059048,1.61,-4.06,-0.63,-74
1787064257710,93778,Knee,sit,-0.200568,0.97112,-0.059048,1.68,-4.06,-0.63,-74
1787064257710,93795,Knee,sit,-0.201544,0.97112,-0.059536,1.61,-4.06,-0.63,-74
1787064257710,93812,Knee,sit,-0.20008,0.971608,-0.05856,1.61,-4.06,-0.63,-74
1787064257710,93829,Knee,sit,-0.199104,0.97112,-0.058072,1.54,-4.13,-0.7,-74
1787064257710,93860,Knee,sit,-0.198128,0.970144,-0.057096,1.75,-4.06,-0.77,-74
1787064257710,93877,Knee,sit,-0.198128,0.971608,-0.057584,1.75,-3.99,-0.77,-74
1787064257710,93894,Knee,sit,-0.199104,0.971608,-0.059536,1.68,-3.99,-0.7,-74
1787064257710,93911,Knee,sit,-0.20252,0.97112,-0.061976,1.61,-4.06,-0.7,-74
1787064257710,93928,Knee,sit,-0.202032,0.970632,-0.062952,1.54,-4.13,-0.63,-74
1787064258047,94103,Knee,sit,-0.199592,0.970144,-0.05856,1.61,-4.06,-0.63,-75
1787064258047,94132,Knee,sit,-0.201544,0.970144,-0.060512,1.68,-4.06,-0.77,-75
1787064258047,94149,Knee,sit,-0.201056,0.971608,-0.059048,1.68,-4.06,-0.77,-75
1787064258047,94166,Knee,sit,-0.201056,0.97112,-0.05856,1.68,-4.06,-0.77,-75
1787064258047,94183,Knee,sit,-0.199104,0.97112,-0.059536,1.61,-4.06,-0.7,-75
1787064258047,94214,Knee,sit,-0.199592,0.970632,-0.060024,1.68,-4.06,-0.7,-75
1787064258047,94231,Knee,sit,-0.20252,0.97112,-0.05856,1.68,-4.13,-0.63,-75
1787064258047,94248,Knee,sit,-0.202032,0.97112,-0.058072,1.61,-4.2,-0.63,-75
1787064258047,94265,Knee,sit,-0.200568,0.971608,-0.05856,1.54,-4.2,-0.63,-75
1787064258047,94296,Knee,sit,-0.20008,0.969168,-0.059536,1.61,-4.13,-0.63,-75
1787064258229,94471,Knee,sit,-0.198616,0.971608,-0.05612,1.61,-4.13,-0.63,-78
1787064258229,94502,Knee,sit,-0.198616,0.97112,-0.056608,1.68,-4.06,-0.7,-78
1787064258229,94519,Knee,sit,-0.199104,0.97112,-0.05856,1.61,-4.06,-0.7,-78
1787064258229,94536,Knee,sit,-0.202032,0.970632,-0.059536,1.68,-4.06,-0.7,-78
1787064258229,94553,Knee,sit,-0.201056,0.969656,-0.059536,1.61,-4.13,-0.63,-78
1787064258229,94584,Knee,sit,-0.200568,0.970144,-0.059048,1.61,-4.06,-0.7,-78
1787064258229,94601,Knee,sit,-0.199104,0.969656,-0.060024,1.68,-4.06,-0.63,-78
1787064258229,94618,Knee,sit,-0.199592,0.97112,-0.05856,1.68,-4.13,-0.7,-78
1787064258229,94635,Knee,sit,-0.198616,0.970632,-0.059048,1.61,-4.06,-0.7,-78
1787064258229,94652,Knee,sit,-0.199592,0.970144,-0.057584,1.61,-4.13,-0.7,-78
1787064258542,94825,Knee,sit,-0.199592,0.970632,-0.057584,1.54,-4.13,-0.7,-81
1787064258542,94857,Knee,sit,-0.198616,0.970144,-0.059048,1.54,-4.06,-0.7,-81
1787064258542,94875,Knee,sit,-0.20008,0.97112,-0.059536,1.54,-4.06,-0.7,-81
1787064258542,94892,Knee,sit,-0.20008,0.970632,-0.059536,1.61,-4.06,-0.63,-81
1787064258542,94910,Knee,sit,-0.20008,0.970632,-0.060024,1.54,-4.13,-0.63,-81
1787064258542,94927,Knee,sit,-0.201544,0.970632,-0.05856,1.54,-4.13,-0.63,-81
1787064258542,94958,Knee,sit,-0.196664,0.970144,-0.059536,1.54,-4.13,-0.77,-81
1787064258542,94975,Knee,sit,-0.199104,0.970144,-0.058072,1.54,-4.06,-0.7,-81
1787064258542,94992,Knee,sit,-0.201056,0.97112,-0.058072,1.68,-4.13,-0.63,-81
1787064258542,95009,Knee,sit,-0.201544,0.971608,-0.057096,1.68,-4.13,-0.63,-81
1787064258915,95184,Knee,sit,-0.202032,0.970632,-0.05856,1.4,-4.06,-0.7,-81
1787064258915,95215,Knee,sit,-0.20008,0.970632,-0.05612,1.47,-4.13,-0.63,-81
1787064258915,95232,Knee,sit,-0.199104,0.97112,-0.057584,1.54,-4.13,-0.63,-81
1787064258915,95249,Knee,sit,-0.19764,0.972096,-0.057096,1.61,-4.13,-0.77,-81
1787064258915,95266,Knee,sit,-0.198128,0.972096,-0.057096,1.54,-4.06,-0.7,-81
1787064258915,95297,Knee,sit,-0.20008,0.970632,-0.057584,1.68,-4.06,-0.7,-81
1787064258915,95314,Knee,sit,-0.199104,0.970632,-0.05856,1.61,-4.06,-0.7,-81
1787064258915,95331,Knee,sit,-0.198616,0.97112,-0.060024,1.61,-4.06,-0.7,-81
1787064258915,95348,Knee,sit,-0.199592,0.970632,-0.060512,1.61,-4.13,-0.77,-81
1787064258915,95365,Knee,sit,-0.199592,0.97112,-0.059536,1.54,-4.06,-0.77,-81
1787064259259,95540,Knee,sit,-0.20008,0.970144,-0.057584,1.54,-4.13,-0.77,-81
1787064259259,95570,Knee,sit,-0.198616,0.97112,-0.057584,1.68,-4.06,-0.7,-81
1787064259259,95587,Knee,sit,-0.199592,0.971608,-0.059048,1.75,-4.06,-0.7,-81
1787064259259,95604,Knee,sit,-0.201544,0.970632,-0.060024,1.68,-4.06,-0.63,-81
1787064259259,95621,Knee,sit,-0.203496,0.970632,-0.059048,1.68,-4.06,-0.63,-81
1787064259259,95652,Knee,sit,-0.20008,0.970632,-0.059536,1.54,-4.06,-0.77,-81
1787064259259,95669,Knee,sit,-0.20008,0.969656,-0.060512,1.61,-4.06,-0.77,-81
1787064259259,95686,Knee,sit,-0.20008,0.971608,-0.059048,1.61,-4.13,-0.7,-81
1787064259259,95703,Knee,sit,-0.199592,0.971608,-0.057584,1.54,-4.13,-0.7,-81
1787064259259,95734,Knee,sit,-0.198616,0.97112,-0.056608,1.47,-4.13,-0.77,-81
1787064259617,95910,Knee,sit,-0.200568,0.969656,-0.061488,1.47,-4.13,-0.7,-72
1787064259617,95941,Knee,sit,-0.200568,0.97112,-0.061,1.54,-4.06,-0.63,-72
1787064259617,95958,Knee,sit,-0.20008,0.97112,-0.059536,1.54,-3.99,-0.63,-72
1787064259617,95975,Knee,sit,-0.201056,0.970632,-0.057584,1.47,-4.06,-0.63,-72
1787064259617,95992,Knee,sit,-0.200568,0.970144,-0.057096,1.47,-4.13,-0.7,-72
1787064259617,96023,Knee,sit,-0.201056,0.971608,-0.05612,1.61,-4.06,-0.7,-72
1787064259617,96040,Knee,sit,-0.199104,0.970632,-0.054656,1.61,-4.06,-0.77,-72
1787064259617,96056,Knee,sit,-0.199104,0.97112,-0.05612,1.61,-4.06,-0.84,-72
1787064259617,96074,Knee,sit,-0.200568,0.97112,-0.05856,1.68,-3.99,-0.7,-72
1787064259617,96090,Knee,sit,-0.200568,0.97112,-0.059536,1.75,-4.06,-0.7,-72
1787064259971,96266,Knee,sit,-0.200568,0.970632,-0.059048,1.61,-4.06,-0.7,-72
1787064259971,96297,Knee,sit,-0.199592,0.970632,-0.057584,1.54,-4.06,-0.7,-72
1787064259971,96314,Knee,sit,-0.20008,0.970632,-0.05856,1.61,-4.06,-0.7,-72
1787064259971,96331,Knee,sit,-0.199592,0.970632,-0.058072,1.61,-4.06,-0.7,-72
1787064259971,96348,Knee,sit,-0.199104,0.971608,-0.058072,1.61,-4.06,-0.77,-72
1787064259971,96379,Knee,sit,-0.201544,0.97112,-0.059048,1.61,-3.99,-0.7,-72
1787064259971,96396,Knee,sit,-0.199104,0.970632,-0.059536,1.54,-4.06,-0.7,-72
1787064259971,96413,Knee,sit,-0.200568,0.970632,-0.060512,1.47,-4.13,-0.7,-72
1787064259971,96430,Knee,sit,-0.201056,0.97112,-0.060024,1.47,-4.13,-0.7,-72
1787064259971,96447,Knee,sit,-0.200568,0.97112,-0.061,1.61,-4.13,-0.7,-72
1787064260326,96621,Knee,sit,-0.198128,0.97112,-0.060512,1.68,-4.13,-0.63,-72
1787064260326,96652,Knee,sit,-0.198128,0.970144,-0.061,1.54,-4.13,-0.7,-72
1787064260326,96669,Knee,sit,-0.20008,0.97112,-0.061488,1.61,-4.06,-0.7,-72
1787064260326,96686,Knee,sit,-0.200568,0.970144,-0.060512,1.47,-4.06,-0.7,-72
1787064260326,96703,Knee,sit,-0.201056,0.97112,-0.060024,1.54,-4.06,-0.7,-72
1787064260326,96733,Knee,sit,-0.201056,0.970144,-0.057096,1.47,-4.13,-0.63,-72
1787064260326,96750,Knee,sit,-0.200568,0.970144,-0.057096,1.47,-4.13,-0.7,-72
1787064260326,96767,Knee,sit,-0.20008,0.970144,-0.056608,1.54,-4.13,-0.7,-72
1787064260326,96784,Knee,sit,-0.200568,0.971608,-0.055144,1.54,-4.06,-0.63,-72
1787064260326,96801,Knee,sit,-0.199592,0.972096,-0.05612,1.54,-4.13,-0.63,-72
1787064260684,96976,Knee,sit,-0.199592,0.970632,-0.061,1.47,-4.2,-0.7,-72
1787064260684,97008,Knee,sit,-0.201056,0.97112,-0.059048,1.47,-4.13,-0.56,-72
1787064260684,97025,Knee,sit,-0.20008,0.97112,-0.05856,1.4,-4.2,-0.63,-72
1787064260684,97042,Knee,sit,-0.199104,0.97112,-0.058072,1.4,-4.2,-0.63,-72
1787064260684,97059,Knee,sit,-0.199104,0.970632,-0.05612,1.54,-4.13,-0.77,-72
1787064260684,97090,Knee,sit,-0.199592,0.97112,-0.057096,1.61,-4.06,-0.77,-72
1787064260684,97107,Knee,sit,-0.20008,0.971608,-0.05612,1.61,-3.99,-0.77,-72
1787064260684,97124,Knee,sit,-0.199104,0.970632,-0.057096,1.68,-4.06,-0.77,-72
1787064260684,97141,Knee,sit,-0.199104,0.970144,-0.059048,1.68,-4.06,-0.84,-72
1787064260684,97158,Knee,sit,-0.199104,0.970144,-0.060512,1.68,-3.99,-0.77,-72
1787064261039,97333,Knee,sit,-0.198128,0.971608,-0.05856,1.61,-4.13,-0.77,-86
1787064261039,97364,Knee,sit,-0.19764,0.970144,-0.060512,1.82,-4.13,-0.7,-86
1787064261039,97381,Knee,sit,-0.198616,0.97112,-0.061,1.68,-4.06,-0.63,-86
1787064261039,97397,Knee,sit,-0.200568,0.970632,-0.061976,1.54,-4.06,-0.63,-86
1787064261039,97414,Knee,sit,-0.202032,0.970144,-0.061,1.54,-4.06,-0.7,-86
1787064261039,97445,Knee,sit,-0.201544,0.970632,-0.059536,1.54,-4.06,-0.7,-86
1787064261039,97462,Knee,sit,-0.200568,0.971608,-0.05856,1.47,-4.06,-0.7,-86
1787064261039,97479,Knee,sit,-0.199592,0.970632,-0.058072,1.47,-4.06,-0.7,-86
1787064261039,97496,Knee,sit,-0.20008,0.97112,-0.056608,1.54,-4.13,-0.77,-86
1787064261039,97513,Knee,sit,-0.200568,0.970632,-0.056608,1.47,-4.13,-0.7,-86
1787064261398,97688,Knee,sit,-0.20008,0.970632,-0.060024,1.61,-4.06,-0.77,-86
1787064261398,97719,Knee,sit,-0.20008,0.970632,-0.061,1.54,-4.13,-0.7,-86
1787064261398,97736,Knee,sit,-0.201056,0.97112,-0.060512,1.47,-4.13,-0.7,-86
1787064261398,97753,Knee,sit,-0.200568,0.970632,-0.060512,1.54,-4.13,-0.7,-86
1787064261398,97770,Knee,sit,-0.200568,0.970632,-0.059048,1.61,-4.13,-0.7,-86
1787064261398,97801,Knee,sit,-0.20008,0.97112,-0.056608,1.54,-4.13,-0.7,-86
1787064261398,97818,Knee,sit,-0.199104,0.971608,-0.056608,1.54,-4.06,-0.7,-86
1787064261398,97835,Knee,sit,-0.20008,0.972096,-0.057096,1.61,-4.06,-0.7,-86
1787064261398,97852,Knee,sit,-0.198128,0.971608,-0.059048,1.61,-4.13,-0.7,-86
1787064261398,97869,Knee,sit,-0.20008,0.969656,-0.059536,1.54,-4.13,-0.77,-86
1787064261755,98044,Knee,sit,-0.20008,0.97112,-0.057584,1.54,-4.2,-0.7,-86
1787064261755,98075,Knee,sit,-0.198128,0.970144,-0.059536,1.68,-4.06,-0.7,-86
1787064261755,98092,Knee,sit,-0.199104,0.970632,-0.060024,1.68,-4.06,-0.7,-86
1787064261755,98110,Knee,sit,-0.199104,0.971608,-0.061488,1.54,-3.99,-0.7,-86
1787064261755,98126,Knee,sit,-0.201544,0.970632,-0.059048,1.54,-3.99,-0.63,-86
1787064261755,98157,Knee,sit,-0.20252,0.969168,-0.060512,1.54,-4.06,-0.7,-86
1787064261755,98174,Knee,sit,-0.20008,0.971608,-0.060024,1.54,-4.06,-0.77,-86
1787064261755,98191,Knee,sit,-0.201056,0.970144,-0.059048,1.47,-4.06,-0.77,-86
1787064261755,98208,Knee,sit,-0.199104,0.970144,-0.057584,1.54,-4.13,-0.77,-86
1787064261755,98225,Knee,sit,-0.20008,0.970632,-0.057584,1.61,-4.06,-0.77,-86
1787064262114,98401,Knee,sit,-0.20008,0.971608,-0.061,1.61,-4.06,-0.63,-83
1787064262114,98432,Knee,sit,-0.199104,0.970144,-0.060024,1.61,-3.99,-0.63,-83
1787064262114,98450,Knee,sit,-0.20008,0.97112,-0.060024,1.61,-4.13,-0.63,-83
1787064262114,98467,Knee,sit,-0.199592,0.969656,-0.060512,1.54,-4.06,-0.63,-83
1787064262114,98484,Knee,sit,-0.201056,0.97112,-0.05856,1.61,-3.99,-0.7,-83
1787064262114,98515,Knee,sit,-0.199592,0.970632,-0.058072,1.54,-4.06,-0.7,-83
1787064262114,98532,Knee,sit,-0.199104,0.970144,-0.057584,1.61,-4.06,-0.7,-83
1787064262114,98549,Knee,sit,-0.200568,0.97112,-0.059048,1.61,-4.06,-0.7,-83
1787064262114,98566,Knee,sit,-0.199104,0.970632,-0.059048,1.61,-4.06,-0.7,-83
1787064262114,98583,Knee,sit,-0.200568,0.970632,-0.060024,1.54,-4.06,-0.7,-83
1787064262468,98758,Knee,sit,-0.200568,0.970632,-0.059536,1.4,-4.13,-0.63,-83
1787064262468,98789,Knee,sit,-0.200568,0.970632,-0.059536,1.47,-4.13,-0.63,-83
1787064262468,98806,Knee,sit,-0.20008,0.971608,-0.058072,1.54,-4.13,-0.63,-83
1787064262468,98823,Knee,sit,-0.198616,0.970632,-0.057584,1.47,-4.13,-0.63,-83
1787064262468,98840,Knee,sit,-0.198616,0.970144,-0.058072,1.47,-4.13,-0.77,-83
1787064262468,98871,Knee,sit,-0.202032,0.970632,-0.05856,1.61,-3.99,-0.7,-83
1787064262468,98888,Knee,sit,-0.201056,0.970632,-0.060024,1.54,-4.06,-0.7,-83
1787064262468,98905,Knee,sit,-0.201056,0.970144,-0.059536,1.54,-4.06,-0.77,-83
1787064262468,98922,Knee,sit,-0.202032,0.970632,-0.05856,1.54,-4.06,-0.77,-83
1787064262468,98939,Knee,sit,-0.201544,0.970632,-0.057584,1.61,-4.06,-0.77,-83
1787064262826,99115,Knee,sit,-0.20008,0.970632,-0.061488,1.47,-4.06,-0.7,-83
1787064262826,99146,Knee,sit,-0.199592,0.970632,-0.061488,1.4,-4.2,-0.63,-83
1787064262826,99163,Knee,sit,-0.200568,0.969656,-0.059536,1.4,-4.13,-0.56,-83
1787064262826,99180,Knee,sit,-0.200568,0.970144,-0.060024,1.47,-4.13,-0.7,-83
1787064262826,99197,Knee,sit,-0.201056,0.972096,-0.057584,1.47,-4.06,-0.7,-83
1787064262826,99228,Knee,sit,-0.201544,0.972096,-0.056608,1.47,-4.06,-0.77,-83
1787064262826,99245,Knee,sit,-0.199104,0.971608,-0.056608,1.54,-4.06,-0.7,-83
1787064262826,99262,Knee,sit,-0.198616,0.970632,-0.05612,1.54,-4.06,-0.7,-83
1787064262826,99279,Knee,sit,-0.201056,0.970144,-0.056608,1.61,-4.06,-0.77,-83
1787064262826,99296,Knee,sit,-0.201056,0.97112,-0.057584,1.68,-3.99,-0.7,-83
1787064263186,99471,Knee,sit,-0.198128,0.97112,-0.056608,1.61,-4.13,-0.63,-83
1787064263186,99502,Knee,sit,-0.201544,0.971608,-0.058072,1.82,-3.99,-0.77,-83
1787064263186,99519,Knee,sit,-0.201056,0.971608,-0.059536,1.75,-4.06,-0.77,-83
1787064263186,99536,Knee,sit,-0.202032,0.971608,-0.061,1.68,-4.06,-0.77,-83
1787064263186,99553,Knee,sit,-0.200568,0.969656,-0.061488,1.61,-4.13,-0.77,-83
1787064263186,99584,Knee,sit,-0.20008,0.969656,-0.061976,1.54,-4.13,-0.7,-83
1787064263186,99601,Knee,sit,-0.20008,0.969656,-0.060512,1.61,-3.99,-0.77,-83
1787064263186,99618,Knee,sit,-0.203008,0.972096,-0.059536,1.54,-3.99,-0.7,-83
1787064263186,99635,Knee,sit,-0.200568,0.970144,-0.05856,1.47,-4.06,-0.77,-83
1787064263186,99652,Knee,sit,-0.200568,0.970632,-0.057096,1.47,-4.06,-0.7,-83
1787064263546,99828,Knee,sit,-0.201056,0.970632,-0.060024,1.61,-3.99,-0.7,-74
1787064263546,99859,Knee,sit,-0.203008,0.97112,-0.057096,1.61,-3.99,-0.63,-74
1787064263546,99876,Knee,sit,-0.202032,0.971608,-0.054656,1.61,-3.99,-0.7,-74
1787064263546,99893,Knee,sit,-0.200568,0.97112,-0.054168,1.75,-4.06,-0.77,-74
1787064263546,99910,Knee,sit,-0.198616,0.972096,-0.055144,1.89,-4.06,-0.84,-74
1787064263546,99941,Knee,sit,-0.198128,0.97112,-0.059536,1.82,-4.06,-0.84,-74
1787064263546,99958,Knee,sit,-0.20008,0.97112,-0.064904,1.68,-4.13,-0.77,-74
1787064263546,99975,Knee,sit,-0.200568,0.970144,-0.068808,1.47,-4.2,-0.7,-74
1787064263546,99992,Knee,sit,-0.201056,0.970632,-0.069784,1.4,-4.2,-0.63,-74
1787064263546,100008,Knee,sit,-0.200568,0.969656,-0.068808,1.33,-4.13,-0.63,-74
1787064263930,100184,Knee,sit,-0.208864,0.972096,-0.05368,2.1,-3.85,-0.7,-74
1787064263930,100215,Knee,sit,-0.206424,0.970144,-0.054168,2.17,-4.06,-0.77,-74
1787064263930,100232,Knee,sit,-0.20496,0.970632,-0.056608,2.24,-3.92,-0.91,-74
1787064263930,100248,Knee,sit,-0.204472,0.972584,-0.058072,2.38,-3.92,-0.98,-74
1787064263930,100265,Knee,sit,-0.20008,0.972096,-0.05856,2.38,-3.99,-0.84,-74
1787064263930,100296,Knee,sit,-0.197152,0.971608,-0.06588,2.03,-4.13,-0.77,-74
1787064263930,100313,Knee,sit,-0.197152,0.97112,-0.067832,1.82,-4.2,-0.77,-74
1787064263930,100330,Knee,sit,-0.19764,0.96868,-0.071248,1.82,-4.13,-0.77,-74
1787064263930,100347,Knee,sit,-0.197152,0.970144,-0.0732,1.47,-4.13,-0.77,-74
1787064263930,100378,Knee,sit,-0.196176,0.969168,-0.071736,1.19,-4.13,-0.7,-74
1787064264358,100554,Knee,sit,-0.203984,0.970632,-0.059048,1.82,-4.06,-0.77,-74
1787064264358,100585,Knee,sit,-0.203984,0.970632,-0.062464,1.82,-4.06,-0.7,-74
1787064264358,100602,Knee,sit,-0.20252,0.970632,-0.062952,1.82,-4.13,-0.77,-74
1787064264358,100619,Knee,sit,-0.201056,0.97112,-0.062952,1.68,-4.2,-0.7,-74
1787064264358,100636,Knee,sit,-0.200568,0.97112,-0.062952,1.61,-4.2,-0.63,-74
1787064264358,100667,Knee,sit,-0.19764,0.970632,-0.061976,1.54,-4.2,-0.63,-74
1787064264358,100683,Knee,sit,-0.197152,0.970144,-0.060024,1.54,-4.13,-0.7,-74
1787064264358,100700,Knee,sit,-0.196664,0.970632,-0.059536,1.54,-4.06,-0.7,-74
1787064264358,100717,Knee,sit,-0.198128,0.97112,-0.061,1.54,-4.06,-0.7,-74
1787064264358,100734,Knee,sit,-0.199592,0.97112,-0.058072,1.61,-4.06,-0.7,-74
1787064264641,100910,Knee,sit,-0.203984,0.971608,-0.058072,1.68,-4.2,-0.63,-73
1787064264641,100941,Knee,sit,-0.201056,0.970632,-0.057584,1.54,-4.27,-0.63,-73
1787064264641,100957,Knee,sit,-0.20008,0.970632,-0.05856,1.61,-4.2,-0.7,-73
1787064264641,100974,Knee,sit,-0.20008,0.97112,-0.059048,1.68,-4.2,-0.7,-73
1787064264641,100991,Knee,sit,-0.199104,0.970632,-0.059048,1.68,-4.13,-0.7,-73
1787064264641,101022,Knee,sit,-0.199592,0.970632,-0.060024,1.61,-4.06,-0.7,-73
1787064264641,101039,Knee,sit,-0.20008,0.970144,-0.061488,1.61,-3.99,-0.63,-73
1787064264641,101056,Knee,sit,-0.201056,0.97112,-0.061,1.61,-4.13,-0.7,-73
1787064264641,101073,Knee,sit,-0.200568,0.970144,-0.060024,1.54,-4.06,-0.7,-73
1787064264641,101104,Knee,sit,-0.20008,0.97112,-0.060512,1.54,-3.99,-0.84,-73
1787064264998,101280,Knee,sit,-0.198616,0.970632,-0.059536,1.47,-4.13,-0.7,-73
1787064264998,101311,Knee,sit,-0.201056,0.970632,-0.05856,1.68,-4.06,-0.63,-73
1787064264998,101328,Knee,sit,-0.201544,0.971608,-0.057584,1.54,-4.06,-0.63,-73
1787064264998,101345,Knee,sit,-0.201056,0.97112,-0.05856,1.61,-4.06,-0.77,-73
1787064264998,101361,Knee,sit,-0.20008,0.970632,-0.05856,1.54,-4.13,-0.77,-73
1787064264998,101393,Knee,sit,-0.20008,0.970632,-0.060024,1.61,-4.13,-0.77,-73
1787064264998,101409,Knee,sit,-0.20008,0.970144,-0.061,1.61,-4.13,-0.7,-73
1787064264998,101426,Knee,sit,-0.199592,0.970632,-0.060024,1.68,-4.06,-0.7,-73
1787064264998,101443,Knee,sit,-0.199592,0.970632,-0.061,1.61,-4.06,-0.7,-73
1787064264998,101460,Knee,sit,-0.20008,0.971608,-0.060024,1.68,-3.99,-0.77,-73
1787064265352,101636,Knee,sit,-0.198128,0.970632,-0.05856,1.54,-3.99,-0.7,-73
1787064265352,101668,Knee,sit,-0.201544,0.971608,-0.059048,1.68,-4.06,-0.56,-73
1787064265352,101685,Knee,sit,-0.201056,0.970144,-0.060024,1.61,-4.2,-0.56,-73
1787064265352,101702,Knee,sit,-0.200568,0.969656,-0.061,1.54,-4.2,-0.7,-73
1787064265352,101719,Knee,sit,-0.201544,0.970632,-0.060024,1.54,-4.13,-0.7,-73
1787064265352,101750,Knee,sit,-0.20008,0.970632,-0.061,1.61,-4.13,-0.7,-73
1787064265352,101767,Knee,sit,-0.19764,0.970632,-0.060512,1.61,-4.13,-0.7,-73
1787064265352,101784,Knee,sit,-0.199592,0.97112,-0.060512,1.54,-4.06,-0.7,-73
1787064265352,101801,Knee,sit,-0.200568,0.970632,-0.061488,1.54,-4.13,-0.7,-73
1787064265352,101818,Knee,sit,-0.201544,0.969656,-0.060512,1.54,-4.06,-0.7,-73
1787064265716,101994,Knee,sit,-0.20252,0.972096,-0.061,1.61,-4.06,-0.7,-73
1787064265716,102024,Knee,sit,-0.201544,0.970144,-0.061976,1.54,-4.13,-0.77,-73
1787064265716,102042,Knee,sit,-0.200568,0.969656,-0.061,1.61,-4.06,-0.7,-73
1787064265716,102058,Knee,sit,-0.200568,0.97112,-0.060024,1.68,-4.06,-0.7,-73
1787064265716,102075,Knee,sit,-0.200568,0.971608,-0.059536,1.54,-4.2,-0.7,-73
1787064265716,102106,Knee,sit,-0.200568,0.970632,-0.059048,1.54,-4.13,-0.7,-73
1787064265716,102123,Knee,sit,-0.199104,0.97112,-0.059536,1.54,-4.13,-0.7,-73
1787064265716,102140,Knee,sit,-0.199592,0.970144,-0.05856,1.54,-4.13,-0.7,-73
1787064265716,102157,Knee,sit,-0.20008,0.970144,-0.060024,1.54,-3.99,-0.7,-73
1787064265716,102174,Knee,sit,-0.200568,0.970144,-0.059536,1.54,-4.06,-0.7,-73
1787064266067,102350,Knee,sit,-0.201544,0.970632,-0.062464,1.54,-4.06,-0.63,-73
1787064266067,102381,Knee,sit,-0.198616,0.97112,-0.060512,1.54,-4.06,-0.7,-73
1787064266067,102398,Knee,sit,-0.199104,0.970632,-0.060512,1.54,-4.06,-0.7,-73
1787064266067,102415,Knee,sit,-0.202032,0.969656,-0.05856,1.61,-4.06,-0.63,-73
1787064266067,102432,Knee,sit,-0.201544,0.972096,-0.057584,1.61,-4.2,-0.63,-73
1787064266067,102463,Knee,sit,-0.20008,0.970632,-0.057584,1.54,-4.2,-0.7,-73
1787064266067,102480,Knee,sit,-0.20008,0.97112,-0.057096,1.61,-4.06,-0.77,-73
1787064266067,102497,Knee,sit,-0.199592,0.97112,-0.059536,1.61,-4.06,-0.7,-73
1787064266067,102514,Knee,sit,-0.199104,0.97112,-0.060024,1.68,-4.06,-0.7,-73
1787064266067,102531,Knee,sit,-0.199104,0.971608,-0.061,1.61,-4.06,-0.7,-73
1787064266424,102708,Knee,sit,-0.199104,0.970632,-0.057584,1.54,-4.06,-0.77,-73
1787064266424,102738,Knee,sit,-0.200568,0.97112,-0.059536,1.68,-4.06,-0.7,-73
1787064266424,102755,Knee,sit,-0.201056,0.970144,-0.061,1.68,-4.06,-0.7,-73
1787064266424,102772,Knee,sit,-0.200568,0.970632,-0.060512,1.61,-4.13,-0.7,-73
1787064266424,102789,Knee,sit,-0.200568,0.969168,-0.060512,1.61,-4.06,-0.7,-73
1787064266424,102820,Knee,sit,-0.20008,0.970632,-0.060024,1.61,-4.06,-0.7,-73
1787064266424,102837,Knee,sit,-0.200568,0.970632,-0.059536,1.54,-4.13,-0.7,-73
1787064266424,102854,Knee,sit,-0.201056,0.970144,-0.059048,1.54,-4.13,-0.7,-73
1787064266424,102871,Knee,sit,-0.200568,0.97112,-0.060024,1.47,-4.2,-0.7,-73
1787064266424,102888,Knee,sit,-0.200568,0.970144,-0.059048,1.54,-4.13,-0.7,-73
1787064266784,103065,Knee,sit,-0.199592,0.97112,-0.05856,1.54,-4.06,-0.7,-73
1787064266784,103096,Knee,sit,-0.199592,0.970144,-0.059048,1.47,-4.13,-0.7,-73
1787064266784,103113,Knee,sit,-0.201056,0.970144,-0.060024,1.54,-4.13,-0.56,-73
1787064266784,103130,Knee,sit,-0.201056,0.97112,-0.05856,1.54,-4.13,-0.63,-73
1787064266784,103147,Knee,sit,-0.201544,0.97112,-0.057584,1.54,-4.13,-0.7,-73
1787064266784,103178,Knee,sit,-0.198128,0.969168,-0.058072,1.54,-4.13,-0.77,-73
1787064266784,103195,Knee,sit,-0.199104,0.970632,-0.057584,1.68,-3.99,-0.7,-73
1787064266784,103212,Knee,sit,-0.201544,0.97112,-0.057096,1.75,-4.13,-0.7,-73
1787064266784,103229,Knee,sit,-0.20252,0.972584,-0.05612,1.75,-4.13,-0.7,-73
1787064266784,103246,Knee,sit,-0.200568,0.970144,-0.057584,1.61,-4.13,-0.7,-73
1787064267146,103423,Knee,sit,-0.199592,0.970632,-0.057584,1.54,-4.06,-0.7,-75
1787064267146,103454,Knee,sit,-0.20008,0.971608,-0.057584,1.61,-3.99,-0.7,-75
1787064267146,103471,Knee,sit,-0.201056,0.971608,-0.058072,1.61,-4.06,-0.7,-75
1787064267146,103488,Knee,sit,-0.201056,0.97112,-0.059048,1.61,-4.13,-0.7,-75
1787064267146,103505,Knee,sit,-0.200568,0.969656,-0.059536,1.61,-4.06,-0.77,-75
1787064267146,103536,Knee,sit,-0.201544,0.969656,-0.060024,1.68,-4.06,-0.7,-75
1787064267146,103553,Knee,sit,-0.202032,0.970144,-0.060512,1.61,-4.06,-0.7,-75
1787064267146,103570,Knee,sit,-0.201056,0.970144,-0.059048,1.61,-4.06,-0.7,-75
1787064267146,103587,Knee,sit,-0.201056,0.970144,-0.060512,1.61,-3.99,-0.7,-75
1787064267146,103604,Knee,sit,-0.202032,0.970632,-0.058072,1.54,-4.06,-0.7,-75
1787064267504,103782,Knee,sit,-0.20008,0.970632,-0.05856,1.61,-3.99,-0.63,-75
1787064267504,103813,Knee,sit,-0.201056,0.970632,-0.059536,1.61,-4.06,-0.7,-75
1787064267504,103830,Knee,sit,-0.201544,0.969656,-0.059536,1.61,-4.06,-0.7,-75
1787064267504,103847,Knee,sit,-0.20008,0.970632,-0.059536,1.61,-4.06,-0.7,-75
1787064267504,103864,Knee,sit,-0.199592,0.970632,-0.059536,1.61,-4.06,-0.7,-75
1787064267504,103895,Knee,sit,-0.200568,0.970632,-0.059536,1.54,-4.06,-0.7,-75
1787064267504,103912,Knee,sit,-0.201544,0.970632,-0.059048,1.68,-4.13,-0.7,-75
1787064267504,103929,Knee,sit,-0.201056,0.970144,-0.058072,1.54,-4.13,-0.7,-75
1787064267504,103946,Knee,sit,-0.199592,0.970632,-0.05612,1.54,-4.13,-0.7,-75
1787064267504,103963,Knee,sit,-0.19764,0.97112,-0.05856,1.61,-4.06,-0.77,-75
1787064267857,104138,Knee,sit,-0.199104,0.970632,-0.059536,1.61,-4.06,-0.7,-73
1787064267857,104169,Knee,sit,-0.200568,0.970632,-0.059048,1.61,-4.06,-0.7,-73
1787064267857,104186,Knee,sit,-0.200568,0.970144,-0.05856,1.54,-3.99,-0.63,-73
1787064267857,104203,Knee,sit,-0.200568,0.970632,-0.05856,1.54,-4.06,-0.7,-73
1787064267857,104220,Knee,sit,-0.201056,0.970632,-0.058072,1.68,-3.99,-0.7,-73
1787064267857,104251,Knee,sit,-0.20008,0.972584,-0.056608,1.61,-4.06,-0.7,-73
1787064267857,104268,Knee,sit,-0.198128,0.970632,-0.057096,1.54,-4.13,-0.7,-73
1787064267857,104285,Knee,sit,-0.199104,0.970144,-0.058072,1.61,-4.06,-0.77,-73
1787064267857,104302,Knee,sit,-0.20008,0.97112,-0.05856,1.68,-4.06,-0.7,-73
1787064267857,104319,Knee,sit,-0.199592,0.970632,-0.05856,1.68,-4.06,-0.77,-73
1787064268218,104496,Knee,sit,-0.202032,0.972096,-0.059048,1.54,-4.06,-0.63,-73
1787064268218,104527,Knee,sit,-0.201544,0.97112,-0.058072,1.61,-4.13,-0.63,-73
1787064268218,104544,Knee,sit,-0.20008,0.970632,-0.05856,1.61,-4.13,-0.7,-73
1787064268218,104561,Knee,sit,-0.199592,0.969656,-0.058072,1.54,-4.13,-0.63,-73
1787064268218,104578,Knee,sit,-0.20008,0.970632,-0.059048,1.61,-4.13,-0.7,-73
1787064268218,104609,Knee,sit,-0.199592,0.970632,-0.061976,1.47,-4.13,-0.7,-73
1787064268218,104626,Knee,sit,-0.200568,0.969656,-0.062464,1.47,-4.13,-0.63,-73
1787064268218,104643,Knee,sit,-0.199592,0.97112,-0.061488,1.33,-4.13,-0.63,-73
1787064268218,104660,Knee,sit,-0.199104,0.970632,-0.061,1.33,-4.06,-0.7,-73
1787064268218,104677,Knee,sit,-0.20008,0.968192,-0.059536,1.33,-4.06,-0.7,-73
1787064268575,104853,Knee,sit,-0.201056,0.970632,-0.062952,1.89,-4.13,-0.77,-73
1787064268575,104884,Knee,sit,-0.198616,0.970144,-0.06344,1.89,-3.99,-0.7,-73
1787064268575,104901,Knee,sit,-0.198616,0.970144,-0.065392,1.75,-4.06,-0.77,-73
1787064268575,104918,Knee,sit,-0.20008,0.970144,-0.065392,1.61,-4.13,-0.7,-73
1787064268575,104935,Knee,sit,-0.198616,0.969656,-0.064416,1.54,-3.99,-0.7,-73
1787064268575,104965,Knee,sit,-0.200568,0.97112,-0.064904,1.33,-4.13,-0.63,-73
1787064268575,104982,Knee,sit,-0.201056,0.969168,-0.062952,1.19,-4.2,-0.63,-73
1787064268575,104999,Knee,sit,-0.200568,0.970144,-0.062464,1.19,-4.2,-0.63,-73
1787064268575,105016,Knee,sit,-0.20008,0.970144,-0.059048,1.19,-4.13,-0.63,-73
1787064268575,105033,Knee,sit,-0.19764,0.97112,-0.055144,1.26,-4.06,-0.7,-73
1787064268931,105210,Knee,sit,-0.19764,0.970144,-0.055632,1.47,-4.41,-0.56,-76
1787064268931,105242,Knee,sit,-0.198616,0.97112,-0.058072,1.75,-4.13,-0.7,-76
1787064268931,105259,Knee,sit,-0.198128,0.969656,-0.059048,1.82,-3.99,-0.84,-76
1787064268931,105276,Knee,sit,-0.198616,0.971608,-0.061488,1.75,-3.99,-0.77,-76
1787064268931,105293,Knee,sit,-0.199592,0.970632,-0.061,1.68,-4.06,-0.7,-76
1787064268931,105324,Knee,sit,-0.20008,0.970144,-0.061,1.61,-4.06,-0.77,-76
1787064268931,105341,Knee,sit,-0.199104,0.970632,-0.059048,1.61,-3.99,-0.77,-76
1787064268931,105358,Knee,sit,-0.200568,0.97112,-0.059048,1.61,-3.85,-0.84,-76
1787064268931,105375,Knee,sit,-0.201056,0.97112,-0.060512,1.61,-3.92,-0.84,-76
1787064268931,105391,Knee,sit,-0.201056,0.970144,-0.059536,1.47,-3.99,-0.77,-76
1787064269348,105623,Knee,sit,-0.199592,0.970632,-0.056608,1.96,-4.06,-0.77,-74
1787064269348,105655,Knee,sit,-0.201056,0.970632,-0.062952,2.03,-4.13,-0.77,-74
1787064269348,105672,Knee,sit,-0.198128,0.969168,-0.064904,1.82,-4.13,-0.63,-74
1787064269348,105689,Knee,sit,-0.19764,0.970144,-0.067832,1.68,-4.13,-0.63,-74
1787064269348,105706,Knee,sit,-0.196664,0.970632,-0.06832,1.61,-4.2,-0.63,-74
1787064269348,105737,Knee,sit,-0.198616,0.970144,-0.065392,1.33,-4.06,-0.63,-74
1787064269348,105754,Knee,sit,-0.198616,0.970144,-0.06588,1.26,-4.06,-0.63,-74
1787064269348,105771,Knee,sit,-0.201056,0.970632,-0.062952,1.12,-4.06,-0.63,-74
1787064269348,105788,Knee,sit,-0.201056,0.971608,-0.060024,1.05,-4.13,-0.56,-74
1787064269348,105805,Knee,sit,-0.201544,0.971608,-0.056608,1.05,-4.2,-0.63,-74
1787064269705,105982,Knee,sit,-0.203008,0.969656,-0.05856,1.96,-3.99,-0.77,-74
1787064269705,106014,Knee,sit,-0.202032,0.97112,-0.061488,1.96,-4.06,-0.77,-74
1787064269705,106031,Knee,sit,-0.201056,0.970144,-0.061,1.89,-4.06,-0.77,-74
1787064269705,106048,Knee,sit,-0.199592,0.97112,-0.060512,1.89,-4.06,-0.7,-74
1787064269705,106064,Knee,sit,-0.198616,0.97112,-0.061,1.82,-4.06,-0.77,-74
1787064269705,106096,Knee,sit,-0.199104,0.970632,-0.062464,1.75,-4.13,-0.77,-74
1787064269705,106113,Knee,sit,-0.198616,0.970632,-0.063928,1.61,-4.13,-0.77,-74
1787064269705,106129,Knee,sit,-0.199104,0.970144,-0.064416,1.54,-4.13,-0.7,-74
1787064269705,106146,Knee,sit,-0.198128,0.970632,-0.06344,1.4,-4.13,-0.7,-74
1787064269705,106163,Knee,sit,-0.199104,0.970144,-0.062952,1.4,-4.06,-0.7,-74
1787064270066,106340,Knee,sit,-0.202032,0.97112,-0.05368,1.68,-4.06,-0.56,-74
1787064270066,106372,Knee,sit,-0.203984,0.97112,-0.054656,1.75,-4.2,-0.63,-74
1787064270066,106389,Knee,sit,-0.203496,0.972096,-0.056608,1.75,-4.13,-0.63,-74
1787064270066,106406,Knee,sit,-0.198616,0.97112,-0.057584,1.82,-4.2,-0.7,-74
1787064270066,106423,Knee,sit,-0.197152,0.97112,-0.059048,1.89,-4.2,-0.7,-74
1787064270066,106454,Knee,sit,-0.1952,0.970632,-0.060512,1.89,-3.92,-0.77,-74
1787064270066,106471,Knee,sit,-0.198128,0.969168,-0.062464,1.89,-3.92,-0.77,-74
1787064270066,106488,Knee,sit,-0.200568,0.97112,-0.062952,1.89,-3.92,-0.77,-74
1787064270066,106505,Knee,sit,-0.199592,0.97112,-0.064904,1.68,-4.06,-0.77,-74
1787064270066,106522,Knee,sit,-0.200568,0.970144,-0.066368,1.47,-4.06,-0.7,-74
1787064270424,106699,Knee,sit,-0.203496,0.97112,-0.054168,1.61,-4.13,-0.63,-85
1787064270424,106729,Knee,sit,-0.201544,0.97112,-0.057584,1.82,-4.13,-0.7,-85
1787064270424,106747,Knee,sit,-0.201056,0.970144,-0.05856,1.82,-4.06,-0.7,-85
1787064270424,106764,Knee,sit,-0.201056,0.97112,-0.059536,1.82,-4.06,-0.7,-85
1787064270424,106781,Knee,sit,-0.201544,0.970632,-0.061976,1.75,-4.13,-0.63,-85
1787064270424,106812,Knee,sit,-0.199592,0.970144,-0.062952,1.68,-4.06,-0.7,-85
1787064270424,106829,Knee,sit,-0.20008,0.97112,-0.061976,1.75,-4.06,-0.7,-85
1787064270424,106846,Knee,sit,-0.198616,0.970144,-0.059536,1.68,-4.13,-0.7,-85
1787064270424,106863,Knee,sit,-0.197152,0.969656,-0.059048,1.68,-4.06,-0.77,-85
1787064270424,106880,Knee,sit,-0.197152,0.970144,-0.05856,1.68,-4.06,-0.7,-85
1787064270784,107057,Knee,sit,-0.203008,0.97112,-0.05856,1.47,-4.13,-0.63,-85
1787064270784,107089,Knee,sit,-0.202032,0.970632,-0.05612,1.54,-4.27,-0.56,-85
1787064270784,107106,Knee,sit,-0.201544,0.97112,-0.056608,1.47,-4.27,-0.56,-85
1787064270784,107123,Knee,sit,-0.202032,0.970632,-0.059048,1.54,-4.2,-0.56,-85
1787064270784,107140,Knee,sit,-0.200568,0.971608,-0.059536,1.61,-4.27,-0.63,-85
1787064270784,107171,Knee,sit,-0.198128,0.970632,-0.059048,1.61,-4.13,-0.7,-85
1787064270784,107188,Knee,sit,-0.198128,0.970144,-0.05856,1.61,-4.06,-0.77,-85
1787064270784,107205,Knee,sit,-0.20008,0.970144,-0.05856,1.75,-3.99,-0.7,-85
1787064270784,107222,Knee,sit,-0.201056,0.969656,-0.059536,1.68,-3.99,-0.7,-85
1787064270784,107239,Knee,sit,-0.201544,0.970144,-0.060024,1.61,-3.99,-0.7,-85
1787064271139,107415,Knee,sit,-0.20008,0.970632,-0.059536,1.54,-4.06,-0.7,-85
1787064271139,107446,Knee,sit,-0.200568,0.970632,-0.05856,1.61,-4.06,-0.7,-85
1787064271139,107463,Knee,sit,-0.201544,0.970632,-0.057584,1.61,-4.06,-0.7,-85
1787064271139,107480,Knee,sit,-0.199592,0.97112,-0.057584,1.61,-4.06,-0.7,-85
1787064271139,107497,Knee,sit,-0.201056,0.971608,-0.05856,1.47,-4.13,-0.63,-85
1787064271139,107528,Knee,sit,-0.20008,0.970144,-0.05856,1.61,-4.13,-0.7,-85
1787064271139,107545,Knee,sit,-0.201056,0.970144,-0.059048,1.54,-4.06,-0.7,-85
1787064271139,107562,Knee,sit,-0.20252,0.970632,-0.060512,1.61,-4.06,-0.7,-85
1787064271139,107579,Knee,sit,-0.20252,0.969168,-0.059536,1.61,-4.13,-0.7,-85
1787064271139,107596,Knee,sit,-0.201056,0.970144,-0.060024,1.54,-4.13,-0.7,-85
1787064271504,107773,Knee,sit,-0.198616,0.97112,-0.058072,1.61,-4.06,-0.77,-75
1787064271504,107804,Knee,sit,-0.201544,0.970632,-0.058072,1.75,-4.06,-0.63,-75
1787064271504,107821,Knee,sit,-0.201544,0.971608,-0.058072,1.68,-4.06,-0.56,-75
1787064271504,107838,Knee,sit,-0.203008,0.972096,-0.05856,1.61,-4.2,-0.63,-75
1787064271504,107855,Knee,sit,-0.202032,0.969168,-0.060512,1.61,-4.2,-0.7,-75
1787064271504,107886,Knee,sit,-0.198616,0.97112,-0.060512,1.61,-4.2,-0.7,-75
1787064271504,107903,Knee,sit,-0.19764,0.970144,-0.061488,1.54,-4.13,-0.63,-75
1787064271504,107920,Knee,sit,-0.198616,0.969656,-0.061,1.54,-4.06,-0.7,-75
1787064271504,107937,Knee,sit,-0.201544,0.969656,-0.060024,1.61,-4.06,-0.63,-75
1787064271504,107954,Knee,sit,-0.20252,0.969656,-0.061,1.54,-4.06,-0.56,-75
1787064271854,108129,Knee,sit,-0.20252,0.970632,-0.062952,1.61,-4.06,-0.63,-75
1787064271854,108160,Knee,sit,-0.20252,0.970632,-0.061,1.47,-4.13,-0.7,-75
1787064271854,108177,Knee,sit,-0.201544,0.970144,-0.061,1.47,-4.13,-0.63,-75
1787064271854,108194,Knee,sit,-0.201056,0.972096,-0.059536,1.47,-4.2,-0.63,-75
1787064271854,108211,Knee,sit,-0.200568,0.970632,-0.059536,1.4,-4.2,-0.63,-75
1787064271854,108242,Knee,sit,-0.199104,0.970632,-0.05612,1.47,-4.13,-0.7,-75
1787064271854,108259,Knee,sit,-0.20008,0.970632,-0.057584,1.54,-4.13,-0.77,-75
1787064271854,108276,Knee,sit,-0.20008,0.970144,-0.058072,1.54,-4.06,-0.7,-75
1787064271854,108293,Knee,sit,-0.199592,0.970632,-0.05856,1.61,-4.13,-0.7,-75
1787064271854,108310,Knee,sit,-0.200568,0.970144,-0.059536,1.54,-4.06,-0.7,-75
1787064272218,108486,Knee,sit,-0.198616,0.970632,-0.059048,1.47,-4.06,-0.7,-75
1787064272218,108517,Knee,sit,-0.202032,0.971608,-0.05856,1.61,-4.13,-0.56,-75
1787064272218,108534,Knee,sit,-0.20252,0.972096,-0.055632,1.61,-4.13,-0.63,-75
1787064272218,108551,Knee,sit,-0.201544,0.971608,-0.055144,1.54,-4.13,-0.63,-75
1787064272218,108568,Knee,sit,-0.199104,0.970632,-0.05612,1.61,-4.06,-0.7,-75
1787064272218,108599,Knee,sit,-0.198616,0.971608,-0.059048,1.75,-4.06,-0.63,-75
1787064272218,108616,Knee,sit,-0.198616,0.97112,-0.060512,1.68,-4.13,-0.63,-75
1787064272218,108633,Knee,sit,-0.200568,0.970632,-0.061488,1.61,-4.06,-0.63,-75
1787064272218,108650,Knee,sit,-0.202032,0.970632,-0.062952,1.61,-3.99,-0.63,-75
1787064272218,108667,Knee,sit,-0.202032,0.970144,-0.061976,1.61,-4.13,-0.7,-75
1787064272571,108843,Knee,sit,-0.200568,0.970632,-0.059536,1.61,-3.99,-0.7,-75
1787064272571,108874,Knee,sit,-0.20008,0.970144,-0.060512,1.68,-3.99,-0.7,-75
1787064272571,108891,Knee,sit,-0.201544,0.969656,-0.060024,1.68,-3.99,-0.77,-75
1787064272571,108908,Knee,sit,-0.201056,0.970144,-0.060512,1.68,-4.06,-0.7,-75
1787064272571,108925,Knee,sit,-0.200568,0.972096,-0.060512,1.54,-4.06,-0.77,-75
1787064272571,108956,Knee,sit,-0.201056,0.97112,-0.060024,1.47,-4.2,-0.7,-75
1787064272571,108973,Knee,sit,-0.201056,0.970632,-0.059536,1.54,-4.13,-0.63,-75
1787064272571,108990,Knee,sit,-0.201056,0.97112,-0.060024,1.54,-4.13,-0.63,-75
1787064272571,109007,Knee,sit,-0.20008,0.971608,-0.05856,1.54,-4.13,-0.7,-75
1787064272571,109024,Knee,sit,-0.20008,0.971608,-0.057096,1.54,-4.13,-0.7,-75
1787064272927,109199,Knee,sit,-0.199104,0.969168,-0.059536,1.47,-4.13,-0.63,-81
1787064272927,109231,Knee,sit,-0.20008,0.971608,-0.05856,1.61,-4.06,-0.56,-81
1787064272927,109248,Knee,sit,-0.202032,0.971608,-0.05612,1.61,-4.13,-0.7,-81
1787064272927,109265,Knee,sit,-0.200568,0.971608,-0.056608,1.54,-4.2,-0.77,-81
1787064272927,109282,Knee,sit,-0.20008,0.970632,-0.056608,1.68,-4.13,-0.77,-81
1787064272927,109313,Knee,sit,-0.198616,0.971608,-0.059048,1.68,-4.13,-0.77,-81
1787064272927,109330,Knee,sit,-0.199104,0.969656,-0.061488,1.61,-4.13,-0.77,-81
1787064272927,109347,Knee,sit,-0.198128,0.969168,-0.062952,1.61,-4.06,-0.77,-81
1787064272927,109364,Knee,sit,-0.200568,0.970144,-0.063928,1.61,-4.06,-0.77,-81
1787064272927,109381,Knee,sit,-0.203008,0.970144,-0.063928,1.61,-3.99,-0.7,-81
1787064273285,109558,Knee,sit,-0.20008,0.969656,-0.060512,1.54,-3.99,-0.63,-80
1787064273285,109589,Knee,sit,-0.198616,0.970144,-0.060024,1.61,-4.06,-0.77,-80
1787064273285,109606,Knee,sit,-0.199592,0.970632,-0.05856,1.68,-4.06,-0.7,-80
1787064273285,109623,Knee,sit,-0.201056,0.971608,-0.058072,1.61,-3.99,-0.7,-80
1787064273285,109640,Knee,sit,-0.201056,0.969656,-0.059536,1.61,-4.13,-0.7,-80
1787064273285,109671,Knee,sit,-0.200568,0.969656,-0.061488,1.54,-4.2,-0.63,-80
1787064273285,109688,Knee,sit,-0.200568,0.970632,-0.062952,1.54,-4.13,-0.7,-80
1787064273285,109705,Knee,sit,-0.200568,0.97112,-0.061976,1.54,-4.13,-0.63,-80
1787064273285,109722,Knee,sit,-0.201056,0.97112,-0.061,1.47,-4.13,-0.63,-80
1787064273285,109739,Knee,sit,-0.201056,0.971608,-0.060024,1.47,-4.2,-0.7,-80
1787064273644,109914,Knee,sit,-0.200568,0.970144,-0.05856,1.61,-3.99,-0.7,-78
1787064273644,109946,Knee,sit,-0.201544,0.971608,-0.055632,1.68,-4.13,-0.63,-78
1787064273644,109963,Knee,sit,-0.201056,0.97112,-0.055144,1.54,-4.2,-0.63,-78
1787064273644,109980,Knee,sit,-0.199592,0.970632,-0.056608,1.54,-4.13,-0.7,-78
1787064273644,109997,Knee,sit,-0.199104,0.971608,-0.05856,1.68,-4.06,-0.7,-78
1787064273644,110028,Knee,sit,-0.200568,0.970144,-0.061488,1.68,-4.13,-0.7,-78
1787064273644,110045,Knee,sit,-0.200568,0.970632,-0.061,1.61,-4.06,-0.7,-78
1787064273644,110062,Knee,sit,-0.201056,0.969656,-0.061,1.54,-4.06,-0.7,-78
1787064273644,110079,Knee,sit,-0.20008,0.970144,-0.060512,1.61,-4.06,-0.7,-78
1787064273644,110096,Knee,sit,-0.199592,0.97112,-0.059536,1.61,-4.06,-0.7,-78
1787064274037,110271,Knee,sit,-0.200568,0.97112,-0.061,1.47,-4.13,-0.63,-78
1787064274037,110302,Knee,sit,-0.201056,0.97112,-0.059048,1.47,-4.13,-0.7,-78
1787064274037,110320,Knee,sit,-0.200568,0.970632,-0.058072,1.54,-4.13,-0.7,-78
1787064274037,110337,Knee,sit,-0.199592,0.97112,-0.058072,1.54,-4.13,-0.7,-78
1787064274037,110354,Knee,sit,-0.201056,0.970632,-0.05612,1.54,-4.2,-0.77,-78
1787064274037,110385,Knee,sit,-0.201056,0.970632,-0.058072,1.61,-4.13,-0.77,-78
1787064274037,110402,Knee,sit,-0.200568,0.970632,-0.059048,1.61,-4.13,-0.7,-78
1787064274037,110419,Knee,sit,-0.201544,0.970144,-0.059536,1.54,-4.06,-0.77,-78
1787064274037,110436,Knee,sit,-0.200568,0.970632,-0.060024,1.61,-4.13,-0.77,-78
1787064274037,110453,Knee,sit,-0.199592,0.97112,-0.060024,1.54,-4.13,-0.7,-78
1787064274357,110629,Knee,sit,-0.201544,0.970144,-0.05856,1.75,-3.99,-0.63,-77
1787064274357,110660,Knee,sit,-0.201056,0.970632,-0.056608,1.61,-4.06,-0.7,-77
1787064274357,110677,Knee,sit,-0.200568,0.970632,-0.057584,1.61,-4.06,-0.7,-77
1787064274357,110694,Knee,sit,-0.201056,0.97112,-0.059048,1.61,-4.13,-0.56,-77
1787064274357,110711,Knee,sit,-0.202032,0.970144,-0.060024,1.68,-4.13,-0.63,-77
1787064274357,110742,Knee,sit,-0.201056,0.970144,-0.061,1.68,-4.06,-0.7,-77
1787064274357,110759,Knee,sit,-0.201056,0.970144,-0.061,1.61,-3.99,-0.7,-77
1787064274357,110776,Knee,sit,-0.202032,0.97112,-0.061,1.68,-3.99,-0.7,-77
1787064274357,110792,Knee,sit,-0.201056,0.972096,-0.060024,1.61,-4.06,-0.63,-77
1787064274357,110809,Knee,sit,-0.202032,0.97112,-0.060024,1.54,-4.13,-0.7,-77
1787064274713,110985,Knee,sit,-0.198616,0.969656,-0.064416,1.47,-4.06,-0.77,-77
1787064274713,111016,Knee,sit,-0.201056,0.969656,-0.06344,1.4,-4.06,-0.7,-77
1787064274713,111033,Knee,sit,-0.201544,0.969656,-0.061488,1.4,-4.06,-0.63,-77
1787064274713,111050,Knee,sit,-0.202032,0.970632,-0.059536,1.33,-4.13,-0.63,-77
1787064274713,111067,Knee,sit,-0.202032,0.97112,-0.057584,1.33,-4.2,-0.63,-77
1787064274713,111098,Knee,sit,-0.20252,0.970632,-0.057096,1.4,-4.2,-0.63,-77
1787064274713,111115,Knee,sit,-0.202032,0.970144,-0.057584,1.4,-4.13,-0.7,-77
1787064274713,111132,Knee,sit,-0.203008,0.971608,-0.057096,1.47,-4.2,-0.7,-77
1787064274713,111149,Knee,sit,-0.20252,0.97112,-0.05856,1.47,-4.13,-0.63,-77
1787064274713,111166,Knee,sit,-0.200568,0.97112,-0.057096,1.47,-4.13,-0.7,-77
1787064275072,111341,Knee,sit,-0.199104,0.970144,-0.056608,1.75,-4.06,-0.7,-77
1787064275072,111372,Knee,sit,-0.201056,0.972096,-0.057096,1.82,-3.99,-0.7,-77
1787064275072,111389,Knee,sit,-0.201056,0.971608,-0.057584,1.75,-4.13,-0.7,-77
1787064275072,111406,Knee,sit,-0.201056,0.972096,-0.058072,1.75,-4.06,-0.84,-77
1787064275072,111423,Knee,sit,-0.199592,0.970632,-0.058072,1.82,-4.06,-0.84,-77
1787064275072,111454,Knee,sit,-0.202032,0.970632,-0.060512,1.82,-3.92,-0.77,-77
1787064275072,111470,Knee,sit,-0.202032,0.97112,-0.061,1.68,-3.99,-0.7,-77
1787064275072,111487,Knee,sit,-0.202032,0.970632,-0.062464,1.68,-3.99,-0.7,-77
1787064275072,111504,Knee,sit,-0.202032,0.970144,-0.061976,1.61,-4.06,-0.7,-77
1787064275072,111521,Knee,sit,-0.202032,0.971608,-0.059536,1.61,-4.06,-0.7,-77
1787064275428,111699,Knee,sit,-0.20008,0.970632,-0.06344,1.4,-4.13,-0.63,-76
1787064275428,111730,Knee,sit,-0.201544,0.970144,-0.06344,1.4,-4.06,-0.7,-76
1787064275428,111747,Knee,sit,-0.200568,0.969656,-0.061,1.4,-4.2,-0.7,-76
1787064275428,111764,Knee,sit,-0.200568,0.970632,-0.059536,1.33,-4.06,-0.63,-76
1787064275428,111781,Knee,sit,-0.20008,0.970144,-0.059048,1.4,-4.06,-0.63,-76
1787064275428,111812,Knee,sit,-0.202032,0.97112,-0.057096,1.47,-4.13,-0.7,-76
1787064275428,111829,Knee,sit,-0.203496,0.972096,-0.05612,1.4,-4.2,-0.7,-76
1787064275428,111847,Knee,sit,-0.202032,0.97112,-0.055632,1.4,-4.2,-0.7,-76
1787064275428,111864,Knee,sit,-0.200568,0.971608,-0.057096,1.47,-4.2,-0.77,-76
1787064275428,111881,Knee,sit,-0.198128,0.969656,-0.058072,1.54,-4.2,-0.77,-76
1787064275792,112056,Knee,sit,-0.198128,0.971608,-0.054168,1.75,-4.13,-0.7,-76
1787064275792,112087,Knee,sit,-0.202032,0.970632,-0.062464,2.03,-3.92,-0.56,-76
1787064275792,112104,Knee,sit,-0.202032,0.97112,-0.063928,1.96,-3.99,-0.49,-76
1787064275792,112121,Knee,sit,-0.203008,0.970144,-0.061488,1.82,-3.99,-0.56,-76
1787064275792,112138,Knee,sit,-0.203984,0.970632,-0.061,1.75,-4.06,-0.56,-76
1787064275792,112168,Knee,sit,-0.197152,0.97112,-0.05856,1.82,-4.13,-0.7,-76
1787064275792,112185,Knee,sit,-0.194224,0.970144,-0.057584,1.89,-4.13,-0.77,-76
1787064275792,112202,Knee,sit,-0.19276,0.971608,-0.057584,1.89,-4.13,-0.77,-76
1787064275792,112219,Knee,sit,-0.194224,0.972096,-0.061,1.82,-4.13,-0.84,-76
1787064275792,112236,Knee,sit,-0.194712,0.970632,-0.06588,1.68,-4.06,-0.84,-76
1787064276147,112412,Knee,sit,-0.201056,0.97112,-0.052216,1.19,-4.2,-0.56,-76
1787064276147,112443,Knee,sit,-0.203008,0.970632,-0.05124,1.47,-4.06,-0.7,-76
1787064276147,112460,Knee,sit,-0.203008,0.972096,-0.05368,1.68,-3.99,-0.63,-76
1787064276147,112477,Knee,sit,-0.203008,0.971608,-0.055144,1.75,-4.06,-0.7,-76
1787064276147,112494,Knee,sit,-0.203008,0.97112,-0.056608,1.75,-4.06,-0.7,-76
1787064276147,112525,Knee,sit,-0.201544,0.971608,-0.057584,1.82,-4.06,-0.77,-76
1787064276147,112542,Knee,sit,-0.201056,0.970632,-0.059048,1.89,-3.99,-0.77,-76
1787064276147,112559,Knee,sit,-0.20008,0.970632,-0.060512,1.89,-4.06,-0.77,-76
1787064276147,112576,Knee,sit,-0.199104,0.970144,-0.059536,1.82,-4.13,-0.7,-76
1787064276147,112593,Knee,sit,-0.198616,0.970632,-0.061488,1.75,-4.13,-0.7,-76
1787064276503,112771,Knee,sit,-0.201056,0.970144,-0.061976,1.4,-4.06,-0.7,-76
1787064276503,112802,Knee,sit,-0.203008,0.969168,-0.061976,1.47,-4.06,-0.63,-76
1787064276503,112819,Knee,sit,-0.204472,0.970632,-0.060024,1.47,-4.06,-0.56,-76
1787064276503,112837,Knee,sit,-0.204472,0.972584,-0.058072,1.47,-4.13,-0.56,-76
1787064276503,112854,Knee,sit,-0.202032,0.971608,-0.056608,1.33,-4.27,-0.56,-76
1787064276503,112884,Knee,sit,-0.200568,0.97112,-0.055632,1.4,-4.27,-0.63,-76
1787064276503,112901,Knee,sit,-0.199104,0.970144,-0.056608,1.54,-4.2,-0.63,-76
1787064276503,112918,Knee,sit,-0.19764,0.970632,-0.057096,1.61,-4.2,-0.7,-76
1787064276503,112935,Knee,sit,-0.197152,0.97112,-0.059536,1.68,-4.06,-0.7,-76
1787064276503,112952,Knee,sit,-0.198128,0.971608,-0.060024,1.68,-4.06,-0.7,-76
1787064276876,113128,Knee,sit,-0.20008,0.970632,-0.060024,1.61,-4.06,-0.7,-75
1787064276876,113159,Knee,sit,-0.201056,0.970632,-0.061976,1.54,-4.06,-0.7,-75
1787064276876,113176,Knee,sit,-0.202032,0.970144,-0.060024,1.54,-4.06,-0.7,-75
1787064276876,113193,Knee,sit,-0.20252,0.971608,-0.060024,1.61,-4.06,-0.77,-75
1787064276876,113210,Knee,sit,-0.202032,0.970632,-0.05856,1.61,-4.06,-0.77,-75
1787064276876,113241,Knee,sit,-0.201056,0.972096,-0.060024,1.54,-4.13,-0.77,-75
1787064276876,113258,Knee,sit,-0.200568,0.970144,-0.060024,1.47,-4.2,-0.7,-75
1787064276876,113275,Knee,sit,-0.200568,0.970144,-0.061,1.54,-4.13,-0.63,-75
1787064276876,113292,Knee,sit,-0.201056,0.97112,-0.060512,1.54,-4.13,-0.7,-75
1787064276876,113309,Knee,sit,-0.202032,0.970632,-0.059048,1.54,-4.13,-0.77,-75
1787064277221,113485,Knee,sit,-0.201056,0.970632,-0.060512,1.54,-4.06,-0.63,-76
1787064277221,113516,Knee,sit,-0.200568,0.970144,-0.057584,1.54,-4.13,-0.63,-76
1787064277221,113533,Knee,sit,-0.200568,0.972096,-0.05856,1.47,-4.06,-0.7,-76
1787064277221,113549,Knee,sit,-0.199104,0.970144,-0.058072,1.54,-4.06,-0.77,-76
1787064277221,113566,Knee,sit,-0.199592,0.970632,-0.058072,1.61,-4.06,-0.7,-76
1787064277221,113597,Knee,sit,-0.202032,0.971608,-0.059536,1.54,-4.2,-0.7,-76
1787064277221,113614,Knee,sit,-0.201056,0.97112,-0.059536,1.47,-4.2,-0.7,-76
1787064277221,113631,Knee,sit,-0.201056,0.97112,-0.061,1.47,-4.2,-0.63,-76
1787064277221,113648,Knee,sit,-0.20008,0.97112,-0.060024,1.54,-4.2,-0.7,-76
1787064277221,113666,Knee,sit,-0.198616,0.970632,-0.059536,1.61,-4.13,-0.7,-76
1787064277580,113843,Knee,sit,-0.199592,0.971608,-0.058072,1.61,-4.06,-0.63,-76
1787064277580,113875,Knee,sit,-0.201056,0.97112,-0.059536,1.61,-4.06,-0.7,-76
1787064277580,113892,Knee,sit,-0.202032,0.97112,-0.059536,1.68,-4.06,-0.7,-76
1787064277580,113909,Knee,sit,-0.202032,0.97112,-0.05856,1.61,-4.13,-0.84,-76
1787064277580,113926,Knee,sit,-0.200568,0.97112,-0.060024,1.61,-4.13,-0.77,-76
1787064277580,113957,Knee,sit,-0.201056,0.970144,-0.059048,1.61,-4.13,-0.7,-76
1787064277580,113974,Knee,sit,-0.201056,0.969656,-0.060024,1.61,-4.06,-0.7,-76
1787064277580,113991,Knee,sit,-0.202032,0.97112,-0.05856,1.61,-4.06,-0.7,-76
1787064277580,114008,Knee,sit,-0.201544,0.970632,-0.059048,1.54,-4.06,-0.7,-76
1787064277580,114025,Knee,sit,-0.199592,0.970144,-0.059048,1.61,-4.13,-0.7,-76
1787064277937,114202,Knee,sit,-0.201056,0.970632,-0.059536,1.47,-4.06,-0.7,-76
1787064277937,114232,Knee,sit,-0.20008,0.970632,-0.059048,1.61,-4.06,-0.63,-76
1787064277937,114249,Knee,sit,-0.201056,0.969656,-0.058072,1.61,-4.13,-0.63,-76
1787064277937,114266,Knee,sit,-0.199592,0.970632,-0.057096,1.61,-4.13,-0.7,-76
1787064277937,114283,Knee,sit,-0.19764,0.970144,-0.059048,1.54,-4.13,-0.77,-76
1787064277937,114314,Knee,sit,-0.200568,0.970144,-0.059536,1.68,-4.06,-0.7,-76
1787064277937,114331,Knee,sit,-0.203496,0.97112,-0.060024,1.68,-4.06,-0.63,-76
1787064277937,114348,Knee,sit,-0.202032,0.97112,-0.059536,1.61,-4.2,-0.63,-76
1787064277937,114365,Knee,sit,-0.200568,0.970632,-0.058072,1.54,-4.2,-0.7,-76
1787064277937,114382,Knee,sit,-0.199592,0.970144,-0.059048,1.54,-4.06,-0.77,-76
1787064278301,114559,Knee,sit,-0.200568,0.97112,-0.057584,1.54,-4.06,-0.7,-76
1787064278301,114590,Knee,sit,-0.20008,0.97112,-0.057584,1.54,-4.13,-0.7,-76
1787064278301,114607,Knee,sit,-0.200568,0.970144,-0.057584,1.54,-4.06,-0.7,-76
1787064278301,114624,Knee,sit,-0.20008,0.970144,-0.05856,1.61,-4.06,-0.77,-76
1787064278301,114641,Knee,sit,-0.200568,0.97112,-0.05856,1.68,-4.06,-0.77,-76
1787064278301,114672,Knee,sit,-0.199592,0.970632,-0.059536,1.61,-4.13,-0.7,-76
1787064278301,114689,Knee,sit,-0.200568,0.970144,-0.060512,1.61,-4.13,-0.7,-76
1787064278301,114706,Knee,sit,-0.200568,0.970144,-0.060024,1.68,-4.13,-0.77,-76
1787064278301,114723,Knee,sit,-0.201056,0.970632,-0.060024,1.61,-4.06,-0.77,-76
1787064278301,114740,Knee,sit,-0.202032,0.970632,-0.060512,1.54,-4.13,-0.77,-76
1787064278669,114917,Knee,sit,-0.200568,0.970144,-0.060512,1.54,-4.13,-0.63,-76
1787064278669,114948,Knee,sit,-0.20008,0.970632,-0.058072,1.54,-4.06,-0.7,-76
1787064278669,114965,Knee,sit,-0.20008,0.970144,-0.057584,1.54,-4.06,-0.7,-76
1787064278669,114982,Knee,sit,-0.20008,0.970144,-0.05856,1.47,-4.13,-0.7,-76
1787064278669,114999,Knee,sit,-0.20008,0.970144,-0.058072,1.61,-4.06,-0.7,-76
1787064278669,115030,Knee,sit,-0.200568,0.970632,-0.060512,1.54,-4.13,-0.77,-76
1787064278669,115047,Knee,sit,-0.20008,0.970144,-0.061,1.54,-4.13,-0.77,-76
1787064278669,115064,Knee,sit,-0.202032,0.970632,-0.061488,1.61,-4.06,-0.7,-76
1787064278669,115081,Knee,sit,-0.20252,0.971608,-0.05856,1.68,-4.06,-0.63,-76
1787064278669,115098,Knee,sit,-0.202032,0.971608,-0.058072,1.68,-4.13,-0.63,-76
1787064279008,115274,Knee,sit,-0.200568,0.970632,-0.059536,1.47,-4.06,-0.7,-76
1787064279008,115305,Knee,sit,-0.20008,0.970632,-0.059048,1.61,-4.06,-0.7,-76
1787064279008,115322,Knee,sit,-0.199592,0.972096,-0.05612,1.61,-4.06,-0.7,-76
1787064279008,115339,Knee,sit,-0.199592,0.970144,-0.057096,1.61,-4.06,-0.7,-76
1787064279008,115356,Knee,sit,-0.199592,0.97112,-0.05856,1.54,-4.13,-0.63,-76
1787064279008,115387,Knee,sit,-0.201056,0.970144,-0.060024,1.68,-4.06,-0.63,-76
1787064279008,115404,Knee,sit,-0.200568,0.970632,-0.061,1.61,-4.06,-0.7,-76
1787064279008,115421,Knee,sit,-0.20252,0.969656,-0.060512,1.61,-4.13,-0.77,-76
1787064279008,115438,Knee,sit,-0.199592,0.969656,-0.060512,1.54,-4.13,-0.7,-76
1787064279008,115455,Knee,sit,-0.20008,0.970632,-0.060024,1.54,-4.06,-0.77,-76
1787064279377,115630,Knee,sit,-0.198616,0.969656,-0.05856,1.61,-4.06,-0.7,-76
1787064279377,115661,Knee,sit,-0.202032,0.97112,-0.059048,1.61,-3.99,-0.63,-76
1787064279377,115678,Knee,sit,-0.200568,0.97112,-0.059048,1.54,-3.99,-0.77,-76
1787064279377,115695,Knee,sit,-0.206424,0.97112,-0.055144,1.75,-3.78,-0.7,-76
1787064279377,115712,Knee,sit,-0.211792,0.971608,-0.053192,1.96,-3.85,-0.84,-76
1787064279377,115743,Knee,sit,-0.203496,0.975024,-0.051728,1.68,-4.48,-1.05,-76
1787064279377,115760,Knee,sit,-0.193736,0.972096,-0.059048,1.4,-4.69,-1.05,-76
1787064279377,115777,Knee,sit,-0.179096,0.966728,-0.064416,1.4,-4.69,-0.91,-76
1787064279377,115794,Knee,sit,-0.179584,0.963312,-0.071248,1.82,-4.13,-0.7,-76
1787064279377,115811,Knee,sit,-0.196664,0.965752,-0.07564,2.17,-3.78,-0.56,-76
1787064279724,115988,Knee,sit,-0.220088,0.975512,-0.049776,2.17,-3.57,-0.84,-78
1787064279724,116019,Knee,sit,-0.194712,0.97356,-0.050752,1.54,-4.48,-1.12,-78
1787064279724,116036,Knee,sit,-0.178608,0.969656,-0.059536,1.4,-4.27,-0.98,-78
1787064279724,116053,Knee,sit,-0.179096,0.965264,-0.065392,2.03,-3.99,-0.77,-78
1787064279724,116070,Knee,sit,-0.18788,0.9638,-0.074664,2.24,-3.92,-0.7,-78
1787064279724,116101,Knee,sit,-0.205448,0.969168,-0.070272,1.4,-3.99,-0.7,-78
1787064279724,116118,Knee,sit,-0.213744,0.970632,-0.066856,1.26,-3.92,-0.84,-78
1787064279724,116135,Knee,sit,-0.211792,0.970632,-0.062952,1.4,-3.99,-0.84,-78
1787064279724,116152,Knee,sit,-0.202032,0.971608,-0.057584,1.4,-4.27,-0.63,-78
1787064279724,116168,Knee,sit,-0.191296,0.972584,-0.054656,1.12,-4.55,-0.56,-78
1787064280087,116345,Knee,sit,-0.206912,0.969168,-0.070272,1.61,-4.13,-0.63,-81
1787064280087,116376,Knee,sit,-0.20984,0.970632,-0.06588,1.61,-3.99,-0.91,-81
1787064280087,116393,Knee,sit,-0.204472,0.97112,-0.063928,1.33,-4.13,-0.84,-81
1787064280087,116410,Knee,sit,-0.195688,0.970632,-0.065392,1.05,-4.27,-0.77,-81
1787064280087,116427,Knee,sit,-0.194712,0.969656,-0.06588,0.91,-4.48,-0.35,-81
1787064280087,116458,Knee,sit,-0.20496,0.969656,-0.061,0.98,-4.41,-0.21,-81
1787064280087,116475,Knee,sit,-0.208376,0.970144,-0.054168,1.05,-4.27,-0.35,-81
1787064280087,116492,Knee,sit,-0.21228,0.973072,-0.044408,1.12,-3.85,-0.7,-81
1787064280087,116509,Knee,sit,-0.206424,0.975512,-0.04148,1.47,-3.78,-0.84,-81
1787064280087,116526,Knee,sit,-0.202032,0.973072,-0.040992,1.68,-4.06,-0.84,-81
1787064280443,116703,Knee,sit,-0.201056,0.970632,-0.05856,0.98,-4.27,-0.35,-81
1787064280443,116734,Knee,sit,-0.206912,0.97356,-0.047824,1.12,-4.13,-0.56,-81
1787064280443,116751,Knee,sit,-0.207888,0.972584,-0.047824,1.26,-4.2,-0.7,-81
1787064280443,116768,Knee,sit,-0.199592,0.972584,-0.045872,1.33,-4.2,-0.77,-81
1787064280443,116784,Knee,sit,-0.194224,0.971608,-0.045384,1.61,-3.99,-0.77,-81
1787064280443,116815,Knee,sit,-0.195688,0.970144,-0.053192,2.1,-3.64,-0.77,-81
1787064280443,116832,Knee,sit,-0.20008,0.97112,-0.060512,2.17,-3.71,-0.84,-81
1787064280443,116849,Knee,sit,-0.203008,0.969656,-0.066856,1.96,-3.99,-0.84,-81
1787064280443,116866,Knee,sit,-0.203008,0.969168,-0.068808,1.75,-4.34,-0.84,-81
1787064280443,116883,Knee,sit,-0.202032,0.96868,-0.069296,1.75,-4.2,-0.91,-81
1787064280807,117061,Knee,sit,-0.198128,0.972584,-0.0488,1.89,-3.99,-0.77,-81
1787064280807,117092,Knee,sit,-0.1952,0.97112,-0.05612,1.96,-4.13,-0.84,-81
1787064280807,117109,Knee,sit,-0.199104,0.969168,-0.063928,2.03,-3.99,-0.91,-81
1787064280807,117126,Knee,sit,-0.200568,0.969656,-0.06832,2.03,-3.92,-0.98,-81
1787064280807,117143,Knee,sit,-0.20252,0.96868,-0.069784,1.89,-3.78,-0.98,-81
1787064280807,117174,Knee,sit,-0.205936,0.969168,-0.069784,1.47,-4.06,-0.77,-81
1787064280807,117191,Knee,sit,-0.206424,0.970144,-0.065392,1.26,-4.2,-0.56,-81
1787064280807,117208,Knee,sit,-0.204472,0.969656,-0.059536,1.26,-4.34,-0.49,-81
1787064280807,117225,Knee,sit,-0.20252,0.970632,-0.055144,1.19,-4.27,-0.56,-81
1787064280807,117242,Knee,sit,-0.19764,0.97112,-0.054168,1.19,-4.2,-0.56,-81
1787064281160,117418,Knee,sit,-0.20252,0.970632,-0.060512,1.54,-3.99,-0.56,-81
1787064281160,117450,Knee,sit,-0.20252,0.970144,-0.060024,1.54,-4.06,-0.63,-81
1787064281160,117466,Knee,sit,-0.201544,0.97112,-0.058072,1.4,-4.2,-0.63,-81
1787064281160,117483,Knee,sit,-0.201056,0.970144,-0.059536,1.4,-4.2,-0.63,-81
1787064281160,117500,Knee,sit,-0.199592,0.97112,-0.058072,1.47,-4.2,-0.7,-81
1787064281160,117531,Knee,sit,-0.198128,0.972096,-0.057096,1.61,-3.99,-0.7,-81
1787064281160,117548,Knee,sit,-0.198616,0.97112,-0.05612,1.68,-3.99,-0.77,-81
1787064281160,117565,Knee,sit,-0.199592,0.971608,-0.057096,1.68,-4.06,-0.77,-81
1787064281160,117582,Knee,sit,-0.199104,0.971608,-0.057584,1.75,-3.99,-0.77,-81
1787064281160,117598,Knee,sit,-0.199592,0.97112,-0.058072,1.68,-4.06,-0.77,-81
1787064281514,117774,Knee,sit,-0.20008,0.970632,-0.057584,1.54,-4.13,-0.7,-76
1787064281514,117805,Knee,sit,-0.199104,0.97112,-0.059048,1.61,-4.13,-0.63,-76
1787064281514,117822,Knee,sit,-0.200568,0.970144,-0.059048,1.61,-4.06,-0.7,-76
1787064281514,117839,Knee,sit,-0.201056,0.970632,-0.05856,1.61,-4.13,-0.7,-76
1787064281514,117856,Knee,sit,-0.199104,0.970632,-0.059536,1.54,-4.06,-0.63,-76
1787064281514,117887,Knee,sit,-0.20252,0.969656,-0.061488,1.54,-4.06,-0.7,-76
1787064281514,117904,Knee,sit,-0.20252,0.970632,-0.061,1.61,-4.06,-0.7,-76
1787064281514,117921,Knee,sit,-0.200568,0.969656,-0.060512,1.47,-4.06,-0.7,-76
1787064281514,117938,Knee,sit,-0.201056,0.970632,-0.059536,1.54,-4.13,-0.7,-76
1787064281514,117955,Knee,sit,-0.199592,0.970144,-0.059536,1.54,-4.06,-0.77,-76
1787064281872,118131,Knee,sit,-0.200568,0.97112,-0.061488,1.61,-4.06,-0.63,-76
1787064281872,118162,Knee,sit,-0.201056,0.970144,-0.061976,1.54,-4.06,-0.63,-76
1787064281872,118178,Knee,sit,-0.201056,0.970632,-0.060512,1.54,-4.06,-0.63,-76
1787064281872,118196,Knee,sit,-0.201056,0.970144,-0.060024,1.54,-4.13,-0.7,-76
1787064281872,118213,Knee,sit,-0.201056,0.970144,-0.059536,1.54,-4.13,-0.7,-76
1787064281872,118244,Knee,sit,-0.20008,0.97112,-0.057584,1.54,-4.13,-0.77,-76
1787064281872,118261,Knee,sit,-0.200568,0.97112,-0.057096,1.54,-4.06,-0.77,-76
1787064281872,118278,Knee,sit,-0.20008,0.97112,-0.058072,1.61,-4.06,-0.77,-76
1787064281872,118295,Knee,sit,-0.20008,0.970144,-0.059536,1.61,-4.06,-0.7,-76
1787064281872,118312,Knee,sit,-0.201056,0.97112,-0.05856,1.61,-4.13,-0.77,-76
1787064282228,118488,Knee,sit,-0.201544,0.969656,-0.059536,1.54,-4.06,-0.63,-76
1787064282228,118519,Knee,sit,-0.200568,0.97112,-0.059048,1.54,-4.13,-0.63,-76
1787064282228,118536,Knee,sit,-0.199592,0.97112,-0.05856,1.61,-4.13,-0.63,-76
1787064282228,118553,Knee,sit,-0.199592,0.969656,-0.057584,1.54,-4.13,-0.63,-76
1787064282228,118570,Knee,sit,-0.198128,0.970632,-0.059048,1.47,-4.13,-0.7,-76
1787064282228,118601,Knee,sit,-0.201056,0.970632,-0.061,1.61,-4.06,-0.7,-76
1787064282228,118618,Knee,sit,-0.202032,0.969656,-0.060024,1.61,-4.06,-0.63,-76
1787064282228,118635,Knee,sit,-0.201544,0.970144,-0.060024,1.54,-4.13,-0.7,-76
1787064282228,118652,Knee,sit,-0.20008,0.970632,-0.05856,1.47,-4.13,-0.77,-76
1787064282228,118669,Knee,sit,-0.198616,0.970632,-0.05856,1.47,-4.13,-0.77,-76
1787064282617,118845,Knee,sit,-0.200568,0.969656,-0.06344,1.61,-4.06,-0.63,-72
1787064282617,118875,Knee,sit,-0.201544,0.97112,-0.060512,1.54,-4.06,-0.63,-72
1787064282617,118893,Knee,sit,-0.201544,0.97112,-0.060024,1.47,-4.06,-0.63,-72
1787064282617,118910,Knee,sit,-0.201056,0.972096,-0.058072,1.4,-4.13,-0.7,-72
1787064282617,118927,Knee,sit,-0.200568,0.971608,-0.057584,1.54,-4.13,-0.7,-72
1787064282617,118958,Knee,sit,-0.200568,0.97112,-0.056608,1.61,-4.06,-0.7,-72
1787064282617,118975,Knee,sit,-0.199104,0.972096,-0.059048,1.61,-4.06,-0.77,-72
1787064282617,118992,Knee,sit,-0.20008,0.970144,-0.059536,1.68,-4.06,-0.77,-72
1787064282617,119009,Knee,sit,-0.201544,0.970144,-0.061,1.68,-4.06,-0.7,-72
1787064282617,119026,Knee,sit,-0.201056,0.97112,-0.061488,1.68,-4.06,-0.7,-72
1787064282944,119202,Knee,sit,-0.20252,0.970632,-0.060024,1.54,-4.13,-0.63,-75
1787064282944,119233,Knee,sit,-0.201056,0.970144,-0.05856,1.54,-4.06,-0.63,-75
1787064282944,119250,Knee,sit,-0.199592,0.970144,-0.05856,1.61,-3.99,-0.7,-75
1787064282944,119267,Knee,sit,-0.201056,0.970144,-0.058072,1.61,-4.06,-0.7,-75
1787064282944,119284,Knee,sit,-0.20008,0.970632,-0.059536,1.61,-4.06,-0.63,-75
1787064282944,119315,Knee,sit,-0.201544,0.971608,-0.061976,1.61,-4.13,-0.7,-75
1787064282944,119332,Knee,sit,-0.202032,0.970144,-0.060512,1.61,-4.06,-0.7,-75
1787064282944,119349,Knee,sit,-0.20252,0.97112,-0.061,1.54,-4.13,-0.63,-75
1787064282944,119366,Knee,sit,-0.201056,0.970632,-0.060024,1.54,-4.13,-0.7,-75
1787064282944,119383,Knee,sit,-0.198616,0.970632,-0.059536,1.54,-4.13,-0.77,-75
1787064283406,119558,Knee,sit,-0.201056,0.970144,-0.061976,1.54,-4.06,-0.63,-75
1787064283406,119589,Knee,sit,-0.199104,0.971608,-0.059536,1.61,-4.06,-0.63,-75
1787064283406,119606,Knee,sit,-0.201544,0.972096,-0.061,1.47,-4.06,-0.63,-75
1787064283406,119623,Knee,sit,-0.201056,0.970144,-0.060024,1.47,-4.13,-0.63,-75
1787064283406,119640,Knee,sit,-0.201544,0.97112,-0.05856,1.54,-4.13,-0.63,-75
1787064283406,119671,Knee,sit,-0.200568,0.97112,-0.057584,1.54,-4.06,-0.7,-75
1787064283406,119688,Knee,sit,-0.20008,0.97112,-0.05856,1.54,-3.99,-0.77,-75
1787064283406,119705,Knee,sit,-0.20008,0.97112,-0.05856,1.54,-4.06,-0.7,-75
1787064283406,119722,Knee,sit,-0.200568,0.970632,-0.059536,1.61,-4.06,-0.77,-75
1787064283406,119739,Knee,sit,-0.199592,0.970632,-0.059048,1.68,-4.06,-0.7,-75
1787064283657,119914,Knee,sit,-0.202032,0.97112,-0.05856,1.61,-4.06,-0.7,-76
1787064283657,119945,Knee,sit,-0.20008,0.970632,-0.059536,1.54,-4.13,-0.63,-76
1787064283657,119962,Knee,sit,-0.20008,0.970632,-0.060024,1.54,-4.13,-0.7,-76
1787064283657,119979,Knee,sit,-0.20008,0.969656,-0.060024,1.61,-4.13,-0.63,-76
1787064283657,119996,Knee,sit,-0.199104,0.970144,-0.060024,1.61,-4.06,-0.7,-76
1787064283657,120028,Knee,sit,-0.201544,0.969656,-0.059536,1.61,-4.06,-0.7,-76
1787064283657,120045,Knee,sit,-0.201056,0.971608,-0.060024,1.68,-3.99,-0.7,-76
1787064283657,120062,Knee,sit,-0.200568,0.971608,-0.056608,1.61,-4.06,-0.7,-76
1787064283657,120079,Knee,sit,-0.20008,0.97112,-0.058072,1.54,-4.2,-0.7,-76
1787064283657,120096,Knee,sit,-0.199104,0.970144,-0.059048,1.54,-4.13,-0.77,-76
1787064284016,120272,Knee,sit,-0.201544,0.970632,-0.062464,1.61,-4.06,-0.7,-76
1787064284016,120304,Knee,sit,-0.201544,0.970144,-0.060512,1.47,-4.13,-0.63,-76
1787064284016,120321,Knee,sit,-0.198616,0.970632,-0.061,1.47,-4.13,-0.7,-76
1787064284016,120338,Knee,sit,-0.200568,0.969656,-0.059048,1.54,-4.06,-0.7,-76
1787064284016,120355,Knee,sit,-0.201056,0.971608,-0.059536,1.61,-4.06,-0.77,-76
1787064284016,120386,Knee,sit,-0.202032,0.970632,-0.05856,1.54,-4.13,-0.7,-76
1787064284016,120403,Knee,sit,-0.20008,0.970144,-0.059048,1.54,-4.2,-0.7,-76
1787064284016,120420,Knee,sit,-0.201056,0.970632,-0.059536,1.54,-4.13,-0.63,-76
1787064284016,120437,Knee,sit,-0.202032,0.971608,-0.059048,1.61,-4.13,-0.7,-76
1787064284016,120454,Knee,sit,-0.199592,0.97112,-0.05856,1.61,-4.13,-0.77,-76
1787064284375,120630,Knee,sit,-0.20008,0.970632,-0.059048,1.54,-4.13,-0.7,-76
1787064284375,120661,Knee,sit,-0.199592,0.970632,-0.059536,1.61,-4.06,-0.7,-76
1787064284375,120678,Knee,sit,-0.199592,0.970632,-0.05856,1.61,-4.06,-0.7,-76
1787064284375,120696,Knee,sit,-0.200568,0.970144,-0.060512,1.54,-4.06,-0.7,-76
1787064284375,120713,Knee,sit,-0.201056,0.970632,-0.060512,1.54,-4.06,-0.7,-76
1787064284375,120744,Knee,sit,-0.20252,0.970632,-0.060024,1.61,-4.06,-0.77,-76
1787064284375,120761,Knee,sit,-0.20252,0.970632,-0.05856,1.61,-4.13,-0.7,-76
1787064284375,120777,Knee,sit,-0.201544,0.971608,-0.05856,1.54,-4.13,-0.77,-76
1787064284375,120794,Knee,sit,-0.199104,0.97112,-0.059048,1.61,-4.06,-0.7,-76
1787064284375,120811,Knee,sit,-0.199592,0.970632,-0.058072,1.68,-3.99,-0.7,-76
1787064284736,120987,Knee,sit,-0.202032,0.97112,-0.061976,1.33,-4.06,-0.56,-76
1787064284736,121018,Knee,sit,-0.202032,0.97112,-0.057096,1.26,-4.13,-0.56,-76
1787064284736,121035,Knee,sit,-0.201544,0.972096,-0.05612,1.26,-4.13,-0.63,-76
1787064284736,121052,Knee,sit,-0.201056,0.972584,-0.055144,1.4,-4.2,-0.56,-76
1787064284736,121069,Knee,sit,-0.20008,0.971608,-0.054656,1.47,-4.2,-0.63,-76
1787064284736,121100,Knee,sit,-0.199592,0.969656,-0.05612,1.47,-4.13,-0.7,-76
1787064284736,121117,Knee,sit,-0.199592,0.969168,-0.059048,1.54,-3.99,-0.7,-76
1787064284736,121134,Knee,sit,-0.20252,0.969656,-0.059048,1.61,-3.99,-0.63,-76
1787064284736,121151,Knee,sit,-0.203008,0.971608,-0.059536,1.61,-4.06,-0.63,-76
1787064284736,121168,Knee,sit,-0.203984,0.97112,-0.05856,1.54,-4.06,-0.7,-76
1787064285087,121344,Knee,sit,-0.199592,0.970632,-0.05856,1.75,-3.92,-0.7,-71
1787064285087,121375,Knee,sit,-0.201056,0.97112,-0.058072,1.75,-3.99,-0.7,-71
1787064285087,121392,Knee,sit,-0.201056,0.970632,-0.060024,1.75,-3.99,-0.77,-71
1787064285087,121409,Knee,sit,-0.20008,0.971608,-0.059536,1.75,-3.99,-0.77,-71
1787064285087,121426,Knee,sit,-0.20252,0.970144,-0.060024,1.75,-3.99,-0.77,-71
1787064285087,121456,Knee,sit,-0.203008,0.970632,-0.061488,1.68,-4.2,-0.7,-71
1787064285087,121473,Knee,sit,-0.201544,0.97112,-0.061976,1.68,-4.13,-0.7,-71
1787064285087,121490,Knee,sit,-0.19764,0.969656,-0.062952,1.61,-4.13,-0.7,-71
1787064285087,121507,Knee,sit,-0.198128,0.969656,-0.06344,1.68,-3.99,-0.7,-71
1787064285087,121524,Knee,sit,-0.199592,0.97112,-0.06344,1.68,-3.92,-0.7,-71
1787064285452,121700,Knee,sit,-0.201544,0.971608,-0.057584,1.26,-4.13,-0.56,-77
1787064285452,121731,Knee,sit,-0.20252,0.970144,-0.058072,1.4,-4.13,-0.63,-77
1787064285452,121748,Knee,sit,-0.201544,0.970144,-0.058072,1.47,-4.13,-0.7,-77
1787064285452,121765,Knee,sit,-0.201544,0.970632,-0.057584,1.54,-4.2,-0.63,-77
1787064285452,121782,Knee,sit,-0.200568,0.970144,-0.055632,1.54,-4.2,-0.7,-77
1787064285452,121813,Knee,sit,-0.20008,0.97112,-0.05612,1.61,-4.13,-0.77,-77
1787064285452,121830,Knee,sit,-0.20008,0.970632,-0.055632,1.68,-4.06,-0.77,-77
1787064285452,121847,Knee,sit,-0.20008,0.970632,-0.058072,1.75,-4.06,-0.7,-77
1787064285452,121864,Knee,sit,-0.200568,0.97112,-0.059536,1.75,-3.99,-0.7,-77
1787064285452,121881,Knee,sit,-0.201544,0.970632,-0.060024,1.68,-4.13,-0.77,-77
1787064285804,122058,Knee,sit,-0.201056,0.970144,-0.060024,1.61,-3.99,-0.7,-78
1787064285804,122088,Knee,sit,-0.201056,0.97112,-0.05856,1.61,-4.06,-0.63,-78
1787064285804,122105,Knee,sit,-0.199104,0.97112,-0.05856,1.61,-4.06,-0.63,-78
1787064285804,122122,Knee,sit,-0.199592,0.97112,-0.058072,1.68,-3.99,-0.7,-78
1787064285804,122139,Knee,sit,-0.201544,0.970144,-0.059048,1.68,-4.06,-0.7,-78
1787064285804,122170,Knee,sit,-0.203496,0.970144,-0.060024,1.68,-4.13,-0.7,-78
1787064285804,122187,Knee,sit,-0.201056,0.97112,-0.060024,1.61,-4.13,-0.7,-78
1787064285804,122204,Knee,sit,-0.20008,0.97112,-0.060024,1.61,-4.06,-0.77,-78
1787064285804,122221,Knee,sit,-0.201544,0.97112,-0.059536,1.68,-4.06,-0.7,-78
1787064285804,122238,Knee,sit,-0.200568,0.970632,-0.05856,1.75,-3.99,-0.63,-78
1787064286171,122414,Knee,sit,-0.202032,0.97112,-0.061976,1.4,-4.06,-0.7,-78
1787064286171,122445,Knee,sit,-0.201544,0.970632,-0.061976,1.4,-4.06,-0.7,-78
1787064286171,122462,Knee,sit,-0.20252,0.970144,-0.060024,1.4,-4.06,-0.7,-78
1787064286171,122480,Knee,sit,-0.201544,0.97112,-0.05856,1.4,-4.13,-0.7,-78
1787064286171,122497,Knee,sit,-0.201544,0.971608,-0.056608,1.33,-4.13,-0.7,-78
1787064286171,122528,Knee,sit,-0.199592,0.970144,-0.056608,1.4,-4.13,-0.7,-78
1787064286171,122545,Knee,sit,-0.200568,0.970632,-0.059048,1.47,-4.06,-0.7,-78
1787064286171,122562,Knee,sit,-0.200568,0.969656,-0.058072,1.4,-4.13,-0.63,-78
1787064286171,122579,Knee,sit,-0.203008,0.971608,-0.059048,1.47,-4.13,-0.63,-78
1787064286171,122596,Knee,sit,-0.200568,0.97112,-0.060024,1.4,-4.27,-0.63,-78
1787064286519,122772,Knee,sit,-0.201056,0.97112,-0.060024,1.68,-4.06,-0.7,-78
1787064286519,122802,Knee,sit,-0.199104,0.971608,-0.059048,1.68,-4.13,-0.7,-78
1787064286519,122819,Knee,sit,-0.20008,0.970632,-0.059536,1.75,-4.06,-0.7,-78
1787064286519,122836,Knee,sit,-0.199592,0.969656,-0.060024,1.75,-4.06,-0.7,-78
1787064286519,122853,Knee,sit,-0.20008,0.970144,-0.060512,1.61,-4.06,-0.77,-78
1787064286519,122884,Knee,sit,-0.20252,0.970144,-0.061,1.61,-4.06,-0.7,-78
1787064286519,122901,Knee,sit,-0.203008,0.969656,-0.060512,1.61,-4.06,-0.7,-78
1787064286519,122918,Knee,sit,-0.20252,0.970632,-0.061,1.61,-4.13,-0.7,-78
1787064286519,122935,Knee,sit,-0.20008,0.970144,-0.060512,1.54,-4.13,-0.7,-78
1787064286519,122952,Knee,sit,-0.201056,0.97112,-0.059048,1.54,-4.06,-0.7,-78
1787064286876,123128,Knee,sit,-0.20008,0.969168,-0.062952,1.54,-3.99,-0.63,-73
1787064286876,123159,Knee,sit,-0.202032,0.969656,-0.061,1.47,-4.13,-0.63,-73
1787064286876,123176,Knee,sit,-0.201056,0.970144,-0.059536,1.47,-4.06,-0.63,-73
1787064286876,123194,Knee,sit,-0.201056,0.970144,-0.059048,1.4,-4.06,-0.7,-73
1787064286876,123211,Knee,sit,-0.200568,0.97112,-0.059048,1.47,-4.13,-0.7,-73
1787064286876,123242,Knee,sit,-0.199104,0.970144,-0.058072,1.54,-4.06,-0.7,-73
1787064286876,123259,Knee,sit,-0.200568,0.970632,-0.059048,1.47,-4.06,-0.77,-73
1787064286876,123276,Knee,sit,-0.201544,0.970632,-0.059536,1.61,-4.06,-0.77,-73
1787064286876,123293,Knee,sit,-0.201544,0.970632,-0.060024,1.54,-4.06,-0.7,-73
1787064286876,123310,Knee,sit,-0.201056,0.970632,-0.060512,1.47,-4.13,-0.63,-73
1787064287237,123486,Knee,sit,-0.201056,0.970144,-0.060024,1.61,-4.06,-0.63,-73
1787064287237,123517,Knee,sit,-0.201056,0.970632,-0.059536,1.68,-4.06,-0.63,-73
1787064287237,123534,Knee,sit,-0.201056,0.97112,-0.059536,1.61,-4.06,-0.7,-73
1787064287237,123551,Knee,sit,-0.20008,0.970144,-0.059048,1.68,-4.06,-0.7,-73
1787064287237,123568,Knee,sit,-0.201056,0.97112,-0.059536,1.61,-4.06,-0.7,-73
1787064287237,123599,Knee,sit,-0.200568,0.97112,-0.061976,1.61,-4.06,-0.77,-73
1787064287237,123616,Knee,sit,-0.202032,0.970632,-0.061488,1.61,-4.06,-0.63,-73
1787064287237,123633,Knee,sit,-0.20252,0.970144,-0.060512,1.54,-4.13,-0.7,-73
1787064287237,123650,Knee,sit,-0.202032,0.970144,-0.060512,1.54,-4.13,-0.7,-73
1787064287237,123667,Knee,sit,-0.20008,0.969656,-0.060024,1.54,-4.06,-0.7,-73
1787064287598,123843,Knee,sit,-0.200568,0.970632,-0.060024,1.54,-4.06,-0.63,-78
1787064287598,123875,Knee,sit,-0.201056,0.969168,-0.062464,1.54,-4.06,-0.63,-78
1787064287598,123892,Knee,sit,-0.202032,0.970144,-0.061,1.54,-4.06,-0.63,-78
1787064287598,123910,Knee,sit,-0.201544,0.97112,-0.061488,1.47,-4.06,-0.7,-78
1787064287598,123927,Knee,sit,-0.201544,0.970144,-0.059048,1.54,-4.06,-0.7,-78
1787064287598,123944,Knee,sit,-0.201056,0.97112,-0.058072,1.54,-4.13,-0.7,-78
1787064287598,123975,Knee,sit,-0.200568,0.97112,-0.057584,1.54,-4.06,-0.84,-78
1787064287598,123992,Knee,sit,-0.199104,0.970144,-0.058072,1.61,-4.06,-0.77,-78
1787064287598,124009,Knee,sit,-0.201056,0.970632,-0.059048,1.61,-4.06,-0.77,-78
1787064287598,124026,Knee,sit,-0.20008,0.97112,-0.060024,1.68,-4.06,-0.7,-78
1787064287955,124203,Knee,sit,-0.20008,0.970632,-0.060512,1.47,-4.06,-0.7,-78
1787064287955,124234,Knee,sit,-0.200568,0.97112,-0.058072,1.61,-4.06,-0.7,-78
1787064287955,124251,Knee,sit,-0.201544,0.970144,-0.05856,1.61,-4.06,-0.7,-78
1787064287955,124268,Knee,sit,-0.200568,0.97112,-0.05856,1.61,-3.99,-0.77,-78
1787064287955,124285,Knee,sit,-0.201544,0.971608,-0.05856,1.61,-4.06,-0.77,-78
1787064287955,124316,Knee,sit,-0.203008,0.970632,-0.059048,1.61,-4.06,-0.63,-78
1787064287955,124333,Knee,sit,-0.201056,0.970632,-0.061,1.54,-4.2,-0.7,-78
1787064287955,124350,Knee,sit,-0.201056,0.970632,-0.061488,1.54,-4.13,-0.77,-78
1787064287955,124367,Knee,sit,-0.201056,0.97112,-0.061976,1.61,-4.13,-0.7,-78
1787064287955,124384,Knee,sit,-0.20252,0.97112,-0.061,1.61,-4.06,-0.7,-78
1787064288311,124560,Knee,sit,-0.199592,0.970632,-0.060512,1.54,-4.13,-0.63,-78
1787064288311,124591,Knee,sit,-0.199592,0.969656,-0.060024,1.54,-4.06,-0.7,-78
1787064288311,124608,Knee,sit,-0.200568,0.969656,-0.060512,1.54,-4.06,-0.63,-78
1787064288311,124626,Knee,sit,-0.20252,0.970632,-0.062464,1.54,-4.13,-0.7,-78
1787064288311,124643,Knee,sit,-0.201544,0.97112,-0.061976,1.47,-4.06,-0.63,-78
1787064288311,124674,Knee,sit,-0.200568,0.970632,-0.059048,1.4,-4.13,-0.77,-78
1787064288311,124691,Knee,sit,-0.201056,0.972096,-0.059048,1.54,-4.13,-0.7,-78
1787064288311,124708,Knee,sit,-0.201056,0.97112,-0.058072,1.54,-4.2,-0.7,-78
1787064288311,124726,Knee,sit,-0.20008,0.970632,-0.05856,1.4,-4.13,-0.7,-78
1787064288311,124743,Knee,sit,-0.199104,0.970632,-0.058072,1.47,-4.2,-0.7,-78
1787064288670,124918,Knee,sit,-0.201056,0.970144,-0.060024,1.47,-4.13,-0.63,-79
1787064288670,124950,Knee,sit,-0.201056,0.970632,-0.060024,1.61,-4.13,-0.63,-79
1787064288670,124967,Knee,sit,-0.20008,0.970144,-0.060024,1.54,-4.13,-0.7,-79
1787064288670,124984,Knee,sit,-0.199104,0.970632,-0.059048,1.61,-4.06,-0.63,-79
1787064288670,125001,Knee,sit,-0.199104,0.970144,-0.05856,1.61,-4.06,-0.7,-79
1787064288670,125032,Knee,sit,-0.199592,0.970632,-0.058072,1.61,-4.06,-0.77,-79
1787064288670,125049,Knee,sit,-0.20008,0.969656,-0.059536,1.61,-4.06,-0.77,-79
1787064288670,125066,Knee,sit,-0.20008,0.970632,-0.060512,1.61,-4.06,-0.77,-79
1787064288670,125083,Knee,sit,-0.200568,0.970144,-0.060024,1.61,-4.06,-0.77,-79
1787064288670,125100,Knee,sit,-0.201056,0.970144,-0.060512,1.68,-4.06,-0.77,-79
1787064289104,125277,Knee,sit,-0.20008,0.97112,-0.057584,1.54,-4.13,-0.63,-79
1787064289104,125369,Knee,sit,-0.200568,0.970144,-0.06344,1.47,-4.06,-0.7,-79
1787064289104,125401,Knee,sit,-0.201544,0.970144,-0.061976,1.54,-4.06,-0.63,-79
1787064289104,125418,Knee,sit,-0.203496,0.970632,-0.061488,1.47,-4.06,-0.63,-79
1787064289104,125435,Knee,sit,-0.202032,0.971608,-0.057584,1.4,-4.13,-0.7,-79
1787064289104,125451,Knee,sit,-0.200568,0.97112,-0.056608,1.4,-4.13,-0.7,-79
1787064289104,125482,Knee,sit,-0.198616,0.972096,-0.056608,1.61,-4.13,-0.63,-79
1787064289104,125499,Knee,sit,-0.199592,0.972096,-0.057096,1.61,-4.13,-0.7,-79
1787064289104,125516,Knee,sit,-0.20008,0.97112,-0.058072,1.61,-4.06,-0.7,-79
1787064289104,125533,Knee,sit,-0.200568,0.970632,-0.059536,1.61,-4.06,-0.7,-79
1787064289465,125710,Knee,sit,-0.201544,0.970144,-0.061,1.54,-4.06,-0.63,-79
1787064289465,125741,Knee,sit,-0.202032,0.97112,-0.060024,1.54,-4.06,-0.63,-79
1787064289465,125758,Knee,sit,-0.201544,0.97112,-0.059048,1.54,-4.06,-0.63,-79
1787064289465,125775,Knee,sit,-0.202032,0.971608,-0.059048,1.54,-4.13,-0.7,-79
1787064289465,125792,Knee,sit,-0.201544,0.97112,-0.059048,1.54,-4.13,-0.7,-79
1787064289465,125823,Knee,sit,-0.199592,0.97112,-0.058072,1.61,-4.06,-0.77,-79
1787064289465,125840,Knee,sit,-0.20008,0.97112,-0.058072,1.61,-3.99,-0.77,-79
1787064289465,125857,Knee,sit,-0.201544,0.970144,-0.059048,1.68,-4.06,-0.77,-79
1787064289465,125874,Knee,sit,-0.200568,0.970632,-0.061,1.61,-4.06,-0.63,-79
1787064289465,125891,Knee,sit,-0.199592,0.970632,-0.061976,1.54,-4.06,-0.63,-79
1787064289859,126067,Knee,sit,-0.201056,0.969656,-0.059048,1.54,-4.06,-0.7,-74
1787064289859,126098,Knee,sit,-0.200568,0.970144,-0.060024,1.68,-4.13,-0.7,-74
1787064289859,126114,Knee,sit,-0.199104,0.970632,-0.060512,1.54,-4.13,-0.63,-74
1787064289859,126131,Knee,sit,-0.199104,0.969656,-0.060024,1.54,-4.13,-0.63,-74
1787064289859,126148,Knee,sit,-0.201056,0.970632,-0.061488,1.54,-4.06,-0.7,-74
1787064289859,126179,Knee,sit,-0.203008,0.970144,-0.061976,1.61,-4.13,-0.7,-74
1787064289859,126196,Knee,sit,-0.201544,0.97112,-0.061488,1.47,-4.13,-0.7,-74
1787064289859,126213,Knee,sit,-0.201056,0.970144,-0.059048,1.47,-4.06,-0.77,-74
1787064289859,126230,Knee,sit,-0.201056,0.970144,-0.059048,1.47,-4.06,-0.7,-74
1787064289859,126247,Knee,sit,-0.199592,0.971608,-0.05612,1.61,-4.06,-0.7,-74
1787064290177,126423,Knee,sit,-0.198128,0.970632,-0.059536,1.61,-4.06,-0.7,-72
1787064290177,126454,Knee,sit,-0.20252,0.970144,-0.061,1.54,-4.13,-0.63,-72
1787064290177,126472,Knee,sit,-0.201544,0.970144,-0.060024,1.54,-4.2,-0.63,-72
1787064290177,126489,Knee,sit,-0.201544,0.97112,-0.060512,1.54,-4.13,-0.63,-72
1787064290177,126506,Knee,sit,-0.20252,0.971608,-0.058072,1.54,-4.06,-0.7,-72
1787064290177,126537,Knee,sit,-0.20008,0.97112,-0.05856,1.61,-4.06,-0.77,-72
1787064290177,126554,Knee,sit,-0.199104,0.97112,-0.05612,1.61,-4.06,-0.7,-72
1787064290177,126571,Knee,sit,-0.199104,0.97112,-0.05856,1.61,-4.06,-0.84,-72
1787064290177,126588,Knee,sit,-0.201544,0.971608,-0.060024,1.68,-4.06,-0.7,-72
1787064290177,126605,Knee,sit,-0.201056,0.97112,-0.060512,1.68,-4.06,-0.7,-72
1787064290581,126781,Knee,sit,-0.203008,0.97112,-0.05856,1.61,-4.06,-0.7,-73
1787064290581,126812,Knee,sit,-0.20252,0.970632,-0.058072,1.61,-4.2,-0.7,-73
1787064290581,126830,Knee,sit,-0.199592,0.970632,-0.05856,1.54,-4.2,-0.77,-73
1787064290581,126847,Knee,sit,-0.200568,0.970632,-0.05856,1.61,-4.13,-0.7,-73
1787064290581,126864,Knee,sit,-0.200568,0.97112,-0.060024,1.68,-4.13,-0.7,-73
1787064290581,126881,Knee,sit,-0.201056,0.970632,-0.062464,1.54,-4.13,-0.7,-73
1787064290581,126912,Knee,sit,-0.200568,0.969168,-0.064904,1.47,-4.13,-0.63,-73
1787064290581,126929,Knee,sit,-0.202032,0.969656,-0.064416,1.47,-4.06,-0.63,-73
1787064290581,126946,Knee,sit,-0.203008,0.969656,-0.060512,1.47,-4.06,-0.7,-73
1787064290581,126963,Knee,sit,-0.201056,0.970632,-0.059048,1.47,-4.06,-0.7,-73
1787064290892,127138,Knee,sit,-0.199592,0.970144,-0.061,1.61,-4.06,-0.7,-73
1787064290892,127169,Knee,sit,-0.20008,0.970632,-0.059048,1.61,-4.06,-0.63,-73
1787064290892,127186,Knee,sit,-0.201544,0.97112,-0.059536,1.61,-4.06,-0.7,-73
1787064290892,127204,Knee,sit,-0.20008,0.970632,-0.059536,1.54,-4.2,-0.7,-73
1787064290892,127221,Knee,sit,-0.200568,0.970632,-0.060512,1.54,-4.13,-0.63,-73
1787064290892,127252,Knee,sit,-0.200568,0.970632,-0.059536,1.54,-4.13,-0.7,-73
1787064290892,127269,Knee,sit,-0.199592,0.970144,-0.059536,1.54,-4.06,-0.7,-73
1787064290892,127286,Knee,sit,-0.200568,0.969656,-0.058072,1.61,-4.06,-0.7,-73
1787064290892,127303,Knee,sit,-0.200568,0.97112,-0.058072,1.61,-3.99,-0.7,-73
1787064290892,127320,Knee,sit,-0.200568,0.97112,-0.058072,1.61,-4.06,-0.7,-73
1787064291248,127496,Knee,sit,-0.199104,0.972096,-0.057096,1.54,-4.13,-0.63,-73
1787064291248,127526,Knee,sit,-0.199592,0.970144,-0.05856,1.61,-4.06,-0.7,-73
1787064291248,127544,Knee,sit,-0.202032,0.970144,-0.059536,1.75,-4.06,-0.56,-73
1787064291248,127560,Knee,sit,-0.20252,0.971608,-0.058072,1.75,-4.06,-0.63,-73
1787064291248,127577,Knee,sit,-0.203496,0.97112,-0.05856,1.61,-4.06,-0.7,-73
1787064291248,127608,Knee,sit,-0.201056,0.969656,-0.060024,1.54,-4.13,-0.7,-73
1787064291248,127625,Knee,sit,-0.201544,0.969656,-0.061,1.61,-4.06,-0.7,-73
1787064291248,127642,Knee,sit,-0.199104,0.970632,-0.061,1.61,-4.13,-0.7,-73
1787064291248,127659,Knee,sit,-0.199592,0.970144,-0.061976,1.54,-4.13,-0.7,-73
1787064291248,127676,Knee,sit,-0.201544,0.969656,-0.062464,1.54,-4.06,-0.7,-73
1787064291603,127851,Knee,sit,-0.202032,0.969656,-0.060512,1.68,-3.99,-0.77,-73
1787064291603,127882,Knee,sit,-0.201544,0.970632,-0.061488,1.61,-4.06,-0.7,-73
1787064291603,127899,Knee,sit,-0.201056,0.970632,-0.061488,1.54,-4.13,-0.7,-73
1787064291603,127916,Knee,sit,-0.201056,0.970632,-0.061,1.54,-4.13,-0.77,-73
1787064291603,127933,Knee,sit,-0.201544,0.969656,-0.060024,1.61,-4.06,-0.7,-73
1787064291603,127964,Knee,sit,-0.202032,0.97112,-0.059536,1.54,-4.06,-0.7,-73
1787064291603,127981,Knee,sit,-0.203008,0.970632,-0.059536,1.54,-4.13,-0.63,-73
1787064291603,127998,Knee,sit,-0.201544,0.97112,-0.059048,1.54,-4.13,-0.7,-73
1787064291603,128015,Knee,sit,-0.20008,0.970144,-0.058072,1.61,-4.06,-0.7,-73
1787064291603,128032,Knee,sit,-0.200568,0.971608,-0.058072,1.54,-4.06,-0.7,-73
1787064291965,128205,Knee,sit,-0.199592,0.970144,-0.061,1.54,-4.06,-0.63,-78
1787064291965,128236,Knee,sit,-0.200568,0.970632,-0.060512,1.54,-4.13,-0.63,-78
1787064291965,128253,Knee,sit,-0.20252,0.970632,-0.059048,1.61,-4.13,-0.63,-78
1787064291965,128270,Knee,sit,-0.199592,0.970632,-0.059536,1.47,-4.13,-0.63,-78
1787064291965,128287,Knee,sit,-0.199104,0.970632,-0.060512,1.54,-4.06,-0.7,-78
1787064291965,128318,Knee,sit,-0.201544,0.970144,-0.057584,1.68,-4.06,-0.63,-78
1787064291965,128335,Knee,sit,-0.201544,0.971608,-0.057096,1.61,-4.13,-0.7,-78
1787064291965,128352,Knee,sit,-0.201056,0.97112,-0.058072,1.61,-4.13,-0.77,-78
1787064291965,128369,Knee,sit,-0.202032,0.971608,-0.059048,1.61,-4.13,-0.77,-78
1787064291965,128386,Knee,sit,-0.20008,0.970144,-0.060512,1.54,-4.2,-0.7,-78
1787064292331,128564,Knee,sit,-0.198616,0.97112,-0.057584,1.61,-3.99,-0.7,-78
1787064292331,128596,Knee,sit,-0.199592,0.970632,-0.058072,1.61,-4.06,-0.77,-78
1787064292331,128613,Knee,sit,-0.200568,0.970632,-0.057584,1.68,-3.99,-0.77,-78
1787064292331,128630,Knee,sit,-0.201544,0.970144,-0.061,1.75,-3.99,-0.7,-78
1787064292331,128647,Knee,sit,-0.201544,0.970632,-0.061,1.68,-4.06,-0.77,-78
1787064292331,128678,Knee,sit,-0.201056,0.970144,-0.062952,1.61,-4.06,-0.7,-78
1787064292331,128695,Knee,sit,-0.203008,0.97112,-0.060512,1.54,-4.13,-0.7,-78
1787064292331,128712,Knee,sit,-0.202032,0.970632,-0.061,1.61,-4.13,-0.63,-78
1787064292331,128729,Knee,sit,-0.20252,0.971608,-0.060024,1.47,-4.13,-0.7,-78
1787064292331,128745,Knee,sit,-0.201056,0.970144,-0.060024,1.4,-4.13,-0.7,-78
1787064292678,128921,Knee,sit,-0.201544,0.970632,-0.061,1.61,-4.06,-0.7,-78
1787064292678,128952,Knee,sit,-0.199592,0.970632,-0.061,1.54,-4.13,-0.63,-78
1787064292678,128969,Knee,sit,-0.199592,0.970632,-0.061,1.54,-4.13,-0.63,-78
1787064292678,128986,Knee,sit,-0.200568,0.970632,-0.061488,1.54,-4.06,-0.7,-78
1787064292678,129003,Knee,sit,-0.202032,0.970144,-0.060512,1.54,-4.06,-0.7,-78
1787064292678,129034,Knee,sit,-0.202032,0.970632,-0.058072,1.54,-4.2,-0.63,-78
1787064292678,129051,Knee,sit,-0.198616,0.97112,-0.059048,1.47,-4.2,-0.7,-78
1787064292678,129068,Knee,sit,-0.196664,0.969656,-0.059048,1.47,-4.13,-0.7,-78
1787064292678,129085,Knee,sit,-0.200568,0.969168,-0.059536,1.68,-4.13,-0.7,-78
1787064292678,129102,Knee,sit,-0.201544,0.971608,-0.057096,1.75,-3.99,-0.7,-78
1787064293036,129278,Knee,sit,-0.201056,0.97112,-0.060512,1.47,-4.13,-0.63,-78
1787064293036,129310,Knee,sit,-0.200568,0.970144,-0.057584,1.47,-4.13,-0.63,-78
1787064293036,129327,Knee,sit,-0.20008,0.97112,-0.057584,1.54,-4.06,-0.63,-78
1787064293036,129344,Knee,sit,-0.20008,0.97112,-0.057584,1.61,-4.06,-0.7,-78
1787064293036,129361,Knee,sit,-0.199592,0.97112,-0.056608,1.54,-4.06,-0.77,-78
1787064293036,129391,Knee,sit,-0.201056,0.97112,-0.058072,1.61,-4.06,-0.84,-78
1787064293036,129409,Knee,sit,-0.20008,0.97112,-0.060024,1.61,-4.06,-0.77,-78
1787064293036,129425,Knee,sit,-0.200568,0.969656,-0.061488,1.61,-4.06,-0.77,-78
1787064293036,129442,Knee,sit,-0.200568,0.969656,-0.061488,1.61,-4.06,-0.7,-78
1787064293036,129459,Knee,sit,-0.201544,0.970144,-0.061,1.61,-4.06,-0.77,-78
1787064293398,129635,Knee,sit,-0.200568,0.969656,-0.059536,1.54,-4.06,-0.7,-86
1787064293398,129667,Knee,sit,-0.200568,0.970632,-0.060512,1.61,-4.06,-0.7,-86
1787064293398,129684,Knee,sit,-0.20008,0.970632,-0.060024,1.61,-4.06,-0.7,-86
1787064293398,129701,Knee,sit,-0.200568,0.97112,-0.061488,1.61,-4.06,-0.7,-86
1787064293398,129718,Knee,sit,-0.200568,0.97112,-0.061488,1.54,-4.13,-0.7,-86
1787064293398,129749,Knee,sit,-0.202032,0.971608,-0.061488,1.54,-4.13,-0.7,-86
1787064293398,129766,Knee,sit,-0.201544,0.970144,-0.062952,1.54,-4.2,-0.7,-86
1787064293398,129783,Knee,sit,-0.202032,0.970144,-0.05856,1.54,-4.2,-0.77,-86
1787064293398,129800,Knee,sit,-0.198616,0.970144,-0.059048,1.47,-4.13,-0.77,-86
1787064293398,129817,Knee,sit,-0.198128,0.969656,-0.059536,1.47,-4.06,-0.7,-86
1787064293755,129993,Knee,sit,-0.202032,0.970632,-0.061488,1.54,-3.99,-0.63,-81
1787064293755,130025,Knee,sit,-0.20008,0.971608,-0.061,1.47,-4.13,-0.7,-81
1787064293755,130043,Knee,sit,-0.201056,0.97112,-0.059536,1.47,-4.13,-0.63,-81
1787064293755,130060,Knee,sit,-0.200568,0.970632,-0.059048,1.47,-4.13,-0.7,-81
1787064293755,130077,Knee,sit,-0.20008,0.97112,-0.057584,1.61,-4.06,-0.7,-81
1787064293755,130094,Knee,sit,-0.199592,0.970632,-0.057096,1.54,-4.13,-0.7,-81
1787064293755,130125,Knee,sit,-0.20008,0.97112,-0.060024,1.54,-4.13,-0.77,-81
1787064293755,130142,Knee,sit,-0.200568,0.970632,-0.060512,1.61,-4.13,-0.77,-81
1787064293755,130159,Knee,sit,-0.199592,0.969656,-0.060512,1.61,-4.06,-0.77,-81
1787064293755,130176,Knee,sit,-0.201056,0.970144,-0.061,1.61,-4.06,-0.7,-81
1787064294115,130352,Knee,sit,-0.20008,0.971608,-0.059048,1.54,-4.06,-0.7,-81
1787064294115,130384,Knee,sit,-0.201056,0.970632,-0.059048,1.68,-3.99,-0.7,-81
1787064294115,130401,Knee,sit,-0.201544,0.971608,-0.05856,1.61,-4.06,-0.7,-81
1787064294115,130418,Knee,sit,-0.20008,0.971608,-0.059048,1.61,-4.06,-0.7,-81
1787064294115,130435,Knee,sit,-0.201544,0.97112,-0.059536,1.61,-4.06,-0.7,-81
1787064294115,130466,Knee,sit,-0.20008,0.969656,-0.061,1.61,-4.06,-0.77,-81
1787064294115,130483,Knee,sit,-0.202032,0.969168,-0.060024,1.68,-3.99,-0.77,-81
1787064294115,130500,Knee,sit,-0.203496,0.970632,-0.060024,1.68,-3.99,-0.7,-81
1787064294115,130517,Knee,sit,-0.204472,0.97112,-0.057584,1.61,-4.13,-0.77,-81
1787064294115,130534,Knee,sit,-0.202032,0.97112,-0.05612,1.61,-4.13,-0.77,-81
1787064294468,130710,Knee,sit,-0.197152,0.970632,-0.055632,1.33,-4.06,-0.7,-81
1787064294468,130741,Knee,sit,-0.200568,0.970144,-0.056608,1.47,-4.06,-0.63,-81
1787064294468,130758,Knee,sit,-0.20496,0.971608,-0.057584,1.54,-4.06,-0.63,-81
1787064294468,130775,Knee,sit,-0.205448,0.970144,-0.059536,1.47,-4.13,-0.7,-81
1787064294468,130792,Knee,sit,-0.205448,0.970632,-0.058072,1.54,-4.13,-0.7,-81
1787064294468,130823,Knee,sit,-0.202032,0.970144,-0.055144,1.75,-4.06,-0.84,-81
1787064294468,130840,Knee,sit,-0.19764,0.973072,-0.054656,1.82,-3.99,-0.77,-81
1787064294468,130857,Knee,sit,-0.197152,0.971608,-0.05612,1.82,-4.06,-0.77,-81
1787064294468,130874,Knee,sit,-0.196664,0.97112,-0.057096,1.89,-4.06,-0.7,-81
1787064294468,130891,Knee,sit,-0.198616,0.970144,-0.060024,1.89,-4.06,-0.7,-81
1787064294828,131067,Knee,sit,-0.201056,0.97112,-0.057584,1.54,-4.06,-0.7,-82
1787064294828,131098,Knee,sit,-0.20252,0.970144,-0.060512,1.54,-4.06,-0.7,-82
1787064294828,131115,Knee,sit,-0.202032,0.970632,-0.060512,1.61,-4.06,-0.63,-82
1787064294828,131132,Knee,sit,-0.20252,0.971608,-0.059536,1.61,-4.06,-0.7,-82
1787064294828,131149,Knee,sit,-0.202032,0.971608,-0.059048,1.61,-4.13,-0.77,-82
1787064294828,131180,Knee,sit,-0.200568,0.97112,-0.05856,1.68,-4.13,-0.7,-82
1787064294828,131197,Knee,sit,-0.200568,0.97112,-0.059048,1.61,-4.13,-0.7,-82
1787064294828,131214,Knee,sit,-0.20008,0.969656,-0.060024,1.54,-4.13,-0.7,-82
1787064294828,131231,Knee,sit,-0.200568,0.970632,-0.061976,1.54,-4.13,-0.63,-82
1787064294828,131248,Knee,sit,-0.201056,0.970144,-0.061488,1.54,-4.2,-0.63,-82
1787064295195,131425,Knee,sit,-0.199592,0.97112,-0.062952,1.61,-4.13,-0.63,-81
1787064295195,131457,Knee,sit,-0.199592,0.970144,-0.061488,1.47,-4.06,-0.63,-81
1787064295195,131474,Knee,sit,-0.200568,0.970632,-0.061,1.47,-4.06,-0.7,-81
1787064295195,131491,Knee,sit,-0.202032,0.969656,-0.060512,1.54,-4.13,-0.7,-81
1787064295195,131508,Knee,sit,-0.202032,0.969656,-0.060024,1.54,-4.06,-0.7,-81
1787064295195,131539,Knee,sit,-0.201544,0.971608,-0.057584,1.47,-4.06,-0.7,-81
1787064295195,131556,Knee,sit,-0.201056,0.970632,-0.057096,1.54,-4.06,-0.7,-81
1787064295195,131573,Knee,sit,-0.199592,0.970632,-0.057096,1.61,-4.06,-0.7,-81
1787064295195,131590,Knee,sit,-0.199104,0.971608,-0.058072,1.61,-4.06,-0.7,-81
1787064295195,131607,Knee,sit,-0.199592,0.971608,-0.057584,1.61,-4.06,-0.77,-81
1787064295548,131787,Knee,sit,-0.20008,0.97112,-0.059536,1.54,-4.13,-0.56,-81
1787064295548,131818,Knee,sit,-0.201056,0.970632,-0.059048,1.54,-4.13,-0.63,-81
1787064295548,131835,Knee,sit,-0.200568,0.969656,-0.060024,1.54,-4.06,-0.7,-81
1787064295548,131852,Knee,sit,-0.201056,0.970144,-0.060024,1.61,-4.06,-0.7,-81
1787064295548,131869,Knee,sit,-0.201056,0.971608,-0.05856,1.61,-4.06,-0.7,-81
1787064295548,131900,Knee,sit,-0.201056,0.970632,-0.059048,1.54,-4.06,-0.7,-81
1787064295548,131917,Knee,sit,-0.201544,0.969656,-0.05856,1.61,-4.13,-0.7,-81
1787064295548,131934,Knee,sit,-0.201544,0.970632,-0.059536,1.61,-4.06,-0.7,-81
1787064295548,131951,Knee,sit,-0.200568,0.969656,-0.060512,1.54,-4.13,-0.77,-81
1787064295548,131968,Knee,sit,-0.200568,0.969656,-0.060512,1.61,-4.13,-0.77,-81
1787064295904,132144,Knee,sit,-0.201056,0.970144,-0.059536,1.61,-4.13,-0.63,-81
1787064295904,132175,Knee,sit,-0.20008,0.97112,-0.061,1.61,-4.06,-0.63,-81
1787064295904,132192,Knee,sit,-0.198616,0.970632,-0.061976,1.61,-4.06,-0.63,-81
1787064295904,132209,Knee,sit,-0.20008,0.970144,-0.061976,1.61,-4.13,-0.7,-81
1787064295904,132226,Knee,sit,-0.201056,0.970144,-0.06344,1.54,-4.06,-0.63,-81
1787064295904,132257,Knee,sit,-0.201544,0.97112,-0.061488,1.47,-4.13,-0.63,-81
1787064295904,132274,Knee,sit,-0.201056,0.97112,-0.060024,1.4,-4.13,-0.63,-81
1787064295904,132291,Knee,sit,-0.20252,0.970144,-0.061,1.4,-4.13,-0.7,-81
1787064295904,132308,Knee,sit,-0.20008,0.97112,-0.060512,1.47,-4.13,-0.63,-81
1787064295904,132325,Knee,sit,-0.199104,0.97112,-0.057584,1.61,-4.13,-0.7,-81
1787064296262,132500,Knee,sit,-0.201056,0.970632,-0.059048,1.54,-4.06,-0.56,-77
1787064296262,132531,Knee,sit,-0.201544,0.970632,-0.058072,1.54,-4.13,-0.7,-77
1787064296262,132548,Knee,sit,-0.200568,0.970632,-0.05856,1.54,-4.13,-0.7,-77
1787064296262,132565,Knee,sit,-0.201544,0.970632,-0.058072,1.61,-4.13,-0.7,-77
1787064296262,132582,Knee,sit,-0.199104,0.970632,-0.059536,1.61,-4.13,-0.77,-77
1787064296262,132613,Knee,sit,-0.20008,0.970144,-0.059536,1.61,-4.06,-0.7,-77
1787064296262,132630,Knee,sit,-0.201056,0.969656,-0.059536,1.61,-4.06,-0.7,-77
1787064296262,132647,Knee,sit,-0.200568,0.970144,-0.060512,1.54,-4.06,-0.7,-77
1787064296262,132664,Knee,sit,-0.20252,0.970632,-0.061,1.61,-4.06,-0.77,-77
1787064296262,132681,Knee,sit,-0.20252,0.97112,-0.059536,1.68,-4.06,-0.7,-77
1787064296619,132857,Knee,sit,-0.202032,0.970632,-0.059048,1.68,-3.99,-0.63,-77
1787064296619,132888,Knee,sit,-0.203496,0.97112,-0.05856,1.54,-4.2,-0.63,-77
1787064296619,132905,Knee,sit,-0.202032,0.970632,-0.059048,1.54,-4.2,-0.63,-77
1787064296619,132922,Knee,sit,-0.201056,0.970632,-0.059536,1.61,-4.2,-0.7,-77
1787064296619,132939,Knee,sit,-0.201056,0.969168,-0.060512,1.61,-4.2,-0.7,-77
1787064296619,132970,Knee,sit,-0.198128,0.969656,-0.061,1.54,-4.13,-0.77,-77
1787064296619,132987,Knee,sit,-0.20008,0.969656,-0.062464,1.47,-4.06,-0.7,-77
1787064296619,133004,Knee,sit,-0.20252,0.969656,-0.061488,1.54,-3.99,-0.7,-77
1787064296619,133021,Knee,sit,-0.203008,0.970144,-0.061,1.54,-4.13,-0.7,-77
1787064296619,133038,Knee,sit,-0.203008,0.970632,-0.059536,1.47,-4.06,-0.77,-77
1787064296976,133214,Knee,sit,-0.20252,0.970632,-0.06344,1.47,-4.06,-0.7,-77
1787064296976,133245,Knee,sit,-0.202032,0.97112,-0.059536,1.54,-4.13,-0.7,-77
1787064296976,133262,Knee,sit,-0.199104,0.969656,-0.059048,1.54,-4.13,-0.7,-77
1787064296976,133279,Knee,sit,-0.199104,0.970632,-0.060024,1.54,-4.13,-0.63,-77
1787064296976,133296,Knee,sit,-0.201056,0.970632,-0.059536,1.54,-4.13,-0.7,-77
1787064296976,133327,Knee,sit,-0.199592,0.97112,-0.059536,1.54,-4.06,-0.7,-77
1787064296976,133344,Knee,sit,-0.201544,0.97112,-0.060024,1.61,-4.06,-0.77,-77
1787064296976,133360,Knee,sit,-0.201056,0.97112,-0.060512,1.61,-4.06,-0.7,-77
1787064296976,133377,Knee,sit,-0.200568,0.970632,-0.060512,1.61,-4.13,-0.7,-77
1787064296976,133394,Knee,sit,-0.199592,0.970144,-0.061,1.61,-4.06,-0.7,-77
1787064297343,133571,Knee,sit,-0.200568,0.970632,-0.05856,1.61,-4.06,-0.7,-77
1787064297343,133602,Knee,sit,-0.198128,0.97112,-0.05856,1.54,-4.06,-0.7,-77
1787064297343,133619,Knee,sit,-0.202032,0.97112,-0.060024,1.68,-4.06,-0.63,-77
1787064297343,133637,Knee,sit,-0.20252,0.97112,-0.059536,1.68,-4.13,-0.56,-77
1787064297343,133654,Knee,sit,-0.203496,0.970632,-0.059048,1.61,-4.13,-0.7,-77
1787064297343,133685,Knee,sit,-0.201544,0.971608,-0.059048,1.54,-4.06,-0.77,-77
1787064297343,133702,Knee,sit,-0.200568,0.970144,-0.061,1.61,-4.13,-0.7,-77
1787064297343,133719,Knee,sit,-0.199592,0.969656,-0.060024,1.61,-4.13,-0.7,-77
1787064297343,133736,Knee,sit,-0.199104,0.970144,-0.059536,1.61,-4.13,-0.63,-77
1787064297343,133753,Knee,sit,-0.20008,0.969656,-0.061976,1.54,-4.13,-0.7,-77
1787064297694,133929,Knee,sit,-0.201056,0.969656,-0.060512,1.61,-3.99,-0.7,-78
1787064297694,133960,Knee,sit,-0.20252,0.970144,-0.061976,1.68,-4.06,-0.7,-78
1787064297694,133977,Knee,sit,-0.201056,0.970144,-0.061976,1.54,-4.06,-0.7,-78
1787064297694,133994,Knee,sit,-0.201544,0.969656,-0.062464,1.61,-4.06,-0.77,-78
1787064297694,134011,Knee,sit,-0.201544,0.970632,-0.061976,1.61,-4.13,-0.77,-78
1787064297694,134042,Knee,sit,-0.201544,0.971608,-0.059536,1.54,-4.13,-0.7,-78
1787064297694,134058,Knee,sit,-0.202032,0.970632,-0.059536,1.54,-4.13,-0.7,-78
1787064297694,134075,Knee,sit,-0.201056,0.97112,-0.059048,1.54,-4.13,-0.7,-78
1787064297694,134092,Knee,sit,-0.20008,0.970144,-0.060512,1.61,-4.06,-0.77,-78
1787064297694,134109,Knee,sit,-0.200568,0.972096,-0.059048,1.54,-4.06,-0.77,-78
1787064298065,134287,Knee,sit,-0.200568,0.970144,-0.061488,1.54,-4.06,-0.7,-78
1787064298065,134318,Knee,sit,-0.20252,0.969656,-0.060512,1.54,-4.13,-0.63,-78
1787064298065,134335,Knee,sit,-0.200568,0.97112,-0.057584,1.54,-4.13,-0.7,-78
1787064298065,134352,Knee,sit,-0.199104,0.97112,-0.058072,1.54,-4.13,-0.77,-78
1787064298065,134369,Knee,sit,-0.198616,0.970144,-0.059048,1.61,-4.06,-0.77,-78
1787064298065,134400,Knee,sit,-0.201056,0.969656,-0.059048,1.82,-4.06,-0.7,-78
1787064298065,134417,Knee,sit,-0.202032,0.97112,-0.059048,1.75,-3.99,-0.7,-78
1787064298065,134434,Knee,sit,-0.201544,0.97112,-0.059048,1.68,-4.13,-0.7,-78
1787064298065,134451,Knee,sit,-0.203008,0.971608,-0.061,1.61,-4.06,-0.7,-78
1787064298065,134468,Knee,sit,-0.201544,0.970632,-0.060512,1.68,-4.2,-0.77,-78
1787064298409,134644,Knee,sit,-0.198128,0.96868,-0.054168,1.68,-3.85,-0.77,-78
1787064298409,134675,Knee,sit,-0.21472,0.976488,-0.045872,2.31,-3.64,-0.98,-78
1787064298409,134692,Knee,sit,-0.21228,0.976,-0.048312,2.03,-4.2,-1.12,-78
1787064298409,134709,Knee,sit,-0.199592,0.974048,-0.058072,1.54,-4.48,-1.05,-78
1787064298409,134726,Knee,sit,-0.184952,0.965264,-0.068808,1.4,-4.83,-0.91,-78
1787064298409,134756,Knee,sit,-0.189344,0.961848,-0.07808,2.03,-4.2,-0.7,-78
1787064298409,134773,Knee,sit,-0.203496,0.968192,-0.078568,2.03,-3.78,-0.7,-78
1787064298409,134790,Knee,sit,-0.21228,0.970632,-0.074664,1.47,-3.85,-0.7,-78
1787064298409,134807,Knee,sit,-0.214232,0.97356,-0.065392,0.98,-4.13,-0.63,-78
1787064298409,134824,Knee,sit,-0.210328,0.973072,-0.060024,0.91,-4.41,-0.63,-78
1787064298766,135000,Knee,sit,-0.20496,0.970144,-0.070272,2.03,-3.78,-0.77,-75
1787064298766,135031,Knee,sit,-0.2074,0.970632,-0.069784,1.19,-4.41,-0.63,-75
1787064298766,135048,Knee,sit,-0.202032,0.969168,-0.067832,1.19,-4.48,-0.63,-75
1787064298766,135065,Knee,sit,-0.198128,0.96868,-0.06344,1.4,-4.2,-0.7,-75
1787064298766,135082,Knee,sit,-0.199104,0.969656,-0.060512,1.4,-4.06,-0.63,-75
1787064298766,135113,Knee,sit,-0.207888,0.97356,-0.053192,1.26,-3.92,-0.42,-75
1787064298766,135130,Knee,sit,-0.215208,0.975024,-0.042456,1.68,-3.92,-0.56,-75
1787064298766,135147,Knee,sit,-0.208376,0.974536,-0.042456,1.75,-4.34,-0.84,-75
1787064298766,135164,Knee,sit,-0.20008,0.97356,-0.045384,1.47,-4.55,-1.12,-75
1787064298766,135181,Knee,sit,-0.184464,0.966728,-0.055144,1.4,-4.48,-1.12,-75
1787064299123,135358,Knee,sit,-0.203496,0.972096,-0.053192,1.12,-3.99,-0.21,-75
1787064299123,135389,Knee,sit,-0.201544,0.973072,-0.049288,1.26,-4.27,-0.49,-75
1787064299123,135406,Knee,sit,-0.196176,0.972096,-0.045384,1.54,-4.06,-0.77,-75
1787064299123,135423,Knee,sit,-0.196664,0.97356,-0.03904,2.1,-3.43,-1.05,-75
1787064299123,135439,Knee,sit,-0.199592,0.974536,-0.041968,2.66,-3.36,-1.26,-75
1787064299123,135470,Knee,sit,-0.186416,0.969168,-0.061488,2.17,-4.06,-1.33,-75
1787064299123,135487,Knee,sit,-0.186416,0.964776,-0.073688,2.17,-3.92,-1.19,-75
1787064299123,135504,Knee,sit,-0.19032,0.9638,-0.077592,2.59,-3.64,-0.98,-75
1787064299123,135521,Knee,sit,-0.204472,0.965264,-0.079544,2.66,-3.57,-0.91,-75
1787064299123,135538,Knee,sit,-0.216672,0.969656,-0.08052,2.31,-3.71,-0.91,-75
1787064299482,135715,Knee,sit,-0.20496,0.974536,-0.040992,1.89,-3.71,-1.12,-75
1787064299482,135746,Knee,sit,-0.18544,0.970144,-0.054168,1.68,-4.13,-1.12,-75
1787064299482,135763,Knee,sit,-0.181536,0.964288,-0.065392,1.82,-3.78,-0.98,-75
1787064299482,135780,Knee,sit,-0.193736,0.964776,-0.070272,2.31,-3.57,-0.7,-75
1787064299482,135797,Knee,sit,-0.202032,0.966728,-0.0732,2.45,-3.57,-0.77,-75
1787064299482,135828,Knee,sit,-0.223016,0.970632,-0.074664,1.61,-4.2,-0.91,-75
1787064299482,135845,Knee,sit,-0.221064,0.970632,-0.0732,1.12,-4.69,-0.7,-75
1787064299482,135862,Knee,sit,-0.211792,0.969656,-0.067344,1.12,-4.83,-0.56,-75
1787064299482,135879,Knee,sit,-0.201544,0.972096,-0.063928,1.12,-4.76,-0.35,-75
1787064299482,135896,Knee,sit,-0.190808,0.970632,-0.061488,0.98,-4.48,-0.21,-75
1787064299839,136073,Knee,sit,-0.188856,0.964288,-0.068808,2.66,-3.43,-0.84,-70
1787064299839,136104,Knee,sit,-0.221064,0.97112,-0.07076,2.87,-3.29,-1.12,-70
1787064299839,136121,Knee,sit,-0.22204,0.973072,-0.072224,1.82,-3.99,-0.98,-70
1787064299839,136137,Knee,sit,-0.218624,0.973072,-0.070272,1.19,-4.76,-0.7,-70
1787064299839,136155,Knee,sit,-0.203008,0.969656,-0.067832,1.19,-4.9,-0.56,-70
1787064299839,136185,Knee,sit,-0.191296,0.968192,-0.066856,1.33,-4.2,-0.35,-70
1787064299839,136202,Knee,sit,-0.196664,0.969656,-0.066368,1.19,-3.99,-0.35,-70
1787064299839,136219,Knee,sit,-0.208376,0.97356,-0.061976,1.05,-3.92,-0.42,-70
1787064299839,136236,Knee,sit,-0.207888,0.972584,-0.05856,0.91,-4.2,-0.42,-70
1787064299839,136253,Knee,sit,-0.20008,0.972096,-0.056608,0.77,-4.27,-0.56,-70
1787064300197,136430,Knee,sit,-0.205448,0.969168,-0.071736,1.68,-4.13,-0.56,-70
1787064300197,136461,Knee,sit,-0.203984,0.969656,-0.06588,1.05,-4.55,-0.35,-70
1787064300197,136478,Knee,sit,-0.203008,0.970144,-0.059048,0.98,-4.41,-0.35,-70
1787064300197,136495,Knee,sit,-0.200568,0.970632,-0.057096,1.12,-4.27,-0.42,-70
1787064300197,136512,Knee,sit,-0.198128,0.972096,-0.052216,1.26,-4.06,-0.56,-70
1787064300197,136543,Knee,sit,-0.198128,0.972584,-0.053192,1.4,-3.92,-0.63,-70
1787064300197,136560,Knee,sit,-0.199592,0.971608,-0.054168,1.4,-4.2,-0.63,-70
1787064300197,136577,Knee,sit,-0.200568,0.970632,-0.05612,1.61,-4.27,-0.7,-70
1787064300197,136594,Knee,sit,-0.199104,0.970144,-0.058072,1.75,-4.06,-0.91,-70
1787064300197,136611,Knee,sit,-0.198128,0.969656,-0.05856,1.89,-3.78,-0.98,-70
1787064300561,136788,Knee,sit,-0.200568,0.969656,-0.059048,1.19,-4.34,-0.49,-70
1787064300561,136820,Knee,sit,-0.199104,0.970632,-0.05612,1.47,-4.06,-0.49,-70
1787064300561,136836,Knee,sit,-0.198616,0.970632,-0.055144,1.47,-3.99,-0.63,-70
1787064300561,136853,Knee,sit,-0.199592,0.970632,-0.056608,1.54,-3.92,-0.7,-70
1787064300561,136870,Knee,sit,-0.201544,0.97112,-0.056608,1.61,-3.99,-0.77,-70
1787064300561,136901,Knee,sit,-0.201056,0.971608,-0.058072,1.68,-4.06,-0.77,-70
1787064300561,136918,Knee,sit,-0.201056,0.970632,-0.060024,1.68,-4.06,-0.7,-70
1787064300561,136935,Knee,sit,-0.201056,0.969656,-0.061976,1.68,-3.99,-0.84,-70
1787064300561,136952,Knee,sit,-0.202032,0.969168,-0.064416,1.68,-4.06,-0.77,-70
1787064300561,136969,Knee,sit,-0.203496,0.969656,-0.065392,1.54,-4.2,-0.7,-70
1787064300917,137147,Knee,sit,-0.201056,0.970632,-0.059048,1.61,-3.99,-0.7,-70
1787064300917,137178,Knee,sit,-0.20252,0.970144,-0.060024,1.61,-4.06,-0.63,-70
1787064300917,137195,Knee,sit,-0.20252,0.97112,-0.059536,1.61,-4.2,-0.63,-70
1787064300917,137212,Knee,sit,-0.198616,0.97112,-0.059048,1.47,-4.2,-0.7,-70
1787064300917,137229,Knee,sit,-0.19764,0.969656,-0.060512,1.54,-3.99,-0.77,-70
1787064300917,137260,Knee,sit,-0.201544,0.969656,-0.060024,1.82,-3.85,-0.7,-70
1787064300917,137277,Knee,sit,-0.20252,0.972096,-0.057584,1.75,-3.85,-0.7,-70
1787064300917,137294,Knee,sit,-0.205936,0.972096,-0.05368,1.82,-3.78,-0.77,-70
1787064300917,137311,Knee,sit,-0.203496,0.97112,-0.052216,1.82,-3.78,-0.84,-70
1787064300917,137328,Knee,sit,-0.20252,0.971608,-0.054168,2.1,-3.71,-0.84,-70
1787064301276,137505,Knee,sit,-0.223992,0.98088,-0.056608,2.38,-4.55,-1.33,-67
1787064301276,137537,Knee,sit,-0.16348,0.966728,-0.08052,0.84,-4.83,-1.33,-67
1787064301276,137554,Knee,sit,-0.145912,0.953552,-0.081984,1.33,-4.06,-0.98,-67
1787064301276,137571,Knee,sit,-0.174216,0.952088,-0.079544,2.73,-2.31,-0.77,-67
1787064301276,137588,Knee,sit,-0.212768,0.967216,-0.072224,3.01,-1.82,-0.77,-67
1787064301276,137618,Knee,sit,-0.244,0.977464,-0.055632,1.89,-1.82,-1.19,-67
1787064301276,137635,Knee,sit,-0.236192,0.974048,-0.052704,1.19,-3.71,-0.84,-67
1787064301276,137652,Knee,sit,-0.223992,0.971608,-0.052704,1.89,-4.48,-0.49,-67
1787064301276,137669,Knee,sit,-0.216184,0.97356,-0.05612,2.24,-5.11,-0.49,-67
1787064301276,137686,Knee,sit,-0.202032,0.974048,-0.057096,2.38,-4.9,-0.56,-67
1787064301633,137863,Knee,sit,-0.193248,0.972096,-0.044408,1.82,-4.55,-0.77,-67
1787064301633,137895,Knee,sit,-0.208376,0.98088,-0.041968,2.52,-3.92,-1.4,-67
1787064301633,137912,Knee,sit,-0.21716,0.975512,-0.05856,2.24,-4.97,-1.26,-67
1787064301633,137929,Knee,sit,-0.170312,0.964288,-0.080032,1.05,-6.51,-1.4,-67
1787064301633,137946,Knee,sit,-0.14884,0.955016,-0.089304,0.63,-4.83,-1.47,-67
1787064301633,137977,Knee,sit,-0.196176,0.9516,-0.098088,2.45,-2.31,-0.56,-67
1787064301633,137994,Knee,sit,-0.238632,0.963312,-0.083448,2.73,-1.96,-0.21,-67
1787064301633,138011,Knee,sit,-0.256688,0.979904,-0.059048,1.75,-2.94,-0.42,-67
1787064301633,138028,Knee,sit,-0.251808,0.984296,-0.0488,0.21,-4.41,-0.35,-67
1787064301633,138045,Knee,sit,-0.231312,0.982344,-0.043432,0.14,-4.9,-0.42,-67
1787064301992,138222,Knee,sit,-0.20252,0.96136,-0.088328,0.35,-4.97,-0.56,-67
1787064301992,138253,Knee,sit,-0.183488,0.961848,-0.08052,0.42,-5.11,-0.07,-67
1787064301992,138270,Knee,sit,-0.186416,0.963312,-0.061488,1.12,-4.06,-0.07,-67
1787064301992,138287,Knee,sit,-0.199104,0.967704,-0.0488,1.61,-3.22,-0.21,-67
1787064301992,138303,Knee,sit,-0.211792,0.974536,-0.039528,1.68,-3.01,-0.49,-67
1787064301992,138334,Knee,sit,-0.21716,0.979416,-0.037576,1.75,-3.78,-0.56,-67
1787064301992,138351,Knee,sit,-0.21472,0.977464,-0.042944,2.1,-4.41,-0.63,-67
1787064301992,138368,Knee,sit,-0.210816,0.975512,-0.058072,2.17,-4.62,-0.7,-67
1787064301992,138385,Knee,sit,-0.206912,0.975024,-0.06588,2.03,-4.69,-0.84,-67
1787064301992,138402,Knee,sit,-0.199592,0.96868,-0.081496,1.68,-4.69,-0.84,-67
1787064302349,138579,Knee,sit,-0.194224,0.97356,-0.047336,1.82,-3.92,-0.91,-70
1787064302349,138610,Knee,sit,-0.204472,0.97356,-0.062952,2.1,-3.99,-1.12,-70
1787064302349,138627,Knee,sit,-0.199592,0.969168,-0.071248,1.96,-4.62,-1.19,-70
1787064302349,138644,Knee,sit,-0.183,0.9638,-0.07564,1.61,-4.34,-1.33,-70
1787064302349,138661,Knee,sit,-0.187392,0.96136,-0.080032,1.61,-3.71,-1.19,-70
1787064302349,138692,Knee,sit,-0.21228,0.965264,-0.07808,1.82,-3.29,-0.42,-70
1787064302349,138709,Knee,sit,-0.213744,0.970144,-0.063928,1.61,-3.71,-0.35,-70
1787064302349,138726,Knee,sit,-0.212768,0.971608,-0.05612,1.47,-3.43,-0.42,-70
1787064302349,138743,Knee,sit,-0.219112,0.974536,-0.04636,1.54,-3.15,-0.56,-70
1787064302349,138760,Knee,sit,-0.22204,0.976488,-0.04636,2.03,-3.57,-0.7,-70
1787064302706,138936,Knee,sit,-0.207888,0.971608,-0.061976,0.56,-4.62,-0.49,-70
1787064302706,138967,Knee,sit,-0.190808,0.968192,-0.059048,0.42,-4.83,-0.42,-70
1787064302706,138984,Knee,sit,-0.189832,0.968192,-0.055632,0.91,-4.34,-0.42,-70
1787064302706,139001,Knee,sit,-0.19032,0.969656,-0.051728,1.54,-3.85,-0.56,-70
1787064302706,139018,Knee,sit,-0.193736,0.967216,-0.049288,1.68,-3.57,-0.56,-70
1787064302706,139048,Knee,sit,-0.205936,0.970144,-0.04392,2.38,-2.87,-0.98,-70
1787064302706,139066,Knee,sit,-0.216672,0.976976,-0.04392,2.59,-2.94,-1.12,-70
1787064302706,139082,Knee,sit,-0.20984,0.976976,-0.052216,2.59,-3.78,-1.12,-70
1787064302706,139099,Knee,sit,-0.19764,0.97112,-0.061976,2.31,-4.06,-1.12,-70
1787064302706,139116,Knee,sit,-0.201056,0.96868,-0.072224,2.45,-3.85,-0.98,-70
1787064303065,139293,Knee,sit,-0.199104,0.969168,-0.03904,1.47,-2.66,-0.49,-70
1787064303065,139324,Knee,sit,-0.225456,0.980392,-0.029768,2.38,-2.8,-0.7,-70
1787064303065,139341,Knee,sit,-0.221064,0.98088,-0.033184,2.59,-3.92,-0.98,-70
1787064303065,139358,Knee,sit,-0.205936,0.980392,-0.038552,2.59,-4.27,-1.05,-70
1787064303065,139375,Knee,sit,-0.199592,0.976,-0.052704,2.73,-4.55,-1.19,-70
1787064303065,139406,Knee,sit,-0.189832,0.967216,-0.08296,2.66,-4.55,-1.33,-70
1787064303065,139423,Knee,sit,-0.186904,0.961848,-0.099064,2.24,-4.2,-1.19,-70
1787064303065,139440,Knee,sit,-0.191784,0.95892,-0.103944,1.68,-3.78,-0.77,-70
1787064303065,139457,Knee,sit,-0.201056,0.963312,-0.098088,1.47,-3.43,-0.56,-70
1787064303065,139474,Knee,sit,-0.205936,0.971608,-0.084424,1.19,-3.22,-0.49,-70
1787064303422,139651,Knee,sit,-0.201056,0.974536,-0.05368,3.08,-3.99,-1.47,-66
1787064303422,139682,Knee,sit,-0.190808,0.965264,-0.09028,2.73,-3.78,-1.47,-66
1787064303422,139699,Knee,sit,-0.197152,0.964288,-0.099064,2.59,-3.78,-1.19,-66
1787064303422,139716,Knee,sit,-0.204472,0.964776,-0.110288,2.03,-4.13,-0.98,-66
1787064303422,139733,Knee,sit,-0.203984,0.961848,-0.106384,1.12,-4.55,-0.56,-66
1787064303422,139763,Knee,sit,-0.202032,0.964776,-0.083936,0.56,-4.06,-0.28,-66
1787064303422,139780,Knee,sit,-0.201544,0.968192,-0.067832,0.49,-3.85,-0.28,-66
1787064303422,139797,Knee,sit,-0.205448,0.971608,-0.054168,0.63,-3.71,-0.21,-66
1787064303422,139814,Knee,sit,-0.21228,0.976,-0.042456,0.77,-3.92,0,-66
1787064303422,139831,Knee,sit,-0.213744,0.978928,-0.040016,0.77,-4.69,-0.14,-66
1787064303780,140008,Knee,sit,-0.208864,0.97356,-0.08296,1.61,-4.62,-0.91,-66
1787064303780,140039,Knee,sit,-0.195688,0.964288,-0.089304,0.56,-4.83,-0.28,-66
1787064303780,140056,Knee,sit,-0.194712,0.961848,-0.087352,0.7,-4.55,-0.28,-66
1787064303780,140073,Knee,sit,-0.196664,0.965264,-0.081984,0.7,-4.27,-0.21,-66
1787064303780,140090,Knee,sit,-0.198616,0.96624,-0.069784,0.7,-4.2,-0.21,-66
1787064303780,140121,Knee,sit,-0.20252,0.971608,-0.048312,0.84,-3.92,-0.35,-66
1787064303780,140138,Knee,sit,-0.206424,0.976,-0.04148,1.05,-4.06,-0.49,-66
1787064303780,140155,Knee,sit,-0.211304,0.97844,-0.040992,1.26,-4.41,-0.56,-66
1787064303780,140172,Knee,sit,-0.21228,0.977464,-0.041968,1.4,-4.83,-0.77,-66
1787064303780,140189,Knee,sit,-0.20252,0.974536,-0.049776,1.4,-5.11,-0.84,-66
1787064304136,140365,Knee,sit,-0.20496,0.970632,-0.089792,0.7,-5.39,-0.63,-66
1787064304136,140396,Knee,sit,-0.178608,0.953064,-0.091256,0.14,-4.97,-0.35,-66
1787064304136,140413,Knee,sit,-0.186904,0.960872,-0.079544,0.42,-3.85,0.14,-66
1787064304136,140429,Knee,sit,-0.193736,0.96624,-0.061488,0.77,-3.22,0.07,-66
1787064304136,140446,Knee,sit,-0.20008,0.969168,-0.04148,1.26,-2.66,-0.21,-66
1787064304136,140477,Knee,sit,-0.212768,0.979416,-0.02928,1.4,-3.5,-0.63,-66
1787064304136,140494,Knee,sit,-0.208864,0.976,-0.028304,1.82,-3.85,-0.77,-66
1787064304136,140511,Knee,sit,-0.208864,0.976,-0.02928,2.38,-4.2,-0.84,-66
1787064304136,140528,Knee,sit,-0.2074,0.976488,-0.038064,3.08,-4.34,-0.98,-66
1787064304136,140545,Knee,sit,-0.201544,0.976,-0.054656,3.08,-4.41,-1.4,-66
1787064304501,140720,Knee,sit,-0.21228,0.976,-0.04636,0.98,-4.83,-0.35,-68
1787064304501,140751,Knee,sit,-0.203008,0.974048,-0.047336,1.68,-4.9,-0.63,-68
1787064304501,140768,Knee,sit,-0.200568,0.973072,-0.056608,1.96,-4.76,-0.91,-68
1787064304501,140785,Knee,sit,-0.198128,0.972096,-0.061,1.96,-4.76,-1.12,-68
1787064304501,140802,Knee,sit,-0.198616,0.969656,-0.071248,1.75,-4.83,-1.12,-68
1787064304501,140833,Knee,sit,-0.194712,0.966728,-0.081496,1.33,-4.69,-0.84,-68
1787064304501,140850,Knee,sit,-0.192272,0.964776,-0.08296,1.12,-4.55,-0.77,-68
1787064304501,140867,Knee,sit,-0.19276,0.964776,-0.078568,1.12,-3.99,-0.7,-68
1787064304501,140884,Knee,sit,-0.199104,0.969656,-0.071248,1.26,-3.57,-0.77,-68
1787064304501,140901,Knee,sit,-0.205448,0.970632,-0.06588,1.05,-3.85,-0.77,-68
1787064304851,141077,Knee,sit,-0.201056,0.969168,-0.068808,2.03,-3.85,-1.05,-68
1787064304851,141107,Knee,sit,-0.206424,0.970632,-0.069296,1.75,-3.78,-0.98,-68
1787064304851,141124,Knee,sit,-0.206912,0.96868,-0.068808,1.75,-3.85,-0.91,-68
1787064304851,141141,Knee,sit,-0.205936,0.969168,-0.06588,1.75,-4.06,-0.91,-68
1787064304851,141158,Knee,sit,-0.2074,0.97112,-0.060512,1.82,-4.06,-0.84,-68
1787064304851,141189,Knee,sit,-0.204472,0.971608,-0.060024,1.89,-3.99,-0.84,-68
1787064304851,141206,Knee,sit,-0.2074,0.97112,-0.060024,1.96,-3.99,-0.84,-68
1787064304851,141223,Knee,sit,-0.208376,0.970632,-0.062952,2.03,-4.27,-0.77,-68
1787064304851,141240,Knee,sit,-0.207888,0.970632,-0.06588,2.03,-4.48,-0.77,-68
1787064304851,141257,Knee,sit,-0.205936,0.970144,-0.066856,1.96,-4.55,-0.84,-68
1787064305224,141434,Knee,sit,-0.199592,0.971608,-0.060512,1.75,-4.06,-0.98,-68
1787064305224,141465,Knee,sit,-0.200568,0.967216,-0.064416,2.31,-3.5,-1.05,-68
1787064305224,141482,Knee,sit,-0.21228,0.970632,-0.069784,2.38,-3.22,-1.05,-68
1787064305224,141499,Knee,sit,-0.220576,0.972096,-0.076128,1.82,-3.78,-0.91,-68
1787064305224,141516,Knee,sit,-0.218136,0.970632,-0.079056,1.26,-4.41,-0.7,-68
1787064305224,141547,Knee,sit,-0.206424,0.96624,-0.082472,0.91,-4.69,-0.35,-68
1787064305224,141563,Knee,sit,-0.201056,0.965752,-0.079056,0.84,-4.69,-0.28,-68
1787064305224,141580,Knee,sit,-0.199104,0.96624,-0.076616,0.84,-4.55,-0.21,-68
1787064305224,141597,Knee,sit,-0.199104,0.968192,-0.06832,0.84,-4.41,-0.21,-68
1787064305224,141628,Knee,sit,-0.199104,0.971608,-0.050752,1.05,-4.27,-0.35,-68
1787064305580,141805,Knee,sit,-0.214232,0.970144,-0.078568,1.19,-4.27,-0.35,-68
1787064305580,141835,Knee,sit,-0.2074,0.969656,-0.072712,0.84,-4.76,-0.07,-68
1787064305580,141852,Knee,sit,-0.203008,0.968192,-0.068808,0.84,-4.76,0,-68
1787064305580,141869,Knee,sit,-0.19764,0.96868,-0.064416,0.77,-4.83,0,-68
1787064305580,141886,Knee,sit,-0.19276,0.969656,-0.058072,0.77,-4.62,-0.14,-68
1787064305580,141917,Knee,sit,-0.193248,0.97112,-0.052216,1.33,-4.2,-0.42,-68
1787064305580,141934,Knee,sit,-0.19276,0.970632,-0.050752,1.68,-4.2,-0.63,-68
1787064305580,141951,Knee,sit,-0.19276,0.971608,-0.05124,1.89,-3.92,-0.84,-68
1787064305580,141968,Knee,sit,-0.194224,0.972584,-0.05612,1.96,-3.78,-1.05,-68
1787064305580,141985,Knee,sit,-0.195688,0.972096,-0.058072,2.1,-3.71,-1.12,-68
1787064305938,142161,Knee,sit,-0.194712,0.972584,-0.043432,1.54,-4.06,-0.49,-68
1787064305938,142193,Knee,sit,-0.184952,0.972584,-0.038064,2.17,-3.78,-1.19,-68
1787064305938,142210,Knee,sit,-0.18056,0.973072,-0.04392,2.45,-3.5,-1.33,-68
1787064305938,142227,Knee,sit,-0.182024,0.969656,-0.054656,2.8,-3.22,-1.47,-68
1787064305938,142244,Knee,sit,-0.187392,0.965752,-0.061488,3.15,-3.08,-1.75,-68
1787064305938,142275,Knee,sit,-0.172264,0.953552,-0.038552,4.34,-0.84,-2.1,-68
1787064305938,142292,Knee,sit,-0.174704,0.985272,-0.018544,5.46,1.82,-3.22,-68
1787064305938,142309,Knee,sit,-0.233264,0.996008,-0.023912,6.72,2.45,-3.64,-68
1787064305938,142326,Knee,sit,-0.244,0.996496,-0.044896,6.23,-0.84,-2.87,-68
1787064305938,142343,Knee,sit,-0.233264,0.976,-0.09516,3.5,-2.24,-2.59,-68
1787064306295,142519,Knee,sit,-0.188368,0.964776,-0.059536,1.4,-4.83,-0.35,-68
1787064306295,142549,Knee,sit,-0.194224,0.968192,-0.066368,1.82,-3.01,-1.47,-68
1787064306295,142566,Knee,sit,-0.200568,0.970632,-0.07076,1.82,-3.64,-0.77,-68
1787064306295,142583,Knee,sit,-0.201544,0.971608,-0.067832,1.68,-4.69,-0.21,-68
1787064306295,142600,Knee,sit,-0.199592,0.969656,-0.064904,1.61,-4.9,-0.42,-68
1787064306295,142631,Knee,sit,-0.2074,0.967704,-0.0732,1.75,-3.64,-1.05,-68
1787064306295,142648,Knee,sit,-0.211792,0.968192,-0.084912,1.82,-3.5,-0.84,-68
1787064306295,142665,Knee,sit,-0.218136,0.967704,-0.087352,1.68,-3.85,-0.42,-68
1787064306295,142682,Knee,sit,-0.211792,0.967704,-0.086376,0.98,-4.41,-0.07,-68
1787064306295,142699,Knee,sit,-0.213256,0.967704,-0.086864,0.35,-5.18,0.14,-68
1787064306661,142877,Knee,sit,-0.203984,0.970144,-0.068808,1.96,-3.57,-1.19,-68
1787064306661,142908,Knee,sit,-0.188856,0.970144,-0.064416,1.89,-3.85,-1.19,-68
1787064306661,142925,Knee,sit,-0.183976,0.969168,-0.063928,2.17,-3.99,-1.05,-68
1787064306661,142943,Knee,sit,-0.193736,0.969168,-0.06832,2.45,-3.64,-0.98,-68
1787064306661,142960,Knee,sit,-0.200568,0.96868,-0.07564,2.38,-3.43,-1.12,-68
1787064306661,142991,Knee,sit,-0.221552,0.969656,-0.081984,2.1,-3.43,-1.33,-68
1787064306661,143008,Knee,sit,-0.223504,0.969168,-0.089792,1.68,-3.85,-1.19,-68
1787064306661,143025,Knee,sit,-0.221552,0.967704,-0.09028,1.54,-4.34,-0.84,-68
1787064306661,143042,Knee,sit,-0.21716,0.967216,-0.091256,1.05,-4.55,-0.63,-68
1787064306661,143059,Knee,sit,-0.213256,0.96624,-0.0854,0.91,-4.69,-0.28,-68
1787064307014,143237,Knee,sit,-0.20496,0.968192,-0.07808,2.17,-3.78,-0.98,-70
1787064307014,143268,Knee,sit,-0.2074,0.967216,-0.083448,2.03,-3.85,-1.05,-70
1787064307014,143285,Knee,sit,-0.2074,0.967704,-0.083936,1.89,-3.99,-0.91,-70
1787064307014,143302,Knee,sit,-0.207888,0.967216,-0.084912,1.61,-4.06,-0.77,-70
1787064307014,143319,Knee,sit,-0.2074,0.967216,-0.082472,1.4,-4.13,-0.7,-70
1787064307014,143337,Knee,sit,-0.207888,0.967704,-0.078568,1.33,-4.2,-0.56,-70
1787064307014,143368,Knee,sit,-0.2074,0.970632,-0.074176,1.12,-4.34,-0.56,-70
1787064307014,143385,Knee,sit,-0.205936,0.970144,-0.068808,1.12,-4.34,-0.56,-70
1787064307014,143402,Knee,sit,-0.20496,0.970144,-0.067832,1.19,-4.27,-0.63,-70
1787064307014,143419,Knee,sit,-0.20252,0.969168,-0.066368,1.4,-4.2,-0.63,-70
1787064307372,143595,Knee,sit,-0.203008,0.967704,-0.075152,1.54,-4.41,-0.56,-70
1787064307372,143626,Knee,sit,-0.200568,0.968192,-0.072224,1.47,-4.27,-0.63,-70
1787064307372,143643,Knee,sit,-0.201544,0.968192,-0.072712,1.47,-4.06,-0.56,-70
1787064307372,143660,Knee,sit,-0.206912,0.969656,-0.072224,1.61,-4.06,-0.56,-70
1787064307372,143677,Knee,sit,-0.208864,0.969656,-0.072224,1.54,-4.2,-0.49,-70
1787064307372,143708,Knee,sit,-0.206424,0.969168,-0.067832,1.54,-4.2,-0.63,-70
1787064307372,143725,Knee,sit,-0.204472,0.969656,-0.067832,1.68,-4.06,-0.84,-70
1787064307372,143742,Knee,sit,-0.203984,0.970144,-0.067344,1.75,-3.99,-0.77,-70
1787064307372,143759,Knee,sit,-0.203008,0.969168,-0.071248,1.75,-3.99,-0.84,-70
1787064307372,143776,Knee,sit,-0.20496,0.969656,-0.0732,1.75,-4.13,-0.77,-70
1787064307730,143952,Knee,sit,-0.206912,0.969168,-0.077592,0.84,-4.34,-0.21,-70
1787064307730,143983,Knee,sit,-0.203984,0.968192,-0.074664,0.84,-4.27,-0.21,-70
1787064307730,144000,Knee,sit,-0.202032,0.969656,-0.069296,0.91,-4.34,-0.35,-70
1787064307730,144017,Knee,sit,-0.198616,0.969656,-0.06588,1.12,-4.13,-0.56,-70
1787064307730,144034,Knee,sit,-0.194224,0.96868,-0.061488,1.26,-3.92,-0.63,-70
1787064307730,144065,Knee,sit,-0.198616,0.970144,-0.063928,1.68,-3.64,-0.77,-70
1787064307730,144082,Knee,sit,-0.204472,0.970144,-0.064904,1.75,-3.85,-0.77,-70
1787064307730,144099,Knee,sit,-0.208376,0.96868,-0.068808,1.82,-3.99,-0.77,-70
1787064307730,144116,Knee,sit,-0.208864,0.970144,-0.074664,1.68,-3.92,-0.84,-70
1787064307730,144133,Knee,sit,-0.211304,0.967704,-0.076128,1.68,-3.92,-0.84,-70
1787064308089,144310,Knee,sit,-0.210328,0.970144,-0.068808,1.4,-4.27,-0.56,-70
1787064308089,144341,Knee,sit,-0.201056,0.968192,-0.069784,1.54,-4.34,-0.56,-70
1787064308089,144358,Knee,sit,-0.200568,0.96868,-0.07076,1.68,-3.99,-0.7,-70
1787064308089,144375,Knee,sit,-0.202032,0.968192,-0.071736,1.68,-3.92,-0.7,-70
1787064308089,144392,Knee,sit,-0.204472,0.969168,-0.07076,1.68,-3.92,-0.7,-70
1787064308089,144423,Knee,sit,-0.2074,0.969656,-0.071736,1.61,-3.99,-0.7,-70
1787064308089,144440,Knee,sit,-0.206912,0.969656,-0.071736,1.47,-4.13,-0.7,-70
1787064308089,144457,Knee,sit,-0.204472,0.968192,-0.071736,1.47,-4.13,-0.7,-70
1787064308089,144474,Knee,sit,-0.20252,0.969656,-0.072712,1.61,-4.06,-0.77,-70
1787064308089,144491,Knee,sit,-0.203496,0.969168,-0.074664,1.47,-4.06,-0.7,-70
1787064308447,144667,Knee,sit,-0.196176,0.967704,-0.067832,1.47,-4.76,-0.49,-64
1787064308447,144698,Knee,sit,-0.194224,0.969656,-0.05856,2.17,-3.99,-0.84,-64
1787064308447,144716,Knee,sit,-0.195688,0.970632,-0.057096,2.38,-3.85,-1.05,-64
1787064308447,144733,Knee,sit,-0.196176,0.972096,-0.05612,2.52,-3.85,-1.12,-64
1787064308447,144750,Knee,sit,-0.201056,0.970632,-0.059536,2.66,-3.78,-1.26,-64
1787064308447,144781,Knee,sit,-0.208376,0.969656,-0.073688,2.59,-3.78,-1.26,-64
1787064308447,144798,Knee,sit,-0.213744,0.96868,-0.083936,2.31,-3.92,-1.19,-64
1787064308447,144815,Knee,sit,-0.212768,0.967704,-0.088816,2.03,-4.06,-1.05,-64
1787064308447,144832,Knee,sit,-0.213744,0.96624,-0.091256,1.75,-4.06,-0.84,-64
1787064308447,144849,Knee,sit,-0.213256,0.965752,-0.08784,1.33,-4.2,-0.7,-64
1787064308800,145026,Knee,sit,-0.20496,0.968192,-0.077104,1.26,-3.92,-0.63,-64
1787064308800,145057,Knee,sit,-0.20984,0.96624,-0.077104,1.26,-4.27,-0.63,-64
1787064308800,145074,Knee,sit,-0.205448,0.968192,-0.074664,1.26,-4.34,-0.7,-64
1787064308800,145091,Knee,sit,-0.205448,0.968192,-0.069296,1.33,-4.34,-0.7,-64
1787064308800,145108,Knee,sit,-0.20496,0.96868,-0.06588,1.47,-4.34,-0.7,-64
1787064308800,145139,Knee,sit,-0.20252,0.97112,-0.061488,1.68,-4.27,-0.77,-64
1787064308800,145156,Knee,sit,-0.203496,0.970144,-0.063928,1.75,-4.2,-0.7,-64
1787064308800,145173,Knee,sit,-0.205936,0.970632,-0.067344,1.82,-4.2,-0.7,-64
1787064308800,145190,Knee,sit,-0.2074,0.968192,-0.07076,1.89,-4.2,-0.7,-64
1787064308800,145206,Knee,sit,-0.206424,0.968192,-0.072712,1.82,-4.13,-0.7,-64
1787064309212,145431,Knee,sit,-0.2074,0.968192,-0.077592,1.26,-4.27,-0.49,-64
1787064309212,145463,Knee,sit,-0.203496,0.969656,-0.068808,1.26,-4.2,-0.49,-64
1787064309212,145480,Knee,sit,-0.202032,0.969656,-0.067832,1.26,-4.2,-0.49,-64
1787064309212,145497,Knee,sit,-0.202032,0.969168,-0.06832,1.26,-4.06,-0.63,-64
1787064309212,145514,Knee,sit,-0.203008,0.969168,-0.066856,1.47,-4.06,-0.7,-64
1787064309212,145545,Knee,sit,-0.20008,0.96868,-0.068808,1.47,-4.2,-0.77,-64
1787064309212,145562,Knee,sit,-0.199104,0.967216,-0.070272,1.54,-4.06,-0.77,-64
1787064309212,145579,Knee,sit,-0.199104,0.967704,-0.071248,1.75,-3.92,-0.84,-64
1787064309212,145596,Knee,sit,-0.201056,0.968192,-0.07076,1.96,-3.71,-0.98,-64
1787064309212,145613,Knee,sit,-0.2074,0.969656,-0.067344,2.17,-3.57,-1.05,-64
1787064309573,145789,Knee,sit,-0.23424,0.976,-0.068808,1.12,-3.99,-0.56,-66
1787064309573,145820,Knee,sit,-0.219112,0.971608,-0.054656,1.47,-4.69,-0.42,-66
1787064309573,145837,Knee,sit,-0.208376,0.97356,-0.05368,1.61,-4.69,-0.63,-66
1787064309573,145854,Knee,sit,-0.203496,0.97112,-0.060512,1.68,-4.69,-0.7,-66
1787064309573,145871,Knee,sit,-0.198616,0.969168,-0.071736,1.68,-4.76,-0.56,-66
1787064309573,145901,Knee,sit,-0.205936,0.970632,-0.074176,2.17,-4.48,-0.84,-66
1787064309573,145918,Knee,sit,-0.200568,0.965752,-0.0854,1.4,-4.69,-0.91,-66
1787064309573,145935,Knee,sit,-0.196176,0.9638,-0.093208,0.91,-4.48,-0.77,-66
1787064309573,145952,Knee,sit,-0.186416,0.962336,-0.094184,0.77,-4.34,-0.63,-66
1787064309573,145969,Knee,sit,-0.187392,0.96136,-0.09272,0.84,-3.85,-0.28,-66
1787064309929,146146,Knee,sit,-0.21228,0.969168,-0.088328,1.82,-4.06,-0.77,-66
1787064309929,146177,Knee,sit,-0.198616,0.962824,-0.087352,0.91,-4.13,-0.63,-66
1787064309929,146194,Knee,sit,-0.196664,0.965752,-0.08052,1.33,-3.85,-0.49,-66
1787064309929,146212,Knee,sit,-0.199592,0.966728,-0.071736,1.75,-3.5,-0.56,-66
1787064309929,146229,Knee,sit,-0.203984,0.971608,-0.062464,1.75,-3.36,-0.56,-66
1787064309929,146260,Knee,sit,-0.217648,0.97356,-0.053192,1.68,-3.99,-0.77,-66
1787064309929,146277,Knee,sit,-0.209352,0.972096,-0.057584,1.75,-4.48,-0.91,-66
1787064309929,146294,Knee,sit,-0.20252,0.970144,-0.061976,1.75,-4.55,-0.98,-66
1787064309929,146311,Knee,sit,-0.191784,0.967704,-0.07564,1.68,-4.41,-0.84,-66
1787064309929,146328,Knee,sit,-0.199592,0.96624,-0.084912,1.82,-4.06,-0.56,-66
1787064310287,146505,Knee,sit,-0.206424,0.967216,-0.073688,1.96,-4.06,-0.84,-66
1787064310287,146536,Knee,sit,-0.211304,0.967704,-0.08052,1.96,-3.78,-1.05,-66
1787064310287,146553,Knee,sit,-0.21228,0.969168,-0.08296,1.82,-3.99,-0.91,-66
1787064310287,146569,Knee,sit,-0.208864,0.96868,-0.079056,1.54,-4.34,-0.7,-66
1787064310287,146587,Knee,sit,-0.206912,0.969656,-0.077592,1.4,-4.41,-0.56,-66
1787064310287,146617,Knee,sit,-0.205448,0.968192,-0.069296,1.33,-4.27,-0.63,-66
1787064310287,146634,Knee,sit,-0.205936,0.96868,-0.068808,1.54,-3.92,-0.7,-66
1787064310287,146651,Knee,sit,-0.20496,0.969168,-0.064904,1.61,-3.92,-0.7,-66
1787064310287,146668,Knee,sit,-0.203008,0.970144,-0.063928,1.68,-4.06,-0.7,-66
1787064310287,146685,Knee,sit,-0.203984,0.970632,-0.065392,1.68,-3.99,-0.77,-66
1787064310648,146863,Knee,sit,-0.20496,0.969656,-0.0732,1.33,-4.13,-0.63,-66
1787064310648,146894,Knee,sit,-0.203984,0.968192,-0.07076,1.4,-4.06,-0.56,-66
1787064310648,146911,Knee,sit,-0.205936,0.96868,-0.067832,1.47,-3.99,-0.63,-66
1787064310648,146928,Knee,sit,-0.205936,0.96868,-0.06588,1.61,-3.99,-0.7,-66
1787064310648,146945,Knee,sit,-0.203984,0.970144,-0.065392,1.68,-3.99,-0.77,-66
1787064310648,146976,Knee,sit,-0.204472,0.969168,-0.066368,1.82,-3.92,-0.91,-66
1787064310648,146993,Knee,sit,-0.205448,0.96868,-0.067344,1.89,-3.92,-0.84,-66
1787064310648,147010,Knee,sit,-0.206912,0.969656,-0.071736,1.82,-3.92,-0.84,-66
1787064310648,147027,Knee,sit,-0.20984,0.96868,-0.076616,1.75,-4.06,-0.77,-66
1787064310648,147044,Knee,sit,-0.2074,0.967704,-0.077592,1.61,-4.2,-0.7,-66
1787064311006,147220,Knee,sit,-0.20008,0.970144,-0.065392,1.82,-3.92,-0.77,-66
1787064311006,147251,Knee,sit,-0.199104,0.970144,-0.065392,1.75,-3.85,-0.84,-66
1787064311006,147269,Knee,sit,-0.20008,0.96868,-0.07076,1.75,-3.92,-0.84,-66
1787064311006,147285,Knee,sit,-0.20252,0.968192,-0.071736,1.89,-3.78,-0.84,-66
1787064311006,147302,Knee,sit,-0.206912,0.969168,-0.075152,1.89,-3.85,-0.84,-66
1787064311006,147333,Knee,sit,-0.21228,0.968192,-0.080032,1.61,-4.06,-0.77,-66
1787064311006,147350,Knee,sit,-0.211792,0.967704,-0.079544,1.54,-4.13,-0.77,-66
1787064311006,147367,Knee,sit,-0.2074,0.96868,-0.079056,1.33,-4.27,-0.7,-66
1787064311006,147384,Knee,sit,-0.205448,0.967216,-0.074176,1.4,-4.2,-0.56,-66
1787064311006,147401,Knee,sit,-0.205936,0.970632,-0.069784,1.54,-4.2,-0.63,-66
1787064311362,147579,Knee,sit,-0.205936,0.970632,-0.069296,1.61,-4.06,-0.7,-66
1787064311362,147610,Knee,sit,-0.206424,0.968192,-0.076128,1.61,-4.13,-0.63,-66
1787064311362,147627,Knee,sit,-0.206424,0.96868,-0.076128,1.68,-3.99,-0.77,-66
1787064311362,147644,Knee,sit,-0.2074,0.968192,-0.076128,1.75,-3.99,-0.84,-66
1787064311362,147661,Knee,sit,-0.206912,0.969168,-0.073688,1.68,-3.99,-0.77,-66
1787064311362,147692,Knee,sit,-0.20496,0.969656,-0.072712,1.54,-4.27,-0.63,-66
1787064311362,147709,Knee,sit,-0.20496,0.968192,-0.072224,1.47,-4.27,-0.63,-66
1787064311362,147726,Knee,sit,-0.206424,0.969168,-0.07076,1.54,-4.2,-0.56,-66
1787064311362,147743,Knee,sit,-0.206912,0.969656,-0.070272,1.54,-4.13,-0.63,-66
1787064311362,147760,Knee,sit,-0.205936,0.969656,-0.069784,1.54,-4.06,-0.77,-66
1787064311720,147937,Knee,sit,-0.203984,0.968192,-0.074176,1.47,-4.13,-0.63,-66
1787064311720,147967,Knee,sit,-0.203008,0.969168,-0.07076,1.4,-4.13,-0.63,-66
1787064311720,147985,Knee,sit,-0.20252,0.969168,-0.070272,1.4,-4.06,-0.56,-66
1787064311720,148001,Knee,sit,-0.204472,0.969168,-0.068808,1.54,-4.06,-0.63,-66
1787064311720,148018,Knee,sit,-0.206912,0.969168,-0.069296,1.61,-4.06,-0.7,-66
1787064311720,148049,Knee,sit,-0.20252,0.970144,-0.071736,1.54,-4.06,-0.84,-66
1787064311720,148066,Knee,sit,-0.205448,0.968192,-0.074664,1.61,-4.06,-0.77,-66
1787064311720,148083,Knee,sit,-0.205936,0.96868,-0.075152,1.68,-4.06,-0.63,-66
1787064311720,148100,Knee,sit,-0.208864,0.969656,-0.072712,1.61,-4.13,-0.63,-66
1787064311720,148117,Knee,sit,-0.208864,0.970144,-0.072224,1.47,-4.2,-0.7,-66
1787064312081,148294,Knee,sit,-0.205448,0.96868,-0.072712,1.54,-3.99,-0.7,-66
1787064312081,148325,Knee,sit,-0.205936,0.969168,-0.068808,1.68,-3.99,-0.7,-66
1787064312081,148342,Knee,sit,-0.203496,0.970144,-0.06832,1.61,-4.06,-0.7,-66
1787064312081,148359,Knee,sit,-0.203984,0.969168,-0.067832,1.61,-4.13,-0.7,-66
1787064312081,148376,Knee,sit,-0.203984,0.96868,-0.06832,1.68,-4.06,-0.77,-66
1787064312081,148407,Knee,sit,-0.204472,0.967704,-0.071736,1.68,-3.99,-0.84,-66
1787064312081,148424,Knee,sit,-0.204472,0.96868,-0.074664,1.75,-3.99,-0.84,-66
1787064312081,148441,Knee,sit,-0.206912,0.969168,-0.075152,1.68,-4.06,-0.7,-66
1787064312081,148458,Knee,sit,-0.206424,0.968192,-0.076616,1.54,-4.13,-0.7,-66
1787064312081,148475,Knee,sit,-0.207888,0.968192,-0.077104,1.54,-4.06,-0.7,-66
1787064312437,148651,Knee,sit,-0.205448,0.96868,-0.074176,1.68,-3.99,-0.77,-66
1787064312437,148682,Knee,sit,-0.205936,0.96868,-0.075152,1.54,-4.06,-0.7,-66
1787064312437,148699,Knee,sit,-0.207888,0.968192,-0.07564,1.47,-4.2,-0.56,-66
1787064312437,148716,Knee,sit,-0.208376,0.966728,-0.073688,1.47,-4.2,-0.63,-66
1787064312437,148733,Knee,sit,-0.203008,0.968192,-0.071736,1.47,-4.13,-0.77,-66
1787064312437,148764,Knee,sit,-0.203008,0.968192,-0.070272,1.54,-3.99,-0.84,-66
1787064312437,148781,Knee,sit,-0.205448,0.969168,-0.069784,1.61,-4.06,-0.63,-66
1787064312437,148798,Knee,sit,-0.205936,0.969656,-0.069296,1.54,-4.13,-0.63,-66
1787064312437,148815,Knee,sit,-0.206424,0.970144,-0.069296,1.54,-4.2,-0.56,-66
1787064312437,148832,Knee,sit,-0.20496,0.970144,-0.069784,1.54,-4.27,-0.63,-66
1787064312796,149010,Knee,sit,-0.20496,0.969168,-0.06832,1.47,-4.06,-0.7,-66
1787064312796,149041,Knee,sit,-0.203008,0.969656,-0.06832,1.61,-4.06,-0.7,-66
1787064312796,149058,Knee,sit,-0.203984,0.969168,-0.067832,1.61,-4.06,-0.7,-66
1787064312796,149075,Knee,sit,-0.204472,0.969168,-0.070272,1.68,-4.06,-0.77,-66
1787064312796,149092,Knee,sit,-0.204472,0.969168,-0.0732,1.68,-3.99,-0.77,-66
1787064312796,149123,Knee,sit,-0.20496,0.96868,-0.074176,1.68,-4.06,-0.77,-66
1787064312796,149140,Knee,sit,-0.206424,0.969168,-0.074664,1.61,-4.06,-0.77,-66
1787064312796,149157,Knee,sit,-0.205936,0.96868,-0.073688,1.54,-4.06,-0.7,-66
1787064312796,149174,Knee,sit,-0.205448,0.96868,-0.073688,1.61,-4.2,-0.7,-66
1787064312796,149191,Knee,sit,-0.20496,0.96868,-0.0732,1.47,-4.13,-0.7,-66
1787064313159,149367,Knee,sit,-0.206912,0.969656,-0.072712,1.61,-3.99,-0.7,-65
1787064313159,149398,Knee,sit,-0.205448,0.969168,-0.0732,1.54,-4.13,-0.63,-65
1787064313159,149415,Knee,sit,-0.206424,0.96868,-0.073688,1.54,-4.2,-0.56,-65
1787064313159,149432,Knee,sit,-0.206424,0.96868,-0.074176,1.54,-4.2,-0.63,-65
1787064313159,149449,Knee,sit,-0.205936,0.96868,-0.0732,1.54,-4.13,-0.7,-65
1787064313159,149480,Knee,sit,-0.203496,0.969168,-0.070272,1.54,-4.13,-0.7,-65
1787064313159,149497,Knee,sit,-0.20252,0.96868,-0.071248,1.47,-4.13,-0.7,-65
1787064313159,149514,Knee,sit,-0.203496,0.968192,-0.071248,1.61,-4.13,-0.63,-65
1787064313159,149531,Knee,sit,-0.20496,0.969656,-0.070272,1.68,-4.13,-0.7,-65
1787064313159,149548,Knee,sit,-0.204472,0.969656,-0.070272,1.68,-3.99,-0.63,-65
1787064313513,149725,Knee,sit,-0.204472,0.969168,-0.071736,1.4,-4.06,-0.63,-65
1787064313513,149756,Knee,sit,-0.20496,0.96868,-0.07076,1.47,-4.06,-0.7,-65
1787064313513,149773,Knee,sit,-0.203984,0.969168,-0.069784,1.54,-3.99,-0.7,-65
1787064313513,149790,Knee,sit,-0.205448,0.969168,-0.06832,1.61,-4.06,-0.63,-65
1787064313513,149807,Knee,sit,-0.206912,0.969656,-0.067344,1.61,-4.13,-0.7,-65
1787064313513,149838,Knee,sit,-0.203496,0.969168,-0.07076,1.68,-4.2,-0.77,-65
1787064313513,149855,Knee,sit,-0.202032,0.968192,-0.070272,1.75,-4.13,-0.77,-65
1787064313513,149872,Knee,sit,-0.20496,0.969168,-0.0732,1.75,-3.99,-0.77,-65
1787064313513,149889,Knee,sit,-0.204472,0.968192,-0.074176,1.75,-3.99,-0.77,-65
1787064313513,149906,Knee,sit,-0.205448,0.968192,-0.074664,1.68,-3.99,-0.7,-65
1787064313879,150081,Knee,sit,-0.205448,0.969168,-0.072712,1.54,-4.06,-0.63,-65
1787064313879,150113,Knee,sit,-0.205936,0.969168,-0.071736,1.54,-4.13,-0.7,-65
1787064313879,150130,Knee,sit,-0.205448,0.969168,-0.07076,1.47,-4.06,-0.63,-65
1787064313879,150147,Knee,sit,-0.206424,0.969168,-0.071248,1.47,-4.13,-0.63,-65
1787064313879,150164,Knee,sit,-0.203984,0.969168,-0.071248,1.54,-4.06,-0.77,-65
1787064313879,150195,Knee,sit,-0.204472,0.96868,-0.072224,1.61,-4.13,-0.7,-65
1787064313879,150212,Knee,sit,-0.20496,0.969168,-0.073688,1.47,-4.13,-0.77,-65
1787064313879,150229,Knee,sit,-0.205448,0.969168,-0.073688,1.47,-4.13,-0.7,-65
1787064313879,150246,Knee,sit,-0.2074,0.967704,-0.0732,1.54,-4.13,-0.7,-65
1787064313879,150263,Knee,sit,-0.206912,0.969168,-0.07076,1.54,-4.06,-0.63,-65
1787064314234,150440,Knee,sit,-0.203496,0.969168,-0.073688,1.54,-4.13,-0.63,-65
1787064314234,150471,Knee,sit,-0.203984,0.967704,-0.071736,1.47,-4.06,-0.63,-65
1787064314234,150488,Knee,sit,-0.204472,0.967216,-0.071248,1.54,-4.06,-0.63,-65
1787064314234,150505,Knee,sit,-0.204472,0.96868,-0.071248,1.61,-3.99,-0.63,-65
1787064314234,150522,Knee,sit,-0.20496,0.969656,-0.07076,1.54,-4.06,-0.63,-65
1787064314234,150553,Knee,sit,-0.205448,0.968192,-0.07076,1.47,-4.13,-0.77,-65
1787064314234,150570,Knee,sit,-0.204472,0.96868,-0.069784,1.61,-4.06,-0.7,-65
1787064314234,150587,Knee,sit,-0.205448,0.969168,-0.070272,1.75,-4.06,-0.77,-65
1787064314234,150603,Knee,sit,-0.205448,0.967704,-0.070272,1.61,-3.99,-0.77,-65
1787064314234,150620,Knee,sit,-0.205448,0.967704,-0.071248,1.61,-4.06,-0.84,-65
1787064314591,150798,Knee,sit,-0.205936,0.969656,-0.072712,1.54,-4.13,-0.63,-77
1787064314591,150829,Knee,sit,-0.204472,0.969656,-0.070272,1.54,-4.13,-0.63,-77
1787064314591,150846,Knee,sit,-0.203496,0.969168,-0.069784,1.54,-4.13,-0.63,-77
1787064314591,150863,Knee,sit,-0.203984,0.969168,-0.069784,1.61,-4.13,-0.63,-77
1787064314591,150880,Knee,sit,-0.203984,0.969168,-0.070272,1.61,-4.06,-0.7,-77
1787064314591,150911,Knee,sit,-0.205448,0.969656,-0.071736,1.68,-3.99,-0.7,-77
1787064314591,150928,Knee,sit,-0.205448,0.969656,-0.07076,1.68,-4.06,-0.7,-77
1787064314591,150945,Knee,sit,-0.205936,0.969656,-0.071736,1.61,-4.06,-0.77,-77
1787064314591,150962,Knee,sit,-0.205448,0.968192,-0.072712,1.68,-4.06,-0.77,-77
1787064314591,150979,Knee,sit,-0.205448,0.968192,-0.073688,1.68,-4.06,-0.77,-77
1787064314947,151156,Knee,sit,-0.206912,0.969656,-0.071248,1.61,-4.2,-0.56,-77
1787064314947,151188,Knee,sit,-0.206424,0.968192,-0.071736,1.54,-4.13,-0.63,-77
1787064314947,151205,Knee,sit,-0.206424,0.969168,-0.073688,1.54,-4.13,-0.63,-77
1787064314947,151222,Knee,sit,-0.205448,0.968192,-0.072712,1.61,-4.13,-0.56,-77
1787064314947,151239,Knee,sit,-0.203496,0.96868,-0.072224,1.61,-4.2,-0.7,-77
1787064314947,151269,Knee,sit,-0.205448,0.968192,-0.071736,1.47,-4.13,-0.7,-77
1787064314947,151286,Knee,sit,-0.205448,0.967704,-0.071736,1.54,-4.13,-0.63,-77
1787064314947,151303,Knee,sit,-0.204472,0.969168,-0.071736,1.54,-4.13,-0.63,-77
1787064314947,151320,Knee,sit,-0.204472,0.969168,-0.072712,1.54,-4.13,-0.77,-77
1787064314947,151337,Knee,sit,-0.203496,0.968192,-0.072224,1.47,-4.06,-0.77,-77
1787064315304,151514,Knee,sit,-0.204472,0.96868,-0.076128,1.75,-4.13,-0.7,-77
1787064315304,151545,Knee,sit,-0.203496,0.969168,-0.07564,1.68,-4.06,-0.77,-77
1787064315304,151562,Knee,sit,-0.203984,0.967704,-0.076128,1.61,-3.99,-0.7,-77
1787064315304,151579,Knee,sit,-0.204472,0.969656,-0.074664,1.54,-4.13,-0.63,-77
1787064315304,151596,Knee,sit,-0.206424,0.969656,-0.072712,1.47,-4.06,-0.63,-77
1787064315304,151627,Knee,sit,-0.204472,0.969168,-0.070272,1.54,-4.06,-0.7,-77
1787064315304,151644,Knee,sit,-0.203496,0.969656,-0.07076,1.47,-4.06,-0.77,-77
1787064315304,151661,Knee,sit,-0.203984,0.96868,-0.072224,1.54,-4.06,-0.7,-77
1787064315304,151678,Knee,sit,-0.203984,0.969168,-0.072712,1.54,-4.06,-0.63,-77
1787064315304,151695,Knee,sit,-0.20496,0.969168,-0.071736,1.47,-4.06,-0.7,-77
1787064315660,151871,Knee,sit,-0.206912,0.969168,-0.07076,1.61,-4.13,-0.63,-65
1787064315660,151903,Knee,sit,-0.204472,0.96868,-0.07076,1.61,-4.13,-0.7,-65
1787064315660,151920,Knee,sit,-0.20252,0.969656,-0.071248,1.54,-4.13,-0.7,-65
1787064315660,151936,Knee,sit,-0.20496,0.96868,-0.072224,1.68,-4.06,-0.7,-65
1787064315660,151953,Knee,sit,-0.205448,0.969656,-0.071736,1.68,-4.06,-0.63,-65
1787064315660,151984,Knee,sit,-0.206912,0.96868,-0.072224,1.54,-4.2,-0.7,-65
1787064315660,152001,Knee,sit,-0.205936,0.96868,-0.072224,1.54,-4.13,-0.7,-65
1787064315660,152018,Knee,sit,-0.205448,0.969168,-0.072224,1.54,-4.13,-0.7,-65
1787064315660,152035,Knee,sit,-0.203496,0.968192,-0.072712,1.61,-4.2,-0.7,-65
1787064315660,152052,Knee,sit,-0.203496,0.969168,-0.0732,1.61,-4.13,-0.7,-65
1787064316017,152228,Knee,sit,-0.206424,0.969168,-0.071736,1.68,-4.06,-0.7,-65
1787064316017,152259,Knee,sit,-0.205936,0.968192,-0.074664,1.68,-4.06,-0.7,-65
1787064316017,152276,Knee,sit,-0.206424,0.969656,-0.076128,1.68,-4.06,-0.7,-65
1787064316017,152293,Knee,sit,-0.205448,0.969168,-0.074664,1.61,-4.06,-0.7,-65
1787064316017,152310,Knee,sit,-0.205448,0.968192,-0.0732,1.54,-4.06,-0.7,-65
1787064316017,152341,Knee,sit,-0.203496,0.96868,-0.071736,1.47,-4.13,-0.7,-65
1787064316017,152358,Knee,sit,-0.205448,0.969656,-0.071736,1.47,-4.2,-0.63,-65
1787064316017,152375,Knee,sit,-0.205936,0.969168,-0.072224,1.47,-4.2,-0.63,-65
1787064316017,152392,Knee,sit,-0.20496,0.968192,-0.0732,1.47,-4.2,-0.63,-65
1787064316017,152409,Knee,sit,-0.203984,0.96868,-0.071248,1.54,-4.06,-0.77,-65
1787064316382,152585,Knee,sit,-0.205936,0.969168,-0.071736,1.61,-4.06,-0.7,-65
1787064316382,152615,Knee,sit,-0.205448,0.96868,-0.072712,1.61,-4.06,-0.7,-65
1787064316382,152633,Knee,sit,-0.205936,0.969168,-0.073688,1.61,-4.13,-0.63,-65
1787064316382,152649,Knee,sit,-0.205936,0.969168,-0.074664,1.61,-4.2,-0.63,-65
1787064316382,152666,Knee,sit,-0.203984,0.967704,-0.074664,1.54,-4.2,-0.63,-65
1787064316382,152697,Knee,sit,-0.203008,0.968192,-0.074664,1.47,-4.13,-0.7,-65
1787064316382,152714,Knee,sit,-0.20496,0.968192,-0.072712,1.61,-4.06,-0.7,-65
1787064316382,152731,Knee,sit,-0.205448,0.96868,-0.071736,1.61,-3.99,-0.7,-65
1787064316382,152748,Knee,sit,-0.206912,0.969656,-0.069296,1.61,-4.06,-0.63,-65
1787064316382,152765,Knee,sit,-0.206424,0.969656,-0.07076,1.61,-4.2,-0.7,-65
1787064316731,152941,Knee,sit,-0.20496,0.969656,-0.07076,1.54,-4.06,-0.7,-66
1787064316731,152972,Knee,sit,-0.205448,0.969168,-0.07076,1.68,-4.06,-0.7,-66
1787064316731,152989,Knee,sit,-0.203984,0.969168,-0.071248,1.68,-3.99,-0.7,-66
1787064316731,153006,Knee,sit,-0.20496,0.969168,-0.072712,1.61,-4.06,-0.7,-66
1787064316731,153023,Knee,sit,-0.205448,0.967704,-0.0732,1.61,-4.06,-0.7,-66
1787064316731,153054,Knee,sit,-0.20496,0.969656,-0.0732,1.61,-4.13,-0.7,-66
1787064316731,153071,Knee,sit,-0.203984,0.969168,-0.074176,1.54,-4.13,-0.7,-66
1787064316731,153088,Knee,sit,-0.203984,0.968192,-0.0732,1.54,-4.06,-0.7,-66
1787064316731,153105,Knee,sit,-0.204472,0.968192,-0.072224,1.54,-4.13,-0.7,-66
1787064316731,153122,Knee,sit,-0.20496,0.96868,-0.073688,1.54,-4.13,-0.7,-66
1787064317092,153297,Knee,sit,-0.206912,0.968192,-0.0732,1.61,-4.06,-0.7,-66
1787064317092,153328,Knee,sit,-0.205448,0.96868,-0.0732,1.61,-4.13,-0.7,-66
1787064317092,153345,Knee,sit,-0.20496,0.96868,-0.072224,1.61,-4.06,-0.77,-66
1787064317092,153362,Knee,sit,-0.205936,0.969656,-0.071736,1.61,-3.99,-0.77,-66
1787064317092,153379,Knee,sit,-0.205448,0.969656,-0.072224,1.61,-4.06,-0.7,-66
1787064317092,153410,Knee,sit,-0.203984,0.96868,-0.073688,1.54,-4.13,-0.7,-66
1787064317092,153427,Knee,sit,-0.205448,0.96868,-0.074176,1.54,-4.13,-0.7,-66
1787064317092,153444,Knee,sit,-0.20496,0.96868,-0.073688,1.54,-4.06,-0.7,-66
1787064317092,153461,Knee,sit,-0.205936,0.968192,-0.073688,1.54,-4.13,-0.7,-66
1787064317092,153478,Knee,sit,-0.203984,0.968192,-0.072224,1.61,-4.06,-0.7,-66
1787064317445,153653,Knee,sit,-0.203984,0.96868,-0.0732,1.47,-4.13,-0.63,-66
1787064317445,153684,Knee,sit,-0.205936,0.968192,-0.072712,1.61,-3.99,-0.63,-66
1787064317445,153701,Knee,sit,-0.206424,0.969168,-0.072712,1.54,-4.06,-0.63,-66
1787064317445,153718,Knee,sit,-0.205936,0.970144,-0.0732,1.47,-4.06,-0.7,-66
1787064317445,153735,Knee,sit,-0.205448,0.968192,-0.072224,1.54,-4.06,-0.77,-66
1787064317445,153766,Knee,sit,-0.203496,0.968192,-0.07076,1.61,-4.06,-0.63,-66
1787064317445,153783,Knee,sit,-0.205448,0.969168,-0.068808,1.61,-4.06,-0.7,-66
1787064317445,153800,Knee,sit,-0.203984,0.970144,-0.07076,1.61,-3.99,-0.77,-66
1787064317445,153817,Knee,sit,-0.203984,0.969168,-0.072712,1.61,-4.06,-0.77,-66
1787064317445,153834,Knee,sit,-0.20496,0.969168,-0.073688,1.68,-4.06,-0.77,-66
1787064317802,154010,Knee,sit,-0.203008,0.969656,-0.069784,1.54,-4.06,-0.7,-67
1787064317802,154041,Knee,sit,-0.203984,0.96868,-0.070272,1.54,-4.06,-0.7,-67
1787064317802,154059,Knee,sit,-0.205448,0.969168,-0.072224,1.61,-4.06,-0.7,-67
1787064317802,154075,Knee,sit,-0.206912,0.968192,-0.0732,1.68,-4.06,-0.7,-67
1787064317802,154092,Knee,sit,-0.2074,0.968192,-0.0732,1.61,-4.06,-0.77,-67
1787064317802,154123,Knee,sit,-0.205936,0.96868,-0.0732,1.47,-4.13,-0.7,-67
1787064317802,154140,Knee,sit,-0.205448,0.968192,-0.072712,1.54,-4.13,-0.7,-67
1787064317802,154157,Knee,sit,-0.203984,0.969168,-0.071736,1.61,-4.06,-0.7,-67
1787064317802,154174,Knee,sit,-0.204472,0.96868,-0.071248,1.61,-4.13,-0.7,-67
1787064317802,154191,Knee,sit,-0.20496,0.969168,-0.07076,1.54,-4.13,-0.7,-67
1787064318161,154367,Knee,sit,-0.2074,0.968192,-0.069784,1.54,-4.2,-0.63,-67
1787064318161,154399,Knee,sit,-0.203984,0.969168,-0.071248,1.61,-4.13,-0.7,-67
1787064318161,154416,Knee,sit,-0.203008,0.968192,-0.072712,1.68,-4.13,-0.7,-67
1787064318161,154433,Knee,sit,-0.203496,0.968192,-0.074664,1.68,-4.13,-0.7,-67
1787064318161,154450,Knee,sit,-0.203496,0.967704,-0.074664,1.54,-4.13,-0.7,-67
1787064318161,154481,Knee,sit,-0.206424,0.967216,-0.072712,1.54,-3.99,-0.7,-67
1787064318161,154498,Knee,sit,-0.207888,0.96868,-0.072712,1.61,-3.99,-0.77,-67
1787064318161,154515,Knee,sit,-0.205936,0.969168,-0.071248,1.54,-4.06,-0.77,-67
1787064318161,154532,Knee,sit,-0.205936,0.969168,-0.069784,1.54,-4.06,-0.77,-67
1787064318161,154549,Knee,sit,-0.205448,0.969168,-0.069784,1.61,-4.13,-0.77,-67
1787064318524,154725,Knee,sit,-0.20496,0.968192,-0.071248,1.47,-4.06,-0.63,-67
1787064318524,154756,Knee,sit,-0.203984,0.969168,-0.070272,1.54,-4.06,-0.7,-67
1787064318524,154773,Knee,sit,-0.205448,0.969656,-0.069784,1.54,-4.13,-0.63,-67
1787064318524,154790,Knee,sit,-0.204472,0.968192,-0.071248,1.61,-4.2,-0.7,-67
1787064318524,154807,Knee,sit,-0.203984,0.969168,-0.071248,1.61,-4.13,-0.7,-67
1787064318524,154838,Knee,sit,-0.206912,0.96868,-0.071736,1.61,-4.06,-0.7,-67
1787064318524,154855,Knee,sit,-0.2074,0.969168,-0.072712,1.54,-4.06,-0.77,-67
1787064318524,154872,Knee,sit,-0.2074,0.969168,-0.072224,1.54,-4.13,-0.77,-67
1787064318524,154889,Knee,sit,-0.206424,0.969168,-0.071736,1.54,-4.06,-0.77,-67
1787064318524,154906,Knee,sit,-0.204472,0.967704,-0.071248,1.54,-4.06,-0.7,-67
1787064318880,155083,Knee,sit,-0.203008,0.970144,-0.071736,1.54,-4.13,-0.7,-66
1787064318880,155115,Knee,sit,-0.205936,0.967216,-0.075152,1.54,-4.13,-0.63,-66
1787064318880,155132,Knee,sit,-0.206912,0.96868,-0.074176,1.61,-4.06,-0.56,-66
1787064318880,155149,Knee,sit,-0.208376,0.969656,-0.07076,1.54,-4.13,-0.63,-66
1787064318880,155166,Knee,sit,-0.206424,0.969168,-0.069296,1.47,-4.2,-0.77,-66
1787064318880,155197,Knee,sit,-0.203984,0.96868,-0.069784,1.61,-4.06,-0.77,-66
1787064318880,155214,Knee,sit,-0.203984,0.969168,-0.072224,1.61,-4.13,-0.7,-66
1787064318880,155231,Knee,sit,-0.205448,0.96868,-0.0732,1.54,-4.13,-0.63,-66
1787064318880,155248,Knee,sit,-0.2074,0.967216,-0.07564,1.47,-4.2,-0.56,-66
1787064318880,155265,Knee,sit,-0.208864,0.967704,-0.076616,1.47,-4.13,-0.63,-66
1787064319237,155442,Knee,sit,-0.206424,0.968192,-0.073688,1.75,-3.99,-0.7,-66
1787064319237,155473,Knee,sit,-0.20496,0.96868,-0.075152,1.61,-4.06,-0.7,-66
1787064319237,155490,Knee,sit,-0.203496,0.96868,-0.074176,1.61,-4.06,-0.63,-66
1787064319237,155507,Knee,sit,-0.204472,0.969656,-0.073688,1.61,-3.99,-0.7,-66
1787064319237,155524,Knee,sit,-0.204472,0.970144,-0.074664,1.47,-4.06,-0.7,-66
1787064319237,155555,Knee,sit,-0.205448,0.967216,-0.076128,1.33,-4.27,-0.63,-66
1787064319237,155572,Knee,sit,-0.205936,0.968192,-0.071736,1.47,-4.13,-0.63,-66
1787064319237,155589,Knee,sit,-0.207888,0.968192,-0.07076,1.54,-4.06,-0.7,-66
1787064319237,155606,Knee,sit,-0.2074,0.969656,-0.067832,1.61,-4.06,-0.7,-66
1787064319237,155623,Knee,sit,-0.206424,0.969656,-0.065392,1.61,-3.99,-0.77,-66
1787064319595,155800,Knee,sit,-0.203984,0.969656,-0.072224,1.54,-4.13,-0.63,-66
1787064319595,155831,Knee,sit,-0.205448,0.968192,-0.07564,1.47,-4.27,-0.56,-66
1787064319595,155848,Knee,sit,-0.205448,0.96868,-0.075152,1.47,-4.2,-0.63,-66
1787064319595,155865,Knee,sit,-0.203984,0.967216,-0.07564,1.4,-4.13,-0.63,-66
1787064319595,155882,Knee,sit,-0.203984,0.967704,-0.074664,1.4,-3.99,-0.63,-66
1787064319595,155913,Knee,sit,-0.208376,0.969656,-0.068808,1.47,-4.06,-0.56,-66
1787064319595,155930,Knee,sit,-0.208376,0.970144,-0.06832,1.4,-4.13,-0.56,-66
1787064319595,155947,Knee,sit,-0.206912,0.970144,-0.067344,1.4,-4.13,-0.56,-66
1787064319595,155964,Knee,sit,-0.205448,0.970144,-0.06832,1.4,-4.13,-0.63,-66
1787064319595,155981,Knee,sit,-0.205448,0.968192,-0.071248,1.54,-4.2,-0.63,-66
1787064319957,156157,Knee,sit,-0.203008,0.970632,-0.067832,1.68,-3.92,-0.77,-66
1787064319957,156188,Knee,sit,-0.204472,0.970144,-0.069784,1.68,-3.99,-0.84,-66
1787064319957,156205,Knee,sit,-0.205448,0.967704,-0.070272,1.82,-3.92,-0.77,-66
1787064319957,156222,Knee,sit,-0.205936,0.967704,-0.07076,1.89,-3.92,-0.84,-66
1787064319957,156239,Knee,sit,-0.205936,0.96868,-0.0732,1.82,-3.92,-0.77,-66
1787064319957,156270,Knee,sit,-0.205936,0.968192,-0.07564,1.75,-3.99,-0.77,-66
1787064319957,156287,Knee,sit,-0.204472,0.968192,-0.074664,1.75,-3.99,-0.77,-66
1787064319957,156304,Knee,sit,-0.205936,0.969656,-0.075152,1.68,-4.06,-0.7,-66
1787064319957,156321,Knee,sit,-0.20496,0.96868,-0.072712,1.61,-4.06,-0.77,-66
1787064319957,156338,Knee,sit,-0.203496,0.969168,-0.072224,1.61,-4.06,-0.7,-66
1787064320312,156515,Knee,sit,-0.205448,0.969168,-0.072224,1.54,-4.06,-0.7,-65
1787064320312,156546,Knee,sit,-0.204472,0.969168,-0.071736,1.54,-4.06,-0.63,-65
1787064320312,156563,Knee,sit,-0.205448,0.969656,-0.071248,1.54,-4.06,-0.63,-65
1787064320312,156581,Knee,sit,-0.206912,0.969168,-0.072712,1.54,-4.13,-0.63,-65
1787064320312,156598,Knee,sit,-0.205448,0.968192,-0.071736,1.47,-4.2,-0.7,-65
1787064320312,156629,Knee,sit,-0.204472,0.968192,-0.073688,1.47,-4.13,-0.63,-65
1787064320312,156646,Knee,sit,-0.2074,0.96868,-0.072224,1.54,-4.06,-0.7,-65
1787064320312,156663,Knee,sit,-0.208376,0.96868,-0.070272,1.54,-4.06,-0.63,-65
1787064320312,156680,Knee,sit,-0.206424,0.969656,-0.069784,1.61,-4.13,-0.63,-65
1787064320312,156697,Knee,sit,-0.205936,0.969656,-0.067344,1.54,-4.13,-0.63,-65
1787064320670,156872,Knee,sit,-0.20496,0.96868,-0.071736,1.4,-4.13,-0.63,-65
1787064320670,156903,Knee,sit,-0.203008,0.969656,-0.071736,1.47,-4.06,-0.63,-65
1787064320670,156920,Knee,sit,-0.203984,0.970144,-0.069784,1.54,-4.06,-0.63,-65
1787064320670,156937,Knee,sit,-0.20496,0.969168,-0.070272,1.61,-4.13,-0.63,-65
1787064320670,156954,Knee,sit,-0.206424,0.969168,-0.070272,1.54,-4.06,-0.7,-65
1787064320670,156985,Knee,sit,-0.205448,0.96868,-0.069784,1.61,-4.06,-0.7,-65
1787064320670,157002,Knee,sit,-0.206424,0.96868,-0.070272,1.61,-3.99,-0.7,-65
1787064320670,157019,Knee,sit,-0.205448,0.969168,-0.07076,1.61,-4.06,-0.7,-65
1787064320670,157036,Knee,sit,-0.20496,0.969656,-0.07076,1.61,-4.06,-0.7,-65
1787064320670,157053,Knee,sit,-0.205936,0.96868,-0.072224,1.61,-4.13,-0.77,-65
1787064321028,157229,Knee,sit,-0.203984,0.969168,-0.072712,1.61,-3.99,-0.7,-65
1787064321028,157260,Knee,sit,-0.205936,0.967704,-0.0732,1.61,-4.06,-0.7,-65
1787064321028,157277,Knee,sit,-0.204472,0.968192,-0.071736,1.61,-3.99,-0.7,-65
1787064321028,157294,Knee,sit,-0.2074,0.96868,-0.07076,1.68,-3.92,-0.7,-65
1787064321028,157311,Knee,sit,-0.206424,0.96868,-0.069784,1.61,-4.06,-0.77,-65
1787064321028,157342,Knee,sit,-0.206424,0.969168,-0.07076,1.68,-3.99,-0.7,-65
1787064321028,157359,Knee,sit,-0.207888,0.969656,-0.068808,1.82,-3.99,-0.7,-65
1787064321028,157376,Knee,sit,-0.20984,0.969168,-0.067832,1.89,-4.06,-0.7,-65
1787064321028,157393,Knee,sit,-0.2074,0.970632,-0.067832,1.89,-4.13,-0.77,-65
1787064321028,157409,Knee,sit,-0.203496,0.970632,-0.070272,1.82,-4.2,-0.84,-65
1787064321385,157585,Knee,sit,-0.20496,0.969656,-0.061976,0.91,-4.2,-0.49,-65
1787064321385,157617,Knee,sit,-0.205936,0.970632,-0.061488,1.12,-4.2,-0.56,-65
1787064321385,157634,Knee,sit,-0.206424,0.970144,-0.062464,1.33,-4.13,-0.63,-65
1787064321385,157652,Knee,sit,-0.2074,0.969168,-0.065392,1.47,-3.92,-0.77,-65
1787064321385,157669,Knee,sit,-0.208864,0.969168,-0.06588,1.68,-4.06,-0.84,-65
1787064321385,157686,Knee,sit,-0.2074,0.969656,-0.067832,1.75,-4.06,-0.84,-65
1787064321385,157717,Knee,sit,-0.206424,0.970144,-0.070272,1.89,-3.99,-0.77,-65
1787064321385,157734,Knee,sit,-0.205448,0.969656,-0.069784,1.89,-4.06,-0.84,-65
1787064321385,157751,Knee,sit,-0.205936,0.969168,-0.071248,1.96,-4.06,-0.77,-65
1787064321385,157768,Knee,sit,-0.2074,0.969168,-0.072712,1.82,-4.06,-0.77,-65
1787064321742,157944,Knee,sit,-0.204472,0.968192,-0.07076,1.75,-3.92,-0.84,-65
1787064321742,157975,Knee,sit,-0.204472,0.968192,-0.072712,1.82,-3.92,-0.84,-65
1787064321742,157992,Knee,sit,-0.2074,0.969168,-0.076128,1.75,-3.99,-0.77,-65
1787064321742,158009,Knee,sit,-0.208864,0.969168,-0.077592,1.61,-4.06,-0.63,-65
1787064321742,158026,Knee,sit,-0.208864,0.96868,-0.07808,1.47,-4.13,-0.7,-65
1787064321742,158057,Knee,sit,-0.205936,0.967704,-0.075152,1.4,-3.99,-0.63,-65
1787064321742,158074,Knee,sit,-0.206912,0.966728,-0.074664,1.4,-3.99,-0.56,-65
1787064321742,158091,Knee,sit,-0.208376,0.969168,-0.069296,1.47,-3.85,-0.56,-65
1787064321742,158108,Knee,sit,-0.207888,0.970144,-0.06588,1.47,-3.92,-0.56,-65
1787064321742,158124,Knee,sit,-0.205448,0.969656,-0.06344,1.47,-4.13,-0.63,-65
1787064322110,158300,Knee,sit,-0.202032,0.967216,-0.081008,1.54,-4.06,-0.63,-65
1787064322110,158331,Knee,sit,-0.210328,0.970632,-0.0732,1.47,-4.13,-0.56,-65
1787064322110,158348,Knee,sit,-0.208864,0.970632,-0.072224,1.33,-4.27,-0.7,-65
1787064322110,158365,Knee,sit,-0.203008,0.969168,-0.071736,1.19,-4.41,-0.77,-65
1787064322110,158382,Knee,sit,-0.198128,0.969168,-0.070272,1.26,-4.34,-0.7,-65
1787064322110,158413,Knee,sit,-0.200568,0.968192,-0.072712,1.4,-4.13,-0.7,-65
1787064322110,158430,Knee,sit,-0.206424,0.96868,-0.075152,1.33,-4.13,-0.7,-65
1787064322110,158447,Knee,sit,-0.208864,0.96868,-0.076128,1.19,-4.2,-0.7,-65
1787064322110,158464,Knee,sit,-0.210328,0.967704,-0.07808,1.05,-4.06,-0.7,-65
1787064322110,158481,Knee,sit,-0.210328,0.968192,-0.076616,1.05,-4.2,-0.63,-65
1787064322456,158657,Knee,sit,-0.206912,0.969168,-0.069296,1.61,-4.06,-0.7,-65
1787064322456,158688,Knee,sit,-0.206912,0.96868,-0.068808,1.75,-4.06,-0.7,-65
1787064322456,158705,Knee,sit,-0.20496,0.96868,-0.069296,1.89,-4.06,-0.77,-65
1787064322456,158722,Knee,sit,-0.203984,0.969656,-0.068808,1.96,-3.99,-0.77,-65
1787064322456,158739,Knee,sit,-0.202032,0.967704,-0.068808,1.89,-3.99,-0.77,-65
1787064322456,158770,Knee,sit,-0.204472,0.968192,-0.069784,2.03,-3.85,-0.77,-65
1787064322456,158787,Knee,sit,-0.206424,0.968192,-0.07076,2.1,-3.85,-0.84,-65
1787064322456,158804,Knee,sit,-0.206424,0.96868,-0.072712,2.03,-3.92,-0.84,-65
1787064322456,158820,Knee,sit,-0.204472,0.96868,-0.071736,2.03,-3.92,-0.84,-65
1787064322456,158837,Knee,sit,-0.205936,0.96868,-0.070272,2.17,-3.78,-0.84,-65
1787064322813,159013,Knee,sit,-0.201056,0.96868,-0.079056,0.98,-4.27,-0.42,-65
1787064322813,159044,Knee,sit,-0.202032,0.968192,-0.077104,0.98,-4.34,-0.56,-65
1787064322813,159061,Knee,sit,-0.205936,0.968192,-0.076616,0.91,-4.34,-0.49,-65
1787064322813,159078,Knee,sit,-0.208864,0.968192,-0.073688,0.91,-4.55,-0.35,-65
1787064322813,159095,Knee,sit,-0.207888,0.96868,-0.071736,0.91,-4.69,-0.42,-65
1787064322813,159126,Knee,sit,-0.199592,0.967216,-0.06344,0.98,-4.55,-0.49,-65
1787064322813,159143,Knee,sit,-0.196664,0.968192,-0.061,1.33,-4.13,-0.7,-65
1787064322813,159160,Knee,sit,-0.194712,0.970144,-0.055632,1.54,-3.92,-0.84,-65
1787064322813,159177,Knee,sit,-0.195688,0.96868,-0.054168,1.96,-3.64,-0.98,-65
1787064322813,159194,Knee,sit,-0.200568,0.971608,-0.055144,2.31,-3.43,-1.12,-65
1787064323172,159371,Knee,sit,-0.203496,0.967216,-0.078568,0.7,-4.76,-0.21,-65
1787064323172,159402,Knee,sit,-0.201056,0.968192,-0.061976,0.98,-4.34,-0.14,-65
1787064323172,159419,Knee,sit,-0.208376,0.972096,-0.055632,1.19,-4.27,-0.14,-65
1787064323172,159436,Knee,sit,-0.206912,0.974048,-0.052704,1.26,-4.55,-0.42,-65
1787064323172,159453,Knee,sit,-0.200568,0.972584,-0.049776,1.33,-4.41,-0.56,-65
1787064323172,159484,Knee,sit,-0.193248,0.969168,-0.055632,2.45,-3.57,-1.26,-65
1787064323172,159501,Knee,sit,-0.195688,0.969656,-0.061488,2.73,-3.43,-1.33,-65
1787064323172,159518,Knee,sit,-0.199104,0.969168,-0.072712,2.73,-3.5,-1.4,-65
1787064323172,159535,Knee,sit,-0.205936,0.968192,-0.084912,2.38,-3.64,-1.19,-65
1787064323172,159551,Knee,sit,-0.21472,0.965264,-0.092232,2.1,-3.78,-0.98,-65
1787064323532,159729,Knee,sit,-0.19764,0.969656,-0.061488,1.61,-3.85,-0.63,-65
1787064323532,159760,Knee,sit,-0.203984,0.969168,-0.070272,1.82,-3.92,-0.84,-65
1787064323532,159777,Knee,sit,-0.206912,0.967216,-0.075152,1.82,-3.92,-0.77,-65
1787064323532,159794,Knee,sit,-0.208864,0.967216,-0.077104,1.89,-4.06,-0.7,-65
1787064323532,159811,Knee,sit,-0.20984,0.969168,-0.077592,1.82,-4.06,-0.7,-65
1787064323532,159842,Knee,sit,-0.209352,0.967216,-0.074176,1.75,-4.06,-0.77,-65
1787064323532,159859,Knee,sit,-0.208864,0.96868,-0.072712,1.68,-4.13,-0.7,-65
1787064323532,159876,Knee,sit,-0.206912,0.970632,-0.069296,1.75,-4.13,-0.7,-65
1787064323532,159893,Knee,sit,-0.205936,0.969656,-0.069784,1.68,-4.41,-0.7,-65
1787064323532,159910,Knee,sit,-0.200568,0.96868,-0.071248,1.61,-4.34,-0.7,-65
1787064323900,160087,Knee,sit,-0.207888,0.970144,-0.071248,1.82,-4.27,-0.77,-66
1787064323900,160119,Knee,sit,-0.205448,0.96868,-0.080032,1.47,-4.41,-0.63,-66
1787064323900,160136,Knee,sit,-0.203984,0.96624,-0.084424,1.33,-4.27,-0.49,-66
1787064323900,160153,Knee,sit,-0.20252,0.966728,-0.083448,1.33,-4.2,-0.49,-66
1787064323900,160170,Knee,sit,-0.203008,0.966728,-0.078568,1.26,-3.99,-0.49,-66
1787064323900,160201,Knee,sit,-0.20496,0.969656,-0.068808,1.26,-3.99,-0.7,-66
1787064323900,160217,Knee,sit,-0.20496,0.970632,-0.063928,1.33,-4.06,-0.7,-66
1787064323900,160234,Knee,sit,-0.201544,0.970632,-0.062464,1.33,-4.2,-0.7,-66
1787064323900,160251,Knee,sit,-0.200568,0.969656,-0.064416,1.47,-4.2,-0.77,-66
1787064323900,160268,Knee,sit,-0.201544,0.969168,-0.067832,1.68,-4.06,-0.84,-66
1787064324248,160446,Knee,sit,-0.19764,0.966728,-0.059048,1.96,-3.64,-0.77,-66
1787064324248,160477,Knee,sit,-0.211304,0.9882,-0.07808,2.1,-2.52,-0.77,-66
1787064324248,160494,Knee,sit,-0.221064,0.974536,-0.092232,0.98,-4.13,0.21,-66
1787064324248,160511,Knee,sit,-0.230824,0.955016,-0.120048,0.7,-4.83,0.7,-66
1787064324248,160528,Knee,sit,-0.201544,0.955016,-0.118584,-0.28,-6.23,0.35,-66
1787064324248,160559,Knee,sit,-0.166896,0.955504,-0.068808,1.4,-3.99,-1.47,-66
1787064324248,160576,Knee,sit,-0.181536,0.966728,-0.038064,3.71,-2.17,-1.82,-66
1787064324248,160593,Knee,sit,-0.203496,0.989664,-0.0244,4.06,-1.75,-2.24,-66
1787064324248,160610,Knee,sit,-0.211792,0.987224,-0.03172,2.8,-3.5,-1.96,-66
1787064324248,160627,Knee,sit,-0.210328,0.980392,-0.045384,2.24,-4.83,-1.4,-66
1787064324604,160803,Knee,sit,-0.184464,0.975512,-0.029768,0.84,-4.62,-0.14,-64
1787064324604,160834,Knee,sit,-0.191296,0.97112,-0.05368,1.54,-3.85,-0.28,-64
1787064324604,160851,Knee,sit,-0.199104,0.965264,-0.073688,2.03,-3.71,-0.42,-64
1787064324604,160868,Knee,sit,-0.203008,0.964288,-0.083448,2.17,-3.43,-1.05,-64
1787064324604,160885,Knee,sit,-0.200568,0.9638,-0.08784,2.17,-3.22,-1.4,-64
1787064324604,160916,Knee,sit,-0.196176,0.963312,-0.078568,2.66,-2.73,-1.19,-64
1787064324604,160932,Knee,sit,-0.199104,0.96868,-0.05612,2.87,-2.17,-1.19,-64
1787064324604,160949,Knee,sit,-0.189832,0.975024,-0.04148,2.87,-1.68,-1.47,-64
1787064324604,160966,Knee,sit,-0.189832,0.974048,-0.035624,3.5,-0.91,-1.96,-64
1787064324604,160983,Knee,sit,-0.188368,0.972584,-0.030256,3.85,-0.49,-2.17,-64
1787064324970,161159,Knee,sit,-0.222528,0.9638,-0.114192,9.73,4.9,-4.76,-69
1787064324970,161190,Knee,sit,-0.227896,0.961848,-0.127856,9.73,3.71,-4.83,-69
1787064324970,161207,Knee,sit,-0.223504,0.95892,-0.120536,9.1,4.69,-4.48,-69
1787064324970,161224,Knee,sit,-0.228384,0.963312,-0.123464,9.17,4.55,-4.41,-69
1787064324970,161241,Knee,sit,-0.223016,0.957944,-0.127368,8.89,3.71,-4.13,-69
1787064324970,161272,Knee,sit,-0.22448,0.96136,-0.122976,8.61,3.92,-3.64,-69
1787064324970,161289,Knee,sit,-0.216184,0.96136,-0.129808,7.91,2.87,-3.64,-69
1787064324970,161306,Knee,sit,-0.21228,0.956968,-0.128344,7.91,3.57,-3.85,-69
1787064324970,161323,Knee,sit,-0.216672,0.952088,-0.125416,8.33,3.57,-3.78,-69
1787064324970,161340,Knee,sit,-0.21716,0.9638,-0.1342,8.68,2.94,-4.06,-69
1787064325320,161516,Knee,sit,-0.235704,0.9516,-0.172752,6.65,1.26,-3.29,-69
1787064325320,161547,Knee,sit,-0.243024,0.948672,-0.170312,6.23,1.47,-3.01,-69
1787064325320,161564,Knee,sit,-0.236192,0.9516,-0.172752,5.81,0.49,-2.87,-69
1787064325320,161581,Knee,sit,-0.234728,0.949648,-0.171776,5.67,0.84,-2.59,-69
1787064325320,161598,Knee,sit,-0.239608,0.952576,-0.169336,5.67,0.49,-2.73,-69
1787064325320,161628,Knee,sit,-0.237168,0.948184,-0.167872,5.32,-0.42,-2.38,-69
1787064325320,161645,Knee,sit,-0.237168,0.952576,-0.172752,4.97,-0.84,-2.1,-69
1787064325320,161662,Knee,sit,-0.237168,0.94916,-0.179096,4.41,-1.26,-2.03,-69
1787064325320,161679,Knee,sit,-0.237168,0.947696,-0.182024,4.13,-1.4,-1.89,-69
1787064325320,161696,Knee,sit,-0.237656,0.94672,-0.184952,3.85,-1.61,-1.82,-69
1787064325677,161872,Knee,sit,-0.221064,0.953064,-0.15616,1.54,-3.99,-0.63,-71
1787064325677,161904,Knee,sit,-0.232288,0.952576,-0.162992,1.4,-4.62,-0.35,-71
1787064325677,161921,Knee,sit,-0.235216,0.951112,-0.168848,1.4,-4.76,-0.28,-71
1787064325677,161938,Knee,sit,-0.238632,0.948184,-0.171776,1.4,-4.69,-0.35,-71
1787064325677,161955,Knee,sit,-0.240096,0.947696,-0.177144,1.33,-4.62,-0.42,-71
1787064325677,161986,Knee,sit,-0.243024,0.947696,-0.183,1.05,-5.04,-0.07,-71
1787064325677,162003,Knee,sit,-0.242048,0.947696,-0.183976,0.7,-5.39,0.14,-71
1787064325677,162020,Knee,sit,-0.23668,0.949648,-0.18056,0.14,-5.88,0.42,-71
1787064325677,162037,Knee,sit,-0.230336,0.947208,-0.18056,-0.28,-6.23,0.56,-71
1787064325677,162054,Knee,sit,-0.226432,0.94672,-0.174216,-0.14,-5.81,0.63,-71
1787064326035,162230,Knee,sit,-0.238144,0.949648,-0.189832,-6.02,-12.67,3.64,-71
1787064326035,162261,Knee,sit,-0.232776,0.952088,-0.179096,-7.84,-14.7,4.55,-71
1787064326035,162278,Knee,sit,-0.233264,0.953552,-0.169336,-8.19,-15.05,4.83,-71
1787064326035,162295,Knee,sit,-0.228872,0.955016,-0.159576,-8.68,-15.68,5.04,-71
1787064326035,162312,Knee,sit,-0.2196,0.955504,-0.149328,-9.03,-15.89,4.76,-71
1787064326035,162342,Knee,sit,-0.216672,0.957944,-0.13664,-8.89,-15.19,4.48,-71
1787064326035,162359,Knee,sit,-0.223504,0.960872,-0.137616,-9.66,-16.17,4.62,-71
1787064326035,162376,Knee,sit,-0.222528,0.959896,-0.134688,-9.66,-16.45,5.04,-71
1787064326035,162393,Knee,sit,-0.21716,0.967704,-0.12932,-10.78,-17.78,5.46,-71
1787064326035,162410,Knee,sit,-0.2074,0.950624,-0.120536,-10.64,-17.36,5.67,-71
1787064326392,162588,Knee,sit,-0.178608,0.97356,-0.030256,-6.09,-12.6,2.8,-71
1787064326392,162619,Knee,sit,-0.169824,0.972096,-0.026352,-4.97,-10.5,1.75,-71
1787064326392,162636,Knee,sit,-0.169824,0.972096,-0.020008,-3.78,-10.01,1.54,-71
1787064326392,162653,Knee,sit,-0.179584,0.970632,-0.020008,-2.87,-8.82,1.19,-71
1787064326392,162670,Knee,sit,-0.183,0.972096,-0.020496,-2.24,-8.47,0.77,-71
1787064326392,162701,Knee,sit,-0.194712,0.976,-0.0244,-1.33,-7,0.14,-71
1787064326392,162718,Knee,sit,-0.196176,0.972096,-0.024888,-0.63,-6.37,-0.07,-71
1787064326392,162735,Knee,sit,-0.193736,0.971608,-0.0244,0.35,-5.6,-0.28,-71
1787064326392,162752,Knee,sit,-0.193736,0.971608,-0.023912,1.12,-4.9,-0.56,-71
1787064326392,162769,Knee,sit,-0.191296,0.973072,-0.022448,1.47,-4.55,-0.77,-71
1787064326751,162945,Knee,sit,-0.198616,0.969656,-0.063928,3.64,-2.1,-1.96,-71
1787064326751,162977,Knee,sit,-0.201056,0.971608,-0.05856,3.85,-1.68,-1.96,-71
1787064326751,162994,Knee,sit,-0.203008,0.971608,-0.062464,3.57,-1.82,-1.82,-71
1787064326751,163011,Knee,sit,-0.20252,0.96868,-0.064904,3.36,-1.89,-1.61,-71
1787064326751,163028,Knee,sit,-0.200568,0.967704,-0.064416,3.36,-1.82,-1.61,-71
1787064326751,163058,Knee,sit,-0.201056,0.970144,-0.055144,4.06,-0.84,-1.96,-71
1787064326751,163075,Knee,sit,-0.201544,0.970632,-0.054168,4.34,-0.35,-2.24,-71
1787064326751,163092,Knee,sit,-0.202032,0.971608,-0.054168,4.48,-0.21,-2.31,-71
1787064326751,163109,Knee,sit,-0.19764,0.97112,-0.053192,4.48,-0.28,-2.31,-71
1787064326751,163126,Knee,sit,-0.1952,0.969168,-0.055144,4.83,-0.28,-2.24,-71
1787064327111,163303,Knee,sit,-0.21228,0.960384,-0.098576,7.56,2.8,-3.71,-75
1787064327111,163334,Knee,sit,-0.226432,0.96624,-0.110288,7.56,2.17,-3.5,-75
1787064327111,163351,Knee,sit,-0.216184,0.962336,-0.113704,6.72,1.82,-3.29,-75
1787064327111,163368,Knee,sit,-0.222528,0.961848,-0.113216,6.37,1.96,-3.29,-75
1787064327111,163385,Knee,sit,-0.225944,0.960384,-0.115168,6.44,1.26,-3.15,-75
1787064327111,163416,Knee,sit,-0.2196,0.962336,-0.122488,5.74,1.12,-2.8,-75
1787064327111,163433,Knee,sit,-0.220088,0.956968,-0.120048,5.67,0.56,-2.38,-75
1787064327111,163450,Knee,sit,-0.225944,0.967704,-0.11956,5.39,0.49,-2.38,-75
1787064327111,163467,Knee,sit,-0.22448,0.960872,-0.123952,5.11,-0.14,-2.38,-75
1787064327111,163484,Knee,sit,-0.220576,0.960384,-0.122,4.76,-0.49,-2.17,-75
1787064327469,163660,Knee,sit,-0.223504,0.960384,-0.128832,2.24,-3.29,-1.19,-75
1787064327469,163692,Knee,sit,-0.222528,0.959408,-0.126392,2.03,-3.85,-0.98,-75
1787064327469,163709,Knee,sit,-0.218624,0.959408,-0.124928,1.75,-3.85,-0.84,-75
1787064327469,163726,Knee,sit,-0.2196,0.959896,-0.123952,1.54,-3.71,-0.56,-75
1787064327469,163743,Knee,sit,-0.22692,0.962336,-0.126392,1.4,-3.85,-0.49,-75
1787064327469,163773,Knee,sit,-0.227896,0.958432,-0.121512,0.91,-4.69,-0.28,-75
1787064327469,163790,Knee,sit,-0.2196,0.959896,-0.118096,0.91,-4.62,-0.42,-75
1787064327469,163807,Knee,sit,-0.215208,0.962336,-0.111752,1.05,-4.34,-0.49,-75
1787064327469,163824,Knee,sit,-0.215208,0.962336,-0.108824,1.47,-4.13,-0.63,-75
1787064327469,163841,Knee,sit,-0.213744,0.963312,-0.105408,1.75,-4.06,-0.63,-75
1787064327826,164017,Knee,sit,-0.218136,0.960384,-0.120048,1.75,-3.99,-0.91,-71
1787064327826,164049,Knee,sit,-0.22204,0.962336,-0.11956,1.61,-3.92,-0.63,-71
1787064327826,164066,Knee,sit,-0.224968,0.9638,-0.123464,1.33,-4.13,-0.35,-71
1787064327826,164083,Knee,sit,-0.229848,0.961848,-0.125904,1.19,-4.41,-0.21,-71
1787064327826,164100,Knee,sit,-0.223992,0.957944,-0.122976,0.98,-4.76,-0.35,-71
1787064327826,164131,Knee,sit,-0.213256,0.95892,-0.116144,1.19,-4.13,-0.7,-71
1787064327826,164148,Knee,sit,-0.213256,0.960872,-0.111752,1.54,-4.06,-0.77,-71
1787064327826,164165,Knee,sit,-0.213744,0.9638,-0.108824,1.82,-3.92,-0.77,-71
1787064327826,164182,Knee,sit,-0.213744,0.964776,-0.108336,1.54,-4.06,-0.7,-71
1787064327826,164199,Knee,sit,-0.215208,0.96136,-0.11224,1.47,-4.13,-0.7,-71
1787064328186,164375,Knee,sit,-0.230824,0.959896,-0.131272,0.56,-5.25,0.14,-71
1787064328186,164406,Knee,sit,-0.235704,0.960384,-0.138592,-0.63,-6.72,1.05,-71
1787064328186,164423,Knee,sit,-0.239608,0.959408,-0.144936,-1.12,-7.21,1.4,-71
1787064328186,164440,Knee,sit,-0.236192,0.959408,-0.143472,-1.82,-8.05,1.82,-71
1787064328186,164457,Knee,sit,-0.225944,0.957944,-0.135664,-2.17,-8.05,1.89,-71
1787064328186,164487,Knee,sit,-0.227408,0.964776,-0.129808,-2.52,-8.33,1.89,-71
1787064328186,164504,Knee,sit,-0.220088,0.9638,-0.128832,-3.36,-9.1,2.24,-71
1787064328186,164521,Knee,sit,-0.218136,0.960872,-0.122,-3.71,-9.59,2.66,-71
1787064328186,164538,Knee,sit,-0.21472,0.960872,-0.111752,-3.85,-10.15,2.87,-71
1787064328186,164555,Knee,sit,-0.206424,0.962824,-0.106384,-3.85,-10.15,2.59,-71
1787064328543,164733,Knee,sit,-0.217648,0.967216,-0.098088,-2.8,-8.68,1.54,-71
1787064328543,164765,Knee,sit,-0.206912,0.966728,-0.087352,-3.43,-9.03,1.82,-71
1787064328543,164782,Knee,sit,-0.20496,0.964776,-0.084912,-3.15,-9.31,1.47,-71
1787064328543,164799,Knee,sit,-0.200568,0.96624,-0.07564,-2.73,-8.68,1.54,-71
1787064328543,164816,Knee,sit,-0.20008,0.970144,-0.074664,-2.66,-8.89,1.4,-71
1787064328543,164847,Knee,sit,-0.200568,0.971608,-0.066368,-2.73,-8.61,1.33,-71
1787064328543,164863,Knee,sit,-0.194712,0.968192,-0.061488,-2.66,-8.96,1.33,-71
1787064328543,164880,Knee,sit,-0.192272,0.969656,-0.057584,-2.03,-8.47,1.12,-71
1787064328543,164897,Knee,sit,-0.189344,0.969168,-0.054656,-1.47,-7.56,0.91,-71
1787064328543,164914,Knee,sit,-0.189832,0.970144,-0.049776,-1.26,-7.28,0.56,-71
1787064328904,165092,Knee,sit,-0.193248,0.973072,-0.045872,2.31,-3.29,-1.19,-71
1787064328904,165123,Knee,sit,-0.193248,0.971608,-0.047824,2.73,-3.01,-1.47,-71
1787064328904,165140,Knee,sit,-0.196176,0.970144,-0.053192,3.01,-2.66,-1.54,-71
1787064328904,165157,Knee,sit,-0.203496,0.971608,-0.062952,3.08,-2.59,-1.61,-71
1787064328904,165173,Knee,sit,-0.20496,0.969168,-0.07076,3.08,-2.66,-1.75,-71
1787064328904,165204,Knee,sit,-0.209352,0.96868,-0.078568,2.8,-3.01,-1.47,-71
1787064328904,165221,Knee,sit,-0.206912,0.966728,-0.081496,2.59,-3.22,-1.4,-71
1787064328904,165238,Knee,sit,-0.2074,0.967216,-0.082472,2.38,-3.15,-1.33,-71
1787064328904,165255,Knee,sit,-0.206912,0.967704,-0.081984,2.31,-3.29,-1.19,-71
1787064328904,165272,Knee,sit,-0.206912,0.969168,-0.080032,2.03,-3.43,-1.05,-71
1787064329316,165500,Knee,sit,-0.206912,0.96868,-0.075152,2.24,-3.5,-1.05,-77
1787064329316,165531,Knee,sit,-0.208376,0.96868,-0.079544,1.96,-3.78,-0.91,-77
1787064329316,165548,Knee,sit,-0.208376,0.968192,-0.08052,1.89,-4.06,-0.77,-77
1787064329316,165565,Knee,sit,-0.20984,0.968192,-0.079544,1.82,-3.99,-0.7,-77
1787064329316,165582,Knee,sit,-0.206912,0.96868,-0.077592,1.61,-4.13,-0.7,-77
1787064329316,165613,Knee,sit,-0.204472,0.969168,-0.074664,1.33,-4.2,-0.7,-77
1787064329316,165630,Knee,sit,-0.203984,0.969168,-0.071248,1.33,-4.06,-0.63,-77
1787064329316,165647,Knee,sit,-0.203496,0.969168,-0.067344,1.54,-4.13,-0.63,-77
1787064329316,165664,Knee,sit,-0.203008,0.969656,-0.065392,1.68,-4.06,-0.63,-77
1787064329316,165681,Knee,sit,-0.20252,0.969656,-0.065392,1.61,-4.13,-0.77,-77
1787064329671,165858,Knee,sit,-0.205936,0.969168,-0.071736,1.4,-4.13,-0.63,-77
1787064329671,165888,Knee,sit,-0.203984,0.969168,-0.069296,1.47,-4.13,-0.63,-77
1787064329671,165905,Knee,sit,-0.203496,0.96868,-0.06832,1.47,-4.13,-0.63,-77
1787064329671,165922,Knee,sit,-0.201544,0.969168,-0.069296,1.47,-4.06,-0.63,-77
1787064329671,165939,Knee,sit,-0.203008,0.96868,-0.070272,1.54,-4.2,-0.7,-77
1787064329671,165970,Knee,sit,-0.205448,0.969168,-0.072224,1.68,-4.06,-0.7,-77
1787064329671,165987,Knee,sit,-0.205448,0.970632,-0.07076,1.68,-4.06,-0.7,-77
1787064329671,166004,Knee,sit,-0.204472,0.96868,-0.0732,1.61,-4.13,-0.77,-77
1787064329671,166021,Knee,sit,-0.205448,0.96868,-0.072712,1.75,-4.06,-0.77,-77
1787064329671,166038,Knee,sit,-0.204472,0.968192,-0.0732,1.75,-4.13,-0.84,-77
1787064330027,166215,Knee,sit,-0.201544,0.970144,-0.067344,2.59,-3.36,-1.4,-77
1787064330027,166246,Knee,sit,-0.203496,0.96868,-0.071736,2.66,-3.15,-1.47,-77
1787064330027,166263,Knee,sit,-0.203008,0.967216,-0.074664,2.73,-3.08,-1.47,-77
1787064330027,166281,Knee,sit,-0.20496,0.965752,-0.072712,2.66,-2.66,-1.26,-77
1787064330027,166298,Knee,sit,-0.205448,0.968192,-0.06832,2.94,-2.52,-1.47,-77
1787064330027,166329,Knee,sit,-0.200568,0.970632,-0.063928,3.22,-1.96,-1.75,-77
1787064330027,166346,Knee,sit,-0.205448,0.969656,-0.067344,3.29,-1.75,-1.75,-77
1787064330027,166363,Knee,sit,-0.206424,0.96868,-0.070272,3.43,-1.96,-1.61,-77
1787064330027,166380,Knee,sit,-0.208376,0.967704,-0.071736,3.5,-1.96,-1.4,-77
1787064330027,166397,Knee,sit,-0.204472,0.968192,-0.0732,3.64,-1.89,-1.47,-77
1787064330384,166574,Knee,sit,-0.208376,0.965752,-0.0854,6.02,0.56,-3.01,-71
1787064330384,166605,Knee,sit,-0.210816,0.966728,-0.08784,5.95,0.91,-2.8,-71
1787064330384,166623,Knee,sit,-0.208376,0.9638,-0.090768,5.95,0.84,-3.01,-71
1787064330384,166639,Knee,sit,-0.214232,0.964776,-0.094672,6.65,1.4,-3.15,-71
1787064330384,166656,Knee,sit,-0.210328,0.965264,-0.097112,6.16,0.98,-3.08,-71
1787064330384,166687,Knee,sit,-0.214232,0.962336,-0.101016,6.37,1.33,-3.08,-71
1787064330384,166704,Knee,sit,-0.21716,0.963312,-0.105896,6.09,1.12,-3.15,-71
1787064330384,166721,Knee,sit,-0.219112,0.960872,-0.109312,6.37,0.84,-3.01,-71
1787064330384,166738,Knee,sit,-0.216672,0.962336,-0.1098,6.3,0.98,-3.01,-71
1787064330384,166755,Knee,sit,-0.213256,0.957944,-0.111264,6.02,1.19,-2.94,-71
1787064330742,166931,Knee,sit,-0.230824,0.956968,-0.152744,3.78,-1.33,-1.89,-71
1787064330742,166962,Knee,sit,-0.232288,0.956968,-0.154696,2.73,-2.24,-1.54,-71
1787064330742,166979,Knee,sit,-0.2318,0.956968,-0.152744,2.24,-2.66,-1.19,-71
1787064330742,166996,Knee,sit,-0.228872,0.957944,-0.147376,1.89,-3.36,-0.98,-71
1787064330742,167013,Knee,sit,-0.227408,0.957456,-0.145424,1.33,-3.78,-0.84,-71
1787064330742,167044,Knee,sit,-0.221552,0.957456,-0.137128,0.98,-4.13,-0.63,-71
1787064330742,167061,Knee,sit,-0.219112,0.957456,-0.130296,0.98,-4.2,-0.56,-71
1787064330742,167078,Knee,sit,-0.217648,0.95892,-0.127368,0.98,-4.13,-0.56,-71
1787064330742,167095,Knee,sit,-0.218136,0.95892,-0.120048,1.19,-3.99,-0.63,-71
1787064330742,167112,Knee,sit,-0.222528,0.961848,-0.11712,1.4,-3.92,-0.63,-71
1787064331105,167289,Knee,sit,-0.220576,0.956968,-0.13908,2.52,-3.78,-0.91,-71
1787064331105,167320,Knee,sit,-0.222528,0.955504,-0.147864,1.89,-3.99,-0.84,-71
1787064331105,167338,Knee,sit,-0.221552,0.955992,-0.149816,1.54,-4.13,-0.7,-71
1787064331105,167354,Knee,sit,-0.221552,0.956968,-0.1464,1.26,-4.2,-0.63,-71
1787064331105,167371,Knee,sit,-0.219112,0.956968,-0.143472,1.12,-4.27,-0.49,-71
1787064331105,167402,Knee,sit,-0.2196,0.959408,-0.127368,0.77,-4.2,-0.49,-71
1787064331105,167419,Knee,sit,-0.220576,0.959896,-0.125416,0.7,-4.2,-0.49,-71
1787064331105,167436,Knee,sit,-0.221552,0.960872,-0.120048,0.7,-4.27,-0.49,-71
1787064331105,167453,Knee,sit,-0.222528,0.96136,-0.119072,0.84,-4.27,-0.49,-71
1787064331105,167470,Knee,sit,-0.222528,0.959408,-0.116632,1.12,-4.27,-0.56,-71
1787064331484,167646,Knee,sit,-0.221552,0.95648,-0.138104,1.61,-4.34,-0.7,-71
1787064331484,167677,Knee,sit,-0.21472,0.957944,-0.132736,1.47,-4.2,-0.63,-71
1787064331484,167694,Knee,sit,-0.215696,0.95892,-0.129808,1.33,-4.06,-0.56,-71
1787064331484,167711,Knee,sit,-0.219112,0.959896,-0.12932,1.26,-4.06,-0.56,-71
1787064331484,167728,Knee,sit,-0.220576,0.95892,-0.126392,1.26,-4.2,-0.63,-71
1787064331484,167759,Knee,sit,-0.220088,0.95892,-0.125904,1.19,-4.13,-0.63,-71
1787064331484,167775,Knee,sit,-0.222528,0.957944,-0.125416,1.26,-4.13,-0.63,-71
1787064331484,167792,Knee,sit,-0.222528,0.95892,-0.125904,1.26,-4.13,-0.63,-71
1787064331484,167809,Knee,sit,-0.2196,0.957944,-0.123464,1.4,-3.99,-0.7,-71
1787064331484,167840,Knee,sit,-0.225944,0.960384,-0.121512,1.54,-3.85,-0.77,-71
1787064331831,168015,Knee,sit,-0.221552,0.956968,-0.137128,1.54,-4.13,-0.63,-65
1787064331831,168046,Knee,sit,-0.220088,0.958432,-0.131272,1.19,-4.2,-0.56,-65
1787064331831,168063,Knee,sit,-0.2196,0.959408,-0.127368,1.12,-4.2,-0.56,-65
1787064331831,168080,Knee,sit,-0.219112,0.959896,-0.125416,1.12,-4.2,-0.56,-65
1787064331831,168097,Knee,sit,-0.217648,0.959896,-0.121512,1.19,-4.13,-0.63,-65
1787064331831,168128,Knee,sit,-0.221064,0.95892,-0.119072,1.4,-3.92,-0.7,-65
1787064331831,168145,Knee,sit,-0.225456,0.960384,-0.119072,1.54,-3.92,-0.7,-65
1787064331831,168162,Knee,sit,-0.227408,0.960384,-0.120536,1.68,-3.92,-0.77,-65
1787064331831,168179,Knee,sit,-0.225456,0.959408,-0.121024,1.75,-3.99,-0.77,-65
1787064331831,168196,Knee,sit,-0.223016,0.958432,-0.123464,1.89,-4.06,-0.84,-65
1787064332191,168374,Knee,sit,-0.220088,0.959408,-0.124928,1.26,-4.06,-0.56,-65
1787064332191,168405,Knee,sit,-0.219112,0.959896,-0.120536,1.47,-4.06,-0.7,-65
1787064332191,168422,Knee,sit,-0.220088,0.959408,-0.120048,1.68,-3.99,-0.84,-65
1787064332191,168439,Knee,sit,-0.221064,0.959896,-0.121512,1.75,-3.92,-0.84,-65
1787064332191,168456,Knee,sit,-0.221552,0.958432,-0.122976,1.75,-3.99,-0.84,-65
1787064332191,168487,Knee,sit,-0.221552,0.958432,-0.128344,1.75,-3.99,-0.84,-65
1787064332191,168504,Knee,sit,-0.22204,0.957456,-0.130296,1.75,-3.99,-0.84,-65
1787064332191,168521,Knee,sit,-0.225456,0.957944,-0.131272,1.75,-3.92,-0.84,-65
1787064332191,168538,Knee,sit,-0.225456,0.958432,-0.130784,1.75,-3.99,-0.77,-65
1787064332191,168555,Knee,sit,-0.224968,0.959408,-0.130784,1.54,-4.06,-0.7,-65
1787064332545,168732,Knee,sit,-0.220576,0.95892,-0.128344,1.61,-3.99,-0.77,-65
1787064332545,168763,Knee,sit,-0.223504,0.95892,-0.129808,1.61,-3.99,-0.7,-65
1787064332545,168780,Knee,sit,-0.22448,0.95892,-0.129808,1.61,-3.99,-0.77,-65
1787064332545,168797,Knee,sit,-0.22204,0.95892,-0.127856,1.54,-3.99,-0.77,-65
1787064332545,168814,Knee,sit,-0.223504,0.959408,-0.128344,1.54,-3.99,-0.77,-65
1787064332545,168845,Knee,sit,-0.223016,0.959408,-0.128344,1.47,-4.13,-0.63,-65
1787064332545,168862,Knee,sit,-0.221552,0.958432,-0.127368,1.47,-4.2,-0.7,-65
1787064332545,168879,Knee,sit,-0.222528,0.95892,-0.127856,1.47,-4.2,-0.7,-65
1787064332545,168896,Knee,sit,-0.222528,0.958432,-0.127368,1.47,-4.2,-0.7,-65
1787064332545,168913,Knee,sit,-0.22204,0.958432,-0.128344,1.54,-4.2,-0.63,-65
1787064332904,169089,Knee,sit,-0.22936,0.957456,-0.141032,0.7,-5.25,0,-69
1787064332904,169120,Knee,sit,-0.23424,0.958432,-0.145424,-0.28,-5.81,0.7,-69
1787064332904,169137,Knee,sit,-0.240096,0.957456,-0.149816,-0.63,-6.23,0.98,-69
1787064332904,169154,Knee,sit,-0.239608,0.958432,-0.149328,-1.19,-6.86,1.4,-69
1787064332904,169171,Knee,sit,-0.237168,0.95892,-0.145912,-1.82,-7.56,1.75,-69
1787064332904,169202,Knee,sit,-0.226432,0.962824,-0.138104,-2.1,-8.54,1.61,-69
1787064332904,169219,Knee,sit,-0.218624,0.95892,-0.14396,-2.8,-8.89,1.89,-69
1787064332904,169236,Knee,sit,-0.22692,0.95648,-0.146888,-3.29,-9.45,2.45,-69
1787064332904,169253,Knee,sit,-0.230336,0.958432,-0.141032,-3.99,-10.22,2.87,-69
1787064332904,169270,Knee,sit,-0.220088,0.96136,-0.133224,-4.2,-10.64,2.94,-69
1787064333269,169445,Knee,sit,-0.22936,0.965752,-0.121512,-5.11,-10.15,2.45,-69
1787064333269,169477,Knee,sit,-0.218624,0.963312,-0.11712,-5.95,-11.97,2.94,-69
1787064333269,169494,Knee,sit,-0.214232,0.964776,-0.106872,-6.23,-11.97,3.36,-69
1787064333269,169511,Knee,sit,-0.21716,0.964776,-0.10004,-6.16,-12.32,3.36,-69
1787064333269,169528,Knee,sit,-0.20496,0.964776,-0.097112,-7,-12.95,3.15,-69
1787064333269,169559,Knee,sit,-0.204472,0.969656,-0.08052,-6.79,-12.39,3.22,-69
1787064333269,169576,Knee,sit,-0.193736,0.966728,-0.0732,-6.72,-13.23,3.29,-69
1787064333269,169593,Knee,sit,-0.19276,0.969168,-0.057584,-6.3,-12.11,3.01,-69
1787064333269,169610,Knee,sit,-0.191296,0.967704,-0.057096,-6.16,-12.67,2.87,-69
1787064333269,169627,Knee,sit,-0.19032,0.972584,-0.049776,-6.16,-11.97,2.94,-69
1787064333620,169805,Knee,sit,-0.183,0.97356,-0.009272,-1.05,-7.35,0.42,-69
1787064333620,169836,Knee,sit,-0.176656,0.969168,-0.002928,-0.35,-6.58,0,-69
1787064333620,169853,Knee,sit,-0.177144,0.977464,0.000488,0.7,-5.46,-0.42,-69
1787064333620,169870,Knee,sit,-0.177144,0.975512,0.000488,1.47,-4.83,-0.7,-69
1787064333620,169887,Knee,sit,-0.177144,0.975024,-0.001464,2.17,-3.99,-1.12,-69
1787064333620,169918,Knee,sit,-0.182512,0.976,-0.00976,3.08,-2.94,-1.68,-69
1787064333620,169935,Knee,sit,-0.180072,0.974536,-0.018056,3.71,-2.31,-2.1,-69
1787064333620,169951,Knee,sit,-0.182512,0.97356,-0.023424,4.13,-1.89,-2.31,-69
1787064333620,169968,Knee,sit,-0.186904,0.971608,-0.037088,4.2,-1.82,-2.45,-69
1787064333620,169985,Knee,sit,-0.193248,0.97112,-0.047824,4.34,-1.68,-2.52,-69
1787064333979,170161,Knee,sit,-0.199104,0.970632,-0.049288,0.98,-4.55,-0.28,-66
1787064333979,170192,Knee,sit,-0.191296,0.97356,-0.035136,1.19,-4.27,-0.42,-66
1787064333979,170210,Knee,sit,-0.19032,0.974048,-0.032696,1.4,-4.13,-0.56,-66
1787064333979,170227,Knee,sit,-0.191296,0.974536,-0.033672,1.47,-4.13,-0.63,-66
1787064333979,170244,Knee,sit,-0.191784,0.97356,-0.034648,1.68,-4.2,-0.7,-66
1787064333979,170275,Knee,sit,-0.193736,0.971608,-0.045384,2.03,-4.06,-0.91,-66
1787064333979,170292,Knee,sit,-0.194224,0.971608,-0.050264,2.03,-3.85,-1.05,-66
1787064333979,170309,Knee,sit,-0.198128,0.970632,-0.052216,2.03,-3.71,-0.98,-66
1787064333979,170326,Knee,sit,-0.201056,0.971608,-0.055144,2.1,-3.71,-0.98,-66
1787064333979,170343,Knee,sit,-0.201544,0.971608,-0.054168,1.89,-3.85,-0.91,-66
1787064334339,170520,Knee,sit,-0.197152,0.973072,-0.045872,1.61,-3.99,-0.63,-66
1787064334339,170552,Knee,sit,-0.197152,0.973072,-0.046848,1.61,-4.06,-0.7,-66
1787064334339,170569,Knee,sit,-0.198128,0.972096,-0.046848,1.68,-3.99,-0.77,-66
1787064334339,170586,Knee,sit,-0.198616,0.972096,-0.0488,1.68,-3.99,-0.77,-66
1787064334339,170603,Knee,sit,-0.198128,0.972096,-0.0488,1.68,-4.06,-0.77,-66
1787064334339,170633,Knee,sit,-0.199104,0.972096,-0.052216,1.54,-4.13,-0.63,-66
1787064334339,170650,Knee,sit,-0.199104,0.971608,-0.050264,1.54,-4.13,-0.63,-66
1787064334339,170667,Knee,sit,-0.19764,0.971608,-0.05124,1.54,-4.13,-0.63,-66
1787064334339,170684,Knee,sit,-0.197152,0.971608,-0.049288,1.47,-4.06,-0.7,-66
1787064334339,170701,Knee,sit,-0.19764,0.971608,-0.048312,1.47,-4.06,-0.63,-66
1787064334698,170878,Knee,sit,-0.197152,0.970632,-0.05612,1.68,-4.06,-0.77,-66
1787064334698,170909,Knee,sit,-0.19764,0.970632,-0.05856,1.47,-4.13,-0.7,-66
1787064334698,170926,Knee,sit,-0.196664,0.97112,-0.057096,1.26,-4.13,-0.7,-66
1787064334698,170943,Knee,sit,-0.196176,0.970144,-0.057584,1.19,-4.13,-0.56,-66
1787064334698,170960,Knee,sit,-0.198616,0.970632,-0.05612,1.05,-4.06,-0.56,-66
1787064334698,170991,Knee,sit,-0.202032,0.971608,-0.0488,0.84,-4.34,-0.35,-66
1787064334698,171008,Knee,sit,-0.202032,0.972584,-0.047336,0.77,-4.34,-0.35,-66
1787064334698,171025,Knee,sit,-0.20008,0.972096,-0.042944,0.84,-4.41,-0.42,-66
1787064334698,171042,Knee,sit,-0.197152,0.97112,-0.03904,1.05,-4.34,-0.49,-66
1787064334698,171059,Knee,sit,-0.191296,0.974536,-0.036112,1.47,-4.06,-0.77,-66
1787064335058,171236,Knee,sit,-0.199592,0.971608,-0.047824,1.89,-3.92,-0.63,-68
1787064335058,171267,Knee,sit,-0.200568,0.972584,-0.042456,1.96,-3.92,-0.63,-68
1787064335058,171284,Knee,sit,-0.200568,0.972584,-0.044896,2.03,-3.99,-0.7,-68
1787064335058,171301,Knee,sit,-0.199592,0.973072,-0.044408,2.1,-4.06,-0.63,-68
1787064335058,171318,Knee,sit,-0.198128,0.971608,-0.044896,2.17,-4.13,-0.7,-68
1787064335058,171349,Knee,sit,-0.194712,0.972096,-0.049288,2.24,-4.06,-0.91,-68
1787064335058,171366,Knee,sit,-0.193736,0.972096,-0.049776,2.24,-4.06,-0.91,-68
1787064335058,171383,Knee,sit,-0.190808,0.97112,-0.055144,2.24,-3.99,-0.98,-68
1787064335058,171400,Knee,sit,-0.191784,0.971608,-0.059536,2.03,-3.99,-0.98,-68
1787064335058,171417,Knee,sit,-0.194224,0.97112,-0.06344,1.75,-4.06,-0.91,-68
1787064335414,171595,Knee,sit,-0.199104,0.973072,-0.02928,1.47,-4.06,-0.7,-68
1787064335414,171627,Knee,sit,-0.199104,0.973072,-0.032696,2.24,-3.71,-0.84,-68
1787064335414,171644,Knee,sit,-0.202032,0.974536,-0.03904,2.38,-3.92,-0.84,-68
1787064335414,171661,Knee,sit,-0.20008,0.97356,-0.04392,2.31,-4.2,-0.98,-68
1787064335414,171678,Knee,sit,-0.197152,0.971608,-0.052216,2.24,-4.2,-0.98,-68
1787064335414,171709,Knee,sit,-0.1952,0.968192,-0.064416,2.17,-4.06,-0.91,-68
1787064335414,171726,Knee,sit,-0.196176,0.970144,-0.064416,2.1,-3.99,-0.84,-68
1787064335414,171743,Knee,sit,-0.196664,0.970632,-0.06588,1.68,-4.13,-0.84,-68
1787064335414,171760,Knee,sit,-0.196664,0.970632,-0.06344,1.26,-4.34,-0.56,-68
1787064335414,171777,Knee,sit,-0.197152,0.971608,-0.05856,1.12,-4.34,-0.49,-68
1787064335771,171953,Knee,sit,-0.206424,0.972096,-0.053192,2.03,-3.85,-0.84,-68
1787064335771,171983,Knee,sit,-0.20496,0.970144,-0.057096,1.75,-4.13,-0.7,-68
1787064335771,172001,Knee,sit,-0.203496,0.970632,-0.057096,1.68,-4.2,-0.63,-68
1787064335771,172018,Knee,sit,-0.202032,0.970144,-0.055144,1.68,-4.2,-0.56,-68
1787064335771,172034,Knee,sit,-0.197152,0.972096,-0.051728,1.54,-4.27,-0.63,-68
1787064335771,172065,Knee,sit,-0.1952,0.972096,-0.047824,1.47,-4.27,-0.56,-68
1787064335771,172082,Knee,sit,-0.194224,0.972096,-0.045872,1.54,-4.27,-0.56,-68
1787064335771,172099,Knee,sit,-0.19276,0.97356,-0.045872,1.54,-4.2,-0.63,-68
1787064335771,172116,Knee,sit,-0.19276,0.971608,-0.047336,1.68,-4.13,-0.7,-68
1787064335771,172133,Knee,sit,-0.191784,0.971608,-0.047336,1.61,-3.99,-0.77,-68
1787064336139,172310,Knee,sit,-0.202032,0.972096,-0.055144,1.26,-4.13,-0.63,-68
1787064336139,172341,Knee,sit,-0.20008,0.97112,-0.054656,1.05,-4.27,-0.49,-68
1787064336139,172358,Knee,sit,-0.198128,0.970632,-0.05124,0.91,-4.27,-0.49,-68
1787064336139,172375,Knee,sit,-0.19764,0.97112,-0.045872,0.98,-4.2,-0.56,-68
1787064336139,172392,Knee,sit,-0.199592,0.972096,-0.040016,1.33,-3.92,-0.63,-68
1787064336139,172423,Knee,sit,-0.203496,0.974536,-0.032208,1.68,-3.92,-0.7,-68
1787064336139,172440,Knee,sit,-0.20008,0.974536,-0.032208,1.82,-3.92,-0.77,-68
1787064336139,172457,Knee,sit,-0.198616,0.97356,-0.034648,2.17,-3.99,-0.91,-68
1787064336139,172474,Knee,sit,-0.198128,0.97356,-0.037088,2.45,-4.06,-0.98,-68
1787064336139,172491,Knee,sit,-0.1952,0.971608,-0.043432,2.52,-4.06,-0.98,-68
1787064336490,172668,Knee,sit,-0.197152,0.972096,-0.0488,0.77,-4.27,-0.49,-71
1787064336490,172698,Knee,sit,-0.196176,0.970144,-0.04392,0.84,-4.27,-0.49,-71
1787064336490,172715,Knee,sit,-0.198616,0.971608,-0.04148,1.05,-3.99,-0.49,-71
1787064336490,172732,Knee,sit,-0.204472,0.972096,-0.037088,1.4,-3.85,-0.56,-71
1787064336490,172749,Knee,sit,-0.205448,0.972096,-0.0366,1.61,-3.92,-0.7,-71
1787064336490,172780,Knee,sit,-0.20252,0.972584,-0.03416,2.03,-3.99,-0.84,-71
1787064336490,172797,Knee,sit,-0.199592,0.97356,-0.0366,2.24,-3.99,-0.91,-71
1787064336490,172814,Knee,sit,-0.198616,0.972584,-0.04392,2.45,-4.06,-0.98,-71
1787064336490,172831,Knee,sit,-0.195688,0.972584,-0.047336,2.38,-4.06,-0.98,-71
1787064336490,172848,Knee,sit,-0.1952,0.971608,-0.052704,2.38,-4.06,-0.98,-71
1787064336845,173024,Knee,sit,-0.1952,0.972584,-0.040992,0.98,-4.2,-0.49,-71
1787064336845,173055,Knee,sit,-0.196664,0.972584,-0.040992,1.19,-4.27,-0.63,-71
1787064336845,173072,Knee,sit,-0.1952,0.971608,-0.04392,1.4,-3.99,-0.7,-71
1787064336845,173090,Knee,sit,-0.198128,0.970632,-0.045384,1.61,-3.92,-0.84,-71
1787064336845,173107,Knee,sit,-0.199104,0.97112,-0.046848,1.82,-3.85,-0.91,-71
1787064336845,173138,Knee,sit,-0.203008,0.971608,-0.044896,1.96,-3.92,-0.84,-71
1787064336845,173155,Knee,sit,-0.203008,0.971608,-0.04392,2.03,-3.92,-0.84,-71
1787064336845,173172,Knee,sit,-0.203984,0.972584,-0.044408,2.03,-3.92,-0.84,-71
1787064336845,173189,Knee,sit,-0.199592,0.972096,-0.045384,2.1,-3.99,-0.84,-71
1787064336845,173206,Knee,sit,-0.20252,0.971608,-0.04636,2.1,-3.92,-0.77,-71
1787064337202,173381,Knee,sit,-0.19764,0.972096,-0.065392,1.19,-4.34,-0.56,-71
1787064337202,173412,Knee,sit,-0.193248,0.969168,-0.061488,0.77,-4.41,-0.56,-71
1787064337202,173429,Knee,sit,-0.19276,0.969656,-0.05856,0.63,-4.27,-0.49,-71
1787064337202,173446,Knee,sit,-0.192272,0.969168,-0.057096,0.63,-4.2,-0.63,-71
1787064337202,173463,Knee,sit,-0.193248,0.970632,-0.052216,0.56,-4.13,-0.63,-71
1787064337202,173494,Knee,sit,-0.198616,0.970632,-0.042944,0.7,-3.92,-0.56,-71
1787064337202,173511,Knee,sit,-0.202032,0.972096,-0.040016,0.77,-3.85,-0.63,-71
1787064337202,173528,Knee,sit,-0.2074,0.972584,-0.035624,1.05,-3.78,-0.7,-71
1787064337202,173545,Knee,sit,-0.20984,0.97356,-0.032696,1.47,-3.85,-0.7,-71
1787064337202,173562,Knee,sit,-0.208376,0.974048,-0.02928,1.82,-4.06,-0.77,-71
1787064337560,173739,Knee,sit,-0.199592,0.969168,-0.067832,0.77,-4.55,-0.28,-67
1787064337560,173770,Knee,sit,-0.203496,0.97112,-0.058072,0.21,-4.9,0,-67
1787064337560,173787,Knee,sit,-0.206424,0.97112,-0.057096,-0.14,-5.53,0.21,-67
1787064337560,173804,Knee,sit,-0.203496,0.972096,-0.050752,-0.21,-5.74,0.21,-67
1787064337560,173821,Knee,sit,-0.197152,0.972584,-0.045872,-0.28,-5.67,0.14,-67
1787064337560,173852,Knee,sit,-0.21472,0.971608,-0.05612,-0.56,-5.6,0.49,-67
1787064337560,173869,Knee,sit,-0.226432,0.972584,-0.064904,-1.12,-6.93,1.26,-67
1787064337560,173886,Knee,sit,-0.222528,0.973072,-0.064904,-1.4,-7.84,1.75,-67
1787064337560,173903,Knee,sit,-0.216184,0.973072,-0.06344,-1.61,-8.54,2.24,-67
1787064337560,173920,Knee,sit,-0.21472,0.975024,-0.060024,-0.91,-9.1,2.03,-67
1787064337921,174096,Knee,sit,-0.169336,0.972096,-0.037576,-2.17,-9.52,1.89,-67
1787064337921,174127,Knee,sit,-0.175192,0.96624,-0.02684,-2.1,-8.47,1.47,-67
1787064337921,174144,Knee,sit,-0.18544,0.97356,-0.020496,-1.96,-7.98,1.19,-67
1787064337921,174161,Knee,sit,-0.189344,0.974048,-0.018056,-2.31,-7.84,0.91,-67
1787064337921,174178,Knee,sit,-0.188368,0.975512,-0.014152,-2.52,-7.56,0.84,-67
1787064337921,174209,Knee,sit,-0.186904,0.978928,-0.011712,-2.24,-8.26,1.05,-67
1787064337921,174226,Knee,sit,-0.187392,0.977464,-0.012688,-1.89,-8.61,1.05,-67
1787064337921,174243,Knee,sit,-0.182512,0.97356,-0.010736,-1.82,-8.26,1.05,-67
1787064337921,174260,Knee,sit,-0.178608,0.974536,-0.00488,-1.54,-7.84,0.7,-67
1787064337921,174277,Knee,sit,-0.180072,0.976488,-0.00244,-1.26,-7.63,0.42,-67
1787064338282,174455,Knee,sit,-0.17324,0.976,0.0122,0.91,-3.92,-0.77,-67
1787064338282,174486,Knee,sit,-0.169824,0.976,0.014152,1.26,-2.73,-1.4,-67
1787064338282,174503,Knee,sit,-0.168848,0.974536,0.0122,1.12,-2.52,-1.61,-67
1787064338282,174520,Knee,sit,-0.179096,0.976976,0.006832,1.75,-1.54,-1.82,-67
1787064338282,174537,Knee,sit,-0.182024,0.980392,-0.00244,2.17,-2.03,-1.82,-67
1787064338282,174568,Knee,sit,-0.19276,0.982832,-0.015616,2.73,-3.08,-1.4,-67
1787064338282,174585,Knee,sit,-0.189344,0.973072,-0.01952,2.59,-3.85,-1.12,-67
1787064338282,174602,Knee,sit,-0.184952,0.972584,-0.022936,2.38,-3.43,-1.33,-67
1787064338282,174619,Knee,sit,-0.186416,0.97356,-0.023912,2.17,-3.15,-1.4,-67
1787064338282,174635,Knee,sit,-0.186904,0.976488,-0.025376,1.96,-3.15,-1.4,-67
1787064338638,174810,Knee,sit,-0.177144,0.976976,-0.000488,4.76,-0.63,-2.94,-67
1787064338638,174841,Knee,sit,-0.188856,0.976,-0.020496,4.83,-0.7,-3.01,-67
1787064338638,174858,Knee,sit,-0.194712,0.976,-0.033184,4.55,-1.05,-2.8,-67
1787064338638,174875,Knee,sit,-0.199104,0.973072,-0.04392,4.27,-1.54,-2.59,-67
1787064338638,174892,Knee,sit,-0.202032,0.972584,-0.047824,3.71,-1.82,-2.24,-67
1787064338638,174923,Knee,sit,-0.207888,0.972584,-0.047824,2.87,-2.24,-1.61,-67
1787064338638,174940,Knee,sit,-0.20984,0.97356,-0.040504,2.45,-2.73,-1.33,-67
1787064338638,174957,Knee,sit,-0.203008,0.975024,-0.0366,2.1,-3.01,-1.19,-67
1787064338638,174974,Knee,sit,-0.1952,0.975024,-0.027816,1.82,-3.29,-1.12,-67
1787064338638,174991,Knee,sit,-0.188856,0.974048,-0.021472,1.82,-3.5,-1.05,-67
1787064338991,175168,Knee,sit,-0.192272,0.97356,-0.02928,2.38,-3.15,-0.98,-65
1787064338991,175199,Knee,sit,-0.192272,0.975024,-0.028304,1.96,-3.43,-0.84,-65
1787064338991,175216,Knee,sit,-0.1952,0.97356,-0.02928,1.82,-3.71,-0.77,-65
1787064338991,175233,Knee,sit,-0.196176,0.97356,-0.03172,1.82,-3.99,-0.77,-65
1787064338991,175250,Knee,sit,-0.196176,0.972584,-0.03172,1.82,-4.06,-0.77,-65
1787064338991,175281,Knee,sit,-0.187392,0.973072,-0.023912,1.96,-3.92,-1.12,-65
1787064338991,175298,Knee,sit,-0.184464,0.97356,-0.021472,2.03,-3.85,-1.19,-65
1787064338991,175314,Knee,sit,-0.183488,0.975512,-0.020496,2.03,-3.64,-1.12,-65
1787064338991,175331,Knee,sit,-0.186904,0.976488,-0.022936,1.96,-3.64,-0.98,-65
1787064338991,175348,Knee,sit,-0.193736,0.976,-0.028792,1.61,-3.64,-0.7,-65
1787064339349,175524,Knee,sit,-0.183488,0.975024,-0.016592,1.89,-3.99,-0.98,-65
1787064339349,175555,Knee,sit,-0.185928,0.97356,-0.029768,2.31,-3.64,-1.12,-65
1787064339349,175572,Knee,sit,-0.188856,0.973072,-0.032208,2.1,-3.43,-0.77,-65
1787064339349,175589,Knee,sit,-0.203008,0.975512,-0.04148,1.68,-3.64,-0.63,-65
1787064339349,175606,Knee,sit,-0.20496,0.972584,-0.045872,1.26,-4.48,-0.21,-65
1787064339349,175637,Knee,sit,-0.194224,0.972584,-0.035624,0.91,-4.62,-0.28,-65
1787064339349,175654,Knee,sit,-0.18788,0.97356,-0.027328,0.98,-4.34,-0.49,-65
1787064339349,175671,Knee,sit,-0.183976,0.97356,-0.01708,1.4,-4.06,-0.63,-65
1787064339349,175688,Knee,sit,-0.180072,0.976976,-0.00976,1.75,-3.92,-0.77,-65
1787064339349,175705,Knee,sit,-0.17812,0.978928,-0.006344,1.75,-3.92,-0.84,-65
1787064339710,175883,Knee,sit,-0.195688,0.975512,-0.027328,1.19,-4.27,-0.42,-65
1787064339710,175914,Knee,sit,-0.193248,0.974048,-0.027816,1.12,-4.48,-0.35,-65
1787064339710,175931,Knee,sit,-0.189832,0.974048,-0.026352,1.26,-4.34,-0.49,-65
1787064339710,175948,Knee,sit,-0.183976,0.97356,-0.022936,1.4,-4.27,-0.56,-65
1787064339710,175964,Knee,sit,-0.183976,0.975512,-0.020984,1.54,-4.06,-0.77,-65
1787064339710,175995,Knee,sit,-0.183488,0.975512,-0.020984,1.75,-3.92,-0.77,-65
1787064339710,176012,Knee,sit,-0.186416,0.975024,-0.022448,1.75,-3.92,-0.77,-65
1787064339710,176029,Knee,sit,-0.189832,0.973072,-0.026352,1.75,-3.99,-0.77,-65
1787064339710,176046,Knee,sit,-0.190808,0.975512,-0.028304,1.75,-3.99,-0.77,-65
1787064339710,176063,Knee,sit,-0.191784,0.974048,-0.030744,1.75,-3.99,-0.91,-65
1787064340066,176240,Knee,sit,-0.18788,0.974536,-0.024888,1.61,-4.06,-0.7,-64
1787064340066,176272,Knee,sit,-0.190808,0.973072,-0.027816,1.68,-3.99,-0.7,-64
1787064340066,176289,Knee,sit,-0.191784,0.974536,-0.027816,1.61,-3.99,-0.77,-64
1787064340066,176306,Knee,sit,-0.189832,0.974536,-0.027816,1.61,-3.99,-0.77,-64
1787064340066,176323,Knee,sit,-0.191296,0.974536,-0.027328,1.61,-4.06,-0.77,-64
1787064340066,176354,Knee,sit,-0.189832,0.974048,-0.02684,1.61,-4.06,-0.7,-64
1787064340066,176371,Knee,sit,-0.190808,0.973072,-0.025864,1.54,-4.06,-0.7,-64
1787064340066,176388,Knee,sit,-0.190808,0.975024,-0.025864,1.54,-4.13,-0.7,-64
1787064340066,176405,Knee,sit,-0.189832,0.974536,-0.02684,1.47,-4.2,-0.7,-64
1787064340066,176422,Knee,sit,-0.189832,0.974536,-0.028304,1.54,-4.2,-0.63,-64
1787064340425,176599,Knee,sit,-0.191296,0.975024,-0.029768,1.4,-4.13,-0.56,-68
1787064340425,176629,Knee,sit,-0.190808,0.975024,-0.027816,1.33,-4.2,-0.56,-68
1787064340425,176646,Knee,sit,-0.188856,0.974048,-0.026352,1.33,-4.2,-0.63,-68
1787064340425,176663,Knee,sit,-0.187392,0.974048,-0.023912,1.54,-4.13,-0.63,-68
1787064340425,176680,Knee,sit,-0.18788,0.974536,-0.022448,1.54,-4.13,-0.7,-68
1787064340425,176711,Knee,sit,-0.189344,0.975024,-0.022448,1.61,-3.99,-0.77,-68
1787064340425,176728,Knee,sit,-0.188368,0.974536,-0.023912,1.68,-4.06,-0.7,-68
1787064340425,176745,Knee,sit,-0.188856,0.974536,-0.02684,1.68,-4.06,-0.77,-68
1787064340425,176762,Knee,sit,-0.190808,0.97356,-0.027816,1.61,-4.06,-0.7,-68
1787064340425,176779,Knee,sit,-0.193248,0.975024,-0.027816,1.68,-4.06,-0.63,-68
1787064340786,176956,Knee,sit,-0.188856,0.974536,-0.026352,1.75,-3.99,-0.84,-68
1787064340786,176987,Knee,sit,-0.18788,0.974536,-0.024888,1.89,-3.92,-0.98,-68
1787064340786,177004,Knee,sit,-0.188856,0.974536,-0.025376,1.89,-3.85,-0.98,-68
1787064340786,177021,Knee,sit,-0.1952,0.976488,-0.029768,1.61,-3.71,-0.56,-68
1787064340786,177038,Knee,sit,-0.20008,0.975024,-0.038552,1.19,-4.41,-0.21,-68
1787064340786,177069,Knee,sit,-0.194224,0.970632,-0.038064,0.7,-4.76,-0.14,-68
1787064340786,177086,Knee,sit,-0.189832,0.972584,-0.030256,0.98,-4.34,-0.49,-68
1787064340786,177103,Knee,sit,-0.18788,0.97356,-0.025376,1.33,-3.99,-0.7,-68
1787064340786,177120,Knee,sit,-0.184952,0.974536,-0.016104,1.54,-3.92,-0.77,-68
1787064340786,177137,Knee,sit,-0.182512,0.976976,-0.00976,1.75,-3.85,-0.91,-68
1787064341143,177314,Knee,sit,-0.193248,0.97112,-0.035624,0.49,-5.11,0,-68
1787064341143,177344,Knee,sit,-0.178608,0.97356,-0.018056,0.84,-4.34,-0.42,-68
1787064341143,177361,Knee,sit,-0.17812,0.975512,-0.009272,1.4,-3.92,-0.63,-68
1787064341143,177378,Knee,sit,-0.18056,0.977464,-0.005856,1.75,-3.78,-0.84,-68
1787064341143,177395,Knee,sit,-0.180072,0.97844,-0.005856,1.75,-3.92,-0.91,-68
1787064341143,177426,Knee,sit,-0.186904,0.974536,-0.022448,1.89,-3.85,-0.91,-68
1787064341143,177443,Knee,sit,-0.190808,0.973072,-0.028304,2.1,-3.85,-0.91,-68
1787064341143,177460,Knee,sit,-0.196664,0.972096,-0.0366,2.1,-3.78,-0.91,-68
1787064341143,177477,Knee,sit,-0.199104,0.973072,-0.03904,1.96,-3.85,-0.98,-68
1787064341143,177494,Knee,sit,-0.199104,0.971608,-0.039528,1.61,-3.99,-0.84,-68
1787064341498,177670,Knee,sit,-0.191784,0.974048,-0.02684,1.68,-3.92,-0.77,-68
1787064341498,177702,Knee,sit,-0.192272,0.974048,-0.024888,1.68,-3.78,-0.7,-68
1787064341498,177719,Knee,sit,-0.192272,0.975024,-0.025376,1.68,-3.92,-0.7,-68
1787064341498,177736,Knee,sit,-0.191296,0.975512,-0.023424,1.68,-3.99,-0.7,-68
1787064341498,177753,Knee,sit,-0.192272,0.975024,-0.024888,1.75,-3.99,-0.7,-68
1787064341498,177784,Knee,sit,-0.189344,0.974048,-0.02684,1.61,-4.13,-0.63,-68
1787064341498,177801,Knee,sit,-0.18788,0.97356,-0.027816,1.54,-4.13,-0.7,-68
1787064341498,177818,Knee,sit,-0.186416,0.97356,-0.030256,1.61,-4.06,-0.7,-68
1787064341498,177835,Knee,sit,-0.186904,0.974536,-0.028304,1.68,-3.92,-0.7,-68
1787064341498,177852,Knee,sit,-0.189344,0.97356,-0.03172,1.61,-3.92,-0.7,-68
1787064341856,178027,Knee,sit,-0.194224,0.972584,-0.03172,1.61,-3.78,-0.77,-75
1787064341856,178058,Knee,sit,-0.19764,0.974048,-0.032208,1.33,-4.06,-0.63,-75
1787064341856,178075,Knee,sit,-0.196664,0.97356,-0.03172,1.19,-4.13,-0.56,-75
1787064341856,178092,Knee,sit,-0.194224,0.97356,-0.02684,1.26,-4.2,-0.56,-75
1787064341856,178109,Knee,sit,-0.193736,0.974048,-0.022936,1.33,-4.2,-0.49,-75
1787064341856,178140,Knee,sit,-0.189832,0.975024,-0.019032,1.54,-4.13,-0.63,-75
1787064341856,178157,Knee,sit,-0.188856,0.975512,-0.01708,1.61,-4.06,-0.63,-75
1787064341856,178174,Knee,sit,-0.189344,0.974536,-0.01708,1.89,-4.06,-0.7,-75
1787064341856,178191,Knee,sit,-0.190808,0.976,-0.018544,2.03,-3.99,-0.77,-75
1787064341856,178208,Knee,sit,-0.190808,0.975512,-0.020984,2.03,-4.06,-0.77,-75
1787064342214,178384,Knee,sit,-0.190808,0.974536,-0.030744,1.26,-4.13,-0.56,-75
1787064342214,178416,Knee,sit,-0.18788,0.974048,-0.027816,1.26,-4.27,-0.56,-75
1787064342214,178433,Knee,sit,-0.188368,0.974536,-0.024888,1.26,-4.2,-0.63,-75
1787064342214,178450,Knee,sit,-0.188856,0.975024,-0.023424,1.33,-4.06,-0.56,-75
1787064342214,178467,Knee,sit,-0.191784,0.975024,-0.02196,1.47,-3.99,-0.7,-75
1787064342214,178498,Knee,sit,-0.19276,0.976488,-0.023912,1.54,-3.99,-0.77,-75
1787064342214,178515,Knee,sit,-0.192272,0.975512,-0.025376,1.54,-4.13,-0.7,-75
1787064342214,178532,Knee,sit,-0.189832,0.97356,-0.02684,1.54,-4.2,-0.7,-75
1787064342214,178549,Knee,sit,-0.19032,0.974536,-0.02928,1.61,-4.2,-0.7,-75
1787064342214,178566,Knee,sit,-0.187392,0.974048,-0.02928,1.54,-4.2,-0.7,-75
1787064342582,178741,Knee,sit,-0.19276,0.974048,-0.02684,1.68,-3.92,-0.91,-75
1787064342582,178772,Knee,sit,-0.195688,0.973072,-0.030744,1.75,-4.06,-0.77,-75
1787064342582,178789,Knee,sit,-0.196664,0.973072,-0.033184,1.75,-4.13,-0.77,-75
1787064342582,178806,Knee,sit,-0.191296,0.973072,-0.03172,1.68,-4.48,-0.84,-75
1787064342582,178823,Knee,sit,-0.184464,0.973072,-0.028304,1.54,-3.85,-0.77,-75
1787064342582,178854,Knee,sit,-0.19764,0.974536,-0.032696,1.4,-4.06,-0.42,-75
1787064342582,178871,Knee,sit,-0.199592,0.974048,-0.030744,1.4,-4.41,-0.28,-75
1787064342582,178888,Knee,sit,-0.197152,0.974536,-0.028792,1.19,-4.55,-0.28,-75
1787064342582,178905,Knee,sit,-0.192272,0.975512,-0.025376,0.98,-4.55,-0.35,-75
1787064342582,178922,Knee,sit,-0.188368,0.97356,-0.022936,1.19,-4.55,-0.49,-75
1787064342930,179099,Knee,sit,-0.19764,0.973072,-0.03904,1.26,-4.34,-0.49,-72
1787064342930,179130,Knee,sit,-0.192272,0.974536,-0.030256,0.98,-4.62,-0.35,-72
1787064342930,179147,Knee,sit,-0.187392,0.974536,-0.023912,0.91,-4.55,-0.35,-72
1787064342930,179164,Knee,sit,-0.183976,0.974536,-0.01952,1.05,-4.34,-0.35,-72
1787064342930,179181,Knee,sit,-0.182512,0.974536,-0.017568,1.26,-4.13,-0.63,-72
1787064342930,179212,Knee,sit,-0.183488,0.975512,-0.015128,1.68,-3.92,-0.77,-72
1787064342930,179229,Knee,sit,-0.18544,0.975512,-0.016592,1.75,-3.85,-0.84,-72
1787064342930,179245,Knee,sit,-0.18788,0.975024,-0.020496,1.89,-3.78,-0.91,-72
1787064342930,179262,Knee,sit,-0.191296,0.974048,-0.024888,1.96,-3.71,-0.98,-72
1787064342930,179279,Knee,sit,-0.192272,0.974048,-0.02928,2.03,-3.85,-0.98,-72
1787064343290,179456,Knee,sit,-0.185928,0.975512,-0.021472,1.54,-4.06,-0.63,-72
1787064343290,179488,Knee,sit,-0.186904,0.974048,-0.0244,1.68,-3.99,-0.7,-72
1787064343290,179505,Knee,sit,-0.188368,0.973072,-0.02684,1.68,-3.92,-0.7,-72
1787064343290,179522,Knee,sit,-0.189344,0.97356,-0.031232,1.68,-3.92,-0.7,-72
1787064343290,179539,Knee,sit,-0.192272,0.972584,-0.031232,1.68,-3.92,-0.77,-72
1787064343290,179570,Knee,sit,-0.192272,0.973072,-0.030256,1.61,-4.06,-0.7,-72
1787064343290,179587,Knee,sit,-0.191296,0.973072,-0.030256,1.47,-4.13,-0.63,-72
1787064343290,179604,Knee,sit,-0.190808,0.97356,-0.029768,1.47,-4.13,-0.63,-72
1787064343290,179621,Knee,sit,-0.192272,0.974048,-0.029768,1.47,-4.13,-0.56,-72
1787064343290,179638,Knee,sit,-0.19276,0.975024,-0.027816,1.54,-4.27,-0.56,-72
1787064343645,179814,Knee,sit,-0.189344,0.976976,-0.02928,1.68,-3.99,-0.77,-72
1787064343645,179845,Knee,sit,-0.190808,0.972584,-0.031232,1.61,-3.99,-0.7,-72
1787064343645,179862,Knee,sit,-0.192272,0.974048,-0.030744,1.54,-4.06,-0.7,-72
1787064343645,179879,Knee,sit,-0.19276,0.975024,-0.030744,1.54,-4.13,-0.63,-72
1787064343645,179896,Knee,sit,-0.189832,0.974048,-0.028792,1.47,-4.13,-0.63,-72
1787064343645,179927,Knee,sit,-0.189832,0.97356,-0.027328,1.47,-4.13,-0.63,-72
1787064343645,179943,Knee,sit,-0.189832,0.975512,-0.025376,1.54,-4.13,-0.63,-72
1787064343645,179960,Knee,sit,-0.191296,0.976,-0.026352,1.54,-4.13,-0.7,-72
1787064343645,179977,Knee,sit,-0.189344,0.973072,-0.025376,1.54,-4.13,-0.7,-72
1787064343645,179994,Knee,sit,-0.188368,0.973072,-0.025376,1.61,-4.06,-0.7,-72
1787064344004,180171,Knee,sit,-0.190808,0.973072,-0.028304,1.47,-4.13,-0.7,-65
1787064344004,180202,Knee,sit,-0.189832,0.974536,-0.025864,1.61,-4.06,-0.63,-65
1787064344004,180219,Knee,sit,-0.191296,0.97356,-0.025864,1.61,-4.06,-0.7,-65
1787064344004,180236,Knee,sit,-0.189344,0.974048,-0.02684,1.61,-4.13,-0.7,-65
1787064344004,180253,Knee,sit,-0.189344,0.974048,-0.027328,1.61,-4.06,-0.63,-65
1787064344004,180284,Knee,sit,-0.189832,0.974048,-0.028792,1.61,-4.06,-0.7,-65
1787064344004,180301,Knee,sit,-0.189344,0.975024,-0.027816,1.61,-4.06,-0.7,-65
1787064344004,180318,Knee,sit,-0.189832,0.97356,-0.02928,1.61,-4.06,-0.7,-65
1787064344004,180335,Knee,sit,-0.189832,0.974536,-0.029768,1.61,-4.06,-0.63,-65
1787064344004,180353,Knee,sit,-0.191296,0.973072,-0.029768,1.61,-4.06,-0.63,-65
1787064344361,180530,Knee,sit,-0.188856,0.974048,-0.027328,1.68,-4.06,-0.7,-65
1787064344361,180561,Knee,sit,-0.19032,0.974048,-0.028792,1.61,-3.99,-0.7,-65
1787064344361,180578,Knee,sit,-0.190808,0.97356,-0.028792,1.61,-4.06,-0.7,-65
1787064344361,180595,Knee,sit,-0.19276,0.97356,-0.028792,1.61,-4.06,-0.63,-65
1787064344361,180611,Knee,sit,-0.191296,0.974536,-0.029768,1.47,-4.13,-0.7,-65
1787064344361,180642,Knee,sit,-0.190808,0.973072,-0.028304,1.47,-4.13,-0.7,-65
1787064344361,180659,Knee,sit,-0.19032,0.974048,-0.027328,1.47,-4.13,-0.63,-65
1787064344361,180676,Knee,sit,-0.189832,0.97356,-0.026352,1.54,-4.06,-0.63,-65
1787064344361,180693,Knee,sit,-0.189344,0.974536,-0.024888,1.47,-4.13,-0.7,-65
1787064344361,180710,Knee,sit,-0.188856,0.974536,-0.025864,1.54,-4.13,-0.7,-65
1787064344722,180887,Knee,sit,-0.19032,0.97356,-0.027816,1.54,-4.13,-0.7,-65
1787064344722,180919,Knee,sit,-0.190808,0.975024,-0.02684,1.61,-4.13,-0.7,-65
1787064344722,180936,Knee,sit,-0.19032,0.974048,-0.02684,1.61,-4.13,-0.63,-65
1787064344722,180953,Knee,sit,-0.188856,0.974048,-0.02684,1.61,-4.13,-0.7,-65
1787064344722,180970,Knee,sit,-0.189344,0.974048,-0.02684,1.61,-4.06,-0.7,-65
1787064344722,181001,Knee,sit,-0.189344,0.974048,-0.026352,1.61,-4.06,-0.7,-65
1787064344722,181018,Knee,sit,-0.190808,0.974536,-0.02684,1.54,-4.13,-0.77,-65
1787064344722,181035,Knee,sit,-0.19032,0.974048,-0.026352,1.61,-4.06,-0.77,-65
1787064344722,181052,Knee,sit,-0.19032,0.974536,-0.027816,1.61,-4.06,-0.7,-65
1787064344722,181069,Knee,sit,-0.189344,0.974536,-0.028304,1.61,-4.06,-0.7,-65
1787064345078,181245,Knee,sit,-0.189344,0.974048,-0.027328,1.61,-4.13,-0.77,-65
1787064345078,181277,Knee,sit,-0.188856,0.97356,-0.028792,1.61,-4.06,-0.7,-65
1787064345078,181294,Knee,sit,-0.189832,0.974536,-0.027816,1.75,-4.06,-0.56,-65
1787064345078,181311,Knee,sit,-0.192272,0.974536,-0.028792,1.68,-4.13,-0.63,-65
1787064345078,181327,Knee,sit,-0.189832,0.973072,-0.028792,1.47,-4.2,-0.7,-65
1787064345078,181358,Knee,sit,-0.190808,0.97356,-0.028792,1.61,-4.06,-0.63,-65
1787064345078,181375,Knee,sit,-0.194224,0.974048,-0.026352,1.75,-4.06,-0.63,-65
1787064345078,181392,Knee,sit,-0.193248,0.975024,-0.0244,1.75,-4.06,-0.77,-65
1787064345078,181409,Knee,sit,-0.189832,0.975512,-0.023912,1.68,-4.06,-0.77,-65
1787064345078,181426,Knee,sit,-0.190808,0.973072,-0.0244,1.75,-3.99,-0.7,-65
1787064345440,181602,Knee,sit,-0.191784,0.974048,-0.025864,1.26,-4.06,-0.63,-68
1787064345440,181633,Knee,sit,-0.19032,0.975512,-0.023912,1.26,-4.13,-0.7,-68
1787064345440,181650,Knee,sit,-0.190808,0.975512,-0.022448,1.33,-4.13,-0.63,-68
1787064345440,181667,Knee,sit,-0.19032,0.975512,-0.023424,1.47,-4.2,-0.77,-68
1787064345440,181684,Knee,sit,-0.188856,0.975024,-0.022448,1.54,-4.13,-0.77,-68
1787064345440,181715,Knee,sit,-0.19276,0.975024,-0.025376,1.61,-4.06,-0.77,-68
1787064345440,181732,Knee,sit,-0.193736,0.974048,-0.02684,1.61,-4.13,-0.7,-68
1787064345440,181749,Knee,sit,-0.192272,0.974048,-0.028792,1.61,-4.13,-0.7,-68
1787064345440,181766,Knee,sit,-0.191784,0.973072,-0.027816,1.61,-4.13,-0.7,-68
1787064345440,181783,Knee,sit,-0.191296,0.975024,-0.02684,1.54,-4.13,-0.7,-68
