pc_timestamp,arduino_ms,node_position,activity,ax,ay,az,gx,gy,gz,rssi
1786633126618,374423,Lumbar,walk_2,0.066368,0.975512,0.306952,0.98,-3.08,-0.14,-58
1786633126618,374440,Lumbar,walk_2,0.064416,0.975512,0.30744,0.91,-3.08,0,-58
1786633126618,374471,Lumbar,walk_2,0.063928,0.977464,0.307928,0.63,-3.01,0.21,-58
1786633126618,374488,Lumbar,walk_2,0.064416,0.976976,0.306952,0.56,-3.15,0.28,-58
1786633126618,374505,Lumbar,walk_2,0.063928,0.974048,0.307928,0.63,-3.15,0.35,-58
1786633126618,374522,Lumbar,walk_2,0.064904,0.97112,0.307928,0.84,-3.08,0.56,-58
1786633126618,374539,Lumbar,walk_2,0.06344,0.969168,0.306464,0.98,-2.94,0.84,-58
1786633126618,374570,Lumbar,walk_2,0.067344,0.973072,0.306952,0.98,-2.59,1.54,-58
1786633126618,374587,Lumbar,walk_2,0.067344,0.974536,0.306464,0.77,-2.52,1.89,-58
1786633126618,374604,Lumbar,walk_2,0.07076,0.972096,0.309392,0.56,-2.31,2.03,-58
1786633126968,374778,Lumbar,walk_2,0.081984,0.975024,0.308416,2.03,-2.03,1.33,-56
1786633126968,374809,Lumbar,walk_2,0.082472,0.974536,0.306952,2.03,-2.1,0.84,-56
1786633126968,374826,Lumbar,walk_2,0.084424,0.97356,0.307928,1.96,-2.1,0.77,-56
1786633126968,374843,Lumbar,walk_2,0.083936,0.972584,0.308904,1.89,-2.1,0.56,-56
1786633126968,374860,Lumbar,walk_2,0.083936,0.973072,0.307928,1.96,-2.1,0.42,-56
1786633126968,374891,Lumbar,walk_2,0.081008,0.976488,0.306952,1.96,-2.31,0,-56
1786633126968,374908,Lumbar,walk_2,0.079056,0.977464,0.306464,1.82,-2.31,-0.21,-56
1786633126968,374925,Lumbar,walk_2,0.076128,0.975024,0.305976,1.89,-2.24,-0.35,-56
1786633126968,374943,Lumbar,walk_2,0.076128,0.975024,0.305,1.82,-2.17,-0.35,-56
1786633126968,374960,Lumbar,walk_2,0.077104,0.976976,0.305488,1.75,-2.1,-0.42,-56
1786633127359,375133,Lumbar,walk_2,0.0732,0.972584,0.301096,1.19,-2.17,0.14,-60
1786633127359,375165,Lumbar,walk_2,0.074176,0.97356,0.30988,1.12,-2.03,0.21,-60
1786633127359,375182,Lumbar,walk_2,0.073688,0.972096,0.31232,1.33,-2.1,0.21,-60
1786633127359,375199,Lumbar,walk_2,0.074176,0.97112,0.310856,1.75,-2.1,0.28,-60
1786633127359,375216,Lumbar,walk_2,0.075152,0.970144,0.30744,1.82,-2.1,0.28,-60
1786633127359,375247,Lumbar,walk_2,0.075152,0.975024,0.303048,1.54,-2.17,0.21,-60
1786633127359,375263,Lumbar,walk_2,0.073688,0.975024,0.304512,1.26,-2.1,0.28,-60
1786633127359,375281,Lumbar,walk_2,0.074664,0.973072,0.307928,1.26,-2.17,0.35,-60
1786633127359,375297,Lumbar,walk_2,0.074176,0.973072,0.30988,1.4,-2.03,0.56,-60
1786633127359,375313,Lumbar,walk_2,0.074176,0.972096,0.307928,1.54,-2.03,0.63,-60
1786633127745,375487,Lumbar,walk_2,0.07564,0.971608,0.310856,1.4,-1.96,0.91,-60
1786633127745,375518,Lumbar,walk_2,0.077592,0.973072,0.308904,1.61,-1.96,0.84,-60
1786633127745,375535,Lumbar,walk_2,0.07808,0.975024,0.307928,1.47,-1.96,0.77,-60
1786633127745,375552,Lumbar,walk_2,0.078568,0.975512,0.306464,1.4,-2.03,0.7,-60
1786633127745,375569,Lumbar,walk_2,0.07808,0.97356,0.307928,1.4,-2.1,0.63,-60
1786633127745,375600,Lumbar,walk_2,0.07808,0.975024,0.306464,1.33,-2.1,0.56,-60
1786633127745,375617,Lumbar,walk_2,0.077104,0.975024,0.306952,1.26,-2.17,0.49,-60
1786633127745,375634,Lumbar,walk_2,0.07564,0.97112,0.306952,1.33,-2.1,0.63,-60
1786633127745,375651,Lumbar,walk_2,0.076616,0.97112,0.30744,1.4,-2.03,0.63,-60
1786633127745,375668,Lumbar,walk_2,0.076616,0.972584,0.306464,1.4,-2.03,0.63,-60
1786633128029,375841,Lumbar,walk_2,0.076616,0.973072,0.310856,1.4,-2.17,0.49,-60
1786633128029,375872,Lumbar,walk_2,0.076128,0.973072,0.311832,1.47,-2.24,0.49,-60
1786633128029,375889,Lumbar,walk_2,0.077592,0.973072,0.310368,1.61,-2.17,0.63,-60
1786633128029,375906,Lumbar,walk_2,0.07808,0.972584,0.308904,1.61,-2.17,0.56,-60
1786633128029,375923,Lumbar,walk_2,0.078568,0.975024,0.307928,1.33,-2.1,0.63,-60
1786633128029,375954,Lumbar,walk_2,0.077592,0.975512,0.312808,1.05,-2.1,0.63,-60
1786633128029,375971,Lumbar,walk_2,0.076128,0.974536,0.30744,0.91,-2.03,0.77,-60
1786633128029,375988,Lumbar,walk_2,0.078568,0.972096,0.303536,0.91,-2.1,0.91,-60
1786633128029,376005,Lumbar,walk_2,0.079544,0.97112,0.306464,0.7,-2.17,1.05,-60
1786633128029,376022,Lumbar,walk_2,0.078568,0.972096,0.309392,0.63,-2.24,0.98,-60
1786633128670,376197,Lumbar,walk_2,0.07808,0.972096,0.31232,0.84,-2.45,0.91,-60
1786633128670,376228,Lumbar,walk_2,0.08052,0.964776,0.313296,1.82,-2.66,0.63,-60
1786633128670,376245,Lumbar,walk_2,0.079056,0.965264,0.308416,1.89,-2.52,0.7,-60
1786633128670,376262,Lumbar,walk_2,0.079056,0.972584,0.307928,2.03,-2.24,1.05,-60
1786633128670,376279,Lumbar,walk_2,0.079544,0.974048,0.313296,1.75,-2.17,1.05,-60
1786633128670,376310,Lumbar,walk_2,0.084912,0.969168,0.322568,1.96,-1.68,0.98,-60
1786633128670,376327,Lumbar,walk_2,0.086864,0.96868,0.320128,2.17,-1.19,0.77,-60
1786633128670,376344,Lumbar,walk_2,0.089304,0.971608,0.314272,2.31,-0.98,0.7,-60
1786633128670,376361,Lumbar,walk_2,0.089792,0.97356,0.308904,2.24,-1.05,0.49,-60
1786633128670,376378,Lumbar,walk_2,0.089792,0.978928,0.309392,2.17,-1.05,0.28,-60
1786633128737,376550,Lumbar,walk_2,0.075152,0.974536,0.305976,1.89,-2.8,-1.33,-51
1786633128737,376581,Lumbar,walk_2,0.069784,0.975512,0.308416,1.82,-2.66,-1.26,-51
1786633128737,376598,Lumbar,walk_2,0.069784,0.973072,0.311344,1.75,-2.52,-1.12,-51
1786633128737,376615,Lumbar,walk_2,0.069296,0.972584,0.311344,1.75,-2.38,-0.84,-51
1786633128737,376632,Lumbar,walk_2,0.07076,0.97356,0.310856,1.75,-2.24,-0.77,-51
1786633128737,376663,Lumbar,walk_2,0.071736,0.973072,0.308416,1.75,-2.17,-0.49,-51
1786633128737,376680,Lumbar,walk_2,0.071736,0.972096,0.306952,1.68,-2.24,-0.28,-51
1786633128737,376697,Lumbar,walk_2,0.0732,0.970632,0.308904,1.75,-2.24,-0.21,-51
1786633128737,376714,Lumbar,walk_2,0.074176,0.970632,0.310368,1.96,-2.17,-0.14,-51
1786633128737,376731,Lumbar,walk_2,0.0732,0.971608,0.308904,2.03,-2.17,0.07,-51
1786633129092,376905,Lumbar,walk_2,0.07564,0.975024,0.306952,1.47,-2.31,0.77,-55
1786633129092,376937,Lumbar,walk_2,0.073688,0.974048,0.305488,1.89,-2.31,0.7,-55
1786633129092,376954,Lumbar,walk_2,0.077104,0.975512,0.304024,1.96,-2.17,0.7,-55
1786633129092,376971,Lumbar,walk_2,0.07808,0.976976,0.300608,1.68,-2.24,0.63,-55
1786633129092,376988,Lumbar,walk_2,0.077104,0.976488,0.300608,1.4,-2.31,0.63,-55
1786633129092,377019,Lumbar,walk_2,0.07564,0.974048,0.305488,1.12,-2.24,0.7,-55
1786633129092,377036,Lumbar,walk_2,0.076616,0.970632,0.30744,1.19,-2.24,0.77,-55
1786633129092,377053,Lumbar,walk_2,0.078568,0.971608,0.30744,1.4,-2.17,0.77,-55
1786633129092,377070,Lumbar,walk_2,0.079544,0.974536,0.306952,1.4,-2.24,0.56,-55
1786633129092,377087,Lumbar,walk_2,0.079544,0.975512,0.308904,1.4,-2.24,0.42,-55
1786633129469,377261,Lumbar,walk_2,0.076616,0.975024,0.304024,1.47,-2.73,0.14,-55
1786633129469,377293,Lumbar,walk_2,0.076616,0.974048,0.304512,1.19,-2.94,0.14,-55
1786633129469,377310,Lumbar,walk_2,0.073688,0.972096,0.305488,1.26,-3.22,0.28,-55
1786633129469,377327,Lumbar,walk_2,0.072712,0.972584,0.305,1.47,-3.29,0.28,-55
1786633129469,377344,Lumbar,walk_2,0.0732,0.972096,0.304512,1.47,-3.36,0.35,-55
1786633129469,377375,Lumbar,walk_2,0.072712,0.974048,0.308416,1.4,-3.22,0.42,-55
1786633129469,377392,Lumbar,walk_2,0.074176,0.97356,0.30988,1.47,-3.08,0.49,-55
1786633129469,377409,Lumbar,walk_2,0.076128,0.97356,0.310368,1.4,-2.94,0.49,-55
1786633129469,377426,Lumbar,walk_2,0.077104,0.973072,0.30744,1.47,-2.94,0.49,-55
1786633129469,377443,Lumbar,walk_2,0.077592,0.975512,0.306464,1.4,-3.01,0.56,-55
1786633129804,377616,Lumbar,walk_2,0.079544,0.975512,0.307928,1.75,-2.87,-0.14,-55
1786633129804,377647,Lumbar,walk_2,0.07808,0.97356,0.306952,1.89,-2.94,-0.28,-55
1786633129804,377664,Lumbar,walk_2,0.079544,0.975024,0.306464,1.61,-3.08,-0.35,-55
1786633129804,377681,Lumbar,walk_2,0.079056,0.976,0.307928,1.54,-3.15,-0.35,-55
1786633129804,377698,Lumbar,walk_2,0.07808,0.977464,0.306952,1.33,-3.29,-0.21,-55
1786633129804,377729,Lumbar,walk_2,0.077592,0.975024,0.299632,1.12,-3.5,0.21,-55
1786633129804,377746,Lumbar,walk_2,0.080032,0.975024,0.30256,0.84,-3.43,0.21,-55
1786633129804,377763,Lumbar,walk_2,0.080032,0.973072,0.306464,0.7,-3.29,0.21,-55
1786633129804,377780,Lumbar,walk_2,0.07564,0.974048,0.308416,0.77,-3.22,0.14,-55
1786633129804,377797,Lumbar,walk_2,0.076616,0.97356,0.308416,1.05,-3.29,0.14,-55
1786633130160,377972,Lumbar,walk_2,0.078568,0.97356,0.310856,1.61,-2.87,0,-53
1786633130160,378004,Lumbar,walk_2,0.08052,0.972584,0.308904,1.61,-2.59,0.35,-53
1786633130160,378021,Lumbar,walk_2,0.08052,0.973072,0.30744,1.47,-2.52,0.42,-53
1786633130160,378039,Lumbar,walk_2,0.081496,0.973072,0.307928,1.4,-2.52,0.35,-53
1786633130160,378056,Lumbar,walk_2,0.079544,0.974536,0.30744,1.26,-2.45,0.49,-53
1786633130160,378073,Lumbar,walk_2,0.081008,0.973072,0.308416,1.33,-2.45,0.42,-53
1786633130160,378104,Lumbar,walk_2,0.081008,0.97112,0.308904,1.54,-2.17,0.63,-53
1786633130160,378121,Lumbar,walk_2,0.08052,0.973072,0.308416,1.47,-2.03,0.77,-53
1786633130160,378138,Lumbar,walk_2,0.081008,0.97356,0.308416,1.47,-1.89,0.84,-53
1786633130160,378154,Lumbar,walk_2,0.08052,0.97356,0.308416,1.47,-1.75,0.84,-53
1786633130517,378327,Lumbar,walk_2,0.081008,0.973072,0.307928,1.4,-0.7,0.84,-53
1786633130517,378358,Lumbar,walk_2,0.081008,0.974536,0.30988,1.33,-0.91,0.84,-53
1786633130517,378375,Lumbar,walk_2,0.080032,0.972584,0.309392,1.33,-0.91,0.77,-53
1786633130517,378392,Lumbar,walk_2,0.079056,0.973072,0.311832,1.47,-0.98,0.77,-53
1786633130517,378409,Lumbar,walk_2,0.07808,0.97112,0.310368,1.61,-1.05,0.77,-53
1786633130517,378440,Lumbar,walk_2,0.079544,0.974048,0.307928,1.19,-1.19,0.7,-53
1786633130517,378457,Lumbar,walk_2,0.079544,0.974048,0.30744,1.19,-1.26,0.77,-53
1786633130517,378474,Lumbar,walk_2,0.077104,0.97356,0.309392,1.19,-1.54,0.7,-53
1786633130517,378491,Lumbar,walk_2,0.074664,0.974048,0.310856,1.33,-1.82,0.63,-53
1786633130517,378508,Lumbar,walk_2,0.074176,0.971608,0.311832,1.54,-1.89,0.49,-53
1786633130901,378683,Lumbar,walk_2,0.080032,0.970632,0.31232,1.54,-2.66,0.14,-53
1786633130901,378714,Lumbar,walk_2,0.083936,0.973072,0.306464,1.75,-2.66,0.14,-53
1786633130901,378732,Lumbar,walk_2,0.083936,0.974048,0.305976,1.61,-2.66,0.07,-53
1786633130901,378749,Lumbar,walk_2,0.083448,0.974536,0.307928,1.4,-2.59,0.07,-53
1786633130901,378767,Lumbar,walk_2,0.082472,0.97112,0.31232,1.47,-2.52,0.14,-53
1786633130901,378783,Lumbar,walk_2,0.081984,0.970144,0.312808,1.61,-2.38,0.14,-53
1786633130901,378814,Lumbar,walk_2,0.084424,0.970144,0.31232,1.89,-2.24,0.14,-53
1786633130901,378831,Lumbar,walk_2,0.084912,0.972584,0.310856,1.96,-2.17,0,-53
1786633130901,378848,Lumbar,walk_2,0.081008,0.973072,0.30988,1.89,-2.1,-0.07,-53
1786633130901,378865,Lumbar,walk_2,0.08052,0.973072,0.30988,1.96,-1.96,0,-53
1786633131289,379038,Lumbar,walk_2,0.07808,0.974536,0.308904,2.03,-1.68,-0.07,-53
1786633131289,379068,Lumbar,walk_2,0.077592,0.973072,0.309392,1.96,-1.75,-0.14,-53
1786633131289,379085,Lumbar,walk_2,0.077104,0.973072,0.306952,1.96,-1.82,0,-53
1786633131289,379102,Lumbar,walk_2,0.076128,0.97356,0.30744,1.89,-1.89,0.07,-53
1786633131289,379119,Lumbar,walk_2,0.074664,0.97356,0.307928,1.89,-1.96,0.07,-53
1786633131289,379150,Lumbar,walk_2,0.076616,0.973072,0.306952,1.82,-2.03,0,-53
1786633131289,379167,Lumbar,walk_2,0.076128,0.97356,0.306464,1.89,-2.17,0.07,-53
1786633131289,379184,Lumbar,walk_2,0.076128,0.97356,0.305488,1.89,-2.17,0.14,-53
1786633131289,379201,Lumbar,walk_2,0.076616,0.97356,0.305976,1.82,-2.24,0.14,-53
1786633131289,379232,Lumbar,walk_2,0.07808,0.974536,0.308416,1.54,-2.31,0.21,-53
1786633131684,379406,Lumbar,walk_2,0.079544,0.973072,0.307928,1.54,-2.24,0.56,-52
1786633131684,379437,Lumbar,walk_2,0.079056,0.972584,0.308904,1.54,-2.24,0.63,-52
1786633131684,379454,Lumbar,walk_2,0.078568,0.975024,0.310856,1.4,-2.03,0.7,-52
1786633131684,379472,Lumbar,walk_2,0.078568,0.97356,0.305,1.19,-1.96,0.84,-52
1786633131684,379489,Lumbar,walk_2,0.080032,0.973072,0.30256,1.12,-2.17,0.98,-52
1786633131684,379519,Lumbar,walk_2,0.080032,0.973072,0.310368,0.91,-1.89,0.84,-52
1786633131684,379536,Lumbar,walk_2,0.07808,0.973072,0.30988,1.05,-1.82,1.05,-52
1786633131684,379553,Lumbar,walk_2,0.077592,0.97356,0.311832,1.19,-1.89,0.98,-52
1786633131684,379570,Lumbar,walk_2,0.080032,0.972096,0.306952,1.61,-1.75,1.05,-52
1786633131684,379587,Lumbar,walk_2,0.081984,0.97356,0.304512,1.61,-1.61,1.12,-52
1786633131953,379761,Lumbar,walk_2,0.079544,0.97356,0.307928,1.68,-1.33,0.98,-52
1786633131953,379792,Lumbar,walk_2,0.081008,0.974536,0.307928,1.26,-1.33,0.98,-52
1786633131953,379809,Lumbar,walk_2,0.081008,0.973072,0.307928,1.12,-1.33,0.98,-52
1786633131953,379826,Lumbar,walk_2,0.079056,0.970632,0.310856,1.33,-1.4,0.91,-52
1786633131953,379843,Lumbar,walk_2,0.078568,0.97112,0.310368,1.54,-1.54,0.84,-52
1786633131953,379873,Lumbar,walk_2,0.079544,0.974048,0.308416,1.61,-1.54,0.77,-52
1786633131953,379890,Lumbar,walk_2,0.080032,0.974048,0.307928,1.54,-1.61,0.77,-52
1786633131953,379907,Lumbar,walk_2,0.079544,0.974048,0.308904,1.4,-1.61,0.7,-52
1786633131953,379925,Lumbar,walk_2,0.079056,0.974048,0.30988,1.4,-1.75,0.77,-52
1786633131953,379941,Lumbar,walk_2,0.079056,0.974536,0.309392,1.4,-1.82,0.63,-52
1786633132308,380116,Lumbar,walk_2,0.08296,0.97356,0.309392,1.19,-2.17,0.63,-54
1786633132308,380147,Lumbar,walk_2,0.081496,0.973072,0.309392,1.19,-2.24,0.63,-54
1786633132308,380164,Lumbar,walk_2,0.08296,0.972096,0.310368,1.26,-2.17,0.63,-54
1786633132308,380181,Lumbar,walk_2,0.082472,0.972096,0.309392,1.26,-2.17,0.7,-54
1786633132308,380199,Lumbar,walk_2,0.084424,0.97356,0.309392,1.26,-2.1,0.63,-54
1786633132308,380230,Lumbar,walk_2,0.08296,0.972584,0.310856,1.33,-2.1,0.49,-54
1786633132308,380247,Lumbar,walk_2,0.08296,0.972584,0.31232,1.4,-2.24,0.42,-54
1786633132308,380264,Lumbar,walk_2,0.083448,0.972096,0.311832,1.54,-2.1,0.49,-54
1786633132308,380281,Lumbar,walk_2,0.08296,0.972096,0.310368,1.54,-2.03,0.56,-54
1786633132308,380300,Lumbar,walk_2,0.083448,0.972584,0.308904,1.47,-1.96,0.56,-54
1786633132664,380474,Lumbar,walk_2,0.082472,0.973072,0.307928,1.47,-2.03,0.7,-56
1786633132664,380505,Lumbar,walk_2,0.081008,0.97356,0.310856,1.26,-2.1,0.7,-56
1786633132664,380522,Lumbar,walk_2,0.082472,0.972584,0.311344,1.19,-2.03,0.77,-56
1786633132664,380539,Lumbar,walk_2,0.082472,0.970632,0.314272,1.26,-2.03,0.77,-56
1786633132664,380556,Lumbar,walk_2,0.08296,0.96868,0.313784,1.33,-2.03,0.77,-56
1786633132664,380587,Lumbar,walk_2,0.083936,0.972584,0.315736,1.54,-2.1,0.63,-56
1786633132664,380604,Lumbar,walk_2,0.083936,0.973072,0.314272,1.68,-2.1,0.49,-56
1786633132664,380621,Lumbar,walk_2,0.083448,0.973072,0.30988,1.61,-2.17,0.49,-56
1786633132664,380638,Lumbar,walk_2,0.084424,0.972096,0.310368,1.68,-2.17,0.56,-56
1786633132664,380655,Lumbar,walk_2,0.086864,0.972584,0.310368,1.54,-2.17,0.56,-56
1786633133018,380829,Lumbar,walk_2,0.083448,0.971608,0.30988,1.75,-2.1,-0.07,-56
1786633133018,380860,Lumbar,walk_2,0.083448,0.972584,0.310368,1.75,-2.1,-0.14,-56
1786633133018,380877,Lumbar,walk_2,0.084912,0.971608,0.30988,1.68,-2.1,0,-56
1786633133018,380895,Lumbar,walk_2,0.083448,0.971608,0.310856,1.68,-2.1,0,-56
1786633133018,380912,Lumbar,walk_2,0.08296,0.972096,0.30988,1.82,-2.17,0,-56
1786633133018,380943,Lumbar,walk_2,0.082472,0.974536,0.311344,1.75,-2.17,-0.14,-56
1786633133018,380960,Lumbar,walk_2,0.082472,0.972584,0.313296,1.75,-2.1,-0.07,-56
1786633133018,380976,Lumbar,walk_2,0.082472,0.972584,0.310856,1.82,-2.03,-0.07,-56
1786633133018,380993,Lumbar,walk_2,0.08296,0.973072,0.30988,1.61,-2.1,-0.14,-56
1786633133018,381011,Lumbar,walk_2,0.08296,0.97356,0.30988,1.68,-2.24,-0.07,-56
1786633133375,381184,Lumbar,walk_2,0.081496,0.97356,0.308416,1.54,-2.1,0.07,-56
1786633133375,381215,Lumbar,walk_2,0.081008,0.974048,0.311832,1.61,-2.1,0.14,-56
1786633133375,381232,Lumbar,walk_2,0.081496,0.97356,0.305976,1.4,-2.24,0.28,-56
1786633133375,381249,Lumbar,walk_2,0.082472,0.972584,0.305976,1.33,-2.31,0.28,-56
1786633133375,381266,Lumbar,walk_2,0.08296,0.972584,0.310368,1.26,-2.31,0.14,-56
1786633133375,381297,Lumbar,walk_2,0.079056,0.972096,0.313296,1.4,-2.17,0.07,-56
1786633133375,381314,Lumbar,walk_2,0.079544,0.970632,0.311832,1.61,-2.1,0.14,-56
1786633133375,381331,Lumbar,walk_2,0.079544,0.970632,0.310368,1.68,-2.1,0.21,-56
1786633133375,381348,Lumbar,walk_2,0.083448,0.973072,0.306952,1.68,-2.17,0.28,-56
1786633133375,381365,Lumbar,walk_2,0.081008,0.972584,0.307928,1.54,-2.24,0.28,-56
1786633133744,381539,Lumbar,walk_2,0.093208,0.968192,0.30256,1.89,-1.89,-0.14,-52
1786633133744,381571,Lumbar,walk_2,0.084424,0.961848,0.305976,1.89,-2.73,0.35,-52
1786633133744,381588,Lumbar,walk_2,0.080032,0.964288,0.310856,2.1,-3.43,0.77,-52
1786633133744,381605,Lumbar,walk_2,0.072224,0.96868,0.313784,2.17,-3.5,0.91,-52
1786633133744,381622,Lumbar,walk_2,0.069784,0.975512,0.318664,2.31,-3.15,0.91,-52
1786633133744,381640,Lumbar,walk_2,0.071248,0.980392,0.324032,2.1,-2.1,0.91,-52
1786633133744,381671,Lumbar,walk_2,0.079544,0.979904,0.317688,1.96,-1.19,0.49,-52
1786633133744,381688,Lumbar,walk_2,0.086376,0.977952,0.306464,1.96,-1.26,0.35,-52
1786633133744,381705,Lumbar,walk_2,0.090768,0.975512,0.296704,1.82,-1.26,0.49,-52
1786633133744,381722,Lumbar,walk_2,0.085888,0.972096,0.291336,1.47,-1.54,0.56,-52
1786633134089,381897,Lumbar,walk_2,0.084912,0.972584,0.310368,0.91,-2.24,0.42,-52
1786633134089,381928,Lumbar,walk_2,0.080032,0.970144,0.306952,0.98,-2.1,0.56,-52
1786633134089,381945,Lumbar,walk_2,0.081008,0.97112,0.30744,1.05,-2.1,0.56,-52
1786633134089,381961,Lumbar,walk_2,0.081984,0.970632,0.310368,1.19,-2.1,0.49,-52
1786633134089,381979,Lumbar,walk_2,0.08052,0.970632,0.310856,1.4,-2.1,0.49,-52
1786633134089,382010,Lumbar,walk_2,0.081008,0.972096,0.30988,1.61,-2.03,0.56,-52
1786633134089,382027,Lumbar,walk_2,0.083936,0.971608,0.307928,1.61,-1.89,0.63,-52
1786633134089,382044,Lumbar,walk_2,0.085888,0.973072,0.308416,1.47,-1.96,0.7,-52
1786633134089,382061,Lumbar,walk_2,0.084912,0.975512,0.311832,1.26,-1.96,0.63,-52
1786633134089,382078,Lumbar,walk_2,0.084424,0.975512,0.312808,1.26,-1.96,0.77,-52
1786633134443,382252,Lumbar,walk_2,0.083448,0.974536,0.306464,1.26,-2.03,0.7,-51
1786633134443,382283,Lumbar,walk_2,0.08296,0.97112,0.311344,1.19,-2.03,0.84,-51
1786633134443,382300,Lumbar,walk_2,0.083936,0.969656,0.312808,1.33,-1.96,0.91,-51
1786633134443,382317,Lumbar,walk_2,0.084912,0.972096,0.31232,1.47,-2.03,0.84,-51
1786633134443,382334,Lumbar,walk_2,0.084912,0.97356,0.31232,1.54,-2.17,0.56,-51
1786633134443,382365,Lumbar,walk_2,0.084912,0.972584,0.310368,1.47,-2.24,0.49,-51
1786633134443,382382,Lumbar,walk_2,0.084912,0.972584,0.310856,1.47,-2.1,0.56,-51
1786633134443,382399,Lumbar,walk_2,0.086864,0.97356,0.311344,1.4,-2.1,0.56,-51
1786633134443,382416,Lumbar,walk_2,0.086864,0.97356,0.309392,1.33,-2.03,0.56,-51
1786633134443,382433,Lumbar,walk_2,0.086376,0.97356,0.311344,1.26,-2.1,0.42,-51
1786633134799,382607,Lumbar,walk_2,0.083448,0.97112,0.311832,1.75,-2.03,0.21,-51
1786633134799,382639,Lumbar,walk_2,0.083448,0.97356,0.311344,1.75,-2.1,0.14,-51
1786633134799,382656,Lumbar,walk_2,0.084912,0.97356,0.30988,1.68,-2.17,0.14,-51
1786633134799,382674,Lumbar,walk_2,0.084424,0.973072,0.30988,1.75,-2.17,0.14,-51
1786633134799,382691,Lumbar,walk_2,0.083448,0.972584,0.30988,1.75,-2.17,0.07,-51
1786633134799,382708,Lumbar,walk_2,0.083448,0.972584,0.310368,1.82,-2.17,0.07,-51
1786633134799,382739,Lumbar,walk_2,0.084912,0.974048,0.310368,1.68,-2.17,0,-51
1786633134799,382756,Lumbar,walk_2,0.083936,0.97356,0.310856,1.61,-2.17,0,-51
1786633134799,382773,Lumbar,walk_2,0.082472,0.972584,0.310368,1.68,-2.24,-0.07,-51
1786633134799,382790,Lumbar,walk_2,0.08296,0.97112,0.30988,1.75,-2.24,0,-51
1786633135155,382963,Lumbar,walk_2,0.081496,0.97356,0.311832,2.17,-2.1,-0.21,-51
1786633135155,382994,Lumbar,walk_2,0.086864,0.973072,0.304024,1.96,-2.31,-0.07,-51
1786633135155,383011,Lumbar,walk_2,0.084912,0.97356,0.306464,1.68,-2.38,-0.07,-51
1786633135155,383028,Lumbar,walk_2,0.080032,0.971608,0.310368,1.68,-2.38,-0.14,-51
1786633135155,383045,Lumbar,walk_2,0.07808,0.972584,0.309392,1.89,-2.24,-0.14,-51
1786633135155,383076,Lumbar,walk_2,0.079544,0.971608,0.30256,2.1,-2.1,0,-51
1786633135155,383093,Lumbar,walk_2,0.081008,0.972584,0.300608,1.82,-2.03,0.28,-51
1786633135155,383110,Lumbar,walk_2,0.081008,0.97356,0.300608,1.4,-2.03,0.42,-51
1786633135155,383127,Lumbar,walk_2,0.081984,0.973072,0.30256,1.26,-1.96,0.56,-51
1786633135155,383144,Lumbar,walk_2,0.079544,0.970144,0.304512,1.12,-1.96,0.63,-51
1786633135556,383318,Lumbar,walk_2,0.084912,0.972096,0.308416,1.47,-2.1,0.28,-54
1786633135556,383348,Lumbar,walk_2,0.084912,0.972096,0.308904,1.61,-2.1,0.28,-54
1786633135556,383366,Lumbar,walk_2,0.083448,0.973072,0.305976,1.68,-2.1,0.35,-54
1786633135556,383382,Lumbar,walk_2,0.083936,0.972584,0.303048,1.61,-2.17,0.28,-54
1786633135556,383399,Lumbar,walk_2,0.084424,0.974048,0.301584,1.54,-2.17,0.28,-54
1786633135556,383430,Lumbar,walk_2,0.08296,0.975024,0.306952,1.33,-2.24,0.21,-54
1786633135556,383447,Lumbar,walk_2,0.083448,0.972096,0.308904,1.33,-2.24,0.21,-54
1786633135556,383464,Lumbar,walk_2,0.083936,0.97112,0.310368,1.47,-2.1,0.21,-54
1786633135556,383481,Lumbar,walk_2,0.082472,0.972096,0.309392,1.61,-2.1,0.28,-54
1786633135556,383498,Lumbar,walk_2,0.080032,0.974048,0.308904,1.54,-2.17,0.35,-54
1786633135920,383672,Lumbar,walk_2,0.081984,0.97844,0.308416,1.68,-2.52,0.63,-54
1786633135920,383703,Lumbar,walk_2,0.089792,0.978928,0.306464,1.54,-1.82,0.28,-54
1786633135920,383719,Lumbar,walk_2,0.090768,0.975512,0.305,1.54,-1.61,0.14,-54
1786633135920,383736,Lumbar,walk_2,0.089792,0.97112,0.308904,1.82,-1.33,0.07,-54
1786633135920,383753,Lumbar,walk_2,0.09028,0.96868,0.308904,2.52,-0.7,0.21,-54
1786633135920,383784,Lumbar,walk_2,0.083448,0.970632,0.30012,2.03,-0.14,0.7,-54
1786633135920,383801,Lumbar,walk_2,0.079056,0.974536,0.309392,1.54,-0.14,0.77,-54
1786633135920,383818,Lumbar,walk_2,0.07808,0.97356,0.312808,1.33,-0.07,1.19,-54
1786633135920,383835,Lumbar,walk_2,0.081984,0.969656,0.310368,1.26,-0.07,1.47,-54
1786633135920,383866,Lumbar,walk_2,0.09028,0.965752,0.30988,0.84,-0.35,1.89,-54
1786633136309,384040,Lumbar,walk_2,0.08052,0.974048,0.288408,1.68,-3.64,-1.54,-54
1786633136309,384071,Lumbar,walk_2,0.081984,0.97356,0.293288,1.19,-3.36,-0.84,-54
1786633136309,384088,Lumbar,walk_2,0.079056,0.96868,0.297192,1.12,-2.94,-0.35,-54
1786633136309,384105,Lumbar,walk_2,0.076616,0.968192,0.30256,1.54,-2.66,0.14,-54
1786633136309,384122,Lumbar,walk_2,0.079056,0.973072,0.305488,1.61,-2.03,0.63,-54
1786633136309,384153,Lumbar,walk_2,0.08052,0.981368,0.309392,0.84,-1.19,1.12,-54
1786633136309,384170,Lumbar,walk_2,0.08296,0.98332,0.312808,0.07,-0.84,1.19,-54
1786633136309,384187,Lumbar,walk_2,0.082472,0.98332,0.314272,-0.49,-0.63,1.12,-54
1786633136309,384204,Lumbar,walk_2,0.076616,0.977464,0.315736,-0.56,-0.56,1.19,-54
1786633136309,384221,Lumbar,walk_2,0.072712,0.969656,0.317688,-0.14,-0.49,1.19,-54
1786633136593,384396,Lumbar,walk_2,0.083936,0.977464,0.301584,1.89,-2.94,0.21,-54
1786633136593,384427,Lumbar,walk_2,0.08052,0.974048,0.301584,1.33,-3.15,0.49,-54
1786633136593,384443,Lumbar,walk_2,0.079056,0.974536,0.304024,0.98,-3.22,0.63,-54
1786633136593,384460,Lumbar,walk_2,0.079056,0.97356,0.306464,0.98,-3.29,0.49,-54
1786633136593,384477,Lumbar,walk_2,0.079056,0.972584,0.309392,0.98,-3.36,0.56,-54
1786633136593,384508,Lumbar,walk_2,0.077592,0.975024,0.306952,0.84,-3.43,0.84,-54
1786633136593,384525,Lumbar,walk_2,0.079056,0.979416,0.305976,0.7,-3.36,0.84,-54
1786633136593,384542,Lumbar,walk_2,0.080032,0.979904,0.305488,0.49,-3.5,0.77,-54
1786633136593,384559,Lumbar,walk_2,0.077592,0.976,0.307928,0.42,-3.64,0.49,-54
1786633136593,384576,Lumbar,walk_2,0.077104,0.969656,0.30988,0.77,-3.57,0.49,-54
1786633136943,384750,Lumbar,walk_2,0.094672,0.969656,0.310368,0.42,-1.82,1.61,-51
1786633136943,384782,Lumbar,walk_2,0.09516,0.97112,0.314272,1.19,-1.33,1.47,-51
1786633136943,384799,Lumbar,walk_2,0.093696,0.96868,0.315248,1.61,-1.4,1.26,-51
1786633136943,384816,Lumbar,walk_2,0.093208,0.97112,0.313296,1.89,-1.33,0.98,-51
1786633136943,384833,Lumbar,walk_2,0.093696,0.972584,0.312808,1.68,-1.19,0.7,-51
1786633136943,384864,Lumbar,walk_2,0.091256,0.968192,0.316712,1.54,-1.26,0.63,-51
1786633136943,384881,Lumbar,walk_2,0.089792,0.967216,0.316224,1.61,-1.33,0.63,-51
1786633136943,384898,Lumbar,walk_2,0.08784,0.969168,0.311832,1.68,-1.33,0.77,-51
1786633136943,384915,Lumbar,walk_2,0.087352,0.970144,0.308904,1.82,-1.47,0.7,-51
1786633136943,384932,Lumbar,walk_2,0.086376,0.972584,0.308416,1.75,-1.54,0.35,-51
1786633137281,385106,Lumbar,walk_2,0.085888,0.97112,0.313784,1.61,-2.03,0.35,-51
1786633137281,385137,Lumbar,walk_2,0.087352,0.973072,0.311344,1.61,-2.03,0.35,-51
1786633137281,385154,Lumbar,walk_2,0.086864,0.975024,0.30988,1.47,-2.1,0.28,-51
1786633137281,385171,Lumbar,walk_2,0.086376,0.975024,0.310368,1.33,-2.24,0.21,-51
1786633137281,385188,Lumbar,walk_2,0.087352,0.975024,0.311344,1.33,-2.24,0.21,-51
1786633137281,385219,Lumbar,walk_2,0.084424,0.969656,0.313784,1.4,-2.17,0.21,-51
1786633137281,385236,Lumbar,walk_2,0.084424,0.969168,0.312808,1.54,-2.17,0.28,-51
1786633137281,385253,Lumbar,walk_2,0.083936,0.969168,0.311832,1.68,-2.17,0.35,-51
1786633137281,385270,Lumbar,walk_2,0.0854,0.97112,0.311344,1.89,-2.17,0.35,-51
1786633137281,385287,Lumbar,walk_2,0.085888,0.974048,0.310368,1.82,-2.24,0.35,-51
1786633137692,385498,Lumbar,walk_2,0.084424,0.971608,0.308416,1.47,-2.24,0.21,-52
1786633137692,385528,Lumbar,walk_2,0.082472,0.970144,0.30744,1.33,-2.38,0.49,-52
1786633137692,385545,Lumbar,walk_2,0.082472,0.972096,0.30988,1.33,-2.38,0.56,-52
1786633137692,385562,Lumbar,walk_2,0.079544,0.972584,0.309392,1.12,-2.24,0.63,-52
1786633137692,385579,Lumbar,walk_2,0.081984,0.973072,0.306464,1.19,-2.1,0.98,-52
1786633137692,385611,Lumbar,walk_2,0.088816,0.97112,0.312808,0.91,-2.1,0.98,-52
1786633137692,385627,Lumbar,walk_2,0.09028,0.96868,0.320128,1.12,-2.17,0.7,-52
1786633137692,385644,Lumbar,walk_2,0.090768,0.96624,0.321104,1.68,-2.17,0.56,-52
1786633137692,385661,Lumbar,walk_2,0.089792,0.966728,0.317688,2.1,-1.96,0.49,-52
1786633137692,385678,Lumbar,walk_2,0.086864,0.973072,0.316224,2.17,-1.82,0.42,-52
1786633138048,385852,Lumbar,walk_2,0.091744,0.971608,0.301096,1.26,-2.1,0.7,-52
1786633138048,385884,Lumbar,walk_2,0.0976,0.972584,0.320128,1.61,-2.87,0.14,-52
1786633138048,385901,Lumbar,walk_2,0.092232,0.972096,0.325008,2.17,-3.22,-0.14,-52
1786633138048,385918,Lumbar,walk_2,0.083936,0.969656,0.32452,2.52,-3.43,-0.42,-52
1786633138048,385935,Lumbar,walk_2,0.081008,0.970144,0.323544,2.66,-3.29,-0.63,-52
1786633138048,385966,Lumbar,walk_2,0.078568,0.977464,0.318176,2.73,-2.52,-0.91,-52
1786633138048,385983,Lumbar,walk_2,0.08052,0.976976,0.311344,2.38,-1.75,-0.63,-52
1786633138048,386000,Lumbar,walk_2,0.081984,0.976488,0.307928,2.17,-1.4,-0.21,-52
1786633138048,386017,Lumbar,walk_2,0.084912,0.975024,0.299632,1.54,-1.19,0,-52
1786633138048,386034,Lumbar,walk_2,0.086376,0.972096,0.293288,1.05,-1.26,0.42,-52
1786633138404,386209,Lumbar,walk_2,0.086864,0.973072,0.320128,1.19,-2.38,0.35,-52
1786633138404,386240,Lumbar,walk_2,0.08784,0.970144,0.313296,1.33,-2.1,0.49,-52
1786633138404,386257,Lumbar,walk_2,0.087352,0.970632,0.31232,1.4,-2.1,0.49,-52
1786633138404,386274,Lumbar,walk_2,0.088816,0.97112,0.311832,1.4,-2.03,0.49,-52
1786633138404,386291,Lumbar,walk_2,0.088816,0.970144,0.30988,1.47,-1.96,0.42,-52
1786633138404,386322,Lumbar,walk_2,0.08784,0.966728,0.30988,1.96,-1.96,0.28,-52
1786633138404,386339,Lumbar,walk_2,0.088816,0.970144,0.310856,2.31,-2.1,0.21,-52
1786633138404,386356,Lumbar,walk_2,0.091744,0.972584,0.311832,2.45,-1.96,0.21,-52
1786633138404,386373,Lumbar,walk_2,0.092232,0.975512,0.306952,2.24,-1.96,0.21,-52
1786633138404,386390,Lumbar,walk_2,0.091744,0.975512,0.305488,1.82,-2.1,0,-52
1786633138760,386565,Lumbar,walk_2,0.075152,0.97356,0.30744,1.68,-2.66,-0.14,-54
1786633138760,386596,Lumbar,walk_2,0.076616,0.97112,0.306464,1.54,-2.31,0.28,-54
1786633138760,386613,Lumbar,walk_2,0.077104,0.973072,0.30988,1.26,-2.03,0.49,-54
1786633138760,386630,Lumbar,walk_2,0.081984,0.971608,0.310856,1.05,-1.89,0.84,-54
1786633138760,386647,Lumbar,walk_2,0.087352,0.97112,0.310368,1.05,-1.75,0.98,-54
1786633138760,386678,Lumbar,walk_2,0.090768,0.969656,0.312808,0.98,-1.61,1.12,-54
1786633138760,386694,Lumbar,walk_2,0.091256,0.967704,0.30988,1.12,-1.61,1.26,-54
1786633138760,386711,Lumbar,walk_2,0.089304,0.968192,0.30988,1.12,-1.68,1.33,-54
1786633138760,386728,Lumbar,walk_2,0.089304,0.96868,0.31232,1.12,-1.82,1.19,-54
1786633138760,386745,Lumbar,walk_2,0.089792,0.971608,0.312808,1.33,-1.89,1.19,-54
1786633139115,386919,Lumbar,walk_2,0.083936,0.972096,0.30988,1.89,-2.31,0.14,-54
1786633139115,386950,Lumbar,walk_2,0.083936,0.977952,0.30256,1.33,-2.17,0.14,-54
1786633139115,386967,Lumbar,walk_2,0.087352,0.97844,0.306952,0.98,-2.17,-0.07,-54
1786633139115,386984,Lumbar,walk_2,0.087352,0.976,0.309392,0.98,-2.17,-0.21,-54
1786633139115,387001,Lumbar,walk_2,0.087352,0.972584,0.311344,1.19,-2.17,-0.14,-54
1786633139115,387032,Lumbar,walk_2,0.081496,0.96868,0.304512,1.26,-2.31,0.28,-54
1786633139115,387049,Lumbar,walk_2,0.079056,0.970144,0.304024,1.12,-2.31,0.42,-54
1786633139115,387066,Lumbar,walk_2,0.081496,0.969656,0.310368,1.05,-2.31,0.56,-54
1786633139115,387083,Lumbar,walk_2,0.084424,0.96868,0.316224,1.26,-2.24,0.56,-54
1786633139115,387100,Lumbar,walk_2,0.084424,0.97356,0.3172,1.4,-2.03,0.63,-54
1786633139471,387275,Lumbar,walk_2,0.084912,0.976488,0.310856,2.1,-2.17,0,-52
1786633139471,387306,Lumbar,walk_2,0.081984,0.974048,0.30744,1.54,-1.54,0.42,-52
1786633139471,387323,Lumbar,walk_2,0.084912,0.970632,0.305,1.54,-1.54,0.63,-52
1786633139471,387340,Lumbar,walk_2,0.08784,0.971608,0.304512,1.33,-1.47,0.77,-52
1786633139471,387357,Lumbar,walk_2,0.086864,0.970144,0.306952,1.05,-1.4,0.77,-52
1786633139471,387389,Lumbar,walk_2,0.0854,0.969656,0.310368,1.12,-1.61,0.84,-52
1786633139471,387406,Lumbar,walk_2,0.082472,0.970144,0.311344,1.33,-1.68,0.91,-52
1786633139471,387423,Lumbar,walk_2,0.081008,0.970632,0.310856,1.4,-1.75,0.91,-52
1786633139471,387440,Lumbar,walk_2,0.081984,0.972584,0.31232,1.4,-1.89,0.84,-52
1786633139471,387457,Lumbar,walk_2,0.081008,0.972096,0.311832,1.33,-2.03,0.77,-52
1786633139825,387630,Lumbar,walk_2,0.09028,0.972096,0.31232,1.47,-2.45,0.77,-52
1786633139825,387661,Lumbar,walk_2,0.090768,0.973072,0.315736,1.89,-2.24,0.63,-52
1786633139825,387678,Lumbar,walk_2,0.090768,0.97112,0.316712,1.96,-2.03,0.42,-52
1786633139825,387695,Lumbar,walk_2,0.089304,0.970632,0.3172,2.1,-1.89,0.35,-52
1786633139825,387712,Lumbar,walk_2,0.088328,0.970632,0.317688,2.1,-1.89,0.42,-52
1786633139825,387743,Lumbar,walk_2,0.09028,0.97112,0.312808,2.17,-1.68,0.49,-52
1786633139825,387760,Lumbar,walk_2,0.09028,0.970632,0.310368,2.1,-1.61,0.49,-52
1786633139825,387777,Lumbar,walk_2,0.090768,0.972096,0.308904,2.03,-1.68,0.42,-52
1786633139825,387794,Lumbar,walk_2,0.089304,0.97112,0.307928,2.17,-1.82,0.28,-52
1786633139825,387811,Lumbar,walk_2,0.085888,0.972096,0.308416,2.24,-1.89,0.21,-52
1786633140182,387984,Lumbar,walk_2,0.0854,0.973072,0.30744,1.68,-2.24,-0.49,-52
1786633140182,388015,Lumbar,walk_2,0.086376,0.972584,0.30744,1.68,-1.96,-0.42,-52
1786633140182,388032,Lumbar,walk_2,0.084912,0.972584,0.308904,1.68,-2.03,-0.42,-52
1786633140182,388049,Lumbar,walk_2,0.083936,0.97356,0.309392,1.82,-2.03,-0.35,-52
1786633140182,388066,Lumbar,walk_2,0.081008,0.972584,0.308416,1.89,-2.1,-0.28,-52
1786633140182,388097,Lumbar,walk_2,0.081984,0.974048,0.30744,1.75,-2.03,-0.21,-52
1786633140182,388114,Lumbar,walk_2,0.085888,0.974536,0.311344,1.68,-2.03,-0.14,-52
1786633140182,388131,Lumbar,walk_2,0.084424,0.972584,0.315736,1.82,-2.03,-0.14,-52
1786633140182,388148,Lumbar,walk_2,0.083448,0.974536,0.31232,1.82,-2.03,-0.14,-52
1786633140182,388165,Lumbar,walk_2,0.083448,0.974048,0.308416,1.68,-2.24,-0.14,-52
1786633140547,388341,Lumbar,walk_2,0.083448,0.970144,0.308416,1.33,-1.96,0.98,-52
1786633140547,388372,Lumbar,walk_2,0.084912,0.970632,0.311344,1.61,-1.96,1.05,-52
1786633140547,388389,Lumbar,walk_2,0.085888,0.974536,0.311344,1.61,-2.03,0.98,-52
1786633140547,388406,Lumbar,walk_2,0.084424,0.974536,0.309392,1.68,-2.1,0.84,-52
1786633140547,388423,Lumbar,walk_2,0.0854,0.972096,0.308416,1.61,-2.24,0.77,-52
1786633140547,388454,Lumbar,walk_2,0.08784,0.97356,0.308416,1.47,-2.38,0.56,-52
1786633140547,388471,Lumbar,walk_2,0.086376,0.974048,0.308904,1.47,-2.38,0.42,-52
1786633140547,388488,Lumbar,walk_2,0.084912,0.972584,0.308904,1.4,-2.31,0.42,-52
1786633140547,388505,Lumbar,walk_2,0.083936,0.972584,0.30988,1.47,-2.31,0.42,-52
1786633140547,388522,Lumbar,walk_2,0.084424,0.972096,0.307928,1.61,-2.17,0.42,-52
1786633140931,388696,Lumbar,walk_2,0.084424,0.974048,0.309392,1.33,-2.1,0.49,-51
1786633140931,388727,Lumbar,walk_2,0.084912,0.972096,0.311832,1.26,-2.03,0.56,-51
1786633140931,388744,Lumbar,walk_2,0.085888,0.972584,0.308904,1.33,-2.1,0.49,-51
1786633140931,388761,Lumbar,walk_2,0.0854,0.973072,0.307928,1.33,-2.17,0.49,-51
1786633140931,388778,Lumbar,walk_2,0.085888,0.972584,0.308416,1.33,-2.17,0.42,-51
1786633140931,388809,Lumbar,walk_2,0.084912,0.972096,0.309392,1.4,-2.1,0.56,-51
1786633140931,388826,Lumbar,walk_2,0.083448,0.97112,0.308416,1.47,-2.03,0.63,-51
1786633140931,388843,Lumbar,walk_2,0.086864,0.972584,0.30744,1.47,-2.03,0.63,-51
1786633140931,388860,Lumbar,walk_2,0.08784,0.97356,0.307928,1.4,-2.03,0.56,-51
1786633140931,388877,Lumbar,walk_2,0.08784,0.973072,0.310368,1.47,-2.17,0.35,-51
1786633141316,389050,Lumbar,walk_2,0.086864,0.973072,0.307928,0.91,-2.1,0.7,-51
1786633141316,389081,Lumbar,walk_2,0.084424,0.971608,0.31232,1.26,-2.03,0.56,-51
1786633141316,389098,Lumbar,walk_2,0.084912,0.972584,0.30988,1.61,-2.17,0.49,-51
1786633141316,389115,Lumbar,walk_2,0.087352,0.974048,0.307928,1.68,-2.17,0.49,-51
1786633141316,389132,Lumbar,walk_2,0.086864,0.974536,0.308416,1.4,-2.17,0.49,-51
1786633141316,389163,Lumbar,walk_2,0.085888,0.972096,0.310856,1.26,-2.1,0.56,-51
1786633141316,389180,Lumbar,walk_2,0.085888,0.970144,0.311832,1.26,-2.1,0.56,-51
1786633141316,389197,Lumbar,walk_2,0.08784,0.969656,0.310856,1.54,-2.17,0.63,-51
1786633141316,389214,Lumbar,walk_2,0.088816,0.970632,0.311832,1.54,-2.1,0.56,-51
1786633141316,389231,Lumbar,walk_2,0.085888,0.970632,0.31232,1.61,-2.17,0.49,-51
1786633141602,389405,Lumbar,walk_2,0.088816,0.972584,0.308416,1.68,-2.1,0.21,-51
1786633141602,389436,Lumbar,walk_2,0.086864,0.973072,0.30744,1.61,-2.17,0.14,-51
1786633141602,389453,Lumbar,walk_2,0.084912,0.972096,0.30988,1.68,-2.24,0.07,-51
1786633141602,389470,Lumbar,walk_2,0.084912,0.97112,0.30988,1.75,-2.17,0.14,-51
1786633141602,389487,Lumbar,walk_2,0.085888,0.97112,0.309392,1.68,-2.1,0.14,-51
1786633141602,389518,Lumbar,walk_2,0.086864,0.971608,0.30988,1.75,-2.03,0.21,-51
1786633141602,389535,Lumbar,walk_2,0.087352,0.97112,0.310856,1.75,-2.03,0.28,-51
1786633141602,389552,Lumbar,walk_2,0.086864,0.971608,0.311832,1.82,-2.1,0.28,-51
1786633141602,389569,Lumbar,walk_2,0.086376,0.973072,0.311344,1.75,-2.1,0.21,-51
1786633141602,389586,Lumbar,walk_2,0.089304,0.972584,0.309392,1.61,-2.17,0.21,-51
1786633141957,389760,Lumbar,walk_2,0.087352,0.972584,0.308904,1.82,-2.03,0.07,-52
1786633141957,389792,Lumbar,walk_2,0.088816,0.974048,0.310856,1.47,-2.17,0,-52
1786633141957,389809,Lumbar,walk_2,0.0854,0.97356,0.313296,1.47,-2.17,0,-52
1786633141957,389826,Lumbar,walk_2,0.08296,0.97356,0.30988,1.33,-2.17,0.07,-52
1786633141957,389843,Lumbar,walk_2,0.084424,0.97112,0.304512,1.19,-2.17,0.35,-52
1786633141957,389874,Lumbar,walk_2,0.086376,0.972096,0.308904,1.05,-2.24,0.28,-52
1786633141957,389891,Lumbar,walk_2,0.08296,0.970144,0.312808,1.05,-2.1,0.21,-52
1786633141957,389908,Lumbar,walk_2,0.082472,0.969168,0.315248,1.47,-2.17,0.21,-52
1786633141957,389925,Lumbar,walk_2,0.08296,0.970632,0.310856,1.96,-2.17,0.28,-52
1786633141957,389942,Lumbar,walk_2,0.084424,0.97112,0.307928,2.03,-2.17,0.35,-52
1786633142315,390116,Lumbar,walk_2,0.086864,0.974536,0.306464,1.54,-2.24,0.63,-54
1786633142315,390147,Lumbar,walk_2,0.087352,0.974536,0.306952,1.26,-2.38,0.49,-54
1786633142315,390165,Lumbar,walk_2,0.084424,0.972584,0.30988,1.26,-2.31,0.42,-54
1786633142315,390182,Lumbar,walk_2,0.0854,0.969656,0.313296,1.47,-2.24,0.49,-54
1786633142315,390199,Lumbar,walk_2,0.086376,0.971608,0.311344,1.75,-2.1,0.56,-54
1786633142315,390216,Lumbar,walk_2,0.086864,0.972584,0.310856,1.75,-2.03,0.56,-54
1786633142315,390247,Lumbar,walk_2,0.09028,0.97356,0.311344,1.54,-2.03,0.49,-54
1786633142315,390264,Lumbar,walk_2,0.089304,0.97356,0.310856,1.54,-2.03,0.42,-54
1786633142315,390281,Lumbar,walk_2,0.088328,0.972096,0.30988,1.54,-2.03,0.42,-54
1786633142315,390298,Lumbar,walk_2,0.08784,0.97112,0.310368,1.61,-2.1,0.42,-54
1786633142674,390472,Lumbar,walk_2,0.085888,0.973072,0.309392,1.33,-2.03,0.35,-53
1786633142674,390504,Lumbar,walk_2,0.086376,0.972584,0.309392,1.47,-2.03,0.42,-53
1786633142674,390521,Lumbar,walk_2,0.085888,0.97356,0.308416,1.47,-1.96,0.28,-53
1786633142674,390538,Lumbar,walk_2,0.0854,0.972096,0.309392,1.54,-1.96,0.28,-53
1786633142674,390555,Lumbar,walk_2,0.084912,0.972584,0.309392,1.54,-2.03,0.28,-53
1786633142674,390586,Lumbar,walk_2,0.084424,0.972096,0.308904,1.68,-1.96,0.42,-53
1786633142674,390603,Lumbar,walk_2,0.087352,0.971608,0.307928,1.61,-1.96,0.42,-53
1786633142674,390620,Lumbar,walk_2,0.087352,0.971608,0.308904,1.54,-2.1,0.35,-53
1786633142674,390637,Lumbar,walk_2,0.086376,0.974048,0.312808,1.47,-2.17,0.35,-53
1786633142674,390654,Lumbar,walk_2,0.0854,0.975024,0.308416,1.26,-2.1,0.42,-53
1786633143025,390828,Lumbar,walk_2,0.086376,0.971608,0.310368,1.19,-1.96,0.63,-53
1786633143025,390859,Lumbar,walk_2,0.086864,0.969656,0.312808,1.26,-2.03,0.77,-53
1786633143025,390876,Lumbar,walk_2,0.08784,0.96868,0.31232,1.47,-2.1,0.84,-53
1786633143025,390893,Lumbar,walk_2,0.088328,0.972096,0.311344,1.47,-2.1,0.63,-53
1786633143025,390910,Lumbar,walk_2,0.08784,0.97356,0.311832,1.47,-2.17,0.56,-53
1786633143025,390941,Lumbar,walk_2,0.08784,0.972584,0.308904,1.54,-2.17,0.63,-53
1786633143025,390958,Lumbar,walk_2,0.088328,0.972096,0.30988,1.4,-2.17,0.63,-53
1786633143025,390975,Lumbar,walk_2,0.089792,0.972096,0.311344,1.4,-2.17,0.63,-53
1786633143025,390992,Lumbar,walk_2,0.088816,0.972584,0.311344,1.4,-2.17,0.63,-53
1786633143025,391009,Lumbar,walk_2,0.088816,0.972096,0.311832,1.4,-2.1,0.7,-53
1786633143379,391182,Lumbar,walk_2,0.088816,0.972584,0.309392,1.61,-2.1,0.28,-53
1786633143379,391213,Lumbar,walk_2,0.086864,0.973072,0.30988,1.54,-2.03,0.28,-53
1786633143379,391230,Lumbar,walk_2,0.08784,0.973072,0.311344,1.54,-2.1,0.21,-53
1786633143379,391247,Lumbar,walk_2,0.088816,0.97356,0.310368,1.4,-2.1,0.35,-53
1786633143379,391264,Lumbar,walk_2,0.088328,0.973072,0.309392,1.33,-2.1,0.35,-53
1786633143379,391295,Lumbar,walk_2,0.086864,0.972584,0.308416,1.26,-2.17,0.35,-53
1786633143379,391312,Lumbar,walk_2,0.087352,0.972096,0.308904,1.33,-2.1,0.42,-53
1786633143379,391329,Lumbar,walk_2,0.08784,0.971608,0.310368,1.4,-2.1,0.42,-53
1786633143379,391346,Lumbar,walk_2,0.089792,0.972584,0.307928,1.4,-2.1,0.42,-53
1786633143379,391363,Lumbar,walk_2,0.088328,0.972096,0.309392,1.33,-2.1,0.35,-53
1786633143737,391537,Lumbar,walk_2,0.090768,0.971608,0.309392,0.98,-2.1,0.63,-51
1786633143737,391568,Lumbar,walk_2,0.089304,0.97112,0.313296,1.33,-2.03,0.49,-51
1786633143737,391585,Lumbar,walk_2,0.089304,0.970632,0.311832,1.54,-2.03,0.49,-51
1786633143737,391603,Lumbar,walk_2,0.090768,0.973072,0.307928,1.68,-2.1,0.56,-51
1786633143737,391620,Lumbar,walk_2,0.088816,0.973072,0.305976,1.54,-2.1,0.49,-51
1786633143737,391651,Lumbar,walk_2,0.088328,0.972096,0.310856,1.26,-2.1,0.42,-51
1786633143737,391668,Lumbar,walk_2,0.088816,0.970144,0.31476,1.26,-1.96,0.49,-51
1786633143737,391685,Lumbar,walk_2,0.088328,0.970144,0.315248,1.47,-1.96,0.63,-51
1786633143737,391702,Lumbar,walk_2,0.089792,0.970632,0.314272,1.68,-1.89,0.7,-51
1786633143737,391719,Lumbar,walk_2,0.091256,0.973072,0.313784,1.68,-2.03,0.42,-51
1786633144501,391893,Lumbar,walk_2,0.087352,0.970632,0.309392,1.96,-2.24,0.14,-51
1786633144501,391925,Lumbar,walk_2,0.088816,0.973072,0.308904,1.82,-2.24,0.14,-51
1786633144501,391942,Lumbar,walk_2,0.09028,0.97356,0.311344,1.68,-2.17,0.14,-51
1786633144501,391959,Lumbar,walk_2,0.089792,0.973072,0.311832,1.68,-2.17,0.14,-51
1786633144501,391976,Lumbar,walk_2,0.089304,0.970632,0.311344,1.75,-2.24,0.07,-51
1786633144501,392007,Lumbar,walk_2,0.088816,0.971608,0.30988,1.96,-2.17,0.21,-51
1786633144501,392024,Lumbar,walk_2,0.08784,0.972096,0.309392,1.96,-2.1,0.14,-51
1786633144501,392041,Lumbar,walk_2,0.08784,0.972096,0.310368,1.96,-2.03,0.14,-51
1786633144501,392058,Lumbar,walk_2,0.088328,0.971608,0.308904,1.96,-2.03,0.14,-51
1786633144501,392076,Lumbar,walk_2,0.09028,0.97356,0.310368,1.75,-2.1,0.07,-51
1786633144801,392248,Lumbar,walk_2,0.084912,0.971608,0.30988,1.82,-2.17,0,-53
1786633144801,392280,Lumbar,walk_2,0.088328,0.973072,0.311344,1.61,-2.1,0.07,-53
1786633144801,392296,Lumbar,walk_2,0.086376,0.974048,0.313784,1.68,-2.17,0.07,-53
1786633144801,392313,Lumbar,walk_2,0.086376,0.974536,0.313784,1.61,-2.17,0.07,-53
1786633144801,392330,Lumbar,walk_2,0.086376,0.972584,0.30744,1.47,-2.17,0.14,-53
1786633144801,392361,Lumbar,walk_2,0.089304,0.971608,0.30744,1.4,-2.31,0.21,-53
1786633144801,392378,Lumbar,walk_2,0.087352,0.971608,0.308904,1.33,-2.31,0.07,-53
1786633144801,392395,Lumbar,walk_2,0.0854,0.970144,0.313784,1.4,-2.24,0.07,-53
1786633144801,392412,Lumbar,walk_2,0.084424,0.971608,0.31232,1.82,-2.24,0.07,-53
1786633144801,392429,Lumbar,walk_2,0.0854,0.972584,0.309392,2.03,-2.17,0.14,-53
1786633144890,392602,Lumbar,walk_2,0.085888,0.972096,0.308904,1.89,-2.24,0.21,-55
1786633144890,392633,Lumbar,walk_2,0.087352,0.973072,0.307928,1.68,-2.24,0.28,-55
1786633144890,392650,Lumbar,walk_2,0.087352,0.97356,0.308904,1.61,-2.17,0.21,-55
1786633144890,392668,Lumbar,walk_2,0.0854,0.972584,0.30988,1.68,-2.17,0.28,-55
1786633144890,392685,Lumbar,walk_2,0.085888,0.971608,0.30988,1.82,-2.31,0.28,-55
1786633144890,392716,Lumbar,walk_2,0.085888,0.972584,0.309392,1.96,-2.17,0.28,-55
1786633144890,392733,Lumbar,walk_2,0.086376,0.972584,0.307928,1.82,-2.17,0.35,-55
1786633144890,392750,Lumbar,walk_2,0.085888,0.97356,0.30744,1.82,-2.03,0.42,-55
1786633144890,392767,Lumbar,walk_2,0.085888,0.972584,0.30744,1.75,-2.1,0.42,-55
1786633144890,392784,Lumbar,walk_2,0.084424,0.973072,0.306952,1.75,-2.1,0.42,-55
1786633145159,392957,Lumbar,walk_2,0.086864,0.975024,0.307928,1.26,-2.17,0.63,-53
1786633145159,392989,Lumbar,walk_2,0.086864,0.972584,0.308416,1.26,-2.03,0.7,-53
1786633145159,393006,Lumbar,walk_2,0.088328,0.971608,0.308904,1.26,-2.03,0.63,-53
1786633145159,393023,Lumbar,walk_2,0.089792,0.973072,0.308904,1.33,-2.03,0.56,-53
1786633145159,393040,Lumbar,walk_2,0.086864,0.971608,0.311832,1.47,-2.1,0.56,-53
1786633145159,393071,Lumbar,walk_2,0.086864,0.972096,0.30988,1.54,-1.96,0.63,-53
1786633145159,393088,Lumbar,walk_2,0.088816,0.972584,0.308904,1.47,-1.89,0.63,-53
1786633145159,393106,Lumbar,walk_2,0.088328,0.973072,0.309392,1.26,-1.82,0.63,-53
1786633145159,393123,Lumbar,walk_2,0.089304,0.97356,0.311344,1.26,-2.03,0.63,-53
1786633145159,393140,Lumbar,walk_2,0.086376,0.975024,0.310368,1.26,-1.96,0.56,-53
1786633145520,393315,Lumbar,walk_2,0.086864,0.97356,0.308904,1.19,-1.96,0.63,-54
1786633145520,393345,Lumbar,walk_2,0.087352,0.970144,0.314272,1.26,-1.96,0.77,-54
1786633145520,393363,Lumbar,walk_2,0.088328,0.969168,0.313296,1.47,-1.96,0.84,-54
1786633145520,393380,Lumbar,walk_2,0.09028,0.972584,0.310368,1.47,-2.03,0.84,-54
1786633145520,393396,Lumbar,walk_2,0.088328,0.97356,0.310368,1.47,-2.1,0.56,-54
1786633145520,393427,Lumbar,walk_2,0.086864,0.972096,0.308904,1.54,-2.17,0.63,-54
1786633145520,393444,Lumbar,walk_2,0.089304,0.97356,0.308416,1.47,-2.03,0.77,-54
1786633145520,393461,Lumbar,walk_2,0.09028,0.97356,0.30988,1.33,-2.03,0.77,-54
1786633145520,393478,Lumbar,walk_2,0.089792,0.972584,0.308904,1.26,-2.03,0.7,-54
1786633145520,393495,Lumbar,walk_2,0.089792,0.972096,0.310856,1.19,-2.03,0.7,-54
1786633145871,393670,Lumbar,walk_2,0.089792,0.970632,0.30988,1.47,-2.03,0.63,-54
1786633145871,393702,Lumbar,walk_2,0.09028,0.972096,0.310856,1.47,-2.1,0.56,-54
1786633145871,393719,Lumbar,walk_2,0.089792,0.972096,0.310368,1.54,-2.1,0.56,-54
1786633145871,393737,Lumbar,walk_2,0.090768,0.974048,0.30988,1.47,-2.17,0.56,-54
1786633145871,393754,Lumbar,walk_2,0.09028,0.972096,0.311832,1.47,-2.1,0.56,-54
1786633145871,393771,Lumbar,walk_2,0.089792,0.971608,0.310368,1.4,-2.1,0.49,-54
1786633145871,393802,Lumbar,walk_2,0.09028,0.972096,0.30988,1.4,-2.1,0.49,-54
1786633145871,393819,Lumbar,walk_2,0.089304,0.970632,0.310856,1.4,-2.1,0.56,-54
1786633145871,393836,Lumbar,walk_2,0.090768,0.97112,0.308904,1.4,-2.1,0.63,-54
1786633145871,393853,Lumbar,walk_2,0.092232,0.97112,0.309392,1.26,-2.1,0.56,-54
1786633146225,394026,Lumbar,walk_2,0.091744,0.970632,0.306464,1.05,-1.89,0.7,-54
1786633146225,394057,Lumbar,walk_2,0.091256,0.972584,0.310856,0.91,-2.03,0.42,-54
1786633146225,394074,Lumbar,walk_2,0.089304,0.970632,0.311344,1.12,-2.03,0.42,-54
1786633146225,394091,Lumbar,walk_2,0.089792,0.970632,0.311344,1.33,-2.1,0.35,-54
1786633146225,394108,Lumbar,walk_2,0.090768,0.97112,0.308904,1.61,-2.17,0.35,-54
1786633146225,394139,Lumbar,walk_2,0.091256,0.973072,0.306464,1.4,-2.17,0.28,-54
1786633146225,394156,Lumbar,walk_2,0.089304,0.972584,0.30988,1.26,-2.1,0.35,-54
1786633146225,394173,Lumbar,walk_2,0.08784,0.969656,0.313784,1.19,-2.1,0.42,-54
1786633146225,394190,Lumbar,walk_2,0.088816,0.967704,0.314272,1.33,-2.1,0.49,-54
1786633146225,394207,Lumbar,walk_2,0.09028,0.969656,0.315736,1.54,-2.1,0.42,-54
1786633146582,394381,Lumbar,walk_2,0.092232,0.972096,0.310368,1.75,-2.24,0.14,-53
1786633146582,394412,Lumbar,walk_2,0.091744,0.97112,0.311344,1.82,-2.24,0.07,-53
1786633146582,394429,Lumbar,walk_2,0.090768,0.97112,0.311832,1.82,-2.17,0.14,-53
1786633146582,394447,Lumbar,walk_2,0.089304,0.972584,0.309392,1.82,-2.17,0.07,-53
1786633146582,394463,Lumbar,walk_2,0.09028,0.972584,0.310856,1.75,-2.24,0.07,-53
1786633146582,394494,Lumbar,walk_2,0.089792,0.970144,0.31232,1.82,-2.17,0,-53
1786633146582,394511,Lumbar,walk_2,0.091256,0.969656,0.311344,1.89,-2.1,0,-53
1786633146582,394528,Lumbar,walk_2,0.088816,0.97112,0.310856,2.03,-2.1,0.07,-53
1786633146582,394545,Lumbar,walk_2,0.089304,0.972584,0.310368,1.96,-2.1,0,-53
1786633146582,394562,Lumbar,walk_2,0.089792,0.97356,0.30988,1.96,-2.03,0,-53
1786633146937,394735,Lumbar,walk_2,0.087352,0.972096,0.310368,1.89,-2.31,-0.21,-54
1786633146937,394766,Lumbar,walk_2,0.087352,0.971608,0.310856,2.03,-2.24,-0.21,-54
1786633146937,394783,Lumbar,walk_2,0.089792,0.970144,0.310368,1.96,-2.1,-0.14,-54
1786633146937,394801,Lumbar,walk_2,0.09028,0.969656,0.311344,1.89,-2.03,-0.07,-54
1786633146937,394818,Lumbar,walk_2,0.087352,0.97112,0.31232,1.96,-2.1,-0.07,-54
1786633146937,394849,Lumbar,walk_2,0.085888,0.973072,0.306952,1.82,-2.1,0,-54
1786633146937,394866,Lumbar,walk_2,0.088328,0.973072,0.304024,1.68,-2.24,0.14,-54
1786633146937,394883,Lumbar,walk_2,0.088328,0.973072,0.303048,1.47,-2.24,0.21,-54
1786633146937,394900,Lumbar,walk_2,0.086864,0.972584,0.308904,1.19,-2.24,0.07,-54
1786633146937,394917,Lumbar,walk_2,0.085888,0.970632,0.311832,1.47,-2.1,0,-54
1786633147294,395092,Lumbar,walk_2,0.086864,0.97356,0.310368,1.47,-2.1,0.56,-53
1786633147294,395123,Lumbar,walk_2,0.084912,0.972096,0.306952,1.61,-2.1,0.7,-53
1786633147294,395140,Lumbar,walk_2,0.087352,0.972096,0.306952,1.54,-2.1,0.77,-53
1786633147294,395157,Lumbar,walk_2,0.087352,0.973072,0.307928,1.47,-2.1,0.77,-53
1786633147294,395174,Lumbar,walk_2,0.088328,0.974536,0.30988,1.33,-2.03,0.77,-53
1786633147294,395205,Lumbar,walk_2,0.086864,0.972096,0.310856,1.4,-2.1,0.7,-53
1786633147294,395222,Lumbar,walk_2,0.086376,0.971608,0.311344,1.61,-2.1,0.77,-53
1786633147294,395239,Lumbar,walk_2,0.08784,0.973072,0.308904,1.61,-2.1,0.7,-53
1786633147294,395256,Lumbar,walk_2,0.089792,0.972096,0.30744,1.54,-2.03,0.77,-53
1786633147294,395273,Lumbar,walk_2,0.09028,0.972584,0.308416,1.54,-2.03,0.77,-53
1786633147660,395447,Lumbar,walk_2,0.089304,0.972584,0.308904,1.33,-1.89,0.7,-53
1786633147660,395478,Lumbar,walk_2,0.089304,0.972096,0.308904,1.26,-1.89,0.63,-53
1786633147660,395494,Lumbar,walk_2,0.088328,0.973072,0.310856,1.26,-2.03,0.63,-53
1786633147660,395511,Lumbar,walk_2,0.088816,0.971608,0.30988,1.26,-1.96,0.63,-53
1786633147660,395528,Lumbar,walk_2,0.088816,0.971608,0.308904,1.33,-1.96,0.63,-53
1786633147660,395559,Lumbar,walk_2,0.089304,0.973072,0.30988,1.26,-2.1,0.49,-53
1786633147660,395576,Lumbar,walk_2,0.088816,0.971608,0.310856,1.33,-2.1,0.35,-53
1786633147660,395593,Lumbar,walk_2,0.088328,0.972584,0.310368,1.4,-2.17,0.35,-53
1786633147660,395610,Lumbar,walk_2,0.087352,0.972096,0.311344,1.54,-2.17,0.42,-53
1786633147660,395627,Lumbar,walk_2,0.09028,0.972096,0.310856,1.54,-2.03,0.42,-53
1786633148006,395801,Lumbar,walk_2,0.089304,0.970144,0.312808,1.47,-2.1,0.56,-52
1786633148006,395832,Lumbar,walk_2,0.09028,0.973072,0.308904,1.47,-2.1,0.63,-52
1786633148006,395849,Lumbar,walk_2,0.09028,0.973072,0.307928,1.33,-2.1,0.7,-52
1786633148006,395867,Lumbar,walk_2,0.09028,0.97112,0.309392,1.26,-2.03,0.63,-52
1786633148006,395884,Lumbar,walk_2,0.089304,0.97112,0.311832,1.26,-2.03,0.7,-52
1786633148006,395915,Lumbar,walk_2,0.09028,0.96868,0.31232,1.54,-2.03,0.77,-52
1786633148006,395932,Lumbar,walk_2,0.091256,0.971608,0.313784,1.54,-2.03,0.77,-52
1786633148006,395949,Lumbar,walk_2,0.091744,0.97112,0.313296,1.61,-2.03,0.63,-52
1786633148006,395966,Lumbar,walk_2,0.091256,0.969656,0.311832,1.61,-2.17,0.63,-52
1786633148006,395983,Lumbar,walk_2,0.091256,0.97112,0.311344,1.68,-2.1,0.7,-52
1786633148373,396158,Lumbar,walk_2,0.09028,0.973072,0.308904,1.26,-2.1,0.14,-50
1786633148373,396189,Lumbar,walk_2,0.089304,0.972096,0.310856,1.26,-2.17,0.28,-50
1786633148373,396206,Lumbar,walk_2,0.088816,0.969168,0.310856,1.26,-2.17,0.28,-50
1786633148373,396223,Lumbar,walk_2,0.089304,0.969656,0.312808,1.33,-2.03,0.42,-50
1786633148373,396240,Lumbar,walk_2,0.088328,0.970144,0.313296,1.47,-2.03,0.49,-50
1786633148373,396271,Lumbar,walk_2,0.088816,0.970144,0.313784,1.47,-2.17,0.56,-50
1786633148373,396288,Lumbar,walk_2,0.088816,0.970632,0.313784,1.4,-2.17,0.56,-50
1786633148373,396305,Lumbar,walk_2,0.09028,0.971608,0.311832,1.4,-2.17,0.56,-50
1786633148373,396322,Lumbar,walk_2,0.091256,0.969656,0.313296,1.4,-2.17,0.56,-50
1786633148373,396339,Lumbar,walk_2,0.090768,0.96868,0.314272,1.47,-2.17,0.56,-50
1786633148841,396513,Lumbar,walk_2,0.093696,0.972584,0.311344,1.75,-2.03,0,-50
1786633148841,396545,Lumbar,walk_2,0.09028,0.974048,0.311832,1.54,-2.1,-0.07,-50
1786633148841,396562,Lumbar,walk_2,0.09272,0.97112,0.306464,1.33,-2.1,0.14,-50
1786633148841,396579,Lumbar,walk_2,0.093208,0.971608,0.306464,1.26,-2.1,0.28,-50
1786633148841,396595,Lumbar,walk_2,0.094672,0.972584,0.308904,1.12,-2.03,0.21,-50
1786633148841,396626,Lumbar,walk_2,0.086864,0.971608,0.313296,1.26,-1.96,0.14,-50
1786633148841,396643,Lumbar,walk_2,0.087352,0.973072,0.312808,1.54,-2.1,-0.07,-50
1786633148841,396660,Lumbar,walk_2,0.088816,0.973072,0.310368,1.68,-2.1,-0.07,-50
1786633148841,396677,Lumbar,walk_2,0.09028,0.973072,0.308416,1.68,-2.03,-0.07,-50
1786633148841,396694,Lumbar,walk_2,0.088328,0.972096,0.30988,1.61,-1.96,0,-50
1786633149071,396868,Lumbar,walk_2,0.090768,0.975512,0.30744,2.1,-2.17,0.21,-50
1786633149071,396899,Lumbar,walk_2,0.088328,0.974048,0.309392,1.75,-2.38,-0.07,-50
1786633149071,396917,Lumbar,walk_2,0.08784,0.973072,0.30988,1.75,-2.24,-0.14,-50
1786633149071,396934,Lumbar,walk_2,0.087352,0.972096,0.308904,1.89,-2.17,0,-50
1786633149071,396951,Lumbar,walk_2,0.091256,0.975512,0.306464,1.61,-2.17,-0.21,-50
1786633149071,396982,Lumbar,walk_2,0.091744,0.976,0.304512,1.05,-2.24,-0.35,-50
1786633149071,396999,Lumbar,walk_2,0.08784,0.974536,0.30744,0.84,-2.24,-0.28,-50
1786633149071,397016,Lumbar,walk_2,0.084912,0.970632,0.312808,0.77,-2.31,-0.21,-50
1786633149071,397033,Lumbar,walk_2,0.083448,0.969656,0.31232,0.91,-2.31,-0.21,-50
1786633149071,397050,Lumbar,walk_2,0.083448,0.96868,0.311832,1.19,-2.24,-0.14,-50
1786633149795,397224,Lumbar,walk_2,0.090768,0.975512,0.308416,1.54,-2.52,-0.56,-52
1786633149795,397255,Lumbar,walk_2,0.087352,0.97112,0.309392,1.4,-2.52,-0.42,-52
1786633149795,397272,Lumbar,walk_2,0.084912,0.966728,0.312808,1.54,-2.45,-0.21,-52
1786633149795,397289,Lumbar,walk_2,0.083448,0.966728,0.316712,1.89,-2.17,-0.07,-52
1786633149795,397306,Lumbar,walk_2,0.084912,0.968192,0.314272,2.1,-2.03,0.14,-52
1786633149795,397337,Lumbar,walk_2,0.087352,0.97356,0.310368,1.75,-1.96,0.28,-52
1786633149795,397354,Lumbar,walk_2,0.086376,0.972584,0.309392,1.47,-1.89,0.35,-52
1786633149795,397371,Lumbar,walk_2,0.085888,0.970632,0.310368,1.4,-1.89,0.56,-52
1786633149795,397388,Lumbar,walk_2,0.082472,0.969656,0.314272,1.61,-1.89,0.56,-52
1786633149795,397405,Lumbar,walk_2,0.081496,0.972096,0.30988,1.68,-1.82,0.84,-52
1786633150303,397579,Lumbar,walk_2,0.086376,0.971608,0.311832,1.05,-1.96,1.12,-52
1786633150303,397609,Lumbar,walk_2,0.08784,0.969168,0.314272,1.19,-1.96,1.12,-52
1786633150303,397626,Lumbar,walk_2,0.088816,0.96868,0.313784,1.4,-1.96,1.12,-52
1786633150303,397643,Lumbar,walk_2,0.09028,0.970144,0.314272,1.47,-1.96,1.05,-52
1786633150303,397659,Lumbar,walk_2,0.088816,0.971608,0.313784,1.61,-2.03,0.91,-52
1786633150303,397690,Lumbar,walk_2,0.087352,0.972096,0.310368,1.89,-1.96,1.05,-52
1786633150303,397707,Lumbar,walk_2,0.088328,0.971608,0.309392,1.54,-1.82,1.19,-52
1786633150303,397724,Lumbar,walk_2,0.091744,0.97356,0.308416,1.33,-1.89,1.05,-52
1786633150303,397741,Lumbar,walk_2,0.091744,0.975024,0.311344,1.12,-1.96,0.98,-52
1786633150303,397772,Lumbar,walk_2,0.09028,0.970632,0.313296,1.12,-2.03,0.77,-52
1786633150373,397945,Lumbar,walk_2,0.09028,0.971608,0.310368,1.47,-2.03,0.56,-50
1786633150373,397976,Lumbar,walk_2,0.091744,0.972584,0.310856,1.4,-2.1,0.42,-50
1786633150373,397993,Lumbar,walk_2,0.089792,0.971608,0.311832,1.4,-2.1,0.49,-50
1786633150373,398010,Lumbar,walk_2,0.089304,0.971608,0.31232,1.33,-2.03,0.49,-50
1786633150373,398027,Lumbar,walk_2,0.091256,0.970632,0.312808,1.33,-2.1,0.56,-50
1786633150373,398058,Lumbar,walk_2,0.089792,0.973072,0.311344,1.33,-2.1,0.56,-50
1786633150373,398075,Lumbar,walk_2,0.088816,0.971608,0.313296,1.26,-2.17,0.49,-50
1786633150373,398092,Lumbar,walk_2,0.088816,0.970632,0.314272,1.26,-2.1,0.35,-50
1786633150373,398109,Lumbar,walk_2,0.090768,0.97112,0.31232,1.26,-2.1,0.42,-50
1786633150373,398126,Lumbar,walk_2,0.090768,0.971608,0.312808,1.26,-2.17,0.28,-50
1786633150728,398523,Lumbar,walk_2,0.089792,0.971608,0.315248,1.82,-2.1,0.14,-51
1786633150728,398555,Lumbar,walk_2,0.092232,0.970632,0.312808,1.75,-2.17,0.07,-51
1786633150728,398572,Lumbar,walk_2,0.093208,0.971608,0.31232,1.82,-2.17,0.14,-51
1786633150728,398589,Lumbar,walk_2,0.092232,0.972584,0.310856,1.75,-2.17,0.21,-51
1786633150728,398606,Lumbar,walk_2,0.090768,0.973072,0.31232,1.54,-2.17,0.07,-51
1786633150728,398637,Lumbar,walk_2,0.089304,0.969168,0.313296,1.68,-2.24,0,-51
1786633150728,398654,Lumbar,walk_2,0.089304,0.97112,0.312808,1.89,-2.24,-0.14,-51
1786633150728,398671,Lumbar,walk_2,0.088816,0.971608,0.310856,1.89,-2.17,-0.07,-51
1786633150728,398687,Lumbar,walk_2,0.09028,0.972096,0.312808,1.89,-2.17,-0.07,-51
1786633150728,398704,Lumbar,walk_2,0.089792,0.972584,0.31232,1.89,-2.17,-0.07,-51
1786633151104,398878,Lumbar,walk_2,0.09028,0.972096,0.30988,1.75,-2.03,0.14,-51
1786633151104,398908,Lumbar,walk_2,0.09028,0.973072,0.30988,1.68,-2.03,0.14,-51
1786633151104,398925,Lumbar,walk_2,0.09028,0.972096,0.310368,1.68,-2.03,0.21,-51
1786633151104,398943,Lumbar,walk_2,0.088816,0.970632,0.310368,1.75,-1.96,0.21,-51
1786633151104,398960,Lumbar,walk_2,0.089304,0.972584,0.309392,1.75,-1.89,0.28,-51
1786633151104,398991,Lumbar,walk_2,0.08784,0.972584,0.310368,1.68,-1.82,0.21,-51
1786633151104,399008,Lumbar,walk_2,0.086864,0.97112,0.311344,1.82,-1.82,0.14,-51
1786633151104,399025,Lumbar,walk_2,0.086376,0.971608,0.311344,2.03,-1.89,0.21,-51
1786633151104,399042,Lumbar,walk_2,0.086376,0.972096,0.30988,2.03,-1.89,0.21,-51
1786633151104,399059,Lumbar,walk_2,0.08784,0.972584,0.30988,2.03,-1.89,0.28,-51
1786633151439,399233,Lumbar,walk_2,0.086864,0.971608,0.30744,1.61,-2.1,0.49,-51
1786633151439,399264,Lumbar,walk_2,0.086864,0.972096,0.305488,1.4,-2.17,0.56,-51
1786633151439,399281,Lumbar,walk_2,0.086376,0.97112,0.307928,1.26,-2.17,0.63,-51
1786633151439,399298,Lumbar,walk_2,0.08784,0.972584,0.30988,1.26,-2.1,0.63,-51
1786633151439,399315,Lumbar,walk_2,0.087352,0.969168,0.31232,1.33,-2.17,0.77,-51
1786633151439,399346,Lumbar,walk_2,0.088816,0.969656,0.311344,1.54,-2.17,0.77,-51
1786633151439,399363,Lumbar,walk_2,0.089792,0.97356,0.31232,1.47,-2.24,0.7,-51
1786633151439,399380,Lumbar,walk_2,0.08784,0.971608,0.31232,1.61,-2.24,0.7,-51
1786633151439,399397,Lumbar,walk_2,0.087352,0.969656,0.310856,1.61,-2.17,0.77,-51
1786633151439,399414,Lumbar,walk_2,0.088816,0.972096,0.308904,1.54,-2.1,0.91,-51
1786633151814,399589,Lumbar,walk_2,0.090768,0.971608,0.308904,1.47,-2.03,0.63,-51
1786633151814,399620,Lumbar,walk_2,0.09028,0.972584,0.308904,1.47,-2.03,0.56,-51
1786633151814,399637,Lumbar,walk_2,0.09028,0.973072,0.308416,1.4,-2.03,0.56,-51
1786633151814,399655,Lumbar,walk_2,0.091256,0.97112,0.311344,1.33,-2.03,0.63,-51
1786633151814,399673,Lumbar,walk_2,0.089792,0.970632,0.311832,1.4,-2.1,0.56,-51
1786633151814,399691,Lumbar,walk_2,0.090768,0.971608,0.31232,1.47,-2.03,0.42,-51
1786633151814,399722,Lumbar,walk_2,0.090768,0.973072,0.310856,1.4,-1.96,0.49,-51
1786633151814,399739,Lumbar,walk_2,0.09028,0.97112,0.312808,1.47,-1.96,0.49,-51
1786633151814,399756,Lumbar,walk_2,0.089792,0.970144,0.310368,1.33,-2.03,0.56,-51
1786633151814,399773,Lumbar,walk_2,0.09028,0.970632,0.310856,1.33,-1.96,0.56,-51
1786633152153,399946,Lumbar,walk_2,0.09272,0.973072,0.313296,1.54,-2.17,0.35,-51
1786633152153,399977,Lumbar,walk_2,0.089792,0.972584,0.311832,1.26,-2.1,0.49,-51
1786633152153,399994,Lumbar,walk_2,0.092232,0.97112,0.306952,1.19,-2.1,0.7,-51
1786633152153,400011,Lumbar,walk_2,0.094184,0.971608,0.307928,1.05,-2.1,0.7,-51
1786633152153,400028,Lumbar,walk_2,0.093696,0.97112,0.31232,0.84,-2.1,0.63,-51
1786633152153,400060,Lumbar,walk_2,0.09028,0.969656,0.314272,1.12,-2.1,0.56,-51
1786633152153,400077,Lumbar,walk_2,0.091744,0.970632,0.30988,1.47,-2.03,0.56,-51
1786633152153,400094,Lumbar,walk_2,0.091256,0.97112,0.308416,1.61,-2.03,0.56,-51
1786633152153,400111,Lumbar,walk_2,0.091744,0.972096,0.307928,1.54,-2.03,0.63,-51
1786633152153,400128,Lumbar,walk_2,0.091256,0.972096,0.308416,1.33,-2.03,0.63,-51
1786633152510,400302,Lumbar,walk_2,0.09516,0.971608,0.310368,1.4,-2.03,0.63,-54
1786633152510,400333,Lumbar,walk_2,0.092232,0.970632,0.311832,1.47,-2.1,0.49,-54
1786633152510,400350,Lumbar,walk_2,0.091256,0.969656,0.313784,1.61,-2.17,0.49,-54
1786633152510,400367,Lumbar,walk_2,0.092232,0.969656,0.313296,1.68,-2.1,0.49,-54
1786633152510,400384,Lumbar,walk_2,0.093208,0.970632,0.311344,1.68,-2.1,0.49,-54
1786633152510,400415,Lumbar,walk_2,0.093696,0.971608,0.311832,1.61,-2.1,0.42,-54
1786633152510,400432,Lumbar,walk_2,0.093208,0.97112,0.31232,1.68,-2.1,0.35,-54
1786633152510,400449,Lumbar,walk_2,0.092232,0.972584,0.311344,1.61,-2.1,0.28,-54
1786633152510,400466,Lumbar,walk_2,0.093696,0.971608,0.310856,1.61,-2.17,0.21,-54
1786633152510,400483,Lumbar,walk_2,0.093208,0.971608,0.310856,1.68,-2.17,0.21,-54
1786633152862,400657,Lumbar,walk_2,0.090768,0.970632,0.310856,1.61,-2.1,0.14,-51
1786633152862,400688,Lumbar,walk_2,0.092232,0.971608,0.310856,1.61,-2.1,0.14,-51
1786633152862,400705,Lumbar,walk_2,0.092232,0.972096,0.310368,1.61,-2.1,0.14,-51
1786633152862,400722,Lumbar,walk_2,0.091256,0.970144,0.312808,1.75,-2.1,0.07,-51
1786633152862,400739,Lumbar,walk_2,0.089792,0.97112,0.313296,1.89,-2.17,0,-51
1786633152862,400770,Lumbar,walk_2,0.089792,0.97112,0.311344,1.96,-2.1,0,-51
1786633152862,400787,Lumbar,walk_2,0.091744,0.971608,0.310368,1.82,-2.03,0.07,-51
1786633152862,400804,Lumbar,walk_2,0.091256,0.973072,0.311344,1.75,-2.1,0,-51
1786633152862,400821,Lumbar,walk_2,0.090768,0.97356,0.31476,1.75,-2.1,-0.07,-51
1786633152862,400838,Lumbar,walk_2,0.090768,0.972584,0.314272,1.68,-2.03,0,-51
1786633153218,401011,Lumbar,walk_2,0.089792,0.972096,0.308904,1.47,-2.1,0.28,-52
1786633153218,401042,Lumbar,walk_2,0.089304,0.969168,0.311832,1.61,-2.17,0.35,-52
1786633153218,401059,Lumbar,walk_2,0.090768,0.969656,0.312808,1.75,-2.17,0.21,-52
1786633153218,401076,Lumbar,walk_2,0.091256,0.969656,0.313296,1.75,-2.17,0.21,-52
1786633153218,401093,Lumbar,walk_2,0.091256,0.970632,0.312808,1.68,-2.17,0.14,-52
1786633153218,401124,Lumbar,walk_2,0.088816,0.971608,0.308904,1.68,-2.31,0.42,-52
1786633153218,401141,Lumbar,walk_2,0.089792,0.97356,0.308904,1.61,-2.24,0.49,-52
1786633153218,401158,Lumbar,walk_2,0.090768,0.970144,0.309392,1.47,-2.17,0.49,-52
1786633153218,401175,Lumbar,walk_2,0.089792,0.97356,0.30988,1.54,-2.17,0.28,-52
1786633153218,401192,Lumbar,walk_2,0.088328,0.972584,0.311832,1.75,-2.17,0.14,-52
1786633153575,401367,Lumbar,walk_2,0.089304,0.970632,0.30988,1.82,-2.1,0.28,-52
1786633153575,401398,Lumbar,walk_2,0.088328,0.972096,0.30744,1.96,-2.17,0.35,-52
1786633153575,401415,Lumbar,walk_2,0.088816,0.974048,0.306464,1.96,-2.17,0.35,-52
1786633153575,401432,Lumbar,walk_2,0.088816,0.974536,0.306952,1.68,-2.17,0.28,-52
1786633153575,401449,Lumbar,walk_2,0.088328,0.973072,0.308416,1.47,-2.1,0.42,-52
1786633153575,401480,Lumbar,walk_2,0.088328,0.971608,0.309392,1.54,-2.1,0.42,-52
1786633153575,401497,Lumbar,walk_2,0.088328,0.971608,0.308416,1.61,-2.1,0.42,-52
1786633153575,401514,Lumbar,walk_2,0.088328,0.971608,0.310856,1.61,-2.03,0.42,-52
1786633153575,401531,Lumbar,walk_2,0.088328,0.97112,0.309392,1.61,-1.96,0.42,-52
1786633153575,401548,Lumbar,walk_2,0.088328,0.972584,0.307928,1.61,-2.03,0.49,-52
1786633153930,401723,Lumbar,walk_2,0.090768,0.972584,0.307928,1.47,-2.03,0.63,-52
1786633153930,401754,Lumbar,walk_2,0.089792,0.971608,0.306464,1.47,-2.1,0.63,-52
1786633153930,401771,Lumbar,walk_2,0.089304,0.972096,0.306952,1.54,-2.1,0.7,-52
1786633153930,401788,Lumbar,walk_2,0.090768,0.971608,0.308416,1.54,-2.1,0.63,-52
1786633153930,401805,Lumbar,walk_2,0.089792,0.972584,0.307928,1.61,-2.1,0.7,-52
1786633153930,401836,Lumbar,walk_2,0.091256,0.973072,0.307928,1.54,-2.03,0.63,-52
1786633153930,401853,Lumbar,walk_2,0.09028,0.972096,0.307928,1.4,-2.03,0.7,-52
1786633153930,401870,Lumbar,walk_2,0.089792,0.972584,0.307928,1.4,-1.96,0.7,-52
1786633153930,401887,Lumbar,walk_2,0.09028,0.97112,0.308904,1.33,-1.96,0.77,-52
1786633153930,401904,Lumbar,walk_2,0.089792,0.97356,0.308416,1.33,-1.96,0.84,-52
1786633154289,402078,Lumbar,walk_2,0.091744,0.971608,0.310368,1.26,-2.03,0.63,-52
1786633154289,402108,Lumbar,walk_2,0.091256,0.972584,0.310368,1.26,-2.1,0.63,-52
1786633154289,402126,Lumbar,walk_2,0.091744,0.973072,0.309392,1.26,-2.1,0.56,-52
1786633154289,402143,Lumbar,walk_2,0.089792,0.972096,0.311344,1.33,-2.03,0.56,-52
1786633154289,402160,Lumbar,walk_2,0.092232,0.971608,0.310856,1.33,-2.03,0.63,-52
1786633154289,402191,Lumbar,walk_2,0.09272,0.97112,0.311344,1.33,-1.96,0.42,-52
1786633154289,402208,Lumbar,walk_2,0.091744,0.97112,0.311832,1.47,-2.03,0.42,-52
1786633154289,402225,Lumbar,walk_2,0.091256,0.970144,0.310856,1.54,-2.17,0.35,-52
1786633154289,402242,Lumbar,walk_2,0.090768,0.971608,0.30988,1.68,-1.96,0.49,-52
1786633154289,402259,Lumbar,walk_2,0.093208,0.972096,0.30988,1.47,-1.89,0.49,-52
1786633154642,402434,Lumbar,walk_2,0.093208,0.974048,0.30744,1.54,-2.1,0.49,-52
1786633154642,402465,Lumbar,walk_2,0.091744,0.971608,0.310368,1.12,-2.1,0.56,-52
1786633154642,402482,Lumbar,walk_2,0.091744,0.969168,0.311832,1.19,-2.1,0.63,-52
1786633154642,402499,Lumbar,walk_2,0.092232,0.969656,0.313784,1.33,-2.1,0.63,-52
1786633154642,402516,Lumbar,walk_2,0.093208,0.970144,0.313296,1.54,-2.1,0.56,-52
1786633154642,402547,Lumbar,walk_2,0.094184,0.97356,0.313296,1.54,-2.1,0.49,-52
1786633154642,402564,Lumbar,walk_2,0.09272,0.97112,0.31232,1.61,-2.17,0.42,-52
1786633154642,402581,Lumbar,walk_2,0.093208,0.970632,0.310856,1.61,-2.1,0.56,-52
1786633154642,402598,Lumbar,walk_2,0.093696,0.970632,0.30988,1.47,-2.17,0.63,-52
1786633154642,402615,Lumbar,walk_2,0.09516,0.971608,0.310368,1.4,-2.1,0.63,-52
1786633155014,402789,Lumbar,walk_2,0.094184,0.97112,0.311832,1.68,-2.17,0.28,-51
1786633155014,402820,Lumbar,walk_2,0.093696,0.971608,0.31232,1.68,-2.17,0.28,-51
1786633155014,402837,Lumbar,walk_2,0.094672,0.972584,0.31232,1.68,-2.17,0.14,-51
1786633155014,402854,Lumbar,walk_2,0.094672,0.97112,0.311344,1.68,-2.17,0.07,-51
1786633155014,402871,Lumbar,walk_2,0.093696,0.972096,0.311344,1.68,-2.17,0.07,-51
1786633155014,402902,Lumbar,walk_2,0.094184,0.972096,0.311832,1.82,-2.17,0,-51
1786633155014,402919,Lumbar,walk_2,0.094184,0.97112,0.311344,1.75,-2.17,0,-51
1786633155014,402936,Lumbar,walk_2,0.093208,0.972096,0.310856,1.82,-2.1,0,-51
1786633155014,402953,Lumbar,walk_2,0.092232,0.97112,0.31232,1.75,-2.03,0,-51
1786633155014,402970,Lumbar,walk_2,0.093208,0.97112,0.310856,1.75,-2.03,0,-51
1786633155405,403143,Lumbar,walk_2,0.089792,0.969168,0.313296,2.03,-2.17,0,-53
1786633155405,403174,Lumbar,walk_2,0.091744,0.97112,0.311344,1.89,-2.03,0.14,-53
1786633155405,403191,Lumbar,walk_2,0.091744,0.972584,0.316224,1.96,-2.1,0.14,-53
1786633155405,403208,Lumbar,walk_2,0.09028,0.974048,0.310368,1.75,-2.1,0.14,-53
1786633155405,403225,Lumbar,walk_2,0.09272,0.973072,0.304024,1.54,-2.1,0.35,-53
1786633155405,403255,Lumbar,walk_2,0.092232,0.972584,0.308416,1.26,-2.17,0.28,-53
1786633155405,403272,Lumbar,walk_2,0.09028,0.972096,0.311832,1.26,-2.17,0.14,-53
1786633155405,403289,Lumbar,walk_2,0.089792,0.972096,0.31232,1.61,-2.17,0.07,-53
1786633155405,403306,Lumbar,walk_2,0.089792,0.971608,0.310368,1.75,-2.24,0.07,-53
1786633155405,403323,Lumbar,walk_2,0.09028,0.971608,0.305976,2.03,-2.24,0,-53
1786633155706,403497,Lumbar,walk_2,0.088816,0.971608,0.308416,1.96,-2.24,0.21,-52
1786633155706,403528,Lumbar,walk_2,0.09272,0.972096,0.30988,1.68,-2.1,0.28,-52
1786633155706,403546,Lumbar,walk_2,0.091256,0.971608,0.308904,1.61,-2.03,0.35,-52
1786633155706,403564,Lumbar,walk_2,0.092232,0.972584,0.309392,1.61,-2.1,0.28,-52
1786633155706,403581,Lumbar,walk_2,0.091256,0.972096,0.310368,1.82,-2.17,0.28,-52
1786633155706,403598,Lumbar,walk_2,0.089792,0.970144,0.310856,1.96,-2.17,0.28,-52
1786633155706,403629,Lumbar,walk_2,0.089792,0.972096,0.30744,1.89,-1.96,0.49,-52
1786633155706,403646,Lumbar,walk_2,0.092232,0.973072,0.306464,1.82,-1.96,0.49,-52
1786633155706,403663,Lumbar,walk_2,0.091744,0.972584,0.30744,1.68,-2.03,0.42,-52
1786633155706,403680,Lumbar,walk_2,0.090768,0.971608,0.30744,1.61,-2.17,0.42,-52
1786633156078,403854,Lumbar,walk_2,0.092232,0.973072,0.308416,1.12,-2.03,0.77,-52
1786633156078,403885,Lumbar,walk_2,0.092232,0.97112,0.308416,1.19,-2.03,0.7,-52
1786633156078,403902,Lumbar,walk_2,0.091256,0.97112,0.307928,1.33,-2.03,0.84,-52
1786633156078,403920,Lumbar,walk_2,0.091256,0.972584,0.306952,1.33,-2.03,0.91,-52
1786633156078,403937,Lumbar,walk_2,0.093208,0.972584,0.306464,1.12,-2.03,0.84,-52
1786633156078,403968,Lumbar,walk_2,0.092232,0.970632,0.30988,1.19,-2.03,0.7,-52
1786633156078,403985,Lumbar,walk_2,0.092232,0.972096,0.308904,1.26,-2.03,0.7,-52
1786633156078,404002,Lumbar,walk_2,0.09272,0.972584,0.30988,1.33,-2.03,0.7,-52
1786633156078,404019,Lumbar,walk_2,0.094184,0.971608,0.309392,1.26,-1.89,0.63,-52
1786633156078,404036,Lumbar,walk_2,0.09516,0.971608,0.30988,1.19,-1.89,0.56,-52
1786633156450,404210,Lumbar,walk_2,0.09272,0.972584,0.306464,1.54,-2.1,0.56,-52
1786633156450,404241,Lumbar,walk_2,0.093208,0.972584,0.30744,1.19,-2.03,0.56,-52
1786633156450,404258,Lumbar,walk_2,0.091256,0.972096,0.30988,1.12,-2.03,0.56,-52
1786633156450,404275,Lumbar,walk_2,0.091744,0.969656,0.31232,1.19,-2.1,0.7,-52
1786633156450,404292,Lumbar,walk_2,0.093208,0.967704,0.31232,1.33,-2.1,0.77,-52
1786633156450,404323,Lumbar,walk_2,0.09516,0.973072,0.31232,1.26,-2.1,0.56,-52
1786633156450,404340,Lumbar,walk_2,0.09272,0.97112,0.311832,1.4,-2.17,0.56,-52
1786633156450,404357,Lumbar,walk_2,0.093208,0.970632,0.311832,1.47,-2.17,0.63,-52
1786633156450,404374,Lumbar,walk_2,0.09272,0.970632,0.310856,1.47,-2.1,0.63,-52
1786633156450,404390,Lumbar,walk_2,0.094672,0.973072,0.310856,1.4,-2.1,0.7,-52
1786633156780,404563,Lumbar,walk_2,0.09516,0.97112,0.311344,1.54,-2.03,0.42,-53
1786633156780,404594,Lumbar,walk_2,0.094184,0.972096,0.310368,1.68,-2.03,0.42,-53
1786633156780,404611,Lumbar,walk_2,0.094672,0.972096,0.310856,1.54,-2.1,0.42,-53
1786633156780,404628,Lumbar,walk_2,0.095648,0.972096,0.311832,1.54,-2.1,0.35,-53
1786633156780,404645,Lumbar,walk_2,0.093696,0.970632,0.311832,1.54,-2.1,0.42,-53
1786633156780,404676,Lumbar,walk_2,0.095648,0.972096,0.31232,1.54,-2.1,0.35,-53
1786633156780,404693,Lumbar,walk_2,0.095648,0.971608,0.311344,1.47,-2.03,0.35,-53
1786633156780,404710,Lumbar,walk_2,0.096624,0.970632,0.311344,1.47,-2.1,0.42,-53
1786633156780,404727,Lumbar,walk_2,0.09516,0.97112,0.311344,1.47,-2.1,0.42,-53
1786633156780,404744,Lumbar,walk_2,0.094184,0.971608,0.311832,1.4,-2.1,0.42,-53
1786633157133,404918,Lumbar,walk_2,0.09516,0.970632,0.315248,1.68,-2.1,-0.07,-53
1786633157133,404949,Lumbar,walk_2,0.095648,0.97356,0.306464,1.89,-2.24,0.07,-53
1786633157133,404966,Lumbar,walk_2,0.096624,0.970144,0.305488,1.54,-2.24,0.07,-53
1786633157133,404983,Lumbar,walk_2,0.096624,0.972096,0.307928,1.89,-2.24,0.28,-53
1786633157133,405000,Lumbar,walk_2,0.093696,0.972584,0.31476,1.33,-2.24,0.21,-53
1786633157133,405031,Lumbar,walk_2,0.090768,0.969656,0.314272,1.68,-2.31,-0.14,-53
1786633157133,405048,Lumbar,walk_2,0.091256,0.969168,0.310856,2.17,-2.38,-0.14,-53
1786633157133,405065,Lumbar,walk_2,0.09028,0.969656,0.308904,2.24,-2.38,-0.21,-53
1786633157133,405082,Lumbar,walk_2,0.091256,0.971608,0.30744,1.82,-2.45,-0.28,-53
1786633157133,405099,Lumbar,walk_2,0.092232,0.971608,0.30744,1.54,-2.45,-0.28,-53
1786633157549,405334,Lumbar,walk_2,0.093208,0.970632,0.310856,2.03,-2.52,-0.07,-52
1786633157549,405366,Lumbar,walk_2,0.092232,0.972096,0.306952,2.03,-2.38,0,-52
1786633157549,405384,Lumbar,walk_2,0.09272,0.972096,0.306952,1.96,-2.31,0.07,-52
1786633157549,405401,Lumbar,walk_2,0.09272,0.973072,0.308416,1.82,-2.24,0.07,-52
1786633157549,405418,Lumbar,walk_2,0.09272,0.972096,0.308416,1.82,-2.24,0.14,-52
1786633157549,405435,Lumbar,walk_2,0.093208,0.971608,0.309392,1.75,-2.03,0.14,-52
1786633157549,405467,Lumbar,walk_2,0.092232,0.971608,0.307928,1.89,-1.96,0.35,-52
1786633157549,405485,Lumbar,walk_2,0.091256,0.970632,0.308416,1.96,-1.96,0.35,-52
1786633157549,405502,Lumbar,walk_2,0.092232,0.973072,0.306952,1.82,-1.89,0.28,-52
1786633157549,405518,Lumbar,walk_2,0.090768,0.97356,0.307928,1.68,-1.82,0.28,-52
1786633157905,405693,Lumbar,walk_2,0.08784,0.971608,0.307928,1.75,-1.89,0.35,-52
1786633157905,405724,Lumbar,walk_2,0.090768,0.97112,0.308416,1.75,-1.82,0.42,-52
1786633157905,405741,Lumbar,walk_2,0.091744,0.972584,0.30744,1.54,-1.75,0.49,-52
1786633157905,405758,Lumbar,walk_2,0.091256,0.972096,0.30988,1.4,-1.89,0.63,-52
1786633157905,405775,Lumbar,walk_2,0.090768,0.97356,0.310856,1.47,-1.89,0.7,-52
1786633157905,405806,Lumbar,walk_2,0.09272,0.971608,0.302072,1.26,-1.89,0.91,-52
1786633157905,405823,Lumbar,walk_2,0.094184,0.97112,0.303048,1.19,-2.03,0.91,-52
1786633157905,405840,Lumbar,walk_2,0.093208,0.972584,0.304512,0.91,-2.03,0.84,-52
1786633157905,405857,Lumbar,walk_2,0.090768,0.97112,0.309392,0.91,-1.96,0.84,-52
1786633157905,405874,Lumbar,walk_2,0.088816,0.970632,0.311344,1.19,-2.03,0.77,-52
1786633158273,406048,Lumbar,walk_2,0.093696,0.974536,0.30988,1.54,-2.1,0.49,-52
1786633158273,406079,Lumbar,walk_2,0.093696,0.971608,0.306952,1.47,-2.03,0.56,-52
1786633158273,406096,Lumbar,walk_2,0.09516,0.972584,0.30744,1.33,-1.96,0.7,-52
1786633158273,406113,Lumbar,walk_2,0.094672,0.973072,0.30744,1.26,-1.89,0.7,-52
1786633158273,406130,Lumbar,walk_2,0.09516,0.973072,0.307928,1.12,-1.96,0.49,-52
1786633158273,406161,Lumbar,walk_2,0.093208,0.97112,0.310368,1.33,-1.96,0.42,-52
1786633158273,406178,Lumbar,walk_2,0.09272,0.971608,0.30988,1.47,-1.96,0.42,-52
1786633158273,406195,Lumbar,walk_2,0.092232,0.97112,0.311344,1.47,-1.96,0.49,-52
1786633158273,406212,Lumbar,walk_2,0.091744,0.971608,0.310856,1.47,-1.89,0.49,-52
1786633158273,406229,Lumbar,walk_2,0.091744,0.972096,0.310368,1.4,-1.89,0.56,-52
1786633158615,406403,Lumbar,walk_2,0.09272,0.971608,0.310856,1.33,-2.17,0.49,-52
1786633158615,406434,Lumbar,walk_2,0.092232,0.970632,0.310368,1.4,-2.1,0.63,-52
1786633158615,406451,Lumbar,walk_2,0.092232,0.972096,0.310368,1.33,-2.17,0.63,-52
1786633158615,406468,Lumbar,walk_2,0.093208,0.972096,0.310368,1.33,-2.1,0.7,-52
1786633158615,406485,Lumbar,walk_2,0.096624,0.971608,0.309392,1.26,-2.1,0.63,-52
1786633158615,406516,Lumbar,walk_2,0.096136,0.970632,0.309392,1.33,-2.1,0.56,-52
1786633158615,406533,Lumbar,walk_2,0.094184,0.971608,0.308904,1.4,-2.1,0.56,-52
1786633158615,406550,Lumbar,walk_2,0.093208,0.971608,0.311832,1.54,-2.17,0.49,-52
1786633158615,406567,Lumbar,walk_2,0.09272,0.971608,0.311832,1.61,-2.17,0.56,-52
1786633158615,406584,Lumbar,walk_2,0.096136,0.971608,0.311344,1.61,-1.96,0.63,-52
1786633158971,406757,Lumbar,walk_2,0.096136,0.971608,0.308416,1.61,-2.03,0.49,-52
1786633158971,406788,Lumbar,walk_2,0.096624,0.972584,0.307928,1.4,-2.1,0.35,-52
1786633158971,406806,Lumbar,walk_2,0.096136,0.972096,0.30988,1.33,-2.03,0.35,-52
1786633158971,406822,Lumbar,walk_2,0.094184,0.972096,0.311832,1.26,-2.1,0.35,-52
1786633158971,406839,Lumbar,walk_2,0.093696,0.969656,0.313296,1.26,-2.03,0.35,-52
1786633158971,406870,Lumbar,walk_2,0.095648,0.96868,0.312808,1.47,-2.1,0.42,-52
1786633158971,406887,Lumbar,walk_2,0.096136,0.969656,0.31476,1.54,-2.1,0.35,-52
1786633158971,406904,Lumbar,walk_2,0.094672,0.970632,0.313296,1.61,-2.17,0.28,-52
1786633158971,406921,Lumbar,walk_2,0.09516,0.970144,0.310368,1.68,-2.17,0.28,-52
1786633158971,406938,Lumbar,walk_2,0.093696,0.97112,0.311832,1.68,-2.1,0.42,-52
1786633160268,407112,Lumbar,walk_2,0.09516,0.971608,0.311344,1.75,-2.17,0,-51
1786633160268,407144,Lumbar,walk_2,0.095648,0.97112,0.31232,1.82,-2.17,-0.07,-51
1786633160268,407161,Lumbar,walk_2,0.095648,0.970632,0.310856,1.89,-2.1,-0.07,-51
1786633160268,407179,Lumbar,walk_2,0.094672,0.97112,0.30988,1.82,-2.1,0,-51
1786633160268,407196,Lumbar,walk_2,0.094184,0.971608,0.310856,1.82,-2.17,0,-51
1786633160268,407213,Lumbar,walk_2,0.094184,0.97112,0.310856,1.82,-2.17,0,-51
1786633160268,407244,Lumbar,walk_2,0.09272,0.970144,0.31232,1.82,-2.1,0,-51
1786633160268,407261,Lumbar,walk_2,0.094672,0.972096,0.309392,1.89,-2.1,0,-51
1786633160268,407278,Lumbar,walk_2,0.09516,0.973072,0.30988,1.75,-2.17,0,-51
1786633160268,407295,Lumbar,walk_2,0.09272,0.97356,0.310856,1.75,-2.17,0,-51
1786633160269,407466,Lumbar,walk_2,0.09516,0.974048,0.308416,1.47,-2.24,0.14,-51
1786633160269,407497,Lumbar,walk_2,0.091256,0.974048,0.310368,1.33,-2.31,0.07,-51
1786633160269,407514,Lumbar,walk_2,0.091744,0.973072,0.304512,1.33,-2.31,0.14,-51
1786633160269,407531,Lumbar,walk_2,0.094672,0.972096,0.303048,1.4,-2.38,0.28,-51
1786633160269,407548,Lumbar,walk_2,0.094184,0.972096,0.305976,1.26,-2.38,0.28,-51
1786633160269,407579,Lumbar,walk_2,0.091256,0.970632,0.313296,1.19,-2.31,0.14,-51
1786633160269,407596,Lumbar,walk_2,0.091744,0.969168,0.313784,1.68,-2.31,0.07,-51
1786633160269,407613,Lumbar,walk_2,0.092232,0.969168,0.311832,2.03,-2.24,0.07,-51
1786633160269,407630,Lumbar,walk_2,0.094672,0.972584,0.307928,2.1,-2.31,0.07,-51
1786633160269,407647,Lumbar,walk_2,0.095648,0.97356,0.308904,1.75,-2.24,0,-51
1786633160274,407820,Lumbar,walk_2,0.088328,0.975512,0.304512,1.54,-2.8,-0.21,-51
1786633160274,407852,Lumbar,walk_2,0.09028,0.972096,0.30744,1.61,-2.87,-0.35,-51
1786633160274,407869,Lumbar,walk_2,0.091256,0.972584,0.310856,1.82,-3.01,-0.49,-51
1786633160274,407886,Lumbar,walk_2,0.088328,0.971608,0.31232,2.1,-3.22,-0.56,-51
1786633160274,407903,Lumbar,walk_2,0.089304,0.970632,0.306952,2.17,-3.22,-0.49,-51
1786633160274,407933,Lumbar,walk_2,0.091744,0.974536,0.308904,1.68,-3.15,-0.42,-51
1786633160274,407950,Lumbar,walk_2,0.09028,0.971608,0.30988,1.54,-3.22,-0.63,-51
1786633160274,407967,Lumbar,walk_2,0.088816,0.97112,0.306464,1.47,-3.29,-0.49,-51
1786633160274,407984,Lumbar,walk_2,0.086376,0.97112,0.305488,1.33,-3.29,-0.42,-51
1786633160274,408001,Lumbar,walk_2,0.084424,0.970632,0.305488,1.4,-3.43,-0.49,-51
1786633160510,408175,Lumbar,walk_2,0.088328,0.971608,0.308416,1.75,-3.78,-0.07,-51
1786633160510,408206,Lumbar,walk_2,0.09028,0.974536,0.308416,1.61,-3.71,-0.07,-51
1786633160510,408223,Lumbar,walk_2,0.091256,0.97356,0.306464,1.54,-3.85,-0.14,-51
1786633160510,408241,Lumbar,walk_2,0.090768,0.972584,0.305976,1.61,-3.92,0,-51
1786633160510,408258,Lumbar,walk_2,0.09272,0.971608,0.30744,1.61,-3.92,0.07,-51
1786633160510,408289,Lumbar,walk_2,0.09272,0.971608,0.307928,1.68,-3.57,0.35,-51
1786633160510,408306,Lumbar,walk_2,0.091256,0.972584,0.307928,1.68,-3.5,0.21,-51
1786633160510,408323,Lumbar,walk_2,0.09028,0.973072,0.305976,1.68,-3.43,0.07,-51
1786633160510,408340,Lumbar,walk_2,0.091744,0.975512,0.305976,1.61,-3.43,0.28,-51
1786633160510,408357,Lumbar,walk_2,0.092232,0.974048,0.304512,1.4,-3.29,0.42,-51
1786633160803,408530,Lumbar,walk_2,0.09272,0.971608,0.307928,1.19,-1.82,0.63,-50
1786633160803,408561,Lumbar,walk_2,0.094672,0.972096,0.306952,1.26,-1.68,0.77,-50
1786633160803,408578,Lumbar,walk_2,0.093208,0.975024,0.306952,1.26,-1.61,0.84,-50
1786633160803,408595,Lumbar,walk_2,0.09272,0.972096,0.308416,1.19,-1.33,0.7,-50
1786633160803,408612,Lumbar,walk_2,0.093208,0.97112,0.308904,1.4,-1.33,0.63,-50
1786633160803,408644,Lumbar,walk_2,0.091256,0.972096,0.308904,1.4,-1.4,0.56,-50
1786633160803,408661,Lumbar,walk_2,0.09028,0.97356,0.30744,1.47,-1.4,0.49,-50
1786633160803,408678,Lumbar,walk_2,0.091256,0.972584,0.304512,1.47,-1.47,0.56,-50
1786633160803,408695,Lumbar,walk_2,0.091256,0.974048,0.306464,1.26,-1.54,0.49,-50
1786633160803,408713,Lumbar,walk_2,0.09028,0.97356,0.306464,1.19,-1.61,0.42,-50
1786633161102,408887,Lumbar,walk_2,0.089304,0.970632,0.309392,1.68,-2.38,0.7,-50
1786633161102,408918,Lumbar,walk_2,0.092232,0.975024,0.311344,1.54,-2.38,0.63,-50
1786633161102,408935,Lumbar,walk_2,0.093208,0.976976,0.311344,1.4,-2.38,0.49,-50
1786633161102,408952,Lumbar,walk_2,0.092232,0.972096,0.30256,1.05,-2.38,0.7,-50
1786633161102,408969,Lumbar,walk_2,0.094672,0.970632,0.30012,0.98,-2.45,0.98,-50
1786633161102,408999,Lumbar,walk_2,0.096136,0.971608,0.30744,0.63,-2.24,0.91,-50
1786633161102,409016,Lumbar,walk_2,0.096624,0.97112,0.309392,0.98,-2.1,0.91,-50
1786633161102,409033,Lumbar,walk_2,0.094672,0.971608,0.30988,1.19,-2.1,0.91,-50
1786633161102,409051,Lumbar,walk_2,0.09516,0.970632,0.306464,1.54,-2.1,0.77,-50
1786633161102,409067,Lumbar,walk_2,0.096136,0.974048,0.303048,1.68,-1.96,0.77,-50
1786633161637,409241,Lumbar,walk_2,0.092232,0.970632,0.308904,1.75,-0.91,0.49,-49
1786633161637,409272,Lumbar,walk_2,0.091744,0.97112,0.309392,1.54,-0.91,0.35,-49
1786633161637,409289,Lumbar,walk_2,0.094184,0.970632,0.309392,1.61,-0.98,0.21,-49
1786633161637,409306,Lumbar,walk_2,0.092232,0.970632,0.310368,1.82,-0.98,0.21,-49
1786633161637,409323,Lumbar,walk_2,0.092232,0.97112,0.310856,2.1,-1.12,0.21,-49
1786633161637,409354,Lumbar,walk_2,0.09028,0.972096,0.308904,2.03,-1.12,0.21,-49
1786633161637,409371,Lumbar,walk_2,0.088816,0.973072,0.30744,2.1,-1.26,0.28,-49
1786633161637,409388,Lumbar,walk_2,0.088328,0.971608,0.306464,2.03,-1.26,0.21,-49
1786633161637,409405,Lumbar,walk_2,0.09028,0.97356,0.307928,2.03,-1.4,0.21,-49
1786633161637,409422,Lumbar,walk_2,0.089792,0.972096,0.30744,1.96,-1.54,0.28,-49
1786633161810,409595,Lumbar,walk_2,0.089792,0.972096,0.306952,1.75,-2.31,0.28,-52
1786633161810,409626,Lumbar,walk_2,0.091744,0.970144,0.307928,1.75,-2.31,0.28,-52
1786633161810,409643,Lumbar,walk_2,0.09028,0.972584,0.308904,1.68,-2.38,0.28,-52
1786633161810,409660,Lumbar,walk_2,0.090768,0.973072,0.306952,1.61,-2.31,0.42,-52
1786633161810,409677,Lumbar,walk_2,0.089792,0.972584,0.30744,1.54,-2.24,0.49,-52
1786633161810,409708,Lumbar,walk_2,0.094672,0.973072,0.305976,1.47,-2.03,0.35,-52
1786633161810,409725,Lumbar,walk_2,0.09516,0.973072,0.306464,1.61,-2.1,0.28,-52
1786633161810,409742,Lumbar,walk_2,0.092232,0.973072,0.30744,1.54,-2.17,0.35,-52
1786633161810,409759,Lumbar,walk_2,0.090768,0.971608,0.30744,1.68,-2.17,0.35,-52
1786633161810,409776,Lumbar,walk_2,0.09272,0.973072,0.30744,1.75,-1.89,0.42,-52
1786633162166,409950,Lumbar,walk_2,0.089792,0.972096,0.306952,1.82,-1.54,0.49,-52
1786633162166,409981,Lumbar,walk_2,0.093208,0.973072,0.303048,1.82,-1.61,0.49,-52
1786633162166,409998,Lumbar,walk_2,0.09028,0.972584,0.304024,1.68,-1.54,0.49,-52
1786633162166,410015,Lumbar,walk_2,0.090768,0.971608,0.306464,1.54,-1.47,0.49,-52
1786633162166,410032,Lumbar,walk_2,0.09028,0.97112,0.306464,1.54,-1.47,0.63,-52
1786633162166,410063,Lumbar,walk_2,0.091256,0.969168,0.308904,1.61,-1.54,0.77,-52
1786633162166,410080,Lumbar,walk_2,0.092232,0.97112,0.308416,1.61,-1.54,0.84,-52
1786633162166,410096,Lumbar,walk_2,0.090768,0.97356,0.308416,1.54,-1.61,0.77,-52
1786633162166,410113,Lumbar,walk_2,0.091256,0.972584,0.30744,1.61,-1.61,0.7,-52
1786633162166,410130,Lumbar,walk_2,0.089792,0.971608,0.306952,1.61,-1.68,0.84,-52
1786633162579,410304,Lumbar,walk_2,0.091744,0.972584,0.306952,1.4,-2.03,0.56,-53
1786633162579,410336,Lumbar,walk_2,0.09272,0.972584,0.305976,1.47,-2.1,0.7,-53
1786633162579,410353,Lumbar,walk_2,0.091744,0.971608,0.305488,1.33,-2.1,0.7,-53
1786633162579,410370,Lumbar,walk_2,0.092232,0.970632,0.306952,1.33,-2.1,0.63,-53
1786633162579,410387,Lumbar,walk_2,0.093208,0.970632,0.307928,1.47,-2.1,0.7,-53
1786633162579,410418,Lumbar,walk_2,0.09272,0.972096,0.308904,1.47,-2.1,0.77,-53
1786633162579,410435,Lumbar,walk_2,0.093696,0.972584,0.307928,1.54,-2.1,0.63,-53
1786633162579,410452,Lumbar,walk_2,0.093696,0.973072,0.306952,1.54,-2.03,0.63,-53
1786633162579,410469,Lumbar,walk_2,0.093696,0.97356,0.30744,1.4,-2.1,0.63,-53
1786633162579,410486,Lumbar,walk_2,0.094672,0.97356,0.30744,1.33,-2.03,0.7,-53
1786633162875,410659,Lumbar,walk_2,0.094184,0.970632,0.311344,1.4,-1.96,0.42,-53
1786633162875,410691,Lumbar,walk_2,0.09516,0.97356,0.313296,1.47,-1.96,0.42,-53
1786633162875,410708,Lumbar,walk_2,0.094672,0.974048,0.312808,1.19,-1.96,0.42,-53
1786633162875,410725,Lumbar,walk_2,0.093208,0.972584,0.307928,1.12,-1.96,0.49,-53
1786633162875,410742,Lumbar,walk_2,0.094672,0.971608,0.305488,1.05,-2.1,0.63,-53
1786633162875,410773,Lumbar,walk_2,0.094672,0.972096,0.30988,0.7,-1.96,0.63,-53
1786633162875,410790,Lumbar,walk_2,0.091744,0.970632,0.311832,0.77,-1.96,0.56,-53
1786633162875,410807,Lumbar,walk_2,0.093696,0.97112,0.310368,1.19,-2.03,0.49,-53
1786633162875,410824,Lumbar,walk_2,0.093696,0.97112,0.308416,1.54,-2.17,0.56,-53
1786633162875,410841,Lumbar,walk_2,0.094672,0.970632,0.306952,1.47,-2.1,0.49,-53
1786633163387,411015,Lumbar,walk_2,0.095648,0.971608,0.309392,1.61,-2.1,0.63,-53
1786633163387,411046,Lumbar,walk_2,0.0976,0.972584,0.310856,1.47,-2.03,0.7,-53
1786633163387,411063,Lumbar,walk_2,0.095648,0.971608,0.311832,1.33,-2.03,0.63,-53
1786633163387,411081,Lumbar,walk_2,0.096136,0.970144,0.312808,1.47,-2.1,0.56,-53
1786633163387,411098,Lumbar,walk_2,0.0976,0.970632,0.31232,1.75,-2.17,0.56,-53
1786633163387,411129,Lumbar,walk_2,0.095648,0.972584,0.30988,1.61,-2.03,0.42,-53
1786633163387,411146,Lumbar,walk_2,0.0976,0.971608,0.30988,1.54,-2.03,0.49,-53
1786633163387,411163,Lumbar,walk_2,0.097112,0.972096,0.30988,1.54,-2.1,0.49,-53
1786633163387,411180,Lumbar,walk_2,0.096136,0.97112,0.311344,1.54,-2.17,0.42,-53
1786633163387,411196,Lumbar,walk_2,0.096136,0.972096,0.310368,1.54,-2.17,0.42,-53
1786633163585,411369,Lumbar,walk_2,0.096136,0.970144,0.311344,1.4,-2.24,0.14,-53
1786633163585,411400,Lumbar,walk_2,0.09516,0.970632,0.311344,1.54,-2.17,0.14,-53
1786633163585,411417,Lumbar,walk_2,0.094672,0.971608,0.30988,1.61,-2.1,0.14,-53
1786633163585,411434,Lumbar,walk_2,0.096624,0.972096,0.308904,1.68,-2.1,0.14,-53
1786633163585,411451,Lumbar,walk_2,0.096624,0.972096,0.30988,1.68,-2.17,0,-53
1786633163585,411482,Lumbar,walk_2,0.095648,0.971608,0.311832,1.68,-2.31,-0.14,-53
1786633163585,411499,Lumbar,walk_2,0.094184,0.970632,0.310856,1.82,-2.24,-0.14,-53
1786633163585,411516,Lumbar,walk_2,0.094672,0.969656,0.312808,1.82,-2.17,-0.14,-53
1786633163585,411533,Lumbar,walk_2,0.095648,0.97112,0.311832,1.82,-2.03,-0.14,-53
1786633163585,411550,Lumbar,walk_2,0.096136,0.97112,0.31476,1.89,-2.1,-0.07,-53
1786633163993,411724,Lumbar,walk_2,0.09272,0.97356,0.306464,1.89,-2.1,0.14,-53
1786633163993,411755,Lumbar,walk_2,0.09272,0.972096,0.308904,1.54,-2.1,0.28,-53
1786633163993,411772,Lumbar,walk_2,0.093696,0.970144,0.30988,1.47,-2.03,0.42,-53
1786633163993,411789,Lumbar,walk_2,0.093208,0.967704,0.311344,1.61,-2.1,0.49,-53
1786633163993,411806,Lumbar,walk_2,0.09516,0.971608,0.309392,1.61,-2.17,0.49,-53
1786633163993,411837,Lumbar,walk_2,0.091744,0.970144,0.308904,1.61,-2.24,0.49,-53
1786633163993,411854,Lumbar,walk_2,0.091744,0.970144,0.307928,1.75,-2.24,0.63,-53
1786633163993,411871,Lumbar,walk_2,0.092232,0.97112,0.307928,1.68,-2.24,0.77,-53
1786633163993,411888,Lumbar,walk_2,0.094672,0.972584,0.307928,1.61,-2.17,0.77,-53
1786633163993,411905,Lumbar,walk_2,0.094672,0.974048,0.30988,1.47,-2.1,0.7,-53
1786633164298,412078,Lumbar,walk_2,0.09516,0.97112,0.306952,1.82,-2.1,0.21,-51
1786633164298,412109,Lumbar,walk_2,0.094672,0.973072,0.307928,1.89,-2.03,0.14,-51
1786633164298,412128,Lumbar,walk_2,0.093696,0.970632,0.307928,1.82,-1.89,0.35,-51
1786633164298,412146,Lumbar,walk_2,0.093696,0.970632,0.306952,1.89,-1.96,0.49,-51
1786633164298,412163,Lumbar,walk_2,0.092232,0.972096,0.306464,1.82,-1.96,0.49,-51
1786633164298,412179,Lumbar,walk_2,0.09272,0.97356,0.30744,1.54,-2.03,0.49,-51
1786633164298,412210,Lumbar,walk_2,0.09272,0.971608,0.30988,1.54,-1.96,0.56,-51
1786633164298,412227,Lumbar,walk_2,0.091744,0.973072,0.30744,1.61,-1.89,0.63,-51
1786633164298,412244,Lumbar,walk_2,0.090768,0.97356,0.308416,1.47,-1.89,0.56,-51
1786633164298,412261,Lumbar,walk_2,0.090768,0.974048,0.305976,1.33,-1.89,0.7,-51
1786633164665,412436,Lumbar,walk_2,0.093208,0.968192,0.316224,0.91,-2.1,0.77,-51
1786633164665,412466,Lumbar,walk_2,0.097112,0.969168,0.305488,0.49,-2.1,1.12,-51
1786633164665,412484,Lumbar,walk_2,0.0976,0.972584,0.308904,0.28,-2.1,1.12,-51
1786633164665,412500,Lumbar,walk_2,0.0976,0.967704,0.3172,0.28,-1.96,0.91,-51
1786633164665,412517,Lumbar,walk_2,0.095648,0.96624,0.319152,0.98,-1.89,0.98,-51
1786633164665,412548,Lumbar,walk_2,0.094672,0.969656,0.316712,2.03,-1.75,0.77,-51
1786633164665,412565,Lumbar,walk_2,0.09516,0.972096,0.31232,2.1,-1.75,0.63,-51
1786633164665,412582,Lumbar,walk_2,0.095648,0.97112,0.31232,2.03,-1.82,0.49,-51
1786633164665,412599,Lumbar,walk_2,0.09516,0.971608,0.313296,1.96,-1.96,0.42,-51
1786633164665,412616,Lumbar,walk_2,0.09516,0.97112,0.313784,1.89,-1.96,0.35,-51
1786633165052,412789,Lumbar,walk_2,0.093696,0.976,0.311344,1.4,-1.89,0.07,-51
1786633165052,412820,Lumbar,walk_2,0.092232,0.972584,0.311344,1.61,-1.96,-0.07,-51
1786633165052,412837,Lumbar,walk_2,0.093696,0.97112,0.311832,1.54,-1.82,-0.07,-51
1786633165052,412854,Lumbar,walk_2,0.094184,0.97112,0.309392,1.26,-1.89,0,-51
1786633165052,412871,Lumbar,walk_2,0.09516,0.971608,0.309392,1.19,-1.96,0,-51
1786633165052,412902,Lumbar,walk_2,0.094184,0.970144,0.306952,1.19,-2.17,0,-51
1786633165052,412919,Lumbar,walk_2,0.094184,0.969656,0.30744,1.26,-2.31,0.07,-51
1786633165052,412936,Lumbar,walk_2,0.093696,0.969168,0.30744,1.19,-2.31,0.07,-51
1786633165052,412954,Lumbar,walk_2,0.094672,0.969168,0.306952,1.26,-2.38,0.28,-51
1786633165052,412971,Lumbar,walk_2,0.094672,0.969656,0.308416,1.26,-2.38,0.28,-51
1786633165438,413145,Lumbar,walk_2,0.095648,0.970632,0.307928,1.68,-2.03,0.98,-51
1786633165438,413176,Lumbar,walk_2,0.094672,0.972584,0.308416,1.82,-2.24,0.84,-51
1786633165438,413193,Lumbar,walk_2,0.095648,0.973072,0.30988,1.82,-2.31,0.77,-51
1786633165438,413210,Lumbar,walk_2,0.0976,0.973072,0.310856,1.96,-2.31,0.77,-51
1786633165438,413227,Lumbar,walk_2,0.099064,0.97356,0.30988,1.75,-2.1,0.7,-51
1786633165438,413258,Lumbar,walk_2,0.099064,0.975024,0.31232,1.75,-2.24,0.42,-51
1786633165438,413275,Lumbar,walk_2,0.098576,0.976488,0.313296,1.4,-2.24,0.28,-51
1786633165438,413292,Lumbar,walk_2,0.099064,0.970632,0.30988,1.4,-2.17,0.28,-51
1786633165438,413309,Lumbar,walk_2,0.10004,0.972096,0.309392,1.4,-2.1,0.35,-51
1786633165438,413326,Lumbar,walk_2,0.100528,0.972096,0.309392,1.26,-2.1,0.14,-51
1786633165718,413501,Lumbar,walk_2,0.096624,0.968192,0.31476,1.89,-2.1,-0.14,-50
1786633165718,413532,Lumbar,walk_2,0.097112,0.97112,0.31232,2.03,-2.1,-0.21,-50
1786633165718,413549,Lumbar,walk_2,0.09516,0.971608,0.312808,2.03,-2.03,-0.14,-50
1786633165718,413566,Lumbar,walk_2,0.094184,0.972096,0.30988,2.03,-2.03,0,-50
1786633165718,413583,Lumbar,walk_2,0.094184,0.972584,0.310368,1.82,-1.96,0.14,-50
1786633165718,413613,Lumbar,walk_2,0.09516,0.972584,0.310368,1.68,-2.03,0.07,-50
1786633165718,413630,Lumbar,walk_2,0.094184,0.970144,0.309392,1.75,-2.1,0,-50
1786633165718,413647,Lumbar,walk_2,0.094184,0.970632,0.30988,2.03,-2.24,-0.07,-50
1786633165718,413664,Lumbar,walk_2,0.094672,0.970144,0.311344,2.1,-2.24,-0.07,-50
1786633165718,413681,Lumbar,walk_2,0.092232,0.97112,0.30988,2.24,-2.31,0,-50
1786633166075,413856,Lumbar,walk_2,0.093696,0.972096,0.307928,1.96,-2.17,0.07,-50
1786633166075,413887,Lumbar,walk_2,0.094672,0.973072,0.306464,1.68,-2.17,0.14,-50
1786633166075,413904,Lumbar,walk_2,0.094184,0.974048,0.307928,1.68,-2.17,0.07,-50
1786633166075,413921,Lumbar,walk_2,0.093208,0.973072,0.308416,1.75,-2.17,0.21,-50
1786633166075,413938,Lumbar,walk_2,0.091744,0.972096,0.30744,1.68,-2.17,0.21,-50
1786633166075,413969,Lumbar,walk_2,0.093696,0.971608,0.306952,1.68,-2.1,0.21,-50
1786633166075,413986,Lumbar,walk_2,0.094184,0.971608,0.305976,1.75,-2.17,0.14,-50
1786633166075,414003,Lumbar,walk_2,0.09272,0.973072,0.308904,1.75,-2.31,0.07,-50
1786633166075,414020,Lumbar,walk_2,0.091256,0.972096,0.307928,1.82,-2.31,0,-50
1786633166075,414037,Lumbar,walk_2,0.090768,0.97356,0.306464,1.96,-2.17,0.07,-50
1786633166430,414211,Lumbar,walk_2,0.090768,0.97112,0.308904,1.61,-2.17,0.28,-51
1786633166430,414242,Lumbar,walk_2,0.09272,0.972584,0.304024,1.96,-2.17,0.28,-51
1786633166430,414259,Lumbar,walk_2,0.09272,0.974048,0.303536,1.68,-2.17,0.28,-51
1786633166430,414276,Lumbar,walk_2,0.09272,0.971608,0.305,1.47,-2.1,0.28,-51
1786633166430,414293,Lumbar,walk_2,0.091744,0.972584,0.306464,1.33,-2.03,0.42,-51
1786633166430,414324,Lumbar,walk_2,0.092232,0.970632,0.307928,1.47,-2.1,0.49,-51
1786633166430,414341,Lumbar,walk_2,0.092232,0.970144,0.308904,1.61,-2.1,0.49,-51
1786633166430,414358,Lumbar,walk_2,0.092232,0.973072,0.30744,1.54,-2.1,0.42,-51
1786633166430,414375,Lumbar,walk_2,0.090768,0.97356,0.30744,1.61,-2.17,0.49,-51
1786633166430,414392,Lumbar,walk_2,0.090768,0.972096,0.30744,1.75,-2.17,0.42,-51
1786633166785,414566,Lumbar,walk_2,0.093208,0.973072,0.304512,1.47,-2.03,0.7,-53
1786633166785,414598,Lumbar,walk_2,0.092232,0.972096,0.305488,1.4,-2.03,0.7,-53
1786633166785,414615,Lumbar,walk_2,0.092232,0.973072,0.304024,1.4,-2.03,0.77,-53
1786633166785,414632,Lumbar,walk_2,0.09272,0.972584,0.303536,1.47,-1.96,0.77,-53
1786633166785,414649,Lumbar,walk_2,0.093208,0.97356,0.305,1.47,-1.96,0.77,-53
1786633166785,414680,Lumbar,walk_2,0.093208,0.971608,0.305488,1.33,-1.96,0.84,-53
1786633166785,414697,Lumbar,walk_2,0.094184,0.971608,0.306952,1.33,-1.96,0.77,-53
1786633166785,414714,Lumbar,walk_2,0.093696,0.972096,0.307928,1.33,-2.03,0.84,-53
1786633166785,414731,Lumbar,walk_2,0.095648,0.972584,0.307928,1.26,-2.03,0.7,-53
1786633166785,414747,Lumbar,walk_2,0.096136,0.973072,0.308416,1.33,-2.1,0.56,-53
1786633167141,414921,Lumbar,walk_2,0.093208,0.974536,0.305976,1.68,-1.96,0.21,-53
1786633167141,414952,Lumbar,walk_2,0.093696,0.97356,0.310368,1.4,-2.17,0.14,-53
1786633167141,414969,Lumbar,walk_2,0.093696,0.974048,0.305976,1.33,-2.17,0.14,-53
1786633167141,414986,Lumbar,walk_2,0.097112,0.974536,0.299144,1.26,-2.17,0.28,-53
1786633167141,415003,Lumbar,walk_2,0.095648,0.97356,0.301584,0.91,-2.24,0.07,-53
1786633167141,415034,Lumbar,walk_2,0.090768,0.972096,0.311344,1.19,-2.17,-0.07,-53
1786633167141,415051,Lumbar,walk_2,0.089792,0.973072,0.30988,1.54,-2.17,-0.14,-53
1786633167141,415068,Lumbar,walk_2,0.091744,0.973072,0.309392,1.82,-2.17,-0.21,-53
1786633167141,415085,Lumbar,walk_2,0.092232,0.973072,0.30744,1.89,-2.24,-0.28,-53
1786633167141,415102,Lumbar,walk_2,0.095648,0.97356,0.306464,1.89,-2.17,-0.35,-53
1786633167497,415277,Lumbar,walk_2,0.066368,1.016016,0.292312,-3.15,-3.43,-2.73,-53
1786633167497,415308,Lumbar,walk_2,0.079544,0.972096,0.371368,-1.68,0.42,-0.07,-53
1786633167497,415324,Lumbar,walk_2,0.094184,0.962336,0.347456,1.47,2.24,-0.07,-53
1786633167497,415341,Lumbar,walk_2,0.110288,0.980392,0.294752,2.73,-0.14,-3.64,-53
1786633167497,415358,Lumbar,walk_2,0.11224,0.98332,0.291824,2.52,-3.5,-7,-53
1786633167497,415389,Lumbar,walk_2,0.076128,0.921832,0.29768,-1.19,-2.94,-5.04,-53
1786633167497,415407,Lumbar,walk_2,0.07076,0.907192,0.286944,-2.03,-2.17,-1.68,-53
1786633167497,415424,Lumbar,walk_2,0.07808,0.909144,0.292312,-1.82,-2.59,0.56,-53
1786633167497,415441,Lumbar,walk_2,0.074176,0.922808,0.297192,0,-2.52,1.68,-53
1786633167497,415458,Lumbar,walk_2,0.08296,0.955992,0.292312,1.33,-1.33,3.85,-53
1786633167859,415634,Lumbar,walk_2,0.07808,0.939888,0.334768,0.98,-2.03,1.82,-52
1786633167859,415665,Lumbar,walk_2,0.091256,0.943304,0.31964,3.57,-2.03,3.85,-52
1786633167859,415682,Lumbar,walk_2,0.102968,0.970144,0.304024,4.97,-2.31,3.92,-52
1786633167859,415699,Lumbar,walk_2,0.10492,0.976976,0.29768,6.44,-2.52,3.08,-52
1786633167859,415716,Lumbar,walk_2,0.10004,0.978928,0.294752,7.21,-2.52,2.73,-52
1786633167859,415747,Lumbar,walk_2,0.096624,0.979904,0.305976,7.7,-1.96,1.89,-52
1786633167859,415764,Lumbar,walk_2,0.089792,0.96868,0.314272,7.42,-1.89,2.17,-52
1786633167859,415781,Lumbar,walk_2,0.076616,0.961848,0.327936,7.28,-1.47,2.31,-52
1786633167859,415798,Lumbar,walk_2,0.06832,0.974048,0.33184,7.91,-1.54,2.52,-52
1786633167859,415815,Lumbar,walk_2,0.082472,0.994544,0.330864,7.98,-2.66,0.77,-52
1786633168209,415989,Lumbar,walk_2,0.052704,0.953552,0.328424,-0.49,-6.86,3.57,-53
1786633168209,416020,Lumbar,walk_2,0.059536,1.016504,0.37332,1.33,-0.56,4.41,-53
1786633168209,416037,Lumbar,walk_2,0.09272,1.031632,0.34892,1.4,-0.63,2.52,-53
1786633168209,416054,Lumbar,walk_2,0.111264,1.021384,0.299144,1.12,-1.82,-1.05,-53
1786633168209,416071,Lumbar,walk_2,0.114192,1.008696,0.282552,-1.33,-2.8,-4.13,-53
1786633168209,416102,Lumbar,walk_2,0.111752,0.955504,0.271328,-1.33,-1.96,-5.53,-53
1786633168209,416119,Lumbar,walk_2,0.101992,0.920856,0.260104,-1.05,-1.61,-3.01,-53
1786633168209,416136,Lumbar,walk_2,0.087352,0.906216,0.27572,0.14,-1.89,0.98,-53
1786633168209,416153,Lumbar,walk_2,0.081496,0.911096,0.306464,2.52,-2.24,4.2,-53
1786633168209,416170,Lumbar,walk_2,0.0854,0.931104,0.320616,4.48,-2.45,5.11,-53
1786633168565,416345,Lumbar,walk_2,0.092232,0.965264,0.2928,2.52,-1.4,0.84,-53
1786633168565,416376,Lumbar,walk_2,0.079544,0.960384,0.307928,1.75,-1.75,1.61,-53
1786633168565,416393,Lumbar,walk_2,0.075152,0.964776,0.298656,2.52,-1.61,1.54,-53
1786633168565,416410,Lumbar,walk_2,0.075152,0.970632,0.288896,3.08,-2.24,1.26,-53
1786633168565,416427,Lumbar,walk_2,0.076616,0.974536,0.283528,3.99,-2.87,0.84,-53
1786633168565,416458,Lumbar,walk_2,0.091744,0.996984,0.280112,4.9,-3.57,-0.21,-53
1786633168565,416475,Lumbar,walk_2,0.093696,0.995032,0.266936,4.62,-2.73,-0.35,-53
1786633168565,416492,Lumbar,walk_2,0.094672,0.9882,0.262056,4.34,-2.24,0.07,-53
1786633168565,416509,Lumbar,walk_2,0.093208,0.976976,0.259128,3.15,-2.17,0.28,-53
1786633168565,416526,Lumbar,walk_2,0.084912,0.967704,0.267912,2.94,-2.8,0.98,-53
1786633168923,416699,Lumbar,walk_2,0.095648,0.965752,0.25132,-0.56,-2.66,-0.7,-53
1786633168923,416730,Lumbar,walk_2,0.084912,0.964288,0.292312,-0.84,-3.99,0.35,-53
1786633168923,416747,Lumbar,walk_2,0.081984,0.969656,0.298656,-0.84,-4.13,0.14,-53
1786633168923,416765,Lumbar,walk_2,0.083448,0.979416,0.306464,-0.63,-3.99,-0.21,-53
1786633168923,416782,Lumbar,walk_2,0.085888,0.991128,0.311832,-0.77,-3.64,-1.19,-53
1786633168923,416813,Lumbar,walk_2,0.102968,1.001376,0.295728,-0.56,-3.22,-3.15,-53
1786633168923,416830,Lumbar,walk_2,0.110776,1.001376,0.272792,-0.49,-2.8,-4.34,-53
1786633168923,416847,Lumbar,walk_2,0.1098,0.990152,0.25376,-0.7,-2.8,-4.9,-53
1786633168923,416864,Lumbar,walk_2,0.096624,0.955016,0.262056,-0.56,-2.66,-3.99,-53
1786633168923,416881,Lumbar,walk_2,0.088816,0.947208,0.270352,-0.49,-3.08,-2.03,-53
1786633169296,417058,Lumbar,walk_2,0.088328,0.974536,0.264008,-0.14,-2.87,-2.31,-49
1786633169296,417089,Lumbar,walk_2,0.071248,0.966728,0.295728,-0.98,-3.29,-1.4,-49
1786633169296,417106,Lumbar,walk_2,0.061976,0.965752,0.320128,-0.56,-3.08,-1.05,-49
1786633169296,417123,Lumbar,walk_2,0.062464,0.96136,0.325984,0.42,-2.59,-0.63,-49
1786633169296,417140,Lumbar,walk_2,0.069784,0.961848,0.325984,1.4,-2.17,-0.35,-49
1786633169296,417170,Lumbar,walk_2,0.084424,0.976,0.30744,3.22,-1.4,-0.21,-49
1786633169296,417187,Lumbar,walk_2,0.093208,0.991616,0.284504,3.15,-1.12,-0.49,-49
1786633169296,417204,Lumbar,walk_2,0.095648,0.999424,0.270352,2.45,-1.26,-1.33,-49
1786633169296,417221,Lumbar,walk_2,0.093208,0.874496,0.262056,1.26,-1.61,-2.03,-49
1786633169296,417238,Lumbar,walk_2,0.077592,0.991128,0.262056,0.56,-1.89,-2.17,-49
1786633169684,417413,Lumbar,walk_2,0.074176,0.976976,0.282064,-0.7,-2.31,-0.21,-49
1786633169684,417444,Lumbar,walk_2,0.06588,0.975024,0.296216,-0.77,-2.38,0.35,-49
1786633169684,417461,Lumbar,walk_2,0.067344,0.974048,0.299632,-0.56,-2.1,1.05,-49
1786633169684,417478,Lumbar,walk_2,0.069784,0.974536,0.303536,-0.14,-2.66,1.33,-49
1786633169684,417495,Lumbar,walk_2,0.072712,0.976,0.305488,-0.56,-1.96,1.4,-49
1786633169684,417526,Lumbar,walk_2,0.07564,0.96624,0.308904,-0.49,-2.1,0.91,-49
1786633169684,417543,Lumbar,walk_2,0.073688,0.9638,0.304024,0.35,-1.61,1.68,-49
1786633169684,417560,Lumbar,walk_2,0.076616,0.965752,0.298168,0.91,-1.96,1.96,-49
1786633169684,417577,Lumbar,walk_2,0.080032,0.976488,0.284016,1.12,-2.38,2.03,-49
1786633169684,417594,Lumbar,walk_2,0.081008,0.991616,0.281576,0.28,-2.59,1.61,-49
1786633169991,417768,Lumbar,walk_2,0.079056,0.982344,0.29524,2.31,-1.89,-0.49,-51
1786633169991,417800,Lumbar,walk_2,0.081984,0.9882,0.288408,0.7,-1.33,-1.4,-51
1786633169991,417817,Lumbar,walk_2,0.083448,0.982344,0.277672,-0.14,-0.84,-0.84,-51
1786633169991,417834,Lumbar,walk_2,0.086864,0.974536,0.277184,-0.7,-1.19,-0.35,-51
1786633169991,417851,Lumbar,walk_2,0.091256,0.96868,0.287432,-1.05,-2.38,-0.42,-51
1786633169991,417882,Lumbar,walk_2,0.087352,0.967704,0.307928,0.7,-4.69,-1.68,-51
1786633169991,417899,Lumbar,walk_2,0.071248,0.97112,0.321104,1.26,-4.48,-1.89,-51
1786633169991,417916,Lumbar,walk_2,0.05368,0.972584,0.327936,1.68,-3.43,-1.61,-51
1786633169991,417933,Lumbar,walk_2,0.044408,0.970632,0.325008,1.96,-2.17,-0.7,-51
1786633169991,417950,Lumbar,walk_2,0.044896,0.967704,0.317688,2.1,-1.33,0.28,-51
1786633170356,418125,Lumbar,walk_2,0.086864,0.950624,0.342088,-0.14,-1.54,-1.26,-50
1786633170356,418156,Lumbar,walk_2,0.083448,0.951112,0.338672,2.45,-1.05,-1.19,-50
1786633170356,418173,Lumbar,walk_2,0.083936,0.958432,0.329888,3.36,-1.26,-1.19,-50
1786633170356,418190,Lumbar,walk_2,0.08296,0.964776,0.323056,3.36,-1.54,-1.33,-50
1786633170356,418207,Lumbar,walk_2,0.072224,0.970632,0.315248,3.78,-1.89,-1.54,-50
1786633170356,418238,Lumbar,walk_2,0.04392,0.980392,0.295728,4.13,-2.17,-0.91,-50
1786633170356,418255,Lumbar,walk_2,0.035136,0.978928,0.276208,4.13,-2.03,0.21,-50
1786633170356,418273,Lumbar,walk_2,0.037576,0.984296,0.267912,3.64,-2.17,1.19,-50
1786633170356,418290,Lumbar,walk_2,0.039528,0.98576,0.272304,2.73,-2.03,1.89,-50
1786633170356,418307,Lumbar,walk_2,0.045384,0.981856,0.276208,2.45,-1.96,2.73,-50
1786633170710,418483,Lumbar,walk_2,0.084424,0.99796,0.309392,0.21,-2.38,0.77,-52
1786633170710,418514,Lumbar,walk_2,0.083448,0.999424,0.303048,-1.33,-1.68,-0.63,-52
1786633170710,418531,Lumbar,walk_2,0.082472,0.983808,0.308416,-2.1,-1.33,-0.98,-52
1786633170710,418549,Lumbar,walk_2,0.079056,0.961848,0.316224,-1.26,-1.05,-1.19,-52
1786633170710,418566,Lumbar,walk_2,0.077104,0.953064,0.309392,-0.35,-0.56,-1.05,-52
1786633170710,418583,Lumbar,walk_2,0.085888,0.96136,0.305488,0,-0.28,-0.91,-52
1786633170710,418614,Lumbar,walk_2,0.09028,0.965752,0.311344,0.56,-0.63,-1.19,-52
1786633170710,418631,Lumbar,walk_2,0.083448,0.968192,0.315248,0.77,-0.84,-0.91,-52
1786633170710,418648,Lumbar,walk_2,0.080032,0.967704,0.315248,0.77,-0.91,-0.91,-52
1786633170710,418665,Lumbar,walk_2,0.073688,0.964776,0.313784,1.05,-0.91,-0.84,-52
1786633171069,418842,Lumbar,walk_2,0.055632,0.953552,0.313296,2.73,-2.73,0.07,-52
1786633171069,418873,Lumbar,walk_2,0.061976,0.970144,0.294752,2.45,-2.66,1.54,-52
1786633171069,418890,Lumbar,walk_2,0.069296,0.976488,0.30012,1.75,-2.24,2.1,-52
1786633171069,418907,Lumbar,walk_2,0.074176,0.979904,0.305976,1.61,-2.24,1.96,-52
1786633171069,418924,Lumbar,walk_2,0.073688,0.985272,0.307928,1.26,-2.31,1.47,-52
1786633171069,418955,Lumbar,walk_2,0.071248,0.987224,0.304024,0.77,-2.31,0.77,-52
1786633171069,418972,Lumbar,walk_2,0.076128,0.984296,0.30256,0.28,-2.1,0.28,-52
1786633171069,418989,Lumbar,walk_2,0.07808,0.982832,0.303536,-0.42,-2.1,0.07,-52
1786633171069,419006,Lumbar,walk_2,0.081984,0.984784,0.306464,-0.98,-2.1,-0.63,-52
1786633171069,419023,Lumbar,walk_2,0.08052,0.982832,0.307928,-2.24,-1.33,-0.98,-52
1786633171423,419199,Lumbar,walk_2,0.058072,0.966728,0.316224,1.05,-2.31,-0.63,-52
1786633171423,419231,Lumbar,walk_2,0.05856,0.962336,0.318176,1.33,-1.96,0,-52
1786633171423,419248,Lumbar,walk_2,0.060512,0.968192,0.317688,1.68,-2.17,0.28,-52
1786633171423,419265,Lumbar,walk_2,0.057584,0.978928,0.316712,1.54,-2.1,0.56,-52
1786633171423,419282,Lumbar,walk_2,0.057584,0.981856,0.313784,0.91,-2.17,0.42,-52
1786633171423,419313,Lumbar,walk_2,0.059536,0.965264,0.320128,0.49,-1.82,0.42,-52
1786633171423,419330,Lumbar,walk_2,0.06344,0.957456,0.324032,0.84,-1.33,1.19,-52
1786633171423,419347,Lumbar,walk_2,0.062952,0.958432,0.323544,1.47,-2.24,1.33,-52
1786633171423,419364,Lumbar,walk_2,0.065392,0.965264,0.323544,2.31,-2.31,1.26,-52
1786633171423,419381,Lumbar,walk_2,0.070272,0.969168,0.320128,2.59,-2.17,1.05,-52
1786633171778,419554,Lumbar,walk_2,0.063928,0.96624,0.32208,1.75,-1.96,-0.21,-52
1786633171778,419585,Lumbar,walk_2,0.062952,0.975024,0.31964,1.54,-1.47,-0.49,-52
1786633171778,419602,Lumbar,walk_2,0.06588,0.97112,0.31964,1.68,-1.54,-0.42,-52
1786633171778,419619,Lumbar,walk_2,0.065392,0.97112,0.318176,1.75,-1.82,-0.28,-52
1786633171778,419636,Lumbar,walk_2,0.063928,0.977464,0.316224,1.54,-1.96,-0.28,-52
1786633171778,419666,Lumbar,walk_2,0.060512,0.97844,0.308904,1.05,-1.96,-0.56,-52
1786633171778,419684,Lumbar,walk_2,0.060024,0.973072,0.311344,0.91,-2.03,-0.84,-52
1786633171778,419700,Lumbar,walk_2,0.061488,0.965752,0.313784,1.19,-2.1,-0.84,-52
1786633171778,419717,Lumbar,walk_2,0.061,0.964288,0.31476,1.19,-2.17,-0.21,-52
1786633171778,419734,Lumbar,walk_2,0.062464,0.967216,0.316224,0.98,-2.45,0.07,-52
1786633172133,419909,Lumbar,walk_2,0.059048,0.970144,0.326472,0.91,-2.1,0.91,-51
1786633172133,419940,Lumbar,walk_2,0.062464,0.967704,0.327448,2.03,-2.03,0.98,-51
1786633172133,419957,Lumbar,walk_2,0.062952,0.971608,0.31964,2.17,-2.38,0.91,-51
1786633172133,419974,Lumbar,walk_2,0.062952,0.972584,0.318176,2.03,-2.52,0.63,-51
1786633172133,419991,Lumbar,walk_2,0.062952,0.969656,0.318176,1.68,-2.45,0.7,-51
1786633172133,420022,Lumbar,walk_2,0.064416,0.961848,0.324032,2.03,-2.17,1.19,-51
1786633172133,420039,Lumbar,walk_2,0.06344,0.962824,0.325008,2.45,-2.17,1.47,-51
1786633172133,420056,Lumbar,walk_2,0.063928,0.962824,0.32452,2.8,-2.17,1.61,-51
1786633172133,420073,Lumbar,walk_2,0.064904,0.965264,0.32208,3.08,-2.1,1.68,-51
1786633172133,420090,Lumbar,walk_2,0.067832,0.967704,0.324032,3.22,-1.96,1.75,-51
1786633172501,420264,Lumbar,walk_2,0.084424,0.983808,0.321592,0.63,-2.1,-0.14,-52
1786633172501,420295,Lumbar,walk_2,0.078568,0.982344,0.323544,-0.42,-1.75,-0.91,-52
1786633172501,420312,Lumbar,walk_2,0.0732,0.976976,0.325984,-0.7,-2.03,-1.33,-52
1786633172501,420328,Lumbar,walk_2,0.063928,0.960384,0.329888,-0.35,-2.24,-1.4,-52
1786633172501,420345,Lumbar,walk_2,0.05612,0.948184,0.333304,0.84,-2.52,-0.98,-52
1786633172501,420376,Lumbar,walk_2,0.054656,0.954528,0.321592,2.8,-2.17,0,-52
1786633172501,420393,Lumbar,walk_2,0.054656,0.966728,0.311344,3.36,-1.75,0.91,-52
1786633172501,420410,Lumbar,walk_2,0.057096,0.979904,0.303536,2.8,-1.68,1.47,-52
1786633172501,420427,Lumbar,walk_2,0.05856,0.981368,0.301096,2.45,-1.4,1.75,-52
1786633172501,420458,Lumbar,walk_2,0.057584,0.973072,0.312808,2.24,-1.26,2.03,-52
1786633172856,420634,Lumbar,walk_2,0.076616,0.960872,0.325984,4.69,-2.45,2.66,-52
1786633172856,420665,Lumbar,walk_2,0.074664,0.96624,0.304512,6.58,-2.94,3.71,-52
1786633172856,420682,Lumbar,walk_2,0.069296,0.976976,0.306464,5.32,-2.03,4.27,-52
1786633172856,420699,Lumbar,walk_2,0.069296,0.974536,0.310856,4.9,-0.21,5.18,-52
1786633172856,420716,Lumbar,walk_2,0.069784,0.972584,0.30988,4.76,0.07,5.46,-52
1786633172856,420747,Lumbar,walk_2,0.075152,0.977952,0.302072,4.69,0.07,4.97,-52
1786633172856,420764,Lumbar,walk_2,0.08296,0.979416,0.294752,4.76,-0.28,4.55,-52
1786633172856,420781,Lumbar,walk_2,0.09516,0.99308,0.288408,4.69,-1.4,3.64,-52
1786633172856,420798,Lumbar,walk_2,0.093208,0.999424,0.283528,3.71,-2.52,2.45,-52
1786633172856,420815,Lumbar,walk_2,0.086376,0.99064,0.291824,2.66,-2.31,1.75,-52
1786633173221,420988,Lumbar,walk_2,0.094184,0.970632,0.301584,1.61,-1.89,0.28,-52
1786633173221,421020,Lumbar,walk_2,0.10004,0.96624,0.29524,2.17,-1.54,0.63,-52
1786633173221,421038,Lumbar,walk_2,0.100528,0.973072,0.288896,2.03,-1.61,0.63,-52
1786633173221,421054,Lumbar,walk_2,0.096624,0.974536,0.291336,1.82,-1.89,0.77,-52
1786633173221,421071,Lumbar,walk_2,0.094672,0.978928,0.289384,1.75,-2.17,0.56,-52
1786633173221,421102,Lumbar,walk_2,0.089792,0.981368,0.291336,1.05,-2.73,-0.14,-52
1786633173221,421119,Lumbar,walk_2,0.089304,0.977952,0.301096,1.12,-2.8,-0.14,-52
1786633173221,421136,Lumbar,walk_2,0.08296,0.982344,0.305,1.05,-2.8,-0.35,-52
1786633173221,421153,Lumbar,walk_2,0.081496,0.982832,0.31232,0.77,-2.73,-0.7,-52
1786633173221,421170,Lumbar,walk_2,0.077592,0.971608,0.3172,0.91,-2.59,-0.77,-52
1786633173567,421344,Lumbar,walk_2,0.079056,0.975512,0.294752,3.01,-1.75,1.54,-52
1786633173567,421375,Lumbar,walk_2,0.083936,0.986736,0.288408,1.96,-1.26,1.89,-52
1786633173567,421392,Lumbar,walk_2,0.084424,0.982344,0.29036,1.19,-1.4,1.54,-52
1786633173567,421409,Lumbar,walk_2,0.083448,0.979416,0.297192,1.33,-1.47,1.26,-52
1786633173567,421426,Lumbar,walk_2,0.082472,0.978928,0.30012,1.4,-1.61,0.91,-52
1786633173567,421457,Lumbar,walk_2,0.086864,0.969656,0.306464,1.54,-1.12,1.05,-52
1786633173567,421474,Lumbar,walk_2,0.089792,0.969656,0.305,1.61,-0.77,1.47,-52
1786633173567,421491,Lumbar,walk_2,0.094184,0.976976,0.296216,1.47,-0.7,1.47,-52
1786633173567,421508,Lumbar,walk_2,0.10004,0.981368,0.289384,0.91,-0.91,1.26,-52
1786633173567,421525,Lumbar,walk_2,0.099064,0.980392,0.290848,0.42,-1.33,0.91,-52
1786633175268,421699,Lumbar,walk_2,0.08784,0.975024,0.299144,0.7,-2.59,0.35,-52
1786633175268,421730,Lumbar,walk_2,0.083936,0.97356,0.304024,1.26,-2.87,0.07,-52
1786633175268,421747,Lumbar,walk_2,0.082472,0.969656,0.306464,1.47,-2.73,0.07,-52
1786633175268,421764,Lumbar,walk_2,0.084912,0.969656,0.305976,1.89,-2.52,0.35,-52
1786633175268,421781,Lumbar,walk_2,0.08784,0.970632,0.304024,2.17,-2.38,0.49,-52
1786633175268,421812,Lumbar,walk_2,0.09516,0.972584,0.301096,2.38,-2.24,0.42,-52
1786633175268,421829,Lumbar,walk_2,0.098576,0.974048,0.301096,2.38,-2.17,0.21,-52
1786633175268,421846,Lumbar,walk_2,0.099552,0.975024,0.301096,2.24,-2.1,0.14,-52
1786633175268,421863,Lumbar,walk_2,0.10004,0.976,0.301584,2.17,-1.96,0,-52
1786633175268,421880,Lumbar,walk_2,0.101992,0.976,0.302072,2.17,-1.89,-0.14,-52
1786633175269,422054,Lumbar,walk_2,0.07808,0.978928,0.296704,1.33,-2.1,-0.77,-52
1786633175269,422085,Lumbar,walk_2,0.079544,0.974536,0.289872,1.4,-2.31,-0.28,-52
1786633175269,422102,Lumbar,walk_2,0.081008,0.973072,0.29768,1.05,-2.31,-0.14,-52
1786633175269,422120,Lumbar,walk_2,0.08052,0.973072,0.305488,1.05,-2.17,-0.21,-52
1786633175269,422137,Lumbar,walk_2,0.080032,0.97112,0.310368,1.54,-2.1,-0.14,-52
1786633175269,422168,Lumbar,walk_2,0.083448,0.972584,0.304512,2.17,-2.1,-0.28,-52
1786633175269,422184,Lumbar,walk_2,0.083448,0.970632,0.295728,2.8,-2.17,-0.07,-52
1786633175269,422201,Lumbar,walk_2,0.088328,0.975024,0.2928,2.73,-2.17,-0.14,-52
1786633175269,422218,Lumbar,walk_2,0.088816,0.97844,0.29036,2.52,-2.1,-0.21,-52
1786633175269,422235,Lumbar,walk_2,0.08784,0.976,0.2928,2.38,-2.24,-0.14,-52
1786633175273,422408,Lumbar,walk_2,0.086376,0.976488,0.290848,2.59,-2.52,0,-54
1786633175273,422439,Lumbar,walk_2,0.081984,0.975512,0.293288,2.45,-2.52,0.28,-54
1786633175273,422456,Lumbar,walk_2,0.081008,0.969656,0.294264,2.73,-2.73,0.49,-54
1786633175273,422473,Lumbar,walk_2,0.08296,0.973072,0.294264,3.29,-2.59,0.63,-54
1786633175273,422490,Lumbar,walk_2,0.082472,0.976976,0.291336,3.01,-2.31,0.91,-54
1786633175273,422521,Lumbar,walk_2,0.084424,0.98576,0.284504,2.24,-1.96,0.91,-54
1786633175273,422538,Lumbar,walk_2,0.086376,0.987224,0.284992,1.26,-1.96,0.7,-54
1786633175273,422555,Lumbar,walk_2,0.082472,0.96868,0.294752,1.54,-1.96,0.77,-54
1786633175273,422572,Lumbar,walk_2,0.081984,0.967704,0.291824,2.31,-1.96,1.19,-54
1786633175273,422589,Lumbar,walk_2,0.082472,0.974536,0.289384,2.45,-1.89,1.26,-54
1786633175381,422762,Lumbar,walk_2,0.088816,0.97112,0.29036,0.7,-2.17,0.7,-54
1786633175381,422793,Lumbar,walk_2,0.088328,0.981368,0.284504,1.12,-2.24,0.77,-54
1786633175381,422810,Lumbar,walk_2,0.086864,0.982344,0.284016,1.05,-2.17,0.42,-54
1786633175381,422827,Lumbar,walk_2,0.0854,0.97844,0.288408,1.05,-2.17,0.35,-54
1786633175381,422844,Lumbar,walk_2,0.082472,0.975024,0.29036,1.12,-2.24,0.49,-54
1786633175381,422875,Lumbar,walk_2,0.087352,0.977464,0.294264,1.26,-1.75,0.98,-54
1786633175381,422892,Lumbar,walk_2,0.08784,0.976976,0.297192,1.33,-1.68,0.98,-54
1786633175381,422909,Lumbar,walk_2,0.089792,0.976,0.298656,1.47,-1.61,0.98,-54
1786633175381,422926,Lumbar,walk_2,0.091744,0.976488,0.289872,1.19,-1.82,0.98,-54
1786633175381,422943,Lumbar,walk_2,0.091256,0.974536,0.287432,1.33,-2.03,1.12,-54
1786633175750,423510,Lumbar,walk_2,0.093208,0.979904,0.289872,1.19,-2.24,0.35,-55
1786633175750,423541,Lumbar,walk_2,0.094184,0.974536,0.294752,1.47,-2.03,0.49,-55
1786633175750,423558,Lumbar,walk_2,0.093208,0.978928,0.2928,1.33,-2.17,0.35,-55
1786633175750,423575,Lumbar,walk_2,0.092232,0.976488,0.293776,1.4,-2.17,0.35,-55
1786633175750,423592,Lumbar,walk_2,0.09272,0.974536,0.293288,1.61,-2.1,0.35,-55
1786633175750,423623,Lumbar,walk_2,0.09272,0.976976,0.290848,1.33,-2.03,0.07,-55
1786633175750,423640,Lumbar,walk_2,0.091744,0.97844,0.291336,1.26,-2.1,-0.07,-55
1786633175750,423657,Lumbar,walk_2,0.09272,0.977464,0.292312,1.4,-2.24,-0.14,-55
1786633175750,423674,Lumbar,walk_2,0.091744,0.976,0.293288,1.61,-2.24,-0.07,-55
1786633175750,423691,Lumbar,walk_2,0.090768,0.974536,0.2928,1.54,-2.17,0.07,-55
1786633176093,423866,Lumbar,walk_2,0.090768,0.977464,0.29036,1.89,-2.17,-0.07,-55
1786633176093,423897,Lumbar,walk_2,0.088816,0.977464,0.289872,1.47,-2.24,0.07,-55
1786633176093,423914,Lumbar,walk_2,0.088328,0.976488,0.29036,1.33,-2.17,0.07,-55
1786633176093,423931,Lumbar,walk_2,0.088328,0.976488,0.292312,1.26,-2.17,0.14,-55
1786633176093,423948,Lumbar,walk_2,0.08784,0.973072,0.295728,1.33,-2.17,0.21,-55
1786633176093,423979,Lumbar,walk_2,0.088816,0.975512,0.297192,1.82,-2.31,0,-55
1786633176093,423997,Lumbar,walk_2,0.088328,0.976976,0.296216,1.75,-2.31,-0.07,-55
1786633176093,424014,Lumbar,walk_2,0.088816,0.974536,0.2928,1.75,-2.17,-0.14,-55
1786633176093,424031,Lumbar,walk_2,0.088816,0.975512,0.2928,1.82,-2.17,0,-55
1786633176093,424048,Lumbar,walk_2,0.091256,0.977952,0.293288,1.54,-2.24,0.14,-55
1786633176449,424223,Lumbar,walk_2,0.089792,0.976488,0.292312,1.61,-2.24,0.28,-55
1786633176449,424254,Lumbar,walk_2,0.088816,0.975512,0.290848,1.68,-2.17,0.21,-55
1786633176449,424271,Lumbar,walk_2,0.088328,0.976976,0.291336,1.68,-2.24,0.21,-55
1786633176449,424288,Lumbar,walk_2,0.087352,0.976488,0.292312,1.68,-2.17,0.28,-55
1786633176449,424305,Lumbar,walk_2,0.087352,0.976,0.293288,1.68,-2.1,0.35,-55
1786633176449,424336,Lumbar,walk_2,0.08784,0.975512,0.293776,1.68,-1.96,0.49,-55
1786633176449,424353,Lumbar,walk_2,0.090768,0.976488,0.2928,1.47,-1.96,0.56,-55
1786633176449,424370,Lumbar,walk_2,0.088816,0.976488,0.2928,1.54,-2.03,0.56,-55
1786633176449,424387,Lumbar,walk_2,0.089304,0.976488,0.290848,1.54,-2.17,0.56,-55
1786633176449,424404,Lumbar,walk_2,0.087352,0.976,0.29036,1.47,-2.17,0.77,-55
1786633176806,424578,Lumbar,walk_2,0.091256,0.976488,0.286456,1.12,-2.03,0.77,-55
1786633176806,424609,Lumbar,walk_2,0.091744,0.975024,0.288896,1.05,-2.1,0.91,-55
1786633176806,424626,Lumbar,walk_2,0.089792,0.975024,0.294264,0.98,-2.03,0.77,-55
1786633176806,424643,Lumbar,walk_2,0.088328,0.97356,0.296704,1.33,-1.96,0.7,-55
1786633176806,424659,Lumbar,walk_2,0.088816,0.974048,0.29768,1.54,-1.89,0.84,-55
1786633176806,424690,Lumbar,walk_2,0.090768,0.97844,0.291824,1.75,-1.89,0.77,-55
1786633176806,424707,Lumbar,walk_2,0.09028,0.978928,0.290848,1.54,-1.89,0.7,-55
1786633176806,424724,Lumbar,walk_2,0.090768,0.979904,0.291336,1.4,-1.89,0.7,-55
1786633176806,424741,Lumbar,walk_2,0.091256,0.976976,0.291824,1.19,-1.96,0.7,-55
1786633176806,424758,Lumbar,walk_2,0.092232,0.975024,0.294752,1.19,-1.96,0.77,-55
1786633177160,424933,Lumbar,walk_2,0.091256,0.976976,0.294752,1.47,-2.1,0.42,-55
1786633177160,424964,Lumbar,walk_2,0.091744,0.974536,0.294264,1.61,-2.1,0.42,-55
1786633177160,424981,Lumbar,walk_2,0.092232,0.975512,0.294264,1.68,-2.03,0.49,-55
1786633177160,424998,Lumbar,walk_2,0.093696,0.976,0.293288,1.68,-2.03,0.49,-55
1786633177160,425015,Lumbar,walk_2,0.092232,0.976976,0.293776,1.61,-2.03,0.42,-55
1786633177160,425046,Lumbar,walk_2,0.092232,0.975024,0.294264,1.61,-2.03,0.42,-55
1786633177160,425063,Lumbar,walk_2,0.090768,0.975512,0.292312,1.54,-2.17,0.42,-55
1786633177160,425080,Lumbar,walk_2,0.091256,0.975024,0.2928,1.61,-2.1,0.42,-55
1786633177160,425097,Lumbar,walk_2,0.091744,0.975512,0.293288,1.68,-2.03,0.49,-55
1786633177160,425114,Lumbar,walk_2,0.093696,0.976,0.293776,1.75,-2.03,0.49,-55
1786633177572,425344,Lumbar,walk_2,0.092232,0.976,0.2928,1.61,-1.89,0.49,-54
1786633177572,425376,Lumbar,walk_2,0.091256,0.979416,0.297192,1.47,-1.96,0.35,-54
1786633177572,425393,Lumbar,walk_2,0.091256,0.977952,0.294264,1.26,-2.03,0.42,-54
1786633177572,425410,Lumbar,walk_2,0.092232,0.975512,0.28792,1.26,-2.03,0.56,-54
1786633177572,425427,Lumbar,walk_2,0.092232,0.975512,0.289872,1.12,-2.1,0.7,-54
1786633177572,425458,Lumbar,walk_2,0.089792,0.976,0.29524,0.98,-2.1,0.56,-54
1786633177572,425475,Lumbar,walk_2,0.090768,0.975512,0.296704,1.26,-2.1,0.49,-54
1786633177572,425492,Lumbar,walk_2,0.09028,0.974536,0.29524,1.68,-2.1,0.56,-54
1786633177572,425509,Lumbar,walk_2,0.09272,0.976,0.2928,1.82,-2.1,0.49,-54
1786633177572,425526,Lumbar,walk_2,0.093208,0.977952,0.289384,1.68,-2.17,0.49,-54
1786633177925,425698,Lumbar,walk_2,0.093696,0.976488,0.2928,1.68,-2.1,0.49,-54
1786633177925,425729,Lumbar,walk_2,0.093208,0.977464,0.2928,1.54,-2.1,0.49,-54
1786633177925,425746,Lumbar,walk_2,0.093696,0.976,0.293288,1.54,-2.1,0.35,-54
1786633177925,425763,Lumbar,walk_2,0.093208,0.976,0.294264,1.68,-2.17,0.35,-54
1786633177925,425780,Lumbar,walk_2,0.093696,0.976,0.293288,1.82,-2.17,0.28,-54
1786633177925,425811,Lumbar,walk_2,0.09272,0.977464,0.293288,1.82,-2.1,0.28,-54
1786633177925,425828,Lumbar,walk_2,0.093696,0.977464,0.293288,1.75,-2.03,0.28,-54
1786633177925,425845,Lumbar,walk_2,0.093696,0.977464,0.293288,1.68,-2.1,0.28,-54
1786633177925,425862,Lumbar,walk_2,0.093208,0.976976,0.294264,1.54,-2.1,0.21,-54
1786633177925,425879,Lumbar,walk_2,0.093696,0.976,0.293776,1.61,-2.03,0.14,-54
1786633178281,426052,Lumbar,walk_2,0.09028,0.977464,0.2928,1.47,-2.17,0.07,-54
1786633178281,426083,Lumbar,walk_2,0.092232,0.976488,0.291824,1.4,-2.17,0.14,-54
1786633178281,426100,Lumbar,walk_2,0.09272,0.976976,0.292312,1.4,-2.1,0.07,-54
1786633178281,426117,Lumbar,walk_2,0.091256,0.975024,0.29524,1.47,-2.24,-0.07,-54
1786633178281,426134,Lumbar,walk_2,0.089792,0.975512,0.294752,1.68,-2.31,-0.07,-54
1786633178281,426165,Lumbar,walk_2,0.090768,0.975512,0.293776,1.68,-2.17,0.21,-54
1786633178281,426182,Lumbar,walk_2,0.091256,0.975512,0.2928,1.54,-2.03,0.21,-54
1786633178281,426199,Lumbar,walk_2,0.090768,0.977464,0.294264,1.54,-2.1,0.14,-54
1786633178281,426216,Lumbar,walk_2,0.091256,0.978928,0.29768,1.54,-2.17,0.14,-54
1786633178281,426233,Lumbar,walk_2,0.088816,0.977952,0.2928,1.4,-2.17,0.35,-54
1786633178635,426407,Lumbar,walk_2,0.091256,0.976,0.293288,1.26,-2.24,0.21,-53
1786633178635,426438,Lumbar,walk_2,0.092232,0.97356,0.296216,1.54,-2.17,0.21,-53
1786633178635,426455,Lumbar,walk_2,0.090768,0.97356,0.297192,1.68,-2.24,0.21,-53
1786633178635,426472,Lumbar,walk_2,0.091744,0.976488,0.297192,1.68,-2.17,0.14,-53
1786633178635,426489,Lumbar,walk_2,0.09028,0.976976,0.296704,1.75,-2.17,0,-53
1786633178635,426520,Lumbar,walk_2,0.091744,0.975024,0.292312,1.75,-2.17,0.07,-53
1786633178635,426537,Lumbar,walk_2,0.093208,0.976,0.291336,1.68,-2.17,0.28,-53
1786633178635,426554,Lumbar,walk_2,0.09272,0.977464,0.294264,1.54,-2.17,0.28,-53
1786633178635,426571,Lumbar,walk_2,0.090768,0.977952,0.292312,1.54,-2.17,0.14,-53
1786633178635,426588,Lumbar,walk_2,0.09028,0.977464,0.293776,1.54,-2.17,0.07,-53
1786633178989,426762,Lumbar,walk_2,0.088328,0.976,0.293288,1.75,-2.03,0.21,-53
1786633178989,426793,Lumbar,walk_2,0.088328,0.976,0.292312,1.75,-2.03,0.35,-53
1786633178989,426810,Lumbar,walk_2,0.089792,0.977464,0.291824,1.75,-2.03,0.42,-53
1786633178989,426827,Lumbar,walk_2,0.090768,0.976488,0.290848,1.68,-2.1,0.49,-53
1786633178989,426844,Lumbar,walk_2,0.09028,0.976,0.290848,1.68,-2.03,0.56,-53
1786633178989,426875,Lumbar,walk_2,0.088816,0.976,0.291824,1.61,-2.1,0.63,-53
1786633178989,426892,Lumbar,walk_2,0.088816,0.976976,0.290848,1.75,-2.03,0.7,-53
1786633178989,426909,Lumbar,walk_2,0.088816,0.976976,0.291336,1.68,-2.03,0.77,-53
1786633178989,426926,Lumbar,walk_2,0.09028,0.977952,0.290848,1.61,-1.96,0.7,-53
1786633178989,426943,Lumbar,walk_2,0.090768,0.977464,0.2928,1.54,-2.03,0.7,-53
1786633179345,427116,Lumbar,walk_2,0.094184,0.977464,0.29036,1.19,-1.96,0.98,-54
1786633179345,427147,Lumbar,walk_2,0.09272,0.975512,0.296216,1.19,-1.89,0.91,-54
1786633179345,427164,Lumbar,walk_2,0.091256,0.975512,0.29524,1.4,-1.89,0.91,-54
1786633179345,427181,Lumbar,walk_2,0.091256,0.976976,0.2928,1.68,-1.96,0.77,-54
1786633179345,427198,Lumbar,walk_2,0.092232,0.975512,0.289384,1.82,-1.96,0.7,-54
1786633179345,427228,Lumbar,walk_2,0.093208,0.977952,0.288896,1.47,-1.89,0.84,-54
1786633179345,427245,Lumbar,walk_2,0.093696,0.976976,0.290848,1.26,-1.82,0.91,-54
1786633179345,427263,Lumbar,walk_2,0.093208,0.976,0.293288,1.12,-1.82,0.91,-54
1786633179345,427280,Lumbar,walk_2,0.09272,0.975024,0.295728,1.33,-1.89,0.91,-54
1786633179345,427297,Lumbar,walk_2,0.093208,0.974536,0.296704,1.47,-1.96,0.84,-54
1786633179720,427471,Lumbar,walk_2,0.09272,0.976488,0.293288,1.82,-2.1,0.56,-54
1786633179720,427502,Lumbar,walk_2,0.092232,0.976,0.293776,1.75,-1.96,0.77,-54
1786633179720,427519,Lumbar,walk_2,0.093696,0.976,0.292312,1.68,-1.89,0.84,-54
1786633179720,427536,Lumbar,walk_2,0.093208,0.976976,0.293288,1.68,-1.96,0.77,-54
1786633179720,427553,Lumbar,walk_2,0.093696,0.976488,0.293288,1.68,-2.03,0.84,-54
1786633179720,427584,Lumbar,walk_2,0.093696,0.974536,0.291824,1.82,-2.03,0.77,-54
1786633179720,427601,Lumbar,walk_2,0.093208,0.976,0.29036,1.75,-2.03,0.77,-54
1786633179720,427618,Lumbar,walk_2,0.094184,0.976,0.291336,1.75,-2.03,0.7,-54
1786633179720,427634,Lumbar,walk_2,0.094184,0.978928,0.291336,1.61,-2.03,0.63,-54
1786633179720,427665,Lumbar,walk_2,0.096624,0.981856,0.2928,1.68,-2.03,0.35,-54
1786633180106,427839,Lumbar,walk_2,0.089792,0.976488,0.294264,1.68,-2.1,0.42,-54
1786633180106,427870,Lumbar,walk_2,0.091744,0.976976,0.29524,1.82,-1.96,0.63,-54
1786633180106,427887,Lumbar,walk_2,0.09272,0.976976,0.294752,1.75,-1.82,0.77,-54
1786633180106,427904,Lumbar,walk_2,0.093208,0.97844,0.29524,1.75,-1.96,0.63,-54
1786633180106,427921,Lumbar,walk_2,0.09272,0.97844,0.29768,1.68,-1.96,0.7,-54
1786633180106,427952,Lumbar,walk_2,0.094184,0.974048,0.286944,1.33,-2.03,1.12,-54
1786633180106,427969,Lumbar,walk_2,0.094184,0.975512,0.288896,1.19,-1.96,1.4,-54
1786633180106,427986,Lumbar,walk_2,0.097112,0.976488,0.288896,1.05,-1.96,1.33,-54
1786633180106,428003,Lumbar,walk_2,0.096136,0.975512,0.291336,1.12,-2.1,1.26,-54
1786633180106,428020,Lumbar,walk_2,0.096136,0.975024,0.293288,1.47,-2.1,1.19,-54
1786633180497,428194,Lumbar,walk_2,0.098576,0.977952,0.291336,1.68,-2.03,0.63,-54
1786633180497,428225,Lumbar,walk_2,0.097112,0.976488,0.289872,1.61,-2.1,0.7,-54
1786633180497,428242,Lumbar,walk_2,0.0976,0.976488,0.289872,1.54,-2.1,0.77,-54
1786633180497,428259,Lumbar,walk_2,0.099552,0.974536,0.289384,1.47,-2.1,0.7,-54
1786633180497,428276,Lumbar,walk_2,0.101504,0.973072,0.290848,1.4,-2.17,0.77,-54
1786633180497,428308,Lumbar,walk_2,0.101504,0.976,0.294264,1.68,-2.1,0.63,-54
1786633180497,428325,Lumbar,walk_2,0.101016,0.978928,0.294264,1.82,-2.31,0.49,-54
1786633180497,428342,Lumbar,walk_2,0.097112,0.977464,0.294264,1.82,-2.31,0.35,-54
1786633180497,428359,Lumbar,walk_2,0.095648,0.977952,0.294752,1.89,-2.17,0.35,-54
1786633180497,428376,Lumbar,walk_2,0.09516,0.977464,0.294752,1.96,-2.03,0.14,-54
1786633180779,428550,Lumbar,walk_2,0.099064,0.976488,0.289872,1.61,-2.1,0.21,-51
1786633180779,428580,Lumbar,walk_2,0.098088,0.979416,0.288896,1.54,-2.31,0.14,-51
1786633180779,428597,Lumbar,walk_2,0.096624,0.980392,0.29036,1.33,-2.45,0.07,-51
1786633180779,428614,Lumbar,walk_2,0.098088,0.977464,0.290848,1.19,-2.52,0,-51
1786633180779,428631,Lumbar,walk_2,0.099064,0.975512,0.292312,1.12,-2.45,0,-51
1786633180779,428662,Lumbar,walk_2,0.099552,0.975512,0.290848,1.4,-2.38,-0.14,-51
1786633180779,428679,Lumbar,walk_2,0.098088,0.975512,0.2928,1.33,-2.38,-0.28,-51
1786633180779,428696,Lumbar,walk_2,0.096624,0.976488,0.2928,1.4,-2.45,-0.35,-51
1786633180779,428713,Lumbar,walk_2,0.096624,0.976488,0.29524,1.54,-2.45,-0.35,-51
1786633180779,428730,Lumbar,walk_2,0.094672,0.976488,0.29524,1.68,-2.31,-0.21,-51
1786633181135,428904,Lumbar,walk_2,0.096624,0.976,0.291336,1.96,-2.1,0.77,-51
1786633181135,428935,Lumbar,walk_2,0.097112,0.977464,0.287432,1.68,-2.1,0.7,-51
1786633181135,428952,Lumbar,walk_2,0.0976,0.976488,0.288896,1.47,-2.17,0.7,-51
1786633181135,428969,Lumbar,walk_2,0.098576,0.975024,0.29036,1.47,-2.1,0.7,-51
1786633181135,428986,Lumbar,walk_2,0.098576,0.975024,0.291824,1.61,-2.1,0.77,-51
1786633181135,429017,Lumbar,walk_2,0.099552,0.976488,0.2928,1.82,-2.03,0.7,-51
1786633181135,429034,Lumbar,walk_2,0.100528,0.976976,0.2928,1.82,-1.96,0.63,-51
1786633181135,429051,Lumbar,walk_2,0.099552,0.977952,0.292312,1.89,-1.96,0.56,-51
1786633181135,429068,Lumbar,walk_2,0.098088,0.976,0.29036,1.89,-2.03,0.49,-51
1786633181135,429085,Lumbar,walk_2,0.097112,0.975512,0.288896,1.82,-1.89,0.63,-51
1786633181490,429258,Lumbar,walk_2,0.096136,0.979416,0.28792,1.4,-2.03,0.21,-51
1786633181490,429290,Lumbar,walk_2,0.094672,0.976,0.288896,1.4,-2.17,0.21,-51
1786633181490,429307,Lumbar,walk_2,0.09516,0.97356,0.29036,1.47,-2.1,0.35,-51
1786633181490,429325,Lumbar,walk_2,0.0976,0.97356,0.291336,1.61,-2.03,0.42,-51
1786633181490,429342,Lumbar,walk_2,0.098088,0.974048,0.293288,1.68,-1.89,0.7,-51
1786633181490,429359,Lumbar,walk_2,0.099064,0.977952,0.291336,1.61,-1.89,0.84,-51
1786633181490,429390,Lumbar,walk_2,0.096136,0.97844,0.291824,1.33,-2.03,0.91,-51
1786633181490,429407,Lumbar,walk_2,0.096136,0.976,0.291824,1.19,-2.1,0.91,-51
1786633181490,429424,Lumbar,walk_2,0.096624,0.975512,0.292312,1.26,-2.03,0.98,-51
1786633181490,429441,Lumbar,walk_2,0.10004,0.974536,0.293288,1.4,-1.89,0.98,-51
1786633181845,429614,Lumbar,walk_2,0.103456,0.976488,0.289384,1.47,-1.96,0.63,-53
1786633181845,429646,Lumbar,walk_2,0.103456,0.979416,0.293776,1.33,-2.1,0.42,-53
1786633181845,429663,Lumbar,walk_2,0.103944,0.976976,0.29036,1.26,-2.03,0.42,-53
1786633181845,429680,Lumbar,walk_2,0.104432,0.974536,0.287432,1.26,-2.03,0.56,-53
1786633181845,429697,Lumbar,walk_2,0.105408,0.975512,0.287432,1.26,-2.03,0.63,-53
1786633181845,429728,Lumbar,walk_2,0.101016,0.976,0.293776,1.12,-1.96,0.42,-53
1786633181845,429744,Lumbar,walk_2,0.101016,0.976488,0.293776,1.33,-1.96,0.35,-53
1786633181845,429761,Lumbar,walk_2,0.099552,0.977952,0.2928,1.61,-1.89,0.28,-53
1786633181845,429778,Lumbar,walk_2,0.101016,0.977952,0.288896,1.68,-1.82,0.28,-53
1786633181845,429795,Lumbar,walk_2,0.100528,0.979416,0.286456,1.47,-1.89,0.21,-53
1786633182201,429969,Lumbar,walk_2,0.099064,0.974536,0.291824,1.68,-2.17,0.28,-53
1786633182201,430000,Lumbar,walk_2,0.100528,0.975512,0.291336,1.54,-2.1,0.35,-53
1786633182201,430017,Lumbar,walk_2,0.10004,0.975512,0.292312,1.61,-2.24,0.28,-53
1786633182201,430034,Lumbar,walk_2,0.099552,0.976,0.289872,1.75,-2.24,0.28,-53
1786633182201,430051,Lumbar,walk_2,0.098576,0.977952,0.29036,1.75,-2.24,0.28,-53
1786633182201,430082,Lumbar,walk_2,0.099552,0.976976,0.288896,1.61,-2.24,0.28,-53
1786633182201,430099,Lumbar,walk_2,0.101016,0.976488,0.289384,1.68,-2.17,0.28,-53
1786633182201,430116,Lumbar,walk_2,0.101016,0.97844,0.291824,1.61,-2.17,0.21,-53
1786633182201,430133,Lumbar,walk_2,0.101504,0.977464,0.291824,1.68,-2.24,0.21,-53
1786633182201,430150,Lumbar,walk_2,0.101504,0.977464,0.29036,1.61,-2.24,0.14,-53
1786633182557,430325,Lumbar,walk_2,0.098576,0.976976,0.293288,1.61,-2.1,0.14,-53
1786633182557,430356,Lumbar,walk_2,0.097112,0.976488,0.29036,1.61,-2.1,0.14,-53
1786633182557,430373,Lumbar,walk_2,0.0976,0.976488,0.289872,1.54,-2.17,0.14,-53
1786633182557,430390,Lumbar,walk_2,0.10004,0.976976,0.288896,1.47,-2.24,0,-53
1786633182557,430407,Lumbar,walk_2,0.100528,0.976488,0.289384,1.54,-2.24,-0.07,-53
1786633182557,430438,Lumbar,walk_2,0.096624,0.976976,0.288408,1.68,-2.31,-0.21,-53
1786633182557,430455,Lumbar,walk_2,0.097112,0.976976,0.29036,1.82,-2.38,-0.21,-53
1786633182557,430472,Lumbar,walk_2,0.098576,0.976,0.289872,1.82,-2.31,-0.14,-53
1786633182557,430489,Lumbar,walk_2,0.100528,0.976488,0.29036,1.82,-2.24,-0.07,-53
1786633182557,430506,Lumbar,walk_2,0.10004,0.976488,0.293288,1.82,-2.24,-0.14,-53
1786633182911,430680,Lumbar,walk_2,0.097112,0.978928,0.284504,1.61,-2.1,0.35,-59
1786633182911,430711,Lumbar,walk_2,0.097112,0.974536,0.291824,1.33,-2.17,0.28,-59
1786633182911,430728,Lumbar,walk_2,0.0976,0.974048,0.2928,1.4,-2.1,0.42,-59
1786633182911,430745,Lumbar,walk_2,0.0976,0.976,0.291336,1.54,-2.24,0.35,-59
1786633182911,430762,Lumbar,walk_2,0.098576,0.974536,0.291336,1.54,-2.31,0.35,-59
1786633182911,430793,Lumbar,walk_2,0.0976,0.977464,0.291824,1.47,-2.17,0.35,-59
1786633182911,430810,Lumbar,walk_2,0.093208,0.976,0.291336,1.68,-2.17,0.49,-59
1786633182911,430827,Lumbar,walk_2,0.095648,0.976,0.291336,1.75,-2.17,0.56,-59
1786633182911,430844,Lumbar,walk_2,0.098576,0.976976,0.289872,1.75,-2.03,0.63,-59
1786633182911,430861,Lumbar,walk_2,0.0976,0.976976,0.289872,1.75,-1.82,0.84,-59
1786633183265,431034,Lumbar,walk_2,0.10004,0.976976,0.289384,1.68,-2.38,0.49,-59
1786633183265,431065,Lumbar,walk_2,0.099552,0.976488,0.29036,1.61,-2.31,0.49,-59
1786633183265,431083,Lumbar,walk_2,0.099552,0.975512,0.290848,1.61,-2.24,0.63,-59
1786633183265,431099,Lumbar,walk_2,0.10004,0.976488,0.291824,1.61,-2.1,0.7,-59
1786633183265,431116,Lumbar,walk_2,0.099552,0.976,0.291824,1.54,-1.89,0.7,-59
1786633183265,431147,Lumbar,walk_2,0.101016,0.977952,0.291824,1.61,-1.68,0.91,-59
1786633183265,431164,Lumbar,walk_2,0.100528,0.977952,0.291336,1.54,-1.54,0.91,-59
1786633183265,431181,Lumbar,walk_2,0.100528,0.977464,0.29036,1.54,-1.54,0.91,-59
1786633183265,431198,Lumbar,walk_2,0.10004,0.97844,0.289872,1.47,-1.54,0.91,-59
1786633183265,431215,Lumbar,walk_2,0.099064,0.977464,0.289384,1.47,-1.75,0.7,-59
1786633183621,431389,Lumbar,walk_2,0.100528,0.976976,0.289384,1.61,-2.1,0.28,-59
1786633183621,431420,Lumbar,walk_2,0.099552,0.978928,0.290848,1.33,-2.03,0.35,-59
1786633183621,431437,Lumbar,walk_2,0.101016,0.976976,0.28792,1.26,-2.03,0.49,-59
1786633183621,431454,Lumbar,walk_2,0.102968,0.975512,0.28304,1.26,-2.1,0.56,-59
1786633183621,431471,Lumbar,walk_2,0.101016,0.976976,0.286456,1.12,-2.17,0.49,-59
1786633183621,431502,Lumbar,walk_2,0.097112,0.975512,0.291824,1.05,-2.03,0.42,-59
1786633183621,431519,Lumbar,walk_2,0.096624,0.976976,0.2928,1.4,-2.03,0.42,-59
1786633183621,431536,Lumbar,walk_2,0.0976,0.977464,0.288896,1.61,-2.1,0.35,-59
1786633183621,431553,Lumbar,walk_2,0.098088,0.976976,0.287432,1.68,-2.1,0.35,-59
1786633183621,431570,Lumbar,walk_2,0.097112,0.977464,0.286456,1.47,-2.1,0.35,-59
1786633183977,431744,Lumbar,walk_2,0.101504,0.976976,0.289384,1.54,-2.31,0.42,-59
1786633183977,431775,Lumbar,walk_2,0.101016,0.976976,0.29036,1.54,-2.38,0.35,-59
1786633183977,431792,Lumbar,walk_2,0.101016,0.976976,0.289872,1.68,-2.38,0.28,-59
1786633183977,431809,Lumbar,walk_2,0.101504,0.977952,0.288408,1.75,-2.38,0.14,-59
1786633183977,431826,Lumbar,walk_2,0.101016,0.977464,0.288896,1.61,-2.24,0.21,-59
1786633183977,431857,Lumbar,walk_2,0.10004,0.977464,0.289384,1.47,-2.03,0.35,-59
1786633183977,431874,Lumbar,walk_2,0.099064,0.976976,0.288896,1.4,-2.03,0.35,-59
1786633183977,431891,Lumbar,walk_2,0.10004,0.976976,0.289384,1.4,-2.03,0.35,-59
1786633183977,431908,Lumbar,walk_2,0.10004,0.976,0.289384,1.4,-2.1,0.35,-59
1786633183977,431925,Lumbar,walk_2,0.100528,0.975512,0.288896,1.54,-2.03,0.42,-59
1786633184353,432099,Lumbar,walk_2,0.101504,0.976488,0.29036,1.68,-2.24,-0.07,-55
1786633184353,432130,Lumbar,walk_2,0.098576,0.975512,0.289384,1.61,-2.1,0.07,-55
1786633184353,432147,Lumbar,walk_2,0.099064,0.976976,0.289384,1.61,-2.03,0.21,-55
1786633184353,432165,Lumbar,walk_2,0.10004,0.976,0.287432,1.61,-1.96,0.28,-55
1786633184353,432182,Lumbar,walk_2,0.101016,0.975512,0.287432,1.54,-1.96,0.21,-55
1786633184353,432213,Lumbar,walk_2,0.098576,0.977464,0.289384,1.68,-2.03,0.14,-55
1786633184353,432230,Lumbar,walk_2,0.096624,0.977464,0.289384,1.75,-2.1,0.07,-55
1786633184353,432246,Lumbar,walk_2,0.097112,0.976976,0.28792,1.68,-2.17,0.07,-55
1786633184353,432263,Lumbar,walk_2,0.099552,0.976976,0.288896,1.54,-2.03,0.14,-55
1786633184353,432280,Lumbar,walk_2,0.098576,0.97844,0.289872,1.54,-2.1,0.07,-55
1786633184742,432454,Lumbar,walk_2,0.099064,0.977952,0.28548,1.61,-2.17,0.21,-54
1786633184742,432485,Lumbar,walk_2,0.098088,0.976488,0.288408,1.33,-2.1,0.28,-54
1786633184742,432502,Lumbar,walk_2,0.097112,0.974536,0.290848,1.33,-2.1,0.35,-54
1786633184742,432519,Lumbar,walk_2,0.097112,0.974048,0.292312,1.4,-2.1,0.42,-54
1786633184742,432536,Lumbar,walk_2,0.0976,0.973072,0.2928,1.68,-2.17,0.42,-54
1786633184742,432567,Lumbar,walk_2,0.098576,0.976976,0.291824,1.75,-2.17,0.21,-54
1786633184742,432584,Lumbar,walk_2,0.096136,0.975512,0.29036,1.82,-2.24,0.35,-54
1786633184742,432601,Lumbar,walk_2,0.096136,0.976488,0.288408,1.82,-2.24,0.35,-54
1786633184742,432618,Lumbar,walk_2,0.098088,0.976976,0.287432,1.75,-2.24,0.42,-54
1786633184742,432635,Lumbar,walk_2,0.099552,0.977952,0.288408,1.61,-2.1,0.42,-54
1786633185043,432809,Lumbar,walk_2,0.098576,0.976,0.288896,1.61,-2.17,0.14,-54
1786633185043,432840,Lumbar,walk_2,0.0976,0.976488,0.287432,1.61,-2.17,0.21,-54
1786633185043,432857,Lumbar,walk_2,0.098088,0.977464,0.288408,1.61,-2.1,0.21,-54
1786633185043,432875,Lumbar,walk_2,0.099064,0.976488,0.289384,1.61,-2.1,0.21,-54
1786633185043,432892,Lumbar,walk_2,0.098088,0.976,0.289872,1.68,-2.1,0.21,-54
1786633185043,432923,Lumbar,walk_2,0.0976,0.977952,0.288896,1.61,-2.1,0.21,-54
1786633185043,432940,Lumbar,walk_2,0.098088,0.977464,0.289872,1.68,-2.1,0.21,-54
1786633185043,432957,Lumbar,walk_2,0.096624,0.977464,0.289872,1.61,-2.1,0.14,-54
1786633185043,432974,Lumbar,walk_2,0.097112,0.976488,0.289384,1.61,-2.1,0.21,-54
1786633185043,432991,Lumbar,walk_2,0.097112,0.977952,0.289384,1.61,-2.1,0.21,-54
1786633185398,433165,Lumbar,walk_2,0.097112,0.976976,0.288896,1.61,-1.96,0.42,-54
1786633185398,433196,Lumbar,walk_2,0.097112,0.976488,0.292312,1.54,-2.1,0.35,-54
1786633185398,433213,Lumbar,walk_2,0.094672,0.979416,0.29036,1.47,-2.1,0.49,-54
1786633185398,433230,Lumbar,walk_2,0.098088,0.976976,0.284504,1.19,-2.1,0.63,-54
1786633185398,433247,Lumbar,walk_2,0.099064,0.975512,0.28548,1.19,-2.24,0.7,-54
1786633185398,433278,Lumbar,walk_2,0.095648,0.976488,0.289872,1.19,-2.1,0.63,-54
1786633185398,433295,Lumbar,walk_2,0.09516,0.976,0.291824,1.33,-2.1,0.63,-54
1786633185398,433312,Lumbar,walk_2,0.096624,0.976976,0.289384,1.68,-2.03,0.7,-54
1786633185398,433329,Lumbar,walk_2,0.0976,0.976488,0.286456,1.68,-2.1,0.7,-54
1786633185398,433346,Lumbar,walk_2,0.098576,0.97844,0.285968,1.61,-2.03,0.7,-54
1786633185755,433519,Lumbar,walk_2,0.10248,0.97844,0.288896,1.61,-2.03,0.77,-53
1786633185755,433550,Lumbar,walk_2,0.101016,0.97844,0.29036,1.47,-2.03,0.7,-53
1786633185755,433568,Lumbar,walk_2,0.099552,0.976488,0.29036,1.47,-1.96,0.63,-53
1786633185755,433584,Lumbar,walk_2,0.098576,0.975512,0.290848,1.61,-2.03,0.56,-53
1786633185755,433602,Lumbar,walk_2,0.10004,0.976,0.29036,1.68,-2.1,0.56,-53
1786633185755,433632,Lumbar,walk_2,0.099552,0.977464,0.286456,1.54,-1.96,0.56,-53
1786633185755,433649,Lumbar,walk_2,0.098576,0.977952,0.286944,1.54,-1.96,0.63,-53
1786633185755,433666,Lumbar,walk_2,0.099064,0.976976,0.288408,1.47,-1.96,0.63,-53
1786633185755,433683,Lumbar,walk_2,0.100528,0.976976,0.288896,1.4,-1.89,0.56,-53
1786633185755,433700,Lumbar,walk_2,0.099552,0.976488,0.28792,1.47,-1.96,0.63,-53
1786633186110,433874,Lumbar,walk_2,0.101504,0.976,0.289384,1.47,-2.03,0.49,-53
1786633186110,433906,Lumbar,walk_2,0.099552,0.976488,0.288896,1.47,-2.1,0.49,-53
1786633186110,433923,Lumbar,walk_2,0.099552,0.976,0.288896,1.47,-2.1,0.56,-53
1786633186110,433940,Lumbar,walk_2,0.10004,0.976,0.289384,1.47,-2.1,0.56,-53
1786633186110,433957,Lumbar,walk_2,0.101016,0.977464,0.289872,1.54,-2.03,0.56,-53
1786633186110,433988,Lumbar,walk_2,0.10248,0.977464,0.288408,1.47,-2.1,0.42,-53
1786633186110,434005,Lumbar,walk_2,0.101504,0.976976,0.288896,1.54,-2.1,0.42,-53
1786633186110,434022,Lumbar,walk_2,0.100528,0.977952,0.29036,1.61,-2.17,0.35,-53
1786633186110,434039,Lumbar,walk_2,0.100528,0.976488,0.290848,1.68,-2.1,0.42,-53
1786633186110,434056,Lumbar,walk_2,0.101016,0.976,0.29036,1.61,-1.89,0.49,-53
1786633186464,434230,Lumbar,walk_2,0.101504,0.977464,0.287432,1.61,-2.17,0.42,-55
1786633186464,434261,Lumbar,walk_2,0.101992,0.976,0.28792,1.47,-2.17,0.42,-55
1786633186464,434278,Lumbar,walk_2,0.100528,0.976488,0.289384,1.4,-2.1,0.42,-55
1786633186464,434295,Lumbar,walk_2,0.10004,0.975512,0.290848,1.33,-2.1,0.56,-55
1786633186464,434312,Lumbar,walk_2,0.100528,0.975024,0.2928,1.47,-2.1,0.56,-55
1786633186464,434343,Lumbar,walk_2,0.10248,0.975024,0.293288,1.68,-2.03,0.56,-55
1786633186464,434360,Lumbar,walk_2,0.102968,0.976,0.292312,1.75,-2.1,0.42,-55
1786633186464,434377,Lumbar,walk_2,0.099552,0.976488,0.290848,1.75,-2.1,0.42,-55
1786633186464,434394,Lumbar,walk_2,0.101016,0.976976,0.289384,1.75,-2.17,0.35,-55
1786633186464,434411,Lumbar,walk_2,0.101992,0.977952,0.288896,1.68,-2.1,0.49,-55
1786633186819,434585,Lumbar,walk_2,0.10248,0.976976,0.290848,1.54,-2.17,0.14,-55
1786633186819,434616,Lumbar,walk_2,0.10004,0.975512,0.288896,1.68,-2.17,0.21,-55
1786633186819,434633,Lumbar,walk_2,0.101016,0.976,0.288896,1.61,-2.1,0.14,-55
1786633186819,434650,Lumbar,walk_2,0.10248,0.976488,0.289872,1.61,-2.1,0.14,-55
1786633186819,434667,Lumbar,walk_2,0.101504,0.975512,0.288896,1.68,-2.1,0.14,-55
1786633186819,434698,Lumbar,walk_2,0.101992,0.976976,0.289384,1.68,-2.17,0.07,-55
1786633186819,434715,Lumbar,walk_2,0.100528,0.977464,0.288896,1.68,-2.17,0.07,-55
1786633186819,434732,Lumbar,walk_2,0.10004,0.97844,0.289384,1.61,-2.1,0.07,-55
1786633186819,434748,Lumbar,walk_2,0.101016,0.976,0.289384,1.61,-2.1,0.07,-55
1786633186819,434765,Lumbar,walk_2,0.101504,0.976488,0.289872,1.54,-2.03,0.14,-55
1786633187175,434938,Lumbar,walk_2,0.099064,0.975512,0.290848,1.75,-2.31,0.07,-55
1786633187175,434969,Lumbar,walk_2,0.101016,0.976488,0.289872,1.61,-2.1,0.21,-55
1786633187175,434986,Lumbar,walk_2,0.101016,0.977464,0.29036,1.61,-2.17,0.07,-55
1786633187175,435003,Lumbar,walk_2,0.098088,0.977464,0.293776,1.54,-2.24,0.07,-55
1786633187175,435020,Lumbar,walk_2,0.098576,0.976976,0.2928,1.33,-2.1,0.28,-55
1786633187175,435051,Lumbar,walk_2,0.101504,0.976,0.285968,1.26,-2.31,0.49,-55
1786633187175,435068,Lumbar,walk_2,0.10004,0.975512,0.28792,1.19,-2.24,0.28,-55
1786633187175,435085,Lumbar,walk_2,0.0976,0.976,0.29036,1.26,-2.17,0.21,-55
1786633187175,435102,Lumbar,walk_2,0.095648,0.975512,0.293288,1.47,-2.1,0.14,-55
1786633187175,435119,Lumbar,walk_2,0.0976,0.976,0.289872,1.75,-2.1,0.21,-55
1786633187531,435292,Lumbar,walk_2,0.095648,0.97112,0.291336,1.96,-2.38,0.14,-56
1786633187531,435324,Lumbar,walk_2,0.097112,0.975024,0.293288,1.96,-2.31,0.63,-56
1786633187531,435341,Lumbar,walk_2,0.097112,0.977464,0.294752,2.03,-2.1,0.63,-56
1786633187531,435359,Lumbar,walk_2,0.096624,0.977952,0.295728,1.96,-1.96,0.63,-56
1786633187531,435376,Lumbar,walk_2,0.096624,0.97844,0.294264,2.03,-1.82,0.42,-56
1786633187531,435393,Lumbar,walk_2,0.098576,0.98088,0.29036,2.17,-1.75,0.28,-56
1786633187531,435424,Lumbar,walk_2,0.099552,0.981368,0.282552,1.89,-1.68,0.21,-56
1786633187531,435441,Lumbar,walk_2,0.101016,0.979416,0.278648,1.61,-1.75,0.28,-56
1786633187531,435458,Lumbar,walk_2,0.10004,0.976488,0.277184,1.4,-1.96,0.35,-56
1786633187531,435475,Lumbar,walk_2,0.099552,0.97356,0.281088,1.4,-2.24,0.42,-56
1786633187885,435649,Lumbar,walk_2,0.099064,0.974536,0.28548,1.12,-1.89,0.42,-56
1786633187885,435681,Lumbar,walk_2,0.099552,0.97356,0.286456,1.26,-1.89,0.56,-56
1786633187885,435698,Lumbar,walk_2,0.099064,0.972584,0.286944,1.47,-1.96,0.63,-56
1786633187885,435715,Lumbar,walk_2,0.0976,0.97356,0.286456,1.47,-2.1,0.63,-56
1786633187885,435732,Lumbar,walk_2,0.099064,0.975024,0.288408,1.54,-2.17,0.91,-56
1786633187885,435763,Lumbar,walk_2,0.101016,0.976488,0.291336,1.47,-2.1,1.05,-56
1786633187885,435780,Lumbar,walk_2,0.10248,0.976976,0.293288,1.54,-2.03,0.98,-56
1786633187885,435797,Lumbar,walk_2,0.102968,0.977464,0.293776,1.61,-2.03,0.77,-56
1786633187885,435814,Lumbar,walk_2,0.101504,0.976488,0.294752,1.68,-1.96,0.63,-56
1786633187885,435831,Lumbar,walk_2,0.099064,0.97844,0.293288,1.82,-1.96,0.63,-56
1786633188261,436005,Lumbar,walk_2,0.097112,0.979416,0.294752,1.4,-1.89,0.84,-56
1786633188261,436035,Lumbar,walk_2,0.101992,0.977952,0.289384,1.61,-1.96,0.7,-56
1786633188261,436053,Lumbar,walk_2,0.101992,0.97844,0.286944,1.47,-2.1,0.49,-56
1786633188261,436070,Lumbar,walk_2,0.101504,0.977464,0.28792,1.26,-2.03,0.42,-56
1786633188261,436087,Lumbar,walk_2,0.101504,0.977464,0.288896,1.19,-2.03,0.42,-56
1786633188261,436118,Lumbar,walk_2,0.099552,0.974048,0.291824,1.4,-2.03,0.49,-56
1786633188261,436135,Lumbar,walk_2,0.10004,0.974536,0.292312,1.61,-2.1,0.63,-56
1786633188261,436152,Lumbar,walk_2,0.101016,0.974536,0.291824,1.61,-2.17,0.56,-56
1786633188261,436169,Lumbar,walk_2,0.100528,0.976976,0.289872,1.61,-2.17,0.42,-56
1786633188261,436186,Lumbar,walk_2,0.10004,0.976,0.29036,1.61,-2.17,0.42,-56
1786633188600,436359,Lumbar,walk_2,0.101504,0.97844,0.288896,1.61,-2.03,0.42,-55
1786633188600,436391,Lumbar,walk_2,0.10248,0.977464,0.289872,1.47,-2.17,0.28,-55
1786633188600,436408,Lumbar,walk_2,0.101504,0.976976,0.290848,1.47,-2.17,0.28,-55
1786633188600,436425,Lumbar,walk_2,0.10248,0.974536,0.289384,1.47,-2.24,0.28,-55
1786633188600,436443,Lumbar,walk_2,0.101992,0.974536,0.291336,1.54,-2.24,0.28,-55
1786633188600,436460,Lumbar,walk_2,0.101504,0.976,0.29036,1.54,-2.24,0.35,-55
1786633188600,436491,Lumbar,walk_2,0.10248,0.976,0.289872,1.47,-2.17,0.35,-55
1786633188600,436508,Lumbar,walk_2,0.103456,0.976,0.2928,1.47,-2.24,0.28,-55
1786633188600,436525,Lumbar,walk_2,0.101016,0.976488,0.290848,1.54,-2.24,0.21,-55
1786633188600,436542,Lumbar,walk_2,0.10248,0.976488,0.290848,1.61,-2.17,0.21,-55
1786633188983,436716,Lumbar,walk_2,0.098576,0.977464,0.289384,1.68,-2.31,-0.07,-51
1786633188983,436748,Lumbar,walk_2,0.10004,0.976488,0.290848,1.89,-2.24,-0.07,-51
1786633188983,436765,Lumbar,walk_2,0.10248,0.976,0.29036,1.82,-2.03,0,-51
1786633188983,436782,Lumbar,walk_2,0.102968,0.977464,0.29036,1.68,-2.1,0,-51
1786633188983,436799,Lumbar,walk_2,0.10004,0.97844,0.2928,1.61,-2.24,-0.07,-51
1786633188983,436830,Lumbar,walk_2,0.100528,0.976,0.284992,1.26,-2.24,0.21,-51
1786633188983,436847,Lumbar,walk_2,0.101992,0.976,0.284016,1.19,-2.24,0.35,-51
1786633188983,436864,Lumbar,walk_2,0.101992,0.976488,0.289384,1.12,-2.17,0.28,-51
1786633188983,436881,Lumbar,walk_2,0.10004,0.975512,0.291336,1.05,-2.17,0.28,-51
1786633188983,436899,Lumbar,walk_2,0.099064,0.975512,0.292312,1.33,-2.1,0.28,-51
1786633189368,437072,Lumbar,walk_2,0.100528,0.978928,0.291824,1.75,-2.17,0.14,-51
1786633189368,437103,Lumbar,walk_2,0.099552,0.976488,0.288896,1.75,-2.17,0.28,-51
1786633189368,437120,Lumbar,walk_2,0.101016,0.977952,0.288896,1.68,-2.17,0.28,-51
1786633189368,437137,Lumbar,walk_2,0.10248,0.977952,0.288896,1.68,-2.24,0.35,-51
1786633189368,437154,Lumbar,walk_2,0.101016,0.977464,0.288896,1.61,-2.17,0.28,-51
1786633189368,437185,Lumbar,walk_2,0.10004,0.976,0.291824,1.54,-2.17,0.21,-51
1786633189368,437201,Lumbar,walk_2,0.100528,0.976,0.291336,1.68,-2.17,0.21,-51
1786633189368,437218,Lumbar,walk_2,0.100528,0.975512,0.29036,1.82,-2.1,0.21,-51
1786633189368,437235,Lumbar,walk_2,0.101016,0.976976,0.289384,1.75,-2.03,0.28,-51
1786633189368,437252,Lumbar,walk_2,0.099552,0.97844,0.288896,1.68,-2.03,0.28,-51
1786633189664,437426,Lumbar,walk_2,0.10004,0.97844,0.287432,1.61,-2.17,0.35,-51
1786633189664,437457,Lumbar,walk_2,0.10004,0.977464,0.288896,1.47,-2.1,0.49,-51
1786633189664,437474,Lumbar,walk_2,0.100528,0.976976,0.289384,1.4,-1.96,0.56,-51
1786633189664,437491,Lumbar,walk_2,0.101504,0.976,0.289872,1.47,-1.96,0.56,-51
1786633189664,437508,Lumbar,walk_2,0.100528,0.975512,0.289872,1.54,-2.03,0.56,-51
1786633189664,437539,Lumbar,walk_2,0.099064,0.976488,0.288408,1.47,-2.03,0.63,-51
1786633189664,437556,Lumbar,walk_2,0.10004,0.977464,0.28792,1.47,-2.03,0.7,-51
1786633189664,437573,Lumbar,walk_2,0.101992,0.977952,0.288408,1.4,-2.1,0.56,-51
1786633189664,437590,Lumbar,walk_2,0.101504,0.976488,0.288896,1.47,-2.03,0.49,-51
1786633189664,437607,Lumbar,walk_2,0.10004,0.976488,0.291336,1.47,-2.1,0.49,-51
1786633190019,437781,Lumbar,walk_2,0.100528,0.976488,0.293288,1.05,-2.1,0.77,-51
1786633190019,437812,Lumbar,walk_2,0.10004,0.976976,0.291336,1.61,-2.03,0.7,-51
1786633190019,437829,Lumbar,walk_2,0.102968,0.977464,0.28792,1.61,-1.96,0.7,-51
1786633190019,437846,Lumbar,walk_2,0.102968,0.977952,0.286944,1.61,-1.96,0.7,-51
1786633190019,437863,Lumbar,walk_2,0.102968,0.977952,0.28792,1.47,-1.96,0.7,-51
1786633190019,437894,Lumbar,walk_2,0.101992,0.976488,0.291336,1.4,-2.03,0.7,-51
1786633190019,437911,Lumbar,walk_2,0.101504,0.976,0.291824,1.4,-2.03,0.7,-51
1786633190019,437928,Lumbar,walk_2,0.10248,0.973072,0.294264,1.54,-2.03,0.84,-51
1786633190019,437945,Lumbar,walk_2,0.102968,0.975024,0.291336,1.68,-2.03,0.77,-51
1786633190019,437962,Lumbar,walk_2,0.10248,0.976976,0.291336,1.68,-2.03,0.56,-51
1786633190374,438136,Lumbar,walk_2,0.102968,0.977464,0.288896,1.54,-1.96,0.7,-55
1786633190374,438167,Lumbar,walk_2,0.101992,0.977952,0.289384,1.33,-2.1,0.63,-55
1786633190374,438184,Lumbar,walk_2,0.101992,0.97844,0.288408,1.33,-2.1,0.63,-55
1786633190374,438201,Lumbar,walk_2,0.101016,0.975512,0.288408,1.33,-2.24,0.63,-55
1786633190374,438218,Lumbar,walk_2,0.104432,0.975512,0.288896,1.4,-2.24,0.63,-55
1786633190374,438249,Lumbar,walk_2,0.103944,0.977464,0.289872,1.4,-2.24,0.63,-55
1786633190374,438266,Lumbar,walk_2,0.104432,0.977464,0.290848,1.4,-2.24,0.63,-55
1786633190374,438283,Lumbar,walk_2,0.10492,0.977952,0.290848,1.4,-2.17,0.49,-55
1786633190374,438300,Lumbar,walk_2,0.104432,0.977464,0.2928,1.4,-2.17,0.42,-55
1786633190374,438317,Lumbar,walk_2,0.104432,0.975024,0.292312,1.47,-2.1,0.42,-55
1786633190731,438491,Lumbar,walk_2,0.105896,0.976488,0.288896,1.89,-1.96,0,-54
1786633190731,438522,Lumbar,walk_2,0.103944,0.976,0.289384,2.17,-2.1,-0.07,-54
1786633190731,438540,Lumbar,walk_2,0.10248,0.975024,0.286944,2.31,-2.03,-0.07,-54
1786633190731,438557,Lumbar,walk_2,0.103944,0.97844,0.286456,2.24,-1.96,0,-54
1786633190731,438574,Lumbar,walk_2,0.10492,0.980392,0.287432,2.17,-2.03,-0.14,-54
1786633190731,438605,Lumbar,walk_2,0.101992,0.979416,0.288408,1.61,-1.96,-0.14,-54
1786633190731,438622,Lumbar,walk_2,0.10248,0.97844,0.283528,1.47,-2.03,0.07,-54
1786633190731,438639,Lumbar,walk_2,0.104432,0.976976,0.284016,1.4,-2.03,0.14,-54
1786633190731,438656,Lumbar,walk_2,0.10248,0.977464,0.286944,1.26,-1.96,0.14,-54
1786633190731,438673,Lumbar,walk_2,0.099552,0.97844,0.288896,1.19,-1.89,0.07,-54
1786633191085,438847,Lumbar,walk_2,0.103456,0.976,0.291824,1.54,-2.31,0.07,-53
1786633191085,438878,Lumbar,walk_2,0.10004,0.975512,0.291824,1.61,-2.38,0,-53
1786633191085,438895,Lumbar,walk_2,0.099552,0.975512,0.291336,1.68,-2.24,0.28,-53
1786633191085,438912,Lumbar,walk_2,0.10248,0.976,0.29036,1.61,-2.24,0.35,-53
1786633191085,438929,Lumbar,walk_2,0.102968,0.976976,0.288896,1.61,-2.17,0.35,-53
1786633191085,438960,Lumbar,walk_2,0.099552,0.976976,0.289872,1.54,-2.1,0.35,-53
1786633191085,438977,Lumbar,walk_2,0.099064,0.976,0.29036,1.61,-2.17,0.35,-53
1786633191085,438994,Lumbar,walk_2,0.100528,0.975512,0.289384,1.75,-2.1,0.35,-53
1786633191085,439011,Lumbar,walk_2,0.101992,0.977952,0.287432,1.75,-2.1,0.42,-53
1786633191085,439028,Lumbar,walk_2,0.10248,0.97844,0.286944,1.61,-2.1,0.42,-53
1786633191443,439201,Lumbar,walk_2,0.101504,0.974536,0.289384,1.54,-2.45,0.21,-53
1786633191443,439232,Lumbar,walk_2,0.101504,0.977464,0.289384,1.47,-2.24,0.28,-53
1786633191443,439249,Lumbar,walk_2,0.102968,0.976976,0.289384,1.4,-2.1,0.35,-53
1786633191443,439266,Lumbar,walk_2,0.102968,0.976488,0.291336,1.47,-2.03,0.42,-53
1786633191443,439283,Lumbar,walk_2,0.10248,0.976976,0.291336,1.47,-2.1,0.42,-53
1786633191443,439314,Lumbar,walk_2,0.100528,0.976976,0.28792,1.47,-2.1,0.35,-53
1786633191443,439331,Lumbar,walk_2,0.101016,0.976,0.288408,1.47,-2.1,0.42,-53
1786633191443,439348,Lumbar,walk_2,0.101016,0.975024,0.28792,1.47,-2.1,0.42,-53
1786633191443,439365,Lumbar,walk_2,0.10248,0.976,0.289384,1.61,-2.1,0.35,-53
1786633191443,439382,Lumbar,walk_2,0.101504,0.976488,0.29036,1.68,-2.1,0.28,-53
1786633191797,439556,Lumbar,walk_2,0.099064,0.976,0.28792,1.12,-2.1,0.21,-53
1786633191797,439588,Lumbar,walk_2,0.098576,0.976488,0.29036,1.47,-1.89,0.14,-53
1786633191797,439605,Lumbar,walk_2,0.099552,0.976976,0.288408,1.68,-1.89,0.21,-53
1786633191797,439623,Lumbar,walk_2,0.101504,0.976488,0.286456,1.68,-1.96,0.21,-53
1786633191797,439639,Lumbar,walk_2,0.100528,0.977952,0.284504,1.54,-1.96,0.21,-53
1786633191797,439656,Lumbar,walk_2,0.101016,0.976,0.28792,1.4,-1.96,0.21,-53
1786633191797,439687,Lumbar,walk_2,0.10004,0.97356,0.29036,1.47,-1.96,0.28,-53
1786633191797,439704,Lumbar,walk_2,0.099552,0.972584,0.291336,1.61,-2.03,0.35,-53
1786633191797,439721,Lumbar,walk_2,0.101016,0.973072,0.291336,1.82,-2.1,0.42,-53
1786633191797,439738,Lumbar,walk_2,0.100528,0.976488,0.29036,1.82,-2.17,0.28,-53
1786633192151,439912,Lumbar,walk_2,0.101504,0.97844,0.286456,1.68,-1.89,0.7,-56
1786633192151,439943,Lumbar,walk_2,0.100528,0.97844,0.28792,1.47,-1.96,0.63,-56
1786633192151,439960,Lumbar,walk_2,0.100528,0.977952,0.287432,1.47,-2.03,0.63,-56
1786633192151,439977,Lumbar,walk_2,0.098576,0.976976,0.285968,1.47,-2.17,0.63,-56
1786633192151,439994,Lumbar,walk_2,0.0976,0.976976,0.287432,1.4,-2.17,0.63,-56
1786633192151,440025,Lumbar,walk_2,0.10004,0.975512,0.287432,1.47,-2.1,0.77,-56
1786633192151,440042,Lumbar,walk_2,0.10248,0.976488,0.289384,1.47,-2.1,0.7,-56
1786633192151,440059,Lumbar,walk_2,0.100528,0.976488,0.29036,1.4,-2.1,0.77,-56
1786633192151,440076,Lumbar,walk_2,0.101504,0.976976,0.289872,1.4,-2.17,0.7,-56
1786633192151,440093,Lumbar,walk_2,0.10248,0.977464,0.290848,1.47,-2.17,0.63,-56
1786633192506,440265,Lumbar,walk_2,0.103944,0.977464,0.286944,1.47,-2.03,0.49,-52
1786633192506,440297,Lumbar,walk_2,0.101016,0.977464,0.288896,1.61,-2.1,0.35,-52
1786633192506,440314,Lumbar,walk_2,0.10004,0.976976,0.288896,1.61,-2.03,0.56,-52
1786633192506,440331,Lumbar,walk_2,0.101016,0.976488,0.288408,1.54,-2.03,0.56,-52
1786633192506,440348,Lumbar,walk_2,0.103944,0.977952,0.28792,1.47,-1.96,0.63,-52
1786633192506,440379,Lumbar,walk_2,0.101504,0.979416,0.291824,1.4,-2.1,0.49,-52
1786633192506,440396,Lumbar,walk_2,0.101016,0.97844,0.290848,1.26,-2.1,0.49,-52
1786633192506,440413,Lumbar,walk_2,0.099552,0.976,0.284992,1.19,-2.1,0.77,-52
1786633192506,440430,Lumbar,walk_2,0.102968,0.975512,0.285968,1.12,-2.17,0.91,-52
1786633192506,440447,Lumbar,walk_2,0.102968,0.976976,0.290848,0.98,-2.17,0.77,-52
1786633192862,440621,Lumbar,walk_2,0.104432,0.974048,0.291336,1.68,-2.03,0.56,-55
1786633192862,440652,Lumbar,walk_2,0.104432,0.976976,0.289872,1.61,-2.1,0.42,-55
1786633192862,440669,Lumbar,walk_2,0.103456,0.976,0.29036,1.61,-2.1,0.42,-55
1786633192862,440686,Lumbar,walk_2,0.10492,0.976,0.288896,1.68,-2.03,0.56,-55
1786633192862,440703,Lumbar,walk_2,0.106384,0.977464,0.287432,1.61,-2.03,0.56,-55
1786633192862,440734,Lumbar,walk_2,0.105408,0.977464,0.288896,1.54,-1.96,0.35,-55
1786633192862,440751,Lumbar,walk_2,0.103456,0.976976,0.289872,1.54,-2.1,0.35,-55
1786633192862,440768,Lumbar,walk_2,0.103456,0.976488,0.289872,1.61,-2.1,0.28,-55
1786633192862,440786,Lumbar,walk_2,0.103456,0.976488,0.29036,1.68,-2.1,0.35,-55
1786633192862,440802,Lumbar,walk_2,0.10248,0.976976,0.289384,1.68,-2.1,0.35,-55
1786633193231,440976,Lumbar,walk_2,0.103944,0.977952,0.289384,1.61,-2.17,0.28,-55
1786633193231,441007,Lumbar,walk_2,0.105408,0.977464,0.289384,1.54,-2.17,0.14,-55
1786633193231,441024,Lumbar,walk_2,0.103944,0.977464,0.288896,1.54,-2.17,0.07,-55
1786633193231,441041,Lumbar,walk_2,0.104432,0.976976,0.289872,1.54,-2.1,0.07,-55
1786633193231,441058,Lumbar,walk_2,0.105408,0.976976,0.291824,1.61,-2.03,0.07,-55
1786633193231,441089,Lumbar,walk_2,0.103456,0.976,0.290848,1.61,-2.1,0.07,-55
1786633193231,441106,Lumbar,walk_2,0.102968,0.976,0.29036,1.54,-2.03,0.07,-55
1786633193231,441123,Lumbar,walk_2,0.10248,0.977464,0.286944,1.54,-2.03,0.21,-55
1786633193231,441140,Lumbar,walk_2,0.102968,0.977464,0.28548,1.47,-2.1,0.21,-55
1786633193231,441157,Lumbar,walk_2,0.102968,0.977464,0.286456,1.33,-2.1,0.07,-55
1786633193627,441331,Lumbar,walk_2,0.105408,0.975512,0.284992,1.12,-2.24,0.35,-55
1786633193627,441362,Lumbar,walk_2,0.101504,0.975512,0.291824,1.05,-2.24,0.14,-55
1786633193627,441379,Lumbar,walk_2,0.10004,0.975024,0.2928,1.4,-2.24,0.14,-55
1786633193627,441396,Lumbar,walk_2,0.101504,0.975512,0.289872,1.75,-2.24,0.07,-55
1786633193627,441413,Lumbar,walk_2,0.10248,0.977464,0.286456,1.75,-2.24,0.14,-55
1786633193627,441444,Lumbar,walk_2,0.10248,0.977464,0.28792,1.47,-2.17,0.21,-55
1786633193627,441461,Lumbar,walk_2,0.102968,0.976,0.289872,1.33,-2.03,0.35,-55
1786633193627,441478,Lumbar,walk_2,0.101016,0.974536,0.291824,1.4,-2.03,0.35,-55
1786633193627,441495,Lumbar,walk_2,0.101016,0.974048,0.293288,1.61,-2.1,0.42,-55
1786633193627,441512,Lumbar,walk_2,0.101992,0.974048,0.291824,1.68,-2.17,0.42,-55
1786633193927,441686,Lumbar,walk_2,0.10248,0.975024,0.289872,1.82,-2.17,0.35,-55
1786633193927,441717,Lumbar,walk_2,0.10248,0.977952,0.29036,1.75,-1.96,0.42,-55
1786633193927,441734,Lumbar,walk_2,0.101016,0.978928,0.287432,1.54,-2.03,0.42,-55
1786633193927,441751,Lumbar,walk_2,0.101016,0.977952,0.289384,1.54,-2.17,0.35,-55
1786633193927,441768,Lumbar,walk_2,0.101992,0.976488,0.288408,1.54,-2.17,0.42,-55
1786633193927,441799,Lumbar,walk_2,0.101992,0.975512,0.288408,1.47,-2.03,0.49,-55
1786633193927,441816,Lumbar,walk_2,0.101016,0.976,0.28792,1.54,-2.03,0.56,-55
1786633193927,441833,Lumbar,walk_2,0.101016,0.975512,0.28792,1.61,-2.1,0.56,-55
1786633193927,441850,Lumbar,walk_2,0.10004,0.976488,0.289384,1.61,-2.17,0.56,-55
1786633193927,441867,Lumbar,walk_2,0.101016,0.976976,0.290848,1.54,-2.1,0.56,-55
1786633194282,442040,Lumbar,walk_2,0.103456,0.976976,0.287432,1.54,-2.1,0.63,-64
1786633194282,442071,Lumbar,walk_2,0.102968,0.976,0.29036,1.54,-2.1,0.42,-64
1786633194282,442089,Lumbar,walk_2,0.101504,0.97844,0.289384,1.61,-2.1,0.42,-64
1786633194282,442105,Lumbar,walk_2,0.101992,0.976,0.29036,1.61,-2.17,0.56,-64
1786633194282,442122,Lumbar,walk_2,0.103456,0.975512,0.289872,1.54,-1.89,0.63,-64
1786633194282,442153,Lumbar,walk_2,0.10492,0.976976,0.291336,1.61,-1.96,0.49,-64
1786633194282,442170,Lumbar,walk_2,0.102968,0.978928,0.2928,1.61,-2.03,0.49,-64
1786633194282,442187,Lumbar,walk_2,0.101992,0.97844,0.287432,1.33,-1.96,0.56,-64
1786633194282,442204,Lumbar,walk_2,0.103456,0.976976,0.284504,1.33,-2.03,0.77,-64
1786633194282,442221,Lumbar,walk_2,0.103944,0.976488,0.284992,1.26,-2.03,0.84,-64
1786633194638,442395,Lumbar,walk_2,0.103456,0.974048,0.2928,1.47,-2.1,0.63,-64
1786633194638,442426,Lumbar,walk_2,0.104432,0.976976,0.291824,1.54,-2.1,0.56,-64
1786633194638,442443,Lumbar,walk_2,0.102968,0.976,0.29036,1.54,-2.1,0.49,-64
1786633194638,442461,Lumbar,walk_2,0.10248,0.976,0.288896,1.61,-2.1,0.49,-64
1786633194638,442479,Lumbar,walk_2,0.103944,0.976976,0.288408,1.61,-2.17,0.63,-64
1786633194638,442496,Lumbar,walk_2,0.105408,0.976976,0.289384,1.54,-2.03,0.7,-64
1786633194638,442527,Lumbar,walk_2,0.103456,0.976,0.29036,1.4,-2.1,0.7,-64
1786633194638,442544,Lumbar,walk_2,0.102968,0.976488,0.29036,1.4,-2.1,0.56,-64
1786633194638,442561,Lumbar,walk_2,0.102968,0.976,0.291824,1.54,-2.03,0.56,-64
1786633194638,442578,Lumbar,walk_2,0.104432,0.976,0.29036,1.61,-2.1,0.49,-64
1786633194995,442750,Lumbar,walk_2,0.104432,0.977952,0.29036,1.61,-2.1,0.56,-64
1786633194995,442781,Lumbar,walk_2,0.10492,0.976976,0.289872,1.61,-2.1,0.49,-64
1786633194995,442798,Lumbar,walk_2,0.103456,0.977952,0.288896,1.61,-2.17,0.42,-64
1786633194995,442815,Lumbar,walk_2,0.105896,0.977464,0.288408,1.61,-2.1,0.42,-64
1786633194995,442833,Lumbar,walk_2,0.105896,0.976976,0.288896,1.54,-2.1,0.35,-64
1786633194995,442864,Lumbar,walk_2,0.105408,0.977464,0.289872,1.47,-2.1,0.42,-64
1786633194995,442881,Lumbar,walk_2,0.104432,0.975024,0.288408,1.54,-2.1,0.35,-64
1786633194995,442898,Lumbar,walk_2,0.104432,0.976,0.288896,1.47,-2.03,0.35,-64
1786633194995,442915,Lumbar,walk_2,0.105896,0.974536,0.288408,1.47,-2.1,0.49,-64
1786633194995,442932,Lumbar,walk_2,0.105896,0.976,0.288408,1.4,-2.03,0.42,-64
1786633195349,443107,Lumbar,walk_2,0.106384,0.974048,0.28304,1.26,-2.1,0.56,-58
1786633195349,443137,Lumbar,walk_2,0.104432,0.975512,0.289384,1.05,-2.1,0.49,-58
1786633195349,443155,Lumbar,walk_2,0.103456,0.976976,0.2928,1.19,-2.03,0.49,-58
1786633195349,443171,Lumbar,walk_2,0.104432,0.976976,0.29036,1.61,-2.1,0.42,-58
1786633195349,443188,Lumbar,walk_2,0.10492,0.977952,0.28548,1.68,-2.17,0.28,-58
1786633195349,443219,Lumbar,walk_2,0.104432,0.978928,0.285968,1.4,-2.17,0.21,-58
1786633195349,443236,Lumbar,walk_2,0.103456,0.976,0.29036,1.33,-2.1,0.28,-58
1786633195349,443253,Lumbar,walk_2,0.103944,0.975512,0.291824,1.33,-2.1,0.28,-58
1786633195349,443270,Lumbar,walk_2,0.103944,0.975024,0.2928,1.4,-2.1,0.28,-58
1786633195349,443287,Lumbar,walk_2,0.10492,0.974048,0.293288,1.47,-2.17,0.28,-58
1786633195703,443461,Lumbar,walk_2,0.104432,0.976,0.290848,1.75,-2.1,0.21,-58
1786633195703,443492,Lumbar,walk_2,0.104432,0.976,0.28792,1.68,-2.1,0.21,-58
1786633195703,443509,Lumbar,walk_2,0.10492,0.977464,0.28792,1.54,-2.1,0.21,-58
1786633195703,443526,Lumbar,walk_2,0.104432,0.977952,0.288408,1.54,-2.1,0.14,-58
1786633195703,443543,Lumbar,walk_2,0.103456,0.97844,0.289872,1.61,-2.17,0.07,-58
1786633195703,443574,Lumbar,walk_2,0.103944,0.976488,0.289384,1.68,-2.17,0.07,-58
1786633195703,443591,Lumbar,walk_2,0.103456,0.976488,0.286944,1.68,-2.17,0.14,-58
1786633195703,443608,Lumbar,walk_2,0.103944,0.975512,0.288896,1.68,-2.17,0.07,-58
1786633195703,443625,Lumbar,walk_2,0.102968,0.976,0.289384,1.61,-2.24,0.07,-58
1786633195703,443642,Lumbar,walk_2,0.102968,0.976488,0.289384,1.61,-2.17,0.14,-58
1786633196058,443816,Lumbar,walk_2,0.10248,0.977464,0.286944,1.61,-2.1,0.28,-53
1786633196058,443847,Lumbar,walk_2,0.103456,0.976,0.286944,1.47,-2.17,0.07,-53
1786633196058,443864,Lumbar,walk_2,0.102968,0.976976,0.288896,1.61,-2.24,0,-53
1786633196058,443881,Lumbar,walk_2,0.100528,0.977464,0.289872,1.75,-2.24,0.07,-53
1786633196058,443898,Lumbar,walk_2,0.10248,0.975512,0.28792,1.68,-2.17,0.14,-53
1786633196058,443929,Lumbar,walk_2,0.10248,0.976976,0.28792,1.61,-2.1,0.21,-53
1786633196058,443946,Lumbar,walk_2,0.10248,0.977952,0.2928,1.75,-2.17,0.21,-53
1786633196058,443963,Lumbar,walk_2,0.101504,0.979416,0.289872,1.54,-2.17,0.28,-53
1786633196058,443980,Lumbar,walk_2,0.10248,0.977952,0.285968,1.4,-2.1,0.42,-53
1786633196058,443997,Lumbar,walk_2,0.105408,0.976488,0.282552,1.33,-2.24,0.49,-53
1786633196413,444170,Lumbar,walk_2,0.10248,0.975024,0.290848,1.4,-2.17,0.56,-55
1786633196413,444200,Lumbar,walk_2,0.104432,0.976,0.289872,1.54,-2.17,0.63,-55
1786633196413,444218,Lumbar,walk_2,0.10248,0.976488,0.288896,1.54,-2.17,0.49,-55
1786633196413,444234,Lumbar,walk_2,0.100528,0.977952,0.28792,1.61,-2.17,0.42,-55
1786633196413,444252,Lumbar,walk_2,0.101992,0.976488,0.288896,1.68,-2.17,0.49,-55
1786633196413,444282,Lumbar,walk_2,0.104432,0.976976,0.287432,1.54,-2.1,0.7,-55
1786633196413,444299,Lumbar,walk_2,0.102968,0.976976,0.288408,1.47,-2.1,0.7,-55
1786633196413,444316,Lumbar,walk_2,0.103944,0.976488,0.289384,1.47,-2.03,0.63,-55
1786633196413,444333,Lumbar,walk_2,0.102968,0.976488,0.291824,1.61,-2.1,0.49,-55
1786633196413,444350,Lumbar,walk_2,0.102968,0.976488,0.290848,1.75,-2.03,0.56,-55
1786633196768,444524,Lumbar,walk_2,0.103456,0.976976,0.289872,1.61,-2.1,0.98,-55
1786633196768,444555,Lumbar,walk_2,0.10248,0.977952,0.29036,1.61,-2.03,1.12,-55
1786633196768,444572,Lumbar,walk_2,0.101992,0.978928,0.29036,1.54,-2.03,0.98,-55
1786633196768,444589,Lumbar,walk_2,0.102968,0.98332,0.289872,1.47,-2.1,0.7,-55
1786633196768,444606,Lumbar,walk_2,0.104432,0.984296,0.289872,1.4,-1.96,0.28,-55
1786633196768,444637,Lumbar,walk_2,0.10736,0.979416,0.285968,1.33,-1.89,-0.07,-55
1786633196768,444654,Lumbar,walk_2,0.105408,0.977952,0.28304,1.19,-2.1,-0.14,-55
1786633196768,444671,Lumbar,walk_2,0.105896,0.97844,0.282552,0.98,-2.31,-0.28,-55
1786633196768,444688,Lumbar,walk_2,0.106384,0.979416,0.281088,0.91,-2.24,-0.28,-55
1786633196768,444705,Lumbar,walk_2,0.110288,0.979904,0.284992,0.63,-2.1,-0.49,-55
1786633197124,444879,Lumbar,walk_2,0.10004,0.980392,0.296704,2.24,-1.19,1.12,-55
1786633197124,444910,Lumbar,walk_2,0.108824,0.98332,0.281088,1.68,-1.33,0.7,-55
1786633197124,444927,Lumbar,walk_2,0.106872,0.979416,0.280112,1.54,-1.47,0.56,-55
1786633197124,444945,Lumbar,walk_2,0.103944,0.976,0.279624,1.82,-1.68,0.63,-55
1786633197124,444962,Lumbar,walk_2,0.102968,0.972096,0.275232,2.03,-1.89,0.77,-55
1786633197124,444993,Lumbar,walk_2,0.102968,0.974536,0.271328,2.03,-2.52,1.05,-55
1786633197124,445010,Lumbar,walk_2,0.101992,0.979416,0.27572,1.89,-2.59,1.05,-55
1786633197124,445027,Lumbar,walk_2,0.105896,0.981856,0.285968,1.54,-2.45,1.19,-55
1786633197124,445044,Lumbar,walk_2,0.107848,0.982344,0.292312,1.19,-2.45,1.12,-55
1786633197124,445061,Lumbar,walk_2,0.111264,0.98332,0.296704,1.05,-2.38,0.77,-55
1786633197537,445292,Lumbar,walk_2,0.108336,0.977464,0.290848,1.75,-1.96,-0.21,-58
1786633197537,445323,Lumbar,walk_2,0.10492,0.976,0.290848,1.75,-2.03,-0.14,-58
1786633197537,445340,Lumbar,walk_2,0.103456,0.971608,0.28792,1.82,-2.03,0,-58
1786633197537,445357,Lumbar,walk_2,0.101016,0.973072,0.285968,1.96,-2.24,0.07,-58
1786633197537,445374,Lumbar,walk_2,0.101016,0.976,0.286456,2.03,-2.31,0.07,-58
1786633197537,445405,Lumbar,walk_2,0.101504,0.976488,0.28792,2.1,-2.17,0.28,-58
1786633197537,445421,Lumbar,walk_2,0.103944,0.977952,0.289384,2.1,-2.17,0.28,-58
1786633197537,445438,Lumbar,walk_2,0.10492,0.980392,0.289384,1.96,-2.1,0.28,-58
1786633197537,445455,Lumbar,walk_2,0.105408,0.980392,0.288896,1.82,-2.1,0.14,-58
1786633197537,445473,Lumbar,walk_2,0.105896,0.979416,0.287432,1.75,-2.1,0.07,-58
1786633197891,445645,Lumbar,walk_2,0.102968,0.977464,0.29036,1.61,-2.24,0.07,-52
1786633197891,445677,Lumbar,walk_2,0.103944,0.975512,0.290848,1.61,-2.1,0.14,-52
1786633197891,445695,Lumbar,walk_2,0.103944,0.976976,0.288896,1.54,-2.03,0.21,-52
1786633197891,445712,Lumbar,walk_2,0.102968,0.976488,0.288896,1.4,-2.1,0.21,-52
1786633197891,445729,Lumbar,walk_2,0.102968,0.977952,0.291336,1.47,-2.17,0.21,-52
1786633197891,445746,Lumbar,walk_2,0.101992,0.977952,0.289872,1.33,-2.17,0.21,-52
1786633197891,445777,Lumbar,walk_2,0.103944,0.975512,0.282064,1.19,-2.24,0.42,-52
1786633197891,445794,Lumbar,walk_2,0.103944,0.976,0.286456,1.12,-2.31,0.35,-52
1786633197891,445811,Lumbar,walk_2,0.101992,0.975024,0.291336,1.19,-2.17,0.35,-52
1786633197891,445828,Lumbar,walk_2,0.100528,0.975024,0.2928,1.4,-2.1,0.42,-52
1786633198263,446001,Lumbar,walk_2,0.104432,0.976488,0.289872,1.75,-2.1,0.63,-52
1786633198263,446032,Lumbar,walk_2,0.102968,0.976488,0.29036,1.75,-2.1,0.7,-52
1786633198263,446049,Lumbar,walk_2,0.105408,0.976976,0.288896,1.68,-2.03,0.84,-52
1786633198263,446066,Lumbar,walk_2,0.106384,0.977464,0.289384,1.54,-2.1,0.77,-52
1786633198263,446083,Lumbar,walk_2,0.104432,0.978928,0.29036,1.4,-2.03,0.63,-52
1786633198263,446114,Lumbar,walk_2,0.102968,0.976488,0.291336,1.54,-2.03,0.63,-52
1786633198263,446131,Lumbar,walk_2,0.104432,0.976,0.288408,1.75,-2.03,0.56,-52
1786633198263,446148,Lumbar,walk_2,0.105408,0.976488,0.287432,1.75,-2.03,0.63,-52
1786633198263,446165,Lumbar,walk_2,0.10492,0.976488,0.286456,1.68,-2.03,0.63,-52
1786633198263,446182,Lumbar,walk_2,0.10492,0.97844,0.286944,1.61,-1.96,0.63,-52
1786633198657,446357,Lumbar,walk_2,0.103944,0.977952,0.289384,1.47,-2.03,0.56,-52
1786633198657,446388,Lumbar,walk_2,0.105408,0.977952,0.289872,1.4,-2.03,0.49,-52
1786633198657,446405,Lumbar,walk_2,0.106384,0.976488,0.288896,1.47,-2.03,0.56,-52
1786633198657,446422,Lumbar,walk_2,0.10492,0.977464,0.288408,1.47,-2.03,0.49,-52
1786633198657,446439,Lumbar,walk_2,0.105408,0.976976,0.289384,1.4,-2.03,0.42,-52
1786633198657,446470,Lumbar,walk_2,0.103944,0.976976,0.286456,1.4,-2.1,0.63,-52
1786633198657,446487,Lumbar,walk_2,0.105408,0.976488,0.286456,1.33,-2.1,0.49,-52
1786633198657,446504,Lumbar,walk_2,0.105408,0.976,0.286944,1.33,-2.1,0.42,-52
1786633198657,446521,Lumbar,walk_2,0.105408,0.976488,0.289384,1.4,-2.1,0.42,-52
1786633198657,446538,Lumbar,walk_2,0.10492,0.977464,0.290848,1.54,-2.17,0.42,-52
1786633198957,446712,Lumbar,walk_2,0.10492,0.976976,0.290848,1.19,-2.03,0.56,-52
1786633198957,446743,Lumbar,walk_2,0.105896,0.977464,0.28792,1.61,-2.17,0.42,-52
1786633198957,446760,Lumbar,walk_2,0.106872,0.977952,0.286456,1.54,-2.24,0.28,-52
1786633198957,446777,Lumbar,walk_2,0.10736,0.976976,0.286456,1.47,-2.17,0.35,-52
1786633198957,446794,Lumbar,walk_2,0.106384,0.976976,0.288896,1.4,-2.1,0.42,-52
1786633198957,446812,Lumbar,walk_2,0.106384,0.976,0.291824,1.4,-2.1,0.56,-52
1786633198957,446843,Lumbar,walk_2,0.106384,0.97356,0.2928,1.47,-2.1,0.7,-52
1786633198957,446860,Lumbar,walk_2,0.107848,0.973072,0.293288,1.47,-2.1,0.7,-52
1786633198957,446877,Lumbar,walk_2,0.105896,0.975512,0.293776,1.54,-2.1,0.7,-52
1786633198957,446894,Lumbar,walk_2,0.10248,0.975512,0.289872,1.61,-2.24,0.7,-52
1786633199314,447067,Lumbar,walk_2,0.111752,0.973072,0.286456,1.33,-2.17,-0.42,-61
1786633199314,447098,Lumbar,walk_2,0.10736,0.970144,0.286944,1.47,-2.45,-0.07,-61
1786633199314,447115,Lumbar,walk_2,0.10492,0.971608,0.29036,1.54,-2.73,0.07,-61
1786633199314,447132,Lumbar,walk_2,0.102968,0.974048,0.294752,1.61,-2.66,0.14,-61
1786633199314,447149,Lumbar,walk_2,0.10248,0.976,0.299632,1.68,-2.31,0.35,-61
1786633199314,447180,Lumbar,walk_2,0.100528,0.977952,0.299632,1.75,-1.75,0.35,-61
1786633199314,447197,Lumbar,walk_2,0.10248,0.979904,0.29524,1.82,-1.75,0.21,-61
1786633199314,447214,Lumbar,walk_2,0.103944,0.979904,0.289872,1.75,-1.68,0.07,-61
1786633199314,447232,Lumbar,walk_2,0.105896,0.978928,0.28792,1.68,-1.68,0.14,-61
1786633199314,447249,Lumbar,walk_2,0.103944,0.976,0.284504,1.61,-1.68,0.14,-61
1786633199669,447422,Lumbar,walk_2,0.106384,0.97844,0.2928,1.26,-2.31,0.07,-62
1786633199669,447453,Lumbar,walk_2,0.104432,0.975512,0.290848,1.54,-2.24,0.07,-62
1786633199669,447470,Lumbar,walk_2,0.10492,0.976488,0.287432,1.54,-2.03,0.14,-62
1786633199669,447487,Lumbar,walk_2,0.105896,0.977464,0.287432,1.47,-2.1,0.21,-62
1786633199669,447504,Lumbar,walk_2,0.10492,0.976976,0.289872,1.47,-2.1,0.14,-62
1786633199669,447535,Lumbar,walk_2,0.102968,0.976488,0.286456,1.33,-2.17,0.35,-62
1786633199669,447552,Lumbar,walk_2,0.10492,0.975512,0.284016,1.33,-2.17,0.42,-62
1786633199669,447569,Lumbar,walk_2,0.10736,0.976488,0.286944,1.26,-2.17,0.49,-62
1786633199669,447586,Lumbar,walk_2,0.103944,0.976,0.291824,1.12,-2.03,0.35,-62
1786633199669,447603,Lumbar,walk_2,0.102968,0.976488,0.294264,1.33,-2.1,0.28,-62
1786633200025,447777,Lumbar,walk_2,0.105896,0.977464,0.291336,1.68,-2.1,0.35,-62
1786633200025,447808,Lumbar,walk_2,0.102968,0.975024,0.29036,1.75,-2.1,0.42,-62
1786633200025,447825,Lumbar,walk_2,0.105408,0.975512,0.288896,1.75,-2.1,0.49,-62
1786633200025,447843,Lumbar,walk_2,0.106384,0.976488,0.28792,1.61,-2.1,0.49,-62
1786633200025,447859,Lumbar,walk_2,0.10492,0.977952,0.288896,1.54,-2.1,0.49,-62
1786633200025,447890,Lumbar,walk_2,0.10492,0.976976,0.290848,1.61,-2.1,0.35,-62
1786633200025,447907,Lumbar,walk_2,0.104432,0.975512,0.289384,1.75,-2.1,0.35,-62
1786633200025,447925,Lumbar,walk_2,0.105896,0.976,0.288408,1.75,-2.1,0.49,-62
1786633200025,447941,Lumbar,walk_2,0.105408,0.976488,0.287432,1.68,-2.03,0.49,-62
1786633200025,447958,Lumbar,walk_2,0.106384,0.976488,0.28792,1.61,-2.03,0.49,-62
1786633200382,448133,Lumbar,walk_2,0.104432,0.977464,0.288408,1.47,-2.03,0.7,-62
1786633200382,448164,Lumbar,walk_2,0.10492,0.975512,0.288408,1.4,-2.03,0.63,-62
1786633200382,448181,Lumbar,walk_2,0.108336,0.976,0.289384,1.47,-2.03,0.56,-62
1786633200382,448198,Lumbar,walk_2,0.106872,0.976976,0.289384,1.47,-2.03,0.63,-62
1786633200382,448215,Lumbar,walk_2,0.10736,0.977464,0.289872,1.47,-2.03,0.63,-62
1786633200382,448246,Lumbar,walk_2,0.10492,0.976488,0.288896,1.47,-2.03,0.7,-62
1786633200382,448263,Lumbar,walk_2,0.106384,0.976488,0.288408,1.4,-2.03,0.63,-62
1786633200382,448280,Lumbar,walk_2,0.105896,0.977464,0.28792,1.33,-2.1,0.56,-62
1786633200382,448297,Lumbar,walk_2,0.105896,0.976488,0.29036,1.47,-1.96,0.49,-62
1786633200382,448314,Lumbar,walk_2,0.103944,0.975512,0.289872,1.47,-2.1,0.42,-62
1786633200740,448489,Lumbar,walk_2,0.10492,0.977464,0.292312,1.05,-2.03,0.63,-59
1786633200740,448520,Lumbar,walk_2,0.10736,0.976976,0.289872,1.61,-2.03,0.56,-59
1786633200740,448537,Lumbar,walk_2,0.107848,0.976976,0.28792,1.54,-2.1,0.49,-59
1786633200740,448555,Lumbar,walk_2,0.10736,0.976976,0.285968,1.47,-2.17,0.49,-59
1786633200740,448572,Lumbar,walk_2,0.108336,0.976488,0.287432,1.33,-2.1,0.49,-59
1786633200740,448603,Lumbar,walk_2,0.106384,0.974536,0.289872,1.4,-2.03,0.63,-59
1786633200740,448620,Lumbar,walk_2,0.105408,0.974048,0.291824,1.4,-2.1,0.7,-59
1786633200740,448637,Lumbar,walk_2,0.10736,0.97356,0.2928,1.54,-2.17,0.77,-59
1786633200740,448654,Lumbar,walk_2,0.107848,0.976488,0.291824,1.54,-2.1,0.7,-59
1786633200740,448671,Lumbar,walk_2,0.106872,0.976,0.290848,1.61,-2.1,0.56,-59
1786633201093,448845,Lumbar,walk_2,0.108336,0.976,0.288896,1.61,-2.03,0.49,-59
1786633201093,448876,Lumbar,walk_2,0.108824,0.976,0.290848,1.61,-1.96,0.56,-59
1786633201093,448893,Lumbar,walk_2,0.108824,0.976,0.289384,1.54,-2.1,0.42,-59
1786633201093,448910,Lumbar,walk_2,0.107848,0.976488,0.288896,1.61,-2.1,0.42,-59
1786633201093,448927,Lumbar,walk_2,0.106872,0.976488,0.289384,1.47,-2.17,0.35,-59
1786633201093,448958,Lumbar,walk_2,0.107848,0.975024,0.289384,1.54,-2.1,0.35,-59
1786633201093,448975,Lumbar,walk_2,0.107848,0.975024,0.29036,1.61,-2.1,0.42,-59
1786633201093,448992,Lumbar,walk_2,0.10736,0.976488,0.289384,1.61,-2.17,0.35,-59
1786633201093,449009,Lumbar,walk_2,0.108336,0.976,0.289872,1.61,-2.17,0.35,-59
1786633201093,449026,Lumbar,walk_2,0.109312,0.976976,0.289872,1.61,-2.1,0.35,-59
1786633201452,449199,Lumbar,walk_2,0.10736,0.977464,0.2928,1.61,-2.31,0,-60
1786633201452,449230,Lumbar,walk_2,0.10736,0.974048,0.291336,1.61,-2.1,0.07,-60
1786633201452,449248,Lumbar,walk_2,0.1098,0.975512,0.29036,1.61,-2.03,0.07,-60
1786633201452,449264,Lumbar,walk_2,0.109312,0.976488,0.291824,1.61,-2.17,0,-60
1786633201452,449281,Lumbar,walk_2,0.106384,0.976976,0.2928,1.47,-2.17,-0.07,-60
1786633201452,449312,Lumbar,walk_2,0.107848,0.975512,0.286456,1.33,-2.24,0.28,-60
1786633201452,449329,Lumbar,walk_2,0.108336,0.975024,0.284992,1.33,-2.24,0.28,-60
1786633201452,449346,Lumbar,walk_2,0.107848,0.975512,0.288896,1.19,-2.24,0.21,-60
1786633201452,449364,Lumbar,walk_2,0.106384,0.976488,0.291824,1.19,-2.17,0.14,-60
1786633201452,449381,Lumbar,walk_2,0.105896,0.975024,0.291824,1.4,-2.24,0.07,-60
1786633201803,449554,Lumbar,walk_2,0.105408,0.976,0.292312,1.75,-2.24,-0.07,-60
1786633201803,449585,Lumbar,walk_2,0.10492,0.976,0.289384,1.96,-2.31,0.07,-60
1786633201803,449602,Lumbar,walk_2,0.106384,0.976488,0.289384,1.82,-2.31,0.14,-60
1786633201803,449619,Lumbar,walk_2,0.107848,0.976976,0.29036,1.61,-2.24,0.21,-60
1786633201803,449636,Lumbar,walk_2,0.105408,0.977464,0.29036,1.54,-2.24,0.14,-60
1786633201803,449667,Lumbar,walk_2,0.106384,0.976976,0.290848,1.68,-2.24,0.07,-60
1786633201803,449684,Lumbar,walk_2,0.10492,0.975512,0.29036,1.82,-2.31,0.07,-60
1786633201803,449701,Lumbar,walk_2,0.10492,0.976,0.289872,1.82,-2.24,0.07,-60
1786633201803,449718,Lumbar,walk_2,0.106384,0.976976,0.289872,1.82,-2.17,0.07,-60
1786633201803,449735,Lumbar,walk_2,0.106872,0.976488,0.291336,1.75,-2.17,0.07,-60
1786633202157,449908,Lumbar,walk_2,0.10492,0.976,0.289872,1.75,-2.17,0.07,-59
1786633202157,449940,Lumbar,walk_2,0.105408,0.976976,0.28792,1.68,-2.17,0.14,-59
1786633202157,449957,Lumbar,walk_2,0.103944,0.977952,0.289384,1.54,-2.24,0.14,-59
1786633202157,449974,Lumbar,walk_2,0.103944,0.976976,0.289872,1.61,-2.24,0.14,-59
1786633202157,449992,Lumbar,walk_2,0.105896,0.97356,0.289872,1.68,-2.24,0.21,-59
1786633202157,450009,Lumbar,walk_2,0.10492,0.974536,0.289384,1.75,-2.03,0.28,-59
1786633202157,450040,Lumbar,walk_2,0.106872,0.977464,0.28792,1.68,-2.17,0.28,-59
1786633202157,450057,Lumbar,walk_2,0.104432,0.977464,0.288896,1.68,-2.17,0.21,-59
1786633202157,450074,Lumbar,walk_2,0.103456,0.976976,0.288408,1.68,-2.24,0.28,-59
1786633202157,450090,Lumbar,walk_2,0.10248,0.975512,0.288896,1.75,-2.17,0.35,-59
1786633202513,450264,Lumbar,walk_2,0.103456,0.976,0.291824,1.4,-1.96,0.84,-61
1786633202513,450295,Lumbar,walk_2,0.106384,0.976976,0.286456,1.54,-2.03,0.84,-61
1786633202513,450312,Lumbar,walk_2,0.106384,0.977464,0.284992,1.4,-2.03,0.77,-61
1786633202513,450330,Lumbar,walk_2,0.106872,0.975512,0.28792,1.26,-2.03,0.77,-61
1786633202513,450347,Lumbar,walk_2,0.106872,0.976,0.289872,1.26,-2.03,0.91,-61
1786633202513,450378,Lumbar,walk_2,0.105896,0.97356,0.293288,1.4,-2.03,0.84,-61
1786633202513,450395,Lumbar,walk_2,0.107848,0.974048,0.291336,1.61,-1.96,0.84,-61
1786633202513,450411,Lumbar,walk_2,0.107848,0.976,0.291336,1.54,-2.03,0.77,-61
1786633202513,450428,Lumbar,walk_2,0.106384,0.977464,0.291824,1.68,-2.1,0.63,-61
1786633202513,450445,Lumbar,walk_2,0.106384,0.976976,0.29036,1.75,-2.03,0.7,-61
1786633202892,450619,Lumbar,walk_2,0.108336,0.977952,0.287432,1.47,-1.96,0.63,-61
1786633202892,450650,Lumbar,walk_2,0.107848,0.976,0.29036,1.47,-2.1,0.49,-61
1786633202892,450667,Lumbar,walk_2,0.109312,0.975512,0.29036,1.54,-2.03,0.49,-61
1786633202892,450684,Lumbar,walk_2,0.108336,0.975512,0.289384,1.54,-2.03,0.56,-61
1786633202892,450701,Lumbar,walk_2,0.108336,0.976488,0.289384,1.61,-2.03,0.56,-61
1786633202892,450732,Lumbar,walk_2,0.107848,0.976,0.288408,1.54,-2.1,0.56,-61
1786633202892,450749,Lumbar,walk_2,0.108336,0.977464,0.289384,1.54,-2.17,0.49,-61
1786633202892,450766,Lumbar,walk_2,0.10736,0.976488,0.288896,1.61,-2.1,0.49,-61
1786633202892,450783,Lumbar,walk_2,0.107848,0.976976,0.289384,1.54,-2.1,0.49,-61
1786633202892,450800,Lumbar,walk_2,0.109312,0.976976,0.28792,1.47,-2.03,0.49,-61
1786633203282,450974,Lumbar,walk_2,0.106872,0.976,0.29036,1.61,-1.96,0.42,-61
1786633203282,451005,Lumbar,walk_2,0.109312,0.976488,0.291336,1.47,-1.96,0.35,-61
1786633203282,451022,Lumbar,walk_2,0.108824,0.976488,0.293288,1.47,-2.1,0.21,-61
1786633203282,451039,Lumbar,walk_2,0.107848,0.977464,0.291336,1.4,-2.1,0.28,-61
1786633203282,451056,Lumbar,walk_2,0.107848,0.97356,0.287432,1.33,-2.1,0.49,-61
1786633203282,451087,Lumbar,walk_2,0.108824,0.976488,0.285968,1.12,-2.03,0.7,-61
1786633203282,451104,Lumbar,walk_2,0.106384,0.97356,0.290848,0.98,-2.1,0.63,-61
1786633203282,451121,Lumbar,walk_2,0.106872,0.975024,0.290848,1.19,-2.1,0.56,-61
1786633203282,451138,Lumbar,walk_2,0.106872,0.976,0.29036,1.47,-2.1,0.56,-61
1786633203282,451155,Lumbar,walk_2,0.108824,0.976488,0.288408,1.61,-2.1,0.56,-61
1786633203576,451328,Lumbar,walk_2,0.107848,0.976,0.288408,1.54,-2.17,0.42,-61
1786633203576,451359,Lumbar,walk_2,0.109312,0.976488,0.288408,1.4,-2.03,0.42,-61
1786633203576,451376,Lumbar,walk_2,0.110776,0.977952,0.288896,1.33,-2.1,0.28,-61
1786633203576,451393,Lumbar,walk_2,0.110776,0.976976,0.290848,1.47,-2.1,0.14,-61
1786633203576,451410,Lumbar,walk_2,0.11224,0.976488,0.291336,1.54,-2.17,-0.07,-61
1786633203576,451441,Lumbar,walk_2,0.110776,0.974536,0.289872,1.68,-2.1,-0.14,-61
1786633203576,451458,Lumbar,walk_2,0.110288,0.975024,0.288896,1.61,-2.17,0,-61
1786633203576,451475,Lumbar,walk_2,0.110288,0.976,0.29036,1.61,-2.17,0,-61
1786633203576,451492,Lumbar,walk_2,0.110288,0.976488,0.291336,1.47,-2.17,0,-61
1786633203576,451509,Lumbar,walk_2,0.105408,0.974536,0.291336,1.4,-2.1,0,-61
1786633203931,451683,Lumbar,walk_2,0.105896,0.975512,0.289384,1.61,-2.24,0.21,-56
1786633203931,451713,Lumbar,walk_2,0.106872,0.976,0.289384,1.61,-2.17,0.21,-56
1786633203931,451731,Lumbar,walk_2,0.108336,0.976976,0.289872,1.54,-2.24,0.28,-56
1786633203931,451747,Lumbar,walk_2,0.10736,0.975512,0.288896,1.54,-2.24,0.28,-56
1786633203931,451764,Lumbar,walk_2,0.107848,0.976976,0.289384,1.47,-2.17,0.42,-56
1786633203931,451795,Lumbar,walk_2,0.107848,0.976488,0.29036,1.4,-2.24,0.35,-56
1786633203931,451812,Lumbar,walk_2,0.106872,0.975512,0.29036,1.47,-2.17,0.35,-56
1786633203931,451829,Lumbar,walk_2,0.107848,0.975024,0.290848,1.54,-2.17,0.28,-56
1786633203931,451846,Lumbar,walk_2,0.108336,0.976,0.29036,1.61,-2.17,0.28,-56
1786633203931,451863,Lumbar,walk_2,0.107848,0.976488,0.29036,1.61,-2.1,0.28,-56
1786633204287,452037,Lumbar,walk_2,0.106872,0.976,0.289384,1.75,-2.1,0.35,-62
1786633204287,452068,Lumbar,walk_2,0.106872,0.974536,0.288896,1.61,-2.1,0.35,-62
1786633204287,452085,Lumbar,walk_2,0.105408,0.976488,0.28792,1.61,-2.1,0.49,-62
1786633204287,452102,Lumbar,walk_2,0.105896,0.976488,0.287432,1.68,-2.03,0.63,-62
1786633204287,452119,Lumbar,walk_2,0.105896,0.977464,0.286944,1.68,-2.03,0.56,-62
1786633204287,452150,Lumbar,walk_2,0.105896,0.97844,0.28792,1.61,-2.1,0.42,-62
1786633204287,452167,Lumbar,walk_2,0.105408,0.977464,0.288896,1.61,-2.1,0.42,-62
1786633204287,452184,Lumbar,walk_2,0.105408,0.97844,0.29036,1.61,-2.1,0.28,-62
1786633204287,452201,Lumbar,walk_2,0.105896,0.976976,0.290848,1.47,-2.17,0.35,-62
1786633204287,452218,Lumbar,walk_2,0.106872,0.976,0.29036,1.47,-2.17,0.28,-62
1786633204642,452392,Lumbar,walk_2,0.108336,0.975512,0.288896,1.54,-2.1,0.49,-62
1786633204642,452423,Lumbar,walk_2,0.108336,0.974536,0.286456,1.47,-2.1,0.56,-62
1786633204642,452440,Lumbar,walk_2,0.108824,0.976,0.286944,1.47,-2.17,0.42,-62
1786633204642,452457,Lumbar,walk_2,0.107848,0.976976,0.28792,1.47,-2.24,0.35,-62
1786633204642,452474,Lumbar,walk_2,0.107848,0.974048,0.289384,1.75,-2.17,0.42,-62
1786633204642,452505,Lumbar,walk_2,0.108336,0.975512,0.291336,1.82,-1.96,0.56,-62
1786633204642,452522,Lumbar,walk_2,0.10736,0.97844,0.296704,1.75,-1.96,0.49,-62
1786633204642,452539,Lumbar,walk_2,0.106872,0.975024,0.289872,1.47,-1.68,0.7,-62
1786633204642,452556,Lumbar,walk_2,0.108336,0.972096,0.28792,1.47,-1.82,1.05,-62
1786633204642,452573,Lumbar,walk_2,0.111264,0.973072,0.29036,1.54,-1.75,1.12,-62
1786633204997,452746,Lumbar,walk_2,0.108336,0.980392,0.28548,1.54,-1.82,0.42,-62
1786633204997,452777,Lumbar,walk_2,0.108336,0.976976,0.285968,1.75,-2.1,0.21,-62
1786633204997,452794,Lumbar,walk_2,0.107848,0.976,0.286456,1.68,-2.17,0.21,-62
1786633204997,452811,Lumbar,walk_2,0.108336,0.975024,0.286944,1.75,-2.1,0.21,-62
1786633204997,452828,Lumbar,walk_2,0.107848,0.976976,0.287432,1.75,-2.03,0.35,-62
1786633204997,452859,Lumbar,walk_2,0.10736,0.977952,0.288896,1.47,-2.03,0.42,-62
1786633204997,452877,Lumbar,walk_2,0.106872,0.977952,0.290848,1.33,-2.1,0.21,-62
1786633204997,452894,Lumbar,walk_2,0.106384,0.977952,0.29036,1.33,-2.1,0.21,-62
1786633204997,452911,Lumbar,walk_2,0.10736,0.977464,0.288896,1.4,-2.1,0,-62
1786633204997,452927,Lumbar,walk_2,0.106384,0.976,0.289872,1.4,-2.03,0,-62
1786633205352,453100,Lumbar,walk_2,0.106872,0.976488,0.29036,1.26,-2.52,0.21,-62
1786633205352,453131,Lumbar,walk_2,0.106872,0.974536,0.2928,1.4,-2.45,0.21,-62
1786633205352,453148,Lumbar,walk_2,0.107848,0.974048,0.291824,1.47,-2.45,0.21,-62
1786633205352,453166,Lumbar,walk_2,0.108336,0.976976,0.289384,1.47,-2.38,0.28,-62
1786633205352,453183,Lumbar,walk_2,0.10736,0.976,0.29036,1.47,-2.31,0.28,-62
1786633205352,453214,Lumbar,walk_2,0.106872,0.975024,0.290848,1.54,-2.24,0.35,-62
1786633205352,453231,Lumbar,walk_2,0.10736,0.974048,0.291336,1.61,-2.1,0.42,-62
1786633205352,453248,Lumbar,walk_2,0.108824,0.974536,0.29036,1.68,-2.1,0.56,-62
1786633205352,453265,Lumbar,walk_2,0.10736,0.976,0.288408,1.75,-2.1,0.56,-62
1786633205352,453282,Lumbar,walk_2,0.107848,0.976488,0.28792,1.61,-2.1,0.49,-62
1786633205712,453454,Lumbar,walk_2,0.107848,0.97844,0.293776,1.61,-2.24,0.14,-57
1786633205712,453486,Lumbar,walk_2,0.107848,0.977952,0.282552,1.12,-2.31,0.28,-57
1786633205712,453503,Lumbar,walk_2,0.111264,0.976976,0.28548,0.98,-2.31,0.21,-57
1786633205712,453521,Lumbar,walk_2,0.107848,0.976,0.289872,0.84,-2.24,0.07,-57
1786633205712,453538,Lumbar,walk_2,0.10736,0.975024,0.293288,1.12,-2.17,0,-57
1786633205712,453555,Lumbar,walk_2,0.106872,0.974048,0.293288,1.26,-2.17,-0.07,-57
1786633205712,453586,Lumbar,walk_2,0.106384,0.975512,0.28548,1.75,-2.17,-0.07,-57
1786633205712,453603,Lumbar,walk_2,0.106384,0.976488,0.284992,1.68,-2.17,0.07,-57
1786633205712,453620,Lumbar,walk_2,0.105896,0.976488,0.288408,1.47,-2.1,0.14,-57
1786633205712,453637,Lumbar,walk_2,0.10492,0.975024,0.290848,1.4,-2.03,0.21,-57
1786633206065,453811,Lumbar,walk_2,0.106872,0.976976,0.288408,1.68,-2.17,0.07,-57
1786633206065,453843,Lumbar,walk_2,0.104432,0.976488,0.288408,1.89,-2.17,0.07,-57
1786633206065,453860,Lumbar,walk_2,0.10492,0.977464,0.28792,1.89,-2.1,0.14,-57
1786633206065,453878,Lumbar,walk_2,0.105408,0.977952,0.288408,1.82,-2.03,0.14,-57
1786633206065,453895,Lumbar,walk_2,0.105408,0.977464,0.288896,1.75,-2.03,0.28,-57
1786633206065,453912,Lumbar,walk_2,0.104432,0.976488,0.28792,1.75,-1.96,0.28,-57
1786633206065,453943,Lumbar,walk_2,0.103944,0.976976,0.286456,1.61,-2.03,0.28,-57
1786633206065,453960,Lumbar,walk_2,0.103944,0.976976,0.286944,1.54,-2.03,0.35,-57
1786633206065,453977,Lumbar,walk_2,0.103456,0.977464,0.28548,1.47,-2.03,0.42,-57
1786633206065,453994,Lumbar,walk_2,0.104432,0.976488,0.287432,1.47,-2.03,0.42,-57
1786633206418,454167,Lumbar,walk_2,0.105896,0.975512,0.288896,1.4,-2.03,0.77,-55
1786633206418,454198,Lumbar,walk_2,0.105408,0.976488,0.287432,1.47,-1.96,0.91,-55
1786633206418,454215,Lumbar,walk_2,0.107848,0.976976,0.286456,1.47,-2.03,0.84,-55
1786633206418,454232,Lumbar,walk_2,0.105896,0.976488,0.28792,1.47,-2.03,0.77,-55
1786633206418,454248,Lumbar,walk_2,0.103944,0.977464,0.289384,1.54,-2.03,0.77,-55
1786633206418,454280,Lumbar,walk_2,0.106872,0.975512,0.289872,1.54,-1.96,0.91,-55
1786633206418,454296,Lumbar,walk_2,0.107848,0.976976,0.288408,1.54,-1.96,0.91,-55
1786633206418,454313,Lumbar,walk_2,0.108336,0.976488,0.29036,1.54,-2.1,0.7,-55
1786633206418,454330,Lumbar,walk_2,0.10736,0.97844,0.292312,1.54,-2.17,0.7,-55
1786633206418,454347,Lumbar,walk_2,0.106872,0.977464,0.289384,1.33,-2.1,0.63,-55
1786633206838,454521,Lumbar,walk_2,0.108336,0.975512,0.290848,1.26,-1.96,0.63,-59
1786633206838,454552,Lumbar,walk_2,0.105896,0.97356,0.291824,1.47,-2.03,0.77,-59
1786633206838,454569,Lumbar,walk_2,0.106872,0.974536,0.291336,1.61,-1.96,0.7,-59
1786633206838,454586,Lumbar,walk_2,0.108336,0.976,0.291824,1.61,-2.03,0.49,-59
1786633206838,454603,Lumbar,walk_2,0.106384,0.976976,0.291336,1.54,-2.03,0.49,-59
1786633206838,454634,Lumbar,walk_2,0.108336,0.97356,0.289872,1.68,-2.1,0.56,-59
1786633206838,454651,Lumbar,walk_2,0.109312,0.974536,0.28792,1.68,-2.1,0.56,-59
1786633206838,454668,Lumbar,walk_2,0.108824,0.976488,0.289384,1.68,-2.1,0.56,-59
1786633206838,454685,Lumbar,walk_2,0.108824,0.976976,0.289872,1.47,-2.17,0.49,-59
1786633206838,454703,Lumbar,walk_2,0.1098,0.976976,0.290848,1.54,-2.17,0.35,-59
1786633207129,454877,Lumbar,walk_2,0.107848,0.976,0.289384,1.54,-1.96,0.42,-59
1786633207129,454908,Lumbar,walk_2,0.10736,0.975512,0.28792,1.54,-2.1,0.35,-59
1786633207129,454925,Lumbar,walk_2,0.107848,0.976488,0.289872,1.61,-2.17,0.28,-59
1786633207129,454942,Lumbar,walk_2,0.10736,0.976,0.289384,1.61,-2.1,0.28,-59
1786633207129,454959,Lumbar,walk_2,0.106872,0.976488,0.289872,1.54,-2.1,0.35,-59
1786633207129,454990,Lumbar,walk_2,0.10736,0.975512,0.288896,1.54,-2.1,0.42,-59
1786633207129,455007,Lumbar,walk_2,0.106872,0.976,0.288408,1.54,-2.17,0.42,-59
1786633207129,455024,Lumbar,walk_2,0.107848,0.976488,0.288896,1.54,-2.17,0.49,-59
1786633207129,455041,Lumbar,walk_2,0.107848,0.976488,0.288408,1.54,-2.1,0.63,-59
1786633207129,455058,Lumbar,walk_2,0.108824,0.976488,0.28792,1.47,-2.1,0.63,-59
1786633207483,455231,Lumbar,walk_2,0.109312,0.974048,0.284992,1.26,-2.17,0.56,-59
1786633207483,455262,Lumbar,walk_2,0.108336,0.976,0.287432,1.05,-2.1,0.56,-59
1786633207483,455279,Lumbar,walk_2,0.106384,0.976,0.291336,1.05,-2.1,0.42,-59
1786633207483,455296,Lumbar,walk_2,0.106872,0.975512,0.292312,1.12,-2.1,0.35,-59
1786633207483,455313,Lumbar,walk_2,0.108824,0.975512,0.29036,1.4,-2.03,0.35,-59
1786633207483,455345,Lumbar,walk_2,0.108824,0.97844,0.28548,1.33,-2.17,0.21,-59
1786633207483,455362,Lumbar,walk_2,0.108336,0.977952,0.286456,1.19,-2.1,0.21,-59
1786633207483,455379,Lumbar,walk_2,0.106872,0.975512,0.290848,1.26,-2.1,0.28,-59
1786633207483,455396,Lumbar,walk_2,0.106384,0.97356,0.293776,1.33,-2.1,0.28,-59
1786633207483,455413,Lumbar,walk_2,0.106384,0.97112,0.293288,1.54,-2.1,0.35,-59
1786633207838,455585,Lumbar,walk_2,0.108824,0.976,0.289872,1.68,-2.1,0.21,-59
1786633207838,455616,Lumbar,walk_2,0.107848,0.976,0.288896,1.68,-2.1,0.14,-59
1786633207838,455634,Lumbar,walk_2,0.108336,0.976976,0.287432,1.68,-2.1,0.14,-59
1786633207838,455651,Lumbar,walk_2,0.110288,0.97844,0.288408,1.61,-2.03,0.14,-59
1786633207838,455668,Lumbar,walk_2,0.107848,0.977952,0.288896,1.61,-2.17,0.07,-59
1786633207838,455699,Lumbar,walk_2,0.10736,0.976,0.289384,1.54,-2.17,0,-59
1786633207838,455716,Lumbar,walk_2,0.106872,0.976976,0.288408,1.54,-2.17,0,-59
1786633207838,455733,Lumbar,walk_2,0.106872,0.975512,0.289872,1.54,-2.17,0.07,-59
1786633207838,455750,Lumbar,walk_2,0.106384,0.975512,0.288408,1.54,-2.17,0.07,-59
1786633207838,455767,Lumbar,walk_2,0.10736,0.975024,0.289384,1.54,-2.17,0.07,-59
1786633208193,455940,Lumbar,walk_2,0.107848,0.976,0.288896,1.68,-2.17,0.14,-57
1786633208193,455971,Lumbar,walk_2,0.10492,0.977464,0.288408,1.68,-2.24,0.07,-57
1786633208193,455988,Lumbar,walk_2,0.105896,0.976488,0.289384,1.68,-2.24,0.07,-57
1786633208193,456005,Lumbar,walk_2,0.106872,0.976488,0.289384,1.68,-2.17,0.07,-57
1786633208193,456022,Lumbar,walk_2,0.10736,0.976976,0.287432,1.61,-2.1,0.14,-57
1786633208193,456053,Lumbar,walk_2,0.105896,0.977464,0.291336,1.54,-2.17,0.07,-57
1786633208193,456070,Lumbar,walk_2,0.10492,0.977952,0.290848,1.47,-2.24,0.14,-57
1786633208193,456087,Lumbar,walk_2,0.105896,0.975024,0.284992,1.4,-2.17,0.21,-57
1786633208193,456104,Lumbar,walk_2,0.10736,0.975512,0.284016,1.33,-2.24,0.42,-57
1786633208193,456121,Lumbar,walk_2,0.105408,0.976488,0.28792,1.12,-2.17,0.28,-57
1786633208549,456295,Lumbar,walk_2,0.105896,0.974048,0.291824,1.75,-2.17,0.49,-57
1786633208549,456326,Lumbar,walk_2,0.106384,0.976976,0.289384,1.75,-2.17,0.49,-57
1786633208549,456343,Lumbar,walk_2,0.105408,0.976,0.288408,1.82,-2.24,0.49,-57
1786633208549,456361,Lumbar,walk_2,0.10492,0.974536,0.286944,1.82,-2.17,0.63,-57
1786633208549,456378,Lumbar,walk_2,0.106872,0.975024,0.287432,1.68,-2.1,0.77,-57
1786633208549,456409,Lumbar,walk_2,0.106384,0.976976,0.28792,1.54,-2.03,0.7,-57
1786633208549,456426,Lumbar,walk_2,0.105896,0.977464,0.289384,1.61,-2.03,0.63,-57
1786633208549,456443,Lumbar,walk_2,0.106872,0.975512,0.289384,1.75,-2.1,0.63,-57
1786633208549,456460,Lumbar,walk_2,0.10736,0.976488,0.288408,1.82,-2.03,0.63,-57
1786633208549,456477,Lumbar,walk_2,0.10736,0.976,0.287432,1.82,-1.96,0.63,-57
1786633208905,456651,Lumbar,walk_2,0.106384,0.975512,0.289384,1.54,-2.17,0.7,-57
1786633208905,456683,Lumbar,walk_2,0.106384,0.975512,0.288896,1.47,-2.1,0.77,-57
1786633208905,456700,Lumbar,walk_2,0.105896,0.976,0.28792,1.4,-2.1,0.77,-57
1786633208905,456717,Lumbar,walk_2,0.105896,0.977952,0.290848,1.4,-2.03,0.77,-57
1786633208905,456734,Lumbar,walk_2,0.105408,0.977952,0.291824,1.4,-1.96,0.63,-57
1786633208905,456765,Lumbar,walk_2,0.108824,0.977464,0.289384,1.54,-1.96,0.56,-57
1786633208905,456782,Lumbar,walk_2,0.110288,0.976976,0.287432,1.54,-1.96,0.49,-57
1786633208905,456799,Lumbar,walk_2,0.111264,0.976976,0.285968,1.47,-2.1,0.21,-57
1786633208905,456816,Lumbar,walk_2,0.1098,0.977952,0.285968,1.4,-2.1,0.14,-57
1786633208905,456832,Lumbar,walk_2,0.111264,0.978928,0.286944,1.47,-2.1,-0.07,-57
1786633209259,457005,Lumbar,walk_2,0.108336,0.981368,0.293776,1.26,-1.68,0.49,-67
1786633209259,457037,Lumbar,walk_2,0.108824,0.978928,0.284504,1.4,-1.68,-0.14,-67
1786633209259,457055,Lumbar,walk_2,0.111752,0.977464,0.27816,1.54,-1.89,0,-67
1786633209259,457072,Lumbar,walk_2,0.10736,0.97356,0.27572,1.47,-1.96,0.21,-67
1786633209259,457089,Lumbar,walk_2,0.104432,0.97356,0.274744,1.33,-2.38,0.35,-67
1786633209259,457106,Lumbar,walk_2,0.101016,0.972584,0.2806,1.33,-2.59,0.7,-67
1786633209259,457137,Lumbar,walk_2,0.10004,0.974536,0.2928,1.47,-2.38,0.98,-67
1786633209259,457154,Lumbar,walk_2,0.103456,0.975024,0.298168,1.54,-2.24,1.12,-67
1786633209259,457171,Lumbar,walk_2,0.106872,0.977952,0.298656,1.54,-2.1,1.19,-67
1786633209259,457188,Lumbar,walk_2,0.1098,0.980392,0.29524,1.4,-2.1,0.98,-67
1786633209620,457361,Lumbar,walk_2,0.113216,0.974536,0.2928,1.54,-2.38,0.84,-55
1786633209620,457393,Lumbar,walk_2,0.114192,0.976976,0.293288,1.47,-2.24,0.77,-55
1786633209620,457410,Lumbar,walk_2,0.115656,0.976488,0.2928,1.47,-2.24,0.63,-55
1786633209620,457427,Lumbar,walk_2,0.116144,0.976,0.292312,1.47,-2.1,0.49,-55
1786633209620,457444,Lumbar,walk_2,0.113704,0.97356,0.2928,1.54,-2.03,0.28,-55
1786633209620,457475,Lumbar,walk_2,0.114192,0.972096,0.291336,1.75,-1.89,0.21,-55
1786633209620,457492,Lumbar,walk_2,0.113216,0.97356,0.289384,1.82,-1.89,0.21,-55
1786633209620,457509,Lumbar,walk_2,0.112728,0.974048,0.28792,1.89,-1.89,0.14,-55
1786633209620,457526,Lumbar,walk_2,0.113704,0.975024,0.286944,1.89,-1.89,0.07,-55
1786633209620,457543,Lumbar,walk_2,0.113216,0.976488,0.287432,1.89,-1.96,0,-55
1786633209994,457717,Lumbar,walk_2,0.105896,0.976488,0.289384,1.61,-2.1,-0.14,-59
1786633209994,457749,Lumbar,walk_2,0.106384,0.976488,0.289872,1.75,-2.17,-0.07,-59
1786633209994,457767,Lumbar,walk_2,0.108824,0.976,0.289872,1.54,-2.1,0.07,-59
1786633209994,457784,Lumbar,walk_2,0.108336,0.975512,0.289384,1.47,-2.1,0,-59
1786633209994,457801,Lumbar,walk_2,0.108824,0.976,0.289872,1.47,-2.24,-0.14,-59
1786633209994,457819,Lumbar,walk_2,0.108336,0.976488,0.2928,1.4,-2.31,-0.07,-59
1786633209994,457850,Lumbar,walk_2,0.112728,0.975024,0.284504,1.19,-2.31,0.14,-59
1786633209994,457867,Lumbar,walk_2,0.113216,0.975024,0.284992,1.19,-2.31,0.14,-59
1786633209994,457884,Lumbar,walk_2,0.111264,0.975512,0.28792,1.05,-2.31,0.14,-59
1786633209994,457901,Lumbar,walk_2,0.107848,0.974536,0.289872,1.05,-2.38,0.14,-59
1786633210380,458076,Lumbar,walk_2,0.106872,0.974048,0.286456,1.68,-2.03,0.49,-59
1786633210380,458106,Lumbar,walk_2,0.106384,0.975512,0.288408,1.75,-2.31,0.35,-59
1786633210380,458123,Lumbar,walk_2,0.106872,0.976488,0.288408,1.82,-2.31,0.42,-59
1786633210380,458141,Lumbar,walk_2,0.108336,0.976,0.288896,1.75,-2.31,0.42,-59
1786633210380,458159,Lumbar,walk_2,0.110776,0.976,0.290848,1.61,-2.31,0.49,-59
1786633210380,458189,Lumbar,walk_2,0.109312,0.977464,0.289872,1.54,-2.45,0.28,-59
1786633210380,458206,Lumbar,walk_2,0.108824,0.976488,0.289872,1.47,-2.45,0.21,-59
1786633210380,458223,Lumbar,walk_2,0.110288,0.976,0.291336,1.61,-2.45,0.14,-59
1786633210380,458240,Lumbar,walk_2,0.110288,0.976488,0.289872,1.61,-2.31,0.21,-59
1786633210380,458257,Lumbar,walk_2,0.109312,0.975024,0.29036,1.68,-2.17,0.21,-59
1786633210687,458431,Lumbar,walk_2,0.106384,0.976976,0.288408,1.82,-2.17,0,-63
1786633210687,458462,Lumbar,walk_2,0.107848,0.976976,0.289872,1.68,-2.17,0,-63
1786633210687,458479,Lumbar,walk_2,0.106872,0.976976,0.288896,1.61,-2.17,-0.07,-63
1786633210687,458497,Lumbar,walk_2,0.105408,0.975512,0.289872,1.61,-2.24,-0.07,-63
1786633210687,458514,Lumbar,walk_2,0.106384,0.976,0.28792,1.61,-2.24,-0.07,-63
1786633210687,458545,Lumbar,walk_2,0.106872,0.976,0.287432,1.54,-2.17,0.07,-63
1786633210687,458562,Lumbar,walk_2,0.105896,0.976,0.288896,1.54,-2.17,0.14,-63
1786633210687,458580,Lumbar,walk_2,0.10736,0.976,0.287432,1.61,-2.17,0.14,-63
1786633210687,458596,Lumbar,walk_2,0.106872,0.976488,0.288408,1.54,-2.17,0.07,-63
1786633210687,458613,Lumbar,walk_2,0.106384,0.975512,0.289384,1.54,-2.17,0.07,-63
1786633211043,458787,Lumbar,walk_2,0.103456,0.975512,0.289872,1.26,-2.1,0.56,-63
1786633211043,458818,Lumbar,walk_2,0.10492,0.976,0.29036,1.47,-2.1,0.56,-63
1786633211043,458835,Lumbar,walk_2,0.10736,0.976488,0.28792,1.68,-2.03,0.63,-63
1786633211043,458853,Lumbar,walk_2,0.107848,0.977464,0.284504,1.61,-2.1,0.63,-63
1786633211043,458870,Lumbar,walk_2,0.10736,0.976976,0.286456,1.47,-2.03,0.63,-63
1786633211043,458901,Lumbar,walk_2,0.106872,0.975512,0.288408,1.26,-2.03,0.7,-63
1786633211043,458918,Lumbar,walk_2,0.106872,0.974048,0.29036,1.4,-2.1,0.77,-63
1786633211043,458935,Lumbar,walk_2,0.106872,0.973072,0.289872,1.4,-2.1,0.84,-63
1786633211043,458952,Lumbar,walk_2,0.107848,0.973072,0.291824,1.47,-2.1,0.84,-63
1786633211043,458969,Lumbar,walk_2,0.107848,0.976488,0.29036,1.47,-2.1,0.77,-63
1786633211396,459143,Lumbar,walk_2,0.109312,0.975024,0.29036,1.68,-1.96,0.42,-63
1786633211396,459174,Lumbar,walk_2,0.1098,0.976,0.287432,1.61,-1.96,0.49,-63
1786633211396,459191,Lumbar,walk_2,0.109312,0.976488,0.286456,1.61,-2.03,0.49,-63
1786633211396,459208,Lumbar,walk_2,0.108824,0.976976,0.28792,1.54,-2.1,0.49,-63
1786633211396,459225,Lumbar,walk_2,0.109312,0.977464,0.28792,1.47,-2.1,0.49,-63
1786633211396,459256,Lumbar,walk_2,0.108824,0.976488,0.28792,1.47,-2.03,0.56,-63
1786633211396,459273,Lumbar,walk_2,0.1098,0.977464,0.287432,1.47,-2.03,0.56,-63
1786633211396,459290,Lumbar,walk_2,0.108824,0.975512,0.288408,1.33,-2.03,0.49,-63
1786633211396,459307,Lumbar,walk_2,0.107848,0.976,0.29036,1.33,-2.1,0.42,-63
1786633211396,459324,Lumbar,walk_2,0.10736,0.976,0.29036,1.4,-2.1,0.42,-63
1786633211753,459497,Lumbar,walk_2,0.108336,0.975512,0.288896,1.47,-2.17,0.28,-57
1786633211753,459528,Lumbar,walk_2,0.106872,0.974536,0.29036,1.54,-2.17,0.35,-57
1786633211753,459546,Lumbar,walk_2,0.108336,0.976488,0.290848,1.68,-2.24,0.35,-57
1786633211753,459563,Lumbar,walk_2,0.1098,0.977464,0.289384,1.61,-2.17,0.42,-57
1786633211753,459580,Lumbar,walk_2,0.110776,0.976,0.291336,1.47,-2.1,0.35,-57
1786633211753,459597,Lumbar,walk_2,0.111752,0.975024,0.293288,1.47,-2.1,0.28,-57
1786633211753,459628,Lumbar,walk_2,0.107848,0.977952,0.291824,1.47,-2.17,0.28,-57
1786633211753,459645,Lumbar,walk_2,0.108824,0.976976,0.286456,1.33,-2.1,0.42,-57
1786633211753,459662,Lumbar,walk_2,0.109312,0.976488,0.285968,1.33,-2.1,0.49,-57
1786633211753,459679,Lumbar,walk_2,0.110776,0.976488,0.289384,1.19,-2.1,0.35,-57
1786633212109,459852,Lumbar,walk_2,0.109312,0.970632,0.2928,1.47,-2.17,0,-57
1786633212109,459883,Lumbar,walk_2,0.106384,0.972096,0.293288,1.68,-2.17,0.35,-57
1786633212109,459900,Lumbar,walk_2,0.104432,0.971608,0.292312,1.89,-2.38,0.56,-57
1786633212109,459917,Lumbar,walk_2,0.098088,0.972096,0.293288,1.96,-2.52,0.77,-57
1786633212109,459934,Lumbar,walk_2,0.099064,0.975024,0.29524,2.03,-2.38,0.84,-57
1786633212109,459965,Lumbar,walk_2,0.103944,0.979416,0.299632,2.17,-1.61,0.56,-57
1786633212109,459982,Lumbar,walk_2,0.106872,0.98088,0.296216,2.24,-1.61,0.49,-57
1786633212109,459999,Lumbar,walk_2,0.111752,0.981368,0.289384,2.03,-1.68,0.21,-57
1786633212109,460016,Lumbar,walk_2,0.114192,0.981856,0.284504,1.82,-1.89,0,-57
1786633212109,460033,Lumbar,walk_2,0.115168,0.976976,0.279624,1.61,-1.96,-0.07,-57
1786633212465,460207,Lumbar,walk_2,0.111752,0.981368,0.2928,1.4,-1.68,0.28,-53
1786633212465,460239,Lumbar,walk_2,0.108336,0.976976,0.283528,1.26,-1.61,0.07,-53
1786633212465,460256,Lumbar,walk_2,0.104432,0.97356,0.281088,1.33,-1.75,0.14,-53
1786633212465,460273,Lumbar,walk_2,0.103944,0.971608,0.281088,1.47,-1.96,0.21,-53
1786633212465,460290,Lumbar,walk_2,0.103456,0.972096,0.284016,1.61,-2.1,0.21,-53
1786633212465,460321,Lumbar,walk_2,0.105408,0.975024,0.288408,1.82,-2.31,0.42,-53
1786633212465,460338,Lumbar,walk_2,0.107848,0.977952,0.289872,1.75,-2.38,0.49,-53
1786633212465,460355,Lumbar,walk_2,0.108336,0.978928,0.292312,1.54,-2.31,0.56,-53
1786633212465,460372,Lumbar,walk_2,0.109312,0.978928,0.293288,1.4,-2.17,0.56,-53
1786633212465,460389,Lumbar,walk_2,0.110288,0.977464,0.29036,1.26,-2.17,0.56,-53
1786633212820,460563,Lumbar,walk_2,0.110288,0.975512,0.286456,1.54,-2.03,1.05,-57
1786633212820,460595,Lumbar,walk_2,0.109312,0.977464,0.288896,1.26,-2.03,0.98,-57
1786633212820,460612,Lumbar,walk_2,0.108336,0.976976,0.291824,1.19,-2.03,0.84,-57
1786633212820,460630,Lumbar,walk_2,0.106384,0.976488,0.2928,1.33,-2.03,0.77,-57
1786633212820,460646,Lumbar,walk_2,0.107848,0.975512,0.290848,1.61,-2.1,0.63,-57
1786633212820,460663,Lumbar,walk_2,0.1098,0.975512,0.28792,1.68,-2.1,0.63,-57
1786633212820,460694,Lumbar,walk_2,0.111752,0.976,0.28548,1.54,-2.1,0.56,-57
1786633212820,460711,Lumbar,walk_2,0.109312,0.976488,0.284992,1.47,-2.1,0.56,-57
1786633212820,460728,Lumbar,walk_2,0.10736,0.975512,0.288896,1.4,-2.03,0.63,-57
1786633212820,460745,Lumbar,walk_2,0.108824,0.975512,0.291336,1.33,-2.03,0.7,-57
1786633213247,460919,Lumbar,walk_2,0.109312,0.976488,0.291824,1.54,-2.1,0.49,-54
1786633213247,460950,Lumbar,walk_2,0.11224,0.974048,0.293776,1.68,-2.17,0.49,-54
1786633213247,460967,Lumbar,walk_2,0.111752,0.97356,0.293288,1.75,-2.1,0.49,-54
1786633213247,460985,Lumbar,walk_2,0.111752,0.976,0.2928,1.68,-2.1,0.49,-54
1786633213247,461002,Lumbar,walk_2,0.113216,0.976488,0.291824,1.54,-2.1,0.42,-54
1786633213247,461033,Lumbar,walk_2,0.111264,0.974536,0.291824,1.47,-2.1,0.42,-54
1786633213247,461050,Lumbar,walk_2,0.109312,0.972584,0.288408,1.54,-2.1,0.42,-54
1786633213247,461067,Lumbar,walk_2,0.108824,0.975512,0.287432,1.75,-2.03,0.35,-54
1786633213247,461084,Lumbar,walk_2,0.11224,0.976,0.28792,1.61,-1.96,0.35,-54
1786633213247,461101,Lumbar,walk_2,0.112728,0.975024,0.289872,1.75,-2.03,0.42,-54
1786633213532,461274,Lumbar,walk_2,0.110288,0.974536,0.291336,1.54,-2.1,0.35,-52
1786633213532,461305,Lumbar,walk_2,0.1098,0.976,0.29036,1.61,-2.1,0.35,-52
1786633213532,461322,Lumbar,walk_2,0.110288,0.976488,0.289384,1.61,-2.1,0.42,-52
1786633213532,461339,Lumbar,walk_2,0.110776,0.976,0.289872,1.54,-2.1,0.49,-52
1786633213532,461357,Lumbar,walk_2,0.111264,0.975512,0.292312,1.47,-2.1,0.49,-52
1786633213532,461388,Lumbar,walk_2,0.110776,0.975024,0.293288,1.54,-2.17,0.49,-52
1786633213532,461406,Lumbar,walk_2,0.110776,0.975512,0.290848,1.61,-2.17,0.35,-52
1786633213532,461423,Lumbar,walk_2,0.11224,0.976488,0.290848,1.61,-2.17,0.28,-52
1786633213532,461440,Lumbar,walk_2,0.11224,0.977464,0.290848,1.61,-2.17,0.28,-52
1786633213532,461457,Lumbar,walk_2,0.111264,0.977464,0.289384,1.47,-2.1,0.28,-52
1786633213918,461631,Lumbar,walk_2,0.1098,0.976488,0.289872,1.61,-2.1,0.07,-52
1786633213918,461662,Lumbar,walk_2,0.108336,0.976976,0.288408,1.61,-2.1,0.07,-52
1786633213918,461679,Lumbar,walk_2,0.108824,0.974536,0.291824,1.61,-2.17,0.07,-52
1786633213918,461696,Lumbar,walk_2,0.109312,0.975024,0.289384,1.61,-2.1,0.14,-52
1786633213918,461713,Lumbar,walk_2,0.108824,0.975024,0.289872,1.61,-2.17,0.07,-52
1786633213918,461744,Lumbar,walk_2,0.110288,0.976,0.29036,1.61,-2.17,0.07,-52
1786633213918,461761,Lumbar,walk_2,0.108824,0.975512,0.290848,1.61,-2.24,0.14,-52
1786633213918,461778,Lumbar,walk_2,0.108336,0.976488,0.290848,1.61,-2.17,0.14,-52
1786633213918,461795,Lumbar,walk_2,0.108824,0.976488,0.288408,1.61,-2.24,0.14,-52
1786633213918,461812,Lumbar,walk_2,0.107848,0.976488,0.288896,1.61,-2.24,0.14,-52
1786633214305,461986,Lumbar,walk_2,0.108336,0.975512,0.289872,1.68,-2.38,-0.07,-54
1786633214305,462016,Lumbar,walk_2,0.108336,0.975512,0.289872,1.75,-2.03,0.14,-54
1786633214305,462033,Lumbar,walk_2,0.108336,0.975512,0.289872,1.61,-2.03,0.14,-54
1786633214305,462051,Lumbar,walk_2,0.107848,0.976976,0.2928,1.75,-2.1,0.14,-54
1786633214305,462068,Lumbar,walk_2,0.107848,0.979904,0.28792,1.4,-2.03,0.07,-54
1786633214305,462099,Lumbar,walk_2,0.110776,0.976488,0.284016,1.05,-2.24,0.28,-54
1786633214305,462116,Lumbar,walk_2,0.108824,0.975024,0.290848,1.12,-2.24,0.21,-54
1786633214305,462133,Lumbar,walk_2,0.105408,0.974536,0.295728,1.19,-2.1,0.07,-54
1786633214305,462150,Lumbar,walk_2,0.106384,0.974536,0.294264,1.54,-2.1,0.07,-54
1786633214305,462167,Lumbar,walk_2,0.10736,0.975512,0.291824,1.75,-2.1,0.14,-54
1786633214600,462342,Lumbar,walk_2,0.106384,0.976488,0.288408,1.75,-2.17,0.21,-54
1786633214600,462373,Lumbar,walk_2,0.107848,0.976488,0.28792,1.61,-2.17,0.35,-54
1786633214600,462390,Lumbar,walk_2,0.108824,0.976976,0.28792,1.47,-2.1,0.35,-54
1786633214600,462407,Lumbar,walk_2,0.107848,0.975512,0.289872,1.47,-2.1,0.21,-54
1786633214600,462424,Lumbar,walk_2,0.10736,0.975024,0.291824,1.68,-1.96,0.28,-54
1786633214600,462455,Lumbar,walk_2,0.106384,0.976,0.289384,1.89,-2.1,0.28,-54
1786633214600,462472,Lumbar,walk_2,0.10736,0.977952,0.289384,1.75,-2.1,0.35,-54
1786633214600,462489,Lumbar,walk_2,0.106872,0.977464,0.288896,1.68,-2.03,0.35,-54
1786633214600,462506,Lumbar,walk_2,0.10736,0.976,0.288896,1.61,-2.03,0.35,-54
1786633214600,462523,Lumbar,walk_2,0.107848,0.976,0.289872,1.61,-2.03,0.35,-54
1786633214957,462697,Lumbar,walk_2,0.108824,0.977952,0.289384,1.54,-2.1,0.63,-54
1786633214957,462728,Lumbar,walk_2,0.10736,0.977464,0.288896,1.4,-2.17,0.56,-54
1786633214957,462745,Lumbar,walk_2,0.108336,0.977464,0.288896,1.4,-2.03,0.63,-54
1786633214957,462763,Lumbar,walk_2,0.108336,0.976,0.289384,1.47,-2.03,0.56,-54
1786633214957,462780,Lumbar,walk_2,0.107848,0.976,0.288408,1.4,-2.03,0.56,-54
1786633214957,462811,Lumbar,walk_2,0.107848,0.975512,0.289384,1.4,-2.1,0.7,-54
1786633214957,462828,Lumbar,walk_2,0.107848,0.975024,0.288896,1.4,-2.1,0.7,-54
1786633214957,462845,Lumbar,walk_2,0.10736,0.975512,0.289384,1.4,-2.1,0.7,-54
1786633214957,462862,Lumbar,walk_2,0.107848,0.975512,0.289872,1.4,-2.03,0.77,-54
1786633214957,462879,Lumbar,walk_2,0.108824,0.975512,0.288408,1.47,-2.03,0.77,-54
1786633215313,463052,Lumbar,walk_2,0.1098,0.974048,0.284016,1.26,-1.96,0.84,-53
1786633215313,463083,Lumbar,walk_2,0.110288,0.975512,0.287432,1.12,-2.03,0.84,-53
1786633215313,463100,Lumbar,walk_2,0.108824,0.975512,0.291824,1.19,-1.96,0.77,-53
1786633215313,463118,Lumbar,walk_2,0.107848,0.976488,0.292312,1.47,-1.96,0.7,-53
1786633215313,463136,Lumbar,walk_2,0.108824,0.976,0.287432,1.68,-2.03,0.63,-53
1786633215313,463153,Lumbar,walk_2,0.109312,0.976976,0.28548,1.68,-2.03,0.49,-53
1786633215313,463184,Lumbar,walk_2,0.110288,0.977464,0.288408,1.33,-1.96,0.42,-53
1786633215313,463201,Lumbar,walk_2,0.108824,0.976,0.291336,1.26,-1.96,0.56,-53
1786633215313,463218,Lumbar,walk_2,0.108824,0.974536,0.291824,1.33,-2.03,0.56,-53
1786633215313,463234,Lumbar,walk_2,0.1098,0.97356,0.292312,1.4,-2.03,0.63,-53
1786633215668,463408,Lumbar,walk_2,0.110776,0.975512,0.291824,1.68,-2.03,0.63,-53
1786633215668,463439,Lumbar,walk_2,0.109312,0.976976,0.289384,1.68,-2.03,0.56,-53
1786633215668,463456,Lumbar,walk_2,0.110776,0.976,0.290848,1.61,-2.1,0.63,-53
1786633215668,463474,Lumbar,walk_2,0.111752,0.976976,0.289384,1.54,-2.1,0.63,-53
1786633215668,463491,Lumbar,walk_2,0.110776,0.976488,0.29036,1.47,-2.1,0.42,-53
1786633215668,463508,Lumbar,walk_2,0.110288,0.975512,0.289872,1.47,-2.1,0.49,-53
1786633215668,463539,Lumbar,walk_2,0.110288,0.975024,0.288896,1.54,-2.17,0.42,-53
1786633215668,463556,Lumbar,walk_2,0.111264,0.974048,0.289384,1.54,-2.17,0.42,-53
1786633215668,463573,Lumbar,walk_2,0.110776,0.974048,0.29036,1.54,-2.17,0.42,-53
1786633215668,463590,Lumbar,walk_2,0.111264,0.974536,0.289872,1.61,-2.1,0.35,-53
1786633216021,463763,Lumbar,walk_2,0.1098,0.975024,0.29036,1.54,-2.1,0.21,-53
1786633216021,463794,Lumbar,walk_2,0.109312,0.976488,0.289384,1.54,-2.1,0.21,-53
1786633216021,463811,Lumbar,walk_2,0.109312,0.976488,0.288896,1.54,-2.1,0.14,-53
1786633216021,463828,Lumbar,walk_2,0.1098,0.976,0.289384,1.61,-2.17,0.07,-53
1786633216021,463845,Lumbar,walk_2,0.1098,0.975024,0.289872,1.68,-2.17,0.07,-53
1786633216021,463876,Lumbar,walk_2,0.108336,0.977464,0.29036,1.89,-2.31,0.07,-53
1786633216021,463893,Lumbar,walk_2,0.110288,0.976976,0.290848,1.82,-2.24,0,-53
1786633216021,463910,Lumbar,walk_2,0.111264,0.974536,0.291336,1.68,-2.1,0,-53
1786633216021,463927,Lumbar,walk_2,0.110776,0.975024,0.293776,1.68,-2.17,0,-53
1786633216021,463944,Lumbar,walk_2,0.1098,0.976488,0.29524,1.68,-2.17,-0.07,-53
1786633216377,464118,Lumbar,walk_2,0.106872,0.975024,0.286944,1.4,-2.1,0.14,-55
1786633216377,464149,Lumbar,walk_2,0.107848,0.975024,0.291824,1.47,-2.1,0.28,-55
1786633216377,464166,Lumbar,walk_2,0.108824,0.973072,0.291336,1.54,-2.1,0.28,-55
1786633216377,464183,Lumbar,walk_2,0.1098,0.97356,0.291824,1.68,-2.17,0.35,-55
1786633216377,464200,Lumbar,walk_2,0.109312,0.975024,0.291824,1.68,-2.17,0.21,-55
1786633216377,464231,Lumbar,walk_2,0.106872,0.975512,0.289384,1.75,-2.24,0.14,-55
1786633216377,464248,Lumbar,walk_2,0.10736,0.974536,0.289872,1.75,-2.17,0.28,-55
1786633216377,464265,Lumbar,walk_2,0.109312,0.975512,0.288896,1.75,-2.17,0.35,-55
1786633216377,464282,Lumbar,walk_2,0.109312,0.977464,0.289872,1.61,-2.24,0.42,-55
1786633216377,464299,Lumbar,walk_2,0.108824,0.976,0.289872,1.54,-2.17,0.28,-55
1786633216733,464472,Lumbar,walk_2,0.105896,0.976,0.288408,1.68,-2.17,0.28,-55
1786633216733,464503,Lumbar,walk_2,0.107848,0.976488,0.289872,1.68,-2.1,0.35,-55
1786633216733,464521,Lumbar,walk_2,0.1098,0.975512,0.29036,1.75,-2.1,0.28,-55
1786633216733,464537,Lumbar,walk_2,0.10736,0.976,0.29036,1.68,-2.17,0.35,-55
1786633216733,464554,Lumbar,walk_2,0.108824,0.976488,0.288896,1.61,-2.1,0.42,-55
1786633216733,464585,Lumbar,walk_2,0.108336,0.976488,0.288408,1.54,-2.1,0.35,-55
1786633216733,464602,Lumbar,walk_2,0.108824,0.977464,0.28792,1.54,-2.03,0.42,-55
1786633216733,464619,Lumbar,walk_2,0.10736,0.976488,0.288896,1.47,-2.03,0.42,-55
1786633216733,464636,Lumbar,walk_2,0.107848,0.975512,0.288896,1.47,-2.03,0.49,-55
1786633216733,464653,Lumbar,walk_2,0.106872,0.975024,0.288408,1.47,-2.03,0.56,-55
1786633217090,464828,Lumbar,walk_2,0.108824,0.976,0.291824,1.47,-2.03,0.63,-55
1786633217090,464860,Lumbar,walk_2,0.108336,0.977464,0.291336,1.33,-2.03,0.63,-55
1786633217090,464877,Lumbar,walk_2,0.110288,0.976,0.28548,1.26,-2.03,0.77,-55
1786633217090,464895,Lumbar,walk_2,0.111264,0.976,0.284504,1.19,-2.03,0.91,-55
1786633217090,464912,Lumbar,walk_2,0.107848,0.976488,0.288408,1.05,-2.03,0.84,-55
1786633217090,464929,Lumbar,walk_2,0.107848,0.976488,0.292312,1.05,-1.96,0.77,-55
1786633217090,464960,Lumbar,walk_2,0.107848,0.975024,0.288896,1.54,-2.03,0.77,-55
1786633217090,464977,Lumbar,walk_2,0.109312,0.975512,0.286456,1.61,-2.03,0.63,-55
1786633217090,464994,Lumbar,walk_2,0.109312,0.976488,0.284992,1.54,-2.03,0.7,-55
1786633217090,465011,Lumbar,walk_2,0.110776,0.977464,0.28792,1.4,-2.03,0.7,-55
1786633217520,465185,Lumbar,walk_2,0.11224,0.976488,0.289872,1.47,-2.03,0.63,-56
1786633217520,465277,Lumbar,walk_2,0.110776,0.975512,0.289384,1.61,-1.96,0.42,-56
1786633217520,465309,Lumbar,walk_2,0.111264,0.976,0.28792,1.47,-1.96,0.42,-56
1786633217520,465326,Lumbar,walk_2,0.110288,0.976488,0.288408,1.47,-1.96,0.42,-56
1786633217520,465343,Lumbar,walk_2,0.108824,0.976488,0.289384,1.47,-1.96,0.35,-56
1786633217520,465360,Lumbar,walk_2,0.108824,0.975512,0.289872,1.54,-2.03,0.35,-56
1786633217520,465391,Lumbar,walk_2,0.110288,0.975024,0.289872,1.54,-2.1,0.35,-56
1786633217520,465408,Lumbar,walk_2,0.109312,0.976,0.289872,1.54,-2.1,0.42,-56
1786633217520,465425,Lumbar,walk_2,0.110288,0.976488,0.29036,1.54,-2.17,0.49,-56
1786633217520,465442,Lumbar,walk_2,0.1098,0.976,0.289872,1.54,-2.17,0.42,-56
1786633217889,465616,Lumbar,walk_2,0.111752,0.975512,0.288896,1.47,-2.1,0.49,-56
1786633217889,465647,Lumbar,walk_2,0.111752,0.976,0.290848,1.47,-2.17,0.42,-56
1786633217889,465663,Lumbar,walk_2,0.111264,0.976488,0.290848,1.61,-2.17,0.35,-56
1786633217889,465680,Lumbar,walk_2,0.111264,0.974536,0.289872,1.61,-2.1,0.49,-56
1786633217889,465697,Lumbar,walk_2,0.11224,0.976488,0.29036,1.47,-1.96,0.42,-56
1786633217889,465728,Lumbar,walk_2,0.111264,0.976976,0.292312,1.54,-2.03,0.35,-56
1786633217889,465744,Lumbar,walk_2,0.110288,0.976488,0.293288,1.47,-2.17,0.49,-56
1786633217889,465761,Lumbar,walk_2,0.108824,0.974048,0.286944,1.33,-2.17,0.63,-56
1786633217889,465778,Lumbar,walk_2,0.111264,0.97356,0.285968,1.26,-2.1,0.84,-56
1786633217889,465809,Lumbar,walk_2,0.109312,0.975024,0.291336,0.91,-2.03,0.77,-56
1786633218246,465983,Lumbar,walk_2,0.11224,0.975512,0.2928,1.61,-2.17,0.14,-56
1786633218246,466014,Lumbar,walk_2,0.111264,0.975024,0.290848,1.75,-2.1,0,-56
1786633218246,466031,Lumbar,walk_2,0.111752,0.975024,0.289384,1.75,-2.24,0,-56
1786633218246,466048,Lumbar,walk_2,0.112728,0.974536,0.289384,1.82,-2.24,0.07,-56
1786633218246,466065,Lumbar,walk_2,0.114192,0.975512,0.290848,1.68,-2.1,0.21,-56
1786633218246,466096,Lumbar,walk_2,0.114192,0.976488,0.29036,1.89,-2.17,0.21,-56
1786633218246,466113,Lumbar,walk_2,0.111752,0.976488,0.290848,1.82,-2.17,0.14,-56
1786633218246,466130,Lumbar,walk_2,0.110288,0.974536,0.291336,1.82,-2.17,0.07,-56
1786633218246,466147,Lumbar,walk_2,0.108824,0.974536,0.291824,1.82,-2.17,0,-56
1786633218246,466164,Lumbar,walk_2,0.109312,0.976,0.29036,1.75,-2.1,0,-56
1786633218601,466337,Lumbar,walk_2,0.109312,0.976,0.289872,1.61,-2.24,0.07,-56
1786633218601,466369,Lumbar,walk_2,0.109312,0.976976,0.290848,1.61,-2.24,0,-56
1786633218601,466386,Lumbar,walk_2,0.111264,0.976,0.292312,1.54,-2.24,0,-56
1786633218601,466403,Lumbar,walk_2,0.110776,0.976976,0.291336,1.61,-2.24,0.14,-56
1786633218601,466420,Lumbar,walk_2,0.109312,0.976488,0.29036,1.61,-2.17,0.14,-56
1786633218601,466451,Lumbar,walk_2,0.1098,0.975024,0.289384,1.68,-2.1,0.21,-56
1786633218601,466468,Lumbar,walk_2,0.108824,0.975024,0.289384,1.61,-2.1,0.21,-56
1786633218601,466485,Lumbar,walk_2,0.108336,0.974536,0.288408,1.61,-2.1,0.28,-56
1786633218601,466502,Lumbar,walk_2,0.108336,0.974048,0.28792,1.68,-2.17,0.28,-56
1786633218601,466519,Lumbar,walk_2,0.108336,0.975512,0.289872,1.68,-2.17,0.35,-56
1786633218955,466692,Lumbar,walk_2,0.110288,0.975512,0.290848,1.12,-2.1,0.28,-54
1786633218955,466724,Lumbar,walk_2,0.108824,0.974536,0.294264,1.4,-2.1,0.21,-54
1786633218955,466741,Lumbar,walk_2,0.1098,0.976976,0.289872,1.54,-2.17,0.21,-54
1786633218955,466758,Lumbar,walk_2,0.1098,0.975512,0.286456,1.54,-2.1,0.14,-54
1786633218955,466775,Lumbar,walk_2,0.109312,0.975512,0.287432,1.4,-2.1,0.21,-54
1786633218955,466806,Lumbar,walk_2,0.109312,0.97356,0.291336,1.33,-1.96,0.35,-54
1786633218955,466823,Lumbar,walk_2,0.10736,0.974536,0.288408,1.47,-2.03,0.42,-54
1786633218955,466840,Lumbar,walk_2,0.10736,0.972096,0.291336,1.54,-2.03,0.49,-54
1786633218955,466857,Lumbar,walk_2,0.106872,0.972096,0.291824,1.61,-2.03,0.56,-54
1786633218955,466874,Lumbar,walk_2,0.1098,0.97356,0.290848,1.75,-2.03,0.56,-54
1786633219338,467047,Lumbar,walk_2,0.108336,0.976488,0.287432,1.61,-2.1,0.77,-54
1786633219338,467078,Lumbar,walk_2,0.109312,0.975512,0.289872,1.54,-2.1,0.84,-54
1786633219338,467095,Lumbar,walk_2,0.110288,0.976488,0.287432,1.47,-2.1,0.84,-54
1786633219338,467112,Lumbar,walk_2,0.110776,0.975512,0.288896,1.54,-2.1,0.77,-54
1786633219338,467129,Lumbar,walk_2,0.11224,0.976488,0.289384,1.61,-2.17,0.77,-54
1786633219338,467160,Lumbar,walk_2,0.110288,0.975512,0.289872,1.54,-2.1,0.63,-54
1786633219338,467177,Lumbar,walk_2,0.110776,0.975512,0.290848,1.47,-2.17,0.63,-54
1786633219338,467194,Lumbar,walk_2,0.110776,0.974048,0.291824,1.47,-2.03,0.63,-54
1786633219338,467211,Lumbar,walk_2,0.111264,0.975512,0.289872,1.54,-2.03,0.63,-54
1786633219338,467228,Lumbar,walk_2,0.1098,0.975024,0.291336,1.54,-1.96,0.63,-54
1786633219714,467403,Lumbar,walk_2,0.110288,0.976,0.29036,1.54,-2.1,0.35,-54
1786633219714,467434,Lumbar,walk_2,0.110288,0.976,0.290848,1.68,-2.17,0.35,-54
1786633219714,467451,Lumbar,walk_2,0.111752,0.975024,0.289384,1.68,-2.1,0.42,-54
1786633219714,467468,Lumbar,walk_2,0.112728,0.977464,0.291336,1.47,-1.96,0.42,-54
1786633219714,467485,Lumbar,walk_2,0.111264,0.977464,0.292312,1.47,-2.03,0.28,-54
1786633219714,467516,Lumbar,walk_2,0.110776,0.976,0.290848,1.33,-2.1,0.35,-54
1786633219714,467533,Lumbar,walk_2,0.11224,0.97356,0.28548,1.33,-2.1,0.63,-54
1786633219714,467550,Lumbar,walk_2,0.111752,0.974048,0.288408,1.12,-2.1,0.77,-54
1786633219714,467567,Lumbar,walk_2,0.111752,0.975512,0.291336,0.91,-1.96,0.7,-54
1786633219714,467584,Lumbar,walk_2,0.109312,0.976,0.2928,0.98,-1.96,0.63,-54
1786633220020,467757,Lumbar,walk_2,0.112728,0.976488,0.291824,1.61,-2.17,0.42,-57
1786633220020,467788,Lumbar,walk_2,0.109312,0.975024,0.291824,1.68,-2.17,0.35,-57
1786633220020,467805,Lumbar,walk_2,0.110776,0.976488,0.290848,1.75,-2.17,0.42,-57
1786633220020,467823,Lumbar,walk_2,0.112728,0.975512,0.290848,1.68,-2.1,0.42,-57
1786633220020,467840,Lumbar,walk_2,0.11224,0.976,0.29036,1.47,-2.03,0.42,-57
1786633220020,467857,Lumbar,walk_2,0.112728,0.976976,0.290848,1.47,-2.1,0.35,-57
1786633220020,467888,Lumbar,walk_2,0.11224,0.975024,0.293288,1.61,-2.17,0.14,-57
1786633220020,467905,Lumbar,walk_2,0.114192,0.976,0.293776,1.68,-2.17,0.14,-57
1786633220020,467922,Lumbar,walk_2,0.111264,0.975512,0.290848,1.75,-2.1,0.14,-57
1786633220020,467939,Lumbar,walk_2,0.110776,0.975512,0.290848,1.82,-2.1,0.14,-57
1786633220374,468113,Lumbar,walk_2,0.110288,0.976,0.289872,1.75,-2.17,-0.14,-58
1786633220374,468144,Lumbar,walk_2,0.110288,0.975512,0.289872,1.68,-2.17,-0.07,-58
1786633220374,468161,Lumbar,walk_2,0.110288,0.975512,0.288408,1.61,-2.17,0,-58
1786633220374,468178,Lumbar,walk_2,0.110776,0.975024,0.289384,1.54,-2.1,0,-58
1786633220374,468195,Lumbar,walk_2,0.110776,0.975512,0.289872,1.61,-2.17,-0.07,-58
1786633220374,468226,Lumbar,walk_2,0.107848,0.975512,0.290848,1.68,-2.17,-0.07,-58
1786633220374,468242,Lumbar,walk_2,0.1098,0.975024,0.28792,1.61,-2.24,0,-58
1786633220374,468260,Lumbar,walk_2,0.108824,0.976976,0.288408,1.61,-2.17,-0.07,-58
1786633220374,468276,Lumbar,walk_2,0.107848,0.975512,0.291336,1.61,-2.24,0,-58
1786633220374,468293,Lumbar,walk_2,0.107848,0.976,0.289872,1.68,-2.31,-0.07,-58
1786633220731,468467,Lumbar,walk_2,0.10492,0.974048,0.2928,0.98,-2.17,0.14,-62
1786633220731,468498,Lumbar,walk_2,0.10736,0.976,0.29036,1.47,-2.1,0.21,-62
1786633220731,468515,Lumbar,walk_2,0.107848,0.975512,0.287432,1.47,-2.1,0.28,-62
1786633220731,468532,Lumbar,walk_2,0.10736,0.974048,0.28792,1.26,-2.1,0.42,-62
1786633220731,468549,Lumbar,walk_2,0.10736,0.974048,0.289872,1.05,-2.03,0.63,-62
1786633220731,468580,Lumbar,walk_2,0.106872,0.969656,0.293288,1.33,-2.1,0.98,-62
1786633220731,468597,Lumbar,walk_2,0.10492,0.967704,0.295728,1.47,-2.1,1.33,-62
1786633220731,468615,Lumbar,walk_2,0.104432,0.966728,0.296216,1.75,-2.17,1.68,-62
1786633220731,468632,Lumbar,walk_2,0.106384,0.97112,0.296216,1.89,-2.17,1.68,-62
1786633220731,468649,Lumbar,walk_2,0.105896,0.975512,0.295728,2.03,-2.03,1.75,-62
1786633221089,468823,Lumbar,walk_2,0.117608,0.981856,0.281088,0.21,-2.8,-1.61,-55
1786633221089,468854,Lumbar,walk_2,0.117608,0.976,0.288408,0,-2.87,-2.03,-55
1786633221089,468871,Lumbar,walk_2,0.113704,0.973072,0.297192,0.49,-2.66,-1.82,-55
1786633221089,468888,Lumbar,walk_2,0.101504,0.9638,0.293776,0.91,-2.52,-0.84,-55
1786633221089,468905,Lumbar,walk_2,0.097112,0.960872,0.284504,1.61,-2.66,-0.21,-55
1786633221089,468936,Lumbar,walk_2,0.096624,0.9638,0.294752,1.33,-2.17,1.54,-55
1786633221089,468953,Lumbar,walk_2,0.098576,0.969656,0.306952,1.12,-2.03,1.61,-55
1786633221089,468970,Lumbar,walk_2,0.101016,0.976976,0.311832,1.54,-1.75,1.4,-55
1786633221089,468987,Lumbar,walk_2,0.103456,0.98088,0.308416,2.03,-1.54,1.05,-55
1786633221089,469005,Lumbar,walk_2,0.10248,0.982832,0.29524,2.24,-1.47,0.91,-55
1786633221444,469180,Lumbar,walk_2,0.105896,0.972584,0.302072,1.26,-2.52,1.26,-55
1786633221444,469211,Lumbar,walk_2,0.117608,0.983808,0.289384,1.12,-2.17,0.49,-55
1786633221444,469228,Lumbar,walk_2,0.116632,0.986248,0.28304,1.12,-2.38,0.21,-55
1786633221444,469245,Lumbar,walk_2,0.115168,0.98332,0.282552,1.19,-2.52,-0.28,-55
1786633221444,469262,Lumbar,walk_2,0.111752,0.980392,0.286456,0.84,-2.38,-0.49,-55
1786633221444,469293,Lumbar,walk_2,0.10736,0.971608,0.282552,0.98,-1.82,-0.07,-55
1786633221444,469310,Lumbar,walk_2,0.103456,0.966728,0.284992,1.19,-2.1,0.49,-55
1786633221444,469327,Lumbar,walk_2,0.099552,0.96136,0.294264,1.05,-2.38,0.91,-55
1786633221444,469344,Lumbar,walk_2,0.099064,0.962336,0.30256,1.12,-2.31,1.4,-55
1786633221444,469361,Lumbar,walk_2,0.100528,0.967704,0.303048,1.19,-2.24,1.4,-55
1786633221798,469534,Lumbar,walk_2,0.1098,0.973072,0.30744,3.15,-1.82,0.49,-55
1786633221798,469565,Lumbar,walk_2,0.114192,0.980392,0.29524,3.22,-1.82,0.21,-55
1786633221798,469582,Lumbar,walk_2,0.118096,0.982832,0.290848,2.87,-1.61,0,-55
1786633221798,469599,Lumbar,walk_2,0.118584,0.985272,0.28548,2.52,-1.47,-0.35,-55
1786633221798,469616,Lumbar,walk_2,0.118584,0.985272,0.28304,2.38,-1.54,-0.84,-55
1786633221798,469647,Lumbar,walk_2,0.111264,0.979904,0.279136,1.89,-1.75,-1.12,-55
1786633221798,469664,Lumbar,walk_2,0.108336,0.979416,0.279624,1.89,-1.96,-1.26,-55
1786633221798,469681,Lumbar,walk_2,0.106384,0.976488,0.281576,1.89,-2.03,-1.19,-55
1786633221798,469698,Lumbar,walk_2,0.103944,0.974536,0.284504,1.89,-2.1,-1.19,-55
1786633221798,469715,Lumbar,walk_2,0.104432,0.974536,0.289872,1.96,-2.24,-1.26,-55
1786633222160,469890,Lumbar,walk_2,0.095648,0.974048,0.28548,2.52,-1.75,1.61,-55
1786633222160,469921,Lumbar,walk_2,0.098576,0.98088,0.282552,2.66,-2.03,1.68,-55
1786633222160,469938,Lumbar,walk_2,0.10004,0.981856,0.285968,2.52,-1.89,1.75,-55
1786633222160,469955,Lumbar,walk_2,0.101992,0.982832,0.286944,2.52,-1.89,1.61,-55
1786633222160,469972,Lumbar,walk_2,0.101992,0.984296,0.28548,2.31,-1.89,1.61,-55
1786633222160,470003,Lumbar,walk_2,0.101504,0.979904,0.286944,1.4,-1.75,1.75,-55
1786633222160,470020,Lumbar,walk_2,0.107848,0.976976,0.286944,1.12,-1.68,1.82,-55
1786633222160,470037,Lumbar,walk_2,0.1098,0.977952,0.284504,0.98,-1.89,1.75,-55
1786633222160,470054,Lumbar,walk_2,0.11224,0.979416,0.286456,0.91,-1.96,1.61,-55
1786633222160,470071,Lumbar,walk_2,0.111264,0.979416,0.287432,0.91,-1.96,1.33,-55
1786633222509,470245,Lumbar,walk_2,0.115168,0.974536,0.29524,1.4,-2.38,-0.77,-50
1786633222509,470276,Lumbar,walk_2,0.111264,0.974536,0.298168,1.68,-2.1,-1.19,-50
1786633222509,470293,Lumbar,walk_2,0.111752,0.974536,0.293776,1.89,-1.96,-1.26,-50
1786633222509,470310,Lumbar,walk_2,0.112728,0.975512,0.29524,1.89,-1.75,-1.26,-50
1786633222509,470327,Lumbar,walk_2,0.113704,0.976488,0.291824,2.03,-1.82,-1.47,-50
1786633222509,470358,Lumbar,walk_2,0.108336,0.976488,0.28792,2.1,-1.89,-1.54,-50
1786633222509,470375,Lumbar,walk_2,0.105896,0.976488,0.28792,2.03,-1.61,-1.33,-50
1786633222509,470392,Lumbar,walk_2,0.105896,0.977952,0.285968,1.96,-1.33,-1.33,-50
1786633222509,470409,Lumbar,walk_2,0.104432,0.979904,0.288408,1.75,-1.26,-1.4,-50
1786633222509,470426,Lumbar,walk_2,0.10004,0.979904,0.291824,1.89,-1.33,-1.54,-50
1786633222866,470601,Lumbar,walk_2,0.087352,0.973072,0.277184,-0.84,-1.75,-1.4,-50
1786633222866,470631,Lumbar,walk_2,0.090768,0.955504,0.289872,-1.47,-1.47,-0.28,-50
1786633222866,470649,Lumbar,walk_2,0.091256,0.96136,0.292312,-0.84,-1.82,0.28,-50
1786633222866,470665,Lumbar,walk_2,0.091256,0.962824,0.293776,-0.35,-1.54,0.84,-50
1786633222866,470682,Lumbar,walk_2,0.086864,0.967216,0.288896,0.49,-1.54,1.19,-50
1786633222866,470713,Lumbar,walk_2,0.084424,0.96868,0.293288,0.7,-1.26,3.01,-50
1786633222866,470730,Lumbar,walk_2,0.0854,0.964288,0.29768,0.91,-0.98,3.71,-50
1786633222866,470747,Lumbar,walk_2,0.099552,0.971608,0.288896,0.98,-0.84,4.27,-50
1786633222866,470764,Lumbar,walk_2,0.119072,0.996008,0.305,-0.14,-1.4,2.31,-50
1786633222866,470781,Lumbar,walk_2,0.111752,0.997472,0.342088,1.33,-1.96,-0.98,-50
1786633223221,470956,Lumbar,walk_2,0.098576,0.942816,0.293776,-0.49,-1.4,-1.61,-50
1786633223221,470988,Lumbar,walk_2,0.093696,0.963312,0.280112,0.14,-0.77,-0.21,-50
1786633223221,471005,Lumbar,walk_2,0.088816,0.952576,0.286456,0.07,-0.77,0.35,-50
1786633223221,471022,Lumbar,walk_2,0.083936,0.948672,0.2928,0.49,-0.63,1.61,-50
1786633223221,471039,Lumbar,walk_2,0.077592,0.950136,0.301584,1.26,-0.42,3.01,-50
1786633223221,471070,Lumbar,walk_2,0.083448,0.979416,0.335744,2.87,0.28,3.15,-50
1786633223221,471087,Lumbar,walk_2,0.07564,0.989176,0.341112,5.25,0.63,1.26,-50
1786633223221,471104,Lumbar,walk_2,0.071736,0.992592,0.315248,6.37,0.14,0,-50
1786633223221,471121,Lumbar,walk_2,0.074664,0.996008,0.296704,4.9,-0.07,-0.56,-50
1786633223221,471138,Lumbar,walk_2,0.087352,0.994056,0.297192,3.71,0.21,-0.84,-50
1786633223958,471312,Lumbar,walk_2,0.082472,0.97356,0.29768,3.71,-2.66,-1.26,-54
1786633223958,471343,Lumbar,walk_2,0.074176,0.986248,0.294752,2.03,-2.1,-0.91,-54
1786633223958,471360,Lumbar,walk_2,0.07564,0.974536,0.28792,2.66,-1.96,-0.56,-54
1786633223958,471377,Lumbar,walk_2,0.087352,0.971608,0.282552,3.71,-2.1,-0.21,-54
1786633223958,471394,Lumbar,walk_2,0.09272,0.972096,0.279136,3.92,-1.4,-0.63,-54
1786633223958,471425,Lumbar,walk_2,0.076128,0.984784,0.287432,3.64,-1.47,-0.91,-54
1786633223958,471442,Lumbar,walk_2,0.068808,0.984296,0.291336,3.78,-2.17,-0.28,-54
1786633223958,471459,Lumbar,walk_2,0.059536,0.982344,0.293288,3.71,-2.38,17.85,-54
1786633223958,471476,Lumbar,walk_2,0.061976,0.98088,0.294264,3.29,-2.59,0.07,-54
1786633223958,471493,Lumbar,walk_2,0.064416,0.98088,0.288408,2.73,-2.52,0.14,-54
1786633224265,471668,Lumbar,walk_2,0.083936,0.965264,0.291824,0.98,-4.41,0.7,-54
1786633224265,471699,Lumbar,walk_2,0.084912,0.977952,0.298656,0.63,-4.76,0.42,-54
1786633224265,471716,Lumbar,walk_2,0.083936,0.984296,0.298656,0.7,-4.9,0.14,-54
1786633224265,471733,Lumbar,walk_2,0.080032,0.986736,0.298168,0.63,-5.11,0.07,-54
1786633224265,471750,Lumbar,walk_2,0.07564,0.979416,0.295728,0.7,-4.83,0.28,-54
1786633224265,471781,Lumbar,walk_2,0.074664,0.97112,0.291824,0.63,-4.83,0.7,-54
1786633224265,471798,Lumbar,walk_2,0.07808,0.969656,0.293776,0.98,-4.83,0.63,-54
1786633224265,471815,Lumbar,walk_2,0.077592,0.967216,0.298168,1.54,-5.04,0.7,-54
1786633224265,471831,Lumbar,walk_2,0.078568,0.973072,0.30012,1.89,-4.9,0.7,-54
1786633224265,471849,Lumbar,walk_2,0.079544,0.976488,0.304512,2.1,-4.41,0.7,-54
1786633224642,472021,Lumbar,walk_2,0.091744,0.970632,0.28792,2.1,-3.64,1.54,-54
1786633224642,472052,Lumbar,walk_2,0.088328,0.982344,0.297192,1.54,-2.59,2.03,-54
1786633224642,472069,Lumbar,walk_2,0.088328,0.98332,0.299144,1.61,-1.75,1.75,-54
1786633224642,472086,Lumbar,walk_2,0.089792,0.98576,0.291336,1.89,-1.26,1.4,-54
1786633224642,472103,Lumbar,walk_2,0.089792,0.987712,0.288408,1.47,-0.56,1.33,-54
1786633224642,472134,Lumbar,walk_2,0.089792,0.97844,0.291824,0.35,0.21,1.61,-54
1786633224642,472151,Lumbar,walk_2,0.094184,0.970144,0.29768,0.28,0.77,1.68,-54
1786633224642,472168,Lumbar,walk_2,0.106872,0.96624,0.300608,0.42,1.19,1.82,-54
1786633224642,472185,Lumbar,walk_2,0.114192,0.965752,0.305976,1.54,2.17,1.75,-54
1786633224642,472202,Lumbar,walk_2,0.116632,0.97356,0.292312,2.31,2.87,1.26,-54
1786633224949,472374,Lumbar,walk_2,0.084424,0.971608,0.296216,3.01,0.28,-0.84,-54
1786633224949,472405,Lumbar,walk_2,0.074664,0.967216,0.309392,3.85,-1.33,-0.63,-54
1786633224949,472422,Lumbar,walk_2,0.072224,0.974536,0.313296,4.13,-1.75,-0.63,-54
1786633224949,472439,Lumbar,walk_2,0.070272,0.982832,0.307928,3.57,-1.96,-0.7,-54
1786633224949,472456,Lumbar,walk_2,0.081008,0.991128,0.298168,2.73,-1.96,-1.19,-54
1786633224949,472487,Lumbar,walk_2,0.082472,0.98332,0.30256,1.05,-1.68,-2.17,-54
1786633224949,472504,Lumbar,walk_2,0.089304,0.972584,0.29524,3.01,-2.31,-1.75,-54
1786633224949,472521,Lumbar,walk_2,0.103456,0.972584,0.272304,2.66,-1.96,-1.26,-54
1786633224949,472538,Lumbar,walk_2,0.103944,0.970144,0.267912,1.68,-1.47,-1.19,-54
1786633224949,472555,Lumbar,walk_2,0.090768,0.973072,0.272304,1.47,-1.68,-1.12,-54
1786633225113,472729,Lumbar,walk_2,0.06344,0.976,0.301096,-0.49,-5.95,0.21,-54
1786633225113,472760,Lumbar,walk_2,0.071736,0.97112,0.303048,-0.28,-6.09,0.63,-54
1786633225113,472777,Lumbar,walk_2,0.077104,0.965264,0.30256,0.07,-5.88,1.4,-54
1786633225113,472794,Lumbar,walk_2,0.081008,0.966728,0.300608,0,-5.32,2.31,-54
1786633225113,472811,Lumbar,walk_2,0.090768,0.966728,0.30256,0,-5.11,2.52,-54
1786633225113,472842,Lumbar,walk_2,0.091256,0.969656,0.295728,0.7,-4.62,2.94,-54
1786633225113,472859,Lumbar,walk_2,0.093208,0.972096,0.296704,0.98,-4.41,3.15,-54
1786633225113,472876,Lumbar,walk_2,0.096136,0.973072,0.299144,1.26,-4.13,3.15,-54
1786633225113,472892,Lumbar,walk_2,0.096624,0.970632,0.302072,1.82,-3.5,3.36,-54
1786633225113,472923,Lumbar,walk_2,0.102968,0.976488,0.304024,2.31,-2.87,3.36,-54
1786633225412,473146,Lumbar,walk_2,0.098088,0.980392,0.299632,0.56,-0.84,0.63,-54
1786633225412,473176,Lumbar,walk_2,0.090768,0.981856,0.298656,0.21,-0.84,0.7,-54
1786633225412,473193,Lumbar,walk_2,0.088328,0.976488,0.300608,0.28,-0.7,0.42,-54
1786633225412,473210,Lumbar,walk_2,0.086864,0.976976,0.301584,0.21,-0.42,0.35,-54
1786633225412,473227,Lumbar,walk_2,0.086864,0.976976,0.301584,-0.07,-0.14,0.14,-54
1786633225412,473258,Lumbar,walk_2,0.08784,0.970144,0.306952,0.84,-0.14,0.42,-54
1786633225412,473275,Lumbar,walk_2,0.091256,0.969656,0.304024,0.91,0,0.42,-54
1786633225412,473292,Lumbar,walk_2,0.098088,0.965752,0.301096,0.91,0.21,0.28,-54
1786633225412,473309,Lumbar,walk_2,0.10248,0.962824,0.303048,1.19,0,0.35,-54
1786633225412,473326,Lumbar,walk_2,0.102968,0.962824,0.309392,1.89,-0.77,0.49,-54
1786633225770,473499,Lumbar,walk_2,0.081008,0.966728,0.284016,7.98,-1.89,-1.54,-55
1786633225770,473530,Lumbar,walk_2,0.081496,0.990152,0.284992,7.35,-3.36,-1.19,-55
1786633225770,473547,Lumbar,walk_2,0.081984,0.989176,0.282552,6.44,-3.78,-1.26,-55
1786633225770,473565,Lumbar,walk_2,0.07564,0.989176,0.279624,6.02,-4.83,-0.98,-55
1786633225770,473583,Lumbar,walk_2,0.071248,0.996008,0.264984,4.06,-4.62,0.14,-55
1786633225770,473600,Lumbar,walk_2,0.072224,0.98088,0.267424,2.24,-3.92,1.12,-55
1786633225770,473631,Lumbar,walk_2,0.083448,0.96624,0.277184,2.45,-3.78,3.08,-55
1786633225770,473648,Lumbar,walk_2,0.090768,0.98088,0.26352,2.1,-3.85,3.92,-55
1786633225770,473665,Lumbar,walk_2,0.093696,1.014064,0.24888,-0.63,-5.11,2.59,-55
1786633225770,473682,Lumbar,walk_2,0.096136,1.023336,0.244,-3.01,-6.3,0.49,-55
1786633226126,473857,Lumbar,walk_2,0.123464,0.9028,0.300608,-3.99,-0.7,0.07,-55
1786633226126,473888,Lumbar,walk_2,0.106384,0.916464,0.285968,2.17,-0.21,1.54,-55
1786633226126,473905,Lumbar,walk_2,0.084912,0.945744,0.29036,5.04,-0.14,2.45,-55
1786633226126,473923,Lumbar,walk_2,0.082472,0.97356,0.305,7.21,0.14,2.59,-55
1786633226126,473940,Lumbar,walk_2,0.071248,0.999912,0.305,9.1,-1.05,2.45,-55
1786633226126,473971,Lumbar,walk_2,0.076616,1.05164,0.247416,1.19,-4.06,0,-55
1786633226126,473988,Lumbar,walk_2,0.091256,1.028216,0.304512,-3.99,-4.83,-0.77,-55
1786633226126,474005,Lumbar,walk_2,0.079056,0.999424,0.364536,-2.24,-2.8,-1.33,-55
1786633226126,474022,Lumbar,walk_2,0.079056,0.975512,0.361608,-1.61,-1.19,-0.98,-55
1786633226126,474039,Lumbar,walk_2,0.09516,0.955504,0.325496,-1.47,-1.33,-1.05,-55
1786633226482,474214,Lumbar,walk_2,0.107848,1.025776,0.233752,15.05,-5.81,4.34,-55
1786633226482,474244,Lumbar,walk_2,0.103944,1.018456,0.249856,5.81,-3.57,3.01,-55
1786633226482,474262,Lumbar,walk_2,0.0854,0.981856,0.288408,3.64,-2.45,2.73,-55
1786633226482,474278,Lumbar,walk_2,0.076128,0.9638,0.318176,5.46,-2.45,2.73,-55
1786633226482,474295,Lumbar,walk_2,0.081496,0.965752,0.320616,6.93,-2.45,2.66,-55
1786633226482,474326,Lumbar,walk_2,0.120048,1.003328,0.272304,4.34,-1.89,1.96,-55
1786633226482,474343,Lumbar,walk_2,0.123464,1.00284,0.276208,-2.17,-2.73,0.77,-55
1786633226482,474360,Lumbar,walk_2,0.122976,0.956968,0.32696,-2.94,-2.94,1.12,-55
1786633226482,474377,Lumbar,walk_2,0.124928,0.931104,0.339648,1.33,-2.8,2.17,-55
1786633226482,474394,Lumbar,walk_2,0.138104,1.00528,0.248392,1.89,-3.5,0.56,-55
1786633226838,474569,Lumbar,walk_2,0.10736,0.972096,0.281576,7.98,-0.07,2.8,-52
1786633226838,474600,Lumbar,walk_2,0.135176,1.016016,0.269864,7.42,-2.45,-0.21,-52
1786633226838,474617,Lumbar,walk_2,0.129808,1.0126,0.27572,6.37,-2.45,-1.4,-52
1786633226838,474635,Lumbar,walk_2,0.112728,1.004304,0.27572,5.46,-1.89,-1.54,-52
1786633226838,474652,Lumbar,walk_2,0.089792,0.994056,0.264984,3.57,-0.84,-1.4,-52
1786633226838,474683,Lumbar,walk_2,0.079056,0.977464,0.264984,2.03,-0.63,-0.35,-52
1786633226838,474700,Lumbar,walk_2,0.0854,0.98332,0.264496,0.84,-0.7,-0.14,-52
1786633226838,474717,Lumbar,walk_2,0.101504,0.977952,0.284016,-0.42,-0.98,0.21,-52
1786633226838,474734,Lumbar,walk_2,0.108336,0.96624,0.303048,-0.56,-0.91,0.35,-52
1786633226838,474751,Lumbar,walk_2,0.105896,0.952576,0.300608,0.42,-0.7,0.56,-52
1786633227195,474925,Lumbar,walk_2,0.10004,0.961848,0.279136,-2.59,-3.22,-0.98,-52
1786633227195,474956,Lumbar,walk_2,0.089792,0.956968,0.266448,1.33,-2.66,0.14,-52
1786633227195,474973,Lumbar,walk_2,0.088816,0.957944,0.264984,1.68,-2.17,1.68,-52
1786633227195,474990,Lumbar,walk_2,0.095648,0.955992,0.282552,2.24,-1.47,3.29,-52
1786633227195,475007,Lumbar,walk_2,0.118584,0.975024,0.29036,4.41,-2.31,3.08,-52
1786633227195,475038,Lumbar,walk_2,0.122488,0.995032,0.291336,7.35,-2.8,0.98,-52
1786633227195,475055,Lumbar,walk_2,0.107848,0.99796,0.291336,8.05,-2.17,-0.42,-52
1786633227195,475072,Lumbar,walk_2,0.10004,1.003328,0.278648,5.32,-2.45,-1.47,-52
1786633227195,475089,Lumbar,walk_2,0.092232,0.997472,0.279136,3.78,-2.66,-1.68,-52
1786633227195,475106,Lumbar,walk_2,0.083448,0.982344,0.288896,1.05,-1.89,-1.33,-52
1786633227549,475280,Lumbar,walk_2,0.098088,0.984296,0.272304,0.49,-2.1,0.28,-52
1786633227549,475311,Lumbar,walk_2,0.10248,0.972096,0.296216,0.7,-1.96,0.14,-52
1786633227549,475328,Lumbar,walk_2,0.10492,0.969656,0.291824,1.68,-1.47,-0.14,-52
1786633227549,475345,Lumbar,walk_2,0.104432,0.96624,0.286456,2.03,-1.33,0.14,-52
1786633227549,475362,Lumbar,walk_2,0.103456,0.96624,0.282552,2.24,-1.26,0.35,-52
1786633227549,475392,Lumbar,walk_2,0.11224,0.979904,0.2806,1.68,-0.21,0.28,-52
1786633227549,475409,Lumbar,walk_2,0.115656,0.986248,0.278648,1.54,-0.21,0.21,-52
1786633227549,475426,Lumbar,walk_2,0.115168,0.99064,0.278648,1.4,-0.35,-0.07,-52
1786633227549,475443,Lumbar,walk_2,0.110288,0.986736,0.27572,1.12,-0.42,-0.42,-52
1786633227549,475460,Lumbar,walk_2,0.106384,0.984784,0.276696,0.91,-0.49,-0.84,-52
1786633227905,475634,Lumbar,walk_2,0.081984,0.963312,0.29036,1.68,-3.43,-0.28,-55
1786633227905,475665,Lumbar,walk_2,0.081984,0.965264,0.291336,2.66,-3.29,0.56,-55
1786633227905,475682,Lumbar,walk_2,0.082472,0.971608,0.294752,2.8,-3.08,0.84,-55
1786633227905,475700,Lumbar,walk_2,0.0854,0.980392,0.298168,2.66,-2.8,1.26,-55
1786633227905,475717,Lumbar,walk_2,0.086376,0.991616,0.302072,2.94,-2.87,1.47,-55
1786633227905,475748,Lumbar,walk_2,0.086864,1.004304,0.284504,2.03,-1.61,0.91,-55
1786633227905,475765,Lumbar,walk_2,0.093696,0.993568,0.264496,1.61,-1.47,0.7,-55
1786633227905,475782,Lumbar,walk_2,0.101992,0.968192,0.256688,1.26,-1.61,0.84,-55
1786633227905,475799,Lumbar,walk_2,0.105408,0.955016,0.259128,1.68,-1.75,1.61,-55
1786633227905,475816,Lumbar,walk_2,0.102968,0.943304,0.2684,2.1,-1.96,2.24,-55
1786633228260,475990,Lumbar,walk_2,0.111752,0.983808,0.267424,3.22,-1.96,1.26,-55
1786633228260,476021,Lumbar,walk_2,0.111752,0.984296,0.26596,3.43,-2.52,0.7,-55
1786633228260,476038,Lumbar,walk_2,0.108824,0.98576,0.265472,3.01,-2.8,0.21,-55
1786633228260,476055,Lumbar,walk_2,0.108336,0.984784,0.270352,2.59,-2.73,0.07,-55
1786633228260,476072,Lumbar,walk_2,0.105408,0.983808,0.27328,2.31,-2.59,0.14,-55
1786633228260,476103,Lumbar,walk_2,0.107848,0.983808,0.276208,1.75,-2.38,0.49,-55
1786633228260,476120,Lumbar,walk_2,0.106872,0.986736,0.276696,1.47,-2.31,0.28,-55
1786633228260,476137,Lumbar,walk_2,0.103944,0.984784,0.277184,1.12,-2.17,0.28,-55
1786633228260,476154,Lumbar,walk_2,0.104432,0.986248,0.275232,0.77,-1.75,0.42,-55
1786633228260,476171,Lumbar,walk_2,0.105408,0.985272,0.274256,0.21,-1.47,0.49,-55
1786633228618,476345,Lumbar,walk_2,0.10736,0.975024,0.27572,0.63,-1.68,2.1,-55
1786633228618,476377,Lumbar,walk_2,0.106384,0.981368,0.286456,1.12,-2.03,1.61,-55
1786633228618,476394,Lumbar,walk_2,0.106384,0.985272,0.286456,1.26,-2.17,0.84,-55
1786633228618,476412,Lumbar,walk_2,0.104432,0.985272,0.288408,1.33,-2.31,0.56,-55
1786633228618,476429,Lumbar,walk_2,0.103456,0.982832,0.28792,1.33,-2.31,0.21,-55
1786633228618,476446,Lumbar,walk_2,0.105408,0.982344,0.283528,1.26,-1.96,0,-55
1786633228618,476477,Lumbar,walk_2,0.113216,0.974536,0.276696,1.33,-1.68,0.28,-55
1786633228618,476494,Lumbar,walk_2,0.115656,0.967704,0.267912,1.68,-2.31,0.14,-55
1786633228618,476511,Lumbar,walk_2,0.113704,0.96868,0.274744,2.38,-3.01,-0.07,-55
1786633228618,476528,Lumbar,walk_2,0.111752,0.972584,0.27572,2.87,-2.8,-0.28,-55
1786633228975,476702,Lumbar,walk_2,0.099552,0.989176,0.27084,1.89,-1.26,-1.4,-55
1786633228975,476733,Lumbar,walk_2,0.094672,0.983808,0.283528,2.59,-1.26,-2.24,-55
1786633228975,476750,Lumbar,walk_2,0.095648,0.999424,0.280112,2.1,-0.91,-3.22,-55
1786633228975,476767,Lumbar,walk_2,0.105896,1.03456,0.259616,0.77,-0.35,-4.62,-55
1786633228975,476784,Lumbar,walk_2,0.09516,1.031144,0.221064,-1.89,-0.77,-4.62,-55
1786633228975,476815,Lumbar,walk_2,0.07564,0.97356,0.300608,-3.43,-0.28,-1.68,-55
1786633228975,476832,Lumbar,walk_2,0.083448,0.97356,0.289384,-2.03,0.07,-2.17,-55
1786633228975,476849,Lumbar,walk_2,0.090768,0.960872,0.267424,-1.54,-1.05,-3.22,-55
1786633228975,476866,Lumbar,walk_2,0.101504,0.952576,0.267424,-1.26,-2.94,-3.29,-55
1786633228975,476883,Lumbar,walk_2,0.096624,0.942816,0.282064,-0.91,-3.36,-2.87,-55
1786633229361,477059,Lumbar,walk_2,0.077592,0.959896,0.305,-1.05,-0.77,0.07,-51
1786633229361,477090,Lumbar,walk_2,0.087352,0.940376,0.322568,2.38,-0.21,1.05,-51
1786633229361,477108,Lumbar,walk_2,0.0976,0.987224,0.280112,3.85,-3.29,0.49,-51
1786633229361,477126,Lumbar,walk_2,0.098576,1.018944,0.272304,2.52,-4.13,0.35,-51
1786633229361,477143,Lumbar,walk_2,0.085888,1.001376,0.2806,0.7,-2.24,0.49,-51
1786633229361,477160,Lumbar,walk_2,0.086864,0.989664,0.27084,0.21,-1.89,0.63,-51
1786633229361,477191,Lumbar,walk_2,0.09272,0.973072,0.2562,0.63,-2.45,1.05,-51
1786633229361,477209,Lumbar,walk_2,0.082472,0.976488,0.26352,-0.07,-2.66,1.82,-51
1786633229361,477226,Lumbar,walk_2,0.082472,0.970144,0.279136,-0.77,-1.61,2.17,-51
1786633229361,477243,Lumbar,walk_2,0.093208,0.949648,0.308904,0.7,-1.05,2.03,-51
1786633229745,477418,Lumbar,walk_2,0.117608,0.932568,0.301096,0.56,-1.12,0.49,-51
1786633229745,477449,Lumbar,walk_2,0.099064,0.991616,0.2806,3.85,-2.45,0.63,-51
1786633229745,477466,Lumbar,walk_2,0.094672,1.011136,0.271328,3.43,-3.43,0.98,-51
1786633229745,477483,Lumbar,walk_2,0.100528,1.0004,0.261568,1.26,-2.1,0.84,-51
1786633229745,477500,Lumbar,walk_2,0.10248,0.992592,0.268888,0.42,-2.1,0,-51
1786633229745,477531,Lumbar,walk_2,0.099552,0.97356,0.272792,0.91,-1.96,0.07,-51
1786633229745,477548,Lumbar,walk_2,0.098576,0.974536,0.27084,-0.07,-1.82,0.14,-51
1786633229745,477565,Lumbar,walk_2,0.093208,0.959896,0.286944,-0.42,-1.68,0.28,-51
1786633229745,477582,Lumbar,walk_2,0.101504,0.94916,0.299632,0.28,-1.26,0.63,-51
1786633229745,477599,Lumbar,walk_2,0.102968,0.943304,0.323056,1.33,-1.96,0.84,-51
1786633230044,477773,Lumbar,walk_2,0.106384,0.9394,0.2928,-0.7,-2.1,-1.47,-51
1786633230044,477804,Lumbar,walk_2,0.106384,0.942328,0.325008,1.4,-1.82,-0.07,-51
1786633230044,477821,Lumbar,walk_2,0.0976,0.965264,0.310856,2.24,-1.96,0.77,-51
1786633230044,477837,Lumbar,walk_2,0.089304,0.987712,0.284504,1.33,-1.82,1.05,-51
1786633230044,477854,Lumbar,walk_2,0.098088,0.99308,0.284992,0.77,-2.52,0.7,-51
1786633230044,477885,Lumbar,walk_2,0.102968,1.001864,0.267424,0.91,-3.08,-0.14,-51
1786633230044,477902,Lumbar,walk_2,0.086864,1.003328,0.26596,0.21,-2.17,-0.35,-51
1786633230044,477919,Lumbar,walk_2,0.078568,0.979416,0.277672,-0.28,-1.19,-0.21,-51
1786633230044,477936,Lumbar,walk_2,0.079544,0.965752,0.289872,0.49,-1.12,-0.35,-51
1786633230044,477953,Lumbar,walk_2,0.081496,0.96136,0.293776,0.84,-1.47,-0.35,-51
1786633230403,478128,Lumbar,walk_2,0.0976,0.982344,0.26108,0.35,-2.52,-1.61,-54
1786633230403,478159,Lumbar,walk_2,0.091256,0.964288,0.282552,0.98,-2.45,-1.26,-54
1786633230403,478176,Lumbar,walk_2,0.085888,0.96624,0.29524,1.19,-2.31,-0.77,-54
1786633230403,478193,Lumbar,walk_2,0.084424,0.959896,0.308416,1.75,-2.17,-0.42,-54
1786633230403,478211,Lumbar,walk_2,0.084424,0.965752,0.296704,2.52,-2.38,0.07,-54
1786633230403,478242,Lumbar,walk_2,0.085888,0.976488,0.286456,1.54,-2.17,0.77,-54
1786633230403,478259,Lumbar,walk_2,0.089304,0.977952,0.28548,1.19,-2.17,0.91,-54
1786633230403,478276,Lumbar,walk_2,0.088816,0.979416,0.286944,1.54,-2.31,1.4,-54
1786633230403,478293,Lumbar,walk_2,0.0854,0.98332,0.28792,1.82,-2.31,1.68,-54
1786633230403,478310,Lumbar,walk_2,0.076616,1.001864,0.276696,2.03,-1.61,1.61,-54
1786633230761,478485,Lumbar,walk_2,0.091744,0.981856,0.273768,2.66,-3.15,1.75,-54
1786633230761,478517,Lumbar,walk_2,0.078568,0.979416,0.264984,3.22,-3.29,2.52,-54
1786633230761,478534,Lumbar,walk_2,0.072224,0.977952,0.268888,3.57,-3.15,3.15,-54
1786633230761,478552,Lumbar,walk_2,0.07564,0.97112,0.28304,4.2,-3.57,3.36,-54
1786633230761,478570,Lumbar,walk_2,0.072712,0.96868,0.28792,6.02,-4.55,3.64,-54
1786633230761,478587,Lumbar,walk_2,0.075152,0.976488,0.291336,6.44,-4.27,3.92,-54
1786633230761,478618,Lumbar,walk_2,0.09516,0.992104,0.289384,4.2,-2.94,3.29,-54
1786633230761,478635,Lumbar,walk_2,0.099064,0.987712,0.289384,3.92,-2.8,2.87,-54
1786633230761,478652,Lumbar,walk_2,0.104432,0.980392,0.291824,3.71,-2.52,2.87,-54
1786633230761,478669,Lumbar,walk_2,0.108824,0.98088,0.286456,3.15,-2.03,2.73,-54
1786633231117,478843,Lumbar,walk_2,0.109312,0.988688,0.291824,-0.84,-2.8,-0.28,-54
1786633231117,478875,Lumbar,walk_2,0.114192,0.977952,0.286944,-0.56,-2.59,-0.56,-54
1786633231117,478892,Lumbar,walk_2,0.110288,0.96868,0.291336,-0.14,-2.87,-0.77,-54
1786633231117,478909,Lumbar,walk_2,0.107848,0.961848,0.292312,0.77,-2.59,-0.28,-54
1786633231117,478926,Lumbar,walk_2,0.103456,0.959896,0.286456,1.05,-2.31,-0.07,-54
1786633231117,478957,Lumbar,walk_2,0.101992,0.976,0.2684,1.54,-2.1,0.28,-54
1786633231117,478973,Lumbar,walk_2,0.105408,0.991128,0.267424,0.98,-2.24,0.14,-54
1786633231117,478990,Lumbar,walk_2,0.101504,0.999912,0.272304,0.63,-2.03,-0.28,-54
1786633231117,479007,Lumbar,walk_2,0.09516,0.99308,0.269376,0.14,-1.89,-0.35,-54
1786633231117,479024,Lumbar,walk_2,0.104432,0.99308,0.272304,-0.84,-2.38,-0.84,-54
1786633231472,479199,Lumbar,walk_2,0.08784,0.972096,0.29036,5.53,-1.33,2.87,-54
1786633231472,479230,Lumbar,walk_2,0.10492,0.984784,0.286456,6.44,-1.05,2.94,-54
1786633231472,479247,Lumbar,walk_2,0.1098,0.979904,0.287432,6.79,-0.77,2.94,-54
1786633231472,479264,Lumbar,walk_2,0.103456,0.9882,0.27084,7.84,-0.77,2.45,-54
1786633231472,479281,Lumbar,walk_2,0.100528,1.009184,0.261568,6.09,0.28,1.54,-54
1786633231472,479312,Lumbar,walk_2,0.106384,0.999424,0.27816,3.99,0.42,0,-54
1786633231472,479329,Lumbar,walk_2,0.10248,0.981856,0.28304,3.71,-0.49,-0.21,-54
1786633231472,479346,Lumbar,walk_2,0.101992,0.974048,0.292312,3.36,-0.91,-0.21,-54
1786633231472,479363,Lumbar,walk_2,0.101016,0.96868,0.310368,3.08,-0.7,-0.14,-54
1786633231472,479380,Lumbar,walk_2,0.089792,0.962336,0.30988,3.29,-0.35,0.56,-54
1786633231828,479554,Lumbar,walk_2,0.096624,0.98088,0.268888,2.31,-2.8,0.21,-51
1786633231828,479585,Lumbar,walk_2,0.09028,0.986736,0.291336,3.22,-3.15,0.7,-51
1786633231828,479602,Lumbar,walk_2,0.108824,0.998936,0.272792,3.57,-2.59,0.35,-51
1786633231828,479620,Lumbar,walk_2,0.113216,0.999912,0.25376,3.01,-2.31,-0.28,-51
1786633231828,479637,Lumbar,walk_2,0.102968,0.994056,0.25376,2.31,-2.8,-0.56,-51
1786633231828,479668,Lumbar,walk_2,0.081984,0.970632,0.272792,3.43,-2.45,0.35,-51
1786633231828,479685,Lumbar,walk_2,0.081008,0.971608,0.268888,3.5,-1.75,1.61,-51
1786633231828,479702,Lumbar,walk_2,0.084424,0.976488,0.266448,3.08,-1.47,2.24,-51
1786633231828,479719,Lumbar,walk_2,0.083936,0.978928,0.268888,2.1,-1.68,2.31,-51
1786633231828,479736,Lumbar,walk_2,0.090768,0.981856,0.266448,0.91,-2.45,2.87,-51
1786633232185,479911,Lumbar,walk_2,0.112728,0.976488,0.27816,1.05,-1.82,2.45,-51
1786633232185,479942,Lumbar,walk_2,0.116144,0.98088,0.286944,2.87,-1.89,2.24,-51
1786633232185,479959,Lumbar,walk_2,0.118584,0.982832,0.27084,3.5,-1.82,1.82,-51
1786633232185,479976,Lumbar,walk_2,0.122488,0.987712,0.262544,3.29,-1.89,1.12,-51
1786633232185,479993,Lumbar,walk_2,0.117608,0.990152,0.260104,2.52,-2.03,0.84,-51
1786633232185,480024,Lumbar,walk_2,0.105896,0.986248,0.270352,2.45,-1.61,0.56,-51
1786633232185,480041,Lumbar,walk_2,0.106384,0.98332,0.272304,2.45,-1.54,0.42,-51
1786633232185,480058,Lumbar,walk_2,0.105408,0.980392,0.270352,2.52,-1.47,0.35,-51
1786633232185,480075,Lumbar,walk_2,0.104432,0.981368,0.270352,2.31,-1.82,0.21,-51
1786633232185,480092,Lumbar,walk_2,0.106384,0.980392,0.270352,2.17,-2.1,0.14,-51
1786633232542,480266,Lumbar,walk_2,0.111752,0.975024,0.271328,1.61,-1.89,0.42,-51
1786633232542,480296,Lumbar,walk_2,0.11224,0.975024,0.272304,1.68,-1.75,0.63,-51
1786633232542,480314,Lumbar,walk_2,0.113704,0.976,0.274256,1.89,-1.82,0.77,-51
1786633232542,480330,Lumbar,walk_2,0.111264,0.975512,0.269376,2.1,-1.82,1.05,-51
1786633232542,480347,Lumbar,walk_2,0.11224,0.979904,0.262056,2.1,-1.54,1.47,-51
1786633232542,480378,Lumbar,walk_2,0.1098,0.99064,0.264984,1.19,-1.54,1.4,-51
1786633232542,480395,Lumbar,walk_2,0.105408,0.9882,0.269864,0.84,-1.54,1.12,-51
1786633232542,480412,Lumbar,walk_2,0.105896,0.986736,0.269864,0.91,-1.54,0.84,-51
1786633232542,480429,Lumbar,walk_2,0.106384,0.984296,0.269376,0.98,-1.54,0.77,-51
1786633232542,480446,Lumbar,walk_2,0.106872,0.982832,0.266448,0.98,-1.68,0.7,-51
1786633232894,480620,Lumbar,walk_2,0.115656,0.982344,0.279136,0.63,-2.45,1.12,-51
1786633232894,480651,Lumbar,walk_2,0.11956,0.982344,0.27816,0.98,-2.38,0.49,-51
1786633232894,480668,Lumbar,walk_2,0.119072,0.981856,0.279136,1.12,-2.59,0.07,-51
1786633232894,480685,Lumbar,walk_2,0.119072,0.980392,0.280112,1.19,-2.66,-0.21,-51
1786633232894,480702,Lumbar,walk_2,0.119072,0.979904,0.280112,1.47,-2.59,-0.28,-51
1786633232894,480733,Lumbar,walk_2,0.116144,0.981856,0.27328,1.4,-2.24,-0.63,-51
1786633232894,480750,Lumbar,walk_2,0.116632,0.981856,0.274744,1.33,-2.24,-0.63,-51
1786633232894,480767,Lumbar,walk_2,0.115656,0.978928,0.274744,1.47,-2.24,-0.56,-51
1786633232894,480784,Lumbar,walk_2,0.115168,0.978928,0.272792,1.54,-2.24,-0.63,-51
1786633232894,480801,Lumbar,walk_2,0.113216,0.978928,0.270352,1.61,-2.38,-0.63,-51
1786633233317,480976,Lumbar,walk_2,0.106872,0.97844,0.277672,1.54,-2.38,0.28,-56
1786633233317,481007,Lumbar,walk_2,0.111264,0.979416,0.279624,1.47,-2.24,0.21,-56
1786633233317,481024,Lumbar,walk_2,0.111752,0.979904,0.282552,1.82,-2.17,0.21,-56
1786633233317,481041,Lumbar,walk_2,0.113704,0.980392,0.277672,1.75,-2.31,0.07,-56
1786633233317,481058,Lumbar,walk_2,0.115656,0.978928,0.272792,1.68,-2.45,0.07,-56
1786633233317,481089,Lumbar,walk_2,0.112728,0.976976,0.27328,1.4,-2.59,0.14,-56
1786633233317,481106,Lumbar,walk_2,0.110776,0.976488,0.273768,1.26,-2.31,0.35,-56
1786633233317,481123,Lumbar,walk_2,0.1098,0.975512,0.271816,1.4,-2.1,0.49,-56
1786633233317,481140,Lumbar,walk_2,0.110288,0.97356,0.268888,1.61,-2.17,0.7,-56
1786633233317,481157,Lumbar,walk_2,0.1098,0.972584,0.264496,1.75,-2.31,0.84,-56
1786633233607,481330,Lumbar,walk_2,0.111752,0.979904,0.278648,1.47,-1.96,0.21,-57
1786633233607,481360,Lumbar,walk_2,0.114192,0.979416,0.279136,1.26,-1.96,0,-57
1786633233607,481377,Lumbar,walk_2,0.111264,0.976976,0.278648,1.33,-2.1,-0.07,-57
1786633233607,481396,Lumbar,walk_2,0.110776,0.976,0.277672,1.68,-2.1,0,-57
1786633233607,481413,Lumbar,walk_2,0.110288,0.97844,0.274744,1.68,-2.1,-0.07,-57
1786633233607,481430,Lumbar,walk_2,0.110288,0.980392,0.272304,1.68,-2.17,-0.07,-57
1786633233607,481460,Lumbar,walk_2,0.1098,0.981856,0.268888,1.54,-2.24,0.14,-57
1786633233607,481477,Lumbar,walk_2,0.111264,0.98088,0.271816,1.61,-2.31,0.07,-57
1786633233607,481494,Lumbar,walk_2,0.111264,0.979416,0.27084,1.54,-2.38,0,-57
1786633233607,481511,Lumbar,walk_2,0.111264,0.979904,0.270352,1.68,-2.31,0,-57
1786633233989,481684,Lumbar,walk_2,0.111752,0.980392,0.27328,1.26,-1.82,0,-57
1786633233989,481715,Lumbar,walk_2,0.111264,0.979904,0.272304,1.26,-2.03,-0.14,-57
1786633233989,481732,Lumbar,walk_2,0.108336,0.979904,0.279624,1.33,-1.96,-0.14,-57
1786633233989,481749,Lumbar,walk_2,0.105408,0.97844,0.274744,1.54,-1.89,0.07,-57
1786633233989,481766,Lumbar,walk_2,0.104432,0.97844,0.267912,1.54,-1.96,0.42,-57
1786633233989,481797,Lumbar,walk_2,0.108824,0.981368,0.272792,1.19,-2.24,0.49,-57
1786633233989,481814,Lumbar,walk_2,0.105896,0.980392,0.278648,1.12,-2.1,0.49,-57
1786633233989,481831,Lumbar,walk_2,0.105408,0.980392,0.278648,1.4,-2.03,0.63,-57
1786633233989,481848,Lumbar,walk_2,0.10492,0.980392,0.277184,1.47,-2.1,0.63,-57
1786633233989,481865,Lumbar,walk_2,0.10736,0.98088,0.27328,1.54,-2.1,0.56,-57
1786633234379,482039,Lumbar,walk_2,0.1098,0.979904,0.275232,1.26,-2.24,0.63,-53
1786633234379,482070,Lumbar,walk_2,0.109312,0.981368,0.275232,0.98,-2.31,0.49,-53
1786633234379,482087,Lumbar,walk_2,0.107848,0.976488,0.279624,0.84,-2.17,0.56,-53
1786633234379,482104,Lumbar,walk_2,0.109312,0.976976,0.284504,0.42,-1.47,0.63,-53
1786633234379,482122,Lumbar,walk_2,0.114192,0.97844,0.286456,0.14,-0.91,0.42,-53
1786633234379,482153,Lumbar,walk_2,0.120536,0.981368,0.282064,0.63,-1.26,-0.07,-53
1786633234379,482170,Lumbar,walk_2,0.120048,0.98576,0.2806,0.35,-1.19,-0.49,-53
1786633234379,482187,Lumbar,walk_2,0.119072,0.9882,0.281088,0.14,-0.98,-0.7,-53
1786633234379,482204,Lumbar,walk_2,0.115168,0.9882,0.276208,-0.21,-0.84,-1.19,-53
1786633234379,482221,Lumbar,walk_2,0.116632,0.984784,0.27572,-0.63,-0.98,-1.4,-53
1786633234671,482396,Lumbar,walk_2,0.101992,0.981856,0.305,2.31,-2.59,0.56,-51
1786633234671,482427,Lumbar,walk_2,0.099552,0.989176,0.286944,1.68,-2.38,-0.42,-51
1786633234671,482444,Lumbar,walk_2,0.098576,0.98576,0.284016,1.47,-2.24,-0.7,-51
1786633234671,482461,Lumbar,walk_2,0.096136,0.98088,0.281088,1.61,-2.03,-0.63,-51
1786633234671,482478,Lumbar,walk_2,0.093696,0.978928,0.269864,1.82,-1.61,-0.07,-51
1786633234671,482509,Lumbar,walk_2,0.101016,0.980392,0.25864,1.4,-1.4,0.7,-51
1786633234671,482525,Lumbar,walk_2,0.10492,0.976,0.264496,1.05,-1.54,0.84,-51
1786633234671,482542,Lumbar,walk_2,0.10736,0.98088,0.268888,0.84,-1.75,1.12,-51
1786633234671,482559,Lumbar,walk_2,0.106384,0.982344,0.272792,0.7,-1.96,1.19,-51
1786633234671,482576,Lumbar,walk_2,0.105408,0.981368,0.27328,0.77,-2.24,1.19,-51
1786633235027,482751,Lumbar,walk_2,0.103944,0.973072,0.269864,-0.07,-3.43,-0.63,-51
1786633235027,482782,Lumbar,walk_2,0.099064,0.962824,0.288896,0.84,-3.43,0.56,-51
1786633235027,482799,Lumbar,walk_2,0.099552,0.957456,0.290848,1.82,-2.87,1.05,-51
1786633235027,482816,Lumbar,walk_2,0.10004,0.958432,0.287432,2.52,-2.38,1.4,-51
1786633235027,482833,Lumbar,walk_2,0.099552,0.959408,0.292312,3.29,-1.89,1.68,-51
1786633235027,482864,Lumbar,walk_2,0.108336,0.965752,0.30256,4.69,-1.61,2.45,-51
1786633235027,482881,Lumbar,walk_2,0.115168,0.976488,0.300608,4.62,-0.84,3.08,-51
1786633235027,482898,Lumbar,walk_2,0.11712,0.981856,0.295728,3.92,-0.07,3.15,-51
1786633235027,482915,Lumbar,walk_2,0.116632,0.989664,0.29036,3.5,0.14,3.01,-51
1786633235027,482932,Lumbar,walk_2,0.117608,0.992592,0.283528,2.59,0,2.31,-51
1786633235386,483106,Lumbar,walk_2,0.108336,0.986736,0.281576,1.26,-2.31,0.49,-51
1786633235386,483138,Lumbar,walk_2,0.116632,0.985272,0.281088,0.91,-2.24,0.49,-51
1786633235386,483155,Lumbar,walk_2,0.116632,0.9882,0.276696,0.28,-2.24,0.35,-51
1786633235386,483172,Lumbar,walk_2,0.114192,0.985272,0.276208,-0.07,-2.24,-0.14,-51
1786633235386,483189,Lumbar,walk_2,0.1098,0.97844,0.280112,-0.07,-2.1,-0.21,-51
1786633235386,483220,Lumbar,walk_2,0.10736,0.972096,0.28304,0.7,-1.89,-0.07,-51
1786633235386,483237,Lumbar,walk_2,0.105896,0.972096,0.279136,0.91,-1.96,0.21,-51
1786633235386,483254,Lumbar,walk_2,0.108336,0.972096,0.277184,1.05,-2.24,0.35,-51
1786633235386,483271,Lumbar,walk_2,0.114192,0.971608,0.287432,0.98,-2.17,0.42,-51
1786633235386,483288,Lumbar,walk_2,0.113216,0.972584,0.291336,0.98,-2.03,0.56,-51
1786633235740,483463,Lumbar,walk_2,0.101504,0.979904,0.276208,1.05,-2.66,-0.28,-51
1786633235740,483495,Lumbar,walk_2,0.101504,0.968192,0.285968,1.47,-2.31,0.28,-51
1786633235740,483512,Lumbar,walk_2,0.099064,0.967704,0.284504,1.82,-2.1,0.7,-51
1786633235740,483530,Lumbar,walk_2,0.098576,0.974536,0.284992,1.82,-2.1,0.84,-51
1786633235740,483547,Lumbar,walk_2,0.104432,0.97844,0.292312,1.75,-1.89,0.84,-51
1786633235740,483564,Lumbar,walk_2,0.116144,0.976976,0.29524,1.54,-1.26,0.91,-51
1786633235740,483595,Lumbar,walk_2,0.122,0.98088,0.289872,1.33,-0.77,0.77,-51
1786633235740,483612,Lumbar,walk_2,0.119072,0.982344,0.283528,1.61,-1.26,0.28,-51
1786633235740,483628,Lumbar,walk_2,0.11468,0.985272,0.280112,1.54,-1.54,-0.21,-51
1786633235740,483646,Lumbar,walk_2,0.112728,0.979416,0.27816,1.33,-1.19,-0.56,-51
1786633236095,483819,Lumbar,walk_2,0.093208,0.97356,0.281576,2.45,-1.61,-0.07,-55
1786633236095,483850,Lumbar,walk_2,0.089304,0.981368,0.27816,2.1,-2.38,-0.42,-55
1786633236095,483867,Lumbar,walk_2,0.08784,0.99552,0.279624,1.61,-2.94,-0.63,-55
1786633236095,483884,Lumbar,walk_2,0.084912,0.998448,0.288408,1.05,-3.22,-0.98,-55
1786633236095,483901,Lumbar,walk_2,0.079056,0.99064,0.28792,1.05,-3.36,-0.91,-55
1786633236095,483932,Lumbar,walk_2,0.084424,0.984784,0.27084,0.7,-3.78,-0.91,-55
1786633236095,483949,Lumbar,walk_2,0.095648,0.98088,0.2684,0.28,-4.06,-0.77,-55
1786633236095,483966,Lumbar,walk_2,0.10004,0.979904,0.267912,-0.07,-4.55,-0.56,-55
1786633236095,483983,Lumbar,walk_2,0.103944,0.977952,0.267424,-0.28,-4.76,-0.42,-55
1786633236095,484000,Lumbar,walk_2,0.098576,0.969656,0.269376,-0.49,-5.32,0,-55
1786633236467,484175,Lumbar,walk_2,0.113704,0.972584,0.27572,1.89,-1.54,-0.28,-55
1786633236467,484206,Lumbar,walk_2,0.104432,0.962336,0.283528,2.24,-0.56,1.19,-55
1786633236467,484222,Lumbar,walk_2,0.103944,0.969656,0.277672,2.59,-0.14,1.82,-55
1786633236467,484239,Lumbar,walk_2,0.10736,0.977952,0.268888,2.59,-0.07,1.96,-55
1786633236467,484256,Lumbar,walk_2,0.112728,0.99064,0.264496,1.47,-0.14,1.96,-55
1786633236467,484287,Lumbar,walk_2,0.110288,0.987224,0.269376,0.35,-1.05,1.75,-55
1786633236467,484304,Lumbar,walk_2,0.101504,0.979904,0.279136,0.21,-1.26,1.96,-55
1786633236467,484321,Lumbar,walk_2,0.097112,0.981856,0.279136,-0.42,-0.84,2.1,-55
1786633236467,484338,Lumbar,walk_2,0.094184,0.982344,0.285968,-0.49,-1.33,1.82,-55
1786633236467,484369,Lumbar,walk_2,0.09028,0.974536,0.298168,0.28,-2.24,1.26,-55
1786633236820,484543,Lumbar,walk_2,0.112728,0.978928,0.289872,1.96,-2.59,0.56,-52
1786633236820,484574,Lumbar,walk_2,0.113216,0.977464,0.286456,2.1,-2.38,0.21,-52
1786633236820,484591,Lumbar,walk_2,0.113704,0.978928,0.282064,2.1,-2.17,0.21,-52
1786633236820,484608,Lumbar,walk_2,0.115656,0.97844,0.282064,1.96,-2.31,-0.14,-52
1786633236820,484625,Lumbar,walk_2,0.120048,0.976976,0.284992,1.75,-2.31,-0.14,-52
1786633236820,484656,Lumbar,walk_2,0.12444,0.982832,0.281576,1.4,-2.31,-0.56,-52
1786633236820,484673,Lumbar,walk_2,0.11712,0.980392,0.284016,1.26,-2.45,-0.7,-52
1786633236820,484690,Lumbar,walk_2,0.106872,0.982344,0.281576,1.05,-2.66,-0.84,-52
1786633236820,484707,Lumbar,walk_2,0.100528,0.98088,0.284504,0.63,-2.66,-1.05,-52
1786633236820,484724,Lumbar,walk_2,0.099064,0.972584,0.291824,0.63,-2.38,-1.05,-52
1786633237187,484899,Lumbar,walk_2,0.116144,0.9516,0.286456,2.24,-2.38,0.21,-52
1786633237187,484929,Lumbar,walk_2,0.098088,0.94428,0.308904,4.48,-1.82,0.56,-52
1786633237187,484947,Lumbar,walk_2,0.097112,0.954528,0.316712,5.53,-1.26,0.98,-52
1786633237187,484963,Lumbar,walk_2,0.099064,0.960872,0.325496,5.88,0.35,1.82,-52
1786633237187,484980,Lumbar,walk_2,0.106384,0.98332,0.321104,6.09,1.26,1.96,-52
1786633237187,485011,Lumbar,walk_2,0.106384,0.99796,0.293776,4.34,1.05,1.05,-52
1786633237187,485028,Lumbar,walk_2,0.104432,0.99308,0.279136,3.5,0.35,0.7,-52
1786633237187,485045,Lumbar,walk_2,0.099552,0.9882,0.27572,2.52,0.07,0.49,-52
1786633237187,485061,Lumbar,walk_2,0.09516,0.988688,0.272792,2.38,0,0.35,-52
1786633237187,485092,Lumbar,walk_2,0.085888,0.999424,0.24888,1.19,-0.21,0.42,-52
1786633237597,485320,Lumbar,walk_2,0.10492,0.961848,0.328424,0.77,-4.06,-1.47,-52
1786633237597,485351,Lumbar,walk_2,0.105896,0.961848,0.327448,2.17,-3.36,-1.33,-52
1786633237597,485368,Lumbar,walk_2,0.099064,0.957944,0.324032,3.29,-2.8,-1.19,-52
1786633237597,485385,Lumbar,walk_2,0.091744,0.959408,0.313784,4.13,-2.31,-0.77,-52
1786633237597,485402,Lumbar,walk_2,0.08784,0.96136,0.310856,4.27,-2.1,-0.21,-52
1786633237597,485433,Lumbar,walk_2,0.084912,0.976,0.293776,4.83,-1.75,0.21,-52
1786633237597,485450,Lumbar,walk_2,0.084424,0.976488,0.284504,4.97,-1.33,0.7,-52
1786633237597,485467,Lumbar,walk_2,0.086864,0.979416,0.271816,5.11,-1.47,0.77,-52
1786633237597,485484,Lumbar,walk_2,0.0854,0.976,0.267424,5.25,-1.89,1.26,-52
1786633237597,485501,Lumbar,walk_2,0.085888,0.982344,0.259616,5.25,-2.03,1.89,-52
1786633237969,485675,Lumbar,walk_2,0.101992,0.987712,0.282552,-0.56,-1.96,1.75,-52
1786633237969,485706,Lumbar,walk_2,0.105896,0.984784,0.28304,-1.05,-2.38,1.05,-52
1786633237969,485723,Lumbar,walk_2,0.107848,0.97844,0.284992,-1.12,-2.45,0.63,-52
1786633237969,485740,Lumbar,walk_2,0.107848,0.97356,0.29036,-0.77,-2.59,0.56,-52
1786633237969,485757,Lumbar,walk_2,0.105408,0.974048,0.288896,-0.49,-2.59,0.49,-52
1786633237969,485788,Lumbar,walk_2,0.10736,0.969656,0.294752,-0.56,-2.38,0.42,-52
1786633237969,485805,Lumbar,walk_2,0.107848,0.969168,0.299144,-0.21,-2.52,0.14,-52
1786633237969,485822,Lumbar,walk_2,0.106872,0.968192,0.295728,0,-2.8,0.07,-52
1786633237969,485838,Lumbar,walk_2,0.107848,0.967216,0.298656,0.35,-2.66,0.28,-52
1786633237969,485869,Lumbar,walk_2,0.110776,0.967704,0.305488,1.12,-2.52,-0.14,-52
1786633238325,486044,Lumbar,walk_2,0.08784,0.93208,0.289384,0.49,-2.8,-2.8,-52
1786633238325,486075,Lumbar,walk_2,0.086376,0.933544,0.311832,1.75,-1.54,0.98,-52
1786633238325,486092,Lumbar,walk_2,0.08296,0.945744,0.310856,2.45,-0.98,2.73,-52
1786633238325,486110,Lumbar,walk_2,0.076616,0.962336,0.30744,4.55,-0.35,3.15,-52
1786633238325,486127,Lumbar,walk_2,0.101992,1.030168,0.269864,4.97,-2.31,1.75,-52
1786633238325,486157,Lumbar,walk_2,0.10004,1.025288,0.250832,1.82,-3.01,-0.77,-52
1786633238325,486174,Lumbar,walk_2,0.086376,1.016992,0.257664,-0.35,-1.26,-0.98,-52
1786633238325,486192,Lumbar,walk_2,0.079544,0.96868,0.284504,-0.63,-0.91,-0.98,-52
1786633238325,486209,Lumbar,walk_2,0.083936,0.959896,0.291336,0.84,-1.68,-0.91,-52
1786633238325,486225,Lumbar,walk_2,0.083936,0.964776,0.301096,0.63,-2.52,-0.7,-52
1786633238680,486400,Lumbar,walk_2,0.085888,1.011624,0.264496,-0.07,-3.64,1.4,-52
1786633238680,486431,Lumbar,walk_2,0.072224,1.006256,0.293288,0.7,-2.24,0.21,-52
1786633238680,486448,Lumbar,walk_2,0.079056,0.999912,0.294752,0.28,-1.47,0.07,-52
1786633238680,486465,Lumbar,walk_2,0.088328,0.996008,0.300608,1.12,-2.87,-0.7,-52
1786633238680,486482,Lumbar,walk_2,0.100528,0.979904,0.298168,1.75,-3.29,-2.03,-52
1786633238680,486513,Lumbar,walk_2,0.110776,0.951112,0.285968,-0.84,-2.59,-2.8,-52
1786633238680,486530,Lumbar,walk_2,0.105408,0.923784,0.274744,-1.12,-1.75,-1.89,-52
1786633238680,486547,Lumbar,walk_2,0.11224,0.912072,0.303048,-0.28,-0.63,0.21,-52
1786633238680,486564,Lumbar,walk_2,0.122488,0.918904,0.306952,0.77,-0.14,0.77,-52
1786633238680,486581,Lumbar,walk_2,0.110288,0.93696,0.307928,4.41,-1.26,0.91,-52
1786633239035,486756,Lumbar,walk_2,0.076616,0.969168,0.271816,-0.42,-2.73,-1.89,-51
1786633239035,486787,Lumbar,walk_2,0.085888,0.920368,0.288896,-0.7,-3.71,-1.33,-51
1786633239035,486804,Lumbar,walk_2,0.101504,0.90768,0.349896,1.54,-4.13,-0.7,-51
1786633239035,486821,Lumbar,walk_2,0.09516,0.904752,0.361608,9.87,-2.8,1.61,-51
1786633239035,486837,Lumbar,walk_2,0.077104,0.942328,0.336232,14.28,-2.73,2.94,-51
1786633239035,486868,Lumbar,walk_2,0.074176,1.01992,0.276208,14.14,-0.14,6.09,-51
1786633239035,486885,Lumbar,walk_2,0.070272,1.015528,0.245952,12.32,0.35,5.53,-51
1786633239035,486902,Lumbar,walk_2,0.09028,1.013088,0.225456,8.05,-0.14,4.2,-51
1786633239035,486919,Lumbar,walk_2,0.101016,1.016504,0.255224,4.62,-2.31,1.75,-51
1786633239035,486936,Lumbar,walk_2,0.088816,0.978928,0.294264,4.62,-2.38,1.61,-51
1786633239396,487111,Lumbar,walk_2,0.10248,0.987224,0.274256,-4.34,-0.28,-2.94,-51
1786633239396,487142,Lumbar,walk_2,0.096136,0.931104,0.271816,-3.5,-2.73,-3.08,-51
1786633239396,487159,Lumbar,walk_2,0.102968,0.909632,0.288408,-1.68,-2.31,-1.89,-51
1786633239396,487176,Lumbar,walk_2,0.0976,0.915488,0.288896,0.56,-1.26,-0.28,-51
1786633239396,487193,Lumbar,walk_2,0.089792,0.924272,0.315736,2.38,-0.63,1.33,-51
1786633239396,487224,Lumbar,walk_2,0.08784,0.982832,0.310368,7.84,-0.35,2.17,-51
1786633239396,487241,Lumbar,walk_2,0.090768,1.00528,0.259128,8.47,-0.63,2.38,-51
1786633239396,487258,Lumbar,walk_2,0.098576,1.01016,0.221064,3.99,-2.45,2.31,-51
1786633239396,487275,Lumbar,walk_2,0.095648,1.009184,0.230824,-1.12,-3.5,1.82,-51
1786633239396,487292,Lumbar,walk_2,0.07564,1.006744,0.247416,-2.03,-3.36,1.68,-51
1786633239785,487467,Lumbar,walk_2,0.116632,0.914024,0.318664,1.68,-2.59,1.33,-51
1786633239785,487498,Lumbar,walk_2,0.112728,0.948672,0.321592,4.34,-1.47,3.08,-51
1786633239785,487515,Lumbar,walk_2,0.102968,0.96624,0.312808,7.42,-1.4,3.22,-51
1786633239785,487532,Lumbar,walk_2,0.108336,1.015528,0.267912,7.63,-1.05,3.36,-51
1786633239785,487549,Lumbar,walk_2,0.110776,1.040904,0.22692,2.31,-2.52,1.89,-51
1786633239785,487580,Lumbar,walk_2,0.102968,0.9638,0.275232,-1.89,-2.66,1.54,-51
1786633239785,487597,Lumbar,walk_2,0.103456,0.96868,0.291336,0.14,-2.87,1.68,-51
1786633239785,487614,Lumbar,walk_2,0.109312,0.992592,0.294752,0.63,-2.31,0.84,-51
1786633239785,487631,Lumbar,walk_2,0.104432,1.014552,0.300608,0.7,-1.19,0.63,-51
1786633239785,487648,Lumbar,walk_2,0.097112,1.006744,0.29036,-0.28,0.91,0.42,-51
1786633240176,487823,Lumbar,walk_2,0.099064,0.9882,0.288896,0.42,-1.68,-0.56,-51
1786633240176,487854,Lumbar,walk_2,0.096136,0.9638,0.293776,2.59,-1.68,-0.56,-51
1786633240176,487872,Lumbar,walk_2,0.097112,0.965264,0.294752,2.94,-1.96,-0.42,-51
1786633240176,487889,Lumbar,walk_2,0.098088,0.96136,0.303048,3.5,-2.17,0.07,-51
1786633240176,487906,Lumbar,walk_2,0.096136,0.948184,0.308904,3.92,-2.17,0.56,-51
1786633240176,487937,Lumbar,walk_2,0.089792,0.959408,0.307928,5.53,-0.98,2.45,-51
1786633240176,487954,Lumbar,walk_2,0.09272,0.960872,0.310368,6.02,-1.05,2.73,-51
1786633240176,487971,Lumbar,walk_2,0.10004,0.95404,0.305,7,-1.33,2.87,-51
1786633240176,487988,Lumbar,walk_2,0.105896,0.968192,0.271816,8.68,-1.61,3.64,-51
1786633240176,488005,Lumbar,walk_2,0.106872,1.008696,0.233264,7.84,-2.24,3.29,-51
1786633240465,488179,Lumbar,walk_2,0.108824,0.958432,0.30988,5.04,-0.21,0.56,-51
1786633240465,488210,Lumbar,walk_2,0.12444,0.981368,0.276208,3.78,-1.89,0.35,-51
1786633240465,488227,Lumbar,walk_2,0.126392,0.982832,0.269864,3.5,-1.96,0.28,-51
1786633240465,488244,Lumbar,walk_2,0.120536,0.981856,0.26596,3.57,-2.24,0.21,-51
1786633240465,488261,Lumbar,walk_2,0.111264,0.979904,0.25864,3.78,-1.82,0.35,-51
1786633240465,488292,Lumbar,walk_2,0.105408,0.990152,0.244488,2.94,-0.91,0.84,-51
1786633240465,488309,Lumbar,walk_2,0.101016,0.989176,0.242536,2.31,-0.98,1.33,-51
1786633240465,488326,Lumbar,walk_2,0.096136,0.979904,0.254248,2.03,-1.33,1.68,-51
1786633240465,488343,Lumbar,walk_2,0.096136,0.97844,0.26352,2.24,-1.61,1.89,-51
1786633240465,488360,Lumbar,walk_2,0.095648,0.97844,0.26596,2.31,-1.61,2.1,-51
1786633240827,488534,Lumbar,walk_2,0.111264,0.985272,0.26352,0.28,-1.75,-0.77,-50
1786633240827,488565,Lumbar,walk_2,0.10492,0.977464,0.271816,0.14,-2.1,-1.12,-50
1786633240827,488582,Lumbar,walk_2,0.104432,0.979416,0.272792,0.42,-1.96,-1.19,-50
1786633240827,488599,Lumbar,walk_2,0.105896,0.98332,0.268888,0.42,-2.24,-1.33,-50
1786633240827,488616,Lumbar,walk_2,0.106872,0.983808,0.268888,0.42,-2.45,-1.47,-50
1786633240827,488647,Lumbar,walk_2,0.111752,0.978928,0.268888,-0.35,-2.73,-1.4,-50
1786633240827,488664,Lumbar,walk_2,0.112728,0.979904,0.27328,-0.56,-2.59,-1.54,-50
1786633240827,488681,Lumbar,walk_2,0.113216,0.976488,0.286944,-0.91,-2.45,-1.68,-50
1786633240827,488698,Lumbar,walk_2,0.112728,0.974536,0.284992,-0.14,-2.52,-2.03,-50
1786633240827,488715,Lumbar,walk_2,0.1098,0.981856,0.27328,-0.14,-2.87,-2.24,-50
1786633241185,488890,Lumbar,walk_2,0.101504,0.981368,0.273768,4.06,-2.1,-1.75,-50
1786633241185,488921,Lumbar,walk_2,0.08784,0.986248,0.26596,3.29,-2.38,-1.61,-50
1786633241185,488938,Lumbar,walk_2,0.0854,0.987224,0.259128,3.08,-2.66,-1.05,-50
1786633241185,488955,Lumbar,walk_2,0.080032,0.988688,0.254736,2.59,-2.24,-0.63,-50
1786633241185,488973,Lumbar,walk_2,0.07564,0.990152,0.249368,1.89,-2.38,0.35,-50
1786633241185,489004,Lumbar,walk_2,0.0732,0.993568,0.249856,0.63,-2.31,1.05,-50
1786633241185,489021,Lumbar,walk_2,0.071736,0.987712,0.25864,0.42,-2.17,1.26,-50
1786633241185,489038,Lumbar,walk_2,0.0732,0.984296,0.265472,0.21,-2.1,1.82,-50
1786633241185,489055,Lumbar,walk_2,0.073688,0.977952,0.274744,0.14,-2.1,2.24,-50
1786633241185,489072,Lumbar,walk_2,0.077592,0.982832,0.276208,0.14,-2.31,2.52,-50
1786633241530,489247,Lumbar,walk_2,0.110288,0.972584,0.277184,0.28,-2.59,2.73,-50
1786633241530,489278,Lumbar,walk_2,0.113216,0.972584,0.281088,0.98,-3.08,2.52,-50
1786633241530,489295,Lumbar,walk_2,0.114192,0.974536,0.281088,1.05,-3.08,2.52,-50
1786633241530,489312,Lumbar,walk_2,0.117608,0.977952,0.281088,1.12,-3.08,2.45,-50
1786633241530,489329,Lumbar,walk_2,0.11712,0.97844,0.28304,1.12,-2.94,2.1,-50
1786633241530,489360,Lumbar,walk_2,0.115656,0.977464,0.286944,1.26,-2.73,1.47,-50
1786633241530,489377,Lumbar,walk_2,0.11468,0.97844,0.28304,1.54,-2.52,1.19,-50
1786633241530,489394,Lumbar,walk_2,0.113216,0.982832,0.2806,1.61,-2.31,0.98,-50
1786633241530,489411,Lumbar,walk_2,0.111264,0.984296,0.281088,1.4,-2.17,0.56,-50
1786633241530,489428,Lumbar,walk_2,0.105408,0.983808,0.2806,1.33,-2.03,0.42,-50
1786633241886,489603,Lumbar,walk_2,0.103456,0.978928,0.279624,1.54,-2.17,-0.28,-50
1786633241886,489634,Lumbar,walk_2,0.102968,0.976,0.2806,1.54,-2.17,-0.28,-50
1786633241886,489651,Lumbar,walk_2,0.10492,0.979416,0.281088,1.47,-2.1,-0.35,-50
1786633241886,489668,Lumbar,walk_2,0.103944,0.978928,0.28304,1.47,-2.17,-0.42,-50
1786633241886,489685,Lumbar,walk_2,0.103456,0.976976,0.282552,1.75,-2.1,-0.42,-50
1786633241886,489716,Lumbar,walk_2,0.106384,0.975512,0.279136,1.89,-2.1,-0.35,-50
1786633241886,489733,Lumbar,walk_2,0.105896,0.977464,0.278648,1.82,-2.1,-0.28,-50
1786633241886,489750,Lumbar,walk_2,0.10492,0.97844,0.279624,1.75,-2.1,-0.14,-50
1786633241886,489767,Lumbar,walk_2,0.103456,0.979416,0.280112,1.75,-1.96,-0.07,-50
1786633241886,489784,Lumbar,walk_2,0.101992,0.97844,0.279136,1.82,-2.03,0.07,-50
1786633242240,489958,Lumbar,walk_2,0.100528,0.979416,0.279136,1.47,-2.1,0.7,-50
1786633242240,489989,Lumbar,walk_2,0.100528,0.979904,0.282552,1.47,-2.1,0.84,-50
1786633242240,490007,Lumbar,walk_2,0.101016,0.979904,0.282552,1.54,-2.1,0.91,-50
1786633242240,490023,Lumbar,walk_2,0.101504,0.980392,0.2806,1.47,-2.17,0.84,-50
1786633242240,490040,Lumbar,walk_2,0.10248,0.98088,0.279624,1.4,-2.03,0.84,-50
1786633242240,490071,Lumbar,walk_2,0.10492,0.978928,0.279136,1.33,-1.96,0.77,-50
1786633242240,490088,Lumbar,walk_2,0.103456,0.978928,0.280112,1.47,-2.1,0.63,-50
1786633242240,490105,Lumbar,walk_2,0.101992,0.976976,0.2806,1.61,-2.1,0.77,-50
1786633242240,490122,Lumbar,walk_2,0.104432,0.977952,0.279136,1.82,-2.1,0.77,-50
1786633242240,490139,Lumbar,walk_2,0.104432,0.980392,0.27816,1.68,-2.17,0.7,-50
1786633242596,490314,Lumbar,walk_2,0.102968,0.979416,0.276208,1.33,-2.1,0.63,-50
1786633242596,490345,Lumbar,walk_2,0.103944,0.979904,0.277184,1.19,-2.03,0.77,-50
1786633242596,490362,Lumbar,walk_2,0.102968,0.97844,0.282064,1.19,-2.03,0.77,-50
1786633242596,490379,Lumbar,walk_2,0.105408,0.975512,0.28304,1.33,-2.1,0.84,-50
1786633242596,490396,Lumbar,walk_2,0.106384,0.977952,0.28548,1.54,-2.03,0.77,-50
1786633242596,490427,Lumbar,walk_2,0.10492,0.977952,0.284504,1.68,-2.03,0.56,-50
1786633242596,490444,Lumbar,walk_2,0.105896,0.976976,0.282552,1.82,-2.03,0.63,-50
1786633242596,490461,Lumbar,walk_2,0.105408,0.977464,0.279624,1.75,-2.1,0.7,-50
1786633242596,490478,Lumbar,walk_2,0.106384,0.978928,0.281088,1.68,-2.17,0.63,-50
1786633242596,490495,Lumbar,walk_2,0.107848,0.98088,0.281088,1.47,-2.17,0.56,-50
1786633242951,490669,Lumbar,walk_2,0.105896,0.978928,0.279136,1.4,-2.1,0.28,-50
1786633242951,490700,Lumbar,walk_2,0.106384,0.978928,0.279624,1.26,-1.96,0.28,-50
1786633242951,490717,Lumbar,walk_2,0.105408,0.977952,0.280112,1.33,-1.96,0.35,-50
1786633242951,490734,Lumbar,walk_2,0.105408,0.977952,0.2806,1.33,-2.03,0.35,-50
1786633242951,490751,Lumbar,walk_2,0.10492,0.976976,0.2806,1.4,-2.03,0.35,-50
1786633242951,490782,Lumbar,walk_2,0.104432,0.976976,0.27816,1.47,-2.24,0.35,-50
1786633242951,490799,Lumbar,walk_2,0.106384,0.977464,0.280112,1.4,-2.24,0.35,-50
1786633242951,490816,Lumbar,walk_2,0.105896,0.97844,0.282064,1.33,-2.17,0.35,-50
1786633242951,490833,Lumbar,walk_2,0.105408,0.980392,0.28304,1.33,-2.31,0.28,-50
1786633242951,490850,Lumbar,walk_2,0.103944,0.977464,0.284504,1.47,-2.24,0.35,-50
1786633243305,491024,Lumbar,walk_2,0.106384,0.975024,0.282064,1.61,-2.31,0.21,-52
1786633243305,491055,Lumbar,walk_2,0.107848,0.976976,0.278648,1.75,-2.17,0.21,-52
1786633243305,491072,Lumbar,walk_2,0.10736,0.979904,0.2806,1.54,-2.03,0.21,-52
1786633243305,491089,Lumbar,walk_2,0.10736,0.979904,0.28304,1.4,-1.82,0.28,-52
1786633243305,491106,Lumbar,walk_2,0.106872,0.977952,0.284992,1.47,-1.82,0.28,-52
1786633243305,491138,Lumbar,walk_2,0.108336,0.976976,0.283528,1.75,-1.96,0.21,-52
1786633243305,491155,Lumbar,walk_2,0.10736,0.980392,0.283528,1.61,-1.89,0.07,-52
1786633243305,491172,Lumbar,walk_2,0.106384,0.976976,0.281088,1.54,-1.89,0,-52
1786633243305,491189,Lumbar,walk_2,0.10492,0.976,0.280112,1.68,-1.89,0.14,-52
1786633243305,491206,Lumbar,walk_2,0.10492,0.976488,0.280112,1.68,-1.89,0.14,-52
1786633243659,491378,Lumbar,walk_2,0.102968,0.977952,0.281088,1.54,-2.17,0,-52
1786633243659,491409,Lumbar,walk_2,0.104432,0.977464,0.282552,1.68,-2.17,0,-52
1786633243659,491426,Lumbar,walk_2,0.104432,0.977464,0.281576,1.68,-2.17,0,-52
1786633243659,491443,Lumbar,walk_2,0.10492,0.977464,0.281576,1.54,-2.24,0.07,-52
1786633243659,491460,Lumbar,walk_2,0.105408,0.977464,0.281576,1.47,-2.24,0.14,-52
1786633243659,491491,Lumbar,walk_2,0.104432,0.977952,0.28304,1.47,-2.24,0.28,-52
1786633243659,491508,Lumbar,walk_2,0.102968,0.97844,0.281576,1.47,-2.24,0.35,-52
1786633243659,491525,Lumbar,walk_2,0.103944,0.97844,0.2806,1.54,-2.17,0.42,-52
1786633243659,491542,Lumbar,walk_2,0.10492,0.979416,0.279624,1.4,-2.24,0.28,-52
1786633243659,491559,Lumbar,walk_2,0.102968,0.978928,0.281088,1.33,-2.24,0.21,-52
1786633244028,491733,Lumbar,walk_2,0.103456,0.979416,0.2806,0.98,-2.17,0.42,-50
1786633244028,491764,Lumbar,walk_2,0.10248,0.977464,0.284992,1.26,-2.17,0.35,-50
1786633244028,491780,Lumbar,walk_2,0.105896,0.976976,0.282552,1.47,-2.24,0.35,-50
1786633244028,491797,Lumbar,walk_2,0.10492,0.97844,0.278648,1.54,-2.24,0.42,-50
1786633244028,491814,Lumbar,walk_2,0.103944,0.978928,0.276696,1.4,-2.17,0.35,-50
1786633244028,491845,Lumbar,walk_2,0.102968,0.977464,0.2806,1.12,-2.24,0.49,-50
1786633244028,491862,Lumbar,walk_2,0.103944,0.974048,0.284504,1.26,-2.17,0.63,-50
1786633244028,491879,Lumbar,walk_2,0.10492,0.973072,0.286456,1.61,-2.17,0.77,-50
1786633244028,491896,Lumbar,walk_2,0.105408,0.976488,0.284016,1.75,-2.1,0.63,-50
1786633244028,491927,Lumbar,walk_2,0.103456,0.97844,0.28304,1.54,-2.1,0.49,-50
1786633244413,492101,Lumbar,walk_2,0.10492,0.978928,0.27816,1.75,-2.03,0.28,-50
1786633244413,492132,Lumbar,walk_2,0.10492,0.978928,0.2806,1.68,-2.03,0.35,-50
1786633244413,492149,Lumbar,walk_2,0.103456,0.980392,0.279624,1.61,-2.1,0.28,-50
1786633244413,492167,Lumbar,walk_2,0.104432,0.97844,0.279624,1.61,-2.03,0.35,-50
1786633244413,492184,Lumbar,walk_2,0.10248,0.978928,0.2806,1.54,-2.03,0.35,-50
1786633244413,492215,Lumbar,walk_2,0.10248,0.978928,0.2806,1.33,-1.96,0.42,-50
1786633244413,492232,Lumbar,walk_2,0.102968,0.977464,0.282552,1.33,-2.03,0.42,-50
1786633244413,492249,Lumbar,walk_2,0.101992,0.97844,0.281576,1.4,-2.03,0.49,-50
1786633244413,492266,Lumbar,walk_2,0.101504,0.97844,0.282064,1.47,-2.03,0.49,-50
1786633244413,492283,Lumbar,walk_2,0.10248,0.97844,0.281088,1.47,-2.03,0.56,-50
1786633244803,492456,Lumbar,walk_2,0.104432,0.976976,0.276208,1.4,-2.24,0.98,-50
1786633244803,492487,Lumbar,walk_2,0.10736,0.97844,0.281088,1.12,-2.03,0.98,-50
1786633244803,492503,Lumbar,walk_2,0.105896,0.979904,0.283528,1.05,-1.96,0.77,-50
1786633244803,492520,Lumbar,walk_2,0.105896,0.978928,0.284504,1.26,-2.03,0.7,-50
1786633244803,492538,Lumbar,walk_2,0.105896,0.97844,0.283528,1.4,-2.03,0.63,-50
1786633244803,492568,Lumbar,walk_2,0.106872,0.979904,0.279624,1.4,-2.1,0.49,-50
1786633244803,492585,Lumbar,walk_2,0.106384,0.97844,0.279624,1.33,-2.03,0.56,-50
1786633244803,492602,Lumbar,walk_2,0.106384,0.977952,0.281088,1.26,-1.96,0.56,-50
1786633244803,492619,Lumbar,walk_2,0.104432,0.977464,0.282064,1.19,-2.03,0.63,-50
1786633244803,492636,Lumbar,walk_2,0.104432,0.976,0.284016,1.26,-2.1,0.77,-50
1786633245097,492810,Lumbar,walk_2,0.10736,0.977952,0.284016,1.61,-2.17,0.42,-49
1786633245097,492841,Lumbar,walk_2,0.10736,0.977952,0.281576,1.68,-2.17,0.35,-49
1786633245097,492859,Lumbar,walk_2,0.108824,0.978928,0.280112,1.54,-2.1,0.42,-49
1786633245097,492876,Lumbar,walk_2,0.106384,0.978928,0.281576,1.54,-2.1,0.35,-49
1786633245097,492893,Lumbar,walk_2,0.10736,0.979904,0.282064,1.47,-2.17,0.21,-49
1786633245097,492924,Lumbar,walk_2,0.105408,0.977952,0.283528,1.54,-2.24,0.14,-49
1786633245097,492941,Lumbar,walk_2,0.106872,0.97844,0.281576,1.54,-2.17,0.14,-49
1786633245097,492958,Lumbar,walk_2,0.106384,0.977952,0.282552,1.47,-2.1,0,-49
1786633245097,492975,Lumbar,walk_2,0.10736,0.977952,0.282064,1.47,-2.03,0.07,-49
1786633245097,492992,Lumbar,walk_2,0.107848,0.976976,0.282552,1.47,-2.03,0.14,-49
1786633245449,493166,Lumbar,walk_2,0.103456,0.976488,0.284016,1.75,-2.03,0.07,-49
1786633245449,493197,Lumbar,walk_2,0.10492,0.980392,0.283528,1.47,-1.96,0,-49
1786633245449,493214,Lumbar,walk_2,0.101992,0.980392,0.285968,1.33,-2.1,0,-49
1786633245449,493231,Lumbar,walk_2,0.101992,0.976976,0.283528,1.26,-2.24,0.14,-49
1786633245449,493248,Lumbar,walk_2,0.103944,0.975512,0.282064,1.33,-2.17,0.35,-49
1786633245449,493279,Lumbar,walk_2,0.103944,0.979416,0.28304,0.98,-2.17,0.14,-49
1786633245449,493296,Lumbar,walk_2,0.103456,0.979416,0.283528,1.05,-2.24,0.07,-49
1786633245449,493313,Lumbar,walk_2,0.10248,0.979416,0.284992,1.12,-2.31,0.07,-49
1786633245449,493330,Lumbar,walk_2,0.10248,0.976,0.284992,1.4,-2.38,0,-49
1786633245449,493347,Lumbar,walk_2,0.102968,0.977464,0.282064,1.47,-2.31,0.14,-49
1786633245835,493521,Lumbar,walk_2,0.10248,0.977464,0.284992,1.68,-2.24,0.35,-49
1786633245835,493553,Lumbar,walk_2,0.10492,0.979904,0.28304,1.47,-2.17,0.42,-49
1786633245835,493570,Lumbar,walk_2,0.104432,0.979416,0.28304,1.47,-2.17,0.28,-49
1786633245835,493587,Lumbar,walk_2,0.103944,0.97844,0.284992,1.54,-2.17,0.28,-49
1786633245835,493605,Lumbar,walk_2,0.10492,0.977952,0.28548,1.61,-2.24,0.21,-49
1786633245835,493623,Lumbar,walk_2,0.103944,0.979416,0.282064,1.61,-2.17,0.21,-49
1786633245835,493654,Lumbar,walk_2,0.102968,0.977952,0.283528,1.54,-2.17,0.28,-49
1786633245835,493671,Lumbar,walk_2,0.10248,0.977464,0.282552,1.47,-2.1,0.35,-49
1786633245835,493688,Lumbar,walk_2,0.103944,0.977464,0.283528,1.54,-2.17,0.35,-49
1786633245835,493704,Lumbar,walk_2,0.102968,0.977464,0.283528,1.54,-2.24,0.21,-49
1786633246176,493879,Lumbar,walk_2,0.10492,0.975024,0.285968,1.47,-2.24,0.28,-51
1786633246176,493910,Lumbar,walk_2,0.105896,0.978928,0.28548,1.61,-2.17,0.21,-51
1786633246176,493927,Lumbar,walk_2,0.103456,0.97844,0.28548,1.54,-2.24,0.14,-51
1786633246176,493944,Lumbar,walk_2,0.101992,0.978928,0.284504,1.54,-2.24,0.07,-51
1786633246176,493961,Lumbar,walk_2,0.101992,0.976488,0.28304,1.61,-2.17,0.21,-51
1786633246176,493992,Lumbar,walk_2,0.102968,0.977464,0.284016,1.54,-2.1,0.35,-51
1786633246176,494010,Lumbar,walk_2,0.103456,0.978928,0.285968,1.61,-2.1,0.28,-51
1786633246176,494027,Lumbar,walk_2,0.101504,0.980392,0.28548,1.54,-2.1,0.28,-51
1786633246176,494044,Lumbar,walk_2,0.10248,0.977952,0.2806,1.47,-2.17,0.35,-51
1786633246176,494061,Lumbar,walk_2,0.103944,0.976976,0.279624,1.4,-2.24,0.42,-51
1786633246519,494235,Lumbar,walk_2,0.105408,0.973072,0.285968,1.75,-2.03,0.98,-51
1786633246519,494266,Lumbar,walk_2,0.105408,0.977952,0.285968,1.89,-2.03,0.84,-51
1786633246519,494283,Lumbar,walk_2,0.104432,0.977952,0.285968,1.82,-2.1,0.77,-51
1786633246519,494300,Lumbar,walk_2,0.103456,0.97844,0.286456,1.89,-2.17,0.77,-51
1786633246519,494317,Lumbar,walk_2,0.104432,0.97844,0.284992,1.75,-2.03,0.84,-51
1786633246519,494348,Lumbar,walk_2,0.108336,0.977952,0.284992,1.75,-1.96,0.84,-51
1786633246519,494365,Lumbar,walk_2,0.109312,0.978928,0.284016,1.61,-2.03,0.63,-51
1786633246519,494382,Lumbar,walk_2,0.106384,0.977952,0.284016,1.61,-2.1,0.42,-51
1786633246519,494399,Lumbar,walk_2,0.106872,0.97844,0.284016,1.68,-2.1,0.35,-51
1786633246519,494416,Lumbar,walk_2,0.106384,0.977952,0.284992,1.75,-2.03,0.35,-51
1786633246876,494591,Lumbar,walk_2,0.101504,0.976976,0.284992,1.54,-1.89,0.91,-51
1786633246876,494622,Lumbar,walk_2,0.104432,0.977464,0.285968,1.4,-1.96,1.05,-51
1786633246876,494639,Lumbar,walk_2,0.104432,0.976976,0.286944,1.4,-1.96,1.05,-51
1786633246876,494656,Lumbar,walk_2,0.105896,0.976976,0.287432,1.4,-2.03,1.05,-51
1786633246876,494673,Lumbar,walk_2,0.105896,0.976488,0.286456,1.54,-2.1,1.12,-51
1786633246876,494704,Lumbar,walk_2,0.10492,0.976976,0.284992,1.54,-2.1,1.12,-51
1786633246876,494721,Lumbar,walk_2,0.105408,0.976976,0.283528,1.47,-2.1,1.12,-51
1786633246876,494738,Lumbar,walk_2,0.106384,0.977464,0.282552,1.47,-2.1,1.12,-51
1786633246876,494755,Lumbar,walk_2,0.108336,0.97844,0.283528,1.47,-2.1,1.05,-51
1786633246876,494772,Lumbar,walk_2,0.108336,0.979416,0.284504,1.54,-2.24,0.84,-51
1786633247230,494945,Lumbar,walk_2,0.106384,0.976488,0.286456,0.28,-1.61,0.77,-51
1786633247230,494976,Lumbar,walk_2,0.1098,0.975512,0.286456,1.26,-2.24,0.42,-51
1786633247230,494994,Lumbar,walk_2,0.110776,0.977464,0.284016,1.4,-2.17,0.35,-51
1786633247230,495011,Lumbar,walk_2,0.110288,0.977952,0.284504,1.19,-2.24,0.28,-51
1786633247230,495028,Lumbar,walk_2,0.107848,0.976488,0.285968,1.12,-2.24,0.28,-51
1786633247230,495059,Lumbar,walk_2,0.10736,0.976488,0.286944,1.19,-2.1,0.28,-51
1786633247230,495076,Lumbar,walk_2,0.107848,0.974048,0.288896,1.33,-2.1,0.35,-51
1786633247230,495093,Lumbar,walk_2,0.110776,0.974536,0.288408,1.54,-2.03,0.28,-51
1786633247230,495110,Lumbar,walk_2,0.109312,0.974536,0.287432,1.54,-2.03,0.35,-51
1786633247230,495127,Lumbar,walk_2,0.108824,0.976,0.284992,1.61,-2.17,0.28,-51
1786633247588,495301,Lumbar,walk_2,0.109312,0.979904,0.280112,2.59,-1.61,0.07,-54
1786633247588,495332,Lumbar,walk_2,0.1098,0.979904,0.27816,2.45,-1.82,-0.14,-54
1786633247588,495349,Lumbar,walk_2,0.107848,0.979904,0.277184,2.38,-1.96,-0.21,-54
1786633247588,495366,Lumbar,walk_2,0.106384,0.980392,0.275232,2.24,-2.03,-0.28,-54
1786633247588,495383,Lumbar,walk_2,0.105896,0.980392,0.274744,2.17,-2.03,-0.28,-54
1786633247588,495414,Lumbar,walk_2,0.104432,0.979904,0.279624,1.96,-2.1,-0.21,-54
1786633247588,495431,Lumbar,walk_2,0.105896,0.979904,0.281088,1.89,-2.1,-0.21,-54
1786633247588,495448,Lumbar,walk_2,0.105896,0.981368,0.283528,1.82,-2.17,-0.28,-54
1786633247588,495465,Lumbar,walk_2,0.106872,0.982344,0.284504,1.75,-2.1,-0.35,-54
1786633247588,495482,Lumbar,walk_2,0.105408,0.981856,0.284504,1.47,-2.03,-0.56,-54
1786633247943,495657,Lumbar,walk_2,0.100528,0.976488,0.286944,1.19,-2.24,0,-55
1786633247943,495688,Lumbar,walk_2,0.101016,0.976,0.289384,1.26,-2.31,0.21,-55
1786633247943,495705,Lumbar,walk_2,0.101504,0.976976,0.29036,1.33,-2.38,0.28,-55
1786633247943,495722,Lumbar,walk_2,0.101016,0.976488,0.288408,1.26,-2.38,0.35,-55
1786633247943,495739,Lumbar,walk_2,0.10248,0.974536,0.28304,1.26,-2.45,0.7,-55
1786633247943,495770,Lumbar,walk_2,0.101992,0.975024,0.284992,1.12,-2.59,0.84,-55
1786633247943,495787,Lumbar,walk_2,0.101504,0.976,0.28792,1.26,-2.45,0.91,-55
1786633247943,495804,Lumbar,walk_2,0.100528,0.974048,0.289384,1.61,-2.38,0.98,-55
1786633247943,495821,Lumbar,walk_2,0.10248,0.974048,0.28548,2.03,-2.38,1.12,-55
1786633247943,495838,Lumbar,walk_2,0.102968,0.976488,0.282552,2.1,-2.24,1.26,-55
1786633248298,496011,Lumbar,walk_2,0.106872,0.97844,0.282064,1.47,-1.96,1.61,-55
1786633248298,496043,Lumbar,walk_2,0.110288,0.979904,0.281576,1.19,-1.96,1.54,-55
1786633248298,496060,Lumbar,walk_2,0.111264,0.981368,0.284016,1.12,-2.1,1.26,-55
1786633248298,496078,Lumbar,walk_2,0.110288,0.97844,0.285968,1.19,-2.1,1.05,-55
1786633248298,496095,Lumbar,walk_2,0.109312,0.976976,0.286944,1.33,-2.1,0.91,-55
1786633248298,496111,Lumbar,walk_2,0.109312,0.977464,0.286456,1.33,-2.1,0.84,-55
1786633248298,496142,Lumbar,walk_2,0.113216,0.977464,0.286944,1.33,-1.96,0.77,-55
1786633248298,496159,Lumbar,walk_2,0.112728,0.977952,0.286456,1.19,-1.89,0.56,-55
1786633248298,496176,Lumbar,walk_2,0.109312,0.975024,0.284016,1.12,-1.96,0.63,-55
1786633248298,496193,Lumbar,walk_2,0.1098,0.974048,0.283528,1.4,-2.17,0.56,-55
1786633248665,496367,Lumbar,walk_2,0.108824,0.976488,0.286456,1.75,-1.82,0.35,-53
1786633248665,496398,Lumbar,walk_2,0.1098,0.97844,0.283528,1.61,-1.82,0.28,-53
1786633248665,496415,Lumbar,walk_2,0.1098,0.977952,0.283528,1.68,-1.89,0.35,-53
1786633248665,496432,Lumbar,walk_2,0.108336,0.976,0.282552,1.61,-1.89,0.42,-53
1786633248665,496449,Lumbar,walk_2,0.107848,0.976488,0.283528,1.75,-2.03,0.42,-53
1786633248665,496480,Lumbar,walk_2,0.10736,0.976488,0.28548,1.75,-2.1,0.63,-53
1786633248665,496497,Lumbar,walk_2,0.10736,0.976976,0.287432,1.75,-2.1,0.56,-53
1786633248665,496514,Lumbar,walk_2,0.105896,0.977952,0.28792,1.82,-1.96,0.56,-53
1786633248665,496531,Lumbar,walk_2,0.106872,0.97844,0.287432,1.75,-1.96,0.49,-53
1786633248665,496548,Lumbar,walk_2,0.107848,0.97844,0.284016,1.82,-1.89,0.42,-53
1786633249043,496721,Lumbar,walk_2,0.11224,0.977952,0.28548,1.4,-2.24,0.14,-50
1786633249043,496752,Lumbar,walk_2,0.110776,0.977952,0.285968,1.33,-2.24,0.21,-50
1786633249043,496769,Lumbar,walk_2,0.109312,0.977464,0.284504,1.26,-2.31,0.14,-50
1786633249043,496786,Lumbar,walk_2,0.1098,0.975512,0.284992,1.33,-2.24,0.07,-50
1786633249043,496803,Lumbar,walk_2,0.1098,0.975024,0.284992,1.33,-2.24,0.07,-50
1786633249043,496834,Lumbar,walk_2,0.108824,0.975512,0.284504,1.47,-2.1,0.14,-50
1786633249043,496851,Lumbar,walk_2,0.109312,0.976488,0.286944,1.54,-2.03,0.21,-50
1786633249043,496868,Lumbar,walk_2,0.108824,0.976488,0.287432,1.54,-1.96,0.21,-50
1786633249043,496885,Lumbar,walk_2,0.107848,0.976976,0.286944,1.61,-1.96,0.21,-50
1786633249043,496902,Lumbar,walk_2,0.10736,0.97844,0.284504,1.61,-2.03,0.14,-50
1786633249431,497075,Lumbar,walk_2,0.10736,0.977952,0.282064,1.47,-2.24,0.07,-50
1786633249431,497106,Lumbar,walk_2,0.106384,0.976,0.286944,1.61,-2.31,0.14,-50
1786633249431,497123,Lumbar,walk_2,0.10736,0.975512,0.286456,1.68,-2.17,0.35,-50
1786633249431,497140,Lumbar,walk_2,0.108336,0.977464,0.287432,1.61,-2.03,0.35,-50
1786633249431,497157,Lumbar,walk_2,0.10736,0.98088,0.288408,1.4,-2.03,0.21,-50
1786633249431,497188,Lumbar,walk_2,0.1098,0.976976,0.277672,1.12,-2.31,0.49,-50
1786633249431,497205,Lumbar,walk_2,0.110288,0.975512,0.284504,1.05,-2.31,0.49,-50
1786633249431,497222,Lumbar,walk_2,0.105896,0.976488,0.288408,0.98,-2.17,0.21,-50
1786633249431,497239,Lumbar,walk_2,0.105896,0.976,0.289384,1.19,-2.03,0.14,-50
1786633249431,497256,Lumbar,walk_2,0.10492,0.975512,0.288896,1.47,-2.1,0.07,-50
1786633249717,497429,Lumbar,walk_2,0.10736,0.977952,0.285968,1.68,-2.17,0.21,-50
1786633249717,497460,Lumbar,walk_2,0.107848,0.975024,0.28548,1.61,-2.24,0.28,-50
1786633249717,497478,Lumbar,walk_2,0.108336,0.97844,0.284016,1.54,-2.24,0.21,-50
1786633249717,497496,Lumbar,walk_2,0.10736,0.977464,0.286944,1.4,-2.1,0.21,-50
1786633249717,497513,Lumbar,walk_2,0.106872,0.976,0.28548,1.61,-2.1,0.14,-50
1786633249717,497530,Lumbar,walk_2,0.10736,0.976976,0.284504,1.75,-2.1,0.14,-50
1786633249717,497561,Lumbar,walk_2,0.106384,0.976,0.28304,1.82,-2.1,0.28,-50
1786633249717,497578,Lumbar,walk_2,0.105896,0.976488,0.283528,1.75,-2.1,0.28,-50
1786633249717,497595,Lumbar,walk_2,0.10736,0.977464,0.284016,1.68,-2.03,0.21,-50
1786633249717,497612,Lumbar,walk_2,0.10736,0.977952,0.28548,1.68,-2.03,0.21,-50
1786633250091,497785,Lumbar,walk_2,0.105896,0.976,0.283528,1.54,-2.17,0.42,-50
1786633250091,497816,Lumbar,walk_2,0.106872,0.977464,0.28548,1.54,-2.17,0.56,-50
1786633250091,497833,Lumbar,walk_2,0.107848,0.977952,0.285968,1.54,-2.1,0.56,-50
1786633250091,497850,Lumbar,walk_2,0.106384,0.976976,0.287432,1.54,-2.03,0.63,-50
1786633250091,497867,Lumbar,walk_2,0.108336,0.976976,0.286944,1.54,-2.1,0.63,-50
1786633250091,497898,Lumbar,walk_2,0.106872,0.977952,0.28548,1.47,-2.1,0.49,-50
1786633250091,497915,Lumbar,walk_2,0.105408,0.977464,0.284016,1.54,-2.1,0.56,-50
1786633250091,497932,Lumbar,walk_2,0.106384,0.977464,0.283528,1.54,-2.1,0.63,-50
1786633250091,497949,Lumbar,walk_2,0.10736,0.976488,0.283528,1.54,-2.03,0.7,-50
1786633250091,497966,Lumbar,walk_2,0.107848,0.976488,0.282552,1.54,-2.03,0.63,-50
1786633250429,498140,Lumbar,walk_2,0.108336,0.975512,0.284504,1.12,-2.1,0.84,-51
1786633250429,498171,Lumbar,walk_2,0.106872,0.976,0.287432,1.19,-1.89,0.77,-51
1786633250429,498188,Lumbar,walk_2,0.105896,0.975512,0.28792,1.54,-1.89,0.7,-51
1786633250429,498205,Lumbar,walk_2,0.108336,0.976,0.285968,1.82,-1.96,0.7,-51
1786633250429,498223,Lumbar,walk_2,0.108336,0.976488,0.282552,1.82,-1.96,0.63,-51
1786633250429,498254,Lumbar,walk_2,0.106384,0.976488,0.284016,1.54,-1.89,0.63,-51
1786633250429,498272,Lumbar,walk_2,0.108336,0.977464,0.285968,1.47,-1.89,0.7,-51
1786633250429,498289,Lumbar,walk_2,0.106872,0.974536,0.286944,1.54,-1.89,0.77,-51
1786633250429,498306,Lumbar,walk_2,0.10736,0.974536,0.286944,1.68,-1.96,0.84,-51
1786633250429,498323,Lumbar,walk_2,0.108824,0.975512,0.285968,1.75,-1.96,0.84,-51
1786633250785,498497,Lumbar,walk_2,0.1098,0.976976,0.286456,1.61,-2.1,0.49,-51
1786633250785,498528,Lumbar,walk_2,0.109312,0.976976,0.284504,1.54,-2.03,0.42,-51
1786633250785,498545,Lumbar,walk_2,0.109312,0.976976,0.286456,1.47,-2.03,0.49,-51
1786633250785,498563,Lumbar,walk_2,0.108824,0.976,0.28548,1.47,-2.1,0.42,-51
1786633250785,498580,Lumbar,walk_2,0.1098,0.976,0.284504,1.54,-2.03,0.49,-51
1786633250785,498610,Lumbar,walk_2,0.108336,0.975512,0.284992,1.61,-2.03,0.42,-51
1786633250785,498627,Lumbar,walk_2,0.108824,0.976,0.284992,1.54,-2.03,0.49,-51
1786633250785,498644,Lumbar,walk_2,0.109312,0.976488,0.284992,1.54,-2.1,0.42,-51
1786633250785,498661,Lumbar,walk_2,0.108824,0.976976,0.28548,1.54,-2.1,0.42,-51
1786633250785,498679,Lumbar,walk_2,0.108336,0.976976,0.28548,1.54,-2.03,0.49,-51
1786633251141,498852,Lumbar,walk_2,0.107848,0.977464,0.283528,1.47,-2.17,0.42,-51
1786633251141,498883,Lumbar,walk_2,0.109312,0.977464,0.282064,1.4,-2.17,0.28,-51
1786633251141,498900,Lumbar,walk_2,0.1098,0.977464,0.283528,1.33,-2.24,0.21,-51
1786633251141,498917,Lumbar,walk_2,0.108824,0.976488,0.285968,1.47,-2.38,0.21,-51
1786633251141,498934,Lumbar,walk_2,0.109312,0.974536,0.286944,1.68,-2.24,0.28,-51
1786633251141,498965,Lumbar,walk_2,0.111264,0.977952,0.284504,1.47,-1.96,0.42,-51
1786633251141,498982,Lumbar,walk_2,0.109312,0.979904,0.288408,1.4,-2.1,0.28,-51
1786633251141,498999,Lumbar,walk_2,0.10736,0.97844,0.284016,1.26,-2.17,0.35,-51
1786633251141,499016,Lumbar,walk_2,0.111752,0.975024,0.281088,1.26,-2.17,0.56,-51
1786633251141,499033,Lumbar,walk_2,0.113216,0.975512,0.282064,1.33,-2.17,0.56,-51
1786633251507,499209,Lumbar,walk_2,0.109312,0.97356,0.286944,1.68,-2.1,0.35,-52
1786633251507,499240,Lumbar,walk_2,0.111752,0.978928,0.286944,1.68,-2.1,0.14,-52
1786633251507,499257,Lumbar,walk_2,0.108336,0.977464,0.28548,1.68,-2.17,0,-52
1786633251507,499274,Lumbar,walk_2,0.107848,0.977952,0.28548,1.75,-2.24,0.07,-52
1786633251507,499291,Lumbar,walk_2,0.109312,0.976976,0.28548,1.54,-2.1,0.21,-52
1786633251507,499323,Lumbar,walk_2,0.110288,0.977952,0.28548,1.4,-2.1,0.21,-52
1786633251507,499340,Lumbar,walk_2,0.108336,0.977464,0.284504,1.4,-2.1,0.07,-52
1786633251507,499357,Lumbar,walk_2,0.108824,0.976488,0.285968,1.54,-2.1,0.14,-52
1786633251507,499374,Lumbar,walk_2,0.107848,0.975512,0.286456,1.68,-2.03,0.21,-52
1786633251507,499391,Lumbar,walk_2,0.108336,0.976488,0.285968,1.68,-2.03,0.28,-52
1786633251855,499565,Lumbar,walk_2,0.101992,0.992104,0.2806,0.49,-2.59,-2.45,-52
1786633251855,499596,Lumbar,walk_2,0.10248,0.996984,0.275232,-0.42,-2.73,-3.64,-52
1786633251855,499613,Lumbar,walk_2,0.106872,0.989664,0.27816,-1.68,-1.47,-3.64,-52
1786633251855,499630,Lumbar,walk_2,0.106384,0.985272,0.284504,-1.89,-1.82,-3.99,-52
1786633251855,499647,Lumbar,walk_2,0.106384,0.973072,0.288896,-1.96,-1.68,-3.99,-52
1786633251855,499678,Lumbar,walk_2,0.103456,0.969168,0.286944,-0.35,-3.99,-5.04,-52
1786633251855,499695,Lumbar,walk_2,0.103456,0.959408,0.294264,-0.49,-3.57,-3.71,-52
1786633251855,499712,Lumbar,walk_2,0.081496,0.91988,0.316224,-0.35,-1.47,-0.56,-52
1786633251855,499729,Lumbar,walk_2,0.089304,0.95404,0.305976,0.84,-2.38,1.26,-52
1786633251855,499746,Lumbar,walk_2,0.09516,0.978928,0.29036,1.19,-3.78,0.7,-52
