pc_timestamp,arduino_ms,node_position,activity,ax,ay,az,gx,gy,gz,rssi
1787063147779,955043,Thigh,walk,-0.053192,0.965752,0.1708,43.96,-43.61,8.47,-60
1787063147779,955060,Thigh,walk,-0.061,1.000888,0.14884,45.5,-57.61,7.91,-60
1787063147779,955091,Thigh,walk,-0.002928,1.013576,0.105896,38.5,-57.19,4.9,-60
1787063147779,955108,Thigh,walk,0.060512,0.984784,0.087352,33.88,-53.9,2.94,-60
1787063147779,955125,Thigh,walk,0.11224,0.981856,0.098576,32.34,-48.3,-0.35,-60
1787063147779,955142,Thigh,walk,0.133712,0.987712,0.123952,32.48,-43.54,-2.38,-60
1787063147779,955159,Thigh,walk,0.13664,0.995032,0.14884,34.23,-36.96,-3.01,-60
1787063147779,955190,Thigh,walk,0.073688,0.983808,0.169336,34.37,-27.44,-2.52,-60
1787063147779,955207,Thigh,walk,0.020984,0.97112,0.182512,36.68,-26.39,-2.73,-60
1787063147779,955224,Thigh,walk,-0.004392,0.969656,0.180072,37.8,-30.8,-2.66,-60
1787063148219,955399,Thigh,walk,0.120536,0.996496,0.20496,24.57,-25.55,-4.83,-60
1787063148219,955430,Thigh,walk,0.07808,0.988688,0.129808,21.98,-24.71,-3.22,-60
1787063148219,955447,Thigh,walk,0.050752,0.997472,0.08784,21.21,-26.04,-2.17,-60
1787063148219,955464,Thigh,walk,0.061976,1.013576,0.076128,18.06,-27.58,-3.01,-60
1787063148219,955481,Thigh,walk,0.073688,1.021384,0.101992,13.02,-29.89,-5.11,-60
1787063148219,955512,Thigh,walk,0.137128,1.155584,0.172264,5.11,-30.73,-9.17,-60
1787063148219,955529,Thigh,walk,0.14884,1.321016,0.17568,-6.44,-28.91,-6.65,-60
1787063148219,955546,Thigh,walk,0.14396,1.370792,0.181536,-21.35,-20.79,3.29,-60
1787063148219,955563,Thigh,walk,0.115168,1.388848,0.202032,-27.93,-14.77,8.68,-60
1787063148219,955580,Thigh,walk,0.045384,1.368352,0.213256,-42.84,-6.72,14.49,-60
1787063148499,955757,Thigh,walk,0.231312,1.264408,-0.106384,-104.86,-44.66,0.49,-67
1787063148499,955788,Thigh,walk,0.323056,1.013088,0.057096,-104.02,16.59,17.99,-67
1787063148499,955805,Thigh,walk,0.14396,0.896456,0.176168,-102.34,30.1,11.27,-67
1787063148499,955822,Thigh,walk,-0.020496,0.840336,0.230824,-90.72,37.31,2.24,-67
1787063148499,955839,Thigh,walk,-0.107848,0.820328,0.25864,-87.08,38.15,-5.95,-67
1787063148499,955870,Thigh,walk,-0.188368,0.613904,0.318176,-69.02,42.21,-11.55,-67
1787063148499,955887,Thigh,walk,-0.181536,0.579256,0.242048,-50.75,42.49,-8.89,-67
1787063148499,955904,Thigh,walk,-0.199592,0.59048,0.235704,-42.63,41.58,-7.49,-67
1787063148499,955921,Thigh,walk,-0.199104,0.639768,0.286944,-28.21,38.99,-8.33,-67
1787063148499,955938,Thigh,walk,-0.203496,0.688568,0.329888,-15.96,27.93,-11.48,-67
1787063149027,956117,Thigh,walk,-0.154696,1.098,0.719312,43.54,-25.9,-7.84,-67
1787063149027,956147,Thigh,walk,-0.101016,1.047736,0.8662,11.76,-17.15,-0.07,-67
1787063149027,956164,Thigh,walk,-0.125416,0.927688,0.8418,9.73,-10.36,2.45,-67
1787063149027,956181,Thigh,walk,-0.156648,0.891088,0.740296,15.82,-7.14,5.25,-67
1787063149027,956198,Thigh,walk,-0.222528,0.897432,0.684176,14.42,-6.16,4.41,-67
1787063149027,956229,Thigh,walk,-0.163968,0.891576,0.487024,-0.07,8.19,5.04,-67
1787063149027,956246,Thigh,walk,-0.133712,0.865224,0.415776,-5.32,18.27,10.29,-67
1787063149027,956263,Thigh,walk,-0.102968,0.745664,0.357216,-5.67,20.16,13.16,-67
1787063149027,956280,Thigh,walk,-0.061976,0.79056,0.340624,16.66,23.8,9.8,-67
1787063149027,956297,Thigh,walk,-0.133712,1.11508,0.378688,56.28,18.97,1.4,-67
1787063149216,956472,Thigh,walk,0.438224,1.419592,0.030256,58.94,-50.12,9.17,-61
1787063149216,956503,Thigh,walk,0.25864,0.950136,0.119072,39.55,-5.88,6.72,-61
1787063149216,956520,Thigh,walk,0.162504,0.989664,0.114192,35.84,12.67,7,-61
1787063149216,956537,Thigh,walk,-0.023424,0.97844,0.172752,26.81,13.58,8.19,-61
1787063149216,956554,Thigh,walk,-0.150792,0.894992,0.244,31.78,-9.45,9.52,-61
1787063149216,956585,Thigh,walk,-0.222528,0.986248,0.191784,47.32,-69.23,10.43,-61
1787063149216,956602,Thigh,walk,-0.184464,0.974536,0.115168,46.69,-98.91,10.43,-61
1787063149216,956619,Thigh,walk,-0.076616,0.933544,0.053192,46.83,-112.77,8.19,-61
1787063149216,956636,Thigh,walk,0.053192,0.959896,0.028304,45.22,-114.66,3.43,-61
1787063149216,956653,Thigh,walk,0.124928,0.98576,0.038064,43.47,-110.6,-1.68,-61
1787063149639,956831,Thigh,walk,-0.005368,0.99552,0.142496,42.35,-84.63,-7.42,-61
1787063149639,956861,Thigh,walk,0.10492,0.997472,0.12688,31.36,-68.39,-9.73,-61
1787063149639,956879,Thigh,walk,0.154696,0.969168,0.138592,30.66,-62.58,-9.24,-61
1787063149639,956896,Thigh,walk,0.16836,0.972584,0.145424,30.66,-50.89,-8.12,-61
1787063149639,956913,Thigh,walk,0.152256,0.95648,0.136152,29.82,-41.86,-5.39,-61
1787063149639,956944,Thigh,walk,0.077104,1.023824,0.091744,27.65,-36.96,-3.08,-61
1787063149639,956961,Thigh,walk,0.042944,1.003328,0.098576,29.05,-38.64,-3.29,-61
1787063149639,956978,Thigh,walk,0.04148,1.03212,0.094672,26.95,-42.91,-6.65,-61
1787063149639,956995,Thigh,walk,0.084424,0.820816,0.118584,16.8,-48.58,-8.54,-61
1787063149639,957012,Thigh,walk,0.03904,0.99796,0.145424,50.75,-43.82,-10.78,-61
1787063149936,957189,Thigh,walk,-0.679296,1.04432,0.08052,-136.43,-44.24,-45.57,-67
1787063149936,957219,Thigh,walk,-0.499224,1.334192,-0.105896,-151.76,-141.54,-50.4,-67
1787063149936,957236,Thigh,walk,-0.098576,1.423984,-0.165432,-114.31,-165.9,-32.27,-67
1787063149936,957254,Thigh,walk,0.310368,1.35908,-0.177144,-95.2,-114.1,-15.75,-67
1787063149936,957270,Thigh,walk,0.393816,1.144848,-0.061976,-97.09,-62.3,-3.5,-67
1787063149936,957301,Thigh,walk,0.307928,1.050176,0.113704,-105.7,8.89,6.86,-67
1787063149936,957318,Thigh,walk,0.145912,0.956968,0.105408,-108.15,38.43,3.08,-67
1787063149936,957335,Thigh,walk,0.028792,0.91744,0.140544,-106.75,48.65,-7.84,-67
1787063149936,957352,Thigh,walk,-0.159576,0.818376,0.162992,-105.21,53.2,-12.46,-67
1787063149936,957369,Thigh,walk,-0.234728,0.708576,0.179584,-93.66,53.97,-16.03,-67
1787063150459,957549,Thigh,walk,-0.045384,0.615368,0.3904,54.53,-29.75,-5.18,-67
1787063150459,957581,Thigh,walk,-0.081008,0.789584,0.528992,67.97,-3.64,-19.74,-67
1787063150459,957598,Thigh,walk,-0.14396,0.945256,0.632936,73.5,2.03,-20.72,-67
1787063150459,957615,Thigh,walk,-0.201056,1.097024,0.774944,68.88,4.55,-15.33,-67
1787063150459,957632,Thigh,walk,-0.234728,1.186328,0.915488,47.53,0.7,-5.53,-67
1787063150459,957649,Thigh,walk,-0.26108,1.109224,0.837408,19.6,1.05,-2.38,-67
1787063150459,957680,Thigh,walk,-0.258152,0.898896,0.5856,6.44,20.37,2.38,-67
1787063150459,957697,Thigh,walk,-0.261568,0.883768,0.384056,-0.14,36.61,11.13,-67
1787063150459,957714,Thigh,walk,-0.264008,0.900848,0.247416,15.4,34.09,8.33,-67
1787063150459,957731,Thigh,walk,-0.280112,1.164856,0.199104,41.3,22.19,-4.06,-67
1787063150653,957908,Thigh,walk,0.11956,1.22732,0.152256,36.68,-14.49,13.51,-68
1787063150653,957939,Thigh,walk,0.109312,0.959896,0.143472,35,-7.07,8.96,-68
1787063150653,957955,Thigh,walk,0.040504,0.976488,0.069784,33.04,11.06,6.02,-68
1787063150653,957972,Thigh,walk,-0.044896,0.95648,0.074664,29.96,10.43,9.52,-68
1787063150653,957989,Thigh,walk,-0.105896,0.947208,0.128344,32.34,-8.12,11.55,-68
1787063150653,958020,Thigh,walk,-0.123464,1.01016,0.142008,36.47,-43.33,9.59,-68
1787063150653,958037,Thigh,walk,-0.117608,0.97844,0.112728,36.12,-60.9,8.75,-68
1787063150653,958055,Thigh,walk,-0.10736,0.964288,0.082472,38.85,-72.38,8.4,-68
1787063150653,958072,Thigh,walk,-0.042456,0.975512,0.07076,38.36,-75.32,5.74,-68
1787063150653,958089,Thigh,walk,0.05612,0.992592,0.067344,33.95,-77.21,3.71,-68
1787063151012,958265,Thigh,walk,0.008784,0.977464,0.142496,31.29,-53.2,-6.58,-68
1787063151012,958297,Thigh,walk,0.068808,0.964288,0.155184,30.03,-46.48,-6.93,-68
1787063151012,958313,Thigh,walk,0.09028,0.959408,0.162992,31.85,-41.93,-6.09,-68
1787063151012,958330,Thigh,walk,0.097112,0.974048,0.150792,33.88,-38.85,-5.88,-68
1787063151012,958346,Thigh,walk,0.096624,0.984784,0.147864,33.81,-37.59,-6.44,-68
1787063151012,958377,Thigh,walk,0.081496,0.995032,0.17324,27.72,-32.83,-6.02,-68
1787063151012,958394,Thigh,walk,0.067832,0.998448,0.167872,26.32,-32.06,-3.85,-68
1787063151012,958411,Thigh,walk,0.040016,1.021872,0.145424,22.47,-31.15,-2.87,-68
1787063151012,958428,Thigh,walk,0.021472,1.022848,0.137128,16.73,-30.59,-1.89,-68
1787063151012,958445,Thigh,walk,0.018544,1.006744,0.137128,13.23,-33.74,-2.38,-68
1787063151377,958624,Thigh,walk,0.087352,1.299544,0.306952,-63.49,17.71,16.8,-68
1787063151377,958655,Thigh,walk,-0.42212,1.074088,0.240096,-90.02,40.46,8.05,-68
1787063151377,958672,Thigh,walk,-0.635864,0.985272,0.212768,-111.72,22.96,-21.07,-68
1787063151377,958689,Thigh,walk,-0.640744,0.964776,0.03904,-130.83,-29.26,-39.41,-68
1787063151377,958706,Thigh,walk,-0.457744,0.972096,-0.011712,-129.01,-55.72,-39.69,-68
1787063151377,958736,Thigh,walk,0.020984,1.175592,-0.003416,-90.65,-85.47,-3.43,-68
1787063151377,958753,Thigh,walk,0.560224,1.311256,-0.027816,-79.1,-53.27,5.6,-68
1787063151377,958770,Thigh,walk,0.66856,1.41764,-0.042944,-87.71,33.67,11.83,-68
1787063151377,958787,Thigh,walk,0.295728,1.094584,0.051728,-100.59,82.95,23.03,-68
1787063151377,958804,Thigh,walk,-0.110776,0.938912,0.091256,-92.68,93.66,27.23,-68
1787063151734,958984,Thigh,walk,-0.115656,0.691496,0.321592,-17.01,14.14,14.14,-68
1787063151734,959016,Thigh,walk,-0.070272,0.633424,0.346968,3.36,8.61,12.04,-68
1787063151734,959033,Thigh,walk,-0.03904,0.629032,0.367464,19.95,8.4,8.47,-68
1787063151734,959050,Thigh,walk,-0.058072,0.655384,0.390888,35.21,10.29,3.85,-68
1787063151734,959067,Thigh,walk,-0.083936,0.67588,0.398208,42.35,10.78,-0.21,-68
1787063151734,959098,Thigh,walk,-0.2074,0.825208,0.510936,63.49,3.64,-1.54,-68
1787063151734,959114,Thigh,walk,-0.238632,0.874008,0.618296,58.24,-4.2,0.49,-68
1787063151734,959131,Thigh,walk,-0.239608,0.964776,0.677344,52.29,-4.34,1.96,-68
1787063151734,959148,Thigh,walk,-0.193736,1.035048,0.752008,36.75,5.67,5.74,-68
1787063151734,959165,Thigh,walk,-0.1464,1.030168,0.740784,23.87,11.97,7.42,-68
1787063152094,959341,Thigh,walk,0.000488,1.206336,0.387472,-0.63,70.91,11.69,-70
1787063152094,959372,Thigh,walk,-0.41968,0.413336,-0.155184,32.13,1.68,24.01,-70
1787063152094,959389,Thigh,walk,-0.447496,0.4148,-0.189832,72.24,-55.65,18.34,-70
1787063152094,959407,Thigh,walk,-0.329888,0.721264,-0.133712,75.46,-67.62,6.23,-70
1787063152094,959424,Thigh,walk,-0.0366,1.063352,0.081008,65.8,-54.6,3.5,-70
1787063152094,959455,Thigh,walk,0.141032,1.184376,0.144936,22.54,-30.66,14.14,-70
1787063152094,959472,Thigh,walk,0.166408,1.010648,0.167384,36.26,-27.23,12.67,-70
1787063152094,959489,Thigh,walk,0.188368,0.958432,0.156648,37.87,-7.21,4.34,-70
1787063152094,959505,Thigh,walk,0.193736,0.9882,0.106872,36.68,21.7,3.29,-70
1787063152094,959522,Thigh,walk,0.174704,1.0248,0.076616,30.94,36.54,7.56,-70
1787063152449,959700,Thigh,walk,0.09516,0.975512,0.133224,29.75,-56.21,-1.61,-70
1787063152449,959731,Thigh,walk,0.038064,0.970144,0.172264,36.19,-37.52,0.84,-70
1787063152449,959748,Thigh,walk,0.026352,0.976,0.16592,38.22,-34.44,0.63,-70
1787063152449,959765,Thigh,walk,-0.005856,0.983808,0.142984,39.97,-35,-0.35,-70
1787063152449,959782,Thigh,walk,-0.04392,0.971608,0.138104,40.53,-37.59,-2.8,-70
1787063152449,959813,Thigh,walk,-0.050264,0.9638,0.14884,43.61,-41.23,-4.62,-70
1787063152449,959830,Thigh,walk,-0.015616,0.987224,0.13664,41.93,-39.48,-5.6,-70
1787063152449,959847,Thigh,walk,0.022936,0.992592,0.142984,38.08,-38.01,-6.09,-70
1787063152449,959864,Thigh,walk,0.049776,0.993568,0.162016,34.86,-34.58,-6.23,-70
1787063152449,959881,Thigh,walk,0.055632,0.997472,0.174216,33.74,-30.24,-5.74,-70
1787063152811,960056,Thigh,walk,0.131272,1.074088,0.169824,9.31,-40.25,-16.03,-70
1787063152811,960087,Thigh,walk,0.235704,1.259528,0.24156,0.7,-22.96,-17.43,-70
1787063152811,960104,Thigh,walk,0.282552,1.387872,0.281576,-14.49,-14,-13.58,-70
1787063152811,960121,Thigh,walk,0.304024,1.44448,0.332816,-32.2,2.38,-1.26,-70
1787063152811,960138,Thigh,walk,0.210816,1.387872,0.316712,-54.88,27.79,14,-70
1787063152811,960169,Thigh,walk,-0.247416,1.016504,0.37088,-80.08,42.56,17.5,-70
1787063152811,960186,Thigh,walk,-0.549976,0.936472,0.277184,-95.69,47.67,-8.12,-70
1787063152811,960203,Thigh,walk,-0.626104,0.945256,0.225456,-125.58,28,-35.91,-70
1787063152811,960220,Thigh,walk,-0.5978,1.020896,0.059536,-142.17,-0.98,-42.21,-70
1787063152811,960237,Thigh,walk,-0.335744,1.05164,-0.022936,-146.37,-77.21,-32.48,-70
1787063153173,960414,Thigh,walk,-0.18788,0.818376,0.242048,-71.96,84.21,11.41,-73
1787063153173,960446,Thigh,walk,-0.318664,0.794464,0.350872,-74.83,59.64,12.25,-73
1787063153173,960463,Thigh,walk,-0.405528,0.83692,0.263032,-49.7,45.5,14.14,-73
1787063153173,960480,Thigh,walk,-0.328912,0.935496,0.209352,-56.35,19.25,19.95,-73
1787063153173,960497,Thigh,walk,-0.164456,0.83448,0.337208,-52.22,-2.59,20.23,-73
1787063153173,960528,Thigh,walk,0.208376,0.777872,0.4148,-36.75,22.96,16.73,-73
1787063153173,960545,Thigh,walk,0.169336,0.781776,0.47336,-35.91,54.6,11.06,-73
1787063153173,960562,Thigh,walk,0.071248,0.733952,0.396744,-37.38,73.29,4.34,-73
1787063153173,960579,Thigh,walk,-0.139568,0.59048,0.304024,-21.21,69.3,2.52,-73
1787063153173,960596,Thigh,walk,-0.232776,0.559248,0.299144,-1.12,51.45,4.62,-73
1787063153526,960773,Thigh,walk,-0.274744,0.944768,0.7686,7.98,15.75,12.67,-73
1787063153526,960804,Thigh,walk,-0.275232,1.310768,0.713944,14.77,29.33,11.9,-73
1787063153526,960821,Thigh,walk,-0.254248,1.924672,0.379176,40.6,15.89,5.6,-73
1787063153526,960838,Thigh,walk,-0.00976,1.227808,0.345504,-24.36,-12.6,5.46,-73
1787063153526,960855,Thigh,walk,0.134688,0.665144,0.37088,-28.28,-19.11,10.85,-73
1787063153526,960886,Thigh,walk,0.083936,0.43432,-0.337696,99.54,19.32,20.23,-73
1787063153526,960903,Thigh,walk,0.011224,0.798856,-0.400648,119.28,0.91,25.62,-73
1787063153526,960920,Thigh,walk,-0.02684,1.360056,-0.110776,111.51,-10.08,23.31,-73
1787063153526,960937,Thigh,walk,0.031232,1.4152,0.242536,63.91,-14.98,15.47,-73
1787063153526,960954,Thigh,walk,0.05856,0.977464,0.295728,41.23,6.86,12.46,-73
1787063153890,961131,Thigh,walk,0.054656,1.007232,0.10248,31.85,-48.23,0.7,-73
1787063153890,961162,Thigh,walk,0.135664,1.013088,0.1464,29.19,-41.86,-1.26,-73
1787063153890,961179,Thigh,walk,0.112728,1.02724,0.154208,26.18,-37.59,-0.07,-73
1787063153890,961196,Thigh,walk,0.101016,1.005768,0.174704,23.87,-33.88,2.1,-73
1787063153890,961213,Thigh,walk,0.074664,0.968192,0.191784,26.25,-33.53,2.66,-73
1787063153890,961244,Thigh,walk,0.013664,0.967704,0.120048,34.37,-40.18,0.84,-73
1787063153890,961261,Thigh,walk,-0.010248,0.957456,0.084912,35.63,-41.58,-0.35,-73
1787063153890,961278,Thigh,walk,-0.013176,0.970632,0.074176,37.17,-41.86,-3.01,-73
1787063153890,961295,Thigh,walk,0.000976,0.999912,0.075152,35.28,-38.5,-5.18,-73
1787063153890,961312,Thigh,walk,0.02684,0.99552,0.090768,30.87,-33.74,-6.86,-73
1787063154247,961489,Thigh,walk,-0.02196,1.016504,0.081496,16.24,-20.86,-17.92,-73
1787063154247,961520,Thigh,walk,0.074176,1.132648,0.201544,11.13,-26.11,-22.89,-73
1787063154247,961537,Thigh,walk,0.12932,1.21024,0.193248,0.28,-28.91,-21.35,-73
1787063154247,961554,Thigh,walk,0.208376,1.311256,0.148352,-7.28,-26.95,-16.59,-73
1787063154247,961571,Thigh,walk,0.179096,1.325896,0.127856,-22.12,-10.22,-4.62,-73
1787063154247,961602,Thigh,walk,-0.101992,1.27612,0.113704,-43.75,11.9,7.42,-73
1787063154247,961619,Thigh,walk,-0.371856,1.083848,0.252784,-61.25,14.21,6.16,-73
1787063154247,961636,Thigh,walk,-0.510448,0.950624,0.28548,-74.27,4.97,-6.09,-73
1787063154247,961653,Thigh,walk,-0.544608,1.0004,0.207888,-92.68,-17.08,-25.06,-73
1787063154247,961670,Thigh,walk,-0.504592,1.05652,0.165432,-108.29,-47.04,-32.76,-73
1787063154619,961849,Thigh,walk,-0.252784,0.819352,0.225456,-85.54,62.79,15.26,-70
1787063154619,961881,Thigh,walk,-0.227408,0.821792,0.21228,-65.8,50.4,15.47,-70
1787063154619,961898,Thigh,walk,-0.181048,0.842776,0.245952,-65.31,37.1,12.18,-70
1787063154619,961915,Thigh,walk,-0.16104,0.815936,0.254736,-63.56,28.56,7.91,-70
1787063154619,961932,Thigh,walk,-0.137128,0.740296,0.2684,-54.39,24.85,5.88,-70
1787063154619,961963,Thigh,walk,-0.154208,0.664168,0.29036,-17.36,8.89,1.26,-70
1787063154619,961980,Thigh,walk,-0.178608,0.677344,0.299632,-9.66,4.2,1.61,-70
1787063154619,961997,Thigh,walk,-0.162504,0.708576,0.312808,0,-1.54,2.66,-70
1787063154619,962014,Thigh,walk,-0.10736,0.698816,0.324032,6.23,0.84,1.61,-70
1787063154619,962031,Thigh,walk,-0.077104,0.653432,0.338672,15.96,7,0,-70
1787063154964,962206,Thigh,walk,-0.142008,1.023336,0.795928,15.61,-6.65,5.81,-70
1787063154964,962236,Thigh,walk,-0.103456,0.923784,0.587552,13.37,10.01,8.82,-70
1787063154964,962253,Thigh,walk,-0.078568,0.936472,0.427976,14.28,28.77,9.8,-70
1787063154964,962271,Thigh,walk,-0.030744,1.092144,0.316224,19.04,44.94,6.3,-70
1787063154964,962287,Thigh,walk,-0.099064,1.272704,0.274256,29.68,47.39,-0.77,-70
1787063154964,962318,Thigh,walk,-0.147864,1.152168,0.399184,20.09,24.01,3.78,-70
1787063154964,962335,Thigh,walk,-0.110776,1.16876,0.466528,23.87,39.06,5.32,-70
1787063154964,962352,Thigh,walk,-0.117608,1.15412,0.374784,1.96,70.63,2.94,-70
1787063154964,962369,Thigh,walk,-0.221064,1.061888,0.285968,-7.21,71.96,6.44,-70
1787063154964,962386,Thigh,walk,-0.375272,0.696864,0.134688,-5.95,25.9,14,-70
1787063155320,962564,Thigh,walk,0.06588,1.086288,0.049776,36.12,25.06,8.68,-70
1787063155320,962595,Thigh,walk,-0.070272,0.975512,0.15128,25.13,-4.97,10.57,-70
1787063155320,962612,Thigh,walk,-0.191296,0.898896,0.196664,34.44,-31.08,9.87,-70
1787063155320,962628,Thigh,walk,-0.226432,0.947696,0.182512,46.13,-58.24,7.84,-70
1787063155320,962645,Thigh,walk,-0.201544,1.004792,0.123464,44.52,-76.37,6.65,-70
1787063155320,962676,Thigh,walk,0.018544,1.00284,0.062464,24.85,-76.09,3.71,-70
1787063155320,962693,Thigh,walk,0.06832,0.968192,0.064416,20.86,-69.51,-0.14,-70
1787063155320,962710,Thigh,walk,0.130784,0.964288,0.081984,20.79,-64.47,-3.43,-70
1787063155320,962727,Thigh,walk,0.144936,0.972584,0.122976,24.15,-62.23,-4.13,-70
1787063155320,962744,Thigh,walk,0.123952,0.989664,0.149816,27.44,-56.77,-3.71,-70
1787063155684,962921,Thigh,walk,0.04392,0.987712,0.133712,40.25,-42.14,-9.24,-69
1787063155684,962952,Thigh,walk,0.090768,1.020896,0.184464,34.37,-35.07,-9.87,-69
1787063155684,962969,Thigh,walk,0.081984,1.042368,0.149816,26.95,-34.3,-7.91,-69
1787063155684,962986,Thigh,walk,0.071248,1.022848,0.122976,22.05,-35.77,-6.3,-69
1787063155684,963003,Thigh,walk,0.064904,1.01504,0.114192,20.44,-37.45,-7.14,-69
1787063155684,963034,Thigh,walk,0.096624,1.034072,0.11712,11.9,-44.66,-11.41,-69
1787063155684,963051,Thigh,walk,0.12444,1.09068,0.127856,10.36,-44.8,-14.07,-69
1787063155684,963068,Thigh,walk,0.174704,1.263432,0.128832,2.59,-43.89,-13.79,-69
1787063155684,963085,Thigh,walk,0.201544,1.411784,0.133712,-11.48,-38.08,-7.49,-69
1787063155684,963102,Thigh,walk,0.146888,1.4518,0.135664,-26.6,-24.15,5.18,-69
1787063156096,963333,Thigh,walk,0.073688,1.01504,0.162504,-98.07,13.86,18.69,-69
1787063156096,963364,Thigh,walk,-0.061976,0.972096,0.20252,-94.78,36.75,4.83,-69
1787063156096,963380,Thigh,walk,-0.177144,0.88572,0.183976,-91.77,39.69,0.07,-69
1787063156096,963397,Thigh,walk,-0.257176,0.822768,0.177632,-86.45,41.16,-4.97,-69
1787063156096,963414,Thigh,walk,-0.296704,0.782264,0.212768,-80.99,30.24,-7,-69
1787063156096,963445,Thigh,walk,-0.236192,0.711992,0.249368,-64.75,11.55,-11.27,-69
1787063156096,963462,Thigh,walk,-0.154696,0.705648,0.305488,-49.84,8.75,-13.3,-69
1787063156096,963479,Thigh,walk,-0.086376,0.6954,0.357216,-36.4,6.37,-14.91,-69
1787063156096,963496,Thigh,walk,-0.0732,0.687592,0.37088,-27.86,-1.05,-13.86,-69
1787063156096,963513,Thigh,walk,-0.10004,0.690032,0.366,-10.64,-7.21,-12.67,-69
1787063156449,963691,Thigh,walk,-0.0732,1.19072,0.88572,40.11,-36.75,-1.12,-69
1787063156449,963722,Thigh,walk,-0.210816,1.065792,0.808616,7,-11.13,3.99,-69
1787063156449,963739,Thigh,walk,-0.247904,0.914512,0.633424,-2.66,-3.29,7,-69
1787063156449,963756,Thigh,walk,-0.1708,0.830576,0.526552,-4.55,9.59,1.33,-69
1787063156449,963772,Thigh,walk,-0.145912,0.713456,0.426024,-0.28,23.87,-3.15,-69
1787063156449,963803,Thigh,walk,-0.135664,0.982344,0.42212,35.91,29.68,-12.46,-69
1787063156449,963820,Thigh,walk,-0.273768,1.353224,0.488,59.36,15.26,-9.38,-69
1787063156449,963837,Thigh,walk,-0.27084,1.430816,0.50264,48.65,-26.18,11.2,-69
1787063156449,963854,Thigh,walk,0.046848,1.370304,0.532896,35.42,-35.42,16.94,-69
1787063156449,963871,Thigh,walk,0.118096,1.12484,0.452864,19.32,-11.34,11.2,-69
1787063156809,964047,Thigh,walk,0.110776,1.090192,0.0244,28.91,-4.83,7.28,-65
1787063156809,964078,Thigh,walk,-0.085888,0.920368,0.16836,28.35,-28.49,12.04,-65
1787063156809,964095,Thigh,walk,-0.136152,0.949648,0.164456,38.5,-54.81,12.11,-65
1787063156809,964112,Thigh,walk,-0.155672,0.97356,0.144448,42.21,-77.14,12.53,-65
1787063156809,964128,Thigh,walk,-0.154208,1.001864,0.0854,40.18,-87.57,11.9,-65
1787063156809,964159,Thigh,walk,-0.023424,0.968192,0.011712,31.64,-105.91,3.92,-65
1787063156809,964176,Thigh,walk,0.089792,0.964288,0.023424,31.36,-105.28,1.82,-65
1787063156809,964193,Thigh,walk,0.166408,0.972584,0.063928,32.55,-100.66,-1.82,-65
1787063156809,964210,Thigh,walk,0.193248,0.979904,0.096624,34.93,-93.31,-4.34,-65
1787063156809,964227,Thigh,walk,0.194224,0.988688,0.127368,37.73,-83.09,-5.25,-65
1787063157168,964405,Thigh,walk,0.122,0.998448,0.163968,22.33,-53.41,-7.21,-65
1787063157168,964436,Thigh,walk,0.09516,0.947208,0.132248,21.42,-42.98,-6.23,-65
1787063157168,964453,Thigh,walk,0.077592,0.936472,0.120048,27.09,-41.65,-6.09,-65
1787063157168,964470,Thigh,walk,0.057584,0.95404,0.101016,28.84,-41.3,-6.3,-65
1787063157168,964487,Thigh,walk,0.049288,0.992104,0.093208,30.03,-40.11,-6.65,-65
1787063157168,964517,Thigh,walk,0.035136,0.999912,0.104432,24.08,-43.68,-8.05,-65
1787063157168,964534,Thigh,walk,0.033184,0.992104,0.108824,21.21,-47.95,-9.52,-65
1787063157168,964551,Thigh,walk,0.02928,1.035048,0.128832,16.59,-50.05,-12.25,-65
1787063157168,964568,Thigh,walk,0.057096,1.10532,0.185928,10.36,-50.89,-13.58,-65
1787063157168,964586,Thigh,walk,0.105896,1.181448,0.206424,3.22,-51.73,-13.65,-65
1787063157528,964763,Thigh,walk,-0.394792,1.283928,-0.051728,-135.52,-123.41,-35.63,-65
1787063157528,964795,Thigh,walk,0.210328,1.302472,-0.181536,-96.53,-90.16,-9.59,-65
1787063157528,964812,Thigh,walk,0.26352,1.175592,-0.155672,-95.76,-46.48,0.63,-65
1787063157528,964829,Thigh,walk,0.328912,1.053592,-0.024888,-95.62,-26.53,3.64,-65
1787063157528,964846,Thigh,walk,0.287432,1.037976,0.131272,-100.1,11.69,2.38,-65
1787063157528,964877,Thigh,walk,-0.062464,0.894016,0.237168,-102.34,27.86,-9.31,-65
1787063157528,964893,Thigh,walk,-0.252296,0.798368,0.238144,-95.69,31.85,-14.77,-65
1787063157528,964910,Thigh,walk,-0.339648,0.75884,0.19032,-83.02,33.25,-13.86,-65
1787063157528,964927,Thigh,walk,-0.30256,0.750056,0.19032,-74.27,21.56,-14.42,-65
1787063157528,964944,Thigh,walk,-0.266448,0.74664,0.195688,-64.19,15.05,-17.71,-65
1787063157888,965124,Thigh,walk,-0.034648,0.686616,0.525088,52.29,0,-13.16,-65
1787063157888,965155,Thigh,walk,-0.22936,0.834968,0.899384,61.46,-8.96,-14.98,-65
1787063157888,965172,Thigh,walk,-0.262544,0.897432,1.108736,71.12,-19.25,-12.32,-65
1787063157888,965189,Thigh,walk,-0.313784,1.062864,0.937936,65.24,-21.28,-7.77,-65
1787063157888,965206,Thigh,walk,-0.237168,1.078968,0.682712,32.9,-9.73,4.13,-65
1787063157888,965237,Thigh,walk,-0.123952,0.875472,0.436272,2.24,39.83,10.29,-65
1787063157888,965254,Thigh,walk,-0.150792,1.152656,0.38796,18.55,59.92,0.21,-65
1787063157888,965270,Thigh,walk,-0.39528,1.775832,0.377224,43.33,37.73,-19.18,-65
1787063157888,965287,Thigh,walk,-0.477752,1.544032,0.57096,-6.16,7.14,-7.91,-65
1787063157888,965304,Thigh,walk,-0.349896,1.233176,0.614392,-10.71,-6.51,11.83,-65
1787063158263,965483,Thigh,walk,0.098576,0.975512,0.112728,51.59,24.78,5.18,-64
1787063158263,965514,Thigh,walk,-0.071248,0.992104,0.110288,34.65,12.6,9.66,-64
1787063158263,965531,Thigh,walk,-0.123952,0.95404,0.1464,34.51,-13.86,11.27,-64
1787063158263,965548,Thigh,walk,-0.186416,0.92476,0.197152,43.19,-28.56,10.99,-64
1787063158263,965565,Thigh,walk,-0.218624,0.981368,0.189344,50.54,-52.99,11.06,-64
1787063158263,965596,Thigh,walk,-0.149816,0.995032,0.098088,47.25,-80.92,12.32,-64
1787063158263,965612,Thigh,walk,-0.017568,0.996496,0.044408,39.76,-87.22,9.52,-64
1787063158263,965629,Thigh,walk,0.11468,1.004792,0.045384,33.6,-82.46,3.36,-64
1787063158263,965646,Thigh,walk,0.159088,1.004792,0.079544,28.84,-71.19,-1.4,-64
1787063158263,965676,Thigh,walk,0.20008,0.989664,0.144448,28,-46.27,-2.52,-64
1787063158621,965854,Thigh,walk,0.022936,0.999912,0.140056,39.55,-31.29,-6.65,-67
1787063158621,965885,Thigh,walk,0.008784,0.984784,0.17324,38.5,-32.9,-4.55,-67
1787063158621,965902,Thigh,walk,0.0244,0.999424,0.152744,38.29,-34.3,-3.85,-67
1787063158621,965919,Thigh,walk,0.038552,1.012112,0.142984,36.75,-36.33,-4.76,-67
1787063158621,965936,Thigh,walk,0.072712,1.021384,0.139568,32.83,-36.89,-5.04,-67
1787063158621,965967,Thigh,walk,0.086376,1.037,0.096624,20.09,-33.53,-3.64,-67
1787063158621,965984,Thigh,walk,0.060024,1.046272,0.077592,16.8,-31.43,-3.85,-67
1787063158621,966001,Thigh,walk,0.03904,1.053104,0.098576,10.71,-30.59,-4.55,-67
1787063158621,966018,Thigh,walk,0.062952,1.10532,0.142984,7.21,-34.44,-5.95,-67
1787063158621,966035,Thigh,walk,0.113216,1.267336,0.128832,0.84,-36.19,-6.72,-67
1787063158980,966211,Thigh,walk,-0.428464,1.078968,0.086864,-123.69,-40.11,-28.77,-67
1787063158980,966243,Thigh,walk,-0.102968,1.440576,-0.03416,-106.61,-95.55,-19.95,-67
1787063158980,966260,Thigh,walk,0.023912,1.506944,-0.078568,-103.81,-66.5,-6.44,-67
1787063158980,966277,Thigh,walk,0.22204,1.280024,-0.077104,-106.12,-39.97,-0.14,-67
1787063158980,966294,Thigh,walk,0.276696,1.09312,0.028792,-98.42,-2.73,7.07,-67
1787063158980,966325,Thigh,walk,0.050264,1.064328,0.18544,-96.32,30.31,9.52,-67
1787063158980,966342,Thigh,walk,-0.11712,1.036512,0.122,-94.99,49.63,5.53,-67
1787063158980,966359,Thigh,walk,-0.233752,0.95404,0.128832,-98.49,49.21,-4.55,-67
1787063158980,966376,Thigh,walk,-0.249856,0.808128,0.189344,-94.36,44.31,-9.24,-67
1787063158980,966393,Thigh,walk,-0.227408,0.74176,0.21228,-82.04,35.14,-8.05,-67
1787063159341,966572,Thigh,walk,-0.054168,0.672464,0.321104,39.97,-7.7,0.42,-67
1787063159341,966603,Thigh,walk,-0.084424,0.757376,0.428464,66.64,-5.6,-0.63,-67
1787063159341,966620,Thigh,walk,-0.088816,0.828136,0.528504,71.75,-6.02,2.73,-67
1787063159341,966637,Thigh,walk,-0.103944,1.002352,0.574864,68.46,-5.53,5.95,-67
1787063159341,966654,Thigh,walk,-0.072712,1.131672,0.680272,49.98,-0.56,11.97,-67
1787063159341,966685,Thigh,walk,-0.084912,1.053592,0.782752,17.43,9.59,20.44,-67
1787063159341,966702,Thigh,walk,-0.147864,1.001864,0.792024,7.91,17.71,20.16,-67
1787063159341,966719,Thigh,walk,-0.194712,0.999424,0.67344,0.07,27.37,15.54,-67
1787063159341,966736,Thigh,walk,-0.227408,0.934032,0.549,-9.03,38.29,11.83,-67
1787063159341,966753,Thigh,walk,-0.240584,0.911584,0.50508,-14.84,42.56,7.42,-67
1787063159711,966928,Thigh,walk,-0.301584,1.0492,0.4392,-18.41,18.34,-1.33,-67
1787063159711,966959,Thigh,walk,-0.414312,0.31232,0.079056,19.46,-34.86,10.99,-67
1787063159711,966976,Thigh,walk,-0.233264,0.257664,-0.196664,73.5,-80.99,18.76,-67
1787063159711,966993,Thigh,walk,0.16348,0.740784,-0.151768,95.06,-70.77,14.14,-67
1787063159711,967010,Thigh,walk,0.427976,1.31516,-0.016592,82.95,-32.76,8.61,-67
1787063159711,967040,Thigh,walk,0.360632,1.204872,0.014152,34.44,-18.9,9.38,-67
1787063159711,967057,Thigh,walk,0.200568,1.036024,0.064904,29.89,11.13,5.53,-67
1787063159711,967074,Thigh,walk,0.080032,1.05652,0.042944,30.31,27.51,7.28,-67
1787063159711,967091,Thigh,walk,-0.132736,1.052128,0.072712,17.99,23.59,9.38,-67
1787063159711,967122,Thigh,walk,-0.19276,0.857904,0.208376,32.34,-42.28,14.07,-67
1787063160073,967300,Thigh,walk,0.199104,0.982832,0.1952,32.06,-74.69,-8.26,-67
1787063160073,967331,Thigh,walk,0.020496,0.961848,0.219112,34.44,-72.1,-10.36,-67
1787063160073,967348,Thigh,walk,-0.011712,0.959408,0.222528,35.63,-79.24,-10.64,-67
1787063160073,967365,Thigh,walk,-0.0488,0.95648,0.216184,38.57,-84.56,-10.5,-67
1787063160073,967382,Thigh,walk,-0.024888,0.962336,0.195688,40.74,-91.84,-9.87,-67
1787063160073,967413,Thigh,walk,0.03172,0.98088,0.189832,37.24,-91.28,-10.22,-67
1787063160073,967430,Thigh,walk,0.093208,0.977952,0.216672,34.79,-85.4,-9.73,-67
1787063160073,967447,Thigh,walk,0.154208,1.007232,0.237168,31.71,-76.23,-8.89,-67
1787063160073,967464,Thigh,walk,0.181048,1.00284,0.226432,24.85,-65.94,-7.35,-67
1787063160073,967481,Thigh,walk,0.178608,0.984784,0.218136,22.82,-55.72,-4.34,-67
1787063160433,967658,Thigh,walk,0.145424,1.248304,0.12444,3.08,-51.66,-5.95,-67
1787063160433,967689,Thigh,walk,0.16348,1.360056,0.143472,-22.19,-24.01,6.09,-67
1787063160433,967706,Thigh,walk,0.042944,1.38348,0.139568,-33.11,-19.04,9.03,-67
1787063160433,967723,Thigh,walk,-0.149816,1.229272,0.200568,-55.51,-11.62,11.55,-67
1787063160433,967740,Thigh,walk,-0.298656,1.080432,0.291336,-71.19,-10.85,6.51,-67
1787063160433,967771,Thigh,walk,-0.435784,1.018456,0.246928,-101.64,-12.46,-12.25,-67
1787063160433,967788,Thigh,walk,-0.503128,1.108736,0.088816,-124.74,-24.15,-28.56,-67
1787063160433,967805,Thigh,walk,-0.540216,1.1956,-0.02684,-140.56,-61.18,-43.26,-67
1787063160433,967822,Thigh,walk,-0.5246,1.207312,-0.063928,-138.11,-111.16,-49.21,-67
1787063160433,967839,Thigh,walk,-0.418704,1.269776,-0.066856,-128.87,-132.65,-46.06,-67
1787063160798,968020,Thigh,walk,-0.087352,0.648552,0.28792,-45.29,-5.67,-31.01,-67
1787063160798,968051,Thigh,walk,-0.056608,0.72468,0.323056,-18.2,-13.09,-23.87,-67
1787063160798,968068,Thigh,walk,-0.050264,0.715896,0.3416,-7.63,-23.73,-16.66,-67
1787063160798,968085,Thigh,walk,-0.072712,0.67344,0.353312,-2.38,-31.78,-12.95,-67
1787063160798,968102,Thigh,walk,-0.074176,0.60512,0.379664,10.36,-46.27,-8.47,-67
1787063160798,968133,Thigh,walk,0.00488,0.573888,0.446032,37.31,-45.64,-14.84,-67
1787063160798,968150,Thigh,walk,-0.010248,0.639768,0.441152,53.06,-33.74,-17.29,-67
1787063160798,968167,Thigh,walk,-0.057096,0.728584,0.432856,60.41,-25.06,-19.74,-67
1787063160798,968184,Thigh,walk,-0.100528,0.815936,0.45628,65.94,-21.91,-17.22,-67
1787063160798,968201,Thigh,walk,-0.117608,0.867664,0.527528,64.47,-22.05,-12.11,-67
1787063161158,968381,Thigh,walk,-0.186904,1.099952,0.327936,59.36,30.66,-10.29,-59
1787063161158,968411,Thigh,walk,-0.27816,1.570872,0.574864,1.54,13.86,7.42,-59
1787063161158,968428,Thigh,walk,-0.162504,1.35664,0.51972,-27.65,1.54,23.38,-59
1787063161158,968445,Thigh,walk,-0.040016,0.843264,0.352336,-22.96,10.5,16.1,-59
1787063161158,968462,Thigh,walk,-0.225944,0.53924,-0.029768,5.25,5.74,13.23,-59
1787063161158,968493,Thigh,walk,-0.44408,0.528504,-0.237168,61.74,-73.71,12.53,-59
1787063161158,968510,Thigh,walk,-0.25376,0.857904,-0.04392,79.66,-83.72,11.06,-59
1787063161158,968527,Thigh,walk,0.096624,1.239032,0.069784,73.22,-86.17,8.05,-59
1787063161158,968544,Thigh,walk,0.284016,1.275144,0.09272,50.75,-70.28,6.72,-59
1787063161158,968561,Thigh,walk,0.30012,1.036024,0.125416,42.98,-50.89,3.99,-59
1787063161524,968739,Thigh,walk,0.07076,0.986248,0.092232,23.17,-103.53,-6.65,-59
1787063161524,968769,Thigh,walk,0.201544,0.99064,0.191296,25.48,-91.56,-12.67,-59
1787063161524,968785,Thigh,walk,0.22692,0.975512,0.19276,26.81,-84.56,-12.39,-59
1787063161524,968803,Thigh,walk,0.221064,0.969168,0.196664,30.66,-68.95,-11.76,-59
1787063161524,968819,Thigh,walk,0.191784,0.991616,0.19276,32.27,-55.58,-10.64,-59
1787063161524,968850,Thigh,walk,0.130784,0.981856,0.1708,30.03,-46.48,-7.7,-59
1787063161524,968867,Thigh,walk,0.101992,0.955992,0.1708,30.87,-44.59,-8.12,-59
1787063161524,968884,Thigh,walk,0.078568,0.960872,0.167384,33.95,-41.44,-9.66,-59
1787063161524,968901,Thigh,walk,0.071736,0.969168,0.16348,34.51,-38.22,-9.8,-59
1787063161524,968932,Thigh,walk,0.052216,0.967704,0.152256,34.93,-34.37,-7.63,-59
1787063161885,969111,Thigh,walk,0.042456,1.020408,0.15128,24.71,-30.8,-12.18,-59
1787063161885,969141,Thigh,walk,0.066856,1.02724,0.137128,19.6,-28.42,-13.3,-59
1787063161885,969159,Thigh,walk,0.105408,1.060424,0.152256,17.15,-25.76,-14.91,-59
1787063161885,969175,Thigh,walk,0.138592,1.098488,0.164456,14.21,-21.63,-16.66,-59
1787063161885,969192,Thigh,walk,0.216672,1.223904,0.167872,10.85,-18.62,-16.52,-59
1787063161885,969223,Thigh,walk,0.244976,1.302472,0.16836,-12.74,7.49,-2.8,-59
1787063161885,969240,Thigh,walk,0.176168,1.255624,0.18056,-15.96,14.35,1.33,-59
1787063161885,969257,Thigh,walk,0.061488,1.2444,0.182512,-27.23,23.73,6.51,-59
1787063161885,969274,Thigh,walk,-0.08784,1.103856,0.233264,-46.34,29.26,10.01,-59
1787063161885,969291,Thigh,walk,-0.220088,0.98088,0.281576,-59.64,29.19,9.66,-59
1787063162245,969467,Thigh,walk,0.371368,1.082872,0.05124,-106.68,49.84,26.18,-55
1787063162245,969499,Thigh,walk,-0.10248,0.884256,0.22204,-109.13,75.67,12.18,-55
1787063162245,969516,Thigh,walk,-0.180072,0.847168,0.213744,-108.5,82.74,1.96,-55
1787063162245,969533,Thigh,walk,-0.314272,0.730536,0.184464,-105.21,83.86,-2.31,-55
1787063162245,969549,Thigh,walk,-0.313296,0.6588,0.159088,-91.84,78.05,-5.11,-55
1787063162245,969580,Thigh,walk,-0.227408,0.701744,0.18056,-72.03,55.44,-2.66,-55
1787063162245,969597,Thigh,walk,-0.206912,0.671488,0.237168,-59.36,35.84,0.63,-55
1787063162245,969614,Thigh,walk,-0.151768,0.64904,0.30256,-40.18,14.84,5.39,-55
1787063162245,969631,Thigh,walk,-0.102968,0.66124,0.325496,-22.12,-4.55,10.85,-55
1787063162245,969648,Thigh,walk,-0.093208,0.662216,0.322568,-14.49,-21.35,14.91,-55
1787063162604,969828,Thigh,walk,-0.316224,0.964288,0.78568,22.4,1.68,2.31,-55
1787063162604,969860,Thigh,walk,-0.203008,0.884256,0.541192,22.26,11.34,10.36,-55
1787063162604,969877,Thigh,walk,-0.145912,0.877424,0.381128,14,34.37,16.17,-55
1787063162604,969894,Thigh,walk,-0.06588,0.888648,0.367464,13.3,44.8,15.05,-55
1787063162604,969911,Thigh,walk,-0.015616,1.108736,0.371368,30.8,59.22,10.29,-55
1787063162604,969941,Thigh,walk,-0.188856,1.409832,0.416264,20.79,29.54,12.6,-55
1787063162604,969958,Thigh,walk,-0.18544,1.165344,0.590968,-0.21,30.52,13.93,-55
1787063162604,969975,Thigh,walk,-0.165432,1.03212,0.495808,-1.61,47.18,11.76,-55
1787063162604,969992,Thigh,walk,-0.276208,0.829112,0.221552,2.45,60.48,9.73,-55
1787063162604,970009,Thigh,walk,-0.345016,0.614392,-0.005856,22.33,12.67,18.9,-55
1787063162965,970185,Thigh,walk,0.085888,1.078968,0.127368,37.87,40.74,4.62,-55
1787063162965,970216,Thigh,walk,-0.131272,0.955016,0.200568,29.61,-11.97,12.04,-55
1787063162965,970233,Thigh,walk,-0.254248,0.878888,0.210816,40.11,-23.94,12.53,-55
1787063162965,970251,Thigh,walk,-0.240096,0.94428,0.168848,51.73,-51.03,10.78,-55
1787063162965,970268,Thigh,walk,-0.135664,1.030168,0.09272,49,-65.87,8.26,-55
1787063162965,970299,Thigh,walk,0.06588,0.98088,0.02928,33.74,-59.15,2.52,-55
1787063162965,970316,Thigh,walk,0.160064,0.928664,0.030256,33.18,-46.9,-3.71,-55
1787063162965,970333,Thigh,walk,0.193736,0.942816,0.071736,39.41,-33.81,-7.21,-55
1787063162965,970349,Thigh,walk,0.19032,0.969168,0.121024,44.8,-20.79,-6.51,-55
1787063162965,970366,Thigh,walk,0.16104,0.999424,0.14152,46.48,-14.21,-5.18,-55
1787063163327,970544,Thigh,walk,0.028304,1.050664,0.313296,32.06,-38.22,-8.75,-57
1787063163327,970575,Thigh,walk,0.108824,1.050664,0.249856,17.22,-32.76,-2.59,-57
1787063163327,970592,Thigh,walk,0.129808,1.02236,0.175192,11.13,-27.79,-1.54,-57
1787063163327,970609,Thigh,walk,0.11224,1.025288,0.10736,6.65,-26.04,-4.97,-57
1787063163327,970626,Thigh,walk,0.138104,1.165344,0.076616,4.83,-22.82,-9.94,-57
1787063163327,970657,Thigh,walk,0.11956,1.484984,0.013176,-16.66,-16.8,-5.53,-57
1787063163327,970674,Thigh,walk,0.032696,1.453264,0.10736,-29.4,-7,7.77,-57
1787063163327,970691,Thigh,walk,-0.014152,1.441064,0.14884,-40.04,-6.44,13.51,-57
1787063163327,970708,Thigh,walk,-0.108336,1.353712,0.147864,-52.5,-7.28,10.64,-57
1787063163327,970725,Thigh,walk,-0.253272,1.06628,0.15372,-74.41,-7.49,6.93,-57
1787063163682,970902,Thigh,walk,0.188856,0.934032,0.224968,-96.32,59.01,27.72,-57
1787063163682,970933,Thigh,walk,-0.04148,0.908656,0.214232,-83.93,83.72,19.53,-57
1787063163682,970950,Thigh,walk,-0.176168,0.894992,0.161528,-79.45,86.87,14.98,-57
1787063163682,970967,Thigh,walk,-0.212768,0.867664,0.167384,-79.8,78.05,16.17,-57
1787063163682,970984,Thigh,walk,-0.208864,0.839848,0.201056,-74.97,63.63,18.9,-57
1787063163682,971015,Thigh,walk,-0.161528,0.793488,0.238632,-62.72,47.25,21.91,-57
1787063163682,971032,Thigh,walk,-0.149816,0.803248,0.30256,-51.17,41.72,25.34,-57
1787063163682,971049,Thigh,walk,-0.118096,0.806176,0.338184,-47.32,40.74,26.81,-57
1787063163682,971066,Thigh,walk,-0.093208,0.772016,0.374296,-38.29,37.59,26.46,-57
1787063163682,971083,Thigh,walk,-0.094672,0.716872,0.365512,-25.48,28.56,23.73,-57
1787063164040,971261,Thigh,walk,-0.125904,1.0126,0.704672,25.9,2.31,11.2,-57
1787063164040,971292,Thigh,walk,-0.149328,0.91256,0.753472,14.91,0.84,11.41,-57
1787063164040,971309,Thigh,walk,-0.132248,0.864248,0.733464,20.86,7.28,8.61,-57
1787063164040,971326,Thigh,walk,-0.123952,0.915,0.623176,23.24,17.15,7.84,-57
1787063164040,971343,Thigh,walk,-0.1098,0.943304,0.545584,17.36,27.51,11.13,-57
1787063164040,971374,Thigh,walk,-0.05368,0.995032,0.53192,7.98,49.49,12.46,-57
1787063164040,971391,Thigh,walk,-0.069784,1.120936,0.458232,35.14,47.67,3.43,-57
1787063164040,971408,Thigh,walk,-0.225456,1.474248,0.42944,39.27,34.93,0.77,-57
1787063164040,971425,Thigh,walk,-0.299632,1.33468,0.49044,14.91,20.86,0.56,-57
1787063164040,971442,Thigh,walk,-0.201544,0.94184,0.392352,16.94,25.62,9.1,-57
1787063164396,971616,Thigh,walk,-0.050264,0.908168,0.155672,40.88,11.2,8.26,-57
1787063164396,971648,Thigh,walk,-0.223016,0.960384,0.19764,64.96,-37.1,13.3,-57
1787063164396,971665,Thigh,walk,-0.211792,1.031144,0.105408,57.61,-62.02,14.91,-57
1787063164396,971682,Thigh,walk,-0.116632,1.047248,0.063928,49.56,-71.33,14.14,-57
1787063164396,971699,Thigh,walk,-0.001464,0.979904,0.005856,37.38,-79.31,11.13,-57
1787063164396,971730,Thigh,walk,0.083936,0.98332,0.042944,31.22,-80.08,1.33,-57
1787063164396,971747,Thigh,walk,0.112728,0.996008,0.0976,30.24,-75.39,0,-57
1787063164396,971764,Thigh,walk,0.12688,1.00528,0.132248,32.13,-65.52,-0.21,-57
1787063164396,971781,Thigh,walk,0.130296,0.998936,0.159576,32.69,-52.36,0.91,-57
1787063164396,971798,Thigh,walk,0.128832,0.988688,0.190808,31.71,-40.53,0.28,-57
1787063164755,971973,Thigh,walk,0.057584,0.996008,0.184464,34.37,-30.94,-4.69,-49
1787063164755,972004,Thigh,walk,0.099064,1.03456,0.111752,27.93,-30.03,-2.52,-49
1787063164755,972021,Thigh,walk,0.088816,1.003816,0.070272,22.75,-31.01,-2.45,-49
1787063164755,972038,Thigh,walk,0.071736,1.003816,0.062464,22.47,-33.18,-4.55,-49
1787063164755,972055,Thigh,walk,0.050264,1.045784,0.049288,20.72,-35.77,-6.79,-49
1787063164755,972086,Thigh,walk,0.095648,1.163392,0.11712,18.83,-35.49,-11.62,-49
1787063164755,972103,Thigh,walk,0.196176,1.31516,0.16348,10.78,-33.46,-13.44,-49
1787063164755,972120,Thigh,walk,0.237168,1.385432,0.21228,-3.36,-22.26,-5.46,-49
1787063164755,972137,Thigh,walk,0.271816,1.414712,0.219112,-11.2,-11.76,5.32,-49
1787063164755,972154,Thigh,walk,0.230824,1.416176,0.19764,-32.76,7.91,10.85,-49
1787063165123,972332,Thigh,walk,0.416264,1.133136,-0.026352,-97.37,6.23,17.92,-49
1787063165123,972363,Thigh,walk,0.261568,1.12728,0.151768,-121.52,55.09,17.57,-49
1787063165123,972380,Thigh,walk,-0.014152,0.957456,0.173728,-121.1,70.07,6.93,-49
1787063165123,972397,Thigh,walk,-0.253272,0.874008,0.155184,-107.8,70.91,-2.52,-49
1787063165123,972414,Thigh,walk,-0.30744,0.843264,0.166896,-100.59,59.57,-2.94,-49
1787063165123,972445,Thigh,walk,-0.205448,0.747128,0.23424,-93.94,39.55,0.98,-49
1787063165123,972462,Thigh,walk,-0.184464,0.698816,0.237168,-81.2,30.03,-0.56,-49
1787063165123,972479,Thigh,walk,-0.168848,0.666608,0.230336,-63.98,25.97,2.8,-49
1787063165123,972496,Thigh,walk,-0.116144,0.633912,0.20984,-56.14,24.64,6.72,-49
1787063165123,972513,Thigh,walk,-0.0488,0.63196,0.230824,-40.95,19.39,14.49,-49
1787063165472,972690,Thigh,walk,-0.27816,1.23464,0.838872,69.37,3.57,2.73,-49
1787063165472,972721,Thigh,walk,-0.182024,1.160464,0.77348,13.86,22.47,8.19,-49
1787063165472,972738,Thigh,walk,-0.118584,0.902312,0.68808,-3.08,39.2,9.8,-49
1787063165472,972755,Thigh,walk,-0.09272,0.797392,0.523136,2.45,62.58,13.72,-49
1787063165472,972772,Thigh,walk,-0.10492,0.815936,0.454328,12.25,78.61,18.06,-49
1787063165472,972803,Thigh,walk,-0.236192,1.641144,0.323056,57.54,40.04,7.84,-49
1787063165472,972820,Thigh,walk,-0.227896,1.659688,0.485072,16.17,20.02,4.55,-49
1787063165472,972837,Thigh,walk,-0.1586,1.33956,0.523624,2.59,21.63,6.23,-49
1787063165472,972854,Thigh,walk,-0.115168,0.928176,0.361608,0.77,55.86,5.18,-49
1787063165472,972871,Thigh,walk,-0.205936,0.543144,0.004392,24.01,51.8,11.97,-49
1787063165833,973047,Thigh,walk,-0.152744,0.900848,0.17568,36.05,-3.78,17.01,-60
1787063165833,973078,Thigh,walk,-0.227408,1.033584,0.141032,39.76,-50.26,19.04,-60
1787063165833,973096,Thigh,walk,-0.168848,0.994056,0.094672,34.3,-69.79,15.75,-60
1787063165833,973112,Thigh,walk,-0.120536,0.959896,0.072224,33.25,-78.68,11.55,-60
1787063165833,973129,Thigh,walk,-0.008784,0.948184,0.023424,32.06,-80.85,9.03,-60
1787063165833,973160,Thigh,walk,0.158112,0.990152,0.037088,29.54,-71.4,-1.19,-60
1787063165833,973177,Thigh,walk,0.219112,0.994056,0.07808,29.61,-64.12,-1.96,-60
1787063165833,973194,Thigh,walk,0.225944,0.996008,0.11468,31.64,-45.01,-1.12,-60
1787063165833,973211,Thigh,walk,0.169336,0.991128,0.150792,32.83,-27.86,0.56,-60
1787063165833,973228,Thigh,walk,0.069784,0.977952,0.185928,34.37,-20.37,1.68,-60
1787063166191,973407,Thigh,walk,0.149816,0.996008,0.189832,31.64,-30.94,-4.2,-60
1787063166191,973438,Thigh,walk,0.10492,1.016992,0.11468,27.51,-30.03,-2.03,-60
1787063166191,973455,Thigh,walk,0.098576,1.03212,0.096624,23.17,-29.26,-2.66,-60
1787063166191,973471,Thigh,walk,0.093696,1.032608,0.09272,20.58,-28.56,-3.99,-60
1787063166191,973488,Thigh,walk,0.067344,1.028216,0.093208,16.66,-28.98,-5.32,-60
1787063166191,973519,Thigh,walk,0.01952,1.082384,0.161528,14.49,-33.25,-13.58,-60
1787063166191,973536,Thigh,walk,0.116632,1.264896,0.22448,11.2,-33.11,-15.26,-60
1787063166191,973553,Thigh,walk,0.23912,1.4274,0.243512,-4.69,-29.33,-10.85,-60
1787063166191,973570,Thigh,walk,0.305,1.52256,0.259616,-25.69,-8.89,4.41,-60
1787063166191,973587,Thigh,walk,0.287432,1.521584,0.17324,-51.94,17.5,25.76,-60
1787063166552,973764,Thigh,walk,0.305488,1.115568,-0.030256,-93.38,-24.78,10.71,-60
1787063166552,973796,Thigh,walk,0.260592,0.985272,0.142008,-105.28,38.36,13.37,-60
1787063166552,973813,Thigh,walk,0.100528,0.942816,0.15128,-105.35,59.92,6.93,-60
1787063166552,973830,Thigh,walk,-0.144448,0.83692,0.18788,-100.59,62.79,2.73,-60
1787063166552,973847,Thigh,walk,-0.23668,0.75152,0.208376,-89.04,59.43,-0.49,-60
1787063166552,973877,Thigh,walk,-0.188856,0.737856,0.19764,-70.14,35.49,2.17,-60
1787063166552,973894,Thigh,walk,-0.176656,0.735904,0.22204,-59.29,23.31,0.14,-60
1787063166552,973911,Thigh,walk,-0.167872,0.711016,0.244,-48.02,18.13,-0.35,-60
1787063166552,973928,Thigh,walk,-0.143472,0.67588,0.281088,-36.47,12.04,3.15,-60
1787063166552,973945,Thigh,walk,-0.142984,0.649528,0.300608,-30.17,0.7,7.49,-60
1787063166912,974123,Thigh,walk,-0.096136,1.253184,0.852536,62.86,-19.25,-10.22,-60
1787063166912,974154,Thigh,walk,-0.196176,1.184376,0.824232,13.16,-24.99,8.61,-60
1787063166912,974171,Thigh,walk,-0.138592,0.9638,0.679296,1.33,-20.51,8.4,-60
1787063166912,974188,Thigh,walk,0.02196,0.959408,0.53192,10.22,18.2,-0.56,-60
1787063166912,974205,Thigh,walk,0.115168,1.215608,0.352336,22.96,69.37,-19.6,-60
1787063166912,974236,Thigh,walk,-0.15616,1.409832,0.272792,9.17,74.06,-17.57,-60
1787063166912,974252,Thigh,walk,-0.224968,1.105808,0.345504,-0.77,42.35,4.2,-60
1787063166912,974270,Thigh,walk,-0.14884,0.815448,0.332816,-7.49,21.84,19.32,-60
1787063166912,974287,Thigh,walk,-0.179096,0.683688,0.121024,17.5,13.23,17.29,-60
1787063166912,974304,Thigh,walk,-0.327448,0.625128,0.064904,29.96,-0.77,17.64,-60
1787063167268,974482,Thigh,walk,-0.08296,1.036512,0.115168,32.76,-9.94,8.12,-45
1787063167268,974513,Thigh,walk,-0.150792,0.93452,0.185928,35.56,-52.99,13.65,-45
1787063167268,974530,Thigh,walk,-0.160064,0.955992,0.1586,44.94,-77.91,13.86,-45
1787063167268,974547,Thigh,walk,-0.093208,1.014064,0.081008,43.61,-94.64,13.65,-45
1787063167268,974564,Thigh,walk,0.016104,1.025288,0.022936,33.11,-97.16,12.46,-45
1787063167268,974595,Thigh,walk,0.142008,0.98332,0.01464,23.17,-86.38,7,-45
1787063167268,974612,Thigh,walk,0.1464,0.966728,0.067344,22.68,-79.59,2.94,-45
1787063167268,974629,Thigh,walk,0.12688,0.987712,0.123952,26.04,-76.02,0.77,-45
1787063167268,974645,Thigh,walk,0.081008,1.002352,0.142496,27.02,-74.27,0.63,-45
1787063167268,974662,Thigh,walk,0.05856,0.998448,0.167872,27.16,-69.86,0.56,-45
1787063167629,974838,Thigh,walk,0.060512,0.991616,0.125416,28.28,-42.42,-5.11,-45
1787063167629,974869,Thigh,walk,0.037576,0.972584,0.122976,27.93,-45.57,-3.64,-45
1787063167629,974886,Thigh,walk,0.000976,0.986248,0.102968,24.5,-51.52,-3.92,-45
1787063167629,974903,Thigh,walk,-0.017568,0.989664,0.091744,22.05,-58.03,-3.36,-45
1787063167629,974920,Thigh,walk,-0.024888,0.992104,0.08296,22.05,-61.04,-2.66,-45
1787063167629,974951,Thigh,walk,0.058072,1.003328,0.040016,18.48,-70.14,-6.02,-45
1787063167629,974968,Thigh,walk,0.067832,1.020408,0.041968,17.22,-68.6,-8.75,-45
1787063167629,974985,Thigh,walk,0.070272,1.064328,0.068808,15.19,-67.13,-9.38,-45
1787063167629,975002,Thigh,walk,0.156648,1.194624,0.113216,14.7,-64.33,-10.43,-45
1787063167629,975019,Thigh,walk,0.258152,1.401048,0.104432,5.74,-60.2,-5.6,-45
1787063167989,975196,Thigh,walk,-0.282064,1.30784,-0.0366,-119.77,-136.43,-35.91,-45
1787063167989,975227,Thigh,walk,0.333792,1.234152,-0.1342,-99.33,-84.77,-17.08,-45
1787063167989,975244,Thigh,walk,0.384056,1.074088,-0.05124,-90.79,-41.23,-5.74,-45
1787063167989,975261,Thigh,walk,0.366976,1.077016,0.025376,-88.55,-9.59,3.64,-45
1787063167989,975278,Thigh,walk,0.283528,1.070672,0.153232,-97.44,6.44,5.88,-45
1787063167989,975309,Thigh,walk,-0.0366,0.895968,0.208376,-101.64,39.48,-8.12,-45
1787063167989,975326,Thigh,walk,-0.187392,0.804224,0.254736,-96.88,40.53,-10.5,-45
1787063167989,975343,Thigh,walk,-0.259128,0.740296,0.248392,-84,35.63,-10.08,-45
1787063167989,975360,Thigh,walk,-0.275232,0.713456,0.239608,-74.27,20.58,-11.06,-45
1787063167989,975377,Thigh,walk,-0.245952,0.707112,0.266936,-61.81,8.61,-15.89,-45
1787063168358,975556,Thigh,walk,-0.125416,0.711992,0.464576,61.67,-26.6,-19.11,-45
1787063168358,975588,Thigh,walk,-0.194224,0.950624,0.646112,62.16,-31.64,-10.99,-45
1787063168358,975605,Thigh,walk,-0.191784,1.074576,0.823744,45.15,-37.59,-2.1,-45
1787063168358,975622,Thigh,walk,-0.17812,1.106296,0.939888,23.66,-37.73,1.89,-45
1787063168358,975639,Thigh,walk,-0.142984,1.076528,0.949648,16.38,-34.93,-0.14,-45
1787063168358,975670,Thigh,walk,-0.101992,0.892064,0.745664,11.06,-22.26,-4.48,-45
1787063168358,975687,Thigh,walk,-0.069784,0.91256,0.640744,12.46,9.03,-4.2,-45
1787063168358,975704,Thigh,walk,-0.044408,0.932568,0.427,3.5,28.56,-3.64,-45
1787063168358,975721,Thigh,walk,-0.054656,0.84912,0.369416,-7.49,50.05,-2.8,-45
1787063168358,975738,Thigh,walk,-0.096624,1.03212,0.414312,18.2,49.28,-10.43,-45
1787063168707,975915,Thigh,walk,0.377224,1.197552,0.086864,43.12,-21.35,3.29,-48
1787063168707,975946,Thigh,walk,0.06588,0.97112,0.229848,32.83,-11.69,3.64,-48
1787063168707,975963,Thigh,walk,0.010736,0.883768,0.276696,30.03,-19.81,5.39,-48
1787063168707,975980,Thigh,walk,-0.096624,0.860344,0.271328,36.89,-41.16,8.47,-48
1787063168707,975997,Thigh,walk,-0.152256,0.915488,0.206912,50.82,-53.48,9.52,-48
1787063168707,976028,Thigh,walk,-0.076128,0.985272,0.093696,46.55,-90.23,9.8,-48
1787063168707,976045,Thigh,walk,0.00244,0.943304,0.071736,44.66,-90.58,8.05,-48
1787063168707,976062,Thigh,walk,0.057096,0.955504,0.091744,43.47,-89.6,2.45,-48
1787063168707,976079,Thigh,walk,0.12932,0.99552,0.142984,42.84,-84.7,-2.87,-48
1787063168707,976096,Thigh,walk,0.160552,1.019432,0.191296,40.25,-75.04,-5.46,-48
1787063169068,976273,Thigh,walk,0.03416,0.915,0.052216,48.44,-56.07,-8.54,-48
1787063169068,976304,Thigh,walk,0.145424,1.0248,0.127368,40.32,-35.49,-8.75,-48
1787063169068,976321,Thigh,walk,0.159088,1.009184,0.150792,37.73,-26.18,-6.09,-48
1787063169068,976338,Thigh,walk,0.165432,1.023336,0.149328,34.86,-24.64,-5.04,-48
1787063169068,976355,Thigh,walk,0.120536,1.048224,0.10736,30.59,-26.18,-2.94,-48
1787063169068,976386,Thigh,walk,0.012688,1.071648,0.064904,23.8,-30.24,-3.78,-48
1787063169068,976403,Thigh,walk,-0.055144,1.072624,0.083936,20.58,-36.82,-8.33,-48
1787063169068,976420,Thigh,walk,-0.058072,1.097024,0.160552,21.21,-47.04,-13.3,-48
1787063169068,976437,Thigh,walk,0.083448,1.290272,0.210328,17.29,-53.55,-18.34,-48
1787063169068,976454,Thigh,walk,0.15372,1.396168,0.211304,-9.94,-46.13,-12.95,-48
1787063169429,976632,Thigh,walk,0.22692,1.280024,-0.150304,-109.76,-115.22,-10.08,-48
1787063169429,976662,Thigh,walk,0.542656,1.389824,-0.01708,-120.89,6.58,18.76,-48
1787063169429,976680,Thigh,walk,0.360144,1.20048,0.074176,-133.49,26.46,18.55,-48
1787063169429,976696,Thigh,walk,0.09516,0.97356,0.117608,-129.85,47.67,9.24,-48
1787063169429,976713,Thigh,walk,-0.180072,0.843264,0.164456,-120.82,50.05,-9.1,-48
1787063169429,976744,Thigh,walk,-0.382592,0.693448,0.249368,-100.17,37.03,-21.91,-48
1787063169429,976761,Thigh,walk,-0.288896,0.681736,0.293776,-86.87,20.58,-19.39,-48
1787063169429,976778,Thigh,walk,-0.1952,0.672464,0.277672,-74.27,10.5,-20.65,-48
1787063169429,976795,Thigh,walk,-0.174216,0.638304,0.274256,-56.07,5.6,-21.14,-48
1787063169429,976812,Thigh,walk,-0.137128,0.600728,0.244,-45.85,3.5,-19.6,-48
1787063169786,976990,Thigh,walk,-0.193736,1.013576,0.914024,79.8,-24.43,-8.96,-66
1787063169786,977021,Thigh,walk,-0.109312,1.225856,0.894992,36.96,-5.11,-5.46,-66
1787063169786,977038,Thigh,walk,-0.033184,1.04188,0.79788,10.64,0.84,-5.46,-66
1787063169786,977056,Thigh,walk,-0.03172,0.919392,0.584624,9.03,22.96,-4.41,-66
1787063169786,977073,Thigh,walk,-0.067832,1.043832,0.3904,17.99,56.42,-3.01,-66
1787063169786,977090,Thigh,walk,-0.115656,1.45668,0.274256,47.95,64.05,-13.37,-66
1787063169786,977121,Thigh,walk,-0.319152,1.36396,0.428952,-0.63,31.15,-1.82,-66
1787063169786,977138,Thigh,walk,-0.223016,0.893528,0.49044,-15.54,14.77,13.51,-66
1787063169786,977155,Thigh,walk,-0.211792,0.764696,0.287432,12.88,20.09,13.23,-66
1787063169786,977172,Thigh,walk,-0.259128,0.684664,0.145912,28.21,11.97,13.58,-66
1787063170150,977350,Thigh,walk,-0.144448,0.95892,0.233264,40.6,-15.75,6.3,-66
1787063170150,977381,Thigh,walk,-0.229848,0.977952,0.245464,45.71,-58.31,11.9,-66
1787063170150,977398,Thigh,walk,-0.17812,0.967216,0.181048,46.06,-83.44,13.02,-66
1787063170150,977414,Thigh,walk,-0.0366,0.968192,0.09028,41.09,-92.05,12.6,-66
1787063170150,977431,Thigh,walk,0.128344,0.992104,0.060512,32.48,-87.71,8.47,-66
1787063170150,977462,Thigh,walk,0.27816,0.99308,0.108336,22.54,-68.95,3.64,-66
1787063170150,977479,Thigh,walk,0.258152,0.989664,0.146888,21.77,-54.46,3.78,-66
1787063170150,977496,Thigh,walk,0.221064,0.9638,0.17324,23.17,-42.42,4.34,-66
1787063170150,977513,Thigh,walk,0.129808,0.94916,0.181048,25.48,-39.34,3.29,-66
1787063170150,977530,Thigh,walk,0.052704,0.943792,0.18056,32.06,-41.16,2.24,-66
1787063170504,977707,Thigh,walk,0.094672,0.976488,0.147864,21.91,-41.44,-3.36,-66
1787063170504,977738,Thigh,walk,0.119072,0.99308,0.162992,21.77,-41.72,-2.94,-66
1787063170504,977755,Thigh,walk,0.101504,1.00528,0.136152,18.2,-43.4,-2.59,-66
1787063170504,977772,Thigh,walk,0.081496,1.020896,0.091744,16.38,-46.97,-0.35,-66
1787063170504,977789,Thigh,walk,0.081496,1.017968,0.072712,15.19,-47.88,0.28,-66
1787063170504,977819,Thigh,walk,0.079544,0.989176,0.038064,14.14,-42.84,-2.87,-66
1787063170504,977836,Thigh,walk,0.062952,0.984784,0.033672,15.19,-40.88,-6.58,-66
1787063170504,977853,Thigh,walk,0.022448,0.999912,0.037088,16.38,-40.88,-8.26,-66
1787063170504,977870,Thigh,walk,-0.019032,1.015528,0.07564,18.83,-42.21,-9.94,-66
1787063170504,977887,Thigh,walk,-0.035624,1.01504,0.132736,21.91,-47.18,-10.15,-66
1787063170866,978066,Thigh,walk,-0.57096,1.114592,0.02196,-154,-60.13,-48.3,-66
1787063170866,978098,Thigh,walk,-0.254248,1.204872,-0.022448,-119.07,-141.4,-44.24,-66
1787063170866,978115,Thigh,walk,0.08052,1.288808,-0.05368,-90.65,-125.93,-27.16,-66
1787063170866,978132,Thigh,walk,0.343552,1.179008,-0.055144,-82.81,-87.15,-8.19,-66
1787063170866,978149,Thigh,walk,0.42212,1.135088,-0.059048,-86.03,-36.05,6.58,-66
1787063170866,978180,Thigh,walk,0.315736,1.036024,0.10492,-107.66,33.25,7.63,-66
1787063170866,978196,Thigh,walk,0.16836,0.933056,0.17568,-110.04,41.65,-2.38,-66
1787063170866,978213,Thigh,walk,-0.098576,0.759816,0.223016,-103.81,39.48,-7.14,-66
1787063170866,978230,Thigh,walk,-0.1952,0.675392,0.286456,-89.46,37.87,-12.46,-66
1787063170866,978247,Thigh,walk,-0.186416,0.682224,0.279624,-74.2,30.52,-12.88,-66
1787063171226,978427,Thigh,walk,-0.073688,0.689544,0.459208,46.69,-14.28,-18.13,-61
1787063171226,978458,Thigh,walk,-0.139568,0.81252,0.585112,62.58,-7.98,-25.2,-61
1787063171226,978475,Thigh,walk,-0.203008,0.968192,0.664656,67.62,-15.68,-23.73,-61
1787063171226,978492,Thigh,walk,-0.266936,1.10776,0.729072,51.1,-26.18,-14.77,-61
1787063171226,978509,Thigh,walk,-0.288896,1.114104,0.73932,22.68,-26.46,-1.54,-61
1787063171226,978540,Thigh,walk,-0.230824,0.897432,0.60268,9.24,-17.43,9.52,-61
1787063171226,978557,Thigh,walk,-0.166408,0.871568,0.513376,11.76,-15.54,12.39,-61
1787063171226,978574,Thigh,walk,-0.008784,0.868152,0.489464,12.25,-10.01,12.46,-61
1787063171226,978590,Thigh,walk,0.096624,0.799832,0.43676,9.03,14.35,10.99,-61
1787063171226,978607,Thigh,walk,0.08784,0.718824,0.428952,12.74,34.02,7.42,-61
1787063171584,978786,Thigh,walk,0.176168,1.386408,0.063928,91.63,-87.78,0.42,-61
1787063171584,978817,Thigh,walk,0.257176,1.199504,0.122976,32.97,-61.11,6.93,-61
1787063171584,978834,Thigh,walk,0.27084,0.916464,0.150792,41.37,-31.92,5.81,-61
1787063171584,978852,Thigh,walk,0.22692,0.947696,0.076128,42.7,1.19,0.98,-61
1787063171584,978869,Thigh,walk,0.18056,0.967704,0.030744,38.71,17.99,4.55,-61
1787063171584,978899,Thigh,walk,-0.0976,0.946232,0.179584,40.88,-12.04,11.06,-61
1787063171584,978916,Thigh,walk,-0.138592,0.950624,0.215696,47.74,-45.99,11.41,-61
1787063171584,978933,Thigh,walk,-0.183488,0.97112,0.199592,49.42,-61.74,10.57,-61
1787063171584,978950,Thigh,walk,-0.17568,0.953552,0.152744,53.41,-86.66,7.84,-61
1787063171584,978967,Thigh,walk,-0.081984,0.962336,0.082472,56.28,-94.99,5.88,-61
1787063171952,979143,Thigh,walk,-0.061,0.981368,0.162016,29.33,-66.08,-2.87,-61
1787063171952,979174,Thigh,walk,0.024888,0.976976,0.121024,24.99,-63.35,-5.18,-61
1787063171952,979191,Thigh,walk,0.06832,0.981368,0.116144,23.45,-59.92,-6.79,-61
1787063171952,979208,Thigh,walk,0.081496,0.985272,0.107848,21.91,-54.74,-6.93,-61
1787063171952,979225,Thigh,walk,0.088328,0.97844,0.08784,18.9,-52.01,-6.93,-61
1787063171952,979256,Thigh,walk,0.062952,0.93208,0.08784,23.45,-44.31,-4.41,-61
1787063171952,979273,Thigh,walk,0.04392,0.891576,0.09516,27.23,-43.33,-3.08,-61
1787063171952,979290,Thigh,walk,0.050752,0.892552,0.098576,36.89,-43.68,-2.94,-61
1787063171952,979307,Thigh,walk,0.05368,0.979416,0.071248,41.16,-45.5,-5.6,-61
1787063171952,979324,Thigh,walk,0.031232,1.035048,0.050264,36.89,-42.7,-6.65,-61
1787063172304,979501,Thigh,walk,-0.140056,1.29076,0.145912,-62.09,2.17,30.52,-77
1787063172304,979532,Thigh,walk,-0.501664,0.8906,0.221552,-90.86,11.97,0.77,-77
1787063172304,979549,Thigh,walk,-0.50996,0.91988,0.183,-99.61,3.64,-25.34,-77
1787063172304,979566,Thigh,walk,-0.501664,1.100928,0.071736,-130.06,-12.18,-36.61,-77
1787063172304,979583,Thigh,walk,-0.420168,1.21512,-0.020496,-154.84,-70,-50.12,-77
1787063172304,979614,Thigh,walk,-0.026352,1.292224,0.00732,-125.65,-128.52,-37.1,-77
1787063172304,979631,Thigh,walk,0.291824,1.35664,-0.050264,-96.11,-77.98,-16.31,-77
1787063172304,979648,Thigh,walk,0.425536,1.150216,-0.047336,-95.06,-26.18,-0.42,-77
1787063172304,979665,Thigh,walk,0.3538,1.072624,0.020496,-98.98,12.32,11.97,-77
1787063172304,979682,Thigh,walk,0.279136,1.072136,0.074176,-112.7,37.8,10.85,-77
1787063172666,979860,Thigh,walk,-0.113704,0.674416,0.252784,-13.37,-7.77,7.07,-77
1787063172666,979891,Thigh,walk,-0.018056,0.540704,0.341112,12.67,-27.02,1.96,-77
1787063172666,979909,Thigh,walk,0.030256,0.528992,0.368928,22.89,-21.77,-3.22,-77
1787063172666,979926,Thigh,walk,0.01464,0.548512,0.420168,42.98,-16.52,-5.6,-77
1787063172666,979943,Thigh,walk,-0.039528,0.611464,0.463112,63.49,-8.68,-8.05,-77
1787063172666,979974,Thigh,walk,-0.106872,0.832528,0.63196,80.71,-2.8,-10.92,-77
1787063172666,979991,Thigh,walk,-0.160552,1.016992,0.749568,77.91,-4.62,-9.31,-77
1787063172666,980007,Thigh,walk,-0.183488,1.207312,0.8174,57.47,-0.28,-0.28,-77
1787063172666,980024,Thigh,walk,-0.193736,1.194624,0.7808,21.21,3.85,8.68,-77
1787063172666,980041,Thigh,walk,-0.168848,1.089216,0.743224,7.84,4.27,12.04,-77
1787063173026,980219,Thigh,walk,-0.321592,0.412848,-0.12932,58.38,-34.65,32.13,-77
1787063173026,980250,Thigh,walk,-0.057096,0.851072,-0.001464,103.39,-65.73,10.64,-77
1787063173026,980267,Thigh,walk,0.144448,1.318576,0.019032,94.01,-52.99,3.85,-77
1787063173026,980284,Thigh,walk,0.220088,1.288808,0.046848,55.65,-26.88,3.22,-77
1787063173026,980301,Thigh,walk,0.230824,1.025288,0.08784,43.54,-9.1,4.55,-77
1787063173026,980332,Thigh,walk,0.180072,0.962824,0.10736,39.97,24.5,2.66,-77
1787063173026,980349,Thigh,walk,0.031232,0.986248,0.071248,36.54,26.18,8.54,-77
1787063173026,980366,Thigh,walk,-0.104432,0.949648,0.130296,33.95,0.91,14.14,-77
1787063173026,980383,Thigh,walk,-0.157136,0.940376,0.196664,39.41,-29.26,14.91,-77
1787063173026,980400,Thigh,walk,-0.204472,0.981856,0.190808,41.23,-42.07,14.49,-77
1787063173380,980577,Thigh,walk,-0.038064,0.962824,0.235704,24.15,-24.15,1.61,-69
1787063173380,980608,Thigh,walk,-0.0854,0.95404,0.160552,27.65,-41.58,-0.63,-69
1787063173380,980625,Thigh,walk,-0.061976,0.939888,0.11224,29.54,-46.76,-1.47,-69
1787063173380,980642,Thigh,walk,-0.00244,0.944768,0.07808,31.5,-46.34,-3.57,-69
1787063173380,980659,Thigh,walk,0.047336,0.952576,0.06588,31.29,-42.63,-6.23,-69
1787063173380,980690,Thigh,walk,0.086864,0.952576,0.10492,32.83,-35.28,-7.14,-69
1787063173380,980707,Thigh,walk,0.087352,0.935008,0.123952,35.77,-32.13,-6.58,-69
1787063173380,980724,Thigh,walk,0.087352,0.93696,0.116144,40.67,-29.82,-6.37,-69
1787063173380,980741,Thigh,walk,0.093696,0.956968,0.100528,42.35,-28.28,-6.3,-69
1787063173380,980758,Thigh,walk,0.0854,1.003328,0.066856,41.02,-24.85,-6.02,-69
1787063173756,980936,Thigh,walk,0.221552,1.387384,0.19764,-12.11,-1.12,1.33,-69
1787063173756,980966,Thigh,walk,0.0244,1.284416,0.19276,-52.64,16.38,13.51,-69
1787063173756,980983,Thigh,walk,-0.209352,1.062864,0.230824,-70.49,19.74,17.5,-69
1787063173756,981000,Thigh,walk,-0.413824,0.9272,0.247416,-76.09,13.16,8.33,-69
1787063173756,981017,Thigh,walk,-0.468968,0.925736,0.20252,-90.02,3.29,-7.49,-69
1787063173756,981048,Thigh,walk,-0.446032,1.060912,0.040016,-129.08,-27.79,-20.37,-69
1787063173756,981065,Thigh,walk,-0.33184,1.160952,-0.018056,-137.76,-67.06,-18.41,-69
1787063173756,981082,Thigh,walk,-0.193736,1.235616,-0.039528,-129.85,-88.69,-8.19,-69
1787063173756,981099,Thigh,walk,0.203984,1.436184,-0.16348,-107.38,-73.85,-1.05,-69
1787063173756,981116,Thigh,walk,0.338672,1.321504,-0.098576,-107.66,-22.47,13.86,-69
1787063174101,981294,Thigh,walk,-0.114192,0.594872,0.274744,-45.85,19.53,4.55,-69
1787063174101,981325,Thigh,walk,-0.039528,0.62708,0.281088,-18.97,10.64,6.93,-69
1787063174101,981342,Thigh,walk,-0.05368,0.62708,0.288408,-6.09,-0.35,8.4,-69
1787063174101,981359,Thigh,walk,-0.057584,0.58316,0.32452,4.48,-9.8,7.98,-69
1787063174101,981376,Thigh,walk,-0.041968,0.55876,0.350872,20.09,-8.82,5.53,-69
1787063174101,981407,Thigh,walk,-0.00732,0.589992,0.44164,43.96,5.88,-1.61,-69
1787063174101,981424,Thigh,walk,-0.019032,0.625128,0.511912,60.2,12.74,-6.79,-69
1787063174101,981441,Thigh,walk,-0.049776,0.750056,0.5612,66.78,14.14,-11.97,-69
1787063174101,981458,Thigh,walk,-0.191784,0.894016,0.718824,74.69,11.48,-13.16,-69
1787063174101,981475,Thigh,walk,-0.24888,1.057496,0.87108,71.75,2.8,-12.25,-69
1787063174461,981653,Thigh,walk,-0.01708,0.660264,0.283528,-2.66,50.4,12.25,-70
1787063174461,981685,Thigh,walk,-0.169824,0.427,-0.312808,53.2,-6.02,32.48,-70
1787063174461,981702,Thigh,walk,-0.141032,0.616344,-0.183,86.31,-42.14,31.64,-70
1787063174461,981718,Thigh,walk,0.017568,1.074576,0.011712,96.67,-42.98,12.53,-70
1787063174461,981735,Thigh,walk,0.092232,1.299544,0.054656,87.92,-19.95,1.05,-70
1787063174461,981766,Thigh,walk,0.13176,1.011136,0.118584,45.92,7.98,10.99,-70
1787063174461,981783,Thigh,walk,0.113704,0.97844,0.108824,45.71,11.2,10.5,-70
1787063174461,981800,Thigh,walk,0.09028,0.959896,0.1098,41.93,16.17,10.43,-70
1787063174461,981817,Thigh,walk,0.032696,0.940376,0.142496,36.82,22.54,12.88,-70
1787063174461,981834,Thigh,walk,-0.067344,0.913048,0.17812,38.29,10.64,16.03,-70
1787063174818,982011,Thigh,walk,0.203984,0.979416,0.148352,44.17,-17.15,-0.21,-70
1787063174818,982043,Thigh,walk,-0.011224,0.976976,0.1586,46.41,-13.86,2.73,-70
1787063174818,982060,Thigh,walk,-0.11956,0.9638,0.149328,48.51,-23.31,3.29,-70
1787063174818,982077,Thigh,walk,-0.154696,0.960872,0.142984,50.54,-36.61,3.29,-70
1787063174818,982093,Thigh,walk,-0.127856,0.969656,0.105408,49.7,-38.92,2.73,-70
1787063174818,982124,Thigh,walk,-0.03172,0.976488,0.093208,42.21,-47.46,-3.22,-70
1787063174818,982141,Thigh,walk,0.027328,0.992104,0.111264,39.62,-48.3,-4.48,-70
1787063174818,982158,Thigh,walk,0.089304,1.000888,0.146888,36.12,-44.24,-4.97,-70
1787063174818,982175,Thigh,walk,0.099552,1.004304,0.172752,31.99,-37.45,-3.15,-70
1787063174818,982192,Thigh,walk,0.095648,0.993568,0.192272,28.98,-33.67,-1.4,-70
1787063175184,982370,Thigh,walk,0.081984,1.181936,0.22692,6.44,-33.95,-12.53,-70
1787063175184,982402,Thigh,walk,0.247416,1.443992,0.337208,-25.76,-17.36,-3.36,-70
1787063175184,982419,Thigh,walk,0.25376,1.463512,0.321104,-53.13,1.54,7.28,-70
1787063175184,982436,Thigh,walk,0.208376,1.44204,0.291336,-66.08,15.26,21.35,-70
1787063175184,982453,Thigh,walk,-0.088816,1.305888,0.231312,-90.65,23.17,24.08,-70
1787063175184,982483,Thigh,walk,-0.50996,1.010648,0.096624,-142.24,48.93,-16.24,-70
1787063175184,982500,Thigh,walk,-0.59292,1.089216,0.06344,-153.44,34.44,-31.08,-70
1787063175184,982517,Thigh,walk,-0.577792,1.24196,-0.0122,-172.9,-38.5,-50.4,-70
1787063175184,982534,Thigh,walk,-0.289384,1.297592,-0.048312,-152.67,-115.71,-42.56,-70
1787063175184,982551,Thigh,walk,0.140544,1.290272,-0.108336,-106.47,-92.75,-18.41,-70
1787063175550,982730,Thigh,walk,-0.110288,0.661728,0.235704,-48.3,42.91,-1.4,-70
1787063175550,982761,Thigh,walk,-0.129808,0.542168,0.19032,-24.01,23.87,5.6,-70
1787063175550,982778,Thigh,walk,-0.129808,0.524112,0.221552,-7.63,-0.91,10.43,-70
1787063175550,982795,Thigh,walk,-0.148352,0.476776,0.26352,1.33,-14.77,10.01,-70
1787063175550,982812,Thigh,walk,-0.12444,0.443104,0.375272,25.76,-36.61,8.26,-70
1787063175550,982843,Thigh,walk,-0.093696,0.560712,0.48068,63.84,-32.27,-4.2,-70
1787063175550,982860,Thigh,walk,-0.047336,0.752008,0.552904,81.34,-22.4,-8.12,-70
1787063175550,982876,Thigh,walk,-0.057096,0.97844,0.671976,81.55,1.89,-17.08,-70
1787063175550,982893,Thigh,walk,-0.116144,1.143872,0.783728,66.08,18.97,-20.02,-70
1787063175550,982910,Thigh,walk,-0.151768,1.212192,0.829112,36.19,29.19,-11.41,-70
1787063175974,983088,Thigh,walk,-0.136152,0.600728,0.203496,-9.1,84.07,12.67,-70
1787063175974,983119,Thigh,walk,-0.367464,0.450424,-0.253272,89.81,-33.04,34.09,-70
1787063175974,983199,Thigh,walk,0.198128,0.937448,0.122,53.76,3.15,11.13,-70
1787063175974,983231,Thigh,walk,0.086864,0.97844,0.177632,39.55,28,3.36,-70
1787063175974,983248,Thigh,walk,0.038552,0.9516,0.188856,37.66,31.99,6.72,-70
1787063175974,983265,Thigh,walk,-0.027816,0.914512,0.196176,42.14,24.71,13.58,-70
1787063175974,983281,Thigh,walk,-0.069784,0.964288,0.208864,51.8,5.74,15.47,-70
1787063175974,983312,Thigh,walk,-0.110288,0.999912,0.2074,50.75,-23.17,11.41,-70
1787063175974,983329,Thigh,walk,-0.09272,0.974048,0.151768,45.01,-35.98,9.66,-70
1787063175974,983346,Thigh,walk,-0.040504,0.952088,0.117608,42.14,-43.89,5.74,-70
1787063176333,983522,Thigh,walk,-0.08052,0.937936,0.110776,45.08,-36.4,-3.22,-70
1787063176333,983553,Thigh,walk,0.047336,0.96868,0.100528,47.74,-32.13,-5.6,-70
1787063176333,983570,Thigh,walk,0.120048,0.997472,0.120536,46.06,-28.42,-5.11,-70
1787063176333,983587,Thigh,walk,0.154696,1.013576,0.158112,41.09,-19.95,-3.64,-70
1787063176333,983604,Thigh,walk,0.15372,1.022848,0.194712,36.12,-12.74,-2.24,-70
1787063176333,983635,Thigh,walk,0.113704,1.01992,0.196664,28.14,-10.29,0.49,-70
1787063176333,983651,Thigh,walk,0.060024,1.022848,0.138592,23.73,-10.85,3.22,-70
1787063176333,983668,Thigh,walk,-0.005856,1.004792,0.08052,19.6,-10.99,5.04,-70
1787063176333,983685,Thigh,walk,-0.028792,0.996008,0.057096,19.74,-15.54,4.27,-70
1787063176333,983702,Thigh,walk,-0.042456,1.0004,0.020984,19.04,-19.11,2.66,-70
1787063176701,983880,Thigh,walk,0.027816,1.370304,0.216672,-63.49,14,18.13,-70
1787063176701,983911,Thigh,walk,-0.358192,1.016504,0.220088,-86.52,17.5,17.99,-70
1787063176701,983928,Thigh,walk,-0.504592,0.991128,0.179584,-99.89,12.04,-0.7,-70
1787063176701,983946,Thigh,walk,-0.552416,1.018456,0.158112,-124.25,-5.95,-16.24,-70
1787063176701,983963,Thigh,walk,-0.462136,1.092144,0.118584,-137.34,-39.34,-17.57,-70
1787063176701,983994,Thigh,walk,-0.075152,1.233664,-0.055632,-114.8,-80.43,-2.87,-70
1787063176701,984011,Thigh,walk,0.197152,1.369328,-0.175192,-99.05,-54.04,6.23,-70
1787063176701,984028,Thigh,walk,0.278648,1.246352,-0.098088,-105.91,-3.15,16.94,-70
1787063176701,984044,Thigh,walk,0.385032,1.16388,-0.045872,-108.64,19.25,28.21,-70
1787063176701,984061,Thigh,walk,0.276208,1.035536,0.036112,-116.13,48.23,28.63,-70
1787063177056,984241,Thigh,walk,-0.047336,0.613416,0.281576,-9.45,-18.97,11.9,-72
1787063177056,984272,Thigh,walk,0.017568,0.543144,0.328912,9.24,-30.59,7.63,-72
1787063177056,984289,Thigh,walk,0.05612,0.496784,0.393816,30.45,-27.51,4.69,-72
1787063177056,984306,Thigh,walk,0.040504,0.525088,0.435296,53.13,-17.85,-1.75,-72
1787063177056,984323,Thigh,walk,-0.01464,0.625128,0.454816,72.45,-9.66,-6.65,-72
1787063177056,984354,Thigh,walk,-0.05368,0.91256,0.574376,85.47,-2.94,-6.58,-72
1787063177056,984371,Thigh,walk,-0.135664,1.098976,0.763232,73.36,-10.5,-1.82,-72
1787063177056,984388,Thigh,walk,-0.193248,1.23464,0.91256,49.14,-17.08,3.57,-72
1787063177056,984405,Thigh,walk,-0.208864,1.247816,0.91256,15.19,-16.03,8.33,-72
1787063177056,984422,Thigh,walk,-0.184952,1.077992,0.806664,5.74,-14.84,8.96,-72
1787063177413,984599,Thigh,walk,-0.392352,0.540216,-0.061,49.35,-50.05,22.19,-78
1787063177413,984631,Thigh,walk,-0.10492,0.87108,-0.065392,82.95,-84.21,11.41,-78
1787063177413,984648,Thigh,walk,0.106872,1.155584,0.00488,76.02,-67.9,7.28,-78
1787063177413,984665,Thigh,walk,0.204472,1.20292,0.032696,55.3,-50.12,4.27,-78
1787063177413,984682,Thigh,walk,0.27572,1.057984,0.091256,42.42,-33.95,-0.14,-78
1787063177413,984713,Thigh,walk,0.193248,0.992592,0.135664,35,-1.54,-0.14,-78
1787063177413,984730,Thigh,walk,0.037088,0.948184,0.144936,32.48,2.59,5.25,-78
1787063177413,984747,Thigh,walk,-0.023424,0.927688,0.188368,37.66,-12.6,9.73,-78
1787063177413,984764,Thigh,walk,-0.120048,0.939888,0.191784,42.07,-25.55,10.78,-78
1787063177413,984781,Thigh,walk,-0.124928,0.996984,0.1586,44.03,-48.16,10.36,-78
1787063177786,984957,Thigh,walk,0.000488,0.962336,0.1464,36.75,-49.14,-8.19,-78
1787063177786,984988,Thigh,walk,-0.047336,0.967704,0.152744,40.11,-55.3,-9.73,-78
1787063177786,985005,Thigh,walk,-0.045872,0.990152,0.132248,40.81,-59.22,-9.87,-78
1787063177786,985022,Thigh,walk,-0.010248,1.005768,0.116632,36.68,-59.99,-9.94,-78
1787063177786,985039,Thigh,walk,0.021472,1.004304,0.130296,32.69,-55.51,-10.29,-78
1787063177786,985070,Thigh,walk,0.136152,0.97844,0.194224,26.39,-45.64,-10.01,-78
1787063177786,985087,Thigh,walk,0.150304,0.972096,0.210816,25.69,-41.02,-8.47,-78
1787063177786,985104,Thigh,walk,0.161528,0.992592,0.203496,25.27,-39.55,-7.21,-78
1787063177786,985121,Thigh,walk,0.142008,1.016016,0.17324,21.7,-37.94,-3.85,-78
1787063177786,985138,Thigh,walk,0.113216,1.013088,0.150304,17.15,-38.64,-1.96,-78
1787063178150,985316,Thigh,walk,-0.382592,0.92964,0.191296,-100.66,-41.3,-6.58,-78
1787063178150,985346,Thigh,walk,-0.494344,1.093608,0.120536,-135.59,-37.87,-34.37,-78
1787063178150,985363,Thigh,walk,-0.506056,1.159488,0.049776,-142.03,-66.43,-32.62,-78
1787063178150,985380,Thigh,walk,-0.47824,1.149728,0.028792,-127.68,-112.49,-25.97,-78
1787063178150,985397,Thigh,walk,-0.301584,1.136552,-0.000488,-112.21,-125.23,-24.36,-78
1787063178150,985428,Thigh,walk,0.02928,1.164856,-0.14152,-84.21,-90.44,-22.89,-78
1787063178150,985445,Thigh,walk,0.174216,1.085312,-0.081008,-83.37,-75.46,-15.82,-78
1787063178150,985462,Thigh,walk,0.225456,0.99308,0.062464,-82.46,-36.54,-13.3,-78
1787063178150,985479,Thigh,walk,0.15128,0.882792,0.16592,-84.35,-7.7,-15.19,-78
1787063178150,985510,Thigh,walk,-0.05612,0.760304,0.250832,-77.91,3.85,-25.41,-78
1787063178511,985690,Thigh,walk,-0.104432,0.638304,0.427976,56.91,-61.53,-16.8,-69
1787063178511,985722,Thigh,walk,-0.11712,0.825696,0.510448,71.54,-50.47,-24.78,-69
1787063178511,985739,Thigh,walk,-0.104432,0.901824,0.564128,68.39,-37.73,-21.63,-69
1787063178511,985757,Thigh,walk,-0.082472,1.086288,0.696864,62.23,-29.26,-16.94,-69
1787063178511,985774,Thigh,walk,-0.114192,1.198528,0.818376,37.31,-18.27,1.96,-69
1787063178511,985791,Thigh,walk,-0.135176,1.10532,0.848144,8.26,-24.36,19.95,-69
1787063178511,985822,Thigh,walk,-0.045384,0.789584,0.792024,-1.61,-42,19.6,-69
1787063178511,985839,Thigh,walk,0.055144,0.732,0.65636,8.75,-24.57,12.11,-69
1787063178511,985856,Thigh,walk,0.121024,0.76616,0.447984,12.74,22.75,8.26,-69
1787063178511,985873,Thigh,walk,0.129808,0.94184,0.349408,18.41,68.81,0.14,-69
1787063178867,986050,Thigh,walk,0.186904,1.38836,0.0488,63.98,-73.15,3.08,-69
1787063178867,986081,Thigh,walk,0.255712,0.932568,0.13176,44.8,-15.26,-0.21,-69
1787063178867,986098,Thigh,walk,0.198616,0.93208,0.135176,45.36,-5.95,-0.28,-69
1787063178867,986115,Thigh,walk,0.087352,0.935984,0.1342,43.19,-0.63,1.19,-69
1787063178867,986132,Thigh,walk,-0.033184,0.942328,0.139568,45.43,-15.26,4.06,-69
1787063178867,986163,Thigh,walk,-0.178608,0.976488,0.178608,46.62,-55.65,3.08,-69
1787063178867,986180,Thigh,walk,-0.18056,0.968192,0.18544,49.77,-81.13,2.24,-69
1787063178867,986197,Thigh,walk,-0.119072,0.977464,0.151768,53.34,-100.38,3.08,-69
1787063178867,986214,Thigh,walk,-0.070272,1.018944,0.089304,48.37,-107.31,3.15,-69
1787063178867,986231,Thigh,walk,0.050264,1.033096,0.069784,42.42,-106.05,-0.84,-69
1787063179229,986409,Thigh,walk,0.027328,0.96624,0.138104,36.82,-76.51,-9.17,-69
1787063179229,986439,Thigh,walk,0.0732,1.01016,0.109312,32.55,-61.11,-9.87,-69
1787063179229,986456,Thigh,walk,0.092232,1.03456,0.14396,27.09,-55.09,-10.01,-69
1787063179229,986473,Thigh,walk,0.097112,1.035048,0.195688,19.95,-45.99,-9.03,-69
1787063179229,986490,Thigh,walk,0.101992,0.994056,0.215208,16.1,-40.32,-7.49,-69
1787063179229,986521,Thigh,walk,0.10248,0.952576,0.160064,19.46,-39.2,-6.3,-69
1787063179229,986538,Thigh,walk,0.089792,0.957456,0.096624,22.4,-42.21,-7.14,-69
1787063179229,986555,Thigh,walk,0.067832,0.975024,0.054168,22.4,-44.31,-8.54,-69
1787063179229,986572,Thigh,walk,0.056608,0.974048,0.050264,22.12,-45.22,-9.59,-69
1787063179229,986589,Thigh,walk,0.047824,0.969168,0.065392,22.05,-45.85,-10.29,-69
1787063179588,986766,Thigh,walk,-0.245952,1.013088,0.343064,-68.74,-22.05,-1.47,-69
1787063179588,986797,Thigh,walk,-0.325496,1.077016,0.291824,-96.04,-21.21,-15.75,-69
1787063179588,986814,Thigh,walk,-0.370392,1.096536,0.158112,-120.82,-25.62,-26.46,-69
1787063179588,986831,Thigh,walk,-0.384544,1.128256,0.039528,-124.6,-41.51,-23.66,-69
1787063179588,986848,Thigh,walk,-0.280112,1.145336,-0.054656,-118.79,-76.09,-11.83,-69
1787063179588,986879,Thigh,walk,0.10736,1.19804,-0.160064,-87.92,-77.28,-2.52,-69
1787063179588,986896,Thigh,walk,0.220088,1.191208,-0.106872,-82.04,-38.85,1.26,-69
1787063179588,986913,Thigh,walk,0.210328,1.1224,-0.03172,-87.5,-2.73,6.37,-69
1787063179588,986930,Thigh,walk,0.110288,1.003816,0.122488,-91.63,11.97,7.49,-69
1787063179588,986947,Thigh,walk,-0.021472,0.860344,0.243512,-94.71,32.55,4.48,-69
1787063179950,987128,Thigh,walk,0.029768,0.83692,0.364048,-43.89,24.5,-1.33,-62
1787063179950,987158,Thigh,walk,-0.0122,0.709064,0.48312,-36.89,50.68,-16.38,-62
1787063179950,987176,Thigh,walk,-0.094184,0.625616,0.427976,-23.24,44.24,-16.38,-62
1787063179950,987192,Thigh,walk,-0.176168,0.606096,0.398696,-8.33,38.22,-11.27,-62
1787063179950,987209,Thigh,walk,-0.192272,0.596824,0.40992,8.05,13.93,-6.09,-62
1787063179950,987240,Thigh,walk,-0.162992,0.55632,0.371368,36.4,-18.83,-4.48,-62
1787063179950,987257,Thigh,walk,-0.149328,0.573888,0.358192,55.93,-34.09,-3.57,-62
1787063179950,987274,Thigh,walk,-0.173728,0.641232,0.377712,72.52,-39.27,-4.69,-62
1787063179950,987291,Thigh,walk,-0.199592,0.70028,0.41968,78.75,-35.7,-7.84,-62
1787063179950,987308,Thigh,walk,-0.2318,0.825696,0.528504,83.93,-30.66,-8.33,-62
1787063180326,987487,Thigh,walk,-0.0366,0.730048,0.442128,-37.59,55.93,-1.4,-62
1787063180326,987519,Thigh,walk,-0.353312,0.425048,-0.191784,30.66,15.4,27.37,-62
1787063180326,987536,Thigh,walk,-0.455792,0.484096,-0.186416,70.21,-18.41,34.86,-62
1787063180326,987552,Thigh,walk,-0.188368,0.86376,-0.059536,101.08,-66.78,33.74,-62
1787063180326,987569,Thigh,walk,0.130784,1.32492,0.043432,92.19,-66.36,15.19,-62
1787063180326,987600,Thigh,walk,0.294264,1.142896,0.153232,38.57,-10.36,3.57,-62
1787063180326,987617,Thigh,walk,0.225456,0.933056,0.139568,41.93,6.79,4.2,-62
1787063180326,987634,Thigh,walk,0.119072,0.96136,0.176168,32.69,12.39,3.29,-62
1787063180326,987651,Thigh,walk,0.079056,0.946232,0.206424,28.14,10.92,5.67,-62
1787063180326,987668,Thigh,walk,-0.044408,0.888648,0.223016,31.22,3.71,7,-62
1787063180668,987846,Thigh,walk,0.125416,0.983808,0.177144,41.58,-3.99,-6.44,-62
1787063180668,987877,Thigh,walk,-0.016104,0.95892,0.17324,40.95,-5.32,-4.13,-62
1787063180668,987894,Thigh,walk,-0.093208,0.942328,0.186904,43.4,-18.69,-4.83,-62
1787063180668,987911,Thigh,walk,-0.130296,0.943304,0.19032,46.69,-34.44,-7.07,-62
1787063180668,987928,Thigh,walk,-0.118096,0.96136,0.175192,47.39,-45.92,-7.98,-62
1787063180668,987958,Thigh,walk,-0.012688,0.93208,0.168848,45.29,-52.57,-8.05,-62
1787063180668,987975,Thigh,walk,0.103456,0.967704,0.200568,45.64,-52.36,-10.57,-62
1787063180668,987992,Thigh,walk,0.158112,1.0004,0.213744,37.24,-46.41,-12.53,-62
1787063180668,988009,Thigh,walk,0.232288,1.018456,0.22692,32.13,-41.02,-12.18,-62
1787063180668,988026,Thigh,walk,0.25132,1.024312,0.208864,24.92,-29.68,-9.31,-62
1787063181029,988204,Thigh,walk,-0.271816,1.106296,0.185928,-76.3,-62.02,-12.39,-73
1787063181029,988235,Thigh,walk,-0.215696,1.11264,0.117608,-101.36,-53.13,-1.61,-73
1787063181029,988252,Thigh,walk,-0.182512,1.11752,0.0976,-115.29,-56.28,4.9,-73
1787063181029,988269,Thigh,walk,-0.152744,1.112152,0.064904,-114.45,-52.99,9.8,-73
1787063181029,988286,Thigh,walk,-0.16836,1.104832,0.03904,-105.49,-49.49,7.91,-73
1787063181029,988316,Thigh,walk,-0.122,1.190232,-0.038064,-94.08,-42.98,-5.74,-73
1787063181029,988333,Thigh,walk,-0.091256,1.179008,0.096136,-98,-28.35,-3.78,-73
1787063181029,988350,Thigh,walk,-0.048312,1.018944,0.149328,-101.08,-21.84,-0.56,-73
1787063181029,988367,Thigh,walk,-0.0366,0.82228,0.201056,-94.29,-16.45,3.08,-73
1787063181029,988384,Thigh,walk,-0.026352,0.77348,0.230824,-79.66,-8.68,0.42,-73
1787063181388,988563,Thigh,walk,-0.101504,0.642208,0.381616,18.2,-13.79,-0.98,-73
1787063181388,988595,Thigh,walk,-0.106384,0.591944,0.42456,42.84,-25.9,-0.28,-73
1787063181388,988612,Thigh,walk,-0.121024,0.643672,0.445544,57.75,-27.3,-1.47,-73
1787063181388,988629,Thigh,walk,-0.131272,0.76372,0.49044,67.97,-27.37,-3.64,-73
1787063181388,988646,Thigh,walk,-0.12932,0.863272,0.568032,67.48,-25.69,-4.41,-73
1787063181388,988677,Thigh,walk,-0.172752,1.1834,0.786168,36.82,-20.23,1.33,-73
1787063181388,988694,Thigh,walk,-0.203984,1.162904,0.89548,7.84,-14.28,6.09,-73
1787063181388,988710,Thigh,walk,-0.206424,1.096536,0.881328,-0.91,-9.24,5.95,-73
1787063181388,988727,Thigh,walk,-0.172752,0.971608,0.786656,-8.47,-1.33,4.41,-73
1787063181388,988744,Thigh,walk,-0.123952,0.84668,0.61488,-14.35,12.53,2.52,-73
1787063181746,988922,Thigh,walk,-0.2684,0.64904,-0.059536,81.2,-81.27,26.53,-73
1787063181746,988953,Thigh,walk,0.146888,1.265384,0.064904,84.77,-77.28,8.96,-73
1787063181746,988970,Thigh,walk,0.279136,1.255624,0.070272,53.69,-52.5,5.81,-73
1787063181746,988987,Thigh,walk,0.303048,0.970144,0.109312,44.31,-27.3,6.23,-73
1787063181746,989004,Thigh,walk,0.282064,0.935496,0.122976,46.41,-13.65,2.1,-73
1787063181746,989035,Thigh,walk,-0.028792,1.016504,0.0976,34.37,13.51,3.99,-73
1787063181746,989052,Thigh,walk,-0.106872,0.993568,0.116144,31.92,-7,7.35,-73
1787063181746,989069,Thigh,walk,-0.240096,0.944768,0.162992,35.42,-22.12,7.56,-73
1787063181746,989085,Thigh,walk,-0.26108,0.948184,0.157136,43.61,-55.37,6.86,-73
1787063181746,989103,Thigh,walk,-0.229848,0.9638,0.116632,50.61,-81.41,7.35,-73
1787063182107,989279,Thigh,walk,-0.017568,0.97112,0.198128,27.86,-59.08,-6.16,-73
1787063182107,989310,Thigh,walk,-0.056608,0.967216,0.162504,31.5,-66.29,-7.98,-73
1787063182107,989327,Thigh,walk,-0.03416,0.966728,0.159576,31.92,-66.64,-9.45,-73
1787063182107,989344,Thigh,walk,0.028792,0.978928,0.150792,31.57,-65.1,-9.87,-73
1787063182107,989361,Thigh,walk,0.080032,0.987224,0.15372,29.75,-60.34,-10.15,-73
1787063182107,989392,Thigh,walk,0.127856,0.987224,0.203008,27.51,-48.58,-9.03,-73
1787063182107,989409,Thigh,walk,0.132248,0.982832,0.226432,24.92,-41.23,-8.12,-73
1787063182107,989426,Thigh,walk,0.12444,0.968192,0.214232,23.66,-38.15,-5.88,-73
1787063182107,989443,Thigh,walk,0.100528,0.980392,0.17812,22.05,-37.66,-4.06,-73
1787063182107,989460,Thigh,walk,0.085888,0.989176,0.160064,18.48,-39.83,-3.15,-73
1787063182471,989639,Thigh,walk,0.008296,1.37372,0.108824,-35.07,-27.16,7.91,-67
1787063182471,989670,Thigh,walk,-0.147376,1.111176,0.241072,-53.97,-31.29,9.31,-67
1787063182471,989687,Thigh,walk,-0.188856,1.06628,0.305976,-64.05,-29.54,0.56,-67
1787063182471,989704,Thigh,walk,-0.265472,1.074576,0.313296,-73.15,-26.39,-4.9,-67
1787063182471,989721,Thigh,walk,-0.311344,1.148264,0.294752,-99.89,-20.72,-13.23,-67
1787063182471,989752,Thigh,walk,-0.449936,1.157048,0.144448,-131.53,-29.61,-27.3,-67
1787063182471,989769,Thigh,walk,-0.55876,1.140456,0.04148,-137.76,-66.29,-33.88,-67
1787063182471,989786,Thigh,walk,-0.47336,1.103856,0.044896,-125.86,-111.37,-36.12,-67
1787063182471,989803,Thigh,walk,-0.305,1.133136,-0.008296,-103.46,-135.17,-32.2,-67
1787063182471,989820,Thigh,walk,-0.11224,1.162904,-0.069296,-78.19,-109.97,-20.72,-67
1787063182828,989999,Thigh,walk,-0.207888,0.642208,0.366976,-11.06,-24.78,-21.56,-67
1787063182828,990030,Thigh,walk,-0.04392,0.65392,0.403088,7.42,-50.19,-10.29,-67
1787063182828,990047,Thigh,walk,-0.020496,0.621224,0.443592,17.5,-55.86,-5.88,-67
1787063182828,990064,Thigh,walk,0.025376,0.598288,0.46604,22.82,-54.6,-8.33,-67
1787063182828,990081,Thigh,walk,0.04392,0.56364,0.491904,37.52,-44.66,-11.48,-67
1787063182828,990112,Thigh,walk,-0.032208,0.61488,0.481656,58.94,-26.18,-23.73,-67
1787063182828,990129,Thigh,walk,-0.07808,0.703208,0.513376,68.81,-23.31,-26.04,-67
1787063182828,990146,Thigh,walk,-0.115656,0.845216,0.585112,75.53,-16.38,-28,-67
1787063182828,990163,Thigh,walk,-0.171776,0.991128,0.684664,72.03,-8.89,-23.31,-67
1787063182828,990180,Thigh,walk,-0.211792,1.077992,0.818864,56.49,-11.76,-16.59,-67
1787063183186,990358,Thigh,walk,-0.093696,1.231224,0.513864,-23.17,57.12,9.31,-67
1787063183186,990389,Thigh,walk,-0.469456,0.586088,0.067832,-2.38,58.45,12.6,-67
1787063183186,990406,Thigh,walk,-0.562664,0.5002,-0.076616,42.42,-17.78,27.79,-67
1787063183186,990423,Thigh,walk,-0.553392,0.525088,-0.096136,66.99,-52.5,29.96,-67
1787063183186,990440,Thigh,walk,-0.230336,0.88572,-0.066856,92.68,-93.73,20.86,-67
1787063183186,990471,Thigh,walk,0.195688,1.321504,0.094184,74.76,-80.5,7.77,-67
1787063183186,990488,Thigh,walk,0.290848,1.104344,0.13176,54.25,-58.38,8.61,-67
1787063183186,990505,Thigh,walk,0.2806,0.936472,0.16348,51.73,-37.1,6.16,-67
1787063183186,990522,Thigh,walk,0.226432,0.94184,0.203008,43.68,-14.7,2.17,-67
1787063183186,990539,Thigh,walk,0.176656,0.945744,0.199104,38.85,0.63,1.89,-67
1787063183546,990716,Thigh,walk,0.223016,1.006256,0.162992,42.63,-30.87,-6.3,-60
1787063183546,990747,Thigh,walk,0.123464,0.99796,0.179584,38.01,-0.49,-2.45,-60
1787063183546,990764,Thigh,walk,0.03416,0.979416,0.184464,36.89,-0.42,-1.61,-60
1787063183546,990781,Thigh,walk,-0.050264,0.959408,0.193736,37.38,-8.19,-1.47,-60
1787063183546,990798,Thigh,walk,-0.106384,0.95892,0.190808,39.27,-19.81,-1.4,-60
1787063183546,990829,Thigh,walk,-0.109312,0.96136,0.139568,39.41,-33.39,-2.38,-60
1787063183546,990846,Thigh,walk,-0.055144,0.950136,0.10004,39.62,-37.66,-4.76,-60
1787063183546,990863,Thigh,walk,-0.005856,0.948672,0.06832,41.02,-36.89,-7.91,-60
1787063183546,990880,Thigh,walk,0.014152,0.980392,0.081984,42.42,-33.67,-10.85,-60
1787063183546,990897,Thigh,walk,0.047336,0.99064,0.10492,41.51,-31.99,-10.92,-60
1787063183906,991074,Thigh,walk,0.12688,1.367864,0.177632,-5.39,-29.33,-4.2,-60
1787063183906,991105,Thigh,walk,0.13908,1.390312,0.175192,-26.25,-14.42,4.69,-60
1787063183906,991122,Thigh,walk,0.020496,1.328336,0.161528,-44.94,-5.46,5.81,-60
1787063183906,991139,Thigh,walk,-0.16104,1.111176,0.20496,-63.77,1.54,8.75,-60
1787063183906,991156,Thigh,walk,-0.290848,0.918416,0.251808,-69.72,-4.2,8.12,-60
1787063183906,991187,Thigh,walk,-0.40016,1.0126,0.219112,-87.22,-15.4,-9.73,-60
1787063183906,991204,Thigh,walk,-0.402112,1.071648,0.166408,-112.21,-21.07,-19.18,-60
1787063183906,991221,Thigh,walk,-0.368928,1.116056,0.075152,-131.18,-40.39,-16.45,-60
1787063183906,991238,Thigh,walk,-0.278648,1.1346,0.049776,-133.42,-70.21,-5.11,-60
1787063183906,991255,Thigh,walk,-0.050752,1.204872,-0.00244,-123.06,-76.23,1.33,-60
1787063184266,991434,Thigh,walk,-0.195688,0.609512,0.256688,-76.79,32.34,-7.91,-60
1787063184266,991464,Thigh,walk,-0.127368,0.596824,0.30988,-41.93,14.7,-9.94,-60
1787063184266,991482,Thigh,walk,-0.077592,0.627568,0.29768,-18.83,6.3,-7.91,-60
1787063184266,991498,Thigh,walk,-0.067344,0.664168,0.264008,-3.85,-5.67,-1.12,-60
1787063184266,991515,Thigh,walk,-0.063928,0.626104,0.256688,3.57,-17.36,4.97,-60
1787063184266,991546,Thigh,walk,-0.018544,0.491416,0.3294,22.33,-23.03,4.9,-60
1787063184266,991563,Thigh,walk,-0.019032,0.499712,0.391376,43.12,-17.57,2.38,-60
1787063184266,991580,Thigh,walk,-0.030256,0.536312,0.46116,63.56,-11.69,-1.05,-60
1787063184266,991597,Thigh,walk,-0.018544,0.681248,0.515816,72.94,-7.35,-3.08,-60
1787063184266,991614,Thigh,walk,-0.040992,0.909144,0.642696,79.24,3.64,-5.6,-60
1787063184628,991794,Thigh,walk,-0.325496,1.68604,0.254248,51.1,31.22,2.31,-57
1787063184628,991824,Thigh,walk,-0.32696,1.21756,0.53436,-18.41,19.18,0.77,-57
1787063184628,991842,Thigh,walk,-0.211792,0.796416,0.427,-4.69,57.82,1.4,-57
1787063184628,991858,Thigh,walk,-0.251808,0.642696,-0.005368,25.27,38.71,6.3,-57
1787063184628,991875,Thigh,walk,-0.330864,0.494344,-0.230336,56.28,-35.56,22.33,-57
1787063184628,991906,Thigh,walk,0.027328,0.848632,0.016104,101.36,-74.83,21.07,-57
1787063184628,991923,Thigh,walk,0.267424,1.313696,0.053192,89.95,-51.45,8.47,-57
1787063184628,991940,Thigh,walk,0.301096,1.265872,0.080032,49.28,-19.95,8.26,-57
1787063184628,991957,Thigh,walk,0.235216,1.075064,0.11956,41.51,-9.87,6.72,-57
1787063184628,991975,Thigh,walk,0.130784,0.953552,0.202032,44.94,5.46,2.94,-57
1787063184986,992152,Thigh,walk,0.1342,0.962336,0.132736,38.57,-38.99,-0.21,-57
1787063184986,992184,Thigh,walk,0.173728,0.959896,0.144448,40.88,-14.7,0.07,-57
1787063184986,992201,Thigh,walk,0.131272,1.0248,0.142008,44.24,3.43,0.49,-57
1787063184986,992218,Thigh,walk,0.012688,1.046272,0.147864,38.99,11.34,0.21,-57
1787063184986,992234,Thigh,walk,-0.121512,0.952576,0.182512,37.66,6.44,-0.35,-57
1787063184986,992265,Thigh,walk,-0.207888,0.920368,0.162016,48.79,-18.62,-3.43,-57
1787063184986,992282,Thigh,walk,-0.149328,0.931592,0.122,53.2,-31.01,-5.11,-57
1787063184986,992299,Thigh,walk,-0.102968,0.94184,0.078568,55.37,-34.65,-5.95,-57
1787063184986,992316,Thigh,walk,-0.024888,0.955504,0.06832,55.79,-35.63,-6.16,-57
1787063184986,992333,Thigh,walk,0.028792,0.96624,0.089304,56.07,-36.89,-7.07,-57
1787063185345,992511,Thigh,walk,0.07808,1.080432,0.121512,7.84,-30.03,-7.63,-57
1787063185345,992542,Thigh,walk,0.163968,1.330776,0.073688,-5.25,-22.96,-8.26,-57
1787063185345,992559,Thigh,walk,0.13908,1.364448,0.090768,-21.49,-4.41,0.49,-57
1787063185345,992576,Thigh,walk,0.092232,1.383968,0.114192,-29.68,10.22,8.96,-57
1787063185345,992593,Thigh,walk,0.07808,1.40056,0.122976,-48.72,16.59,12.95,-57
1787063185345,992623,Thigh,walk,-0.226432,1.0492,0.155672,-73.5,19.6,14,-57
1787063185345,992640,Thigh,walk,-0.309392,0.945744,0.139568,-80.5,11.76,3.71,-57
1787063185345,992657,Thigh,walk,-0.446032,0.973072,0.140544,-84.98,6.09,-8.47,-57
1787063185345,992674,Thigh,walk,-0.502152,1.034072,0.154696,-101.99,-10.78,-10.99,-57
1787063185345,992691,Thigh,walk,-0.4026,1.047248,0.114192,-114.31,-33.11,-6.79,-57
1787063185703,992870,Thigh,walk,-0.284016,0.820816,0.238144,-94.29,44.73,1.4,-57
1787063185703,992901,Thigh,walk,-0.188368,0.70028,0.256688,-82.39,23.03,6.23,-57
1787063185703,992918,Thigh,walk,-0.089304,0.67588,0.276696,-66.99,17.64,6.72,-57
1787063185703,992935,Thigh,walk,-0.011224,0.675392,0.294752,-50.33,20.44,6.93,-57
1787063185703,992952,Thigh,walk,0.00732,0.674904,0.306952,-24.29,19.18,7.35,-57
1787063185703,992983,Thigh,walk,-0.044408,0.605608,0.329888,-11.83,5.74,7,-57
1787063185703,993000,Thigh,walk,-0.057096,0.580232,0.312808,2.52,-0.07,5.25,-57
1787063185703,993016,Thigh,walk,-0.060512,0.543144,0.316224,10.36,-0.28,3.99,-57
1787063185703,993033,Thigh,walk,-0.051728,0.545096,0.359656,25.55,3.99,1.47,-57
1787063185703,993050,Thigh,walk,-0.06832,0.575352,0.43188,40.95,8.54,-0.35,-57
1787063186063,993226,Thigh,walk,-0.035624,0.632936,0.43676,1.68,59.92,23.8,-53
1787063186063,993257,Thigh,walk,-0.147376,1.63724,0.294752,62.79,35,20.72,-53
1787063186063,993274,Thigh,walk,-0.188368,1.714832,0.530456,7.35,34.79,17.08,-53
1787063186063,993291,Thigh,walk,-0.138592,1.3664,0.632448,-10.15,44.17,15.89,-53
1787063186063,993308,Thigh,walk,-0.152256,1.047248,0.49532,-22.54,81.97,15.96,-53
1787063186063,993339,Thigh,walk,-0.460672,0.49532,-0.2806,34.72,26.04,21,-53
1787063186063,993356,Thigh,walk,-0.432368,0.464576,-0.209352,76.79,-40.18,31.43,-53
1787063186063,993372,Thigh,walk,-0.0732,0.831552,-0.017568,99.4,-58.87,24.5,-53
1787063186063,993390,Thigh,walk,0.305976,1.338096,0.013176,95.69,-40.53,14.21,-53
1787063186063,993406,Thigh,walk,0.404064,1.434232,0.030256,56.63,-11.41,14.14,-53
1787063186423,993585,Thigh,walk,0.099064,1.001864,0.132736,40.67,-67.76,-3.29,-53
1787063186423,993616,Thigh,walk,0.203984,0.999912,0.214232,30.31,-42.98,-4.76,-53
1787063186423,993633,Thigh,walk,0.196664,0.988688,0.230824,29.61,-25.48,-2.87,-53
1787063186423,993650,Thigh,walk,0.1586,0.974536,0.24156,29.82,-18.2,-1.61,-53
1787063186423,993667,Thigh,walk,0.08784,0.978928,0.237168,29.89,-12.46,0.07,-53
1787063186423,993698,Thigh,walk,-0.027328,0.968192,0.203984,30.31,-24.15,1.33,-53
1787063186423,993715,Thigh,walk,-0.050264,0.9516,0.178608,32.34,-34.16,0.98,-53
1787063186423,993732,Thigh,walk,-0.0244,0.960872,0.14152,34.3,-39.13,0.42,-53
1787063186423,993749,Thigh,walk,0.023424,0.962336,0.111264,32.97,-37.31,-0.42,-53
1787063186423,993765,Thigh,walk,0.042944,0.9516,0.104432,32.97,-32.06,-2.8,-53
1787063186782,993942,Thigh,walk,0.005368,1.0248,0.086864,22.33,-29.68,-10.5,-53
1787063186782,993973,Thigh,walk,0.035136,1.062376,0.161528,21.7,-32.83,-18.13,-53
1787063186782,993990,Thigh,walk,0.13908,1.184864,0.20496,17.99,-31.36,-19.11,-53
1787063186782,994007,Thigh,walk,0.25132,1.320528,0.215696,7.07,-24.99,-14.98,-53
1787063186782,994024,Thigh,walk,0.283528,1.342976,0.252296,-10.01,-5.67,-3.43,-53
1787063186782,994055,Thigh,walk,0.1708,1.287344,0.276696,-34.02,20.02,12.95,-53
1787063186782,994072,Thigh,walk,-0.028304,1.192184,0.286456,-57.82,26.6,19.11,-53
1787063186782,994089,Thigh,walk,-0.154208,1.011624,0.370392,-68.88,28.21,14.21,-53
1787063186782,994106,Thigh,walk,-0.350384,1.007232,0.390888,-71.33,27.79,-0.63,-53
1787063186782,994123,Thigh,walk,-0.435296,1.121424,0.313784,-89.74,24.22,-7.35,-53
1787063187140,994300,Thigh,walk,-0.284016,0.832528,0.25132,-103.39,59.85,2.1,-52
1787063187140,994332,Thigh,walk,-0.27084,0.76616,0.237168,-91.49,50.75,1.05,-52
1787063187140,994349,Thigh,walk,-0.198616,0.675392,0.244,-84.77,38.78,3.57,-52
1787063187140,994366,Thigh,walk,-0.176168,0.589992,0.245464,-68.32,29.61,2.87,-52
1787063187140,994383,Thigh,walk,-0.11712,0.577792,0.276696,-45.01,25.41,0.28,-52
1787063187140,994414,Thigh,walk,-0.059536,0.637328,0.283528,-15.89,11.55,0.91,-52
1787063187140,994431,Thigh,walk,-0.052704,0.64904,0.271328,-6.58,-2.31,4.27,-52
1787063187140,994448,Thigh,walk,-0.047336,0.610488,0.296216,0.77,-12.46,5.25,-52
1787063187140,994465,Thigh,walk,-0.020984,0.491904,0.327936,7.42,-14.07,4.83,-52
1787063187140,994482,Thigh,walk,0.022448,0.432856,0.40504,27.79,-9.73,2.17,-52
1787063187500,994659,Thigh,walk,-0.123952,1.63236,0.316712,35.63,51.38,-0.91,-52
1787063187500,994690,Thigh,walk,-0.162504,1.248792,0.355264,-21.98,11.27,8.96,-52
1787063187500,994707,Thigh,walk,-0.033184,0.737368,0.335744,-1.19,35.14,14.28,-52
1787063187500,994724,Thigh,walk,-0.15616,0.633424,0.000976,35.56,48.86,16.59,-52
1787063187500,994741,Thigh,walk,-0.25864,0.634888,-0.320616,65.73,-7.42,30.66,-52
1787063187500,994772,Thigh,walk,-0.07076,1.005768,-0.020984,101.71,-56.56,24.64,-52
1787063187500,994789,Thigh,walk,0.023912,1.164856,0.093696,83.79,-40.67,10.15,-52
1787063187500,994806,Thigh,walk,0.221064,1.181448,0.106872,72.03,-21.56,6.72,-52
1787063187500,994823,Thigh,walk,0.230824,0.994544,0.069784,64.05,9.8,7.14,-52
1787063187500,994840,Thigh,walk,0.109312,0.99796,0.099064,57.33,14.28,5.53,-52
1787063187858,995017,Thigh,walk,0.18056,0.981368,0.135176,35.91,-56,-3.92,-52
1787063187858,995048,Thigh,walk,0.169824,0.98088,0.16592,37.31,-31.22,-1.05,-52
1787063187858,995065,Thigh,walk,0.099552,0.969656,0.186416,38.71,-19.32,0.84,-52
1787063187858,995082,Thigh,walk,0.05612,0.9638,0.197152,39.55,-18.83,1.47,-52
1787063187858,995099,Thigh,walk,-0.01952,0.947208,0.195688,40.81,-22.12,1.05,-52
1787063187858,995130,Thigh,walk,-0.059536,0.947696,0.13664,47.32,-35.84,-1.61,-52
1787063187858,995147,Thigh,walk,-0.042456,0.950624,0.115656,48.37,-35.84,-2.52,-52
1787063187858,995164,Thigh,walk,-0.014152,0.953064,0.076128,48.02,-34.23,-3.36,-52
1787063187858,995181,Thigh,walk,0.022936,0.969656,0.062464,47.25,-31.92,-5.67,-52
1787063187858,995198,Thigh,walk,0.059536,0.996496,0.09516,44.31,-26.95,-6.58,-52
1787063188218,995375,Thigh,walk,0.097112,1.118008,0.188856,8.68,-25.13,-9.03,-52
1787063188218,995406,Thigh,walk,0.277672,1.44692,0.251808,-12.25,-15.19,-4.48,-52
1787063188218,995423,Thigh,walk,0.301096,1.508896,0.265472,-31.36,-1.19,8.47,-52
1787063188218,995440,Thigh,walk,0.21472,1.515728,0.230824,-41.3,6.58,25.2,-52
1787063188218,995457,Thigh,walk,-0.028792,1.35176,0.173728,-66.08,20.93,31.29,-52
1787063188218,995488,Thigh,walk,-0.49044,0.939888,0.223992,-89.11,16.73,12.74,-52
1787063188218,995505,Thigh,walk,-0.616344,0.913048,0.19032,-104.65,17.99,-1.61,-52
1787063188218,995522,Thigh,walk,-0.621224,0.992104,0.155672,-135.03,-0.21,-24.57,-52
1787063188218,995539,Thigh,walk,-0.528504,1.236592,0.022936,-157.29,-47.67,-33.88,-52
1787063188218,995556,Thigh,walk,-0.4148,1.408856,-0.08296,-149.73,-107.24,-27.93,-52
1787063188578,995734,Thigh,walk,-0.202032,0.628056,0.204472,-72.8,17.92,-10.29,-48
1787063188578,995765,Thigh,walk,-0.03416,0.55388,0.248392,-48.58,22.54,-10.85,-48
1787063188578,995782,Thigh,walk,-0.010736,0.537288,0.254736,-28.35,17.85,-7.07,-48
1787063188578,995799,Thigh,walk,-0.018056,0.535336,0.257176,-19.04,10.29,-5.53,-48
1787063188578,995816,Thigh,walk,-0.058072,0.526552,0.285968,-0.28,-10.71,-3.08,-48
1787063188578,995847,Thigh,walk,-0.040992,0.488488,0.35624,24.36,-38.5,-4.2,-48
1787063188578,995864,Thigh,walk,0.025376,0.469456,0.401136,43.75,-40.88,-5.67,-48
1787063188578,995881,Thigh,walk,0.044408,0.493856,0.444568,65.45,-32.97,-9.1,-48
1787063188578,995898,Thigh,walk,0.026352,0.59292,0.572912,85.96,-28,-13.58,-48
1787063188578,995915,Thigh,walk,-0.046848,0.666608,0.84668,105.63,-35,-18.13,-48
1787063188937,996093,Thigh,walk,-0.157136,0.879376,0.201544,1.89,20.58,4.34,-48
1787063188937,996124,Thigh,walk,-0.32208,0.43432,-0.161528,55.23,-61.74,14.14,-48
1787063188937,996141,Thigh,walk,-0.256688,0.460672,-0.189344,89.53,-92.61,16.17,-48
1787063188937,996158,Thigh,walk,0.04148,0.80276,-0.106872,96.74,-90.37,10.78,-48
1787063188937,996175,Thigh,walk,0.277184,1.218048,0.057584,83.51,-55.65,1.26,-48
1787063188937,996206,Thigh,walk,0.26108,1.0858,0.131272,48.09,-31.15,7.98,-48
1787063188937,996223,Thigh,walk,0.186416,0.999912,0.143472,45.64,-25.69,5.46,-48
1787063188937,996240,Thigh,walk,0.017568,1.026752,0.137128,37.94,-10.78,3.85,-48
1787063188937,996257,Thigh,walk,-0.166408,0.948672,0.166408,34.02,-14.77,5.39,-48
1787063188937,996274,Thigh,walk,-0.225456,0.906704,0.186416,45.71,-43.61,7.42,-48
1787063189297,996453,Thigh,walk,0.187392,0.99064,0.177144,31.01,-65.17,-3.78,-48
1787063189297,996483,Thigh,walk,0.070272,0.992104,0.172264,22.26,-63.7,-5.6,-48
1787063189297,996500,Thigh,walk,-0.028304,0.977952,0.17812,21.35,-71.05,-6.51,-48
1787063189297,996517,Thigh,walk,-0.069296,0.97356,0.17324,21.98,-74.13,-7.14,-48
1787063189297,996534,Thigh,walk,-0.032696,0.982832,0.1464,18.97,-78.47,-8.54,-48
1787063189297,996565,Thigh,walk,0.049288,0.976976,0.110776,13.93,-77.98,-9.52,-48
1787063189297,996582,Thigh,walk,0.088328,0.981856,0.130784,11.76,-73.29,-9.31,-48
1787063189297,996599,Thigh,walk,0.116144,0.978928,0.164456,10.29,-67.55,-9.59,-48
1787063189297,996616,Thigh,walk,0.12444,0.962824,0.1952,10.5,-61.81,-10.01,-48
1787063189297,996633,Thigh,walk,0.126392,0.961848,0.204472,11.41,-57.61,-10.57,-48
1787063189660,996811,Thigh,walk,0.081496,1.417152,0.294752,2.66,-50.75,-13.93,-50
1787063189660,996842,Thigh,walk,0.020984,1.512312,0.22936,-50.19,-44.17,7.84,-50
1787063189660,996860,Thigh,walk,-0.10248,1.399584,0.19032,-64.47,-42.7,15.68,-50
1787063189660,996876,Thigh,walk,-0.260592,1.150216,0.152256,-95.76,-38.15,15.75,-50
1787063189660,996893,Thigh,walk,-0.393328,0.979416,0.201056,-118.44,-36.68,4.9,-50
1787063189660,996924,Thigh,walk,-0.566568,0.99796,0.153232,-130.48,-57.61,-27.65,-50
1787063189660,996941,Thigh,walk,-0.619272,1.13216,0.08052,-128.17,-100.38,-32.9,-50
1787063189660,996958,Thigh,walk,-0.382592,1.129232,-0.066368,-111.3,-143.99,-28.28,-50
1787063189660,996975,Thigh,walk,-0.179584,1.148752,-0.10248,-82.18,-137.34,-19.88,-50
1787063189660,996992,Thigh,walk,0.20252,1.171688,-0.097112,-78.75,-115.5,-11.76,-50
1787063190021,997173,Thigh,walk,-0.003416,0.732976,0.33916,-28.63,-16.87,-9.17,-50
1787063190021,997204,Thigh,walk,0.042456,0.638304,0.436272,-5.04,-24.36,-3.99,-50
1787063190021,997222,Thigh,walk,0.023912,0.609024,0.449936,12.88,-31.57,-2.38,-50
1787063190021,997238,Thigh,walk,-0.00488,0.609024,0.437736,21.42,-32.48,-3.5,-50
1787063190021,997255,Thigh,walk,-0.020984,0.630496,0.40992,35,-29.54,-5.04,-50
1787063190021,997286,Thigh,walk,-0.081984,0.709064,0.401624,47.46,-12.95,-14.35,-50
1787063190021,997303,Thigh,walk,-0.144448,0.776408,0.438224,52.5,-10.36,-16.94,-50
1787063190021,997320,Thigh,walk,-0.166408,0.880352,0.503128,57.19,-7.49,-18.34,-50
1787063190021,997337,Thigh,walk,-0.14152,0.986736,0.598288,48.23,-5.39,-14.28,-50
1787063190021,997354,Thigh,walk,-0.130784,1.034072,0.736392,28.56,-4.48,-8.19,-50
1787063190381,997533,Thigh,walk,-0.3172,0.941352,0.476288,-3.29,12.6,14,-50
1787063190381,997565,Thigh,walk,-0.148352,0.620736,0.018056,44.45,0.98,22.82,-50
1787063190381,997582,Thigh,walk,-0.186904,0.684176,-0.162016,70.49,-25.55,23.31,-50
1787063190381,997598,Thigh,walk,-0.20008,0.78324,-0.150792,83.65,-48.93,16.45,-50
1787063190381,997615,Thigh,walk,-0.132736,1.048712,-0.059048,92.05,-56.49,13.79,-50
1787063190381,997646,Thigh,walk,0.1586,1.13216,0.088328,57.05,-30.87,13.37,-50
1787063190381,997663,Thigh,walk,0.25376,1.010648,0.113704,56.63,-18.2,11.9,-50
1787063190381,997680,Thigh,walk,0.177144,1.035536,0.076128,51.31,-2.03,7.42,-50
1787063190381,997697,Thigh,walk,0.086864,1.022848,0.149816,36.54,2.59,4.97,-50
1787063190381,997714,Thigh,walk,-0.00244,0.975024,0.210816,31.22,-4.41,6.02,-50
1787063190742,997891,Thigh,walk,0.183976,0.991128,0.15616,44.03,-67.97,-7.98,-54
1787063190742,997923,Thigh,walk,0.099064,0.983808,0.122,45.99,-41.16,-6.93,-54
1787063190742,997940,Thigh,walk,0.058072,0.978928,0.124928,45.36,-38.85,-6.16,-54
1787063190742,997957,Thigh,walk,-0.016592,0.961848,0.147376,44.87,-40.6,-6.16,-54
1787063190742,997973,Thigh,walk,-0.057584,0.953064,0.164944,46.48,-46.06,-6.44,-54
1787063190742,998004,Thigh,walk,-0.060024,0.9638,0.133712,47.18,-53.76,-7.56,-54
1787063190742,998021,Thigh,walk,-0.036112,0.962824,0.116144,47.6,-57.4,-8.82,-54
1787063190742,998038,Thigh,walk,0.002928,0.98576,0.124928,47.67,-57.26,-8.96,-54
1787063190742,998055,Thigh,walk,0.057584,1.003328,0.132736,44.1,-51.94,-8.75,-54
1787063190742,998072,Thigh,walk,0.081984,1.009184,0.133712,39.06,-43.4,-8.75,-54
1787063191101,998250,Thigh,walk,0.096136,1.09068,0.06344,9.66,-46.97,-9.38,-54
1787063191101,998281,Thigh,walk,0.124928,1.27368,0.089304,-2.1,-34.93,-6.44,-54
1787063191101,998298,Thigh,walk,0.127368,1.340048,0.143472,-7.42,-27.93,-3.29,-54
1787063191101,998315,Thigh,walk,0.100528,1.400072,0.193736,-20.23,-14.91,1.82,-54
1787063191101,998332,Thigh,walk,-0.00976,1.362984,0.20984,-45.08,-9.24,7.35,-54
1787063191101,998362,Thigh,walk,-0.2562,1.086288,0.266936,-73.57,-4.55,10.15,-54
1787063191101,998379,Thigh,walk,-0.406016,1.01992,0.273768,-87.78,-4.27,-2.59,-54
1787063191101,998396,Thigh,walk,-0.477264,1.057984,0.25376,-110.25,-9.52,-21.28,-54
1787063191101,998413,Thigh,walk,-0.498736,1.101416,0.14884,-136.29,-32.34,-34.93,-54
1787063191101,998430,Thigh,walk,-0.46116,1.20292,0.096624,-143.71,-48.86,-37.17,-54
1787063191460,998609,Thigh,walk,-0.330864,0.682712,0.211304,-80.43,54.81,-9.52,-54
1787063191460,998640,Thigh,walk,-0.276208,0.665144,0.22204,-62.72,21.21,-9.52,-54
1787063191460,998657,Thigh,walk,-0.18788,0.670024,0.277184,-49.28,17.5,-8.82,-54
1787063191460,998674,Thigh,walk,-0.107848,0.661728,0.31232,-37.87,9.31,-7.98,-54
1787063191460,998691,Thigh,walk,-0.060024,0.638304,0.310368,-23.52,-2.94,-4.06,-54
1787063191460,998721,Thigh,walk,-0.072224,0.58072,0.318176,0.91,-25.41,2.52,-54
1787063191460,998738,Thigh,walk,-0.079056,0.539728,0.369416,17.64,-32.2,4.76,-54
1787063191460,998755,Thigh,walk,-0.074176,0.518256,0.393816,34.44,-30.1,4.34,-54
1787063191460,998772,Thigh,walk,-0.06832,0.528504,0.388936,48.23,-22.61,1.89,-54
1787063191460,998789,Thigh,walk,-0.05368,0.587064,0.398208,54.74,-18.27,-0.84,-54
1787063191820,998968,Thigh,walk,-0.144936,1.858304,0.319152,22.05,87.15,-18.76,-69
1787063191820,998999,Thigh,walk,-0.328424,1.15656,0.567544,-64.89,32.62,3.78,-69
1787063191820,999016,Thigh,walk,-0.281576,0.401136,0.341112,-29.68,50.33,7.07,-69
1787063191820,999034,Thigh,walk,-0.349896,0.389424,-0.06832,44.03,36.26,15.75,-69
1787063191820,999051,Thigh,walk,-0.33428,0.584136,-0.242536,66.5,-35.63,37.38,-69
1787063191820,999082,Thigh,walk,0.033184,0.962336,0.036112,99.75,-86.66,32.97,-69
1787063191820,999099,Thigh,walk,0.260104,1.392752,0.08296,92.12,-61.6,13.58,-69
1787063191820,999116,Thigh,walk,0.27816,1.260016,0.092232,50.4,-18.83,9.24,-69
1787063191820,999132,Thigh,walk,0.23424,1.046272,0.109312,46.48,6.65,5.25,-69
1787063191820,999149,Thigh,walk,0.119072,0.920368,0.11468,46.69,13.79,2.45,-69
1787063192182,999327,Thigh,walk,0.2196,1.006744,0.130784,30.24,-84.42,-1.26,-69
1787063192182,999358,Thigh,walk,0.222528,0.986248,0.17568,30.1,-57.33,-1.4,-69
1787063192182,999375,Thigh,walk,0.152256,0.976488,0.183488,32.41,-40.32,-0.14,-69
1787063192182,999392,Thigh,walk,0.05368,0.976488,0.176168,34.93,-34.58,0.07,-69
1787063192182,999409,Thigh,walk,-0.020008,0.97112,0.174216,36.4,-41.51,-1.12,-69
1787063192182,999440,Thigh,walk,-0.083936,0.98332,0.1708,40.04,-59.57,-1.82,-69
1787063192182,999457,Thigh,walk,-0.051728,0.992104,0.142008,37.94,-65.52,-1.54,-69
1787063192182,999474,Thigh,walk,-0.040992,0.995032,0.088328,33.46,-63.14,-2.8,-69
1787063192182,999490,Thigh,walk,0.013664,1.004304,0.082472,31.08,-61.11,-3.71,-69
1787063192182,999507,Thigh,walk,0.06588,1.023824,0.09272,24.36,-55.51,-5.39,-69
1787063192541,999685,Thigh,walk,0.056608,0.934032,0.025376,19.46,-47.04,-8.47,-69
1787063192541,999716,Thigh,walk,0,0.932568,0.00488,25.48,-38.99,-14.21,-69
1787063192541,999733,Thigh,walk,-0.024888,0.9272,0.025864,30.24,-41.79,-13.65,-69
1787063192541,999750,Thigh,walk,-0.066368,0.929152,0.023424,33.32,-47.81,-11.62,-69
1787063192541,999767,Thigh,walk,-0.080032,0.930616,0.035136,36.12,-53.48,-10.92,-69
1787063192541,999798,Thigh,walk,-0.098088,1.004792,0.079544,35.63,-65.38,-12.46,-69
1787063192541,999815,Thigh,walk,-0.095648,0.979416,0.122,35.21,-72.87,-12.6,-69
1787063192541,999832,Thigh,walk,-0.084424,0.98088,0.149328,34.51,-75.11,-14.56,-69
1787063192541,999849,Thigh,walk,-0.057096,1.043832,0.227408,31.43,-76.79,-15.82,-69
1787063192541,999865,Thigh,walk,0.071736,1.338096,0.313296,26.18,-71.96,-20.93,-69
1787063192900,1000044,Thigh,walk,0.103944,1.240496,-0.174216,-98,-110.46,3.36,-69
1787063192900,1000075,Thigh,walk,0.245464,1.0858,-0.10248,-95.06,-28.42,18.41,-69
1787063192900,1000092,Thigh,walk,0.25132,0.98576,0.049776,-105.7,15.33,27.3,-69
1787063192900,1000109,Thigh,walk,0.090768,0.938424,0.05856,-113.19,43.47,19.39,-69
1787063192900,1000126,Thigh,walk,-0.035624,0.9028,0.084424,-108.78,44.03,-0.14,-69
1787063192900,1000157,Thigh,walk,-0.354288,0.721264,0.245952,-89.18,35.84,-13.86,-69
1787063192900,1000174,Thigh,walk,-0.355264,0.710528,0.27084,-69.51,12.67,-12.11,-69
1787063192900,1000191,Thigh,walk,-0.296216,0.765672,0.285968,-63.91,-2.17,-10.92,-69
1787063192900,1000208,Thigh,walk,-0.210328,0.839848,0.279136,-56.7,-21.49,-8.54,-69
1787063192900,1000225,Thigh,walk,-0.116632,0.854976,0.24644,-51.59,-27.58,-5.74,-69
1787063193260,1000404,Thigh,walk,-0.173728,0.691496,0.496296,53.2,7.35,-20.16,-71
1787063193260,1000435,Thigh,walk,-0.17812,0.897432,0.59048,60.9,-4.27,-20.93,-71
1787063193260,1000452,Thigh,walk,-0.19032,1.038464,0.691984,50.61,-10.01,-17.01,-71
1787063193260,1000469,Thigh,walk,-0.252296,1.09556,0.75884,31.01,-10.71,-7.07,-71
1787063193260,1000486,Thigh,walk,-0.271328,1.082384,0.769576,12.11,-9.87,3.36,-71
1787063193260,1000517,Thigh,walk,-0.116632,0.926224,0.65636,-0.98,-3.64,6.72,-71
1787063193260,1000534,Thigh,walk,-0.08296,0.911584,0.54656,-3.85,8.89,2.94,-71
1787063193260,1000551,Thigh,walk,-0.05856,0.872544,0.493368,-6.65,18.34,2.45,-71
1787063193260,1000568,Thigh,walk,-0.058072,0.761768,0.439688,-10.92,32.55,4.76,-71
1787063193260,1000585,Thigh,walk,-0.0488,0.645136,0.447496,-2.45,37.8,10.57,-71
1787063193623,1000763,Thigh,walk,0.220576,1.398608,0.086376,92.26,-74.62,13.86,-71
1787063193623,1000795,Thigh,walk,0.366488,1.107272,0.121024,43.47,-26.88,16.87,-71
1787063193623,1000812,Thigh,walk,0.271328,0.91988,0.130784,47.74,0.98,10.22,-71
1787063193623,1000829,Thigh,walk,0.118584,0.952576,0.125416,39.13,22.26,3.85,-71
1787063193623,1000846,Thigh,walk,0.03904,0.953552,0.155672,31.01,26.81,4.34,-71
1787063193623,1000877,Thigh,walk,-0.162992,0.940376,0.232776,29.82,-4.97,8.54,-71
1787063193623,1000894,Thigh,walk,-0.1708,0.971608,0.234728,35.21,-35.77,11.27,-71
1787063193623,1000911,Thigh,walk,-0.149328,0.994056,0.213744,35.14,-65.8,12.04,-71
1787063193623,1000928,Thigh,walk,-0.106384,0.979416,0.169336,33.32,-67.69,11.83,-71
1787063193623,1000945,Thigh,walk,-0.05368,0.9638,0.128832,32.9,-81.76,10.92,-71
1787063193989,1001123,Thigh,walk,-0.123952,0.944768,0.1708,44.1,-26.32,-9.38,-71
1787063193989,1001154,Thigh,walk,-0.131272,0.970632,0.141032,47.53,-42.63,-8.61,-71
1787063193989,1001171,Thigh,walk,-0.097112,0.9882,0.114192,44.87,-52.29,-9.24,-71
1787063193989,1001188,Thigh,walk,-0.023424,0.996496,0.122488,40.95,-57.68,-10.5,-71
1787063193989,1001205,Thigh,walk,0.013176,0.997472,0.130784,36.12,-57.05,-10.71,-71
1787063193989,1001236,Thigh,walk,0.14152,0.967704,0.168848,34.02,-55.51,-11.48,-71
1787063193989,1001253,Thigh,walk,0.158112,0.970144,0.134688,33.74,-54.04,-12.11,-71
1787063193989,1001270,Thigh,walk,0.146888,0.98576,0.111752,32.9,-52.43,-11.62,-71
1787063193989,1001287,Thigh,walk,0.096136,0.96868,0.081984,31.85,-48.02,-8.19,-71
1787063193989,1001304,Thigh,walk,0.061,0.960384,0.084912,34.65,-43.89,-6.02,-71
1787063194343,1001482,Thigh,walk,-0.418704,0.887672,0.231312,-87.5,-5.25,20.51,-66
1787063194343,1001513,Thigh,walk,-0.582184,0.898408,0.235704,-98.14,-27.09,-19.25,-66
1787063194343,1001530,Thigh,walk,-0.58072,1.037,0.1708,-125.72,-50.89,-36.75,-66
1787063194343,1001547,Thigh,walk,-0.503128,1.162416,0.051728,-137.48,-92.68,-30.38,-66
1787063194343,1001564,Thigh,walk,-0.393816,1.229272,0.012688,-134.26,-135.31,-14.7,-66
1787063194343,1001595,Thigh,walk,0.313296,1.289296,-0.217648,-96.04,-90.3,4.62,-66
1787063194343,1001612,Thigh,walk,0.40016,1.174616,-0.19032,-91.63,-33.53,14.84,-66
1787063194343,1001629,Thigh,walk,0.428464,1.085312,-0.061,-93.8,-10.64,18.69,-66
1787063194343,1001646,Thigh,walk,0.37088,1.05408,0.129808,-103.67,32.55,20.02,-66
1787063194343,1001663,Thigh,walk,0.178608,0.936472,0.227896,-111.79,61.81,14.91,-66
1787063194723,1001843,Thigh,walk,-0.079544,0.61732,0.328912,3.36,-11.2,17.5,-66
1787063194723,1001873,Thigh,walk,-0.041968,0.584136,0.372832,24.43,-8.05,12.46,-66
1787063194723,1001890,Thigh,walk,-0.017568,0.607072,0.374296,34.93,3.22,7.28,-66
1787063194723,1001907,Thigh,walk,-0.011712,0.661728,0.382592,42.07,15.26,1.33,-66
1787063194723,1001924,Thigh,walk,-0.020984,0.701256,0.40748,51.31,25.97,-5.88,-66
1787063194723,1001955,Thigh,walk,-0.137616,0.979416,0.629032,60.76,36.75,-9.59,-66
1787063194723,1001972,Thigh,walk,-0.198128,1.060424,0.779336,51.87,30.52,-2.45,-66
1787063194723,1001989,Thigh,walk,-0.28304,1.174616,0.834968,38.08,20.86,1.68,-66
1787063194723,1002006,Thigh,walk,-0.248392,1.065304,0.885232,9.66,8.33,5.25,-66
1787063194723,1002023,Thigh,walk,-0.176168,0.892064,0.811544,7.7,15.68,4.06,-66
1787063195063,1002201,Thigh,walk,-0.383568,0.497272,-0.122,38.57,-21.35,30.73,-66
1787063195063,1002233,Thigh,walk,-0.066856,0.687592,-0.009272,90.02,-102.41,34.09,-66
1787063195063,1002249,Thigh,walk,0.204472,1.181936,0.055632,103.32,-84.35,10.15,-66
1787063195063,1002266,Thigh,walk,0.253272,1.41276,0.0122,70.98,-49.91,5.46,-66
1787063195063,1002283,Thigh,walk,0.249856,1.230736,0.052704,50.54,-22.54,11.62,-66
1787063195063,1002314,Thigh,walk,0.20008,0.948184,0.147376,50.47,12.6,3.71,-66
1787063195063,1002331,Thigh,walk,0.166408,0.965264,0.1342,41.51,28.35,2.73,-66
1787063195063,1002348,Thigh,walk,0.027816,0.954528,0.116144,39.69,27.79,3.71,-66
1787063195063,1002365,Thigh,walk,-0.112728,0.955992,0.15616,40.04,8.12,7.28,-66
1787063195063,1002382,Thigh,walk,-0.186904,0.966728,0.203984,42.42,-24.08,9.73,-66
1787063195428,1002560,Thigh,walk,0.08784,0.98332,0.13664,35.28,-28.28,-0.42,-66
1787063195428,1002591,Thigh,walk,-0.020984,0.93452,0.138104,38.85,-32.06,-1.12,-66
1787063195428,1002608,Thigh,walk,-0.068808,0.91012,0.116632,44.66,-38.36,-2.45,-66
1787063195428,1002625,Thigh,walk,-0.073688,0.90768,0.072224,52.36,-42.14,-4.34,-66
1787063195428,1002642,Thigh,walk,-0.049288,0.926224,0.041968,55.23,-42.56,-5.53,-66
1787063195428,1002673,Thigh,walk,0.020984,0.960384,-0.003416,58.52,-37.03,-9.45,-66
1787063195428,1002690,Thigh,walk,0.05368,0.957456,0.02196,58.17,-34.37,-10.08,-66
1787063195428,1002707,Thigh,walk,0.079056,0.97356,0.087352,57.96,-28.42,-10.08,-66
1787063195428,1002724,Thigh,walk,0.086864,1.014552,0.122488,55.09,-24.99,-8.4,-66
1787063195428,1002741,Thigh,walk,0.083448,1.042856,0.12444,48.79,-24.85,-4.55,-66
1787063195780,1002921,Thigh,walk,0.13176,1.426912,0.200568,-30.17,-24.85,1.26,-73
1787063195780,1002952,Thigh,walk,0.094184,1.461072,0.210816,-58.45,-2.1,10.15,-73
1787063195780,1002968,Thigh,walk,-0.09028,1.279048,0.171288,-81.76,5.18,15.89,-73
1787063195780,1002985,Thigh,walk,-0.242048,1.087752,0.161528,-94.85,6.02,14.42,-73
1787063195780,1003002,Thigh,walk,-0.484584,1.05164,0.116632,-104.93,10.08,-5.39,-73
1787063195780,1003033,Thigh,walk,-0.560712,1.157048,0.058072,-149.87,-32.06,-40.11,-73
1787063195780,1003050,Thigh,walk,-0.46604,1.248792,0.034648,-157.01,-88.34,-40.25,-73
1787063195780,1003067,Thigh,walk,-0.172264,1.281488,-0.042944,-138.39,-100.94,-30.94,-73
1787063195780,1003084,Thigh,walk,0.148352,1.255136,-0.140056,-105.35,-80.29,-12.39,-73
1787063195780,1003101,Thigh,walk,0.315736,1.127768,-0.083448,-103.67,-41.3,1.19,-73
1787063196202,1003331,Thigh,walk,-0.133224,0.528992,0.25864,2.94,-3.22,12.04,-73
1787063196202,1003362,Thigh,walk,-0.103456,0.483608,0.340136,35.14,-23.45,10.92,-73
1787063196202,1003378,Thigh,walk,-0.07808,0.520208,0.394792,54.18,-21.14,7,-73
1787063196202,1003395,Thigh,walk,-0.035136,0.646112,0.492392,72.17,-11.34,-1.4,-73
1787063196202,1003412,Thigh,walk,-0.064904,0.865712,0.650992,82.11,4.76,-11.13,-73
1787063196202,1003443,Thigh,walk,-0.226432,1.198528,0.913536,68.95,19.95,-3.08,-73
1787063196202,1003460,Thigh,walk,-0.176656,1.243424,0.891088,27.44,27.72,10.29,-73
1787063196202,1003477,Thigh,walk,-0.108336,1.162416,0.760304,-6.44,43.96,14.84,-73
1787063196202,1003494,Thigh,walk,0.006832,0.935984,0.667584,-10.43,55.72,14.98,-73
1787063196202,1003511,Thigh,walk,0.003904,0.830576,0.522648,-6.09,77.63,14.63,-73
1787063196553,1003690,Thigh,walk,0.237656,1.391288,0.038552,94.36,-53.62,6.44,-73
1787063196553,1003721,Thigh,walk,0.286944,1.036512,0.138104,42.91,11.9,8.4,-73
1787063196553,1003737,Thigh,walk,0.198128,0.980392,0.105896,46.76,25.62,8.82,-73
1787063196553,1003755,Thigh,walk,0.118096,0.98088,0.142984,32.76,35.91,7.91,-73
1787063196553,1003771,Thigh,walk,0,0.91988,0.196176,29.19,41.3,11.06,-73
1787063196553,1003802,Thigh,walk,-0.191784,0.915,0.23424,45.36,8.61,15.26,-73
1787063196553,1003819,Thigh,walk,-0.217648,0.994544,0.204472,49.77,-24.57,16.45,-73
1787063196553,1003836,Thigh,walk,-0.1952,1.018944,0.181048,45.43,-47.04,14.84,-73
1787063196553,1003853,Thigh,walk,-0.118096,0.996496,0.128344,41.86,-52.29,13.37,-73
1787063196553,1003870,Thigh,walk,-0.0366,0.945256,0.092232,38.71,-56.14,8.82,-73
1787063196916,1004047,Thigh,walk,-0.124928,0.942328,0.166896,36.82,-33.18,-2.31,-73
1787063196916,1004078,Thigh,walk,-0.016104,0.957456,0.108336,36.82,-38.15,-5.18,-73
1787063196916,1004095,Thigh,walk,0.05856,0.9516,0.120048,38.57,-36.4,-8.19,-73
1787063196916,1004111,Thigh,walk,0.091744,0.935496,0.144448,42,-33.25,-10.22,-73
1787063196916,1004128,Thigh,walk,0.133712,0.914512,0.147864,45.08,-31.15,-9.8,-73
1787063196916,1004159,Thigh,walk,0.115656,1.00528,0.05124,45.15,-12.88,-3.78,-73
1787063196916,1004176,Thigh,walk,0.0976,1.01748,0.031232,42.35,-2.17,-3.08,-73
1787063196916,1004193,Thigh,walk,0.054168,1.026752,0.03172,34.86,-0.28,-4.48,-73
1787063196916,1004210,Thigh,walk,0.003416,1.01748,0.079544,30.52,-3.99,-9.1,-73
1787063196916,1004227,Thigh,walk,-0.01952,1.089704,0.147864,31.99,-14.14,-14.21,-73
1787063197286,1004405,Thigh,walk,-0.425536,0.957456,0.095648,-110.53,-52.15,-12.32,-73
1787063197286,1004436,Thigh,walk,-0.005856,1.269288,-0.054656,-108.57,-61.46,2.17,-73
1787063197286,1004453,Thigh,walk,0.122976,1.318088,-0.182512,-102.76,-33.74,8.33,-73
1787063197286,1004470,Thigh,walk,0.227408,1.253672,-0.17568,-103.39,-15.68,14.98,-73
1787063197286,1004486,Thigh,walk,0.185928,1.094584,-0.08052,-100.87,11.41,18.9,-73
1787063197286,1004517,Thigh,walk,0.085888,0.996984,0.113216,-101.99,39.97,23.52,-73
1787063197286,1004534,Thigh,walk,0.003416,0.950136,0.193248,-101.36,49.98,22.12,-73
1787063197286,1004551,Thigh,walk,-0.123952,0.906704,0.183976,-96.95,65.03,19.39,-73
1787063197286,1004568,Thigh,walk,-0.211792,0.85644,0.171776,-89.46,65.8,20.02,-73
1787063197286,1004585,Thigh,walk,-0.230824,0.837896,0.178608,-81.41,56.07,22.05,-73
1787063197634,1004766,Thigh,walk,-0.062464,0.603656,0.426024,17.85,5.04,3.71,-73
1787063197634,1004797,Thigh,walk,-0.074664,0.616344,0.46848,35.7,9.73,-0.07,-73
1787063197634,1004814,Thigh,walk,-0.09272,0.696376,0.520208,49.91,9.66,-1.54,-73
1787063197634,1004831,Thigh,walk,-0.099064,0.763232,0.61244,58.17,11.2,-3.99,-73
1787063197634,1004848,Thigh,walk,-0.099064,0.908656,0.675392,57.12,10.99,-5.32,-73
1787063197634,1004878,Thigh,walk,-0.12932,1.142896,0.92964,37.45,9.87,-13.79,-73
1787063197634,1004895,Thigh,walk,-0.291336,1.18096,0.910608,29.33,12.18,-6.51,-73
1787063197634,1004912,Thigh,walk,-0.343064,1.175592,0.715896,1.19,11.48,1.68,-73
1787063197634,1004929,Thigh,walk,-0.179584,0.98088,0.567056,-18.2,10.92,7.42,-73
1787063197634,1004946,Thigh,walk,-0.04636,0.84668,0.404064,-17.57,45.15,3.99,-73
1787063197992,1005124,Thigh,walk,-0.036112,0.918904,0.018056,92.19,-45.64,20.86,-80
1787063197992,1005155,Thigh,walk,0.276208,1.181448,0.065392,64.4,-8.19,10.99,-80
1787063197992,1005172,Thigh,walk,0.243024,1.033096,0.062464,52.29,2.31,7.91,-80
1787063197992,1005189,Thigh,walk,0.113704,0.99796,0.09028,46.9,5.32,4.9,-80
1787063197992,1005206,Thigh,walk,-0.023424,0.92476,0.19032,36.89,5.88,5.04,-80
1787063197992,1005237,Thigh,walk,-0.215696,0.871568,0.251808,48.3,-34.93,12.88,-80
1787063197992,1005253,Thigh,walk,-0.244488,0.959896,0.202032,56.84,-49.91,13.51,-80
1787063197992,1005270,Thigh,walk,-0.17324,1.027728,0.16104,54.88,-75.81,12.81,-80
1787063197992,1005287,Thigh,walk,-0.060024,1.00772,0.117608,45.08,-87.85,11.41,-80
1787063197992,1005304,Thigh,walk,-0.013176,0.969168,0.077104,38.92,-90.65,8.26,-80
1787063198352,1005483,Thigh,walk,-0.122976,0.954528,0.088328,45.43,-47.11,-0.63,-80
1787063198352,1005514,Thigh,walk,-0.01952,0.966728,0.034648,43.26,-51.1,-3.85,-80
1787063198352,1005531,Thigh,walk,0.00732,0.969168,0.042456,41.79,-51.17,-5.74,-80
1787063198352,1005548,Thigh,walk,0.051728,0.977464,0.054168,41.44,-49.28,-6.3,-80
1787063198352,1005565,Thigh,walk,0.076616,0.99796,0.079544,39.83,-43.47,-6.86,-80
1787063198352,1005596,Thigh,walk,0.083448,0.995032,0.131272,35.91,-38.57,-5.74,-80
1787063198352,1005613,Thigh,walk,0.07076,1.016992,0.133224,34.23,-38.22,-5.04,-80
1787063198352,1005630,Thigh,walk,0.032696,1.025776,0.11224,30.8,-40.39,-2.45,-80
1787063198352,1005647,Thigh,walk,0.014152,1.016992,0.090768,28.98,-43.47,-1.26,-80
1787063198352,1005663,Thigh,walk,0.024888,1.01748,0.052704,26.18,-45.85,-3.64,-80
1787063198717,1005842,Thigh,walk,-0.051728,1.22976,0.203496,-77.49,-9.8,17.92,-80
1787063198717,1005873,Thigh,walk,-0.477264,0.955992,0.118584,-110.53,-5.32,-0.35,-80
1787063198717,1005890,Thigh,walk,-0.541192,0.979416,0.097112,-131.74,-19.32,-23.52,-80
1787063198717,1005907,Thigh,walk,-0.562664,1.147288,0.059048,-139.86,-33.88,-30.66,-80
1787063198717,1005924,Thigh,walk,-0.435296,1.34444,0.015616,-151.34,-87.22,-31.92,-80
1787063198717,1005955,Thigh,walk,0.09272,1.338096,-0.156648,-122.36,-92.61,-3.22,-80
1787063198717,1005972,Thigh,walk,0.255712,1.10776,-0.109312,-105.49,-60.41,7.56,-80
1787063198717,1005989,Thigh,walk,0.375272,1.10044,-0.002928,-97.44,-21.98,18.62,-80
1787063198717,1006006,Thigh,walk,0.371368,1.133136,0.125416,-108.57,21.07,26.74,-80
1787063198717,1006023,Thigh,walk,0.30988,1.077016,0.142008,-125.16,53.97,20.37,-80
1787063199080,1006203,Thigh,walk,-0.11956,0.508984,0.302072,4.2,-26.32,8.26,-80
1787063199080,1006234,Thigh,walk,-0.034648,0.473848,0.345504,34.16,-32.83,2.87,-80
1787063199080,1006251,Thigh,walk,-0.050752,0.49288,0.358192,51.73,-28,-1.96,-80
1787063199080,1006269,Thigh,walk,-0.067344,0.511424,0.391376,68.25,-23.94,-7.21,-80
1787063199080,1006286,Thigh,walk,-0.081984,0.596336,0.422608,79.1,-21.49,-9.66,-80
1787063199080,1006317,Thigh,walk,-0.084424,1.231224,0.717848,89.74,-11.62,-9.03,-80
1787063199080,1006334,Thigh,walk,-0.155672,1.247328,0.813496,75.32,-13.02,4.48,-80
1787063199080,1006351,Thigh,walk,-0.142496,1.337608,0.960872,33.95,-16.1,10.36,-80
1787063199080,1006368,Thigh,walk,-0.132248,1.130208,1.0004,2.59,-18.76,13.09,-80
1787063199080,1006385,Thigh,walk,-0.112728,0.930128,0.80276,0.42,-12.32,7.77,-80
1787063199435,1006564,Thigh,walk,-0.36112,0.327448,-0.123952,42.21,-46.62,27.44,-82
1787063199435,1006595,Thigh,walk,-0.105408,0.722728,-0.110776,93.52,-85.26,15.96,-82
1787063199435,1006612,Thigh,walk,0.17568,1.170712,0.051728,83.58,-57.05,6.37,-82
1787063199435,1006629,Thigh,walk,0.254248,1.318576,0.078568,52.64,-32.13,7.63,-82
1787063199435,1006646,Thigh,walk,0.29768,1.21024,0.092232,38.08,-25.83,10.36,-82
1787063199435,1006677,Thigh,walk,0.140544,0.98576,0.104432,25.2,6.93,8.33,-82
1787063199435,1006694,Thigh,walk,0.038552,0.95404,0.124928,22.12,4.13,8.26,-82
1787063199435,1006711,Thigh,walk,-0.20008,0.887184,0.177632,23.03,-5.67,8.4,-82
1787063199435,1006728,Thigh,walk,-0.318664,0.895968,0.211792,37.66,-40.25,9.87,-82
1787063199435,1006745,Thigh,walk,-0.293288,1.009672,0.145424,47.04,-76.72,13.58,-82
1787063199808,1006922,Thigh,walk,0.12444,0.99308,0.216184,31.43,-47.32,-3.64,-82
1787063199808,1006952,Thigh,walk,-0.064416,0.974536,0.2074,31.85,-62.51,-0.42,-82
1787063199808,1006969,Thigh,walk,-0.078568,0.976,0.176168,30.31,-72.1,0.7,-82
1787063199808,1006986,Thigh,walk,-0.052216,0.957944,0.132736,30.52,-75.81,0.14,-82
1787063199808,1007003,Thigh,walk,-0.00488,0.960384,0.091256,31.64,-79.73,-2.1,-82
1787063199808,1007034,Thigh,walk,0.060024,0.97844,0.055632,27.51,-72.66,-6.79,-82
1787063199808,1007051,Thigh,walk,0.103456,0.982344,0.074664,25.9,-64.75,-9.38,-82
1787063199808,1007068,Thigh,walk,0.140544,0.973072,0.108824,26.25,-59.99,-10.43,-82
1787063199808,1007085,Thigh,walk,0.133712,0.942328,0.113704,30.38,-55.02,-7.56,-82
1787063199808,1007116,Thigh,walk,0.10736,0.974536,0.109312,31.92,-48.86,-7.14,-82
1787063200171,1007293,Thigh,walk,0.018056,1.3908,0.201544,-70.98,-44.1,11.83,-82
1787063200171,1007324,Thigh,walk,-0.343552,1.039928,0.11712,-111.16,-29.82,11.41,-82
1787063200171,1007341,Thigh,walk,-0.540216,0.904752,0.065392,-134.82,-16.03,-13.16,-82
1787063200171,1007358,Thigh,walk,-0.618784,0.98332,0.05124,-154.14,-38.78,-42.56,-82
1787063200171,1007375,Thigh,walk,-0.675392,1.135088,0.02196,-154.77,-64.05,-58.38,-82
1787063200171,1007406,Thigh,walk,-0.200568,1.346392,-0.087352,-118.51,-169.47,-35.07,-82
1787063200171,1007423,Thigh,walk,-0.008296,1.184864,-0.13176,-106.96,-137.34,-26.95,-82
1787063200171,1007440,Thigh,walk,0.254736,1.05164,-0.130784,-79.94,-118.44,-20.72,-82
1787063200171,1007457,Thigh,walk,0.413336,1.132648,-0.01708,-78.05,-73.57,-3.64,-82
1787063200171,1007474,Thigh,walk,0.413824,1.076528,0.0976,-94.22,-23.66,5.6,-82
1787063200539,1007656,Thigh,walk,-0.082472,0.575352,0.366488,-7.14,-21.98,5.46,-82
1787063200539,1007687,Thigh,walk,-0.061488,0.535336,0.414312,24.57,-39.13,2.31,-82
1787063200539,1007704,Thigh,walk,-0.0366,0.56852,0.426512,43.47,-39.97,0.21,-82
1787063200539,1007721,Thigh,walk,-0.040504,0.614392,0.417728,54.67,-31.99,-4.97,-82
1787063200539,1007738,Thigh,walk,-0.076128,0.6588,0.430904,63.35,-24.15,-11.27,-82
1787063200539,1007769,Thigh,walk,-0.128344,0.835944,0.528016,78.89,-16.59,-16.8,-82
1787063200539,1007786,Thigh,walk,-0.13176,1.031144,0.689544,72.1,-14.21,-12.81,-82
1787063200539,1007803,Thigh,walk,-0.11956,1.194136,0.871568,49.14,-9.87,-4.62,-82
1787063200539,1007820,Thigh,walk,-0.14152,1.218048,0.930128,36.89,-7.7,1.4,-82
1787063200539,1007837,Thigh,walk,-0.184464,1.106296,0.927688,15.26,-6.44,3.57,-82
1787063200892,1008016,Thigh,walk,-0.10248,0.579744,0.020984,16.66,28.35,11.97,-63
1787063200892,1008047,Thigh,walk,-0.244488,0.364536,-0.216184,70.35,-77,28.56,-63
1787063200892,1008064,Thigh,walk,-0.106384,0.737368,-0.122488,99.68,-79.31,18.83,-63
1787063200892,1008081,Thigh,walk,0.122488,1.23464,0.039528,90.79,-53.48,2.31,-63
1787063200892,1008098,Thigh,walk,0.194712,1.32736,0.062952,54.53,-28.28,4.06,-63
1787063200892,1008129,Thigh,walk,0.196176,1.001376,0.108824,45.78,-6.72,5.88,-63
1787063200892,1008146,Thigh,walk,0.134688,1.038464,0.123464,37.1,12.46,2.52,-63
1787063200892,1008163,Thigh,walk,0.009272,0.946232,0.194224,26.81,10.08,5.32,-63
1787063200892,1008180,Thigh,walk,-0.086376,0.887184,0.21716,28,-17.15,9.87,-63
1787063200892,1008197,Thigh,walk,-0.20252,0.882304,0.220576,42.98,-33.6,11.55,-63
1787063201259,1008375,Thigh,walk,0.125416,0.996984,0.1586,44.31,-25.62,-2.1,-63
1787063201259,1008406,Thigh,walk,-0.015616,0.986248,0.164944,39.83,-31.5,-2.31,-63
1787063201259,1008423,Thigh,walk,-0.093696,0.970632,0.14152,40.18,-42.49,-1.61,-63
1787063201259,1008440,Thigh,walk,-0.098088,0.983808,0.128344,41.23,-52.22,-0.56,-63
1787063201259,1008457,Thigh,walk,-0.06832,0.999424,0.110776,37.52,-57.33,-1.54,-63
1787063201259,1008488,Thigh,walk,-0.00244,0.9638,0.125904,30.94,-62.65,-6.02,-63
1787063201259,1008505,Thigh,walk,0.06588,0.979416,0.147376,30.52,-57.82,-8.33,-63
1787063201259,1008522,Thigh,walk,0.094672,1.120936,0.157136,26.81,-49.07,-8.12,-63
1787063201259,1008539,Thigh,walk,0.140544,0.994056,0.152744,25.62,-45.29,-5.32,-63
1787063201259,1008556,Thigh,walk,0.135664,0.994544,0.114192,25.9,-41.72,-3.57,-63
1787063201614,1008734,Thigh,walk,0.175192,1.472784,0.19276,-21.77,-32.2,-5.46,-63
1787063201614,1008765,Thigh,walk,0.082472,1.430328,0.216184,-64.54,-14.56,8.61,-63
1787063201614,1008782,Thigh,walk,-0.117608,1.148752,0.202032,-90.23,-11.62,19.18,-63
1787063201614,1008799,Thigh,walk,-0.380152,0.879864,0.17324,-102.55,-8.47,13.44,-63
1787063201614,1008816,Thigh,walk,-0.517768,0.834968,0.085888,-116.34,-8.47,-9.31,-63
1787063201614,1008847,Thigh,walk,-0.60024,1.214144,-0.005856,-143.5,-50.75,-40.46,-63
1787063201614,1008864,Thigh,walk,-0.453352,1.392752,-0.03904,-144.41,-114.03,-37.8,-63
1787063201614,1008881,Thigh,walk,-0.274744,1.362496,-0.067832,-119.07,-125.86,-19.67,-63
1787063201614,1008898,Thigh,walk,0.122,1.130208,-0.123464,-105.28,-108.99,-13.09,-63
1787063201614,1008915,Thigh,walk,0.293776,1.052616,-0.10004,-84.77,-76.09,-4.13,-63
1787063201974,1009096,Thigh,walk,-0.092232,0.693448,0.25864,-36.68,10.64,5.74,-62
1787063201974,1009126,Thigh,walk,-0.062952,0.583648,0.285968,-16.31,-19.67,9.87,-62
1787063201974,1009143,Thigh,walk,-0.067832,0.547536,0.321592,5.25,-25.83,10.22,-62
1787063201974,1009160,Thigh,walk,-0.052216,0.550464,0.37332,26.81,-30.73,10.36,-62
1787063201974,1009177,Thigh,walk,-0.025376,0.581208,0.393328,43.61,-24.92,8.68,-62
1787063201974,1009208,Thigh,walk,-0.044408,0.628544,0.38308,55.37,-10.43,2.24,-62
1787063201974,1009225,Thigh,walk,-0.045384,0.69296,0.42944,65.8,-4.76,-3.5,-62
1787063201974,1009242,Thigh,walk,-0.039528,0.82228,0.539728,76.02,0.35,-6.65,-62
1787063201974,1009259,Thigh,walk,-0.04636,0.913536,0.629032,78.12,-0.28,-3.01,-62
1787063201974,1009276,Thigh,walk,-0.088816,1.119472,0.803248,69.23,-3.43,1.19,-62
1787063202333,1009455,Thigh,walk,-0.216184,1.059448,0.428464,-17.01,39.34,-2.87,-62
1787063202333,1009486,Thigh,walk,-0.233264,0.401624,-0.004392,-13.37,35.91,17.01,-62
1787063202333,1009503,Thigh,walk,-0.315736,0.2684,-0.121024,41.72,-31.36,27.02,-62
1787063202333,1009519,Thigh,walk,-0.179096,0.464088,-0.115656,89.6,-79.31,34.58,-62
1787063202333,1009536,Thigh,walk,0.066856,1.011136,0.005368,107.45,-80.5,16.94,-62
1787063202333,1009567,Thigh,walk,0.211304,1.449848,0.028304,62.79,-46.9,4.62,-62
1787063202333,1009584,Thigh,walk,0.243024,0.997472,0.111752,40.46,-17.57,10.85,-62
1787063202333,1009601,Thigh,walk,0.224968,0.94916,0.126392,49.98,14.21,2.52,-62
1787063202333,1009618,Thigh,walk,0.142496,1.001864,0.09028,45.78,27.02,0.98,-62
1787063202333,1009635,Thigh,walk,-0.000976,0.99552,0.077104,32.48,33.32,2.94,-62
1787063202698,1009814,Thigh,walk,0.244,1.020408,0.137616,25.62,-72.87,-4.13,-67
1787063202698,1009846,Thigh,walk,0.151768,0.991616,0.162992,24.57,-51.1,1.33,-67
1787063202698,1009863,Thigh,walk,0.083448,0.996984,0.154696,23.66,-53.13,0.63,-67
1787063202698,1009880,Thigh,walk,0.014152,0.992104,0.135664,21.63,-61.67,-1.4,-67
1787063202698,1009896,Thigh,walk,-0.039528,0.98332,0.130784,22.96,-68.67,-1.89,-67
1787063202698,1009927,Thigh,walk,-0.059048,0.994056,0.115656,24.29,-75.46,-0.56,-67
1787063202698,1009944,Thigh,walk,-0.028304,0.982344,0.09516,23.03,-78.47,-1.19,-67
1787063202698,1009961,Thigh,walk,0.016104,0.965752,0.081984,22.05,-79.66,-3.29,-67
1787063202698,1009978,Thigh,walk,0.037576,0.964776,0.077592,22.26,-76.09,-5.53,-67
1787063202698,1009995,Thigh,walk,0.070272,0.971608,0.074664,21.42,-73.15,-6.23,-67
1787063203062,1010175,Thigh,walk,0.027816,1.013576,0.062464,31.57,-42.07,-8.82,-67
1787063203062,1010207,Thigh,walk,-0.02196,1.025288,0.058072,26.67,-48.58,-10.22,-67
1787063203062,1010224,Thigh,walk,-0.040992,1.014064,0.066368,25.97,-51.03,-11.13,-67
1787063203062,1010241,Thigh,walk,-0.032696,1.017968,0.070272,25.69,-57.82,-11.69,-67
1787063203062,1010257,Thigh,walk,-0.011712,0.999424,0.089304,25.48,-64.68,-13.09,-67
1787063203062,1010288,Thigh,walk,0.1342,1.16876,0.150304,24.71,-67.41,-17.57,-67
1787063203062,1010305,Thigh,walk,0.20984,1.289296,0.141032,11.97,-62.3,-15.26,-67
1787063203062,1010322,Thigh,walk,0.236192,1.32248,0.18544,-2.24,-45.36,-4.69,-67
1787063203062,1010339,Thigh,walk,0.229848,1.340536,0.195688,-18.06,-29.12,4.48,-67
1787063203062,1010356,Thigh,walk,0.165432,1.413248,0.177632,-28.56,-23.59,14.91,-67
1787063203418,1010535,Thigh,walk,0.381128,1.156072,-0.079544,-95.76,-56.14,5.88,-67
1787063203418,1010567,Thigh,walk,0.277672,0.985272,0.146888,-121.59,22.96,8.82,-67
1787063203418,1010584,Thigh,walk,0.0488,0.879864,0.148352,-122.64,31.99,-2.94,-67
1787063203418,1010601,Thigh,walk,-0.1464,0.729072,0.195688,-112.98,40.95,-8.12,-67
1787063203418,1010618,Thigh,walk,-0.260592,0.66612,0.217648,-96.74,41.23,-12.11,-67
1787063203418,1010648,Thigh,walk,-0.27328,0.699304,0.254736,-73.99,17.92,-11.34,-67
1787063203418,1010665,Thigh,walk,-0.197152,0.755912,0.281088,-61.39,6.51,-12.74,-67
1787063203418,1010682,Thigh,walk,-0.108336,0.769088,0.304512,-50.26,1.33,-14,-67
1787063203418,1010699,Thigh,walk,-0.071736,0.747616,0.319152,-40.53,-2.52,-11.9,-67
1787063203418,1010716,Thigh,walk,-0.016592,0.726632,0.318664,-34.86,-9.17,-8.61,-67
1787063203780,1010896,Thigh,walk,-0.19276,1.075552,0.777384,85.19,-23.24,-8.68,-61
1787063203780,1010927,Thigh,walk,-0.242536,1.201456,0.919392,24.71,-9.73,4.97,-61
1787063203780,1010944,Thigh,walk,-0.208376,1.087752,0.860832,11.06,-1.54,7,-61
1787063203780,1010961,Thigh,walk,-0.096624,0.884256,0.740784,5.95,3.29,6.65,-61
1787063203780,1010979,Thigh,walk,-0.038552,0.911584,0.545096,9.52,25.76,6.16,-61
1787063203780,1011010,Thigh,walk,-0.059048,0.895968,0.349408,-9.66,52.36,8.61,-61
1787063203780,1011027,Thigh,walk,-0.05612,1.179008,0.406016,11.76,56.98,-2.66,-61
1787063203780,1011043,Thigh,walk,-0.264984,1.789496,0.41724,34.51,45.78,-14.63,-61
1787063203780,1011060,Thigh,walk,-0.40504,1.76412,0.532408,-18.41,33.95,-7.49,-61
1787063203780,1011077,Thigh,walk,-0.406992,1.495232,0.527528,-72.31,17.36,5.46,-61
1787063204140,1011256,Thigh,walk,-0.018056,0.87352,0.216672,23.38,2.73,6.37,-61
1787063204140,1011287,Thigh,walk,-0.214232,0.819352,0.237168,53.48,-43.96,10.08,-61
1787063204140,1011304,Thigh,walk,-0.218624,0.915976,0.18056,66.71,-79.38,9.66,-61
1787063204140,1011321,Thigh,walk,-0.152256,1.061888,0.089792,63.56,-92.75,9.24,-61
1787063204140,1011338,Thigh,walk,-0.05368,1.023824,0.056608,56.7,-106.4,8.4,-61
1787063204140,1011369,Thigh,walk,0.06344,0.976488,0.015616,50.96,-105.14,2.17,-61
1787063204140,1011386,Thigh,walk,0.156648,0.993568,0.063928,49.91,-98.98,-4.2,-61
1787063204140,1011403,Thigh,walk,0.235216,1.021872,0.126392,48.09,-87.22,-7.91,-61
1787063204140,1011419,Thigh,walk,0.264984,1.016016,0.166408,45.64,-70.14,-8.47,-61
1787063204140,1011436,Thigh,walk,0.253272,1.004792,0.173728,44.59,-49.84,-6.86,-61
1787063204500,1011615,Thigh,walk,0.167872,0.98576,0.12444,38.57,-46.06,-12.32,-61
1787063204500,1011646,Thigh,walk,0.173728,1.033584,0.11712,31.43,-33.04,-5.67,-61
1787063204500,1011663,Thigh,walk,0.09028,1.019432,0.104432,30.52,-32.2,-1.96,-61
1787063204500,1011680,Thigh,walk,-0.005856,0.996008,0.066856,30.8,-32.2,-1.19,-61
1787063204500,1011697,Thigh,walk,-0.057096,0.968192,0.039528,31.08,-33.74,-2.66,-61
1787063204500,1011728,Thigh,walk,-0.058072,1.035536,0.006832,30.66,-43.82,-11.2,-61
1787063204500,1011745,Thigh,walk,-0.06832,1.062864,0.015128,26.67,-49.28,-14.49,-61
1787063204500,1011762,Thigh,walk,-0.069296,1.069696,0.060512,25.41,-54.11,-14.98,-61
1787063204500,1011779,Thigh,walk,0.014152,1.145336,0.123464,27.02,-59.15,-16.52,-61
1787063204500,1011796,Thigh,walk,0.0976,1.249768,0.132248,25.41,-61.32,-19.25,-61
1787063204861,1011974,Thigh,walk,-0.27816,1.230736,0.068808,-141.68,-90.51,-40.95,-61
1787063204861,1012005,Thigh,walk,0.2928,1.228784,-0.12688,-92.4,-57.61,1.19,-61
1787063204861,1012022,Thigh,walk,0.471408,1.188768,-0.120048,-92.54,-33.81,8.26,-61
1787063204861,1012039,Thigh,walk,0.471408,1.09068,-0.02196,-99.19,7.77,11.62,-61
1787063204861,1012056,Thigh,walk,0.377224,1.06384,0.169824,-105.28,39.34,16.94,-61
1787063204861,1012087,Thigh,walk,0.010248,0.906216,0.218624,-110.25,69.93,15.75,-61
1787063204861,1012104,Thigh,walk,-0.165432,0.820328,0.17568,-96.81,75.74,14.84,-61
1787063204861,1012121,Thigh,walk,-0.22204,0.81008,0.16836,-90.65,72.73,17.5,-61
1787063204861,1012138,Thigh,walk,-0.218136,0.804224,0.19764,-88.41,61.18,19.18,-61
1787063204861,1012155,Thigh,walk,-0.158112,0.79788,0.229848,-85.05,54.18,19.74,-61
1787063205221,1012332,Thigh,walk,-0.106384,0.554856,0.345016,29.96,22.54,14.07,-60
1787063205221,1012363,Thigh,walk,-0.14884,0.628544,0.391864,58.59,11.55,10.85,-60
1787063205221,1012380,Thigh,walk,-0.148352,0.774944,0.455792,69.72,4.76,8.68,-60
1787063205221,1012397,Thigh,walk,-0.144448,0.94184,0.564616,71.89,0.35,4.69,-60
1787063205221,1012414,Thigh,walk,-0.149816,1.138016,0.686616,61.04,1.26,4.27,-60
1787063205221,1012445,Thigh,walk,-0.128832,1.195112,0.795928,17.15,19.46,9.31,-60
1787063205221,1012462,Thigh,walk,-0.110288,1.028216,0.765672,-5.32,33.6,12.81,-60
1787063205221,1012479,Thigh,walk,-0.108824,0.8906,0.674416,-7.56,40.88,12.46,-60
1787063205221,1012496,Thigh,walk,-0.117608,0.868152,0.618784,-6.16,44.8,12.6,-60
1787063205221,1012513,Thigh,walk,-0.106872,0.822768,0.528504,-6.79,45.08,14.21,-60
1787063205579,1012690,Thigh,walk,-0.229848,0.396744,-0.326472,92.47,-51.94,28.21,-60
1787063205579,1012721,Thigh,walk,0.120536,1.17852,-0.078568,104.72,-62.16,1.33,-60
1787063205579,1012738,Thigh,walk,0.295728,1.509384,0.030744,60.13,-31.15,-1.19,-60
1787063205579,1012755,Thigh,walk,0.281576,1.179008,0.144448,30.52,-8.19,11.97,-60
1787063205579,1012772,Thigh,walk,0.226432,1.015528,0.187392,36.26,9.1,13.86,-60
1787063205579,1012803,Thigh,walk,0.060512,0.894016,0.23668,25.76,24.01,11.2,-60
1787063205579,1012820,Thigh,walk,-0.05856,0.806176,0.22204,35.49,9.31,15.26,-60
1787063205579,1012837,Thigh,walk,-0.122,0.82472,0.198128,44.38,-17.92,16.31,-60
1787063205579,1012854,Thigh,walk,-0.174216,0.98088,0.122976,53.13,-33.11,14.77,-60
1787063205579,1012871,Thigh,walk,-0.145912,1.042856,0.090768,46.48,-57.54,10.99,-60
1787063205937,1013049,Thigh,walk,-0.11712,0.958432,0.194712,42.07,-7.28,-2.8,-60
1787063205937,1013080,Thigh,walk,-0.166896,0.962336,0.147376,41.93,-30.1,-3.36,-60
1787063205937,1013097,Thigh,walk,-0.127856,0.948672,0.122,40.95,-39.41,-4.97,-60
1787063205937,1013114,Thigh,walk,-0.062464,0.96868,0.11956,40.81,-43.26,-7.7,-60
1787063205937,1013131,Thigh,walk,-0.027328,0.981856,0.147864,36.33,-42.42,-8.89,-60
1787063205937,1013162,Thigh,walk,0.105408,0.976,0.207888,34.44,-36.19,-8.75,-60
1787063205937,1013179,Thigh,walk,0.121512,1.017968,0.182024,30.87,-32.62,-7.28,-60
1787063205937,1013196,Thigh,walk,0.1098,1.031632,0.155184,27.58,-31.85,-3.36,-60
1787063205937,1013213,Thigh,walk,0.076616,1.036512,0.113704,22.19,-30.87,-1.61,-60
1787063205937,1013230,Thigh,walk,0.064416,1.039928,0.096624,16.73,-28.35,-1.26,-60
1787063206300,1013408,Thigh,walk,-0.581208,0.990152,0.177144,-113.82,6.93,-15.4,-51
1787063206300,1013439,Thigh,walk,-0.523136,1.07604,0.084912,-141.89,-47.39,-24.99,-51
1787063206300,1013456,Thigh,walk,-0.262544,1.209264,-0.019032,-128.17,-101.08,-14.28,-51
1787063206300,1013473,Thigh,walk,0.116632,1.357128,-0.183488,-99.33,-92.19,0.91,-51
1787063206300,1013490,Thigh,walk,0.2562,1.325408,-0.190808,-96.39,-27.72,12.39,-51
1787063206300,1013521,Thigh,walk,0.43188,1.046272,0.02196,-105.7,30.52,29.54,-51
1787063206300,1013538,Thigh,walk,0.377712,1.012112,0.1464,-113.75,58.87,26.46,-51
1787063206300,1013555,Thigh,walk,0.178608,0.907192,0.186904,-113.05,71.05,21.77,-51
1787063206300,1013572,Thigh,walk,-0.047824,0.833016,0.257664,-103.18,84.35,13.3,-51
1787063206300,1013589,Thigh,walk,-0.232776,0.777384,0.2806,-92.12,90.3,7.77,-51
1787063206660,1013769,Thigh,walk,-0.00732,0.555344,0.383568,26.25,8.33,22.68,-51
1787063206660,1013799,Thigh,walk,-0.027816,0.601216,0.398696,45.36,22.96,13.23,-51
1787063206660,1013816,Thigh,walk,-0.070272,0.658312,0.440176,58.31,29.75,6.02,-51
1787063206660,1013833,Thigh,walk,-0.072712,0.796904,0.533384,70.49,37.31,0.63,-51
1787063206660,1013850,Thigh,walk,-0.083936,0.893528,0.725168,69.72,40.53,-3.43,-51
1787063206660,1013881,Thigh,walk,-0.305,1.262944,0.926712,38.29,31.57,0.63,-51
1787063206660,1013898,Thigh,walk,-0.35624,1.147288,0.8662,6.09,26.6,11.62,-51
1787063206660,1013915,Thigh,walk,-0.341112,1.03212,0.791536,-1.54,21.14,21.35,-51
1787063206660,1013932,Thigh,walk,-0.165432,0.89304,0.63196,-4.13,23.31,23.03,-51
1787063206660,1013949,Thigh,walk,0.015128,0.891088,0.464088,-7.98,51.87,21.21,-51
1787063207016,1014126,Thigh,walk,0.135176,1.464,0.052216,94.22,-58.17,10.57,-51
1787063207016,1014157,Thigh,walk,0.183488,1.12972,0.193736,32.06,1.26,7.63,-51
1787063207016,1014174,Thigh,walk,0.09028,0.940864,0.186904,40.04,18.2,7,-51
1787063207016,1014191,Thigh,walk,0.074176,0.94184,0.182512,34.3,21.35,5.32,-51
1787063207016,1014208,Thigh,walk,0.052704,0.877912,0.195688,32.34,21.14,10.92,-51
1787063207016,1014239,Thigh,walk,-0.231312,0.901824,0.166896,51.94,-13.72,17.08,-51
1787063207016,1014256,Thigh,walk,-0.189832,0.960384,0.145424,54.25,-44.73,14.35,-51
1787063207016,1014273,Thigh,walk,-0.176656,1.031144,0.14152,53.97,-58.73,11.83,-51
1787063207016,1014290,Thigh,walk,-0.0976,1.0004,0.132736,50.96,-75.11,6.93,-51
1787063207016,1014307,Thigh,walk,-0.01952,0.940376,0.103944,52.36,-80.22,3.15,-51
1787063207376,1014485,Thigh,walk,-0.17324,0.989176,0.139568,34.65,-33.88,-0.28,-49
1787063207376,1014515,Thigh,walk,-0.0488,0.989664,0.101504,28.21,-40.18,-2.1,-49
1787063207376,1014533,Thigh,walk,-0.013664,0.964776,0.1342,25.83,-39.2,-2.8,-49
1787063207376,1014549,Thigh,walk,0.059536,0.960384,0.15372,26.53,-38.15,-4.97,-49
1787063207376,1014566,Thigh,walk,0.11956,0.969656,0.16836,27.44,-34.93,-5.6,-49
1787063207376,1014597,Thigh,walk,0.136152,0.98332,0.099552,28.42,-28.14,-3.15,-49
1787063207376,1014614,Thigh,walk,0.111264,1.021872,0.059048,28.7,-26.95,-2.66,-49
1787063207376,1014631,Thigh,walk,0.061,1.039928,0.054656,24.15,-23.87,-3.01,-49
1787063207376,1014648,Thigh,walk,0.012688,1.038464,0.052704,21.35,-21.21,-4.97,-49
1787063207376,1014665,Thigh,walk,-0.00244,1.042856,0.057584,19.74,-22.4,-9.31,-49
1787063207739,1014843,Thigh,walk,-0.648064,0.913536,0.130784,-134.12,7.28,-27.79,-49
1787063207739,1014874,Thigh,walk,-0.260104,1.229272,0.037576,-142.03,-96.32,-27.23,-49
1787063207739,1014891,Thigh,walk,-0.04636,1.355664,-0.02928,-125.23,-92.75,-11.69,-49
1787063207739,1014907,Thigh,walk,0.225456,1.353224,-0.118584,-106.26,-67.48,-3.78,-49
1787063207739,1014924,Thigh,walk,0.390888,1.116544,-0.088816,-97.44,-22.75,14.14,-49
1787063207739,1014955,Thigh,walk,0.384544,1.094096,0.037088,-102.9,27.65,33.88,-49
1787063207739,1014972,Thigh,walk,0.242536,1.011624,0.121024,-115.43,66.29,27.09,-49
1787063207739,1014989,Thigh,walk,-0.00976,0.862296,0.199592,-110.53,79.87,15.89,-49
1787063207739,1015006,Thigh,walk,-0.241072,0.742736,0.230824,-98.14,84.21,7.28,-49
1787063207739,1015023,Thigh,walk,-0.298656,0.701744,0.22692,-90.37,74.69,7.28,-49
1787063208098,1015204,Thigh,walk,0.005856,0.618784,0.355264,55.37,-11.76,0.77,-49
1787063208098,1015235,Thigh,walk,-0.002928,0.767136,0.470432,68.74,4.69,-12.74,-49
1787063208098,1015252,Thigh,walk,-0.006344,0.912072,0.654408,75.6,9.38,-19.25,-49
1787063208098,1015269,Thigh,walk,-0.089304,0.996984,0.75152,75.6,7,-17.08,-49
1787063208098,1015285,Thigh,walk,-0.206424,1.189256,0.875472,63.35,1.05,-11.62,-49
1787063208098,1015316,Thigh,walk,-0.313296,1.14192,0.845704,17.57,-10.64,11.9,-49
1787063208098,1015333,Thigh,walk,-0.222528,0.969656,0.70028,7.84,-13.16,12.04,-49
1787063208098,1015350,Thigh,walk,-0.092232,0.948184,0.515816,6.02,3.01,8.82,-49
1787063208098,1015367,Thigh,walk,-0.042944,0.976,0.380152,-0.63,34.44,5.67,-49
1787063208098,1015384,Thigh,walk,-0.044408,1.138016,0.408456,-0.21,56.63,-2.66,-49
1787063208624,1015563,Thigh,walk,0.242536,1.617232,0.068808,48.79,-30.52,8.26,-49
1787063208624,1015594,Thigh,walk,0.211792,0.844728,0.157136,44.24,4.76,4.76,-49
1787063208624,1015611,Thigh,walk,0.156648,0.8906,0.148352,40.18,18.55,0.91,-49
1787063208624,1015628,Thigh,walk,0.02928,0.930616,0.16348,33.67,18.27,3.08,-49
1787063208624,1015645,Thigh,walk,-0.094184,0.865224,0.232288,34.65,0.63,8.33,-49
1787063208624,1015675,Thigh,walk,-0.1708,0.955992,0.213744,54.53,-45.43,11.62,-49
1787063208624,1015692,Thigh,walk,-0.147376,1.018456,0.149816,52.85,-72.94,10.64,-49
1787063208624,1015709,Thigh,walk,-0.066368,0.972096,0.118096,51.73,-90.23,7.98,-49
1787063208624,1015726,Thigh,walk,0.017568,0.94428,0.073688,52.01,-95.13,4.97,-49
1787063208624,1015743,Thigh,walk,0.064416,0.948184,0.062464,50.68,-93.03,-0.77,-49
1787063208819,1015920,Thigh,walk,-0.133224,0.9882,0.078568,49.77,-47.46,-6.23,-46
1787063208819,1015951,Thigh,walk,-0.060024,1.018944,0.081496,40.25,-50.68,-8.47,-46
1787063208819,1015968,Thigh,walk,0.038552,0.99552,0.150792,35.28,-49.63,-9.1,-46
1787063208819,1015985,Thigh,walk,0.136152,1.000888,0.223992,33.6,-43.75,-9.45,-46
1787063208819,1016002,Thigh,walk,0.187392,1.016016,0.236192,31.57,-36.54,-6.58,-46
1787063208819,1016033,Thigh,walk,0.137128,1.043344,0.167384,24.43,-30.52,0.56,-46
1787063208819,1016049,Thigh,walk,0.065392,1.01504,0.142984,19.6,-28.98,3.36,-46
1787063208819,1016067,Thigh,walk,0.014152,1.020408,0.115656,15.61,-30.52,0.91,-46
1787063208819,1016084,Thigh,walk,-0.011224,1.034072,0.108336,9.66,-34.51,-4.27,-46
1787063208819,1016101,Thigh,walk,-0.064904,1.053104,0.140056,7.14,-37.38,-8.33,-46
1787063209236,1016280,Thigh,walk,-0.595848,1.212192,0.099552,-158.06,-46.2,-31.78,-46
1787063209236,1016311,Thigh,walk,-0.244,1.220976,-0.037576,-105.7,-124.6,-7.14,-46
1787063209236,1016328,Thigh,walk,0.03416,1.225368,-0.131272,-94.57,-113.19,-2.24,-46
1787063209236,1016345,Thigh,walk,0.269376,1.131672,-0.086864,-88.2,-70.42,11.06,-46
1787063209236,1016362,Thigh,walk,0.342088,1.074088,-0.038064,-90.3,-20.02,21.35,-46
1787063209236,1016393,Thigh,walk,0.225944,0.976488,0.066856,-108.85,40.74,11.97,-46
1787063209236,1016410,Thigh,walk,0.013176,0.830576,0.197152,-109.62,49.56,-4.2,-46
1787063209236,1016426,Thigh,walk,-0.19276,0.69784,0.254736,-99.12,54.04,-18.55,-46
1787063209236,1016443,Thigh,walk,-0.287432,0.650016,0.243512,-77.14,47.39,-24.92,-46
1787063209236,1016460,Thigh,walk,-0.369904,0.662216,0.183488,-69.09,38.57,-26.11,-46
1787063209541,1016640,Thigh,walk,-0.032208,0.851072,0.686128,78.12,-42.7,-17.64,-56
1787063209541,1016671,Thigh,walk,-0.152256,1.073112,0.927688,48.37,1.68,-9.73,-56
1787063209541,1016688,Thigh,walk,-0.238144,1.182424,0.903288,34.86,4.69,6.09,-56
1787063209541,1016706,Thigh,walk,-0.141032,1.056032,0.846192,7.49,-5.81,9.87,-56
1787063209541,1016723,Thigh,walk,0.049288,0.837408,0.669048,0.98,13.23,3.43,-56
1787063209541,1016754,Thigh,walk,-0.006832,0.91012,0.426512,14.56,73.08,-12.25,-56
1787063209541,1016771,Thigh,walk,-0.149816,1.4274,0.335256,51.03,80.36,-27.3,-56
1787063209541,1016788,Thigh,walk,-0.404064,1.824144,0.323544,31.57,51.45,-12.53,-56
1787063209541,1016805,Thigh,walk,-0.381128,1.326384,0.483608,-26.32,6.65,12.67,-56
1787063209541,1016822,Thigh,walk,-0.294264,1.016016,0.504104,-30.8,-9.59,22.96,-56
1787063209900,1017000,Thigh,walk,-0.04392,1.021872,0.2074,35.63,24.71,4.27,-56
1787063209900,1017031,Thigh,walk,-0.266448,0.898896,0.243024,44.52,-37.66,11.76,-56
1787063209900,1017048,Thigh,walk,-0.289872,0.921344,0.203984,51.24,-56.56,12.74,-56
1787063209900,1017065,Thigh,walk,-0.234728,0.996984,0.114192,56.28,-87.85,12.53,-56
1787063209900,1017082,Thigh,walk,-0.168848,1.045296,0.025864,46.55,-105.35,12.53,-56
1787063209900,1017113,Thigh,walk,-0.01464,0.98576,-0.016592,26.67,-115.5,7.14,-56
1787063209900,1017130,Thigh,walk,0.088816,0.970144,0.04392,23.87,-113.82,1.05,-56
1787063209900,1017147,Thigh,walk,0.176656,0.967704,0.119072,27.58,-105.28,-3.29,-56
1787063209900,1017164,Thigh,walk,0.211304,0.973072,0.166408,33.53,-89.18,-4.06,-56
1787063209900,1017181,Thigh,walk,0.248392,0.98088,0.169824,35.77,-79.17,-3.64,-56
1787063210261,1017360,Thigh,walk,0.05368,0.99308,0.158112,34.44,-61.67,-7.63,-56
1787063210261,1017391,Thigh,walk,0.120536,0.99552,0.164944,28.21,-55.72,-6.09,-56
1787063210261,1017408,Thigh,walk,0.128832,0.99308,0.157136,25.76,-51.66,-3.85,-56
1787063210261,1017425,Thigh,walk,0.111264,0.984784,0.142984,23.31,-50.26,-2.8,-56
1787063210261,1017442,Thigh,walk,0.087352,0.994056,0.132248,22.4,-47.53,-1.26,-56
1787063210261,1017473,Thigh,walk,0.107848,1.044808,0.072712,18.06,-46.83,-0.35,-56
1787063210261,1017490,Thigh,walk,0.083936,1.040416,0.071248,14.77,-46.76,-1.47,-56
1787063210261,1017507,Thigh,walk,0.01464,1.059448,0.099552,13.44,-47.04,-3.43,-56
1787063210261,1017524,Thigh,walk,-0.018544,1.143872,0.167872,11.69,-47.25,-5.46,-56
1787063210261,1017541,Thigh,walk,0.008784,1.252696,0.187392,9.24,-51.31,-7.28,-56
1787063210622,1017720,Thigh,walk,-0.09516,1.218536,-0.06588,-124.18,-117.88,-17.29,-54
1787063210622,1017751,Thigh,walk,0.266936,1.048712,-0.061976,-86.66,-82.74,-1.96,-54
1787063210622,1017768,Thigh,walk,0.313296,1.056032,-0.04148,-87.15,-43.61,6.58,-54
1787063210622,1017785,Thigh,walk,0.31232,1.083848,0.055144,-92.68,-20.86,6.79,-54
1787063210622,1017802,Thigh,walk,0.2196,1.02968,0.083936,-101.78,17.15,2.1,-54
1787063210622,1017833,Thigh,walk,-0.13176,0.78324,0.183976,-103.04,34.86,-16.8,-54
1787063210622,1017850,Thigh,walk,-0.296704,0.667584,0.230824,-87.43,27.51,-27.02,-54
1787063210622,1017867,Thigh,walk,-0.315248,0.643672,0.230336,-68.88,5.25,-31.22,-54
1787063210622,1017884,Thigh,walk,-0.252784,0.691008,0.223016,-52.43,-8.05,-32.27,-54
1787063210622,1017901,Thigh,walk,-0.195688,0.714432,0.24644,-42.42,-6.51,-30.31,-54
1787063211084,1018080,Thigh,walk,-0.186904,0.928664,0.799832,74.9,-14.42,-29.12,-54
1787063211084,1018110,Thigh,walk,-0.332328,1.199504,0.894016,26.88,-7.56,-5.25,-54
1787063211084,1018127,Thigh,walk,-0.317688,1.092144,0.85156,11.48,-18.13,0.98,-54
1787063211084,1018144,Thigh,walk,-0.1464,0.885232,0.6954,0.63,-13.44,1.12,-54
1787063211084,1018161,Thigh,walk,-0.073688,0.8662,0.528504,0.07,10.01,0.28,-54
1787063211084,1018192,Thigh,walk,-0.096624,1.621624,0.278648,52.92,40.11,-21.35,-54
1787063211084,1018209,Thigh,walk,-0.29524,1.935896,0.285968,14.91,22.33,-23.52,-54
1787063211084,1018226,Thigh,walk,-0.21472,1.061888,0.460184,-46.83,3.43,-0.49,-54
1787063211084,1018243,Thigh,walk,0.045384,0.464576,0.274256,-3.29,-10.08,22.68,-54
1787063211084,1018274,Thigh,walk,-0.10736,0.530456,-0.240584,64.05,-14.77,17.36,-54
1787063211368,1018451,Thigh,walk,-0.037088,0.982832,0.144936,54.25,-56.21,11.62,-67
1787063211368,1018482,Thigh,walk,-0.011712,1.04432,0.103944,45.78,-76.72,12.95,-67
1787063211368,1018499,Thigh,walk,0.015616,0.982832,0.101504,37.59,-79.45,10.64,-67
1787063211368,1018516,Thigh,walk,0.03172,0.96136,0.099064,34.58,-79.87,5.6,-67
1787063211368,1018533,Thigh,walk,0.0854,0.977952,0.084424,33.25,-77.84,2.45,-67
1787063211368,1018564,Thigh,walk,0.191784,0.999424,0.109312,31.43,-56.49,-1.19,-67
1787063211368,1018581,Thigh,walk,0.22448,0.989664,0.124928,31.71,-48.86,17.64,-67
1787063211368,1018597,Thigh,walk,0.191296,0.99796,0.146888,32.69,-35,0.7,-67
1787063211368,1018614,Thigh,walk,0.085888,1.006744,0.177144,32.06,-28.91,0.14,-67
1787063211368,1018645,Thigh,walk,-0.081008,0.957456,0.189344,31.71,-37.03,-1.89,-67
1787063211897,1018822,Thigh,walk,0.023912,1.031632,0.203984,18.55,-26.39,1.47,-67
1787063211897,1018853,Thigh,walk,-0.000976,1.037488,0.172264,7.77,-34.86,4.48,-67
1787063211897,1018870,Thigh,walk,0.015616,1.009672,0.12444,3.29,-42.91,4.2,-67
1787063211897,1018887,Thigh,walk,0.023424,0.982344,0.06344,2.66,-48.3,1.96,-67
1787063211897,1018904,Thigh,walk,0.028304,0.983808,0.038552,5.46,-48.58,-1.96,-67
1787063211897,1018935,Thigh,walk,0.015616,1.009672,0.031232,10.15,-46.34,-9.24,-67
1787063211897,1018952,Thigh,walk,0.027328,1.050664,0.082472,14.35,-44.03,-14.28,-67
1787063211897,1018969,Thigh,walk,0.08296,1.194624,0.098576,12.95,-41.58,-15.12,-67
1787063211897,1018986,Thigh,walk,0.14396,1.299056,0.15128,2.87,-37.38,-11.69,-67
1787063211897,1019003,Thigh,walk,0.224968,1.365424,0.245464,-8.05,-26.18,-5.39,-67
1787063212086,1019181,Thigh,walk,0.239608,1.298568,-0.096624,-94.85,-75.88,-0.7,-62
1787063212086,1019211,Thigh,walk,0.489464,1.123864,-0.045872,-96.46,-5.81,20.79,-62
1787063212086,1019228,Thigh,walk,0.39528,1.09068,0.13176,-109.06,31.43,21.28,-62
1787063212086,1019245,Thigh,walk,0.270352,1.039928,0.27084,-110.53,51.38,12.04,-62
1787063212086,1019262,Thigh,walk,-0.029768,0.938912,0.295728,-108.08,56.28,6.79,-62
1787063212086,1019293,Thigh,walk,-0.256688,0.764208,0.266448,-92.26,63.21,-2.87,-62
1787063212086,1019310,Thigh,walk,-0.214232,0.732,0.257176,-88.48,56.98,-2.66,-62
1787063212086,1019327,Thigh,walk,-0.147376,0.672464,0.232776,-74.97,48.37,-3.22,-62
1787063212086,1019344,Thigh,walk,-0.146888,0.645624,0.22936,-59.92,40.81,-3.15,-62
1787063212086,1019361,Thigh,walk,-0.1342,0.644648,0.2684,-46.69,33.88,-0.7,-62
1787063212517,1019539,Thigh,walk,-0.191296,0.93452,0.730048,70.63,-11.41,-11.27,-62
1787063212517,1019570,Thigh,walk,-0.209352,1.14436,0.92964,28.49,-14.07,3.64,-62
1787063212517,1019588,Thigh,walk,-0.175192,1.010648,0.887184,13.16,-10.29,7.91,-62
1787063212517,1019604,Thigh,walk,-0.127856,0.919392,0.873032,13.44,-11.97,9.1,-62
1787063212517,1019621,Thigh,walk,-0.022448,0.825208,0.741272,14.84,-2.94,9.87,-62
1787063212517,1019652,Thigh,walk,0.04148,0.77592,0.360632,5.81,66.15,9.31,-62
1787063212517,1019669,Thigh,walk,-0.020008,0.876936,0.332816,15.54,71.12,1.4,-62
1787063212517,1019686,Thigh,walk,-0.193736,1.499624,0.266936,71.4,54.67,-23.59,-62
1787063212517,1019703,Thigh,walk,-0.403088,1.738744,0.451888,37.17,25.76,-11.83,-62
1787063212517,1019720,Thigh,walk,-0.355264,1.308816,0.64416,2.8,-1.75,10.71,-62
1787063212802,1019898,Thigh,walk,0.145912,0.99552,0.125904,18.55,19.11,7.35,-60
1787063212802,1019929,Thigh,walk,-0.150792,0.874496,0.18056,37.45,-3.15,11.55,-60
1787063212802,1019946,Thigh,walk,-0.176656,0.889136,0.149328,51.31,-37.87,12.39,-60
1787063212802,1019963,Thigh,walk,-0.176656,1.01016,0.113704,53.69,-53.2,13.23,-60
1787063212802,1019979,Thigh,walk,-0.157136,1.048224,0.044896,45.29,-77.35,14.21,-60
1787063212802,1020010,Thigh,walk,-0.103456,0.97356,0.001464,35.28,-99.89,10.78,-60
1787063212802,1020027,Thigh,walk,-0.025376,0.966728,0.027328,33.81,-111.16,7.7,-60
1787063212802,1020044,Thigh,walk,0.074664,1.002352,0.083448,33.53,-113.75,0.56,-60
1787063212802,1020061,Thigh,walk,0.157136,1.016504,0.137616,31.29,-104.51,-3.01,-60
1787063212802,1020078,Thigh,walk,0.183,1.017968,0.162504,29.82,-85.61,-3.01,-60
1787063213334,1020256,Thigh,walk,0.049288,1.004792,0.157136,19.6,-49,-0.56,-60
1787063213334,1020287,Thigh,walk,0.027328,0.992592,0.16592,13.93,-49.56,-1.82,-60
1787063213334,1020304,Thigh,walk,0.024888,0.968192,0.17324,12.95,-49.28,-3.01,-60
1787063213334,1020321,Thigh,walk,0.020984,0.966728,0.160064,11.2,-52.43,-3.22,-60
1787063213334,1020338,Thigh,walk,0.013176,0.95892,0.147864,11.34,-55.37,-3.57,-60
1787063213334,1020368,Thigh,walk,0.015616,0.964776,0.1098,18.27,-54.6,-5.04,-60
1787063213334,1020385,Thigh,walk,0.028304,1.009672,0.093208,18.69,-50.61,-7.07,-60
1787063213334,1020402,Thigh,walk,0.030256,1.0248,0.100528,17.15,-47.25,-8.12,-60
1787063213334,1020419,Thigh,walk,0.026352,1.023336,0.123952,17.36,-46.06,-7.42,-60
1787063213334,1020436,Thigh,walk,-0.005856,1.015528,0.132736,17.57,-46.2,-7.91,-60
1787063213525,1020613,Thigh,walk,-0.564616,0.95648,0.08784,-149.31,-8.68,-3.5,-74
1787063213525,1020644,Thigh,walk,-0.67344,1.18096,0.011224,-161.98,-81.97,-45.5,-74
1787063213525,1020661,Thigh,walk,-0.421632,1.331264,-0.043432,-139.44,-147.28,-33.25,-74
1787063213525,1020678,Thigh,walk,0.050752,1.223416,-0.071248,-103.18,-125.86,-21.77,-74
1787063213525,1020695,Thigh,walk,0.472872,1.155584,-0.022448,-83.16,-64.68,-8.47,-74
1787063213525,1020726,Thigh,walk,0.44896,1.163392,0.043432,-103.46,20.79,-4.97,-74
1787063213525,1020743,Thigh,walk,0.144448,0.987712,0.07564,-119.56,46.69,-18.76,-74
1787063213525,1020759,Thigh,walk,-0.033672,0.865712,0.106872,-111.93,46.83,-31.5,-74
1787063213525,1020777,Thigh,walk,-0.33672,0.707112,0.148352,-106.26,47.32,-36.33,-74
1787063213525,1020794,Thigh,walk,-0.48068,0.638304,0.210816,-92.05,38.71,-38.57,-74
1787063213887,1020976,Thigh,walk,0.062952,0.505568,0.496296,56.07,-23.03,-20.44,-74
1787063213887,1021008,Thigh,walk,-0.122488,0.789096,0.711504,73.15,4.55,-26.53,-74
1787063213887,1021025,Thigh,walk,-0.211792,0.853024,0.898408,77.49,-0.14,-23.31,-74
1787063213887,1021042,Thigh,walk,-0.342088,1.091168,0.964776,76.09,-1.54,-19.04,-74
1787063213887,1021059,Thigh,walk,-0.392352,1.325408,0.882792,42.28,-3.85,-5.67,-74
1787063213887,1021090,Thigh,walk,-0.246928,0.948184,0.650016,-5.6,6.02,4.06,-74
1787063213887,1021107,Thigh,walk,-0.184464,0.789584,0.451888,-0.7,25.55,4.41,-74
1787063213887,1021124,Thigh,walk,-0.289384,0.869616,0.351848,6.23,35.35,1.68,-74
1787063213887,1021140,Thigh,walk,-0.459208,1.228784,0.33916,34.09,9.38,-18.2,-74
1787063213887,1021157,Thigh,walk,-0.49532,1.372256,0.420168,51.59,-31.01,-5.18,-74
1787063214259,1021336,Thigh,walk,-0.024888,0.996496,0.143472,41.58,5.25,6.44,-74
1787063214259,1021368,Thigh,walk,-0.175192,0.882792,0.255712,35.98,-21.07,7.42,-74
1787063214259,1021385,Thigh,walk,-0.186416,0.863272,0.2562,49.63,-49.35,8.96,-74
1787063214259,1021402,Thigh,walk,-0.15616,0.921832,0.230336,56.98,-63.63,10.71,-74
1787063214259,1021419,Thigh,walk,-0.0976,1.06872,0.13176,56.56,-85.68,12.11,-74
1787063214259,1021450,Thigh,walk,-0.020496,0.98088,0.023912,34.09,-93.66,10.92,-74
1787063214259,1021467,Thigh,walk,0.046848,0.916464,0.00976,34.93,-95.13,8.33,-74
1787063214259,1021484,Thigh,walk,0.115168,0.9516,0.02684,38.22,-98.35,1.75,-74
1787063214259,1021501,Thigh,walk,0.168848,0.99064,0.074664,39.2,-95.06,-2.94,-74
1787063214259,1021518,Thigh,walk,0.183976,0.983808,0.129808,40.25,-80.01,-3.64,-74
1787063214610,1021695,Thigh,walk,0.047336,0.963312,0.122976,42.21,-33.67,-6.02,-74
1787063214610,1021726,Thigh,walk,0.08052,1.011136,0.131272,36.33,-28.42,-3.85,-74
1787063214610,1021743,Thigh,walk,0.082472,1.012112,0.127856,35.07,-30.94,-1.12,-74
1787063214610,1021760,Thigh,walk,0.044408,1.0126,0.116144,32.2,-33.53,-0.14,-74
1787063214610,1021777,Thigh,walk,0.00244,1.01016,0.092232,29.19,-39.48,0.77,-74
1787063214610,1021808,Thigh,walk,-0.013664,1.020896,0.01708,22.19,-46.48,-0.42,-74
1787063214610,1021825,Thigh,walk,-0.015616,1.009184,0.012688,19.46,-49.56,-2.24,-74
1787063214610,1021842,Thigh,walk,-0.021472,1.005768,0.026352,20.09,-53.55,-5.74,-74
1787063214610,1021859,Thigh,walk,-0.034648,1.031632,0.037576,19.95,-55.72,-9.45,-74
1787063214610,1021876,Thigh,walk,-0.023424,1.058472,0.058072,19.95,-57.61,-12.39,-74
1787063214969,1022054,Thigh,walk,-0.472384,1.038464,0.108824,-130.13,-36.19,-42.42,-66
1787063214969,1022085,Thigh,walk,-0.215208,1.33468,-0.025864,-125.86,-98.63,-24.36,-66
1787063214969,1022102,Thigh,walk,0.122976,1.41032,-0.045872,-110.67,-94.43,-11.97,-66
1787063214969,1022119,Thigh,walk,0.364048,1.273192,-0.050264,-92.4,-56.42,6.93,-66
1787063214969,1022136,Thigh,walk,0.410408,1.138504,0.000488,-95.41,-10.22,14.63,-66
1787063214969,1022167,Thigh,walk,0.329888,1.060912,0.181048,-102.62,46.06,18.69,-66
1787063214969,1022184,Thigh,walk,0.071248,0.976,0.149328,-102.97,76.37,14.7,-66
1787063214969,1022201,Thigh,walk,-0.107848,0.934032,0.120536,-97.3,90.09,10.99,-66
1787063214969,1022218,Thigh,walk,-0.15372,0.78324,0.172264,-98.84,90.58,7,-66
1787063214969,1022235,Thigh,walk,-0.171288,0.803248,0.20984,-95.55,85.12,3.43,-66
1787063215330,1022414,Thigh,walk,-0.110288,0.653432,0.306952,22.96,6.86,13.02,-66
1787063215330,1022446,Thigh,walk,-0.113704,0.755912,0.356728,46.27,13.44,3.99,-66
1787063215330,1022463,Thigh,walk,-0.122,0.793,0.385032,54.25,7.91,-0.77,-66
1787063215330,1022480,Thigh,walk,-0.142496,0.890112,0.463112,54.53,4.69,-1.61,-66
1787063215330,1022497,Thigh,walk,-0.116144,0.996984,0.573888,46.97,3.5,-0.21,-66
1787063215330,1022528,Thigh,walk,-0.07808,1.101416,0.70272,22.47,26.25,8.54,-66
1787063215330,1022545,Thigh,walk,-0.064904,1.077992,0.742248,8.82,34.23,16.17,-66
1787063215330,1022562,Thigh,walk,-0.066368,0.976,0.769088,-0.42,28,19.95,-66
1787063215330,1022579,Thigh,walk,-0.118096,0.9394,0.722728,-0.49,19.88,14.98,-66
1787063215330,1022596,Thigh,walk,-0.1342,0.928176,0.537288,-5.04,25.76,10.92,-66
1787063215685,1022772,Thigh,walk,-0.121512,0.72224,0.26108,4.13,38.99,6.02,-66
1787063215685,1022803,Thigh,walk,-0.218136,0.36356,-0.11224,60.76,-44.8,26.95,-66
1787063215685,1022820,Thigh,walk,-0.154696,0.587552,-0.091256,94.36,-53.76,23.52,-66
1787063215685,1022837,Thigh,walk,0.102968,1.023336,0.000488,99.82,-50.54,7.21,-66
1787063215685,1022854,Thigh,walk,0.284504,1.358592,0.00976,73.5,-28.77,0.49,-66
1787063215685,1022885,Thigh,walk,0.225456,1.03944,0.115656,43.47,-5.25,13.16,-66
1787063215685,1022902,Thigh,walk,0.127368,1.070184,0.130784,41.3,13.23,9.66,-66
1787063215685,1022919,Thigh,walk,0.038552,1.052616,0.122488,23.73,34.16,8.4,-66
1787063215685,1022936,Thigh,walk,-0.008784,0.992104,0.134688,16.45,26.6,12.46,-66
1787063215685,1022953,Thigh,walk,-0.123464,0.854488,0.205936,15.54,15.12,15.61,-66
1787063216104,1023185,Thigh,walk,-0.06588,0.925736,0.16348,41.65,-6.58,1.4,-68
1787063216104,1023216,Thigh,walk,-0.1464,0.929152,0.094672,49.98,-23.8,1.12,-68
1787063216104,1023233,Thigh,walk,-0.132736,0.945256,0.050264,51.24,-34.3,-0.84,-68
1787063216104,1023250,Thigh,walk,-0.0976,0.949648,0.028304,51.24,-43.82,-3.78,-68
1787063216104,1023267,Thigh,walk,-0.068808,0.974048,0.040504,50.33,-47.6,-7.91,-68
1787063216104,1023298,Thigh,walk,0.074664,1.02968,0.207888,35.7,-43.96,-9.66,-68
1787063216104,1023315,Thigh,walk,0.099064,1.059448,0.225456,27.72,-43.33,-7.77,-68
1787063216104,1023332,Thigh,walk,0.125904,1.091168,0.193248,23.8,-43.89,-5.74,-68
1787063216104,1023349,Thigh,walk,0.121512,1.090192,0.11712,20.16,-41.37,-3.22,-68
1787063216104,1023366,Thigh,walk,0.076616,1.097024,0.076616,19.53,-37.59,-8.4,-68
1787063216613,1023543,Thigh,walk,-0.615856,0.911096,0.059048,-129.71,19.81,-16.87,-68
1787063216613,1023574,Thigh,walk,-0.438224,1.14192,0.0122,-144.55,-56.84,-27.79,-68
1787063216613,1023591,Thigh,walk,-0.118584,1.443504,-0.069296,-122.71,-88.2,-11.13,-68
1787063216613,1023608,Thigh,walk,0.05856,1.506944,-0.145912,-111.79,-60.97,14.56,-68
1787063216613,1023625,Thigh,walk,0.261568,1.253672,-0.14884,-107.94,-40.11,22.89,-68
1787063216613,1023656,Thigh,walk,0.264008,1.11752,0.035136,-110.53,28.14,32.69,-68
1787063216613,1023673,Thigh,walk,0.213256,1.091656,0.086376,-120.05,43.96,30.24,-68
1787063216613,1023690,Thigh,walk,0.088816,0.95892,0.133224,-128.59,74.55,22.47,-68
1787063216613,1023707,Thigh,walk,-0.1098,0.829112,0.152744,-120.26,93.24,10.36,-68
1787063216613,1023724,Thigh,walk,-0.251808,0.740784,0.186416,-105.14,87.92,2.94,-68
1787063216822,1023904,Thigh,walk,-0.035136,0.529968,0.355752,37.87,-4.55,12.88,-72
1787063216822,1023934,Thigh,walk,-0.043432,0.6588,0.365512,58.45,5.04,6.79,-72
1787063216822,1023951,Thigh,walk,-0.07808,0.743712,0.424072,68.95,9.66,2.66,-72
1787063216822,1023968,Thigh,walk,-0.096624,0.802272,0.569496,71.4,12.11,1.19,-72
1787063216822,1023985,Thigh,walk,-0.13176,0.935984,0.685152,67.76,11.41,2.1,-72
1787063216822,1024016,Thigh,walk,-0.13664,1.158024,0.887184,33.32,17.64,11.83,-72
1787063216822,1024033,Thigh,walk,-0.157136,1.14192,0.882304,21.91,19.04,12.25,-72
1787063216822,1024051,Thigh,walk,-0.107848,0.922808,0.831552,9.38,16.87,11.55,-72
1787063216822,1024068,Thigh,walk,-0.076616,0.840336,0.721264,23.03,25.55,7.35,-72
1787063216822,1024085,Thigh,walk,-0.079056,0.955504,0.511424,24.36,51.94,6.37,-72
1787063217222,1024263,Thigh,walk,0.189344,1.08824,0.02928,95.48,-58.1,7.07,-72
1787063217222,1024294,Thigh,walk,0.222528,1.189256,0.101504,56.49,-15.68,7.42,-72
1787063217222,1024311,Thigh,walk,0.188368,1.06872,0.118096,48.3,5.74,6.65,-72
1787063217222,1024328,Thigh,walk,0.177144,1.041392,0.11712,43.68,26.95,3.85,-72
1787063217222,1024344,Thigh,walk,0.122,0.977952,0.081984,36.68,34.44,5.04,-72
1787063217222,1024375,Thigh,walk,-0.083448,0.899384,0.1342,39.48,1.4,15.68,-72
1787063217222,1024392,Thigh,walk,-0.160552,0.882792,0.2196,44.66,-12.32,17.85,-72
1787063217222,1024409,Thigh,walk,-0.19032,0.967704,0.174216,51.73,-37.38,18.34,-72
1787063217222,1024426,Thigh,walk,-0.162016,1.017968,0.103944,50.19,-60.62,16.24,-72
1787063217222,1024443,Thigh,walk,-0.099064,0.992592,0.040504,44.24,-73.5,14.63,-72
1787063217541,1024620,Thigh,walk,-0.023424,0.93452,0.095648,43.89,-37.8,-0.7,-67
1787063217541,1024652,Thigh,walk,-0.052216,0.968192,-0.012688,49.14,-37.87,-3.01,-67
1787063217541,1024669,Thigh,walk,-0.04148,0.98332,-0.00244,46.97,-36.47,-5.39,-67
1787063217541,1024686,Thigh,walk,-0.00976,1.01504,0.067832,44.73,-35.84,-5.88,-67
1787063217541,1024703,Thigh,walk,0.012688,1.023824,0.153232,39.97,-35.77,-5.25,-67
1787063217541,1024733,Thigh,walk,0.061,1.042856,0.21472,32.76,-36.05,-1.54,-67
1787063217541,1024750,Thigh,walk,0.101992,1.02724,0.219112,25.76,-34.23,0.56,-67
1787063217541,1024767,Thigh,walk,0.106872,1.033096,0.201544,19.95,-35.42,0.49,-67
1787063217541,1024784,Thigh,walk,0.072224,1.053592,0.160552,14.07,-39.27,1.47,-67
1787063217541,1024801,Thigh,walk,0.060024,1.065304,0.122976,5.67,-40.67,3.43,-67
1787063218044,1024980,Thigh,walk,-0.553392,1.039928,0.133224,-110.39,29.54,-13.02,-67
1787063218044,1025011,Thigh,walk,-0.624152,1.245864,0.008296,-160.44,-10.64,-42.63,-67
1787063218044,1025028,Thigh,walk,-0.605608,1.28344,-0.062464,-166.25,-91.63,-41.65,-67
1787063218044,1025045,Thigh,walk,-0.33916,1.253672,-0.158112,-144.55,-123.97,-38.92,-67
1787063218044,1025062,Thigh,walk,0.019032,1.229272,-0.147376,-105.56,-121.03,-25.9,-67
1787063218044,1025093,Thigh,walk,0.45872,1.117032,-0.060512,-88.97,-36.96,-0.42,-67
1787063218044,1025109,Thigh,walk,0.421632,1.126304,-0.032696,-106.89,9.52,11.34,-67
1787063218044,1025126,Thigh,walk,0.28304,0.972584,0.083936,-122.29,38.29,8.68,-67
1787063218044,1025143,Thigh,walk,0.035624,0.766648,0.219112,-119.21,45.43,-1.82,-67
1787063218044,1025160,Thigh,walk,-0.084424,0.698328,0.277672,-111.51,47.04,-10.57,-67
1787063218261,1025341,Thigh,walk,-0.065392,0.576816,0.49288,53.48,-33.88,5.88,-70
1787063218261,1025372,Thigh,walk,-0.024888,0.826672,0.641232,66.29,-9.73,-7.49,-70
1787063218261,1025389,Thigh,walk,-0.044896,0.970144,0.759816,60.2,7.77,-15.75,-70
1787063218261,1025406,Thigh,walk,-0.130784,1.022848,0.82472,53.48,12.11,-17.36,-70
1787063218261,1025423,Thigh,walk,-0.224968,1.07116,0.94916,39.9,9.38,-14.49,-70
1787063218261,1025454,Thigh,walk,-0.311832,1.061888,0.786656,20.79,2.8,11.83,-70
1787063218261,1025471,Thigh,walk,-0.199104,0.964776,0.585112,0.7,9.52,14.7,-70
1787063218261,1025489,Thigh,walk,-0.057096,0.824232,0.469944,-2.73,31.78,15.61,-70
1787063218261,1025505,Thigh,walk,0.040504,0.83204,0.462624,-1.54,53.34,14.56,-70
1787063218261,1025522,Thigh,walk,0.081496,1.202432,0.543144,25.34,71.19,1.47,-70
1787063218618,1025699,Thigh,walk,0.242048,1.223904,0.084912,57.61,-45.85,10.99,-68
1787063218618,1025730,Thigh,walk,0.284504,0.924272,0.138104,47.39,4.41,3.64,-68
1787063218618,1025747,Thigh,walk,0.232288,0.945744,0.147864,42.63,18.55,3.85,-68
1787063218618,1025764,Thigh,walk,0.100528,0.969656,0.172752,35.7,19.04,5.32,-68
1787063218618,1025781,Thigh,walk,-0.077104,0.943792,0.211792,36.54,4.41,8.19,-68
1787063218618,1025812,Thigh,walk,-0.196664,0.967216,0.215696,47.6,-31.71,12.18,-68
1787063218618,1025829,Thigh,walk,-0.182512,0.981368,0.171776,49.07,-54.53,10.99,-68
1787063218618,1025846,Thigh,walk,-0.104432,0.967704,0.118096,48.58,-70,8.19,-68
1787063218618,1025863,Thigh,walk,0.009272,0.961848,0.073688,45.64,-75.95,4.62,-68
1787063218618,1025879,Thigh,walk,0.066368,0.97112,0.06588,44.1,-73.22,-0.14,-68
1787063218982,1026056,Thigh,walk,-0.08296,0.952088,0.0854,50.12,-45.29,-8.33,-66
1787063218982,1026088,Thigh,walk,0.02196,0.972096,0.064416,46.9,-41.3,-9.52,-66
1787063218982,1026105,Thigh,walk,0.094672,0.967704,0.104432,46.2,-38.36,-9.87,-66
1787063218982,1026122,Thigh,walk,0.134688,0.961848,0.139568,45.01,-31.85,-9.45,-66
1787063218982,1026139,Thigh,walk,0.110776,0.98576,0.140056,42.21,-25.97,-6.72,-66
1787063218982,1026170,Thigh,walk,0.072712,1.05896,0.111264,30.73,-19.18,-1.54,-66
1787063218982,1026187,Thigh,walk,0.059048,1.029192,0.122488,21,-21.91,-0.21,-66
1787063218982,1026204,Thigh,walk,0.03416,1.010648,0.14396,17.01,-32.27,-2.24,-66
1787063218982,1026221,Thigh,walk,0.0366,1.032608,0.145912,15.68,-42.56,-6.79,-66
1787063218982,1026238,Thigh,walk,0.093208,1.181936,0.127856,14.98,-44.73,-9.31,-66
1787063219342,1026416,Thigh,walk,-0.350384,1.118984,0.025864,-130.13,-60.9,-10.15,-66
1787063219342,1026447,Thigh,walk,-0.012688,1.295152,-0.115168,-113.12,-79.31,-2.59,-66
1787063219342,1026464,Thigh,walk,0.114192,1.22,-0.144448,-107.59,-57.96,-1.33,-66
1787063219342,1026481,Thigh,walk,0.198616,1.048224,-0.057096,-99.33,-32.41,5.53,-66
1787063219342,1026498,Thigh,walk,0.257176,1.027728,0.089792,-93.66,-9.03,14.91,-66
1787063219342,1026529,Thigh,walk,0.135664,0.956968,0.196176,-100.17,35.63,15.96,-66
1787063219342,1026546,Thigh,walk,-0.024888,0.86132,0.200568,-97.93,55.51,8.19,-66
1787063219342,1026563,Thigh,walk,-0.227408,0.784216,0.203496,-89.88,61.32,1.26,-66
1787063219342,1026580,Thigh,walk,-0.23912,0.764208,0.203496,-83.79,50.75,-1.33,-66
1787063219342,1026597,Thigh,walk,-0.320616,0.76372,0.20252,-74.41,40.88,-1.05,-66
1787063219987,1026776,Thigh,walk,-0.086376,0.652944,0.368928,37.87,-15.33,0.35,-66
1787063219987,1026808,Thigh,walk,-0.149328,0.735416,0.564128,62.79,-26.46,-2.38,-66
1787063219987,1026825,Thigh,walk,-0.177144,0.902312,0.633912,65.87,-33.46,-0.98,-66
1787063219987,1026843,Thigh,walk,-0.240096,1.069696,0.777872,55.58,-52.99,1.19,-66
1787063219987,1026860,Thigh,walk,-0.21472,1.075552,0.892064,28.14,-60.97,5.53,-66
1787063219987,1026877,Thigh,walk,-0.093208,0.916464,0.867664,7.28,-38.92,5.67,-66
1787063219987,1026908,Thigh,walk,0.047824,0.815936,0.65148,11.9,1.26,5.88,-66
1787063219987,1026925,Thigh,walk,0.092232,0.862784,0.479704,6.86,24.57,7.14,-66
1787063219987,1026942,Thigh,walk,0.072712,0.814472,0.386496,-2.38,43.61,11.41,-66
1787063219987,1026959,Thigh,walk,0.029768,0.818864,0.398696,-0.98,53.62,6.58,-66
1787063220093,1027137,Thigh,walk,0.429928,1.537688,0.123952,46.06,-48.16,-2.38,-70
1787063220093,1027168,Thigh,walk,0.353312,0.91256,0.137616,44.73,19.11,2.87,-70
1787063220093,1027185,Thigh,walk,0.11224,0.955016,0.133224,41.02,25.69,0.28,-70
1787063220093,1027202,Thigh,walk,-0.097112,0.926712,0.194712,30.1,17.64,1.19,-70
1787063220093,1027219,Thigh,walk,-0.215696,0.862296,0.26108,37.94,-10.85,5.46,-70
1787063220093,1027250,Thigh,walk,-0.194712,0.97112,0.140056,56.63,-63.84,10.22,-70
1787063220093,1027267,Thigh,walk,-0.137128,1.008696,0.071736,54.95,-93.38,9.03,-70
1787063220093,1027284,Thigh,walk,-0.048312,0.991128,0.0488,51.73,-106.33,6.02,-70
1787063220093,1027301,Thigh,walk,-0.004392,0.984296,0.02196,49.42,-105.35,2.38,-70
1787063220093,1027319,Thigh,walk,0.067344,0.991616,0.032696,49.07,-103.39,-3.5,-70
1787063220423,1027495,Thigh,walk,-0.064416,0.943792,0.077592,35.56,-84,-11.06,-71
1787063220423,1027527,Thigh,walk,0.03904,0.966728,0.077592,36.05,-78.89,-14.14,-71
1787063220423,1027544,Thigh,walk,0.112728,0.983808,0.103944,35,-75.32,-14,-71
1787063220423,1027561,Thigh,walk,0.15616,0.989176,0.157136,31.64,-66.71,-11.97,-71
1787063220423,1027578,Thigh,walk,0.172752,1.001376,0.189344,29.19,-56.42,-10.08,-71
1787063220423,1027609,Thigh,walk,0.120048,1.025288,0.166896,20.23,-47.67,-7.77,-71
1787063220423,1027626,Thigh,walk,0.070272,1.007232,0.123952,17.92,-48.72,-5.81,-71
1787063220423,1027643,Thigh,walk,0.061,1.004304,0.073688,17.71,-53.41,-6.93,-71
1787063220423,1027660,Thigh,walk,0.060512,0.998936,0.041968,16.31,-57.96,-11.2,-71
1787063220423,1027677,Thigh,walk,0.0488,0.99308,0.04148,16.66,-58.87,-13.3,-71
1787063220788,1027855,Thigh,walk,-0.566568,0.967704,0.108336,-116.13,-32.48,-29.12,-71
1787063220788,1027886,Thigh,walk,-0.541192,1.12972,0.086376,-131.88,-115.22,-30.03,-71
1787063220788,1027903,Thigh,walk,-0.284992,1.272216,0.041968,-115.64,-136.71,-22.12,-71
1787063220788,1027920,Thigh,walk,0.037088,1.207312,-0.128832,-97.09,-133.84,-5.81,-71
1787063220788,1027937,Thigh,walk,0.230336,1.082872,-0.144936,-80.71,-96.67,4.2,-71
1787063220788,1027968,Thigh,walk,0.388448,1.085312,0.045384,-85.12,-26.81,18.34,-71
1787063220788,1027985,Thigh,walk,0.301584,1.026752,0.142984,-98.07,17.15,19.04,-71
1787063220788,1028002,Thigh,walk,0.108824,0.893528,0.194224,-106.61,41.16,9.66,-71
1787063220788,1028019,Thigh,walk,0.017568,0.819352,0.233752,-97.44,55.86,-1.61,-71
1787063220788,1028036,Thigh,walk,-0.162504,0.722728,0.272304,-87.01,58.87,-3.78,-71
1787063221144,1028217,Thigh,walk,-0.00244,0.652456,0.432368,17.22,-25.97,-11.27,-71
1787063221144,1028247,Thigh,walk,-0.050264,0.664656,0.428464,34.3,-12.39,-15.61,-71
1787063221144,1028264,Thigh,walk,-0.076128,0.677344,0.440176,37.8,-9.66,-16.1,-71
1787063221144,1028281,Thigh,walk,-0.091256,0.731512,0.471408,45.29,-3.22,-15.89,-71
1787063221144,1028298,Thigh,walk,-0.10004,0.840824,0.528992,51.24,2.24,-15.75,-71
1787063221144,1028329,Thigh,walk,-0.142496,1.02968,0.66124,46.2,4.62,-14.28,-71
1787063221144,1028346,Thigh,walk,-0.17324,1.116056,0.755912,30.66,-2.03,-9.8,-71
1787063221144,1028363,Thigh,walk,-0.242048,1.133136,0.813496,7.14,-6.09,-4.9,-71
1787063221144,1028380,Thigh,walk,-0.269864,1.010648,0.792024,-13.86,-3.57,-3.43,-71
1787063221144,1028397,Thigh,walk,-0.258152,0.916952,0.75396,-16.45,-4.9,-3.36,-71
1787063221504,1028576,Thigh,walk,-0.083448,1.29076,0.469456,-20.72,9.8,8.61,-76
1787063221504,1028607,Thigh,walk,-0.425536,0.356728,-0.112728,23.87,8.54,16.31,-76
1787063221504,1028624,Thigh,walk,-0.48556,0.336232,-0.171776,47.74,-49.28,28.98,-76
1787063221504,1028641,Thigh,walk,-0.349896,0.653432,-0.04636,90.44,-69.58,30.31,-76
1787063221504,1028658,Thigh,walk,0.062464,1.142896,0.06832,95.76,-87.22,24.99,-76
1787063221504,1028689,Thigh,walk,0.394304,1.367864,0.081984,48.79,-50.26,10.08,-76
1787063221504,1028706,Thigh,walk,0.311832,0.976,0.133712,30.59,-25.13,5.11,-76
1787063221504,1028723,Thigh,walk,0.129808,0.874008,0.18544,32.48,-7,0.98,-76
1787063221504,1028740,Thigh,walk,-0.0488,0.88572,0.23912,27.58,-7.07,0.28,-76
1787063221504,1028757,Thigh,walk,-0.115656,0.872056,0.266448,29.82,-27.51,2.94,-76
1787063221934,1028935,Thigh,walk,0.196176,0.96136,0.208376,40.6,-22.61,-7.7,-76
1787063221934,1028965,Thigh,walk,0.03172,0.974048,0.209352,43.33,-20.37,-7.35,-76
1787063221934,1028983,Thigh,walk,-0.05124,0.959408,0.214232,43.75,-25.76,-7.14,-76
1787063221934,1028999,Thigh,walk,-0.099552,0.943792,0.209352,47.11,-37.1,-6.79,-76
1787063221934,1029016,Thigh,walk,-0.100528,0.97112,0.18544,49.07,-45.57,-7.21,-76
1787063221934,1029047,Thigh,walk,-0.020008,0.989664,0.126392,43.89,-49.35,-8.89,-76
1787063221934,1029064,Thigh,walk,0.02928,0.915976,0.105408,40.81,-49.98,-8.96,-76
1787063221934,1029081,Thigh,walk,0.06588,0.93452,0.107848,44.17,-46.41,-11.27,-76
1787063221934,1029098,Thigh,walk,0.09028,0.965264,0.108824,39.97,-37.87,-13.16,-76
1787063221934,1029115,Thigh,walk,0.154208,0.981368,0.127368,37.52,-31.99,-12.32,-76
1787063222226,1029293,Thigh,walk,0.233264,1.413736,0.188368,0.35,-50.26,-11.2,-73
1787063222226,1029324,Thigh,walk,0.2318,1.494744,0.221552,-31.43,-13.37,6.79,-73
1787063222226,1029341,Thigh,walk,0.144448,1.41032,0.22448,-56.84,-0.49,16.24,-73
1787063222226,1029357,Thigh,walk,-0.12688,1.1956,0.208376,-78.61,5.32,21.21,-73
1787063222226,1029374,Thigh,walk,-0.39772,1.026752,0.174216,-94.15,15.68,9.8,-73
1787063222226,1029405,Thigh,walk,-0.59292,1.055056,0.127856,-119.21,4.55,-21.35,-73
1787063222226,1029422,Thigh,walk,-0.60024,1.105808,0.10736,-133.98,-43.96,-32.97,-73
1787063222226,1029439,Thigh,walk,-0.525576,1.15412,0.029768,-127.19,-107.1,-35.98,-73
1787063222226,1029456,Thigh,walk,-0.244488,1.242448,-0.036112,-112.42,-126.07,-31.71,-73
1787063222226,1029473,Thigh,walk,0.081984,1.235616,-0.157624,-92.33,-106.75,-16.38,-73
1787063222586,1029653,Thigh,walk,-0.159088,0.768112,0.262544,-53.06,28.56,5.25,-73
1787063222586,1029685,Thigh,walk,-0.072712,0.662216,0.293776,-29.26,8.47,6.23,-73
1787063222586,1029702,Thigh,walk,-0.079544,0.61976,0.2928,-20.86,0.56,6.86,-73
1787063222586,1029719,Thigh,walk,-0.087352,0.603168,0.304024,-3.5,-13.51,7.77,-73
1787063222586,1029735,Thigh,walk,-0.067832,0.60268,0.344528,11.62,-18.76,6.79,-73
1787063222586,1029766,Thigh,walk,-0.067832,0.618296,0.387472,32.41,-10.01,1.61,-73
1787063222586,1029783,Thigh,walk,-0.101504,0.647576,0.38308,40.95,-5.6,-2.24,-73
1787063222586,1029800,Thigh,walk,-0.12932,0.696864,0.400648,51.8,-6.16,-2.87,-73
1787063222586,1029817,Thigh,walk,-0.133712,0.743712,0.427,62.02,-9.73,-3.22,-73
1787063222586,1029834,Thigh,walk,-0.128344,0.882304,0.543144,63.84,-10.99,-2.73,-73
1787063222947,1030014,Thigh,walk,-0.232776,0.889624,0.431392,-85.26,63.42,-9.73,-73
1787063222947,1030046,Thigh,walk,-0.240096,0.421144,-0.10736,62.3,15.82,15.47,-73
1787063222947,1030063,Thigh,walk,-0.248392,0.540704,-0.257664,72.38,-27.23,26.6,-73
1787063222947,1030080,Thigh,walk,-0.223992,0.752984,-0.158112,85.61,-39.97,29.89,-73
1787063222947,1030097,Thigh,walk,-0.129808,1.094096,-0.001464,96.18,-65.94,23.03,-73
1787063222947,1030127,Thigh,walk,0.115656,1.254648,0.113216,63,-59.71,14.91,-73
1787063222947,1030144,Thigh,walk,0.225944,0.992104,0.176656,50.47,-23.52,8.54,-73
1787063222947,1030161,Thigh,walk,0.215208,0.982344,0.138104,51.17,9.52,-0.7,-73
1787063222947,1030178,Thigh,walk,0.122,1.016992,0.091744,37.24,21.84,-0.14,-73
1787063222947,1030195,Thigh,walk,0.06588,0.99308,0.111264,31.15,12.39,8.33,-73
1787063223307,1030374,Thigh,walk,0.183,0.978928,0.159088,44.8,-39.69,-5.25,-73
1787063223307,1030405,Thigh,walk,0.000488,0.970632,0.198128,48.44,-32.13,-3.01,-73
1787063223307,1030421,Thigh,walk,-0.087352,0.975024,0.19764,47.81,-37.03,-3.5,-73
1787063223307,1030439,Thigh,walk,-0.099552,0.974048,0.183976,46.41,-49.42,-4.97,-73
1787063223307,1030456,Thigh,walk,-0.069784,0.977952,0.145912,45.64,-59.78,-5.32,-73
1787063223307,1030487,Thigh,walk,-0.003416,0.987224,0.072224,43.82,-68.6,-3.57,-73
1787063223307,1030503,Thigh,walk,0.035136,0.9882,0.037088,41.65,-69.58,-3.22,-73
1787063223307,1030520,Thigh,walk,0.08052,0.998448,0.064416,39.9,-64.96,-5.11,-73
1787063223307,1030537,Thigh,walk,0.100528,1.012112,0.115168,37.24,-56.07,-6.44,-73
1787063223307,1030554,Thigh,walk,0.102968,1.036512,0.134688,34.79,-52.08,-4.48,-73
1787063223670,1030733,Thigh,walk,0.03172,1.36884,0.038552,-34.58,-48.3,9.45,-61
1787063223670,1030764,Thigh,walk,-0.159088,1.219024,0.081496,-58.17,-38.92,11.48,-61
1787063223670,1030781,Thigh,walk,-0.264984,1.069208,0.101016,-65.31,-39.27,6.79,-61
1787063223670,1030798,Thigh,walk,-0.349408,0.970144,0.1342,-82.32,-37.17,-10.92,-61
1787063223670,1030815,Thigh,walk,-0.407968,1.016016,0.185928,-96.95,-37.31,-31.99,-61
1787063223670,1030846,Thigh,walk,-0.55876,1.230736,0.227896,-131.81,-52.15,-46.13,-61
1787063223670,1030863,Thigh,walk,-0.639768,1.164856,0.14396,-134.4,-91.91,-38.85,-61
1787063223670,1030880,Thigh,walk,-0.59292,1.114592,-0.006832,-117.39,-148.05,-32.48,-61
1787063223670,1030896,Thigh,walk,-0.482144,1.131672,-0.096624,-98.77,-194.67,-28.21,-61
1787063223670,1030913,Thigh,walk,-0.105408,1.17852,-0.247416,-89.74,-198.1,-25.9,-61
1787063224030,1031094,Thigh,walk,-0.310368,0.756888,0.257176,-26.88,-15.33,-39.69,-61
1787063224030,1031125,Thigh,walk,-0.09028,0.712968,0.284504,0.14,-41.16,-34.86,-61
1787063224030,1031142,Thigh,walk,-0.068808,0.709064,0.279136,4.76,-49.98,-29.05,-61
1787063224030,1031159,Thigh,walk,-0.061,0.686616,0.280112,14.28,-53.76,-27.72,-61
1787063224030,1031176,Thigh,walk,-0.069784,0.648552,0.31232,25.48,-57.05,-28.56,-61
1787063224030,1031207,Thigh,walk,-0.159576,0.620736,0.350872,46.55,-48.58,-30.03,-61
1787063224030,1031224,Thigh,walk,-0.202032,0.659776,0.402112,59.99,-44.87,-27.51,-61
1787063224030,1031241,Thigh,walk,-0.183,0.733464,0.504104,67.34,-39.9,-20.79,-61
1787063224030,1031258,Thigh,walk,-0.154696,0.787632,0.6832,69.3,-30.94,-9.45,-61
1787063224030,1031274,Thigh,walk,-0.181536,0.813008,0.782752,70.35,-42.21,3.36,-61
1787063224388,1031454,Thigh,walk,-0.63928,0.568032,-0.146888,8.75,19.67,15.61,-61
1787063224388,1031485,Thigh,walk,-0.57096,0.603656,-0.116144,80.64,-81.06,28.49,-61
1787063224388,1031502,Thigh,walk,-0.385032,0.812032,-0.063928,92.61,-110.25,17.92,-61
1787063224388,1031519,Thigh,walk,0.036112,1.159,0.057096,89.39,-110.39,12.74,-61
1787063224388,1031536,Thigh,walk,0.308904,1.252696,0.12932,69.58,-91.07,8.61,-61
1787063224388,1031567,Thigh,walk,0.377712,1.00528,0.077592,46.76,-55.16,5.04,-61
1787063224388,1031584,Thigh,walk,0.266936,1.002352,0.088816,36.54,-27.65,1.61,-61
1787063224388,1031601,Thigh,walk,0.1098,1.014064,0.135664,24.71,-11.41,2.03,-61
1787063224388,1031618,Thigh,walk,-0.080032,0.94428,0.18544,21,-20.02,5.04,-61
1787063224388,1031635,Thigh,walk,-0.163968,0.913536,0.216672,31.71,-48.65,7.56,-61
1787063224750,1031812,Thigh,walk,0.055632,0.993568,0.111752,41.58,-44.24,-1.61,-61
1787063224750,1031843,Thigh,walk,-0.053192,0.976,0.076128,40.11,-45.08,-1.68,-61
1787063224750,1031860,Thigh,walk,-0.066368,0.977952,0.058072,39.97,-47.11,-3.08,-61
1787063224750,1031877,Thigh,walk,-0.044896,0.984784,0.045872,40.25,-52.22,-5.18,-61
1787063224750,1031894,Thigh,walk,-0.006832,0.986248,0.025864,39.69,-55.58,-5.67,-61
1787063224750,1031925,Thigh,walk,0.044408,1.003328,0.0244,36.96,-53.41,-6.86,-61
1787063224750,1031942,Thigh,walk,0.058072,1.010648,0.054656,33.88,-49.35,-6.23,-61
1787063224750,1031959,Thigh,walk,0.048312,1.016016,0.090768,32.34,-46.55,-5.18,-61
1787063224750,1031976,Thigh,walk,0.037576,1.01992,0.115656,29.96,-44.87,-4.55,-61
1787063224750,1031993,Thigh,walk,0.02684,0.998936,0.121512,28.49,-44.45,-4.2,-61
1787063225110,1032172,Thigh,walk,0.129808,1.273192,0.206912,13.65,-25.34,-15.96,-61
1787063225110,1032203,Thigh,walk,0.19764,1.447408,0.1586,-21.77,-5.88,0.98,-61
1787063225110,1032220,Thigh,walk,0.157624,1.467904,0.157136,-30.1,2.73,9.8,-61
1787063225110,1032237,Thigh,walk,0.059536,1.445944,0.12444,-52.57,12.46,13.72,-61
1787063225110,1032254,Thigh,walk,-0.160552,1.145336,0.13908,-76.93,20.23,21.42,-61
1787063225110,1032285,Thigh,walk,-0.42944,0.839848,0.177632,-82.39,7.28,8.61,-61
1787063225110,1032302,Thigh,walk,-0.526064,0.95648,0.135176,-99.89,0.35,-16.38,-61
1787063225110,1032319,Thigh,walk,-0.563152,1.160952,0.111752,-127.96,-27.58,-32.69,-61
1787063225110,1032336,Thigh,walk,-0.548024,1.368352,0.050264,-150.43,-80.5,-24.29,-61
1787063225110,1032353,Thigh,walk,-0.259616,1.243424,-0.00244,-147.35,-99.26,-1.61,-61
1787063225471,1032532,Thigh,walk,-0.114192,0.784216,0.208376,-117.11,36.75,7.91,-61
1787063225471,1032563,Thigh,walk,0.113216,0.779824,0.262544,-78.4,33.67,4.41,-61
1787063225471,1032580,Thigh,walk,0.1342,0.759328,0.253272,-72.17,42.49,3.92,-61
1787063225471,1032597,Thigh,walk,0.074176,0.659288,0.254736,-59.99,47.95,4.62,-61
1787063225471,1032614,Thigh,walk,-0.042456,0.535336,0.26352,-43.89,43.05,5.74,-61
1787063225471,1032646,Thigh,walk,-0.062464,0.318176,0.2684,-15.96,26.32,3.22,-61
1787063225471,1032663,Thigh,walk,-0.00488,0.238632,0.323544,14.77,18.34,1.89,-61
1787063225471,1032680,Thigh,walk,-0.020496,0.221552,0.349408,48.72,16.17,1.75,-61
1787063225471,1032697,Thigh,walk,-0.12688,0.24888,0.3782,82.81,8.33,-2.17,-61
1787063225471,1032714,Thigh,walk,-0.206424,0.304024,0.394304,119.35,-2.17,-3.29,-61
1787063225829,1032891,Thigh,walk,0.21472,0.53924,0.004392,50.26,-1.82,4.76,-57
1787063225829,1032922,Thigh,walk,0.094184,1.124352,0.01708,84.77,-22.33,14.91,-57
1787063225829,1032939,Thigh,walk,0.105896,1.165832,0.120048,75.04,-17.15,14.42,-57
1787063225829,1032956,Thigh,walk,0.067832,1.01748,0.23668,61.25,16.52,10.5,-57
1787063225829,1032973,Thigh,walk,0.044408,0.94916,0.1464,58.38,47.67,7,-57
1787063225829,1033004,Thigh,walk,-0.020984,1.003328,0.138104,48.51,36.96,3.01,-57
1787063225829,1033021,Thigh,walk,0.020008,0.992592,0.262544,35.91,28.91,3.99,-57
1787063225829,1033038,Thigh,walk,-0.028304,0.941352,0.280112,38.29,26.74,7.21,-57
1787063225829,1033055,Thigh,walk,-0.06588,0.93208,0.259616,45.01,5.25,9.17,-57
1787063225829,1033072,Thigh,walk,-0.11224,0.913536,0.26352,50.61,-9.8,9.1,-57
1787063226186,1033248,Thigh,walk,-0.090768,0.952088,0.176656,40.04,-6.02,-1.19,-57
1787063226186,1033279,Thigh,walk,-0.095648,0.925248,0.181048,44.8,-27.37,-5.53,-57
1787063226186,1033296,Thigh,walk,-0.046848,0.956968,0.169824,47.53,-35.77,-6.16,-57
1787063226186,1033313,Thigh,walk,0.0122,0.975024,0.135664,46.13,-35.63,-4.69,-57
1787063226186,1033330,Thigh,walk,0.057584,0.990152,0.108824,43.82,-31.01,-5.25,-57
1787063226186,1033361,Thigh,walk,0.088328,1.026264,0.175192,36.12,-18.27,-7.42,-57
1787063226186,1033378,Thigh,walk,0.099064,1.023824,0.25864,28.7,-9.24,-6.37,-57
1787063226186,1033395,Thigh,walk,0.102968,1.016992,0.284016,22.19,-2.87,-3.99,-57
1787063226186,1033412,Thigh,walk,0.10248,1.01748,0.277184,19.32,-1.12,-2.38,-57
1787063226186,1033429,Thigh,walk,0.077592,1.014064,0.213256,13.72,-0.42,0.98,-57
1787063226553,1033607,Thigh,walk,-0.06832,1.245864,0.202032,-64.19,26.95,15.33,-57
1787063226553,1033638,Thigh,walk,-0.452864,1.013088,0.242536,-82.46,26.25,3.08,-57
1787063226553,1033655,Thigh,walk,-0.56608,1.037,0.266936,-94.64,17.5,-12.67,-57
1787063226553,1033672,Thigh,walk,-0.591944,1.135088,0.236192,-115.22,-3.5,-23.45,-57
1787063226553,1033689,Thigh,walk,-0.593408,1.190232,0.150304,-134.68,-44.45,-23.8,-57
1787063226553,1033720,Thigh,walk,-0.221064,1.236592,0.016104,-130.62,-92.54,-6.02,-57
1787063226553,1033737,Thigh,walk,0.07564,1.147776,-0.07808,-116.97,-75.46,8.68,-57
1787063226553,1033754,Thigh,walk,0.215696,1.100928,-0.109312,-107.31,-35.7,20.72,-57
1787063226553,1033771,Thigh,walk,0.37332,1.0858,-0.07076,-96.6,-17.15,25.62,-57
1787063226553,1033788,Thigh,walk,0.42944,1.108248,0.050264,-105.14,28.28,31.57,-57
1787063226913,1033970,Thigh,walk,-0.126392,0.549488,0.315736,-20.51,16.59,7.14,-57
1787063226913,1034000,Thigh,walk,-0.1342,0.559736,0.315736,30.38,-14.84,12.18,-57
1787063226913,1034017,Thigh,walk,-0.12932,0.54412,0.317688,25.97,-16.38,12.88,-57
1787063226913,1034034,Thigh,walk,-0.128344,0.528992,0.312808,40.46,-13.44,11.83,-57
1787063226913,1034051,Thigh,walk,-0.128832,0.505568,0.337208,55.79,-12.6,6.44,-57
1787063226913,1034082,Thigh,walk,-0.137128,0.552416,0.457256,95.55,-15.75,-7.28,-57
1787063226913,1034099,Thigh,walk,-0.149328,0.775432,0.557784,116.76,-11.76,-17.36,-57
1787063226913,1034116,Thigh,walk,-0.24644,1.135576,0.758352,119.98,-2.59,-14.91,-57
1787063226913,1034133,Thigh,walk,-0.284504,1.347856,0.854,81.69,3.85,-0.84,-57
1787063226913,1034150,Thigh,walk,-0.312808,1.5494,0.95404,49.35,5.39,5.6,-57
1787063227273,1034329,Thigh,walk,-0.235704,0.421144,-0.166408,66.71,-15.89,45.64,-53
1787063227273,1034359,Thigh,walk,0.003416,0.94672,0.002928,106.05,-48.72,22.05,-53
1787063227273,1034377,Thigh,walk,0.145912,1.42252,0.055144,91.98,-26.95,12.95,-53
1787063227273,1034394,Thigh,walk,0.181048,1.252696,0.086864,50.05,0.49,10.29,-53
1787063227273,1034411,Thigh,walk,0.194224,0.956968,0.11468,44.94,18.76,7.28,-53
1787063227273,1034442,Thigh,walk,0.098088,0.952576,0.093208,35.07,45.92,8.26,-53
1787063227273,1034459,Thigh,walk,-0.082472,0.901824,0.148352,31.78,32.55,13.44,-53
1787063227273,1034476,Thigh,walk,-0.252296,0.883768,0.221064,43.05,-2.59,15.96,-53
1787063227273,1034493,Thigh,walk,-0.29524,0.919392,0.224968,50.12,-37.38,13.58,-53
1787063227273,1034510,Thigh,walk,-0.297192,0.99552,0.191296,50.89,-51.66,12.46,-53
1787063227636,1034689,Thigh,walk,-0.020008,0.96136,0.234728,39.69,-27.79,-4.13,-53
1787063227636,1034719,Thigh,walk,-0.069784,0.983808,0.184464,38.92,-34.65,-0.56,-53
1787063227636,1034736,Thigh,walk,-0.073688,0.96136,0.127368,35.42,-35.63,0,-53
1787063227636,1034753,Thigh,walk,-0.034648,0.945744,0.0854,33.81,-36.33,-1.89,-53
1787063227636,1034770,Thigh,walk,0.010248,0.946232,0.088328,32.62,-36.61,-5.95,-53
1787063227636,1034801,Thigh,walk,0.05612,0.973072,0.16592,31.78,-30.45,-6.65,-53
1787063227636,1034818,Thigh,walk,0.07808,0.975512,0.203496,30.03,-25.9,-4.55,-53
1787063227636,1034835,Thigh,walk,0.0854,0.96624,0.189832,29.75,-25.06,-3.36,-53
1787063227636,1034852,Thigh,walk,0.076616,0.969656,0.162504,30.38,-27.3,-3.78,-53
1787063227636,1034869,Thigh,walk,0.043432,0.993568,0.101016,31.08,-28.21,-4.13,-53
1787063227992,1035046,Thigh,walk,-0.052216,1.287344,0.103944,-76.3,16.73,28.35,-53
1787063227992,1035077,Thigh,walk,-0.574376,1.014552,0.109312,-104.09,23.66,12.95,-53
1787063227992,1035094,Thigh,walk,-0.677344,1.04432,0.132736,-127.33,11.41,-14.49,-53
1787063227992,1035111,Thigh,walk,-0.656848,1.189256,0.115168,-148.68,-39.76,-32.55,-53
1787063227992,1035128,Thigh,walk,-0.406992,1.254648,0.08784,-146.72,-100.24,-25.34,-53
1787063227992,1035159,Thigh,walk,0.085888,1.155584,-0.087352,-112.21,-95.55,3.36,-53
1787063227992,1035176,Thigh,walk,0.293776,1.120936,-0.121024,-95.69,-48.93,12.11,-53
1787063227992,1035193,Thigh,walk,0.38552,1.158512,-0.085888,-100.03,-0.28,17.99,-53
1787063227992,1035210,Thigh,walk,0.482144,1.16632,0.057096,-106.68,22.4,20.3,-53
1787063227992,1035227,Thigh,walk,0.4148,1.031144,0.136152,-119.7,64.12,21.07,-53
1787063228351,1035406,Thigh,walk,-0.119072,0.64904,0.291336,-18.62,16.17,22.47,-53
1787063228351,1035437,Thigh,walk,-0.11956,0.63684,0.293776,2.17,1.82,22.12,-53
1787063228351,1035454,Thigh,walk,-0.106384,0.5978,0.301096,14,-1.26,19.67,-53
1787063228351,1035471,Thigh,walk,-0.10248,0.557784,0.305976,26.25,0.77,16.73,-53
1787063228351,1035487,Thigh,walk,-0.107848,0.522648,0.32452,41.37,1.96,13.79,-53
1787063228351,1035518,Thigh,walk,-0.140544,0.579256,0.404552,68.81,-3.5,6.16,-53
1787063228351,1035535,Thigh,walk,-0.142008,0.717848,0.476776,89.25,-8.4,-1.47,-53
1787063228351,1035552,Thigh,walk,-0.136152,0.815448,0.530944,97.23,-12.74,-7.98,-53
1787063228351,1035569,Thigh,walk,-0.127368,1.051152,0.674416,99.96,-13.3,-8.4,-53
1787063228351,1035586,Thigh,walk,-0.118096,1.265384,0.833504,75.32,-10.29,-5.39,-53
1787063228712,1035764,Thigh,walk,-0.14396,1.335656,0.65392,4.48,37.52,2.8,-57
1787063228712,1035796,Thigh,walk,-0.213256,0.762256,0.261568,-23.1,69.3,2.17,-57
1787063228712,1035813,Thigh,walk,-0.301096,0.413824,-0.072712,17.36,-2.03,20.16,-57
1787063228712,1035830,Thigh,walk,-0.215208,0.273768,-0.242048,64.19,-68.04,34.51,-57
1787063228712,1035846,Thigh,walk,-0.092232,0.424072,-0.109312,98.98,-63.63,20.3,-57
1787063228712,1035877,Thigh,walk,0.198616,1.491328,0.0122,81.34,-23.8,-0.7,-57
1787063228712,1035894,Thigh,walk,0.205936,1.178032,0.09516,39.76,-14.63,7.91,-57
1787063228712,1035911,Thigh,walk,0.237168,0.976976,0.17568,40.81,-5.04,8.54,-57
1787063228712,1035928,Thigh,walk,0.21472,0.964776,0.1708,49.56,20.72,6.51,-57
1787063228712,1035945,Thigh,walk,0.10248,1.021384,0.100528,40.88,38.29,7.07,-57
1787063229072,1036123,Thigh,walk,0.174216,0.99552,0.155672,32.41,-54.81,-6.3,-57
1787063229072,1036154,Thigh,walk,0.159088,1.0004,0.181536,30.94,-27.37,-3.92,-57
1787063229072,1036171,Thigh,walk,0.091256,0.982832,0.18544,28,-17.22,-1.75,-57
1787063229072,1036188,Thigh,walk,0.0488,0.964288,0.199592,28.07,-16.87,-0.42,-57
1787063229072,1036205,Thigh,walk,-0.03416,0.942328,0.197152,29.33,-19.6,-0.21,-57
1787063229072,1036235,Thigh,walk,-0.103944,0.941352,0.154208,35.84,-36.26,-1.05,-57
1787063229072,1036252,Thigh,walk,-0.097112,0.942328,0.150792,36.61,-42.7,-2.94,-57
1787063229072,1036269,Thigh,walk,-0.05124,0.940376,0.159088,38.43,-45.5,-4.06,-57
1787063229072,1036286,Thigh,walk,0.010736,0.943792,0.152256,38.71,-49,-4.97,-57
1787063229072,1036303,Thigh,walk,0.05368,0.915488,0.13908,39.48,-47.74,-4.06,-57
1787063229447,1036483,Thigh,walk,0.07076,1.606984,0.088328,-14.98,-21.56,8.05,-57
1787063229447,1036514,Thigh,walk,-0.150304,1.416664,0.210816,-47.88,-18.2,19.25,-57
1787063229447,1036531,Thigh,walk,-0.332816,1.141432,0.254736,-65.24,-27.65,11.55,-57
1787063229447,1036548,Thigh,walk,-0.403576,0.988688,0.240584,-75.81,-38.5,-4.83,-57
1787063229447,1036565,Thigh,walk,-0.487512,0.979416,0.207888,-83.93,-45.22,-19.67,-57
1787063229447,1036596,Thigh,walk,-0.4392,0.997472,0.045872,-125.51,-70,-24.5,-57
1787063229447,1036612,Thigh,walk,-0.3904,1.037976,0.008784,-128.73,-78.26,-2.66,-57
1787063229447,1036628,Thigh,walk,-0.2196,1.225368,-0.05368,-125.79,-100.87,-14.91,-57
1787063229447,1036645,Thigh,walk,0.015616,1.358104,-0.144936,-115.08,-100.73,-9.03,-57
1787063229447,1036676,Thigh,walk,0.2562,1.11264,-0.057096,-108.15,-52.01,4.48,-57
1787063229811,1036856,Thigh,walk,-0.046848,0.657336,0.33672,-36.26,13.23,-0.63,-54
1787063229811,1036888,Thigh,walk,-0.03172,0.61,0.345504,-0.77,-12.39,8.47,-54
1787063229811,1036904,Thigh,walk,-0.068808,0.58804,0.342576,8.4,-19.11,9.66,-54
1787063229811,1036922,Thigh,walk,-0.076128,0.5612,0.345992,24.22,-26.04,8.33,-54
1787063229811,1036939,Thigh,walk,-0.059536,0.548512,0.356728,37.8,-21.21,3.57,-54
1787063229811,1036970,Thigh,walk,-0.062952,0.579256,0.37088,51.52,-5.74,-5.74,-54
1787063229811,1036987,Thigh,walk,-0.047336,0.652944,0.452376,64.68,1.75,-10.64,-54
1787063229811,1037003,Thigh,walk,-0.028304,0.844728,0.60268,75.95,8.54,-12.04,-54
1787063229811,1037020,Thigh,walk,-0.057096,0.95648,0.794952,75.25,9.1,-7.28,-54
1787063229811,1037037,Thigh,walk,-0.175192,1.158512,0.872056,69.3,3.15,16.24,-54
1787063230166,1037215,Thigh,walk,-0.088328,0.562664,0.099552,-62.3,41.23,13.09,-54
1787063230166,1037246,Thigh,walk,-0.480192,0.128344,-0.139568,44.59,11.55,19.81,-54
1787063230166,1037263,Thigh,walk,-0.40992,0.56608,-0.150304,87.99,-42.63,26.74,-54
1787063230166,1037280,Thigh,walk,-0.078568,1.039928,0.088328,99.4,-70.84,26.39,-54
1787063230166,1037297,Thigh,walk,0.17812,1.484496,0.181536,87.92,-66.85,12.6,-54
1787063230166,1037328,Thigh,walk,0.259616,0.984784,0.128832,37.87,-24.22,14.84,-54
1787063230166,1037345,Thigh,walk,0.215696,0.833504,0.129808,50.89,0.07,6.44,-54
1787063230166,1037362,Thigh,walk,0.183488,0.9638,0.116144,41.65,20.09,3.64,-54
1787063230166,1037379,Thigh,walk,0.064416,0.993568,0.120536,33.46,23.52,5.74,-54
1787063230166,1037395,Thigh,walk,-0.094672,0.953552,0.19276,22.82,10.01,6.65,-54
1787063230529,1037574,Thigh,walk,0.20496,1.003328,0.166896,39.06,-38.29,-4.41,-54
1787063230529,1037606,Thigh,walk,0.061488,0.98332,0.176168,43.12,-22.4,-4.27,-54
1787063230529,1037623,Thigh,walk,-0.002928,0.967704,0.176168,43.61,-25.76,-4.9,-54
1787063230529,1037640,Thigh,walk,-0.055632,0.95648,0.17568,44.66,-36.4,-5.53,-54
1787063230529,1037657,Thigh,walk,-0.111264,0.955992,0.1586,46.97,-48.58,-4.76,-54
1787063230529,1037688,Thigh,walk,-0.122488,0.955504,0.133712,48.44,-64.96,-3.22,-54
1787063230529,1037705,Thigh,walk,-0.063928,0.970632,0.122976,46.9,-72.24,-4.13,-54
1787063230529,1037722,Thigh,walk,0.002928,0.992104,0.1342,41.79,-76.3,-5.95,-54
1787063230529,1037739,Thigh,walk,0.03416,0.998448,0.151768,38.5,-73.99,-7.7,-54
1787063230529,1037756,Thigh,walk,0.077104,0.99552,0.181048,31.71,-70,-7.91,-54
1787063230889,1037933,Thigh,walk,0.245464,1.39324,0.078568,8.75,-54.11,-16.03,-54
1787063230889,1037965,Thigh,walk,0.150304,1.536224,0.053192,-11.13,-31.85,9.38,-54
1787063230889,1037982,Thigh,walk,-0.068808,1.418128,0.05124,-36.61,-15.47,21.84,-54
1787063230889,1037999,Thigh,walk,-0.318664,1.15656,0.148352,-57.26,-16.1,17.15,-54
1787063230889,1038016,Thigh,walk,-0.448472,0.908168,0.24644,-71.61,-32.34,0.07,-54
1787063230889,1038047,Thigh,walk,-0.465552,0.92476,0.210816,-90.93,-52.29,-28.63,-54
1787063230889,1038064,Thigh,walk,-0.457256,1.0126,0.133224,-114.24,-64.4,-35.35,-54
1787063230889,1038081,Thigh,walk,-0.427976,1.065792,0.038064,-128.17,-87.78,-32.41,-54
1787063230889,1038098,Thigh,walk,-0.39284,1.184376,0.00732,-131.11,-102.55,-28.35,-54
1787063230889,1038115,Thigh,walk,-0.238632,1.3298,-0.030744,-122.29,-123.76,-25.9,-54
1787063231250,1038295,Thigh,walk,-0.170312,0.67588,0.277672,-48.23,7.7,-10.29,-42
1787063231250,1038327,Thigh,walk,-0.130296,0.734928,0.37576,-23.31,5.25,-12.25,-42
1787063231250,1038344,Thigh,walk,-0.082472,0.745664,0.37576,-18.62,-3.36,-8.26,-42
1787063231250,1038361,Thigh,walk,-0.067344,0.753472,0.356728,-10.64,-12.04,-5.88,-42
1787063231250,1038378,Thigh,walk,-0.055632,0.732488,0.352336,-2.45,-27.23,-2.52,-42
1787063231250,1038409,Thigh,walk,-0.061488,0.666608,0.396744,11.62,-36.05,-4.62,-42
1787063231250,1038426,Thigh,walk,-0.088328,0.614392,0.432856,22.19,-32.76,-8.61,-42
1787063231250,1038443,Thigh,walk,-0.101504,0.5856,0.44896,36.05,-30.66,-11.48,-42
1787063231250,1038460,Thigh,walk,-0.101504,0.6222,0.4514,51.52,-27.93,-13.79,-42
1787063231250,1038477,Thigh,walk,-0.121512,0.669536,0.447496,58.03,-24.92,-17.71,-42
1787063231612,1038656,Thigh,walk,-0.037576,0.818864,0.57096,-4.48,5.25,2.17,-42
1787063231612,1038687,Thigh,walk,-0.041968,0.840824,0.482632,-3.85,31.99,7.56,-42
1787063231612,1038704,Thigh,walk,-0.045872,0.826184,0.472872,-1.96,44.59,9.94,-42
1787063231612,1038721,Thigh,walk,-0.041968,0.94428,0.440176,22.05,50.54,4.76,-42
1787063231612,1038738,Thigh,walk,-0.189832,1.285392,0.386984,55.16,45.29,-4.34,-42
1787063231612,1038769,Thigh,walk,-0.272304,1.498648,0.460184,25.2,31.08,-3.15,-42
1787063231612,1038786,Thigh,walk,-0.254248,1.35176,0.467504,-11.97,43.75,-8.54,-42
1787063231612,1038803,Thigh,walk,-0.253272,0.732976,0.22936,-17.92,44.59,0.07,-42
1787063231612,1038820,Thigh,walk,-0.33916,0.376736,-0.075152,31.01,-13.44,17.15,-42
1787063231612,1038837,Thigh,walk,-0.349896,0.31964,-0.15128,52.22,-68.88,29.12,-42
1787063231973,1039016,Thigh,walk,-0.201544,1.012112,0.15616,56.42,-65.1,10.43,-42
1787063231973,1039047,Thigh,walk,-0.098088,0.996984,0.074176,44.17,-100.59,10.78,-42
1787063231973,1039064,Thigh,walk,-0.062952,0.97844,0.047824,37.87,-111.02,8.61,-42
1787063231973,1039081,Thigh,walk,0.022448,0.97356,0.01708,35.28,-114.03,6.58,-42
1787063231973,1039098,Thigh,walk,0.126392,0.969656,0.052216,33.25,-114.03,1.4,-42
1787063231973,1039129,Thigh,walk,0.235704,0.981368,0.10736,37.59,-97.02,-3.29,-42
1787063231973,1039146,Thigh,walk,0.249856,0.995032,0.106384,41.09,-77.84,-4.2,-42
1787063231973,1039163,Thigh,walk,0.218624,0.990152,0.0976,43.12,-59.57,-4.55,-42
1787063231973,1039180,Thigh,walk,0.135664,0.98332,0.111264,43.75,-49.07,-4.69,-42
1787063231973,1039197,Thigh,walk,0.089304,0.98332,0.12688,42.49,-45.57,-5.18,-42
1787063232333,1039375,Thigh,walk,0.124928,1.013576,0.174704,13.37,-47.46,0.35,-55
1787063232333,1039406,Thigh,walk,0.059048,0.965752,0.168848,4.97,-45.01,1.4,-55
1787063232333,1039423,Thigh,walk,0.036112,0.96624,0.144448,5.67,-46.13,1.47,-55
1787063232333,1039440,Thigh,walk,0.0366,1.001864,0.071736,4.83,-49.07,0.63,-55
1787063232333,1039457,Thigh,walk,0.04636,0.988688,0.020984,2.24,-53.9,-3.29,-55
1787063232333,1039488,Thigh,walk,0.023424,0.980392,0.015128,10.08,-51.87,-9.8,-55
1787063232333,1039505,Thigh,walk,0.040016,1.053104,0.05124,17.01,-51.1,-14.49,-55
1787063232333,1039522,Thigh,walk,0.121512,1.204384,0.061976,16.8,-51.24,-17.01,-55
1787063232333,1039539,Thigh,walk,0.191296,1.31516,0.131272,7.91,-44.73,-9.31,-55
1787063232333,1039556,Thigh,walk,0.215696,1.348344,0.170312,2.8,-27.02,1.61,-55
1787063232692,1039733,Thigh,walk,0.146888,1.321504,-0.14152,-107.03,-94.5,-14.84,-55
1787063232692,1039764,Thigh,walk,0.421144,1.104344,-0.078568,-86.94,-17.64,11.83,-55
1787063232692,1039781,Thigh,walk,0.387472,1.118496,0.069296,-92.89,1.68,14.63,-55
1787063232692,1039798,Thigh,walk,0.257664,1.033584,0.157624,-110.74,38.43,12.04,-55
1787063232692,1039815,Thigh,walk,0.013176,0.845704,0.233264,-110.88,53.06,2.87,-55
1787063232692,1039846,Thigh,walk,-0.155672,0.744688,0.27816,-84.98,60.41,3.78,-55
1787063232692,1039863,Thigh,walk,-0.14152,0.753472,0.25864,-73.78,56.7,9.1,-55
1787063232692,1039880,Thigh,walk,-0.0854,0.760792,0.264008,-63.77,49.49,8.75,-55
1787063232692,1039897,Thigh,walk,-0.074176,0.764696,0.2562,-55.51,48.09,5.67,-55
1787063232692,1039914,Thigh,walk,-0.097112,0.742736,0.251808,-51.73,47.04,5.39,-55
1787063233054,1040094,Thigh,walk,-0.111752,0.82228,0.542168,64.75,-7.49,-13.44,-55
1787063233054,1040124,Thigh,walk,-0.067344,1.030656,0.776408,46.06,-2.87,-6.16,-55
1787063233054,1040142,Thigh,walk,-0.08784,1.129232,0.824232,36.05,2.03,-1.54,-55
1787063233054,1040158,Thigh,walk,-0.144936,1.084824,0.774944,17.15,8.33,7,-55
1787063233054,1040175,Thigh,walk,-0.177632,0.955992,0.757864,7.21,7.77,10.15,-55
1787063233054,1040206,Thigh,walk,-0.11224,0.965752,0.530456,0.84,12.11,10.15,-55
1787063233054,1040223,Thigh,walk,-0.050752,0.891088,0.427976,-4.13,31.36,10.71,-55
1787063233054,1040240,Thigh,walk,-0.018056,0.797392,0.378688,-4.83,46.83,10.64,-55
1787063233054,1040257,Thigh,walk,-0.020984,0.76616,0.42212,5.95,52.01,9.03,-55
1787063233054,1040274,Thigh,walk,-0.077592,0.948672,0.460672,27.58,48.86,4.55,-55
1787063233411,1040452,Thigh,walk,0.262056,1.358592,0.054168,52.99,-53.2,10.78,-63
1787063233411,1040483,Thigh,walk,0.339648,0.965264,0.135176,37.17,-24.99,2.03,-63
1787063233411,1040500,Thigh,walk,0.238144,1.047248,0.105408,31.64,5.88,2.03,-63
1787063233411,1040517,Thigh,walk,0.038552,1.026264,0.125416,13.16,16.66,4.97,-63
1787063233411,1040534,Thigh,walk,-0.122,0.896944,0.220576,11.9,3.5,10.5,-63
1787063233411,1040565,Thigh,walk,-0.19764,0.953552,0.227408,30.24,-41.16,18.34,-63
1787063233411,1040582,Thigh,walk,-0.176656,0.994544,0.136152,29.47,-69.23,16.73,-63
1787063233411,1040599,Thigh,walk,-0.116144,0.935984,0.071248,30.87,-85.68,12.18,-63
1787063233411,1040616,Thigh,walk,-0.066856,0.925736,0.044408,32.97,-93.03,7.35,-63
1787063233411,1040633,Thigh,walk,0.060512,0.962336,0.022448,36.12,-93.87,4.62,-63
1787063233771,1040811,Thigh,walk,-0.099064,0.974048,0.117608,39.27,-60.41,-2.52,-63
1787063233771,1040842,Thigh,walk,0.003416,0.986736,0.098088,35.14,-67.27,-6.3,-63
1787063233771,1040858,Thigh,walk,0.070272,0.979904,0.11468,31.29,-65.1,-7.77,-63
1787063233771,1040875,Thigh,walk,0.12932,0.992592,0.143472,29.89,-61.04,-7.98,-63
1787063233771,1040892,Thigh,walk,0.164944,0.996984,0.15128,27.72,-54.39,-6.3,-63
1787063233771,1040923,Thigh,walk,0.153232,1.00772,0.128344,23.59,-43.33,-3.57,-63
1787063233771,1040940,Thigh,walk,0.096136,1.0004,0.094184,19.11,-40.95,-1.33,-63
1787063233771,1040957,Thigh,walk,0.068808,0.990152,0.07808,18.06,-43.12,-0.14,-63
1787063233771,1040974,Thigh,walk,0.044408,0.98088,0.060512,18.9,-45.43,-0.84,-63
1787063233771,1040991,Thigh,walk,0.040504,0.997472,0.050752,19.25,-49.49,-3.71,-63
1787063234134,1041170,Thigh,walk,0.017568,1.335168,0.149816,-66.78,-23.24,13.51,-63
1787063234134,1041202,Thigh,walk,-0.335256,0.92476,0.17324,-90.44,-16.03,7.42,-63
1787063234134,1041219,Thigh,walk,-0.484096,0.869128,0.14396,-102.62,-19.46,-14.7,-63
1787063234134,1041236,Thigh,walk,-0.558272,1.018944,0.103456,-122.01,-33.74,-37.1,-63
1787063234134,1041252,Thigh,walk,-0.550464,1.138504,0.05124,-138.25,-72.45,-45.64,-63
1787063234134,1041283,Thigh,walk,-0.325496,1.216584,-0.018544,-119.56,-142.52,-33.46,-63
1787063234134,1041300,Thigh,walk,0.00488,1.289296,-0.14396,-95.27,-143.36,-22.26,-63
1787063234134,1041317,Thigh,walk,0.145912,1.257576,-0.174216,-88.06,-104.58,-14.91,-63
1787063234134,1041334,Thigh,walk,0.355752,1.128744,-0.13664,-84.28,-78.54,-8.96,-63
1787063234134,1041351,Thigh,walk,0.39772,1.091656,0.012688,-87.01,-32.97,0.56,-63
1787063234496,1041532,Thigh,walk,-0.084424,0.691496,0.400648,-18.06,-18.34,-0.49,-63
1787063234496,1041563,Thigh,walk,-0.066856,0.657824,0.42212,11.97,-28.21,-0.07,-63
1787063234496,1041580,Thigh,walk,-0.050264,0.66856,0.433344,16.31,-25.34,-2.24,-63
1787063234496,1041597,Thigh,walk,-0.055144,0.65392,0.432856,21.56,-16.87,-7.7,-63
1787063234496,1041614,Thigh,walk,-0.09516,0.630496,0.427488,27.51,-10.64,-13.23,-63
1787063234496,1041644,Thigh,walk,-0.120048,0.675392,0.458232,46.41,-8.33,-17.5,-63
1787063234496,1041661,Thigh,walk,-0.14884,0.794464,0.491904,56.56,-8.82,-18.27,-63
1787063234496,1041678,Thigh,walk,-0.163968,0.926224,0.555344,56.49,-8.47,-17.29,-63
1787063234496,1041695,Thigh,walk,-0.162016,0.977952,0.604632,45.78,-7.63,-13.23,-63
1787063234496,1041712,Thigh,walk,-0.146888,1.036024,0.689544,38.71,-7.42,-10.57,-63
1787063234856,1041893,Thigh,walk,-0.116632,0.709064,0.388936,47.88,22.26,2.17,-64
1787063234856,1041924,Thigh,walk,-0.232776,1.668472,0.396744,68.88,15.4,7.98,-64
1787063234856,1041941,Thigh,walk,-0.093696,1.678232,0.457256,49.56,16.24,8.75,-64
1787063234856,1041958,Thigh,walk,-0.101992,1.472784,0.487024,6.02,26.11,4.13,-64
1787063234856,1041975,Thigh,walk,-0.23424,0.865712,0.345016,-16.03,50.05,2.1,-64
1787063234856,1042006,Thigh,walk,-0.442128,0.330864,-0.11468,51.73,-26.74,17.15,-64
1787063234856,1042022,Thigh,walk,-0.341112,0.518256,-0.164456,88.97,-73.5,16.59,-64
1787063234856,1042039,Thigh,walk,-0.047336,0.894016,-0.053192,90.02,-81.41,9.94,-64
1787063234856,1042056,Thigh,walk,0.202032,1.27856,0.071736,74.97,-59.64,4.27,-64
1787063234856,1042073,Thigh,walk,0.265472,1.348832,0.076616,59.29,-56.07,3.85,-64
1787063235218,1042252,Thigh,walk,-0.03172,0.911096,0.003904,31.99,-93.24,4.9,-64
1787063235218,1042284,Thigh,walk,0.185928,1.00772,0.062952,34.58,-93.59,-4.13,-64
1787063235218,1042301,Thigh,walk,0.208376,0.996984,0.096624,36.26,-75.74,-5.32,-64
1787063235218,1042318,Thigh,walk,0.223504,0.992592,0.145424,37.66,-64.12,-5.67,-64
1787063235218,1042335,Thigh,walk,0.216184,1.008208,0.167384,37.66,-42.98,-5.67,-64
1787063235218,1042365,Thigh,walk,0.111752,0.976488,0.214232,33.32,-28.7,-5.95,-64
1787063235218,1042382,Thigh,walk,0.005368,0.967704,0.234728,34.09,-29.33,-4.62,-64
1787063235218,1042399,Thigh,walk,-0.074176,0.973072,0.21716,33.53,-36.26,-2.87,-64
1787063235218,1042416,Thigh,walk,-0.09516,0.961848,0.195688,33.11,-47.81,-1.82,-64
1787063235218,1042433,Thigh,walk,-0.084912,0.958432,0.186904,33.25,-59.43,-2.1,-64
1787063235580,1042612,Thigh,walk,-0.0122,1.031632,0.054168,20.79,-41.72,-13.86,-64
1787063235580,1042644,Thigh,walk,0.098088,1.249768,0.127856,19.04,-48.93,-23.31,-64
1787063235580,1042661,Thigh,walk,0.130296,1.333216,0.121512,6.3,-47.46,-15.96,-64
1787063235580,1042678,Thigh,walk,0.176168,1.407392,0.166408,0,-38.92,-9.03,-64
1787063235580,1042695,Thigh,walk,0.150304,1.480592,0.159576,-17.29,-18.97,3.71,-64
1787063235580,1042726,Thigh,walk,-0.10004,1.265384,0.221064,-57.05,-9.8,15.19,-64
1787063235580,1042742,Thigh,walk,-0.318176,1.028216,0.286456,-72.45,-10.71,8.96,-64
1787063235580,1042759,Thigh,walk,-0.430416,0.950624,0.261568,-86.87,-14.35,-8.82,-64
1787063235580,1042776,Thigh,walk,-0.471408,1.031144,0.196176,-103.67,-28.84,-23.59,-64
1787063235580,1042793,Thigh,walk,-0.494344,1.103856,0.00732,-127.54,-57.61,-29.4,-64
1787063235997,1042973,Thigh,walk,-0.161528,0.730048,0.255224,-76.37,64.12,3.85,-66
1787063235997,1043047,Thigh,walk,-0.136152,0.725656,0.294752,-46.97,34.16,5.32,-66
1787063235997,1043079,Thigh,walk,-0.105896,0.655384,0.318664,-20.79,1.54,11.55,-66
1787063235997,1043095,Thigh,walk,-0.110288,0.642696,0.3294,-14.21,-6.65,12.67,-66
1787063235997,1043112,Thigh,walk,-0.096624,0.610488,0.369416,-0.14,-15.19,13.65,-66
1787063235997,1043128,Thigh,walk,-0.064416,0.580232,0.410896,13.16,-14.35,11.06,-66
1787063235997,1043159,Thigh,walk,-0.072224,0.59048,0.396744,32.2,-5.46,5.11,-66
1787063235997,1043176,Thigh,walk,-0.11712,0.621712,0.393328,42.42,-2.66,2.1,-66
1787063235997,1043193,Thigh,walk,-0.14396,0.69296,0.435296,54.95,-4.83,-0.14,-66
1787063235997,1043210,Thigh,walk,-0.13908,0.74908,0.52216,63.98,-7,-2.8,-66
1787063236355,1043388,Thigh,walk,0.020496,1.01992,0.41236,-1.89,62.16,12.18,-66
1787063236355,1043420,Thigh,walk,-0.252784,1.599664,0.53436,26.25,42.28,-5.11,-66
1787063236355,1043437,Thigh,walk,-0.264496,1.529392,0.564128,-11.97,46.48,-7,-66
1787063236355,1043454,Thigh,walk,-0.185928,1.1712,0.461648,-24.22,57.68,-9.31,-66
1787063236355,1043471,Thigh,walk,-0.200568,0.648552,0.115168,-9.38,72.59,-4.34,-66
1787063236355,1043501,Thigh,walk,-0.413824,0.3416,-0.180072,51.1,-19.11,30.73,-66
1787063236355,1043518,Thigh,walk,-0.23668,0.503616,-0.067344,90.93,-69.79,39.34,-66
1787063236355,1043535,Thigh,walk,0.062952,0.976,0.00976,106.54,-80.64,26.04,-66
1787063236355,1043552,Thigh,walk,0.237168,1.4152,0.002928,91.28,-60.41,13.65,-66
1787063236355,1043569,Thigh,walk,0.272304,1.38836,0.016104,50.61,-36.61,10.43,-66
1787063236715,1043747,Thigh,walk,0.038064,0.979416,0.057096,49.98,-92.82,3.71,-66
1787063236715,1043778,Thigh,walk,0.213744,1.018944,0.105408,42.84,-73.5,-5.74,-66
1787063236715,1043795,Thigh,walk,0.255224,0.998448,0.115656,41.51,-62.09,-6.02,-66
1787063236715,1043812,Thigh,walk,0.225944,0.976,0.125904,42.42,-36.96,-4.41,-66
1787063236715,1043829,Thigh,walk,0.16104,0.99308,0.129808,43.47,-17.57,-2.94,-66
1787063236715,1043860,Thigh,walk,0.015616,0.979904,0.157624,40.25,-15.54,-2.03,-66
1787063236715,1043876,Thigh,walk,-0.079056,0.947208,0.153232,40.67,-29.26,-1.68,-66
1787063236715,1043893,Thigh,walk,-0.13176,0.94428,0.110776,45.5,-43.4,-1.4,-66
1787063236715,1043910,Thigh,walk,-0.135664,0.955504,0.045872,46.2,-52.64,-1.89,-66
1787063236715,1043927,Thigh,walk,-0.098088,0.962824,0.028304,45.08,-55.79,-2.94,-66
1787063237079,1044106,Thigh,walk,0.040992,1.096048,0.138104,20.44,-35.35,-7.7,-69
1787063237079,1044137,Thigh,walk,0.093208,1.209752,0.237656,14.56,-39.69,-12.39,-69
1787063237079,1044154,Thigh,walk,0.206912,1.412272,0.221552,3.43,-39.27,-12.18,-69
1787063237079,1044171,Thigh,walk,0.223016,1.484984,0.186904,-19.95,-27.3,-3.29,-69
1787063237079,1044188,Thigh,walk,0.13908,1.53476,0.171288,-40.04,-2.52,7.28,-69
1787063237079,1044219,Thigh,walk,-0.084424,1.360544,0.108336,-84.7,13.16,18.76,-69
1787063237079,1044235,Thigh,walk,-0.36356,1.045296,0.12688,-98.28,8.33,20.23,-69
1787063237079,1044253,Thigh,walk,-0.545096,0.967216,0.10492,-106.75,-0.77,0.63,-69
1787063237079,1044269,Thigh,walk,-0.600728,0.981368,0.087352,-126.63,-17.29,-23.8,-69
1787063237079,1044286,Thigh,walk,-0.635864,1.114592,0.05856,-135.1,-36.12,-31.57,-69
1787063237438,1044466,Thigh,walk,-0.174216,0.69784,0.267424,-86.52,49.42,4.69,-70
1787063237438,1044498,Thigh,walk,-0.1342,0.800808,0.187392,-62.44,41.65,8.47,-70
1787063237438,1044515,Thigh,walk,-0.065392,0.828136,0.181536,-59.78,44.94,10.57,-70
1787063237438,1044533,Thigh,walk,-0.01464,0.795928,0.185928,-57.68,45.15,11.62,-70
1787063237438,1044550,Thigh,walk,0.00976,0.71248,0.213744,-49.77,35.77,13.51,-70
1787063237438,1044567,Thigh,walk,-0.03172,0.630008,0.247904,-34.79,18.41,16.1,-70
1787063237438,1044598,Thigh,walk,-0.096624,0.527528,0.306952,-7,-0.7,20.58,-70
1787063237438,1044614,Thigh,walk,-0.08784,0.504104,0.331352,14.28,-1.82,20.65,-70
1787063237438,1044631,Thigh,walk,-0.061488,0.513376,0.328424,32.69,3.15,19.88,-70
1787063237438,1044648,Thigh,walk,-0.052704,0.522648,0.325008,47.04,7.35,17.92,-70
1787063237806,1044827,Thigh,walk,0.071248,0.94184,0.518744,-2.94,68.11,16.03,-70
1787063237806,1044858,Thigh,walk,-0.103456,1.324432,0.426512,24.29,83.09,-11.55,-70
1787063237806,1044875,Thigh,walk,-0.301584,1.645048,0.393328,44.52,34.37,-19.95,-70
1787063237806,1044892,Thigh,walk,-0.411872,1.680672,0.426512,2.45,23.38,-15.96,-70
1787063237806,1044909,Thigh,walk,-0.320616,1.301008,0.553392,-22.82,28.77,-20.02,-70
1787063237806,1044940,Thigh,walk,-0.136152,0.521184,0.033184,-10.85,79.03,-5.95,-70
1787063237806,1044957,Thigh,walk,-0.193736,0.327936,-0.29524,31.08,5.32,28.42,-70
1787063237806,1044974,Thigh,walk,-0.148352,0.256688,-0.287432,74.13,-72.59,53.62,-70
1787063237806,1044990,Thigh,walk,0.14884,0.716872,-0.115656,108.29,-86.38,35,-70
1787063237806,1045007,Thigh,walk,0.240096,1.087752,-0.062952,93.66,-52.15,4.76,-70
1787063238164,1045187,Thigh,walk,-0.091256,0.939888,0.103456,45.85,-70.98,3.57,-70
1787063238164,1045218,Thigh,walk,0.072224,0.946232,0.125416,58.87,-74.34,-3.22,-70
1787063238164,1045235,Thigh,walk,0.133224,0.976976,0.131272,58.17,-63.49,-4.9,-70
1787063238164,1045252,Thigh,walk,0.249368,1.014552,0.15128,55.16,-53.69,-5.46,-70
1787063238164,1045269,Thigh,walk,0.2928,0.992104,0.172264,49.07,-28.21,-6.37,-70
1787063238164,1045300,Thigh,walk,0.132736,0.999912,0.165432,45.99,3.22,-4.27,-70
1787063238164,1045317,Thigh,walk,-0.01708,0.970632,0.168848,42.21,7.28,-1.47,-70
1787063238164,1045334,Thigh,walk,-0.137616,0.933056,0.17812,43.19,-2.73,-0.14,-70
1787063238164,1045351,Thigh,walk,-0.19276,0.940864,0.164456,46.97,-23.31,-1.61,-70
1787063238164,1045368,Thigh,walk,-0.188368,0.948184,0.150792,46.97,-42.98,-3.85,-70
1787063238520,1045547,Thigh,walk,0.049288,1.189256,0.145424,18.2,-35.56,-16.24,-72
1787063238520,1045578,Thigh,walk,0.1342,1.513288,0.212768,-10.5,-34.58,-8.82,-72
1787063238520,1045595,Thigh,walk,0.139568,1.513288,0.24644,-31.15,-13.16,6.16,-72
1787063238520,1045612,Thigh,walk,0.103456,1.477664,0.232776,-42.42,-5.53,11.9,-72
1787063238520,1045629,Thigh,walk,-0.064416,1.287832,0.1952,-68.67,-1.68,19.88,-72
1787063238520,1045660,Thigh,walk,-0.480192,1.017968,0.15128,-96.81,0.49,-3.99,-72
1787063238520,1045677,Thigh,walk,-0.57828,0.965752,0.106384,-113.89,-7.7,-12.32,-72
1787063238520,1045694,Thigh,walk,-0.61,1.018456,0.061,-128.45,-39.69,-21.77,-72
1787063238520,1045711,Thigh,walk,-0.49532,1.279536,-0.007808,-129.5,-90.79,-24.64,-72
1787063238520,1045728,Thigh,walk,-0.345992,1.397144,-0.164456,-117.95,-120.68,-16.8,-72
1787063238882,1045907,Thigh,walk,-0.20252,0.734928,0.223016,-59.85,47.04,7.07,-72
1787063238882,1045938,Thigh,walk,-0.115168,0.720288,0.261568,-47.81,40.53,6.58,-72
1787063238882,1045955,Thigh,walk,-0.094184,0.647088,0.264496,-35.21,29.75,8.96,-72
1787063238882,1045972,Thigh,walk,-0.081008,0.618296,0.266448,-26.95,20.44,11.83,-72
1787063238882,1045989,Thigh,walk,-0.102968,0.572424,0.26352,-9.1,-0.21,12.67,-72
1787063238882,1046020,Thigh,walk,-0.11468,0.53436,0.310368,17.01,-21.14,13.02,-72
1787063238882,1046037,Thigh,walk,-0.096624,0.549,0.355264,31.71,-19.67,11.76,-72
1787063238882,1046054,Thigh,walk,-0.080032,0.584624,0.383568,40.53,-11.76,7.28,-72
1787063238882,1046071,Thigh,walk,-0.069296,0.654408,0.442616,49.28,-3.99,1.61,-72
1787063238882,1046088,Thigh,walk,-0.057096,0.793,0.563152,60.69,4.41,-2.52,-72
1787063239244,1046265,Thigh,walk,-0.13176,1.347368,0.381128,21,76.37,-8.47,-72
1787063239244,1046296,Thigh,walk,-0.285968,1.297592,0.528504,-15.4,22.68,1.61,-72
1787063239244,1046313,Thigh,walk,-0.244976,1.111176,0.516304,-25.83,47.46,-6.86,-72
1787063239244,1046330,Thigh,walk,-0.259616,0.582672,0.238632,-25.34,62.09,-5.39,-72
1787063239244,1046347,Thigh,walk,-0.327448,0.469944,-0.050752,29.96,33.88,11.34,-72
1787063239244,1046378,Thigh,walk,-0.187392,0.6222,-0.056608,75.53,-68.11,46.83,-72
1787063239244,1046395,Thigh,walk,0.132736,0.910608,0.059048,92.26,-85.96,34.23,-72
1787063239244,1046412,Thigh,walk,0.305488,1.31028,0.038064,88.2,-52.92,15.75,-72
1787063239244,1046429,Thigh,walk,0.274744,1.2566,0.013664,50.47,-18.62,15.47,-72
1787063239244,1046446,Thigh,walk,0.239608,1.087264,0.061488,42.07,0.14,11.06,-72
1787063239601,1046624,Thigh,walk,0.144448,1.009672,0.087352,50.47,-93.45,0.98,-72
1787063239601,1046655,Thigh,walk,0.235704,1.001376,0.184952,44.45,-64.54,-5.32,-72
1787063239601,1046672,Thigh,walk,0.240584,0.98088,0.185928,44.59,-54.04,-5.18,-72
1787063239601,1046689,Thigh,walk,0.205936,0.983808,0.174216,44.87,-32.76,-4.34,-72
1787063239601,1046706,Thigh,walk,0.130296,0.994544,0.164944,44.87,-16.66,-3.15,-72
1787063239601,1046737,Thigh,walk,-0.011224,0.979904,0.177144,41.02,-15.4,-1.12,-72
1787063239601,1046754,Thigh,walk,-0.083448,0.96868,0.188368,40.88,-27.79,-0.91,-72
1787063239601,1046771,Thigh,walk,-0.11712,0.959408,0.177144,41.16,-43.33,-1.33,-72
1787063239601,1046788,Thigh,walk,-0.11956,0.96136,0.140544,39.62,-53.2,-1.33,-72
1787063239601,1046805,Thigh,walk,-0.088328,0.969656,0.124928,38.15,-56,-2.59,-72
1787063239963,1046984,Thigh,walk,-0.018056,1.009184,0.042456,24.5,-42.07,-7.21,-67
1787063239963,1047014,Thigh,walk,-0.073688,1.025776,0.096136,23.17,-53.83,-12.67,-67
1787063239963,1047031,Thigh,walk,-0.05612,1.08336,0.1586,23.1,-59.78,-13.58,-67
1787063239963,1047048,Thigh,walk,0.101992,1.254648,0.213744,20.37,-67.06,-16.24,-67
1787063239963,1047065,Thigh,walk,0.22692,1.408856,0.21472,1.68,-66.15,-12.04,-67
1787063239963,1047096,Thigh,walk,0.244488,1.5128,0.235704,-29.19,-34.23,5.25,-67
1787063239963,1047113,Thigh,walk,0.16592,1.465952,0.172752,-63.49,-15.75,16.24,-67
1787063239963,1047130,Thigh,walk,-0.086864,1.181448,0.158112,-87.43,-3.15,27.16,-67
1787063239963,1047147,Thigh,walk,-0.247416,1.086288,0.140544,-100.66,5.88,15.33,-67
1787063239963,1047164,Thigh,walk,-0.491904,1.011624,0.096136,-106.54,9.31,1.12,-67
1787063240321,1047344,Thigh,walk,-0.033672,0.73688,0.223992,-110.74,49.77,0.21,-67
1787063240321,1047375,Thigh,walk,-0.180072,0.728584,0.282064,-66.85,53.97,2.66,-67
1787063240321,1047392,Thigh,walk,-0.164456,0.767624,0.275232,-59.29,43.26,7.63,-67
1787063240321,1047409,Thigh,walk,-0.132248,0.8296,0.250344,-51.1,36.54,8.12,-67
1787063240321,1047426,Thigh,walk,-0.100528,0.788608,0.243024,-46.62,30.24,9.31,-67
1787063240321,1047457,Thigh,walk,-0.064904,0.67344,0.244976,-33.32,16.52,11.2,-67
1787063240321,1047474,Thigh,walk,-0.079544,0.6222,0.267424,-19.81,1.47,12.74,-67
1787063240321,1047491,Thigh,walk,-0.07076,0.586576,0.299632,-2.17,-12.04,14.84,-67
1787063240321,1047508,Thigh,walk,-0.042944,0.593408,0.350872,14.7,-15.54,15.82,-67
1787063240321,1047525,Thigh,walk,-0.02928,0.608536,0.37576,22.4,-7.56,14.63,-67
1787063240687,1047703,Thigh,walk,-0.13908,0.977464,0.660264,-15.68,22.4,9.8,-67
1787063240687,1047734,Thigh,walk,-0.11712,0.854976,0.579256,-8.61,14.84,2.31,-67
1787063240687,1047751,Thigh,walk,-0.093696,0.864248,0.567056,-5.11,17.99,0.35,-67
1787063240687,1047768,Thigh,walk,-0.063928,0.924272,0.4636,-5.95,30.31,3.15,-67
1787063240687,1047785,Thigh,walk,-0.070272,0.928664,0.343552,-12.39,40.53,10.99,-67
1787063240687,1047816,Thigh,walk,-0.134688,1.096536,0.29524,18.41,43.54,4.06,-67
1787063240687,1047833,Thigh,walk,-0.193248,1.272704,0.404064,18.55,43.96,1.26,-67
1787063240687,1047850,Thigh,walk,-0.258152,1.311744,0.61976,3.85,41.09,-2.03,-67
1787063240687,1047867,Thigh,walk,-0.254736,1.179984,0.540216,-18.27,44.38,-4.55,-67
1787063240687,1047884,Thigh,walk,-0.191296,1.00772,0.371368,-17.43,51.24,0.7,-67
1787063241055,1048063,Thigh,walk,0.062464,0.978928,0.102968,24.78,13.65,2.66,-76
1787063241055,1048093,Thigh,walk,-0.047336,0.873032,0.135664,41.93,-14.21,10.5,-76
1787063241055,1048110,Thigh,walk,-0.107848,0.984784,0.190808,46.62,-27.09,10.57,-76
1787063241055,1048127,Thigh,walk,-0.17812,1.047736,0.176656,46.34,-51.03,11.2,-76
1787063241055,1048143,Thigh,walk,-0.205448,0.982832,0.11956,44.24,-75.04,11.69,-76
1787063241055,1048174,Thigh,walk,-0.061,0.935008,0.001464,43.26,-96.74,6.02,-76
1787063241055,1048191,Thigh,walk,0.0488,0.98332,0.00976,44.1,-100.52,0.56,-76
1787063241055,1048208,Thigh,walk,0.136152,1.016504,0.086376,40.95,-96.25,-3.99,-76
1787063241055,1048225,Thigh,walk,0.166896,1.013576,0.121024,39.34,-82.81,-6.02,-76
1787063241055,1048256,Thigh,walk,0.221552,0.987712,0.155184,41.58,-51.59,-5.6,-76
1787063241430,1048435,Thigh,walk,0.079544,1.011136,0.218624,20.44,-65.31,-5.18,-76
1787063241430,1048465,Thigh,walk,0.145424,0.928664,0.176656,22.12,-58.52,-3.5,-76
1787063241430,1048482,Thigh,walk,0.15128,0.962824,0.124928,22.19,-53.76,-4.27,-76
1787063241430,1048499,Thigh,walk,0.143472,0.975024,0.102968,21.49,-47.6,-3.36,-76
1787063241430,1048516,Thigh,walk,0.130784,0.999912,0.069784,21.14,-45.64,-2.38,-76
1787063241430,1048546,Thigh,walk,0.099064,1.018456,0.061976,16.8,-46.27,-4.2,-76
1787063241430,1048563,Thigh,walk,0.03904,1.023336,0.075152,13.3,-48.86,-5.6,-76
1787063241430,1048580,Thigh,walk,0.030256,1.084824,0.11468,10.99,-51.17,-7.56,-76
1787063241430,1048597,Thigh,walk,0.037088,1.23708,0.098088,4.83,-52.71,-7.56,-76
1787063241430,1048628,Thigh,walk,-0.061,1.409832,0.076616,-20.93,-49,2.59,-76
1787063241788,1048807,Thigh,walk,-0.003904,1.226832,-0.167872,-95.27,-125.02,-15.4,-76
1787063241788,1048837,Thigh,walk,0.295728,1.063352,-0.064904,-85.33,-64.89,-5.32,-76
1787063241788,1048855,Thigh,walk,0.343552,1.057008,0.074176,-89.25,-18.9,1.12,-76
1787063241788,1048871,Thigh,walk,0.241072,0.954528,0.178608,-99.47,16.87,1.26,-76
1787063241788,1048888,Thigh,walk,0.163968,0.88572,0.218624,-97.86,27.37,-2.03,-76
1787063241788,1048919,Thigh,walk,-0.122976,0.725168,0.283528,-78.82,36.61,-4.76,-76
1787063241788,1048936,Thigh,walk,-0.173728,0.716872,0.252784,-65.45,37.17,-1.47,-76
1787063241788,1048953,Thigh,walk,-0.217648,0.719312,0.24888,-58.66,33.95,1.96,-76
1787063241788,1048970,Thigh,walk,-0.211792,0.74176,0.254736,-48.02,22.61,2.31,-76
1787063241788,1048987,Thigh,walk,-0.1464,0.735904,0.288408,-39.97,12.11,2.94,-76
1787063242149,1049167,Thigh,walk,-0.157624,0.907192,0.5612,50.68,5.88,-12.32,-76
1787063242149,1049198,Thigh,walk,-0.16104,1.053592,0.693936,37.17,6.37,-10.85,-76
1787063242149,1049215,Thigh,walk,-0.153232,1.033584,0.760792,16.03,9.24,-3.78,-76
1787063242149,1049231,Thigh,walk,-0.150304,0.927688,0.787632,6.86,12.04,3.64,-76
1787063242149,1049248,Thigh,walk,-0.15372,0.890112,0.735416,14.56,8.75,5.74,-76
1787063242149,1049279,Thigh,walk,-0.129808,0.942816,0.616344,13.02,6.09,5.95,-76
1787063242149,1049296,Thigh,walk,-0.111752,0.911584,0.559736,2.45,4.62,5.74,-76
1787063242149,1049313,Thigh,walk,-0.088328,0.892552,0.530944,-0.35,6.16,5.39,-76
1787063242149,1049330,Thigh,walk,-0.080032,0.87352,0.440664,-6.93,22.19,6.3,-76
1787063242149,1049347,Thigh,walk,-0.124928,0.853512,0.418216,-6.86,45.5,7.35,-76
1787063242513,1049525,Thigh,walk,0.129808,1.242448,0.033184,68.11,-66.01,19.95,-73
1787063242513,1049556,Thigh,walk,0.254248,0.954528,0.079544,69.3,-41.93,13.37,-73
1787063242513,1049573,Thigh,walk,0.247904,1.059936,0.111264,55.93,-14.98,1.12,-73
1787063242513,1049591,Thigh,walk,0.13908,1.029192,0.147864,30.66,8.89,-2.94,-73
1787063242513,1049607,Thigh,walk,0.070272,0.951112,0.177632,28.42,7.07,-0.77,-73
1787063242513,1049638,Thigh,walk,-0.124928,0.950624,0.218624,52.92,-19.18,8.89,-73
1787063242513,1049655,Thigh,walk,-0.1586,1.009672,0.167872,53.06,-37.52,13.51,-73
1787063242513,1049672,Thigh,walk,-0.189344,1.022848,0.141032,49.7,-47.53,14.49,-73
1787063242513,1049689,Thigh,walk,-0.149328,0.962824,0.088328,44.87,-66.08,12.88,-73
1787063242513,1049706,Thigh,walk,-0.062464,0.923784,0.057584,41.65,-80.64,7.14,-73
1787063242871,1049886,Thigh,walk,-0.096624,0.974048,0.19276,44.17,-48.72,-8.68,-73
1787063242871,1049917,Thigh,walk,-0.050264,0.960384,0.194712,42.07,-57.68,-7.63,-73
1787063242871,1049934,Thigh,walk,0.01708,0.988688,0.223016,36.33,-58.52,-6.93,-73
1787063242871,1049951,Thigh,walk,0.081984,0.975024,0.27572,29.47,-55.65,-7.56,-73
1787063242871,1049968,Thigh,walk,0.10492,0.968192,0.288896,25.69,-50.12,-7.28,-73
1787063242871,1049998,Thigh,walk,0.138592,1.02724,0.168848,18.48,-43.82,-4.34,-73
1787063242871,1050015,Thigh,walk,0.132248,1.05652,0.118096,6.86,-41.58,-4.13,-73
1787063242871,1050032,Thigh,walk,0.119072,1.057984,0.130296,3.15,-40.25,-5.74,-73
1787063242871,1050049,Thigh,walk,0.147376,1.230736,0.153232,-0.56,-38.78,-7.49,-73
1787063242871,1050066,Thigh,walk,0.058072,1.543056,0.077104,-19.67,-39.9,-7.84,-73
1787063243249,1050245,Thigh,walk,0.06832,1.221952,-0.180072,-92.96,-133.91,-8.89,-73
1787063243249,1050276,Thigh,walk,0.447496,1.031144,-0.076616,-89.32,-53.83,10.85,-73
1787063243249,1050293,Thigh,walk,0.472872,1.023336,0.055144,-105.7,4.48,13.72,-73
1787063243249,1050310,Thigh,walk,0.31476,0.831064,0.232288,-113.26,37.45,5.18,-73
1787063243249,1050326,Thigh,walk,0.224968,0.769576,0.314272,-108.85,41.58,-5.53,-73
1787063243249,1050357,Thigh,walk,-0.19764,0.615368,0.33428,-74.55,43.61,-13.72,-73
1787063243249,1050373,Thigh,walk,-0.232776,0.628544,0.286944,-61.53,42.28,-9.45,-73
1787063243249,1050390,Thigh,walk,-0.287432,0.687592,0.217648,-44.52,39.27,-7.91,-73
1787063243249,1050407,Thigh,walk,-0.273768,0.77348,0.22204,-34.65,33.18,-4.62,-73
1787063243249,1050438,Thigh,walk,-0.154696,0.714432,0.293288,-35.07,22.54,0.84,-73
1787063243603,1050618,Thigh,walk,-0.059536,0.993568,0.78324,54.32,1.33,-8.96,-78
1787063243603,1050649,Thigh,walk,-0.20252,1.099952,0.8906,25.27,-5.81,6.51,-78
1787063243603,1050666,Thigh,walk,-0.243024,0.989176,0.822768,16.03,-2.31,9.45,-78
1787063243603,1050683,Thigh,walk,-0.185928,0.88084,0.655384,9.8,2.24,14.91,-78
1787063243603,1050700,Thigh,walk,-0.07808,0.86376,0.525576,11.55,9.24,14.35,-78
1787063243603,1050731,Thigh,walk,0.001464,0.98088,0.382104,2.87,52.29,11.55,-78
1787063243603,1050748,Thigh,walk,-0.06588,1.221464,0.425048,8.82,69.79,-1.12,-78
1787063243603,1050764,Thigh,walk,-0.254248,1.636752,0.516304,32.97,61.95,-7.49,-78
1787063243603,1050781,Thigh,walk,-0.301584,1.718736,0.564616,3.71,42.84,6.58,-78
1787063243603,1050798,Thigh,walk,-0.25132,1.473272,0.57828,-9.66,39.48,11.2,-78
1787063243965,1050976,Thigh,walk,0.211792,0.965752,0.076128,55.02,17.64,2.87,-78
1787063243965,1051007,Thigh,walk,-0.035624,0.981856,0.09516,28.21,25.34,3.71,-78
1787063243965,1051024,Thigh,walk,-0.175192,0.928176,0.197152,28.77,-0.84,7.28,-78
1787063243965,1051042,Thigh,walk,-0.250344,0.952576,0.246928,35.91,-37.24,9.38,-78
1787063243965,1051059,Thigh,walk,-0.261568,0.993568,0.205448,39.48,-69.09,12.39,-78
1787063243965,1051090,Thigh,walk,-0.190808,0.950624,0.093208,41.58,-103.32,14.42,-78
1787063243965,1051107,Thigh,walk,-0.035624,0.966728,0.013176,39.06,-113.96,13.16,-78
1787063243965,1051124,Thigh,walk,0.146888,0.982832,-0.012688,34.09,-113.33,8.82,-78
1787063243965,1051141,Thigh,walk,0.217648,0.989176,-0.006344,32.62,-104.51,1.96,-78
1787063243965,1051157,Thigh,walk,0.28792,0.9882,0.037088,31.57,-98.28,-1.05,-78
1787063244323,1051336,Thigh,walk,0.000976,0.972096,0.03172,34.37,-73.01,-6.23,-78
1787063244323,1051367,Thigh,walk,0.069296,0.971608,0.052216,34.72,-70.35,-11.41,-78
1787063244323,1051384,Thigh,walk,0.076128,0.94428,0.086864,36.12,-65.8,-10.29,-78
1787063244323,1051401,Thigh,walk,0.079056,0.920856,0.11712,39.76,-59.43,-8.47,-78
1787063244323,1051418,Thigh,walk,0.124928,0.970144,0.12932,39.97,-53.97,-8.75,-78
1787063244323,1051449,Thigh,walk,0.157624,1.036512,0.1464,32.97,-51.1,-7.07,-78
1787063244323,1051466,Thigh,walk,0.15616,1.086288,0.140544,24.01,-50.26,-4.62,-78
1787063244323,1051483,Thigh,walk,0.144936,1.084336,0.15372,15.4,-49,-2.94,-78
1787063244323,1051500,Thigh,walk,0.121512,1.102392,0.170312,13.65,-49.21,-4.2,-78
1787063244323,1051517,Thigh,walk,0.166408,1.2566,0.184464,8.89,-49.77,-5.11,-78
1787063244686,1051694,Thigh,walk,-0.447008,1.24928,-0.070272,-148.33,-123.27,-30.8,-72
1787063244686,1051725,Thigh,walk,-0.028304,1.440088,-0.168848,-122.43,-147.56,-11.41,-72
1787063244686,1051742,Thigh,walk,0.263032,1.3542,-0.210328,-114.59,-102.9,0.21,-72
1787063244686,1051759,Thigh,walk,0.406016,1.161928,-0.092232,-110.39,-63.63,8.19,-72
1787063244686,1051776,Thigh,walk,0.44408,1.15412,0.074664,-110.11,-20.23,13.37,-72
1787063244686,1051807,Thigh,walk,0.074664,0.969656,0.282552,-115.85,19.67,5.67,-72
1787063244686,1051824,Thigh,walk,-0.146888,0.79788,0.323544,-112.98,30.38,-5.67,-72
1787063244686,1051841,Thigh,walk,-0.206912,0.725168,0.323056,-107.59,32.76,-15.12,-72
1787063244686,1051858,Thigh,walk,-0.223016,0.640744,0.245464,-93.94,32.62,-16.73,-72
1787063244686,1051875,Thigh,walk,-0.162992,0.5612,0.227896,-77.77,26.46,-18.76,-72
1787063245046,1052056,Thigh,walk,-0.106384,0.639768,0.552904,60.76,-24.08,-11.2,-72
1787063245046,1052087,Thigh,walk,-0.246928,0.848144,0.752496,73.01,-31.64,-10.36,-72
1787063245046,1052104,Thigh,walk,-0.252784,1.043344,0.928176,65.94,-32.34,-7.84,-72
1787063245046,1052121,Thigh,walk,-0.221064,1.165344,0.987712,44.8,-23.1,-3.36,-72
1787063245046,1052138,Thigh,walk,-0.190808,1.098976,0.877424,18.83,-16.66,-0.35,-72
1787063245046,1052169,Thigh,walk,-0.055632,0.902312,0.670512,-2.66,1.4,1.54,-72
1787063245046,1052186,Thigh,walk,-0.03904,1.000888,0.554856,0.84,30.66,-2.73,-72
1787063245046,1052203,Thigh,walk,-0.071736,1.568432,0.328424,44.8,61.46,-24.01,-72
1787063245046,1052220,Thigh,walk,-0.201056,1.91052,0.250344,3.43,49.63,-35.63,-72
1787063245046,1052237,Thigh,walk,-0.29768,1.750456,0.510448,-44.52,44.59,-31.08,-72
1787063245406,1052416,Thigh,walk,-0.041968,0.917928,0.155184,26.18,4.76,1.05,-72
1787063245406,1052447,Thigh,walk,-0.175192,0.865712,0.22204,41.86,-51.1,7.7,-72
1787063245406,1052464,Thigh,walk,-0.20496,0.925736,0.20008,47.32,-68.25,7.77,-72
1787063245406,1052481,Thigh,walk,-0.160552,0.998936,0.130784,51.31,-100.52,6.51,-72
1787063245406,1052498,Thigh,walk,-0.064904,1.035536,0.087352,49.28,-116.97,6.16,-72
1787063245406,1052529,Thigh,walk,0.023424,0.990152,0.034648,38.78,-116.83,6.44,-72
1787063245406,1052546,Thigh,walk,0.130296,0.958432,0.051728,39.76,-110.32,-0.35,-72
1787063245406,1052563,Thigh,walk,0.211304,1.011136,0.099552,41.37,-92.68,-8.75,-72
1787063245406,1052580,Thigh,walk,0.22448,1.03212,0.142984,38.08,-71.12,-11.69,-72
1787063245406,1052597,Thigh,walk,0.20008,1.01748,0.159576,36.47,-61.04,-10.85,-72
1787063245768,1052775,Thigh,walk,0.153232,0.989664,0.162992,19.81,-45.43,-2.52,-57
1787063245768,1052807,Thigh,walk,0.099064,1.028704,0.116632,17.71,-40.67,-5.6,-57
1787063245768,1052824,Thigh,walk,0.040992,1.0858,0.085888,14.07,-42.77,-7.63,-57
1787063245768,1052841,Thigh,walk,-0.049776,1.06628,0.025376,6.02,-52.29,-7.35,-57
1787063245768,1052858,Thigh,walk,-0.10248,0.987712,-0.013664,6.37,-66.78,-4.69,-57
1787063245768,1052889,Thigh,walk,-0.077592,0.892064,-0.008784,18.76,-90.16,-3.85,-57
1787063245768,1052906,Thigh,walk,-0.00244,0.950136,0.015128,24.22,-98.77,-9.8,-57
1787063245768,1052923,Thigh,walk,0.062952,0.996496,0.053192,24.64,-103.46,-14.63,-57
1787063245768,1052940,Thigh,walk,0.090768,0.874496,0.105896,24.78,-100.03,-14.56,-57
1787063245768,1052957,Thigh,walk,0.122976,0.970632,0.133224,26.11,-95.48,-11.06,-57
1787063246131,1053136,Thigh,walk,0.041968,1.044808,0.210816,23.66,-54.74,-26.04,-57
1787063246131,1053167,Thigh,walk,0.15616,1.464976,0.371856,17.92,-31.15,-30.66,-57
1787063246131,1053184,Thigh,walk,0.273768,1.579656,0.350872,2.66,-25.41,-18.27,-57
1787063246131,1053201,Thigh,walk,0.2684,1.61528,0.262544,-30.59,-18.34,-7,-57
1787063246131,1053218,Thigh,walk,0.084912,1.550864,0.206424,-51.38,-4.69,15.61,-57
1787063246131,1053249,Thigh,walk,-0.322568,1.135088,0.10736,-98.49,-11.48,34.44,-57
1787063246131,1053266,Thigh,walk,-0.434808,0.876936,0.157136,-120.96,-7.77,25.83,-57
1787063246131,1053283,Thigh,walk,-0.388936,1.012112,0.227896,-133.28,-1.54,-1.47,-57
1787063246131,1053300,Thigh,walk,-0.371856,1.255624,0.169336,-144.13,-13.23,-19.39,-57
1787063246131,1053317,Thigh,walk,-0.382104,1.32492,0.077104,-141.19,-68.88,-1.61,-57
1787063246489,1053497,Thigh,walk,-0.22448,0.869128,0.234728,-84,66.64,28.56,-57
1787063246489,1053527,Thigh,walk,-0.088816,0.846192,0.201544,-72.66,52.92,36.54,-57
1787063246489,1053544,Thigh,walk,-0.081496,0.810568,0.215696,-69.72,49,38.64,-57
1787063246489,1053561,Thigh,walk,-0.077104,0.739808,0.244,-61.39,47.81,37.59,-57
1787063246489,1053578,Thigh,walk,-0.053192,0.672952,0.280112,-48.86,47.32,31.36,-57
1787063246489,1053609,Thigh,walk,-0.040504,0.61976,0.30012,-23.8,48.09,21.42,-57
1787063246489,1053626,Thigh,walk,-0.06344,0.595848,0.293288,-7.21,43.89,17.92,-57
1787063246489,1053643,Thigh,walk,-0.104432,0.584136,0.269376,7,38.57,16.87,-57
1787063246489,1053660,Thigh,walk,-0.137128,0.57828,0.267424,19.95,33.67,16.52,-57
1787063246489,1053677,Thigh,walk,-0.145424,0.580232,0.277672,27.16,29.26,15.61,-57
1787063246862,1053855,Thigh,walk,-0.054168,1.21024,0.490928,0.77,62.44,11.62,-57
1787063246862,1053885,Thigh,walk,-0.155672,1.674816,0.44408,-11.83,52.71,-9.73,-57
1787063246862,1053902,Thigh,walk,-0.210328,1.262944,0.520696,-35.77,39.76,-7.56,-57
1787063246862,1053919,Thigh,walk,-0.274744,0.562664,0.305976,-16.8,23.17,4.41,-57
1787063246862,1053936,Thigh,walk,-0.186904,0.339648,0.065392,42,20.72,12.74,-57
1787063246862,1053967,Thigh,walk,-0.166896,0.676856,-0.175192,83.02,-22.68,26.74,-57
1787063246862,1053984,Thigh,walk,-0.064904,0.993568,-0.054656,104.72,-48.79,23.66,-57
1787063246862,1054001,Thigh,walk,0.219112,1.284904,-0.006832,89.74,-44.8,16.38,-57
1787063246862,1054017,Thigh,walk,0.327448,1.300032,0.037576,71.47,-27.44,9.66,-57
1787063246862,1054048,Thigh,walk,0.122488,0.97844,0.12444,46.41,20.3,4.41,-57
1787063247221,1054227,Thigh,walk,0.135664,0.994056,0.182024,44.94,-74.62,-8.33,-60
1787063247221,1054257,Thigh,walk,0.304512,0.967216,0.194224,47.74,-40.74,-10.01,-60
1787063247221,1054274,Thigh,walk,0.324032,0.975512,0.155672,47.6,-11.13,-9.8,-60
1787063247221,1054291,Thigh,walk,0.287432,0.976976,0.135176,47.11,1.54,-7.91,-60
1787063247221,1054308,Thigh,walk,0.167384,0.974048,0.106384,46.41,18.06,-6.23,-60
1787063247221,1054339,Thigh,walk,-0.069784,0.952576,0.098576,46.76,10.78,-0.91,-60
1787063247221,1054356,Thigh,walk,-0.183488,0.954528,0.101016,48.37,3.64,-0.21,-60
1787063247221,1054373,Thigh,walk,-0.216672,0.9638,0.115168,47.46,-10.92,-0.35,-60
1787063247221,1054390,Thigh,walk,-0.17568,0.97356,0.140056,43.61,-25.06,-2.59,-60
1787063247221,1054407,Thigh,walk,-0.142496,0.98576,0.164456,40.46,-37.87,-5.39,-60
1787063247583,1054586,Thigh,walk,-0.020008,1.240984,0.254736,10.01,-30.1,-16.31,-60
1787063247583,1054616,Thigh,walk,0.160064,1.532808,0.296216,-35,-23.17,-3.43,-60
1787063247583,1054634,Thigh,walk,0.168848,1.509384,0.28304,-58.94,-1.26,11.48,-60
1787063247583,1054650,Thigh,walk,0.104432,1.443992,0.242536,-73.57,1.54,17.78,-60
1787063247583,1054667,Thigh,walk,-0.198128,1.254648,0.142496,-98.21,1.68,22.4,-60
1787063247583,1054698,Thigh,walk,-0.59292,1.035048,0.055144,-128.38,4.34,-5.25,-60
1787063247583,1054715,Thigh,walk,-0.6588,1.121424,0.047336,-142.31,-14.07,-15.61,-60
1787063247583,1054732,Thigh,walk,-0.528504,1.39568,0.010736,-145.88,-69.02,-34.02,-60
1787063247583,1054749,Thigh,walk,-0.232776,1.387384,-0.113704,-132.09,-105.77,-22.4,-60
1787063247583,1054766,Thigh,walk,-0.097112,1.233664,-0.156648,-107.59,-88.83,-4.48,-60
1787063247943,1054946,Thigh,walk,-0.174216,0.822768,0.198616,-51.45,47.32,6.86,-60
1787063247943,1054976,Thigh,walk,-0.105408,0.670512,0.2196,-44.94,25.13,15.26,-60
1787063247943,1054994,Thigh,walk,-0.101992,0.610976,0.256688,-28.21,1.05,20.79,-60
1787063247943,1055010,Thigh,walk,-0.116144,0.52948,0.27572,-16.87,-9.8,22.61,-60
1787063247943,1055027,Thigh,walk,-0.113704,0.505568,0.330864,8.47,-25.41,22.75,-60
1787063247943,1055058,Thigh,walk,-0.055632,0.542168,0.396256,40.6,-20.16,17.57,-60
1787063247943,1055075,Thigh,walk,-0.03904,0.594384,0.394792,51.38,-13.02,14.35,-60
1787063247943,1055092,Thigh,walk,-0.050752,0.65636,0.414312,59.78,0.56,3.29,-60
1787063247943,1055109,Thigh,walk,-0.038552,0.7808,0.496784,67.83,15.68,-9.87,-60
1787063247943,1055126,Thigh,walk,-0.038552,0.989176,0.653432,68.88,33.18,-17.99,-60
1787063248304,1055305,Thigh,walk,-0.448472,1.499136,0.289872,42.91,-3.78,-8.68,-58
1787063248304,1055335,Thigh,walk,-0.003416,1.250256,0.524112,13.58,13.65,-2.59,-58
1787063248304,1055353,Thigh,walk,0.13908,1.130696,0.404064,9.66,41.65,5.53,-58
1787063248304,1055369,Thigh,walk,0.187392,0.686616,0.046848,16.31,38.71,14.63,-58
1787063248304,1055386,Thigh,walk,0.000976,0.425536,-0.305488,50.12,-4.55,35.07,-58
1787063248304,1055417,Thigh,walk,0.0244,0.77836,-0.137128,83.72,-31.78,20.86,-58
1787063248304,1055434,Thigh,walk,0.112728,1.206336,0.063928,68.53,-8.61,5.88,-58
1787063248304,1055451,Thigh,walk,0.11712,1.280512,0.150304,38.36,14.77,9.73,-58
1787063248304,1055468,Thigh,walk,0.055632,1.071648,0.193248,31.29,14.91,17.78,-58
1787063248304,1055485,Thigh,walk,0.03172,1.021384,0.201544,32.83,13.02,14.14,-58
1787063248663,1055664,Thigh,walk,0.07564,0.99552,0.103944,39.62,-56.63,0.77,-58
1787063248663,1055695,Thigh,walk,0.179584,1.009672,0.14884,36.89,-23.94,-1.05,-58
1787063248663,1055712,Thigh,walk,0.150304,1.008208,0.154208,35.84,-13.16,-1.54,-58
1787063248663,1055728,Thigh,walk,0.045872,0.995032,0.175192,35.98,-10.71,-1.61,-58
1787063248663,1055745,Thigh,walk,-0.057584,0.971608,0.2074,36.26,-11.55,-1.61,-58
1787063248663,1055776,Thigh,walk,-0.127856,0.96624,0.194224,39.34,-25.06,-2.31,-58
1787063248663,1055793,Thigh,walk,-0.106384,0.978928,0.160064,39.06,-35.14,-2.66,-58
1787063248663,1055810,Thigh,walk,-0.062464,0.972584,0.144936,37.1,-41.23,-3.43,-58
1787063248663,1055827,Thigh,walk,-0.001952,0.975512,0.157136,35.63,-43.33,-4.48,-58
1787063248663,1055844,Thigh,walk,0.025864,0.981368,0.166896,34.37,-41.16,-4.34,-58
1787063249023,1056022,Thigh,walk,-0.030256,0.992104,0.076128,16.59,-24.85,-3.57,-58
1787063249023,1056054,Thigh,walk,-0.044896,0.950624,0.073688,20.72,-39.9,-5.88,-58
1787063249023,1056071,Thigh,walk,-0.025864,0.945256,0.06588,22.89,-42.84,-9.45,-58
1787063249023,1056088,Thigh,walk,0.015128,0.97112,0.055144,25.76,-45.92,-11.48,-58
1787063249023,1056105,Thigh,walk,0.069784,1.010648,0.101016,26.81,-45.64,-14.14,-58
1787063249023,1056136,Thigh,walk,0.24156,1.248304,0.150792,23.03,-35,-16.87,-58
1787063249023,1056153,Thigh,walk,0.260592,1.34688,0.133712,8.05,-24.5,-9.1,-58
1787063249023,1056170,Thigh,walk,0.213256,1.364936,0.135664,-3.29,-4.27,2.8,-58
1787063249023,1056187,Thigh,walk,0.154696,1.402512,0.145424,-19.46,8.75,8.68,-58
1787063249023,1056204,Thigh,walk,0.104432,1.376648,0.161528,-43.26,18.2,11.55,-58
1787063249385,1056383,Thigh,walk,0.336232,1.140456,-0.093208,-97.44,-22.33,16.17,-53
1787063249385,1056414,Thigh,walk,0.274256,1.045784,0.18544,-105,39.55,24.64,-53
1787063249385,1056431,Thigh,walk,0.181536,0.987712,0.242048,-109.62,60.48,21.21,-53
1787063249385,1056448,Thigh,walk,-0.010248,0.87108,0.262544,-103.04,68.32,19.04,-53
1787063249385,1056465,Thigh,walk,-0.142984,0.8052,0.24156,-90.3,76.16,16.31,-53
1787063249385,1056495,Thigh,walk,-0.160064,0.790072,0.211304,-77.7,73.92,19.6,-53
1787063249385,1056512,Thigh,walk,-0.148352,0.765184,0.250344,-69.23,63.63,17.78,-53
1787063249385,1056529,Thigh,walk,-0.155184,0.748104,0.274256,-58.17,54.18,13.09,-53
1787063249385,1056546,Thigh,walk,-0.145912,0.739808,0.302072,-45.5,45.92,11.76,-53
1787063249385,1056563,Thigh,walk,-0.137616,0.733464,0.311344,-39.55,36.82,13.02,-53
1787063249744,1056743,Thigh,walk,-0.122976,0.962824,0.549488,60.76,13.58,-5.32,-53
1787063249744,1056774,Thigh,walk,-0.116632,1.146312,0.705648,20.37,28.84,-0.84,-53
1787063249744,1056791,Thigh,walk,-0.141032,1.105808,0.7198,-3.71,37.87,3.5,-53
1787063249744,1056808,Thigh,walk,-0.166408,0.925248,0.699304,-8.68,38.36,6.09,-53
1787063249744,1056825,Thigh,walk,-0.122488,0.85156,0.642208,-2.73,34.3,9.03,-53
1787063249744,1056855,Thigh,walk,-0.11712,0.883768,0.55388,1.26,22.19,9.8,-53
1787063249744,1056872,Thigh,walk,-0.128344,0.865224,0.5002,-0.84,19.67,10.01,-53
1787063249744,1056889,Thigh,walk,-0.135176,0.823744,0.466528,-4.97,22.05,12.18,-53
1787063249744,1056906,Thigh,walk,-0.159576,0.742248,0.458232,-2.31,20.72,15.82,-53
1787063249744,1056923,Thigh,walk,-0.16348,0.718336,0.441152,12.46,18.83,20.79,-53
1787063250104,1057102,Thigh,walk,0.003904,0.755424,0.054168,96.95,-62.16,32.62,-53
1787063250104,1057133,Thigh,walk,0.213256,1.472784,0.070272,59.64,-31.92,14.07,-53
1787063250104,1057150,Thigh,walk,0.20252,1.182424,0.116144,42.7,-2.59,9.94,-53
1787063250104,1057167,Thigh,walk,0.206912,0.85888,0.177632,50.82,11.55,5.53,-53
1787063250104,1057184,Thigh,walk,0.189344,0.943304,0.11468,51.94,44.8,1.05,-53
1787063250104,1057215,Thigh,walk,0.00244,0.972584,0.073688,43.12,48.86,7.63,-53
1787063250104,1057231,Thigh,walk,-0.140056,0.952576,0.1342,42.35,18.27,11.97,-53
1787063250104,1057248,Thigh,walk,-0.247904,0.951112,0.196176,46.34,-15.19,14.91,-53
1787063250104,1057265,Thigh,walk,-0.280112,0.94184,0.203496,51.31,-49.42,15.68,-53
1787063250104,1057282,Thigh,walk,-0.264496,0.952576,0.188368,53.62,-82.32,14.21,-53
1787063250465,1057460,Thigh,walk,-0.077104,0.937936,0.142008,37.03,-21.77,-0.07,-53
1787063250465,1057492,Thigh,walk,-0.089304,0.942328,0.017568,47.74,-36.68,-0.98,-53
1787063250465,1057509,Thigh,walk,-0.059536,0.943792,-0.002928,48.86,-37.45,-2.17,-53
1787063250465,1057526,Thigh,walk,-0.012688,0.942328,-0.007808,49.84,-35.91,-5.53,-53
1787063250465,1057543,Thigh,walk,0.036112,0.951112,0.024888,50.33,-32.69,-7.49,-53
1787063250465,1057574,Thigh,walk,0.063928,0.995032,0.125416,51.17,-27.37,-6.3,-53
1787063250465,1057591,Thigh,walk,0.062464,1.021384,0.185928,46.41,-26.11,-4.62,-53
1787063250465,1057607,Thigh,walk,0.041968,1.038952,0.206424,39.9,-28.56,-2.94,-53
1787063250465,1057624,Thigh,walk,0.028304,1.053592,0.193736,30.38,-32.97,-2.03,-53
1787063250465,1057641,Thigh,walk,0.018056,1.067744,0.182512,25.2,-35.42,-1.4,-53
1787063250830,1057821,Thigh,walk,-0.17324,1.003328,0.218136,-66.36,6.51,14.07,-49
1787063250830,1057852,Thigh,walk,-0.404064,1.001864,0.147864,-103.88,10.99,-17.57,-49
1787063250830,1057869,Thigh,walk,-0.44652,1.037976,0.135176,-117.88,3.71,-31.43,-49
1787063250830,1057886,Thigh,walk,-0.489952,1.033584,0.149816,-144.13,-26.81,-36.12,-49
1787063250830,1057903,Thigh,walk,-0.440176,1.072624,0.136152,-147.28,-84,-40.46,-49
1787063250830,1057934,Thigh,walk,-0.058072,1.430816,0.008784,-100.8,-128.87,-17.64,-49
1787063250830,1057951,Thigh,walk,0.203008,1.324432,-0.140056,-96.25,-79.45,-0.07,-49
1787063250830,1057968,Thigh,walk,0.510936,1.098976,-0.098088,-89.18,-22.61,15.33,-49
1787063250830,1057984,Thigh,walk,0.556808,1.06872,0.0122,-94.99,29.05,21.7,-49
1787063250830,1058002,Thigh,walk,0.377224,1.027728,0.108824,-98.56,51.8,18.34,-49
1787063251187,1058182,Thigh,walk,-0.131272,0.699792,0.248392,0.98,-16.03,-2.17,-49
1787063251187,1058213,Thigh,walk,-0.044896,0.61732,0.278648,16.52,-24.64,-1.26,-49
1787063251187,1058230,Thigh,walk,-0.023424,0.623664,0.37332,28.07,-21.84,-3.36,-49
1787063251187,1058247,Thigh,walk,-0.013176,0.661728,0.433344,35.21,-17.15,-5.74,-49
1787063251187,1058264,Thigh,walk,-0.040992,0.713456,0.55388,49.28,-9.03,-9.59,-49
1787063251187,1058295,Thigh,walk,-0.193248,0.758352,0.77836,66.99,-16.1,-6.58,-49
1787063251187,1058312,Thigh,walk,-0.22936,0.836432,0.822768,73.15,-19.67,-3.22,-49
1787063251187,1058329,Thigh,walk,-0.186416,0.991616,0.725168,66.57,-8.19,3.78,-49
1787063251187,1058346,Thigh,walk,-0.101016,1.104344,0.598288,44.1,14.21,5.11,-49
1787063251187,1058362,Thigh,walk,-0.06344,1.098976,0.542656,16.59,35.63,3.71,-49
1787063251549,1058541,Thigh,walk,0.01952,0.986736,0.059536,84.77,-56.7,8.75,-49
1787063251549,1058572,Thigh,walk,0.218136,1.11996,0.154208,53.2,-13.58,11.9,-49
1787063251549,1058589,Thigh,walk,0.19764,1.045784,0.136152,47.6,0.7,12.6,-49
1787063251549,1058606,Thigh,walk,0.159576,0.976,0.127368,43.33,9.31,10.15,-49
1787063251549,1058623,Thigh,walk,0.129808,0.970632,0.15616,36.89,31.78,6.02,-49
1787063251549,1058654,Thigh,walk,0.008296,1.059448,0.146888,29.96,38.99,8.05,-49
1787063251549,1058671,Thigh,walk,-0.10492,1.011624,0.17324,21.98,17.71,12.32,-49
1787063251549,1058688,Thigh,walk,-0.191784,0.925736,0.223016,25.83,-13.16,14.91,-49
1787063251549,1058705,Thigh,walk,-0.191784,0.93208,0.220576,34.72,-40.18,14.49,-49
1787063251549,1058722,Thigh,walk,-0.1708,0.958432,0.19764,35.98,-58.73,12.53,-49
1787063251905,1058898,Thigh,walk,-0.093696,0.991128,0.206912,30.94,-47.81,2.03,-46
1787063251905,1058929,Thigh,walk,-0.060024,0.976488,0.12444,30.1,-57.33,0.56,-46
1787063251905,1058946,Thigh,walk,-0.018544,0.95648,0.083448,30.52,-57.68,-0.91,-46
1787063251905,1058963,Thigh,walk,0.017568,0.962336,0.071736,30.73,-52.71,-4.62,-46
1787063251905,1058980,Thigh,walk,0.057584,0.970144,0.088816,30.1,-49.21,-7.84,-46
1787063251905,1059011,Thigh,walk,0.101504,0.981368,0.119072,29.61,-41.16,-9.31,-46
1787063251905,1059028,Thigh,walk,0.094672,0.99796,0.115168,30.87,-33.25,-8.26,-46
1787063251905,1059045,Thigh,walk,0.069784,0.99552,0.111752,30.1,-27.37,-6.37,-46
1787063251905,1059062,Thigh,walk,0.018056,0.987712,0.111264,29.75,-26.53,-5.11,-46
1787063251905,1059079,Thigh,walk,-0.037088,0.979904,0.115168,29.26,-28.77,-5.04,-46
1787063252268,1059257,Thigh,walk,0.169336,1.136552,0.192272,-5.74,-60.13,-5.81,-46
1787063252268,1059288,Thigh,walk,0.19276,1.435208,0.115656,-22.19,-54.67,-4.06,-46
1787063252268,1059305,Thigh,walk,0.032208,1.508408,0.087352,-38.99,-44.17,12.88,-46
1787063252268,1059322,Thigh,walk,-0.162992,1.341024,0.09272,-57.75,-30.45,23.1,-46
1787063252268,1059339,Thigh,walk,-0.278648,1.103856,0.203008,-76.16,-36.4,16.73,-46
1787063252268,1059370,Thigh,walk,-0.305488,1.030168,0.333304,-99.33,-30.8,-7.35,-46
1787063252268,1059387,Thigh,walk,-0.382592,1.186816,0.256688,-127.68,-9.73,-25.83,-46
1787063252268,1059404,Thigh,walk,-0.42944,1.21268,0.1342,-152.53,-22.61,-39.27,-46
1787063252268,1059421,Thigh,walk,-0.508496,1.145824,0.10736,-155.4,-43.68,-43.54,-46
1787063252268,1059438,Thigh,walk,-0.525576,1.072624,0.021472,-143.5,-109.13,-50.61,-46
1787063252630,1059618,Thigh,walk,-0.20496,0.591944,0.364048,-39.55,3.22,-37.59,-46
1787063252630,1059650,Thigh,walk,-0.165432,0.693936,0.362096,-3.01,-4.41,-25.2,-46
1787063252630,1059667,Thigh,walk,-0.10736,0.728584,0.349896,3.08,-12.18,-18.62,-46
1787063252630,1059684,Thigh,walk,-0.071248,0.752984,0.327936,8.33,-35.84,-15.05,-46
1787063252630,1059701,Thigh,walk,-0.066368,0.694912,0.33916,11.2,-57.26,-11.97,-46
1787063252630,1059732,Thigh,walk,-0.049776,0.558272,0.406992,24.43,-70.56,-20.44,-46
1787063252630,1059749,Thigh,walk,-0.06344,0.526064,0.4392,44.73,-65.1,-25.41,-46
1787063252630,1059766,Thigh,walk,-0.079544,0.585112,0.451888,64.89,-55.09,-24.08,-46
1787063252630,1059783,Thigh,walk,-0.093696,0.702232,0.471408,79.1,-45.64,-22.26,-46
1787063252630,1059800,Thigh,walk,-0.101504,0.776408,0.486048,83.16,-41.44,-20.79,-46
1787063252990,1059979,Thigh,walk,-0.092232,1.484496,0.419192,47.6,61.04,-8.68,-46
1787063252990,1060010,Thigh,walk,-0.171288,1.260504,0.513376,9.17,20.93,9.45,-46
1787063252990,1060027,Thigh,walk,-0.153232,1.255624,0.511424,1.4,49.14,3.85,-46
1787063252990,1060044,Thigh,walk,-0.250344,0.91256,0.266448,-28.7,58.59,1.82,-46
1787063252990,1060061,Thigh,walk,-0.430904,0.413824,-0.047824,0.42,10.85,10.92,-46
1787063252990,1060092,Thigh,walk,-0.302072,0.35624,-0.18788,77.49,-70.7,33.81,-46
1787063252990,1060109,Thigh,walk,-0.006832,0.943792,-0.063928,97.02,-70.56,21.49,-46
1787063252990,1060126,Thigh,walk,0.170312,1.499136,0.050264,81.83,-48.23,5.6,-46
1787063252990,1060143,Thigh,walk,0.199592,1.303936,0.06832,34.44,-41.65,5.88,-46
1787063252990,1060160,Thigh,walk,0.206912,1.016504,0.109312,28.84,-26.11,5.39,-46
1787063253349,1060338,Thigh,walk,0.264008,0.996008,0.023424,28.28,-107.66,-3.29,-54
1787063253349,1060369,Thigh,walk,0.28304,0.9882,0.12688,35.21,-77.84,-5.74,-54
1787063253349,1060386,Thigh,walk,0.23424,1.002352,0.137616,35.49,-69.86,-5.39,-54
1787063253349,1060403,Thigh,walk,0.164456,0.981368,0.149816,35.07,-59.01,-5.25,-54
1787063253349,1060420,Thigh,walk,0.078568,0.968192,0.142984,36.61,-58.03,-5.04,-54
1787063253349,1060451,Thigh,walk,-0.012688,0.982344,0.138104,39.13,-65.03,-4.48,-54
1787063253349,1060468,Thigh,walk,-0.057584,0.984296,0.141032,37.94,-69.02,-3.71,-54
1787063253349,1060485,Thigh,walk,-0.057096,0.983808,0.1586,37.24,-73.29,-4.2,-54
1787063253349,1060502,Thigh,walk,-0.035624,0.975512,0.17568,37.03,-78.05,-5.74,-54
1787063253349,1060519,Thigh,walk,0.037576,0.985272,0.16836,36.89,-79.52,-8.26,-54
1787063253711,1060697,Thigh,walk,0.001464,1.004792,-0.000488,30.38,-63.21,-15.05,-54
1787063253711,1060728,Thigh,walk,0.04148,1.01992,0.022448,34.02,-65.1,-17.01,-54
1787063253711,1060745,Thigh,walk,0.06832,1.0736,0.076616,35.07,-65.24,-17.01,-54
1787063253711,1060762,Thigh,walk,0.174704,1.254648,0.138104,33.39,-61.32,-18.48,-54
1787063253711,1060779,Thigh,walk,0.256688,1.396168,0.17324,19.39,-53.06,-14.49,-54
1787063253711,1060810,Thigh,walk,0.267424,1.612352,0.182512,-7,-23.24,-1.96,-54
1787063253711,1060827,Thigh,walk,0.074176,1.541104,0.172752,-41.79,-8.89,10.71,-54
1787063253711,1060844,Thigh,walk,-0.248392,1.197064,0.261568,-61.74,-1.05,22.89,-54
1787063253711,1060861,Thigh,walk,-0.374784,1.043832,0.245464,-77.42,-8.75,16.03,-54
1787063253711,1060878,Thigh,walk,-0.503616,0.78324,0.231312,-83.79,-18.55,5.95,-54
1787063254071,1061057,Thigh,walk,-0.07076,0.938912,0.13664,-122.15,66.43,13.72,-54
1787063254071,1061088,Thigh,walk,-0.162504,0.85156,0.213256,-108.99,63.42,12.18,-54
1787063254071,1061105,Thigh,walk,-0.19032,0.78812,0.223016,-105.28,58.24,8.05,-54
1787063254071,1061122,Thigh,walk,-0.167872,0.731512,0.199104,-91.91,51.87,6.44,-54
1787063254071,1061139,Thigh,walk,-0.148352,0.687592,0.188368,-76.79,45.64,4.97,-54
1787063254071,1061170,Thigh,walk,-0.14152,0.652944,0.206912,-56.21,37.03,5.88,-54
1787063254071,1061187,Thigh,walk,-0.140544,0.614392,0.215696,-40.25,25.06,5.6,-54
1787063254071,1061204,Thigh,walk,-0.142984,0.569984,0.227408,-24.08,8.19,6.65,-54
1787063254071,1061221,Thigh,walk,-0.137128,0.541192,0.268888,-5.88,-6.09,8.61,-54
1787063254071,1061238,Thigh,walk,-0.098088,0.505568,0.297192,2.73,-10.78,8.4,-54
1787063254445,1061417,Thigh,walk,-0.006344,1.894904,0.382592,-61.81,104.51,-6.3,-57
1787063254445,1061448,Thigh,walk,-0.308904,0.005368,0.045384,1.26,14,22.19,-57
1787063254445,1061465,Thigh,walk,-0.376248,0.061,-0.056608,42.84,-3.15,26.53,-57
1787063254445,1061482,Thigh,walk,-0.303048,0.498736,-0.077592,71.33,-17.78,26.32,-57
1787063254445,1061499,Thigh,walk,-0.218624,1.05408,0.015616,106.75,-27.58,21.14,-57
1787063254445,1061530,Thigh,walk,-0.022936,1.586488,0.07808,70.77,-53.97,19.81,-57
1787063254445,1061546,Thigh,walk,0.148352,0.911584,0.255224,42.7,-34.93,21.63,-57
1787063254445,1061563,Thigh,walk,0.150304,0.77592,0.181536,60.48,0.56,11.69,-57
1787063254445,1061580,Thigh,walk,0.103456,0.847168,0.111752,55.02,17.22,3.29,-57
1787063254445,1061611,Thigh,walk,-0.130296,0.972096,0.257176,43.26,-5.95,4.34,-57
1787063254805,1061790,Thigh,walk,0.157136,0.967216,0.207888,40.25,-31.57,-6.02,-57
1787063254805,1061820,Thigh,walk,0.020496,0.996008,0.158112,39.97,-21.42,-1.33,-57
1787063254805,1061837,Thigh,walk,-0.045384,0.979416,0.129808,37.1,-24.92,-0.63,-57
1787063254805,1061854,Thigh,walk,-0.069784,0.967704,0.124928,37.38,-34.3,-2.38,-57
1787063254805,1061871,Thigh,walk,-0.096136,0.970144,0.134688,38.29,-39.41,-3.29,-57
1787063254805,1061902,Thigh,walk,-0.079056,0.984296,0.113704,38.08,-50.54,-2.94,-57
1787063254805,1061919,Thigh,walk,-0.0366,0.975512,0.102968,37.31,-50.33,-3.15,-57
1787063254805,1061936,Thigh,walk,0.01708,0.959896,0.090768,36.68,-49,-4.9,-57
1787063254805,1061953,Thigh,walk,0.060512,0.965264,0.0976,37.66,-46.83,-7.28,-57
1787063254805,1061970,Thigh,walk,0.084424,0.97844,0.114192,38.08,-44.03,-8.54,-57
1787063255166,1062149,Thigh,walk,0.075152,1.011136,0.198616,15.82,-46.27,-10.36,-57
1787063255166,1062179,Thigh,walk,0.055632,1.037976,0.293288,12.46,-48.44,-11.62,-57
1787063255166,1062196,Thigh,walk,0.060512,1.083848,0.401624,5.25,-44.87,-11.2,-57
1787063255166,1062213,Thigh,walk,0.10492,1.153144,0.47092,-0.07,-39.06,-11.27,-57
1787063255166,1062230,Thigh,walk,0.208864,1.43228,0.434808,-20.3,-38.43,-8.26,-57
1787063255166,1062261,Thigh,walk,0.10004,1.573312,0.334768,-87.99,-7,15.19,-57
1787063255166,1062278,Thigh,walk,-0.240584,1.427888,0.193248,-105.91,1.12,19.32,-57
1787063255166,1062295,Thigh,walk,-0.564128,1.150704,0.06588,-130.34,6.09,20.79,-57
1787063255166,1062312,Thigh,walk,-0.651968,1.0248,-0.055632,-150.64,-19.04,9.03,-57
1787063255166,1062329,Thigh,walk,-0.500688,1.110688,-0.061488,-149.24,-62.86,-6.65,-57
1787063255530,1062510,Thigh,walk,-0.311832,0.760304,0.186416,-66.64,-53.06,-38.36,-65
1787063255530,1062541,Thigh,walk,-0.112728,0.837408,0.105896,-43.82,-60.48,-32.06,-65
1787063255530,1062558,Thigh,walk,0.046848,0.853512,0.146888,-39.9,-51.59,-25.34,-65
1787063255530,1062575,Thigh,walk,0.157136,0.778848,0.22936,-40.11,-44.17,-21.42,-65
1787063255530,1062592,Thigh,walk,0.186416,0.711992,0.275232,-35.28,-40.39,-22.12,-65
1787063255530,1062623,Thigh,walk,0.177144,0.426024,0.44896,-4.9,-29.61,-30.45,-65
1787063255530,1062640,Thigh,walk,0.142008,0.401136,0.472384,24.85,-19.32,-34.3,-65
1787063255530,1062657,Thigh,walk,0.055632,0.398208,0.473848,38.36,-15.05,-34.23,-65
1787063255530,1062674,Thigh,walk,-0.055632,0.44652,0.474336,61.6,-10.99,-28.84,-65
1787063255530,1062691,Thigh,walk,-0.126392,0.577792,0.531432,74.83,-13.58,-21.98,-65
1787063255866,1062872,Thigh,walk,-0.222528,1.648464,0.698328,28.28,18.41,0.28,-64
1787063255866,1062902,Thigh,walk,-0.078568,1.085312,0.676856,-26.11,6.58,18.2,-64
1787063255866,1062920,Thigh,walk,-0.079056,0.549,0.254248,-2.17,27.86,14.56,-64
1787063255866,1062936,Thigh,walk,-0.177144,0.399184,-0.094672,40.88,15.68,11.83,-64
1787063255866,1062953,Thigh,walk,-0.269864,0.507032,-0.204472,73.01,-24.78,20.86,-64
1787063255866,1062984,Thigh,walk,-0.042944,1.079456,0.216672,94.29,-39.55,20.3,-64
1787063255866,1063001,Thigh,walk,0.150792,1.3664,0.233752,78.89,-33.6,21.7,-64
1787063255866,1063018,Thigh,walk,0.188856,1.29076,0.205448,47.81,-32.34,25.83,-64
1787063255866,1063035,Thigh,walk,0.165432,0.882304,0.1708,46.41,-33.53,24.08,-64
1787063255866,1063052,Thigh,walk,0.099064,0.785192,0.169824,54.53,-23.8,16.31,-64
1787063256281,1063262,Thigh,walk,0.147376,0.970144,0.183,36.33,-45.29,-2.45,-64
1787063256281,1063292,Thigh,walk,0.061,0.930128,0.177144,43.54,-49.21,-4.27,-64
1787063256281,1063309,Thigh,walk,0.051728,0.979904,0.149328,46.69,-53.34,-4.97,-64
1787063256281,1063326,Thigh,walk,0.028792,0.986248,0.130784,44.8,-61.74,-6.16,-64
1787063256281,1063343,Thigh,walk,-0.007808,0.99308,0.123464,44.52,-68.95,-7.63,-64
1787063256281,1063374,Thigh,walk,-0.014152,0.989176,0.111752,41.16,-72.66,-9.8,-64
1787063256281,1063391,Thigh,walk,0.01708,0.969656,0.105408,39.13,-70.07,-12.39,-64
1787063256281,1063408,Thigh,walk,0.03172,0.96624,0.096624,37.59,-67.69,-16.31,-64
1787063256281,1063425,Thigh,walk,0.032208,0.962336,0.096136,37.1,-68.53,-19.39,-64
1787063256281,1063442,Thigh,walk,0.039528,0.951112,0.111264,37.87,-68.74,-20.02,-64
1787063256645,1063621,Thigh,walk,-0.032208,1.535736,0.27328,-42.7,6.02,13.79,-64
1787063256645,1063651,Thigh,walk,-0.443592,1.232688,0.262544,-71.26,6.93,11.13,-64
1787063256645,1063669,Thigh,walk,-0.58804,1.103368,0.266448,-98.07,-2.1,-0.77,-64
1787063256645,1063685,Thigh,walk,-0.660752,1.042856,0.228872,-129.78,-16.94,-29.19,-64
1787063256645,1063702,Thigh,walk,-0.682224,1.096536,0.118584,-139.09,-68.6,-45.15,-64
1787063256645,1063733,Thigh,walk,-0.424072,1.515728,-0.203008,-118.58,-161.77,-29.89,-64
1787063256645,1063750,Thigh,walk,-0.067832,1.215608,-0.284016,-113.89,-146.44,-10.43,-64
1787063256645,1063767,Thigh,walk,0.133712,0.938424,-0.19764,-88.55,-102.83,-4.97,-64
1787063256645,1063784,Thigh,walk,0.386008,0.999912,-0.142496,-82.39,-45.22,3.92,-64
1787063256645,1063801,Thigh,walk,0.489464,1.133136,0.030744,-95.41,-20.37,6.02,-64
1787063257004,1063982,Thigh,walk,-0.060512,0.617808,0.262544,-30.24,-15.12,1.54,-64
1787063257004,1064012,Thigh,walk,-0.080032,0.521672,0.36356,14.91,-40.74,8.75,-64
1787063257004,1064030,Thigh,walk,-0.042944,0.525576,0.384544,26.39,-39.13,8.89,-64
1787063257004,1064047,Thigh,walk,-0.020496,0.579744,0.377224,43.61,-26.6,6.44,-64
1787063257004,1064064,Thigh,walk,-0.034648,0.640744,0.364536,50.75,-12.6,0.84,-64
1787063257004,1064095,Thigh,walk,-0.023424,0.769088,0.465064,61.32,6.23,-6.02,-64
1787063257004,1064112,Thigh,walk,-0.058072,0.894504,0.64904,61.95,11.55,-4.2,-64
1787063257004,1064129,Thigh,walk,-0.149816,1.003816,0.888648,60.55,-0.49,2.94,-64
1787063257004,1064146,Thigh,walk,-0.241072,1.15656,0.958432,49.21,-9.31,12.18,-64
1787063257004,1064163,Thigh,walk,-0.245952,1.186328,0.916464,35.42,-7.49,18.76,-64
1787063257364,1064342,Thigh,walk,-0.359656,0.4636,-0.210328,56.07,-16.94,14.56,-70
1787063257364,1064374,Thigh,walk,0.138592,0.922808,-0.061488,109.62,-93.8,23.59,-70
1787063257364,1064391,Thigh,walk,0.298168,1.175104,-0.059536,97.09,-61.74,6.79,-70
1787063257364,1064407,Thigh,walk,0.40016,1.423496,-0.052704,72.59,-39.34,2.94,-70
1787063257364,1064424,Thigh,walk,0.316712,1.098976,0.050752,44.94,-9.66,3.5,-70
1787063257364,1064455,Thigh,walk,0.11956,1.04676,0.075152,38.78,10.43,2.59,-70
1787063257364,1064472,Thigh,walk,0.011224,0.95648,0.133224,30.17,13.86,4.9,-70
1787063257364,1064489,Thigh,walk,-0.122488,0.874008,0.182512,36.12,1.96,7.21,-70
1787063257364,1064506,Thigh,walk,-0.2074,0.953064,0.179096,46.9,-25.76,11.27,-70
1787063257364,1064523,Thigh,walk,-0.223992,1.01016,0.164456,40.39,-55.93,12.81,-70
1787063257723,1064701,Thigh,walk,0.10736,0.959408,0.169336,45.78,1.19,-5.46,-70
1787063257723,1064732,Thigh,walk,-0.076128,0.950136,0.166408,52.43,-5.04,-3.5,-70
1787063257723,1064749,Thigh,walk,-0.145424,0.9638,0.14152,53.69,-10.01,-3.29,-70
1787063257723,1064766,Thigh,walk,-0.150304,0.982832,0.116632,52.57,-17.71,-3.5,-70
1787063257723,1064783,Thigh,walk,-0.108824,0.987712,0.10248,45.29,-24.57,-4.97,-70
1787063257723,1064813,Thigh,walk,0.011224,0.955992,0.133224,38.15,-34.3,-5.67,-70
1787063257723,1064830,Thigh,walk,0.098088,0.98332,0.161528,36.19,-37.38,-6.44,-70
1787063257723,1064847,Thigh,walk,0.160552,0.979904,0.149816,35,-37.73,-6.02,-70
1787063257723,1064864,Thigh,walk,0.168848,0.97844,0.076616,35.21,-36.75,-3.78,-70
1787063257723,1064881,Thigh,walk,0.14152,1.0004,0.04392,34.44,-35.7,-2.45,-70
1787063258085,1065059,Thigh,walk,-0.01952,1.289296,0.155184,-82.67,2.45,21.91,-70
1787063258085,1065090,Thigh,walk,-0.528016,1.03944,0.091256,-106.89,17.08,0.21,-70
1787063258085,1065107,Thigh,walk,-0.660264,1.075064,0.085888,-124.74,14.84,-10.01,-70
1787063258085,1065124,Thigh,walk,-0.71248,1.27368,0.005368,-147.77,-32.41,-30.17,-70
1787063258085,1065140,Thigh,walk,-0.453352,1.423496,-0.066856,-145.11,-114.87,-32.41,-70
1787063258085,1065171,Thigh,walk,0.11224,1.251232,-0.18788,-106.61,-105.28,-1.05,-70
1787063258085,1065188,Thigh,walk,0.323544,1.07848,-0.130784,-91.7,-54.46,10.5,-70
1787063258085,1065205,Thigh,walk,0.395768,1.08336,0.010248,-95.06,-10.78,19.25,-70
1787063258085,1065222,Thigh,walk,0.377712,1.094096,0.094184,-103.04,9.17,19.88,-70
1787063258085,1065239,Thigh,walk,0.291336,0.970144,0.159576,-123.2,44.73,17.43,-70
1787063258447,1065419,Thigh,walk,-0.237656,0.532408,0.298168,4.76,-5.11,3.57,-66
1787063258447,1065450,Thigh,walk,-0.19276,0.521672,0.400648,35.49,-34.09,2.66,-66
1787063258447,1065467,Thigh,walk,-0.128344,0.580232,0.489464,54.39,-38.08,-0.98,-66
1787063258447,1065484,Thigh,walk,-0.136152,0.727608,0.555344,68.04,-25.69,-8.75,-66
1787063258447,1065501,Thigh,walk,-0.231312,0.903288,0.632448,67.9,-5.6,-9.66,-66
1787063258447,1065532,Thigh,walk,-0.244488,1.110688,0.806176,47.18,11.41,6.37,-66
1787063258447,1065549,Thigh,walk,-0.066856,1.141432,0.826672,17.85,28.56,9.17,-66
1787063258447,1065566,Thigh,walk,0.051728,0.94184,0.773968,-6.51,38.85,8.12,-66
1787063258447,1065583,Thigh,walk,0.076616,0.803736,0.711992,-7.28,47.6,12.67,-66
1787063258447,1065600,Thigh,walk,0.055144,0.604632,0.5856,-0.49,52.85,18.34,-66
1787063258802,1065777,Thigh,walk,0.372344,1.586488,0.115656,71.54,-41.72,3.01,-66
1787063258802,1065809,Thigh,walk,0.308904,0.899872,0.122488,41.02,3.08,15.12,-66
1787063258802,1065826,Thigh,walk,0.122976,0.821304,0.154208,44.59,8.05,9.1,-66
1787063258802,1065843,Thigh,walk,-0.024888,0.813984,0.243024,45.64,5.74,7.56,-66
1787063258802,1065860,Thigh,walk,-0.125904,0.915,0.259128,55.65,-9.73,11.13,-66
1787063258802,1065890,Thigh,walk,-0.18544,1.093608,0.144448,53.06,-51.73,17.01,-66
1787063258802,1065908,Thigh,walk,-0.09028,1.014552,0.110776,35.98,-63.49,15.4,-66
1787063258802,1065924,Thigh,walk,-0.024888,0.948184,0.096624,32.48,-58.17,9.38,-66
1787063258802,1065941,Thigh,walk,0.076616,0.891088,0.081496,34.02,-54.25,5.46,-66
1787063258802,1065958,Thigh,walk,0.14396,0.911584,0.051728,38.36,-48.51,-1.54,-66
1787063259164,1066135,Thigh,walk,-0.02928,0.955504,-0.001464,61.04,-44.52,-12.6,-66
1787063259164,1066166,Thigh,walk,0.081008,1.027728,0.160064,56.49,-44.03,-13.37,-66
1787063259164,1066183,Thigh,walk,0.135176,1.038952,0.238144,49.56,-42.42,-11.41,-66
1787063259164,1066200,Thigh,walk,0.135664,1.080432,0.25864,42.63,-40.53,-8.47,-66
1787063259164,1066217,Thigh,walk,0.12688,1.10776,0.25376,38.57,-38.22,-7.14,-66
1787063259164,1066248,Thigh,walk,0.05856,1.155584,0.235216,18.76,-35.63,-9.59,-66
1787063259164,1066265,Thigh,walk,0.067832,1.17852,0.268888,11.97,-33.11,-14.63,-66
1787063259164,1066281,Thigh,walk,0.188368,1.389336,0.317688,6.09,-30.94,-17.71,-66
1787063259164,1066298,Thigh,walk,0.23912,1.55184,0.249856,-22.82,-26.88,-11.41,-66
1787063259164,1066315,Thigh,walk,0.154208,1.54208,0.198616,-50.54,-5.32,7.84,-66
1787063259528,1066494,Thigh,walk,0.225456,1.057496,0.05612,-94.99,-14.98,17.5,-66
1787063259528,1066525,Thigh,walk,0.135664,0.984296,0.045872,-117.18,41.23,17.43,-66
1787063259528,1066542,Thigh,walk,0.011224,0.888648,0.024888,-119.77,68.18,10.01,-66
1787063259528,1066559,Thigh,walk,-0.052216,0.76616,0.095648,-114.1,74.34,6.44,-66
1787063259528,1066576,Thigh,walk,-0.137128,0.733952,0.133224,-106.75,68.25,8.54,-66
1787063259528,1066607,Thigh,walk,-0.176656,0.779336,0.242536,-74.13,39.83,11.34,-66
1787063259528,1066624,Thigh,walk,-0.163968,0.808128,0.237168,-68.32,37.52,14.07,-66
1787063259528,1066641,Thigh,walk,-0.10248,0.828624,0.210816,-63.14,39.27,17.15,-66
1787063259528,1066657,Thigh,walk,-0.059536,0.75152,0.201544,-61.46,35.42,21.7,-66
1787063259528,1066674,Thigh,walk,-0.055632,0.651968,0.218136,-50.26,23.66,23.66,-66
1787063259897,1066855,Thigh,walk,-0.159576,1.119472,0.886696,65.8,14.42,-3.85,-66
1787063259897,1066886,Thigh,walk,-0.220088,1.173152,0.871568,33.32,16.45,0.21,-66
1787063259897,1066903,Thigh,walk,-0.188856,0.996496,0.738832,14.56,23.52,3.71,-66
1787063259897,1066920,Thigh,walk,-0.130296,0.876936,0.585112,13.58,40.18,4.41,-66
1787063259897,1066937,Thigh,walk,-0.10736,0.84668,0.447008,15.61,56.91,5.6,-66
1787063259897,1066968,Thigh,walk,-0.255712,1.341024,0.314272,74.83,57.47,-2.73,-66
1787063259897,1066985,Thigh,walk,-0.36356,1.89588,0.225944,67.2,18.97,-5.88,-66
1787063259897,1067002,Thigh,walk,-0.309392,1.835856,0.26352,32.62,7.07,2.87,-66
1787063259897,1067019,Thigh,walk,-0.130784,1.294664,0.403088,2.8,6.93,4.13,-66
1787063259897,1067036,Thigh,walk,-0.208376,0.915976,0.354288,-8.82,51.03,-3.57,-66
1787063260256,1067214,Thigh,walk,-0.1708,0.828136,0.164944,51.52,-1.33,13.79,-66
1787063260256,1067245,Thigh,walk,-0.22936,1.026264,0.088328,61.25,-46.9,17.71,-66
1787063260256,1067262,Thigh,walk,-0.166408,1.038464,0.03904,43.68,-73.85,16.87,-66
1787063260256,1067278,Thigh,walk,-0.120536,0.982832,0.057584,37.8,-86.03,13.51,-66
1787063260256,1067295,Thigh,walk,-0.037088,0.932568,0.075152,38.71,-88.34,8.89,-66
1787063260256,1067326,Thigh,walk,0.062952,1.0126,0.11224,35.28,-91,1.47,-66
1787063260256,1067343,Thigh,walk,0.149328,1.006744,0.121512,33.18,-83.44,-0.14,-66
1787063260256,1067360,Thigh,walk,0.20008,0.98576,0.149328,32.55,-76.23,-0.42,-66
1787063260256,1067377,Thigh,walk,0.208864,0.996984,0.174704,33.74,-60.13,0.28,-66
1787063260256,1067408,Thigh,walk,0.150792,1.016016,0.19764,28.84,-41.09,2.94,-66
1787063260621,1067585,Thigh,walk,0.110776,0.978928,0.060512,29.82,-31.08,-1.33,-66
1787063260621,1067617,Thigh,walk,0.1098,0.97356,0.040992,34.37,-30.73,-3.5,-66
1787063260621,1067634,Thigh,walk,0.054168,1.0004,0.007808,33.18,-31.22,-3.36,-66
1787063260621,1067651,Thigh,walk,0.002928,1.019432,0.013664,32.9,-29.33,-3.85,-66
1787063260621,1067668,Thigh,walk,-0.042944,1.041392,0.020984,30.59,-31.22,-5.11,-66
1787063260621,1067699,Thigh,walk,-0.09272,1.019432,0.023912,28.63,-44.59,-8.75,-66
1787063260621,1067716,Thigh,walk,-0.08296,1.023824,0.03904,30.24,-54.11,-12.6,-66
1787063260621,1067733,Thigh,walk,-0.064904,1.042856,0.085888,32.41,-59.08,-16.52,-66
1787063260621,1067750,Thigh,walk,-0.005856,1.057008,0.111264,32.41,-60.2,-19.67,-66
1787063260621,1067767,Thigh,walk,0.079056,1.120448,0.184464,31.57,-59.78,-21.42,-66
1787063260985,1067945,Thigh,walk,-0.191296,1.4884,-0.088816,-153.93,-70.84,-15.4,-71
1787063260985,1067977,Thigh,walk,0.024888,1.082384,-0.169336,-104.93,-58.52,17.01,-71
1787063260985,1067994,Thigh,walk,0.12932,1.063352,-0.07808,-101.22,-48.79,16.94,-71
1787063260985,1068011,Thigh,walk,0.160552,1.168272,0.075152,-110.04,-23.1,20.37,-71
1787063260985,1068028,Thigh,walk,0.232776,1.097024,0.04392,-129.85,29.61,17.36,-71
1787063260985,1068059,Thigh,walk,0.023912,0.908168,0.156648,-128.31,60.06,8.47,-71
1787063260985,1068076,Thigh,walk,-0.132248,0.802272,0.16836,-122.36,59.22,5.95,-71
1787063260985,1068093,Thigh,walk,-0.233264,0.75396,0.2074,-107.66,43.54,0.35,-71
1787063260985,1068110,Thigh,walk,-0.258152,0.757864,0.228384,-99.75,31.64,-7.07,-71
1787063260985,1068127,Thigh,walk,-0.266936,0.792024,0.212768,-83.44,31.71,-8.4,-71
1787063261338,1068306,Thigh,walk,-0.053192,0.540704,0.351848,61.25,-2.94,-0.7,-71
1787063261338,1068337,Thigh,walk,-0.05856,0.782264,0.567544,85.26,-16.17,0.28,-71
1787063261338,1068354,Thigh,walk,-0.11956,1.051152,0.799344,81.76,-24.78,3.99,-71
1787063261338,1068371,Thigh,walk,-0.11712,1.207312,1.022848,57.75,-33.11,10.36,-71
1787063261338,1068388,Thigh,walk,-0.039528,1.179984,1.035536,25.27,-21.84,12.53,-71
1787063261338,1068419,Thigh,walk,0.054656,0.969168,0.704672,7,16.94,10.36,-71
1787063261338,1068436,Thigh,walk,0.059048,0.909144,0.442128,1.05,52.64,3.15,-71
1787063261338,1068453,Thigh,walk,-0.055144,0.837408,0.344528,-3.22,78.89,-0.49,-71
1787063261338,1068470,Thigh,walk,-0.155184,0.868152,0.377712,5.81,80.22,-3.5,-71
1787063261338,1068487,Thigh,walk,-0.284504,1.215608,0.468968,29.61,73.92,-9.17,-71
1787063261699,1068666,Thigh,walk,0.406504,1.217072,0.1342,26.46,-2.45,10.29,-71
1787063261699,1068697,Thigh,walk,0.089304,0.848144,0.175192,32.27,1.26,7.56,-71
1787063261699,1068714,Thigh,walk,-0.10736,0.863272,0.199592,32.13,-2.59,7.49,-71
1787063261699,1068731,Thigh,walk,-0.249368,0.850096,0.240096,39.2,-22.75,6.86,-71
1787063261699,1068748,Thigh,walk,-0.277672,0.894504,0.206912,57.61,-51.24,7.49,-71
1787063261699,1068779,Thigh,walk,-0.142496,1.0126,0.061976,61.6,-96.88,3.64,-71
1787063261699,1068796,Thigh,walk,-0.016592,1.013088,0.035136,57.61,-109.41,1.4,-71
1787063261699,1068813,Thigh,walk,0.07808,0.989176,0.011224,52.22,-108.43,-1.75,-71
1787063261699,1068830,Thigh,walk,0.111264,0.97112,0.034648,51.52,-100.59,-6.23,-71
1787063261699,1068847,Thigh,walk,0.15128,0.98088,0.050752,51.45,-95.69,-7.91,-71
1787063262062,1069024,Thigh,walk,0.047824,0.972584,-0.028304,60.76,-89.11,-20.23,-73
1787063262062,1069056,Thigh,walk,0.108824,0.976976,0.035136,57.82,-75.11,-13.72,-73
1787063262062,1069073,Thigh,walk,0.110288,0.945744,0.075152,56.28,-71.82,-11.48,-73
1787063262062,1069090,Thigh,walk,0.101016,1.01992,0.12932,56.98,-66.01,-9.66,-73
1787063262062,1069107,Thigh,walk,0.125904,1.106296,0.199104,49.49,-61.81,-8.47,-73
1787063262062,1069138,Thigh,walk,0.176656,1.162416,0.23668,28.14,-59.78,-4.55,-73
1787063262062,1069155,Thigh,walk,0.1342,1.132648,0.23424,10.57,-61.81,-0.21,-73
1787063262062,1069172,Thigh,walk,0.122488,1.098488,0.267424,2.66,-66.5,3.71,-73
1787063262062,1069189,Thigh,walk,0.159576,1.172664,0.257664,-6.65,-71.4,5.74,-73
1787063262062,1069206,Thigh,walk,0.169336,1.449848,0.108824,-19.81,-72.24,8.89,-73
1787063262423,1069385,Thigh,walk,-0.12688,1.154608,-0.08296,-111.09,-122.08,-27.58,-73
1787063262423,1069417,Thigh,walk,0.0854,1.057496,-0.089304,-95.76,-100.59,-16.38,-73
1787063262423,1069434,Thigh,walk,0.20496,0.978928,-0.03416,-93.45,-65.8,-10.57,-73
1787063262423,1069451,Thigh,walk,0.280112,0.962336,0.089792,-86.24,-39.9,-8.75,-73
1787063262423,1069468,Thigh,walk,0.258152,0.92964,0.140544,-90.72,9.59,-8.19,-73
1787063262423,1069499,Thigh,walk,0.03416,0.809592,0.208376,-84.56,33.88,-11.13,-73
1787063262423,1069516,Thigh,walk,-0.116144,0.77348,0.247416,-76.44,32.41,-8.4,-73
1787063262423,1069533,Thigh,walk,-0.195688,0.758352,0.286944,-67.27,24.29,-4.69,-73
1787063262423,1069550,Thigh,walk,-0.21228,0.765184,0.298168,-55.23,16.59,-1.33,-73
1787063262423,1069567,Thigh,walk,-0.191296,0.782752,0.302072,-49.63,14.7,1.26,-73
1787063262786,1069746,Thigh,walk,-0.160064,0.772504,0.457744,55.3,-8.47,-12.04,-73
1787063262786,1069777,Thigh,walk,-0.144936,1.0492,0.677344,52.08,-11.27,-3.85,-73
1787063262786,1069794,Thigh,walk,-0.147376,1.099464,0.75396,25.69,-16.87,4.69,-73
1787063262786,1069811,Thigh,walk,-0.194224,1.12484,0.864248,17.43,-19.11,7.35,-73
1787063262786,1069828,Thigh,walk,-0.175192,1.026752,0.874496,-2.59,-15.61,7.49,-73
1787063262786,1069859,Thigh,walk,-0.095648,0.89792,0.708088,-7.21,1.05,5.67,-73
1787063262786,1069876,Thigh,walk,-0.061,0.91012,0.539728,-10.99,19.88,7.35,-73
1787063262786,1069893,Thigh,walk,-0.017568,0.87596,0.42944,-17.08,42.98,9.8,-73
1787063262786,1069910,Thigh,walk,0.020984,0.78324,0.411384,-23.17,60.62,10.99,-73
1787063262786,1069927,Thigh,walk,0.005856,0.728096,0.441152,-4.76,62.44,10.5,-73
1787063263144,1070106,Thigh,walk,0.264496,1.501088,0,77,-53.55,5.46,-69
1787063263144,1070137,Thigh,walk,0.2074,0.972096,0.13176,43.61,-10.29,14.91,-69
1787063263144,1070154,Thigh,walk,0.113216,1.0004,0.150792,33.53,-1.26,6.44,-69
1787063263144,1070171,Thigh,walk,-0.023424,0.932568,0.226432,27.79,-1.4,4.9,-69
1787063263144,1070188,Thigh,walk,-0.13908,0.816424,0.2318,35.77,-10.71,6.58,-69
1787063263144,1070219,Thigh,walk,-0.215696,0.95892,0.13908,57.75,-51.03,12.39,-69
1787063263144,1070236,Thigh,walk,-0.158112,1.031144,0.110776,52.85,-79.31,12.25,-69
1787063263144,1070253,Thigh,walk,-0.057096,1.00528,0.105408,47.25,-95.69,9.31,-69
1787063263144,1070270,Thigh,walk,0.0244,0.972096,0.078568,43.05,-100.38,5.46,-69
1787063263144,1070287,Thigh,walk,0.05612,0.964288,0.076128,43.12,-99.96,-0.14,-69
1787063263504,1070464,Thigh,walk,-0.072712,0.977952,0.16836,32.83,-56.49,-4.48,-69
1787063263504,1070495,Thigh,walk,0.01952,0.96868,0.163968,27.16,-59.64,-4.9,-69
1787063263504,1070512,Thigh,walk,0.079544,0.963312,0.164456,26.67,-58.59,-4.48,-69
1787063263504,1070529,Thigh,walk,0.14396,0.931592,0.155184,28.35,-56.21,-5.11,-69
1787063263504,1070546,Thigh,walk,0.181536,0.899384,0.114192,35.91,-50.4,-6.23,-69
1787063263504,1070577,Thigh,walk,0.123952,1.00528,0.004392,38.71,-37.1,-6.51,-69
1787063263504,1070594,Thigh,walk,0.074664,1.020896,0.005368,34.86,-29.68,-4.55,-69
1787063263504,1070611,Thigh,walk,0.06344,1.040416,0.0244,33.6,-27.37,-4.34,-69
1787063263504,1070628,Thigh,walk,0.042456,1.043832,0.045872,30.38,-31.22,-7.42,-69
1787063263504,1070645,Thigh,walk,-0.042456,1.037,0.063928,29.89,-34.86,-9.38,-69
1787063263864,1070823,Thigh,walk,-0.601216,0.996008,0.11468,-116.69,-29.82,-26.18,-69
1787063263864,1070854,Thigh,walk,-0.59048,1.22732,0.00244,-138.39,-119.91,-33.53,-69
1787063263864,1070871,Thigh,walk,-0.310368,1.353224,-0.084912,-124.81,-139.86,-26.88,-69
1787063263864,1070888,Thigh,walk,0.049288,1.33224,-0.211304,-106.82,-129.01,-13.58,-69
1787063263864,1070905,Thigh,walk,0.284992,1.106296,-0.16104,-97.86,-82.88,-4.41,-69
1787063263864,1070936,Thigh,walk,0.38064,1.105808,0.04636,-95.27,-16.94,9.45,-69
1787063263864,1070953,Thigh,walk,0.267424,1.043832,0.125904,-109.69,23.52,10.71,-69
1787063263864,1070970,Thigh,walk,0.04148,0.874008,0.150304,-119,40.88,4.13,-69
1787063263864,1070987,Thigh,walk,-0.048312,0.786168,0.190808,-108.43,52.01,-3.22,-69
1787063263864,1071004,Thigh,walk,-0.183976,0.68076,0.22936,-98.56,53.9,-4.69,-69
1787063264225,1071185,Thigh,walk,0.01464,0.541192,0.395768,34.93,-13.79,3.85,-69
1787063264225,1071215,Thigh,walk,-0.040504,0.664656,0.447008,56.56,7.14,-6.3,-69
1787063264225,1071232,Thigh,walk,-0.057584,0.72468,0.481168,63.49,11.55,-13.23,-69
1787063264225,1071249,Thigh,walk,-0.094672,0.872056,0.5612,73.01,12.18,-13.93,-69
1787063264225,1071266,Thigh,walk,-0.157624,1.026752,0.699304,68.18,7.56,-7.14,-69
1787063264225,1071297,Thigh,walk,-0.288896,1.169736,0.83448,36.82,0.84,14.35,-69
1787063264225,1071314,Thigh,walk,-0.318664,1.101416,0.853512,16.94,0.77,15.61,-69
1787063264225,1071331,Thigh,walk,-0.284016,0.982344,0.778848,8.19,-0.07,8.68,-69
1787063264225,1071348,Thigh,walk,-0.202032,0.98332,0.621224,3.08,4.34,6.16,-69
1787063264225,1071365,Thigh,walk,-0.155184,0.959896,0.528504,-0.56,19.46,11.2,-69
1787063264585,1071543,Thigh,walk,-0.310856,0.321104,-0.205448,92.05,-90.44,37.24,-69
1787063264585,1071574,Thigh,walk,0.196664,1.2444,0.120048,88.97,-68.6,9.66,-69
1787063264585,1071591,Thigh,walk,0.377712,1.543056,0.11712,62.86,-60.83,8.12,-69
1787063264585,1071608,Thigh,walk,0.4636,1.0736,0.118096,28.49,-38.57,9.94,-69
1787063264585,1071625,Thigh,walk,0.384544,0.923784,0.061976,36.54,4.13,8.75,-69
1787063264585,1071656,Thigh,walk,0.042944,0.997472,0.046848,23.8,39.62,8.89,-69
1787063264585,1071673,Thigh,walk,-0.227408,0.91012,0.175192,21.84,16.24,14.21,-69
1787063264585,1071690,Thigh,walk,-0.374784,0.890112,0.242048,34.44,-33.32,18.2,-69
1787063264585,1071707,Thigh,walk,-0.372832,0.929152,0.196664,43.68,-76.23,19.53,-69
1787063264585,1071724,Thigh,walk,-0.294264,0.979416,0.139568,44.59,-90.02,16.31,-69
1787063264945,1071903,Thigh,walk,-0.076128,0.9882,0.223016,28.98,-56.35,-0.84,-69
1787063264945,1071933,Thigh,walk,-0.071736,1.006744,0.162016,20.37,-75.04,-0.63,-69
1787063264945,1071950,Thigh,walk,-0.019032,0.969656,0.096136,18.34,-77.21,-1.68,-69
1787063264945,1071967,Thigh,walk,0.055144,0.94672,0.060024,16.24,-77.28,-3.15,-69
1787063264945,1071984,Thigh,walk,0.094672,0.9516,0.04636,15.05,-70.84,-4.97,-69
1787063264945,1072015,Thigh,walk,0.10004,0.956968,0.082472,15.75,-61.39,-7.63,-69
1787063264945,1072032,Thigh,walk,0.099064,0.955504,0.120048,20.23,-59.08,-7.14,-69
1787063264945,1072049,Thigh,walk,0.092232,0.96136,0.130784,24.71,-58.45,-4.27,-69
1787063264945,1072066,Thigh,walk,0.082472,0.9516,0.123952,29.33,-58.73,-3.08,-69
1787063264945,1072083,Thigh,walk,0.053192,0.943792,0.096136,32.55,-60.06,-3.43,-69
1787063265308,1072262,Thigh,walk,0.153232,1.369328,0.13908,-1.26,-64.05,0.56,-69
1787063265308,1072292,Thigh,walk,0.026352,1.40544,0.068808,-33.6,-53.06,8.75,-69
1787063265308,1072310,Thigh,walk,-0.182024,1.28344,0.059048,-58.66,-49.07,10.36,-69
1787063265308,1072326,Thigh,walk,-0.371368,1.001376,0.115656,-77.14,-47.67,6.58,-69
1787063265308,1072343,Thigh,walk,-0.426024,0.839848,0.17568,-81.62,-60.27,-6.93,-69
1787063265308,1072374,Thigh,walk,-0.49288,0.959408,0.142984,-106.89,-83.16,-32.69,-69
1787063265308,1072391,Thigh,walk,-0.549976,1.067256,0.151768,-124.11,-103.39,-47.53,-69
1787063265308,1072408,Thigh,walk,-0.493856,1.27856,0.048312,-121.8,-134.47,-48.16,-69
1787063265308,1072425,Thigh,walk,-0.396744,1.37372,-0.037088,-118.58,-164.64,-33.18,-69
1787063265308,1072442,Thigh,walk,-0.099552,1.367376,-0.2196,-112.91,-164.29,-26.46,-69
1787063265669,1072624,Thigh,walk,-0.279624,0.766648,0.27816,-55.65,-1.75,-6.58,-78
1787063265669,1072655,Thigh,walk,-0.040504,0.767136,0.36844,-42.49,-6.93,-10.92,-78
1787063265669,1072672,Thigh,walk,-0.014152,0.764208,0.357216,-34.65,-14.56,-12.18,-78
1787063265669,1072688,Thigh,walk,-0.020008,0.748104,0.359656,-30.66,-18.9,-12.04,-78
1787063265669,1072705,Thigh,walk,-0.048312,0.70028,0.425048,-20.44,-25.62,-11.62,-78
1787063265669,1072736,Thigh,walk,-0.033672,0.615368,0.447496,1.19,-21.7,-11.55,-78
1787063265669,1072753,Thigh,walk,-0.038552,0.601216,0.38796,14,-14.07,-10.22,-78
1787063265669,1072770,Thigh,walk,-0.062464,0.601216,0.349408,22.89,-8.33,-9.03,-78
1787063265669,1072787,Thigh,walk,-0.125904,0.597312,0.363072,32.13,-8.12,-9.52,-78
1787063265669,1072804,Thigh,walk,-0.157136,0.599752,0.393816,46.62,-12.6,-11.41,-78
1787063266028,1072984,Thigh,walk,-0.007808,0.862296,0.42944,2.59,45.57,9.87,-78
1787063266028,1073015,Thigh,walk,-0.24156,1.576728,0.488488,46.9,48.23,-10.01,-78
1787063266028,1073032,Thigh,walk,-0.30256,1.730936,0.5612,6.72,27.51,-3.15,-78
1787063266028,1073048,Thigh,walk,-0.227408,1.515728,0.571936,-10.64,24.71,0.14,-78
1787063266028,1073065,Thigh,walk,-0.132736,1.07848,0.457744,-35.42,44.8,-7,-78
1787063266028,1073096,Thigh,walk,-0.381128,0.327936,-0.138104,4.83,40.88,15.82,-78
1787063266028,1073113,Thigh,walk,-0.46848,0.305976,-0.210816,54.81,-37.94,27.23,-78
1787063266028,1073130,Thigh,walk,-0.226432,0.614392,-0.066368,90.58,-86.73,36.4,-78
1787063266028,1073147,Thigh,walk,0.183488,1.121424,0.09272,98.77,-87.92,22.4,-78
1787063266028,1073164,Thigh,walk,0.30012,1.353712,0.038064,80.15,-59.57,9.66,-78
1787063266394,1073342,Thigh,walk,-0.008296,0.952576,0.068808,61.81,-111.44,2.94,-78
1787063266394,1073374,Thigh,walk,0.290848,1.049688,0.080032,43.75,-96.67,-5.04,-78
1787063266394,1073391,Thigh,walk,0.338184,1.044808,0.105896,37.17,-75.25,-7.49,-78
1787063266394,1073408,Thigh,walk,0.35624,1.029192,0.156648,35.07,-62.51,-8.05,-78
1787063266394,1073424,Thigh,walk,0.264984,1.016992,0.180072,32.48,-38.57,-6.86,-78
1787063266394,1073455,Thigh,walk,0.059048,1.011136,0.210328,27.65,-26.81,-2.31,-78
1787063266394,1073472,Thigh,walk,-0.046848,0.998936,0.214232,25.34,-32.97,-0.91,-78
1787063266394,1073489,Thigh,walk,-0.096624,0.98088,0.167872,24.85,-42.35,-0.49,-78
1787063266394,1073506,Thigh,walk,-0.103944,0.952576,0.104432,26.53,-49.63,-0.98,-78
1787063266394,1073523,Thigh,walk,-0.090768,0.942328,0.07808,28.7,-51.45,-1.82,-78
1787063266753,1073704,Thigh,walk,-0.040504,1.043832,0.076616,29.75,-51.17,-12.46,-56
1787063266753,1073735,Thigh,walk,0.045872,1.047736,0.101016,23.24,-51.45,-13.86,-56
1787063266753,1073752,Thigh,walk,0.0732,1.049688,0.098088,22.68,-50.47,-15.26,-56
1787063266753,1073770,Thigh,walk,0.086864,1.050664,0.094184,22.19,-46.13,-17.08,-56
1787063266753,1073787,Thigh,walk,0.122488,1.055056,0.11712,22.68,-42.84,-18.34,-56
1787063266753,1073817,Thigh,walk,0.246928,1.232688,0.173728,13.44,-22.68,-19.81,-56
1787063266753,1073834,Thigh,walk,0.269864,1.29808,0.191296,7.21,-15.19,-15.89,-56
1787063266753,1073851,Thigh,walk,0.243024,1.364936,0.202032,-2.73,4.55,-6.16,-56
1787063266753,1073868,Thigh,walk,0.142496,1.438136,0.164944,-21.56,19.74,3.15,-56
1787063266753,1073885,Thigh,walk,-0.015128,1.34932,0.13176,-46.06,34.51,14.56,-56
1787063267116,1074064,Thigh,walk,0.350872,1.147288,0.09516,-98.42,22.54,21.14,-56
1787063267116,1074096,Thigh,walk,0.057584,1.033584,0.12932,-119.56,78.12,19.11,-56
1787063267116,1074113,Thigh,walk,-0.100528,0.89304,0.17324,-112.91,89.18,18.48,-56
1787063267116,1074130,Thigh,walk,-0.159088,0.841312,0.18544,-102.55,85.61,21.35,-56
1787063267116,1074147,Thigh,walk,-0.206424,0.795928,0.1952,-97.09,77.77,21.56,-56
1787063267116,1074177,Thigh,walk,-0.126392,0.847656,0.24156,-82.32,49.98,16.87,-56
1787063267116,1074194,Thigh,walk,-0.115168,0.834968,0.236192,-79.38,49.77,17.92,-56
1787063267116,1074211,Thigh,walk,-0.11956,0.760792,0.208376,-72.66,50.68,19.95,-56
1787063267116,1074228,Thigh,walk,-0.108336,0.715896,0.205936,-61.11,45.71,23.66,-56
1787063267116,1074245,Thigh,walk,-0.089792,0.701256,0.223992,-48.58,33.46,22.68,-56
1787063267475,1074425,Thigh,walk,-0.127368,1.139968,0.8296,58.94,0.7,-0.42,-56
1787063267475,1074457,Thigh,walk,-0.111752,1.19072,0.8784,9.66,35.21,2.03,-56
1787063267475,1074474,Thigh,walk,-0.129808,1.028216,0.81008,-10.85,49.28,4.55,-56
1787063267475,1074491,Thigh,walk,-0.118096,0.879864,0.70028,-8.26,49.63,5.88,-56
1787063267475,1074508,Thigh,walk,-0.115168,0.862784,0.652944,0.63,56.28,8.19,-56
1787063267475,1074539,Thigh,walk,-0.098088,0.820816,0.482632,-5.81,83.86,15.54,-56
1787063267475,1074555,Thigh,walk,-0.136152,0.920856,0.325008,33.46,65.17,0.84,-56
1787063267475,1074572,Thigh,walk,-0.264008,1.406904,0.223504,51.31,44.38,-7.35,-56
1787063267475,1074589,Thigh,walk,-0.319152,1.523536,0.239608,26.95,20.44,-6.37,-56
1787063267475,1074606,Thigh,walk,-0.251808,1.13216,0.393328,-1.82,21.07,3.01,-56
1787063267833,1074784,Thigh,walk,0.0122,0.928176,0.194224,39.62,11.62,4.69,-56
1787063267833,1074815,Thigh,walk,-0.066368,0.90768,0.205448,42,-5.18,7.21,-56
1787063267833,1074832,Thigh,walk,-0.077104,0.954528,0.191296,51.8,-25.62,8.47,-56
1787063267833,1074849,Thigh,walk,-0.072712,0.989664,0.182512,51.38,-37.52,7.35,-56
1787063267833,1074866,Thigh,walk,-0.050752,1.00772,0.176656,49.56,-40.32,7,-56
1787063267833,1074897,Thigh,walk,0.001464,0.963312,0.108824,40.81,-49,4.62,-56
1787063267833,1074914,Thigh,walk,0.053192,0.960384,0.109312,40.88,-51.1,1.12,-56
1787063267833,1074931,Thigh,walk,0.099552,0.985272,0.12688,41.23,-51.73,-0.56,-56
1787063267833,1074947,Thigh,walk,0.112728,0.990152,0.145912,40.04,-46.06,-2.45,-56
1787063267833,1074964,Thigh,walk,0.094672,0.976488,0.136152,40.81,-35.91,-2.45,-56
1787063268207,1075142,Thigh,walk,-0.023424,1.049688,0.220088,30.87,-17.92,-3.78,-60
1787063268207,1075173,Thigh,walk,0.044408,1.00284,0.198128,21.98,-23.59,3.08,-60
1787063268207,1075190,Thigh,walk,0.054656,1.009672,0.162504,20.37,-30.24,4.2,-60
1787063268207,1075207,Thigh,walk,0.067344,1.008208,0.12932,18.62,-32.2,4.41,-60
1787063268207,1075224,Thigh,walk,0.044896,0.989176,0.042456,15.96,-33.04,3.71,-60
1787063268207,1075255,Thigh,walk,0.022936,0.99064,-0.007808,16.8,-30.03,-6.16,-60
1787063268207,1075272,Thigh,walk,0.061976,1.014552,0.002928,16.73,-28.28,-8.54,-60
1787063268207,1075289,Thigh,walk,0.088328,1.002352,0.028792,19.6,-22.96,-11.48,-60
1787063268207,1075305,Thigh,walk,0.069784,1.010648,0.02928,24.71,-17.22,-15.33,-60
1787063268207,1075335,Thigh,walk,0.075152,1.083848,0.097112,32.62,-10.64,-21.42,-60
1787063268567,1075514,Thigh,walk,-0.470432,1.274656,-0.02928,-119.84,-70.35,-26.25,-60
1787063268567,1075545,Thigh,walk,0.030256,1.406904,-0.206912,-120.61,-85.68,-3.78,-60
1787063268567,1075562,Thigh,walk,0.294752,1.149728,-0.13176,-111.44,-41.16,12.81,-60
1787063268567,1075579,Thigh,walk,0.362096,1.050176,-0.037576,-98.91,-2.38,19.6,-60
1787063268567,1075596,Thigh,walk,0.372832,1.079456,0.023912,-98.14,28.56,22.68,-60
1787063268567,1075627,Thigh,walk,0.061488,0.972096,0.128832,-126.28,71.26,19.74,-60
1787063268567,1075644,Thigh,walk,-0.015616,0.909144,0.157136,-118.16,89.32,16.66,-60
1787063268567,1075661,Thigh,walk,-0.131272,0.825696,0.168848,-111.09,91.91,15.54,-60
1787063268567,1075678,Thigh,walk,-0.17568,0.836432,0.13664,-99.54,82.11,17.22,-60
1787063268567,1075695,Thigh,walk,-0.162992,0.849608,0.167872,-96.88,65.45,19.18,-60
1787063268930,1075875,Thigh,walk,-0.03172,0.568032,0.394304,31.5,24.29,14.35,-60
1787063268930,1075906,Thigh,walk,-0.033184,0.68076,0.512888,57.4,30.1,3.22,-60
1787063268930,1075923,Thigh,walk,-0.085888,0.873032,0.642696,71.26,28.63,-2.52,-60
1787063268930,1075940,Thigh,walk,-0.205936,1.060912,0.783728,66.78,16.87,-2.03,-60
1787063268930,1075957,Thigh,walk,-0.225456,1.158512,0.83692,42.21,18.55,4.69,-60
1787063268930,1075988,Thigh,walk,-0.16836,1.018456,0.750544,11.83,33.25,9.94,-60
1787063268930,1076005,Thigh,walk,-0.096136,0.946232,0.604144,7.35,43.26,10.29,-60
1787063268930,1076022,Thigh,walk,-0.089304,0.960384,0.526552,-12.74,60.06,10.64,-60
1787063268930,1076039,Thigh,walk,-0.109312,0.970144,0.432856,-8.68,66.92,10.85,-60
1787063268930,1076056,Thigh,walk,-0.196664,1.011136,0.454816,-15.26,73.22,12.95,-60
1787063269289,1076235,Thigh,walk,0.24888,1.347856,0.094184,59.43,-17.22,8.68,-50
1787063269289,1076266,Thigh,walk,0.130784,0.987224,0.137616,51.94,14.77,11.06,-50
1787063269289,1076283,Thigh,walk,0.108824,1.018944,0.097112,40.95,26.53,7.07,-50
1787063269289,1076300,Thigh,walk,0.04148,0.948184,0.116632,31.5,34.51,9.38,-50
1787063269289,1076317,Thigh,walk,-0.084424,0.879864,0.176656,33.18,23.73,14.35,-50
1787063269289,1076348,Thigh,walk,-0.207888,0.972096,0.199104,47.46,-18.9,16.1,-50
1787063269289,1076365,Thigh,walk,-0.230824,1.022848,0.181048,43.54,-45.22,15.47,-50
1787063269289,1076382,Thigh,walk,-0.210816,0.998936,0.174704,42.28,-65.73,13.02,-50
1787063269289,1076399,Thigh,walk,-0.124928,0.95404,0.135176,42.14,-72.31,11.41,-50
1787063269289,1076416,Thigh,walk,0.002928,0.937448,0.100528,41.72,-79.87,6.79,-50
1787063269648,1076594,Thigh,walk,-0.11468,0.930616,0.138592,40.11,-33.53,-1.68,-50
1787063269648,1076625,Thigh,walk,-0.047336,0.972584,0.084424,39.13,-38.71,-3.78,-50
1787063269648,1076642,Thigh,walk,0.01708,0.962336,0.099064,35.7,-37.45,-4.62,-50
1787063269648,1076659,Thigh,walk,0.07808,0.964288,0.129808,34.93,-35.07,-5.11,-50
1787063269648,1076676,Thigh,walk,0.098576,0.992104,0.137128,32.27,-31.08,-4.62,-50
1787063269648,1076707,Thigh,walk,0.102968,1.008696,0.1098,24.92,-25.9,-0.91,-50
1787063269648,1076724,Thigh,walk,0.067344,1.003816,0.091744,22.82,-25.55,1.33,-50
1787063269648,1076741,Thigh,walk,0.048312,0.997472,0.08052,21.56,-28.07,1.05,-50
1787063269648,1076758,Thigh,walk,0.019032,0.975024,0.06588,19.81,-30.94,-0.84,-50
1787063269648,1076775,Thigh,walk,0.004392,0.969656,0.074176,20.72,-38.36,-6.51,-50
1787063270009,1076953,Thigh,walk,-0.632448,1.06628,0.199592,-108.08,4.41,-15.96,-50
1787063270009,1076984,Thigh,walk,-0.553392,1.156072,0.014152,-143.85,-59.5,-31.08,-50
1787063270009,1077001,Thigh,walk,-0.291824,1.32248,-0.127368,-138.81,-112.14,-34.09,-50
1787063270009,1077018,Thigh,walk,0.086376,1.475712,-0.185928,-112.56,-110.11,-21.35,-50
1787063270009,1077035,Thigh,walk,0.216184,1.435696,-0.122,-104.93,-60.2,-0.49,-50
1787063270009,1077066,Thigh,walk,0.416264,1.103856,0.03904,-105.21,10.92,17.71,-50
1787063270009,1077083,Thigh,walk,0.39528,1.013576,0.144936,-118.93,48.86,16.24,-50
1787063270009,1077100,Thigh,walk,0.21472,0.939888,0.174216,-120.19,59.99,5.25,-50
1787063270009,1077117,Thigh,walk,-0.071736,0.81008,0.211304,-109.13,70,0.98,-50
1787063270009,1077134,Thigh,walk,-0.233752,0.765184,0.22692,-95.27,71.19,-2.03,-50
1787063270369,1077313,Thigh,walk,-0.055144,0.567056,0.406016,27.37,-24.71,6.65,-54
1787063270369,1077344,Thigh,walk,-0.047336,0.662704,0.457256,44.17,-2.87,-6.58,-54
1787063270369,1077361,Thigh,walk,-0.062952,0.74176,0.571936,50.68,8.96,-14.21,-54
1787063270369,1077378,Thigh,walk,-0.166896,0.816424,0.732,55.86,7.77,-16.24,-54
1787063270369,1077395,Thigh,walk,-0.204472,0.99064,0.894016,59.92,-3.36,-10.36,-54
1787063270369,1077426,Thigh,walk,-0.22692,1.059936,0.891576,34.58,-8.61,0.77,-54
1787063270369,1077443,Thigh,walk,-0.155184,0.987712,0.7076,11.34,6.58,8.12,-54
1787063270369,1077460,Thigh,walk,-0.106384,0.933544,0.616832,3.08,33.95,11.06,-54
1787063270369,1077477,Thigh,walk,-0.020496,0.865712,0.52216,-2.03,50.82,11.2,-54
1787063270369,1077494,Thigh,walk,-0.006832,1.19316,0.507032,20.02,76.09,0.21,-54
1787063270728,1077671,Thigh,walk,0.222528,0.964288,0.093208,61.95,-8.12,14.84,-54
1787063270728,1077702,Thigh,walk,0.117608,0.995032,0.09272,53.69,14.35,6.51,-54
1787063270728,1077719,Thigh,walk,0.081008,0.994544,0.153232,42.28,23.94,5.25,-54
1787063270728,1077736,Thigh,walk,0.057096,1.010648,0.166408,35.35,24.15,7.42,-54
1787063270728,1077753,Thigh,walk,-0.022936,0.998448,0.181048,32.62,10.08,10.99,-54
1787063270728,1077784,Thigh,walk,-0.150304,0.95648,0.240096,43.26,-23.38,12.46,-54
1787063270728,1077801,Thigh,walk,-0.15616,0.964288,0.217648,46.06,-44.1,11.9,-54
1787063270728,1077818,Thigh,walk,-0.126392,0.988688,0.137128,48.58,-51.8,12.39,-54
1787063270728,1077835,Thigh,walk,-0.042944,0.990152,0.057584,43.47,-61.88,11.27,-54
1787063270728,1077852,Thigh,walk,0.060512,0.978928,0.039528,38.71,-64.26,6.02,-54
1787063271290,1078031,Thigh,walk,-0.071248,0.974048,0.172752,39.13,-63.84,-6.86,-54
1787063271290,1078061,Thigh,walk,0.043432,0.983808,0.190808,34.86,-62.23,-8.19,-54
1787063271290,1078078,Thigh,walk,0.121024,0.984784,0.2196,31.43,-57.4,-8.4,-54
1787063271290,1078095,Thigh,walk,0.150304,0.974048,0.2318,28.84,-49.77,-6.51,-54
1787063271290,1078112,Thigh,walk,0.179096,0.9638,0.225456,28.28,-45.43,-4.97,-54
1787063271290,1078143,Thigh,walk,0.140056,0.955016,0.15372,27.02,-34.3,-0.84,-54
1787063271290,1078160,Thigh,walk,0.10736,0.965752,0.128344,27.58,-35.84,-1.54,-54
1787063271290,1078177,Thigh,walk,0.074176,0.988688,0.086864,24.08,-37.94,-2.52,-54
1787063271290,1078194,Thigh,walk,0.033184,0.988688,0.096624,20.44,-41.44,-5.6,-54
1787063271290,1078211,Thigh,walk,0.019032,1.033584,0.130784,18.76,-44.73,-8.89,-54
1787063271449,1078388,Thigh,walk,-0.499224,1.069208,0.13664,-124.95,-52.78,-19.53,-52
1787063271449,1078419,Thigh,walk,-0.346968,1.106296,0.02684,-124.46,-100.24,-15.05,-52
1787063271449,1078436,Thigh,walk,-0.240096,1.247816,-0.088328,-109.13,-109.97,-10.64,-52
1787063271449,1078453,Thigh,walk,-0.062464,1.282464,-0.127368,-104.09,-104.58,-7.7,-52
1787063271449,1078470,Thigh,walk,0.152256,1.187792,-0.122,-97.51,-66.85,-5.25,-52
1787063271449,1078501,Thigh,walk,0.327936,1.060912,0.0854,-90.79,6.72,2.03,-52
1787063271449,1078518,Thigh,walk,0.230824,0.986248,0.194712,-96.18,18.55,0.21,-52
1787063271449,1078535,Thigh,walk,0.04148,0.858392,0.274256,-90.86,28.63,-5.39,-52
1787063271449,1078552,Thigh,walk,-0.12688,0.77348,0.249856,-78.12,37.87,-10.43,-52
1787063271449,1078569,Thigh,walk,-0.203496,0.746152,0.189832,-69.16,38.64,-13.44,-52
1787063271906,1078750,Thigh,walk,-0.089792,0.599752,0.408456,62.72,-41.09,-17.57,-52
1787063271906,1078780,Thigh,walk,-0.117608,0.792512,0.464576,82.11,-29.47,-25.97,-52
1787063271906,1078798,Thigh,walk,-0.12932,0.991128,0.574376,81.55,-19.6,-23.8,-52
1787063271906,1078814,Thigh,walk,-0.132248,1.092144,0.706624,62.72,-10.5,-14.63,-52
1787063271906,1078831,Thigh,walk,-0.147864,1.214144,0.77348,48.37,-8.47,-9.1,-52
1787063271906,1078862,Thigh,walk,-0.189344,0.947208,0.879376,2.8,-27.09,2.8,-52
1787063271906,1078879,Thigh,walk,-0.20008,0.88572,0.842776,7.77,-36.33,1.96,-52
1787063271906,1078896,Thigh,walk,-0.20984,0.882304,0.724192,17.08,-44.94,-0.98,-52
1787063271906,1078913,Thigh,walk,-0.1952,0.95404,0.556808,11.2,-24.5,-5.18,-52
1787063271906,1078930,Thigh,walk,-0.18056,1.024312,0.3538,-10.71,9.87,-5.39,-52
1787063272173,1079109,Thigh,walk,0.087352,1.107272,0.122976,100.38,-84.7,10.92,-45
1787063272173,1079139,Thigh,walk,0.279624,1.308328,0.028304,63,-61.67,13.09,-45
1787063272173,1079156,Thigh,walk,0.330864,0.957456,0.076128,50.19,-32.55,11.06,-45
1787063272173,1079173,Thigh,walk,0.300608,0.933544,0.108824,47.74,-1.26,0.56,-45
1787063272173,1079192,Thigh,walk,0.179584,1.00772,0.115168,40.25,10.99,2.8,-45
1787063272173,1079222,Thigh,walk,-0.116144,0.904264,0.21228,27.51,-0.91,8.89,-45
1787063272173,1079239,Thigh,walk,-0.16104,0.904264,0.22936,32.62,-30.66,10.01,-45
1787063272173,1079256,Thigh,walk,-0.188856,0.970144,0.223992,40.67,-44.38,10.57,-45
1787063272173,1079274,Thigh,walk,-0.165432,0.992592,0.169336,42,-69.44,11.69,-45
1787063272173,1079291,Thigh,walk,-0.112728,0.966728,0.076128,44.1,-88.69,10.36,-45
1787063272724,1079468,Thigh,walk,-0.096136,0.969656,0.146888,43.12,-62.23,-6.58,-45
1787063272724,1079499,Thigh,walk,-0.071736,0.972096,0.110288,43.75,-77.63,-7,-45
1787063272724,1079516,Thigh,walk,-0.04392,0.998448,0.096624,40.88,-80.71,-7.35,-45
1787063272724,1079533,Thigh,walk,0.01708,0.999912,0.099552,38.08,-79.1,-8.26,-45
1787063272724,1079549,Thigh,walk,0.07564,0.992592,0.135176,34.58,-76.09,-8.75,-45
1787063272724,1079580,Thigh,walk,0.143472,1.01748,0.20008,25.55,-59.5,-8.75,-45
1787063272724,1079597,Thigh,walk,0.154696,1.025776,0.221552,22.54,-55.09,-7.91,-45
1787063272724,1079614,Thigh,walk,0.131272,1.004304,0.199592,17.29,-49.84,-4.69,-45
1787063272724,1079631,Thigh,walk,0.09028,0.972096,0.138592,17.57,-51.1,-1.4,-45
1787063272724,1079662,Thigh,walk,0.074176,0.993568,0.05368,18.41,-53.34,-2.87,-45
1787063272906,1079840,Thigh,walk,-0.426512,0.88572,0.185928,-91.35,-47.32,-4.13,-54
1787063272906,1079871,Thigh,walk,-0.5368,0.885232,0.112728,-119.35,-52.64,-36.33,-54
1787063272906,1079888,Thigh,walk,-0.55144,1.080432,0.050752,-131.25,-78.12,-44.59,-54
1787063272906,1079905,Thigh,walk,-0.396744,1.325896,-0.022448,-124.25,-124.95,-34.51,-54
1787063272906,1079922,Thigh,walk,-0.27816,1.365424,-0.217648,-109.62,-140.98,-16.94,-54
1787063272906,1079952,Thigh,walk,0.284016,1.016016,-0.162016,-89.46,-87.08,0.14,-54
1787063272906,1079969,Thigh,walk,0.371368,1.01992,-0.03172,-83.86,-44.52,8.54,-54
1787063272906,1079986,Thigh,walk,0.450912,1.084824,0.038552,-89.25,-18.41,10.57,-54
1787063272906,1080004,Thigh,walk,0.32208,1.012112,0.154208,-102.69,25.76,9.03,-54
1787063272906,1080021,Thigh,walk,0.10004,0.859856,0.252296,-103.67,42.35,3.5,-54
1787063273341,1080203,Thigh,walk,-0.107848,0.587064,0.371368,19.39,-33.11,5.6,-54
1787063273341,1080234,Thigh,walk,-0.084912,0.645624,0.404552,40.74,-23.59,-6.72,-54
1787063273341,1080251,Thigh,walk,-0.110776,0.682224,0.406504,43.26,-19.6,-9.52,-54
1787063273341,1080268,Thigh,walk,-0.12444,0.737856,0.433832,50.68,-14.28,-11.97,-54
1787063273341,1080285,Thigh,walk,-0.110288,0.831552,0.499224,56.7,-10.15,-11.76,-54
1787063273341,1080315,Thigh,walk,-0.055632,0.998448,0.671,48.58,-3.99,-7.21,-54
1787063273341,1080332,Thigh,walk,-0.05124,1.078968,0.793976,33.18,-2.31,-0.77,-54
1787063273341,1080349,Thigh,walk,-0.073688,1.077016,0.86132,16.87,-1.26,5.25,-54
1787063273341,1080366,Thigh,walk,-0.101992,1.031632,0.870592,10.22,-5.53,4.27,-54
1787063273341,1080383,Thigh,walk,-0.19032,0.9394,0.835944,10.64,-8.05,2.17,-54
1787063273625,1080561,Thigh,walk,-0.22204,0.543632,-0.0732,49.07,-10.64,14.84,-61
1787063273625,1080592,Thigh,walk,-0.174704,0.738832,-0.008296,87.36,-68.6,25.34,-61
1787063273625,1080609,Thigh,walk,0.024888,1.07604,0.026352,91.77,-76.3,17.5,-61
1787063273625,1080626,Thigh,walk,0.167384,1.242936,0.0366,70.91,-56.35,12.67,-61
1787063273625,1080643,Thigh,walk,0.20252,1.072136,0.074176,52.08,-30.17,7.63,-61
1787063273625,1080674,Thigh,walk,0.152744,1.000888,0.100528,43.68,-8.26,-0.98,-61
1787063273625,1080691,Thigh,walk,0.073688,0.979904,0.141032,31.78,-3.29,2.73,-61
1787063273625,1080707,Thigh,walk,0.022936,0.94184,0.209352,31.57,-18.55,8.89,-61
1787063273625,1080724,Thigh,walk,-0.079544,0.896456,0.22204,34.51,-28.84,10.99,-61
1787063273625,1080741,Thigh,walk,-0.111264,0.947208,0.211304,42.35,-50.05,11.97,-61
1787063274256,1080920,Thigh,walk,-0.034648,0.975512,0.2196,38.43,-13.02,-0.91,-61
1787063274256,1080951,Thigh,walk,-0.151768,0.97356,0.221552,35.14,-34.86,-0.98,-61
1787063274256,1080968,Thigh,walk,-0.170312,0.963312,0.19276,33.95,-50.61,-1.12,-61
1787063274256,1080985,Thigh,walk,-0.113704,0.95892,0.137128,32.13,-58.59,-1.68,-61
1787063274256,1081002,Thigh,walk,-0.037576,0.936472,0.08784,30.03,-59.36,-4.2,-61
1787063274256,1081033,Thigh,walk,0.083448,0.92476,0.098088,35.14,-57.96,-8.33,-61
1787063274256,1081050,Thigh,walk,0.14152,0.928664,0.11224,39.97,-50.96,-8.89,-61
1787063274256,1081067,Thigh,walk,0.154696,0.937936,0.115168,42.91,-39.83,-7.28,-61
1787063274256,1081083,Thigh,walk,0.1586,0.989176,0.11224,43.54,-34.51,-6.02,-61
1787063274256,1081100,Thigh,walk,0.147864,1.0614,0.085888,38.5,-26.6,-3.22,-61
1787063274363,1081278,Thigh,walk,-0.049776,1.230248,0.148352,-81.55,-16.1,26.04,-61
1787063274363,1081309,Thigh,walk,-0.476288,0.957456,0.121024,-105.7,1.33,6.93,-61
1787063274363,1081326,Thigh,walk,-0.616344,0.970632,0.089304,-127.33,-2.1,-18.27,-61
1787063274363,1081343,Thigh,walk,-0.645136,1.16388,0.040016,-143.5,-48.02,-38.57,-61
1787063274363,1081360,Thigh,walk,-0.581208,1.319064,-0.007808,-146.09,-120.05,-47.25,-61
1787063274363,1081391,Thigh,walk,-0.034648,1.25172,-0.207888,-111.58,-133.21,-19.88,-61
1787063274363,1081408,Thigh,walk,0.094672,1.111176,-0.18788,-87.64,-94.43,-6.09,-61
1787063274363,1081425,Thigh,walk,0.365024,1.126304,-0.159576,-84.63,-70.14,1.68,-61
1787063274363,1081443,Thigh,walk,0.432856,1.157536,0.003904,-96.25,-25.27,13.16,-61
1787063274363,1081459,Thigh,walk,0.33672,1.038464,0.096624,-114.24,15.19,13.44,-61
1787063274773,1081639,Thigh,walk,-0.137128,0.553392,0.289872,6.93,-30.94,-0.7,-67
1787063274773,1081670,Thigh,walk,-0.098576,0.550464,0.365024,38.36,-52.71,-4.41,-67
1787063274773,1081687,Thigh,walk,-0.07564,0.60512,0.406504,55.51,-52.57,-10.85,-67
1787063274773,1081704,Thigh,walk,-0.074664,0.696376,0.46604,69.44,-44.52,-20.65,-67
1787063274773,1081721,Thigh,walk,-0.074664,0.85888,0.559736,75.81,-29.05,-26.04,-67
1787063274773,1081752,Thigh,walk,-0.138104,1.187792,0.801784,54.39,-6.3,-21.35,-67
1787063274773,1081769,Thigh,walk,-0.225456,1.248792,0.91256,15.4,-0.56,-13.16,-67
1787063274773,1081786,Thigh,walk,-0.260592,1.146312,0.912072,-15.96,-10.64,1.19,-67
1787063274773,1081803,Thigh,walk,-0.285968,0.822768,0.869616,-13.44,-21.14,5.25,-67
1787063274773,1081820,Thigh,walk,-0.30744,0.763232,0.769576,9.94,-40.95,8.26,-67
1787063275072,1081998,Thigh,walk,-0.516792,0.397232,-0.167384,70.28,-55.86,32.9,-62
1787063275072,1082029,Thigh,walk,-0.094184,1.042856,0.109312,108.01,-107.24,22.61,-62
1787063275072,1082047,Thigh,walk,0.191784,1.445456,0.042944,93.94,-101.92,12.81,-62
1787063275072,1082064,Thigh,walk,0.321592,1.204384,0.075152,52.99,-69.44,12.39,-62
1787063275072,1082082,Thigh,walk,0.303536,0.882304,0.152256,54.39,-34.09,6.51,-62
1787063275072,1082099,Thigh,walk,0.25864,0.894016,0.115168,52.78,-8.82,0.84,-62
1787063275072,1082130,Thigh,walk,0.045384,0.94184,0.107848,44.94,4.9,4.62,-62
1787063275072,1082147,Thigh,walk,-0.022936,0.965752,0.168848,45.99,-13.44,6.09,-62
1787063275072,1082164,Thigh,walk,-0.123952,0.982832,0.187392,46.55,-39.27,6.72,-62
1787063275072,1082181,Thigh,walk,-0.186904,0.958432,0.18788,49.21,-54.11,6.3,-62
1787063275590,1082360,Thigh,walk,0.065392,0.987224,0.137128,47.11,-57.82,0.42,-62
1787063275590,1082392,Thigh,walk,-0.068808,1.025288,0.150792,39.62,-69.3,2.31,-62
1787063275590,1082409,Thigh,walk,-0.09028,1.016504,0.140056,36.05,-69.93,2.31,-62
1787063275590,1082426,Thigh,walk,-0.052704,0.991616,0.123952,32.27,-73.5,0.49,-62
1787063275590,1082443,Thigh,walk,0.019032,1.014552,0.110288,27.44,-71.82,-2.38,-62
1787063275590,1082474,Thigh,walk,0.087352,1.000888,0.124928,18.48,-60.76,-3.71,-62
1787063275590,1082491,Thigh,walk,0.116632,0.981856,0.110288,16.87,-53.97,-1.96,-62
1787063275590,1082508,Thigh,walk,0.128832,0.986736,0.098088,18.34,-47.81,-0.84,-62
1787063275590,1082525,Thigh,walk,0.1342,0.99796,0.0732,19.53,-43.12,-2.87,-62
1787063275590,1082542,Thigh,walk,0.118096,0.944768,0.060512,21.56,-41.51,-3.92,-62
1787063275867,1082719,Thigh,walk,0.257664,1.391288,0.218136,-8.75,-47.88,0.7,-62
1787063275867,1082750,Thigh,walk,0.193736,1.470344,0.161528,-49.14,-19.25,26.53,-62
1787063275867,1082767,Thigh,walk,-0.041968,1.314184,0.101016,-81.06,-12.18,30.31,-62
1787063275867,1082784,Thigh,walk,-0.379176,1.022848,0.089792,-100.73,-5.74,24.85,-62
1787063275867,1082801,Thigh,walk,-0.60756,0.921344,0.052216,-112.77,-4.41,1.4,-62
1787063275867,1082832,Thigh,walk,-0.685152,1.28344,0.045872,-134.26,-59.15,-41.23,-62
1787063275867,1082849,Thigh,walk,-0.492392,1.524024,-0.081984,-153.72,-121.94,-48.02,-62
1787063275867,1082866,Thigh,walk,-0.21472,1.33468,-0.244976,-133.56,-145.18,-30.1,-62
1787063275867,1082944,Thigh,walk,0.315736,1.063352,0.09028,-115.5,2.17,7.35,-62
1787063275867,1082975,Thigh,walk,0.083936,0.743224,0.190808,-123.55,45.29,-4.55,-62
1787063276227,1083156,Thigh,walk,-0.07076,0.52948,0.393328,14.49,-33.18,9.03,-62
1787063276227,1083187,Thigh,walk,-0.046848,0.559248,0.384056,44.52,-17.57,2.73,-62
1787063276227,1083204,Thigh,walk,-0.088328,0.580232,0.367952,49.07,-13.37,0.07,-62
1787063276227,1083221,Thigh,walk,-0.128832,0.628056,0.372832,59.99,-9.8,-6.3,-62
1787063276227,1083238,Thigh,walk,-0.121024,0.747616,0.442128,73.15,-9.94,-11.13,-62
1787063276227,1083269,Thigh,walk,-0.06588,1.088728,0.726144,72.59,-5.04,-7.56,-62
1787063276227,1083286,Thigh,walk,-0.059048,1.287344,0.90036,44.94,5.46,2.24,-62
1787063276227,1083303,Thigh,walk,-0.124928,1.198528,0.922808,7.7,11.06,10.71,-62
1787063276227,1083320,Thigh,walk,-0.138104,1.048224,0.914512,-3.5,5.95,10.92,-62
1787063276227,1083337,Thigh,walk,-0.16592,0.853024,0.846192,2.73,3.78,9.1,-62
1787063276599,1083514,Thigh,walk,-0.40504,0.27572,-0.226432,31.78,-24.01,19.39,-62
1787063276599,1083545,Thigh,walk,-0.18544,0.496784,-0.134688,103.11,-97.51,20.93,-62
1787063276599,1083562,Thigh,walk,0.150304,1.098976,-0.024888,112.14,-90.79,13.23,-62
1787063276599,1083579,Thigh,walk,0.304512,1.562088,-0.016104,80.5,-63.28,0.49,-62
1787063276599,1083596,Thigh,walk,0.318176,1.240984,0.089304,36.96,-40.74,-1.54,-62
1787063276599,1083627,Thigh,walk,0.212768,0.951112,0.16104,36.68,-4.55,0.07,-62
1787063276599,1083644,Thigh,walk,0.07808,0.884744,0.161528,31.99,4.06,3.99,-62
1787063276599,1083661,Thigh,walk,0.003904,0.844728,0.169824,42.35,-6.93,7.7,-62
1787063276599,1083678,Thigh,walk,-0.110288,0.8906,0.16836,49.35,-14.28,10.92,-62
1787063276599,1083695,Thigh,walk,-0.126392,1.042856,0.134688,49.28,-31.99,10.5,-62
1787063276953,1083873,Thigh,walk,-0.002928,0.955016,0.149328,43.82,-10.22,-5.39,-62
1787063276953,1083904,Thigh,walk,-0.116632,0.947696,0.138592,48.86,-24.99,-5.46,-62
1787063276953,1083921,Thigh,walk,-0.130296,0.969168,0.125416,50.26,-36.47,-6.93,-62
1787063276953,1083938,Thigh,walk,-0.098576,0.988688,0.132248,47.95,-44.1,-8.47,-62
1787063276953,1083955,Thigh,walk,-0.050752,1.001376,0.14396,42.77,-50.33,-9.59,-62
1787063276953,1083986,Thigh,walk,0.051728,0.998936,0.204472,34.37,-50.82,-9.38,-62
1787063276953,1084003,Thigh,walk,0.128832,1.006744,0.23912,28.42,-44.03,-9.8,-62
1787063276953,1084020,Thigh,walk,0.159576,1.017968,0.201056,21.63,-39.9,-8.82,-62
1787063276953,1084037,Thigh,walk,0.183976,1.041392,0.152256,17.43,-39.13,-7.21,-62
1787063276953,1084054,Thigh,walk,0.144936,1.026264,0.074664,10.92,-37.52,-3.36,-62
1787063277325,1084233,Thigh,walk,-0.592432,0.94916,0.11224,-100.1,-12.18,-9.52,-66
1787063277325,1084264,Thigh,walk,-0.657824,0.986248,0.077104,-130.69,-56.49,-31.36,-66
1787063277325,1084281,Thigh,walk,-0.572912,1.10044,0.038064,-128.03,-112.56,-27.86,-66
1787063277325,1084298,Thigh,walk,-0.272304,1.332728,-0.079544,-108.43,-151.55,-16.03,-66
1787063277325,1084315,Thigh,walk,-0.0122,1.353712,-0.21228,-99.61,-128.24,-5.25,-66
1787063277325,1084346,Thigh,walk,0.278648,1.054568,-0.130296,-94.64,-61.25,8.47,-66
1787063277325,1084363,Thigh,walk,0.36356,1.055544,0.01464,-97.02,-24.43,15.33,-66
1787063277325,1084380,Thigh,walk,0.332816,0.905728,0.144936,-107.31,9.24,13.37,-66
1787063277325,1084397,Thigh,walk,0.176168,0.9028,0.204472,-110.04,18.06,3.78,-66
1787063277325,1084414,Thigh,walk,0.023424,0.746152,0.29768,-103.81,33.46,-1.33,-66
1787063277668,1084594,Thigh,walk,-0.04636,0.635376,0.399184,33.39,-24.92,13.44,-66
1787063277668,1084625,Thigh,walk,-0.06832,0.659288,0.44408,45.29,-7.21,4.13,-66
1787063277668,1084642,Thigh,walk,-0.100528,0.708576,0.4636,49.21,-2.94,0.56,-66
1787063277668,1084659,Thigh,walk,-0.118584,0.833016,0.50996,57.26,0,-4.13,-66
1787063277668,1084676,Thigh,walk,-0.153232,0.947208,0.58316,57.54,-3.22,-4.62,-66
1787063277668,1084707,Thigh,walk,-0.115168,1.035048,0.68808,38.64,3.64,-2.94,-66
1787063277668,1084724,Thigh,walk,-0.07808,1.014064,0.649528,24.01,19.39,0.14,-66
1787063277668,1084741,Thigh,walk,-0.06344,1.013576,0.598288,19.74,25.76,6.09,-66
1787063277668,1084758,Thigh,walk,-0.064904,1.021872,0.589016,11.41,26.67,9.66,-66
1787063277668,1084775,Thigh,walk,-0.090768,0.98332,0.55632,6.79,26.11,9.8,-66
1787063278457,1084951,Thigh,walk,-0.2684,0.672464,0.135664,-37.59,58.31,-1.26,-66
1787063278457,1084982,Thigh,walk,-0.456768,0.237168,-0.122976,48.02,-36.26,22.75,-66
1787063278457,1084999,Thigh,walk,-0.31964,0.51484,-0.09516,83.37,-77.07,24.78,-66
1787063278457,1085016,Thigh,walk,-0.045384,0.981368,0.036112,95.34,-82.81,16.59,-66
1787063278457,1085033,Thigh,walk,0.080032,1.433744,0.01952,84.63,-75.11,7.84,-66
1787063278457,1085064,Thigh,walk,0.371368,1.001376,0.121024,46.34,-43.96,8.54,-66
1787063278457,1085081,Thigh,walk,0.34404,1.008696,0.150792,50.61,-2.73,1.19,-66
1787063278457,1085098,Thigh,walk,0.29036,1.056032,0.125904,45.01,30.45,0.7,-66
1787063278457,1085115,Thigh,walk,0.142496,1.024312,0.066368,30.8,36.89,2.73,-66
1787063278457,1085132,Thigh,walk,0.027816,0.95404,0.118096,24.92,29.05,8.33,-66
1787063278561,1085308,Thigh,walk,0.176168,0.975512,0.17324,37.73,-22.68,-3.15,-71
1787063278561,1085339,Thigh,walk,0.096136,0.989664,0.187392,35.49,-8.12,-1.68,-71
1787063278561,1085356,Thigh,walk,0.013176,0.969168,0.18788,33.46,-12.32,-0.84,-71
1787063278561,1085373,Thigh,walk,-0.02684,0.952576,0.173728,37.1,-22.19,-0.84,-71
1787063278561,1085390,Thigh,walk,-0.08052,0.949648,0.164456,39.76,-26.95,-1.47,-71
1787063278561,1085421,Thigh,walk,-0.084424,0.938912,0.098576,41.09,-44.94,-3.64,-71
1787063278561,1085438,Thigh,walk,-0.02684,0.930616,0.09028,41.93,-46.69,-6.16,-71
1787063278561,1085455,Thigh,walk,0.053192,0.960872,0.081008,42.98,-46.41,-8.12,-71
1787063278561,1085472,Thigh,walk,0.117608,0.965752,0.098576,40.18,-41.86,-10.5,-71
1787063278561,1085489,Thigh,walk,0.160064,0.96868,0.112728,40.6,-33.53,-10.29,-71
1787063278753,1085666,Thigh,walk,0.28304,1.345904,0.19764,-8.05,-33.46,-9.87,-69
1787063278753,1085697,Thigh,walk,0.218136,1.469368,0.160064,-34.93,-0.91,6.3,-69
1787063278753,1085714,Thigh,walk,0.07564,1.283928,0.207888,-62.37,7.21,17.15,-69
1787063278753,1085731,Thigh,walk,-0.253272,1.153144,0.233264,-70.07,6.58,16.52,-69
1787063278753,1085748,Thigh,walk,-0.470432,0.959408,0.244976,-77.56,0.7,8.19,-69
1787063278753,1085779,Thigh,walk,-0.540704,0.96624,0.213256,-98.7,-40.46,-34.93,-69
1787063278753,1085796,Thigh,walk,-0.389424,1.13704,0.121512,-114.1,-54.11,-35.98,-69
1787063278753,1085813,Thigh,walk,-0.157136,1.191208,-0.028304,-122.85,-74.76,-24.01,-69
1787063278753,1085831,Thigh,walk,0.091744,1.119472,-0.171776,-104.37,-71.89,-2.94,-69
1787063278753,1085848,Thigh,walk,0.240584,1.084824,-0.18788,-90.79,-50.19,5.18,-69
