pc_timestamp,arduino_ms,node_position,activity,ax,ay,az,gx,gy,gz,rssi
1786635679554,1428805,Thigh,stand,-0.02928,-1.001376,0.08296,0.98,-2.1,-0.35,-58
1786635679554,1428822,Thigh,stand,-0.031232,-1.000888,0.083936,1.33,-2.17,-0.35,-58
1786635679554,1428853,Thigh,stand,-0.032208,-0.999912,0.086376,1.19,-2.73,-0.21,-58
1786635679554,1428870,Thigh,stand,-0.033672,-1.0004,0.083936,1.26,-2.8,-0.14,-58
1786635679554,1428887,Thigh,stand,-0.032208,-0.999424,0.084424,1.19,-2.8,-0.21,-58
1786635679554,1428904,Thigh,stand,-0.031232,-1.000888,0.086864,1.19,-2.8,-0.21,-58
1786635679554,1428921,Thigh,stand,-0.03172,-0.999424,0.085888,1.4,-2.66,-0.21,-58
1786635679554,1428952,Thigh,stand,-0.028304,-0.998448,0.086376,1.12,-2.66,-0.21,-58
1786635679554,1428970,Thigh,stand,-0.028304,-1.001376,0.081496,0.91,-2.59,-0.21,-58
1786635679554,1428987,Thigh,stand,-0.029768,-1.001864,0.084912,1.19,-2.38,-0.28,-58
1786635679925,1429164,Thigh,stand,-0.032208,-1.000888,0.084424,1.19,-2.38,-0.28,-58
1786635679925,1429195,Thigh,stand,-0.030256,-1.0004,0.081984,1.26,-2.66,-0.28,-58
1786635679925,1429212,Thigh,stand,-0.027328,-1.001376,0.082472,1.26,-2.59,-0.28,-58
1786635679925,1429229,Thigh,stand,-0.027328,-1.002352,0.082472,1.12,-2.52,-0.35,-58
1786635679925,1429246,Thigh,stand,-0.028304,-0.999424,0.079544,1.19,-2.45,-0.35,-58
1786635679925,1429277,Thigh,stand,-0.027816,-1.0004,0.081984,1.26,-2.59,-0.35,-58
1786635679925,1429294,Thigh,stand,-0.027816,-1.002352,0.084424,1.19,-2.52,-0.42,-58
1786635679925,1429311,Thigh,stand,-0.027328,-1.0004,0.081984,1.19,-2.38,-0.35,-58
1786635679925,1429328,Thigh,stand,-0.02684,-1.000888,0.083936,1.26,-2.38,-0.49,-58
1786635679925,1429345,Thigh,stand,-0.029768,-1.0004,0.084424,1.26,-2.31,-0.49,-58
1786635680273,1429523,Thigh,stand,-0.027816,-1.001376,0.086376,1.12,-2.38,-0.21,-58
1786635680273,1429554,Thigh,stand,-0.027328,-1.001376,0.081984,1.33,-2.31,-0.21,-58
1786635680273,1429571,Thigh,stand,-0.028304,-1.001376,0.08052,1.33,-2.31,-0.21,-58
1786635680273,1429588,Thigh,stand,-0.027328,-0.999912,0.08296,1.47,-2.24,-0.28,-58
1786635680273,1429606,Thigh,stand,-0.02684,-0.999912,0.0854,1.26,-2.24,-0.28,-58
1786635680273,1429637,Thigh,stand,-0.027328,-1.000888,0.086376,1.26,-1.96,-0.21,-58
1786635680273,1429654,Thigh,stand,-0.027816,-0.999912,0.086376,1.26,-2.03,-0.21,-58
1786635680273,1429671,Thigh,stand,-0.029768,-0.999912,0.084912,1.26,-2.31,-0.07,-58
1786635680273,1429688,Thigh,stand,-0.028304,-1.001376,0.083936,1.33,-2.52,0.07,-58
1786635680273,1429705,Thigh,stand,-0.026352,-1.000888,0.083448,1.33,-2.45,0,-58
1786635680633,1429884,Thigh,stand,-0.027816,-1.001376,0.085888,1.33,-2.38,0.07,-59
1786635680633,1429915,Thigh,stand,-0.033672,-1.001864,0.088328,1.47,-2.73,0.28,-59
1786635680633,1429933,Thigh,stand,-0.032696,-1.001376,0.088328,1.47,-3.22,0.49,-59
1786635680633,1429949,Thigh,stand,-0.031232,-0.999424,0.085888,1.54,-3.29,0.42,-59
1786635680633,1429966,Thigh,stand,-0.029768,-1.0004,0.083936,1.19,-2.94,0.35,-59
1786635680633,1429997,Thigh,stand,-0.02684,-0.999424,0.084912,1.26,-3.15,0.28,-59
1786635680633,1430014,Thigh,stand,-0.028792,-1.001376,0.083936,1.26,-2.73,0.14,-59
1786635680633,1430031,Thigh,stand,-0.032208,-0.999424,0.084912,1.33,-2.59,0.21,-59
1786635680633,1430048,Thigh,stand,-0.032208,-0.999912,0.084424,1.33,-2.94,0.21,-59
1786635680633,1430065,Thigh,stand,-0.030744,-0.999912,0.0854,1.4,-3.29,0.35,-59
1786635680991,1430243,Thigh,stand,-0.033672,-0.999424,0.086376,1.47,-2.31,0.07,-59
1786635680991,1430273,Thigh,stand,-0.034648,-0.999424,0.086376,1.05,-2.66,0.07,-59
1786635680991,1430291,Thigh,stand,-0.035136,-0.999912,0.084424,1.12,-2.73,0,-59
1786635680991,1430307,Thigh,stand,-0.033184,-1.0004,0.0854,1.26,-2.94,0.07,-59
1786635680991,1430324,Thigh,stand,-0.031232,-1.001376,0.084912,1.33,-2.94,0.07,-59
1786635680991,1430355,Thigh,stand,-0.03172,-0.998448,0.086376,1.47,-2.45,-0.07,-59
1786635680991,1430372,Thigh,stand,-0.033184,-0.999424,0.086864,1.47,-2.59,-0.07,-59
1786635680991,1430389,Thigh,stand,-0.033672,-0.999912,0.087352,1.26,-2.73,0.07,-59
1786635680991,1430406,Thigh,stand,-0.033672,-0.999424,0.08784,1.12,-2.66,-0.07,-59
1786635680991,1430423,Thigh,stand,-0.033672,-1.000888,0.088816,1.05,-2.38,-0.07,-59
1786635681356,1430601,Thigh,stand,-0.03416,-0.999912,0.087352,1.33,-2.24,-0.14,-59
1786635681356,1430632,Thigh,stand,-0.03172,-0.999424,0.08296,1.47,-2.38,-0.14,-59
1786635681356,1430649,Thigh,stand,-0.032208,-1.000888,0.084424,1.26,-2.45,-0.14,-59
1786635681356,1430666,Thigh,stand,-0.032208,-0.999912,0.084424,1.26,-2.73,-0.28,-59
1786635681356,1430682,Thigh,stand,-0.030744,-1.0004,0.085888,1.26,-2.59,-0.35,-59
1786635681356,1430713,Thigh,stand,-0.03416,-0.999912,0.086376,1.12,-2.31,-0.42,-59
1786635681356,1430730,Thigh,stand,-0.033672,-0.998936,0.08784,1.19,-2.38,-0.49,-59
1786635681356,1430747,Thigh,stand,-0.033184,-0.998448,0.086376,1.12,-2.31,-0.49,-59
1786635681356,1430764,Thigh,stand,-0.03416,-0.998448,0.085888,1.12,-2.31,-0.42,-59
1786635681356,1430781,Thigh,stand,-0.034648,-0.999424,0.086376,1.4,-2.31,-0.49,-59
1786635681710,1430960,Thigh,stand,-0.030256,-0.998448,0.083448,1.26,-2.1,-0.49,-56
1786635681710,1430991,Thigh,stand,-0.028304,-1.000888,0.084912,1.26,-2.45,-0.49,-56
1786635681710,1431008,Thigh,stand,-0.03172,-0.999912,0.087352,1.12,-2.24,-0.49,-56
1786635681710,1431026,Thigh,stand,-0.033184,-0.999424,0.086864,1.05,-2.52,-0.42,-56
1786635681710,1431043,Thigh,stand,-0.030256,-1.0004,0.088816,1.12,-2.52,-0.35,-56
1786635681710,1431073,Thigh,stand,-0.03172,-1.0004,0.084912,1.12,-2.66,-0.35,-56
1786635681710,1431090,Thigh,stand,-0.02928,-0.999424,0.084424,1.26,-2.17,-0.42,-56
1786635681710,1431107,Thigh,stand,-0.030256,-1.0004,0.086376,1.26,-1.96,-0.42,-56
1786635681710,1431124,Thigh,stand,-0.031232,-0.998936,0.086376,1.19,-2.17,-0.42,-56
1786635681710,1431141,Thigh,stand,-0.03172,-1.000888,0.086376,1.12,-2.38,-0.42,-56
1786635682218,1431319,Thigh,stand,-0.029768,-1.000888,0.082472,0.98,-2.38,-0.42,-56
1786635682218,1431350,Thigh,stand,-0.025864,-0.999912,0.083936,1.19,-2.52,-0.49,-56
1786635682218,1431366,Thigh,stand,-0.025864,-1.0004,0.084424,1.12,-2.31,-0.49,-56
1786635682218,1431384,Thigh,stand,-0.028792,-1.001376,0.084424,1.05,-2.38,-0.56,-56
1786635682218,1431401,Thigh,stand,-0.030744,-0.998448,0.083936,1.12,-2.59,-0.49,-56
1786635682218,1431432,Thigh,stand,-0.02684,-1.0004,0.08296,1.19,-2.52,-0.42,-56
1786635682218,1431449,Thigh,stand,-0.028792,-0.999424,0.081008,0.98,-2.31,-0.42,-56
1786635682218,1431465,Thigh,stand,-0.028304,-1.001376,0.081008,1.19,-2.38,-0.35,-56
1786635682218,1431482,Thigh,stand,-0.025864,-1.0004,0.083936,1.33,-2.38,-0.35,-56
1786635682218,1431499,Thigh,stand,-0.028304,-1.001376,0.081984,1.05,-2.59,-0.28,-56
1786635682433,1431677,Thigh,stand,-0.027328,-1.0004,0.081496,1.12,-2.8,-0.21,-55
1786635682433,1431708,Thigh,stand,-0.027816,-1.001376,0.08296,1.33,-2.8,-0.21,-55
1786635682433,1431726,Thigh,stand,-0.027816,-1.0004,0.084424,1.26,-3.01,-0.21,-55
1786635682433,1431743,Thigh,stand,-0.025376,-1.001376,0.084424,1.33,-2.45,-0.14,-55
1786635682433,1431760,Thigh,stand,-0.025376,-0.999912,0.0854,1.26,-2.17,-0.14,-55
1786635682433,1431791,Thigh,stand,-0.029768,-1.000888,0.084424,1.26,-2.24,-0.21,-55
1786635682433,1431808,Thigh,stand,-0.027816,-0.998936,0.083448,1.12,-2.45,-0.21,-55
1786635682433,1431825,Thigh,stand,-0.028792,-1.0004,0.083448,1.05,-2.66,-0.21,-55
1786635682433,1431841,Thigh,stand,-0.027816,-0.999912,0.083936,0.98,-2.73,-0.21,-55
1786635682433,1431858,Thigh,stand,-0.028304,-1.0004,0.083448,1.12,-2.45,-0.21,-55
1786635682816,1432036,Thigh,stand,-0.025864,-1.001864,0.08052,1.4,-2.59,0,-55
1786635682816,1432067,Thigh,stand,-0.025864,-0.999912,0.081008,1.4,-2.45,0,-55
1786635682816,1432084,Thigh,stand,-0.02928,-0.999912,0.08296,1.4,-2.17,-0.07,-55
1786635682816,1432102,Thigh,stand,-0.029768,-1.000888,0.090768,1.54,-2.31,0,-55
1786635682816,1432119,Thigh,stand,-0.030256,-1.0004,0.09028,1.33,-2.45,0.14,-55
1786635682816,1432150,Thigh,stand,-0.029768,-1.000888,0.082472,1.4,-2.31,0.21,-55
1786635682816,1432167,Thigh,stand,-0.027816,-1.001376,0.0854,1.54,-2.31,0.07,-55
1786635682816,1432184,Thigh,stand,-0.02928,-0.998936,0.083448,1.4,-2.38,0.07,-55
1786635682816,1432201,Thigh,stand,-0.02684,-1.000888,0.083448,1.4,-2.45,0,-55
1786635682816,1432218,Thigh,stand,-0.027328,-1.001376,0.083936,1.33,-2.38,-0.07,-55
1786635683243,1432392,Thigh,stand,-0.031232,-0.998448,0.087352,1.33,-2.1,0,-55
1786635683243,1432423,Thigh,stand,-0.030256,-1.000888,0.084424,1.47,-2.8,0.14,-55
1786635683243,1432440,Thigh,stand,-0.029768,-0.998936,0.0854,1.54,-2.8,0.28,-55
1786635683243,1432457,Thigh,stand,-0.028304,-1.000888,0.086376,1.54,-2.73,0.21,-55
1786635683243,1432474,Thigh,stand,-0.02684,-1.0004,0.08296,1.4,-2.45,0.28,-55
1786635683243,1432505,Thigh,stand,-0.028792,-1.000888,0.086376,1.26,-2.24,0.14,-55
1786635683243,1432522,Thigh,stand,-0.032208,-0.999424,0.086376,1.47,-2.52,0.14,-55
1786635683243,1432539,Thigh,stand,-0.033184,-0.999424,0.084912,1.4,-2.73,0.21,-55
1786635683243,1432556,Thigh,stand,-0.030744,-0.999912,0.084424,1.54,-2.8,0.28,-55
1786635683243,1432573,Thigh,stand,-0.029768,-0.998936,0.084912,1.4,-2.59,0.21,-55
1786635683503,1432749,Thigh,stand,-0.034648,-0.999424,0.087352,1.47,-2.1,0.07,-55
1786635683503,1432780,Thigh,stand,-0.034648,-0.998448,0.088328,1.33,-2.94,0.28,-55
1786635683503,1432797,Thigh,stand,-0.033184,-0.999424,0.088328,1.19,-3.01,0.28,-55
1786635683503,1432814,Thigh,stand,-0.032696,-0.998448,0.088816,1.33,-2.66,0.14,-55
1786635683503,1432831,Thigh,stand,-0.033184,-1.001864,0.085888,1.33,-2.45,0,-55
1786635683503,1432862,Thigh,stand,-0.034648,-0.999424,0.089304,1.4,-1.68,-0.07,-55
1786635683503,1432879,Thigh,stand,-0.035624,-0.998936,0.088328,1.61,-2.17,0.07,-55
1786635683503,1432896,Thigh,stand,-0.033184,-0.999424,0.088328,1.26,-2.66,0.14,-55
1786635683503,1432913,Thigh,stand,-0.032696,-0.997472,0.088328,1.26,-2.66,0.07,-55
1786635683503,1432930,Thigh,stand,-0.034648,-1.001864,0.086376,1.12,-2.66,0,-55
1786635683863,1433107,Thigh,stand,-0.032208,-0.999912,0.086864,1.26,-2.45,-0.28,-53
1786635683863,1433138,Thigh,stand,-0.033672,-1.0004,0.088816,1.12,-2.59,-0.21,-53
1786635683863,1433155,Thigh,stand,-0.033672,-1.001376,0.088816,1.33,-2.73,-0.21,-53
1786635683863,1433172,Thigh,stand,-0.032696,-0.999424,0.088816,1.33,-2.66,-0.28,-53
1786635683863,1433189,Thigh,stand,-0.034648,-0.998936,0.085888,1.12,-2.59,-0.28,-53
1786635683863,1433220,Thigh,stand,-0.031232,-0.999424,0.085888,1.05,-2.45,-0.35,-53
1786635683863,1433237,Thigh,stand,-0.03172,-0.999912,0.087352,1.12,-2.52,-0.35,-53
1786635683863,1433254,Thigh,stand,-0.030744,-0.998936,0.087352,0.98,-2.31,-0.35,-53
1786635683863,1433271,Thigh,stand,-0.03172,-1.000888,0.086864,1.19,-2.24,-0.42,-53
1786635683863,1433288,Thigh,stand,-0.030744,-0.998936,0.088328,1.12,-2.66,-0.35,-53
1786635684224,1433466,Thigh,stand,-0.03172,-1.0004,0.086864,1.26,-2.17,-0.56,-53
1786635684224,1433497,Thigh,stand,-0.030744,-1.001864,0.0854,1.19,-2.38,-0.42,-53
1786635684224,1433514,Thigh,stand,-0.028304,-0.999424,0.083448,1.12,-2.31,-0.42,-53
1786635684224,1433531,Thigh,stand,-0.031232,-1.0004,0.083936,1.26,-2.17,-0.49,-53
1786635684224,1433548,Thigh,stand,-0.030744,-0.998936,0.084424,1.05,-2.73,-0.42,-53
1786635684224,1433579,Thigh,stand,-0.028304,-1.000888,0.083936,1.12,-2.31,-0.35,-53
1786635684224,1433596,Thigh,stand,-0.030256,-1.000888,0.085888,1.33,-2.03,-0.49,-53
1786635684224,1433613,Thigh,stand,-0.030744,-1.0004,0.085888,1.26,-2.03,-0.49,-53
1786635684224,1433630,Thigh,stand,-0.029768,-1.000888,0.083936,1.33,-2.24,-0.49,-53
1786635684224,1433647,Thigh,stand,-0.031232,-0.999424,0.085888,1.33,-2.1,-0.35,-53
1786635684675,1433826,Thigh,stand,-0.029768,-1.000888,0.0854,1.33,-2.38,-0.21,-53
1786635684675,1433856,Thigh,stand,-0.030256,-0.998936,0.084424,1.26,-2.8,-0.07,-53
1786635684675,1433873,Thigh,stand,-0.02928,-1.000888,0.08296,1.26,-2.38,-0.14,-53
1786635684675,1433890,Thigh,stand,-0.030256,-1.001864,0.084912,1.33,-2.38,-0.21,-53
1786635684675,1433907,Thigh,stand,-0.032208,-1.001864,0.084912,1.33,-2.52,-0.21,-53
1786635684675,1433938,Thigh,stand,-0.023912,-1.000888,0.079056,1.19,-2.1,-0.42,-53
1786635684675,1433955,Thigh,stand,-0.0244,-1.000888,0.080032,1.4,-2.1,-0.42,-53
1786635684675,1433972,Thigh,stand,-0.027328,-0.999912,0.085888,1.26,-2.17,-0.35,-53
1786635684675,1433989,Thigh,stand,-0.029768,-1.001376,0.086864,1.26,-2.31,-0.21,-53
1786635684675,1434006,Thigh,stand,-0.02684,-0.999424,0.085888,1.33,-2.59,-0.14,-53
1786635684944,1434184,Thigh,stand,-0.027328,-1.001376,0.086864,1.54,-2.31,-0.14,-53
1786635684944,1434214,Thigh,stand,-0.024888,-1.0004,0.083448,1.4,-2.1,-0.07,-53
1786635684944,1434231,Thigh,stand,-0.028304,-1.0004,0.084424,1.4,-2.38,-0.07,-53
1786635684944,1434248,Thigh,stand,-0.028304,-0.999424,0.084912,1.19,-2.52,-0.07,-53
1786635684944,1434266,Thigh,stand,-0.030256,-0.999912,0.0854,1.26,-2.52,-0.07,-53
1786635684944,1434297,Thigh,stand,-0.028792,-1.001864,0.087352,1.33,-3.01,0.14,-53
1786635684944,1434314,Thigh,stand,-0.026352,-1.001864,0.082472,1.33,-2.59,0,-53
1786635684944,1434331,Thigh,stand,-0.024888,-1.001864,0.081008,1.4,-2.31,0,-53
1786635684944,1434348,Thigh,stand,-0.024888,-0.999424,0.083448,1.47,-2.31,0.07,-53
1786635684944,1434365,Thigh,stand,-0.027328,-1.001376,0.081496,1.19,-2.45,0.14,-53
1786635685315,1434544,Thigh,stand,-0.03172,-0.999912,0.086376,1.4,-2.59,0.14,-55
1786635685315,1434575,Thigh,stand,-0.033184,-0.999424,0.089304,1.4,-2.38,0.14,-55
1786635685315,1434592,Thigh,stand,-0.032696,-1.000888,0.089792,1.54,-2.17,0.14,-55
1786635685315,1434608,Thigh,stand,-0.033184,-0.999912,0.088328,1.4,-2.17,0.14,-55
1786635685315,1434625,Thigh,stand,-0.033184,-1.000888,0.088816,1.47,-1.96,0.14,-55
1786635685315,1434656,Thigh,stand,-0.034648,-0.999424,0.088816,1.33,-2.17,-0.07,-55
1786635685315,1434673,Thigh,stand,-0.03904,-0.999912,0.088816,1.26,-2.59,0,-55
1786635685315,1434689,Thigh,stand,-0.036112,-1.0004,0.087352,1.19,-3.29,-0.07,-55
1786635685315,1434706,Thigh,stand,-0.033672,-0.998936,0.087352,1.33,-3.22,-0.14,-55
1786635685315,1434737,Thigh,stand,-0.028792,-1.000888,0.083448,1.19,-3.15,0,-55
1786635685672,1434914,Thigh,stand,-0.027328,-1.00284,0.08296,1.54,-2.03,0,-55
1786635685672,1434945,Thigh,stand,-0.030744,-1.001376,0.0854,1.61,-2.03,-0.14,-55
1786635685672,1434962,Thigh,stand,-0.02928,-0.999424,0.085888,1.4,-2.45,-0.07,-55
1786635685672,1434979,Thigh,stand,-0.02684,-1.000888,0.08296,1.54,-2.66,0,-55
1786635685672,1434995,Thigh,stand,-0.027328,-1.0004,0.083448,1.47,-2.03,-0.07,-55
1786635685672,1435026,Thigh,stand,-0.027816,-0.999912,0.086864,1.61,-2.59,0.07,-55
1786635685672,1435043,Thigh,stand,-0.028304,-1.0004,0.0854,1.54,-2.31,0.14,-55
1786635685672,1435060,Thigh,stand,-0.027328,-0.999912,0.084424,1.54,-2.38,0.14,-55
1786635685672,1435077,Thigh,stand,-0.02684,-1.001376,0.0854,1.4,-2.24,0.14,-55
1786635685672,1435094,Thigh,stand,-0.029768,-1.000888,0.087352,1.75,-2.31,0.14,-55
1786635686031,1435270,Thigh,stand,-0.038552,-0.998448,0.089304,1.61,-3.01,0.98,-55
1786635686031,1435301,Thigh,stand,-0.036112,-0.999424,0.093208,1.54,-3.22,0.77,-55
1786635686031,1435318,Thigh,stand,-0.034648,-1.0004,0.094184,1.54,-2.8,0.63,-55
1786635686031,1435335,Thigh,stand,-0.029768,-1.001376,0.089304,1.75,-2.66,0.49,-55
1786635686031,1435352,Thigh,stand,-0.03172,-0.999424,0.085888,1.61,-2.17,0.42,-55
1786635686031,1435382,Thigh,stand,-0.034648,-1.0004,0.09272,1.47,-2.38,0.14,-55
1786635686031,1435399,Thigh,stand,-0.038552,-1.0004,0.092232,1.47,-2.73,0.21,-55
1786635686031,1435416,Thigh,stand,-0.039528,-0.998936,0.097112,1.26,-3.01,0.14,-55
1786635686031,1435433,Thigh,stand,-0.04148,-0.998448,0.096136,1.33,-2.8,0.07,-55
1786635686031,1435450,Thigh,stand,-0.04392,-0.999912,0.09516,1.61,-2.52,0.14,-55
1786635686391,1435628,Thigh,stand,-0.030256,-0.99796,0.091744,1.19,-2.52,0.07,-55
1786635686391,1435659,Thigh,stand,-0.038552,-1.0004,0.093208,1.26,-1.96,-0.07,-55
1786635686391,1435676,Thigh,stand,-0.040992,-0.999912,0.089792,1.26,-2.31,-0.14,-55
1786635686391,1435694,Thigh,stand,-0.040016,-0.999912,0.088816,1.05,-2.59,-0.21,-55
1786635686391,1435712,Thigh,stand,-0.037088,-0.999424,0.088816,0.91,-2.8,-0.28,-55
1786635686391,1435729,Thigh,stand,-0.042456,-0.99796,0.093696,0.84,-2.38,-0.35,-55
1786635686391,1435759,Thigh,stand,-0.044408,-0.999424,0.096624,0.91,-2.87,-0.21,-55
1786635686391,1435776,Thigh,stand,-0.040016,-0.999912,0.0976,1.12,-2.87,-0.07,-55
1786635686391,1435793,Thigh,stand,-0.037576,-0.998448,0.089792,0.98,-2.66,-0.07,-55
1786635686391,1435810,Thigh,stand,-0.038064,-0.999424,0.088328,0.91,-2.73,-0.14,-55
1786635686755,1435989,Thigh,stand,-0.040016,-0.999912,0.089792,0.91,-2.31,-0.35,-55
1786635686755,1436020,Thigh,stand,-0.036112,-1.00284,0.088816,0.98,-2.52,-0.28,-55
1786635686755,1436037,Thigh,stand,-0.03416,-1.00284,0.08784,1.19,-2.73,-0.35,-55
1786635686755,1436055,Thigh,stand,-0.032696,-0.999912,0.084424,1.05,-2.73,-0.35,-55
1786635686755,1436072,Thigh,stand,-0.032208,-0.998448,0.08784,1.12,-2.59,-0.42,-55
1786635686755,1436103,Thigh,stand,-0.035136,-1.00284,0.089792,1.19,-2.45,-0.21,-55
1786635686755,1436119,Thigh,stand,-0.032696,-0.998936,0.088328,1.12,-2.45,-0.21,-55
1786635686755,1436136,Thigh,stand,-0.033184,-1.0004,0.082472,0.98,-2.31,-0.28,-55
1786635686755,1436153,Thigh,stand,-0.033672,-1.000888,0.081496,1.19,-2.17,-0.35,-55
1786635686755,1436170,Thigh,stand,-0.032696,-1.0004,0.084912,0.98,-2.52,-0.35,-55
1786635687112,1436348,Thigh,stand,-0.035624,-0.999424,0.084424,1.61,-2.66,0.07,-55
1786635687112,1436379,Thigh,stand,-0.030256,-0.998936,0.083936,1.26,-2.38,-0.14,-55
1786635687112,1436396,Thigh,stand,-0.032208,-1.0004,0.084912,1.12,-2.1,-0.21,-55
1786635687112,1436413,Thigh,stand,-0.034648,-0.999912,0.088816,1.33,-2.38,-0.21,-55
1786635687112,1436430,Thigh,stand,-0.03904,-1.001376,0.094184,1.47,-2.66,-0.28,-55
1786635687112,1436461,Thigh,stand,-0.03904,-0.999424,0.090768,1.47,-2.87,0.07,-55
1786635687112,1436478,Thigh,stand,-0.0366,-0.99796,0.090768,1.54,-2.73,0.14,-55
1786635687112,1436495,Thigh,stand,-0.034648,-0.999912,0.089304,1.4,-2.38,0,-55
1786635687112,1436512,Thigh,stand,-0.03416,-0.998936,0.088816,1.33,-2.24,-0.07,-55
1786635687112,1436528,Thigh,stand,-0.032696,-0.998936,0.088816,1.33,-2.31,-0.14,-55
1786635687477,1436706,Thigh,stand,-0.038552,-1.001376,0.088816,1.33,-2.31,-0.07,-55
1786635687477,1436737,Thigh,stand,-0.033672,-0.999424,0.087352,1.19,-2.52,-0.21,-55
1786635687477,1436754,Thigh,stand,-0.036112,-0.998936,0.089304,1.05,-2.45,-0.14,-55
1786635687477,1436771,Thigh,stand,-0.0366,-0.999912,0.091256,1.19,-2.73,-0.21,-55
1786635687477,1436788,Thigh,stand,-0.033672,-1.001376,0.088816,1.12,-3.01,-0.07,-55
1786635687477,1436819,Thigh,stand,-0.035136,-1.000888,0.086864,1.19,-2.45,-0.28,-55
1786635687477,1436836,Thigh,stand,-0.036112,-0.999912,0.085888,1.26,-2.38,-0.35,-55
1786635687477,1436853,Thigh,stand,-0.032696,-0.999912,0.086376,1.05,-2.8,-0.28,-55
1786635687477,1436870,Thigh,stand,-0.032696,-1.001864,0.088816,1.19,-2.38,-0.28,-55
1786635687477,1436887,Thigh,stand,-0.03172,-0.998936,0.087352,1.26,-2.1,-0.28,-55
1786635687865,1437065,Thigh,stand,-0.033672,-1.000888,0.087352,1.19,-2.38,-0.21,-59
1786635687865,1437096,Thigh,stand,-0.033672,-1.0004,0.088328,1.05,-2.94,-0.14,-59
1786635687865,1437113,Thigh,stand,-0.032696,-1.0004,0.086864,1.05,-3.22,-0.14,-59
1786635687865,1437130,Thigh,stand,-0.032208,-1.000888,0.087352,1.19,-2.8,-0.14,-59
1786635687865,1437147,Thigh,stand,-0.034648,-1.000888,0.088816,1.33,-2.52,-0.28,-59
1786635687865,1437178,Thigh,stand,-0.032696,-0.998936,0.088328,1.26,-2.45,-0.21,-59
1786635687865,1437195,Thigh,stand,-0.03416,-1.0004,0.086376,1.19,-2.52,-0.14,-59
1786635687865,1437212,Thigh,stand,-0.035136,-0.999424,0.09028,1.26,-2.52,-0.14,-59
1786635687865,1437229,Thigh,stand,-0.034648,-0.998936,0.091744,1.19,-2.66,-0.07,-59
1786635687865,1437246,Thigh,stand,-0.03416,-1.0004,0.09028,1.05,-2.73,0.07,-59
1786635688361,1437423,Thigh,stand,-0.034648,-1.000888,0.086864,1.47,-2.59,0,-56
1786635688361,1437454,Thigh,stand,-0.035624,-0.999912,0.090768,1.4,-2.52,0,-56
1786635688361,1437471,Thigh,stand,-0.03172,-0.998936,0.089304,1.19,-2.66,0.14,-56
1786635688361,1437488,Thigh,stand,-0.033184,-1.000888,0.085888,1.4,-1.96,0,-56
1786635688361,1437505,Thigh,stand,-0.035136,-0.999424,0.084912,1.4,-2.24,-0.07,-56
1786635688361,1437535,Thigh,stand,-0.037576,-1.001376,0.091256,1.4,-2.66,-0.14,-56
1786635688361,1437552,Thigh,stand,-0.037088,-1.0004,0.09272,1.33,-2.73,0,-56
1786635688361,1437569,Thigh,stand,-0.038552,-0.998936,0.093696,1.47,-2.73,0.07,-56
1786635688361,1437586,Thigh,stand,-0.038552,-0.998936,0.091744,1.4,-2.38,0.07,-56
1786635688361,1437617,Thigh,stand,-0.037088,-1.0004,0.086864,1.68,-2.24,0.07,-56
1786635688559,1437791,Thigh,stand,-0.033672,-1.0004,0.089792,1.19,-2.66,-0.07,-56
1786635688559,1437822,Thigh,stand,-0.038064,-0.999424,0.090768,1.4,-2.52,-0.21,-56
1786635688559,1437839,Thigh,stand,-0.03904,-0.998936,0.090768,1.33,-2.52,-0.21,-56
1786635688559,1437856,Thigh,stand,-0.033672,-0.999912,0.09272,1.12,-2.87,-0.07,-56
1786635688559,1437873,Thigh,stand,-0.031232,-1.001376,0.089304,1.05,-2.38,0.07,-56
1786635688559,1437904,Thigh,stand,-0.035624,-0.999912,0.092232,0.98,-2.24,-0.21,-56
1786635688559,1437921,Thigh,stand,-0.0366,-1.001376,0.091744,0.98,-2.66,-0.28,-56
1786635688559,1437938,Thigh,stand,-0.040016,-0.999912,0.091744,1.05,-2.52,-0.35,-56
1786635688559,1437955,Thigh,stand,-0.040992,-0.999424,0.092232,1.19,-2.73,-0.42,-56
1786635688559,1437972,Thigh,stand,-0.037088,-0.998448,0.091256,1.12,-3.01,-0.28,-56
1786635689276,1438149,Thigh,stand,-0.032696,-0.999424,0.078568,1.4,-3.08,-0.42,-57
1786635689276,1438180,Thigh,stand,-0.026352,-0.999424,0.079544,1.05,-2.1,-0.49,-57
1786635689276,1438197,Thigh,stand,-0.026352,-1.0004,0.0854,1.19,-1.68,-0.63,-57
1786635689276,1438214,Thigh,stand,-0.025864,-1.000888,0.08784,1.4,-1.26,-0.63,-57
1786635689276,1438231,Thigh,stand,-0.027816,-1.000888,0.091256,1.47,-1.05,-0.49,-57
1786635689276,1438262,Thigh,stand,-0.032208,-0.999912,0.088816,1.47,-0.63,-0.56,-57
1786635689276,1438279,Thigh,stand,-0.036112,-0.999424,0.092232,1.47,-0.77,-0.56,-57
1786635689276,1438296,Thigh,stand,-0.039528,-0.999424,0.094184,1.47,-0.63,-0.63,-57
1786635689276,1438313,Thigh,stand,-0.041968,-1.0004,0.094184,1.47,-0.7,-0.63,-57
1786635689276,1438330,Thigh,stand,-0.04148,-0.996496,0.094672,1.26,-0.84,-0.63,-57
1786635689589,1438506,Thigh,stand,-0.028792,-1.0004,0.086864,0.77,-3.43,-0.63,-57
1786635689589,1438537,Thigh,stand,-0.030256,-1.000888,0.087352,0.91,-3.22,-0.49,-57
1786635689589,1438554,Thigh,stand,-0.030256,-0.999912,0.086376,1.05,-2.8,-0.42,-57
1786635689589,1438571,Thigh,stand,-0.028792,-1.001376,0.087352,0.98,-2.52,-0.56,-57
1786635689589,1438588,Thigh,stand,-0.027816,-1.0004,0.083936,0.91,-2.31,-0.42,-57
1786635689589,1438619,Thigh,stand,-0.031232,-1.000888,0.086376,1.19,-1.89,-0.56,-57
1786635689589,1438636,Thigh,stand,-0.027816,-0.999424,0.086864,0.98,-2.1,-0.63,-57
1786635689589,1438653,Thigh,stand,-0.028304,-0.999912,0.08784,1.19,-1.82,-0.56,-57
1786635689589,1438670,Thigh,stand,-0.026352,-0.999912,0.086864,0.84,-1.75,-0.56,-57
1786635689589,1438687,Thigh,stand,-0.027816,-0.999912,0.087352,0.84,-1.47,-0.49,-57
1786635689698,1438864,Thigh,stand,-0.030256,-1.001376,0.087352,0.91,-2.52,-0.56,-57
1786635689698,1438895,Thigh,stand,-0.02684,-1.000888,0.086864,0.77,-2.73,-0.49,-57
1786635689698,1438912,Thigh,stand,-0.025864,-0.999912,0.085888,0.77,-2.66,-0.42,-57
1786635689698,1438930,Thigh,stand,-0.028792,-0.998936,0.083448,0.7,-2.59,-0.42,-57
1786635689698,1438947,Thigh,stand,-0.030256,-1.000888,0.085888,0.77,-3.08,-0.35,-57
1786635689698,1438978,Thigh,stand,-0.030256,-0.999912,0.08296,0.63,-3.29,-0.35,-57
1786635689698,1438995,Thigh,stand,-0.02928,-0.999424,0.0854,0.84,-3.01,-0.28,-57
1786635689698,1439012,Thigh,stand,-0.029768,-1.00284,0.086376,0.77,-2.73,-0.28,-57
1786635689698,1439029,Thigh,stand,-0.028304,-1.000888,0.084424,0.77,-2.94,-0.28,-57
1786635689698,1439046,Thigh,stand,-0.026352,-1.0004,0.081984,0.77,-2.73,-0.28,-57
1786635690057,1439286,Thigh,stand,-0.024888,-1.005768,0.080032,1.33,-2.45,0.07,-56
1786635690057,1439318,Thigh,stand,-0.01952,-0.99796,0.076616,1.12,-2.1,0,-56
1786635690057,1439335,Thigh,stand,-0.0244,-1.001864,0.084912,1.19,-1.89,0,-56
1786635690057,1439352,Thigh,stand,-0.032696,-1.001376,0.088816,1.4,-1.96,0,-56
1786635690057,1439369,Thigh,stand,-0.035624,-0.874984,0.084912,1.33,-2.24,0.07,-56
1786635690057,1439400,Thigh,stand,-0.034648,-1.0004,0.081496,1.19,-2.24,0.14,-56
1786635690057,1439417,Thigh,stand,-0.033184,-0.999424,0.079056,1.26,-2.59,0.07,-56
1786635690057,1439434,Thigh,stand,-0.030744,-0.999912,0.07808,1.19,-2.38,-0.07,-56
1786635690057,1439451,Thigh,stand,-0.037088,-1.001864,0.08052,1.54,-2.52,-0.14,-56
1786635690057,1439468,Thigh,stand,-0.035624,-1.00284,0.076128,1.33,-3.64,0.21,-56
1786635690418,1439643,Thigh,stand,-0.028792,-0.996008,0.087352,1.54,-1.89,-0.28,-56
1786635690418,1439674,Thigh,stand,-0.04392,-0.999424,0.095648,1.68,-1.89,-0.07,-56
1786635690418,1439692,Thigh,stand,-0.044408,-0.999424,0.091744,1.4,-1.96,-0.14,-56
1786635690418,1439709,Thigh,stand,-0.043432,-1.001864,0.084912,1.33,-1.61,-0.42,-56
1786635690418,1439727,Thigh,stand,-0.045384,-1.002352,0.081984,1.4,-1.4,-0.84,-56
1786635690418,1439744,Thigh,stand,-0.040992,-0.998936,0.081984,1.61,-1.68,-0.98,-56
1786635690418,1439775,Thigh,stand,-0.0366,-0.989664,0.091744,1.47,-2.8,-0.77,-56
1786635690418,1439792,Thigh,stand,-0.040016,-0.997472,0.098576,1.05,-3.29,-0.77,-56
1786635690418,1439809,Thigh,stand,-0.040504,-1.002352,0.094184,0.77,-3.36,-0.91,-56
1786635690418,1439826,Thigh,stand,-0.033672,-1.002352,0.086376,0.84,-3.64,-1.12,-56
1786635690780,1440005,Thigh,stand,-0.008296,-0.996984,0.090768,1.26,-0.14,0.21,-56
1786635690780,1440035,Thigh,stand,-0.034648,-1.001864,0.081984,1.19,0.7,0.56,-56
1786635690780,1440052,Thigh,stand,-0.04392,-1.003816,0.076128,1.12,0.35,0.56,-56
1786635690780,1440069,Thigh,stand,-0.042944,-1.000888,0.076616,1.12,-0.49,0.42,-56
1786635690780,1440086,Thigh,stand,-0.042944,-0.99552,0.08052,1.12,-0.91,0.42,-56
1786635690780,1440117,Thigh,stand,-0.043432,-1.004304,0.086864,0.98,-1.75,0.42,-56
1786635690780,1440134,Thigh,stand,-0.034648,-1.003816,0.0854,1.19,-1.82,0.42,-56
1786635690780,1440151,Thigh,stand,-0.029768,-0.99796,0.083448,1.47,-1.12,0.42,-56
1786635690780,1440168,Thigh,stand,-0.03172,-0.998936,0.071736,1.47,-0.7,0.49,-56
1786635690780,1440185,Thigh,stand,-0.028304,-1.0004,0.06832,1.54,-1.54,0.56,-56
1786635691137,1440363,Thigh,stand,-0.028792,-1.000888,0.077592,1.4,-3.43,0.42,-58
1786635691137,1440393,Thigh,stand,-0.025376,-1.000888,0.078568,1.33,-3.64,0.42,-58
1786635691137,1440410,Thigh,stand,-0.023424,-1.000888,0.081496,1.54,-3.22,0.49,-58
1786635691137,1440427,Thigh,stand,-0.025376,-0.999912,0.080032,1.47,-3.22,0.56,-58
1786635691137,1440444,Thigh,stand,-0.03172,-0.999424,0.076128,1.4,-3.71,0.56,-58
1786635691137,1440475,Thigh,stand,-0.030256,-0.999424,0.079056,1.33,-3.99,0.7,-58
1786635691137,1440492,Thigh,stand,-0.028792,-0.997472,0.086376,1.26,-4.34,0.77,-58
1786635691137,1440509,Thigh,stand,-0.022936,-1.00284,0.091256,1.05,-4.27,1.26,-58
1786635691137,1440526,Thigh,stand,-0.023424,-1.004792,0.090768,1.54,-3.01,1.4,-58
1786635691137,1440543,Thigh,stand,-0.025376,-1.006256,0.081984,1.89,-1.75,1.4,-58
1786635691497,1440722,Thigh,stand,-0.048312,-0.996496,0.080032,2.1,-1.47,0.84,-58
1786635691497,1440752,Thigh,stand,-0.04636,-0.999424,0.081008,1.68,-3.15,0.84,-58
1786635691497,1440770,Thigh,stand,-0.044408,-0.999424,0.084912,1.47,-3.85,0.77,-58
1786635691497,1440786,Thigh,stand,-0.038552,-1.001376,0.0854,1.68,-4.06,0.63,-58
1786635691497,1440803,Thigh,stand,-0.035136,-0.99796,0.085888,1.47,-3.85,0.35,-58
1786635691497,1440834,Thigh,stand,-0.042944,-0.998448,0.094672,1.19,-4.13,0.28,-58
1786635691497,1440851,Thigh,stand,-0.04148,-0.996984,0.093696,0.98,-4.06,0.28,-58
1786635691497,1440868,Thigh,stand,-0.040992,-0.998448,0.09272,0.91,-3.71,0.42,-58
1786635691497,1440885,Thigh,stand,-0.042944,-1.001864,0.090768,1.19,-2.73,0.28,-58
1786635691497,1440902,Thigh,stand,-0.044408,-1.000888,0.08784,1.33,-2.8,0.28,-58
1786635691855,1441080,Thigh,stand,-0.049288,-0.998448,0.083936,0.63,-4.2,-0.42,-58
1786635691855,1441110,Thigh,stand,-0.03904,-0.999424,0.093208,0.91,-3.85,-0.63,-58
1786635691855,1441128,Thigh,stand,-0.037088,-0.999424,0.091256,0.91,-3.36,-0.7,-58
1786635691855,1441144,Thigh,stand,-0.041968,-1.0004,0.085888,0.91,-3.08,-0.77,-58
1786635691855,1441161,Thigh,stand,-0.04392,-0.998448,0.081008,1.05,-3.5,-0.7,-58
1786635691855,1441192,Thigh,stand,-0.04392,-0.999912,0.084424,0.98,-3.99,-0.63,-58
1786635691855,1441209,Thigh,stand,-0.042944,-0.999912,0.0854,0.77,-4.41,-0.56,-58
1786635691855,1441226,Thigh,stand,-0.038064,-0.999424,0.081984,0.7,-4.83,-0.42,-58
1786635691855,1441243,Thigh,stand,-0.032696,-0.999912,0.079544,0.63,-4.34,-0.35,-58
1786635691855,1441260,Thigh,stand,-0.02684,-1.003328,0.07808,0.77,-3.57,-0.35,-58
1786635692214,1441439,Thigh,stand,-0.036112,-1.001376,0.082472,1.4,-1.96,0.28,-58
1786635692214,1441470,Thigh,stand,-0.040504,-0.999912,0.084424,1.61,-2.17,0.21,-58
1786635692214,1441487,Thigh,stand,-0.042944,-0.999912,0.083936,1.54,-2.45,0.21,-58
1786635692214,1441503,Thigh,stand,-0.038064,-1.0004,0.083936,1.54,-2.73,0.42,-58
1786635692214,1441520,Thigh,stand,-0.037576,-1.001376,0.084424,1.47,-2.66,0.56,-58
1786635692214,1441551,Thigh,stand,-0.034648,-1.0004,0.083936,1.47,-2.17,0.35,-58
1786635692214,1441568,Thigh,stand,-0.036112,-1.0004,0.083936,1.68,-1.75,0.35,-58
1786635692214,1441585,Thigh,stand,-0.04148,-0.999424,0.083936,1.61,-1.82,0.42,-58
1786635692214,1441602,Thigh,stand,-0.042456,-1.000888,0.086864,1.82,-1.82,0.42,-58
1786635692214,1441619,Thigh,stand,-0.040992,-0.999912,0.087352,1.68,-1.75,0.49,-58
1786635692572,1441796,Thigh,stand,-0.043432,-0.998936,0.087352,1.47,-1.96,0.42,-53
1786635692572,1441827,Thigh,stand,-0.047824,-0.99796,0.089304,1.61,-1.61,0.21,-53
1786635692572,1441844,Thigh,stand,-0.048312,-0.997472,0.091744,1.68,-1.89,0.35,-53
1786635692572,1441861,Thigh,stand,-0.050264,-1.0004,0.091256,1.68,-2.1,0.35,-53
1786635692572,1441877,Thigh,stand,-0.049288,-0.998936,0.08784,1.4,-2.31,0.35,-53
1786635692572,1441908,Thigh,stand,-0.040992,-1.000888,0.085888,1.54,-2.38,0,-53
1786635692572,1441925,Thigh,stand,-0.04148,-0.999424,0.086864,1.54,-1.96,-0.14,-53
1786635692572,1441942,Thigh,stand,-0.042456,-0.99796,0.08784,1.47,-1.75,-0.28,-53
1786635692572,1441959,Thigh,stand,-0.042456,-1.0004,0.0854,1.4,-1.4,-0.35,-53
1786635692572,1441976,Thigh,stand,-0.045384,-0.998936,0.087352,1.4,-1.54,-0.21,-53
1786635692934,1442153,Thigh,stand,-0.045384,-0.998936,0.094184,1.12,-3.57,-0.42,-53
1786635692934,1442184,Thigh,stand,-0.039528,-0.997472,0.086376,1.26,-3.22,-0.42,-53
1786635692934,1442201,Thigh,stand,-0.041968,-0.999912,0.084912,1.05,-3.01,-0.63,-53
1786635692934,1442219,Thigh,stand,-0.040504,-0.999912,0.084424,0.91,-2.94,-0.7,-53
1786635692934,1442236,Thigh,stand,-0.040992,-0.997472,0.086376,1.05,-2.8,-0.77,-53
1786635692934,1442266,Thigh,stand,-0.045872,-0.998936,0.090768,0.7,-3.01,-0.77,-53
1786635692934,1442283,Thigh,stand,-0.047336,-0.998936,0.089792,0.77,-3.22,-0.77,-53
1786635692934,1442300,Thigh,stand,-0.047336,-1.0004,0.090768,0.84,-3.36,-0.63,-53
1786635692934,1442317,Thigh,stand,-0.047336,-0.998936,0.089304,0.77,-3.15,-0.77,-53
1786635692934,1442334,Thigh,stand,-0.044408,-0.998448,0.088816,0.84,-2.87,-0.77,-53
1786635693324,1442513,Thigh,stand,-0.040504,-1.000888,0.086376,0.91,-2.66,-0.63,-54
1786635693324,1442544,Thigh,stand,-0.0366,-0.999912,0.081496,0.84,-2.45,-0.7,-54
1786635693324,1442561,Thigh,stand,-0.035624,-1.001864,0.08296,0.91,-2.73,-0.56,-54
1786635693324,1442578,Thigh,stand,-0.037088,-0.998936,0.0854,0.84,-2.66,-0.7,-54
1786635693324,1442595,Thigh,stand,-0.040992,-1.001376,0.0854,0.77,-2.8,-0.56,-54
1786635693324,1442626,Thigh,stand,-0.037088,-0.999424,0.083936,1.12,-2.73,-0.35,-54
1786635693324,1442642,Thigh,stand,-0.035136,-1.0004,0.083448,1.12,-2.52,-0.35,-54
1786635693324,1442658,Thigh,stand,-0.03416,-1.000888,0.081496,1.33,-2.24,-0.21,-54
1786635693324,1442675,Thigh,stand,-0.033184,-0.999912,0.082472,1.26,-2.31,-0.28,-54
1786635693324,1442706,Thigh,stand,-0.029768,-1.00284,0.079544,1.19,-2.17,-0.28,-54
1786635693719,1442939,Thigh,stand,-0.035624,-1.000888,0.084424,1.12,-2.66,-0.42,-56
1786635693719,1442970,Thigh,stand,-0.032696,-0.999424,0.081496,1.05,-2.66,-0.49,-56
1786635693719,1442987,Thigh,stand,-0.034648,-1.001376,0.082472,1.26,-2.52,-0.63,-56
1786635693719,1443004,Thigh,stand,-0.03416,-0.999912,0.082472,1.26,-2.52,-0.42,-56
1786635693719,1443020,Thigh,stand,-0.03172,-1.000888,0.083448,1.26,-2.73,-0.21,-56
1786635693719,1443051,Thigh,stand,-0.023912,-1.002352,0.0732,1.19,-2.38,-0.14,-56
1786635693719,1443068,Thigh,stand,-0.0244,-1.000888,0.074176,1.26,-1.82,-0.28,-56
1786635693719,1443085,Thigh,stand,-0.028792,-1.000888,0.077592,1.19,-1.75,-0.42,-56
1786635693719,1443102,Thigh,stand,-0.032208,-1.001864,0.079056,1.26,-2.03,-0.49,-56
1786635693719,1443119,Thigh,stand,-0.035136,-1.0004,0.082472,1.26,-2.45,-0.35,-56
1786635694121,1443298,Thigh,stand,-0.02684,-1.003816,0.07808,1.33,-2.03,-0.07,-56
1786635694121,1443329,Thigh,stand,-0.02684,-0.999912,0.076616,1.4,-2.1,-0.28,-56
1786635694121,1443346,Thigh,stand,-0.033184,-1.002352,0.076616,1.4,-2.17,-0.42,-56
1786635694121,1443363,Thigh,stand,-0.035136,-1.000888,0.080032,1.33,-2.73,-0.42,-56
1786635694121,1443380,Thigh,stand,-0.032208,-1.000888,0.082472,1.33,-2.87,-0.28,-56
1786635694121,1443410,Thigh,stand,-0.028304,-1.001864,0.079544,1.33,-2.52,-0.07,-56
1786635694121,1443427,Thigh,stand,-0.026352,-1.001376,0.08052,1.33,-2.45,-0.07,-56
1786635694121,1443444,Thigh,stand,-0.023912,-1.001376,0.08052,1.26,-2.31,-0.14,-56
1786635694121,1443461,Thigh,stand,-0.033184,-1.001376,0.081984,1.4,-1.82,-0.35,-56
1786635694121,1443478,Thigh,stand,-0.041968,-0.999912,0.0854,1.4,-2.45,-0.42,-56
1786635694480,1443656,Thigh,stand,-0.038552,-0.998936,0.081984,1.19,-2.59,-0.28,-56
1786635694480,1443687,Thigh,stand,-0.027816,-1.000888,0.082472,0.91,-2.87,-0.35,-56
1786635694480,1443704,Thigh,stand,-0.028304,-1.00284,0.083936,1.12,-2.38,-0.35,-56
1786635694480,1443721,Thigh,stand,-0.02928,-1.001376,0.083448,1.26,-2.1,-0.28,-56
1786635694480,1443738,Thigh,stand,-0.030744,-1.002352,0.08296,1.19,-2.03,-0.14,-56
1786635694480,1443769,Thigh,stand,-0.032696,-0.999912,0.081008,1.4,-1.96,-0.28,-56
1786635694480,1443785,Thigh,stand,-0.035136,-0.999912,0.080032,1.4,-1.96,-0.28,-56
1786635694480,1443802,Thigh,stand,-0.035624,-0.998448,0.084424,1.26,-2.45,-0.42,-56
1786635694480,1443819,Thigh,stand,-0.039528,-1.0004,0.086376,1.19,-2.73,-0.35,-56
1786635694480,1443836,Thigh,stand,-0.038552,-0.998936,0.086864,1.26,-3.08,-0.28,-56
1786635694866,1444015,Thigh,stand,-0.033672,-1.0004,0.081984,1.05,-2.66,-0.56,-56
1786635694866,1444046,Thigh,stand,-0.038552,-1.0004,0.086864,1.05,-2.8,-0.35,-56
1786635694866,1444063,Thigh,stand,-0.035136,-1.000888,0.088816,1.05,-2.8,-0.21,-56
1786635694866,1444080,Thigh,stand,-0.035136,-0.998936,0.088816,0.91,-2.66,-0.14,-56
1786635694866,1444097,Thigh,stand,-0.0366,-0.999912,0.0854,1.12,-2.17,-0.14,-56
1786635694866,1444128,Thigh,stand,-0.032208,-1.001864,0.081984,0.98,-2.24,-0.21,-56
1786635694866,1444144,Thigh,stand,-0.035624,-1.001376,0.083936,1.05,-2.03,-0.28,-56
1786635694866,1444162,Thigh,stand,-0.037576,-0.999424,0.086864,1.33,-2.31,-0.35,-56
1786635694866,1444178,Thigh,stand,-0.038064,-0.998448,0.086376,1.19,-2.38,-0.28,-56
1786635694866,1444195,Thigh,stand,-0.037088,-0.998448,0.082472,1.05,-2.59,-0.21,-56
1786635695160,1444374,Thigh,stand,-0.033184,-1.001376,0.081496,1.19,-2.24,-0.35,-57
1786635695160,1444405,Thigh,stand,-0.03416,-1.001864,0.081008,0.98,-2.17,-0.14,-57
1786635695160,1444422,Thigh,stand,-0.035136,-1.0004,0.08052,1.12,-2.1,-0.21,-57
1786635695160,1444440,Thigh,stand,-0.037088,-0.999912,0.081496,0.98,-2.31,-0.21,-57
1786635695160,1444457,Thigh,stand,-0.036112,-1.000888,0.08052,1.26,-2.87,-0.21,-57
1786635695160,1444488,Thigh,stand,-0.03172,-0.999912,0.081008,1.26,-2.94,-0.21,-57
1786635695160,1444506,Thigh,stand,-0.031232,-1.0004,0.08296,1.33,-2.8,-0.28,-57
1786635695160,1444522,Thigh,stand,-0.030744,-1.000888,0.08296,1.4,-2.66,-0.21,-57
1786635695160,1444539,Thigh,stand,-0.03172,-0.999424,0.081008,1.12,-2.73,-0.14,-57
1786635695160,1444556,Thigh,stand,-0.032696,-1.000888,0.079544,1.19,-2.87,-0.21,-57
1786635695519,1444735,Thigh,stand,-0.025864,-0.999424,0.07808,1.05,-2.45,0.07,-57
1786635695519,1444766,Thigh,stand,-0.027816,-1.001864,0.077592,1.33,-2.24,-0.14,-57
1786635695519,1444783,Thigh,stand,-0.031232,-1.0004,0.08052,1.26,-2.1,-0.21,-57
1786635695519,1444800,Thigh,stand,-0.036112,-1.0004,0.083448,1.33,-2.1,-0.07,-57
1786635695519,1444817,Thigh,stand,-0.033672,-1.000888,0.087352,1.54,-2.1,-0.07,-57
1786635695519,1444848,Thigh,stand,-0.033672,-0.999912,0.084912,1.54,-1.54,0.07,-57
1786635695519,1444865,Thigh,stand,-0.036112,-0.998936,0.0854,1.54,-1.47,0.14,-57
1786635695519,1444882,Thigh,stand,-0.035624,-0.999912,0.085888,1.47,-1.61,0.14,-57
1786635695519,1444899,Thigh,stand,-0.037576,-1.0004,0.08296,1.4,-1.47,0.07,-57
1786635695519,1444915,Thigh,stand,-0.037088,-0.998448,0.083448,1.26,-1.68,0.07,-57
1786635695879,1445093,Thigh,stand,-0.035136,-1.000888,0.083936,1.33,-1.82,-0.28,-57
1786635695879,1445124,Thigh,stand,-0.03904,-1.0004,0.08052,1.05,-1.96,-0.28,-57
1786635695879,1445141,Thigh,stand,-0.040504,-1.0004,0.081496,1.12,-2.31,-0.42,-57
1786635695879,1445158,Thigh,stand,-0.039528,-1.000888,0.084424,1.33,-2.38,-0.42,-57
1786635695879,1445175,Thigh,stand,-0.040992,-0.999424,0.084912,1.33,-2.52,-0.28,-57
1786635695879,1445206,Thigh,stand,-0.037088,-1.0004,0.08296,1.19,-2.94,-0.35,-57
1786635695879,1445223,Thigh,stand,-0.037576,-0.999424,0.081984,1.12,-2.8,-0.49,-57
1786635695879,1445240,Thigh,stand,-0.036112,-1.000888,0.083448,1.05,-2.94,-0.63,-57
1786635695879,1445257,Thigh,stand,-0.033672,-0.999912,0.080032,0.98,-2.94,-0.56,-57
1786635695879,1445274,Thigh,stand,-0.033672,-1.0004,0.081008,1.12,-3.01,-0.56,-57
1786635696243,1445452,Thigh,stand,-0.032208,-1.0004,0.083936,1.26,-2.94,-0.77,-59
1786635696243,1445483,Thigh,stand,-0.032696,-0.999912,0.080032,1.12,-2.66,-0.7,-59
1786635696243,1445500,Thigh,stand,-0.030744,-1.0004,0.081984,1.05,-2.66,-0.63,-59
1786635696243,1445517,Thigh,stand,-0.029768,-1.002352,0.084424,1.19,-2.66,-0.56,-59
1786635696243,1445534,Thigh,stand,-0.028304,-0.998448,0.084912,1.12,-2.66,-0.63,-59
1786635696243,1445565,Thigh,stand,-0.030744,-0.999912,0.08052,0.84,-2.45,-0.56,-59
1786635696243,1445582,Thigh,stand,-0.034648,-1.002352,0.081496,0.77,-2.8,-0.49,-59
1786635696243,1445599,Thigh,stand,-0.03172,-0.999912,0.082472,0.98,-2.66,-0.49,-59
1786635696243,1445616,Thigh,stand,-0.030256,-1.0004,0.083936,1.12,-2.52,-0.49,-59
1786635696243,1445633,Thigh,stand,-0.029768,-0.999912,0.085888,1.12,-2.59,-0.42,-59
1786635696602,1445812,Thigh,stand,-0.03172,-1.000888,0.082472,1.05,-2.24,-0.28,-59
1786635696602,1445843,Thigh,stand,-0.029768,-1.0004,0.07808,0.98,-2.52,-0.35,-59
1786635696602,1445860,Thigh,stand,-0.029768,-1.000888,0.079544,0.84,-2.17,-0.35,-59
1786635696602,1445877,Thigh,stand,-0.028792,-1.001864,0.079056,1.05,-2.24,-0.35,-59
1786635696602,1445894,Thigh,stand,-0.030744,-1.001376,0.08052,1.12,-2.31,-0.28,-59
1786635696602,1445925,Thigh,stand,-0.030256,-1.000888,0.081008,1.26,-2.38,-0.28,-59
1786635696602,1445942,Thigh,stand,-0.02928,-1.001376,0.079056,1.12,-2.66,-0.28,-59
1786635696602,1445959,Thigh,stand,-0.028792,-1.000888,0.079544,1.12,-2.87,-0.21,-59
1786635696602,1445976,Thigh,stand,-0.030256,-1.001864,0.081984,1.26,-2.73,-0.14,-59
1786635696602,1445993,Thigh,stand,-0.030256,-1.000888,0.082472,1.33,-2.59,-0.14,-59
1786635696963,1446171,Thigh,stand,-0.028304,-1.000888,0.084424,1.26,-2.52,-0.21,-59
1786635696963,1446202,Thigh,stand,-0.030256,-1.000888,0.081496,1.33,-2.1,-0.21,-59
1786635696963,1446219,Thigh,stand,-0.032208,-1.000888,0.08052,1.33,-2.03,-0.21,-59
1786635696963,1446236,Thigh,stand,-0.032696,-0.999424,0.080032,1.4,-2.31,-0.21,-59
1786635696963,1446253,Thigh,stand,-0.027328,-1.0004,0.08052,1.4,-2.66,-0.14,-59
1786635696963,1446284,Thigh,stand,-0.028792,-1.000888,0.079544,1.33,-2.59,-0.21,-59
1786635696963,1446301,Thigh,stand,-0.02684,-1.0004,0.080032,1.19,-2.66,-0.28,-59
1786635696963,1446318,Thigh,stand,-0.02684,-1.000888,0.080032,1.12,-2.52,-0.28,-59
1786635696963,1446335,Thigh,stand,-0.026352,-1.001376,0.080032,1.19,-2.52,-0.21,-59
1786635696963,1446352,Thigh,stand,-0.027816,-1.0004,0.080032,1.26,-2.31,-0.14,-59
1786635697317,1446528,Thigh,stand,-0.028792,-1.001376,0.081984,1.33,-2.52,0.21,-59
1786635697317,1446560,Thigh,stand,-0.027328,-0.999912,0.07808,1.4,-2.87,0.21,-59
1786635697317,1446577,Thigh,stand,-0.025864,-1.001864,0.080032,1.4,-2.59,0.21,-59
1786635697317,1446594,Thigh,stand,-0.026352,-1.001864,0.08052,1.4,-2.45,0.21,-59
1786635697317,1446611,Thigh,stand,-0.02684,-0.999912,0.08052,1.4,-2.59,0.21,-59
1786635697317,1446642,Thigh,stand,-0.027328,-1.000888,0.081984,1.61,-2.52,0.28,-59
1786635697317,1446658,Thigh,stand,-0.02928,-1.0004,0.081984,1.61,-2.52,0.28,-59
1786635697317,1446675,Thigh,stand,-0.027328,-1.0004,0.083936,1.4,-2.45,0.42,-59
1786635697317,1446692,Thigh,stand,-0.031232,-0.999424,0.084424,1.33,-2.59,0.49,-59
1786635697317,1446709,Thigh,stand,-0.035136,-1.000888,0.082472,1.4,-2.31,0.42,-59
1786635697679,1446886,Thigh,stand,-0.032208,-0.999912,0.085888,1.4,-2.31,0.28,-61
1786635697679,1446917,Thigh,stand,-0.036112,-1.000888,0.08052,1.4,-2.45,0.35,-61
1786635697679,1446934,Thigh,stand,-0.0366,-0.998448,0.082472,1.4,-2.31,0.35,-61
1786635697679,1446951,Thigh,stand,-0.036112,-1.000888,0.0854,1.33,-2.66,0.35,-61
1786635697679,1446968,Thigh,stand,-0.037576,-1.001376,0.084424,1.4,-3.08,0.49,-61
1786635697679,1446999,Thigh,stand,-0.03416,-1.0004,0.083936,1.47,-2.73,0.49,-61
1786635697679,1447016,Thigh,stand,-0.035136,-0.874984,0.083936,1.68,-2.52,0.56,-61
1786635697679,1447033,Thigh,stand,-0.03416,-0.999424,0.083448,1.61,-2.38,0.63,-61
1786635697679,1447050,Thigh,stand,-0.035136,-1.0004,0.083936,1.33,-2.45,0.63,-61
1786635697679,1447067,Thigh,stand,-0.037088,-0.999424,0.083448,1.4,-2.66,0.63,-61
1786635698036,1447244,Thigh,stand,-0.039528,-1.000888,0.086864,1.4,-2.24,-0.07,-61
1786635698036,1447275,Thigh,stand,-0.035136,-0.998448,0.086864,1.4,-2.94,-0.07,-61
1786635698036,1447292,Thigh,stand,-0.033184,-1.001376,0.084912,1.12,-3.01,0.07,-61
1786635698036,1447309,Thigh,stand,-0.032696,-1.0004,0.08296,1.05,-2.59,0,-61
1786635698036,1447326,Thigh,stand,-0.035136,-1.0004,0.081008,1.12,-2.38,-0.14,-61
1786635698036,1447357,Thigh,stand,-0.031232,-1.001376,0.081496,1.19,-2.17,-0.21,-61
1786635698036,1447374,Thigh,stand,-0.037088,-1.0004,0.081008,1.33,-2.03,-0.35,-61
1786635698036,1447391,Thigh,stand,-0.037576,-0.999912,0.083448,1.26,-2.31,-0.35,-61
1786635698036,1447408,Thigh,stand,-0.036112,-0.999912,0.0854,1.26,-2.59,-0.28,-61
1786635698036,1447425,Thigh,stand,-0.034648,-1.001864,0.083448,1.26,-2.8,-0.21,-61
1786635698396,1447602,Thigh,stand,-0.03416,-1.001376,0.082472,1.26,-2.45,-0.28,-61
1786635698396,1447633,Thigh,stand,-0.037576,-1.0004,0.083936,1.19,-2.45,-0.28,-61
1786635698396,1447650,Thigh,stand,-0.0366,-0.999424,0.08052,1.12,-2.66,-0.14,-61
1786635698396,1447668,Thigh,stand,-0.032696,-1.000888,0.079544,1.12,-3.08,-0.07,-61
1786635698396,1447685,Thigh,stand,-0.032208,-0.999912,0.078568,1.05,-2.94,-0.21,-61
1786635698396,1447716,Thigh,stand,-0.035624,-1.000888,0.083936,1.4,-2.59,-0.35,-61
1786635698396,1447733,Thigh,stand,-0.033184,-0.999912,0.083936,1.47,-2.59,-0.28,-61
1786635698396,1447750,Thigh,stand,-0.032696,-1.0004,0.081008,1.26,-2.59,-0.14,-61
1786635698396,1447767,Thigh,stand,-0.033184,-1.000888,0.08052,1.26,-2.24,-0.28,-61
1786635698396,1447784,Thigh,stand,-0.033672,-1.0004,0.081984,1.26,-2.45,-0.21,-61
1786635698755,1447961,Thigh,stand,-0.0366,-1.0004,0.084912,1.26,-2.87,-0.28,-61
1786635698755,1447992,Thigh,stand,-0.035624,-0.999424,0.082472,1.12,-2.59,-0.35,-61
1786635698755,1448009,Thigh,stand,-0.03416,-0.998936,0.082472,1.12,-2.31,-0.49,-61
1786635698755,1448026,Thigh,stand,-0.03416,-1.0004,0.08296,1.19,-2.24,-0.42,-61
1786635698755,1448043,Thigh,stand,-0.035624,-0.998936,0.084424,1.4,-2.38,-0.42,-61
1786635698755,1448074,Thigh,stand,-0.033184,-1.001376,0.081984,1.26,-2.66,-0.49,-61
1786635698755,1448091,Thigh,stand,-0.030256,-0.998448,0.080032,1.19,-2.31,-0.49,-61
1786635698755,1448108,Thigh,stand,-0.033672,-1.001376,0.081984,0.98,-2.45,-0.63,-61
1786635698755,1448125,Thigh,stand,-0.034648,-1.000888,0.083448,1.05,-2.31,-0.56,-61
1786635698755,1448142,Thigh,stand,-0.036112,-1.0004,0.08296,1.19,-2.8,-0.49,-61
1786635699115,1448320,Thigh,stand,-0.03172,-0.998448,0.082472,1.19,-2.52,-0.56,-61
1786635699115,1448350,Thigh,stand,-0.029768,-0.999912,0.079544,1.12,-2.66,-0.49,-61
1786635699115,1448367,Thigh,stand,-0.03172,-0.998936,0.080032,1.12,-2.59,-0.49,-61
1786635699115,1448384,Thigh,stand,-0.033184,-1.001376,0.080032,1.05,-2.8,-0.49,-61
1786635699115,1448401,Thigh,stand,-0.02928,-0.999912,0.080032,1.12,-2.52,-0.56,-61
1786635699115,1448432,Thigh,stand,-0.025864,-1.000888,0.081984,1.19,-2.31,-0.56,-61
1786635699115,1448449,Thigh,stand,-0.030256,-1.000888,0.08296,1.12,-2.03,-0.49,-61
1786635699115,1448466,Thigh,stand,-0.033672,-1.0004,0.081008,1.19,-2.38,-0.56,-61
1786635699115,1448483,Thigh,stand,-0.033672,-1.001864,0.080032,1.19,-2.52,-0.56,-61
1786635699115,1448500,Thigh,stand,-0.029768,-1.001864,0.07808,1.12,-2.73,-0.49,-61
1786635699498,1448680,Thigh,stand,-0.02684,-0.997472,0.081008,1.19,-2.38,-0.28,-61
1786635699498,1448710,Thigh,stand,-0.025864,-1.000888,0.081008,1.26,-1.89,-0.42,-61
1786635699498,1448728,Thigh,stand,-0.027816,-1.000888,0.081496,1.4,-2.1,-0.42,-61
1786635699498,1448744,Thigh,stand,-0.027816,-1.000888,0.078568,1.19,-2.24,-0.42,-61
1786635699498,1448761,Thigh,stand,-0.027816,-0.999912,0.07808,1.33,-2.03,-0.35,-61
1786635699498,1448792,Thigh,stand,-0.030744,-0.999424,0.08296,1.33,-2.03,-0.28,-61
1786635699498,1448809,Thigh,stand,-0.033672,-1.0004,0.083448,1.26,-2.31,-0.35,-61
1786635699498,1448826,Thigh,stand,-0.03172,-0.998936,0.082472,1.19,-2.31,-0.28,-61
1786635699498,1448843,Thigh,stand,-0.02928,-1.000888,0.083936,1.26,-2.45,-0.28,-61
1786635699498,1448860,Thigh,stand,-0.029768,-1.0004,0.083448,1.4,-2.24,-0.35,-61
1786635699885,1449038,Thigh,stand,-0.02928,-0.999424,0.079056,1.4,-2.38,-0.14,-61
1786635699885,1449069,Thigh,stand,-0.028792,-1.002352,0.078568,1.26,-2.52,0,-61
1786635699885,1449086,Thigh,stand,-0.026352,-1.000888,0.081984,1.19,-2.52,-0.07,-61
1786635699885,1449102,Thigh,stand,-0.028792,-1.000888,0.08052,1.19,-2.45,0,-61
1786635699885,1449119,Thigh,stand,-0.027816,-1.0004,0.08052,1.33,-2.87,0.07,-61
1786635699885,1449150,Thigh,stand,-0.027328,-1.0004,0.081008,1.54,-2.38,0.07,-61
1786635699885,1449168,Thigh,stand,-0.028304,-1.0004,0.079544,1.4,-2.59,0.14,-61
1786635699885,1449185,Thigh,stand,-0.027328,-0.999912,0.078568,1.61,-2.94,0.14,-61
1786635699885,1449202,Thigh,stand,-0.026352,-1.002352,0.079056,1.26,-2.8,0.07,-61
1786635699885,1449219,Thigh,stand,-0.027328,-1.001864,0.07808,1.33,-2.73,-0.07,-61
1786635700195,1449396,Thigh,stand,-0.037576,-0.998936,0.084424,1.4,-2.66,0.28,-60
1786635700195,1449428,Thigh,stand,-0.031232,-0.999912,0.081496,1.47,-2.94,0.28,-60
1786635700195,1449445,Thigh,stand,-0.030256,-0.999424,0.081496,1.54,-2.73,0.35,-60
1786635700195,1449462,Thigh,stand,-0.029768,-1.001376,0.079544,1.54,-2.66,0.28,-60
1786635700195,1449479,Thigh,stand,-0.031232,-0.998936,0.081496,1.54,-2.24,0.14,-60
1786635700195,1449509,Thigh,stand,-0.028792,-0.998448,0.08296,1.19,-2.38,0.07,-60
1786635700195,1449526,Thigh,stand,-0.030744,-0.999912,0.08296,1.26,-2.24,0.07,-60
1786635700195,1449543,Thigh,stand,-0.03172,-0.998936,0.086864,1.33,-2.03,0,-60
1786635700195,1449560,Thigh,stand,-0.035136,-0.999424,0.085888,1.26,-2.66,0.21,-60
1786635700195,1449577,Thigh,stand,-0.034648,-1.001376,0.084424,1.26,-2.66,0.14,-60
1786635700552,1449755,Thigh,stand,-0.02928,-1.001376,0.081984,1.54,-2.24,0.21,-60
1786635700552,1449786,Thigh,stand,-0.031232,-1.001376,0.081008,1.54,-2.03,0.07,-60
1786635700552,1449803,Thigh,stand,-0.032208,-1.0004,0.083448,1.61,-2.1,0.07,-60
1786635700552,1449820,Thigh,stand,-0.033184,-0.998448,0.08052,1.4,-2.24,0.14,-60
1786635700552,1449837,Thigh,stand,-0.033672,-0.998936,0.081984,1.54,-2.03,0,-60
1786635700552,1449868,Thigh,stand,-0.035624,-0.999424,0.084912,1.4,-2.66,0.07,-60
1786635700552,1449885,Thigh,stand,-0.035136,-1.0004,0.086376,1.4,-2.66,0.14,-60
1786635700552,1449902,Thigh,stand,-0.035136,-0.999912,0.083936,1.4,-2.59,0.07,-60
1786635700552,1449919,Thigh,stand,-0.03416,-1.0004,0.081984,1.47,-2.59,0.07,-60
1786635700552,1449936,Thigh,stand,-0.033184,-0.999424,0.084424,1.61,-2.73,0.14,-60
1786635700912,1450112,Thigh,stand,-0.034648,-1.0004,0.085888,1.26,-2.87,-0.07,-60
1786635700912,1450143,Thigh,stand,-0.03416,-1.000888,0.083936,1.19,-2.73,0,-60
1786635700912,1450160,Thigh,stand,-0.035624,-0.998936,0.083936,1.12,-2.38,-0.21,-60
1786635700912,1450177,Thigh,stand,-0.035624,-0.998448,0.086376,1.19,-2.31,-0.28,-60
1786635700912,1450194,Thigh,stand,-0.033184,-1.000888,0.08784,1.33,-2.38,-0.21,-60
1786635700912,1450225,Thigh,stand,-0.035624,-1.001376,0.086376,1.4,-2.1,-0.21,-60
1786635700912,1450242,Thigh,stand,-0.035136,-1.000888,0.086376,1.54,-2.1,-0.14,-60
1786635700912,1450259,Thigh,stand,-0.035136,-0.998936,0.086376,1.05,-2.52,-0.14,-60
1786635700912,1450276,Thigh,stand,-0.033672,-0.999912,0.081496,1.05,-2.59,-0.21,-60
1786635700912,1450293,Thigh,stand,-0.035624,-0.999912,0.083448,1.19,-2.24,-0.35,-60
1786635701272,1450470,Thigh,stand,-0.033184,-0.999912,0.08052,1.05,-1.82,-0.56,-60
1786635701272,1450501,Thigh,stand,-0.0366,-0.999912,0.084424,1.05,-2.17,-0.49,-60
1786635701272,1450518,Thigh,stand,-0.035624,-1.001864,0.083448,1.19,-2.59,-0.35,-60
1786635701272,1450535,Thigh,stand,-0.032696,-1.001376,0.081496,1.26,-2.66,-0.42,-60
1786635701272,1450552,Thigh,stand,-0.030744,-1.000888,0.079056,1.26,-2.59,-0.42,-60
1786635701272,1450583,Thigh,stand,-0.027816,-1.0004,0.081984,1.12,-2.52,-0.35,-60
1786635701272,1450600,Thigh,stand,-0.028304,-1.001864,0.080032,1.05,-2.45,-0.35,-60
1786635701272,1450617,Thigh,stand,-0.03172,-0.999912,0.078568,1.19,-2.73,-0.28,-60
1786635701272,1450634,Thigh,stand,-0.032696,-1.0004,0.080032,0.98,-2.87,-0.21,-60
1786635701272,1450651,Thigh,stand,-0.03172,-0.999912,0.081984,1.19,-2.94,-0.28,-60
1786635701682,1450829,Thigh,stand,-0.030256,-1.001376,0.08296,1.26,-2.73,-0.35,-60
1786635701682,1450860,Thigh,stand,-0.033672,-1.000888,0.086376,1.26,-2.59,-0.28,-60
1786635701682,1450877,Thigh,stand,-0.033672,-0.999912,0.086376,1.26,-2.87,-0.14,-60
1786635701682,1450894,Thigh,stand,-0.030744,-0.999912,0.086376,1.33,-2.8,-0.07,-60
1786635701682,1450911,Thigh,stand,-0.032696,-0.999424,0.084912,1.19,-2.1,-0.21,-60
1786635701682,1450942,Thigh,stand,-0.03416,-0.999424,0.083448,1.12,-2.31,-0.14,-60
1786635701682,1450959,Thigh,stand,-0.033672,-1.0004,0.08296,1.26,-2.03,-0.14,-60
1786635701682,1450976,Thigh,stand,-0.03416,-1.001376,0.082472,1.05,-2.03,-0.14,-60
1786635701682,1450993,Thigh,stand,-0.036112,-0.999912,0.085888,1.19,-2.1,-0.28,-60
1786635701682,1451010,Thigh,stand,-0.03416,-1.001376,0.086864,1.33,-2.1,-0.28,-60
1786635701991,1451188,Thigh,stand,-0.033184,-0.999912,0.080032,1.12,-2.31,-0.42,-60
1786635701991,1451219,Thigh,stand,-0.031232,-1.000888,0.081984,1.26,-2.31,-0.28,-60
1786635701991,1451236,Thigh,stand,-0.03172,-1.0004,0.07808,1.33,-2.24,-0.35,-60
1786635701991,1451254,Thigh,stand,-0.030744,-1.0004,0.08296,1.19,-2.24,-0.21,-60
1786635701991,1451271,Thigh,stand,-0.031232,-1.000888,0.08052,1.12,-2.45,-0.21,-60
1786635701991,1451302,Thigh,stand,-0.030256,-1.0004,0.078568,1.33,-2.45,-0.28,-60
1786635701991,1451319,Thigh,stand,-0.027816,-1.001376,0.079544,1.4,-2.66,-0.28,-60
1786635701991,1451336,Thigh,stand,-0.027328,-0.998936,0.079544,1.12,-2.45,-0.28,-60
1786635701991,1451353,Thigh,stand,-0.027816,-1.0004,0.081496,1.33,-2.45,-0.21,-60
1786635701991,1451370,Thigh,stand,-0.028304,-1.000888,0.081008,1.26,-2.52,-0.14,-60
1786635702364,1451548,Thigh,stand,-0.030744,-0.999424,0.08296,1.33,-3.36,-0.14,-65
1786635702364,1451579,Thigh,stand,-0.028792,-0.999912,0.082472,1.26,-3.08,-0.07,-65
1786635702364,1451595,Thigh,stand,-0.027816,-0.999424,0.08052,1.26,-2.24,-0.14,-65
1786635702364,1451612,Thigh,stand,-0.028792,-0.999424,0.081008,1.33,-2.24,-0.07,-65
1786635702364,1451629,Thigh,stand,-0.028792,-1.000888,0.082472,1.12,-2.17,-0.14,-65
1786635702364,1451659,Thigh,stand,-0.032696,-1.000888,0.086376,1.33,-2.17,-0.14,-65
1786635702364,1451676,Thigh,stand,-0.031232,-0.999424,0.083448,1.33,-2.24,-0.14,-65
1786635702364,1451693,Thigh,stand,-0.030744,-0.999912,0.081008,1.19,-2.45,-0.21,-65
1786635702364,1451710,Thigh,stand,-0.031232,-1.000888,0.08052,1.26,-2.38,-0.21,-65
1786635702364,1451741,Thigh,stand,-0.035624,-1.000888,0.084912,1.26,-2.31,-0.21,-65
1786635702723,1451919,Thigh,stand,-0.02928,-1.001376,0.08052,1.12,-2.1,-0.14,-67
1786635702723,1451950,Thigh,stand,-0.031232,-1.000888,0.080032,1.26,-2.52,-0.14,-67
1786635702723,1451967,Thigh,stand,-0.027816,-1.000888,0.077104,1.33,-2.52,-0.21,-67
1786635702723,1451984,Thigh,stand,-0.027816,-1.000888,0.079056,1.26,-2.1,-0.35,-67
1786635702723,1452001,Thigh,stand,-0.030744,-0.998936,0.08296,1.26,-2.03,-0.28,-67
1786635702723,1452032,Thigh,stand,-0.032696,-1.124352,0.086864,1.12,-2.38,-0.07,-67
1786635702723,1452049,Thigh,stand,-0.031232,-1.000888,0.083448,1.12,-2.52,0.07,-67
1786635702723,1452066,Thigh,stand,-0.030744,-1.002352,0.083448,1.12,-2.38,0,-67
1786635702723,1452083,Thigh,stand,-0.029768,-0.999424,0.080032,1.26,-2.59,0,-67
1786635702723,1452100,Thigh,stand,-0.030256,-1.002352,0.079056,1.05,-2.73,0,-67
1786635703084,1452278,Thigh,stand,-0.034648,-1.0004,0.081496,1.19,-2.31,-0.14,-67
1786635703084,1452308,Thigh,stand,-0.032208,-0.999912,0.082472,1.26,-2.8,-0.21,-67
1786635703084,1452326,Thigh,stand,-0.032208,-0.999912,0.082472,1.26,-2.66,-0.14,-67
1786635703084,1452342,Thigh,stand,-0.031232,-1.001376,0.083936,1.33,-2.45,-0.21,-67
1786635703084,1452359,Thigh,stand,-0.029768,-1.0004,0.081984,1.33,-2.52,-0.28,-67
1786635703084,1452390,Thigh,stand,-0.02684,-1.0004,0.081496,1.26,-2.31,-0.28,-67
1786635703084,1452407,Thigh,stand,-0.030256,-1.0004,0.077592,1.26,-2.31,-0.28,-67
1786635703084,1452424,Thigh,stand,-0.029768,-0.999912,0.081496,1.05,-2.66,-0.21,-67
1786635703084,1452441,Thigh,stand,-0.03172,-1.0004,0.08052,1.05,-2.66,-0.28,-67
1786635703084,1452458,Thigh,stand,-0.030744,-1.0004,0.084424,1.19,-2.66,-0.21,-67
1786635703444,1452637,Thigh,stand,-0.02684,-1.001376,0.076128,1.12,-2.66,-0.28,-67
1786635703444,1452668,Thigh,stand,-0.027816,-1.0004,0.081008,1.19,-2.45,-0.28,-67
1786635703444,1452685,Thigh,stand,-0.028304,-1.000888,0.081984,1.05,-2.31,-0.35,-67
1786635703444,1452702,Thigh,stand,-0.03172,-1.0004,0.081496,1.12,-2.17,-0.35,-67
1786635703444,1452718,Thigh,stand,-0.032696,-1.001864,0.08052,1.12,-2.24,-0.21,-67
1786635703444,1452749,Thigh,stand,-0.031232,-0.998936,0.082472,1.19,-2.52,-0.21,-67
1786635703444,1452766,Thigh,stand,-0.033184,-1.000888,0.080032,1.19,-2.73,-0.14,-67
1786635703444,1452783,Thigh,stand,-0.032208,-1.001864,0.079544,1.4,-2.66,-0.21,-67
1786635703444,1452800,Thigh,stand,-0.029768,-1.000888,0.081008,1.54,-2.52,-0.14,-67
1786635703444,1452817,Thigh,stand,-0.028304,-1.001376,0.08052,1.47,-2.59,-0.21,-67
1786635703805,1452996,Thigh,stand,-0.02928,-0.999424,0.081984,1.12,-2.66,-0.14,-65
1786635703805,1453028,Thigh,stand,-0.030256,-0.998936,0.08052,1.26,-2.24,-0.21,-65
1786635703805,1453045,Thigh,stand,-0.030256,-1.0004,0.079544,1.47,-2.31,-0.35,-65
1786635703805,1453062,Thigh,stand,-0.031232,-0.999912,0.07808,1.33,-2.45,-0.35,-65
1786635703805,1453079,Thigh,stand,-0.030744,-1.000888,0.081984,1.33,-2.31,-0.42,-65
1786635703805,1453109,Thigh,stand,-0.02928,-0.999912,0.08052,1.19,-2.1,-0.35,-65
1786635703805,1453126,Thigh,stand,-0.031232,-1.000888,0.083448,1.26,-2.17,-0.35,-65
1786635703805,1453143,Thigh,stand,-0.02928,-1.0004,0.081984,1.47,-2.24,-0.28,-65
1786635703805,1453160,Thigh,stand,-0.028792,-0.99796,0.081496,1.26,-2.38,-0.21,-65
1786635703805,1453177,Thigh,stand,-0.02928,-0.999424,0.081984,1.26,-2.24,-0.28,-65
1786635704233,1453355,Thigh,stand,-0.028792,-1.002352,0.082472,1.26,-2.31,-0.49,-65
1786635704233,1453386,Thigh,stand,-0.027328,-1.001376,0.081984,1.19,-2.24,-0.49,-65
1786635704233,1453403,Thigh,stand,-0.029768,-0.999912,0.082472,1.26,-2.24,-0.49,-65
1786635704233,1453420,Thigh,stand,-0.033672,-1.0004,0.081496,1.05,-2.52,-0.49,-65
1786635704233,1453437,Thigh,stand,-0.030744,-0.998936,0.082472,1.05,-3.08,-0.28,-65
1786635704233,1453468,Thigh,stand,-0.024888,-1.001376,0.08052,1.12,-3.01,-0.35,-65
1786635704233,1453485,Thigh,stand,-0.023912,-1.000888,0.079544,1.05,-2.73,-0.42,-65
1786635704233,1453501,Thigh,stand,-0.028304,-0.998448,0.079544,0.98,-2.45,-0.56,-65
1786635704233,1453518,Thigh,stand,-0.028792,-1.001376,0.08296,0.98,-2.45,-0.56,-65
1786635704233,1453535,Thigh,stand,-0.02928,-1.001864,0.085888,0.98,-2.52,-0.49,-65
1786635704523,1453713,Thigh,stand,-0.02684,-0.998936,0.079056,1.05,-2.8,-0.28,-68
1786635704523,1453744,Thigh,stand,-0.023424,-1.001864,0.076128,0.91,-2.17,-0.49,-68
1786635704523,1453761,Thigh,stand,-0.023912,-1.00284,0.076128,1.12,-2.24,-0.49,-68
1786635704523,1453778,Thigh,stand,-0.02196,-1.00284,0.077592,1.12,-2.52,-0.42,-68
1786635704523,1453796,Thigh,stand,-0.0244,-1.0004,0.076616,0.98,-2.38,-0.28,-68
1786635704523,1453827,Thigh,stand,-0.022448,-1.001376,0.07808,0.98,-2.45,-0.35,-68
1786635704523,1453845,Thigh,stand,-0.02684,-1.002352,0.078568,1.12,-2.59,-0.42,-68
1786635704523,1453862,Thigh,stand,-0.025864,-1.001376,0.079544,1.12,-2.87,-0.42,-68
1786635704523,1453879,Thigh,stand,-0.025864,-0.999424,0.077592,1.12,-2.73,-0.42,-68
1786635704523,1453895,Thigh,stand,-0.027328,-1.0004,0.076616,0.98,-2.59,-0.42,-68
1786635704902,1454074,Thigh,stand,-0.025376,-1.000888,0.07564,1.33,-2.45,-0.42,-68
1786635704902,1454105,Thigh,stand,-0.027816,-1.0004,0.080032,1.4,-2.45,-0.49,-68
1786635704902,1454122,Thigh,stand,-0.027328,-1.002352,0.083448,1.54,-2.8,-0.42,-68
1786635704902,1454139,Thigh,stand,-0.0244,-0.998448,0.078568,1.33,-2.87,-0.42,-68
1786635704902,1454156,Thigh,stand,-0.023912,-1.0004,0.07564,0.98,-2.24,-0.63,-68
1786635704902,1454187,Thigh,stand,-0.02196,-1.000888,0.077104,0.98,-2.59,-0.63,-68
1786635704902,1454204,Thigh,stand,-0.022936,-1.003328,0.081496,1.26,-2.52,-0.49,-68
1786635704902,1454221,Thigh,stand,-0.021472,-1.001376,0.080032,1.19,-2.59,-0.56,-68
1786635704902,1454238,Thigh,stand,-0.021472,-0.877424,0.07564,1.4,-2.52,-0.56,-68
1786635704902,1454255,Thigh,stand,-0.020008,-0.999912,0.074664,1.33,-2.24,-0.7,-68
1786635705287,1454432,Thigh,stand,-0.017568,-1.001864,0.077104,1.54,-2.31,-0.14,-71
1786635705287,1454463,Thigh,stand,-0.018544,-1.001864,0.079056,1.33,-2.24,-0.21,-71
1786635705287,1454480,Thigh,stand,-0.020008,-1.001864,0.077592,1.61,-2.17,-0.14,-71
1786635705287,1454497,Thigh,stand,-0.021472,-1.001376,0.081496,1.75,-2.45,0,-71
1786635705287,1454514,Thigh,stand,-0.020984,-0.998448,0.080032,1.61,-2.31,-0.07,-71
1786635705287,1454545,Thigh,stand,-0.0244,-1.002352,0.08052,1.96,-2.03,-0.07,-71
1786635705287,1454562,Thigh,stand,-0.023424,-1.001376,0.081984,1.89,-2.1,-0.07,-71
1786635705287,1454579,Thigh,stand,-0.022936,-0.99796,0.080032,1.61,-2.24,0,-71
1786635705287,1454596,Thigh,stand,-0.01952,-0.999912,0.083936,1.4,-2.17,-0.07,-71
1786635705287,1454613,Thigh,stand,-0.019032,-0.99796,0.083448,1.26,-2.31,0,-71
1786635705600,1454789,Thigh,stand,-0.026352,-0.999424,0.083936,1.33,-2.73,0.56,-71
1786635705600,1454820,Thigh,stand,-0.027328,-0.997472,0.084912,1.12,-2.73,0.49,-71
1786635705600,1454837,Thigh,stand,-0.024888,-1.001376,0.087352,1.05,-3.08,0.42,-71
1786635705600,1454854,Thigh,stand,-0.018544,-0.996008,0.08052,0.91,-2.94,0.49,-71
1786635705600,1454871,Thigh,stand,-0.01952,-0.999912,0.08052,0.91,-2.66,0.35,-71
1786635705600,1454902,Thigh,stand,-0.032208,-1.002352,0.084912,1.05,-2.52,0.28,-71
1786635705600,1454919,Thigh,stand,-0.033184,-1.0004,0.085888,0.98,-3.29,0.35,-71
1786635705600,1454936,Thigh,stand,-0.027816,-1.0004,0.088328,0.91,-3.71,0.49,-71
1786635705600,1454953,Thigh,stand,-0.025864,-0.999424,0.084912,0.84,-3.15,0.49,-71
1786635705600,1454970,Thigh,stand,-0.025864,-1.001864,0.084424,0.84,-2.45,0.42,-71
1786635705961,1455147,Thigh,stand,-0.027328,-1.001376,0.078568,0.84,-2.1,0.56,-68
1786635705961,1455178,Thigh,stand,-0.030744,-1.001376,0.077104,1.12,-1.54,0.42,-68
1786635705961,1455195,Thigh,stand,-0.030744,-1.001376,0.077104,0.84,-2.31,0.49,-68
1786635705961,1455213,Thigh,stand,-0.030256,-0.999424,0.073688,0.77,-2.45,0.49,-68
1786635705961,1455230,Thigh,stand,-0.030744,-0.998936,0.07564,0.63,-2.59,0.49,-68
1786635705961,1455261,Thigh,stand,-0.035624,-1.0004,0.075152,0.84,-2.8,0.49,-68
1786635705961,1455278,Thigh,stand,-0.035624,-1.001376,0.078568,1.12,-2.66,0.35,-68
1786635705961,1455295,Thigh,stand,-0.038064,-0.999424,0.079544,1.12,-2.66,0.35,-68
1786635705961,1455313,Thigh,stand,-0.037576,-1.000888,0.080032,1.26,-2.66,0.42,-68
1786635705961,1455330,Thigh,stand,-0.035136,-0.998936,0.078568,1.26,-2.38,0.49,-68
1786635706334,1455507,Thigh,stand,-0.032696,-0.998936,0.079056,1.05,-3.71,-0.28,-69
1786635706334,1455537,Thigh,stand,-0.032208,-1.001376,0.07808,0.91,-3.29,-0.28,-69
1786635706334,1455555,Thigh,stand,-0.032208,-0.999912,0.074664,1.05,-3.15,-0.49,-69
1786635706334,1455571,Thigh,stand,-0.03416,-1.001864,0.076616,1.4,-2.8,-0.49,-69
1786635706334,1455588,Thigh,stand,-0.034648,-1.0004,0.076616,1.47,-3.01,-0.49,-69
1786635706334,1455619,Thigh,stand,-0.030744,-1.0004,0.0732,1.26,-3.22,-0.56,-69
1786635706334,1455635,Thigh,stand,-0.027816,-1.000888,0.074176,1.19,-3.43,-0.56,-69
1786635706334,1455652,Thigh,stand,-0.028304,-1.001376,0.079544,1.26,-3.01,-0.7,-69
1786635706334,1455669,Thigh,stand,-0.032208,-0.999424,0.07808,1.26,-3.01,-0.77,-69
1786635706334,1455700,Thigh,stand,-0.031232,-1.0004,0.07564,1.26,-3.29,-0.7,-69
1786635706695,1455879,Thigh,stand,-0.024888,-1.001376,0.076616,1.54,-2.24,-0.77,-69
1786635706695,1455909,Thigh,stand,-0.027328,-1.001376,0.076616,1.4,-2.66,-0.63,-69
1786635706695,1455927,Thigh,stand,-0.029768,-1.0004,0.077104,1.19,-2.52,-0.63,-69
1786635706695,1455944,Thigh,stand,-0.02928,-1.001376,0.079544,1.47,-2.31,-0.63,-69
1786635706695,1455961,Thigh,stand,-0.027328,-0.998936,0.080032,1.33,-2.17,-0.56,-69
1786635706695,1455992,Thigh,stand,-0.022936,-1.001376,0.077592,1.33,-1.96,-0.56,-69
1786635706695,1456009,Thigh,stand,-0.022936,-0.999912,0.079544,1.4,-1.61,-0.63,-69
1786635706695,1456026,Thigh,stand,-0.0244,-1.000888,0.07808,1.33,-1.75,-0.63,-69
1786635706695,1456043,Thigh,stand,-0.027816,-1.000888,0.077592,1.47,-1.96,-0.63,-69
1786635706695,1456060,Thigh,stand,-0.02684,-1.000888,0.081008,1.47,-2.03,-0.63,-69
1786635707055,1456239,Thigh,stand,-0.027328,-1.000888,0.079056,1.26,-1.26,-0.7,-60
1786635707055,1456270,Thigh,stand,-0.025864,-1.0004,0.08052,1.26,-1.54,-0.63,-60
1786635707055,1456287,Thigh,stand,-0.025376,-1.001864,0.079544,1.4,-2.03,-0.42,-60
1786635707055,1456303,Thigh,stand,-0.021472,-1.000888,0.079056,1.33,-2.03,-0.42,-60
1786635707055,1456320,Thigh,stand,-0.021472,-0.999424,0.077104,1.54,-2.1,-0.42,-60
1786635707055,1456351,Thigh,stand,-0.020984,-1.001376,0.074176,1.47,-2.03,-0.42,-60
1786635707055,1456368,Thigh,stand,-0.023424,-0.999424,0.075152,1.4,-2.31,-0.28,-60
1786635707055,1456385,Thigh,stand,-0.023424,-1.0004,0.07564,1.33,-2.45,-0.28,-60
1786635707055,1456402,Thigh,stand,-0.022448,-1.001864,0.080032,1.26,-2.38,-0.28,-60
1786635707055,1456419,Thigh,stand,-0.023424,-1.0004,0.082472,1.33,-2.24,-0.28,-60
1786635707413,1456598,Thigh,stand,-0.019032,-1.0004,0.07564,1.54,-2.24,-0.28,-61
1786635707413,1456629,Thigh,stand,-0.01952,-1.00284,0.077104,1.61,-2.38,-0.35,-61
1786635707413,1456646,Thigh,stand,-0.020984,-0.998936,0.077592,1.26,-2.8,-0.14,-61
1786635707413,1456663,Thigh,stand,-0.021472,-1.00284,0.078568,1.47,-2.73,-0.07,-61
1786635707413,1456679,Thigh,stand,-0.02196,-1.000888,0.082472,1.4,-2.94,0,-61
1786635707413,1456710,Thigh,stand,-0.02196,-1.000888,0.078568,1.26,-2.94,0.07,-61
1786635707413,1456727,Thigh,stand,-0.022448,-0.999912,0.078568,1.47,-2.59,-0.07,-61
1786635707413,1456744,Thigh,stand,-0.022448,-1.0004,0.079056,1.26,-2.66,0.07,-61
1786635707413,1456761,Thigh,stand,-0.020984,-0.999424,0.080032,1.26,-2.66,0.07,-61
1786635707413,1456778,Thigh,stand,-0.018544,-1.001864,0.077104,1.26,-2.94,0.14,-61
1786635707772,1456955,Thigh,stand,-0.020496,-1.001864,0.075152,1.26,-2.66,0.28,-61
1786635707772,1456986,Thigh,stand,-0.022448,-1.0004,0.082472,1.47,-2.31,0.14,-61
1786635707772,1457003,Thigh,stand,-0.023912,-0.999424,0.081984,1.26,-2.52,0.35,-61
1786635707772,1457020,Thigh,stand,-0.023912,-1.0004,0.079544,1.12,-2.73,0.49,-61
1786635707772,1457037,Thigh,stand,-0.026352,-1.001864,0.081496,1.19,-2.73,0.49,-61
1786635707772,1457067,Thigh,stand,-0.024888,-0.999912,0.076616,1.33,-3.01,0.49,-61
1786635707772,1457084,Thigh,stand,-0.025376,-1.000888,0.076128,1.47,-3.01,0.56,-61
1786635707772,1457101,Thigh,stand,-0.023424,-0.998936,0.080032,1.47,-2.87,0.49,-61
1786635707772,1457118,Thigh,stand,-0.022936,-0.999912,0.08052,1.26,-2.52,0.42,-61
1786635707772,1457135,Thigh,stand,-0.025376,-1.001864,0.078568,1.54,-2.73,0.42,-61
1786635708134,1457313,Thigh,stand,-0.032208,-0.998936,0.08296,1.12,-3.15,0.42,-61
1786635708134,1457345,Thigh,stand,-0.02684,-1.00284,0.077104,1.19,-2.52,0.21,-61
1786635708134,1457362,Thigh,stand,-0.026352,-0.999912,0.08052,1.33,-2.38,0.14,-61
1786635708134,1457379,Thigh,stand,-0.0244,-1.0004,0.08052,1.4,-2.52,0.07,-61
1786635708134,1457396,Thigh,stand,-0.025864,-1.000888,0.079056,1.4,-2.59,0.14,-61
1786635708134,1457426,Thigh,stand,-0.029768,-1.000888,0.078568,1.47,-2.87,-0.07,-61
1786635708134,1457443,Thigh,stand,-0.029768,-1.001864,0.07808,1.47,-3.01,0,-61
1786635708134,1457460,Thigh,stand,-0.0244,-0.998936,0.07808,1.47,-3.57,0.07,-61
1786635708134,1457477,Thigh,stand,-0.023912,-0.999912,0.074664,1.05,-2.8,-0.14,-61
1786635708134,1457494,Thigh,stand,-0.027328,-0.999912,0.076616,1.19,-2.66,-0.35,-61
1786635708494,1457673,Thigh,stand,-0.025864,-1.0004,0.082472,1.26,-2.31,-0.07,-68
1786635708494,1457704,Thigh,stand,-0.030744,-1.000888,0.081008,1.26,-2.59,-0.07,-68
1786635708494,1457721,Thigh,stand,-0.029768,-0.999424,0.080032,1.61,-2.38,-0.14,-68
1786635708494,1457738,Thigh,stand,-0.025864,-0.999912,0.080032,1.4,-2.52,-0.14,-68
1786635708494,1457755,Thigh,stand,-0.02684,-1.001376,0.078568,1.61,-2.45,-0.14,-68
1786635708494,1457787,Thigh,stand,-0.026352,-1.001864,0.082472,1.61,-2.1,-0.21,-68
1786635708494,1457804,Thigh,stand,-0.027328,-0.999424,0.081008,1.4,-2.31,-0.21,-68
1786635708494,1457820,Thigh,stand,-0.026352,-1.001376,0.079544,1.4,-2.73,-0.14,-68
1786635708494,1457837,Thigh,stand,-0.023424,-0.999912,0.08052,1.33,-2.87,-0.07,-68
1786635708494,1457854,Thigh,stand,-0.022448,-1.002352,0.08052,1.54,-2.31,-0.21,-68
1786635708851,1458033,Thigh,stand,-0.025864,-1.0004,0.081984,1.26,-1.82,-0.21,-68
1786635708851,1458064,Thigh,stand,-0.02928,-1.0004,0.084424,1.4,-2.03,-0.07,-68
1786635708851,1458081,Thigh,stand,-0.032696,-0.999912,0.08296,1.12,-2.17,-0.07,-68
1786635708851,1458098,Thigh,stand,-0.032696,-1.001864,0.083448,1.33,-2.45,0,-68
1786635708851,1458115,Thigh,stand,-0.028304,-1.0004,0.08296,1.33,-2.45,0,-68
1786635708851,1458146,Thigh,stand,-0.02684,-1.0004,0.078568,1.33,-2.38,-0.14,-68
1786635708851,1458163,Thigh,stand,-0.025864,-0.998936,0.081984,1.4,-2.17,-0.28,-68
1786635708851,1458180,Thigh,stand,-0.02928,-1.000888,0.08052,1.4,-2.45,-0.21,-68
1786635708851,1458197,Thigh,stand,-0.028304,-0.998936,0.08296,1.33,-2.66,-0.21,-68
1786635708851,1458213,Thigh,stand,-0.028304,-0.998936,0.0854,1.05,-2.52,-0.21,-68
1786635709216,1458389,Thigh,stand,-0.024888,-1.000888,0.079544,1.19,-2.73,-0.42,-68
1786635709216,1458420,Thigh,stand,-0.029768,-0.998448,0.082472,0.91,-2.8,-0.35,-68
1786635709216,1458437,Thigh,stand,-0.028792,-1.000888,0.081496,0.98,-3.08,-0.28,-68
1786635709216,1458454,Thigh,stand,-0.025376,-1.002352,0.080032,0.98,-2.94,-0.35,-68
1786635709216,1458471,Thigh,stand,-0.023912,-0.999912,0.079544,0.98,-2.59,-0.42,-68
1786635709216,1458502,Thigh,stand,-0.02684,-1.001376,0.077592,0.98,-2.94,-0.49,-68
1786635709216,1458519,Thigh,stand,-0.027816,-1.001864,0.083448,1.12,-2.87,-0.49,-68
1786635709216,1458536,Thigh,stand,-0.027328,-0.999912,0.08296,1.26,-2.73,-0.35,-68
1786635709216,1458553,Thigh,stand,-0.025864,-0.999912,0.081984,1.12,-3.01,-0.28,-68
1786635709216,1458571,Thigh,stand,-0.025376,-0.999912,0.081008,1.12,-2.94,-0.21,-68
1786635709661,1458749,Thigh,stand,-0.025864,-1.000888,0.081984,1.19,-2.1,-0.28,-68
1786635709661,1458780,Thigh,stand,-0.027816,-1.001864,0.077104,1.05,-2.38,-0.35,-68
1786635709661,1458797,Thigh,stand,-0.025376,-1.000888,0.077104,0.98,-2.45,-0.28,-68
1786635709661,1458815,Thigh,stand,-0.022936,-1.001376,0.076128,0.98,-2.73,-0.42,-68
1786635709661,1458832,Thigh,stand,-0.022448,-1.001864,0.077592,1.05,-2.52,-0.49,-68
1786635709661,1458863,Thigh,stand,-0.024888,-1.000888,0.079056,0.91,-2.59,-0.63,-68
1786635709661,1458880,Thigh,stand,-0.028304,-1.0004,0.078568,1.12,-2.45,-0.49,-68
1786635709661,1458897,Thigh,stand,-0.023424,-0.999912,0.081496,1.12,-2.45,-0.49,-68
1786635709661,1458914,Thigh,stand,-0.022448,-1.001376,0.081496,1.12,-2.38,-0.35,-68
1786635709661,1458931,Thigh,stand,-0.020984,-1.0004,0.08052,1.33,-2.03,-0.35,-68
1786635709935,1459108,Thigh,stand,-0.023912,-1.000888,0.078568,1.12,-2.03,-0.42,-71
1786635709935,1459139,Thigh,stand,-0.023912,-1.0004,0.075152,1.19,-2.38,-0.49,-71
1786635709935,1459156,Thigh,stand,-0.02196,-1.000888,0.077104,1.12,-2.52,-0.49,-71
1786635709935,1459173,Thigh,stand,-0.023424,-1.000888,0.079544,1.05,-2.45,-0.49,-71
1786635709935,1459190,Thigh,stand,-0.024888,-1.000888,0.079544,1.12,-2.45,-0.49,-71
1786635709935,1459221,Thigh,stand,-0.022448,-1.0004,0.079056,1.26,-2.45,-0.42,-71
1786635709935,1459238,Thigh,stand,-0.024888,-1.0004,0.078568,1.26,-2.45,-0.42,-71
1786635709935,1459255,Thigh,stand,-0.022936,-0.998936,0.077592,1.12,-2.52,-0.49,-71
1786635709935,1459272,Thigh,stand,-0.02196,-0.998936,0.078568,0.98,-2.1,-0.63,-71
1786635709935,1459289,Thigh,stand,-0.022936,-1.000888,0.077104,0.98,-2.17,-0.63,-71
1786635710315,1459467,Thigh,stand,-0.019032,-1.001376,0.075152,1.26,-1.89,-0.42,-69
1786635710315,1459499,Thigh,stand,-0.022448,-1.001376,0.074176,1.4,-2.59,-0.42,-69
1786635710315,1459516,Thigh,stand,-0.01708,-1.001376,0.075152,1.19,-2.73,-0.42,-69
1786635710315,1459533,Thigh,stand,-0.01464,-1.001864,0.072224,1.19,-2.38,-0.49,-69
1786635710315,1459550,Thigh,stand,-0.018544,-1.000888,0.075152,1.33,-2.52,-0.63,-69
1786635710315,1459581,Thigh,stand,-0.021472,-1.000888,0.076616,0.98,-2.38,-0.7,-69
1786635710315,1459598,Thigh,stand,-0.020984,-1.001376,0.07808,0.98,-2.24,-0.63,-69
1786635710315,1459615,Thigh,stand,-0.020984,-1.002352,0.08052,1.19,-2.24,-0.42,-69
1786635710315,1459632,Thigh,stand,-0.021472,-1.000888,0.08052,1.26,-2.38,-0.28,-69
1786635710315,1459649,Thigh,stand,-0.02196,-0.999424,0.079056,1.19,-2.17,-0.21,-69
1786635710699,1459827,Thigh,stand,-0.020496,-1.00284,0.076616,1.33,-2.8,-0.07,-69
1786635710699,1459858,Thigh,stand,-0.016104,-1.0004,0.076616,1.4,-2.38,-0.28,-69
1786635710699,1459875,Thigh,stand,-0.01952,-1.000888,0.07808,1.4,-2.45,-0.28,-69
1786635710699,1459892,Thigh,stand,-0.022448,-1.0004,0.079544,1.4,-2.38,-0.21,-69
1786635710699,1459909,Thigh,stand,-0.023424,-1.001864,0.079544,1.47,-2.52,-0.14,-69
1786635710699,1459940,Thigh,stand,-0.01952,-0.999424,0.080032,1.33,-2.45,-0.14,-69
1786635710699,1459957,Thigh,stand,-0.017568,-1.000888,0.077104,1.26,-2.31,-0.14,-69
1786635710699,1459974,Thigh,stand,-0.018056,-0.999424,0.077592,1.26,-2.38,-0.21,-69
1786635710699,1459991,Thigh,stand,-0.019032,-0.999912,0.077592,1.19,-2.59,-0.21,-69
1786635710699,1460008,Thigh,stand,-0.020984,-1.001864,0.081008,1.33,-2.59,-0.21,-69
1786635711095,1460186,Thigh,stand,-0.018056,-1.001864,0.076616,1.33,-2.45,-0.07,-69
1786635711095,1460217,Thigh,stand,-0.017568,-0.999912,0.074664,1.19,-2.87,-0.07,-69
1786635711095,1460234,Thigh,stand,-0.019032,-1.00284,0.075152,1.33,-2.45,-0.21,-69
1786635711095,1460251,Thigh,stand,-0.022936,-0.999912,0.07808,1.33,-2.52,-0.21,-69
1786635711095,1460268,Thigh,stand,-0.023912,-0.999912,0.08052,1.4,-2.45,0,-69
1786635711095,1460299,Thigh,stand,-0.01952,-1.001864,0.08052,1.26,-2.59,0.14,-69
1786635711095,1460316,Thigh,stand,-0.018056,-1.000888,0.07808,1.4,-2.45,0.14,-69
1786635711095,1460333,Thigh,stand,-0.019032,-0.999424,0.075152,1.33,-2.03,0,-69
1786635711095,1460350,Thigh,stand,-0.020496,-0.999912,0.076616,1.47,-1.89,0.07,-69
1786635711095,1460367,Thigh,stand,-0.021472,-1.0004,0.079544,1.4,-2.03,0.14,-69
1786635711370,1460544,Thigh,stand,-0.022936,-1.001376,0.076616,1.47,-2.1,0.07,-67
1786635711370,1460575,Thigh,stand,-0.01952,-0.999912,0.076128,1.33,-2.24,0,-67
1786635711370,1460592,Thigh,stand,-0.023424,-1.0004,0.07808,1.47,-2.31,0,-67
1786635711370,1460609,Thigh,stand,-0.0244,-0.999424,0.078568,1.33,-2.52,-0.07,-67
1786635711370,1460626,Thigh,stand,-0.023912,-1.0004,0.080032,1.47,-2.73,0.14,-67
1786635711370,1460657,Thigh,stand,-0.022936,-1.001376,0.076616,1.12,-2.66,0.14,-67
1786635711370,1460674,Thigh,stand,-0.024888,-1.001864,0.078568,1.47,-2.66,0.07,-67
1786635711370,1460691,Thigh,stand,-0.023912,-1.001376,0.079544,1.47,-2.8,0.21,-67
1786635711370,1460708,Thigh,stand,-0.019032,-1.000888,0.079056,1.54,-2.8,0.28,-67
1786635711370,1460725,Thigh,stand,-0.018056,-1.001376,0.076128,1.61,-2.87,0.21,-67
1786635711730,1460902,Thigh,stand,-0.018056,-0.999424,0.076128,1.33,-3.01,0.28,-67
1786635711730,1460933,Thigh,stand,-0.022936,-1.001376,0.07808,1.26,-2.59,0.07,-67
1786635711730,1460950,Thigh,stand,-0.027328,-1.000888,0.081984,1.26,-2.73,0.14,-67
1786635711730,1460967,Thigh,stand,-0.026352,-1.0004,0.08052,1.19,-3.08,0.28,-67
1786635711730,1460984,Thigh,stand,-0.025864,-1.000888,0.081984,1.4,-2.87,0.35,-67
1786635711730,1461015,Thigh,stand,-0.0244,-1.000888,0.08052,1.54,-2.24,0.21,-67
1786635711730,1461032,Thigh,stand,-0.025864,-1.0004,0.08052,1.54,-2.24,0.21,-67
1786635711730,1461049,Thigh,stand,-0.024888,-0.999912,0.079544,1.54,-2.17,0.21,-67
1786635711730,1461066,Thigh,stand,-0.025376,-0.998936,0.079544,1.33,-2.31,0.21,-67
1786635711730,1461083,Thigh,stand,-0.024888,-1.0004,0.079056,1.26,-2.59,0.21,-67
1786635712111,1461261,Thigh,stand,-0.026352,-1.000888,0.081496,1.4,-2.52,-0.14,-68
1786635712111,1461291,Thigh,stand,-0.0244,-1.0004,0.079544,1.4,-2.59,-0.07,-68
1786635712111,1461309,Thigh,stand,-0.023912,-0.999912,0.079056,1.26,-2.1,-0.21,-68
1786635712111,1461325,Thigh,stand,-0.023424,-1.001376,0.079544,1.19,-1.96,-0.35,-68
1786635712111,1461342,Thigh,stand,-0.026352,-1.000888,0.078568,1.19,-2.03,-0.21,-68
1786635712111,1461373,Thigh,stand,-0.029768,-1.0004,0.080032,1.4,-2.38,-0.21,-68
1786635712111,1461390,Thigh,stand,-0.028304,-1.001376,0.079056,1.33,-2.45,-0.21,-68
1786635712111,1461407,Thigh,stand,-0.0244,-0.999912,0.077592,1.33,-2.52,-0.14,-68
1786635712111,1461424,Thigh,stand,-0.022936,-1.000888,0.076616,1.12,-2.45,-0.14,-68
1786635712111,1461441,Thigh,stand,-0.022936,-1.0004,0.078568,1.19,-2.45,-0.28,-68
1786635712454,1461619,Thigh,stand,-0.022448,-1.001376,0.077104,1.33,-2.03,-0.35,-68
1786635712454,1461649,Thigh,stand,-0.023912,-1.000888,0.08296,1.26,-2.38,-0.14,-68
1786635712454,1461666,Thigh,stand,-0.0244,-0.999424,0.082472,1.47,-2.38,-0.14,-68
1786635712454,1461683,Thigh,stand,-0.024888,-0.999424,0.081984,1.54,-2.31,-0.07,-68
1786635712454,1461700,Thigh,stand,-0.025376,-1.001376,0.081984,1.4,-2.38,0,-68
1786635712454,1461731,Thigh,stand,-0.023912,-0.999424,0.079056,1.4,-2.31,-0.07,-68
1786635712454,1461749,Thigh,stand,-0.022936,-1.001864,0.077592,1.4,-2.03,-0.07,-68
1786635712454,1461766,Thigh,stand,-0.021472,-1.000888,0.078568,1.26,-2.24,-0.14,-68
1786635712454,1461783,Thigh,stand,-0.023424,-1.001376,0.077104,1.19,-2.45,-0.14,-68
1786635712454,1461800,Thigh,stand,-0.023424,-1.0004,0.081008,1.4,-2.66,-0.07,-68
1786635712809,1461978,Thigh,stand,-0.025376,-1.0004,0.080032,1.47,-2.8,0.21,-68
1786635712809,1462010,Thigh,stand,-0.023912,-1.000888,0.080032,1.54,-3.08,0.21,-68
1786635712809,1462026,Thigh,stand,-0.023912,-1.000888,0.079056,1.4,-2.73,0.21,-68
1786635712809,1462044,Thigh,stand,-0.025864,-1.000888,0.080032,1.61,-2.66,0.21,-68
1786635712809,1462060,Thigh,stand,-0.023912,-1.0004,0.081496,1.61,-2.8,0.21,-68
1786635712809,1462091,Thigh,stand,-0.027328,-1.001376,0.081008,1.4,-2.73,0.28,-68
1786635712809,1462108,Thigh,stand,-0.02684,-1.000888,0.08052,1.54,-2.8,0.35,-68
1786635712809,1462125,Thigh,stand,-0.024888,-0.998936,0.077592,1.54,-3.01,0.42,-68
1786635712809,1462142,Thigh,stand,-0.024888,-1.0004,0.077104,1.47,-3.08,0.35,-68
1786635712809,1462159,Thigh,stand,-0.022936,-1.000888,0.081008,1.61,-2.73,0.21,-68
1786635713168,1462338,Thigh,stand,-0.03172,-0.999912,0.0854,1.61,-2.31,0.35,-68
1786635713168,1462369,Thigh,stand,-0.028792,-1.0004,0.08296,1.54,-2.24,0.42,-68
1786635713168,1462386,Thigh,stand,-0.029768,-1.001376,0.083936,1.75,-1.82,0.28,-68
1786635713168,1462403,Thigh,stand,-0.030744,-1.0004,0.08296,1.75,-2.03,0.21,-68
1786635713168,1462419,Thigh,stand,-0.029768,-0.999912,0.081496,1.68,-2.17,0.21,-68
1786635713168,1462450,Thigh,stand,-0.030256,-0.99796,0.083936,1.47,-2.45,0.07,-68
1786635713168,1462467,Thigh,stand,-0.031232,-0.999424,0.082472,1.4,-2.45,0,-68
1786635713168,1462484,Thigh,stand,-0.030256,-1.000888,0.083936,1.33,-2.59,0.07,-68
1786635713168,1462501,Thigh,stand,-0.028792,-1.000888,0.083448,1.47,-2.52,0.14,-68
1786635713168,1462518,Thigh,stand,-0.029768,-1.0004,0.082472,1.26,-2.66,0.14,-68
1786635713600,1462696,Thigh,stand,-0.028792,-1.0004,0.082472,1.4,-2.59,-0.21,-66
1786635713600,1462785,Thigh,stand,-0.033184,-0.99796,0.084424,1.47,-2.45,-0.14,-66
1786635713600,1462817,Thigh,stand,-0.029768,-0.998448,0.085888,1.26,-2.73,-0.07,-66
1786635713600,1462834,Thigh,stand,-0.031232,-1.001864,0.08296,1.33,-2.52,-0.14,-66
1786635713600,1462851,Thigh,stand,-0.032208,-0.999424,0.084912,1.47,-2.38,-0.21,-66
1786635713600,1462867,Thigh,stand,-0.030744,-0.998936,0.083936,1.47,-2.24,-0.28,-66
1786635713600,1462898,Thigh,stand,-0.02928,-1.0004,0.0854,1.47,-2.24,-0.21,-66
1786635713600,1462915,Thigh,stand,-0.03172,-0.998936,0.0854,1.4,-2.45,-0.28,-66
1786635713600,1462932,Thigh,stand,-0.033672,-0.998936,0.08784,1.33,-2.52,-0.21,-66
1786635713600,1462949,Thigh,stand,-0.030744,-1.0004,0.084424,1.19,-2.66,-0.21,-66
1786635713961,1463127,Thigh,stand,-0.031232,-1.001376,0.084912,0.91,-2.03,-0.56,-66
1786635713961,1463157,Thigh,stand,-0.02928,-1.000888,0.081984,0.98,-2.31,-0.56,-66
1786635713961,1463175,Thigh,stand,-0.030744,-1.000888,0.081496,0.84,-2.52,-0.49,-66
1786635713961,1463191,Thigh,stand,-0.028304,-1.0004,0.079056,0.98,-2.45,-0.56,-66
1786635713961,1463208,Thigh,stand,-0.028304,-0.999912,0.078568,1.05,-2.38,-0.7,-66
1786635713961,1463239,Thigh,stand,-0.025376,-1.0004,0.082472,0.98,-2.66,-0.63,-66
1786635713961,1463256,Thigh,stand,-0.026352,-0.999912,0.081984,0.84,-2.66,-0.63,-66
1786635713961,1463273,Thigh,stand,-0.025864,-1.0004,0.081496,0.91,-2.38,-0.56,-66
1786635713961,1463290,Thigh,stand,-0.0244,-1.000888,0.077104,0.84,-2.1,-0.7,-66
1786635713961,1463307,Thigh,stand,-0.02684,-1.000888,0.07808,1.19,-2.1,-0.63,-66
1786635714320,1463484,Thigh,stand,-0.024888,-0.999912,0.081008,0.91,-2.52,-0.63,-66
1786635714320,1463516,Thigh,stand,-0.023912,-0.999912,0.081008,0.98,-2.31,-0.56,-66
1786635714320,1463533,Thigh,stand,-0.0244,-1.001376,0.08296,0.77,-2.31,-0.49,-66
1786635714320,1463550,Thigh,stand,-0.023912,-1.00284,0.08296,0.91,-2.45,-0.49,-66
1786635714320,1463566,Thigh,stand,-0.023424,-0.999424,0.081008,0.91,-2.45,-0.42,-66
1786635714320,1463597,Thigh,stand,-0.027328,-0.999912,0.079544,0.98,-2.31,-0.42,-66
1786635714320,1463614,Thigh,stand,-0.030256,-1.000888,0.082472,1.12,-2.31,-0.42,-66
1786635714320,1463631,Thigh,stand,-0.027816,-1.0004,0.081984,1.12,-2.38,-0.35,-66
1786635714320,1463648,Thigh,stand,-0.022936,-1.0004,0.082472,1.33,-2.59,-0.21,-66
1786635714320,1463665,Thigh,stand,-0.01952,-0.999912,0.079056,1.05,-2.52,-0.21,-66
1786635714681,1463844,Thigh,stand,-0.027328,-1.001864,0.081008,1.19,-2.52,-0.42,-67
1786635714681,1463875,Thigh,stand,-0.0244,-1.001864,0.077104,0.98,-2.45,-0.42,-67
1786635714681,1463892,Thigh,stand,-0.0244,-1.0004,0.074176,1.26,-2.45,-0.49,-67
1786635714681,1463909,Thigh,stand,-0.022936,-1.000888,0.07564,1.19,-2.66,-0.56,-67
1786635714681,1463926,Thigh,stand,-0.022448,-1.000888,0.076128,1.26,-2.66,-0.49,-67
1786635714681,1463956,Thigh,stand,-0.019032,-0.999424,0.077104,0.7,-2.8,-0.35,-67
1786635714681,1463973,Thigh,stand,-0.018544,-1.000888,0.073688,0.91,-2.66,-0.35,-67
1786635714681,1463990,Thigh,stand,-0.02196,-1.00284,0.076128,1.26,-2.45,-0.35,-67
1786635714681,1464007,Thigh,stand,-0.023424,-1.0004,0.077592,1.26,-2.66,-0.28,-67
1786635714681,1464024,Thigh,stand,-0.02196,-1.000888,0.076616,1.12,-3.08,-0.14,-67
1786635715039,1464203,Thigh,stand,-0.022936,-1.001864,0.078568,1.4,-2.45,-0.21,-67
1786635715039,1464235,Thigh,stand,-0.020984,-0.999912,0.08052,1.75,-2.24,-0.21,-67
1786635715039,1464252,Thigh,stand,-0.022448,-0.999912,0.081496,1.26,-2.45,-0.14,-67
1786635715039,1464269,Thigh,stand,-0.021472,-0.999424,0.079544,1.19,-2.31,-0.21,-67
1786635715039,1464286,Thigh,stand,-0.023912,-1.000888,0.080032,1.26,-2.31,-0.21,-67
1786635715039,1464317,Thigh,stand,-0.023424,-1.001864,0.078568,1.19,-2.66,0,-67
1786635715039,1464333,Thigh,stand,-0.023424,-1.0004,0.077592,1.26,-2.8,0,-67
1786635715039,1464350,Thigh,stand,-0.023912,-1.000888,0.079544,1.26,-2.45,-0.14,-67
1786635715039,1464367,Thigh,stand,-0.02684,-1.001376,0.081496,1.26,-2.31,-0.21,-67
1786635715039,1464384,Thigh,stand,-0.024888,-0.999424,0.083448,1.33,-2.52,-0.14,-67
1786635715425,1464562,Thigh,stand,-0.026352,-1.0004,0.081496,1.19,-2.73,-0.21,-60
1786635715425,1464593,Thigh,stand,-0.020984,-1.000888,0.078568,1.19,-2.45,-0.14,-60
1786635715425,1464610,Thigh,stand,-0.020984,-0.999912,0.07808,1.12,-2.31,-0.21,-60
1786635715425,1464627,Thigh,stand,-0.020984,-1.000888,0.075152,1.12,-2.52,-0.28,-60
1786635715425,1464644,Thigh,stand,-0.018544,-1.002352,0.076128,1.26,-2.17,-0.28,-60
1786635715425,1464675,Thigh,stand,-0.022936,-1.000888,0.080032,1.19,-2.38,0,-60
1786635715425,1464692,Thigh,stand,-0.020008,-0.999912,0.080032,1.12,-2.87,0,-60
1786635715425,1464709,Thigh,stand,-0.01708,-1.00284,0.074176,1.05,-2.66,-0.07,-60
1786635715425,1464725,Thigh,stand,-0.018544,-1.002352,0.072224,1.26,-2.45,-0.21,-60
1786635715425,1464742,Thigh,stand,-0.019032,-1.001864,0.074176,1.33,-2.31,-0.42,-60
1786635715808,1464920,Thigh,stand,-0.019032,-1.001864,0.076128,1.82,-2.24,0.21,-62
1786635715808,1464951,Thigh,stand,-0.017568,-1.001376,0.077104,1.61,-2.03,0.21,-62
1786635715808,1464968,Thigh,stand,-0.022936,-1.0004,0.078568,1.47,-2.17,0.14,-62
1786635715808,1464985,Thigh,stand,-0.024888,-1.001864,0.078568,1.54,-2.31,0.21,-62
1786635715808,1465002,Thigh,stand,-0.024888,-0.999912,0.082472,1.75,-2.52,0.35,-62
1786635715808,1465033,Thigh,stand,-0.026352,-1.0004,0.07808,1.54,-2.8,0.49,-62
1786635715808,1465050,Thigh,stand,-0.028792,-0.998448,0.08052,1.47,-2.73,0.42,-62
1786635715808,1465067,Thigh,stand,-0.027816,-0.999912,0.084424,1.47,-3.08,0.35,-62
1786635715808,1465084,Thigh,stand,-0.024888,-1.001376,0.08052,1.61,-2.87,0.35,-62
1786635715808,1465100,Thigh,stand,-0.02196,-1.001864,0.081008,1.61,-2.8,0.49,-62
1786635716188,1465278,Thigh,stand,-0.02928,-1.001376,0.083936,1.4,-2.03,0.21,-62
1786635716188,1465309,Thigh,stand,-0.031232,-0.998936,0.084424,1.61,-2.38,0.35,-62
1786635716188,1465326,Thigh,stand,-0.030744,-0.998936,0.082472,1.47,-2.38,0.35,-62
1786635716188,1465343,Thigh,stand,-0.032696,-0.999424,0.083936,1.54,-2.52,0.42,-62
1786635716188,1465360,Thigh,stand,-0.031232,-0.999424,0.084424,1.54,-2.66,0.42,-62
1786635716188,1465391,Thigh,stand,-0.028304,-0.999424,0.081496,1.47,-2.59,0.28,-62
1786635716188,1465408,Thigh,stand,-0.027816,-0.999424,0.080032,1.33,-2.52,0.21,-62
1786635716188,1465425,Thigh,stand,-0.028304,-0.999424,0.078568,1.33,-2.73,0.14,-62
1786635716188,1465442,Thigh,stand,-0.031232,-0.999912,0.081496,1.47,-2.73,0.14,-62
1786635716188,1465459,Thigh,stand,-0.033184,-1.001376,0.084912,1.61,-2.66,0.21,-62
1786635716474,1465637,Thigh,stand,-0.028304,-1.000888,0.084424,1.68,-3.08,0.07,-62
1786635716474,1465668,Thigh,stand,-0.02684,-1.0004,0.081008,1.47,-2.87,0.14,-62
1786635716474,1465685,Thigh,stand,-0.024888,-1.0004,0.080032,1.4,-2.66,0,-62
1786635716474,1465702,Thigh,stand,-0.023424,-1.001864,0.081496,1.54,-2.31,-0.07,-62
1786635716474,1465719,Thigh,stand,-0.028304,-0.99796,0.083936,1.47,-2.1,-0.14,-62
1786635716474,1465750,Thigh,stand,-0.02684,-0.999912,0.08784,1.47,-2.45,0,-62
1786635716474,1465767,Thigh,stand,-0.025864,-0.998448,0.08784,1.47,-2.59,0.07,-62
1786635716474,1465784,Thigh,stand,-0.028792,-0.999424,0.088816,1.54,-2.1,0.07,-62
1786635716474,1465801,Thigh,stand,-0.030744,-0.998448,0.08784,1.33,-2.1,0,-62
1786635716474,1465818,Thigh,stand,-0.032208,-0.998936,0.0854,1.26,-1.96,0.07,-62
1786635716835,1465992,Thigh,stand,-0.024888,-0.99796,0.083936,1.47,-1.68,0.28,-67
1786635716835,1466023,Thigh,stand,-0.029768,-1.001376,0.082472,1.47,-1.82,0.42,-67
1786635716835,1466040,Thigh,stand,-0.03172,-1.0004,0.081496,1.33,-1.75,0.28,-67
1786635716835,1466057,Thigh,stand,-0.033184,-1.002352,0.081984,1.4,-1.82,0.14,-67
1786635716835,1466074,Thigh,stand,-0.032208,-0.999912,0.082472,1.68,-2.03,0.14,-67
1786635716835,1466105,Thigh,stand,-0.033184,-1.001864,0.086864,1.54,-2.52,0.07,-67
1786635716835,1466122,Thigh,stand,-0.032696,-0.998448,0.086376,1.26,-2.38,0,-67
1786635716835,1466139,Thigh,stand,-0.034648,-1.001376,0.083448,1.47,-2.38,0.14,-67
1786635716835,1466156,Thigh,stand,-0.030256,-0.999424,0.082472,1.33,-2.73,0.21,-67
1786635716835,1466173,Thigh,stand,-0.02928,-1.0004,0.080032,1.26,-2.24,0.14,-67
1786635717192,1466350,Thigh,stand,-0.023912,-1.0004,0.081008,1.47,-2.31,0,-67
1786635717192,1466381,Thigh,stand,-0.030744,-0.999912,0.079056,0.98,-2.24,-0.35,-67
1786635717192,1466398,Thigh,stand,-0.03416,-1.001376,0.081008,1.33,-2.73,-0.21,-67
1786635717192,1466415,Thigh,stand,-0.033184,-1.001864,0.089792,1.47,-2.87,0,-67
1786635717192,1466432,Thigh,stand,-0.03172,-0.999424,0.090768,1.54,-2.94,0.07,-67
1786635717192,1466463,Thigh,stand,-0.03172,-0.999912,0.08296,1.19,-2.59,0.07,-67
1786635717192,1466480,Thigh,stand,-0.036112,-0.999912,0.082472,1.19,-2.03,-0.42,-67
1786635717192,1466497,Thigh,stand,-0.03904,-1.000888,0.0854,1.33,-2.31,-0.42,-67
1786635717192,1466514,Thigh,stand,-0.037088,-0.998448,0.088816,1.26,-2.8,-0.07,-67
1786635717192,1466531,Thigh,stand,-0.035136,-1.000888,0.089304,1.33,-3.01,0.07,-67
1786635717552,1466708,Thigh,stand,-0.027328,-0.999424,0.084912,1.47,-2.59,-0.07,-67
1786635717552,1466739,Thigh,stand,-0.032208,-1.0004,0.08052,1.19,-2.59,-0.28,-67
1786635717552,1466756,Thigh,stand,-0.032208,-1.0004,0.084424,1.19,-2.52,-0.35,-67
1786635717552,1466773,Thigh,stand,-0.034648,-1.000888,0.086864,1.19,-2.73,-0.28,-67
1786635717552,1466790,Thigh,stand,-0.032208,-1.001376,0.08784,1.26,-2.73,-0.21,-67
1786635717552,1466821,Thigh,stand,-0.028792,-1.0004,0.084424,1.47,-2.45,-0.14,-67
1786635717552,1466838,Thigh,stand,-0.030744,-0.998936,0.086864,1.47,-2.24,-0.14,-67
1786635717552,1466855,Thigh,stand,-0.032208,-0.998448,0.0854,0.98,-2.31,-0.21,-67
1786635717552,1466872,Thigh,stand,-0.033672,-1.0004,0.083448,1.26,-2.31,-0.21,-67
1786635717552,1466889,Thigh,stand,-0.032208,-0.99796,0.0854,1.12,-2.1,-0.14,-67
1786635717911,1467067,Thigh,stand,-0.040504,-0.998936,0.089304,1.19,-2.73,-0.42,-66
1786635717911,1467097,Thigh,stand,-0.03172,-1.0004,0.091744,1.26,-2.8,-0.07,-66
1786635717911,1467114,Thigh,stand,-0.032208,-0.998448,0.090768,1.33,-2.31,-0.14,-66
1786635717911,1467131,Thigh,stand,-0.032208,-0.999424,0.087352,1.26,-1.82,-0.35,-66
1786635717911,1467148,Thigh,stand,-0.033184,-0.998936,0.08296,1.12,-1.68,-0.49,-66
1786635717911,1467179,Thigh,stand,-0.032696,-1.0004,0.082472,1.05,-1.96,-0.56,-66
1786635717911,1467196,Thigh,stand,-0.03416,-0.999912,0.086376,1.12,-2.45,-0.7,-66
1786635717911,1467213,Thigh,stand,-0.032696,-1.0004,0.088328,1.12,-2.59,-0.56,-66
1786635717911,1467230,Thigh,stand,-0.029768,-1.000888,0.089792,1.26,-2.59,-0.56,-66
1786635717911,1467247,Thigh,stand,-0.028792,-0.998936,0.086864,1.05,-2.52,-0.56,-66
1786635718268,1467425,Thigh,stand,-0.031232,-1.0004,0.082472,0.91,-2.45,-0.7,-66
1786635718268,1467456,Thigh,stand,-0.026352,-0.999912,0.083448,0.98,-2.66,-0.49,-66
1786635718268,1467473,Thigh,stand,-0.028304,-1.000888,0.081496,0.98,-2.24,-0.49,-66
1786635718268,1467489,Thigh,stand,-0.028792,-0.999424,0.082472,0.84,-2.45,-0.35,-66
1786635718268,1467506,Thigh,stand,-0.03172,-1.001376,0.081984,0.84,-2.52,-0.49,-66
1786635718268,1467537,Thigh,stand,-0.02684,-1.0004,0.08052,1.05,-2.52,-0.56,-66
1786635718268,1467554,Thigh,stand,-0.02684,-1.0004,0.07808,0.98,-2.38,-0.63,-66
1786635718268,1467571,Thigh,stand,-0.027328,-1.000888,0.078568,1.05,-2.31,-0.7,-66
1786635718268,1467588,Thigh,stand,-0.028792,-0.999912,0.080032,1.12,-2.24,-0.7,-66
1786635718268,1467605,Thigh,stand,-0.028304,-1.001864,0.084912,1.26,-2.59,-0.56,-66
1786635718628,1467783,Thigh,stand,-0.023912,-1.0004,0.085888,1.12,-2.45,-0.56,-67
1786635718628,1467814,Thigh,stand,-0.024888,-0.999424,0.082472,1.26,-2.24,-0.42,-67
1786635718628,1467831,Thigh,stand,-0.025864,-1.001376,0.078568,1.12,-2.24,-0.35,-67
1786635718628,1467847,Thigh,stand,-0.02684,-1.001376,0.07564,1.33,-2.1,-0.42,-67
1786635718628,1467864,Thigh,stand,-0.027328,-1.0004,0.077592,1.33,-2.17,-0.35,-67
1786635718628,1467895,Thigh,stand,-0.023912,-0.999912,0.082472,1.26,-2.73,-0.35,-67
1786635718628,1467912,Thigh,stand,-0.0244,-1.000888,0.08296,1.33,-2.52,-0.28,-67
1786635718628,1467929,Thigh,stand,-0.022936,-0.998936,0.08052,1.4,-2.52,-0.28,-67
1786635718628,1467946,Thigh,stand,-0.023424,-1.000888,0.081984,1.4,-2.31,-0.28,-67
1786635718628,1467963,Thigh,stand,-0.017568,-1.002352,0.075152,1.12,-2.52,-0.35,-67
1786635718986,1468141,Thigh,stand,-0.023424,-1.001376,0.079544,1.4,-2.1,-0.07,-67
1786635718986,1468172,Thigh,stand,-0.02684,-0.999912,0.081984,1.47,-2.52,0.07,-67
1786635718986,1468189,Thigh,stand,-0.025376,-1.000888,0.081496,1.33,-2.73,0.14,-67
1786635718986,1468206,Thigh,stand,-0.023424,-0.999424,0.081496,1.33,-2.59,0.07,-67
1786635718986,1468222,Thigh,stand,-0.022936,-0.999912,0.079544,1.19,-2.31,-0.07,-67
1786635718986,1468253,Thigh,stand,-0.023912,-1.001376,0.077592,1.4,-1.96,-0.07,-67
1786635718986,1468270,Thigh,stand,-0.026352,-1.0004,0.081496,1.4,-1.96,-0.07,-67
1786635718986,1468287,Thigh,stand,-0.028304,-0.999912,0.0854,1.4,-2.24,-0.07,-67
1786635718986,1468304,Thigh,stand,-0.027328,-0.998936,0.080032,1.19,-2.52,0,-67
1786635718986,1468321,Thigh,stand,-0.030256,-1.0004,0.081008,0.98,-3.08,0.14,-67
1786635719349,1468499,Thigh,stand,-0.025864,-1.001376,0.08052,1.12,-2.73,-0.07,-67
1786635719349,1468530,Thigh,stand,-0.027816,-0.99796,0.079056,1.12,-2.66,-0.21,-67
1786635719349,1468547,Thigh,stand,-0.026352,-0.998936,0.07808,1.19,-2.52,-0.28,-67
1786635719349,1468564,Thigh,stand,-0.026352,-1.001376,0.082472,1.33,-2.59,-0.28,-67
1786635719349,1468581,Thigh,stand,-0.023912,-1.001376,0.084912,1.26,-2.66,-0.21,-67
1786635719349,1468611,Thigh,stand,-0.024888,-0.999912,0.077592,1.05,-2.59,-0.21,-67
1786635719349,1468628,Thigh,stand,-0.025864,-0.999912,0.08052,1.33,-2.38,-0.28,-67
1786635719349,1468645,Thigh,stand,-0.027816,-1.001864,0.083448,1.12,-2.66,-0.28,-67
1786635719349,1468662,Thigh,stand,-0.024888,-0.999424,0.081008,0.98,-3.08,-0.21,-67
1786635719349,1468679,Thigh,stand,-0.02196,-1.002352,0.080032,1.12,-2.8,-0.21,-67
1786635719706,1468858,Thigh,stand,-0.022448,-1.0004,0.076616,0.98,-2.45,-0.14,-65
1786635719706,1468890,Thigh,stand,-0.02196,-1.001376,0.078568,1.19,-2.1,-0.28,-65
1786635719706,1468908,Thigh,stand,-0.027328,-1.002352,0.079056,1.33,-2.17,-0.07,-65
1786635719706,1468925,Thigh,stand,-0.02684,-1.001376,0.081496,1.47,-2.31,-0.07,-65
1786635719706,1468942,Thigh,stand,-0.024888,-1.000888,0.08052,1.26,-2.38,-0.07,-65
1786635719706,1468959,Thigh,stand,-0.023424,-1.001376,0.079056,1.4,-2.45,0,-65
1786635719706,1468990,Thigh,stand,-0.025864,-0.999912,0.078568,1.26,-2.38,-0.14,-65
1786635719706,1469006,Thigh,stand,-0.022936,-1.000888,0.080032,1.4,-2.31,-0.14,-65
1786635719706,1469023,Thigh,stand,-0.02196,-0.999912,0.079544,1.05,-2.45,-0.07,-65
1786635719706,1469040,Thigh,stand,-0.023424,-1.001376,0.076128,1.47,-2.24,-0.14,-65
1786635720068,1469218,Thigh,stand,-0.0244,-0.999424,0.079056,1.19,-2.73,-0.07,-65
1786635720068,1469249,Thigh,stand,-0.025376,-0.999424,0.080032,1.26,-2.66,-0.21,-65
1786635720068,1469266,Thigh,stand,-0.026352,-0.998936,0.08052,1.12,-2.52,-0.21,-65
1786635720068,1469283,Thigh,stand,-0.027816,-1.001376,0.081496,1.26,-2.66,-0.14,-65
1786635720068,1469300,Thigh,stand,-0.027816,-0.999912,0.083448,1.19,-2.66,-0.14,-65
1786635720068,1469331,Thigh,stand,-0.027328,-1.001376,0.081008,1.4,-2.59,-0.07,-65
1786635720068,1469348,Thigh,stand,-0.022448,-0.999424,0.081008,1.26,-2.73,-0.07,-65
1786635720068,1469364,Thigh,stand,-0.021472,-1.002352,0.07808,1.19,-2.73,-0.07,-65
1786635720068,1469381,Thigh,stand,-0.020984,-1.0004,0.076616,1.4,-2.52,-0.14,-65
1786635720068,1469398,Thigh,stand,-0.022448,-1.0004,0.074664,1.4,-2.24,-0.28,-65
1786635720445,1469577,Thigh,stand,-0.027816,-1.001376,0.083448,1.26,-2.45,-0.35,-65
1786635720445,1469608,Thigh,stand,-0.028304,-1.000888,0.082472,1.33,-2.52,-0.07,-65
1786635720445,1469625,Thigh,stand,-0.02684,-1.000888,0.080032,1.33,-2.59,-0.07,-65
1786635720445,1469642,Thigh,stand,-0.024888,-0.999912,0.079056,1.12,-2.52,-0.14,-65
1786635720445,1469659,Thigh,stand,-0.0244,-0.999912,0.07808,1.05,-2.45,-0.14,-65
1786635720445,1469690,Thigh,stand,-0.0244,-1.001864,0.080032,1.19,-2.31,-0.28,-65
1786635720445,1469707,Thigh,stand,-0.023912,-1.000888,0.076128,1.12,-2.59,-0.42,-65
1786635720445,1469724,Thigh,stand,-0.024888,-1.000888,0.078568,1.19,-2.45,-0.56,-65
1786635720445,1469740,Thigh,stand,-0.025376,-0.999424,0.079544,1.19,-2.66,-0.56,-65
1786635720445,1469757,Thigh,stand,-0.024888,-0.999424,0.082472,1.19,-2.52,-0.49,-65
1786635720824,1469937,Thigh,stand,-0.022936,-0.999912,0.076616,1.12,-1.89,-0.56,-65
1786635720824,1469968,Thigh,stand,-0.024888,-1.001864,0.078568,0.98,-2.31,-0.49,-65
1786635720824,1469985,Thigh,stand,-0.0244,-1.001864,0.080032,1.05,-2.38,-0.35,-65
1786635720824,1470002,Thigh,stand,-0.02196,-1.000888,0.077104,0.91,-2.24,-0.42,-65
1786635720824,1470019,Thigh,stand,-0.022936,-1.001864,0.077592,1.19,-2.1,-0.56,-65
1786635720824,1470050,Thigh,stand,-0.024888,-0.999912,0.078568,1.26,-2.24,-0.49,-65
1786635720824,1470067,Thigh,stand,-0.024888,-0.999424,0.077592,1.05,-2.45,-0.42,-65
1786635720824,1470084,Thigh,stand,-0.023424,-1.002352,0.077104,1.26,-2.45,-0.42,-65
1786635720824,1470101,Thigh,stand,-0.022448,-1.0004,0.077104,1.19,-2.31,-0.42,-65
1786635720824,1470117,Thigh,stand,-0.022936,-1.000888,0.077104,1.12,-2.45,-0.42,-65
1786635721209,1470296,Thigh,stand,-0.020496,-0.999912,0.077592,1.33,-2.1,-0.42,-69
1786635721209,1470327,Thigh,stand,-0.025376,-1.0004,0.078568,1.19,-2.52,-0.21,-69
1786635721209,1470345,Thigh,stand,-0.022448,-1.0004,0.076128,1.05,-2.66,-0.14,-69
1786635721209,1470362,Thigh,stand,-0.01952,-1.001376,0.074664,1.33,-2.59,-0.21,-69
1786635721209,1470379,Thigh,stand,-0.020008,-0.999424,0.07564,1.19,-2.66,-0.21,-69
1786635721209,1470410,Thigh,stand,-0.018056,-1.0004,0.079056,1.12,-2.87,-0.28,-69
1786635721209,1470427,Thigh,stand,-0.01952,-1.000888,0.081984,1.47,-2.59,-0.21,-69
1786635721209,1470444,Thigh,stand,-0.023424,-0.999912,0.081008,1.19,-2.31,-0.28,-69
1786635721209,1470461,Thigh,stand,-0.020496,-1.00284,0.080032,1.33,-2.31,-0.28,-69
1786635721209,1470478,Thigh,stand,-0.020496,-1.001376,0.079056,1.26,-2.03,-0.35,-69
1786635721508,1470655,Thigh,stand,-0.020496,-1.001376,0.075152,1.12,-2.38,-0.35,-69
1786635721508,1470686,Thigh,stand,-0.023424,-1.000888,0.079544,1.33,-2.45,-0.21,-69
1786635721508,1470703,Thigh,stand,-0.024888,-0.999912,0.08052,1.19,-2.52,-0.14,-69
1786635721508,1470720,Thigh,stand,-0.025864,-1.0004,0.08052,1.33,-2.8,-0.21,-69
1786635721508,1470737,Thigh,stand,-0.021472,-0.998936,0.080032,1.12,-2.8,-0.35,-69
1786635721508,1470768,Thigh,stand,-0.018544,-1.00284,0.077104,1.19,-2.59,-0.35,-69
1786635721508,1470785,Thigh,stand,-0.017568,-0.999912,0.073688,1.19,-2.52,-0.35,-69
1786635721508,1470802,Thigh,stand,-0.017568,-0.999912,0.076128,1.12,-2.73,-0.35,-69
1786635721508,1470819,Thigh,stand,-0.018056,-1.0004,0.079544,1.12,-2.59,-0.35,-69
1786635721508,1470836,Thigh,stand,-0.021472,-1.001864,0.079544,1.19,-2.52,-0.42,-69
1786635721869,1471014,Thigh,stand,-0.018056,-0.999424,0.077592,1.19,-2.38,-0.42,-69
1786635721869,1471045,Thigh,stand,-0.018056,-1.0004,0.076128,0.98,-2.38,-0.28,-69
1786635721869,1471062,Thigh,stand,-0.019032,-1.0004,0.078568,0.98,-2.1,-0.35,-69
1786635721869,1471079,Thigh,stand,-0.018544,-1.001864,0.079056,0.98,-1.96,-0.35,-69
1786635721869,1471096,Thigh,stand,-0.017568,-1.001864,0.081008,1.19,-2.17,-0.14,-69
1786635721869,1471127,Thigh,stand,-0.020008,-0.999912,0.07808,0.98,-2.38,-0.07,-69
1786635721869,1471144,Thigh,stand,-0.021472,-1.0004,0.076128,1.19,-2.17,-0.21,-69
1786635721869,1471161,Thigh,stand,-0.02196,-1.000888,0.07564,1.12,-2.17,-0.35,-69
1786635721869,1471178,Thigh,stand,-0.021472,-1.001376,0.078568,1.19,-2.66,-0.21,-69
1786635721869,1471195,Thigh,stand,-0.020984,-0.999912,0.07808,1.19,-2.59,-0.21,-69
1786635722229,1471374,Thigh,stand,-0.018544,-1.001376,0.078568,1.12,-2.73,-0.14,-68
1786635722229,1471405,Thigh,stand,-0.020984,-1.001376,0.078568,1.19,-2.59,-0.28,-68
1786635722229,1471422,Thigh,stand,-0.020984,-1.000888,0.075152,1.19,-2.66,-0.21,-68
1786635722229,1471439,Thigh,stand,-0.018544,-1.001376,0.076128,1.26,-2.94,-0.14,-68
1786635722229,1471456,Thigh,stand,-0.016104,-1.00284,0.076616,1.33,-2.87,-0.07,-68
1786635722229,1471487,Thigh,stand,-0.018056,-0.999912,0.079056,1.26,-2.52,-0.14,-68
1786635722229,1471504,Thigh,stand,-0.018056,-1.002352,0.077104,1.33,-2.52,-0.14,-68
1786635722229,1471521,Thigh,stand,-0.016104,-1.000888,0.07808,1.4,-2.52,-0.14,-68
1786635722229,1471538,Thigh,stand,-0.018544,-0.999912,0.080032,1.47,-2.52,-0.14,-68
1786635722229,1471555,Thigh,stand,-0.020984,-1.001376,0.08052,1.54,-2.73,-0.07,-68
1786635722588,1471733,Thigh,stand,-0.018544,-1.0004,0.07808,1.4,-2.73,-0.07,-67
1786635722588,1471764,Thigh,stand,-0.020008,-1.001376,0.08052,1.47,-2.24,0.07,-67
1786635722588,1471781,Thigh,stand,-0.020008,-1.000888,0.08296,1.33,-2.45,0.21,-67
1786635722588,1471799,Thigh,stand,-0.022448,-1.0004,0.079544,1.19,-2.24,0.14,-67
1786635722588,1471816,Thigh,stand,-0.023424,-1.001376,0.078568,1.47,-2.17,0,-67
1786635722588,1471847,Thigh,stand,-0.021472,-0.999912,0.081008,1.19,-2.52,0,-67
1786635722588,1471864,Thigh,stand,-0.022936,-0.999424,0.07808,1.26,-2.52,-0.07,-67
1786635722588,1471881,Thigh,stand,-0.021472,-1.001376,0.08052,1.33,-2.38,-0.07,-67
1786635722588,1471898,Thigh,stand,-0.022936,-0.87596,0.083448,1.4,-2.31,0,-67
1786635722588,1471915,Thigh,stand,-0.021472,-0.999912,0.081984,1.33,-2.38,0.07,-67
1786635722955,1472090,Thigh,stand,-0.02196,-1.0004,0.08052,0.98,-2.73,-0.14,-71
1786635722955,1472121,Thigh,stand,-0.022448,-0.999912,0.079544,1.12,-2.94,-0.14,-71
1786635722955,1472139,Thigh,stand,-0.02196,-1.000888,0.07808,0.91,-2.8,-0.14,-71
1786635722955,1472156,Thigh,stand,-0.01952,-1.001376,0.08052,1.26,-2.73,-0.14,-71
1786635722955,1472173,Thigh,stand,-0.01708,-1.001376,0.076616,1.33,-2.45,-0.21,-71
1786635722955,1472204,Thigh,stand,-0.020008,-1.0004,0.079544,1.47,-2.52,-0.28,-71
1786635722955,1472221,Thigh,stand,-0.018544,-1.001864,0.080032,1.26,-2.59,-0.28,-71
1786635722955,1472238,Thigh,stand,-0.018056,-1.001376,0.08052,1.33,-2.45,-0.28,-71
1786635722955,1472255,Thigh,stand,-0.01952,-1.001864,0.080032,1.4,-2.38,-0.28,-71
1786635722955,1472272,Thigh,stand,-0.020008,-1.0004,0.079056,1.26,-2.31,-0.28,-71
1786635723307,1472449,Thigh,stand,-0.020008,-1.0004,0.081008,1.26,-1.89,-0.14,-71
1786635723307,1472480,Thigh,stand,-0.021472,-0.998448,0.077592,1.12,-1.96,-0.14,-71
1786635723307,1472497,Thigh,stand,-0.020496,-1.0004,0.077592,1.05,-2.31,-0.07,-71
1786635723307,1472514,Thigh,stand,-0.01952,-1.001376,0.077592,1.12,-2.52,-0.07,-71
1786635723307,1472531,Thigh,stand,-0.020008,-1.001376,0.079544,1.12,-2.45,-0.14,-71
1786635723307,1472562,Thigh,stand,-0.016592,-1.002352,0.07808,1.12,-2.52,-0.07,-71
1786635723307,1472579,Thigh,stand,-0.017568,-1.002352,0.076616,1.26,-2.31,-0.07,-71
1786635723307,1472596,Thigh,stand,-0.017568,-0.999912,0.074664,1.19,-2.45,-0.14,-71
1786635723307,1472613,Thigh,stand,-0.01952,-1.002352,0.074176,1.4,-2.45,-0.07,-71
1786635723307,1472630,Thigh,stand,-0.01952,-1.001376,0.077592,1.47,-2.52,0,-71
1786635723668,1472809,Thigh,stand,-0.022936,-1.0004,0.07808,1.61,-2.73,0.28,-71
1786635723668,1472839,Thigh,stand,-0.020496,-1.0004,0.079544,1.33,-2.8,0.28,-71
1786635723668,1472856,Thigh,stand,-0.020008,-1.000888,0.076616,1.26,-2.59,0.35,-71
1786635723668,1472873,Thigh,stand,-0.021472,-1.002352,0.080032,1.61,-2.45,0.21,-71
1786635723668,1472890,Thigh,stand,-0.02196,-1.000888,0.079544,1.54,-2.66,0.28,-71
1786635723668,1472921,Thigh,stand,-0.020496,-1.0004,0.078568,1.54,-2.8,0.28,-71
1786635723668,1472938,Thigh,stand,-0.019032,-1.002352,0.076616,1.54,-2.66,0.14,-71
1786635723668,1472955,Thigh,stand,-0.020984,-1.001376,0.076128,1.68,-2.8,0.21,-71
1786635723668,1472972,Thigh,stand,-0.023912,-0.999912,0.079544,1.47,-3.22,0.14,-71
1786635723668,1472989,Thigh,stand,-0.02196,-1.0004,0.079544,1.26,-3.29,0.21,-71
1786635724024,1473167,Thigh,stand,-0.027816,-0.998936,0.081496,1.4,-2.52,0.21,-71
1786635724024,1473198,Thigh,stand,-0.02684,-1.0004,0.081984,1.54,-2.24,0.21,-71
1786635724024,1473215,Thigh,stand,-0.02684,-1.0004,0.081984,1.54,-2.38,0.21,-71
1786635724024,1473231,Thigh,stand,-0.02684,-0.999912,0.081008,1.61,-2.45,0.21,-71
1786635724024,1473248,Thigh,stand,-0.023912,-1.0004,0.082472,1.61,-2.38,0.21,-71
1786635724024,1473279,Thigh,stand,-0.022936,-1.000888,0.075152,1.68,-2.24,0,-71
1786635724024,1473296,Thigh,stand,-0.021472,-0.999912,0.077592,1.47,-2.24,0,-71
1786635724024,1473313,Thigh,stand,-0.022936,-1.000888,0.07808,1.54,-2.17,0,-71
1786635724024,1473330,Thigh,stand,-0.023912,-1.001864,0.079056,1.47,-2.59,-0.07,-71
1786635724024,1473347,Thigh,stand,-0.02196,-0.99796,0.083936,1.75,-2.03,0.07,-71
1786635724406,1473523,Thigh,stand,-0.024888,-0.999424,0.081008,1.33,-2.59,0,-61
1786635724406,1473555,Thigh,stand,-0.020496,-1.0004,0.077104,1.19,-2.45,-0.21,-61
1786635724406,1473572,Thigh,stand,-0.02196,-0.999912,0.076128,1.26,-2.52,-0.21,-61
1786635724406,1473589,Thigh,stand,-0.020496,-1.000888,0.08052,1.12,-2.66,-0.14,-61
1786635724406,1473606,Thigh,stand,-0.022448,-1.000888,0.081984,1.47,-2.31,-0.21,-61
1786635724406,1473636,Thigh,stand,-0.02684,-1.0004,0.083936,1.61,-2.38,-0.07,-61
1786635724406,1473653,Thigh,stand,-0.027328,-0.999912,0.082472,1.33,-2.52,0.07,-61
1786635724406,1473670,Thigh,stand,-0.023912,-1.0004,0.080032,1.4,-2.66,0.07,-61
1786635724406,1473687,Thigh,stand,-0.022936,-1.000888,0.079056,1.33,-2.59,0,-61
1786635724406,1473704,Thigh,stand,-0.023424,-1.002352,0.08052,1.33,-2.59,0,-61
1786635724741,1473880,Thigh,stand,-0.024888,-0.999424,0.081496,1.33,-2.66,0.07,-61
1786635724741,1473912,Thigh,stand,-0.025376,-1.0004,0.082472,1.12,-2.59,0.14,-61
1786635724741,1473929,Thigh,stand,-0.024888,-1.001864,0.081496,0.91,-2.66,0.21,-61
1786635724741,1473946,Thigh,stand,-0.023912,-1.002352,0.07808,1.4,-2.59,0.14,-61
1786635724741,1473963,Thigh,stand,-0.022936,-1.0004,0.07808,1.54,-2.31,0.07,-61
1786635724741,1473994,Thigh,stand,-0.023424,-1.0004,0.08052,1.4,-2.8,0.21,-61
1786635724741,1474011,Thigh,stand,-0.0244,-0.999912,0.078568,1.19,-2.66,0.21,-61
1786635724741,1474027,Thigh,stand,-0.025864,-1.0004,0.081496,1.26,-2.45,0.21,-61
1786635724741,1474044,Thigh,stand,-0.028304,-0.999424,0.081984,1.19,-2.52,0.14,-61
1786635724741,1474061,Thigh,stand,-0.028792,-1.001376,0.081008,0.98,-2.94,0.14,-61
1786635725461,1474238,Thigh,stand,-0.031232,-0.998936,0.083448,1.54,-2.66,0.28,-60
1786635725461,1474269,Thigh,stand,-0.028304,-1.002352,0.081008,1.75,-2.24,0.35,-60
1786635725461,1474286,Thigh,stand,-0.030744,-1.000888,0.081496,1.75,-2.1,0.42,-60
1786635725461,1474303,Thigh,stand,-0.030744,-1.000888,0.081496,1.61,-2.59,0.35,-60
1786635725461,1474320,Thigh,stand,-0.030256,-0.999424,0.080032,1.54,-3.08,0.35,-60
1786635725461,1474351,Thigh,stand,-0.022936,-1.000888,0.078568,1.26,-3.01,0.14,-60
1786635725461,1474368,Thigh,stand,-0.0244,-0.999912,0.079056,1.26,-2.38,0.07,-60
1786635725461,1474385,Thigh,stand,-0.027328,-0.999912,0.079544,1.26,-2.31,0.07,-60
1786635725461,1474402,Thigh,stand,-0.02684,-0.999912,0.084424,1.61,-2.31,0.21,-60
1786635725461,1474418,Thigh,stand,-0.027328,-1.001864,0.083936,1.54,-2.1,0.35,-60
1786635725845,1474596,Thigh,stand,-0.031232,-1.000888,0.081984,1.68,-2.24,0.14,-62
1786635725845,1474627,Thigh,stand,-0.02928,-0.999424,0.079056,1.61,-2.38,0.14,-62
1786635725845,1474644,Thigh,stand,-0.027328,-0.999912,0.079544,1.61,-2.24,0.07,-62
1786635725845,1474661,Thigh,stand,-0.025864,-0.998936,0.07808,1.19,-2.38,0,-62
1786635725845,1474678,Thigh,stand,-0.027328,-1.002352,0.08052,1.26,-2.52,-0.07,-62
1786635725845,1474709,Thigh,stand,-0.03416,-1.001864,0.081496,1.54,-2.59,0,-62
1786635725845,1474727,Thigh,stand,-0.033184,-1.001376,0.083448,1.68,-2.87,0.14,-62
1786635725845,1474744,Thigh,stand,-0.031232,-1.000888,0.083448,1.75,-3.01,0.21,-62
1786635725845,1474761,Thigh,stand,-0.030744,-0.999912,0.081008,1.68,-2.8,0,-62
1786635725845,1474778,Thigh,stand,-0.029768,-0.998936,0.082472,1.68,-2.8,0,-62
1786635725956,1474952,Thigh,stand,-0.031232,-1.000888,0.08296,1.68,-2.17,0.07,-62
1786635725956,1474983,Thigh,stand,-0.031232,-1.0004,0.08784,1.47,-2.31,0.14,-62
1786635725956,1475000,Thigh,stand,-0.030256,-0.999424,0.085888,1.26,-2.59,0.14,-62
1786635725956,1475018,Thigh,stand,-0.02684,-0.999912,0.0854,1.26,-2.52,0.21,-62
1786635725956,1475036,Thigh,stand,-0.02928,-1.001376,0.083936,1.47,-2.45,0.21,-62
1786635725956,1475053,Thigh,stand,-0.029768,-0.999424,0.084912,1.54,-2.24,0.07,-62
1786635725956,1475084,Thigh,stand,-0.032208,-0.999912,0.086864,1.54,-2.1,0.07,-62
1786635725956,1475101,Thigh,stand,-0.033672,-0.999424,0.086864,1.61,-1.82,0.14,-62
1786635725956,1475118,Thigh,stand,-0.035136,-0.999424,0.086376,1.33,-1.96,0.21,-62
1786635725956,1475136,Thigh,stand,-0.030256,-0.999424,0.086376,1.54,-1.89,0.21,-62
1786635726227,1475311,Thigh,stand,-0.029768,-1.000888,0.081984,1.26,-2.45,0.07,-63
1786635726227,1475342,Thigh,stand,-0.033184,-0.999912,0.083936,1.26,-2.45,0.21,-63
1786635726227,1475359,Thigh,stand,-0.036112,-1.000888,0.081984,1.4,-2.73,0.14,-63
1786635726227,1475376,Thigh,stand,-0.034648,-1.001864,0.084912,1.19,-3.08,0.28,-63
1786635726227,1475393,Thigh,stand,-0.032208,-0.998936,0.084912,1.61,-3.15,0.14,-63
1786635726227,1475425,Thigh,stand,-0.036112,-0.999424,0.087352,1.4,-2.87,0.28,-63
1786635726227,1475442,Thigh,stand,-0.0366,-0.998936,0.084424,1.26,-3.01,0.42,-63
1786635726227,1475459,Thigh,stand,-0.037576,-1.000888,0.08296,1.4,-3.08,0.49,-63
1786635726227,1475476,Thigh,stand,-0.038552,-0.999912,0.086376,1.33,-3.5,0.49,-63
1786635726227,1475493,Thigh,stand,-0.03416,-1.001376,0.08784,1.68,-3.5,0.49,-63
1786635726537,1475669,Thigh,stand,-0.0366,-1.000888,0.083936,1.47,-2.45,0.14,-62
1786635726537,1475700,Thigh,stand,-0.037576,-1.001376,0.084912,1.47,-2.52,0.21,-62
1786635726537,1475717,Thigh,stand,-0.0366,-0.998936,0.081984,1.26,-2.87,0.14,-62
1786635726537,1475734,Thigh,stand,-0.032696,-1.001376,0.081008,1.05,-2.94,0,-62
1786635726537,1475751,Thigh,stand,-0.03416,-1.0004,0.084912,1.12,-2.8,-0.14,-62
1786635726537,1475782,Thigh,stand,-0.035624,-0.999912,0.083936,1.19,-2.66,-0.28,-62
1786635726537,1475799,Thigh,stand,-0.038064,-1.0004,0.084424,1.4,-2.52,-0.14,-62
1786635726537,1475816,Thigh,stand,-0.03904,-0.998448,0.086376,1.12,-2.38,-0.21,-62
1786635726537,1475833,Thigh,stand,-0.0366,-0.998936,0.084912,1.12,-2.38,-0.14,-62
1786635726537,1475850,Thigh,stand,-0.038064,-1.000888,0.084424,1.05,-2.31,-0.28,-62
1786635726895,1476027,Thigh,stand,-0.039528,-1.000888,0.085888,1.4,-1.89,-0.35,-62
1786635726895,1476058,Thigh,stand,-0.03904,-0.999912,0.0854,1.33,-1.96,-0.35,-62
1786635726895,1476075,Thigh,stand,-0.038552,-1.000888,0.084912,1.26,-2.24,-0.28,-62
1786635726895,1476092,Thigh,stand,-0.033672,-1.0004,0.083448,1.12,-2.38,-0.35,-62
1786635726895,1476109,Thigh,stand,-0.032696,-1.0004,0.081984,0.98,-2.87,-0.42,-62
1786635726895,1476140,Thigh,stand,-0.031232,-0.999912,0.083936,0.91,-2.45,-0.56,-62
1786635726895,1476158,Thigh,stand,-0.033672,-1.001864,0.083448,1.19,-2.17,-0.56,-62
1786635726895,1476175,Thigh,stand,-0.033672,-1.0004,0.083448,1.33,-2.52,-0.49,-62
1786635726895,1476192,Thigh,stand,-0.032208,-0.998448,0.084424,1.19,-2.59,-0.49,-62
1786635726895,1476209,Thigh,stand,-0.035136,-1.001376,0.082472,1.26,-2.17,-0.49,-62
1786635727255,1476388,Thigh,stand,-0.033672,-0.999912,0.084912,1.26,-2.59,-0.35,-61
1786635727255,1476418,Thigh,stand,-0.030256,-1.0004,0.086864,0.98,-2.59,-0.35,-61
1786635727255,1476435,Thigh,stand,-0.032208,-1.0004,0.082472,1.33,-2.45,-0.28,-61
1786635727255,1476452,Thigh,stand,-0.033672,-0.998448,0.083448,1.26,-2.31,-0.35,-61
1786635727255,1476468,Thigh,stand,-0.036112,-0.999912,0.08296,1.33,-2.66,-0.28,-61
1786635727255,1476499,Thigh,stand,-0.037088,-1.000888,0.087352,1.33,-2.73,-0.28,-61
1786635727255,1476516,Thigh,stand,-0.035624,-1.001376,0.088328,1.33,-2.8,-0.21,-61
1786635727255,1476533,Thigh,stand,-0.03416,-0.999424,0.087352,1.26,-2.66,-0.28,-61
1786635727255,1476550,Thigh,stand,-0.032696,-0.999912,0.083448,1.12,-2.8,-0.35,-61
1786635727255,1476568,Thigh,stand,-0.027328,-0.999912,0.08296,1.33,-2.52,-0.42,-61
1786635727614,1476747,Thigh,stand,-0.02684,-1.001864,0.078568,1.54,-1.96,0.21,-61
1786635727614,1476778,Thigh,stand,-0.0244,-1.001864,0.07564,1.61,-2.24,0.56,-61
1786635727614,1476795,Thigh,stand,-0.020496,-0.998936,0.076616,1.68,-1.89,0.56,-61
1786635727614,1476811,Thigh,stand,-0.022448,-1.001376,0.080032,1.47,-1.47,0.42,-61
1786635727614,1476828,Thigh,stand,-0.025864,-1.001376,0.081984,1.61,-1.26,0.28,-61
1786635727614,1476859,Thigh,stand,-0.044408,-0.998936,0.091744,1.54,-1.68,0.42,-61
1786635727614,1476876,Thigh,stand,-0.047824,-0.999912,0.092232,1.61,-1.96,0.56,-61
1786635727614,1476893,Thigh,stand,-0.045872,-1.0004,0.09272,1.61,-1.96,0.56,-61
1786635727614,1476910,Thigh,stand,-0.03904,-0.999424,0.09516,1.47,-2.38,0.42,-61
1786635727614,1476927,Thigh,stand,-0.037576,-0.99796,0.092232,1.54,-1.82,0.21,-61
1786635727973,1477104,Thigh,stand,-0.039528,-0.997472,0.080032,0.63,-5.11,-0.28,-61
1786635727973,1477135,Thigh,stand,-0.043432,-0.998936,0.08296,0.56,-5.32,-0.28,-61
1786635727973,1477152,Thigh,stand,-0.040504,-1.0004,0.086864,0.42,-4.9,-0.42,-61
1786635727973,1477169,Thigh,stand,-0.040016,-1.001376,0.088816,0.7,-4.69,-0.21,-61
1786635727973,1477186,Thigh,stand,-0.033184,-1.001376,0.087352,1.05,-4.48,-0.28,-61
1786635727973,1477216,Thigh,stand,-0.02684,-1.0004,0.083936,1.19,-3.64,-0.28,-61
1786635727973,1477233,Thigh,stand,-0.030256,-1.0004,0.077592,1.12,-3.43,-0.35,-61
1786635727973,1477250,Thigh,stand,-0.032208,-0.999912,0.076128,1.26,-3.5,-0.14,-61
1786635727973,1477267,Thigh,stand,-0.030256,-1.001376,0.081008,1.26,-3.5,-0.07,-61
1786635727973,1477284,Thigh,stand,-0.029768,-1.001376,0.078568,1.26,-3.71,-0.07,-61
1786635728330,1477462,Thigh,stand,-0.035136,-1.000888,0.084912,1.47,-2.66,0.21,-61
1786635728330,1477493,Thigh,stand,-0.030744,-1.000888,0.083448,1.61,-2.1,0.28,-61
1786635728330,1477510,Thigh,stand,-0.029768,-1.0004,0.083448,1.75,-1.68,0.28,-61
1786635728330,1477527,Thigh,stand,-0.029768,-0.998936,0.08052,1.61,-1.54,0.21,-61
1786635728330,1477544,Thigh,stand,-0.030256,-1.001864,0.082472,1.68,-1.4,0.28,-61
1786635728330,1477575,Thigh,stand,-0.03172,-0.999912,0.08052,1.82,-1.26,0.42,-61
1786635728330,1477592,Thigh,stand,-0.035136,-1.0004,0.083936,1.75,-1.26,0.42,-61
1786635728330,1477608,Thigh,stand,-0.04148,-0.999424,0.086376,1.68,-1.68,0.35,-61
1786635728330,1477625,Thigh,stand,-0.0366,-0.999912,0.08784,1.61,-2.03,0.42,-61
1786635728330,1477642,Thigh,stand,-0.0366,-0.999424,0.087352,1.54,-2.1,0.49,-61
1786635728687,1477818,Thigh,stand,-0.045872,-0.998448,0.09028,1.4,-2.17,0.49,-63
1786635728687,1477849,Thigh,stand,-0.044408,-0.996984,0.088328,1.47,-2.1,0.35,-63
1786635728687,1477866,Thigh,stand,-0.047336,-0.998936,0.08784,1.47,-2.1,0.35,-63
1786635728687,1477883,Thigh,stand,-0.047336,-1.000888,0.093696,1.4,-2.17,0.28,-63
1786635728687,1477900,Thigh,stand,-0.040504,-0.999424,0.089304,1.68,-2.45,0.14,-63
1786635728687,1477931,Thigh,stand,-0.037088,-0.999424,0.081008,1.47,-2.52,0,-63
1786635728687,1477948,Thigh,stand,-0.040016,-0.998448,0.085888,1.33,-2.38,-0.07,-63
1786635728687,1477965,Thigh,stand,-0.04148,-0.999424,0.083936,1.26,-2.8,-0.21,-63
1786635728687,1477982,Thigh,stand,-0.039528,-1.0004,0.085888,1.12,-3.01,-0.07,-63
1786635728687,1477998,Thigh,stand,-0.037088,-0.998936,0.083448,1.05,-3.15,-0.28,-63
1786635729051,1478175,Thigh,stand,-0.037088,-1.000888,0.084912,1.05,-3.22,-0.21,-63
1786635729051,1478206,Thigh,stand,-0.03904,-0.999912,0.085888,1.26,-2.73,-0.14,-63
1786635729051,1478223,Thigh,stand,-0.04148,-1.0004,0.088328,1.12,-2.87,-0.14,-63
1786635729051,1478241,Thigh,stand,-0.04148,-0.998936,0.086376,1.19,-2.66,-0.21,-63
1786635729051,1478258,Thigh,stand,-0.040504,-0.998936,0.085888,1.19,-2.94,-0.21,-63
1786635729051,1478289,Thigh,stand,-0.038064,-1.0004,0.083936,0.98,-2.73,-0.35,-63
1786635729051,1478306,Thigh,stand,-0.039528,-0.999424,0.082472,1.05,-2.73,-0.42,-63
1786635729051,1478323,Thigh,stand,-0.0366,-1.001376,0.084424,1.05,-2.66,-0.49,-63
1786635729051,1478340,Thigh,stand,-0.037088,-1.0004,0.08296,1.05,-2.87,-0.49,-63
1786635729051,1478357,Thigh,stand,-0.040016,-0.999912,0.084912,1.05,-2.87,-0.63,-63
1786635729408,1478535,Thigh,stand,-0.037088,-1.000888,0.083448,0.91,-1.82,-0.91,-63
1786635729408,1478566,Thigh,stand,-0.036112,-0.999424,0.08052,0.84,-1.68,-0.98,-63
1786635729408,1478583,Thigh,stand,-0.034648,-0.999424,0.082472,0.91,-1.75,-0.91,-63
1786635729408,1478600,Thigh,stand,-0.037576,-1.0004,0.082472,0.98,-1.68,-0.91,-63
1786635729408,1478617,Thigh,stand,-0.0366,-1.0004,0.08296,0.98,-1.82,-0.7,-63
1786635729408,1478648,Thigh,stand,-0.037088,-0.999424,0.083936,1.12,-1.82,-0.63,-63
1786635729408,1478665,Thigh,stand,-0.038064,-0.999424,0.081984,0.91,-1.96,-0.63,-63
1786635729408,1478682,Thigh,stand,-0.037088,-1.000888,0.08296,0.91,-1.96,-0.7,-63
1786635729408,1478699,Thigh,stand,-0.033184,-1.000888,0.079544,0.98,-1.89,-0.7,-63
1786635729408,1478716,Thigh,stand,-0.034648,-1.000888,0.077104,0.91,-2.17,-0.77,-63
1786635729786,1478894,Thigh,stand,-0.03416,-1.0004,0.081984,1.19,-2.24,-0.63,-62
1786635729786,1478925,Thigh,stand,-0.035136,-1.000888,0.085888,1.33,-2.38,-0.7,-62
1786635729786,1478941,Thigh,stand,-0.032208,-0.999424,0.08296,1.19,-2.87,-0.49,-62
1786635729786,1478958,Thigh,stand,-0.031232,-1.000888,0.081984,1.12,-2.94,-0.35,-62
1786635729786,1478975,Thigh,stand,-0.031232,-0.998936,0.081496,1.12,-2.66,-0.35,-62
1786635729786,1479006,Thigh,stand,-0.035624,-1.123864,0.083936,1.19,-2.8,-0.49,-62
1786635729786,1479023,Thigh,stand,-0.033672,-1.0004,0.083936,1.26,-3.15,-0.56,-62
1786635729786,1479040,Thigh,stand,-0.030256,-0.999912,0.081984,1.19,-2.73,-0.63,-62
1786635729786,1479057,Thigh,stand,-0.027816,-1.000888,0.081984,1.12,-2.8,-0.56,-62
1786635729786,1479088,Thigh,stand,-0.029768,-1.001376,0.0854,1.26,-2.59,-0.49,-62
1786635730147,1479266,Thigh,stand,-0.026352,-1.002352,0.079544,1.19,-2.24,-0.21,-62
1786635730147,1479297,Thigh,stand,-0.027816,-1.001376,0.081008,1.19,-2.17,-0.21,-62
1786635730147,1479314,Thigh,stand,-0.02684,-0.999912,0.081496,1.19,-2.38,-0.28,-62
1786635730147,1479331,Thigh,stand,-0.026352,-1.000888,0.08296,1.19,-2.24,-0.35,-62
1786635730147,1479348,Thigh,stand,-0.030256,-0.999424,0.080032,1.19,-2.31,-0.35,-62
1786635730147,1479379,Thigh,stand,-0.03416,-1.002352,0.084424,1.19,-2.59,-0.28,-62
1786635730147,1479396,Thigh,stand,-0.034648,-0.998936,0.086864,1.33,-2.73,0,-62
1786635730147,1479413,Thigh,stand,-0.033672,-1.0004,0.084424,1.33,-2.73,0.07,-62
1786635730147,1479430,Thigh,stand,-0.030744,-0.998936,0.084424,1.4,-2.45,0,-62
1786635730147,1479447,Thigh,stand,-0.027816,-0.99796,0.081008,1.12,-2.17,0,-62
1786635730499,1479624,Thigh,stand,-0.036112,-1.0004,0.085888,1.33,-2.52,-0.07,-62
1786635730499,1479655,Thigh,stand,-0.033672,-0.998936,0.084912,1.19,-2.45,-0.07,-62
1786635730499,1479672,Thigh,stand,-0.030744,-1.0004,0.080032,1.12,-2.73,-0.07,-62
1786635730499,1479689,Thigh,stand,-0.024888,-1.000888,0.078568,1.12,-2.87,-0.14,-62
1786635730499,1479706,Thigh,stand,-0.02196,-1.000888,0.081008,1.12,-2.03,-0.35,-62
1786635730499,1479737,Thigh,stand,-0.027816,-1.0004,0.080032,1.4,-2.45,-0.14,-62
1786635730499,1479754,Thigh,stand,-0.031232,-0.999912,0.081496,1.26,-2.45,0,-62
1786635730499,1479771,Thigh,stand,-0.035136,-1.0004,0.081496,1.33,-2.38,0,-62
1786635730499,1479788,Thigh,stand,-0.033672,-1.0004,0.082472,1.12,-2.59,0,-62
1786635730499,1479805,Thigh,stand,-0.031232,-1.000888,0.081496,1.26,-2.66,0.07,-62
1786635730859,1479982,Thigh,stand,-0.03172,-0.998936,0.084912,1.26,-2.73,0,-62
1786635730859,1480012,Thigh,stand,-0.036112,-0.999424,0.082472,1.47,-2.52,0.07,-62
1786635730859,1480029,Thigh,stand,-0.034648,-1.000888,0.08296,1.47,-2.52,0.07,-62
1786635730859,1480046,Thigh,stand,-0.035136,-1.000888,0.081984,1.47,-2.8,0.07,-62
1786635730859,1480063,Thigh,stand,-0.02928,-0.999912,0.08296,1.4,-2.94,0.07,-62
1786635730859,1480094,Thigh,stand,-0.02684,-1.001864,0.08052,1.47,-2.94,-0.07,-62
1786635730859,1480111,Thigh,stand,-0.028792,-1.0004,0.080032,1.4,-2.73,-0.14,-62
1786635730859,1480128,Thigh,stand,-0.025376,-0.999424,0.08296,1.47,-2.66,0,-62
1786635730859,1480145,Thigh,stand,-0.027328,-1.000888,0.081496,1.26,-2.31,0,-62
1786635730859,1480162,Thigh,stand,-0.028304,-1.001376,0.080032,1.54,-2.17,0.07,-62
1786635731256,1480338,Thigh,stand,-0.031232,-0.998936,0.082472,1.47,-1.89,0.42,-62
1786635731256,1480368,Thigh,stand,-0.03416,-1.000888,0.083448,1.61,-2.1,0.49,-62
1786635731256,1480385,Thigh,stand,-0.033672,-1.0004,0.084912,1.68,-2.17,0.49,-62
1786635731256,1480402,Thigh,stand,-0.032208,-0.999424,0.0854,1.54,-2.1,0.49,-62
1786635731256,1480419,Thigh,stand,-0.032208,-1.001376,0.084424,1.54,-1.89,0.49,-62
1786635731256,1480450,Thigh,stand,-0.033672,-0.999424,0.082472,1.61,-2.17,0.49,-62
1786635731256,1480467,Thigh,stand,-0.03416,-1.000888,0.080032,1.61,-2.1,0.42,-62
1786635731256,1480484,Thigh,stand,-0.035136,-1.001376,0.081008,1.61,-2.03,0.28,-62
1786635731256,1480501,Thigh,stand,-0.035624,-0.998936,0.083448,1.54,-2.52,0.35,-62
1786635731256,1480518,Thigh,stand,-0.036112,-0.999424,0.086864,1.47,-2.66,0.42,-62
1786635731645,1480696,Thigh,stand,-0.040504,-0.999912,0.085888,1.68,-2.66,0.35,-62
1786635731645,1480727,Thigh,stand,-0.0366,-1.000888,0.086864,1.61,-3.22,0.56,-62
1786635731645,1480743,Thigh,stand,-0.03416,-1.000888,0.083936,1.89,-2.87,0.56,-62
1786635731645,1480760,Thigh,stand,-0.036112,-0.998448,0.083448,1.75,-3.01,0.56,-62
1786635731645,1480777,Thigh,stand,-0.034648,-0.998936,0.081496,1.47,-3.01,0.49,-62
1786635731645,1480808,Thigh,stand,-0.0366,-1.0004,0.084424,1.61,-2.73,0.35,-62
1786635731645,1480825,Thigh,stand,-0.035136,-0.999912,0.08784,1.54,-3.08,0.49,-62
1786635731645,1480842,Thigh,stand,-0.035624,-1.001864,0.086376,1.54,-2.94,0.42,-62
1786635731645,1480859,Thigh,stand,-0.037088,-0.999912,0.086864,1.68,-2.73,0.35,-62
1786635731645,1480876,Thigh,stand,-0.040992,-1.0004,0.089792,1.68,-2.38,0.35,-62
1786635731936,1481053,Thigh,stand,-0.040992,-0.999912,0.090768,1.54,-2.66,0.49,-61
1786635731936,1481084,Thigh,stand,-0.04148,-0.999912,0.0854,1.54,-2.17,0.56,-61
1786635731936,1481101,Thigh,stand,-0.040016,-1.000888,0.086376,1.75,-1.89,0.56,-61
1786635731936,1481118,Thigh,stand,-0.038552,-0.998936,0.089304,1.54,-1.96,0.63,-61
1786635731936,1481135,Thigh,stand,-0.038064,-0.998936,0.09028,1.47,-1.96,0.63,-61
1786635731936,1481166,Thigh,stand,-0.045872,-0.99796,0.087352,1.61,-2.52,0.56,-61
1786635731936,1481183,Thigh,stand,-0.046848,-0.999424,0.08784,1.47,-2.94,0.56,-61
1786635731936,1481200,Thigh,stand,-0.044896,-0.998936,0.088816,1.61,-2.94,0.63,-61
1786635731936,1481217,Thigh,stand,-0.043432,-0.998936,0.088816,1.4,-2.73,0.63,-61
1786635731936,1481234,Thigh,stand,-0.043432,-0.998936,0.086376,1.47,-2.31,0.56,-61
1786635732292,1481413,Thigh,stand,-0.04392,-0.999424,0.085888,1.19,-2.31,-0.07,-62
1786635732292,1481444,Thigh,stand,-0.045384,-0.999424,0.086376,1.33,-2.59,0,-62
1786635732292,1481461,Thigh,stand,-0.04636,-0.999912,0.084912,1.33,-2.66,-0.21,-62
1786635732292,1481478,Thigh,stand,-0.048312,-0.998936,0.089304,1.26,-2.73,-0.07,-62
1786635732292,1481495,Thigh,stand,-0.047336,-0.998936,0.09028,1.12,-2.73,-0.28,-62
1786635732292,1481525,Thigh,stand,-0.045384,-0.998936,0.088328,1.19,-2.52,-0.28,-62
1786635732292,1481542,Thigh,stand,-0.04636,-1.000888,0.089792,1.19,-2.59,-0.42,-62
1786635732292,1481559,Thigh,stand,-0.048312,-1.0004,0.089304,1.19,-2.45,-0.42,-62
1786635732292,1481576,Thigh,stand,-0.045384,-0.99796,0.08784,1.4,-2.52,-0.42,-62
1786635732292,1481593,Thigh,stand,-0.04392,-0.998936,0.085888,1.4,-2.52,-0.42,-62
1786635732656,1481771,Thigh,stand,-0.044896,-0.998936,0.089792,1.19,-2.1,-0.42,-62
1786635732656,1481802,Thigh,stand,-0.040504,-0.998936,0.089304,1.12,-2.59,-0.42,-62
1786635732656,1481819,Thigh,stand,-0.039528,-1.0004,0.08784,1.12,-2.52,-0.56,-62
1786635732656,1481836,Thigh,stand,-0.038064,-1.0004,0.085888,1.19,-2.45,-0.63,-62
1786635732656,1481853,Thigh,stand,-0.035624,-0.998936,0.086864,1.12,-2.24,-0.63,-62
1786635732656,1481884,Thigh,stand,-0.038064,-0.999912,0.084912,1.19,-1.89,-0.7,-62
1786635732656,1481900,Thigh,stand,-0.038552,-1.001864,0.085888,1.12,-1.75,-0.7,-62
1786635732656,1481917,Thigh,stand,-0.038552,-0.998936,0.086864,1.26,-1.82,-0.7,-62
1786635732656,1481934,Thigh,stand,-0.037088,-0.999912,0.088328,1.05,-2.24,-0.56,-62
1786635732656,1481951,Thigh,stand,-0.034648,-0.999424,0.085888,0.98,-2.24,-0.56,-62
1786635733014,1482130,Thigh,stand,-0.038552,-0.999424,0.084424,1.05,-2.31,-0.56,-65
1786635733014,1482161,Thigh,stand,-0.038064,-1.001376,0.0854,1.33,-2.17,-0.42,-65
1786635733014,1482178,Thigh,stand,-0.037088,-0.99796,0.087352,1.33,-2.17,-0.42,-65
1786635733014,1482195,Thigh,stand,-0.037576,-0.998936,0.086376,1.26,-2.03,-0.42,-65
1786635733014,1482212,Thigh,stand,-0.040016,-1.000888,0.0854,1.33,-2.17,-0.49,-65
1786635733014,1482243,Thigh,stand,-0.040504,-1.001376,0.082472,1.4,-2.59,-0.42,-65
1786635733014,1482260,Thigh,stand,-0.038552,-0.999424,0.08296,1.19,-2.73,-0.49,-65
1786635733014,1482277,Thigh,stand,-0.037088,-0.999912,0.084424,1.26,-2.94,-0.42,-65
1786635733014,1482293,Thigh,stand,-0.037576,-1.000888,0.084912,1.19,-2.87,-0.42,-65
1786635733014,1482310,Thigh,stand,-0.03416,-0.999424,0.088328,1.26,-3.22,-0.35,-65
1786635733366,1482490,Thigh,stand,-0.037088,-1.001376,0.086376,1.33,-2.38,-0.21,-65
1786635733366,1482521,Thigh,stand,-0.0366,-0.999424,0.089304,1.33,-2.66,-0.07,-65
1786635733366,1482538,Thigh,stand,-0.038552,-0.999424,0.086864,1.19,-2.59,0.07,-65
1786635733366,1482555,Thigh,stand,-0.038064,-1.0004,0.085888,1.19,-2.8,0.14,-65
1786635733366,1482572,Thigh,stand,-0.037576,-1.0004,0.084912,1.26,-2.73,0.07,-65
1786635733366,1482603,Thigh,stand,-0.038552,-0.999912,0.086864,1.33,-2.59,0,-65
1786635733366,1482620,Thigh,stand,-0.037088,-0.998448,0.086376,1.33,-2.87,0.07,-65
1786635733366,1482637,Thigh,stand,-0.035624,-0.999424,0.088328,1.12,-2.87,0.14,-65
1786635733366,1482654,Thigh,stand,-0.037576,-1.0004,0.084912,1.19,-2.66,0.21,-65
1786635733366,1482671,Thigh,stand,-0.042944,-1.000888,0.089792,1.47,-2.38,0.21,-65
1786635733784,1482898,Thigh,stand,-0.040504,-0.999912,0.0854,0.98,-2.45,-0.42,-65
1786635733784,1482930,Thigh,stand,-0.038064,-0.999424,0.084912,1.33,-2.31,-0.28,-65
1786635733784,1482947,Thigh,stand,-0.038552,-1.000888,0.083936,1.12,-2.17,-0.28,-65
1786635733784,1482964,Thigh,stand,-0.040992,-1.000888,0.0854,1.19,-2.1,-0.42,-65
1786635733784,1482981,Thigh,stand,-0.039528,-0.999424,0.085888,1.05,-2.38,-0.42,-65
1786635733784,1483012,Thigh,stand,-0.038552,-1.0004,0.088816,1.05,-2.38,-0.42,-65
1786635733784,1483029,Thigh,stand,-0.03904,-0.998936,0.085888,1.05,-2.31,-0.49,-65
1786635733784,1483047,Thigh,stand,-0.03904,-0.999912,0.0854,1.05,-2.17,-0.56,-65
1786635733784,1483064,Thigh,stand,-0.040016,-1.0004,0.086864,1.12,-2.03,-0.49,-65
1786635733784,1483081,Thigh,stand,-0.038552,-0.999424,0.084424,1.05,-2.38,-0.42,-65
1786635734145,1483259,Thigh,stand,-0.035136,-1.000888,0.084424,1.19,-2.03,-0.49,-65
1786635734145,1483290,Thigh,stand,-0.0366,-0.999424,0.081496,0.98,-1.75,-0.63,-65
1786635734145,1483307,Thigh,stand,-0.038064,-0.999912,0.084912,0.98,-2.24,-0.49,-65
1786635734145,1483324,Thigh,stand,-0.038552,-1.000888,0.0854,0.84,-2.52,-0.49,-65
1786635734145,1483341,Thigh,stand,-0.037576,-1.000888,0.084912,1.12,-3.01,-0.42,-65
1786635734145,1483372,Thigh,stand,-0.03416,-1.000888,0.08296,1.26,-2.38,-0.56,-65
1786635734145,1483389,Thigh,stand,-0.035624,-0.999424,0.081984,1.19,-2.1,-0.42,-65
1786635734145,1483406,Thigh,stand,-0.035136,-0.999912,0.08296,1.26,-2.31,-0.42,-65
1786635734145,1483423,Thigh,stand,-0.03416,-0.999424,0.08296,1.12,-2.1,-0.42,-65
1786635734145,1483440,Thigh,stand,-0.035136,-1.001376,0.079544,1.26,-2.24,-0.49,-65
1786635734508,1483618,Thigh,stand,-0.035624,-1.0004,0.084424,0.98,-2.87,-0.56,-66
1786635734508,1483649,Thigh,stand,-0.03416,-0.999424,0.084912,0.98,-2.8,-0.49,-66
1786635734508,1483666,Thigh,stand,-0.032208,-1.000888,0.088328,1.26,-2.59,-0.49,-66
1786635734508,1483683,Thigh,stand,-0.03172,-0.999424,0.0854,1.47,-2.24,-0.42,-66
1786635734508,1483700,Thigh,stand,-0.03172,-0.999424,0.083448,1.33,-2.24,-0.28,-66
1786635734508,1483732,Thigh,stand,-0.031232,-0.998448,0.082472,1.19,-2.38,-0.35,-66
1786635734508,1483749,Thigh,stand,-0.036112,-1.0004,0.078568,1.05,-2.31,-0.42,-66
1786635734508,1483766,Thigh,stand,-0.035136,-1.000888,0.079056,1.12,-2.38,-0.49,-66
1786635734508,1483783,Thigh,stand,-0.034648,-1.001376,0.08296,1.05,-2.59,-0.42,-66
1786635734508,1483800,Thigh,stand,-0.033672,-1.001864,0.087352,1.12,-2.8,-0.35,-66
1786635734894,1483977,Thigh,stand,-0.029768,-0.99796,0.086376,1.19,-2.31,-0.21,-66
1786635734894,1484008,Thigh,stand,-0.029768,-1.001376,0.08296,1.47,-2.38,-0.28,-66
1786635734894,1484026,Thigh,stand,-0.027328,-0.999912,0.080032,1.26,-2.24,-0.21,-66
1786635734894,1484043,Thigh,stand,-0.030256,-1.000888,0.082472,1.33,-2.24,-0.14,-66
1786635734894,1484060,Thigh,stand,-0.030256,-0.874984,0.083448,1.12,-2.24,-0.07,-66
1786635734894,1484091,Thigh,stand,-0.032208,-0.999424,0.0854,1.19,-2.38,-0.14,-66
1786635734894,1484108,Thigh,stand,-0.034648,-0.999424,0.086376,1.26,-2.52,-0.14,-66
1786635734894,1484126,Thigh,stand,-0.03416,-1.0004,0.085888,1.4,-2.66,-0.07,-66
1786635734894,1484143,Thigh,stand,-0.030744,-0.998936,0.086376,1.4,-2.45,0,-66
1786635734894,1484160,Thigh,stand,-0.030744,-1.001864,0.084912,1.54,-2.17,0,-66
1786635735223,1484337,Thigh,stand,-0.034648,-1.0004,0.088816,1.47,-2.24,0.21,-66
1786635735223,1484368,Thigh,stand,-0.03416,-1.0004,0.08296,1.4,-2.24,0.21,-66
1786635735223,1484385,Thigh,stand,-0.033184,-1.0004,0.084912,1.26,-2.38,0.21,-66
1786635735223,1484402,Thigh,stand,-0.036112,-1.0004,0.0854,1.33,-2.45,0.14,-66
1786635735223,1484419,Thigh,stand,-0.036112,-0.999912,0.085888,1.4,-2.66,0.14,-66
1786635735223,1484450,Thigh,stand,-0.033672,-0.999912,0.084424,1.47,-2.73,0,-66
1786635735223,1484467,Thigh,stand,-0.033672,-1.0004,0.0854,1.12,-2.73,0.07,-66
1786635735223,1484484,Thigh,stand,-0.034648,-0.999912,0.086376,1.19,-2.45,0,-66
1786635735223,1484501,Thigh,stand,-0.0366,-0.999424,0.083448,1.19,-2.59,0,-66
1786635735223,1484518,Thigh,stand,-0.033184,-0.998936,0.084424,1.12,-2.8,-0.07,-66
1786635735581,1484692,Thigh,stand,-0.035624,-0.998936,0.084424,1.26,-2.52,-0.14,-64
1786635735581,1484723,Thigh,stand,-0.037576,-0.999912,0.084424,1.19,-2.52,-0.07,-64
1786635735581,1484740,Thigh,stand,-0.0366,-1.001864,0.084424,1.33,-2.66,0,-64
1786635735581,1484757,Thigh,stand,-0.035624,-1.001376,0.084424,1.33,-2.66,0,-64
1786635735581,1484774,Thigh,stand,-0.032208,-0.999912,0.084912,1.33,-2.52,0,-64
1786635735581,1484805,Thigh,stand,-0.032696,-1.001864,0.084912,1.4,-2.03,-0.07,-64
1786635735581,1484822,Thigh,stand,-0.032696,-0.998448,0.082472,1.26,-2.38,-0.07,-64
1786635735581,1484839,Thigh,stand,-0.03904,-0.999912,0.083448,1.12,-2.17,-0.21,-64
1786635735581,1484856,Thigh,stand,-0.036112,-1.0004,0.08296,1.33,-2.38,-0.21,-64
1786635735581,1484873,Thigh,stand,-0.034648,-0.999912,0.082472,1.33,-2.66,-0.21,-64
1786635735939,1485050,Thigh,stand,-0.034648,-1.0004,0.0854,1.12,-2.31,-0.21,-64
1786635735939,1485081,Thigh,stand,-0.0366,-1.000888,0.0854,1.19,-2.38,-0.28,-64
1786635735939,1485098,Thigh,stand,-0.035136,-1.0004,0.086864,1.19,-2.52,-0.21,-64
1786635735939,1485115,Thigh,stand,-0.03416,-1.000888,0.083448,1.26,-2.52,-0.21,-64
1786635735939,1485132,Thigh,stand,-0.03416,-0.998448,0.08296,1.26,-2.66,-0.21,-64
1786635735939,1485163,Thigh,stand,-0.030744,-1.002352,0.081496,1.26,-2.52,-0.35,-64
1786635735939,1485180,Thigh,stand,-0.03172,-1.0004,0.08296,1.33,-2.17,-0.35,-64
1786635735939,1485197,Thigh,stand,-0.029768,-0.999424,0.0854,1.12,-2.24,-0.28,-64
1786635735939,1485214,Thigh,stand,-0.031232,-1.0004,0.084424,0.98,-2.52,-0.14,-64
1786635735939,1485231,Thigh,stand,-0.037088,-1.0004,0.083448,1.05,-2.45,-0.14,-64
1786635736296,1485408,Thigh,stand,-0.030744,-1.00284,0.083936,1.19,-2.73,-0.07,-64
1786635736296,1485438,Thigh,stand,-0.03416,-1.000888,0.084424,1.4,-2.31,-0.07,-64
1786635736296,1485455,Thigh,stand,-0.036112,-0.998936,0.086376,1.4,-2.52,0.07,-64
1786635736296,1485472,Thigh,stand,-0.037576,-1.0004,0.084912,1.19,-2.66,0,-64
1786635736296,1485489,Thigh,stand,-0.038064,-1.0004,0.083936,1.33,-2.8,0.07,-64
1786635736296,1485520,Thigh,stand,-0.032208,-1.0004,0.079544,1.33,-2.66,0.07,-64
1786635736296,1485537,Thigh,stand,-0.033184,-1.001376,0.081984,1.4,-2.59,-0.07,-64
1786635736296,1485554,Thigh,stand,-0.031232,-1.000888,0.083936,1.4,-2.73,-0.07,-64
1786635736296,1485571,Thigh,stand,-0.033672,-1.002352,0.083448,1.19,-2.73,0,-64
1786635736296,1485588,Thigh,stand,-0.033184,-0.998448,0.084912,1.54,-2.8,0.07,-64
1786635736656,1485765,Thigh,stand,-0.033184,-1.000888,0.083936,1.4,-2.59,0.14,-65
1786635736656,1485796,Thigh,stand,-0.038064,-1.0004,0.083448,1.33,-2.31,0.07,-65
1786635736656,1485813,Thigh,stand,-0.038064,-1.0004,0.0854,1.26,-2.31,0.14,-65
1786635736656,1485829,Thigh,stand,-0.0366,-1.000888,0.084912,1.33,-2.66,0.21,-65
1786635736656,1485846,Thigh,stand,-0.035136,-0.999912,0.083936,1.26,-2.45,0.21,-65
1786635736656,1485877,Thigh,stand,-0.033672,-0.999424,0.085888,1.68,-2.24,0.21,-65
1786635736656,1485894,Thigh,stand,-0.035624,-0.998936,0.0854,1.54,-2.17,0.14,-65
1786635736656,1485911,Thigh,stand,-0.038552,-1.000888,0.084424,1.47,-2.52,0.14,-65
1786635736656,1485928,Thigh,stand,-0.038552,-0.999424,0.084424,1.4,-2.66,0.14,-65
1786635736656,1485945,Thigh,stand,-0.037088,-1.000888,0.08296,1.4,-2.87,0.21,-65
1786635737033,1486122,Thigh,stand,-0.038064,-0.999424,0.085888,1.54,-2.45,0.35,-65
1786635737033,1486153,Thigh,stand,-0.042944,-1.000888,0.0854,1.61,-3.08,0.28,-65
1786635737033,1486170,Thigh,stand,-0.041968,-1.0004,0.084912,1.61,-3.15,0.42,-65
1786635737033,1486187,Thigh,stand,-0.03904,-0.997472,0.08784,1.4,-3.01,0.42,-65
1786635737033,1486203,Thigh,stand,-0.040016,-1.0004,0.086376,1.54,-2.66,0.28,-65
1786635737033,1486234,Thigh,stand,-0.03904,-0.998936,0.089304,1.47,-2.94,0.35,-65
1786635737033,1486251,Thigh,stand,-0.033184,-1.0004,0.087352,1.4,-2.66,0.35,-65
1786635737033,1486268,Thigh,stand,-0.038064,-1.0004,0.086376,1.68,-1.89,0.21,-65
1786635737033,1486285,Thigh,stand,-0.040992,-0.998448,0.086864,1.61,-1.82,0.21,-65
1786635737033,1486302,Thigh,stand,-0.040992,-0.997472,0.087352,1.26,-2.52,0.28,-65
1786635737420,1486481,Thigh,stand,-0.038064,-0.999912,0.083936,1.33,-2.52,0.14,-65
1786635737420,1486512,Thigh,stand,-0.040992,-0.998936,0.085888,1.4,-2.38,0,-65
1786635737420,1486529,Thigh,stand,-0.040992,-0.999424,0.086376,1.4,-2.1,0,-65
1786635737420,1486546,Thigh,stand,-0.041968,-0.999912,0.085888,1.54,-2.17,0,-65
1786635737420,1486563,Thigh,stand,-0.04148,-0.999424,0.088328,1.4,-2.38,0.14,-65
1786635737420,1486593,Thigh,stand,-0.040992,-0.999912,0.086864,1.26,-2.45,0.21,-65
1786635737420,1486610,Thigh,stand,-0.037088,-0.999912,0.084912,1.26,-2.66,0.07,-65
1786635737420,1486627,Thigh,stand,-0.04148,-0.999912,0.084424,1.4,-2.66,0,-65
1786635737420,1486644,Thigh,stand,-0.040016,-0.999424,0.0854,1.4,-2.45,-0.14,-65
1786635737420,1486661,Thigh,stand,-0.040504,-0.999912,0.084424,1.4,-2.59,0,-65
1786635737733,1486836,Thigh,stand,-0.040504,-0.998936,0.085888,1.26,-2.52,-0.21,-64
1786635737733,1486867,Thigh,stand,-0.039528,-0.998936,0.084424,1.19,-2.45,-0.21,-64
1786635737733,1486884,Thigh,stand,-0.043432,-0.999912,0.088816,1.33,-2.38,-0.21,-64
1786635737733,1486901,Thigh,stand,-0.039528,-0.998936,0.092232,1.33,-2.66,-0.28,-64
1786635737733,1486918,Thigh,stand,-0.03904,-0.998448,0.091744,1.26,-2.1,-0.21,-64
1786635737733,1486949,Thigh,stand,-0.043432,-0.998936,0.086376,1.33,-1.89,-0.28,-64
1786635737733,1486966,Thigh,stand,-0.042944,-0.998936,0.088328,1.33,-2.17,-0.28,-64
1786635737733,1486983,Thigh,stand,-0.042456,-0.998936,0.086376,1.33,-2.24,-0.42,-64
1786635737733,1487000,Thigh,stand,-0.040016,-0.999912,0.087352,1.19,-2.1,-0.49,-64
1786635737733,1487017,Thigh,stand,-0.041968,-0.999424,0.09028,1.19,-2.24,-0.42,-64
1786635738091,1487196,Thigh,stand,-0.037576,-0.999912,0.084912,1.19,-2.73,-0.35,-64
1786635738091,1487227,Thigh,stand,-0.039528,-1.0004,0.086864,1.4,-2.59,-0.28,-64
1786635738091,1487244,Thigh,stand,-0.033184,-1.0004,0.088328,1.4,-2.52,-0.07,-64
1786635738091,1487261,Thigh,stand,-0.033184,-0.999912,0.085888,1.33,-2.03,-0.07,-64
1786635738091,1487278,Thigh,stand,-0.034648,-1.000888,0.085888,1.47,-1.75,0,-64
1786635738091,1487309,Thigh,stand,-0.027816,-1.001376,0.081008,1.47,-1.96,0.14,-64
1786635738091,1487326,Thigh,stand,-0.025376,-0.999424,0.076616,1.33,-1.89,0.14,-64
1786635738091,1487343,Thigh,stand,-0.026352,-0.998448,0.074664,1.26,-2.03,-0.14,-64
1786635738091,1487359,Thigh,stand,-0.033672,-1.003328,0.08052,1.4,-2.17,-0.21,-64
1786635738091,1487377,Thigh,stand,-0.04392,-0.996496,0.082472,1.33,-2.66,-0.42,-64
1786635738451,1487555,Thigh,stand,-0.036112,-0.998936,0.086376,1.19,-3.64,-0.21,-63
1786635738451,1487586,Thigh,stand,-0.041968,-0.999912,0.090768,1.33,-3.22,-0.28,-63
1786635738451,1487603,Thigh,stand,-0.04392,-0.999424,0.090768,1.26,-3.29,-0.14,-63
1786635738451,1487620,Thigh,stand,-0.040992,-0.998936,0.089792,1.19,-3.08,0,-63
1786635738451,1487637,Thigh,stand,-0.039528,-0.99796,0.089792,1.12,-2.52,0.07,-63
1786635738451,1487668,Thigh,stand,-0.035624,-0.998448,0.086864,1.4,-2.31,0,-63
1786635738451,1487685,Thigh,stand,-0.035136,-0.999912,0.0854,1.4,-2.59,0.07,-63
1786635738451,1487702,Thigh,stand,-0.033672,-0.998448,0.084424,1.26,-2.52,0.07,-63
1786635738451,1487719,Thigh,stand,-0.037576,-1.000888,0.083936,1.33,-2.66,0.07,-63
1786635738451,1487736,Thigh,stand,-0.037088,-1.001376,0.086376,1.4,-2.87,0.21,-63
1786635738811,1487913,Thigh,stand,-0.040992,-1.0004,0.085888,1.61,-2.8,0.77,-63
1786635738811,1487944,Thigh,stand,-0.043432,-0.999912,0.088328,1.75,-2.45,0.77,-63
1786635738811,1487961,Thigh,stand,-0.044896,-0.998936,0.092232,1.82,-2.03,0.77,-63
1786635738811,1487978,Thigh,stand,-0.046848,-0.999424,0.092232,1.89,-2.17,0.91,-63
1786635738811,1487995,Thigh,stand,-0.044896,-0.998448,0.091744,2.03,-2.03,1.12,-63
1786635738811,1488026,Thigh,stand,-0.04148,-0.999424,0.088328,1.89,-1.75,1.26,-63
1786635738811,1488043,Thigh,stand,-0.042944,-0.998936,0.089304,1.89,-1.47,0.91,-63
1786635738811,1488060,Thigh,stand,-0.04636,-0.999424,0.08784,1.75,-1.33,0.84,-63
1786635738811,1488077,Thigh,stand,-0.048312,-0.998448,0.087352,1.89,-2.03,0.84,-63
1786635738811,1488094,Thigh,stand,-0.049776,-0.99796,0.089304,1.61,-2.52,0.84,-63
1786635739170,1488272,Thigh,stand,-0.0488,-0.998936,0.086376,1.4,-2.73,0.63,-63
1786635739170,1488303,Thigh,stand,-0.047824,-0.996008,0.091744,1.61,-2.66,0.56,-63
1786635739170,1488320,Thigh,stand,-0.045384,-1.001376,0.08784,1.47,-2.87,0.21,-63
1786635739170,1488337,Thigh,stand,-0.04636,-0.999912,0.087352,1.47,-3.08,0.07,-63
1786635739170,1488354,Thigh,stand,-0.047824,-0.99796,0.092232,1.47,-3.22,0.07,-63
1786635739170,1488385,Thigh,stand,-0.045872,-0.999424,0.0854,1.26,-3.01,-0.14,-63
1786635739170,1488402,Thigh,stand,-0.045384,-0.998936,0.086864,1.26,-2.94,-0.14,-63
1786635739170,1488419,Thigh,stand,-0.049288,-0.999424,0.089792,1.33,-3.08,-0.07,-63
1786635739170,1488436,Thigh,stand,-0.049288,-0.998448,0.090768,1.26,-3.36,-0.14,-63
1786635739170,1488453,Thigh,stand,-0.048312,-0.998936,0.09028,1.05,-3.29,-0.21,-63
1786635739537,1488629,Thigh,stand,-0.047824,-0.999424,0.091744,1.4,-3.08,-0.07,-63
1786635739537,1488660,Thigh,stand,-0.050264,-0.998936,0.091744,1.4,-2.94,-0.21,-63
1786635739537,1488677,Thigh,stand,-0.049776,-0.999424,0.091256,1.33,-3.01,-0.28,-63
1786635739537,1488694,Thigh,stand,-0.046848,-0.996984,0.089792,1.33,-2.94,-0.28,-63
1786635739537,1488711,Thigh,stand,-0.04636,-0.999912,0.091744,1.33,-2.59,-0.42,-63
1786635739537,1488742,Thigh,stand,-0.0488,-0.999424,0.089304,1.19,-2.17,-0.56,-63
1786635739537,1488759,Thigh,stand,-0.04636,-0.998936,0.087352,1.33,-2.31,-0.63,-63
1786635739537,1488776,Thigh,stand,-0.047824,-0.999912,0.093208,1.26,-2.59,-0.56,-63
1786635739537,1488793,Thigh,stand,-0.049288,-0.999912,0.08784,1.26,-2.66,-0.56,-63
1786635739537,1488810,Thigh,stand,-0.0488,-0.999424,0.089304,1.33,-2.66,-0.56,-63
1786635739889,1488987,Thigh,stand,-0.042456,-1.001376,0.090768,1.4,-1.82,-0.84,-63
1786635739889,1489018,Thigh,stand,-0.044896,-0.999912,0.091744,1.26,-1.82,-0.7,-63
1786635739889,1489035,Thigh,stand,-0.042456,-0.997472,0.091256,1.26,-2.03,-0.63,-63
1786635739889,1489052,Thigh,stand,-0.043432,-0.999424,0.088816,1.33,-1.96,-0.56,-63
1786635739889,1489070,Thigh,stand,-0.045872,-0.997472,0.088816,1.26,-2.1,-0.42,-63
1786635739889,1489100,Thigh,stand,-0.047336,-0.998936,0.093208,1.19,-1.96,-0.42,-63
1786635739889,1489117,Thigh,stand,-0.046848,-1.000888,0.096136,1.26,-2.03,-0.42,-63
1786635739889,1489134,Thigh,stand,-0.045384,-0.998936,0.095648,1.26,-1.89,-0.28,-63
1786635739889,1489151,Thigh,stand,-0.044408,-0.99796,0.093208,1.19,-2.38,-0.28,-63
1786635739889,1489168,Thigh,stand,-0.041968,-0.999424,0.088816,1.12,-2.24,-0.28,-63
1786635740252,1489347,Thigh,stand,-0.042456,-0.998448,0.092232,1.19,-2.38,-0.14,-63
1786635740252,1489378,Thigh,stand,-0.04636,-0.999912,0.09516,1.19,-2.17,-0.07,-63
1786635740252,1489395,Thigh,stand,-0.047336,-0.999912,0.09272,1.19,-2.03,-0.07,-63
1786635740252,1489412,Thigh,stand,-0.050264,-0.998936,0.092232,1.33,-2.17,-0.07,-63
1786635740252,1489429,Thigh,stand,-0.046848,-0.998448,0.091256,1.4,-2.17,0,-63
1786635740252,1489460,Thigh,stand,-0.04148,-1.001376,0.089792,1.12,-2.59,0.07,-63
1786635740252,1489477,Thigh,stand,-0.046848,-0.998936,0.08784,1.26,-2.38,-0.07,-63
1786635740252,1489494,Thigh,stand,-0.047336,-0.998448,0.094184,1.19,-2.73,-0.07,-63
1786635740252,1489511,Thigh,stand,-0.045384,-0.997472,0.094184,0.91,-3.22,0,-63
1786635740252,1489528,Thigh,stand,-0.04392,-0.999912,0.09028,0.98,-3.15,0,-63
1786635740610,1489707,Thigh,stand,-0.045384,-0.999424,0.088328,1.26,-3.22,0.14,-61
1786635740610,1489738,Thigh,stand,-0.045384,-0.999912,0.088328,1.33,-3.01,0.14,-61
1786635740610,1489755,Thigh,stand,-0.043432,-0.999912,0.089304,1.33,-2.94,0.14,-61
1786635740610,1489772,Thigh,stand,-0.044408,-0.998936,0.089304,1.33,-2.66,0.21,-61
1786635740610,1489789,Thigh,stand,-0.043432,-1.0004,0.089304,1.26,-2.73,0.21,-61
1786635740610,1489820,Thigh,stand,-0.0488,-0.998936,0.093208,1.4,-2.87,0.35,-61
1786635740610,1489837,Thigh,stand,-0.048312,-0.998936,0.091256,1.4,-2.87,0.35,-61
1786635740610,1489854,Thigh,stand,-0.049288,-0.99796,0.094184,1.4,-2.8,0.35,-61
1786635740610,1489871,Thigh,stand,-0.049288,-0.999912,0.092232,1.4,-2.59,0.28,-61
1786635740610,1489888,Thigh,stand,-0.05124,-1.0004,0.09028,1.54,-2.66,0.21,-61
1786635740970,1490067,Thigh,stand,-0.047824,-0.99796,0.09028,1.19,-2.24,-0.14,-61
1786635740970,1490097,Thigh,stand,-0.04636,-1.000888,0.088328,1.12,-2.17,-0.35,-61
1786635740970,1490115,Thigh,stand,-0.047336,-1.000888,0.088816,1.26,-2.17,-0.35,-61
1786635740970,1490131,Thigh,stand,-0.047824,-0.999424,0.088328,1.12,-1.96,-0.49,-61
1786635740970,1490148,Thigh,stand,-0.049288,-0.999424,0.08784,1.19,-2.1,-0.49,-61
1786635740970,1490179,Thigh,stand,-0.050264,-0.999424,0.093696,1.26,-2.31,-0.56,-61
1786635740970,1490196,Thigh,stand,-0.04392,-0.998448,0.091744,1.19,-2.66,-0.42,-61
1786635740970,1490213,Thigh,stand,-0.04392,-0.999424,0.092232,1.12,-2.38,-0.49,-61
1786635740970,1490230,Thigh,stand,-0.044896,-0.998936,0.091744,1.19,-2.1,-0.42,-61
1786635740970,1490247,Thigh,stand,-0.04636,-0.999912,0.088816,1.26,-2.1,-0.42,-61
1786635741330,1490426,Thigh,stand,-0.04636,-0.998448,0.091256,1.19,-2.66,-0.42,-61
1786635741330,1490457,Thigh,stand,-0.045384,-0.998936,0.092232,1.19,-2.24,-0.49,-61
1786635741330,1490474,Thigh,stand,-0.044896,-1.001376,0.09272,1.33,-2.17,-0.49,-61
1786635741330,1490490,Thigh,stand,-0.047336,-0.997472,0.088816,1.4,-2.38,-0.42,-61
1786635741330,1490507,Thigh,stand,-0.047336,-0.998936,0.091256,1.26,-2.52,-0.35,-61
1786635741330,1490538,Thigh,stand,-0.040992,-1.001376,0.091256,1.26,-2.87,-0.14,-61
1786635741330,1490555,Thigh,stand,-0.037088,-1.0004,0.088328,1.26,-3.08,-0.07,-61
1786635741330,1490572,Thigh,stand,-0.03416,-0.999424,0.089304,1.26,-2.87,-0.14,-61
1786635741330,1490589,Thigh,stand,-0.03416,-1.0004,0.089792,1.19,-2.31,-0.21,-61
1786635741330,1490606,Thigh,stand,-0.038064,-1.0004,0.086864,1.33,-2.17,-0.28,-61
1786635741724,1490784,Thigh,stand,-0.044896,-0.998936,0.084424,1.26,-2.8,0.07,-60
1786635741724,1490815,Thigh,stand,-0.045872,-1.0004,0.089304,1.12,-2.94,-0.07,-60
1786635741724,1490832,Thigh,stand,-0.047336,-0.999424,0.091744,1.19,-2.73,-0.07,-60
1786635741724,1490849,Thigh,stand,-0.047336,-0.998448,0.094184,1.33,-2.73,-0.07,-60
1786635741724,1490865,Thigh,stand,-0.049288,-0.999912,0.096136,1.4,-2.52,0.07,-60
1786635741724,1490896,Thigh,stand,-0.049776,-0.998448,0.091256,1.4,-2.38,0.14,-60
1786635741724,1490913,Thigh,stand,-0.048312,-0.999424,0.091256,1.4,-2.31,0.07,-60
1786635741724,1490930,Thigh,stand,-0.046848,-0.998936,0.086864,1.19,-2.45,-0.07,-60
1786635741724,1490947,Thigh,stand,-0.042456,-1.0004,0.087352,1.26,-2.38,-0.14,-60
1786635741724,1490964,Thigh,stand,-0.044408,-0.998448,0.088816,1.26,-2.31,-0.07,-60
1786635742072,1491142,Thigh,stand,-0.044896,-0.999424,0.08784,1.4,-2.24,-0.07,-60
1786635742072,1491173,Thigh,stand,-0.046848,-0.998936,0.093696,1.33,-1.75,-0.14,-60
1786635742072,1491191,Thigh,stand,-0.050752,-0.99796,0.097112,1.47,-2.03,-0.07,-60
1786635742072,1491208,Thigh,stand,-0.0488,-0.999424,0.094184,1.19,-2.31,0,-60
1786635742072,1491225,Thigh,stand,-0.047824,-0.998936,0.089304,1.4,-2.31,0,-60
1786635742072,1491256,Thigh,stand,-0.044896,-0.998936,0.088328,1.26,-1.96,-0.07,-60
1786635742072,1491272,Thigh,stand,-0.046848,-0.999424,0.091256,1.26,-2.1,-0.14,-60
1786635742072,1491290,Thigh,stand,-0.046848,-0.998936,0.09028,1.33,-2.45,0.07,-60
1786635742072,1491306,Thigh,stand,-0.045384,-0.999912,0.091256,1.26,-2.38,0.07,-60
1786635742072,1491323,Thigh,stand,-0.04392,-0.998936,0.091256,1.33,-2.31,0.14,-60
1786635742469,1491501,Thigh,stand,-0.046848,-0.999424,0.09516,1.33,-3.08,0.28,-60
1786635742469,1491532,Thigh,stand,-0.047336,-0.998448,0.091744,1.33,-3.08,0.35,-60
1786635742469,1491549,Thigh,stand,-0.049288,-0.998936,0.088328,1.47,-2.45,0.28,-60
1786635742469,1491566,Thigh,stand,-0.050264,-1.000888,0.089792,1.61,-2.1,0.21,-60
1786635742469,1491583,Thigh,stand,-0.05124,-1.0004,0.090768,1.75,-2.1,0.28,-60
1786635742469,1491614,Thigh,stand,-0.046848,-0.998448,0.088816,1.47,-3.01,0.42,-60
1786635742469,1491631,Thigh,stand,-0.046848,-0.998448,0.088816,1.4,-3.01,0.35,-60
1786635742469,1491647,Thigh,stand,-0.047336,-0.999424,0.091256,1.68,-2.94,0.21,-60
1786635742469,1491665,Thigh,stand,-0.051728,-0.999424,0.093208,1.33,-2.66,0.14,-60
1786635742469,1491682,Thigh,stand,-0.051728,-1.0004,0.090768,1.61,-2.8,0.21,-60
1786635742852,1491861,Thigh,stand,-0.050752,-0.998448,0.09516,1.4,-2.59,0.07,-60
1786635742852,1491892,Thigh,stand,-0.052216,-0.99796,0.094184,1.47,-2.38,0.07,-60
1786635742852,1491909,Thigh,stand,-0.051728,-0.99796,0.093696,1.54,-2.24,0.07,-60
1786635742852,1491926,Thigh,stand,-0.05124,-0.99796,0.094184,1.54,-2.38,0.07,-60
1786635742852,1491943,Thigh,stand,-0.049776,-0.998448,0.094184,1.54,-2.66,0.14,-60
1786635742852,1491974,Thigh,stand,-0.04636,-1.0004,0.089792,1.47,-2.45,0.14,-60
1786635742852,1491991,Thigh,stand,-0.044896,-1.0004,0.091256,1.4,-2.38,0.07,-60
1786635742852,1492008,Thigh,stand,-0.045384,-0.998936,0.092232,1.26,-2.59,0.14,-60
1786635742852,1492025,Thigh,stand,-0.047824,-0.998936,0.091744,1.33,-2.24,0,-60
1786635742852,1492042,Thigh,stand,-0.049776,-0.998448,0.09028,1.33,-2.24,-0.14,-60
1786635743128,1492219,Thigh,stand,-0.054168,-0.997472,0.094672,1.4,-2.31,-0.14,-60
1786635743128,1492250,Thigh,stand,-0.053192,-0.999912,0.090768,1.12,-1.89,-0.28,-60
1786635743128,1492267,Thigh,stand,-0.05368,-0.997472,0.091744,1.4,-1.61,-0.28,-60
1786635743128,1492284,Thigh,stand,-0.052704,-0.996008,0.093208,1.19,-1.82,-0.42,-60
1786635743128,1492301,Thigh,stand,-0.052704,-0.99796,0.094184,1.26,-1.82,-0.49,-60
1786635743128,1492332,Thigh,stand,-0.057584,-0.998936,0.095648,1.33,-2.31,-0.63,-60
1786635743128,1492349,Thigh,stand,-0.056608,-0.997472,0.09516,1.12,-2.52,-0.56,-60
1786635743128,1492366,Thigh,stand,-0.049776,-0.998936,0.093208,1.12,-2.94,-0.49,-60
1786635743128,1492383,Thigh,stand,-0.044896,-0.998936,0.088328,1.12,-2.52,-0.63,-60
1786635743128,1492400,Thigh,stand,-0.045384,-0.998936,0.085888,1.19,-2.1,-0.7,-60
1786635743501,1492578,Thigh,stand,-0.049776,-0.999424,0.091256,1.05,-2.66,-0.49,-60
1786635743501,1492609,Thigh,stand,-0.057584,-0.999424,0.093208,1.12,-3.08,-0.49,-60
1786635743501,1492626,Thigh,stand,-0.05612,-0.997472,0.094672,1.12,-3.57,-0.42,-60
1786635743501,1492643,Thigh,stand,-0.055632,-0.998448,0.095648,1.05,-3.22,-0.56,-60
1786635743501,1492660,Thigh,stand,-0.053192,-0.999424,0.095648,1.19,-3.22,-0.56,-60
1786635743501,1492690,Thigh,stand,-0.047824,-0.99796,0.094672,1.26,-2.94,-0.35,-60
1786635743501,1492707,Thigh,stand,-0.044896,-0.998936,0.091256,1.05,-2.59,-0.42,-60
1786635743501,1492724,Thigh,stand,-0.045384,-0.99796,0.08784,1.19,-2.24,-0.56,-60
1786635743501,1492740,Thigh,stand,-0.044408,-0.999912,0.088328,1.19,-2.73,-0.49,-60
1786635743501,1492771,Thigh,stand,-0.04148,-1.000888,0.088816,1.05,-3.08,-0.42,-60
1786635743861,1492950,Thigh,stand,-0.047336,-0.99796,0.088816,1.19,-2.59,-0.14,-64
1786635743861,1492981,Thigh,stand,-0.044896,-0.998448,0.091256,1.26,-2.38,-0.07,-64
1786635743861,1492998,Thigh,stand,-0.042456,-1.0004,0.09028,1.26,-2.17,-0.07,-64
1786635743861,1493015,Thigh,stand,-0.04392,-0.998448,0.086864,1.33,-1.89,-0.07,-64
1786635743861,1493032,Thigh,stand,-0.04392,-0.998448,0.08784,1.33,-1.75,-0.14,-64
1786635743861,1493063,Thigh,stand,-0.043432,-1.001864,0.086864,1.4,-2.03,-0.14,-64
1786635743861,1493080,Thigh,stand,-0.042456,-0.998448,0.088328,1.47,-2.38,-0.07,-64
1786635743861,1493097,Thigh,stand,-0.043432,-0.99796,0.09028,1.33,-2.24,-0.07,-64
1786635743861,1493114,Thigh,stand,-0.044896,-0.999912,0.089792,1.54,-2.38,0,-64
1786635743861,1493131,Thigh,stand,-0.045872,-0.999424,0.089792,1.33,-2.38,0,-64
1786635744221,1493308,Thigh,stand,-0.048312,-1.0004,0.09272,1.33,-2.24,-0.07,-64
1786635744221,1493339,Thigh,stand,-0.046848,-0.999912,0.089792,1.4,-2.38,0,-64
1786635744221,1493356,Thigh,stand,-0.04392,-0.999912,0.089304,1.33,-2.31,-0.14,-64
1786635744221,1493373,Thigh,stand,-0.047336,-0.99796,0.088328,1.33,-2.31,-0.14,-64
1786635744221,1493391,Thigh,stand,-0.050752,-0.99796,0.090768,1.26,-2.31,-0.21,-64
1786635744221,1493422,Thigh,stand,-0.050264,-0.997472,0.09516,1.19,-2.8,-0.14,-64
1786635744221,1493439,Thigh,stand,-0.049776,-0.998448,0.089792,1.19,-2.87,-0.21,-64
1786635744221,1493456,Thigh,stand,-0.049288,-0.999424,0.090768,1.26,-2.87,-0.28,-64
1786635744221,1493473,Thigh,stand,-0.049776,-0.997472,0.09028,1.19,-2.94,-0.28,-64
1786635744221,1493490,Thigh,stand,-0.042944,-0.998936,0.09272,1.33,-2.8,-0.28,-64
1786635744578,1493667,Thigh,stand,-0.05124,-0.999912,0.094672,1.19,-2.59,-0.14,-64
1786635744578,1493698,Thigh,stand,-0.047824,-0.998448,0.091744,1.4,-2.73,0,-64
1786635744578,1493715,Thigh,stand,-0.046848,-0.998936,0.089304,1.47,-2.45,0,-64
1786635744578,1493732,Thigh,stand,-0.04636,-0.998448,0.089304,1.4,-2.52,0,-64
1786635744578,1493749,Thigh,stand,-0.044408,-0.999424,0.089792,1.33,-2.31,0.07,-64
1786635744578,1493780,Thigh,stand,-0.044408,-0.999912,0.089304,1.47,-2.1,0.07,-64
1786635744578,1493797,Thigh,stand,-0.044408,-1.0004,0.09028,1.54,-1.96,0.07,-64
1786635744578,1493814,Thigh,stand,-0.044896,-0.998448,0.09028,1.61,-2.1,0.07,-64
1786635744578,1493831,Thigh,stand,-0.047336,-0.998448,0.089792,1.47,-2.31,0.07,-64
1786635744578,1493848,Thigh,stand,-0.045872,-1.000888,0.088328,1.26,-2.87,0.07,-64
1786635744934,1494024,Thigh,stand,-0.049288,-0.999912,0.09028,1.47,-2.1,0.14,-62
1786635744934,1494055,Thigh,stand,-0.048312,-1.0004,0.090768,1.47,-2.17,0.35,-62
1786635744934,1494072,Thigh,stand,-0.046848,-0.999424,0.088816,1.47,-2.17,0.21,-62
1786635744934,1494089,Thigh,stand,-0.046848,-0.998448,0.088328,1.54,-2.1,0.14,-62
1786635744934,1494106,Thigh,stand,-0.049776,-0.998936,0.089792,1.54,-2.03,0,-62
1786635744934,1494137,Thigh,stand,-0.051728,-0.996496,0.094672,1.4,-2.59,0.07,-62
1786635744934,1494154,Thigh,stand,-0.048312,-1.0004,0.093696,1.26,-2.66,0,-62
1786635744934,1494171,Thigh,stand,-0.047336,-0.998936,0.094184,1.47,-2.1,0,-62
1786635744934,1494188,Thigh,stand,-0.047824,-0.99796,0.094672,1.33,-2.1,0,-62
1786635744934,1494205,Thigh,stand,-0.047824,-0.998936,0.09272,1.4,-1.96,0,-62
1786635745295,1494380,Thigh,stand,-0.049288,-0.998448,0.091744,1.26,-2.31,-0.21,-62
1786635745295,1494410,Thigh,stand,-0.049776,-0.998936,0.093208,1.26,-2.31,-0.21,-62
1786635745295,1494427,Thigh,stand,-0.047336,-0.999912,0.089792,1.26,-2.45,-0.14,-62
1786635745295,1494444,Thigh,stand,-0.05124,-0.998936,0.089792,1.12,-2.38,-0.21,-62
1786635745295,1494461,Thigh,stand,-0.05124,-0.999424,0.094672,1.19,-2.59,-0.21,-62
1786635745295,1494492,Thigh,stand,-0.046848,-1.000888,0.093208,1.19,-3.43,0.07,-62
1786635745295,1494509,Thigh,stand,-0.043432,-0.99796,0.089304,1.12,-3.22,0,-62
1786635745295,1494526,Thigh,stand,-0.043432,-0.999424,0.088816,1.12,-3.15,-0.07,-62
1786635745295,1494543,Thigh,stand,-0.043432,-1.0004,0.087352,1.19,-2.94,-0.14,-62
1786635745295,1494560,Thigh,stand,-0.044408,-0.999424,0.09028,1.19,-2.66,-0.07,-62
1786635745657,1494737,Thigh,stand,-0.052216,-0.997472,0.09272,1.4,-2.66,0.42,-62
1786635745657,1494767,Thigh,stand,-0.05124,-0.998936,0.090768,1.47,-2.17,0.49,-62
1786635745657,1494785,Thigh,stand,-0.049288,-0.999424,0.090768,1.33,-2.52,0.35,-62
1786635745657,1494801,Thigh,stand,-0.049288,-0.999912,0.091744,1.4,-2.31,0.42,-62
1786635745657,1494818,Thigh,stand,-0.04636,-0.998936,0.090768,1.4,-2.1,0.28,-62
1786635745657,1494849,Thigh,stand,-0.050752,-0.99796,0.091256,1.26,-2.17,-0.07,-62
1786635745657,1494866,Thigh,stand,-0.049776,-0.999424,0.089304,1.33,-2.52,-0.14,-62
1786635745657,1494883,Thigh,stand,-0.050752,-0.998936,0.09028,1.26,-2.45,-0.14,-62
1786635745657,1494900,Thigh,stand,-0.051728,-1.0004,0.094672,1.26,-2.52,0,-62
1786635745657,1494917,Thigh,stand,-0.052216,-0.997472,0.094672,1.26,-2.38,0,-62
1786635746019,1495095,Thigh,stand,-0.049776,-0.998936,0.09272,1.33,-2.17,-0.35,-62
1786635746019,1495127,Thigh,stand,-0.052704,-0.998448,0.092232,1.4,-2.59,-0.21,-62
1786635746019,1495143,Thigh,stand,-0.049288,-0.998936,0.093696,1.33,-2.8,-0.14,-62
1786635746019,1495160,Thigh,stand,-0.049288,-0.998936,0.091744,1.33,-2.38,-0.21,-62
1786635746019,1495177,Thigh,stand,-0.049776,-0.998936,0.093696,1.47,-2.1,-0.28,-62
1786635746019,1495208,Thigh,stand,-0.049288,-0.997472,0.091744,1.4,-1.96,-0.42,-62
1786635746019,1495225,Thigh,stand,-0.05124,-0.997472,0.09516,1.33,-1.89,-0.35,-62
1786635746019,1495242,Thigh,stand,-0.054168,-0.998448,0.095648,1.33,-1.89,-0.42,-62
1786635746019,1495259,Thigh,stand,-0.051728,-0.999424,0.09516,1.33,-2.24,-0.28,-62
1786635746019,1495276,Thigh,stand,-0.047824,-0.999912,0.091744,1.19,-2.24,-0.21,-62
1786635746374,1495455,Thigh,stand,-0.048312,-0.999424,0.09272,1.47,-2.38,-0.14,-62
1786635746374,1495486,Thigh,stand,-0.046848,-0.998448,0.09028,1.54,-1.89,-0.07,-62
1786635746374,1495503,Thigh,stand,-0.048312,-0.998936,0.09028,1.47,-1.89,-0.14,-62
1786635746374,1495520,Thigh,stand,-0.050264,-0.999424,0.091744,1.61,-2.17,-0.14,-62
1786635746374,1495536,Thigh,stand,-0.047336,-0.998448,0.091744,1.12,-2.73,-0.07,-62
1786635746374,1495567,Thigh,stand,-0.047336,-0.998448,0.091256,0.98,-3.08,-0.14,-62
1786635746374,1495584,Thigh,stand,-0.049776,-0.999424,0.092232,1.19,-3.01,-0.21,-62
1786635746374,1495601,Thigh,stand,-0.049288,-0.998936,0.096136,1.26,-2.94,-0.21,-62
1786635746374,1495618,Thigh,stand,-0.048312,-0.998936,0.094672,1.47,-2.73,-0.21,-62
1786635746374,1495635,Thigh,stand,-0.048312,-0.997472,0.094184,1.4,-2.52,-0.21,-62
1786635746732,1495814,Thigh,stand,-0.047336,-0.999912,0.08784,1.33,-1.89,-0.35,-61
1786635746732,1495846,Thigh,stand,-0.050752,-0.999424,0.091744,0.98,-2.45,-0.14,-61
1786635746732,1495863,Thigh,stand,-0.049288,-0.999424,0.090768,1.33,-2.45,-0.14,-61
1786635746732,1495880,Thigh,stand,-0.05124,-0.998936,0.091744,1.33,-2.59,-0.14,-61
1786635746732,1495897,Thigh,stand,-0.047824,-0.998936,0.091744,1.33,-2.66,-0.14,-61
1786635746732,1495927,Thigh,stand,-0.05124,-1.001864,0.087352,1.47,-2.66,-0.35,-61
1786635746732,1495944,Thigh,stand,-0.046848,-0.998448,0.08784,1.4,-2.52,-0.42,-61
1786635746732,1495961,Thigh,stand,-0.044896,-0.999424,0.091744,1.33,-2.45,-0.28,-61
1786635746732,1495978,Thigh,stand,-0.047336,-0.998936,0.090768,1.19,-2.73,-0.07,-61
1786635746732,1495995,Thigh,stand,-0.046848,-0.999424,0.089304,1.4,-2.8,-0.14,-61
1786635747105,1496174,Thigh,stand,-0.0488,-1.0004,0.094184,1.68,-2.31,0.35,-61
1786635747105,1496205,Thigh,stand,-0.047824,-0.998936,0.095648,1.61,-2.52,0.35,-61
1786635747105,1496222,Thigh,stand,-0.049288,-0.997472,0.093696,1.47,-2.73,0.28,-61
1786635747105,1496239,Thigh,stand,-0.0488,-0.998936,0.093208,1.47,-2.94,0.14,-61
1786635747105,1496256,Thigh,stand,-0.04636,-0.998448,0.094672,1.47,-2.94,0.14,-61
1786635747105,1496287,Thigh,stand,-0.051728,-0.99796,0.095648,1.47,-2.17,0.07,-61
1786635747105,1496303,Thigh,stand,-0.055632,-0.996984,0.099552,1.47,-1.96,0.07,-61
1786635747105,1496320,Thigh,stand,-0.053192,-0.996984,0.099064,1.47,-2.1,0.28,-61
1786635747105,1496337,Thigh,stand,-0.050264,-0.99796,0.098088,1.33,-1.96,0.35,-61
1786635747105,1496354,Thigh,stand,-0.050752,-0.998936,0.096624,1.4,-1.89,0.21,-61
1786635747465,1496532,Thigh,stand,-0.057584,-0.998448,0.093208,1.33,-2.17,0.07,-61
1786635747465,1496563,Thigh,stand,-0.059536,-0.997472,0.093696,1.19,-3.08,0,-61
1786635747465,1496580,Thigh,stand,-0.055632,-0.998448,0.096136,1.26,-3.08,0.07,-61
1786635747465,1496597,Thigh,stand,-0.0488,-0.998936,0.09516,1.12,-3.08,0.14,-61
1786635747465,1496614,Thigh,stand,-0.049776,-1.0004,0.093696,1.33,-2.8,0.07,-61
1786635747465,1496645,Thigh,stand,-0.052704,-0.998936,0.089304,1.4,-2.73,-0.07,-61
1786635747465,1496662,Thigh,stand,-0.050752,-0.999424,0.089792,1.26,-2.8,-0.14,-61
1786635747465,1496678,Thigh,stand,-0.049288,-0.999424,0.09516,1.26,-3.08,0,-61
1786635747465,1496695,Thigh,stand,-0.048312,-0.999424,0.095648,1.33,-2.87,0,-61
1786635747465,1496712,Thigh,stand,-0.049288,-0.998448,0.094184,1.19,-2.52,0,-61
1786635747845,1496888,Thigh,stand,-0.05124,-0.998448,0.093696,1.33,-2.73,-0.07,-61
1786635747845,1496919,Thigh,stand,-0.049776,-0.997472,0.095648,1.33,-2.45,-0.07,-61
1786635747845,1496936,Thigh,stand,-0.05368,-1.0004,0.097112,1.26,-2.31,0,-61
1786635747845,1496953,Thigh,stand,-0.056608,-0.998448,0.095648,1.26,-2.38,0,-61
1786635747845,1496970,Thigh,stand,-0.058072,-0.996984,0.098088,1.33,-2.66,-0.07,-61
1786635747845,1497001,Thigh,stand,-0.05612,-1.001864,0.093208,1.26,-2.94,-0.07,-61
1786635747845,1497018,Thigh,stand,-0.052704,-0.998936,0.091744,1.26,-3.01,-0.14,-61
1786635747845,1497035,Thigh,stand,-0.051728,-0.998936,0.091256,1.26,-2.94,-0.14,-61
1786635747845,1497052,Thigh,stand,-0.050264,-0.996496,0.090768,1.19,-2.87,-0.21,-61
1786635747845,1497068,Thigh,stand,-0.052704,-0.99796,0.090768,1.19,-2.66,-0.07,-61
1786635748234,1497247,Thigh,stand,-0.040992,-0.99796,0.090768,2.1,0.14,-0.56,-59
1786635748234,1497278,Thigh,stand,-0.045384,-1.004304,0.108336,1.89,-0.14,0.14,-59
1786635748234,1497296,Thigh,stand,-0.045872,-1.000888,0.103456,1.82,-0.14,0.35,-59
1786635748234,1497313,Thigh,stand,-0.046848,-0.999424,0.096136,1.82,0,0.21,-59
1786635748234,1497330,Thigh,stand,-0.041968,-0.99796,0.091256,1.75,0.14,0,-59
1786635748234,1497361,Thigh,stand,-0.054168,-0.99796,0.089304,1.82,0.77,-0.07,-59
1786635748234,1497377,Thigh,stand,-0.056608,-0.996496,0.096136,1.75,0.7,-0.07,-59
1786635748234,1497395,Thigh,stand,-0.069784,-0.992592,0.097112,1.33,-0.63,0.21,-59
1786635748234,1497412,Thigh,stand,-0.077104,-0.996984,0.098088,1.54,-1.33,0.28,-59
1786635748234,1497429,Thigh,stand,-0.070272,-0.996496,0.096136,1.47,-3.08,0.28,-59
1786635748528,1497605,Thigh,stand,-0.038552,-1.001376,0.083936,1.82,-3.15,0.84,-59
1786635748528,1497636,Thigh,stand,-0.044896,-1.0004,0.086376,1.68,-3.5,0.77,-59
1786635748528,1497653,Thigh,stand,-0.04392,-0.999424,0.083936,1.89,-3.08,0.7,-59
1786635748528,1497671,Thigh,stand,-0.04636,-0.999424,0.091744,1.75,-2.8,0.42,-59
1786635748528,1497688,Thigh,stand,-0.0488,-0.998936,0.09516,1.75,-2.31,0.21,-59
1786635748528,1497719,Thigh,stand,-0.062952,-0.995032,0.100528,1.54,-1.68,0.07,-59
1786635748528,1497736,Thigh,stand,-0.066856,-0.996984,0.103944,1.54,-2.31,0.14,-59
1786635748528,1497753,Thigh,stand,-0.064904,-0.997472,0.103944,1.61,-2.59,0,-59
1786635748528,1497770,Thigh,stand,-0.06344,-0.994056,0.103944,1.4,-2.8,-0.07,-59
1786635748528,1497787,Thigh,stand,-0.061488,-1.001864,0.101504,1.54,-2.94,-0.21,-59
1786635749259,1497964,Thigh,stand,-0.051728,-0.99796,0.094184,1.47,-2.94,-1.26,-59
1786635749259,1497995,Thigh,stand,-0.056608,-0.998448,0.097112,1.33,-3.29,-1.19,-59
1786635749259,1498012,Thigh,stand,-0.05612,-0.996984,0.097112,1.26,-3.08,-1.26,-59
1786635749259,1498029,Thigh,stand,-0.052216,-0.996984,0.10492,1.19,-3.71,-1.05,-59
1786635749259,1498046,Thigh,stand,-0.044408,-0.998448,0.104432,1.19,-3.64,-1.05,-59
1786635749259,1498077,Thigh,stand,-0.038064,-0.99796,0.102968,1.05,-2.66,-0.98,-59
1786635749259,1498094,Thigh,stand,-0.042944,-0.996008,0.101992,1.05,-2.66,-1.19,-59
1786635749259,1498111,Thigh,stand,-0.042944,-0.999424,0.0976,0.56,-2.31,-1.26,-59
1786635749259,1498128,Thigh,stand,-0.046848,-0.996008,0.099552,0.7,-2.66,-1.19,-59
1786635749259,1498145,Thigh,stand,-0.044408,-0.999424,0.105408,0.56,-2.87,-1.12,-59
1786635749568,1498322,Thigh,stand,-0.05368,-0.99796,0.094672,1.12,-2.59,-0.77,-60
1786635749568,1498353,Thigh,stand,-0.052704,-0.997472,0.101504,0.63,-2.87,-0.7,-60
1786635749568,1498370,Thigh,stand,-0.05368,-0.998936,0.10248,0.84,-2.59,-0.63,-60
1786635749568,1498387,Thigh,stand,-0.054168,-0.998936,0.10248,0.91,-2.1,-0.7,-60
1786635749568,1498403,Thigh,stand,-0.05368,-0.997472,0.101992,0.77,-2.1,-0.63,-60
1786635749568,1498434,Thigh,stand,-0.044896,-0.998448,0.094184,0.7,-1.82,-0.77,-60
1786635749568,1498451,Thigh,stand,-0.052216,-0.998448,0.096136,0.84,-2.1,-0.98,-60
1786635749568,1498468,Thigh,stand,-0.05612,-0.998936,0.096624,0.63,-2.59,-1.12,-60
1786635749568,1498485,Thigh,stand,-0.054168,-0.996984,0.096624,0.77,-3.57,-0.98,-60
1786635749568,1498516,Thigh,stand,-0.044408,-0.998936,0.096624,0.35,-4.41,-0.84,-60
1786635749678,1498692,Thigh,stand,-0.036112,-1.003816,0.090768,0.98,-2.1,-0.7,-61
1786635749678,1498723,Thigh,stand,-0.03172,-1.003328,0.08296,1.26,-0.35,-0.35,-61
1786635749678,1498740,Thigh,stand,-0.026352,-1.001376,0.081008,1.61,0.63,-0.07,-61
1786635749678,1498757,Thigh,stand,-0.023424,-1.001864,0.081496,2.03,1.4,0.42,-61
1786635749678,1498774,Thigh,stand,-0.020496,-1.000888,0.081008,2.03,1.75,0.42,-61
1786635749678,1498805,Thigh,stand,-0.02684,-0.996008,0.083448,1.96,1.96,-0.14,-61
1786635749678,1498822,Thigh,stand,-0.0488,-0.996496,0.088328,1.96,1.61,-0.28,-61
1786635749678,1498839,Thigh,stand,-0.064416,-0.996984,0.095648,1.68,0.21,-0.42,-61
1786635749678,1498856,Thigh,stand,-0.072224,-0.996008,0.104432,1.4,-2.03,-0.35,-61
1786635749678,1498873,Thigh,stand,-0.073688,-0.99552,0.105408,1.05,-2.94,-0.49,-61
1786635750038,1499111,Thigh,stand,-0.040504,-1.0004,0.09272,0.56,-4.9,-1.26,-61
1786635750038,1499142,Thigh,stand,-0.033184,-0.99796,0.091256,0.42,-4.97,-1.05,-61
1786635750038,1499159,Thigh,stand,-0.034648,-1.0004,0.086864,0.56,-4.55,-0.98,-61
1786635750038,1499176,Thigh,stand,-0.034648,-1.002352,0.086864,0.63,-4.55,-0.91,-61
1786635750038,1499193,Thigh,stand,-0.033184,-1.002352,0.089304,0.98,-4.9,-0.77,-61
1786635750038,1499224,Thigh,stand,-0.031232,-1.001864,0.086864,0.7,-3.99,-0.91,-61
1786635750038,1499241,Thigh,stand,-0.02928,-0.874984,0.086376,0.63,-3.99,-0.7,-61
1786635750038,1499258,Thigh,stand,-0.023912,-1.001864,0.088816,0.7,-4.06,-0.56,-61
1786635750038,1499275,Thigh,stand,-0.017568,-1.001864,0.091256,0.77,-3.57,-0.49,-61
1786635750038,1499292,Thigh,stand,-0.020008,-1.004304,0.09028,0.91,-2.38,-0.42,-61
1786635750397,1499470,Thigh,stand,-0.049776,-0.999912,0.091256,1.68,-2.17,0.28,-67
1786635750397,1499501,Thigh,stand,-0.044408,-1.001376,0.087352,1.47,-2.52,0.42,-67
1786635750397,1499518,Thigh,stand,-0.042944,-1.0004,0.081984,1.61,-2.8,0.28,-67
1786635750397,1499535,Thigh,stand,-0.043432,-0.999424,0.079056,1.75,-2.94,0.14,-67
1786635750397,1499552,Thigh,stand,-0.04148,-0.999912,0.080032,1.68,-3.5,-0.07,-67
1786635750397,1499583,Thigh,stand,-0.0488,-0.998448,0.083448,1.82,-4.34,-0.35,-67
1786635750397,1499600,Thigh,stand,-0.047336,-0.997472,0.08784,1.61,-5.11,-0.21,-67
1786635750397,1499617,Thigh,stand,-0.039528,-0.995032,0.094672,1.4,-5.6,-0.14,-67
1786635750397,1499634,Thigh,stand,-0.035624,-0.998448,0.098088,1.4,-4.76,-0.07,-67
1786635750397,1499651,Thigh,stand,-0.038064,-0.999424,0.097112,1.33,-3.99,0,-67
1786635750757,1499828,Thigh,stand,-0.041968,-0.999912,0.090768,1.68,-0.77,-0.21,-67
1786635750757,1499859,Thigh,stand,-0.044896,-0.997472,0.09272,1.54,-0.28,-0.49,-67
1786635750757,1499876,Thigh,stand,-0.044896,-1.0004,0.091256,1.82,-0.77,-0.49,-67
1786635750757,1499893,Thigh,stand,-0.042944,-0.999912,0.090768,1.47,-1.26,-0.49,-67
1786635750757,1499910,Thigh,stand,-0.0366,-1.0004,0.092232,1.61,-1.33,-0.42,-67
1786635750757,1499941,Thigh,stand,-0.040016,-0.999912,0.092232,1.54,-1.26,-0.77,-67
1786635750757,1499958,Thigh,stand,-0.037576,-1.000888,0.095648,1.47,-1.68,-0.7,-67
1786635750757,1499975,Thigh,stand,-0.0366,-0.998936,0.094184,1.26,-1.96,-0.84,-67
1786635750757,1499992,Thigh,stand,-0.038552,-0.997472,0.09516,1.05,-2.17,-0.91,-67
1786635750757,1500009,Thigh,stand,-0.039528,-0.999912,0.094184,1.12,-2.52,-0.84,-67
1786635751118,1500187,Thigh,stand,-0.037088,-1.0004,0.08784,0.98,-3.64,-0.49,-67
1786635751118,1500218,Thigh,stand,-0.038064,-0.999912,0.089792,0.98,-3.64,-0.49,-67
1786635751118,1500235,Thigh,stand,-0.035136,-0.999912,0.093208,1.19,-3.57,-0.56,-67
1786635751118,1500252,Thigh,stand,-0.03172,-0.998936,0.094184,1.12,-3.5,-0.42,-67
1786635751118,1500269,Thigh,stand,-0.030256,-0.999424,0.090768,1.12,-3.22,-0.42,-67
1786635751118,1500300,Thigh,stand,-0.032208,-1.0004,0.093208,1.12,-3.15,-0.28,-67
1786635751118,1500317,Thigh,stand,-0.031232,-1.001376,0.08784,1.19,-3.08,-0.21,-67
1786635751118,1500334,Thigh,stand,-0.030256,-0.999424,0.088816,1.19,-3.36,-0.28,-67
1786635751118,1500351,Thigh,stand,-0.025864,-1.001376,0.087352,1.12,-3.5,-0.28,-67
1786635751118,1500368,Thigh,stand,-0.02684,-1.001376,0.08784,1.12,-3.01,-0.14,-67
1786635751477,1500547,Thigh,stand,-0.035136,-1.002352,0.086376,1.33,-3.57,0.14,-67
1786635751477,1500577,Thigh,stand,-0.033184,-1.001864,0.081984,1.26,-3.43,-0.07,-67
1786635751477,1500595,Thigh,stand,-0.033184,-0.999912,0.086864,1.33,-3.08,-0.14,-67
1786635751477,1500611,Thigh,stand,-0.033672,-1.0004,0.089792,1.33,-3.29,-0.07,-67
1786635751477,1500628,Thigh,stand,-0.032208,-1.0004,0.091256,1.47,-3.01,0,-67
1786635751477,1500659,Thigh,stand,-0.035136,-0.998448,0.098576,1.4,-2.38,-0.28,-67
1786635751477,1500676,Thigh,stand,-0.04148,-0.998448,0.095648,1.33,-2.31,-0.35,-67
1786635751477,1500693,Thigh,stand,-0.049288,-0.998448,0.09516,1.26,-2.8,-0.28,-67
1786635751477,1500710,Thigh,stand,-0.047336,-0.99796,0.096624,1.19,-3.57,-0.21,-67
1786635751477,1500727,Thigh,stand,-0.044896,-0.99796,0.09516,1.05,-3.99,-0.28,-67
1786635751842,1500905,Thigh,stand,-0.0122,-1.00284,0.079544,1.26,0,-0.56,-66
1786635751842,1500935,Thigh,stand,-0.033184,-0.998448,0.087352,1.26,0.7,-0.7,-66
1786635751842,1500953,Thigh,stand,-0.044896,-0.998936,0.089792,1.33,-0.07,-0.35,-66
1786635751842,1500969,Thigh,stand,-0.047824,-1.000888,0.09272,1.05,-0.49,-0.28,-66
1786635751842,1500986,Thigh,stand,-0.048312,-0.998448,0.088816,1.12,-0.77,-0.28,-66
1786635751842,1501017,Thigh,stand,-0.047336,-0.99796,0.087352,0.91,-1.26,-0.42,-66
1786635751842,1501034,Thigh,stand,-0.040992,-0.999912,0.090768,1.12,-1.68,-0.49,-66
1786635751842,1501051,Thigh,stand,-0.035136,-0.999424,0.093208,1.26,-1.82,-0.49,-66
1786635751842,1501068,Thigh,stand,-0.029768,-1.0004,0.090768,0.98,-1.54,-0.49,-66
1786635751842,1501085,Thigh,stand,-0.026352,-1.00284,0.089304,1.19,-1.12,-0.35,-66
1786635752193,1501262,Thigh,stand,-0.033184,-1.000888,0.091256,1.05,-3.85,-0.42,-66
1786635752193,1501293,Thigh,stand,-0.032208,-1.000888,0.095648,1.19,-3.92,-0.28,-66
1786635752193,1501310,Thigh,stand,-0.027816,-0.999424,0.093208,1.12,-3.57,-0.14,-66
1786635752193,1501327,Thigh,stand,-0.025864,-0.999424,0.091256,1.33,-2.87,-0.07,-66
1786635752193,1501343,Thigh,stand,-0.028304,-0.999912,0.088328,1.12,-2.1,0,-66
1786635752193,1501374,Thigh,stand,-0.029768,-1.0004,0.09028,1.47,-2.03,0,-66
1786635752193,1501391,Thigh,stand,-0.03172,-0.998448,0.08784,1.05,-2.38,-0.14,-66
1786635752193,1501408,Thigh,stand,-0.032208,-0.999424,0.085888,1.33,-2.45,-0.07,-66
1786635752193,1501425,Thigh,stand,-0.034648,-0.997472,0.082472,1.19,-2.59,-0.21,-66
1786635752193,1501442,Thigh,stand,-0.038552,-0.999912,0.08784,1.26,-3.08,-0.21,-66
1786635752558,1501620,Thigh,stand,-0.033672,-1.002352,0.082472,1.54,-1.75,-0.07,-66
1786635752558,1501651,Thigh,stand,-0.040016,-0.998448,0.089304,1.47,-2.52,-0.14,-66
1786635752558,1501668,Thigh,stand,-0.042944,-1.001376,0.092232,1.33,-3.15,-0.14,-66
1786635752558,1501685,Thigh,stand,-0.038064,-0.999424,0.093696,1.4,-3.43,0.07,-66
1786635752558,1501702,Thigh,stand,-0.0366,-0.998936,0.089792,1.61,-3.43,0.35,-66
1786635752558,1501732,Thigh,stand,-0.030256,-0.99796,0.086864,1.54,-3.08,0.42,-66
1786635752558,1501749,Thigh,stand,-0.030256,-1.000888,0.08784,1.61,-2.94,0.35,-66
1786635752558,1501766,Thigh,stand,-0.028792,-1.003816,0.086376,1.75,-2.73,0.21,-66
1786635752558,1501783,Thigh,stand,-0.032208,-0.998936,0.084912,1.89,-2.73,0.21,-66
1786635752558,1501800,Thigh,stand,-0.032208,-0.999424,0.088816,1.82,-3.15,-0.07,-66
1786635752914,1501979,Thigh,stand,-0.027328,-0.998936,0.087352,1.82,-1.12,0.7,-65
1786635752914,1502011,Thigh,stand,-0.035136,-0.999424,0.0854,1.61,-1.54,0.56,-65
1786635752914,1502028,Thigh,stand,-0.037576,-1.000888,0.084912,1.54,-1.89,0.49,-65
1786635752914,1502045,Thigh,stand,-0.04148,-0.998448,0.089792,1.61,-2.31,0.42,-65
1786635752914,1502062,Thigh,stand,-0.043432,-0.999424,0.094184,1.54,-2.45,0.42,-65
1786635752914,1502093,Thigh,stand,-0.044408,-0.998448,0.092232,1.82,-2.45,0.28,-65
1786635752914,1502109,Thigh,stand,-0.042944,-0.997472,0.094672,1.89,-2.52,0.28,-65
1786635752914,1502126,Thigh,stand,-0.042944,-0.996496,0.09516,1.61,-2.59,0.14,-65
1786635752914,1502143,Thigh,stand,-0.040992,-0.999424,0.096624,1.61,-2.59,0.07,-65
1786635752914,1502160,Thigh,stand,-0.039528,-0.996984,0.098576,1.54,-2.31,-0.07,-65
1786635753276,1502338,Thigh,stand,-0.042456,-0.998936,0.092232,1.19,-2.1,-0.49,-65
1786635753276,1502370,Thigh,stand,-0.035624,-1.0004,0.09028,0.98,-2.87,-0.56,-65
1786635753276,1502387,Thigh,stand,-0.032208,-0.998936,0.091744,1.05,-2.87,-0.63,-65
1786635753276,1502405,Thigh,stand,-0.036112,-0.999424,0.09272,0.98,-2.59,-0.77,-65
1786635753276,1502422,Thigh,stand,-0.035136,-0.999912,0.094184,1.19,-2.8,-0.7,-65
1786635753276,1502439,Thigh,stand,-0.033672,-0.999912,0.094184,1.12,-2.94,-0.63,-65
1786635753276,1502470,Thigh,stand,-0.032696,-0.997472,0.088816,0.77,-2.94,-0.7,-65
1786635753276,1502487,Thigh,stand,-0.037088,-1.000888,0.088816,0.91,-3.43,-0.7,-65
1786635753276,1502503,Thigh,stand,-0.0366,-1.001864,0.09028,0.91,-3.43,-0.77,-65
1786635753276,1502520,Thigh,stand,-0.03172,-0.999424,0.09028,1.19,-3.64,-0.63,-65
1786635753693,1502754,Thigh,stand,-0.023912,-0.998448,0.092232,0.49,-3.01,0.07,-65
1786635753693,1502785,Thigh,stand,-0.0366,-0.998448,0.084912,0.49,-1.89,0.28,-65
1786635753693,1502802,Thigh,stand,-0.040016,-1.000888,0.0854,0.77,-1.47,0.49,-65
1786635753693,1502819,Thigh,stand,-0.04148,-1.001376,0.086376,0.7,-1.33,0.63,-65
1786635753693,1502836,Thigh,stand,-0.037576,-0.999424,0.082472,0.98,-1.26,0.56,-65
1786635753693,1502867,Thigh,stand,-0.038064,-1.001864,0.076616,1.12,-0.42,0,-65
1786635753693,1502883,Thigh,stand,-0.043432,-0.999912,0.07808,1.12,-0.21,-0.35,-65
1786635753693,1502901,Thigh,stand,-0.051728,-1.001864,0.0854,1.4,-0.28,-0.42,-65
1786635753693,1502917,Thigh,stand,-0.05856,-0.998936,0.086864,1.47,-0.49,-0.56,-65
1786635753693,1502934,Thigh,stand,-0.057584,-0.999424,0.089304,1.54,-1.47,-0.49,-65
1786635754049,1503111,Thigh,stand,-0.01464,-1.000888,0.089792,1.96,-2.17,-0.7,-65
1786635754049,1503143,Thigh,stand,-0.018544,-0.999424,0.091744,1.75,-2.24,-0.42,-65
1786635754049,1503160,Thigh,stand,-0.017568,-1.0004,0.092232,1.68,-2.94,-0.07,-65
1786635754049,1503177,Thigh,stand,-0.014152,-0.999424,0.096136,1.4,-2.45,0.28,-65
1786635754049,1503194,Thigh,stand,-0.006832,-1.004304,0.0976,1.75,-1.82,0.21,-65
1786635754049,1503225,Thigh,stand,-0.019032,-1.001864,0.096624,1.61,-0.07,-0.07,-65
1786635754049,1503242,Thigh,stand,-0.025864,-1.001376,0.096136,1.47,-0.14,0,-65
1786635754049,1503259,Thigh,stand,-0.032696,-0.998448,0.098576,1.47,-0.91,0.14,-65
1786635754049,1503275,Thigh,stand,-0.040016,-0.997472,0.10248,1.26,-1.4,0.21,-65
1786635754049,1503292,Thigh,stand,-0.05124,-0.996008,0.101992,0.98,-1.61,0.14,-65
1786635754412,1503470,Thigh,stand,-0.02928,-0.998448,0.090768,0.7,-3.43,0.14,-63
1786635754412,1503501,Thigh,stand,-0.027816,-0.999424,0.09028,0.7,-1.75,-0.14,-63
1786635754412,1503518,Thigh,stand,-0.030744,-0.999424,0.091744,0.91,-0.84,-0.28,-63
1786635754412,1503535,Thigh,stand,-0.038064,-1.001864,0.089792,0.91,-0.7,-0.21,-63
1786635754412,1503552,Thigh,stand,-0.03904,-0.999912,0.089304,1.12,-0.98,0.07,-63
1786635754412,1503583,Thigh,stand,-0.035624,-1.001376,0.083936,1.26,-0.98,0.21,-63
1786635754412,1503600,Thigh,stand,-0.029768,-1.000888,0.083936,1.33,-0.91,0.14,-63
1786635754412,1503617,Thigh,stand,-0.028792,-1.0004,0.087352,1.47,-0.98,0,-63
1786635754412,1503634,Thigh,stand,-0.031232,-0.998448,0.080032,1.12,-1.47,-0.07,-63
1786635754412,1503651,Thigh,stand,-0.034648,-0.998448,0.081008,1.19,-1.96,-0.14,-63
1786635754794,1503828,Thigh,stand,-0.038064,-0.999912,0.086864,1.61,-1.82,-0.21,-63
1786635754794,1503860,Thigh,stand,-0.04392,-0.999912,0.084424,1.19,-2.24,-0.56,-63
1786635754794,1503877,Thigh,stand,-0.04636,-0.999424,0.0854,1.19,-2.94,-0.7,-63
1786635754794,1503895,Thigh,stand,-0.05124,-0.997472,0.094184,1.4,-3.29,-0.7,-63
1786635754794,1503912,Thigh,stand,-0.050264,-0.99552,0.097112,1.26,-3.99,-0.63,-63
1786635754794,1503929,Thigh,stand,-0.049288,-0.99796,0.097112,1.05,-4.76,-0.49,-63
1786635754794,1503960,Thigh,stand,-0.03904,-1.001864,0.094184,1.19,-4.97,-0.49,-63
1786635754794,1503977,Thigh,stand,-0.03172,-0.998936,0.08784,1.47,-4.9,-0.56,-63
1786635754794,1503994,Thigh,stand,-0.025864,-1.0004,0.089792,1.26,-4.97,-0.56,-63
1786635754794,1504011,Thigh,stand,-0.022936,-1.000888,0.089304,1.19,-4.62,-0.42,-63
1786635755183,1504188,Thigh,stand,-0.035136,-1.001864,0.088816,0.77,-4.2,0.14,-63
1786635755183,1504219,Thigh,stand,-0.02196,-0.999912,0.084912,0.98,-3.01,0.14,-63
1786635755183,1504236,Thigh,stand,-0.019032,-1.002352,0.081984,0.91,-2.38,0.21,-63
1786635755183,1504253,Thigh,stand,-0.015128,-1.003328,0.07808,1.19,-1.75,0.35,-63
1786635755183,1504270,Thigh,stand,-0.011224,-1.004792,0.076128,1.26,-0.28,0.42,-63
1786635755183,1504301,Thigh,stand,-0.016104,-1.002352,0.077104,1.61,0.84,0.7,-63
1786635755183,1504318,Thigh,stand,-0.026352,-1.001864,0.076616,1.75,1.33,0.56,-63
1786635755183,1504335,Thigh,stand,-0.039528,-0.999424,0.080032,1.96,1.47,0.42,-63
1786635755183,1504352,Thigh,stand,-0.044408,-0.999424,0.079544,1.89,0.84,0.21,-63
1786635755183,1504369,Thigh,stand,-0.05124,-1.0004,0.07808,1.68,0.28,0.28,-63
1786635755487,1504546,Thigh,stand,-0.047824,-1.0004,0.106384,1.54,-2.87,0.07,-62
1786635755487,1504577,Thigh,stand,-0.035136,-0.996984,0.099552,1.33,-2.66,0.14,-62
1786635755487,1504594,Thigh,stand,-0.034648,-0.998448,0.091256,1.61,-2.38,0.07,-62
1786635755487,1504611,Thigh,stand,-0.035624,-0.998936,0.086864,1.4,-2.59,0,-62
1786635755487,1504628,Thigh,stand,-0.040504,-0.999912,0.078568,1.33,-3.08,-0.28,-62
1786635755487,1504659,Thigh,stand,-0.0488,-0.999912,0.07808,0.77,-4.13,-0.7,-62
1786635755487,1504676,Thigh,stand,-0.057096,-0.999424,0.081984,0.84,-5.67,-0.84,-62
1786635755487,1504693,Thigh,stand,-0.057096,-0.996984,0.086864,0.63,-7.63,-0.91,-62
1786635755487,1504710,Thigh,stand,-0.057584,-0.99796,0.084912,0.56,-8.33,-1.05,-62
1786635755487,1504727,Thigh,stand,-0.05612,-0.995032,0.087352,0.91,-8.68,-1.05,-62
1786635755844,1504904,Thigh,stand,-0.01708,-1.0004,0.09028,1.89,1.26,0.63,-61
1786635755844,1504935,Thigh,stand,-0.032208,-1.0004,0.089792,1.82,2.52,0.56,-61
1786635755844,1504952,Thigh,stand,-0.047336,-0.997472,0.087352,1.89,2.8,0.56,-61
1786635755844,1504969,Thigh,stand,-0.055632,-0.998936,0.09516,1.75,2.24,0.63,-61
1786635755844,1504986,Thigh,stand,-0.057096,-0.996496,0.097112,1.54,1.61,0.49,-61
1786635755844,1505017,Thigh,stand,-0.062952,-0.994056,0.100528,1.82,0.42,0.63,-61
1786635755844,1505034,Thigh,stand,-0.057584,-0.998448,0.10248,1.61,-0.56,0.49,-61
1786635755844,1505051,Thigh,stand,-0.053192,-1.000888,0.10004,1.47,-1.4,0.49,-61
1786635755844,1505068,Thigh,stand,-0.044896,-0.993568,0.092232,1.4,-1.61,0.35,-61
1786635755844,1505085,Thigh,stand,-0.035624,-0.999912,0.0976,1.33,-1.47,0.07,-61
1786635756204,1505261,Thigh,stand,-0.044896,-0.99796,0.082472,0.63,-4.27,-0.7,-61
1786635756204,1505292,Thigh,stand,-0.037088,-1.003816,0.08296,0.77,-4.13,-0.63,-61
1786635756204,1505309,Thigh,stand,-0.033672,-0.999424,0.081008,0.84,-4.2,-0.56,-61
1786635756204,1505326,Thigh,stand,-0.029768,-1.001864,0.07808,0.84,-3.64,-0.35,-61
1786635756204,1505343,Thigh,stand,-0.030256,-1.001864,0.080032,0.84,-3.57,-0.28,-61
1786635756204,1505374,Thigh,stand,-0.031232,-1.001864,0.089304,0.84,-5.6,0.56,-61
1786635756204,1505391,Thigh,stand,-0.0122,-0.998936,0.090768,1.75,-5.95,1.33,-61
1786635756204,1505408,Thigh,stand,0.001464,-1.00528,0.096624,1.19,-4.83,1.61,-61
1786635756204,1505425,Thigh,stand,-0.004392,-1.004792,0.088816,1.4,-2.52,1.61,-61
1786635756204,1505442,Thigh,stand,-0.021472,-1.009184,0.07564,2.52,0.56,1.61,-61
1786635756562,1505620,Thigh,stand,-0.052216,-0.997472,0.081496,2.03,1.4,1.19,-58
1786635756562,1505650,Thigh,stand,-0.048312,-0.999912,0.092232,1.82,-0.77,0.84,-58
1786635756562,1505668,Thigh,stand,-0.049288,-1.0004,0.085888,1.54,-1.19,0.21,-58
1786635756562,1505684,Thigh,stand,-0.060024,-1.00284,0.082472,1.75,-1.68,0.28,-58
1786635756562,1505701,Thigh,stand,-0.054656,-0.998936,0.087352,1.96,-2.94,0.35,-58
1786635756562,1505732,Thigh,stand,-0.042456,-0.996496,0.091744,1.61,-4.9,0.77,-58
1786635756562,1505749,Thigh,stand,-0.035136,-0.999424,0.091256,1.4,-4.76,0.7,-58
1786635756562,1505766,Thigh,stand,-0.032208,-1.00528,0.086376,1.75,-4.41,0.63,-58
1786635756562,1505783,Thigh,stand,-0.03172,-1.010648,0.079544,2.03,-3.43,0.56,-58
1786635756562,1505800,Thigh,stand,-0.031232,-1.003816,0.077104,2.52,-2.66,0.63,-58
1786635756921,1505978,Thigh,stand,-0.057584,-0.997472,0.085888,1.75,-4.27,0.7,-58
1786635756921,1506008,Thigh,stand,-0.040992,-0.997472,0.088816,1.54,-4.27,0.77,-58
1786635756921,1506026,Thigh,stand,-0.033184,-0.998936,0.091256,1.47,-3.64,0.77,-58
1786635756921,1506042,Thigh,stand,-0.036112,-0.997472,0.094184,1.89,-3.57,0.77,-58
1786635756921,1506059,Thigh,stand,-0.038552,-0.999912,0.093696,1.82,-3.5,0.84,-58
1786635756921,1506090,Thigh,stand,-0.04636,-0.999912,0.089304,1.54,-4.06,0.91,-58
1786635756921,1506107,Thigh,stand,-0.057584,-0.997472,0.086376,1.33,-3.99,0.56,-58
1786635756921,1506124,Thigh,stand,-0.066856,-0.999424,0.090768,1.68,-3.92,0,-58
1786635756921,1506141,Thigh,stand,-0.072712,-0.996984,0.096624,1.12,-3.71,-0.35,-58
1786635756921,1506158,Thigh,stand,-0.071736,-0.996008,0.099064,1.26,-4.27,-0.21,-58
1786635757281,1506336,Thigh,stand,-0.05368,-0.998448,0.099064,1.54,-2.45,-0.28,-58
1786635757281,1506367,Thigh,stand,-0.052704,-0.999424,0.089304,1.33,-2.03,-0.49,-58
1786635757281,1506384,Thigh,stand,-0.050752,-0.996008,0.08784,1.33,-2.45,-0.56,-58
1786635757281,1506401,Thigh,stand,-0.055144,-0.998448,0.091256,1.4,-2.59,-0.77,-58
1786635757281,1506417,Thigh,stand,-0.054656,-0.997472,0.096624,1.33,-3.36,-0.7,-58
1786635757281,1506448,Thigh,stand,-0.054168,-0.999912,0.097112,1.26,-3.36,-0.42,-58
1786635757281,1506465,Thigh,stand,-0.052704,-0.998448,0.097112,1.47,-3.78,-0.35,-58
1786635757281,1506482,Thigh,stand,-0.0488,-0.998936,0.094672,1.61,-4.06,-0.28,-58
1786635757281,1506499,Thigh,stand,-0.047824,-1.000888,0.095648,1.54,-3.71,-0.35,-58
1786635757281,1506516,Thigh,stand,-0.043432,-0.999424,0.097112,1.4,-3.64,-0.28,-58
1786635757640,1506694,Thigh,stand,-0.040504,-1.000888,0.09272,1.4,-2.38,-0.42,-59
1786635757640,1506725,Thigh,stand,-0.041968,-0.998936,0.094184,1.12,-2.03,-0.42,-59
1786635757640,1506742,Thigh,stand,-0.048312,-0.999912,0.099552,1.54,-1.4,-0.35,-59
1786635757640,1506759,Thigh,stand,-0.052704,-0.998448,0.103456,1.54,-1.33,-0.21,-59
1786635757640,1506776,Thigh,stand,-0.047824,-0.997472,0.101504,1.4,-1.61,-0.14,-59
1786635757640,1506806,Thigh,stand,-0.040992,-0.99796,0.09516,1.47,-0.91,-0.21,-59
1786635757640,1506823,Thigh,stand,-0.047336,-0.998936,0.098088,1.47,-0.7,-0.28,-59
1786635757640,1506840,Thigh,stand,-0.0488,-0.997472,0.098088,1.19,-0.91,-0.35,-59
1786635757640,1506857,Thigh,stand,-0.050264,-0.999424,0.099064,1.19,-0.98,-0.35,-59
1786635757640,1506874,Thigh,stand,-0.052216,-0.998448,0.100528,1.26,-1.61,-0.07,-59
1786635758000,1507053,Thigh,stand,-0.059536,-0.996984,0.0976,1.12,-3.29,-0.28,-59
1786635758000,1507084,Thigh,stand,-0.059048,-0.999424,0.099552,1.05,-3.08,-0.21,-59
1786635758000,1507101,Thigh,stand,-0.05856,-0.99796,0.101504,1.12,-3.01,-0.07,-59
1786635758000,1507118,Thigh,stand,-0.05612,-0.998936,0.101016,1.19,-3.22,0,-59
1786635758000,1507135,Thigh,stand,-0.05368,-0.99796,0.097112,1.19,-3.15,-0.07,-59
1786635758000,1507165,Thigh,stand,-0.04636,-0.998936,0.093696,1.4,-3.22,-0.14,-59
1786635758000,1507183,Thigh,stand,-0.042944,-0.999424,0.092232,1.33,-3.64,-0.07,-59
1786635758000,1507199,Thigh,stand,-0.041968,-0.998448,0.090768,1.26,-3.5,-0.21,-59
1786635758000,1507216,Thigh,stand,-0.040992,-0.998936,0.090768,1.05,-3.43,-0.14,-59
1786635758000,1507233,Thigh,stand,-0.044896,-1.002352,0.091744,1.19,-3.43,-0.28,-59
1786635758372,1507411,Thigh,stand,-0.048312,-0.998448,0.099552,0.98,-3.43,-0.42,-59
1786635758372,1507442,Thigh,stand,-0.051728,-0.99796,0.100528,0.98,-3.15,-0.21,-59
1786635758372,1507459,Thigh,stand,-0.045872,-0.998936,0.09516,0.98,-3.01,-0.14,-59
1786635758372,1507476,Thigh,stand,-0.041968,-0.998936,0.091256,0.98,-2.87,-0.07,-59
1786635758372,1507493,Thigh,stand,-0.040016,-0.998936,0.091744,0.91,-1.96,-0.21,-59
1786635758372,1507524,Thigh,stand,-0.040504,-1.0004,0.091256,1.12,-1.75,-0.35,-59
1786635758372,1507541,Thigh,stand,-0.041968,-0.999912,0.089304,1.33,-2.1,-0.21,-59
1786635758372,1507557,Thigh,stand,-0.040016,-0.998936,0.090768,1.26,-2.24,-0.14,-59
1786635758372,1507574,Thigh,stand,-0.038552,-1.000888,0.09272,0.98,-2.03,-0.21,-59
1786635758372,1507604,Thigh,stand,-0.045384,-0.998448,0.096136,1.05,-1.68,-0.28,-59
1786635758814,1507782,Thigh,stand,-0.04392,-0.999912,0.087352,1.19,-1.96,-0.28,-59
1786635758814,1507813,Thigh,stand,-0.045384,-0.998936,0.093696,1.19,-1.82,-0.28,-59
1786635758814,1507830,Thigh,stand,-0.0488,-0.998936,0.094184,1.19,-1.82,-0.28,-59
1786635758814,1507847,Thigh,stand,-0.049288,-0.999424,0.093208,1.26,-1.68,-0.35,-59
1786635758814,1507864,Thigh,stand,-0.050264,-0.99796,0.094672,1.33,-1.96,-0.07,-59
1786635758814,1507895,Thigh,stand,-0.047824,-0.997472,0.089792,0.91,-2.03,-0.21,-59
1786635758814,1507912,Thigh,stand,-0.044896,-0.998936,0.091744,1.12,-2.24,-0.35,-59
1786635758814,1507929,Thigh,stand,-0.044896,-1.001376,0.094184,1.26,-1.96,-0.42,-59
1786635758814,1507945,Thigh,stand,-0.0488,-0.998448,0.093696,1.33,-2.24,-0.42,-59
1786635758814,1507962,Thigh,stand,-0.050752,-0.998936,0.092232,1.33,-2.31,-0.42,-59
1786635759089,1508140,Thigh,stand,-0.043432,-0.999424,0.09028,1.54,-2.8,-0.21,-63
1786635759089,1508171,Thigh,stand,-0.044408,-1.000888,0.093696,1.61,-2.52,-0.14,-63
1786635759089,1508188,Thigh,stand,-0.04148,-0.999424,0.092232,1.61,-3.01,0.07,-63
1786635759089,1508205,Thigh,stand,-0.041968,-0.998448,0.09028,1.33,-3.01,0.07,-63
1786635759089,1508222,Thigh,stand,-0.042944,-0.998936,0.090768,1.4,-2.66,0,-63
1786635759089,1508253,Thigh,stand,-0.0488,-0.998448,0.099552,1.68,-2.66,0,-63
1786635759089,1508270,Thigh,stand,-0.049288,-0.996008,0.0976,1.33,-2.94,0.21,-63
1786635759089,1508287,Thigh,stand,-0.048312,-0.998448,0.097112,1.33,-3.15,0.21,-63
1786635759089,1508304,Thigh,stand,-0.044408,-0.99796,0.09028,1.47,-3.36,0.28,-63
1786635759089,1508321,Thigh,stand,-0.042456,-0.999912,0.092232,1.4,-3.22,0.21,-63
1786635759448,1508497,Thigh,stand,-0.048312,-0.998936,0.094184,1.12,-2.17,-0.28,-63
1786635759448,1508528,Thigh,stand,-0.050752,-0.998448,0.096136,1.19,-2.24,-0.35,-63
1786635759448,1508545,Thigh,stand,-0.049288,-0.996984,0.099552,1.05,-2.24,-0.28,-63
1786635759448,1508562,Thigh,stand,-0.0488,-0.998936,0.098088,1.05,-2.31,-0.21,-63
1786635759448,1508579,Thigh,stand,-0.047824,-0.99796,0.093696,1.05,-2.1,-0.21,-63
1786635759448,1508610,Thigh,stand,-0.047336,-0.998448,0.094672,1.19,-1.82,-0.35,-63
1786635759448,1508627,Thigh,stand,-0.050264,-0.998936,0.09516,1.12,-1.82,-0.35,-63
1786635759448,1508644,Thigh,stand,-0.050752,-0.998448,0.096136,1.12,-1.75,-0.42,-63
1786635759448,1508661,Thigh,stand,-0.05124,-1.0004,0.096624,1.12,-2.24,-0.35,-63
1786635759448,1508678,Thigh,stand,-0.0488,-0.998936,0.091744,0.77,-2.38,-0.28,-63
1786635759818,1508856,Thigh,stand,-0.044408,-0.999912,0.092232,1.12,-2.59,-0.28,-63
1786635759818,1508887,Thigh,stand,-0.04636,-0.999424,0.092232,1.33,-2.45,-0.35,-63
1786635759818,1508904,Thigh,stand,-0.045384,-0.998936,0.091744,1.26,-2.8,-0.28,-63
1786635759818,1508921,Thigh,stand,-0.04392,-0.999424,0.088816,1.4,-3.08,-0.21,-63
1786635759818,1508938,Thigh,stand,-0.040992,-0.99796,0.088328,1.33,-3.22,-0.21,-63
1786635759818,1508969,Thigh,stand,-0.044896,-0.999424,0.094184,1.26,-2.52,-0.35,-63
1786635759818,1508986,Thigh,stand,-0.045872,-0.999424,0.095648,0.91,-2.45,-0.21,-63
1786635759818,1509003,Thigh,stand,-0.045872,-0.998448,0.094672,1.19,-2.66,-0.14,-63
1786635759818,1509020,Thigh,stand,-0.043432,-0.999912,0.091744,1.12,-2.73,-0.21,-63
1786635759818,1509037,Thigh,stand,-0.045384,-0.998448,0.093208,1.33,-2.87,-0.28,-63
1786635760169,1509215,Thigh,stand,-0.047336,-0.997472,0.092232,1.26,-2.24,-0.28,-63
1786635760169,1509246,Thigh,stand,-0.047824,-0.998448,0.09272,1.26,-2.17,-0.21,-63
1786635760169,1509263,Thigh,stand,-0.046848,-0.998936,0.091744,1.12,-2.38,-0.28,-63
1786635760169,1509280,Thigh,stand,-0.045384,-0.996984,0.093208,1.05,-2.31,-0.35,-63
1786635760169,1509297,Thigh,stand,-0.04392,-0.998936,0.092232,1.12,-2.24,-0.42,-63
1786635760169,1509328,Thigh,stand,-0.043432,-0.999424,0.090768,0.98,-2.52,-0.35,-63
1786635760169,1509345,Thigh,stand,-0.044408,-1.0004,0.088816,1.12,-2.59,-0.42,-63
1786635760169,1509362,Thigh,stand,-0.044408,-1.0004,0.090768,0.98,-2.45,-0.42,-63
1786635760169,1509379,Thigh,stand,-0.041968,-0.999912,0.09028,1.33,-2.66,-0.35,-63
1786635760169,1509396,Thigh,stand,-0.040992,-0.997472,0.088328,0.98,-2.73,-0.28,-63
1786635760529,1509574,Thigh,stand,-0.04392,-0.99796,0.09272,1.33,-2.94,0.28,-64
1786635760529,1509605,Thigh,stand,-0.040992,-1.002352,0.088816,1.47,-2.45,0.28,-64
1786635760529,1509622,Thigh,stand,-0.040504,-0.999424,0.08784,1.61,-2.45,0.21,-64
1786635760529,1509639,Thigh,stand,-0.044896,-1.003328,0.091744,1.54,-2.38,0.28,-64
1786635760529,1509656,Thigh,stand,-0.042944,-0.998936,0.088816,1.82,-2.59,0.21,-64
1786635760529,1509687,Thigh,stand,-0.042456,-1.0004,0.091256,1.47,-2.87,0.35,-64
1786635760529,1509704,Thigh,stand,-0.041968,-0.999424,0.091256,1.4,-2.87,0.35,-64
1786635760529,1509721,Thigh,stand,-0.04148,-0.998936,0.088816,1.47,-2.73,0.28,-64
1786635760529,1509738,Thigh,stand,-0.044896,-1.0004,0.087352,1.47,-2.73,0.14,-64
1786635760529,1509755,Thigh,stand,-0.043432,-0.99796,0.088816,1.54,-2.73,0.07,-64
1786635760885,1509933,Thigh,stand,-0.045872,-0.998936,0.094672,1.68,-1.61,0,-64
1786635760885,1509963,Thigh,stand,-0.050752,-0.998448,0.093208,1.47,-1.75,-0.07,-64
1786635760885,1509980,Thigh,stand,-0.047336,-0.999912,0.093208,1.4,-2.03,-0.07,-64
1786635760885,1509997,Thigh,stand,-0.04636,-0.998936,0.09028,1.12,-2.59,-0.14,-64
1786635760885,1510014,Thigh,stand,-0.045384,-0.997472,0.091744,1.26,-2.66,-0.14,-64
1786635760885,1510045,Thigh,stand,-0.047336,-0.999424,0.093208,1.4,-2.1,-0.35,-64
1786635760885,1510062,Thigh,stand,-0.05124,-1.0004,0.095648,1.19,-1.75,-0.42,-64
1786635760885,1510079,Thigh,stand,-0.052216,-0.998936,0.0976,1.33,-1.96,-0.28,-64
1786635760885,1510096,Thigh,stand,-0.050264,-0.999424,0.096624,1.4,-2.24,-0.14,-64
1786635760885,1510113,Thigh,stand,-0.047824,-0.998936,0.09272,1.4,-2.38,-0.14,-64
1786635761245,1510290,Thigh,stand,-0.047824,-0.999912,0.094184,1.33,-2.45,-0.56,-64
1786635761245,1510320,Thigh,stand,-0.050264,-0.999424,0.093208,1.26,-2.52,-0.63,-64
1786635761245,1510337,Thigh,stand,-0.045384,-0.998448,0.093208,1.12,-2.66,-0.63,-64
1786635761245,1510354,Thigh,stand,-0.044408,-0.998448,0.093696,1.26,-2.59,-0.7,-64
1786635761245,1510371,Thigh,stand,-0.045872,-0.997472,0.09516,1.05,-2.38,-0.77,-64
1786635761245,1510402,Thigh,stand,-0.052704,-0.996984,0.097112,1.05,-2.8,-0.84,-64
1786635761245,1510419,Thigh,stand,-0.055144,-0.996984,0.099552,1.05,-3.08,-0.84,-64
1786635761245,1510436,Thigh,stand,-0.054168,-0.99796,0.10248,1.12,-3.01,-0.7,-64
1786635761245,1510453,Thigh,stand,-0.055632,-0.998448,0.10004,1.05,-3.36,-0.63,-64
1786635761245,1510470,Thigh,stand,-0.050752,-0.999424,0.098576,1.05,-3.85,-0.49,-64
1786635761604,1510647,Thigh,stand,-0.055144,-0.996496,0.081984,1.68,-7.28,-0.63,-64
1786635761604,1510677,Thigh,stand,-0.041968,-0.99552,0.09516,1.82,-6.65,-0.49,-64
1786635761604,1510695,Thigh,stand,-0.040992,-0.996984,0.103944,1.96,-5.39,-0.35,-64
1786635761604,1510711,Thigh,stand,-0.040016,-0.997472,0.10492,1.96,-4.34,0,-64
1786635761604,1510728,Thigh,stand,-0.042944,-0.999912,0.104432,1.89,-3.92,0.21,-64
1786635761604,1510759,Thigh,stand,-0.037576,-1.000888,0.099552,2.1,-3.57,0.28,-64
1786635761604,1510776,Thigh,stand,-0.030744,-1.000888,0.099552,1.96,-3.85,0.14,-64
1786635761604,1510793,Thigh,stand,-0.026352,-0.999424,0.101504,1.68,-3.85,0,-64
1786635761604,1510810,Thigh,stand,-0.024888,-0.998936,0.101992,1.4,-3.57,-0.14,-64
1786635761604,1510827,Thigh,stand,-0.030256,-0.999424,0.102968,1.33,-3.5,-0.07,-64
1786635761963,1511005,Thigh,stand,-0.025376,-1.002352,0.089304,0.91,-1.68,0.35,-64
1786635761963,1511036,Thigh,stand,-0.042456,-0.999912,0.094184,0.84,-0.56,0.21,-64
1786635761963,1511053,Thigh,stand,-0.043432,-0.998936,0.097112,0.98,-0.7,0.49,-64
1786635761963,1511070,Thigh,stand,-0.046848,-1.0004,0.0976,1.05,-0.49,0.63,-64
1786635761963,1511086,Thigh,stand,-0.049776,-0.999912,0.093696,1.26,-0.28,0.63,-64
1786635761963,1511117,Thigh,stand,-0.044896,-0.999912,0.086376,1.26,-0.35,0.35,-64
1786635761963,1511134,Thigh,stand,-0.044408,-1.000888,0.083448,1.4,-0.49,0.28,-64
1786635761963,1511151,Thigh,stand,-0.044408,-1.001376,0.081008,1.19,-0.7,0.28,-64
1786635761963,1511168,Thigh,stand,-0.047336,-0.999912,0.0854,1.26,-0.56,0.21,-64
1786635761963,1511185,Thigh,stand,-0.044408,-1.0004,0.086376,1.54,-1.33,0.28,-64
1786635762322,1511363,Thigh,stand,-0.053192,-0.99796,0.095648,1.89,-2.45,0.49,-65
1786635762322,1511395,Thigh,stand,-0.051728,-0.998448,0.101992,1.89,-3.29,0.42,-65
1786635762322,1511412,Thigh,stand,-0.05124,-0.999912,0.098088,1.75,-3.64,0.42,-65
1786635762322,1511429,Thigh,stand,-0.047824,-0.998448,0.094672,1.75,-3.5,0.35,-65
1786635762322,1511445,Thigh,stand,-0.04148,-0.99796,0.097112,1.68,-3.29,0.49,-65
1786635762322,1511476,Thigh,stand,-0.03904,-0.999912,0.099064,1.75,-2.52,0.63,-65
1786635762322,1511493,Thigh,stand,-0.040992,-0.998448,0.099552,1.82,-2.31,0.63,-65
1786635762322,1511510,Thigh,stand,-0.041968,-0.999424,0.095648,1.54,-1.89,0.42,-65
1786635762322,1511527,Thigh,stand,-0.044896,-1.0004,0.09272,1.68,-2.17,0.42,-65
1786635762322,1511544,Thigh,stand,-0.047824,-0.998936,0.092232,1.61,-2.03,0.21,-65
1786635762711,1511722,Thigh,stand,-0.042944,-0.997472,0.101992,1.68,-1.75,0.21,-65
1786635762711,1511754,Thigh,stand,-0.041968,-0.998936,0.099552,1.75,0.21,0.56,-65
1786635762711,1511771,Thigh,stand,-0.041968,-1.0004,0.096136,1.89,0.42,0.56,-65
1786635762711,1511788,Thigh,stand,-0.040504,-0.99796,0.09516,1.82,0.7,0.56,-65
1786635762711,1511805,Thigh,stand,-0.042944,-0.999912,0.095648,1.61,0.7,0.35,-65
1786635762711,1511835,Thigh,stand,-0.056608,-0.998936,0.10004,1.68,0.63,0.21,-65
1786635762711,1511852,Thigh,stand,-0.06344,-0.996496,0.102968,1.68,0.21,0.14,-65
1786635762711,1511869,Thigh,stand,-0.069784,-0.996008,0.103456,1.68,-0.77,0.21,-65
1786635762711,1511886,Thigh,stand,-0.066368,-0.997472,0.103456,1.75,-1.47,0.35,-65
1786635762711,1511903,Thigh,stand,-0.057096,-0.998448,0.104432,1.61,-1.68,0.35,-65
1786635763041,1512080,Thigh,stand,-0.055632,-0.998448,0.097112,0.63,-5.67,-0.28,-65
1786635763041,1512111,Thigh,stand,-0.053192,-0.998936,0.096624,0.7,-6.16,-0.28,-65
1786635763041,1512128,Thigh,stand,-0.055144,-0.998936,0.099552,0.77,-6.23,-0.21,-65
1786635763041,1512145,Thigh,stand,-0.049776,-0.999424,0.101016,0.7,-6.51,-0.21,-65
1786635763041,1512162,Thigh,stand,-0.049288,-0.998448,0.097112,0.84,-6.37,-0.07,-65
1786635763041,1512193,Thigh,stand,-0.04392,-1.000888,0.096136,0.91,-6.23,0.07,-65
1786635763041,1512210,Thigh,stand,-0.045384,-0.999912,0.094184,0.7,-5.74,-0.14,-65
1786635763041,1512226,Thigh,stand,-0.046848,-1.0004,0.093208,0.84,-5.11,-0.21,-65
1786635763041,1512243,Thigh,stand,-0.048312,-0.998448,0.094184,0.84,-4.83,-0.14,-65
1786635763041,1512260,Thigh,stand,-0.055144,-0.999424,0.096624,0.98,-4.83,-0.21,-65
1786635763402,1512438,Thigh,stand,-0.03904,-1.000888,0.096136,1.61,-1.05,0.35,-60
1786635763402,1512469,Thigh,stand,-0.037088,-1.000888,0.097112,1.96,0.56,0.35,-60
1786635763402,1512486,Thigh,stand,-0.03904,-0.999912,0.092232,1.75,0.98,0.42,-60
1786635763402,1512503,Thigh,stand,-0.04392,-1.000888,0.094672,1.82,1.19,0.49,-60
1786635763402,1512520,Thigh,stand,-0.048312,-0.99796,0.096624,1.75,0.77,0.56,-60
1786635763402,1512551,Thigh,stand,-0.05856,-0.996984,0.103456,1.82,0.63,0.84,-60
1786635763402,1512568,Thigh,stand,-0.05856,-0.996496,0.101016,2.03,0.49,0.84,-60
1786635763402,1512585,Thigh,stand,-0.054656,-0.998448,0.100528,1.82,0,0.98,-60
1786635763402,1512602,Thigh,stand,-0.053192,-1.000888,0.097112,2.17,0.07,1.05,-60
1786635763402,1512618,Thigh,stand,-0.050264,-0.997472,0.098576,1.96,-0.14,1.19,-60
1786635763774,1512794,Thigh,stand,-0.066856,-0.994056,0.100528,1.4,-1.68,0.14,-60
1786635763774,1512826,Thigh,stand,-0.067344,-0.998936,0.100528,1.33,-2.24,0,-60
1786635763774,1512843,Thigh,stand,-0.068808,-0.996984,0.099064,1.4,-2.38,-0.21,-60
1786635763774,1512860,Thigh,stand,-0.068808,-0.996984,0.101504,1.33,-2.87,-0.28,-60
1786635763774,1512877,Thigh,stand,-0.069784,-0.997472,0.101016,1.19,-3.22,-0.28,-60
1786635763774,1512909,Thigh,stand,-0.063928,-0.996984,0.101504,1.19,-4.34,-0.28,-60
1786635763774,1512927,Thigh,stand,-0.061976,-0.997472,0.099552,1.05,-4.48,-0.42,-60
1786635763774,1512944,Thigh,stand,-0.05612,-0.998448,0.099064,1.05,-4.48,-0.42,-60
1786635763774,1512961,Thigh,stand,-0.054656,-0.997472,0.101016,1.19,-3.64,-0.42,-60
1786635763774,1512978,Thigh,stand,-0.05612,-0.999912,0.098576,1.05,-3.64,-0.56,-60
1786635764155,1513155,Thigh,stand,-0.056608,-0.997472,0.0976,1.05,-3.78,-0.42,-60
1786635764155,1513186,Thigh,stand,-0.054656,-0.998936,0.101016,0.91,-4.41,-0.35,-60
1786635764155,1513203,Thigh,stand,-0.054168,-0.999424,0.098576,1.05,-4.48,-0.35,-60
1786635764155,1513220,Thigh,stand,-0.051728,-0.998448,0.100528,0.98,-4.55,-0.28,-60
1786635764155,1513237,Thigh,stand,-0.050264,-0.999912,0.10004,1.05,-4.2,-0.35,-60
1786635764155,1513268,Thigh,stand,-0.053192,-0.999424,0.100528,1.19,-3.15,-0.21,-60
1786635764155,1513285,Thigh,stand,-0.051728,-0.997472,0.098576,1.05,-2.87,-0.21,-60
1786635764155,1513302,Thigh,stand,-0.052216,-1.003816,0.0976,0.91,-2.52,-0.28,-60
1786635764155,1513319,Thigh,stand,-0.055632,-0.997472,0.095648,1.19,-2.17,-0.35,-60
1786635764155,1513336,Thigh,stand,-0.054656,-0.998448,0.10004,1.33,-2.24,-0.28,-60
1786635764539,1513514,Thigh,stand,-0.060512,-0.99796,0.101504,1.12,-2.73,-0.28,-60
1786635764539,1513545,Thigh,stand,-0.055144,-1.0004,0.099064,1.33,-2.17,-0.35,-60
1786635764539,1513562,Thigh,stand,-0.052216,-0.998448,0.099552,1.05,-2.31,-0.42,-60
1786635764539,1513579,Thigh,stand,-0.050264,-0.999912,0.097112,1.12,-1.89,-0.56,-60
1786635764539,1513596,Thigh,stand,-0.045872,-0.999912,0.093696,1.05,-1.68,-0.63,-60
1786635764539,1513627,Thigh,stand,-0.052216,-0.99796,0.101016,0.91,-1.33,-0.91,-60
1786635764539,1513644,Thigh,stand,-0.057584,-0.999912,0.100528,0.91,-1.54,-0.91,-60
1786635764539,1513661,Thigh,stand,-0.059048,-0.998448,0.100528,0.77,-1.96,-0.84,-60
1786635764539,1513678,Thigh,stand,-0.055632,-0.998448,0.098088,0.77,-2.52,-0.7,-60
1786635764539,1513695,Thigh,stand,-0.053192,-0.996984,0.095648,0.98,-2.17,-0.63,-60
1786635764929,1513873,Thigh,stand,-0.055632,-0.998448,0.095648,0.7,-6.93,-1.26,-58
1786635764929,1513904,Thigh,stand,-0.03416,-0.996496,0.100528,1.05,-5.74,-1.12,-58
1786635764929,1513921,Thigh,stand,-0.030256,-1.0004,0.097112,1.12,-4.62,-1.05,-58
1786635764929,1513938,Thigh,stand,-0.033184,-0.999912,0.093696,0.98,-3.5,-0.98,-58
1786635764929,1513955,Thigh,stand,-0.037088,-0.999912,0.091256,1.05,-3.36,-0.91,-58
1786635764929,1513986,Thigh,stand,-0.03416,-1.001376,0.096624,1.12,-2.38,-0.84,-58
1786635764929,1514003,Thigh,stand,-0.03416,-0.999424,0.100528,1.12,-1.89,-0.84,-58
1786635764929,1514020,Thigh,stand,-0.037088,-0.996496,0.104432,1.26,-0.7,-0.91,-58
1786635764929,1514036,Thigh,stand,-0.047336,-0.996496,0.10736,0.98,0.07,-0.77,-58
1786635764929,1514067,Thigh,stand,-0.055144,-0.997472,0.105896,0.91,0.28,-0.56,-58
1786635765212,1514245,Thigh,stand,-0.041968,-1.001376,0.088328,0.84,-0.77,-0.49,-58
1786635765212,1514276,Thigh,stand,-0.0488,-0.998448,0.088816,0.98,-1.4,-0.49,-58
1786635765212,1514293,Thigh,stand,-0.042456,-0.999912,0.09272,1.33,-2.03,-0.35,-58
1786635765212,1514310,Thigh,stand,-0.035136,-1.001376,0.093696,1.4,-1.96,-0.21,-58
1786635765212,1514327,Thigh,stand,-0.032696,-1.000888,0.088816,1.26,-1.68,-0.07,-58
1786635765212,1514358,Thigh,stand,-0.036112,-1.0004,0.086864,1.47,-1.19,-0.14,-58
1786635765212,1514375,Thigh,stand,-0.03904,-0.998936,0.093208,1.33,-1.33,-0.21,-58
1786635765212,1514392,Thigh,stand,-0.049288,-0.998448,0.09272,1.4,-1.68,-0.14,-58
1786635765212,1514409,Thigh,stand,-0.055144,-0.999424,0.096136,1.33,-2.38,-0.14,-58
1786635765212,1514426,Thigh,stand,-0.057096,-0.998448,0.099064,1.05,-3.15,-0.07,-58
1786635765571,1514603,Thigh,stand,-0.045872,-0.997472,0.09272,1.05,-3.78,-0.07,-59
1786635765571,1514634,Thigh,stand,-0.044408,-0.999424,0.093208,0.91,-3.43,-0.14,-59
1786635765571,1514651,Thigh,stand,-0.041968,-1.000888,0.09028,1.19,-3.15,-0.28,-59
1786635765571,1514668,Thigh,stand,-0.040504,-0.998936,0.090768,1.05,-3.15,-0.28,-59
1786635765571,1514685,Thigh,stand,-0.04148,-0.999424,0.089304,0.91,-3.08,-0.42,-59
1786635765571,1514716,Thigh,stand,-0.050752,-0.998936,0.093208,1.12,-2.94,-0.56,-59
1786635765571,1514733,Thigh,stand,-0.05124,-0.999912,0.09516,1.19,-3.15,-0.35,-59
1786635765571,1514750,Thigh,stand,-0.051728,-0.99796,0.096136,1.19,-3.57,-0.28,-59
1786635765571,1514767,Thigh,stand,-0.046848,-0.99796,0.09516,1.12,-3.85,-0.07,-59
1786635765571,1514784,Thigh,stand,-0.042456,-1.001864,0.094184,1.12,-3.15,-0.14,-59
1786635765929,1514962,Thigh,stand,-0.038552,-0.999424,0.090768,1.33,-1.68,-0.35,-59
1786635765929,1514992,Thigh,stand,-0.040016,-1.0004,0.091744,1.4,-1.68,-0.35,-59
1786635765929,1515009,Thigh,stand,-0.041968,-1.0004,0.09272,1.4,-1.54,-0.21,-59
1786635765929,1515027,Thigh,stand,-0.043432,-0.998936,0.093208,1.54,-1.82,-0.07,-59
1786635765929,1515044,Thigh,stand,-0.040016,-1.0004,0.09272,1.54,-1.96,-0.14,-59
1786635765929,1515075,Thigh,stand,-0.038552,-0.999424,0.089792,1.54,-1.68,-0.07,-59
1786635765929,1515092,Thigh,stand,-0.038064,-0.999912,0.089792,1.47,-1.54,0,-59
1786635765929,1515109,Thigh,stand,-0.040504,-0.999912,0.091744,1.54,-1.54,-0.07,-59
1786635765929,1515126,Thigh,stand,-0.038552,-1.000888,0.094184,1.33,-1.68,0,-59
1786635765929,1515143,Thigh,stand,-0.038552,-0.99796,0.091256,1.4,-1.89,0,-59
1786635766302,1515320,Thigh,stand,-0.045872,-0.99796,0.09516,1.19,-2.38,0,-58
1786635766302,1515350,Thigh,stand,-0.049776,-0.998448,0.096624,0.91,-2.66,-0.14,-58
1786635766302,1515368,Thigh,stand,-0.0488,-0.998936,0.0976,0.84,-2.87,-0.14,-58
1786635766302,1515384,Thigh,stand,-0.04636,-0.998936,0.09516,0.84,-3.01,-0.14,-58
1786635766302,1515401,Thigh,stand,-0.04636,-0.998936,0.096136,1.12,-3.29,-0.07,-58
1786635766302,1515432,Thigh,stand,-0.041968,-0.998936,0.091256,0.98,-3.36,-0.21,-58
1786635766302,1515449,Thigh,stand,-0.040016,-0.999912,0.09272,0.77,-3.01,-0.35,-58
1786635766302,1515466,Thigh,stand,-0.044896,-1.000888,0.093696,0.77,-2.59,-0.42,-58
1786635766302,1515482,Thigh,stand,-0.04636,-0.998936,0.093696,0.63,-2.87,-0.42,-58
1786635766302,1515513,Thigh,stand,-0.049288,-0.997472,0.091256,0.7,-3.5,-0.28,-58
1786635766662,1515692,Thigh,stand,-0.0366,-0.999424,0.088328,0.98,-3.22,0.07,-58
1786635766662,1515723,Thigh,stand,-0.038552,-0.999912,0.084424,0.91,-2.73,-0.14,-58
1786635766662,1515741,Thigh,stand,-0.038064,-0.999912,0.083448,1.19,-2.59,-0.21,-58
1786635766662,1515757,Thigh,stand,-0.045384,-0.999912,0.089792,1.12,-2.52,-0.14,-58
1786635766662,1515774,Thigh,stand,-0.046848,-1.000888,0.091256,1.12,-2.87,-0.07,-58
1786635766662,1515805,Thigh,stand,-0.041968,-0.999912,0.091256,1.19,-3.15,0,-58
1786635766662,1515822,Thigh,stand,-0.040992,-0.999912,0.089792,1.26,-3.08,0,-58
1786635766662,1515839,Thigh,stand,-0.038552,-1.0004,0.088816,1.19,-2.73,0.07,-58
1786635766662,1515856,Thigh,stand,-0.042456,-0.999912,0.091256,1.33,-2.45,0,-58
1786635766662,1515873,Thigh,stand,-0.04148,-0.998448,0.094184,1.05,-2.17,0.07,-58
1786635767025,1516051,Thigh,stand,-0.047824,-0.999912,0.086864,1.19,-2.03,-0.21,-58
1786635767025,1516083,Thigh,stand,-0.047824,-0.998936,0.091256,1.26,-2.45,-0.14,-58
1786635767025,1516100,Thigh,stand,-0.047824,-1.0004,0.091744,1.26,-2.52,-0.21,-58
1786635767025,1516117,Thigh,stand,-0.047336,-0.999424,0.091744,1.26,-2.45,-0.14,-58
1786635767025,1516133,Thigh,stand,-0.047824,-0.998936,0.090768,1.19,-2.52,-0.07,-58
1786635767025,1516164,Thigh,stand,-0.042456,-1.000888,0.090768,1.19,-2.24,-0.28,-58
1786635767025,1516181,Thigh,stand,-0.042456,-0.999912,0.090768,1.26,-1.89,-0.28,-58
1786635767025,1516198,Thigh,stand,-0.040504,-0.999424,0.09028,1.19,-1.89,-0.28,-58
1786635767025,1516215,Thigh,stand,-0.045384,-0.998936,0.087352,1.19,-2.24,-0.21,-58
1786635767025,1516232,Thigh,stand,-0.045872,-0.999912,0.086376,1.19,-2.38,-0.35,-58
1786635767384,1516412,Thigh,stand,-0.040992,-0.999424,0.091744,1.26,-2.73,-0.7,-60
1786635767384,1516443,Thigh,stand,-0.03904,-1.000888,0.089792,1.26,-2.87,-0.7,-60
1786635767384,1516460,Thigh,stand,-0.039528,-0.99796,0.09272,1.26,-2.73,-0.63,-60
1786635767384,1516478,Thigh,stand,-0.039528,-0.998936,0.089304,1.12,-2.94,-0.63,-60
1786635767384,1516495,Thigh,stand,-0.040504,-0.999912,0.09028,1.33,-2.94,-0.56,-60
1786635767384,1516526,Thigh,stand,-0.04392,-0.999912,0.093696,1.12,-3.29,-0.56,-60
1786635767384,1516542,Thigh,stand,-0.04148,-0.999912,0.089304,1.33,-3.29,-0.42,-60
1786635767384,1516559,Thigh,stand,-0.03416,-0.999912,0.09028,1.26,-3.15,-0.28,-60
1786635767384,1516576,Thigh,stand,-0.03172,-0.999912,0.089792,1.47,-2.8,-0.35,-60
1786635767384,1516593,Thigh,stand,-0.02684,-0.999424,0.090768,1.33,-2.31,-0.28,-60
1786635767746,1516771,Thigh,stand,-0.038064,-0.999424,0.088816,1.05,-1.89,-0.21,-60
1786635767746,1516802,Thigh,stand,-0.04148,-0.998936,0.093696,1.05,-1.68,-0.28,-60
1786635767746,1516819,Thigh,stand,-0.04148,-0.999424,0.091256,1.19,-1.82,-0.28,-60
1786635767746,1516836,Thigh,stand,-0.042944,-0.998936,0.089304,1.26,-1.89,-0.28,-60
1786635767746,1516853,Thigh,stand,-0.040504,-0.998936,0.089792,1.33,-1.96,-0.21,-60
1786635767746,1516884,Thigh,stand,-0.03904,-1.000888,0.088816,0.84,-2.24,-0.35,-60
1786635767746,1516901,Thigh,stand,-0.039528,-0.999912,0.08784,0.98,-2.17,-0.42,-60
1786635767746,1516918,Thigh,stand,-0.04148,-0.999424,0.09028,1.05,-2.1,-0.42,-60
1786635767746,1516934,Thigh,stand,-0.044408,-1.0004,0.090768,1.12,-2.1,-0.35,-60
1786635767746,1516951,Thigh,stand,-0.045872,-0.998936,0.093208,1.12,-2.31,-0.42,-60
1786635768104,1517129,Thigh,stand,-0.042456,-0.999912,0.086864,1.33,-3.5,-0.35,-60
1786635768104,1517161,Thigh,stand,-0.037576,-0.999912,0.086864,1.19,-3.22,-0.49,-60
1786635768104,1517178,Thigh,stand,-0.041968,-1.000888,0.089304,1.26,-3.08,-0.42,-60
1786635768104,1517195,Thigh,stand,-0.04392,-0.998448,0.089304,1.19,-3.22,-0.42,-60
1786635768104,1517212,Thigh,stand,-0.040992,-1.0004,0.091744,1.26,-3.43,-0.42,-60
1786635768104,1517243,Thigh,stand,-0.040016,-0.997472,0.08784,1.05,-3.85,-0.28,-60
1786635768104,1517260,Thigh,stand,-0.0366,-0.999912,0.087352,1.19,-3.78,-0.28,-60
1786635768104,1517277,Thigh,stand,-0.033184,-0.999912,0.089304,1.47,-3.5,-0.35,-60
1786635768104,1517294,Thigh,stand,-0.029768,-1.000888,0.088328,1.19,-3.43,-0.28,-60
1786635768104,1517311,Thigh,stand,-0.028792,-1.0004,0.088328,1.05,-3.22,-0.35,-60
1786635768465,1517489,Thigh,stand,-0.042456,-0.998448,0.088816,0.91,-1.89,-0.49,-60
1786635768465,1517521,Thigh,stand,-0.044896,-0.997472,0.093208,1.05,-2.03,-0.42,-60
1786635768465,1517538,Thigh,stand,-0.044896,-1.0004,0.095648,0.98,-2.03,-0.42,-60
1786635768465,1517555,Thigh,stand,-0.044896,-0.99796,0.092232,0.98,-2.17,-0.35,-60
1786635768465,1517572,Thigh,stand,-0.044896,-0.998936,0.090768,0.91,-2.24,-0.28,-60
1786635768465,1517603,Thigh,stand,-0.035624,-1.001864,0.083936,1.05,-1.96,-0.35,-60
1786635768465,1517620,Thigh,stand,-0.034648,-1.001864,0.084912,1.19,-1.68,-0.63,-60
1786635768465,1517637,Thigh,stand,-0.032696,-1.000888,0.084912,1.12,-1.61,-0.7,-60
1786635768465,1517654,Thigh,stand,-0.02928,-1.002352,0.081984,1.33,-1.68,-0.56,-60
1786635768465,1517671,Thigh,stand,-0.027816,-1.0004,0.083936,1.33,-1.33,-0.56,-60
1786635768849,1517849,Thigh,stand,-0.037088,-0.999424,0.087352,1.54,-1.96,-0.63,-60
1786635768849,1517880,Thigh,stand,-0.040016,-1.0004,0.090768,1.47,-2.31,-0.7,-60
1786635768849,1517897,Thigh,stand,-0.040504,-0.99796,0.087352,1.4,-2.38,-0.7,-60
1786635768849,1517914,Thigh,stand,-0.04148,-0.998448,0.08784,1.33,-3.15,-0.49,-60
1786635768849,1517931,Thigh,stand,-0.039528,-0.999912,0.089304,1.47,-3.43,-0.49,-60
1786635768849,1517962,Thigh,stand,-0.03904,-0.999424,0.087352,1.33,-3.36,-0.49,-60
1786635768849,1517979,Thigh,stand,-0.035624,-1.0004,0.086376,1.33,-3.64,-0.42,-60
1786635768849,1517996,Thigh,stand,-0.030256,-1.0004,0.086864,1.33,-3.71,-0.35,-60
1786635768849,1518013,Thigh,stand,-0.028792,-1.0004,0.083448,0.91,-3.78,-0.49,-60
1786635768849,1518030,Thigh,stand,-0.030256,-1.0004,0.088816,1.33,-3.22,-0.56,-60
1786635769184,1518206,Thigh,stand,-0.038552,-0.999912,0.090768,1.33,-3.99,-0.21,-59
1786635769184,1518239,Thigh,stand,-0.040504,-0.999912,0.096624,1.19,-4.34,0.07,-59
1786635769184,1518256,Thigh,stand,-0.034648,-0.998936,0.095648,1.05,-4.13,0.28,-59
1786635769184,1518273,Thigh,stand,-0.033672,-1.0004,0.093208,1.19,-3.22,0.21,-59
1786635769184,1518290,Thigh,stand,-0.035624,-1.0004,0.089792,1.26,-2.94,0.28,-59
1786635769184,1518307,Thigh,stand,-0.032696,-0.998936,0.088816,1.12,-3.08,0.21,-59
1786635769184,1518338,Thigh,stand,-0.03172,-1.000888,0.085888,1.19,-2.8,0.14,-59
1786635769184,1518355,Thigh,stand,-0.035624,-0.997472,0.085888,1.19,-2.52,0,-59
1786635769184,1518372,Thigh,stand,-0.03904,-1.00284,0.086864,0.98,-2.59,-0.07,-59
1786635769184,1518389,Thigh,stand,-0.038064,-0.996496,0.086864,0.91,-3.36,0,-59
1786635769615,1518566,Thigh,stand,-0.036112,-0.998448,0.08296,1.12,-2.31,0.14,-61
1786635769615,1518597,Thigh,stand,-0.040992,-0.999424,0.089304,1.05,-2.38,0.14,-61
1786635769615,1518614,Thigh,stand,-0.040016,-1.0004,0.089792,1.12,-2.59,0.21,-61
1786635769615,1518631,Thigh,stand,-0.037576,-0.999424,0.089304,0.98,-2.52,0.28,-61
1786635769615,1518649,Thigh,stand,-0.036112,-0.999912,0.08784,1.26,-2.45,0.35,-61
1786635769615,1518680,Thigh,stand,-0.033672,-1.001376,0.079544,1.54,-2.1,0.42,-61
1786635769615,1518697,Thigh,stand,-0.037576,-0.99796,0.082472,1.4,-1.75,0.35,-61
1786635769615,1518714,Thigh,stand,-0.038552,-1.000888,0.086376,1.33,-2.17,0.28,-61
1786635769615,1518731,Thigh,stand,-0.038552,-0.999424,0.090768,1.26,-2.45,0.49,-61
1786635769615,1518748,Thigh,stand,-0.033672,-1.00284,0.091744,1.47,-2.52,0.7,-61
1786635769916,1518926,Thigh,stand,-0.050264,-0.996984,0.09028,1.4,-2.45,0.35,-61
1786635769916,1518956,Thigh,stand,-0.037576,-1.000888,0.09272,1.75,-2.66,0.77,-61
1786635769916,1518973,Thigh,stand,-0.033184,-0.999912,0.09028,1.68,-2.38,0.77,-61
1786635769916,1518990,Thigh,stand,-0.027328,-1.00284,0.0854,1.68,-2.17,0.7,-61
1786635769916,1519007,Thigh,stand,-0.020984,-1.00528,0.08052,1.75,-2.24,0.63,-61
1786635769916,1519037,Thigh,stand,-0.016104,-1.00284,0.070272,1.4,-2.17,0.21,-61
1786635769916,1519054,Thigh,stand,-0.025376,-0.999424,0.072712,1.19,-1.68,-0.28,-61
1786635769916,1519071,Thigh,stand,-0.050264,-0.998936,0.079056,1.05,-1.47,-0.7,-61
1786635769916,1519088,Thigh,stand,-0.061488,-0.996496,0.09028,0.84,-2.45,-0.63,-61
1786635769916,1519119,Thigh,stand,-0.072224,-0.996008,0.106872,1.26,-3.43,-0.42,-61
1786635770276,1519296,Thigh,stand,-0.033184,-0.999424,0.092232,0.84,-3.71,-0.63,-61
1786635770276,1519326,Thigh,stand,-0.030744,-0.998448,0.085888,1.05,-2.38,-0.28,-61
1786635770276,1519344,Thigh,stand,-0.030744,-1.000888,0.083448,1.33,-1.61,-0.21,-61
1786635770276,1519361,Thigh,stand,-0.030744,-1.001376,0.081984,1.33,-1.26,-0.21,-61
1786635770276,1519378,Thigh,stand,-0.030256,-1.00284,0.079056,1.47,-1.12,-0.14,-61
1786635770276,1519409,Thigh,stand,-0.02928,-1.001376,0.084912,1.4,-1.33,-0.28,-61
1786635770276,1519426,Thigh,stand,-0.037576,-0.999912,0.084424,1.4,-1.68,-0.28,-61
1786635770276,1519443,Thigh,stand,-0.042456,-0.998936,0.088816,1.33,-2.17,-0.21,-61
1786635770276,1519460,Thigh,stand,-0.049288,-0.999912,0.09272,1.26,-2.59,0,-61
1786635770276,1519477,Thigh,stand,-0.050264,-1.000888,0.09272,1.26,-3.15,0.21,-61
1786635770635,1519656,Thigh,stand,-0.039528,-0.999912,0.089792,1.61,-3.57,0.28,-61
1786635770635,1519686,Thigh,stand,-0.049776,-0.998936,0.099064,1.54,-3.85,0.56,-61
1786635770635,1519704,Thigh,stand,-0.049776,-0.999424,0.0976,1.61,-3.64,0.7,-61
1786635770635,1519721,Thigh,stand,-0.050752,-0.99796,0.095648,1.68,-3.64,0.77,-61
1786635770635,1519737,Thigh,stand,-0.04392,-0.996496,0.094184,1.54,-3.99,0.77,-61
1786635770635,1519768,Thigh,stand,-0.04148,-0.998936,0.085888,1.61,-3.15,0.21,-61
1786635770635,1519785,Thigh,stand,-0.04636,-1.000888,0.087352,1.33,-3.15,0.14,-61
1786635770635,1519802,Thigh,stand,-0.04636,-0.998448,0.089792,1.54,-3.92,0.07,-61
1786635770635,1519819,Thigh,stand,-0.047824,-0.997472,0.094672,1.4,-3.5,0.07,-61
1786635770635,1519836,Thigh,stand,-0.04636,-0.99796,0.096136,1.4,-3.15,-0.07,-61
1786635770992,1520014,Thigh,stand,-0.029768,-0.999424,0.086864,1.12,-2.8,0.14,-60
1786635770992,1520045,Thigh,stand,-0.039528,-1.000888,0.09516,1.33,-1.75,0.14,-60
1786635770992,1520062,Thigh,stand,-0.040016,-1.0004,0.09516,1.47,-1.75,0.42,-60
1786635770992,1520078,Thigh,stand,-0.03904,-1.000888,0.093208,1.4,-1.33,0.49,-60
1786635770992,1520095,Thigh,stand,-0.040504,-1.000888,0.089304,1.54,-1.12,0.56,-60
1786635770992,1520126,Thigh,stand,-0.038064,-1.000888,0.087352,1.54,-0.49,0.63,-60
1786635770992,1520143,Thigh,stand,-0.04148,-0.998936,0.086864,1.54,-0.49,0.63,-60
1786635770992,1520160,Thigh,stand,-0.045872,-0.998936,0.084424,1.47,-0.7,0.63,-60
1786635770992,1520177,Thigh,stand,-0.04392,-1.001376,0.083936,1.61,-0.7,0.49,-60
1786635770992,1520194,Thigh,stand,-0.04636,-1.0004,0.08784,1.75,-0.84,0.42,-60
1786635771351,1520372,Thigh,stand,-0.050752,-0.998936,0.09516,1.61,-1.61,0.35,-60
1786635771351,1520403,Thigh,stand,-0.055144,-0.997472,0.098576,1.54,-1.75,0.42,-60
1786635771351,1520420,Thigh,stand,-0.058072,-0.996496,0.101016,1.33,-1.75,0.42,-60
1786635771351,1520437,Thigh,stand,-0.061488,-0.99796,0.101016,1.61,-2.1,0.49,-60
1786635771351,1520453,Thigh,stand,-0.062464,-0.998448,0.0976,1.54,-2.45,0.56,-60
1786635771351,1520484,Thigh,stand,-0.050752,-0.998448,0.095648,1.47,-2.66,0.56,-60
1786635771351,1520501,Thigh,stand,-0.04636,-0.999424,0.091256,1.54,-2.45,0.42,-60
1786635771351,1520518,Thigh,stand,-0.047336,-1.001376,0.091256,1.4,-2.31,0.35,-60
1786635771351,1520535,Thigh,stand,-0.0488,-0.999912,0.092232,1.54,-2.66,0.14,-60
1786635771351,1520552,Thigh,stand,-0.05124,-0.996984,0.093696,1.33,-2.8,0.14,-60
1786635771709,1520729,Thigh,stand,-0.054656,-0.998936,0.09028,0.98,-5.25,-0.14,-60
1786635771709,1520760,Thigh,stand,-0.049776,-0.99796,0.087352,0.91,-5.81,-0.07,-60
1786635771709,1520777,Thigh,stand,-0.045872,-0.999424,0.089304,1.33,-5.6,0,-60
1786635771709,1520795,Thigh,stand,-0.047824,-1.0004,0.09272,1.26,-5.18,-0.07,-60
1786635771709,1520812,Thigh,stand,-0.04636,-1.000888,0.091744,1.26,-4.9,-0.14,-60
1786635771709,1520842,Thigh,stand,-0.042944,-0.999912,0.091256,1.26,-4.34,-0.14,-60
1786635771709,1520859,Thigh,stand,-0.041968,-0.998448,0.089792,1.12,-3.64,-0.14,-60
1786635771709,1520876,Thigh,stand,-0.04392,-0.999912,0.092232,1.26,-2.87,0,-60
1786635771709,1520893,Thigh,stand,-0.046848,-1.001864,0.096136,1.47,-2.8,0.07,-60
1786635771709,1520910,Thigh,stand,-0.048312,-0.999424,0.096136,1.47,-2.31,0.21,-60
1786635772068,1521087,Thigh,stand,-0.051728,-1.001864,0.093696,1.47,-0.98,0.21,-62
1786635772068,1521118,Thigh,stand,-0.052704,-0.999424,0.094672,1.68,-0.28,0.28,-62
1786635772068,1521135,Thigh,stand,-0.0488,-0.998936,0.091744,1.61,-0.07,0.14,-62
1786635772068,1521152,Thigh,stand,-0.049288,-0.999424,0.091256,1.75,0.14,0.21,-62
1786635772068,1521169,Thigh,stand,-0.051728,-0.999912,0.090768,1.82,0.07,0.21,-62
1786635772068,1521200,Thigh,stand,-0.060024,-0.997472,0.09516,1.68,-0.14,0.14,-62
1786635772068,1521217,Thigh,stand,-0.061,-0.997472,0.096624,1.68,-0.35,0.21,-62
1786635772068,1521233,Thigh,stand,-0.060024,-1.0004,0.095648,1.82,-0.42,0.21,-62
1786635772068,1521250,Thigh,stand,-0.055632,-0.996496,0.096624,1.75,-0.63,0.07,-62
1786635772068,1521267,Thigh,stand,-0.054168,-0.998936,0.091744,1.68,-0.42,0,-62
1786635772441,1521445,Thigh,stand,-0.060024,-0.99796,0.097112,1.47,-3.5,0.07,-62
1786635772441,1521476,Thigh,stand,-0.061976,-0.99552,0.099064,1.47,-3.85,0,-62
1786635772441,1521492,Thigh,stand,-0.061488,-0.996496,0.10248,1.47,-4.41,0.07,-62
1786635772441,1521509,Thigh,stand,-0.060024,-0.998448,0.10248,1.47,-4.48,0.07,-62
1786635772441,1521526,Thigh,stand,-0.055632,-0.998448,0.10004,1.4,-4.2,0.07,-62
1786635772441,1521557,Thigh,stand,-0.05612,-0.996984,0.10004,1.12,-4.2,0,-62
1786635772441,1521574,Thigh,stand,-0.056608,-0.998448,0.099552,1.26,-3.99,-0.07,-62
1786635772441,1521591,Thigh,stand,-0.055144,-0.996496,0.100528,1.19,-4.06,-0.14,-62
1786635772441,1521608,Thigh,stand,-0.05856,-0.999912,0.10248,1.19,-3.78,-0.21,-62
1786635772441,1521638,Thigh,stand,-0.055632,-0.996984,0.099552,1.19,-3.57,-0.21,-62
1786635772804,1521817,Thigh,stand,-0.057584,-0.996984,0.095648,0.63,-3.22,-0.63,-60
1786635772804,1521848,Thigh,stand,-0.065392,-0.999424,0.097112,0.63,-2.73,-0.77,-60
1786635772804,1521865,Thigh,stand,-0.06588,-0.997472,0.101016,0.84,-2.66,-0.7,-60
1786635772804,1521882,Thigh,stand,-0.061976,-0.998936,0.099552,0.77,-3.01,-0.63,-60
1786635772804,1521899,Thigh,stand,-0.057584,-0.999424,0.09516,0.98,-3.08,-0.49,-60
1786635772804,1521931,Thigh,stand,-0.04392,-0.999912,0.091744,0.98,-2.73,-0.28,-60
1786635772804,1521948,Thigh,stand,-0.045872,-1.0004,0.090768,1.05,-2.52,-0.28,-60
1786635772804,1521965,Thigh,stand,-0.044896,-1.002352,0.091256,1.19,-2.31,-0.49,-60
1786635772804,1521982,Thigh,stand,-0.042944,-0.999912,0.084912,1.05,-2.31,-0.56,-60
1786635772804,1521998,Thigh,stand,-0.045384,-1.001376,0.083448,0.91,-2.38,-0.56,-60
1786635773167,1522177,Thigh,stand,-0.044408,-0.998936,0.097112,1.68,-1.75,0.14,-60
1786635773167,1522208,Thigh,stand,-0.042944,-0.999912,0.08784,1.47,-1.47,0.14,-60
1786635773167,1522225,Thigh,stand,-0.046848,-1.001376,0.084912,1.33,-1.33,-0.14,-60
1786635773167,1522242,Thigh,stand,-0.052704,-0.999912,0.09028,1.19,-1.54,-0.35,-60
1786635773167,1522259,Thigh,stand,-0.055144,-0.999424,0.092232,1.19,-2.17,-0.28,-60
1786635773167,1522290,Thigh,stand,-0.054656,-0.997472,0.094672,1.4,-2.24,-0.21,-60
1786635773167,1522307,Thigh,stand,-0.056608,-0.99796,0.091256,1.54,-1.96,-0.28,-60
1786635773167,1522324,Thigh,stand,-0.057584,-0.99796,0.09272,1.54,-1.96,-0.28,-60
1786635773167,1522341,Thigh,stand,-0.056608,-0.998448,0.093208,1.68,-2.03,-0.21,-60
1786635773167,1522358,Thigh,stand,-0.052216,-0.998936,0.091744,1.54,-2.03,-0.14,-60
1786635773592,1522536,Thigh,stand,-0.046848,-0.999912,0.095648,1.61,-0.91,-0.07,-60
1786635773592,1522567,Thigh,stand,-0.047336,-0.998448,0.095648,1.47,-1.4,-0.07,-60
1786635773592,1522640,Thigh,stand,-0.058072,-0.996496,0.0976,1.19,-2.1,-0.21,-60
1786635773592,1522671,Thigh,stand,-0.061,-0.99796,0.0976,1.26,-2.59,-0.14,-60
1786635773592,1522688,Thigh,stand,-0.058072,-0.99796,0.097112,1.26,-2.52,-0.21,-60
1786635773592,1522705,Thigh,stand,-0.052704,-0.998448,0.096136,1.4,-2.52,-0.14,-60
1786635773592,1522722,Thigh,stand,-0.049776,-0.999424,0.09516,1.47,-2.59,-0.14,-60
1786635773592,1522753,Thigh,stand,-0.047824,-0.998448,0.096136,1.19,-2.52,-0.07,-60
1786635773592,1522770,Thigh,stand,-0.0488,-0.999912,0.094184,1.05,-2.59,-0.07,-60
1786635773592,1522786,Thigh,stand,-0.050752,-0.998936,0.094672,1.05,-2.66,-0.14,-60
1786635773951,1522964,Thigh,stand,-0.060512,-0.99796,0.093208,0.77,-4.48,-0.49,-60
1786635773951,1522995,Thigh,stand,-0.049776,-0.999424,0.09028,0.77,-4.76,-0.49,-60
1786635773951,1523012,Thigh,stand,-0.044408,-1.0004,0.088816,0.77,-4.48,-0.49,-60
1786635773951,1523029,Thigh,stand,-0.040016,-0.998936,0.084912,0.63,-4.2,-0.56,-60
1786635773951,1523046,Thigh,stand,-0.040504,-1.002352,0.085888,0.84,-4.27,-0.63,-60
1786635773951,1523077,Thigh,stand,-0.044896,-1.0004,0.085888,0.84,-3.5,-0.77,-60
1786635773951,1523094,Thigh,stand,-0.049288,-1.0004,0.088328,0.84,-3.15,-0.7,-60
1786635773951,1523111,Thigh,stand,-0.050264,-1.000888,0.091744,0.84,-3.5,-0.63,-60
1786635773951,1523128,Thigh,stand,-0.049776,-0.999424,0.091744,0.91,-3.57,-0.42,-60
1786635773951,1523145,Thigh,stand,-0.047824,-1.000888,0.089304,0.84,-3.64,-0.42,-60
1786635774311,1523323,Thigh,stand,-0.038552,-0.999912,0.088816,1.75,-1.05,0.07,-60
1786635774311,1523354,Thigh,stand,-0.042944,-1.0004,0.088816,2.03,-0.63,0.14,-60
1786635774311,1523371,Thigh,stand,-0.040016,-0.997472,0.088328,1.75,-0.42,0.28,-60
1786635774311,1523388,Thigh,stand,-0.042944,-1.0004,0.089792,1.82,-0.28,0.21,-60
1786635774311,1523405,Thigh,stand,-0.048312,-1.000888,0.094672,1.75,-0.07,0.07,-60
1786635774311,1523436,Thigh,stand,-0.054168,-0.99796,0.101016,1.82,0.56,0.07,-60
1786635774311,1523453,Thigh,stand,-0.062464,-0.99796,0.101504,1.96,0.28,0.35,-60
1786635774311,1523470,Thigh,stand,-0.062952,-0.997472,0.098088,1.96,-0.35,0.49,-60
1786635774311,1523487,Thigh,stand,-0.060512,-0.996984,0.0976,1.89,-0.7,0.49,-60
1786635774311,1523504,Thigh,stand,-0.054656,-0.997472,0.09516,1.75,-1.26,0.49,-60
1786635774671,1523681,Thigh,stand,-0.05612,-0.996984,0.098088,1.26,-2.1,-0.21,-60
1786635774671,1523712,Thigh,stand,-0.062464,-0.996496,0.09516,0.98,-2.8,-0.14,-60
1786635774671,1523729,Thigh,stand,-0.061,-0.998448,0.095648,1.26,-3.22,-0.21,-60
1786635774671,1523746,Thigh,stand,-0.055144,-0.996008,0.096136,1.12,-3.71,-0.42,-60
1786635774671,1523763,Thigh,stand,-0.055632,-0.996984,0.094184,0.98,-3.78,-0.63,-60
1786635774671,1523794,Thigh,stand,-0.059048,-0.997472,0.09516,0.98,-3.5,-0.77,-60
1786635774671,1523811,Thigh,stand,-0.060512,-0.998448,0.096624,0.91,-3.22,-0.77,-60
1786635774671,1523828,Thigh,stand,-0.06344,-0.998936,0.096624,0.84,-3.29,-0.7,-60
1786635774671,1523845,Thigh,stand,-0.059536,-0.997472,0.096136,0.91,-3.64,-0.63,-60
1786635774671,1523862,Thigh,stand,-0.052704,-0.998936,0.092232,0.7,-3.85,-0.77,-60
1786635775039,1524039,Thigh,stand,-0.040016,-1.000888,0.090768,1.26,-2.24,-0.42,-60
1786635775039,1524070,Thigh,stand,-0.04392,-0.999424,0.091744,1.4,-2.1,-0.14,-60
1786635775039,1524087,Thigh,stand,-0.042456,-1.000888,0.087352,1.47,-2.1,0.07,-60
1786635775039,1524104,Thigh,stand,-0.041968,-0.999912,0.086376,1.54,-2.03,-0.07,-60
1786635775039,1524121,Thigh,stand,-0.042456,-0.999424,0.086864,1.54,-1.96,-0.21,-60
1786635775039,1524152,Thigh,stand,-0.049288,-0.999424,0.093208,1.4,-2.17,-0.07,-60
1786635775039,1524169,Thigh,stand,-0.053192,-0.998448,0.095648,1.61,-2.1,0.14,-60
1786635775039,1524186,Thigh,stand,-0.05124,-0.998448,0.096136,1.82,-1.89,0.21,-60
1786635775039,1524203,Thigh,stand,-0.047336,-0.999912,0.09272,2.03,-2.03,0.35,-60
1786635775039,1524220,Thigh,stand,-0.045384,-0.998448,0.094672,1.96,-1.75,0.42,-60
1786635775424,1524399,Thigh,stand,-0.059048,-0.998936,0.094184,1.19,-2.31,0.07,-59
1786635775424,1524429,Thigh,stand,-0.059536,-0.996008,0.100528,1.26,-2.31,0,-59
1786635775424,1524446,Thigh,stand,-0.060512,-0.998936,0.101992,1.4,-2.52,0.07,-59
1786635775424,1524463,Thigh,stand,-0.060024,-0.999424,0.10004,1.47,-2.59,0,-59
1786635775424,1524480,Thigh,stand,-0.051728,-0.996496,0.094672,1.26,-2.73,-0.07,-59
1786635775424,1524511,Thigh,stand,-0.050752,-0.999424,0.095648,1.19,-2.31,-0.35,-59
1786635775424,1524528,Thigh,stand,-0.05368,-0.999912,0.09516,1.19,-2.45,-0.42,-59
1786635775424,1524545,Thigh,stand,-0.053192,-0.998448,0.093208,1.26,-2.66,-0.35,-59
1786635775424,1524562,Thigh,stand,-0.054168,-0.996008,0.097112,1.19,-2.73,-0.35,-59
1786635775424,1524579,Thigh,stand,-0.051728,-0.996984,0.099064,0.84,-3.01,-0.42,-59
1786635775814,1524757,Thigh,stand,-0.040016,-1.001376,0.078568,1.61,-0.91,-0.63,-59
1786635775814,1524788,Thigh,stand,-0.043432,-1.00284,0.074664,2.17,1.89,-0.7,-59
1786635775814,1524804,Thigh,stand,-0.047824,-1.003328,0.078568,2.24,1.89,-0.77,-59
1786635775814,1524821,Thigh,stand,-0.050752,-0.998448,0.08052,2.24,1.82,-0.7,-59
1786635775814,1524838,Thigh,stand,-0.048312,-0.99308,0.091744,1.96,1.26,-0.63,-59
1786635775814,1524869,Thigh,stand,-0.056608,-0.998448,0.10736,2.1,0.77,-0.28,-59
1786635775814,1524886,Thigh,stand,-0.061976,-0.998448,0.111752,2.03,-0.35,-0.21,-59
1786635775814,1524903,Thigh,stand,-0.061,-0.998448,0.110288,1.61,-1.68,-0.14,-59
1786635775814,1524920,Thigh,stand,-0.051728,-0.99796,0.106384,1.4,-3.43,-0.14,-59
1786635775814,1524937,Thigh,stand,-0.047336,-0.998936,0.099552,1.33,-3.57,-0.28,-59
1786635776106,1525116,Thigh,stand,-0.042944,-1.004304,0.094672,1.47,0.91,1.47,-59
1786635776106,1525147,Thigh,stand,-0.04392,-1.000888,0.09028,1.54,0.91,1.47,-59
1786635776106,1525164,Thigh,stand,-0.045872,-0.998448,0.089304,1.4,0.7,1.4,-59
1786635776106,1525180,Thigh,stand,-0.050264,-0.998936,0.094672,1.33,0.49,1.33,-59
1786635776106,1525197,Thigh,stand,-0.05124,-1.001376,0.093696,1.33,0,1.54,-59
1786635776106,1525228,Thigh,stand,-0.054168,-0.998936,0.096624,1.19,0.07,1.61,-59
1786635776106,1525245,Thigh,stand,-0.060512,-0.997472,0.093208,1.26,0.42,1.47,-59
1786635776106,1525262,Thigh,stand,-0.067344,-0.998448,0.093208,1.54,0.21,1.4,-59
1786635776106,1525279,Thigh,stand,-0.064904,-0.99796,0.086864,1.33,-0.21,1.33,-59
1786635776106,1525296,Thigh,stand,-0.065392,-0.999912,0.08784,1.54,-0.42,1.05,-59
1786635776468,1525473,Thigh,stand,-0.059048,-0.996008,0.098576,1.05,-10.5,-1.33,-59
1786635776468,1525504,Thigh,stand,-0.055144,-0.997472,0.098088,0.42,-10.22,-1.82,-59
1786635776468,1525521,Thigh,stand,-0.052704,-0.997472,0.101504,0.28,-10.15,-1.82,-59
1786635776468,1525538,Thigh,stand,-0.052704,-0.996496,0.105896,0.35,-9.87,-1.75,-59
1786635776468,1525555,Thigh,stand,-0.052216,-0.997472,0.108824,0.42,-9.45,-1.68,-59
1786635776468,1525586,Thigh,stand,-0.043432,-0.998936,0.106872,0.56,-9.03,-1.26,-59
1786635776468,1525603,Thigh,stand,-0.02928,-0.999424,0.098576,0.42,-8.19,-0.98,-59
1786635776468,1525620,Thigh,stand,-0.016592,-1.0004,0.094672,0.42,-6.58,-0.84,-59
1786635776468,1525637,Thigh,stand,-0.00976,-1.001864,0.089792,0.56,-4.06,-0.84,-59
1786635776468,1525654,Thigh,stand,-0.0122,-1.002352,0.091744,0.63,-3.01,-0.77,-59
1786635776827,1525833,Thigh,stand,-0.044408,-0.998936,0.086864,1.05,-3.01,-0.63,-60
1786635776827,1525864,Thigh,stand,-0.0366,-1.0004,0.093696,1.4,-1.47,-0.49,-60
1786635776827,1525881,Thigh,stand,-0.0366,-1.0004,0.089792,1.47,-0.56,-0.49,-60
1786635776827,1525898,Thigh,stand,-0.04392,-1.001376,0.088328,1.75,0.7,-0.42,-60
1786635776827,1525915,Thigh,stand,-0.044896,-1.0004,0.091256,1.82,1.33,-0.49,-60
1786635776827,1525946,Thigh,stand,-0.05368,-0.996008,0.088328,1.75,1.82,-0.98,-60
1786635776827,1525963,Thigh,stand,-0.059536,-0.996496,0.096624,1.4,1.12,-1.12,-60
1786635776827,1525980,Thigh,stand,-0.059048,-0.996496,0.094184,1.19,-0.35,-0.98,-60
1786635776827,1525996,Thigh,stand,-0.057584,-0.996984,0.09516,0.98,-0.91,-1.05,-60
1786635776827,1526013,Thigh,stand,-0.05612,-0.998936,0.097112,1.19,-1.05,-1.12,-60
1786635777185,1526191,Thigh,stand,-0.052216,-0.996496,0.08784,1.05,-2.17,-1.19,-60
1786635777185,1526222,Thigh,stand,-0.049288,-0.998936,0.091744,0.84,-1.82,-1.26,-60
1786635777185,1526239,Thigh,stand,-0.052216,-1.001864,0.090768,0.98,-2.31,-1.4,-60
1786635777185,1526256,Thigh,stand,-0.050264,-0.998936,0.088328,1.05,-2.73,-1.33,-60
1786635777185,1526273,Thigh,stand,-0.04636,-0.998936,0.09028,1.33,-3.08,-1.19,-60
1786635777185,1526304,Thigh,stand,-0.0366,-1.000888,0.08784,1.05,-3.5,-1.12,-60
1786635777185,1526321,Thigh,stand,-0.034648,-1.002352,0.084424,1.26,-3.22,-1.33,-60
1786635777185,1526338,Thigh,stand,-0.033672,-1.000888,0.083448,1.12,-3.01,-1.4,-60
1786635777185,1526355,Thigh,stand,-0.033672,-1.0004,0.08296,1.05,-3.08,-1.4,-60
1786635777185,1526371,Thigh,stand,-0.03172,-1.001376,0.081984,1.12,-3.5,-1.26,-60
1786635777545,1526549,Thigh,stand,-0.041968,-0.998936,0.0976,0.84,-3.01,-1.05,-60
1786635777545,1526580,Thigh,stand,-0.042456,-1.001376,0.096624,0.77,-2.94,-0.98,-60
1786635777545,1526597,Thigh,stand,-0.044408,-0.99552,0.093696,0.91,-3.08,-0.91,-60
1786635777545,1526614,Thigh,stand,-0.0488,-1.000888,0.096624,0.98,-3.78,-0.77,-60
1786635777545,1526631,Thigh,stand,-0.046848,-0.999424,0.10004,1.12,-3.71,-0.7,-60
1786635777545,1526662,Thigh,stand,-0.043432,-0.998448,0.09516,1.12,-4.13,-0.56,-60
1786635777545,1526679,Thigh,stand,-0.042944,-0.999912,0.093208,1.19,-4.2,-0.42,-60
1786635777545,1526696,Thigh,stand,-0.036112,-1.001376,0.09272,1.4,-3.99,-0.35,-60
1786635777545,1526713,Thigh,stand,-0.026352,-1.000888,0.089792,1.26,-3.01,-0.35,-60
1786635777545,1526730,Thigh,stand,-0.020496,-1.002352,0.089304,1.61,-1.61,-0.49,-60
1786635777907,1526908,Thigh,stand,-0.02684,-1.00284,0.088328,1.75,-0.63,-0.14,-60
1786635777907,1526939,Thigh,stand,-0.019032,-1.00284,0.085888,1.54,-0.35,-0.14,-60
1786635777907,1526956,Thigh,stand,-0.016104,-1.001376,0.081008,1.47,-0.63,-0.14,-60
1786635777907,1526973,Thigh,stand,-0.025864,-0.998936,0.079544,1.33,-0.77,-0.56,-60
1786635777907,1526990,Thigh,stand,-0.030744,-1.000888,0.083448,1.26,-1.05,-0.77,-60
1786635777907,1527021,Thigh,stand,-0.043432,-0.999424,0.098576,0.98,-2.24,-0.84,-60
1786635777907,1527038,Thigh,stand,-0.038552,-0.998936,0.100528,0.98,-2.03,-0.56,-60
1786635777907,1527055,Thigh,stand,-0.037576,-0.999912,0.103456,1.12,-1.61,-0.49,-60
1786635777907,1527072,Thigh,stand,-0.040504,-0.998936,0.101016,1.12,-0.91,-0.42,-60
1786635777907,1527089,Thigh,stand,-0.041968,-0.998936,0.093696,0.98,-0.49,-0.63,-60
1786635778263,1527267,Thigh,stand,-0.029768,-1.002352,0.083448,0.63,-2.66,-1.68,-60
1786635778263,1527298,Thigh,stand,-0.037576,-1.001376,0.088328,0.7,-3.36,-1.82,-60
1786635778263,1527315,Thigh,stand,-0.032696,-1.0004,0.091744,0.84,-3.29,-1.68,-60
1786635778263,1527332,Thigh,stand,-0.031232,-1.000888,0.096624,1.12,-2.94,-1.4,-60
1786635778263,1527349,Thigh,stand,-0.024888,-1.001864,0.098088,1.12,-2.38,-1.33,-60
1786635778263,1527380,Thigh,stand,-0.032696,-1.001376,0.088328,1.4,-0.56,-1.19,-60
1786635778263,1527397,Thigh,stand,-0.035136,-1.0004,0.086864,1.33,-0.63,-0.98,-60
1786635778263,1527414,Thigh,stand,-0.033672,-1.001376,0.076616,1.82,-0.91,-0.91,-60
1786635778263,1527431,Thigh,stand,-0.0244,-1.000888,0.07076,1.4,-1.75,-0.7,-60
1786635778263,1527448,Thigh,stand,-0.007808,-1.000888,0.06832,1.68,-2.31,-0.49,-60
1786635778624,1527624,Thigh,stand,-0.008784,-0.999912,0.089304,1.26,-3.78,0.84,-64
1786635778624,1527655,Thigh,stand,-0.01464,-1.003328,0.085888,1.12,-3.22,0.63,-64
1786635778624,1527672,Thigh,stand,-0.018056,-1.003816,0.0854,1.19,-3.01,0.56,-64
1786635778624,1527689,Thigh,stand,-0.027816,-1.00284,0.083448,1.33,-3.22,0.56,-64
1786635778624,1527706,Thigh,stand,-0.034648,-1.001864,0.080032,1.47,-3.01,0.42,-64
1786635778624,1527737,Thigh,stand,-0.036112,-0.998448,0.083936,1.96,-2.8,0.49,-64
1786635778624,1527754,Thigh,stand,-0.037576,-0.995032,0.079544,1.68,-2.31,0.49,-64
1786635778624,1527771,Thigh,stand,-0.040992,-0.99796,0.083448,1.89,-2.03,0.35,-64
1786635778624,1527788,Thigh,stand,-0.044408,-0.999912,0.092232,2.17,-2.03,0.35,-64
1786635778624,1527805,Thigh,stand,-0.042944,-0.999912,0.096136,2.17,-2.24,0.42,-64
1786635778984,1527982,Thigh,stand,-0.009272,-0.999424,0.089304,1.33,-3.15,0.28,-64
1786635778984,1528013,Thigh,stand,-0.017568,-1.00284,0.088816,1.47,-2.45,0.42,-64
1786635778984,1528030,Thigh,stand,-0.023424,-1.000888,0.09028,1.47,-2.45,0.63,-64
1786635778984,1528047,Thigh,stand,-0.024888,-1.0004,0.088328,1.61,-2.73,0.63,-64
1786635778984,1528064,Thigh,stand,-0.024888,-1.0004,0.089304,1.82,-2.8,0.77,-64
1786635778984,1528095,Thigh,stand,-0.033672,-0.999912,0.09272,2.17,-2.66,0.77,-64
1786635778984,1528112,Thigh,stand,-0.033672,-0.999424,0.094184,1.96,-2.66,0.77,-64
1786635778984,1528129,Thigh,stand,-0.032696,-0.999424,0.090768,1.96,-2.8,0.91,-64
1786635778984,1528146,Thigh,stand,-0.032696,-0.998936,0.093208,2.1,-2.59,0.98,-64
1786635778984,1528163,Thigh,stand,-0.033672,-0.99796,0.094672,1.96,-2.73,0.98,-64
1786635779342,1528341,Thigh,stand,-0.021472,-0.999424,0.092232,1.4,-2.17,1.4,-64
1786635779342,1528372,Thigh,stand,-0.034648,-0.99796,0.0976,1.47,-2.03,1.12,-64
1786635779342,1528389,Thigh,stand,-0.050264,-0.995032,0.101016,1.05,-2.38,1.19,-64
1786635779342,1528406,Thigh,stand,-0.057584,-0.995032,0.108824,1.61,-2.8,1.47,-64
1786635779342,1528423,Thigh,stand,-0.054168,-1.003816,0.103944,1.4,-2.38,1.33,-64
1786635779342,1528454,Thigh,stand,-0.044896,-0.99796,0.090768,1.68,-1.82,1.4,-64
1786635779342,1528471,Thigh,stand,-0.037576,-0.999912,0.089304,1.68,-0.77,1.33,-64
1786635779342,1528488,Thigh,stand,-0.037088,-0.998936,0.094184,2.03,0.07,1.12,-64
1786635779342,1528505,Thigh,stand,-0.037088,-0.997472,0.099064,2.03,0.63,0.98,-64
1786635779342,1528522,Thigh,stand,-0.045872,-0.998936,0.098576,2.03,0.63,0.84,-64
1786635779703,1528699,Thigh,stand,-0.045384,-0.998936,0.099552,1.75,-2.73,0.7,-60
1786635779703,1528729,Thigh,stand,-0.04148,-0.998936,0.094184,1.68,-1.96,0.91,-60
1786635779703,1528747,Thigh,stand,-0.042456,-0.999424,0.094184,1.82,-1.89,0.84,-60
1786635779703,1528763,Thigh,stand,-0.042456,-0.998936,0.089304,1.75,-2.1,0.63,-60
1786635779703,1528780,Thigh,stand,-0.042944,-0.995032,0.090768,1.54,-2.1,0.21,-60
1786635779703,1528811,Thigh,stand,-0.058072,-0.997472,0.101992,0.91,-3.43,-0.28,-60
1786635779703,1528828,Thigh,stand,-0.062464,-0.993568,0.110776,0.98,-4.97,-0.21,-60
1786635779703,1528845,Thigh,stand,-0.062952,-0.995032,0.113704,0.77,-6.51,-0.07,-60
1786635779703,1528862,Thigh,stand,-0.055144,-0.998448,0.113704,0.7,-7.14,0.07,-60
1786635779703,1528879,Thigh,stand,-0.042456,-0.998448,0.106872,0.56,-7.49,0.28,-60
1786635780060,1529057,Thigh,stand,-0.076128,-0.994544,0.093696,0.63,-1.19,-0.56,-60
1786635780060,1529088,Thigh,stand,-0.081008,-0.996008,0.099552,0.63,-2.45,-1.05,-60
1786635780060,1529105,Thigh,stand,-0.0732,-0.994544,0.098088,0.42,-3.57,-1.12,-60
1786635780060,1529121,Thigh,stand,-0.059536,-0.996984,0.099064,0.35,-4.13,-0.91,-60
1786635780060,1529138,Thigh,stand,-0.05124,-0.999424,0.097112,0.28,-3.57,-1.12,-60
1786635780060,1529169,Thigh,stand,-0.037088,-0.999912,0.094672,1.05,-3.01,-1.19,-60
1786635780060,1529186,Thigh,stand,-0.03416,-0.99796,0.091256,0.77,-2.59,-0.91,-60
1786635780060,1529203,Thigh,stand,-0.02684,-1.0004,0.094184,0.91,-1.96,-0.84,-60
1786635780060,1529220,Thigh,stand,-0.0244,-1.003328,0.098576,0.98,-0.42,-0.7,-60
1786635780060,1529237,Thigh,stand,-0.01952,-1.000888,0.096136,1.05,0.56,-0.77,-60
1786635780443,1529414,Thigh,stand,-0.039528,-0.999912,0.082472,0.98,-2.8,0.07,-59
1786635780443,1529445,Thigh,stand,-0.0488,-1.0004,0.088328,1.19,-2.66,-0.07,-59
1786635780443,1529462,Thigh,stand,-0.05368,-0.997472,0.093696,1.4,-3.29,0,-59
1786635780443,1529479,Thigh,stand,-0.05612,-0.996984,0.09272,1.33,-3.43,0.07,-59
1786635780443,1529495,Thigh,stand,-0.052704,-0.998936,0.094184,1.19,-4.06,0,-59
1786635780443,1529526,Thigh,stand,-0.050264,-0.999912,0.08296,0.77,-3.57,-0.63,-59
1786635780443,1529543,Thigh,stand,-0.054656,-0.998936,0.087352,1.12,-3.5,-0.77,-59
1786635780443,1529560,Thigh,stand,-0.061488,-0.998936,0.09272,1.12,-3.85,-0.98,-59
1786635780443,1529577,Thigh,stand,-0.06344,-0.99796,0.096136,1.4,-4.76,-0.91,-59
1786635780443,1529594,Thigh,stand,-0.062464,-0.996984,0.093208,1.26,-5.53,-0.77,-59
1786635780828,1529771,Thigh,stand,-0.04148,-0.999424,0.098088,1.26,-4.2,-1.33,-59
1786635780828,1529802,Thigh,stand,-0.04636,-0.99796,0.105408,1.54,-4.9,-0.98,-59
1786635780828,1529819,Thigh,stand,-0.043432,-0.996008,0.10492,1.33,-5.18,-0.84,-59
1786635780828,1529836,Thigh,stand,-0.037088,-0.99796,0.099064,1.05,-5.95,-0.35,-59
1786635780828,1529853,Thigh,stand,-0.026352,-1.000888,0.091256,1.33,-5.74,0,-59
1786635780828,1529883,Thigh,stand,-0.012688,-1.003328,0.08052,0.98,-5.6,-0.28,-59
1786635780828,1529900,Thigh,stand,-0.006344,-1.003328,0.07076,0.63,-4.62,-0.91,-59
1786635780828,1529917,Thigh,stand,-0.011712,-1.004304,0.078568,0.56,-4.27,-1.33,-59
1786635780828,1529934,Thigh,stand,-0.01708,-1.004792,0.091256,0.7,-4.2,-1.54,-59
1786635780828,1529951,Thigh,stand,-0.027816,-0.999424,0.098576,0.63,-4.34,-1.47,-59
1786635781137,1530129,Thigh,stand,-0.044896,-0.996984,0.098088,0.98,-2.03,-0.77,-59
1786635781137,1530160,Thigh,stand,-0.0488,-0.99552,0.101504,1.05,-1.47,-0.56,-59
1786635781137,1530177,Thigh,stand,-0.047336,-0.99796,0.10004,1.05,-1.05,-0.42,-59
1786635781137,1530194,Thigh,stand,-0.04636,-0.998448,0.097112,1.33,-0.14,-0.49,-59
1786635781137,1530211,Thigh,stand,-0.045872,-0.995032,0.090768,0.91,0,-0.77,-59
1786635781137,1530242,Thigh,stand,-0.058072,-0.997472,0.09028,1.05,-0.98,-1.33,-59
1786635781137,1530259,Thigh,stand,-0.05856,-0.99796,0.096624,0.91,-2.38,-1.54,-59
1786635781137,1530276,Thigh,stand,-0.05612,-0.997472,0.101992,0.84,-3.29,-1.47,-59
1786635781137,1530292,Thigh,stand,-0.0488,-0.99796,0.105408,0.91,-3.36,-1.33,-59
1786635781137,1530309,Thigh,stand,-0.035136,-0.99796,0.104432,0.98,-3.01,-1.33,-59
1786635781493,1530487,Thigh,stand,0.000976,-1.002352,0.070272,1.75,0.84,-0.56,-64
1786635781493,1530518,Thigh,stand,-0.02928,-0.996008,0.086864,1.47,-1.12,0.14,-64
1786635781493,1530535,Thigh,stand,-0.032696,-0.998936,0.091256,1.47,-2.66,0.91,-64
1786635781493,1530552,Thigh,stand,-0.033184,-1.00284,0.091256,1.68,-3.01,1.19,-64
1786635781493,1530569,Thigh,stand,-0.03416,-1.003816,0.086864,1.47,-2.45,1.05,-64
1786635781493,1530600,Thigh,stand,-0.037576,-0.998936,0.080032,1.47,-2.45,0.56,-64
1786635781493,1530617,Thigh,stand,-0.040992,-0.996496,0.084424,1.47,-2.94,0.21,-64
1786635781493,1530634,Thigh,stand,-0.039528,-0.99796,0.092232,1.26,-3.29,0.21,-64
1786635781493,1530651,Thigh,stand,-0.042456,-0.99796,0.104432,1.47,-3.5,0.21,-64
1786635781493,1530667,Thigh,stand,-0.04392,-0.998448,0.106872,1.4,-3.15,0.28,-64
1786635781865,1530845,Thigh,stand,-0.033184,-0.999424,0.087352,1.4,-3.64,0.49,-64
1786635781865,1530876,Thigh,stand,-0.032696,-1.002352,0.08296,1.19,-3.71,0.14,-64
1786635781865,1530893,Thigh,stand,-0.033184,-0.998936,0.089304,1.19,-4.13,0,-64
1786635781865,1530910,Thigh,stand,-0.035624,-1.000888,0.091256,1.26,-3.99,-0.07,-64
1786635781865,1530927,Thigh,stand,-0.036112,-1.0004,0.09272,1.33,-3.64,0,-64
1786635781865,1530957,Thigh,stand,-0.02928,-0.998936,0.092232,0.98,-3.08,0.07,-64
1786635781865,1530974,Thigh,stand,-0.027328,-1.001376,0.092232,0.98,-2.73,0,-64
1786635781865,1530991,Thigh,stand,-0.031232,-0.997472,0.086376,0.91,-1.82,-0.14,-64
1786635781865,1531008,Thigh,stand,-0.040504,-0.998936,0.094672,1.12,-1.68,-0.07,-64
1786635781865,1531039,Thigh,stand,-0.046848,-0.998936,0.098576,1.26,-1.75,-0.07,-64
1786635782226,1531216,Thigh,stand,-0.045872,-1.0004,0.09028,0.91,-2.73,-0.56,-64
1786635782226,1531247,Thigh,stand,-0.040504,-0.999424,0.093208,0.98,-3.78,-0.63,-64
1786635782226,1531264,Thigh,stand,-0.035624,-0.999424,0.089304,0.91,-4.06,-0.56,-64
1786635782226,1531281,Thigh,stand,-0.030256,-0.999912,0.086376,0.56,-3.78,-0.56,-64
1786635782226,1531298,Thigh,stand,-0.030256,-1.000888,0.087352,0.84,-3.08,-0.7,-64
1786635782226,1531329,Thigh,stand,-0.033672,-1.000888,0.091256,0.91,-3.01,-0.56,-64
1786635782226,1531346,Thigh,stand,-0.032208,-1.001376,0.090768,0.84,-3.57,-0.42,-64
1786635782226,1531363,Thigh,stand,-0.030744,-1.003328,0.090768,1.05,-3.5,-0.42,-64
1786635782226,1531380,Thigh,stand,-0.029768,-1.0004,0.0854,0.91,-3.43,-0.42,-64
1786635782226,1531397,Thigh,stand,-0.029768,-1.001864,0.088328,1.26,-3.01,-0.49,-64
1786635782585,1531575,Thigh,stand,-0.03172,-1.0004,0.078568,1.75,-2.8,-0.28,-66
1786635782585,1531606,Thigh,stand,-0.016104,-1.004304,0.072712,1.54,-2.31,-0.35,-66
1786635782585,1531623,Thigh,stand,-0.008784,-1.003328,0.08052,1.96,-0.98,-0.49,-66
1786635782585,1531640,Thigh,stand,-0.008784,-1.003328,0.084424,1.75,0.21,-0.56,-66
1786635782585,1531657,Thigh,stand,-0.00976,-1.00284,0.082472,1.96,0.77,-0.35,-66
1786635782585,1531688,Thigh,stand,-0.0244,-1.002352,0.081008,1.61,0.63,-0.35,-66
1786635782585,1531705,Thigh,stand,-0.031232,-1.00284,0.084424,1.89,-0.28,-0.42,-66
1786635782585,1531722,Thigh,stand,-0.039528,-0.999912,0.086376,1.96,-0.91,-0.35,-66
1786635782585,1531739,Thigh,stand,-0.040992,-0.999424,0.091744,1.68,-2.1,-0.35,-66
1786635782585,1531756,Thigh,stand,-0.039528,-0.999912,0.096136,1.61,-3.15,-0.28,-66
1786635782947,1531933,Thigh,stand,-0.032208,-0.998936,0.087352,1.26,-3.29,-0.21,-66
1786635782947,1531964,Thigh,stand,-0.031232,-0.999912,0.089304,1.61,-3.22,-0.21,-66
1786635782947,1531981,Thigh,stand,-0.030256,-1.0004,0.091256,1.61,-3.08,-0.21,-66
1786635782947,1531998,Thigh,stand,-0.029768,-1.000888,0.091256,1.19,-2.87,-0.28,-66
1786635782947,1532015,Thigh,stand,-0.031232,-1.003328,0.090768,1.33,-3.01,-0.21,-66
1786635782947,1532046,Thigh,stand,-0.030256,-0.999912,0.091744,1.68,-2.8,0,-66
1786635782947,1532063,Thigh,stand,-0.02684,-0.999424,0.096624,1.54,-3.15,0.14,-66
1786635782947,1532080,Thigh,stand,-0.023424,-0.999424,0.096624,1.19,-3.29,0.21,-66
1786635782947,1532097,Thigh,stand,-0.018056,-0.999424,0.094672,1.19,-3.43,0.21,-66
1786635782947,1532114,Thigh,stand,-0.018544,-0.996984,0.093696,1.12,-3.64,0.28,-66
1786635783308,1532292,Thigh,stand,-0.046848,-0.998448,0.094184,1.26,-2.66,0.35,-66
1786635783308,1532323,Thigh,stand,-0.037088,-0.999424,0.09272,1.33,-2.31,0.49,-66
1786635783308,1532341,Thigh,stand,-0.032208,-1.0004,0.089304,1.19,-2.38,0.7,-66
1786635783308,1532358,Thigh,stand,-0.024888,-1.001376,0.091744,1.54,-1.68,0.56,-66
1786635783308,1532375,Thigh,stand,-0.022448,-1.0004,0.09028,1.54,-0.98,0.56,-66
1786635783308,1532392,Thigh,stand,-0.023912,-1.00284,0.089304,1.61,-0.98,0.49,-66
1786635783308,1532423,Thigh,stand,-0.02928,-0.999912,0.08784,1.19,-1.75,0.7,-66
1786635783308,1532439,Thigh,stand,-0.034648,-1.002352,0.086376,1.33,-1.75,0.7,-66
1786635783308,1532456,Thigh,stand,-0.032696,-0.998448,0.086864,1.26,-2.38,0.7,-66
1786635783308,1532473,Thigh,stand,-0.033672,-1.000888,0.088816,0.91,-2.45,0.56,-66
1786635783665,1532651,Thigh,stand,-0.046848,-0.99796,0.092232,1.4,-1.96,0.42,-70
1786635783665,1532682,Thigh,stand,-0.049776,-0.99796,0.091744,1.33,-2.94,0.49,-70
1786635783665,1532699,Thigh,stand,-0.049776,-0.999424,0.096624,1.26,-3.57,0.49,-70
1786635783665,1532716,Thigh,stand,-0.048312,-1.0004,0.096136,1.26,-3.85,0.28,-70
1786635783665,1532733,Thigh,stand,-0.042456,-0.996984,0.093696,1.19,-3.43,0.28,-70
1786635783665,1532764,Thigh,stand,-0.042456,-0.999912,0.09272,1.26,-3.01,0.21,-70
1786635783665,1532781,Thigh,stand,-0.040504,-1.000888,0.09028,1.33,-3.08,0.21,-70
1786635783665,1532798,Thigh,stand,-0.038064,-0.999912,0.092232,1.26,-2.59,0.07,-70
1786635783665,1532815,Thigh,stand,-0.03904,-0.998936,0.092232,1.47,-2.66,0.07,-70
1786635783665,1532832,Thigh,stand,-0.040992,-1.0004,0.091744,1.47,-2.59,0.14,-70
1786635784024,1533011,Thigh,stand,-0.043432,-0.999424,0.086864,1.82,-2.17,1.12,-70
1786635784024,1533041,Thigh,stand,-0.047824,-1.001864,0.083448,1.96,-3.08,0.91,-70
1786635784024,1533059,Thigh,stand,-0.043432,-0.996984,0.081008,1.68,-3.78,0.7,-70
1786635784024,1533075,Thigh,stand,-0.044896,-0.997472,0.081984,1.4,-4.62,0.49,-70
1786635784024,1533092,Thigh,stand,-0.050264,-1.000888,0.089304,1.19,-4.76,0.35,-70
1786635784024,1533123,Thigh,stand,-0.052704,-0.998448,0.101504,1.33,-5.04,0.07,-70
1786635784024,1533140,Thigh,stand,-0.061488,-0.995032,0.103456,1.26,-4.76,-0.07,-70
1786635784024,1533157,Thigh,stand,-0.065392,-0.997472,0.101504,1.26,-5.11,-0.07,-70
1786635784024,1533174,Thigh,stand,-0.062952,-0.993568,0.098576,1.4,-5.53,-0.21,-70
1786635784024,1533191,Thigh,stand,-0.061,-0.994544,0.096624,1.05,-5.67,-0.35,-70
1786635784384,1533370,Thigh,stand,-0.055144,-0.997472,0.098088,1.19,-1.61,-0.63,-70
1786635784384,1533401,Thigh,stand,-0.041968,-0.998936,0.098088,1.33,-2.8,-0.14,-70
1786635784384,1533418,Thigh,stand,-0.035624,-1.0004,0.089304,1.4,-2.31,0,-70
1786635784384,1533435,Thigh,stand,-0.027328,-0.999912,0.087352,1.47,-1.82,-0.14,-70
1786635784384,1533451,Thigh,stand,-0.028792,-1.00284,0.083936,1.26,-1.12,-0.28,-70
1786635784384,1533482,Thigh,stand,-0.033672,-1.001376,0.088816,1.33,-1.12,-0.42,-70
1786635784384,1533499,Thigh,stand,-0.0366,-1.000888,0.089304,1.19,-0.98,-0.35,-70
1786635784384,1533516,Thigh,stand,-0.043432,-0.999912,0.090768,1.26,-0.84,-0.35,-70
1786635784384,1533533,Thigh,stand,-0.048312,-0.998448,0.095648,1.47,-0.84,-0.28,-70
1786635784384,1533550,Thigh,stand,-0.045872,-0.997472,0.098576,1.4,-1.26,-0.14,-70
1786635784746,1533728,Thigh,stand,-0.052216,-1.002352,0.08784,0.98,-0.63,-0.35,-70
1786635784746,1533759,Thigh,stand,-0.040504,-1.000888,0.079056,1.19,-0.21,-0.98,-70
1786635784746,1533776,Thigh,stand,-0.04148,-0.998936,0.08052,1.05,-0.21,-1.12,-70
1786635784746,1533793,Thigh,stand,-0.042944,-1.0004,0.090768,1.19,-0.49,-1.05,-70
1786635784746,1533810,Thigh,stand,-0.045384,-0.996496,0.10004,1.19,-0.98,-0.77,-70
1786635784746,1533840,Thigh,stand,-0.041968,-0.999424,0.094672,1.19,-1.33,-0.28,-70
1786635784746,1533857,Thigh,stand,-0.040992,-1.001376,0.088816,1.47,-1.12,-0.28,-70
1786635784746,1533874,Thigh,stand,-0.040992,-1.00284,0.082472,1.12,-1.4,-0.35,-70
1786635784746,1533891,Thigh,stand,-0.04148,-0.998936,0.078568,1.12,-1.61,-0.63,-70
1786635784746,1533908,Thigh,stand,-0.040016,-0.998448,0.079544,0.91,-2.17,-0.84,-70
1786635785102,1534086,Thigh,stand,-0.040504,-0.999912,0.092232,1.47,-2.17,-0.14,-71
1786635785102,1534118,Thigh,stand,-0.048312,-0.999424,0.090768,1.61,-2.8,0.14,-71
1786635785102,1534135,Thigh,stand,-0.046848,-0.998448,0.089792,1.47,-2.87,0.07,-71
1786635785102,1534152,Thigh,stand,-0.044408,-0.996496,0.092232,1.4,-3.01,0.14,-71
1786635785102,1534169,Thigh,stand,-0.045384,-1.001864,0.09028,1.05,-2.94,0,-71
1786635785102,1534199,Thigh,stand,-0.04392,-0.997472,0.091744,1.26,-2.66,-0.21,-71
1786635785102,1534215,Thigh,stand,-0.052216,-0.998448,0.089792,1.4,-2.73,-0.28,-71
1786635785102,1534232,Thigh,stand,-0.05368,-0.999424,0.092232,1.4,-3.43,-0.35,-71
1786635785102,1534249,Thigh,stand,-0.051728,-0.996984,0.094672,1.4,-3.92,-0.35,-71
1786635785102,1534266,Thigh,stand,-0.047824,-0.998936,0.095648,1.12,-4.13,-0.28,-71
1786635785461,1534444,Thigh,stand,-0.042944,-0.996984,0.09028,0.84,-3.15,-0.98,-71
1786635785461,1534475,Thigh,stand,-0.039528,-0.999912,0.083448,0.49,-3.29,-1.05,-71
1786635785461,1534492,Thigh,stand,-0.0366,-1.0004,0.093696,0.84,-3.57,-1.05,-71
1786635785461,1534509,Thigh,stand,-0.033184,-0.999912,0.096136,0.84,-3.22,-0.84,-71
1786635785461,1534526,Thigh,stand,-0.031232,-1.001376,0.0976,0.91,-2.8,-0.77,-71
1786635785461,1534557,Thigh,stand,-0.035136,-0.999912,0.093208,0.77,-2.24,-0.63,-71
1786635785461,1534574,Thigh,stand,-0.035136,-1.001864,0.089304,1.12,-2.59,-0.49,-71
1786635785461,1534591,Thigh,stand,-0.03416,-0.999424,0.087352,0.84,-2.38,-0.49,-71
1786635785461,1534607,Thigh,stand,-0.039528,-0.999912,0.089304,0.91,-2.1,-0.56,-71
1786635785461,1534624,Thigh,stand,-0.03904,-0.999912,0.090768,0.91,-1.75,-0.77,-71
1786635785845,1534803,Thigh,stand,-0.03904,-1.001376,0.093208,1.05,-0.84,-0.84,-71
1786635785845,1534834,Thigh,stand,-0.0488,-0.99796,0.094672,1.12,-1.89,-0.42,-71
1786635785845,1534851,Thigh,stand,-0.044408,-0.99796,0.08784,0.91,-2.38,-0.35,-71
1786635785845,1534868,Thigh,stand,-0.039528,-0.999424,0.081496,1.05,-2.52,-0.35,-71
1786635785845,1534885,Thigh,stand,-0.0366,-1.001376,0.080032,0.91,-3.15,-0.56,-71
1786635785845,1534916,Thigh,stand,-0.033184,-1.001864,0.081496,0.84,-3.15,-0.7,-71
1786635785845,1534933,Thigh,stand,-0.033672,-1.002352,0.0854,0.98,-2.87,-0.77,-71
1786635785845,1534950,Thigh,stand,-0.033672,-1.000888,0.086864,1.12,-2.73,-0.7,-71
1786635785845,1534967,Thigh,stand,-0.034648,-1.0004,0.088816,1.12,-2.8,-0.63,-71
1786635785845,1534996,Thigh,stand,-0.02684,-0.998448,0.090768,0.98,-2.59,-0.49,-71
1786635786239,1535174,Thigh,stand,-0.047336,-1.001376,0.086376,1.47,-3.78,-0.42,-63
1786635786239,1535205,Thigh,stand,-0.038552,-1.0004,0.076128,1.26,-4.97,-0.56,-63
1786635786239,1535222,Thigh,stand,-0.027328,-1.002352,0.079056,1.26,-5.04,-0.56,-63
1786635786239,1535239,Thigh,stand,-0.012688,-1.001864,0.087352,0.98,-4.76,-0.63,-63
1786635786239,1535256,Thigh,stand,-0.010248,-1.001864,0.092232,1.26,-3.43,-0.56,-63
1786635786239,1535287,Thigh,stand,-0.018056,-0.998936,0.098576,1.54,-1.33,-0.07,-63
1786635786239,1535304,Thigh,stand,-0.027816,-1.000888,0.091256,1.4,0,0.14,-63
1786635786239,1535321,Thigh,stand,-0.038552,-0.999424,0.08784,1.75,0,0.14,-63
1786635786239,1535338,Thigh,stand,-0.04392,-0.999424,0.086864,1.75,-0.35,0.14,-63
1786635786239,1535355,Thigh,stand,-0.047336,-0.999912,0.0854,1.82,-1.19,0.07,-63
1786635786620,1535532,Thigh,stand,-0.03172,-1.0004,0.085888,1.61,-1.61,-0.14,-63
1786635786620,1535563,Thigh,stand,-0.033672,-1.0004,0.08784,1.4,-1.4,-0.14,-63
1786635786620,1535580,Thigh,stand,-0.030256,-0.999424,0.088328,1.19,-1.82,0,-63
1786635786620,1535597,Thigh,stand,-0.031232,-0.999912,0.084912,1.33,-2.38,0.07,-63
1786635786620,1535614,Thigh,stand,-0.028792,-0.998936,0.089304,1.33,-2.24,0,-63
1786635786620,1535645,Thigh,stand,-0.03172,-1.000888,0.089304,1.33,-1.96,-0.07,-63
1786635786620,1535662,Thigh,stand,-0.03416,-1.0004,0.084912,1.4,-2.1,0,-63
1786635786620,1535679,Thigh,stand,-0.037088,-0.999912,0.08784,1.4,-2.38,0.07,-63
1786635786620,1535696,Thigh,stand,-0.037088,-1.001376,0.087352,1.33,-2.52,0.14,-63
1786635786620,1535713,Thigh,stand,-0.03416,-0.999912,0.089304,1.26,-2.45,0.14,-63
1786635786910,1535888,Thigh,stand,-0.038552,-0.999912,0.088816,1.4,-2.66,-0.07,-63
1786635786910,1535919,Thigh,stand,-0.038552,-0.999912,0.094184,1.12,-2.66,-0.07,-63
1786635786910,1535936,Thigh,stand,-0.035136,-1.0004,0.094184,1.4,-2.87,0,-63
1786635786910,1535954,Thigh,stand,-0.034648,-1.123376,0.089792,1.05,-2.52,-0.14,-63
1786635786910,1535971,Thigh,stand,-0.036112,-1.001864,0.09028,1.33,-2.24,-0.21,-63
1786635786910,1536002,Thigh,stand,-0.03904,-0.999424,0.09272,1.19,-1.82,-0.21,-63
1786635786910,1536019,Thigh,stand,-0.037576,-0.999912,0.09272,1.26,-2.24,-0.21,-63
1786635786910,1536036,Thigh,stand,-0.036112,-1.0004,0.090768,1.12,-2.38,-0.21,-63
1786635786910,1536053,Thigh,stand,-0.035624,-0.998936,0.08784,1.12,-2.52,-0.35,-63
1786635786910,1536070,Thigh,stand,-0.035624,-0.999912,0.086864,0.91,-2.66,-0.42,-63
1786635787271,1536247,Thigh,stand,-0.030744,-1.123864,0.08784,0.98,-2.73,-0.21,-63
1786635787271,1536278,Thigh,stand,-0.032696,-0.999912,0.083936,0.98,-2.87,-0.28,-63
1786635787271,1536295,Thigh,stand,-0.033184,-1.00284,0.084424,1.12,-3.08,-0.14,-63
1786635787271,1536312,Thigh,stand,-0.03172,-0.999912,0.087352,1.26,-3.08,-0.14,-63
1786635787271,1536330,Thigh,stand,-0.030744,-1.0004,0.088816,1.33,-2.8,-0.21,-63
1786635787271,1536350,Thigh,stand,-0.034648,-1.001376,0.085888,1.33,-2.45,-0.21,-63
1786635787271,1536381,Thigh,stand,-0.030744,-1.001376,0.086864,1.47,-2.31,-0.14,-63
1786635787271,1536398,Thigh,stand,-0.03416,-1.000888,0.0854,1.47,-2.59,0,-63
1786635787271,1536415,Thigh,stand,-0.03416,-1.000888,0.089792,1.54,-2.73,0,-63
1786635787271,1536432,Thigh,stand,-0.030744,-1.001376,0.0854,1.47,-3.15,0.07,-63
1786635787633,1536608,Thigh,stand,-0.033672,-1.0004,0.087352,1.47,-2.45,-0.07,-68
1786635787633,1536639,Thigh,stand,-0.038552,-0.999912,0.090768,1.54,-2.31,-0.07,-68
1786635787633,1536656,Thigh,stand,-0.041968,-0.998448,0.09272,1.54,-2.52,0.07,-68
1786635787633,1536673,Thigh,stand,-0.043432,-0.999424,0.093696,1.47,-2.87,0.14,-68
1786635787633,1536691,Thigh,stand,-0.040016,-0.99796,0.09516,1.4,-2.8,0.14,-68
1786635787633,1536722,Thigh,stand,-0.035624,-0.999424,0.091256,1.47,-2.52,0.07,-68
1786635787633,1536739,Thigh,stand,-0.035136,-0.999424,0.090768,1.19,-2.45,0.07,-68
1786635787633,1536756,Thigh,stand,-0.034648,-0.999912,0.089304,1.12,-2.31,0,-68
1786635787633,1536773,Thigh,stand,-0.035136,-0.998448,0.085888,1.33,-2.31,-0.14,-68
1786635787633,1536790,Thigh,stand,-0.035624,-0.998448,0.091744,1.33,-2.38,-0.21,-68
1786635787994,1536969,Thigh,stand,-0.025376,-1.001864,0.084912,1.47,-1.61,0.07,-67
1786635787994,1536999,Thigh,stand,-0.027816,-1.003816,0.083448,1.4,-1.54,0.14,-67
1786635787994,1537017,Thigh,stand,-0.020496,-1.004792,0.08052,1.68,-1.12,0.21,-67
1786635787994,1537033,Thigh,stand,-0.016592,-1.003328,0.08296,1.54,-0.42,0.21,-67
1786635787994,1537050,Thigh,stand,-0.015128,-0.999912,0.084424,1.75,-0.14,0.21,-67
1786635787994,1537081,Thigh,stand,-0.048312,-0.99552,0.093696,1.47,0.28,0.21,-67
1786635787994,1537098,Thigh,stand,-0.060512,-0.996984,0.098576,1.4,-0.7,0.14,-67
1786635787994,1537115,Thigh,stand,-0.071248,-1.003816,0.099064,1.19,-1.54,0.21,-67
1786635787994,1537132,Thigh,stand,-0.061488,-1.000888,0.0854,1.33,-3.15,-0.07,-67
1786635787994,1537149,Thigh,stand,-0.057584,-0.996008,0.074176,1.05,-4.34,-0.56,-67
1786635788349,1537327,Thigh,stand,-0.01952,-1.005768,0.083936,2.03,0,0.7,-67
1786635788349,1537357,Thigh,stand,-0.0366,-1.001376,0.071248,1.68,-1.61,0.7,-67
1786635788349,1537375,Thigh,stand,-0.021472,-1.0004,0.064416,1.12,-3.08,0.21,-67
1786635788349,1537391,Thigh,stand,-0.015616,-0.998936,0.064416,0.91,-2.52,-0.49,-67
1786635788349,1537408,Thigh,stand,-0.028792,-0.996984,0.077104,0.77,-2.45,-0.7,-67
1786635788349,1537439,Thigh,stand,-0.061,-1.001376,0.099552,0.7,-2.94,-0.63,-67
1786635788349,1537456,Thigh,stand,-0.069296,-0.998448,0.1098,1.19,-2.94,-0.35,-67
1786635788349,1537473,Thigh,stand,-0.066368,-0.996008,0.119072,1.12,-2.52,-0.28,-67
1786635788349,1537490,Thigh,stand,-0.067344,-0.995032,0.116632,1.68,-2.03,-0.14,-67
1786635788349,1537507,Thigh,stand,-0.066856,-0.996008,0.11468,1.61,-1.96,0.14,-67
1786635788708,1537684,Thigh,stand,-0.023424,-1.001376,0.0854,1.47,-2.73,0.42,-67
1786635788708,1537715,Thigh,stand,-0.01708,-1.001864,0.077104,1.89,-1.68,0.42,-67
1786635788708,1537732,Thigh,stand,-0.024888,-0.999424,0.079544,1.82,-1.68,0.49,-67
1786635788708,1537748,Thigh,stand,-0.035624,-1.00284,0.085888,1.96,-2.03,0.49,-67
1786635788708,1537765,Thigh,stand,-0.0366,-1.003328,0.08296,1.82,-3.08,0.7,-67
1786635788708,1537796,Thigh,stand,-0.035624,-1.0004,0.084912,1.75,-3.5,0.49,-67
1786635788708,1537813,Thigh,stand,-0.036112,-0.99796,0.095648,1.47,-3.5,0.28,-67
1786635788708,1537830,Thigh,stand,-0.035624,-0.998448,0.101016,1.47,-2.94,0.28,-67
1786635788708,1537847,Thigh,stand,-0.036112,-0.996984,0.108336,1.68,-2.17,0.56,-67
1786635788708,1537864,Thigh,stand,-0.038552,-0.997472,0.109312,1.54,-1.89,0.91,-67
1786635789067,1538041,Thigh,stand,-0.050264,-0.999424,0.09516,1.12,-2.17,-0.07,-68
1786635789067,1538072,Thigh,stand,-0.042944,-0.999912,0.094184,1.4,-3.01,0.28,-68
1786635789067,1538089,Thigh,stand,-0.03904,-0.999424,0.093208,1.47,-3.01,0.35,-68
1786635789067,1538106,Thigh,stand,-0.035136,-0.998448,0.091256,1.54,-2.38,0.14,-68
1786635789067,1538123,Thigh,stand,-0.035136,-0.999424,0.088816,1.4,-2.45,0.07,-68
1786635789067,1538153,Thigh,stand,-0.03904,-0.99796,0.094184,1.47,-2.17,0.14,-68
1786635789067,1538170,Thigh,stand,-0.038552,-1.0004,0.10004,1.33,-2.52,0.28,-68
1786635789067,1538187,Thigh,stand,-0.038552,-0.998936,0.094672,1.33,-3.15,0.49,-68
1786635789067,1538204,Thigh,stand,-0.038552,-0.998936,0.091744,1.33,-2.87,0.56,-68
1786635789067,1538221,Thigh,stand,-0.037088,-0.998448,0.094184,1.33,-2.31,0.35,-68
1786635789457,1538399,Thigh,stand,-0.04636,-0.99796,0.093208,1.54,-2.1,-0.07,-68
1786635789457,1538430,Thigh,stand,-0.045872,-0.998448,0.093208,1.33,-2.31,-0.14,-68
1786635789457,1538447,Thigh,stand,-0.04148,-0.997472,0.094672,1.19,-3.01,-0.07,-68
1786635789457,1538464,Thigh,stand,-0.040016,-1.0004,0.098088,1.12,-3.36,-0.14,-68
1786635789457,1538481,Thigh,stand,-0.040016,-0.999424,0.096624,0.84,-3.22,-0.14,-68
1786635789457,1538512,Thigh,stand,-0.040016,-0.998448,0.093696,1.33,-2.8,-0.42,-68
1786635789457,1538529,Thigh,stand,-0.040504,-0.997472,0.09272,1.12,-2.24,-0.49,-68
1786635789457,1538545,Thigh,stand,-0.045384,-0.998448,0.09272,1.19,-2.24,-0.42,-68
1786635789457,1538562,Thigh,stand,-0.045872,-0.99796,0.096624,1.33,-2.38,-0.28,-68
1786635789457,1538579,Thigh,stand,-0.042944,-0.998936,0.096136,1.4,-2.59,-0.21,-68
1786635789788,1538758,Thigh,stand,-0.040016,-1.0004,0.09272,1.12,-3.22,-0.49,-68
1786635789788,1538789,Thigh,stand,-0.0366,-0.998448,0.091744,1.26,-2.31,-0.56,-68
1786635789788,1538806,Thigh,stand,-0.0366,-0.999912,0.09272,1.33,-2.24,-0.42,-68
1786635789788,1538823,Thigh,stand,-0.040016,-0.999424,0.093208,1.26,-2.1,-0.28,-68
1786635789788,1538840,Thigh,stand,-0.040992,-0.998448,0.093696,1.33,-1.89,-0.28,-68
1786635789788,1538871,Thigh,stand,-0.040504,-0.998936,0.091256,1.19,-2.24,-0.21,-68
1786635789788,1538888,Thigh,stand,-0.040504,-1.0004,0.09272,0.98,-2.66,-0.28,-68
1786635789788,1538905,Thigh,stand,-0.04148,-1.001864,0.092232,0.98,-2.8,-0.28,-68
1786635789788,1538922,Thigh,stand,-0.040016,-0.999912,0.089792,1.19,-2.73,-0.35,-68
1786635789788,1538938,Thigh,stand,-0.041968,-0.999424,0.089792,1.26,-2.8,-0.35,-68
1786635790146,1539116,Thigh,stand,-0.03416,-0.998448,0.087352,1.26,-2.59,-0.35,-67
1786635790146,1539148,Thigh,stand,-0.038552,-1.0004,0.089304,1.4,-2.31,-0.49,-67
1786635790146,1539165,Thigh,stand,-0.039528,-0.998936,0.094672,1.26,-2.73,-0.21,-67
1786635790146,1539182,Thigh,stand,-0.03904,-0.999912,0.09272,1.4,-2.8,-0.07,-67
1786635790146,1539199,Thigh,stand,-0.037576,-0.998936,0.093208,1.47,-2.52,-0.14,-67
1786635790146,1539230,Thigh,stand,-0.03904,-1.0004,0.090768,1.19,-2.38,-0.21,-67
1786635790146,1539247,Thigh,stand,-0.038064,-1.0004,0.09028,1.33,-2.73,-0.21,-67
1786635790146,1539264,Thigh,stand,-0.036112,-0.998936,0.090768,1.19,-2.66,-0.21,-67
1786635790146,1539281,Thigh,stand,-0.037576,-0.999912,0.091744,1.33,-2.17,-0.28,-67
1786635790146,1539298,Thigh,stand,-0.04148,-0.999912,0.094672,1.4,-2.38,-0.14,-67
1786635790507,1539475,Thigh,stand,-0.040992,-0.999424,0.09028,1.26,-1.68,-0.35,-67
1786635790507,1539506,Thigh,stand,-0.039528,-1.001376,0.090768,1.26,-2.03,-0.49,-67
1786635790507,1539523,Thigh,stand,-0.039528,-0.998448,0.090768,1.19,-2.1,-0.56,-67
1786635790507,1539540,Thigh,stand,-0.040016,-1.0004,0.089792,1.19,-2.31,-0.7,-67
1786635790507,1539557,Thigh,stand,-0.040016,-0.999424,0.09272,1.26,-2.38,-0.63,-67
1786635790507,1539588,Thigh,stand,-0.040016,-0.998936,0.095648,1.33,-2.17,-0.56,-67
1786635790507,1539605,Thigh,stand,-0.03904,-0.998448,0.09516,1.19,-1.89,-0.56,-67
1786635790507,1539622,Thigh,stand,-0.042944,-0.998448,0.091744,1.33,-2.1,-0.56,-67
1786635790507,1539639,Thigh,stand,-0.038064,-0.99796,0.091256,0.84,-2.03,-0.49,-67
1786635790507,1539656,Thigh,stand,-0.037088,-0.998936,0.092232,0.98,-2.24,-0.63,-67
1786635790866,1539834,Thigh,stand,-0.036112,-1.000888,0.09516,1.12,-3.29,-0.35,-67
1786635790866,1539865,Thigh,stand,-0.03416,-0.998448,0.09028,0.98,-3.29,-0.21,-67
1786635790866,1539882,Thigh,stand,-0.030744,-0.999424,0.089304,1.12,-2.87,-0.21,-67
1786635790866,1539899,Thigh,stand,-0.033672,-0.999424,0.089304,1.05,-2.73,-0.42,-67
1786635790866,1539916,Thigh,stand,-0.0366,-0.999424,0.089304,1.19,-2.73,-0.42,-67
1786635790866,1539947,Thigh,stand,-0.032208,-0.998936,0.089792,0.98,-2.94,-0.28,-67
1786635790866,1539964,Thigh,stand,-0.033672,-1.0004,0.091256,0.98,-2.87,-0.28,-67
1786635790866,1539981,Thigh,stand,-0.035136,-1.0004,0.09272,1.19,-3.08,-0.21,-67
1786635790866,1539998,Thigh,stand,-0.029768,-1.0004,0.089304,0.84,-3.22,-0.21,-67
1786635790866,1540015,Thigh,stand,-0.031232,-1.000888,0.087352,0.98,-2.8,-0.21,-67
1786635791257,1540192,Thigh,stand,-0.035624,-0.999424,0.087352,1.05,-2.1,0,-67
1786635791257,1540223,Thigh,stand,-0.0366,-0.999424,0.088328,1.05,-2.52,-0.07,-67
1786635791257,1540240,Thigh,stand,-0.038552,-1.0004,0.088816,1.26,-2.87,-0.07,-67
1786635791257,1540257,Thigh,stand,-0.037088,-0.999912,0.088816,1.19,-2.87,0,-67
1786635791257,1540274,Thigh,stand,-0.033184,-0.999912,0.090768,1.26,-2.8,0.07,-67
1786635791257,1540305,Thigh,stand,-0.033672,-1.001864,0.089304,1.4,-2.24,0,-67
1786635791257,1540322,Thigh,stand,-0.035136,-0.999912,0.087352,1.33,-2.38,0,-67
1786635791257,1540339,Thigh,stand,-0.035136,-1.000888,0.08784,1.4,-2.38,0,-67
1786635791257,1540356,Thigh,stand,-0.038064,-0.999912,0.089792,1.47,-2.59,0,-67
1786635791257,1540373,Thigh,stand,-0.037088,-0.998448,0.090768,1.26,-2.87,0.07,-67
1786635791643,1540548,Thigh,stand,-0.033672,-1.001864,0.091744,1.19,-2.45,0,-68
1786635791643,1540580,Thigh,stand,-0.035136,-1.000888,0.09272,1.33,-1.82,-0.14,-68
1786635791643,1540597,Thigh,stand,-0.030744,-0.999912,0.091256,1.33,-1.89,-0.07,-68
1786635791643,1540614,Thigh,stand,-0.03172,-0.999424,0.089304,1.61,-1.68,-0.07,-68
1786635791643,1540631,Thigh,stand,-0.040992,-0.997472,0.086376,1.4,-1.89,-0.35,-68
1786635791643,1540662,Thigh,stand,-0.051728,-0.998448,0.09028,1.05,-2.87,-0.49,-68
1786635791643,1540679,Thigh,stand,-0.048312,-0.99796,0.099552,1.19,-3.57,-0.14,-68
1786635791643,1540696,Thigh,stand,-0.044896,-1.0004,0.097112,1.54,-3.78,0.21,-68
1786635791643,1540713,Thigh,stand,-0.0366,-1.0004,0.093696,1.33,-3.78,0.21,-68
1786635791643,1540730,Thigh,stand,-0.02928,-1.000888,0.08296,1.4,-3.15,0.07,-68
1786635791940,1540908,Thigh,stand,-0.040992,-1.000888,0.08296,1.54,-1.96,0.35,-68
1786635791940,1540938,Thigh,stand,-0.038552,-1.001376,0.084912,1.61,-2.59,0,-68
1786635791940,1540956,Thigh,stand,-0.03172,-0.999424,0.086376,1.26,-2.94,-0.14,-68
1786635791940,1540973,Thigh,stand,-0.031232,-1.000888,0.084424,1.19,-2.73,-0.28,-68
1786635791940,1540990,Thigh,stand,-0.034648,-0.996496,0.092232,1.4,-2.73,0,-68
1786635791940,1541021,Thigh,stand,-0.033672,-1.000888,0.09272,1.54,-2.8,0.56,-68
1786635791940,1541038,Thigh,stand,-0.038064,-1.0004,0.086864,1.54,-2.66,0.63,-68
1786635791940,1541055,Thigh,stand,-0.04148,-1.0004,0.083936,1.4,-2.38,0.14,-68
1786635791940,1541072,Thigh,stand,-0.04636,-1.001376,0.080032,1.26,-2.59,-0.14,-68
1786635791940,1541089,Thigh,stand,-0.046848,-1.001864,0.081496,1.26,-2.73,-0.49,-68
1786635792303,1541267,Thigh,stand,-0.01952,-1.00284,0.0854,1.61,-2.59,0.07,-68
1786635792303,1541297,Thigh,stand,-0.035624,-0.998936,0.0854,1.19,-1.75,-0.42,-68
1786635792303,1541314,Thigh,stand,-0.04392,-0.998936,0.089304,1.05,-2.03,-0.56,-68
1786635792303,1541331,Thigh,stand,-0.045872,-0.998448,0.09516,0.91,-3.08,-0.14,-68
1786635792303,1541348,Thigh,stand,-0.046848,-1.001376,0.097112,1.33,-2.94,0.07,-68
1786635792303,1541379,Thigh,stand,-0.044896,-0.998448,0.094184,1.4,-2.17,-0.07,-68
1786635792303,1541396,Thigh,stand,-0.045384,-0.998936,0.091256,1.54,-1.89,-0.07,-68
1786635792303,1541413,Thigh,stand,-0.040992,-0.999912,0.086864,1.75,-1.96,0.07,-68
1786635792303,1541430,Thigh,stand,-0.034648,-0.998936,0.086864,1.75,-1.96,0.14,-68
1786635792303,1541447,Thigh,stand,-0.026352,-1.002352,0.090768,1.96,-1.61,0.21,-68
1786635792659,1541626,Thigh,stand,-0.035624,-1.00284,0.09516,1.68,-3.15,0.77,-70
1786635792659,1541656,Thigh,stand,-0.016104,-1.001376,0.091744,1.75,-2.8,1.19,-70
1786635792659,1541673,Thigh,stand,-0.008296,-1.003328,0.08784,1.61,-1.68,1.33,-70
1786635792659,1541690,Thigh,stand,-0.010736,-1.00284,0.083448,1.68,-0.63,1.05,-70
1786635792659,1541708,Thigh,stand,-0.016104,-1.001376,0.084424,1.47,0.14,0.63,-70
1786635792659,1541738,Thigh,stand,-0.050264,-0.999912,0.093696,1.54,-0.35,0.56,-70
1786635792659,1541755,Thigh,stand,-0.054168,-0.99796,0.096624,1.47,-1.33,0.7,-70
1786635792659,1541772,Thigh,stand,-0.060512,-0.997472,0.101992,1.47,-1.75,0.84,-70
1786635792659,1541789,Thigh,stand,-0.057584,-0.995032,0.098576,1.19,-2.03,0.84,-70
1786635792659,1541806,Thigh,stand,-0.05612,-0.998936,0.089304,1.54,-2.1,0.77,-70
1786635793020,1541984,Thigh,stand,-0.040992,-1.0004,0.094184,1.47,-2.24,0.84,-70
1786635793020,1542015,Thigh,stand,-0.03904,-0.998448,0.089792,1.33,-1.96,0.63,-70
1786635793020,1542032,Thigh,stand,-0.055144,-0.996984,0.089792,1.12,-1.68,0.42,-70
1786635793020,1542049,Thigh,stand,-0.058072,-0.996496,0.092232,1.33,-3.15,0.49,-70
1786635793020,1542065,Thigh,stand,-0.05612,-0.998448,0.100528,1.19,-3.57,0.56,-70
1786635793020,1542096,Thigh,stand,-0.054656,-0.998936,0.095648,1.12,-3.57,0.42,-70
1786635793020,1542113,Thigh,stand,-0.056608,-0.997472,0.093208,1.26,-3.5,0.21,-70
1786635793020,1542130,Thigh,stand,-0.05368,-0.996008,0.092232,1.19,-3.99,0.35,-70
1786635793020,1542147,Thigh,stand,-0.05124,-1.0004,0.093696,1.26,-4.27,0.35,-70
1786635793020,1542164,Thigh,stand,-0.04148,-0.998936,0.091744,1.4,-3.92,0.56,-70
1786635793378,1542342,Thigh,stand,-0.047824,-1.001864,0.094672,1.4,-2.73,-0.07,-70
1786635793378,1542373,Thigh,stand,-0.04636,-0.998448,0.089792,1.19,-2.73,-0.21,-70
1786635793378,1542390,Thigh,stand,-0.044896,-0.99796,0.091744,1.05,-2.38,-0.42,-70
1786635793378,1542407,Thigh,stand,-0.044896,-0.999912,0.09272,1.12,-2.31,-0.42,-70
1786635793378,1542424,Thigh,stand,-0.045872,-0.998936,0.096624,0.98,-2.03,-0.42,-70
1786635793378,1542454,Thigh,stand,-0.05368,-0.999912,0.097112,1.26,-1.82,-0.35,-70
1786635793378,1542471,Thigh,stand,-0.04636,-0.998936,0.094672,1.33,-2.1,-0.28,-70
1786635793378,1542488,Thigh,stand,-0.04392,-0.99796,0.093208,1.33,-1.54,-0.21,-70
1786635793378,1542505,Thigh,stand,-0.04392,-0.999424,0.09272,1.33,-1.05,-0.28,-70
1786635793378,1542522,Thigh,stand,-0.0488,-0.998936,0.09272,1.19,-1.4,-0.35,-70
1786635793797,1542755,Thigh,stand,-0.047824,-0.999912,0.092232,1.33,-2.1,-0.7,-68
1786635793797,1542787,Thigh,stand,-0.042944,-0.999912,0.090768,1.26,-2.38,-0.56,-68
1786635793797,1542804,Thigh,stand,-0.04148,-0.999424,0.089792,1.26,-2.59,-0.63,-68
1786635793797,1542821,Thigh,stand,-0.040504,-1.0004,0.089792,1.05,-2.73,-0.56,-68
1786635793797,1542838,Thigh,stand,-0.041968,-1.000888,0.091256,1.26,-2.73,-0.56,-68
1786635793797,1542856,Thigh,stand,-0.042944,-1.001376,0.090768,1.26,-2.73,-0.49,-68
1786635793797,1542887,Thigh,stand,-0.039528,-0.999424,0.089304,1.54,-2.52,-0.49,-68
1786635793797,1542904,Thigh,stand,-0.040504,-0.999912,0.08784,1.33,-2.52,-0.56,-68
1786635793797,1542921,Thigh,stand,-0.040504,-1.001376,0.086864,1.26,-2.8,-0.7,-68
1786635793797,1542938,Thigh,stand,-0.038552,-1.00284,0.087352,1.33,-3.08,-0.63,-68
1786635794156,1543117,Thigh,stand,-0.044408,-0.998936,0.091744,1.47,-2.31,-0.21,-68
1786635794156,1543148,Thigh,stand,-0.04148,-0.999424,0.089304,1.19,-3.22,0,-68
1786635794156,1543165,Thigh,stand,-0.039528,-1.000888,0.092232,1.33,-3.01,0,-68
1786635794156,1543182,Thigh,stand,-0.0366,-0.998448,0.094184,1.4,-2.94,0.07,-68
1786635794156,1543199,Thigh,stand,-0.035136,-0.999912,0.09272,1.12,-2.52,0.14,-68
1786635794156,1543229,Thigh,stand,-0.04148,-0.998448,0.092232,1.12,-1.75,0,-68
1786635794156,1543246,Thigh,stand,-0.044408,-1.000888,0.091256,1.26,-1.89,-0.07,-68
1786635794156,1543263,Thigh,stand,-0.046848,-0.999424,0.092232,1.33,-2.17,0,-68
1786635794156,1543280,Thigh,stand,-0.04636,-0.999424,0.094672,1.26,-2.1,-0.07,-68
1786635794156,1543297,Thigh,stand,-0.047824,-1.000888,0.095648,1.33,-1.96,-0.21,-68
1786635794518,1543475,Thigh,stand,-0.040016,-1.0004,0.088816,1.19,-2.66,-0.21,-68
1786635794518,1543506,Thigh,stand,-0.038552,-1.0004,0.092232,1.26,-2.38,-0.07,-68
1786635794518,1543523,Thigh,stand,-0.04148,-1.0004,0.089792,1.26,-2.31,-0.07,-68
1786635794518,1543540,Thigh,stand,-0.040504,-1.0004,0.084912,1.33,-2.31,-0.14,-68
1786635794518,1543557,Thigh,stand,-0.044896,-0.99796,0.087352,1.26,-2.1,-0.21,-68
1786635794518,1543588,Thigh,stand,-0.046848,-1.0004,0.094672,1.19,-2.52,-0.21,-68
1786635794518,1543605,Thigh,stand,-0.046848,-0.998936,0.09516,1.4,-2.52,-0.21,-68
1786635794518,1543621,Thigh,stand,-0.046848,-0.997472,0.093696,1.26,-2.45,-0.28,-68
1786635794518,1543638,Thigh,stand,-0.04636,-0.998936,0.093696,1.33,-2.17,-0.35,-68
1786635794518,1543656,Thigh,stand,-0.047336,-0.998936,0.093208,1.4,-2.31,-0.35,-68
1786635794873,1543833,Thigh,stand,-0.040504,-0.998448,0.091256,1.26,-2.52,-0.42,-65
1786635794873,1543864,Thigh,stand,-0.038064,-0.998448,0.093208,1.19,-2.31,-0.42,-65
1786635794873,1543881,Thigh,stand,-0.040992,-1.0004,0.093696,1.19,-2.24,-0.35,-65
1786635794873,1543898,Thigh,stand,-0.04148,-0.998448,0.092232,0.98,-2.8,-0.21,-65
1786635794873,1543915,Thigh,stand,-0.042456,-0.998448,0.093696,0.98,-2.8,-0.21,-65
1786635794873,1543946,Thigh,stand,-0.042944,-0.999912,0.094184,1.26,-2.45,-0.35,-65
1786635794873,1543963,Thigh,stand,-0.04392,-0.998936,0.091744,1.19,-2.59,-0.35,-65
1786635794873,1543980,Thigh,stand,-0.042944,-0.998936,0.09028,1.33,-2.73,-0.21,-65
1786635794873,1543997,Thigh,stand,-0.04148,-0.997472,0.09028,1.19,-2.59,-0.21,-65
1786635794873,1544014,Thigh,stand,-0.043432,-1.000888,0.088816,1.26,-2.66,-0.28,-65
1786635795233,1544192,Thigh,stand,-0.03904,-1.001864,0.08784,1.47,-3.29,0,-65
1786635795233,1544223,Thigh,stand,-0.031232,-1.000888,0.088816,1.4,-3.22,0.07,-65
1786635795233,1544240,Thigh,stand,-0.030744,-0.999424,0.084424,1.54,-3.08,0.07,-65
1786635795233,1544257,Thigh,stand,-0.035136,-0.99796,0.08784,1.26,-2.8,0.07,-65
1786635795233,1544274,Thigh,stand,-0.03904,-0.999912,0.088328,1.19,-3.43,0.14,-65
1786635795233,1544305,Thigh,stand,-0.049288,-1.0004,0.091744,1.47,-4.62,0.07,-65
1786635795233,1544322,Thigh,stand,-0.050752,-0.99796,0.091256,1.19,-4.62,0.07,-65
1786635795233,1544339,Thigh,stand,-0.050264,-0.998936,0.092232,1.19,-4.55,0,-65
1786635795233,1544356,Thigh,stand,-0.050264,-0.996496,0.095648,1.26,-4.48,0.07,-65
1786635795233,1544373,Thigh,stand,-0.054168,-0.997472,0.10004,1.26,-4.97,0.21,-65
1786635795594,1544549,Thigh,stand,-0.028304,-0.999912,0.101504,0.7,-1.82,0.42,-57
1786635795594,1544580,Thigh,stand,-0.042944,-1.000888,0.096136,0.91,-0.77,1.05,-57
1786635795594,1544597,Thigh,stand,-0.040016,-0.999912,0.088816,1.19,-0.07,1.33,-57
1786635795594,1544614,Thigh,stand,-0.037088,-0.999912,0.084424,1.26,0.7,1.4,-57
1786635795594,1544631,Thigh,stand,-0.037088,-1.003328,0.082472,1.47,1.19,1.26,-57
1786635795594,1544662,Thigh,stand,-0.04392,-1.0004,0.068808,1.68,0.91,0.91,-57
1786635795594,1544679,Thigh,stand,-0.03904,-0.999912,0.066368,1.54,0.42,0.91,-57
1786635795594,1544696,Thigh,stand,-0.045872,-0.999424,0.062464,1.4,0.35,0.77,-57
1786635795594,1544713,Thigh,stand,-0.052704,-0.997472,0.069784,1.61,-0.91,0.77,-57
1786635795594,1544730,Thigh,stand,-0.052704,-0.996984,0.081496,1.54,-1.75,0.77,-57
1786635795952,1544907,Thigh,stand,-0.084912,-0.996984,0.08784,2.73,2.87,-0.35,-58
1786635795952,1544938,Thigh,stand,-0.10248,-0.99308,0.08296,2.94,-0.28,-0.42,-58
1786635795952,1544955,Thigh,stand,-0.09516,-0.99308,0.086864,2.73,-1.68,-0.49,-58
1786635795952,1544973,Thigh,stand,-0.083448,-0.992592,0.086864,2.59,-2.66,-0.56,-58
1786635795952,1544990,Thigh,stand,-0.071736,-0.996496,0.092232,2.66,-3.15,-0.63,-58
1786635795952,1545021,Thigh,stand,-0.045872,-0.996008,0.103456,2.73,-3.43,-0.84,-58
1786635795952,1545038,Thigh,stand,-0.037088,-0.998448,0.10492,2.52,-3.08,-0.91,-58
1786635795952,1545055,Thigh,stand,-0.035136,-1.003816,0.10248,2.52,-2.24,-1.05,-58
1786635795952,1545072,Thigh,stand,-0.030744,-1.007232,0.098088,2.03,-1.96,-1.19,-58
1786635795952,1545089,Thigh,stand,-0.02684,-1.000888,0.09272,2.24,-1.89,-1.26,-58
1786635796310,1545266,Thigh,stand,-0.040992,-0.998448,0.099552,1.54,-2.52,-0.07,-58
1786635796310,1545297,Thigh,stand,-0.045384,-0.99796,0.101504,1.12,-3.01,-0.07,-58
1786635796310,1545314,Thigh,stand,-0.049776,-0.998448,0.101016,1.19,-3.5,0,-58
1786635796310,1545331,Thigh,stand,-0.052704,-0.997472,0.101504,1.12,-3.36,0,-58
1786635796310,1545348,Thigh,stand,-0.055632,-0.996496,0.10248,1.33,-3.15,0.21,-58
1786635796310,1545379,Thigh,stand,-0.054168,-0.999912,0.10248,1.4,-3.57,0.56,-58
1786635796310,1545396,Thigh,stand,-0.052216,-0.996984,0.10004,1.4,-3.64,0.63,-58
1786635796310,1545413,Thigh,stand,-0.047824,-0.998448,0.094184,1.33,-3.99,0.49,-58
1786635796310,1545430,Thigh,stand,-0.040016,-1.0004,0.096624,1.19,-4.69,0.49,-58
1786635796310,1545447,Thigh,stand,-0.036112,-1.0004,0.096136,1.12,-4.69,0.49,-58
1786635796676,1545623,Thigh,stand,-0.068808,-0.998936,0.099064,1.26,-4.69,0.49,-58
1786635796676,1545654,Thigh,stand,-0.048312,-0.999424,0.096136,1.33,-3.92,0.35,-58
1786635796676,1545671,Thigh,stand,-0.042944,-0.99796,0.094184,1.33,-3.64,0.28,-58
1786635796676,1545688,Thigh,stand,-0.042944,-0.997472,0.096624,1.33,-3.29,0.14,-58
1786635796676,1545705,Thigh,stand,-0.051728,-0.999912,0.096624,1.26,-3.15,0.07,-58
1786635796676,1545736,Thigh,stand,-0.055632,-1.003328,0.10004,1.33,-4.13,0,-58
1786635796676,1545753,Thigh,stand,-0.052704,-0.996496,0.0976,1.4,-3.92,-0.14,-58
1786635796676,1545770,Thigh,stand,-0.052704,-0.997472,0.10004,1.26,-3.29,-0.21,-58
1786635796676,1545787,Thigh,stand,-0.049776,-0.998448,0.100528,1.47,-2.73,-0.21,-58
1786635796676,1545804,Thigh,stand,-0.0488,-0.996496,0.099552,1.61,-2.45,-0.14,-58
1786635797042,1545982,Thigh,stand,-0.042456,-0.998448,0.0976,1.33,-3.92,-0.14,-58
1786635797042,1546012,Thigh,stand,-0.038552,-0.999424,0.097112,1.26,-3.64,0,-58
1786635797042,1546029,Thigh,stand,-0.033184,-1.000888,0.094672,1.4,-2.94,-0.07,-58
1786635797042,1546046,Thigh,stand,-0.033184,-1.000888,0.095648,1.68,-2.17,-0.07,-58
1786635797042,1546063,Thigh,stand,-0.032208,-1.0004,0.10004,1.68,-1.68,0.07,-58
1786635797042,1546094,Thigh,stand,-0.038064,-1.000888,0.098088,1.61,-0.49,-0.07,-58
1786635797042,1546111,Thigh,stand,-0.040992,-0.998448,0.0976,1.54,0,-0.14,-58
1786635797042,1546128,Thigh,stand,-0.046848,-0.998936,0.101016,1.47,-0.49,-0.21,-58
1786635797042,1546145,Thigh,stand,-0.053192,-0.996984,0.101992,1.26,-0.63,-0.21,-58
1786635797042,1546162,Thigh,stand,-0.058072,-0.999424,0.10248,1.19,-0.84,-0.28,-58
1786635797436,1546340,Thigh,stand,-0.05124,-0.99796,0.099064,0.91,-1.89,-1.47,-54
1786635797436,1546370,Thigh,stand,-0.057584,-0.998448,0.105896,0.98,-2.03,-1.47,-54
1786635797436,1546387,Thigh,stand,-0.055632,-0.99796,0.105408,0.91,-2.24,-1.33,-54
1786635797436,1546404,Thigh,stand,-0.049776,-0.998936,0.100528,0.63,-2.38,-1.26,-54
1786635797436,1546421,Thigh,stand,-0.047336,-0.998936,0.098088,0.91,-2.1,-1.33,-54
1786635797436,1546452,Thigh,stand,-0.04392,-0.999424,0.0976,0.56,-2.17,-1.54,-54
1786635797436,1546469,Thigh,stand,-0.045872,-0.999912,0.097112,0.56,-2.45,-1.54,-54
1786635797436,1546486,Thigh,stand,-0.04636,-1.001864,0.0976,0.77,-2.45,-1.68,-54
1786635797436,1546503,Thigh,stand,-0.044408,-0.995032,0.0976,0.77,-2.87,-1.61,-54
1786635797436,1546520,Thigh,stand,-0.042944,-0.996008,0.101016,0.7,-3.22,-1.4,-54
1786635797829,1546698,Thigh,stand,-0.040016,-0.999424,0.101992,0.56,-2.45,-1.33,-54
1786635797829,1546729,Thigh,stand,-0.039528,-0.99796,0.103456,0.7,-2.66,-1.05,-54
1786635797829,1546745,Thigh,stand,-0.044408,-0.998936,0.100528,0.42,-3.01,-0.77,-54
1786635797829,1546762,Thigh,stand,-0.042944,-1.0004,0.094184,0.35,-2.8,-0.63,-54
1786635797829,1546779,Thigh,stand,-0.040504,-0.999424,0.093696,0.21,-2.45,-0.77,-54
1786635797829,1546810,Thigh,stand,-0.044408,-0.998936,0.0976,0.63,-2.8,-0.98,-54
1786635797829,1546827,Thigh,stand,-0.045384,-0.998936,0.096624,0.63,-2.94,-0.91,-54
1786635797829,1546844,Thigh,stand,-0.040016,-0.99796,0.096624,0.63,-3.08,-0.84,-54
1786635797829,1546861,Thigh,stand,-0.036112,-0.997472,0.093696,0.77,-3.01,-0.7,-54
1786635797829,1546878,Thigh,stand,-0.038552,-1.00284,0.093696,0.84,-2.59,-0.63,-54
1786635798108,1547057,Thigh,stand,-0.035624,-1.0004,0.092232,1.05,-3.15,-0.56,-54
1786635798108,1547088,Thigh,stand,-0.028792,-1.000888,0.088816,1.12,-3.08,-0.49,-54
1786635798108,1547105,Thigh,stand,-0.030256,-0.999912,0.089792,1.26,-2.8,-0.49,-54
1786635798108,1547122,Thigh,stand,-0.032696,-0.999912,0.090768,1.26,-2.38,-0.63,-54
1786635798108,1547139,Thigh,stand,-0.037576,-0.999424,0.093696,1.33,-2.59,-0.49,-54
1786635798108,1547170,Thigh,stand,-0.032208,-0.998936,0.09516,1.19,-2.31,-0.35,-54
1786635798108,1547187,Thigh,stand,-0.033184,-0.999912,0.096136,1.05,-2.1,-0.42,-54
1786635798108,1547204,Thigh,stand,-0.035624,-1.0004,0.098576,1.19,-2.17,-0.42,-54
1786635798108,1547221,Thigh,stand,-0.034648,-0.999424,0.097112,1.05,-1.75,-0.63,-54
1786635798108,1547238,Thigh,stand,-0.035624,-0.998448,0.092232,1.33,-2.03,-0.49,-54
1786635798468,1547417,Thigh,stand,-0.030256,-0.999912,0.0854,0.98,-3.43,-0.35,-57
1786635798468,1547448,Thigh,stand,-0.02928,-0.999912,0.084912,0.98,-2.73,-0.49,-57
1786635798468,1547465,Thigh,stand,-0.033184,-0.999912,0.092232,0.91,-2.94,-0.56,-57
1786635798468,1547482,Thigh,stand,-0.0366,-0.999912,0.0976,1.12,-2.87,-0.49,-57
1786635798468,1547499,Thigh,stand,-0.038552,-0.997472,0.096624,1.12,-2.8,-0.42,-57
1786635798468,1547529,Thigh,stand,-0.031232,-0.998448,0.093208,1.19,-2.52,-0.21,-57
1786635798468,1547546,Thigh,stand,-0.02928,-0.999424,0.09272,1.12,-2.17,-0.35,-57
1786635798468,1547563,Thigh,stand,-0.030744,-0.999424,0.092232,1.4,-1.82,-0.42,-57
1786635798468,1547580,Thigh,stand,-0.035624,-1.0004,0.095648,1.4,-1.89,-0.35,-57
1786635798468,1547597,Thigh,stand,-0.033672,-0.997472,0.096136,1.12,-2.24,-0.14,-57
1786635798828,1547776,Thigh,stand,-0.03416,-0.996984,0.09272,0.91,-2.38,-0.21,-54
1786635798828,1547808,Thigh,stand,-0.032208,-0.999912,0.090768,1.05,-2.24,-0.35,-54
1786635798828,1547825,Thigh,stand,-0.032208,-1.000888,0.090768,0.98,-2.17,-0.35,-54
1786635798828,1547842,Thigh,stand,-0.03172,-1.124352,0.0854,0.84,-2.52,-0.28,-54
1786635798828,1547859,Thigh,stand,-0.02928,-1.002352,0.086376,0.98,-2.52,-0.35,-54
1786635798828,1547890,Thigh,stand,-0.029768,-1.0004,0.090768,1.05,-1.89,-0.42,-54
1786635798828,1547906,Thigh,stand,-0.030744,-0.999424,0.09028,1.05,-1.89,-0.35,-54
1786635798828,1547923,Thigh,stand,-0.034648,-1.0004,0.091256,1.05,-2.03,-0.28,-54
1786635798828,1547940,Thigh,stand,-0.03172,-1.000888,0.094672,1.33,-1.89,-0.14,-54
1786635798828,1547957,Thigh,stand,-0.028304,-1.000888,0.089792,1.19,-1.54,-0.14,-54
1786635799185,1548136,Thigh,stand,-0.03172,-1.0004,0.094672,1.19,-2.45,-0.07,-54
1786635799185,1548167,Thigh,stand,-0.033184,-0.999912,0.09272,1.19,-2.59,0.07,-54
1786635799185,1548184,Thigh,stand,-0.032696,-0.999424,0.089792,1.12,-2.52,0.14,-54
1786635799185,1548202,Thigh,stand,-0.032696,-1.0004,0.088816,1.26,-2.38,0,-54
1786635799185,1548219,Thigh,stand,-0.03172,-1.001376,0.090768,1.4,-2.31,0,-54
1786635799185,1548250,Thigh,stand,-0.0366,-1.000888,0.089304,1.12,-2.24,0,-54
1786635799185,1548267,Thigh,stand,-0.0366,-1.001864,0.09028,1.54,-2.1,0,-54
1786635799185,1548284,Thigh,stand,-0.035136,-0.998936,0.088816,1.33,-2.03,0,-54
1786635799185,1548300,Thigh,stand,-0.038064,-0.999912,0.09028,1.33,-2.38,0.14,-54
1786635799185,1548317,Thigh,stand,-0.03416,-1.001376,0.089304,1.4,-2.52,0,-54
1786635799545,1548492,Thigh,stand,-0.032208,-0.999912,0.083936,1.4,-3.43,-0.14,-54
1786635799545,1548523,Thigh,stand,-0.031232,-0.999912,0.087352,1.68,-2.59,-0.07,-54
1786635799545,1548540,Thigh,stand,-0.033184,-1.000888,0.088328,1.68,-2.66,-0.07,-54
1786635799545,1548557,Thigh,stand,-0.030744,-1.00284,0.089792,1.75,-2.66,-0.14,-54
1786635799545,1548574,Thigh,stand,-0.02928,-0.998936,0.091256,1.82,-2.31,-0.07,-54
1786635799545,1548605,Thigh,stand,-0.030256,-0.997472,0.094184,1.82,-2.1,-0.28,-54
1786635799545,1548622,Thigh,stand,-0.032208,-0.997472,0.09516,1.61,-1.82,-0.42,-54
1786635799545,1548639,Thigh,stand,-0.03416,-0.999424,0.094672,1.54,-1.75,-0.35,-54
1786635799545,1548656,Thigh,stand,-0.03416,-1.124352,0.0976,1.54,-1.33,-0.35,-54
1786635799545,1548673,Thigh,stand,-0.038064,-1.0004,0.098576,1.54,-1.19,-0.35,-54
1786635799905,1548851,Thigh,stand,-0.042456,-0.996496,0.101016,1.05,-0.35,0.07,-58
1786635799905,1548882,Thigh,stand,-0.038064,-1.001864,0.099064,1.12,-1.33,0.49,-58
1786635799905,1548899,Thigh,stand,-0.02684,-0.996984,0.099064,1.05,-1.12,0.49,-58
1786635799905,1548916,Thigh,stand,-0.026352,-0.999912,0.088816,0.98,0,0.42,-58
1786635799905,1548933,Thigh,stand,-0.040016,-1.003328,0.084424,1.19,0.28,0.28,-58
1786635799905,1548964,Thigh,stand,-0.0488,-1.00284,0.0854,1.4,-1.33,0.28,-58
1786635799905,1548981,Thigh,stand,-0.049288,-0.99796,0.087352,1.47,-3.01,0.49,-58
1786635799905,1548998,Thigh,stand,-0.047336,-1.000888,0.08784,1.12,-3.71,0.56,-58
1786635799905,1549015,Thigh,stand,-0.048312,-1.000888,0.085888,1.47,-4.55,0.63,-58
1786635799905,1549032,Thigh,stand,-0.045384,-0.998936,0.084424,1.33,-4.76,0.63,-58
1786635800265,1549208,Thigh,stand,-0.033672,-0.997472,0.092232,1.4,-6.93,-0.07,-58
1786635800265,1549240,Thigh,stand,-0.036112,-1.0004,0.094184,1.05,-5.95,-0.07,-58
1786635800265,1549257,Thigh,stand,-0.033672,-0.999424,0.097112,1.33,-5.74,-0.07,-58
1786635800265,1549274,Thigh,stand,-0.030744,-1.0004,0.10004,1.19,-5.46,-0.07,-58
1786635800265,1549291,Thigh,stand,-0.024888,-0.998936,0.09516,1.19,-5.18,-0.14,-58
1786635800265,1549322,Thigh,stand,-0.035136,-0.996008,0.095648,1.26,-3.78,-0.28,-58
1786635800265,1549339,Thigh,stand,-0.034648,-1.000888,0.10004,0.84,-3.15,-0.35,-58
1786635800265,1549356,Thigh,stand,-0.034648,-1.000888,0.099552,1.33,-2.87,-0.28,-58
1786635800265,1549373,Thigh,stand,-0.031232,-0.99796,0.098576,1.05,-2.66,-0.21,-58
1786635800265,1549390,Thigh,stand,-0.030256,-0.999912,0.101016,1.19,-1.33,-0.14,-58
1786635800622,1549568,Thigh,stand,-0.033672,-0.998936,0.088328,0.98,-0.98,-0.07,-58
1786635800622,1549599,Thigh,stand,-0.03172,-1.0004,0.084912,1.19,-0.98,-0.21,-58
1786635800622,1549616,Thigh,stand,-0.035136,-1.0004,0.088328,1.4,-0.98,-0.21,-58
1786635800622,1549633,Thigh,stand,-0.03904,-0.999424,0.09272,1.26,-1.26,-0.14,-58
1786635800622,1549650,Thigh,stand,-0.040016,-1.001376,0.093208,1.4,-1.33,-0.07,-58
1786635800622,1549681,Thigh,stand,-0.038552,-0.99796,0.091744,1.4,-1.47,0.14,-58
1786635800622,1549698,Thigh,stand,-0.036112,-1.0004,0.090768,1.4,-1.4,0.21,-58
1786635800622,1549715,Thigh,stand,-0.035624,-1.001376,0.090768,1.47,-1.12,0,-58
1786635800622,1549732,Thigh,stand,-0.038064,-1.0004,0.089792,1.54,-1.12,0,-58
1786635800622,1549749,Thigh,stand,-0.037576,-0.99796,0.08784,1.61,-1.61,0,-58
1786635800982,1549924,Thigh,stand,-0.037088,-0.999912,0.089792,1.05,-3.22,-0.35,-55
1786635800982,1549955,Thigh,stand,-0.036112,-0.998448,0.089792,1.19,-3.01,-0.49,-55
1786635800982,1549972,Thigh,stand,-0.0366,-0.998936,0.093208,1.19,-3.01,-0.56,-55
1786635800982,1549989,Thigh,stand,-0.037576,-0.99796,0.094184,1.12,-2.94,-0.56,-55
1786635800982,1550006,Thigh,stand,-0.039528,-0.999424,0.096136,1.19,-3.15,-0.49,-55
1786635800982,1550037,Thigh,stand,-0.038064,-1.0004,0.091744,1.4,-3.15,-0.28,-55
1786635800982,1550054,Thigh,stand,-0.03416,-0.998936,0.091744,1.4,-3.15,-0.35,-55
1786635800982,1550071,Thigh,stand,-0.029768,-0.999424,0.088328,1.19,-3.29,-0.28,-55
1786635800982,1550088,Thigh,stand,-0.029768,-1.000888,0.088816,1.33,-3.01,-0.35,-55
1786635800982,1550106,Thigh,stand,-0.035136,-0.999912,0.091744,1.33,-2.66,-0.56,-55
1786635801342,1550284,Thigh,stand,-0.032208,-1.001376,0.090768,1.4,-2.66,0.14,-55
1786635801342,1550315,Thigh,stand,-0.034648,-0.999424,0.090768,1.4,-2.73,0,-55
1786635801342,1550333,Thigh,stand,-0.031232,-1.000888,0.089792,1.19,-2.8,-0.07,-55
1786635801342,1550350,Thigh,stand,-0.032208,-1.000888,0.089792,1.4,-2.73,-0.07,-55
1786635801342,1550367,Thigh,stand,-0.034648,-1.000888,0.092232,1.54,-2.59,0,-55
1786635801342,1550398,Thigh,stand,-0.030744,-1.0004,0.092232,1.26,-2.59,0.21,-55
1786635801342,1550415,Thigh,stand,-0.02928,-0.999912,0.09272,1.33,-2.17,0.21,-55
1786635801342,1550432,Thigh,stand,-0.033184,-1.000888,0.09028,1.4,-1.96,0.21,-55
1786635801342,1550449,Thigh,stand,-0.032208,-0.998936,0.094184,1.47,-1.54,0.28,-55
1786635801342,1550466,Thigh,stand,-0.037088,-0.999424,0.09516,1.68,-1.68,0.21,-55
1786635801702,1550643,Thigh,stand,-0.038064,-0.998448,0.09516,1.12,-2.87,0.21,-55
1786635801702,1550674,Thigh,stand,-0.0366,-0.999424,0.098088,1.4,-2.66,0.35,-55
1786635801702,1550691,Thigh,stand,-0.040016,-0.998448,0.096136,1.54,-2.8,0.42,-55
1786635801702,1550708,Thigh,stand,-0.038552,-0.998448,0.09516,1.54,-2.87,0.42,-55
1786635801702,1550725,Thigh,stand,-0.035624,-0.996984,0.093696,1.54,-2.59,0.42,-55
1786635801702,1550756,Thigh,stand,-0.040992,-0.999424,0.094672,1.54,-2.31,0.49,-55
1786635801702,1550773,Thigh,stand,-0.040504,-0.99796,0.093696,1.33,-2.59,0.49,-55
1786635801702,1550790,Thigh,stand,-0.037576,-0.999912,0.093208,1.19,-2.66,0.56,-55
1786635801702,1550807,Thigh,stand,-0.040992,-0.997472,0.096624,1.26,-2.94,0.63,-55
1786635801702,1550824,Thigh,stand,-0.042944,-1.00284,0.0976,1.54,-3.01,0.63,-55
1786635802064,1551002,Thigh,stand,-0.039528,-0.999912,0.090768,1.54,-2.59,0.28,-55
1786635802064,1551033,Thigh,stand,-0.040016,-1.0004,0.094672,1.4,-2.66,0.07,-55
1786635802064,1551051,Thigh,stand,-0.04148,-0.998936,0.094184,1.33,-2.59,0.07,-55
1786635802064,1551067,Thigh,stand,-0.040992,-0.998936,0.09272,1.33,-2.31,0.14,-55
1786635802064,1551084,Thigh,stand,-0.04392,-0.998448,0.098088,1.54,-1.68,0.14,-55
1786635802064,1551115,Thigh,stand,-0.044408,-0.999424,0.101016,1.47,-1.4,0.07,-55
1786635802064,1551132,Thigh,stand,-0.04148,-0.998936,0.0976,1.68,-1.26,0,-55
1786635802064,1551149,Thigh,stand,-0.038552,-0.998936,0.09516,1.4,-1.82,0.07,-55
1786635802064,1551166,Thigh,stand,-0.042456,-1.0004,0.094184,1.47,-1.68,-0.14,-55
1786635802064,1551183,Thigh,stand,-0.042456,-0.997472,0.097112,1.4,-1.68,-0.14,-55
1786635802458,1551360,Thigh,stand,-0.03904,-0.999912,0.096136,1.47,-1.12,-0.49,-64
1786635802458,1551391,Thigh,stand,-0.042944,-0.997472,0.098088,1.61,-1.33,-0.28,-64
1786635802458,1551408,Thigh,stand,-0.042456,-0.998936,0.098576,1.82,-1.33,-0.21,-64
1786635802458,1551424,Thigh,stand,-0.044408,-0.999424,0.096624,1.68,-1.4,-0.14,-64
1786635802458,1551441,Thigh,stand,-0.04392,-0.998448,0.096136,1.68,-1.96,-0.14,-64
1786635802458,1551472,Thigh,stand,-0.041968,-0.998936,0.098576,1.61,-1.96,-0.14,-64
1786635802458,1551489,Thigh,stand,-0.044408,-0.996984,0.099064,1.47,-1.96,0,-64
1786635802458,1551506,Thigh,stand,-0.047824,-0.998448,0.101504,1.61,-2.45,0.14,-64
1786635802458,1551523,Thigh,stand,-0.0488,-1.002352,0.096624,1.68,-2.94,0.21,-64
1786635802458,1551540,Thigh,stand,-0.043432,-1.002352,0.093208,1.4,-3.08,-0.07,-64
1786635802834,1551718,Thigh,stand,-0.032208,-1.0004,0.096136,1.61,-1.33,1.12,-64
1786635802834,1551749,Thigh,stand,-0.034648,-0.999912,0.088328,2.1,-1.19,1.19,-64
1786635802834,1551766,Thigh,stand,-0.035624,-0.996496,0.091256,2.45,-1.19,1.19,-64
1786635802834,1551783,Thigh,stand,-0.045872,-0.996008,0.098088,1.89,-1.96,1.33,-64
1786635802834,1551800,Thigh,stand,-0.05368,-0.996496,0.101016,1.82,-3.01,1.61,-64
1786635802834,1551831,Thigh,stand,-0.054656,-0.998936,0.107848,2.1,-3.92,2.17,-64
1786635802834,1551848,Thigh,stand,-0.046848,-0.99796,0.108336,2.1,-4.2,2.38,-64
1786635802834,1551865,Thigh,stand,-0.038552,-1.00284,0.106384,2.24,-2.94,2.1,-64
1786635802834,1551882,Thigh,stand,-0.033184,-1.002352,0.100528,2.31,-2.45,1.75,-64
1786635802834,1551899,Thigh,stand,-0.033184,-0.999912,0.096136,2.38,-2.03,1.54,-64
1786635803138,1552077,Thigh,stand,-0.061,-0.99796,0.103456,1.26,-2.73,0.56,-50
1786635803138,1552108,Thigh,stand,-0.050264,-0.998448,0.100528,1.19,-3.08,0.42,-50
1786635803138,1552125,Thigh,stand,-0.049776,-0.999424,0.101992,1.4,-2.73,0.28,-50
1786635803138,1552142,Thigh,stand,-0.04636,-0.998448,0.106872,1.47,-2.66,0.07,-50
1786635803138,1552159,Thigh,stand,-0.047824,-0.998936,0.101992,1.12,-2.31,-0.07,-50
1786635803138,1552190,Thigh,stand,-0.05124,-0.996984,0.104432,1.47,-1.89,0.07,-50
1786635803138,1552207,Thigh,stand,-0.05612,-0.997472,0.103456,1.26,-1.47,0.07,-50
1786635803138,1552223,Thigh,stand,-0.057584,-0.996496,0.103456,0.98,-1.89,0.21,-50
1786635803138,1552240,Thigh,stand,-0.05612,-0.999912,0.103944,1.05,-1.89,0.21,-50
1786635803138,1552257,Thigh,stand,-0.05368,-0.999424,0.0976,0.91,-1.82,0,-50
1786635803499,1552435,Thigh,stand,-0.05368,-0.99796,0.101016,1.4,-2.24,0,-50
1786635803499,1552466,Thigh,stand,-0.053192,-0.998936,0.10004,1.54,-2.38,0.14,-50
1786635803499,1552483,Thigh,stand,-0.053192,-0.998448,0.098088,1.33,-2.38,0.14,-50
1786635803499,1552500,Thigh,stand,-0.055144,-0.998936,0.10004,1.61,-2.38,0.14,-50
1786635803499,1552517,Thigh,stand,-0.05368,-0.998448,0.100528,1.54,-2.52,0.07,-50
1786635803499,1552548,Thigh,stand,-0.056608,-0.996496,0.10248,1.61,-3.01,0.14,-50
1786635803499,1552565,Thigh,stand,-0.05612,-0.999424,0.102968,1.47,-3.08,0.35,-50
1786635803499,1552582,Thigh,stand,-0.054168,-0.998448,0.103456,1.75,-3.15,0.28,-50
1786635803499,1552599,Thigh,stand,-0.055632,-0.996496,0.102968,1.54,-2.59,0.21,-50
1786635803499,1552615,Thigh,stand,-0.052704,-0.999424,0.103944,1.61,-2.59,0.14,-50
1786635803856,1552793,Thigh,stand,-0.05368,-0.99796,0.10492,1.33,-1.68,-0.07,-47
1786635803856,1552824,Thigh,stand,-0.059048,-0.998448,0.10736,1.19,-1.89,-0.14,-47
1786635803856,1552841,Thigh,stand,-0.060512,-0.998936,0.106872,1.19,-2.52,0,-47
1786635803856,1552858,Thigh,stand,-0.060024,-0.99552,0.108824,1.12,-2.45,0,-47
1786635803856,1552875,Thigh,stand,-0.059536,-0.996984,0.105408,1.12,-2.66,-0.07,-47
1786635803856,1552906,Thigh,stand,-0.057096,-0.998448,0.102968,1.05,-3.5,-0.14,-47
1786635803856,1552923,Thigh,stand,-0.054168,-0.997472,0.10492,1.05,-3.57,-0.21,-47
1786635803856,1552940,Thigh,stand,-0.053192,-0.99796,0.108336,0.98,-3.36,-0.14,-47
1786635803856,1552957,Thigh,stand,-0.052216,-0.998936,0.106384,0.84,-3.15,0.07,-47
1786635803856,1552974,Thigh,stand,-0.052216,-0.996984,0.106384,1.12,-2.45,0,-47
1786635804217,1553151,Thigh,stand,-0.056608,-0.999424,0.10248,1.05,-1.96,-0.14,-47
1786635804217,1553182,Thigh,stand,-0.06588,-0.99796,0.105896,0.7,-2.31,-0.21,-47
1786635804217,1553199,Thigh,stand,-0.070272,-0.996496,0.104432,0.98,-3.08,-0.21,-47
1786635804217,1553216,Thigh,stand,-0.072224,-0.996984,0.105896,0.98,-3.57,0,-47
1786635804217,1553233,Thigh,stand,-0.068808,-0.996984,0.105896,1.12,-4.48,0.07,-47
1786635804217,1553264,Thigh,stand,-0.054168,-0.997472,0.098088,1.12,-4.97,-0.28,-47
1786635804217,1553281,Thigh,stand,-0.054168,-0.998936,0.098088,0.84,-4.62,-0.42,-47
1786635804217,1553298,Thigh,stand,-0.056608,-1.000888,0.102968,0.98,-4.48,-0.49,-47
1786635804217,1553315,Thigh,stand,-0.058072,-0.99796,0.105408,0.91,-4.41,-0.42,-47
1786635804217,1553332,Thigh,stand,-0.059536,-0.997472,0.103944,0.98,-4.55,-0.35,-47
1786635804577,1553510,Thigh,stand,-0.052216,-0.999424,0.096136,1.26,-4.55,-0.56,-47
1786635804577,1553541,Thigh,stand,-0.0488,-0.999912,0.096136,1.05,-5.11,-0.7,-47
1786635804577,1553558,Thigh,stand,-0.047336,-1.0004,0.092232,1.12,-5.04,-0.7,-47
1786635804577,1553575,Thigh,stand,-0.048312,-0.999424,0.092232,1.19,-4.83,-0.7,-47
1786635804577,1553592,Thigh,stand,-0.049776,-0.998448,0.094184,1.12,-4.34,-0.7,-47
1786635804577,1553623,Thigh,stand,-0.056608,-0.99796,0.098576,1.33,-5.04,-0.91,-47
1786635804577,1553640,Thigh,stand,-0.05368,-0.998448,0.095648,1.33,-5.53,-0.84,-47
1786635804577,1553657,Thigh,stand,-0.050752,-0.998448,0.0976,1.26,-5.53,-0.84,-47
1786635804577,1553674,Thigh,stand,-0.046848,-0.997472,0.094184,1.19,-5.18,-0.84,-47
1786635804577,1553691,Thigh,stand,-0.045384,-0.998936,0.096624,1.26,-4.41,-1.05,-47
1786635804937,1553869,Thigh,stand,-0.034648,-0.998936,0.091744,1.54,-0.07,-1.89,-47
1786635804937,1553900,Thigh,stand,-0.04636,-0.997472,0.100528,1.82,-0.14,-1.33,-47
1786635804937,1553917,Thigh,stand,-0.048312,-0.998448,0.102968,2.03,-0.35,-0.98,-47
1786635804937,1553935,Thigh,stand,-0.047824,-0.998936,0.108336,2.1,-0.21,-0.49,-47
1786635804937,1553952,Thigh,stand,-0.04636,-0.998448,0.11224,2.38,0.14,-0.07,-47
1786635804937,1553983,Thigh,stand,-0.054656,-0.996984,0.101992,2.45,-0.35,0.7,-47
1786635804937,1554000,Thigh,stand,-0.052216,-0.996496,0.099552,2.38,-0.28,0.56,-47
1786635804937,1554017,Thigh,stand,-0.03416,-0.998936,0.106872,2.59,-0.14,0.77,-47
1786635804937,1554034,Thigh,stand,-0.030256,-0.999912,0.106872,2.52,-0.7,1.19,-47
1786635804937,1554051,Thigh,stand,-0.035136,-0.99552,0.103944,2.59,-0.63,1.4,-47
1786635805308,1554229,Thigh,stand,-0.04392,-1.0004,0.10492,1.75,-0.42,1.26,-49
1786635805308,1554259,Thigh,stand,-0.040016,-0.996984,0.103944,1.4,-0.63,1.61,-49
1786635805308,1554276,Thigh,stand,-0.03904,-0.99796,0.103944,1.33,-0.35,1.54,-49
1786635805308,1554293,Thigh,stand,-0.042944,-1.0004,0.103456,1.26,0.07,1.47,-49
1786635805308,1554310,Thigh,stand,-0.05368,-0.998936,0.105896,1.4,0.14,1.54,-49
1786635805308,1554341,Thigh,stand,-0.05612,-0.999912,0.10492,1.54,-1.19,2.03,-49
1786635805308,1554358,Thigh,stand,-0.052216,-0.998448,0.105408,1.61,-1.19,2.45,-49
1786635805308,1554375,Thigh,stand,-0.045384,-0.996984,0.103456,1.4,-0.77,2.45,-49
1786635805308,1554392,Thigh,stand,-0.04636,-0.99796,0.10492,1.4,0.14,2.24,-49
1786635805308,1554409,Thigh,stand,-0.0488,-0.997472,0.105408,1.19,0.42,1.96,-49
1786635805655,1554585,Thigh,stand,-0.070272,-0.998448,0.10492,0.98,-1.61,1.61,-57
1786635805655,1554616,Thigh,stand,-0.061976,-0.999912,0.109312,0.7,-1.82,2.03,-57
1786635805655,1554633,Thigh,stand,-0.04392,-0.998936,0.105896,0.91,-1.75,2.1,-57
1786635805655,1554650,Thigh,stand,-0.040992,-0.99796,0.104432,1.12,-0.28,1.96,-57
1786635805655,1554667,Thigh,stand,-0.050752,-0.996008,0.106384,1.26,0.84,1.89,-57
1786635805655,1554698,Thigh,stand,-0.069296,-0.996008,0.113216,1.19,1.05,1.89,-57
1786635805655,1554715,Thigh,stand,-0.079544,-0.996496,0.11224,0.84,0.91,2.1,-57
1786635805655,1554732,Thigh,stand,-0.081496,-0.99308,0.111752,1.05,0.56,2.1,-57
1786635805655,1554749,Thigh,stand,-0.08052,-0.994056,0.111264,0.77,0.7,2.03,-57
1786635805655,1554766,Thigh,stand,-0.08296,-0.994056,0.11224,0.98,0.49,2.03,-57
1786635806012,1554942,Thigh,stand,-0.05856,-0.99796,0.093208,3.36,-1.96,-0.84,-57
1786635806012,1554974,Thigh,stand,-0.083936,-1.01504,0.095648,6.02,-3.64,-1.05,-57
1786635806012,1554991,Thigh,stand,-0.094184,-0.974536,0.093208,4.83,-6.44,-0.49,-57
1786635806012,1555007,Thigh,stand,-0.094184,-0.982832,0.088816,4.06,-9.17,0.42,-57
1786635806012,1555024,Thigh,stand,-0.096624,-0.986248,0.088328,4.06,-8.82,0.63,-57
1786635806012,1555055,Thigh,stand,-0.11468,-0.994056,0.093696,2.66,-8.26,0.21,-57
1786635806012,1555072,Thigh,stand,-0.122488,-1.005768,0.086376,4.48,-7.42,0.7,-57
1786635806012,1555089,Thigh,stand,-0.129808,-1.01016,0.091256,5.67,-7.42,0.84,-57
1786635806012,1555106,Thigh,stand,-0.135176,-0.989664,0.10004,6.3,-5.39,-0.14,-57
1786635806012,1555123,Thigh,stand,-0.144936,-0.991128,0.096136,6.58,-3.99,-0.77,-57
1786635806372,1555301,Thigh,stand,-0.035136,-1.011136,0.05368,7.7,5.88,-5.74,-57
1786635806372,1555333,Thigh,stand,-0.022448,-1.008208,0.096624,8.96,5.74,-5.88,-57
1786635806372,1555350,Thigh,stand,-0.022936,-1.003328,0.11956,9.31,5.39,-5.53,-57
1786635806372,1555367,Thigh,stand,-0.020008,-0.999912,0.143472,9.94,5.6,-4.69,-57
1786635806372,1555384,Thigh,stand,-0.003904,-1.007232,0.1586,10.43,7.63,-3.85,-57
1786635806372,1555414,Thigh,stand,0.014152,-1.001864,0.169824,11.62,13.44,-3.43,-57
1786635806372,1555431,Thigh,stand,0.008296,-0.998448,0.167872,11.48,18.69,-3.5,-57
1786635806372,1555448,Thigh,stand,-0.011224,-0.988688,0.158112,10.92,20.86,-3.5,-57
1786635806372,1555465,Thigh,stand,-0.0366,-0.989176,0.152744,10.5,23.8,-3.43,-57
1786635806372,1555482,Thigh,stand,-0.064416,-0.981368,0.158112,10.01,24.99,-3.36,-57
1786635806730,1555660,Thigh,stand,-0.043432,-0.982832,0.19276,5.74,10.99,-3.57,-54
1786635806730,1555691,Thigh,stand,-0.061488,-0.982344,0.193248,4.97,11.69,-2.94,-54
1786635806730,1555708,Thigh,stand,-0.07076,-0.982344,0.194712,4.34,10.99,-2.59,-54
1786635806730,1555726,Thigh,stand,-0.072224,-0.983808,0.20252,4.2,9.87,-2.1,-54
1786635806730,1555743,Thigh,stand,-0.073688,-0.982832,0.203984,4.13,9.38,-1.68,-54
1786635806730,1555774,Thigh,stand,-0.072712,-0.979904,0.194712,4.2,7.63,-1.4,-54
1786635806730,1555790,Thigh,stand,-0.070272,-0.98088,0.192272,3.92,6.65,-0.98,-54
1786635806730,1555808,Thigh,stand,-0.061,-0.982344,0.189344,4.27,6.58,-0.84,-54
1786635806730,1555824,Thigh,stand,-0.057584,-0.98332,0.187392,3.57,5.95,-0.28,-54
1786635806730,1555841,Thigh,stand,-0.055632,-0.985272,0.186904,3.08,5.25,0,-54
1786635807092,1556018,Thigh,stand,-0.098088,-0.9882,0.199592,1.68,-6.02,-0.63,-54
1786635807092,1556049,Thigh,stand,-0.087352,-0.989664,0.17324,1.54,-9.66,-0.56,-54
1786635807092,1556066,Thigh,stand,-0.083936,-0.987712,0.162016,0.91,-11.41,-0.91,-54
1786635807092,1556083,Thigh,stand,-0.076616,-0.991128,0.150304,0.91,-12.67,-1.19,-54
1786635807092,1556100,Thigh,stand,-0.05612,-0.992104,0.146888,0.7,-15.26,-1.96,-54
1786635807092,1556131,Thigh,stand,-0.044896,-0.992104,0.158112,0.21,-17.71,-2.87,-54
1786635807092,1556148,Thigh,stand,-0.049776,-0.99308,0.164944,0.07,-18.27,-3.08,-54
1786635807092,1556165,Thigh,stand,-0.050264,-0.99064,0.17324,0.35,-18.27,-2.66,-54
1786635807092,1556181,Thigh,stand,-0.05368,-0.987712,0.1708,0.35,-17.78,-2.31,-54
1786635807092,1556198,Thigh,stand,-0.058072,-0.994544,0.17324,0.91,-16.73,-1.96,-54
1786635807465,1556377,Thigh,stand,0.003416,-1.003328,0.191784,3.99,-0.42,-0.49,-54
1786635807465,1556408,Thigh,stand,-0.006344,-0.999912,0.171288,4.62,4.27,-0.42,-54
1786635807465,1556425,Thigh,stand,-0.013664,-1.0004,0.166408,5.04,5.67,-0.56,-54
1786635807465,1556442,Thigh,stand,-0.033184,-0.99064,0.163968,4.83,5.46,-0.63,-54
1786635807465,1556459,Thigh,stand,-0.048312,-0.9882,0.167872,4.41,3.85,-1.12,-54
1786635807465,1556490,Thigh,stand,-0.066368,-0.990152,0.17568,3.85,1.26,-1.89,-54
1786635807465,1556507,Thigh,stand,-0.073688,-0.989176,0.186416,3.85,-0.63,-2.31,-54
1786635807465,1556524,Thigh,stand,-0.074176,-0.987712,0.189832,3.64,-2.03,-2.59,-54
1786635807465,1556541,Thigh,stand,-0.066368,-0.99064,0.190808,3.99,-3.15,-2.52,-54
1786635807465,1556558,Thigh,stand,-0.062952,-0.9882,0.187392,3.85,-4.34,-2.17,-54
1786635807849,1556736,Thigh,stand,-0.0122,-0.991128,0.182024,4.55,3.92,-1.19,-54
1786635807849,1556768,Thigh,stand,-0.023424,-0.99308,0.197152,3.01,5.04,-0.98,-54
1786635807849,1556785,Thigh,stand,-0.023912,-0.992104,0.201544,2.38,4.97,-0.91,-54
1786635807849,1556802,Thigh,stand,-0.027328,-0.998936,0.215208,2.17,4.97,-0.77,-54
1786635807849,1556819,Thigh,stand,-0.03416,-0.992104,0.22448,2.38,4.97,-0.21,-54
1786635807849,1556850,Thigh,stand,-0.044896,-0.98088,0.2318,0.98,4.55,0.14,-54
1786635807849,1556867,Thigh,stand,-0.050264,-0.977952,0.235704,0.77,3.71,0.49,-54
1786635807849,1556884,Thigh,stand,-0.05124,-0.979416,0.245464,0.63,2.73,0.63,-54
1786635807849,1556901,Thigh,stand,-0.047824,-0.992104,0.260104,1.05,1.75,0.98,-54
1786635807849,1556918,Thigh,stand,-0.044896,-0.99796,0.27084,2.38,0.84,1.75,-54
1786635808238,1557094,Thigh,stand,-0.049288,-0.962336,0.167384,-0.91,8.61,3.08,-51
1786635808238,1557125,Thigh,stand,-0.033672,-0.959896,0.192272,-1.47,1.33,-1.19,-51
1786635808238,1557142,Thigh,stand,-0.02928,-0.959408,0.210328,-1.12,-0.14,-2.24,-51
1786635808238,1557159,Thigh,stand,-0.030744,-0.96868,0.215696,-1.47,-2.94,-4.06,-51
1786635808238,1557176,Thigh,stand,-0.027816,-0.97844,0.213744,-1.68,-4.2,-5.11,-51
1786635808238,1557207,Thigh,stand,-0.037088,-0.984784,0.220088,-1.61,-4.41,-5.74,-51
1786635808238,1557224,Thigh,stand,-0.05124,-0.988688,0.231312,-1.54,-3.71,-5.46,-51
1786635808238,1557241,Thigh,stand,-0.072224,-0.991616,0.23668,-1.54,-1.47,-4.27,-51
1786635808238,1557258,Thigh,stand,-0.084912,-0.989664,0.230824,-1.68,-0.49,-2.94,-51
1786635808238,1557275,Thigh,stand,-0.103456,-0.991128,0.221064,-2.38,-0.77,-2.24,-51
1786635808532,1557454,Thigh,stand,-0.031232,-0.994544,0.169336,-3.64,-11.55,-0.7,-51
1786635808532,1557485,Thigh,stand,-0.027816,-0.992104,0.180072,-3.5,-10.92,0.07,-51
1786635808532,1557502,Thigh,stand,-0.02684,-0.9882,0.178608,-4.34,-10.71,0,-51
1786635808532,1557519,Thigh,stand,-0.03172,-0.998448,0.17568,-4.06,-9.31,-0.14,-51
1786635808532,1557537,Thigh,stand,-0.037088,-0.993568,0.174704,-3.57,-7.7,0.07,-51
1786635808532,1557568,Thigh,stand,-0.042456,-0.999912,0.186416,-2.73,-7.7,0.77,-51
1786635808532,1557585,Thigh,stand,-0.042456,-0.996008,0.183976,-2.52,-8.82,1.54,-51
1786635808532,1557602,Thigh,stand,-0.03416,-0.994056,0.168848,-3.22,-10.57,1.05,-51
1786635808532,1557619,Thigh,stand,-0.032696,-0.995032,0.15616,-3.29,-9.94,0.28,-51
1786635808532,1557636,Thigh,stand,-0.029768,-0.991128,0.15128,-3.5,-9.94,-0.42,-51
1786635808892,1557815,Thigh,stand,-0.067344,-0.995032,0.1708,-2.31,-5.67,1.75,-48
1786635808892,1557845,Thigh,stand,-0.067344,-0.996984,0.162992,-1.82,-5.95,2.87,-48
1786635808892,1557862,Thigh,stand,-0.056608,-0.992592,0.149816,-1.96,-6.16,3.01,-48
1786635808892,1557879,Thigh,stand,-0.045872,-0.99796,0.139568,-2.17,-6.09,2.8,-48
1786635808892,1557896,Thigh,stand,-0.040504,-0.999424,0.130784,-1.61,-5.32,2.45,-48
1786635808892,1557927,Thigh,stand,-0.039528,-0.998448,0.127856,-1.4,-5.74,1.54,-48
1786635808892,1557944,Thigh,stand,-0.038552,-0.999912,0.133224,-1.19,-6.09,1.26,-48
1786635808892,1557961,Thigh,stand,-0.035136,-0.997472,0.14152,-1.33,-6.79,1.19,-48
1786635808892,1557978,Thigh,stand,-0.033184,-0.999424,0.135176,-1.33,-7.07,0.98,-48
1786635808892,1557995,Thigh,stand,-0.035136,-0.996008,0.135176,-1.4,-6.58,0.84,-48
1786635809254,1558173,Thigh,stand,-0.049776,-0.997472,0.134688,0.77,-3.29,1.75,-48
1786635809254,1558204,Thigh,stand,-0.046848,-0.998936,0.135176,1.26,-2.94,1.19,-48
1786635809254,1558221,Thigh,stand,-0.04392,-0.996008,0.12932,1.33,-2.73,0.91,-48
1786635809254,1558238,Thigh,stand,-0.042944,-0.998448,0.127368,1.05,-2.59,0.49,-48
1786635809254,1558255,Thigh,stand,-0.040992,-0.996008,0.125416,0.98,-2.73,0.21,-48
1786635809254,1558286,Thigh,stand,-0.04636,-0.996984,0.134688,1.12,-2.52,-0.21,-48
1786635809254,1558303,Thigh,stand,-0.05124,-0.99796,0.138104,0.91,-2.8,-0.21,-48
1786635809254,1558320,Thigh,stand,-0.049288,-0.998448,0.135176,0.84,-3.01,-0.07,-48
1786635809254,1558337,Thigh,stand,-0.050264,-0.998936,0.1342,1.19,-2.8,-0.14,-48
1786635809254,1558354,Thigh,stand,-0.0488,-0.995032,0.136152,1.19,-2.66,-0.07,-48
1786635809612,1558533,Thigh,stand,-0.050752,-0.99796,0.144448,1.68,-2.59,-0.07,-48
1786635809612,1558564,Thigh,stand,-0.047336,-0.996008,0.14396,2.03,-2.8,-0.28,-48
1786635809612,1558581,Thigh,stand,-0.04392,-0.995032,0.139568,1.89,-2.31,-0.35,-48
1786635809612,1558597,Thigh,stand,-0.049776,-0.997472,0.138592,1.89,-1.96,-0.63,-48
1786635809612,1558614,Thigh,stand,-0.050264,-0.998448,0.144936,2.1,-1.82,-0.7,-48
1786635809612,1558645,Thigh,stand,-0.047336,-0.993568,0.147864,2.17,-2.66,-0.42,-48
1786635809612,1558662,Thigh,stand,-0.047336,-0.994056,0.14884,1.89,-2.52,-0.49,-48
1786635809612,1558680,Thigh,stand,-0.050264,-0.994544,0.148352,1.61,-2.31,-0.56,-48
1786635809612,1558697,Thigh,stand,-0.052216,-0.996496,0.149328,1.89,-2.59,-0.63,-48
1786635809612,1558714,Thigh,stand,-0.050264,-0.994056,0.149816,1.61,-2.59,-0.63,-48
1786635809983,1558892,Thigh,stand,-0.036112,-0.996496,0.142984,1.75,-2.94,-0.7,-59
1786635809983,1558922,Thigh,stand,-0.04148,-0.99552,0.150792,1.75,-2.45,-0.77,-59
1786635809983,1558939,Thigh,stand,-0.045384,-0.99552,0.150304,1.75,-2.87,-0.49,-59
1786635809983,1558956,Thigh,stand,-0.044896,-0.996008,0.150792,1.4,-3.15,-0.42,-59
1786635809983,1558972,Thigh,stand,-0.042944,-0.998448,0.14884,1.61,-3.22,-0.14,-59
1786635809983,1559003,Thigh,stand,-0.0244,-0.996008,0.137128,1.54,-1.89,0,-59
1786635809983,1559020,Thigh,stand,-0.021472,-0.998936,0.140056,1.75,-0.42,0.07,-59
1786635809983,1559037,Thigh,stand,-0.021472,-0.99796,0.142496,1.82,0.56,0.21,-59
1786635809983,1559054,Thigh,stand,-0.021472,-0.99796,0.146888,1.75,1.05,0.21,-59
1786635809983,1559085,Thigh,stand,-0.029768,-0.99552,0.151768,2.17,2.59,0.49,-59
1786635810345,1559263,Thigh,stand,-0.071248,-0.995032,0.13176,1.4,-1.96,0.56,-59
1786635810345,1559294,Thigh,stand,-0.059536,-0.989664,0.151768,1.75,-3.78,0.21,-59
1786635810345,1559312,Thigh,stand,-0.055632,-0.987712,0.160552,1.61,-4.2,0.49,-59
1786635810345,1559329,Thigh,stand,-0.051728,-0.989664,0.168848,1.12,-4.06,0.63,-59
1786635810345,1559346,Thigh,stand,-0.048312,-0.99552,0.171288,1.19,-3.36,0.98,-59
1786635810345,1559376,Thigh,stand,-0.04392,-0.99796,0.149328,1.68,-2.66,1.4,-59
1786635810345,1559393,Thigh,stand,-0.052216,-0.997472,0.140056,1.96,-2.31,1.4,-59
1786635810345,1559410,Thigh,stand,-0.061488,-0.991128,0.139568,1.82,-2.87,0.98,-59
1786635810345,1559427,Thigh,stand,-0.065392,-0.99064,0.142496,0.91,-3.64,0.42,-59
1786635810345,1559444,Thigh,stand,-0.068808,-0.991616,0.143472,0.77,-6.23,0.28,-59
1786635810703,1559623,Thigh,stand,0.000488,-0.996008,0.166408,2.1,-10.36,1.61,-53
1786635810703,1559654,Thigh,stand,0.003416,-0.997472,0.150792,2.38,-2.8,2.1,-53
1786635810703,1559671,Thigh,stand,-0.006344,-0.998448,0.151768,2.38,-1.47,2.45,-53
1786635810703,1559688,Thigh,stand,-0.020496,-1.0004,0.15128,2.38,0.35,2.8,-53
1786635810703,1559706,Thigh,stand,-0.03172,-0.998936,0.148352,2.31,1.75,3.01,-53
1786635810703,1559737,Thigh,stand,-0.040504,-0.994544,0.142496,2.45,2.94,3.36,-53
1786635810703,1559753,Thigh,stand,-0.04392,-0.998936,0.144936,2.38,3.99,3.5,-53
1786635810703,1559770,Thigh,stand,-0.046848,-1.003328,0.149328,2.87,4.48,3.78,-53
1786635810703,1559787,Thigh,stand,-0.042456,-0.994056,0.153232,3.36,5.18,3.92,-53
1786635810703,1559804,Thigh,stand,-0.040992,-0.990152,0.153232,2.8,6.37,4.13,-53
1786635811062,1559980,Thigh,stand,-0.120048,-0.990152,0.293776,6.93,23.52,14.84,-53
1786635811062,1560011,Thigh,stand,-0.250344,-0.947696,0.333792,6.58,26.95,16.31,-53
1786635811062,1560028,Thigh,stand,-0.244,-0.936472,0.330376,7.28,22.26,16.66,-53
1786635811062,1560045,Thigh,stand,-0.196664,-0.941352,0.30256,7.35,19.32,14.84,-53
1786635811062,1560062,Thigh,stand,-0.127368,-0.969656,0.2806,10.71,17.29,10.71,-53
1786635811062,1560093,Thigh,stand,0.037088,-0.956968,0.259616,14,29.89,1.89,-53
1786635811062,1560110,Thigh,stand,0.123464,-0.889136,0.10736,7.98,43.4,-2.59,-53
1786635811062,1560126,Thigh,stand,0.0854,-0.891576,0.037576,-0.07,37.24,-4.76,-53
1786635811062,1560143,Thigh,stand,-0.163968,-0.976976,0.042944,-2.1,30.03,-3.64,-53
1786635811062,1560160,Thigh,stand,-0.409432,-0.963312,0.057096,-5.95,12.88,0.49,-53
1786635811436,1560338,Thigh,stand,-0.16592,-0.99552,0.071736,-15.54,-4.2,-1.47,-53
1786635811436,1560368,Thigh,stand,-0.136152,-0.992592,0.077592,-15.47,-11.06,0.28,-53
1786635811436,1560385,Thigh,stand,-0.110776,-0.993568,0.094672,-16.03,-13.51,1.47,-53
1786635811436,1560402,Thigh,stand,-0.101016,-0.999424,0.106384,-16.38,-15.26,2.1,-53
1786635811436,1560419,Thigh,stand,-0.0854,-0.999912,0.106384,-16.31,-16.1,2.1,-53
1786635811436,1560450,Thigh,stand,-0.078568,-0.99796,0.070272,-16.66,-18.62,2.17,-53
1786635811436,1560467,Thigh,stand,-0.083936,-0.999912,0.057096,-16.8,-18.2,2.52,-53
1786635811436,1560484,Thigh,stand,-0.099064,-1.000888,0.043432,-16.94,-17.99,2.66,-53
1786635811436,1560501,Thigh,stand,-0.108336,-1.0004,0.049776,-15.4,-18.13,3.08,-53
1786635811436,1560531,Thigh,stand,-0.08052,-0.999424,0.047824,-15.19,-14.21,3.5,-53
1786635811797,1560710,Thigh,stand,-0.129808,-1.003328,0.006344,-6.44,1.68,0.7,-52
1786635811797,1560742,Thigh,stand,-0.107848,-0.998448,-0.020008,-4.55,14.21,-1.26,-52
1786635811797,1560759,Thigh,stand,-0.1342,-1.00284,-0.033184,-3.99,17.5,-1.75,-52
1786635811797,1560776,Thigh,stand,-0.139568,-0.998936,-0.043432,-5.25,22.61,-2.59,-52
1786635811797,1560793,Thigh,stand,-0.15128,-1.000888,-0.04392,-3.43,23.31,-3.5,-52
1786635811797,1560824,Thigh,stand,-0.134688,-0.994544,-0.022936,-2.8,22.75,-4.9,-52
1786635811797,1560841,Thigh,stand,-0.1342,-0.991616,-0.017568,-2.66,21.7,-5.67,-52
1786635811797,1560858,Thigh,stand,-0.152744,-0.991128,-0.015616,-3.08,18.97,-5.95,-52
1786635811797,1560875,Thigh,stand,-0.1586,-0.990152,-0.01952,-2.59,14.56,-6.16,-52
1786635811797,1560892,Thigh,stand,-0.163968,-0.990152,-0.029768,-2.45,12.25,-6.23,-52
1786635812158,1561071,Thigh,stand,-0.00732,-0.99552,0.065392,8.05,39.62,-15.82,-52
1786635812158,1561102,Thigh,stand,-0.05368,-0.9882,0.060512,5.53,62.02,-19.39,-52
1786635812158,1561119,Thigh,stand,-0.139568,-0.992104,0.041968,5.25,65.59,-19.18,-52
1786635812158,1561136,Thigh,stand,-0.20252,-0.999912,0.012688,5.6,64.89,-18.34,-52
1786635812158,1561153,Thigh,stand,-0.228872,-0.986736,0.010248,6.65,61.67,-15.75,-52
1786635812158,1561184,Thigh,stand,-0.266448,-0.976488,-0.02196,2.52,53.34,-11.48,-52
1786635812158,1561201,Thigh,stand,-0.235216,-1.003816,-0.041968,2.8,47.46,-10.29,-52
1786635812158,1561218,Thigh,stand,-0.138104,-1.0126,0.00244,5.6,43.47,-11.55,-52
1786635812158,1561235,Thigh,stand,-0.081008,-1.009184,0.05856,8.47,44.87,-12.74,-52
1786635812158,1561252,Thigh,stand,0.013176,-1.006744,0.084912,9.73,47.18,-12.88,-52
1786635812574,1561430,Thigh,stand,0.030256,-0.927688,-0.04148,33.04,182.07,17.5,-52
1786635812574,1561461,Thigh,stand,-0.199592,-0.975024,-0.100528,19.11,131.81,24.78,-52
1786635812574,1561478,Thigh,stand,-0.230824,-1.020896,-0.045872,22.33,104.16,23.94,-52
1786635812574,1561495,Thigh,stand,-0.163968,-1.030168,0.050752,29.82,65.24,19.81,-52
1786635812574,1561512,Thigh,stand,-0.137616,-0.981856,0.088816,34.79,45.71,15.05,-52
1786635812574,1561543,Thigh,stand,-0.149328,-0.974536,0.143472,33.39,26.11,12.11,-52
1786635812574,1561560,Thigh,stand,-0.138104,-0.968192,0.1342,33.04,15.96,11.69,-52
1786635812574,1561577,Thigh,stand,-0.098576,-0.961848,0.157624,31.78,6.58,10.22,-52
1786635812574,1561594,Thigh,stand,-0.071736,-0.973072,0.194712,31.57,3.15,10.22,-52
1786635812574,1561611,Thigh,stand,-0.030744,-0.993568,0.201056,32.41,4.62,10.5,-52
1786635812881,1561789,Thigh,stand,-0.076128,-0.85644,0.159088,5.81,0.63,-0.49,-51
1786635812881,1561820,Thigh,stand,-0.043432,-0.852048,0.14152,-2.66,5.95,-1.54,-51
1786635812881,1561839,Thigh,stand,-0.026352,-0.861808,0.136152,-7.7,11.41,-2.38,-51
1786635812881,1561856,Thigh,stand,-0.04148,-0.879376,0.124928,-9.73,14.21,-2.38,-51
1786635812881,1561873,Thigh,stand,-0.060024,-0.90524,0.13664,-12.46,18.41,-2.73,-51
1786635812881,1561890,Thigh,stand,-0.086864,-0.958432,0.171776,-16.24,20.72,-4.41,-51
1786635812881,1561921,Thigh,stand,-0.05612,-1.2322,0.252296,-20.37,16.94,-11.97,-51
1786635812881,1561938,Thigh,stand,-0.140544,-1.402024,0.435784,-2.73,4.55,-9.87,-51
1786635812881,1561956,Thigh,stand,-0.315248,-1.208776,0.562664,20.02,-11.55,8.19,-51
1786635812881,1561973,Thigh,stand,-0.316224,-0.838872,0.394792,5.04,0.91,13.79,-51
1786635813256,1562152,Thigh,stand,-0.10492,-1.121912,0.082472,-14,-0.98,0.21,-53
1786635813256,1562183,Thigh,stand,-0.056608,-0.996496,0.061,-12.81,1.05,2.59,-53
1786635813256,1562200,Thigh,stand,-0.045872,-1.00284,0.05612,-12.53,6.16,1.61,-53
1786635813256,1562217,Thigh,stand,-0.042456,-1.002352,0.059048,-12.32,7.77,0.35,-53
1786635813256,1562234,Thigh,stand,-0.047336,-1.004304,0.085888,-10.08,6.72,-0.35,-53
1786635813256,1562265,Thigh,stand,-0.095648,-0.992592,0.069296,-8.33,0.84,0,-53
1786635813256,1562282,Thigh,stand,-0.135664,-1.001376,0.052216,-8.26,0.42,0.35,-53
1786635813256,1562299,Thigh,stand,-0.159576,-1.004304,0.04392,-7.49,-0.42,1.33,-53
1786635813256,1562316,Thigh,stand,-0.170312,-1.011624,0.041968,-5.46,-3.71,2.94,-53
1786635813256,1562333,Thigh,stand,-0.170312,-1.018944,0.017568,-3.71,-5.67,4.76,-53
1786635813656,1562511,Thigh,stand,-0.155184,-0.99064,0.037088,4.62,21.42,-1.19,-53
1786635813656,1562583,Thigh,stand,-0.160064,-1.0126,0.067832,9.38,0.84,1.75,-53
1786635813656,1562614,Thigh,stand,-0.083936,-1.0004,0.08296,12.46,3.5,1.82,-53
1786635813656,1562631,Thigh,stand,-0.093696,-0.986736,0.078568,12.74,10.78,2.17,-53
1786635813656,1562648,Thigh,stand,-0.152744,-1.001864,0.052704,11.55,18.27,2.73,-53
1786635813656,1562665,Thigh,stand,-0.1586,-1.023336,0.030744,10.36,19.81,4.48,-53
1786635813656,1562696,Thigh,stand,-0.10248,-0.985272,0.07808,12.53,13.65,4.9,-53
1786635813656,1562713,Thigh,stand,-0.124928,-0.996496,0.0732,12.18,12.88,4.34,-53
1786635813656,1562730,Thigh,stand,-0.14152,-0.993568,0.046848,12.25,14.35,3.22,-53
1786635813656,1562747,Thigh,stand,-0.162992,-0.984784,0.038064,13.02,14.56,2.59,-53
1786635814031,1562925,Thigh,stand,-0.176656,-0.978928,0.124928,15.54,24.57,-2.66,-52
1786635814031,1562955,Thigh,stand,-0.190808,-0.976488,0.16348,14.28,16.59,-4.41,-52
1786635814031,1562972,Thigh,stand,-0.18544,-0.97356,0.191296,13.93,13.93,-4.83,-52
1786635814031,1562989,Thigh,stand,-0.163968,-0.967704,0.218136,13.86,10.99,-5.46,-52
1786635814031,1563006,Thigh,stand,-0.1464,-0.96624,0.232288,12.46,10.92,-5.53,-52
1786635814031,1563037,Thigh,stand,-0.142008,-0.973072,0.237168,10.5,12.6,-4.9,-52
1786635814031,1563054,Thigh,stand,-0.151768,-0.971608,0.235704,10.64,14,-4.62,-52
1786635814031,1563071,Thigh,stand,-0.158112,-0.970144,0.231312,10.57,16.38,-4.41,-52
1786635814031,1563088,Thigh,stand,-0.162504,-0.969656,0.229848,10.57,18.69,-3.92,-52
1786635814031,1563105,Thigh,stand,-0.178608,-0.963312,0.232288,10.36,19.32,-3.85,-52
1786635814421,1563284,Thigh,stand,-0.150792,-0.972584,0.225456,5.04,0.63,-4.62,-52
1786635814421,1563314,Thigh,stand,-0.148352,-0.973072,0.229848,4.2,-0.49,-3.99,-52
1786635814421,1563331,Thigh,stand,-0.1464,-0.970144,0.227408,3.71,-1.12,-3.57,-52
1786635814421,1563347,Thigh,stand,-0.156648,-0.972096,0.221552,3.22,-0.84,-2.94,-52
1786635814421,1563364,Thigh,stand,-0.164456,-0.975024,0.2196,3.36,-1.33,-1.75,-52
1786635814421,1563395,Thigh,stand,-0.179584,-0.974048,0.217648,3.5,-3.92,-0.56,-52
1786635814421,1563412,Thigh,stand,-0.18056,-0.976,0.22692,3.29,-4.34,0.56,-52
1786635814421,1563429,Thigh,stand,-0.174216,-0.975512,0.230336,3.22,-5.6,1.26,-52
1786635814421,1563446,Thigh,stand,-0.152256,-0.97356,0.225456,3.08,-6.58,1.12,-52
1786635814421,1563477,Thigh,stand,-0.130296,-0.97844,0.210816,3.22,-8.12,-0.56,-52
1786635814810,1563655,Thigh,stand,-0.094672,-0.981856,0.176656,0.98,-16.31,-1.4,-52
1786635814810,1563686,Thigh,stand,-0.094672,-0.992592,0.172752,0.63,-17.08,-0.28,-52
1786635814810,1563703,Thigh,stand,-0.09516,-0.994544,0.1708,0.91,-16.66,-0.63,-52
1786635814810,1563720,Thigh,stand,-0.093696,-0.992104,0.171288,0.91,-16.45,-0.77,-52
1786635814810,1563737,Thigh,stand,-0.08784,-0.989664,0.179584,0.91,-16.03,-0.98,-52
1786635814810,1563768,Thigh,stand,-0.084912,-0.9882,0.197152,1.12,-14.14,-1.12,-52
1786635814810,1563785,Thigh,stand,-0.090768,-0.982832,0.20984,0.91,-13.16,-0.7,-52
1786635814810,1563802,Thigh,stand,-0.100528,-0.98088,0.221064,1.12,-12.25,-0.21,-52
1786635814810,1563819,Thigh,stand,-0.108824,-0.977952,0.222528,0.98,-11.55,-0.07,-52
1786635814810,1563836,Thigh,stand,-0.114192,-0.977952,0.223504,0.77,-11.62,0.42,-52
1786635815114,1564016,Thigh,stand,-0.09028,-0.989176,0.202032,0.56,-5.95,-1.68,-61
1786635815114,1564047,Thigh,stand,-0.088328,-0.985272,0.200568,-0.28,-6.23,-2.31,-61
1786635815114,1564064,Thigh,stand,-0.08784,-0.985272,0.198616,-0.35,-6.37,-3.08,-61
1786635815114,1564081,Thigh,stand,-0.092232,-0.990152,0.20008,0.21,-5.53,-3.15,-61
1786635815114,1564098,Thigh,stand,-0.09516,-0.983808,0.198128,0.56,-4.34,-3.22,-61
1786635815114,1564129,Thigh,stand,-0.11956,-0.977464,0.206424,0.56,-5.11,-2.52,-61
1786635815114,1564146,Thigh,stand,-0.124928,-0.976976,0.210816,0.21,-4.62,-2.24,-61
1786635815114,1564163,Thigh,stand,-0.127368,-0.977464,0.2196,0.98,-4.55,-1.54,-61
1786635815114,1564180,Thigh,stand,-0.12444,-0.975024,0.2196,1.19,-5.25,-0.84,-61
1786635815114,1564197,Thigh,stand,-0.122488,-0.976488,0.209352,0.7,-5.32,-0.35,-61
1786635815474,1564377,Thigh,stand,-0.081496,-0.984784,0.18788,0.7,-4.41,-0.98,-56
1786635815474,1564408,Thigh,stand,-0.079056,-0.987224,0.192272,0.14,-2.24,-1.89,-56
1786635815474,1564425,Thigh,stand,-0.08784,-0.986736,0.196176,0.56,-1.68,-2.1,-56
1786635815474,1564443,Thigh,stand,-0.09272,-0.988688,0.207888,1.05,-1.82,-1.96,-56
1786635815474,1564460,Thigh,stand,-0.100528,-0.987224,0.214232,1.47,-1.4,-1.89,-56
1786635815474,1564491,Thigh,stand,-0.105408,-0.979904,0.207888,1.12,-0.35,-1.61,-56
1786635815474,1564508,Thigh,stand,-0.111264,-0.981368,0.210328,1.54,-0.35,-1.33,-56
1786635815474,1564525,Thigh,stand,-0.121024,-0.981368,0.212768,1.89,-0.07,-1.19,-56
1786635815474,1564542,Thigh,stand,-0.122976,-0.979904,0.215696,1.68,-0.07,-0.84,-56
1786635815474,1564559,Thigh,stand,-0.12444,-0.979904,0.220088,2.1,0.21,-0.21,-56
1786635815835,1564738,Thigh,stand,-0.100528,-0.984296,0.19764,2.24,-0.14,0.7,-55
1786635815835,1564769,Thigh,stand,-0.099552,-0.981368,0.198128,1.96,-0.07,0.42,-55
1786635815835,1564786,Thigh,stand,-0.102968,-0.98332,0.20496,2.17,-0.42,0.49,-55
1786635815835,1564803,Thigh,stand,-0.105896,-0.982344,0.208376,2.1,-0.21,0.56,-55
1786635815835,1564820,Thigh,stand,-0.10736,-0.981856,0.208376,2.03,0.07,0.63,-55
1786635815835,1564851,Thigh,stand,-0.108336,-0.980392,0.214232,2.31,0.21,0.84,-55
1786635815835,1564867,Thigh,stand,-0.109312,-0.979416,0.213744,2.24,0.14,0.98,-55
1786635815835,1564884,Thigh,stand,-0.113216,-0.981856,0.211792,2.24,0.07,1.05,-55
1786635815835,1564902,Thigh,stand,-0.115168,-0.982344,0.209352,2.45,0.14,1.05,-55
1786635815835,1564919,Thigh,stand,-0.11468,-0.980392,0.2074,2.59,0,1.05,-55
1786635816188,1565095,Thigh,stand,-0.111752,-0.980392,0.211792,2.31,0.49,0.7,-55
1786635816188,1565126,Thigh,stand,-0.11712,-0.979904,0.208376,2.1,-0.07,0.84,-55
1786635816188,1565143,Thigh,stand,-0.11956,-0.979904,0.214232,2.38,-0.07,0.91,-55
1786635816188,1565160,Thigh,stand,-0.120536,-0.97844,0.216184,2.17,0.07,0.91,-55
1786635816188,1565177,Thigh,stand,-0.11712,-0.976,0.211792,1.54,-0.35,0.63,-55
1786635816188,1565208,Thigh,stand,-0.113704,-0.982832,0.211792,1.61,-0.98,0.7,-55
1786635816188,1565225,Thigh,stand,-0.11468,-0.980392,0.213744,1.89,-1.19,0.7,-55
1786635816188,1565241,Thigh,stand,-0.116632,-0.977952,0.215696,2.1,-0.84,0.7,-55
1786635816188,1565258,Thigh,stand,-0.118584,-0.977464,0.21228,1.68,-0.42,0.42,-55
1786635816188,1565275,Thigh,stand,-0.11956,-0.977464,0.21228,1.54,-1.19,0.56,-55
1786635816547,1565451,Thigh,stand,-0.129808,-0.976976,0.215696,1.82,-2.03,0.14,-55
1786635816547,1565482,Thigh,stand,-0.127368,-0.977952,0.213744,1.33,-2.52,0,-55
1786635816547,1565499,Thigh,stand,-0.121024,-0.97844,0.214232,1.4,-2.52,-0.07,-55
1786635816547,1565516,Thigh,stand,-0.119072,-0.977464,0.213744,1.05,-2.8,-0.21,-55
1786635816547,1565533,Thigh,stand,-0.122488,-0.979904,0.213744,1.33,-3.15,-0.14,-55
1786635816547,1565564,Thigh,stand,-0.12932,-0.977952,0.216184,1.4,-3.5,-0.21,-55
1786635816547,1565581,Thigh,stand,-0.129808,-0.97844,0.217648,1.47,-3.71,-0.21,-55
1786635816547,1565598,Thigh,stand,-0.129808,-0.977952,0.221552,1.4,-3.43,0.07,-55
1786635816547,1565615,Thigh,stand,-0.12688,-0.976976,0.221552,1.4,-3.43,0.28,-55
1786635816547,1565632,Thigh,stand,-0.125416,-0.977464,0.220576,1.47,-3.43,0.35,-55
