pc_timestamp,arduino_ms,node_position,activity,ax,ay,az,gx,gy,gz,rssi
1787066256020,44894,Lumbar,stand,-0.02928,1.0126,-0.067832,0.56,0.77,-0.91,-59
1787066256020,44911,Lumbar,stand,-0.03172,1.013088,-0.070272,0.56,0.49,-0.63,-59
1787066256020,44942,Lumbar,stand,-0.03416,1.013088,-0.07076,0.21,0.7,-0.42,-59
1787066256020,44959,Lumbar,stand,-0.032208,1.013576,-0.07076,0.56,0.84,-0.56,-59
1787066256020,44976,Lumbar,stand,-0.030256,1.009672,-0.071248,0.63,0.7,-0.56,-59
1787066256020,44993,Lumbar,stand,-0.031232,1.0126,-0.06832,0.84,0,-0.42,-59
1787066256020,45010,Lumbar,stand,-0.034648,1.016016,-0.065392,0.35,-0.7,-0.28,-59
1787066256020,45041,Lumbar,stand,-0.036112,1.013088,-0.062464,-0.35,-0.56,-0.07,-59
1787066256020,45058,Lumbar,stand,-0.034648,1.012112,-0.06344,-0.21,-0.63,-0.14,-59
1787066256020,45075,Lumbar,stand,-0.031232,1.013088,-0.064904,-0.14,-1.05,-0.14,-59
1787066256354,45251,Lumbar,stand,-0.029768,1.010648,-0.064904,-0.21,-3.22,-0.21,-59
1787066256354,45282,Lumbar,stand,-0.027816,1.013088,-0.057584,0.35,-2.87,0,-59
1787066256354,45300,Lumbar,stand,-0.027816,1.013088,-0.05612,0.21,-2.38,0.07,-59
1787066256354,45316,Lumbar,stand,-0.030744,1.014064,-0.057584,0.21,-2.24,0.07,-59
1787066256354,45333,Lumbar,stand,-0.030744,1.015528,-0.056608,0.14,-2.17,0,-59
1787066256354,45364,Lumbar,stand,-0.028792,1.013576,-0.057584,-0.21,-2.38,0,-59
1787066256354,45381,Lumbar,stand,-0.028304,1.010648,-0.057096,-0.07,-2.38,0,-59
1787066256354,45398,Lumbar,stand,-0.028792,1.009184,-0.05856,0.21,-2.38,0.07,-59
1787066256354,45415,Lumbar,stand,-0.029768,1.011136,-0.060024,0.84,-2.31,0.07,-59
1787066256354,45432,Lumbar,stand,-0.033184,1.014064,-0.060512,1.33,-2.59,0.14,-59
1787066256772,45638,Lumbar,stand,-0.033672,1.016016,-0.053192,1.26,-2.8,0,-61
1787066256772,45669,Lumbar,stand,-0.034648,1.014552,-0.049776,0.56,-2.59,0.07,-61
1787066256772,45686,Lumbar,stand,-0.03416,1.014064,-0.050264,0.56,-2.45,0.07,-61
1787066256772,45703,Lumbar,stand,-0.033672,1.013576,-0.049288,0.56,-2.38,0,-61
1787066256772,45720,Lumbar,stand,-0.032696,1.014064,-0.048312,0.42,-2.31,-0.21,-61
1787066256772,45751,Lumbar,stand,-0.033184,1.017968,-0.051728,0.49,-2.59,0,-61
1787066256772,45768,Lumbar,stand,-0.03172,1.018456,-0.054168,-0.07,-2.31,-0.07,-61
1787066256772,45785,Lumbar,stand,-0.032696,1.013576,-0.053192,-0.49,-1.68,-0.42,-61
1787066256772,45802,Lumbar,stand,-0.029768,1.007232,-0.049288,0.21,-1.89,-0.42,-61
1787066256772,45819,Lumbar,stand,-0.030744,1.00772,-0.049776,1.26,-2.45,-0.07,-61
1787066257123,45995,Lumbar,stand,-0.034648,1.011136,-0.05124,2.24,-0.56,0.42,-61
1787066257123,46026,Lumbar,stand,-0.033672,1.01504,-0.055144,2.52,-0.56,0.63,-61
1787066257123,46043,Lumbar,stand,-0.03416,1.014552,-0.052704,2.38,-0.49,0.63,-61
1787066257123,46060,Lumbar,stand,-0.033672,1.011136,-0.053192,2.38,-0.49,0.63,-61
1787066257123,46077,Lumbar,stand,-0.032696,1.008696,-0.049776,2.87,-0.98,0.84,-61
1787066257123,46108,Lumbar,stand,-0.034648,1.01748,-0.05612,3.08,-0.77,0.77,-61
1787066257123,46125,Lumbar,stand,-0.037576,1.016504,-0.055632,2.24,-0.84,0.63,-61
1787066257123,46142,Lumbar,stand,-0.037576,1.011624,-0.052216,2.24,-1.05,0.63,-61
1787066257123,46158,Lumbar,stand,-0.0366,1.010648,-0.050752,2.94,-1.82,0.56,-61
1787066257123,46175,Lumbar,stand,-0.032696,1.0126,-0.050752,3.22,-2.1,0.49,-61
1787066257477,46350,Lumbar,stand,-0.030256,1.015528,-0.059536,2.94,-1.82,0.7,-61
1787066257477,46381,Lumbar,stand,-0.028792,1.014552,-0.059048,2.87,-1.89,0.63,-61
1787066257477,46398,Lumbar,stand,-0.030744,1.014552,-0.057584,3.08,-2.03,0.49,-61
1787066257477,46415,Lumbar,stand,-0.03172,1.015528,-0.05856,3.08,-2.31,0.56,-61
1787066257477,46432,Lumbar,stand,-0.030256,1.01504,-0.059536,3.01,-2.45,0.56,-61
1787066257477,46463,Lumbar,stand,-0.029768,1.014552,-0.060512,2.52,-2.31,0.77,-61
1787066257477,46480,Lumbar,stand,-0.029768,1.014552,-0.059048,2.45,-2.03,0.7,-61
1787066257477,46497,Lumbar,stand,-0.030744,1.015528,-0.059048,2.45,-1.89,0.63,-61
1787066257477,46514,Lumbar,stand,-0.03172,1.014064,-0.059048,2.45,-1.68,0.49,-61
1787066257477,46531,Lumbar,stand,-0.029768,1.01504,-0.057584,2.52,-1.75,0.42,-61
1787066257833,46705,Lumbar,stand,-0.03172,1.014064,-0.067832,2.59,-0.77,0.21,-58
1787066257833,46736,Lumbar,stand,-0.029768,1.014552,-0.062464,2.66,-1.26,0.21,-58
1787066257833,46753,Lumbar,stand,-0.030744,1.016504,-0.062952,2.59,-1.4,0.14,-58
1787066257833,46770,Lumbar,stand,-0.035624,1.01748,-0.064416,2.17,-1.33,0.21,-58
1787066257833,46787,Lumbar,stand,-0.03904,1.015528,-0.064904,1.82,-1.12,0.28,-58
1787066257833,46818,Lumbar,stand,-0.033672,1.011624,-0.064416,1.96,-1.12,0.28,-58
1787066257833,46835,Lumbar,stand,-0.030744,1.011624,-0.065392,2.31,-1.54,0.42,-58
1787066257833,46852,Lumbar,stand,-0.030744,1.013088,-0.065392,2.24,-1.68,0.42,-58
1787066257833,46869,Lumbar,stand,-0.035136,1.011624,-0.063928,2.1,-1.82,0.56,-58
1787066257833,46886,Lumbar,stand,-0.03416,1.012112,-0.062464,2.17,-1.96,0.63,-58
1787066258191,47061,Lumbar,stand,-0.030744,1.016016,-0.071736,2.17,-1.75,0.7,-58
1787066258191,47092,Lumbar,stand,-0.030256,1.011624,-0.066856,2.66,-2.17,0.84,-58
1787066258191,47110,Lumbar,stand,-0.029768,1.010648,-0.066368,2.66,-2.52,0.84,-58
1787066258191,47126,Lumbar,stand,-0.027816,1.0126,-0.066368,2.87,-2.59,0.56,-58
1787066258191,47143,Lumbar,stand,-0.028304,1.014064,-0.067344,2.87,-2.38,0.42,-58
1787066258191,47174,Lumbar,stand,-0.02684,1.014552,-0.065392,2.59,-2.1,0.42,-58
1787066258191,47191,Lumbar,stand,-0.028304,1.011136,-0.067344,2.59,-1.54,0.28,-58
1787066258191,47208,Lumbar,stand,-0.028304,1.010648,-0.071248,2.94,-1.54,0.14,-58
1787066258191,47225,Lumbar,stand,-0.028304,1.013088,-0.074176,3.01,-1.61,0.21,-58
1787066258191,47242,Lumbar,stand,-0.027328,1.017968,-0.076128,2.59,-1.82,0.21,-58
1787066258548,47417,Lumbar,stand,-0.029768,1.006256,-0.072224,1.4,-2.45,-0.28,-58
1787066258548,47448,Lumbar,stand,-0.032208,1.009184,-0.072712,2.94,-2.94,0,-58
1787066258548,47465,Lumbar,stand,-0.033672,1.013576,-0.074176,2.87,-2.52,0.07,-58
1787066258548,47483,Lumbar,stand,-0.033184,1.016992,-0.077592,2.45,-2.52,0,-58
1787066258548,47500,Lumbar,stand,-0.033672,1.016504,-0.07808,1.75,-2.66,-0.28,-58
1787066258548,47531,Lumbar,stand,-0.032696,1.013576,-0.067832,1.54,-3.36,-0.21,-58
1787066258548,47548,Lumbar,stand,-0.033672,1.013576,-0.06832,1.12,-3.64,0.07,-58
1787066258548,47565,Lumbar,stand,-0.034648,1.016504,-0.06832,0.84,-3.57,0.07,-58
1787066258548,47582,Lumbar,stand,-0.033184,1.014552,-0.068808,0.49,-3.22,-0.07,-58
1787066258548,47599,Lumbar,stand,-0.03172,1.01504,-0.067832,0.35,-2.87,-0.14,-58
1787066258905,47774,Lumbar,stand,-0.03172,1.011136,-0.066368,-0.28,-3.08,0.28,-72
1787066258905,47806,Lumbar,stand,-0.030744,1.010648,-0.063928,0.77,-2.94,-0.07,-72
1787066258905,47824,Lumbar,stand,-0.03416,1.013576,-0.06832,1.05,-2.59,-0.14,-72
1787066258905,47842,Lumbar,stand,-0.035136,1.014064,-0.0732,0.84,-2.59,-0.21,-72
1787066258905,47859,Lumbar,stand,-0.036112,1.0126,-0.073688,0.7,-3.01,-0.14,-72
1787066258905,47876,Lumbar,stand,-0.038552,1.0126,-0.071248,0.56,-3.29,-0.07,-72
1787066258905,47907,Lumbar,stand,-0.036112,1.011624,-0.061488,0.77,-3.15,0.14,-72
1787066258905,47924,Lumbar,stand,-0.037088,1.013576,-0.060512,0.84,-2.87,0.07,-72
1787066258905,47941,Lumbar,stand,-0.037088,1.013576,-0.065392,0.84,-2.45,0,-72
1787066258905,47958,Lumbar,stand,-0.037576,1.0126,-0.069784,0.91,-2.52,0,-72
1787066259261,48131,Lumbar,stand,-0.032208,1.016016,-0.065392,1.12,-2.31,-0.14,-72
1787066259261,48162,Lumbar,stand,-0.033184,1.01748,-0.063928,0.28,-2.03,0.14,-72
1787066259261,48179,Lumbar,stand,-0.035136,1.012112,-0.062464,0.07,-1.89,0,-72
1787066259261,48196,Lumbar,stand,-0.033672,1.006744,-0.057584,0.7,-2.17,0,-72
1787066259261,48213,Lumbar,stand,-0.033184,1.010648,-0.056608,1.54,-2.66,0.07,-72
1787066259261,48244,Lumbar,stand,-0.036112,1.014552,-0.058072,1.05,-1.61,0,-72
1787066259261,48261,Lumbar,stand,-0.037088,1.014552,-0.060512,0.84,-1.12,-0.07,-72
1787066259261,48278,Lumbar,stand,-0.032696,1.011136,-0.062464,0.98,-1.26,-0.07,-72
1787066259261,48295,Lumbar,stand,-0.031232,1.014552,-0.061488,1.26,-1.75,0,-72
1787066259261,48312,Lumbar,stand,-0.032696,1.016016,-0.061,1.12,-1.82,0.28,-72
1787066259617,48487,Lumbar,stand,-0.038064,1.015528,-0.05612,0.56,-1.61,-0.07,-72
1787066259617,48518,Lumbar,stand,-0.039528,1.013576,-0.061,0.35,-1.82,-0.07,-72
1787066259617,48535,Lumbar,stand,-0.038064,1.014064,-0.056608,0.42,-2.03,0,-72
1787066259617,48552,Lumbar,stand,-0.035624,1.014552,-0.056608,0.77,-2.31,-0.07,-72
1787066259617,48569,Lumbar,stand,-0.036112,1.014552,-0.058072,0.91,-2.45,0,-72
1787066259617,48600,Lumbar,stand,-0.037576,1.0126,-0.057096,0.63,-2.24,0.21,-72
1787066259617,48617,Lumbar,stand,-0.038552,1.011136,-0.055144,0.63,-2.31,0.14,-72
1787066259617,48634,Lumbar,stand,-0.03904,1.009672,-0.054168,0.91,-2.52,0.07,-72
1787066259617,48651,Lumbar,stand,-0.038064,1.010648,-0.054168,1.4,-2.66,0.07,-72
1787066259617,48668,Lumbar,stand,-0.034648,1.011624,-0.054656,1.61,-2.59,0.07,-72
1787066259974,48843,Lumbar,stand,-0.035136,1.013576,-0.056608,2.03,-2.45,0.7,-72
1787066259974,48874,Lumbar,stand,-0.033184,1.01748,-0.061,1.47,-2.38,0.7,-72
1787066259974,48891,Lumbar,stand,-0.035136,1.011624,-0.058072,0.98,-2.03,0.56,-72
1787066259974,48908,Lumbar,stand,-0.037088,1.008208,-0.05612,1.19,-1.89,0.56,-72
1787066259974,48925,Lumbar,stand,-0.032696,1.008208,-0.05368,2.31,-1.89,0.49,-72
1787066259974,48956,Lumbar,stand,-0.03416,1.014064,-0.05612,2.59,-2.38,0.77,-72
1787066259974,48973,Lumbar,stand,-0.034648,1.015528,-0.055632,2.52,-2.1,0.77,-72
1787066259974,48989,Lumbar,stand,-0.035624,1.016992,-0.057096,2.45,-1.75,0.7,-72
1787066259974,49006,Lumbar,stand,-0.03416,1.0126,-0.059048,2.17,-1.68,0.49,-72
1787066259974,49023,Lumbar,stand,-0.03416,1.01016,-0.057096,2.38,-2.03,0.42,-72
1787066260330,49199,Lumbar,stand,-0.034648,1.011624,-0.05368,2.31,-1.75,0.49,-55
1787066260330,49230,Lumbar,stand,-0.035624,1.014064,-0.060512,2.17,-1.89,0.21,-55
1787066260330,49247,Lumbar,stand,-0.038552,1.012112,-0.061,2.1,-1.89,0.21,-55
1787066260330,49264,Lumbar,stand,-0.037576,1.012112,-0.060024,2.24,-1.75,0.21,-55
1787066260330,49281,Lumbar,stand,-0.035624,1.013088,-0.061976,2.52,-2.38,0.14,-55
1787066260330,49312,Lumbar,stand,-0.037088,1.014552,-0.061976,2.31,-2.94,0.21,-55
1787066260330,49329,Lumbar,stand,-0.038064,1.014552,-0.05856,2.03,-2.73,0.14,-55
1787066260330,49346,Lumbar,stand,-0.03904,1.016504,-0.054168,1.89,-2.52,0,-55
1787066260330,49363,Lumbar,stand,-0.038552,1.016992,-0.056608,1.54,-2.87,-0.14,-55
1787066260330,49380,Lumbar,stand,-0.037576,1.017968,-0.056608,1.4,-3.01,-0.14,-55
1787066260686,49555,Lumbar,stand,-0.037088,1.01016,-0.045872,-0.28,-2.73,0,-57
1787066260686,49586,Lumbar,stand,-0.033184,1.01504,-0.049288,-0.21,-2.45,0.07,-57
1787066260686,49603,Lumbar,stand,-0.03172,1.0126,-0.051728,-0.35,-2.17,0.21,-57
1787066260686,49620,Lumbar,stand,-0.038064,1.01016,-0.049288,-0.14,-1.82,0.49,-57
1787066260686,49637,Lumbar,stand,-0.040016,1.008696,-0.046848,0.49,-2.03,0.35,-57
1787066260686,49668,Lumbar,stand,-0.040016,1.006744,-0.044408,2.66,-1.61,0.28,-57
1787066260686,49685,Lumbar,stand,-0.035136,1.016016,-0.05124,3.08,-1.26,0.35,-57
1787066260686,49702,Lumbar,stand,-0.033184,1.020896,-0.054656,2.87,-1.33,0.42,-57
1787066260686,49719,Lumbar,stand,-0.035136,1.021872,-0.062464,1.61,-1.47,0.7,-57
1787066260686,49736,Lumbar,stand,-0.037088,1.011136,-0.061488,0.84,-1.33,0.7,-57
1787066261043,49911,Lumbar,stand,-0.040016,1.014552,-0.057096,2.17,-1.54,0.56,-57
1787066261043,49941,Lumbar,stand,-0.032696,1.013576,-0.056608,2.73,-0.77,0.28,-57
1787066261043,49959,Lumbar,stand,-0.030744,1.01504,-0.067344,3.01,-0.84,0.28,-57
1787066261043,49975,Lumbar,stand,-0.028792,1.01748,-0.073688,3.29,-1.12,0.35,-57
1787066261043,49992,Lumbar,stand,-0.02928,1.02236,-0.079544,2.66,-1.26,0.28,-57
1787066261043,50023,Lumbar,stand,-0.03416,1.01016,-0.055632,2.03,-1.4,0.49,-57
1787066261043,50040,Lumbar,stand,-0.04148,1.003816,-0.043432,2.59,-1.47,0.63,-57
1787066261043,50057,Lumbar,stand,-0.043432,1.006744,-0.042944,3.85,-1.75,0.7,-57
1787066261043,50074,Lumbar,stand,-0.039528,1.01504,-0.059536,3.99,-1.47,0.56,-57
1787066261043,50091,Lumbar,stand,-0.037576,1.01504,-0.069784,2.94,-1.26,0.49,-57
1787066261562,50266,Lumbar,stand,-0.03416,1.009672,-0.061488,6.3,-3.92,0.98,-57
1787066261562,50298,Lumbar,stand,-0.025376,1.013576,-0.075152,5.67,-3.57,0.98,-57
1787066261562,50315,Lumbar,stand,-0.023912,1.009672,-0.074176,5.53,-3.22,0.98,-57
1787066261562,50332,Lumbar,stand,-0.022936,1.009672,-0.069784,5.81,-2.24,0.98,-57
1787066261562,50349,Lumbar,stand,-0.023912,1.013088,-0.06832,5.67,-1.82,0.84,-57
1787066261562,50380,Lumbar,stand,-0.022448,1.017968,-0.078568,5.39,-1.26,0.98,-57
1787066261562,50397,Lumbar,stand,-0.025864,1.027728,-0.091744,5.11,-0.42,0.84,-57
1787066261562,50414,Lumbar,stand,-0.031232,1.030168,-0.098576,3.36,-0.35,0.42,-57
1787066261562,50431,Lumbar,stand,-0.032208,1.018456,-0.094672,1.68,-1.33,0.7,-57
1787066261562,50448,Lumbar,stand,-0.029768,1.014064,-0.087352,1.4,-1.82,1.12,-57
1787066261755,50623,Lumbar,stand,-0.037088,1.008696,-0.082472,2.24,-2.52,0.28,-54
1787066261755,50654,Lumbar,stand,-0.039528,1.00772,-0.082472,3.01,-3.43,0.49,-54
1787066261755,50671,Lumbar,stand,-0.033184,1.012112,-0.081496,3.78,-3.22,0.56,-54
1787066261755,50688,Lumbar,stand,-0.030744,1.019432,-0.08296,3.43,-2.66,0.77,-54
1787066261755,50705,Lumbar,stand,-0.031232,1.02236,-0.080032,1.68,-1.89,0.63,-54
1787066261755,50736,Lumbar,stand,-0.035136,1.013576,-0.07076,0.84,-2.59,1.05,-54
1787066261755,50753,Lumbar,stand,-0.035136,1.0126,-0.075152,0.98,-3.15,1.4,-54
1787066261755,50770,Lumbar,stand,-0.035624,1.0126,-0.080032,0.77,-3.01,1.54,-54
1787066261755,50787,Lumbar,stand,-0.036112,1.0126,-0.085888,0.56,-2.94,1.54,-54
1787066261755,50804,Lumbar,stand,-0.033184,1.01504,-0.088328,0.28,-2.94,1.26,-54
1787066262179,50979,Lumbar,stand,-0.033184,1.021872,-0.075152,-2.59,-2.59,0.77,-54
1787066262179,51010,Lumbar,stand,-0.02684,1.011624,-0.067344,-2.52,-2.24,0.28,-54
1787066262179,51028,Lumbar,stand,-0.024888,1.014064,-0.067832,-1.75,-2.8,-0.07,-54
1787066262179,51044,Lumbar,stand,-0.025864,1.01504,-0.069296,-2.1,-2.73,-0.07,-54
1787066262179,51061,Lumbar,stand,-0.03172,1.0126,-0.07564,-2.38,-2.59,0.21,-54
1787066262179,51092,Lumbar,stand,-0.031232,1.00528,-0.074176,-1.4,-2.8,0.07,-54
1787066262179,51109,Lumbar,stand,-0.030256,1.007232,-0.074176,-0.7,-3.15,-0.28,-54
1787066262179,51126,Lumbar,stand,-0.02928,1.017968,-0.072224,-0.28,-3.64,-0.28,-54
1787066262179,51143,Lumbar,stand,-0.027816,1.014064,-0.067344,-1.47,-3.57,-0.14,-54
1787066262179,51160,Lumbar,stand,-0.025376,1.008208,-0.062464,-0.91,-2.8,0.14,-54
1787066262471,51335,Lumbar,stand,-0.033184,1.016016,-0.066368,0.98,-1.75,-0.49,-55
1787066262471,51366,Lumbar,stand,-0.035624,1.011624,-0.054656,0.56,-1.96,-0.28,-55
1787066262471,51382,Lumbar,stand,-0.033672,1.009672,-0.054656,0.77,-1.89,-0.28,-55
1787066262471,51399,Lumbar,stand,-0.033184,1.011624,-0.05856,1.19,-1.89,-0.35,-55
1787066262471,51417,Lumbar,stand,-0.038064,1.014064,-0.060024,1.19,-2.31,-0.28,-55
1787066262471,51448,Lumbar,stand,-0.040992,1.016016,-0.055144,0.84,-2.94,-0.21,-55
1787066262471,51465,Lumbar,stand,-0.038064,1.013576,-0.055144,0.98,-3.08,-0.28,-55
1787066262471,51482,Lumbar,stand,-0.035136,1.013088,-0.05856,1.05,-3.15,-0.35,-55
1787066262471,51499,Lumbar,stand,-0.035136,1.014552,-0.059048,0.98,-3.01,-0.35,-55
1787066262471,51516,Lumbar,stand,-0.0366,1.01504,-0.061,1.05,-3.22,-0.21,-55
1787066262830,51694,Lumbar,stand,-0.031232,1.013576,-0.048312,1.47,-5.25,-0.28,-55
1787066262830,51726,Lumbar,stand,-0.030744,1.011136,-0.051728,2.03,-4.83,-0.14,-55
1787066262830,51743,Lumbar,stand,-0.02928,1.0126,-0.05124,2.03,-3.99,-0.14,-55
1787066262830,51761,Lumbar,stand,-0.030256,1.01504,-0.050752,2.24,-3.64,-0.21,-55
1787066262830,51778,Lumbar,stand,-0.02684,1.010648,-0.057096,2.1,-3.36,-0.21,-55
1787066262830,51795,Lumbar,stand,-0.028304,1.01016,-0.060512,2.59,-3.5,0,-55
1787066262830,51826,Lumbar,stand,-0.033672,1.013576,-0.063928,3.5,-2.73,0.28,-55
1787066262830,51843,Lumbar,stand,-0.03416,1.020408,-0.062464,3.5,-2.45,0.21,-55
1787066262830,51860,Lumbar,stand,-0.029768,1.012112,-0.060512,2.87,-1.96,-0.14,-55
1787066262830,51877,Lumbar,stand,-0.029768,1.006744,-0.057584,3.71,-1.4,0.07,-55
1787066263187,52052,Lumbar,stand,-0.042456,1.014064,-0.061,2.59,-0.49,-0.14,-55
1787066263187,52083,Lumbar,stand,-0.04148,1.013088,-0.068808,2.87,-1.4,-0.07,-55
1787066263187,52101,Lumbar,stand,-0.043432,1.014064,-0.068808,2.94,-1.4,0,-55
1787066263187,52117,Lumbar,stand,-0.041968,1.016992,-0.061976,2.8,-1.61,-0.07,-55
1787066263187,52134,Lumbar,stand,-0.042944,1.014552,-0.057584,2.52,-1.75,0,-55
1787066263187,52165,Lumbar,stand,-0.039528,1.01748,-0.057584,2.45,-2.45,-0.14,-55
1787066263187,52182,Lumbar,stand,-0.038552,1.018456,-0.060024,2.24,-2.66,-0.07,-55
1787066263187,52199,Lumbar,stand,-0.040504,1.018456,-0.062464,1.54,-2.66,-0.14,-55
1787066263187,52216,Lumbar,stand,-0.04148,1.018944,-0.061976,0.84,-2.66,-0.07,-55
1787066263187,52233,Lumbar,stand,-0.042456,1.01504,-0.059048,0.7,-2.73,-0.07,-55
1787066263544,52409,Lumbar,stand,-0.038064,1.013576,-0.05856,0.49,-3.36,0.35,-55
1787066263544,52441,Lumbar,stand,-0.04148,1.010648,-0.060512,0.84,-3.22,0.28,-55
1787066263544,52458,Lumbar,stand,-0.03904,1.0126,-0.058072,1.19,-3.29,0.28,-55
1787066263544,52475,Lumbar,stand,-0.037576,1.014552,-0.061,1.19,-3.15,0.28,-55
1787066263544,52492,Lumbar,stand,-0.039528,1.012112,-0.061488,0.98,-3.36,0.35,-55
1787066263544,52523,Lumbar,stand,-0.03904,1.010648,-0.056608,0.84,-3.01,0.35,-55
1787066263544,52540,Lumbar,stand,-0.035136,1.009672,-0.05612,1.12,-2.73,0.28,-55
1787066263544,52557,Lumbar,stand,-0.03416,1.0126,-0.056608,1.54,-2.38,0.14,-55
1787066263544,52574,Lumbar,stand,-0.033184,1.015528,-0.059048,1.68,-2.38,0.14,-55
1787066263544,52591,Lumbar,stand,-0.034648,1.013088,-0.06344,1.4,-2.31,0.28,-55
1787066263900,52766,Lumbar,stand,-0.044408,1.01016,-0.060512,2.8,-4.06,0.42,-54
1787066263900,52797,Lumbar,stand,-0.042456,1.008208,-0.057584,3.57,-4.13,0,-54
1787066263900,52814,Lumbar,stand,-0.04148,1.014064,-0.059536,3.92,-4.76,0,-54
1787066263900,52831,Lumbar,stand,-0.04392,1.016504,-0.064904,3.22,-4.55,0.07,-54
1787066263900,52848,Lumbar,stand,-0.044896,1.014552,-0.065392,2.87,-4.13,0.07,-54
1787066263900,52879,Lumbar,stand,-0.042456,1.014552,-0.068808,3.15,-3.99,-0.28,-54
1787066263900,52896,Lumbar,stand,-0.040992,1.01504,-0.069296,3.15,-4.06,-0.35,-54
1787066263900,52913,Lumbar,stand,-0.042456,1.021872,-0.06832,2.73,-3.99,-0.28,-54
1787066263900,52930,Lumbar,stand,-0.04392,1.021384,-0.067344,1.47,-4.13,-0.21,-54
1787066263900,52947,Lumbar,stand,-0.048312,1.013576,-0.062952,0.91,-4.27,-0.07,-54
1787066264258,53121,Lumbar,stand,-0.050264,1.015528,-0.067344,1.26,-10.08,-0.35,-54
1787066264258,53152,Lumbar,stand,-0.049776,1.008696,-0.060024,1.96,-10.57,-0.49,-54
1787066264258,53169,Lumbar,stand,-0.050264,1.01016,-0.060512,2.31,-11.06,-0.49,-54
1787066264258,53186,Lumbar,stand,-0.050264,1.012112,-0.061976,2.66,-11.76,-0.35,-54
1787066264258,53203,Lumbar,stand,-0.046848,1.013088,-0.063928,2.87,-11.83,-0.28,-54
1787066264258,53234,Lumbar,stand,-0.04636,1.013088,-0.070272,2.52,-11.48,-0.28,-54
1787066264258,53251,Lumbar,stand,-0.048312,1.013576,-0.067344,2.45,-11.83,-0.14,-54
1787066264258,53268,Lumbar,stand,-0.045872,1.011136,-0.064904,2.45,-11.76,-0.28,-54
1787066264258,53285,Lumbar,stand,-0.04392,1.010648,-0.06344,2.59,-11.55,-0.28,-54
1787066264258,53302,Lumbar,stand,-0.039528,1.010648,-0.063928,2.73,-10.78,-0.28,-54
1787066264617,53479,Lumbar,stand,-0.0366,1.01504,-0.077592,3.71,-3.29,0.84,-54
1787066264617,53510,Lumbar,stand,-0.04148,1.019432,-0.071736,1.82,-3.15,0.84,-54
1787066264617,53527,Lumbar,stand,-0.044896,1.014064,-0.061976,1.33,-2.17,0.77,-54
1787066264617,53544,Lumbar,stand,-0.046848,1.013088,-0.055144,2.03,-0.63,0.21,-54
1787066264617,53561,Lumbar,stand,-0.045872,1.009184,-0.061,2.59,0.7,-0.42,-54
1787066264617,53592,Lumbar,stand,-0.035136,1.01748,-0.074664,2.73,1.12,-0.84,-54
1787066264617,53609,Lumbar,stand,-0.037088,1.019432,-0.08296,1.82,0.98,-1.12,-54
1787066264617,53626,Lumbar,stand,-0.042944,1.016016,-0.083936,1.54,0.7,-1.33,-54
1787066264617,53643,Lumbar,stand,-0.046848,1.0126,-0.083448,0.7,0.63,-1.4,-54
1787066264617,53660,Lumbar,stand,-0.057584,0.99552,-0.072712,0.84,0.49,-1.33,-54
1787066264971,53835,Lumbar,stand,-0.06344,1.019432,-0.083936,2.73,-2.03,0.77,-55
1787066264971,53867,Lumbar,stand,-0.059048,1.01504,-0.0854,1.19,-1.75,0.63,-55
1787066264971,53884,Lumbar,stand,-0.058072,1.011624,-0.086376,1.26,-2.24,0.49,-55
1787066264971,53901,Lumbar,stand,-0.05856,1.01504,-0.087352,1.47,-3.22,0.35,-55
1787066264971,53918,Lumbar,stand,-0.059048,1.017968,-0.091256,1.33,-3.64,0.28,-55
1787066264971,53949,Lumbar,stand,-0.057584,1.01504,-0.089792,0.28,-3.64,0.14,-55
1787066264971,53966,Lumbar,stand,-0.05612,1.009184,-0.079544,0.28,-3.57,0.42,-55
1787066264971,53983,Lumbar,stand,-0.049288,1.009184,-0.076128,0.42,-3.36,0.42,-55
1787066264971,54000,Lumbar,stand,-0.044408,1.010648,-0.076128,0.63,-2.8,0.35,-55
1787066264971,54016,Lumbar,stand,-0.04636,1.009184,-0.07564,0.49,-2.59,0.35,-55
1787066265332,54192,Lumbar,stand,-0.056608,1.008208,-0.079544,1.4,-1.96,-0.63,-55
1787066265332,54223,Lumbar,stand,-0.058072,1.011136,-0.074664,1.54,-1.61,-0.49,-55
1787066265332,54240,Lumbar,stand,-0.056608,1.008696,-0.072712,1.82,-1.54,-0.49,-55
1787066265332,54257,Lumbar,stand,-0.055144,1.008208,-0.074176,2.24,-1.47,-0.28,-55
1787066265332,54274,Lumbar,stand,-0.052216,1.009184,-0.072712,2.31,-1.4,-0.14,-55
1787066265332,54305,Lumbar,stand,-0.0488,1.009184,-0.065392,3.36,-0.07,-0.35,-55
1787066265332,54322,Lumbar,stand,-0.049288,1.013576,-0.067344,3.36,0.07,-0.49,-55
1787066265332,54339,Lumbar,stand,-0.054168,1.01504,-0.074176,3.08,-0.56,-0.77,-55
1787066265332,54356,Lumbar,stand,-0.05612,1.0126,-0.07808,2.52,-1.33,-0.7,-55
1787066265332,54373,Lumbar,stand,-0.060024,1.009672,-0.07564,2.45,-1.19,-0.7,-55
1787066265686,54549,Lumbar,stand,-0.053192,1.010648,-0.076616,2.87,-3.71,0.07,-55
1787066265686,54581,Lumbar,stand,-0.054168,1.015528,-0.088816,2.1,-2.38,0.21,-55
1787066265686,54598,Lumbar,stand,-0.055632,1.013088,-0.08784,1.75,-2.8,0.42,-55
1787066265686,54615,Lumbar,stand,-0.058072,1.005768,-0.085888,1.75,-3.01,0.49,-55
1787066265686,54632,Lumbar,stand,-0.060512,1.009672,-0.079056,2.66,-3.15,0.56,-55
1787066265686,54663,Lumbar,stand,-0.05856,1.01748,-0.081008,1.96,-3.08,1.05,-55
1787066265686,54680,Lumbar,stand,-0.057096,1.015528,-0.082472,0.91,-2.24,1.26,-55
1787066265686,54697,Lumbar,stand,-0.052216,1.008208,-0.080032,0.7,-1.47,1.19,-55
1787066265686,54714,Lumbar,stand,-0.047336,1.004792,-0.078568,1.26,-0.98,1.05,-55
1787066265686,54731,Lumbar,stand,-0.045872,1.009672,-0.07564,2.24,-0.35,0.91,-55
1787066266044,54906,Lumbar,stand,-0.05856,1.0126,-0.081984,2.66,-0.42,0.21,-56
1787066266044,54937,Lumbar,stand,-0.059536,1.015528,-0.081984,2.03,0.35,0.21,-56
1787066266044,54954,Lumbar,stand,-0.061488,1.013576,-0.08784,1.33,0.42,0.07,-56
1787066266044,54971,Lumbar,stand,-0.060024,1.008696,-0.09028,1.33,-0.21,0,-56
1787066266044,54988,Lumbar,stand,-0.059048,1.004304,-0.086376,2.1,-1.26,0.14,-56
1787066266044,55019,Lumbar,stand,-0.063928,1.012112,-0.083448,2.45,-2.1,-0.14,-56
1787066266044,55036,Lumbar,stand,-0.066856,1.012112,-0.081008,2.38,-2.87,-0.56,-56
1787066266044,55052,Lumbar,stand,-0.066856,1.016504,-0.083448,2.24,-3.71,-0.63,-56
1787066266044,55071,Lumbar,stand,-0.062952,1.016016,-0.08296,1.26,-4.34,-0.49,-56
1787066266044,55088,Lumbar,stand,-0.05856,1.015528,-0.081984,0.77,-3.71,-0.49,-56
1787066266401,55263,Lumbar,stand,-0.054168,1.011624,-0.081984,1.05,-4.48,0.07,-56
1787066266401,55294,Lumbar,stand,-0.056608,1.013088,-0.0854,0.91,-3.57,-0.21,-56
1787066266401,55311,Lumbar,stand,-0.05856,1.010648,-0.078568,1.4,-5.25,0,-56
1787066266401,55328,Lumbar,stand,-0.058072,1.011624,-0.088328,1.05,-5.53,0.56,-56
1787066266401,55345,Lumbar,stand,-0.054168,1.001376,-0.08784,-0.07,-4.41,0.7,-56
1787066266401,55376,Lumbar,stand,-0.057096,1.004792,-0.07564,2.31,-2.87,0.91,-56
1787066266401,55393,Lumbar,stand,-0.061488,1.008696,-0.084912,3.36,-2.66,0.98,-56
1787066266401,55410,Lumbar,stand,-0.061488,1.011136,-0.08784,3.08,-2.73,1.33,-56
1787066266401,55427,Lumbar,stand,-0.054168,1.009184,-0.081496,2.45,-2.24,1.47,-56
1787066266401,55444,Lumbar,stand,-0.052216,0.998936,-0.064416,2.87,-0.7,1.54,-56
1787066266756,55620,Lumbar,stand,-0.050264,1.011624,-0.08052,1.96,2.94,0.91,-56
1787066266756,55651,Lumbar,stand,-0.052216,1.006256,-0.0854,1.89,2.66,0.63,-56
1787066266756,55668,Lumbar,stand,-0.051728,1.006256,-0.08296,3.78,1.54,0.63,-56
1787066266756,55685,Lumbar,stand,-0.05368,1.009672,-0.081984,5.18,0.84,0.56,-56
1787066266756,55702,Lumbar,stand,-0.057096,1.013576,-0.081984,5.11,0.42,0.49,-56
1787066266756,55733,Lumbar,stand,-0.059536,1.014064,-0.0976,2.8,-0.49,0.14,-56
1787066266756,55750,Lumbar,stand,-0.059048,1.013088,-0.0976,2.31,-0.84,0.21,-56
1787066266756,55767,Lumbar,stand,-0.05612,1.011624,-0.084912,2.17,-2.17,0.21,-56
1787066266756,55784,Lumbar,stand,-0.05368,1.014064,-0.06832,2.8,-2.38,0.42,-56
1787066266756,55801,Lumbar,stand,-0.054656,1.02236,-0.079056,2.45,-1.4,0.21,-56
1787066267298,55975,Lumbar,stand,-0.057584,1.016504,-0.087352,-0.07,-1.33,-0.21,-56
1787066267298,56006,Lumbar,stand,-0.058072,1.0126,-0.09272,-1.33,-2.38,0.42,-56
1787066267298,56023,Lumbar,stand,-0.054656,1.011624,-0.08784,-1.26,-2.38,0.49,-56
1787066267298,56040,Lumbar,stand,-0.05368,1.014064,-0.08296,-0.7,-2.1,0.21,-56
1787066267298,56057,Lumbar,stand,-0.053192,1.013576,-0.080032,-0.98,-2.52,-0.14,-56
1787066267298,56088,Lumbar,stand,-0.063928,1.009672,-0.102968,-0.7,-3.85,-0.21,-56
1787066267298,56105,Lumbar,stand,-0.059048,1.009184,-0.099552,0.21,-5.25,0,-56
1787066267298,56121,Lumbar,stand,-0.050752,1.013088,-0.085888,-0.14,-5.95,0.56,-56
1787066267298,56138,Lumbar,stand,-0.0488,1.012112,-0.074664,-0.84,-5.53,1.33,-56
1787066267298,56155,Lumbar,stand,-0.050752,1.008208,-0.070272,-1.33,-4.97,1.54,-56
1787066267471,56330,Lumbar,stand,-0.054168,1.008696,-0.069296,-0.14,-1.19,0.56,-54
1787066267471,56361,Lumbar,stand,-0.051728,1.012112,-0.074664,0.07,-1.12,0.35,-54
1787066267471,56378,Lumbar,stand,-0.054168,1.016504,-0.082472,0.07,-1.75,0.28,-54
1787066267471,56395,Lumbar,stand,-0.05612,1.013576,-0.081984,-0.56,-2.66,0.49,-54
1787066267471,56412,Lumbar,stand,-0.054656,1.009672,-0.079544,-0.28,-3.29,0.91,-54
1787066267471,56443,Lumbar,stand,-0.053192,1.00528,-0.06832,1.54,-2.66,0.91,-54
1787066267471,56460,Lumbar,stand,-0.055632,1.008208,-0.071248,2.31,-2.03,0.77,-54
1787066267471,56477,Lumbar,stand,-0.055632,1.01504,-0.0732,2.24,-2.03,0.84,-54
1787066267471,56494,Lumbar,stand,-0.052216,1.016016,-0.072712,1.33,-2.38,0.91,-54
1787066267471,56512,Lumbar,stand,-0.050752,1.013576,-0.069784,1.05,-2.24,0.98,-54
1787066267827,56689,Lumbar,stand,-0.05368,1.0126,-0.07076,0.77,-1.96,0,-54
1787066267827,56720,Lumbar,stand,-0.054168,1.014064,-0.073688,0.56,-2.45,-0.07,-54
1787066267827,56737,Lumbar,stand,-0.055632,1.010648,-0.07808,0.42,-2.73,-0.14,-54
1787066267827,56754,Lumbar,stand,-0.056608,1.0126,-0.089792,1.26,-3.85,-0.14,-54
1787066267827,56771,Lumbar,stand,-0.05856,1.014064,-0.091256,1.68,-4.97,-0.21,-54
1787066267827,56802,Lumbar,stand,-0.059536,1.011624,-0.073688,1.96,-4.83,-0.35,-54
1787066267827,56819,Lumbar,stand,-0.057096,1.010648,-0.062952,2.73,-4.62,-0.63,-54
1787066267827,56836,Lumbar,stand,-0.052704,1.008208,-0.04148,3.43,-4.2,-0.63,-54
1787066267827,56853,Lumbar,stand,-0.052704,1.013576,-0.047824,3.71,-2.73,-0.77,-54
1787066267827,56870,Lumbar,stand,-0.050264,1.010648,-0.062952,2.03,-2.31,-0.91,-54
1787066268186,57046,Lumbar,stand,-0.053192,1.00528,-0.068808,2.1,-0.63,0.07,-54
1787066268186,57077,Lumbar,stand,-0.057584,1.014064,-0.064904,1.82,-0.56,0.21,-54
1787066268186,57094,Lumbar,stand,-0.057584,1.009672,-0.06588,1.61,-0.77,0.35,-54
1787066268186,57111,Lumbar,stand,-0.057096,1.009184,-0.066368,1.68,-0.7,0.21,-54
1787066268186,57128,Lumbar,stand,-0.055632,1.014552,-0.070272,2.1,-0.63,0.14,-54
1787066268186,57158,Lumbar,stand,-0.056608,1.01748,-0.065392,1.75,-0.84,0.21,-54
1787066268186,57175,Lumbar,stand,-0.059048,1.01504,-0.062464,1.4,-1.05,0.21,-54
1787066268186,57192,Lumbar,stand,-0.061488,1.013088,-0.065392,1.12,-1.82,0.21,-54
1787066268186,57209,Lumbar,stand,-0.060024,1.010648,-0.064416,1.05,-2.38,0.35,-54
1787066268186,57226,Lumbar,stand,-0.05856,1.014064,-0.062952,1.26,-2.24,0.21,-54
1787066268731,57401,Lumbar,stand,-0.05612,1.017968,-0.061,1.96,-1.82,0.49,-54
1787066268731,57433,Lumbar,stand,-0.058072,1.01016,-0.065392,1.19,-1.96,0.42,-54
1787066268731,57450,Lumbar,stand,-0.057096,1.006744,-0.061976,1.4,-1.96,0.49,-54
1787066268731,57468,Lumbar,stand,-0.054656,1.009672,-0.059536,1.96,-1.96,0.56,-54
1787066268731,57485,Lumbar,stand,-0.054656,1.014552,-0.061,2.24,-1.96,0.35,-54
1787066268731,57502,Lumbar,stand,-0.05368,1.015528,-0.062464,1.96,-2.03,0.07,-54
1787066268731,57533,Lumbar,stand,-0.054168,1.012112,-0.064904,1.54,-2.52,0.14,-54
1787066268731,57550,Lumbar,stand,-0.05368,1.01016,-0.066368,1.47,-2.24,-0.07,-54
1787066268731,57567,Lumbar,stand,-0.052216,1.008696,-0.062952,1.96,-1.61,-0.63,-54
1787066268731,57584,Lumbar,stand,-0.052216,1.010648,-0.063928,2.52,-1.96,-1.05,-54
1787066268898,57758,Lumbar,stand,-0.066368,1.010648,-0.068808,2.1,-2.38,-0.07,-56
1787066268898,57789,Lumbar,stand,-0.0732,1.008208,-0.068808,2.31,-3.64,-0.21,-56
1787066268898,57806,Lumbar,stand,-0.079056,1.009184,-0.057096,2.38,-4.62,-0.84,-56
1787066268898,57823,Lumbar,stand,-0.07808,1.005768,-0.052704,1.61,-5.67,-1.68,-56
1787066268898,57840,Lumbar,stand,-0.074176,1.000888,-0.049776,1.4,-7.21,-2.73,-56
1787066268898,57871,Lumbar,stand,-0.060512,0.993568,-0.040992,4.06,-8.12,-3.85,-56
1787066268898,57888,Lumbar,stand,-0.061976,0.99796,-0.051728,4.76,-7.63,-4.62,-56
1787066268898,57905,Lumbar,stand,-0.067344,0.99796,-0.057096,4.76,-7.98,-4.69,-56
1787066268898,57922,Lumbar,stand,-0.072712,1.00528,-0.060024,5.32,-8.47,-4.48,-56
1787066268898,57939,Lumbar,stand,-0.079056,1.015528,-0.070272,5.88,-9.8,-3.99,-56
1787066269348,58115,Lumbar,stand,-0.064904,1.008696,-0.068808,2.45,-11.48,1.82,-56
1787066269348,58147,Lumbar,stand,-0.04636,1.005768,-0.07076,1.89,-10.22,1.54,-56
1787066269348,58164,Lumbar,stand,-0.04148,1.007232,-0.067344,1.61,-8.33,0.91,-56
1787066269348,58182,Lumbar,stand,-0.042944,1.013088,-0.064904,1.54,-6.86,0.28,-56
1787066269348,58198,Lumbar,stand,-0.044408,1.014064,-0.06588,1.05,-5.74,0.14,-56
1787066269348,58215,Lumbar,stand,-0.050264,1.011624,-0.068808,0.91,-5.18,0.14,-56
1787066269348,58246,Lumbar,stand,-0.05612,1.012112,-0.073688,0.91,-2.17,-0.14,-56
1787066269348,58263,Lumbar,stand,-0.062952,1.01016,-0.076128,1.05,-1.4,-0.21,-56
1787066269348,58280,Lumbar,stand,-0.069784,1.005768,-0.07808,1.19,-0.77,-0.07,-56
1787066269348,58297,Lumbar,stand,-0.07076,1.006256,-0.073688,1.82,-0.91,-0.07,-56
1787066269614,58472,Lumbar,stand,-0.076128,1.015528,-0.077104,0.77,0.35,-0.56,-54
1787066269614,58503,Lumbar,stand,-0.07564,1.013088,-0.077104,-1.26,0,-0.14,-54
1787066269614,58520,Lumbar,stand,-0.076616,1.010648,-0.07808,-0.77,0.56,0.07,-54
1787066269614,58537,Lumbar,stand,-0.08052,1.013576,-0.077592,-0.49,0.56,0,-54
1787066269614,58554,Lumbar,stand,-0.08296,1.01748,-0.079544,-0.84,0.21,0.21,-54
1787066269614,58586,Lumbar,stand,-0.086376,1.016504,-0.080032,-1.26,-1.82,1.26,-54
1787066269614,58603,Lumbar,stand,-0.085888,1.016504,-0.07808,-1.4,-2.31,1.75,-54
1787066269614,58620,Lumbar,stand,-0.082472,1.0126,-0.074176,-1.68,-2.03,2.52,-54
1787066269614,58637,Lumbar,stand,-0.072712,1.009184,-0.072712,-2.17,-0.91,2.52,-54
1787066269614,58654,Lumbar,stand,-0.065392,1.001864,-0.06344,-1.89,0.07,2.52,-54
1787066270165,58830,Lumbar,stand,-0.069296,1.011624,-0.0732,-0.84,-3.36,-0.42,-54
1787066270165,58861,Lumbar,stand,-0.072712,1.016992,-0.046848,-0.35,-1.12,-0.7,-54
1787066270165,58878,Lumbar,stand,-0.08052,1.020408,-0.049776,-0.28,-0.84,-0.63,-54
1787066270165,58895,Lumbar,stand,-0.081008,1.016504,-0.063928,-0.84,-1.19,-0.35,-54
1787066270165,58912,Lumbar,stand,-0.076128,1.010648,-0.06832,-0.77,-1.96,0.56,-54
1787066270165,58943,Lumbar,stand,-0.05856,1.013088,-0.064416,-0.35,-1.61,1.12,-54
1787066270165,58960,Lumbar,stand,-0.054656,1.009672,-0.060512,-0.35,-0.84,1.47,-54
1787066270165,58977,Lumbar,stand,-0.054656,1.003328,-0.049288,-0.42,0,1.75,-54
1787066270165,58994,Lumbar,stand,-0.05856,1.00284,-0.038064,0.63,1.89,1.54,-54
1787066270165,59011,Lumbar,stand,-0.062464,1.004304,-0.038064,1.54,3.08,1.12,-54
1787066270328,59186,Lumbar,stand,-0.066856,1.021384,-0.050752,0.56,0.84,2.52,-56
1787066270328,59216,Lumbar,stand,-0.060512,1.01748,-0.052216,-2.03,1.47,2.73,-56
1787066270328,59233,Lumbar,stand,-0.055144,1.01748,-0.059048,-2.45,1.75,2.8,-56
1787066270328,59250,Lumbar,stand,-0.049776,1.023824,-0.052704,-2.8,1.33,3.01,-56
1787066270328,59267,Lumbar,stand,-0.047336,1.026752,-0.038064,-4.69,0.49,3.01,-56
1787066270328,59298,Lumbar,stand,-0.047336,1.020896,-0.019032,-6.44,0.91,2.87,-56
1787066270328,59315,Lumbar,stand,-0.05368,1.020408,-0.024888,-5.95,2.87,2.45,-56
1787066270328,59332,Lumbar,stand,-0.057096,1.02236,-0.028792,-6.44,4.41,1.68,-56
1787066270328,59349,Lumbar,stand,-0.06344,1.023824,-0.028792,-7.49,5.18,1.19,-56
1787066270328,59368,Lumbar,stand,-0.054656,1.011136,-0.030744,-8.68,7,0.21,-56
1787066270682,59542,Lumbar,stand,-0.061488,1.01504,-0.056608,0.56,4.62,0,-56
1787066270682,59573,Lumbar,stand,-0.066368,1.00284,-0.061488,1.19,1.68,0.42,-56
1787066270682,59590,Lumbar,stand,-0.065392,1.011136,-0.04392,2.38,-1.33,1.26,-56
1787066270682,59607,Lumbar,stand,-0.06344,1.016992,-0.04148,2.31,-1.05,1.33,-56
1787066270682,59624,Lumbar,stand,-0.061976,1.020896,-0.0488,1.96,-0.49,1.05,-56
1787066270682,59655,Lumbar,stand,-0.062464,0.999424,-0.05612,1.75,-0.56,1.61,-56
1787066270682,59672,Lumbar,stand,-0.055632,0.997472,-0.050264,2.24,-1.4,1.96,-56
1787066270682,59689,Lumbar,stand,-0.049776,1.005768,-0.035624,3.5,-1.47,1.82,-56
1787066270682,59706,Lumbar,stand,-0.052704,1.016992,-0.030256,3.92,-1.12,1.19,-56
1787066270682,59723,Lumbar,stand,-0.057584,1.020408,-0.0366,3.43,-0.84,1.05,-56
1787066271039,59898,Lumbar,stand,-0.044408,1.020408,-0.038552,2.59,-3.78,0.84,-56
1787066271039,59929,Lumbar,stand,-0.044896,1.012112,-0.045384,0.77,-2.8,0.35,-56
1787066271039,59946,Lumbar,stand,-0.042944,1.00772,-0.041968,1.33,-3.22,0.35,-56
1787066271039,59963,Lumbar,stand,-0.045872,1.011136,-0.037088,2.66,-3.78,0.42,-56
1787066271039,59980,Lumbar,stand,-0.04636,1.01504,-0.043432,2.52,-3.29,0.49,-56
1787066271039,60011,Lumbar,stand,-0.045384,1.018456,-0.044408,2.03,-2.38,0.56,-56
1787066271039,60028,Lumbar,stand,-0.045872,1.015528,-0.040016,2.03,-2.17,0.28,-56
1787066271039,60045,Lumbar,stand,-0.047824,1.012112,-0.038552,2.31,-2.45,0.07,-56
1787066271039,60062,Lumbar,stand,-0.048312,1.015528,-0.03904,2.8,-2.73,0.21,-56
1787066271039,60079,Lumbar,stand,-0.0488,1.016992,-0.040504,2.59,-2.03,0.14,-56
1787066271598,60254,Lumbar,stand,-0.047824,1.016504,-0.050264,0.77,-0.63,0.07,-56
1787066271598,60284,Lumbar,stand,-0.054168,1.00528,-0.042944,1.12,-1.54,0.14,-56
1787066271598,60302,Lumbar,stand,-0.054656,1.007232,-0.037088,2.17,-2.31,-0.07,-56
1787066271598,60318,Lumbar,stand,-0.049776,1.0126,-0.037088,2.38,-2.73,0,-56
1787066271598,60335,Lumbar,stand,-0.047824,1.014064,-0.041968,1.61,-2.38,-0.07,-56
1787066271598,60366,Lumbar,stand,-0.0488,1.01016,-0.042944,2.03,-2.24,0.21,-56
1787066271598,60383,Lumbar,stand,-0.047824,1.014552,-0.042456,2.59,-2.03,0.49,-56
1787066271598,60400,Lumbar,stand,-0.04636,1.01748,-0.044408,2.59,-1.96,0.63,-56
1787066271598,60417,Lumbar,stand,-0.046848,1.020896,-0.049776,2.38,-2.03,0.7,-56
1787066271598,60434,Lumbar,stand,-0.048312,1.018456,-0.053192,2.1,-2.1,0.91,-56
1787066271750,60608,Lumbar,stand,-0.043432,1.016992,-0.04148,1.75,0.14,0.35,-55
1787066271750,60639,Lumbar,stand,-0.048312,1.009672,-0.036112,1.68,-0.35,0.14,-55
1787066271750,60656,Lumbar,stand,-0.046848,1.008696,-0.033184,2.24,-0.35,-0.21,-55
1787066271750,60673,Lumbar,stand,-0.048312,1.013088,-0.035624,2.52,-0.7,-0.42,-55
1787066271750,60690,Lumbar,stand,-0.050264,1.01992,-0.044896,2.17,-1.33,-0.28,-55
1787066271750,60721,Lumbar,stand,-0.046848,1.017968,-0.0488,1.05,-0.35,0.07,-55
1787066271750,60738,Lumbar,stand,-0.047824,1.011136,-0.0488,1.82,-0.91,0.21,-55
1787066271750,60755,Lumbar,stand,-0.049776,1.015528,-0.047824,2.45,-1.47,0.49,-55
1787066271750,60772,Lumbar,stand,-0.054168,1.021872,-0.055632,1.61,-0.7,0.56,-55
1787066271750,60789,Lumbar,stand,-0.054656,1.020408,-0.059048,0.49,-0.63,0.56,-55
1787066272107,60964,Lumbar,stand,-0.049288,1.013576,-0.038552,1.54,-1.75,1.26,-55
1787066272107,60996,Lumbar,stand,-0.047336,1.01748,-0.04148,0.84,-0.98,1.19,-55
1787066272107,61013,Lumbar,stand,-0.045384,1.015528,-0.044896,0.63,-1.12,1.26,-55
1787066272107,61030,Lumbar,stand,-0.04392,1.011624,-0.044896,0.56,-1.12,1.12,-55
1787066272107,61047,Lumbar,stand,-0.044896,1.009672,-0.04392,0.84,-0.98,0.84,-55
1787066272107,61078,Lumbar,stand,-0.042944,1.008696,-0.046848,1.75,-0.91,0.7,-55
1787066272107,61095,Lumbar,stand,-0.039528,1.012112,-0.0488,2.24,-1.4,0.91,-55
1787066272107,61112,Lumbar,stand,-0.03904,1.016016,-0.047336,2.59,-1.82,1.12,-55
1787066272107,61129,Lumbar,stand,-0.03904,1.016992,-0.049288,2.24,-0.98,1.05,-55
1787066272107,61146,Lumbar,stand,-0.040016,1.014064,-0.05124,2.1,-0.49,0.84,-55
1787066272621,61321,Lumbar,stand,-0.049776,1.0126,-0.038064,3.15,-2.03,1.68,-55
1787066272621,61351,Lumbar,stand,-0.05124,1.018944,-0.04636,2.66,-1.33,1.33,-55
1787066272621,61369,Lumbar,stand,-0.048312,1.022848,-0.047824,2.45,-1.47,1.47,-55
1787066272621,61385,Lumbar,stand,-0.042944,1.023824,-0.045872,1.61,-1.89,1.4,-55
1787066272621,61402,Lumbar,stand,-0.040992,1.020408,-0.046848,0.56,-2.24,1.54,-55
1787066272621,61433,Lumbar,stand,-0.034648,1.00528,-0.050752,0.49,-2.45,1.47,-55
1787066272621,61450,Lumbar,stand,-0.036112,1.011136,-0.049288,0.98,-2.03,0.84,-55
1787066272621,61467,Lumbar,stand,-0.037576,1.014552,-0.0488,0.98,-2.17,0.35,-55
1787066272621,61484,Lumbar,stand,-0.037088,1.015528,-0.04636,0.7,-3.01,0.35,-55
1787066272621,61501,Lumbar,stand,-0.037576,1.01504,-0.040016,0.63,-3.57,0.56,-55
1787066272820,61675,Lumbar,stand,-0.034648,1.015528,-0.052216,-0.21,-2.8,-0.07,-54
1787066272820,61706,Lumbar,stand,-0.040504,1.013088,-0.045384,0.14,-1.82,0.07,-54
1787066272820,61723,Lumbar,stand,-0.040016,1.011624,-0.04636,0.07,-1.47,-0.21,-54
1787066272820,61740,Lumbar,stand,-0.038064,1.013576,-0.047336,0,-1.54,-0.28,-54
1787066272820,61757,Lumbar,stand,-0.037088,1.0126,-0.038064,0.35,-2.45,-0.28,-54
1787066272820,61788,Lumbar,stand,-0.03904,1.009672,-0.035624,0.63,-2.52,0.21,-54
1787066272820,61805,Lumbar,stand,-0.041968,1.014064,-0.034648,0.77,-2.24,0,-54
1787066272820,61822,Lumbar,stand,-0.042944,1.013576,-0.03416,0.77,-2.8,-0.14,-54
1787066272820,61839,Lumbar,stand,-0.042456,1.011136,-0.037088,0.91,-3.29,-0.35,-54
1787066272820,61856,Lumbar,stand,-0.04148,1.014552,-0.03904,1.26,-3.22,-0.56,-54
1787066273186,62031,Lumbar,stand,-0.041968,1.013576,-0.037576,1.61,-2.17,-0.28,-54
1787066273186,62063,Lumbar,stand,-0.043432,1.01748,-0.046848,1.4,-2.73,-0.56,-54
1787066273186,62080,Lumbar,stand,-0.04636,1.013576,-0.042456,0.91,-3.5,-0.56,-54
1787066273186,62097,Lumbar,stand,-0.046848,1.011136,-0.037576,1.12,-3.15,-0.49,-54
1787066273186,62114,Lumbar,stand,-0.045384,1.008696,-0.03416,1.82,-2.94,-0.63,-54
1787066273186,62145,Lumbar,stand,-0.047336,1.014552,-0.038064,2.38,-2.73,-0.84,-54
1787066273186,62162,Lumbar,stand,-0.0488,1.015528,-0.03904,2.1,-3.01,-0.77,-54
1787066273186,62179,Lumbar,stand,-0.0488,1.01504,-0.03904,1.68,-3.15,-0.77,-54
1787066273186,62196,Lumbar,stand,-0.048312,1.014064,-0.038064,1.4,-3.43,-0.98,-54
1787066273186,62213,Lumbar,stand,-0.050264,1.009672,-0.035136,1.4,-3.64,-1.05,-54
1787066273534,62388,Lumbar,stand,-0.046848,1.016016,-0.039528,2.24,-2.59,-0.35,-54
1787066273534,62419,Lumbar,stand,-0.054656,1.017968,-0.041968,2.24,-1.54,-0.84,-54
1787066273534,62436,Lumbar,stand,-0.058072,1.011136,-0.035624,1.54,-2.45,-0.77,-54
1787066273534,62453,Lumbar,stand,-0.05368,1.003816,-0.028792,1.96,-3.01,-0.63,-54
1787066273534,62470,Lumbar,stand,-0.049776,1.00528,-0.02684,3.22,-2.73,-0.98,-54
1787066273534,62501,Lumbar,stand,-0.04636,1.013088,-0.0366,2.31,-2.73,-1.33,-54
1787066273534,62518,Lumbar,stand,-0.046848,1.009672,-0.032208,1.05,-2.87,-1.12,-54
1787066273534,62535,Lumbar,stand,-0.046848,1.008208,-0.030256,1.19,-2.59,-1.26,-54
1787066273534,62552,Lumbar,stand,-0.045872,1.0126,-0.034648,1.96,-1.75,-1.4,-54
1787066273534,62569,Lumbar,stand,-0.047824,1.017968,-0.04392,2.59,-1.68,-1.54,-54
1787066274054,62746,Lumbar,stand,-0.052704,1.008208,-0.031232,1.82,-5.81,0.28,-54
1787066274054,62777,Lumbar,stand,-0.05368,1.013088,-0.032208,1.19,-5.25,0.07,-54
1787066274054,62794,Lumbar,stand,-0.059536,1.009672,-0.032696,0.63,-4.62,-0.35,-54
1787066274054,62811,Lumbar,stand,-0.061488,1.009672,-0.032696,0.14,-4.55,-0.98,-54
1787066274054,62828,Lumbar,stand,-0.062952,1.006744,-0.032696,-0.07,-4.9,-1.47,-54
1787066274054,62859,Lumbar,stand,-0.050264,1.0004,-0.037576,1.54,-6.23,-1.47,-54
1787066274054,62876,Lumbar,stand,-0.04148,1.004304,-0.037576,2.31,-6.23,-1.19,-54
1787066274054,62893,Lumbar,stand,-0.033672,1.01992,-0.043432,3.85,-5.81,-1.05,-54
1787066274054,62910,Lumbar,stand,-0.037088,1.03944,-0.060512,4.76,-5.04,-0.28,-54
1787066274054,62927,Lumbar,stand,-0.044896,1.053104,-0.076616,4.69,-4.41,1.4,-54
1787066274246,63102,Lumbar,stand,-0.051728,0.998448,-0.023424,2.1,-3.22,0.21,-57
1787066274246,63133,Lumbar,stand,-0.044896,1.016992,-0.022448,2.17,-3.64,-0.49,-57
1787066274246,63150,Lumbar,stand,-0.040016,1.017968,-0.02684,1.68,-3.29,-0.98,-57
1787066274246,63167,Lumbar,stand,-0.042456,1.013088,-0.038552,0.91,-2.8,-1.12,-57
1787066274246,63184,Lumbar,stand,-0.047824,1.003328,-0.042944,1.26,-2.31,-1.05,-57
1787066274246,63215,Lumbar,stand,-0.052216,1.010648,-0.04148,3.64,-1.54,-0.7,-57
1787066274246,63232,Lumbar,stand,-0.054656,1.02236,-0.05368,4.55,-0.49,-0.42,-57
1787066274246,63249,Lumbar,stand,-0.060512,1.025776,-0.067344,4.48,0.07,0.21,-57
1787066274246,63266,Lumbar,stand,-0.064416,1.0248,-0.06588,3.43,-0.07,0.42,-57
1787066274246,63283,Lumbar,stand,-0.065392,1.019432,-0.062952,3.01,0.07,0.28,-57
1787066274669,63458,Lumbar,stand,-0.05612,1.016992,-0.050264,2.52,-0.28,0.21,-57
1787066274669,63489,Lumbar,stand,-0.063928,1.0126,-0.053192,2.59,0.28,0.49,-57
1787066274669,63506,Lumbar,stand,-0.065392,1.0126,-0.057584,2.17,0,0.7,-57
1787066274669,63523,Lumbar,stand,-0.066368,1.00772,-0.058072,1.82,-0.98,0.7,-57
1787066274669,63540,Lumbar,stand,-0.064904,1.001376,-0.049288,2.17,-1.82,0.49,-57
1787066274669,63571,Lumbar,stand,-0.059048,1.009672,-0.038552,3.08,-2.52,0.07,-57
1787066274669,63588,Lumbar,stand,-0.055632,1.0126,-0.046848,2.87,-2.17,0.21,-57
1787066274669,63605,Lumbar,stand,-0.053192,1.011624,-0.052216,2.31,-2.03,0.56,-57
1787066274669,63622,Lumbar,stand,-0.047824,1.011136,-0.052216,2.24,-1.96,0.7,-57
1787066274669,63639,Lumbar,stand,-0.044896,1.01016,-0.053192,2.52,-1.61,0.7,-57
1787066274959,63813,Lumbar,stand,-0.054656,1.00772,-0.061,4.2,-1.75,1.4,-56
1787066274959,63844,Lumbar,stand,-0.047824,1.016992,-0.055632,4.83,-1.89,1.61,-56
1787066274959,63861,Lumbar,stand,-0.045384,1.02236,-0.066856,3.99,-0.63,1.26,-56
1787066274959,63878,Lumbar,stand,-0.044896,1.01992,-0.067832,3.01,-0.98,1.12,-56
1787066274959,63896,Lumbar,stand,-0.047824,1.01504,-0.062464,2.87,-1.47,1.33,-56
1787066274959,63927,Lumbar,stand,-0.052704,1.011136,-0.061,2.31,-1.96,1.19,-56
1787066274959,63944,Lumbar,stand,-0.052704,1.011136,-0.06344,2.38,-1.19,1.05,-56
1787066274959,63961,Lumbar,stand,-0.05124,1.013576,-0.064416,2.8,-1.05,0.91,-56
1787066274959,63978,Lumbar,stand,-0.049288,1.014552,-0.064904,2.59,-1.47,0.56,-56
1787066274959,63995,Lumbar,stand,-0.047336,1.016016,-0.060512,2.73,-1.75,0.7,-56
1787066275322,64170,Lumbar,stand,-0.0488,1.012112,-0.052216,1.4,0.56,-0.49,-56
1787066275322,64201,Lumbar,stand,-0.051728,1.020896,-0.061488,-0.07,1.82,-1.33,-56
1787066275322,64218,Lumbar,stand,-0.049776,1.016992,-0.062952,-0.91,1.47,-1.47,-56
1787066275322,64236,Lumbar,stand,-0.05124,1.011624,-0.06344,-1.75,1.33,-1.47,-56
1787066275322,64253,Lumbar,stand,-0.051728,1.005768,-0.064416,-1.19,0.49,-1.68,-56
1787066275322,64283,Lumbar,stand,-0.056608,1.007232,-0.063928,0,-0.77,-1.89,-56
1787066275322,64300,Lumbar,stand,-0.061,1.016992,-0.065392,-0.14,-2.1,-1.96,-56
1787066275322,64317,Lumbar,stand,-0.060024,1.01992,-0.06588,-1.19,-3.36,-1.61,-56
1787066275322,64334,Lumbar,stand,-0.059048,1.014552,-0.066368,-1.89,-3.99,-1.12,-56
1787066275322,64351,Lumbar,stand,-0.059048,1.009672,-0.065392,-1.82,-3.36,-0.77,-56
1787066275676,64527,Lumbar,stand,-0.052704,1.011136,-0.057584,0.7,0,-0.14,-56
1787066275676,64558,Lumbar,stand,-0.057096,1.008696,-0.061488,1.33,-0.28,-0.14,-56
1787066275676,64575,Lumbar,stand,-0.056608,1.012112,-0.056608,1.82,-0.42,-0.14,-56
1787066275676,64592,Lumbar,stand,-0.055144,1.015528,-0.05856,1.82,-0.42,0,-56
1787066275676,64609,Lumbar,stand,-0.055632,1.013088,-0.061976,1.33,-0.63,0.07,-56
1787066275676,64640,Lumbar,stand,-0.058072,1.008696,-0.05856,1.54,-0.7,0.21,-56
1787066275676,64657,Lumbar,stand,-0.057584,1.008696,-0.05612,2.31,-0.91,0.28,-56
1787066275676,64674,Lumbar,stand,-0.05612,1.0126,-0.055632,2.52,-1.26,0.35,-56
1787066275676,64691,Lumbar,stand,-0.055632,1.014064,-0.054656,2.1,-1.26,0.35,-56
1787066275676,64708,Lumbar,stand,-0.057096,1.0126,-0.055632,1.96,-1.12,0.35,-56
1787066276031,64884,Lumbar,stand,-0.054168,1.013576,-0.059536,1.68,-2.87,0.98,-56
1787066276031,64916,Lumbar,stand,-0.053192,1.014064,-0.058072,1.82,-3.08,0.84,-56
1787066276031,64933,Lumbar,stand,-0.053192,1.016016,-0.059048,1.61,-3.5,0.7,-56
1787066276031,64950,Lumbar,stand,-0.052704,1.016992,-0.058072,1.12,-3.57,0.98,-56
1787066276031,64967,Lumbar,stand,-0.052216,1.016504,-0.052704,0.77,-2.87,0.84,-56
1787066276031,64998,Lumbar,stand,-0.049776,1.009672,-0.05124,1.26,-2.8,0.42,-56
1787066276031,65015,Lumbar,stand,-0.053192,1.011624,-0.05612,1.89,-3.43,0.84,-56
1787066276031,65032,Lumbar,stand,-0.055632,1.014064,-0.058072,1.75,-2.94,1.05,-56
1787066276031,65049,Lumbar,stand,-0.05612,1.01748,-0.057096,1.54,-2.59,0.98,-56
1787066276031,65066,Lumbar,stand,-0.055632,1.013576,-0.057584,1.47,-2.31,0.91,-56
1787066276382,65241,Lumbar,stand,-0.0488,1.014552,-0.05368,2.17,-2.52,0.56,-56
1787066276382,65271,Lumbar,stand,-0.049288,1.013576,-0.057584,1.96,-2.45,0.84,-56
1787066276382,65289,Lumbar,stand,-0.050752,1.014064,-0.055144,1.75,-2.17,0.77,-56
1787066276382,65305,Lumbar,stand,-0.050752,1.014552,-0.05368,1.4,-2.17,0.77,-56
1787066276382,65322,Lumbar,stand,-0.049288,1.011624,-0.05368,1.26,-2.24,0.7,-56
1787066276382,65353,Lumbar,stand,-0.049776,1.0126,-0.054168,2.03,-1.89,0.35,-56
1787066276382,65370,Lumbar,stand,-0.052704,1.014552,-0.054656,2.24,-1.89,0.28,-56
1787066276382,65387,Lumbar,stand,-0.05368,1.013576,-0.05612,2.1,-1.68,0.42,-56
1787066276382,65404,Lumbar,stand,-0.052216,1.01504,-0.05612,1.89,-1.61,0.56,-56
1787066276382,65421,Lumbar,stand,-0.051728,1.013088,-0.060024,1.82,-1.75,0.7,-56
1787066276793,65645,Lumbar,stand,-0.049288,1.014552,-0.050752,2.31,-0.77,0,-56
1787066276793,65677,Lumbar,stand,-0.047824,1.014064,-0.054168,1.4,-1.61,0,-56
1787066276793,65693,Lumbar,stand,-0.047824,1.012112,-0.049776,1.19,-1.96,0.14,-56
1787066276793,65710,Lumbar,stand,-0.047824,1.0126,-0.047336,1.54,-1.89,0.21,-56
1787066276793,65727,Lumbar,stand,-0.045384,1.016504,-0.05124,1.82,-1.33,0.14,-56
1787066276793,65758,Lumbar,stand,-0.042456,1.018456,-0.059048,0.35,-1.12,0,-56
1787066276793,65775,Lumbar,stand,-0.045384,1.012112,-0.059536,0.49,-1.47,0.14,-56
1787066276793,65792,Lumbar,stand,-0.05124,1.007232,-0.059536,1.4,-1.4,0.35,-56
1787066276793,65809,Lumbar,stand,-0.052704,1.011136,-0.06588,2.8,0.14,0.56,-56
1787066276793,65826,Lumbar,stand,-0.05124,1.016992,-0.062952,2.66,0.49,0.63,-56
1787066277149,66000,Lumbar,stand,-0.0488,1.016504,-0.050752,1.61,-1.19,0.07,-56
1787066277149,66032,Lumbar,stand,-0.053192,1.01016,-0.053192,1.26,-0.84,-0.07,-56
1787066277149,66049,Lumbar,stand,-0.053192,1.008696,-0.052216,1.4,-1.12,0.07,-56
1787066277149,66066,Lumbar,stand,-0.052704,1.013576,-0.05612,1.4,-1.26,0,-56
1787066277149,66083,Lumbar,stand,-0.047824,1.014552,-0.059048,1.4,-1.4,-0.35,-56
1787066277149,66114,Lumbar,stand,-0.050752,1.013088,-0.057096,1.4,-1.96,-0.63,-56
1787066277149,66132,Lumbar,stand,-0.05124,1.016016,-0.057096,1.4,-2.66,-0.77,-56
1787066277149,66149,Lumbar,stand,-0.052704,1.014552,-0.059048,1.12,-3.22,-0.63,-56
1787066277149,66166,Lumbar,stand,-0.054168,1.011136,-0.056608,1.26,-3.08,-0.35,-56
1787066277149,66183,Lumbar,stand,-0.05368,1.010648,-0.055144,1.75,-2.59,-0.28,-56
1787066277507,66358,Lumbar,stand,-0.052216,1.011624,-0.05368,-0.07,-1.82,0,-60
1787066277507,66389,Lumbar,stand,-0.05124,1.014064,-0.056608,0.28,-1.47,0.14,-60
1787066277507,66406,Lumbar,stand,-0.052216,1.013576,-0.055632,0.07,-1.75,0.14,-60
1787066277507,66423,Lumbar,stand,-0.052216,1.015528,-0.055144,0.21,-2.24,0.21,-60
1787066277507,66440,Lumbar,stand,-0.052216,1.016992,-0.05856,-0.42,-1.89,0.35,-60
1787066277507,66471,Lumbar,stand,-0.049288,1.008696,-0.054168,-0.49,-1.12,0.14,-60
1787066277507,66488,Lumbar,stand,-0.049288,1.009184,-0.05368,0.28,-1.4,0.14,-60
1787066277507,66505,Lumbar,stand,-0.049288,1.009672,-0.052704,0.63,-1.61,0.28,-60
1787066277507,66522,Lumbar,stand,-0.052216,1.0126,-0.050752,0.7,-1.4,0.28,-60
1787066277507,66539,Lumbar,stand,-0.054656,1.017968,-0.052216,0.56,-0.98,0.42,-60
1787066277863,66715,Lumbar,stand,-0.052216,1.01016,-0.050264,1.26,-1.05,0.98,-60
1787066277863,66746,Lumbar,stand,-0.05612,1.014064,-0.047824,1.61,-0.91,0.77,-60
1787066277863,66763,Lumbar,stand,-0.055144,1.014552,-0.044896,1.82,-1.54,0.77,-60
1787066277863,66780,Lumbar,stand,-0.054168,1.01504,-0.0488,1.47,-1.82,0.77,-60
1787066277863,66797,Lumbar,stand,-0.054656,1.015528,-0.052216,1.19,-1.82,0.77,-60
1787066277863,66828,Lumbar,stand,-0.05368,1.010648,-0.050264,0.42,-1.96,0.63,-60
1787066277863,66845,Lumbar,stand,-0.054656,1.008696,-0.047336,0.56,-2.73,0.7,-60
1787066277863,66862,Lumbar,stand,-0.054168,1.006744,-0.042944,1.68,-2.87,0.63,-60
1787066277863,66879,Lumbar,stand,-0.052704,1.011136,-0.04392,2.38,-2.66,0.42,-60
1787066277863,66896,Lumbar,stand,-0.052216,1.016016,-0.047824,2.31,-2.31,0.28,-60
1787066278232,67071,Lumbar,stand,-0.050264,1.01504,-0.047824,1.96,-1.68,0.49,-60
1787066278232,67102,Lumbar,stand,-0.050752,1.013576,-0.049288,1.89,-1.89,0.56,-60
1787066278232,67119,Lumbar,stand,-0.050752,1.014552,-0.049776,2.03,-2.03,0.49,-60
1787066278232,67136,Lumbar,stand,-0.052216,1.016504,-0.049776,2.03,-2.17,0.42,-60
1787066278232,67153,Lumbar,stand,-0.052216,1.014552,-0.048312,1.96,-1.54,0.21,-60
1787066278232,67184,Lumbar,stand,-0.05124,1.015528,-0.05368,1.89,-1.96,0.07,-60
1787066278232,67200,Lumbar,stand,-0.05124,1.018456,-0.051728,1.54,-2.45,0.14,-60
1787066278232,67217,Lumbar,stand,-0.052216,1.017968,-0.050752,0.7,-2.87,0.42,-60
1787066278232,67234,Lumbar,stand,-0.052216,1.015528,-0.051728,0.35,-2.38,0.63,-60
1787066278232,67265,Lumbar,stand,-0.050264,1.011136,-0.049288,0.7,-2.17,0.28,-60
1787066278766,67440,Lumbar,stand,-0.05124,1.01016,-0.04392,1.68,-3.36,0.28,-54
1787066278766,67471,Lumbar,stand,-0.053192,1.021872,-0.05124,1.54,-3.29,0.49,-54
1787066278766,67489,Lumbar,stand,-0.052704,1.01992,-0.05124,0.98,-3.57,0.77,-54
1787066278766,67506,Lumbar,stand,-0.05368,1.01016,-0.048312,0.98,-3.64,0.91,-54
1787066278766,67523,Lumbar,stand,-0.050752,1.009184,-0.043432,1.68,-3.78,0.77,-54
1787066278766,67540,Lumbar,stand,-0.049776,1.012112,-0.043432,2.31,-3.85,0.56,-54
1787066278766,67571,Lumbar,stand,-0.05124,1.017968,-0.04636,2.1,-3.5,0.42,-54
1787066278766,67588,Lumbar,stand,-0.050264,1.011136,-0.045872,1.61,-3.5,0.56,-54
1787066278766,67605,Lumbar,stand,-0.050752,1.01016,-0.040504,2.31,-3.5,0.56,-54
1787066278766,67622,Lumbar,stand,-0.048312,1.014064,-0.040504,2.38,-3.57,0.42,-54
1787066278944,67796,Lumbar,stand,-0.050264,1.012112,-0.049288,3.22,-2.17,0.63,-58
1787066278944,67827,Lumbar,stand,-0.0488,1.015528,-0.045384,3.08,-2.31,0.49,-58
1787066278944,67844,Lumbar,stand,-0.0488,1.011624,-0.046848,2.8,-2.1,0.42,-58
1787066278944,67861,Lumbar,stand,-0.049288,1.01016,-0.047336,3.15,-1.89,0.49,-58
1787066278944,67878,Lumbar,stand,-0.049288,1.015528,-0.0488,3.36,-2.03,0.49,-58
1787066278944,67909,Lumbar,stand,-0.0488,1.015528,-0.050264,2.87,-2.17,0.49,-58
1787066278944,67926,Lumbar,stand,-0.048312,1.013576,-0.05124,2.73,-1.96,0.49,-58
1787066278944,67943,Lumbar,stand,-0.048312,1.01016,-0.052216,3.08,-1.54,0.42,-58
1787066278944,67960,Lumbar,stand,-0.0488,1.01016,-0.051728,3.43,-1.54,0.42,-58
1787066278944,67977,Lumbar,stand,-0.050264,1.013088,-0.05368,3.78,-1.82,0.49,-58
1787066279303,68152,Lumbar,stand,-0.050752,1.011624,-0.054168,2.03,-2.1,0.35,-58
1787066279303,68183,Lumbar,stand,-0.05124,1.013088,-0.052216,2.45,-2.24,0.21,-58
1787066279303,68200,Lumbar,stand,-0.052216,1.013088,-0.057584,2.59,-2.73,0.14,-58
1787066279303,68218,Lumbar,stand,-0.052216,1.013576,-0.059536,2.45,-3.01,0.21,-58
1787066279303,68234,Lumbar,stand,-0.051728,1.01504,-0.059536,2.24,-3.22,0.35,-58
1787066279303,68265,Lumbar,stand,-0.048312,1.014064,-0.05612,1.96,-3.01,0.28,-58
1787066279303,68282,Lumbar,stand,-0.047824,1.013576,-0.05856,2.24,-2.94,0.14,-58
1787066279303,68299,Lumbar,stand,-0.049776,1.016504,-0.05856,2.24,-2.87,0.28,-58
1787066279303,68316,Lumbar,stand,-0.051728,1.019432,-0.061,1.89,-2.87,0.21,-58
1787066279303,68333,Lumbar,stand,-0.05124,1.012112,-0.057584,1.4,-2.94,0.21,-58
1787066279793,68508,Lumbar,stand,-0.051728,1.013088,-0.05124,0.7,-1.54,0.49,-58
1787066279793,68540,Lumbar,stand,-0.052216,1.015528,-0.057096,0.98,-2.03,0.49,-58
1787066279793,68557,Lumbar,stand,-0.052216,1.016504,-0.057096,0.7,-2.31,0.49,-58
1787066279793,68574,Lumbar,stand,-0.05124,1.015528,-0.054656,0.49,-2.17,0.42,-58
1787066279793,68591,Lumbar,stand,-0.050752,1.012112,-0.054168,0.49,-1.89,0.42,-58
1787066279793,68622,Lumbar,stand,-0.050264,1.01016,-0.048312,0.7,-2.1,0.42,-58
1787066279793,68639,Lumbar,stand,-0.048312,1.013088,-0.052216,0.63,-1.89,0.35,-58
1787066279793,68656,Lumbar,stand,-0.049776,1.013088,-0.055144,0.35,-1.4,0.35,-58
1787066279793,68673,Lumbar,stand,-0.050264,1.013088,-0.052704,0.21,-1.4,0.42,-58
1787066279793,68690,Lumbar,stand,-0.052216,1.010648,-0.051728,0.49,-1.82,0.21,-58
1787066280016,68864,Lumbar,stand,-0.049776,1.01748,-0.054168,5.04,-0.77,-0.42,-57
1787066280016,68895,Lumbar,stand,-0.048312,1.019432,-0.052704,3.78,-0.63,-0.49,-57
1787066280016,68912,Lumbar,stand,-0.049776,1.016504,-0.05612,3.22,-0.49,-0.56,-57
1787066280016,68929,Lumbar,stand,-0.053192,1.013576,-0.061,2.87,-0.91,-0.56,-57
1787066280016,68946,Lumbar,stand,-0.051728,1.009184,-0.064416,2.8,-1.26,-0.28,-57
1787066280016,68977,Lumbar,stand,-0.051728,1.00772,-0.062464,3.15,-0.7,-0.28,-57
1787066280016,68995,Lumbar,stand,-0.050264,1.011624,-0.06344,3.5,-0.56,-0.21,-57
1787066280016,69013,Lumbar,stand,-0.049288,1.01992,-0.068808,3.64,-0.56,0.21,-57
1787066280016,69030,Lumbar,stand,-0.048312,1.025288,-0.07564,2.8,-0.7,0.28,-57
1787066280016,69047,Lumbar,stand,-0.047824,1.023336,-0.077592,2.03,-0.49,0.28,-57
1787066280376,69222,Lumbar,stand,-0.054656,1.009672,-0.062952,1.4,-1.26,0.56,-57
1787066280376,69253,Lumbar,stand,-0.053192,1.013576,-0.057096,0.91,-2.24,0.7,-57
1787066280376,69270,Lumbar,stand,-0.05124,1.012112,-0.05612,0.28,-1.89,0.49,-57
1787066280376,69287,Lumbar,stand,-0.050264,1.006256,-0.059048,0.42,-2.17,0.42,-57
1787066280376,69304,Lumbar,stand,-0.050752,1.006256,-0.059536,1.47,-2.73,0.49,-57
1787066280376,69335,Lumbar,stand,-0.055144,1.011624,-0.063928,2.1,-2.52,0.7,-57
1787066280376,69352,Lumbar,stand,-0.053192,1.01504,-0.062464,2.24,-1.75,0.49,-57
1787066280376,69369,Lumbar,stand,-0.052704,1.01748,-0.06344,2.17,-1.68,0.28,-57
1787066280376,69386,Lumbar,stand,-0.052216,1.01504,-0.064416,1.89,-2.17,0.14,-57
1787066280376,69403,Lumbar,stand,-0.052216,1.011136,-0.060024,1.61,-3.22,0.28,-57
1787066280734,69579,Lumbar,stand,-0.052216,1.007232,-0.059048,1.12,-2.45,0.42,-57
1787066280734,69611,Lumbar,stand,-0.051728,1.013088,-0.060512,1.96,-1.96,0.21,-57
1787066280734,69628,Lumbar,stand,-0.05124,1.013576,-0.061976,1.68,-1.89,0.14,-57
1787066280734,69646,Lumbar,stand,-0.05124,1.011624,-0.060024,1.82,-2.31,0.21,-57
1787066280734,69663,Lumbar,stand,-0.050264,1.014064,-0.059048,2.03,-2.94,0.35,-57
1787066280734,69680,Lumbar,stand,-0.049288,1.0126,-0.059048,1.96,-2.8,0.42,-57
1787066280734,69711,Lumbar,stand,-0.048312,1.014064,-0.060024,2.1,-1.61,0.35,-57
1787066280734,69728,Lumbar,stand,-0.049776,1.013576,-0.060024,2.03,-1.19,0.14,-57
1787066280734,69745,Lumbar,stand,-0.050752,1.014064,-0.05856,2.03,-1.33,0.14,-57
1787066280734,69762,Lumbar,stand,-0.052216,1.013576,-0.060512,1.96,-1.96,0.21,-57
1787066281088,69937,Lumbar,stand,-0.051728,1.016504,-0.063928,1.26,-1.75,0.35,-57
1787066281088,69968,Lumbar,stand,-0.049776,1.009672,-0.062464,0.91,-2.31,0.7,-57
1787066281088,69984,Lumbar,stand,-0.0488,1.008208,-0.05856,1.61,-2.24,0.49,-57
1787066281088,70002,Lumbar,stand,-0.049288,1.01016,-0.057096,1.89,-1.89,0.28,-57
1787066281088,70019,Lumbar,stand,-0.050264,1.016016,-0.059048,1.96,-1.89,0.35,-57
1787066281088,70050,Lumbar,stand,-0.05124,1.014552,-0.05856,1.12,-2.1,0.56,-57
1787066281088,70067,Lumbar,stand,-0.052216,1.011136,-0.057096,1.33,-1.89,0.49,-57
1787066281088,70084,Lumbar,stand,-0.052704,1.01016,-0.057584,1.96,-1.47,0.28,-57
1787066281088,70101,Lumbar,stand,-0.050752,1.014552,-0.060512,2.31,-1.61,0.14,-57
1787066281088,70118,Lumbar,stand,-0.049288,1.015528,-0.06344,2.1,-2.17,0.14,-57
1787066281636,70293,Lumbar,stand,-0.049288,1.013088,-0.06344,2.59,-2.52,0.42,-58
1787066281636,70324,Lumbar,stand,-0.050752,1.013088,-0.061488,1.33,-2.24,0.56,-58
1787066281636,70341,Lumbar,stand,-0.052216,1.011624,-0.05856,1.4,-2.1,0.63,-58
1787066281636,70358,Lumbar,stand,-0.052704,1.011624,-0.057096,1.61,-1.89,0.63,-58
1787066281636,70375,Lumbar,stand,-0.052704,1.0126,-0.06344,1.89,-2.17,0.63,-58
1787066281636,70406,Lumbar,stand,-0.0488,1.0126,-0.06832,1.96,-2.8,0.7,-58
1787066281636,70423,Lumbar,stand,-0.0488,1.011624,-0.064416,2.24,-2.59,0.77,-58
1787066281636,70440,Lumbar,stand,-0.047824,1.013088,-0.062464,2.24,-2.31,0.77,-58
1787066281636,70457,Lumbar,stand,-0.049288,1.013576,-0.06344,1.75,-2.24,0.7,-58
1787066281636,70474,Lumbar,stand,-0.048312,1.013576,-0.062464,1.82,-2.31,0.63,-58
1787066281798,70647,Lumbar,stand,-0.049288,1.011136,-0.06344,2.24,-1.89,0.49,-59
1787066281798,70678,Lumbar,stand,-0.05124,1.013576,-0.06588,2.38,-2.03,0.42,-59
1787066281798,70695,Lumbar,stand,-0.050264,1.013576,-0.070272,2.24,-2.17,0.56,-59
1787066281798,70712,Lumbar,stand,-0.050752,1.0126,-0.066368,2.17,-2.38,0.56,-59
1787066281798,70729,Lumbar,stand,-0.05124,1.012112,-0.064904,2.17,-2.38,0.63,-59
1787066281798,70760,Lumbar,stand,-0.050264,1.013088,-0.067832,2.17,-1.82,0.7,-59
1787066281798,70777,Lumbar,stand,-0.050752,1.014064,-0.06832,2.17,-1.68,0.77,-59
1787066281798,70794,Lumbar,stand,-0.049288,1.01504,-0.06344,2.17,-1.75,0.77,-59
1787066281798,70811,Lumbar,stand,-0.050264,1.016504,-0.06344,1.75,-2.03,0.63,-59
1787066281798,70828,Lumbar,stand,-0.052216,1.016992,-0.064904,1.19,-2.24,0.56,-59
1787066282248,71003,Lumbar,stand,-0.050264,1.015528,-0.062464,-0.14,-3.64,0.14,-59
1787066282248,71034,Lumbar,stand,-0.04636,1.01504,-0.06588,-0.7,-4.27,-0.14,-59
1787066282248,71051,Lumbar,stand,-0.047336,1.014064,-0.06344,-0.77,-4.27,-0.14,-59
1787066282248,71069,Lumbar,stand,-0.047336,1.013576,-0.060024,-0.84,-3.78,-0.14,-59
1787066282248,71086,Lumbar,stand,-0.050752,1.01016,-0.060024,-0.98,-2.73,-0.07,-59
1787066282248,71117,Lumbar,stand,-0.049776,1.007232,-0.059048,0.28,-2.8,-0.07,-59
1787066282248,71134,Lumbar,stand,-0.047336,1.011624,-0.05856,0.98,-3.08,0,-59
1787066282248,71151,Lumbar,stand,-0.049288,1.014064,-0.06344,0.49,-3.15,0.28,-59
1787066282248,71168,Lumbar,stand,-0.050752,1.014552,-0.060024,0,-2.94,0.49,-59
1787066282248,71185,Lumbar,stand,-0.050264,1.0126,-0.05368,0.14,-2.45,0.35,-59
1787066282514,71359,Lumbar,stand,-0.05124,1.018944,-0.057584,-1.33,-1.47,0.07,-60
1787066282514,71390,Lumbar,stand,-0.054168,1.016504,-0.054168,-2.45,-2.73,0.28,-60
1787066282514,71407,Lumbar,stand,-0.057584,1.012112,-0.04392,-2.1,-3.22,0.35,-60
1787066282514,71424,Lumbar,stand,-0.061488,1.016504,-0.047336,-1.54,-3.22,0.56,-60
1787066282514,71442,Lumbar,stand,-0.061488,1.016016,-0.050264,-2.1,-3.08,0.7,-60
1787066282514,71473,Lumbar,stand,-0.060024,1.01016,-0.045872,-1.68,-2.59,1.19,-60
1787066282514,71490,Lumbar,stand,-0.05612,1.010648,-0.04392,-0.91,-3.57,1.47,-60
1787066282514,71507,Lumbar,stand,-0.052704,1.011136,-0.042456,-0.77,-4.41,2.03,-60
1787066282514,71524,Lumbar,stand,-0.051728,1.011624,-0.040016,-0.7,-4.62,2.59,-60
1787066282514,71541,Lumbar,stand,-0.0488,1.0126,-0.0366,-0.63,-4.34,2.66,-60
1787066282870,71717,Lumbar,stand,-0.028304,1.006744,-0.024888,2.52,-1.19,2.59,-60
1787066282870,71748,Lumbar,stand,-0.034648,1.00528,-0.02928,3.29,-0.42,1.82,-60
1787066282870,71765,Lumbar,stand,-0.035624,1.009672,-0.03172,4.97,-0.63,1.47,-60
1787066282870,71782,Lumbar,stand,-0.035136,1.022848,-0.033184,5.32,-0.49,0.84,-60
1787066282870,71799,Lumbar,stand,-0.032696,1.027728,-0.032696,4.06,-0.14,0.35,-60
1787066282870,71830,Lumbar,stand,-0.0366,1.018456,-0.032696,2.31,0.84,0.07,-60
1787066282870,71847,Lumbar,stand,-0.043432,1.012112,-0.035624,2.03,1.26,-0.07,-60
1787066282870,71864,Lumbar,stand,-0.045872,1.008208,-0.035624,2.45,1.12,-0.21,-60
1787066282870,71881,Lumbar,stand,-0.049288,1.008696,-0.037088,2.87,0.77,-0.28,-60
1787066282870,71898,Lumbar,stand,-0.049776,1.016992,-0.04148,3.22,-0.35,-0.42,-60
1787066283270,72074,Lumbar,stand,-0.044896,1.009184,-0.043432,2.1,-3.92,0.56,-60
1787066283270,72105,Lumbar,stand,-0.042456,1.019432,-0.041968,2.24,-4.34,0.28,-60
1787066283270,72122,Lumbar,stand,-0.040992,1.018456,-0.040504,1.54,-4.13,0.28,-60
1787066283270,72139,Lumbar,stand,-0.038552,1.01504,-0.037576,1.47,-3.92,0.35,-60
1787066283270,72155,Lumbar,stand,-0.037088,1.012112,-0.0366,1.75,-3.71,0.28,-60
1787066283270,72186,Lumbar,stand,-0.035624,1.017968,-0.04636,1.89,-3.71,0.14,-60
1787066283270,72203,Lumbar,stand,-0.036112,1.017968,-0.044896,1.54,-3.71,0.14,-60
1787066283270,72220,Lumbar,stand,-0.036112,1.013088,-0.03904,1.4,-3.5,0.21,-60
1787066283270,72237,Lumbar,stand,-0.03904,1.013088,-0.035624,1.89,-3.08,0.21,-60
1787066283270,72254,Lumbar,stand,-0.040016,1.013576,-0.037576,2.03,-3.08,0.21,-60
1787066283584,72428,Lumbar,stand,-0.034648,1.013088,-0.050752,1.89,0,0.84,-61
1787066283584,72461,Lumbar,stand,-0.035624,1.0126,-0.047336,2.94,1.12,1.12,-61
1787066283584,72478,Lumbar,stand,-0.03904,1.01504,-0.049776,3.01,1.54,1.05,-61
1787066283584,72495,Lumbar,stand,-0.041968,1.01748,-0.053192,2.8,1.4,1.05,-61
1787066283584,72512,Lumbar,stand,-0.040504,1.016504,-0.051728,2.38,1.75,1.19,-61
1787066283584,72529,Lumbar,stand,-0.038064,1.016016,-0.045872,2.24,2.17,1.19,-61
1787066283584,72560,Lumbar,stand,-0.033184,1.008696,-0.04636,1.89,2.31,1.12,-61
1787066283584,72577,Lumbar,stand,-0.037576,1.01016,-0.045872,2.73,1.47,1.26,-61
1787066283584,72594,Lumbar,stand,-0.040992,1.01748,-0.047824,2.8,0.91,0.98,-61
1787066283584,72611,Lumbar,stand,-0.042944,1.017968,-0.050264,2.24,0.91,0.84,-61
1787066284097,72786,Lumbar,stand,-0.03904,1.01992,-0.052704,2.45,-4.13,1.4,-61
1787066284097,72818,Lumbar,stand,-0.03416,1.014552,-0.044896,2.03,-3.08,0.91,-61
1787066284097,72835,Lumbar,stand,-0.038552,1.012112,-0.044408,2.59,-3.15,0.63,-61
1787066284097,72853,Lumbar,stand,-0.040992,1.016992,-0.04392,2.8,-3.71,0.35,-61
1787066284097,72870,Lumbar,stand,-0.040504,1.021384,-0.044408,2.03,-4.34,0.42,-61
1787066284097,72887,Lumbar,stand,-0.038552,1.014064,-0.042456,1.12,-4.55,0.49,-61
1787066284097,72918,Lumbar,stand,-0.033672,1.011136,-0.042944,1.75,-3.78,0.49,-61
1787066284097,72935,Lumbar,stand,-0.035624,1.0126,-0.045384,2.1,-3.57,0.35,-61
1787066284097,72952,Lumbar,stand,-0.035136,1.016992,-0.050752,2.31,-3.5,0.42,-61
1787066284097,72969,Lumbar,stand,-0.035624,1.018944,-0.05124,2.17,-3.36,0.49,-61
1787066284297,73143,Lumbar,stand,-0.028792,1.016992,-0.048312,1.96,-1.05,0.35,-59
1787066284297,73174,Lumbar,stand,-0.031232,1.014552,-0.047336,1.75,0.28,0.14,-59
1787066284297,73191,Lumbar,stand,-0.03172,1.0126,-0.047824,1.75,0.21,0,-59
1787066284297,73207,Lumbar,stand,-0.035136,1.013088,-0.049288,1.89,-0.35,0.07,-59
1787066284297,73224,Lumbar,stand,-0.034648,1.014064,-0.048312,1.75,-0.21,0.14,-59
1787066284297,73255,Lumbar,stand,-0.032208,1.014064,-0.053192,1.75,0.21,0.14,-59
1787066284297,73272,Lumbar,stand,-0.03416,1.014064,-0.057096,1.82,0.07,0.28,-59
1787066284297,73289,Lumbar,stand,-0.0366,1.014064,-0.058072,1.82,-0.07,0.35,-59
1787066284297,73306,Lumbar,stand,-0.037576,1.013576,-0.058072,1.75,0,0.35,-59
1787066284297,73323,Lumbar,stand,-0.037088,1.013088,-0.054656,1.96,0,0.42,-59
1787066284703,73497,Lumbar,stand,-0.035624,1.016504,-0.050752,1.47,-3.15,0.28,-59
1787066284703,73528,Lumbar,stand,-0.032696,1.0126,-0.049288,1.26,-3.64,0.14,-59
1787066284703,73545,Lumbar,stand,-0.032696,1.014064,-0.048312,1.26,-3.15,0,-59
1787066284703,73562,Lumbar,stand,-0.033672,1.016504,-0.050264,1.4,-2.8,-0.14,-59
1787066284703,73579,Lumbar,stand,-0.03416,1.016504,-0.053192,1.4,-3.15,-0.35,-59
1787066284703,73610,Lumbar,stand,-0.035136,1.018944,-0.05368,0.84,-5.74,0,-59
1787066284703,73627,Lumbar,stand,-0.038064,1.018456,-0.052216,0.14,-5.25,0.07,-59
1787066284703,73644,Lumbar,stand,-0.035136,1.0126,-0.046848,-0.21,-3.71,0.21,-59
1787066284703,73661,Lumbar,stand,-0.035624,1.004792,-0.052704,0.49,-3.29,0.14,-59
1787066284703,73678,Lumbar,stand,-0.037576,1.004304,-0.055632,1.26,-3.64,-0.07,-59
1787066285011,73852,Lumbar,stand,-0.034648,1.018944,-0.035624,-0.07,-1.33,0.42,-59
1787066285011,73883,Lumbar,stand,-0.034648,1.028704,-0.049288,-1.61,-1.05,-0.07,-59
1787066285011,73902,Lumbar,stand,-0.0366,1.016504,-0.052704,-3.29,-1.68,-0.28,-59
1787066285011,73920,Lumbar,stand,-0.035624,1.003816,-0.045872,-3.08,-1.68,-0.14,-59
1787066285011,73937,Lumbar,stand,-0.03416,1.004304,-0.04636,-1.05,-1.89,-0.42,-59
1787066285011,73954,Lumbar,stand,-0.028304,1.01016,-0.042944,0.35,-2.8,-0.84,-59
1787066285011,73985,Lumbar,stand,-0.030256,1.007232,-0.033672,0.91,-1.96,-0.07,-59
1787066285011,74002,Lumbar,stand,-0.036112,1.012112,-0.030256,1.12,-1.26,0.07,-59
1787066285011,74019,Lumbar,stand,-0.040016,1.0126,-0.032208,1.54,-0.77,-0.28,-59
1787066285011,74036,Lumbar,stand,-0.04148,1.0126,-0.039528,1.82,-1.12,-0.28,-59
1787066285369,74212,Lumbar,stand,-0.034648,1.013576,-0.036112,2.1,-0.63,0.35,-59
1787066285369,74243,Lumbar,stand,-0.033184,1.014552,-0.040504,2.1,-0.28,0.42,-59
1787066285369,74261,Lumbar,stand,-0.036112,1.013088,-0.040504,2.24,-0.56,0.56,-59
1787066285369,74278,Lumbar,stand,-0.0366,1.015528,-0.038552,2.52,-0.7,0.49,-59
1787066285369,74295,Lumbar,stand,-0.038064,1.016016,-0.042944,2.31,-0.91,0.56,-59
1787066285369,74312,Lumbar,stand,-0.038064,1.013576,-0.043432,2.03,-0.98,0.56,-59
1787066285369,74343,Lumbar,stand,-0.033672,1.011624,-0.036112,2.66,-1.12,0.14,-59
1787066285369,74360,Lumbar,stand,-0.03172,1.015528,-0.035624,3.08,-1.19,0.14,-59
1787066285369,74377,Lumbar,stand,-0.032696,1.016992,-0.03904,2.94,-0.91,0.42,-59
1787066285369,74394,Lumbar,stand,-0.035136,1.015528,-0.04148,2.52,-1.05,0.35,-59
1787066285936,74569,Lumbar,stand,-0.038552,1.016504,-0.043432,2.38,-0.07,0.91,-59
1787066285936,74600,Lumbar,stand,-0.038064,1.01504,-0.048312,2.17,0.21,0.49,-59
1787066285936,74617,Lumbar,stand,-0.034648,1.01504,-0.050264,2.52,-0.35,0.56,-59
1787066285936,74634,Lumbar,stand,-0.03416,1.016016,-0.049776,2.59,-0.98,0.84,-59
1787066285936,74651,Lumbar,stand,-0.037576,1.018944,-0.049288,2.38,-0.98,0.84,-59
1787066285936,74682,Lumbar,stand,-0.039528,1.01016,-0.050264,1.75,-0.84,0.7,-59
1787066285936,74699,Lumbar,stand,-0.038064,1.009672,-0.047336,2.52,-0.91,0.77,-59
1787066285936,74716,Lumbar,stand,-0.035624,1.013088,-0.047824,2.73,-0.84,0.7,-59
1787066285936,74733,Lumbar,stand,-0.03416,1.01748,-0.052704,2.66,-1.12,0.63,-59
1787066285936,74750,Lumbar,stand,-0.033672,1.013576,-0.05124,2.17,-1.33,0.77,-59
1787066286078,74924,Lumbar,stand,-0.032696,1.01504,-0.05612,2.87,-0.42,0.63,-59
1787066286078,74955,Lumbar,stand,-0.034648,1.011136,-0.057096,3.5,-0.28,0.77,-59
1787066286078,74972,Lumbar,stand,-0.03416,1.013088,-0.057584,3.78,0,0.77,-59
1787066286078,74989,Lumbar,stand,-0.033184,1.01504,-0.056608,3.71,0.07,0.77,-59
1787066286078,75006,Lumbar,stand,-0.032208,1.015528,-0.059048,3.29,-0.07,0.77,-59
1787066286078,75037,Lumbar,stand,-0.030256,1.0126,-0.061488,3.43,0,0.91,-59
1787066286078,75054,Lumbar,stand,-0.031232,1.012112,-0.062464,3.57,0.28,0.84,-59
1787066286078,75071,Lumbar,stand,-0.030256,1.013576,-0.062464,3.78,0.35,0.98,-59
1787066286078,75088,Lumbar,stand,-0.030744,1.018456,-0.062464,3.5,0.21,0.91,-59
1787066286078,75105,Lumbar,stand,-0.03172,1.019432,-0.064416,3.01,0.35,0.7,-59
1787066286435,75278,Lumbar,stand,-0.032208,1.014064,-0.067832,1.33,-0.56,0.42,-60
1787066286435,75309,Lumbar,stand,-0.030256,1.009184,-0.061976,2.03,0.07,0.49,-60
1787066286435,75326,Lumbar,stand,-0.02928,1.01748,-0.062952,2.38,0.21,0.35,-60
1787066286435,75343,Lumbar,stand,-0.032696,1.018456,-0.06832,1.75,0.42,0.28,-60
1787066286435,75360,Lumbar,stand,-0.033672,1.016504,-0.069296,1.05,0.28,0.35,-60
1787066286435,75391,Lumbar,stand,-0.033184,1.014064,-0.062952,1.47,0.21,0.56,-60
1787066286435,75408,Lumbar,stand,-0.034648,1.016992,-0.067344,1.47,-0.28,0.77,-60
1787066286435,75425,Lumbar,stand,-0.03172,1.020896,-0.069784,0.98,-0.35,0.7,-60
1787066286435,75442,Lumbar,stand,-0.031232,1.014552,-0.063928,0.07,-0.77,0.56,-60
1787066286435,75459,Lumbar,stand,-0.031232,1.009184,-0.057096,0.56,-0.98,0.42,-60
1787066286793,75634,Lumbar,stand,-0.030256,1.011136,-0.059048,1.75,-3.5,0.49,-60
1787066286793,75666,Lumbar,stand,-0.028792,1.013088,-0.057096,2.17,-3.15,0.49,-60
1787066286793,75683,Lumbar,stand,-0.029768,1.01504,-0.057096,2.03,-3.01,0.42,-60
1787066286793,75701,Lumbar,stand,-0.030744,1.015528,-0.056608,1.61,-2.94,0.35,-60
1787066286793,75718,Lumbar,stand,-0.030744,1.013576,-0.056608,1.54,-3.01,0.28,-60
1787066286793,75735,Lumbar,stand,-0.030256,1.01504,-0.05612,1.61,-3.22,0.35,-60
1787066286793,75766,Lumbar,stand,-0.02928,1.018944,-0.057584,1.33,-3.36,0.35,-60
1787066286793,75783,Lumbar,stand,-0.028304,1.01748,-0.060512,0.77,-3.15,0.35,-60
1787066286793,75800,Lumbar,stand,-0.028304,1.016016,-0.059536,0.63,-2.8,0.42,-60
1787066286793,75817,Lumbar,stand,-0.029768,1.013576,-0.05856,0.63,-2.52,0.42,-60
1787066287156,75993,Lumbar,stand,-0.02928,1.014552,-0.053192,-0.63,-2.45,0.28,-60
1787066287156,76025,Lumbar,stand,-0.02928,1.017968,-0.051728,-0.49,-2.03,0.49,-60
1787066287156,76042,Lumbar,stand,-0.02928,1.017968,-0.051728,-1.47,-1.33,0.21,-60
1787066287156,76060,Lumbar,stand,-0.028792,1.0126,-0.049776,-1.82,-1.26,-0.07,-60
1787066287156,76077,Lumbar,stand,-0.02928,1.006256,-0.045384,-1.26,-1.47,-0.07,-60
1787066287156,76094,Lumbar,stand,-0.02928,1.011624,-0.04392,-0.14,-1.54,-0.14,-60
1787066287156,76125,Lumbar,stand,-0.03172,1.016016,-0.055144,-0.42,-0.7,0.07,-60
1787066287156,76142,Lumbar,stand,-0.032208,1.015528,-0.05856,-0.7,-0.35,0.14,-60
1787066287156,76159,Lumbar,stand,-0.027328,1.008208,-0.052216,-0.42,0.07,-0.14,-60
1787066287156,76175,Lumbar,stand,-0.028304,1.013088,-0.047336,0.35,0.14,-0.21,-60
1787066287573,76351,Lumbar,stand,-0.033184,1.01748,-0.03904,0.14,-1.61,-0.14,-59
1787066287573,76383,Lumbar,stand,-0.03416,1.016016,-0.045384,-0.56,-2.73,-0.14,-59
1787066287573,76400,Lumbar,stand,-0.034648,1.014064,-0.043432,-0.49,-3.01,-0.14,-59
1787066287573,76417,Lumbar,stand,-0.0366,1.011624,-0.039528,-0.28,-3.08,-0.21,-59
1787066287573,76434,Lumbar,stand,-0.033672,1.011136,-0.035624,0.35,-3.15,-0.35,-59
1787066287573,76465,Lumbar,stand,-0.029768,1.016504,-0.035136,0.7,-3.15,-0.28,-59
1787066287573,76482,Lumbar,stand,-0.031232,1.019432,-0.039528,0.42,-3.15,-0.14,-59
1787066287573,76499,Lumbar,stand,-0.03172,1.016016,-0.041968,0.14,-3.43,0.07,-59
1787066287573,76516,Lumbar,stand,-0.032208,1.01016,-0.038552,0.35,-3.64,0.21,-59
1787066287573,76533,Lumbar,stand,-0.032208,1.009672,-0.035136,1.05,-3.29,0.07,-59
1787066287866,76708,Lumbar,stand,-0.027328,1.013088,-0.040992,2.66,-0.84,0.56,-60
1787066287866,76739,Lumbar,stand,-0.02928,1.013576,-0.038064,2.73,-0.42,0.42,-60
1787066287866,76756,Lumbar,stand,-0.029768,1.01504,-0.038552,2.8,-0.28,0.56,-60
1787066287866,76774,Lumbar,stand,-0.029768,1.014064,-0.040504,2.73,-0.28,0.63,-60
1787066287866,76791,Lumbar,stand,-0.029768,1.016016,-0.040992,2.73,-0.14,0.7,-60
1787066287866,76822,Lumbar,stand,-0.028304,1.01748,-0.044408,2.66,-0.07,0.49,-60
1787066287866,76839,Lumbar,stand,-0.030256,1.01748,-0.042944,2.31,0,0.7,-60
1787066287866,76856,Lumbar,stand,-0.03172,1.012112,-0.042944,2.17,0.49,0.7,-60
1787066287866,76873,Lumbar,stand,-0.030744,1.010648,-0.040504,3.08,0.7,0.35,-60
1787066287866,76890,Lumbar,stand,-0.027816,1.009184,-0.040504,3.71,0.63,0.35,-60
1787066288392,77065,Lumbar,stand,-0.034648,1.014064,-0.042456,2.52,0.21,0.56,-60
1787066288392,77096,Lumbar,stand,-0.034648,1.019432,-0.047824,2.66,-0.07,0.49,-60
1787066288392,77114,Lumbar,stand,-0.03172,1.018456,-0.0488,2.03,-0.49,0.63,-60
1787066288392,77130,Lumbar,stand,-0.033672,1.01504,-0.050752,2.38,-0.42,0.7,-60
1787066288392,77147,Lumbar,stand,-0.0366,1.013088,-0.055632,2.66,-0.77,0.63,-60
1787066288392,77178,Lumbar,stand,-0.033184,1.01504,-0.045872,2.8,-1.12,0.42,-60
1787066288392,77195,Lumbar,stand,-0.03172,1.018944,-0.053192,2.66,-1.05,0.42,-60
1787066288392,77212,Lumbar,stand,-0.030744,1.019432,-0.055632,2.38,-1.33,0.42,-60
1787066288392,77229,Lumbar,stand,-0.032208,1.015528,-0.054168,1.82,-1.61,0.49,-60
1787066288392,77246,Lumbar,stand,-0.032696,1.010648,-0.050264,1.96,-2.1,0.56,-60
1787066288580,77420,Lumbar,stand,-0.028792,1.014064,-0.060512,3.22,-3.08,0.63,-62
1787066288580,77451,Lumbar,stand,-0.02684,1.014552,-0.057584,3.29,-1.89,0.77,-62
1787066288580,77468,Lumbar,stand,-0.025864,1.016016,-0.056608,3.01,-1.33,0.63,-62
1787066288580,77485,Lumbar,stand,-0.025864,1.01748,-0.056608,2.59,-1.12,0.56,-62
1787066288580,77502,Lumbar,stand,-0.026352,1.014552,-0.05612,2.31,-1.47,0.63,-62
1787066288580,77533,Lumbar,stand,-0.027816,1.0126,-0.055632,2.73,-2.03,0.84,-62
1787066288580,77550,Lumbar,stand,-0.02684,1.0126,-0.055632,3.08,-1.96,0.84,-62
1787066288580,77567,Lumbar,stand,-0.0244,1.01504,-0.058072,3.22,-1.61,0.7,-62
1787066288580,77585,Lumbar,stand,-0.024888,1.016016,-0.058072,2.87,-1.33,0.56,-62
1787066288580,77603,Lumbar,stand,-0.02928,1.013576,-0.05612,2.8,-1.05,0.7,-62
1787066289011,77778,Lumbar,stand,-0.033184,1.018944,-0.057096,1.26,-2.38,0.49,-62
1787066289011,77810,Lumbar,stand,-0.028304,1.009672,-0.066856,0.77,-2.8,0.21,-62
1787066289011,77827,Lumbar,stand,-0.02684,1.009184,-0.062464,1.4,-3.01,0.35,-62
1787066289011,77844,Lumbar,stand,-0.027328,1.016992,-0.052704,1.54,-3.08,0.28,-62
1787066289011,77861,Lumbar,stand,-0.028792,1.020408,-0.049776,1.05,-2.94,0.21,-62
1787066289011,77892,Lumbar,stand,-0.028304,1.016992,-0.054656,0,-2.31,0.35,-62
1787066289011,77909,Lumbar,stand,-0.028304,1.011624,-0.056608,0.07,-2.66,0.42,-62
1787066289011,77926,Lumbar,stand,-0.028304,1.0126,-0.054656,0.56,-3.29,0.56,-62
1787066289011,77943,Lumbar,stand,-0.02684,1.014064,-0.052704,0.77,-3.15,0.56,-62
1787066289011,77960,Lumbar,stand,-0.027328,1.014552,-0.050752,0.84,-2.59,0.42,-62
1787066289297,78133,Lumbar,stand,-0.028304,1.016504,-0.050264,0.7,-1.75,-0.07,-62
1787066289297,78164,Lumbar,stand,-0.032208,1.011624,-0.047824,0.42,-1.47,-0.42,-62
1787066289297,78181,Lumbar,stand,-0.032208,1.009184,-0.045872,0.84,-1.54,-0.77,-62
1787066289297,78198,Lumbar,stand,-0.032696,1.0126,-0.0488,2.03,-1.19,-0.77,-62
1787066289297,78216,Lumbar,stand,-0.030744,1.019432,-0.053192,2.1,-1.12,-0.7,-62
1787066289297,78247,Lumbar,stand,-0.028792,1.018944,-0.055144,0.7,-1.82,-0.42,-62
1787066289297,78264,Lumbar,stand,-0.02928,1.015528,-0.052216,0.21,-2.24,-0.42,-62
1787066289297,78282,Lumbar,stand,-0.032208,1.013088,-0.05124,0.21,-2.31,-0.35,-62
1787066289297,78299,Lumbar,stand,-0.032696,1.0126,-0.050752,0.42,-2.45,-0.14,-62
1787066289297,78316,Lumbar,stand,-0.032696,1.013576,-0.049776,0.49,-2.52,-0.14,-62
1787066289827,78492,Lumbar,stand,-0.0366,1.015528,-0.040504,-1.89,-2.73,-0.28,-62
1787066289827,78523,Lumbar,stand,-0.0366,1.016016,-0.044408,-2.31,-2.73,-0.77,-62
1787066289827,78540,Lumbar,stand,-0.030744,1.010648,-0.045872,-1.96,-2.73,-0.42,-62
1787066289827,78557,Lumbar,stand,-0.02928,1.010648,-0.044896,-1.12,-2.73,-0.14,-62
1787066289827,78574,Lumbar,stand,-0.031232,1.011136,-0.039528,-0.42,-2.66,-0.21,-62
1787066289827,78605,Lumbar,stand,-0.028792,1.013088,-0.034648,0.35,-3.85,-0.28,-62
1787066289827,78622,Lumbar,stand,-0.031232,1.015528,-0.033672,0.42,-3.85,0.07,-62
1787066289827,78639,Lumbar,stand,-0.03416,1.018456,-0.033672,0.42,-3.22,0.21,-62
1787066289827,78656,Lumbar,stand,-0.035624,1.021872,-0.033672,0.07,-2.73,0.14,-62
1787066289827,78673,Lumbar,stand,-0.03172,1.012112,-0.038552,-0.07,-2.38,0.21,-62
1787066290010,78848,Lumbar,stand,-0.033672,1.009184,-0.04148,1.68,-0.63,0.49,-60
1787066290010,78879,Lumbar,stand,-0.033184,1.014552,-0.033184,3.15,-0.77,0.63,-60
1787066290010,78896,Lumbar,stand,-0.034648,1.019432,-0.038064,2.73,-0.56,0.56,-60
1787066290010,78913,Lumbar,stand,-0.035624,1.019432,-0.038064,2.24,-0.63,0.49,-60
1787066290010,78930,Lumbar,stand,-0.037088,1.011136,-0.040504,2.03,-0.77,0.56,-60
1787066290010,78961,Lumbar,stand,-0.037576,1.012112,-0.0366,3.15,-1.82,0.49,-60
1787066290010,78977,Lumbar,stand,-0.0366,1.015528,-0.035624,3.36,-2.03,0.42,-60
1787066290010,78994,Lumbar,stand,-0.037576,1.018456,-0.036112,2.94,-1.96,0.63,-60
1787066290010,79012,Lumbar,stand,-0.037576,1.015528,-0.0366,2.8,-1.68,0.7,-60
1787066290010,79029,Lumbar,stand,-0.035624,1.013088,-0.037576,2.94,-1.68,0.49,-60
1787066290366,79204,Lumbar,stand,-0.030744,1.0126,-0.041968,2.73,-2.59,0.63,-60
1787066290366,79236,Lumbar,stand,-0.033184,1.01504,-0.040992,2.66,-2.73,0.84,-60
1787066290366,79253,Lumbar,stand,-0.032208,1.015528,-0.04148,2.59,-2.66,0.77,-60
1787066290366,79270,Lumbar,stand,-0.029768,1.015528,-0.041968,2.66,-2.52,0.7,-60
1787066290366,79287,Lumbar,stand,-0.029768,1.016992,-0.040992,2.59,-2.59,0.56,-60
1787066290366,79318,Lumbar,stand,-0.029768,1.016992,-0.043432,2.17,-2.59,0.7,-60
1787066290366,79335,Lumbar,stand,-0.02928,1.016016,-0.043432,1.82,-2.1,0.63,-60
1787066290366,79352,Lumbar,stand,-0.028304,1.014552,-0.04392,1.68,-1.68,0.28,-60
1787066290366,79369,Lumbar,stand,-0.028304,1.012112,-0.043432,2.38,-2.24,0.07,-60
1787066290366,79386,Lumbar,stand,-0.028304,1.012112,-0.042456,2.8,-2.52,0.28,-60
1787066290722,79561,Lumbar,stand,-0.028792,1.01748,-0.047824,3.22,-0.91,0.56,-60
1787066290722,79592,Lumbar,stand,-0.030256,1.013088,-0.050752,2.73,-1.82,0.98,-60
1787066290722,79609,Lumbar,stand,-0.030744,1.0126,-0.047824,3.22,-1.96,0.98,-60
1787066290722,79626,Lumbar,stand,-0.030744,1.0126,-0.0488,3.29,-1.68,0.84,-60
1787066290722,79643,Lumbar,stand,-0.02928,1.015528,-0.047336,3.43,-1.54,0.84,-60
1787066290722,79674,Lumbar,stand,-0.030256,1.021384,-0.051728,2.8,-1.19,0.7,-60
1787066290722,79692,Lumbar,stand,-0.03172,1.015528,-0.055144,2.31,-1.47,0.7,-60
1787066290722,79709,Lumbar,stand,-0.031232,1.012112,-0.051728,2.45,-2.24,0.84,-60
1787066290722,79726,Lumbar,stand,-0.030744,1.011624,-0.050752,2.59,-2.87,0.84,-60
1787066290722,79743,Lumbar,stand,-0.030256,1.013088,-0.049776,3.01,-3.01,0.91,-60
1787066291079,79918,Lumbar,stand,-0.030256,1.017968,-0.057096,3.57,-1.82,1.05,-60
1787066291079,79949,Lumbar,stand,-0.028792,1.01748,-0.060512,2.94,-1.33,0.84,-60
1787066291079,79967,Lumbar,stand,-0.027816,1.016504,-0.063928,2.38,-1.19,0.63,-60
1787066291079,79983,Lumbar,stand,-0.02684,1.016504,-0.062464,1.75,-0.84,0.7,-60
1787066291079,80000,Lumbar,stand,-0.027328,1.01504,-0.059536,1.54,-1.05,0.91,-60
1787066291079,80031,Lumbar,stand,-0.027328,1.010648,-0.062464,2.03,-1.33,1.05,-60
1787066291079,80048,Lumbar,stand,-0.025864,1.011624,-0.059536,2.66,-1.19,0.91,-60
1787066291079,80065,Lumbar,stand,-0.02684,1.014064,-0.060024,2.66,-1.12,0.98,-60
1787066291079,80082,Lumbar,stand,-0.0244,1.016016,-0.06588,2.38,-1.12,1.05,-60
1787066291079,80099,Lumbar,stand,-0.024888,1.014552,-0.06832,2.24,-1.12,1.12,-60
1787066291438,80274,Lumbar,stand,-0.02684,1.016016,-0.062464,0.91,-1.12,0.84,-59
1787066291438,80306,Lumbar,stand,-0.028792,1.008208,-0.060024,1.61,-1.61,0.35,-59
1787066291438,80323,Lumbar,stand,-0.028304,1.016504,-0.060512,2.24,-2.03,0.21,-59
1787066291438,80341,Lumbar,stand,-0.025864,1.02236,-0.060512,1.19,-2.24,0,-59
1787066291438,80358,Lumbar,stand,-0.021472,1.02236,-0.061976,0.42,-2.31,0,-59
1787066291438,80375,Lumbar,stand,-0.01952,1.018944,-0.06344,-0.35,-2.31,0.35,-59
1787066291438,80406,Lumbar,stand,-0.0244,1.01504,-0.060024,-0.42,-1.68,0.21,-59
1787066291438,80423,Lumbar,stand,-0.027816,1.01748,-0.061,0.07,-1.82,0.28,-59
1787066291438,80440,Lumbar,stand,-0.028304,1.02236,-0.06588,-0.35,-2.8,0.35,-59
1787066291438,80457,Lumbar,stand,-0.023912,1.017968,-0.063928,-1.47,-3.15,0.42,-59
1787066291808,80631,Lumbar,stand,-0.021472,1.018944,-0.047336,-0.63,-2.66,0.21,-59
1787066291808,80662,Lumbar,stand,-0.023424,1.011136,-0.05368,-0.42,-2.8,0.35,-59
1787066291808,80678,Lumbar,stand,-0.023424,1.008208,-0.053192,-0.07,-3.01,0.35,-59
1787066291808,80695,Lumbar,stand,-0.020984,1.008208,-0.052216,0.84,-3.15,0.21,-59
1787066291808,80712,Lumbar,stand,-0.020496,1.014064,-0.048312,1.61,-2.8,0,-59
1787066291808,80743,Lumbar,stand,-0.022936,1.024312,-0.048312,1.47,-1.82,-0.28,-59
1787066291808,80760,Lumbar,stand,-0.02196,1.026752,-0.052216,0.21,-1.68,-0.35,-59
1787066291808,80777,Lumbar,stand,-0.020984,1.018944,-0.054656,-1.05,-1.61,-0.14,-59
1787066291808,80793,Lumbar,stand,-0.02196,1.015528,-0.053192,-1.19,-1.4,0.28,-59
1787066291808,80824,Lumbar,stand,-0.0244,1.01016,-0.04636,-0.63,-0.91,0.14,-59
1787066292166,81000,Lumbar,stand,-0.026352,1.016992,-0.045872,-0.21,-0.77,-0.14,-59
1787066292166,81032,Lumbar,stand,-0.02928,1.01748,-0.041968,-0.56,0.42,0.07,-59
1787066292166,81049,Lumbar,stand,-0.028304,1.014064,-0.038552,-0.49,0.56,-0.07,-59
1787066292166,81067,Lumbar,stand,-0.028792,1.012112,-0.033184,-0.28,0.35,-0.07,-59
1787066292166,81084,Lumbar,stand,-0.025864,1.014064,-0.032208,0.21,-0.21,0,-59
1787066292166,81101,Lumbar,stand,-0.025376,1.013088,-0.036112,0.56,-0.49,0.14,-59
1787066292166,81132,Lumbar,stand,-0.026352,1.016992,-0.036112,0.42,0.49,0.21,-59
1787066292166,81149,Lumbar,stand,-0.027816,1.016016,-0.036112,0.21,0.84,-0.07,-59
1787066292166,81166,Lumbar,stand,-0.027816,1.015528,-0.037088,0.28,0.56,-0.21,-59
1787066292166,81183,Lumbar,stand,-0.025864,1.01992,-0.034648,0.21,0.28,-0.14,-59
1787066292695,81358,Lumbar,stand,-0.033184,1.0126,-0.031232,1.61,-1.12,-0.28,-60
1787066292695,81390,Lumbar,stand,-0.033672,1.010648,-0.031232,1.68,-1.82,-0.07,-60
1787066292695,81407,Lumbar,stand,-0.031232,1.012112,-0.032208,1.89,-1.89,-0.14,-60
1787066292695,81424,Lumbar,stand,-0.030256,1.014552,-0.03172,2.24,-2.1,-0.07,-60
1787066292695,81441,Lumbar,stand,-0.031232,1.017968,-0.030744,2.17,-2.45,0.07,-60
1787066292695,81472,Lumbar,stand,-0.033184,1.021872,-0.031232,1.68,-2.52,0.21,-60
1787066292695,81489,Lumbar,stand,-0.033672,1.018456,-0.034648,1.19,-3.01,0.14,-60
1787066292695,81506,Lumbar,stand,-0.03416,1.014552,-0.033672,1.33,-3.43,0.28,-60
1787066292695,81523,Lumbar,stand,-0.034648,1.0126,-0.032208,1.61,-3.43,0.28,-60
1787066292695,81540,Lumbar,stand,-0.037088,1.011624,-0.032208,1.82,-3.5,0.28,-60
1787066292878,81715,Lumbar,stand,-0.0244,1.014552,-0.029768,2.17,-3.78,0.7,-62
1787066292878,81745,Lumbar,stand,-0.025864,1.018456,-0.03416,1.96,-3.57,0.42,-62
1787066292878,81762,Lumbar,stand,-0.02684,1.01504,-0.033184,1.96,-3.78,0.63,-62
1787066292878,81779,Lumbar,stand,-0.028304,1.010648,-0.033184,2.03,-3.85,0.77,-62
1787066292878,81796,Lumbar,stand,-0.027816,1.011624,-0.028304,2.52,-3.64,0.56,-62
1787066292878,81827,Lumbar,stand,-0.02684,1.016504,-0.033184,2.03,-2.8,0.35,-62
1787066292878,81844,Lumbar,stand,-0.027328,1.01504,-0.035624,2.17,-2.45,0.49,-62
1787066292878,81861,Lumbar,stand,-0.024888,1.016504,-0.034648,2.31,-2.31,0.63,-62
1787066292878,81878,Lumbar,stand,-0.023912,1.018944,-0.03172,2.17,-2.31,0.63,-62
1787066292878,81895,Lumbar,stand,-0.024888,1.01992,-0.033184,2.03,-1.89,0.77,-62
1787066293310,82070,Lumbar,stand,-0.02684,1.017968,-0.033184,2.45,-0.63,0.63,-62
1787066293310,82102,Lumbar,stand,-0.030744,1.014064,-0.038552,2.24,-0.14,0.56,-62
1787066293310,82119,Lumbar,stand,-0.02928,1.014064,-0.035136,2.38,-0.91,0.63,-62
1787066293310,82137,Lumbar,stand,-0.02928,1.016016,-0.034648,2.87,-1.47,0.7,-62
1787066293310,82154,Lumbar,stand,-0.027816,1.016016,-0.036112,3.01,-1.68,0.77,-62
1787066293310,82171,Lumbar,stand,-0.027328,1.018944,-0.035136,2.87,-1.4,0.7,-62
1787066293310,82202,Lumbar,stand,-0.032696,1.016992,-0.037088,2.24,-0.91,0.63,-62
1787066293310,82219,Lumbar,stand,-0.03172,1.016016,-0.035624,2.24,-0.98,0.49,-62
1787066293310,82236,Lumbar,stand,-0.033184,1.016016,-0.037088,2.45,-1.26,0.49,-62
1787066293310,82253,Lumbar,stand,-0.03172,1.018456,-0.038552,2.38,-1.96,0.63,-62
1787066293591,82427,Lumbar,stand,-0.02196,1.01504,-0.038552,1.96,-3.29,0.28,-61
1787066293591,82458,Lumbar,stand,-0.025864,1.016992,-0.038552,2.17,-4.48,0.84,-61
1787066293591,82475,Lumbar,stand,-0.02928,1.0126,-0.039528,2.03,-4.34,0.91,-61
1787066293591,82493,Lumbar,stand,-0.027328,1.013088,-0.04148,2.31,-4.34,1.05,-61
1787066293591,82510,Lumbar,stand,-0.023912,1.01504,-0.040016,2.52,-4.2,0.7,-61
1787066293591,82541,Lumbar,stand,-0.023912,1.01504,-0.037088,3.01,-3.71,0.56,-61
1787066293591,82558,Lumbar,stand,-0.02196,1.020896,-0.0366,2.45,-3.71,0.7,-61
1787066293591,82575,Lumbar,stand,-0.02196,1.016992,-0.036112,1.54,-3.43,0.7,-61
1787066293591,82592,Lumbar,stand,-0.022448,1.014552,-0.037576,1.75,-3.29,0.7,-61
1787066293591,82609,Lumbar,stand,-0.02196,1.013088,-0.038064,2.31,-2.8,0.77,-61
1787066293947,82783,Lumbar,stand,-0.021472,1.016016,-0.043432,2.31,-1.19,0.77,-62
1787066293947,82813,Lumbar,stand,-0.01952,1.014552,-0.040992,2.31,-1.47,0.77,-62
1787066293947,82831,Lumbar,stand,-0.02196,1.0126,-0.03904,2.45,-1.4,0.7,-62
1787066293947,82847,Lumbar,stand,-0.023912,1.011624,-0.039528,2.94,-0.91,0.7,-62
1787066293947,82864,Lumbar,stand,-0.02196,1.015528,-0.043432,3.01,-0.77,0.91,-62
1787066293947,82895,Lumbar,stand,-0.021472,1.014552,-0.044896,2.45,-0.77,0.91,-62
1787066293947,82912,Lumbar,stand,-0.023424,1.012112,-0.045384,2.59,-0.7,0.91,-62
1787066293947,82929,Lumbar,stand,-0.025376,1.010648,-0.04392,2.66,-0.91,0.91,-62
1787066293947,82946,Lumbar,stand,-0.0244,1.014552,-0.040992,3.15,-1.12,0.98,-62
1787066293947,82963,Lumbar,stand,-0.022936,1.018456,-0.04148,3.01,-1.68,0.84,-62
1787066294305,83137,Lumbar,stand,-0.020496,1.017968,-0.0366,2.17,-2.52,0.35,-63
1787066294305,83169,Lumbar,stand,-0.020496,1.014552,-0.047824,1.47,-3.71,0.56,-63
1787066294305,83186,Lumbar,stand,-0.020008,1.014552,-0.044408,1.75,-3.92,0.63,-63
1787066294305,83204,Lumbar,stand,-0.019032,1.016504,-0.042944,1.82,-3.57,0.28,-63
1787066294305,83221,Lumbar,stand,-0.020496,1.017968,-0.040016,1.61,-3.29,0.07,-63
1787066294305,83238,Lumbar,stand,-0.020984,1.020896,-0.04148,1.12,-3.15,0.07,-63
1787066294305,83269,Lumbar,stand,-0.018544,1.014552,-0.042944,0.42,-2.31,-0.28,-63
1787066294305,83286,Lumbar,stand,-0.01952,1.007232,-0.039528,1.05,-2.24,-0.28,-63
1787066294305,83303,Lumbar,stand,-0.019032,1.013088,-0.040504,2.52,-3.36,-0.07,-63
1787066294305,83320,Lumbar,stand,-0.02196,1.017968,-0.04636,2.1,-3.78,-0.14,-63
1787066294663,83497,Lumbar,stand,-0.020984,1.015528,-0.03904,1.75,-1.47,-0.49,-63
1787066294663,83528,Lumbar,stand,-0.020496,1.026264,-0.045384,-0.14,-1.89,-0.35,-63
1787066294663,83545,Lumbar,stand,-0.018056,1.020896,-0.042456,-1.33,-2.24,-0.42,-63
1787066294663,83562,Lumbar,stand,-0.015616,1.008208,-0.038064,-1.12,-2.24,-0.35,-63
1787066294663,83579,Lumbar,stand,-0.018056,1.006256,-0.035136,0.21,-1.75,-0.63,-63
1787066294663,83610,Lumbar,stand,-0.021472,1.018456,-0.045872,1.82,-1.33,-0.07,-63
1787066294663,83627,Lumbar,stand,-0.020496,1.023336,-0.048312,0.84,-1.4,0,-63
1787066294663,83644,Lumbar,stand,-0.01952,1.01748,-0.044896,0.07,-1.33,-0.14,-63
1787066294663,83661,Lumbar,stand,-0.018056,1.013576,-0.03904,0.77,-1.19,-0.49,-63
1787066294663,83678,Lumbar,stand,-0.018544,1.014064,-0.038064,1.47,-0.98,-0.84,-63
1787066295022,83855,Lumbar,stand,-0.037088,1.023336,-0.038552,0.28,0.91,-0.42,-63
1787066295022,83886,Lumbar,stand,-0.032696,1.002352,-0.02928,-0.21,0.91,0,-63
1787066295022,83904,Lumbar,stand,-0.034648,1.003816,-0.02928,1.54,0.84,0.07,-63
1787066295022,83921,Lumbar,stand,-0.040016,1.011136,-0.03172,2.1,0.49,0.14,-63
1787066295022,83938,Lumbar,stand,-0.040016,1.020896,-0.0366,2.1,-0.56,0.14,-63
1787066295022,83955,Lumbar,stand,-0.036112,1.020408,-0.037576,1.19,-1.47,0.21,-63
1787066295022,83986,Lumbar,stand,-0.033184,1.009184,-0.032208,1.61,-2.31,0.35,-63
1787066295022,84003,Lumbar,stand,-0.033184,1.0126,-0.03416,2.38,-2.1,0.42,-63
1787066295022,84020,Lumbar,stand,-0.029768,1.013576,-0.035136,2.38,-2.17,0.07,-63
1787066295022,84037,Lumbar,stand,-0.02684,1.0126,-0.035624,2.17,-2.66,-0.07,-63
1787066295377,84212,Lumbar,stand,-0.029768,1.017968,-0.038064,1.89,-2.87,0.35,-60
1787066295377,84243,Lumbar,stand,-0.028792,1.01504,-0.0366,2.17,-2.73,0.63,-60
1787066295377,84260,Lumbar,stand,-0.025864,1.01748,-0.037576,2.59,-2.8,0.63,-60
1787066295377,84277,Lumbar,stand,-0.025376,1.016504,-0.0366,2.24,-2.87,0.7,-60
1787066295377,84294,Lumbar,stand,-0.02684,1.0126,-0.037088,1.82,-2.73,0.63,-60
1787066295377,84325,Lumbar,stand,-0.0244,1.014064,-0.03416,2.87,-2.17,0.63,-60
1787066295377,84342,Lumbar,stand,-0.026352,1.020408,-0.042456,2.8,-1.47,0.63,-60
1787066295377,84359,Lumbar,stand,-0.023912,1.014552,-0.04636,2.31,-1.33,0.63,-60
1787066295377,84376,Lumbar,stand,-0.022448,1.011136,-0.044408,2.73,-0.98,0.84,-60
1787066295377,84393,Lumbar,stand,-0.021472,1.009672,-0.041968,3.22,-0.91,0.84,-60
1787066295732,84566,Lumbar,stand,-0.022936,1.015528,-0.053192,3.5,0.98,0.56,-60
1787066295732,84598,Lumbar,stand,-0.025864,1.013576,-0.057584,3.78,1.19,0.91,-60
1787066295732,84615,Lumbar,stand,-0.028304,1.014552,-0.057584,4.06,1.26,0.98,-60
1787066295732,84632,Lumbar,stand,-0.028304,1.015528,-0.05612,4.41,1.33,0.91,-60
1787066295732,84649,Lumbar,stand,-0.028304,1.016992,-0.056608,4.55,1.61,0.84,-60
1787066295732,84680,Lumbar,stand,-0.027816,1.016504,-0.060024,3.99,2.03,0.56,-60
1787066295732,84697,Lumbar,stand,-0.027816,1.01504,-0.059536,3.92,1.61,0.28,-60
1787066295732,84714,Lumbar,stand,-0.030256,1.018456,-0.061976,4.13,1.05,0.35,-60
1787066295732,84731,Lumbar,stand,-0.028792,1.017968,-0.061,3.08,0.28,0.49,-60
1787066295732,84748,Lumbar,stand,-0.028304,1.011624,-0.056608,2.59,0.77,0.35,-60
1787066296090,84922,Lumbar,stand,-0.028792,1.016016,-0.070272,3.57,-2.17,0.42,-60
1787066296090,84953,Lumbar,stand,-0.023424,1.009672,-0.0732,3.15,-1.75,0.63,-60
1787066296090,84970,Lumbar,stand,-0.023912,1.010648,-0.0732,3.5,-2.24,0.91,-60
1787066296090,84988,Lumbar,stand,-0.026352,1.0126,-0.071248,3.92,-3.15,0.84,-60
1787066296090,85005,Lumbar,stand,-0.024888,1.015528,-0.069296,4.06,-3.08,0.84,-60
1787066296090,85036,Lumbar,stand,-0.020984,1.014552,-0.073688,3.78,-2.45,0.7,-60
1787066296090,85053,Lumbar,stand,-0.01952,1.014064,-0.073688,3.71,-2.52,0.77,-60
1787066296090,85070,Lumbar,stand,-0.021472,1.014064,-0.07808,3.71,-2.66,0.91,-60
1787066296090,85087,Lumbar,stand,-0.022448,1.013576,-0.079056,3.57,-3.01,0.98,-60
1787066296090,85104,Lumbar,stand,-0.023912,1.011624,-0.075152,3.85,-3.29,0.98,-60
1787066296440,85279,Lumbar,stand,-0.019032,1.01504,-0.072224,1.96,-2.8,0.77,-60
1787066296440,85310,Lumbar,stand,-0.019032,1.016016,-0.075152,2.1,-2.59,0.63,-60
1787066296440,85327,Lumbar,stand,-0.018544,1.01748,-0.072712,1.82,-2.87,0.42,-60
1787066296440,85344,Lumbar,stand,-0.020008,1.016992,-0.072712,1.4,-3.22,0.35,-60
1787066296440,85361,Lumbar,stand,-0.020008,1.016992,-0.071736,0.77,-3.15,0.28,-60
1787066296440,85392,Lumbar,stand,-0.020008,1.0126,-0.071248,0.35,-2.94,0.35,-60
1787066296440,85409,Lumbar,stand,-0.020496,1.013088,-0.069296,0.7,-2.87,0.28,-60
1787066296440,85426,Lumbar,stand,-0.01952,1.016504,-0.070272,0.84,-3.01,0.21,-60
1787066296440,85443,Lumbar,stand,-0.021472,1.016992,-0.070272,0.63,-3.15,0.28,-60
1787066296440,85460,Lumbar,stand,-0.022448,1.019432,-0.07076,0.42,-2.94,0.28,-60
1787066296855,85686,Lumbar,stand,-0.020496,1.015528,-0.064904,-0.14,-3.15,-0.21,-60
1787066296855,85718,Lumbar,stand,-0.022936,1.016504,-0.064416,-0.28,-2.73,-0.14,-60
1787066296855,85735,Lumbar,stand,-0.023424,1.014552,-0.065392,-0.7,-2.73,-0.07,-60
1787066296855,85751,Lumbar,stand,-0.026352,1.014552,-0.059536,-0.84,-2.66,0.14,-60
1787066296855,85769,Lumbar,stand,-0.025864,1.015528,-0.054168,-0.77,-2.52,-0.07,-60
1787066296855,85799,Lumbar,stand,-0.0244,1.01504,-0.056608,-0.63,-2.59,-0.14,-60
1787066296855,85816,Lumbar,stand,-0.023912,1.011136,-0.057584,-0.35,-2.38,0,-60
1787066296855,85833,Lumbar,stand,-0.021472,1.011136,-0.057096,0.07,-2.03,0.07,-60
1787066296855,85850,Lumbar,stand,-0.022448,1.011624,-0.055144,0.07,-1.47,-0.14,-60
1787066296855,85867,Lumbar,stand,-0.0244,1.015528,-0.049288,0.07,-1.19,-0.14,-60
1787066297212,86043,Lumbar,stand,-0.030256,1.014552,-0.050264,-0.42,-2.1,-0.21,-58
1787066297212,86074,Lumbar,stand,-0.027328,1.013576,-0.049288,-0.42,-2.1,-0.28,-58
1787066297212,86091,Lumbar,stand,-0.02684,1.010648,-0.049776,-0.35,-1.61,-0.49,-58
1787066297212,86108,Lumbar,stand,-0.02684,1.01016,-0.052216,0.35,-1.47,-0.35,-58
1787066297212,86125,Lumbar,stand,-0.02684,1.013576,-0.051728,0.84,-1.75,-0.35,-58
1787066297212,86156,Lumbar,stand,-0.031232,1.014064,-0.0488,0.77,-1.96,-0.35,-58
1787066297212,86173,Lumbar,stand,-0.032208,1.014552,-0.047336,0.63,-1.54,-0.28,-58
1787066297212,86190,Lumbar,stand,-0.031232,1.014552,-0.048312,0.63,-1.19,-0.14,-58
1787066297212,86207,Lumbar,stand,-0.029768,1.0126,-0.051728,0.91,-1.12,-0.14,-58
1787066297212,86224,Lumbar,stand,-0.031232,1.01016,-0.05124,1.4,-1.33,0,-58
1787066297570,86401,Lumbar,stand,-0.02684,1.014064,-0.047824,3.43,-3.29,0.42,-59
1787066297570,86432,Lumbar,stand,-0.030744,1.016504,-0.05124,2.87,-2.38,0.77,-59
1787066297570,86449,Lumbar,stand,-0.031232,1.016992,-0.053192,2.8,-1.89,0.56,-59
1787066297570,86466,Lumbar,stand,-0.02928,1.010648,-0.052216,2.94,-2.24,0.35,-59
1787066297570,86483,Lumbar,stand,-0.029768,1.011136,-0.050264,3.22,-2.87,0.35,-59
1787066297570,86514,Lumbar,stand,-0.027816,1.01992,-0.050264,2.8,-2.73,0.56,-59
1787066297570,86531,Lumbar,stand,-0.028304,1.018456,-0.05124,2.03,-2.17,0.7,-59
1787066297570,86548,Lumbar,stand,-0.029768,1.014064,-0.051728,2.03,-1.82,0.63,-59
1787066297570,86565,Lumbar,stand,-0.02928,1.012112,-0.052704,2.38,-1.68,0.49,-59
1787066297570,86582,Lumbar,stand,-0.027816,1.015528,-0.054168,2.8,-1.96,0.49,-59
1787066297926,86758,Lumbar,stand,-0.0244,1.013576,-0.05368,2.66,-1.96,0.7,-59
1787066297926,86789,Lumbar,stand,-0.02684,1.017968,-0.056608,2.38,-1.19,0.7,-59
1787066297926,86806,Lumbar,stand,-0.027328,1.016504,-0.05856,1.96,-0.84,0.56,-59
1787066297926,86824,Lumbar,stand,-0.027328,1.013088,-0.059048,1.89,-1.19,0.7,-59
1787066297926,86840,Lumbar,stand,-0.025864,1.013088,-0.05856,2.03,-1.33,0.7,-59
1787066297926,86871,Lumbar,stand,-0.024888,1.0126,-0.059536,2.52,-1.12,0.7,-59
1787066297926,86888,Lumbar,stand,-0.027328,1.01504,-0.059048,2.38,-1.05,0.7,-59
1787066297926,86905,Lumbar,stand,-0.02684,1.01504,-0.059048,2.17,-1.05,0.77,-59
1787066297926,86922,Lumbar,stand,-0.02684,1.0126,-0.059048,2.24,-1.05,0.56,-59
1787066297926,86939,Lumbar,stand,-0.02684,1.011624,-0.05856,2.66,-1.26,0.77,-59
1787066298281,87113,Lumbar,stand,-0.022936,1.016016,-0.06588,2.52,-2.17,1.05,-59
1787066298281,87144,Lumbar,stand,-0.023424,1.0126,-0.061488,2.31,-2.1,0.63,-59
1787066298281,87161,Lumbar,stand,-0.020984,1.012112,-0.061488,3.01,-2.45,0.63,-59
1787066298281,87178,Lumbar,stand,-0.020496,1.014552,-0.061976,3.29,-2.8,0.84,-59
1787066298281,87195,Lumbar,stand,-0.023912,1.011624,-0.066856,2.87,-1.96,0.7,-59
1787066298281,87226,Lumbar,stand,-0.022448,1.011136,-0.07076,3.85,-1.19,0.63,-59
1787066298281,87243,Lumbar,stand,-0.020008,1.009672,-0.07076,4.27,-1.96,0.7,-59
1787066298281,87260,Lumbar,stand,-0.020496,1.017968,-0.06588,4.06,-1.96,0.56,-59
1787066298281,87277,Lumbar,stand,-0.020496,1.020408,-0.065392,3.15,-1.61,0.49,-59
1787066298281,87294,Lumbar,stand,-0.021472,1.016504,-0.067344,2.73,-1.33,0.56,-59
1787066298639,87469,Lumbar,stand,-0.01952,1.01504,-0.072224,1.89,-1.82,0.42,-59
1787066298639,87500,Lumbar,stand,-0.020984,1.011136,-0.071736,2.24,-2.45,0.49,-59
1787066298639,87517,Lumbar,stand,-0.020984,1.014064,-0.071736,2.59,-2.94,0.42,-59
1787066298639,87535,Lumbar,stand,-0.01952,1.016016,-0.072712,2.52,-3.01,0.28,-59
1787066298639,87552,Lumbar,stand,-0.020008,1.016016,-0.0732,2.1,-2.38,0.21,-59
1787066298639,87583,Lumbar,stand,-0.022448,1.01504,-0.07564,1.33,-2.45,0.42,-59
1787066298639,87600,Lumbar,stand,-0.022448,1.011136,-0.074664,1.26,-2.94,0.35,-59
1787066298639,87617,Lumbar,stand,-0.020984,1.010648,-0.072224,1.61,-3.08,0.21,-59
1787066298639,87634,Lumbar,stand,-0.020496,1.014064,-0.07076,2.03,-2.94,0.14,-59
1787066298639,87651,Lumbar,stand,-0.020496,1.016016,-0.0732,1.82,-2.87,0,-59
1787066298995,87825,Lumbar,stand,-0.022448,1.016016,-0.067344,-0.49,-3.85,-0.28,-59
1787066298995,87856,Lumbar,stand,-0.025376,1.011624,-0.059536,-0.63,-4.41,-0.21,-59
1787066298995,87874,Lumbar,stand,-0.025864,1.0126,-0.05856,-0.35,-4.76,-0.14,-59
1787066298995,87890,Lumbar,stand,-0.023424,1.013576,-0.05856,-0.35,-4.62,-0.28,-59
1787066298995,87907,Lumbar,stand,-0.020984,1.013088,-0.057584,-0.21,-4.9,-0.21,-59
1787066298995,87938,Lumbar,stand,-0.020984,1.016016,-0.059536,-0.56,-4.62,0.14,-59
1787066298995,87955,Lumbar,stand,-0.020984,1.015528,-0.062952,-0.91,-4.2,0,-59
1787066298995,87972,Lumbar,stand,-0.023424,1.0126,-0.058072,-0.91,-3.57,-0.21,-59
1787066298995,87989,Lumbar,stand,-0.022448,1.01504,-0.051728,-0.49,-4.13,-0.14,-59
1787066298995,88006,Lumbar,stand,-0.025376,1.017968,-0.054656,-0.84,-4.62,0.07,-59
1787066299356,88183,Lumbar,stand,-0.027816,1.009672,-0.04636,-1.89,-2.8,0.07,-59
1787066299356,88214,Lumbar,stand,-0.02684,1.01748,-0.044408,-0.77,-2.24,0.07,-59
1787066299356,88231,Lumbar,stand,-0.026352,1.01748,-0.044896,-0.98,-1.68,-0.07,-59
1787066299356,88248,Lumbar,stand,-0.027816,1.015528,-0.042944,-1.12,-1.68,-0.14,-59
1787066299356,88265,Lumbar,stand,-0.030256,1.015528,-0.04392,-1.19,-1.82,-0.07,-59
1787066299356,88296,Lumbar,stand,-0.031232,1.016016,-0.045872,-1.4,-2.45,-0.14,-59
1787066299356,88313,Lumbar,stand,-0.02928,1.012112,-0.042456,-1.19,-2.59,0,-59
1787066299356,88330,Lumbar,stand,-0.02684,1.014064,-0.03904,-0.7,-2.73,0.07,-59
1787066299356,88347,Lumbar,stand,-0.025864,1.017968,-0.03904,-0.63,-2.94,-0.14,-59
1787066299356,88364,Lumbar,stand,-0.026352,1.018456,-0.038552,-1.05,-3.08,-0.14,-59
1787066299862,88541,Lumbar,stand,-0.030744,1.0126,-0.033184,-0.28,-3.64,-0.28,-59
1787066299862,88573,Lumbar,stand,-0.032696,1.016016,-0.031232,0.28,-3.43,-0.14,-59
1787066299862,88590,Lumbar,stand,-0.032696,1.016016,-0.031232,0.28,-3.43,-0.14,-59
1787066299862,88607,Lumbar,stand,-0.033184,1.012112,-0.033184,0.56,-3.36,0,-59
1787066299862,88624,Lumbar,stand,-0.03416,1.012112,-0.035624,0.84,-3.43,0,-59
1787066299862,88655,Lumbar,stand,-0.033672,1.01504,-0.03416,1.12,-3.78,0.14,-59
1787066299862,88672,Lumbar,stand,-0.034648,1.016016,-0.033184,1.19,-4.13,0.21,-59
1787066299862,88689,Lumbar,stand,-0.032208,1.015528,-0.029768,1.12,-4.13,0.28,-59
1787066299862,88706,Lumbar,stand,-0.029768,1.01504,-0.02928,1.12,-3.85,0.21,-59
1787066299862,88723,Lumbar,stand,-0.02928,1.014064,-0.02928,1.19,-3.57,0.21,-59
1787066300069,88896,Lumbar,stand,-0.026352,1.011136,-0.032208,2.66,-1.47,0.49,-60
1787066300069,88927,Lumbar,stand,-0.02684,1.021384,-0.029768,2.73,-1.33,0.63,-60
1787066300069,88944,Lumbar,stand,-0.028792,1.018944,-0.02928,2.1,-0.91,0.7,-60
1787066300069,88961,Lumbar,stand,-0.028792,1.016992,-0.030256,1.96,-0.49,0.77,-60
1787066300069,88978,Lumbar,stand,-0.027328,1.016504,-0.031232,2.24,-0.35,0.63,-60
1787066300069,89009,Lumbar,stand,-0.02928,1.016992,-0.033672,2.59,-0.42,0.63,-60
1787066300069,89026,Lumbar,stand,-0.028792,1.016992,-0.03416,2.45,-0.28,0.91,-60
1787066300069,89043,Lumbar,stand,-0.027328,1.018456,-0.033672,2.45,-0.21,0.77,-60
1787066300069,89061,Lumbar,stand,-0.030256,1.016016,-0.03416,2.31,-0.28,0.63,-60
1787066300069,89078,Lumbar,stand,-0.029768,1.015528,-0.032208,2.38,-0.98,0.77,-60
1787066300477,89254,Lumbar,stand,-0.027816,1.016016,-0.0366,2.8,-1.89,0.84,-60
1787066300477,89286,Lumbar,stand,-0.02684,1.01504,-0.035136,2.73,-2.1,0.84,-60
1787066300477,89303,Lumbar,stand,-0.024888,1.014552,-0.037576,2.94,-2.1,0.84,-60
1787066300477,89320,Lumbar,stand,-0.023912,1.013576,-0.038552,3.08,-1.82,0.77,-60
1787066300477,89337,Lumbar,stand,-0.025376,1.013088,-0.04148,3.22,-1.68,0.91,-60
1787066300477,89368,Lumbar,stand,-0.024888,1.014552,-0.037576,3.15,-1.82,0.77,-60
1787066300477,89385,Lumbar,stand,-0.025864,1.013576,-0.038064,3.5,-1.61,0.77,-60
1787066300477,89402,Lumbar,stand,-0.02684,1.014552,-0.039528,3.71,-1.54,0.84,-60
1787066300477,89419,Lumbar,stand,-0.02684,1.016992,-0.042944,3.71,-1.61,0.91,-60
1787066300477,89436,Lumbar,stand,-0.025376,1.017968,-0.043432,3.36,-1.89,0.91,-60
1787066300781,89610,Lumbar,stand,-0.024888,1.014064,-0.045384,2.73,-1.82,0.63,-61
1787066300781,89641,Lumbar,stand,-0.021472,1.015528,-0.044896,3.99,-2.52,0.42,-61
1787066300781,89658,Lumbar,stand,-0.024888,1.01748,-0.046848,3.99,-2.52,0.7,-61
1787066300781,89675,Lumbar,stand,-0.026352,1.017968,-0.05124,3.08,-2.38,0.7,-61
1787066300781,89693,Lumbar,stand,-0.025864,1.01748,-0.049776,2.73,-2.45,0.7,-61
1787066300781,89724,Lumbar,stand,-0.022936,1.009184,-0.050264,3.22,-2.59,0.49,-61
1787066300781,89741,Lumbar,stand,-0.02196,1.014552,-0.050264,3.92,-1.96,0.35,-61
1787066300781,89757,Lumbar,stand,-0.023424,1.016504,-0.05368,3.57,-1.61,0.28,-61
1787066300781,89774,Lumbar,stand,-0.026352,1.018456,-0.051728,3.22,-1.82,0.42,-61
1787066300781,89791,Lumbar,stand,-0.02684,1.01992,-0.050752,2.59,-1.96,0.42,-61
1787066301138,89966,Lumbar,stand,-0.022448,1.016016,-0.053192,0.84,-2.87,0.28,-61
1787066301138,89997,Lumbar,stand,-0.021472,1.016504,-0.054656,0.84,-3.22,0.21,-61
1787066301138,90014,Lumbar,stand,-0.022448,1.016992,-0.052216,0.77,-3.36,0.21,-61
1787066301138,90031,Lumbar,stand,-0.023912,1.016504,-0.050264,0.49,-3.15,0.21,-61
1787066301138,90048,Lumbar,stand,-0.023912,1.014552,-0.048312,0.35,-3.01,0.28,-61
1787066301138,90079,Lumbar,stand,-0.022936,1.016504,-0.049776,0.56,-3.15,0.07,-61
1787066301138,90096,Lumbar,stand,-0.022936,1.016504,-0.05368,0.28,-3.29,0,-61
1787066301138,90113,Lumbar,stand,-0.0244,1.014064,-0.054168,0.07,-3.5,0.14,-61
1787066301138,90130,Lumbar,stand,-0.022936,1.01504,-0.050752,0.14,-3.5,0.07,-61
1787066301138,90147,Lumbar,stand,-0.021472,1.015528,-0.045872,0.21,-3.22,0.07,-61
1787066301704,90322,Lumbar,stand,-0.022448,1.01504,-0.04148,-0.63,-2.45,-0.14,-61
1787066301704,90354,Lumbar,stand,-0.025864,1.016992,-0.040992,-0.42,-2.24,0,-61
1787066301704,90371,Lumbar,stand,-0.027816,1.01748,-0.037576,-0.84,-2.38,-0.07,-61
1787066301704,90388,Lumbar,stand,-0.027328,1.019432,-0.037088,-1.19,-2.8,-0.21,-61
1787066301704,90405,Lumbar,stand,-0.027816,1.017968,-0.037088,-1.26,-3.5,-0.28,-61
1787066301704,90436,Lumbar,stand,-0.028792,1.016016,-0.035624,-1.19,-3.22,-0.14,-61
1787066301704,90453,Lumbar,stand,-0.027816,1.01504,-0.034648,-1.12,-2.17,-0.35,-61
1787066301704,90470,Lumbar,stand,-0.027328,1.0126,-0.031232,-0.98,-2.1,-0.49,-61
1787066301704,90487,Lumbar,stand,-0.026352,1.016504,-0.028792,-0.42,-2.94,-0.42,-61
1787066301704,90504,Lumbar,stand,-0.02928,1.01992,-0.03172,-0.77,-3.5,-0.14,-61
1787066301852,90679,Lumbar,stand,-0.02928,1.016504,-0.02684,-0.07,-2.52,-0.07,-61
1787066301852,90709,Lumbar,stand,-0.02928,1.01504,-0.024888,0.07,-2.17,0.07,-61
1787066301852,90726,Lumbar,stand,-0.02928,1.015528,-0.0244,0.35,-2.31,0,-61
1787066301852,90743,Lumbar,stand,-0.02928,1.015528,-0.023424,0.49,-2.45,0.07,-61
1787066301852,90760,Lumbar,stand,-0.028792,1.01504,-0.023912,0.42,-2.45,0.07,-61
1787066301852,90791,Lumbar,stand,-0.025376,1.014552,-0.025376,0.49,-2.03,-0.14,-61
1787066301852,90808,Lumbar,stand,-0.028304,1.01504,-0.022936,0.98,-1.68,-0.14,-61
1787066301852,90825,Lumbar,stand,-0.030256,1.016016,-0.0244,1.12,-1.68,-0.21,-61
1787066301852,90842,Lumbar,stand,-0.026352,1.01504,-0.023912,1.19,-2.03,-0.07,-61
1787066301852,90859,Lumbar,stand,-0.026352,1.014552,-0.02196,1.61,-1.82,-0.14,-61
1787066302210,91034,Lumbar,stand,-0.035136,1.016992,-0.02684,2.31,-1.47,0.28,-62
1787066302210,91065,Lumbar,stand,-0.033184,1.016504,-0.025864,2.45,-1.54,0.42,-62
1787066302210,91082,Lumbar,stand,-0.03416,1.01748,-0.025864,2.59,-1.47,0.42,-62
1787066302210,91099,Lumbar,stand,-0.03416,1.016504,-0.02684,2.45,-1.61,0.56,-62
1787066302210,91116,Lumbar,stand,-0.035624,1.01748,-0.027328,2.31,-2.1,0.56,-62
1787066302210,91147,Lumbar,stand,-0.034648,1.014552,-0.02684,2.45,-2.52,0.56,-62
1787066302210,91164,Lumbar,stand,-0.033672,1.015528,-0.025376,2.66,-2.87,0.56,-62
1787066302210,91181,Lumbar,stand,-0.032696,1.020896,-0.027816,2.66,-3.01,0.7,-62
1787066302210,91198,Lumbar,stand,-0.03416,1.020896,-0.02928,2.24,-2.73,0.7,-62
1787066302210,91215,Lumbar,stand,-0.03416,1.014064,-0.030256,1.89,-2.24,0.56,-62
1787066302564,91391,Lumbar,stand,-0.028304,1.017968,-0.029768,2.1,-2.38,0.84,-62
1787066302564,91423,Lumbar,stand,-0.030256,1.013088,-0.02684,2.24,-1.68,0.84,-62
1787066302564,91440,Lumbar,stand,-0.029768,1.0126,-0.029768,3.15,-1.68,0.91,-62
1787066302564,91458,Lumbar,stand,-0.026352,1.016504,-0.033672,3.29,-1.75,1.05,-62
1787066302564,91475,Lumbar,stand,-0.024888,1.018456,-0.034648,3.08,-1.19,1.05,-62
1787066302564,91492,Lumbar,stand,-0.025376,1.016992,-0.035136,2.94,-0.7,0.84,-62
1787066302564,91523,Lumbar,stand,-0.025376,1.014064,-0.03416,3.5,-0.42,0.84,-62
1787066302564,91540,Lumbar,stand,-0.026352,1.014552,-0.03904,3.71,-0.49,0.98,-62
1787066302564,91557,Lumbar,stand,-0.02684,1.01504,-0.040016,3.5,-0.56,0.98,-62
1787066302564,91574,Lumbar,stand,-0.026352,1.014552,-0.035136,3.36,-0.42,1.05,-62
1787066302926,91748,Lumbar,stand,-0.028792,1.01504,-0.045872,4.06,-0.35,0.63,-62
1787066302926,91779,Lumbar,stand,-0.028304,1.01748,-0.045384,3.85,-0.77,0.63,-62
1787066302926,91796,Lumbar,stand,-0.030744,1.017968,-0.045872,3.43,-1.19,0.77,-62
1787066302926,91813,Lumbar,stand,-0.031232,1.015528,-0.045872,3.43,-1.33,0.77,-62
1787066302926,91830,Lumbar,stand,-0.031232,1.013088,-0.0488,3.57,-1.54,0.77,-62
1787066302926,91861,Lumbar,stand,-0.029768,1.01504,-0.0488,3.43,-2.17,0.77,-62
1787066302926,91878,Lumbar,stand,-0.028792,1.016504,-0.048312,3.22,-2.31,0.77,-62
1787066302926,91895,Lumbar,stand,-0.02928,1.014552,-0.04636,3.01,-2.31,0.77,-62
1787066302926,91912,Lumbar,stand,-0.028304,1.013088,-0.047824,3.29,-2.17,0.7,-62
1787066302926,91929,Lumbar,stand,-0.026352,1.014064,-0.049288,3.78,-2.31,0.49,-62
1787066303278,92105,Lumbar,stand,-0.020984,1.018456,-0.05124,1.61,-3.29,0.35,-61
1787066303278,92136,Lumbar,stand,-0.019032,1.01504,-0.053192,1.54,-2.66,0.35,-61
1787066303278,92153,Lumbar,stand,-0.01952,1.01748,-0.053192,1.47,-2.66,0.28,-61
1787066303278,92170,Lumbar,stand,-0.022936,1.017968,-0.051728,1.05,-2.59,0.28,-61
1787066303278,92187,Lumbar,stand,-0.02196,1.017968,-0.0488,0.77,-2.38,0.35,-61
1787066303278,92218,Lumbar,stand,-0.020496,1.01748,-0.050264,0.56,-2.03,0.28,-61
1787066303278,92235,Lumbar,stand,-0.020496,1.016016,-0.055632,0.42,-2.24,0.35,-61
1787066303278,92252,Lumbar,stand,-0.021472,1.0126,-0.05124,0.35,-2.24,0.49,-61
1787066303278,92269,Lumbar,stand,-0.021472,1.0126,-0.047824,0.77,-1.96,0.49,-61
1787066303278,92286,Lumbar,stand,-0.021472,1.01504,-0.047824,0.98,-1.89,0.35,-61
1787066303633,92460,Lumbar,stand,-0.025864,1.016504,-0.047824,0,-1.96,0,-61
1787066303633,92491,Lumbar,stand,-0.02684,1.013576,-0.042944,0.21,-2.52,0.28,-61
1787066303633,92508,Lumbar,stand,-0.025376,1.0126,-0.042456,0.49,-2.66,0.14,-61
1787066303633,92525,Lumbar,stand,-0.02684,1.013088,-0.042456,0.63,-2.52,-0.07,-61
1787066303633,92542,Lumbar,stand,-0.026352,1.014064,-0.045384,0.84,-2.52,0,-61
1787066303633,92573,Lumbar,stand,-0.02684,1.015528,-0.043432,0.63,-2.59,0.07,-61
1787066303633,92590,Lumbar,stand,-0.027328,1.012112,-0.040016,0.77,-2.52,0.07,-61
1787066303633,92607,Lumbar,stand,-0.027328,1.011624,-0.03904,0.98,-2.8,0.21,-61
1787066303633,92624,Lumbar,stand,-0.02684,1.008696,-0.040504,1.47,-3.08,0.28,-61
1787066303633,92640,Lumbar,stand,-0.02684,1.0126,-0.040992,2.17,-3.01,0.28,-61
1787066303993,92814,Lumbar,stand,-0.023912,1.013576,-0.046848,1.89,-1.82,0.42,-61
1787066303993,92846,Lumbar,stand,-0.022448,1.009184,-0.043432,2.87,-1.33,0.21,-61
1787066303993,92863,Lumbar,stand,-0.022448,1.01504,-0.040992,3.29,-1.68,0.35,-61
1787066303993,92880,Lumbar,stand,-0.024888,1.01504,-0.04392,3.08,-1.61,0.63,-61
1787066303993,92897,Lumbar,stand,-0.024888,1.015528,-0.046848,2.8,-1.19,0.77,-61
1787066303993,92928,Lumbar,stand,-0.0244,1.014552,-0.045872,2.8,-1.12,0.42,-61
1787066303993,92945,Lumbar,stand,-0.023912,1.011136,-0.04636,3.01,-1.12,0.28,-61
1787066303993,92962,Lumbar,stand,-0.023912,1.016504,-0.043432,3.29,-0.98,0.42,-61
1787066303993,92979,Lumbar,stand,-0.0244,1.016992,-0.044896,2.73,-0.7,0.49,-61
1787066303993,92996,Lumbar,stand,-0.027328,1.015528,-0.04636,2.52,-0.35,0.7,-61
1787066304347,93171,Lumbar,stand,-0.024888,1.014552,-0.051728,2.24,-1.26,0.7,-60
1787066304347,93202,Lumbar,stand,-0.023912,1.0126,-0.049776,3.08,-1.75,0.63,-60
1787066304347,93219,Lumbar,stand,-0.023912,1.01504,-0.050752,3.22,-1.68,0.56,-60
1787066304347,93236,Lumbar,stand,-0.025376,1.015528,-0.051728,3.01,-1.47,0.63,-60
1787066304347,93253,Lumbar,stand,-0.024888,1.014552,-0.050752,3.29,-1.33,0.56,-60
1787066304347,93284,Lumbar,stand,-0.024888,1.016016,-0.055144,3.08,-1.82,0.49,-60
1787066304347,93301,Lumbar,stand,-0.025376,1.014064,-0.057096,2.73,-2.38,0.7,-60
1787066304347,93318,Lumbar,stand,-0.022936,1.015528,-0.057096,2.8,-2.24,0.77,-60
1787066304347,93335,Lumbar,stand,-0.023424,1.015528,-0.058072,2.8,-2.03,0.56,-60
1787066304347,93352,Lumbar,stand,-0.022448,1.014552,-0.05856,2.66,-2.03,0.56,-60
1787066304704,93527,Lumbar,stand,-0.01952,1.01504,-0.060512,2.59,-1.96,0.7,-60
1787066304704,93558,Lumbar,stand,-0.019032,1.014064,-0.060512,2.66,-2.03,0.42,-60
1787066304704,93576,Lumbar,stand,-0.020496,1.013576,-0.064416,2.87,-2.66,0.63,-60
1787066304704,93593,Lumbar,stand,-0.023424,1.014064,-0.062952,2.94,-2.24,0.77,-60
1787066304704,93610,Lumbar,stand,-0.020496,1.011624,-0.062464,2.87,-1.82,0.49,-60
1787066304704,93627,Lumbar,stand,-0.019032,1.008696,-0.06344,3.15,-2.52,0.56,-60
1787066304704,93658,Lumbar,stand,-0.024888,1.016016,-0.06588,3.85,-2.59,0.63,-60
1787066304704,93675,Lumbar,stand,-0.024888,1.016016,-0.066368,3.08,-2.24,0.77,-60
1787066304704,93692,Lumbar,stand,-0.023912,1.015528,-0.066856,2.8,-2.17,0.77,-60
1787066304704,93709,Lumbar,stand,-0.020496,1.013088,-0.066368,2.8,-2.31,0.7,-60
1787066305063,93884,Lumbar,stand,-0.022448,1.011624,-0.065392,0.14,-2.24,0.14,-60
1787066305063,93915,Lumbar,stand,-0.02196,1.012112,-0.06344,0.84,-1.89,0.14,-60
1787066305063,93932,Lumbar,stand,-0.020984,1.013088,-0.06588,0.77,-1.68,0.14,-60
1787066305063,93949,Lumbar,stand,-0.020496,1.0126,-0.066368,0.77,-2.17,0.28,-60
1787066305063,93966,Lumbar,stand,-0.020496,1.014064,-0.064416,0.77,-2.52,0.21,-60
1787066305063,93997,Lumbar,stand,-0.022936,1.011624,-0.061,0.98,-3.64,0.42,-60
1787066305063,94014,Lumbar,stand,-0.02196,1.0126,-0.059536,1.26,-3.36,0.28,-60
1787066305063,94031,Lumbar,stand,-0.022448,1.014552,-0.059536,1.26,-2.87,0.14,-60
1787066305063,94048,Lumbar,stand,-0.023424,1.016992,-0.061976,0.98,-2.66,0.07,-60
1787066305063,94065,Lumbar,stand,-0.02196,1.016016,-0.064416,0.63,-2.94,0.07,-60
1787066305419,94241,Lumbar,stand,-0.021472,1.013576,-0.066368,0.56,-2.94,0.63,-59
1787066305419,94273,Lumbar,stand,-0.02196,1.013576,-0.05124,1.19,-2.87,0.56,-59
1787066305419,94290,Lumbar,stand,-0.022936,1.013576,-0.048312,1.54,-2.66,0.56,-59
1787066305419,94308,Lumbar,stand,-0.022448,1.016016,-0.052216,1.54,-1.89,0.7,-59
1787066305419,94325,Lumbar,stand,-0.022936,1.016016,-0.061488,1.19,-1.75,0.7,-59
1787066305419,94342,Lumbar,stand,-0.02196,1.012112,-0.056608,0.84,-1.75,0.7,-59
1787066305419,94374,Lumbar,stand,-0.020008,1.012112,-0.048312,1.12,-2.59,0.49,-59
1787066305419,94391,Lumbar,stand,-0.020496,1.014552,-0.052704,1.4,-2.87,0.49,-59
1787066305419,94408,Lumbar,stand,-0.020496,1.016992,-0.058072,1.12,-2.59,0.49,-59
1787066305419,94424,Lumbar,stand,-0.021472,1.01748,-0.05856,0.84,-1.75,0.28,-59
1787066305775,94598,Lumbar,stand,-0.022936,1.013576,-0.054656,0.84,-1.4,0.07,-59
1787066305775,94629,Lumbar,stand,-0.023424,1.011136,-0.054168,1.68,-0.91,-0.07,-59
1787066305775,94646,Lumbar,stand,-0.023912,1.010648,-0.05856,2.17,-1.12,0,-59
1787066305775,94663,Lumbar,stand,-0.020496,1.014064,-0.060512,2.38,-1.33,0.07,-59
1787066305775,94680,Lumbar,stand,-0.021472,1.014552,-0.057584,2.17,-1.19,0,-59
1787066305775,94711,Lumbar,stand,-0.02196,1.012112,-0.057584,2.17,-0.63,-0.21,-59
1787066305775,94728,Lumbar,stand,-0.022448,1.014064,-0.056608,2.1,-0.98,0,-59
1787066305775,94745,Lumbar,stand,-0.021472,1.014552,-0.058072,1.82,-0.91,0.14,-59
1787066305775,94762,Lumbar,stand,-0.020496,1.015528,-0.059536,1.54,-0.42,0.07,-59
1787066305775,94779,Lumbar,stand,-0.022936,1.011624,-0.060512,1.54,-0.35,0.07,-59
1787066306131,94954,Lumbar,stand,-0.023912,1.013576,-0.05856,2.73,-1.19,0.63,-59
1787066306131,94986,Lumbar,stand,-0.020008,1.014552,-0.061,3.08,-1.19,0.84,-59
1787066306131,95003,Lumbar,stand,-0.018056,1.013088,-0.062952,2.87,-0.56,0.7,-59
1787066306131,95020,Lumbar,stand,-0.01952,1.011624,-0.061,3.15,-0.21,0.63,-59
1787066306131,95037,Lumbar,stand,-0.019032,1.011624,-0.062952,3.22,-0.14,0.56,-59
1787066306131,95068,Lumbar,stand,-0.022448,1.017968,-0.061488,3.15,-0.35,0.56,-59
1787066306131,95085,Lumbar,stand,-0.022448,1.016016,-0.063928,2.8,-0.42,0.49,-59
1787066306131,95102,Lumbar,stand,-0.020496,1.01504,-0.064416,2.73,-0.63,0.56,-59
1787066306131,95119,Lumbar,stand,-0.016592,1.01504,-0.064416,2.8,-0.63,0.56,-59
1787066306131,95136,Lumbar,stand,-0.015616,1.015528,-0.065392,2.94,-0.56,0.42,-59
1787066306500,95311,Lumbar,stand,-0.021472,1.009672,-0.072224,2.59,-1.61,0.49,-59
1787066306500,95342,Lumbar,stand,-0.023912,1.016504,-0.072712,3.01,-1.61,0.35,-59
1787066306500,95359,Lumbar,stand,-0.0244,1.018944,-0.074176,2.24,-1.96,0.35,-59
1787066306500,95376,Lumbar,stand,-0.024888,1.016504,-0.075152,1.75,-2.24,0.42,-59
1787066306500,95392,Lumbar,stand,-0.024888,1.013088,-0.072712,1.68,-2.38,0.49,-59
1787066306500,95422,Lumbar,stand,-0.022936,1.011624,-0.072224,2.31,-3.08,0.77,-59
1787066306500,95439,Lumbar,stand,-0.022936,1.0126,-0.072224,2.52,-3.15,0.77,-59
1787066306500,95456,Lumbar,stand,-0.020496,1.016016,-0.071248,2.31,-3.15,0.63,-59
1787066306500,95473,Lumbar,stand,-0.02196,1.016016,-0.073688,2.17,-2.8,0.49,-59
1787066306500,95504,Lumbar,stand,-0.01952,1.011136,-0.072224,2.38,-2.73,0.7,-59
1787066306857,95679,Lumbar,stand,-0.023424,1.015528,-0.072224,2.24,-2.87,0.42,-59
1787066306857,95711,Lumbar,stand,-0.01952,1.014064,-0.075152,1.82,-2.73,0.35,-59
1787066306857,95728,Lumbar,stand,-0.01708,1.010648,-0.076616,1.96,-2.8,0.35,-59
1787066306857,95745,Lumbar,stand,-0.018544,1.01016,-0.072712,2.17,-2.8,0.49,-59
1787066306857,95762,Lumbar,stand,-0.02196,1.011624,-0.071248,2.31,-2.73,0.49,-59
1787066306857,95793,Lumbar,stand,-0.018544,1.014064,-0.0732,2.1,-2.59,0.42,-59
1787066306857,95810,Lumbar,stand,-0.018544,1.013088,-0.074176,2.1,-2.38,0.56,-59
1787066306857,95827,Lumbar,stand,-0.018056,1.014064,-0.074664,2.24,-2.17,0.56,-59
1787066306857,95844,Lumbar,stand,-0.020496,1.014552,-0.074176,1.75,-2.24,0.49,-59
1787066306857,95861,Lumbar,stand,-0.022936,1.016016,-0.074176,1.47,-2.45,0.56,-59
1787066307216,96036,Lumbar,stand,-0.018056,1.011136,-0.062952,1.05,-2.8,0.28,-59
1787066307216,96067,Lumbar,stand,-0.021472,1.009672,-0.071248,1.26,-2.24,0.49,-59
1787066307216,96084,Lumbar,stand,-0.023424,1.01016,-0.0732,1.26,-2.17,0.49,-59
1787066307216,96101,Lumbar,stand,-0.022448,1.011624,-0.073688,1.54,-2.38,0.42,-59
1787066307216,96118,Lumbar,stand,-0.022448,1.009184,-0.071248,1.89,-2.73,0.14,-59
1787066307216,96149,Lumbar,stand,-0.017568,1.018944,-0.070272,2.1,-2.17,0.14,-59
1787066307216,96166,Lumbar,stand,-0.019032,1.016992,-0.076128,1.12,-2.03,0.07,-59
1787066307216,96183,Lumbar,stand,-0.021472,1.010648,-0.07808,0.77,-2.17,0.28,-59
1787066307216,96200,Lumbar,stand,-0.022448,1.009672,-0.071248,1.05,-1.96,0.28,-59
1787066307216,96217,Lumbar,stand,-0.022936,1.011624,-0.069296,1.47,-1.75,0.14,-59
1787066307573,96392,Lumbar,stand,-0.0244,1.008696,-0.05856,-0.7,-2.94,-0.07,-59
1787066307573,96423,Lumbar,stand,-0.022448,1.011136,-0.059536,0.56,-2.8,-0.28,-59
1787066307573,96441,Lumbar,stand,-0.023424,1.014552,-0.062952,0.56,-2.8,-0.14,-59
1787066307573,96458,Lumbar,stand,-0.025864,1.018456,-0.062952,0.07,-2.8,-0.07,-59
1787066307573,96475,Lumbar,stand,-0.025376,1.018944,-0.064416,-0.35,-2.87,-0.21,-59
1787066307573,96492,Lumbar,stand,-0.025864,1.016504,-0.06588,-0.63,-3.22,-0.14,-59
1787066307573,96523,Lumbar,stand,-0.021472,1.014552,-0.061976,-0.98,-3.36,-0.21,-59
1787066307573,96540,Lumbar,stand,-0.018544,1.011136,-0.05856,-0.84,-3.08,0,-59
1787066307573,96557,Lumbar,stand,-0.01952,1.010648,-0.057584,-0.56,-3.15,0,-59
1787066307573,96574,Lumbar,stand,-0.021472,1.011624,-0.05612,-0.35,-3.08,-0.07,-59
1787066307934,96750,Lumbar,stand,-0.02196,1.014552,-0.061488,2.24,-0.63,-0.07,-58
1787066307934,96781,Lumbar,stand,-0.02196,1.013576,-0.062464,2.1,-0.56,0.14,-58
1787066307934,96798,Lumbar,stand,-0.023912,1.015528,-0.061976,2.03,-0.7,0.14,-58
1787066307934,96816,Lumbar,stand,-0.022936,1.017968,-0.056608,1.89,-0.98,0.28,-58
1787066307934,96833,Lumbar,stand,-0.024888,1.021872,-0.057096,1.26,-0.63,0.21,-58
1787066307934,96864,Lumbar,stand,-0.025376,1.015528,-0.05856,0.42,-0.35,-0.14,-58
1787066307934,96881,Lumbar,stand,-0.022936,1.01016,-0.05612,0.56,-1.05,-0.28,-58
1787066307934,96898,Lumbar,stand,-0.02196,1.008696,-0.055144,1.26,-1.33,0,-58
1787066307934,96915,Lumbar,stand,-0.0244,1.011624,-0.055144,1.47,-1.12,0.07,-58
1787066307934,96932,Lumbar,stand,-0.025376,1.016504,-0.055144,1.4,-0.49,0.28,-58
1787066308286,97107,Lumbar,stand,-0.029768,1.01504,-0.05856,1.82,-1.96,0.7,-58
1787066308286,97139,Lumbar,stand,-0.02684,1.013088,-0.05612,1.96,-2.1,0.56,-58
1787066308286,97156,Lumbar,stand,-0.023912,1.015528,-0.05612,2.03,-2.31,0.63,-58
1787066308286,97173,Lumbar,stand,-0.024888,1.01748,-0.061488,1.68,-2.17,0.63,-58
1787066308286,97190,Lumbar,stand,-0.0244,1.016504,-0.062952,1.33,-2.31,0.77,-58
1787066308286,97221,Lumbar,stand,-0.025376,1.01016,-0.059536,1.82,-3.29,0.7,-58
1787066308286,97238,Lumbar,stand,-0.024888,1.012112,-0.057096,2.59,-3.92,0.63,-58
1787066308286,97255,Lumbar,stand,-0.025376,1.018456,-0.05856,2.52,-3.99,0.63,-58
1787066308286,97272,Lumbar,stand,-0.023912,1.020896,-0.057096,1.54,-3.5,0.56,-58
1787066308286,97289,Lumbar,stand,-0.020984,1.016504,-0.055632,0.84,-2.8,0.56,-58
1787066308644,97463,Lumbar,stand,-0.022448,1.014552,-0.059048,-1.19,-1.68,-0.63,-58
1787066308644,97494,Lumbar,stand,-0.028304,1.013088,-0.049776,-0.91,-1.19,-0.21,-58
1787066308644,97511,Lumbar,stand,-0.02928,1.011624,-0.0488,-0.84,-0.98,-0.21,-58
1787066308644,97528,Lumbar,stand,-0.029768,1.008208,-0.046848,-0.7,-1.05,-0.21,-58
1787066308644,97545,Lumbar,stand,-0.035136,1.005768,-0.047336,-0.21,-1.82,-0.35,-58
1787066308644,97576,Lumbar,stand,-0.040992,1.009184,-0.046848,0.42,-3.43,-0.07,-58
1787066308644,97593,Lumbar,stand,-0.037576,1.008696,-0.045384,1.05,-3.36,-0.21,-58
1787066308644,97610,Lumbar,stand,-0.034648,1.00772,-0.04392,1.68,-3.64,-0.42,-58
1787066308644,97627,Lumbar,stand,-0.032208,1.008208,-0.037088,2.59,-4.55,-0.14,-58
1787066308644,97644,Lumbar,stand,-0.033184,1.009672,-0.038064,3.36,-4.76,0.07,-58
1787066309077,97821,Lumbar,stand,-0.031232,1.018456,-0.05124,0.21,-5.46,-0.21,-58
1787066309077,97852,Lumbar,stand,-0.029768,1.019432,-0.050752,-0.77,-6.09,-0.14,-58
1787066309077,97869,Lumbar,stand,-0.02928,1.019432,-0.047336,-0.98,-6.02,-0.14,-58
1787066309077,97887,Lumbar,stand,-0.027816,1.015528,-0.03904,-1.12,-5.46,-0.14,-58
1787066309077,97904,Lumbar,stand,-0.027328,1.021872,-0.036112,-0.91,-4.76,-0.28,-58
1787066309077,97934,Lumbar,stand,-0.032208,1.024312,-0.04636,-2.45,-4.13,-0.98,-58
1787066309077,97951,Lumbar,stand,-0.03172,1.014552,-0.047336,-3.15,-4.27,-1.05,-58
1787066309077,97968,Lumbar,stand,-0.030744,1.01016,-0.040016,-2.8,-4.41,-1.05,-58
1787066309077,97985,Lumbar,stand,-0.029768,1.011136,-0.03172,-1.82,-4.13,-1.33,-58
1787066309077,98002,Lumbar,stand,-0.030256,1.014552,-0.030256,-1.61,-3.85,-1.61,-58
1787066309359,98178,Lumbar,stand,-0.040504,1.010648,-0.030256,-1.75,-3.85,-0.49,-60
1787066309359,98209,Lumbar,stand,-0.038064,1.013576,-0.021472,-0.77,-3.5,-0.35,-60
1787066309359,98226,Lumbar,stand,-0.038552,1.01748,-0.019032,-0.77,-3.29,-0.42,-60
1787066309359,98243,Lumbar,stand,-0.03904,1.015528,-0.018544,-0.7,-3.5,-0.28,-60
1787066309359,98260,Lumbar,stand,-0.037576,1.01504,-0.016104,-0.49,-3.36,-0.28,-60
1787066309359,98291,Lumbar,stand,-0.040992,1.001864,-0.015616,1.68,-1.96,-1.05,-60
1787066309359,98308,Lumbar,stand,-0.034648,1.012112,-0.027328,4.76,-0.35,-1.19,-60
1787066309359,98325,Lumbar,stand,-0.033184,1.020408,-0.028304,3.85,-0.28,-0.91,-60
1787066309359,98342,Lumbar,stand,-0.037088,1.027728,-0.027328,2.45,-0.77,-0.7,-60
1787066309359,98359,Lumbar,stand,-0.040992,1.024312,-0.02684,0.63,-1.75,-0.7,-60
1787066309897,98535,Lumbar,stand,-0.04636,1.011136,-0.036112,2.45,-3.92,0.28,-60
1787066309897,98566,Lumbar,stand,-0.042944,1.01504,-0.023424,3.5,-3.43,-0.07,-60
1787066309897,98583,Lumbar,stand,-0.04392,1.021384,-0.020496,3.71,-3.08,-0.35,-60
1787066309897,98600,Lumbar,stand,-0.045872,1.022848,-0.022448,2.73,-3.22,-0.35,-60
1787066309897,98617,Lumbar,stand,-0.047336,1.021872,-0.022936,2.1,-3.43,-0.28,-60
1787066309897,98648,Lumbar,stand,-0.047336,1.012112,-0.023424,2.45,-3.15,-0.35,-60
1787066309897,98665,Lumbar,stand,-0.045384,1.0126,-0.020496,3.01,-2.87,-0.42,-60
1787066309897,98682,Lumbar,stand,-0.043432,1.017968,-0.02196,2.87,-2.59,-0.42,-60
1787066309897,98699,Lumbar,stand,-0.04392,1.021872,-0.027816,2.24,-2.31,-0.35,-60
1787066309897,98716,Lumbar,stand,-0.045384,1.01748,-0.028792,1.47,-2.17,-0.21,-60
1787066310075,98891,Lumbar,stand,-0.048312,1.01504,-0.028304,2.66,-1.12,-0.28,-60
1787066310075,98922,Lumbar,stand,-0.050264,1.019432,-0.026352,2.52,-0.7,-0.49,-60
1787066310075,98939,Lumbar,stand,-0.049776,1.017968,-0.028304,2.03,-0.56,-0.56,-60
1787066310075,98956,Lumbar,stand,-0.050752,1.015528,-0.03172,2.03,-0.7,-0.49,-60
1787066310075,98973,Lumbar,stand,-0.052216,1.016504,-0.031232,1.89,-0.91,-0.28,-60
1787066310075,99004,Lumbar,stand,-0.054168,1.01748,-0.028792,2.03,-0.98,-0.07,-60
1787066310075,99021,Lumbar,stand,-0.05368,1.017968,-0.030744,1.96,-1.05,-0.07,-60
1787066310075,99038,Lumbar,stand,-0.052216,1.016992,-0.032208,1.75,-1.26,-0.14,-60
1787066310075,99055,Lumbar,stand,-0.05124,1.016504,-0.032696,1.54,-1.54,-0.07,-60
1787066310075,99073,Lumbar,stand,-0.050752,1.014064,-0.030744,1.4,-1.26,0.07,-60
1787066310434,99250,Lumbar,stand,-0.052704,1.021872,-0.02684,2.94,-3.5,-0.42,-60
1787066310434,99282,Lumbar,stand,-0.061976,1.015528,-0.037088,1.68,-3.01,-0.14,-60
1787066310434,99299,Lumbar,stand,-0.060512,1.013576,-0.037088,2.24,-3.08,-0.07,-60
1787066310434,99315,Lumbar,stand,-0.05856,1.010648,-0.037576,2.73,-3.22,0.07,-60
1787066310434,99332,Lumbar,stand,-0.057584,1.010648,-0.037576,3.43,-3.43,0.14,-60
1787066310434,99363,Lumbar,stand,-0.054656,1.014552,-0.028792,3.5,-3.29,0.63,-60
1787066310434,99380,Lumbar,stand,-0.052216,1.016992,-0.029768,3.22,-3.29,0.56,-60
1787066310434,99397,Lumbar,stand,-0.05124,1.016016,-0.028792,3.08,-3.57,0.63,-60
1787066310434,99414,Lumbar,stand,-0.050752,1.018456,-0.031232,2.8,-3.57,0.56,-60
1787066310434,99431,Lumbar,stand,-0.051728,1.01504,-0.034648,2.24,-3.22,0.7,-60
1787066310788,99607,Lumbar,stand,-0.047336,1.016504,-0.03904,2.45,-1.26,0.49,-60
1787066310788,99638,Lumbar,stand,-0.048312,1.016016,-0.039528,2.38,-1.4,0.28,-60
1787066310788,99655,Lumbar,stand,-0.048312,1.016016,-0.041968,2.31,-1.33,0.28,-60
1787066310788,99672,Lumbar,stand,-0.0488,1.012112,-0.040504,1.96,-1.12,0.21,-60
1787066310788,99689,Lumbar,stand,-0.0488,1.012112,-0.037088,2.17,-0.63,0.49,-60
1787066310788,99720,Lumbar,stand,-0.050752,1.015528,-0.035624,2.31,-0.49,0.42,-60
1787066310788,99737,Lumbar,stand,-0.052216,1.013576,-0.038064,2.38,-0.56,0.56,-60
1787066310788,99754,Lumbar,stand,-0.052704,1.01504,-0.039528,2.31,-0.7,0.63,-60
1787066310788,99771,Lumbar,stand,-0.053192,1.013576,-0.040016,2.17,-0.56,0.49,-60
1787066310788,99788,Lumbar,stand,-0.052704,1.014064,-0.04148,2.31,-0.49,0.49,-60
1787066311330,99963,Lumbar,stand,-0.049288,1.014064,-0.039528,1.75,-1.54,0.35,-60
1787066311330,99994,Lumbar,stand,-0.054168,1.016016,-0.046848,1.82,-1.89,0.21,-60
1787066311330,100011,Lumbar,stand,-0.055144,1.016504,-0.045384,1.75,-2.24,0.21,-60
1787066311330,100028,Lumbar,stand,-0.05368,1.014552,-0.044408,1.61,-2.38,0.28,-60
1787066311330,100045,Lumbar,stand,-0.052704,1.013576,-0.043432,1.61,-2.52,0.28,-60
1787066311330,100076,Lumbar,stand,-0.050752,1.014552,-0.043432,1.96,-2.8,0.28,-60
1787066311330,100093,Lumbar,stand,-0.051728,1.0126,-0.045872,1.82,-2.66,0.49,-60
1787066311330,100110,Lumbar,stand,-0.050264,1.010648,-0.04636,1.89,-2.52,0.28,-60
1787066311330,100127,Lumbar,stand,-0.050264,1.009184,-0.044408,2.45,-2.94,0.35,-60
1787066311330,100144,Lumbar,stand,-0.046848,1.016016,-0.04392,2.8,-4.06,0.42,-60
1787066311502,100318,Lumbar,stand,-0.050264,1.0126,-0.042456,0.91,-3.36,0.35,-61
1787066311502,100349,Lumbar,stand,-0.051728,1.014064,-0.044896,0.98,-3.08,0.49,-61
1787066311502,100366,Lumbar,stand,-0.052704,1.015528,-0.047824,0.77,-2.24,0.35,-61
1787066311502,100383,Lumbar,stand,-0.053192,1.015528,-0.047336,0.56,-2.03,0.21,-61
1787066311502,100400,Lumbar,stand,-0.052216,1.010648,-0.04148,0.49,-2.03,0.21,-61
1787066311502,100431,Lumbar,stand,-0.048312,1.01504,-0.035624,0.98,-1.4,0.07,-61
1787066311502,100448,Lumbar,stand,-0.049288,1.015528,-0.042944,0.63,-1.19,0,-61
1787066311502,100465,Lumbar,stand,-0.049776,1.0126,-0.04636,0.49,-1.19,0.07,-61
1787066311502,100482,Lumbar,stand,-0.051728,1.009672,-0.046848,0.77,-1.82,0.07,-61
1787066311502,100499,Lumbar,stand,-0.052704,1.011624,-0.041968,1.26,-2.31,0,-61
1787066311863,100677,Lumbar,stand,-0.055632,1.01504,-0.042456,1.19,-2.73,0,-61
1787066311863,100708,Lumbar,stand,-0.055632,1.009672,-0.04392,1.54,-3.57,-0.07,-61
1787066311863,100725,Lumbar,stand,-0.05612,1.009672,-0.042944,1.96,-4.13,-0.07,-61
1787066311863,100742,Lumbar,stand,-0.055632,1.012112,-0.040504,2.03,-4.13,-0.14,-61
1787066311863,100759,Lumbar,stand,-0.054656,1.01748,-0.040992,2.24,-3.99,-0.07,-61
1787066311863,100790,Lumbar,stand,-0.054656,1.01748,-0.041968,1.54,-3.64,-0.14,-61
1787066311863,100807,Lumbar,stand,-0.054168,1.013088,-0.039528,1.19,-3.92,-0.07,-61
1787066311863,100824,Lumbar,stand,-0.052216,1.009672,-0.037576,1.47,-3.99,-0.07,-61
1787066311863,100841,Lumbar,stand,-0.05368,1.011136,-0.037088,1.82,-3.78,0,-61
1787066311863,100858,Lumbar,stand,-0.054656,1.013088,-0.0366,2.03,-3.71,0.14,-61
1787066312220,101035,Lumbar,stand,-0.053192,1.014064,-0.03416,1.75,-4.06,0.42,-61
1787066312220,101067,Lumbar,stand,-0.053192,1.014552,-0.038552,1.61,-2.8,0.56,-61
1787066312220,101084,Lumbar,stand,-0.052704,1.0126,-0.03904,1.47,-2.87,0.35,-61
1787066312220,101102,Lumbar,stand,-0.052216,1.012112,-0.0366,1.75,-2.8,0.49,-61
1787066312220,101119,Lumbar,stand,-0.052216,1.016016,-0.039528,1.89,-2.38,0.42,-61
1787066312220,101136,Lumbar,stand,-0.054168,1.016504,-0.043432,1.54,-2.03,0.35,-61
1787066312220,101167,Lumbar,stand,-0.05368,1.012112,-0.040016,1.47,-1.47,0.42,-61
1787066312220,101184,Lumbar,stand,-0.052704,1.012112,-0.039528,1.89,-0.98,0.42,-61
1787066312220,101201,Lumbar,stand,-0.052704,1.013576,-0.041968,2.17,-0.91,0.56,-61
1787066312220,101218,Lumbar,stand,-0.05368,1.014552,-0.042944,2.03,-1.26,0.7,-61
1787066312580,101393,Lumbar,stand,-0.05368,1.013088,-0.040992,2.73,-1.26,0.63,-61
1787066312580,101424,Lumbar,stand,-0.054656,1.016016,-0.042944,2.17,-0.77,0.63,-61
1787066312580,101441,Lumbar,stand,-0.056608,1.016016,-0.043432,2.03,-0.84,0.56,-61
1787066312580,101459,Lumbar,stand,-0.057096,1.0126,-0.045384,1.96,-1.19,0.63,-61
1787066312580,101476,Lumbar,stand,-0.057096,1.013088,-0.04392,2.24,-1.47,0.56,-61
1787066312580,101507,Lumbar,stand,-0.054168,1.013088,-0.046848,2.24,-1.68,0.63,-61
1787066312580,101524,Lumbar,stand,-0.05368,1.013088,-0.04636,2.38,-1.89,0.7,-61
1787066312580,101541,Lumbar,stand,-0.055632,1.013088,-0.045872,2.45,-2.03,0.77,-61
1787066312580,101558,Lumbar,stand,-0.05612,1.014064,-0.046848,2.45,-1.82,0.7,-61
1787066312580,101575,Lumbar,stand,-0.055632,1.014064,-0.047824,2.45,-1.82,0.7,-61
1787066312937,101751,Lumbar,stand,-0.053192,1.017968,-0.04636,2.59,-3.29,0.7,-58
1787066312937,101783,Lumbar,stand,-0.052216,1.018456,-0.047824,1.26,-2.87,0.7,-58
1787066312937,101800,Lumbar,stand,-0.050752,1.015528,-0.049288,0.91,-2.94,0.56,-58
1787066312937,101818,Lumbar,stand,-0.050264,1.008208,-0.048312,1.12,-2.8,0.28,-58
1787066312937,101835,Lumbar,stand,-0.049776,1.011624,-0.045384,2.17,-2.94,0.35,-58
1787066312937,101852,Lumbar,stand,-0.050264,1.018456,-0.045384,1.96,-3.29,0.42,-58
1787066312937,101883,Lumbar,stand,-0.05368,1.016992,-0.044896,1.19,-2.52,0.42,-58
1787066312937,101900,Lumbar,stand,-0.052704,1.013576,-0.047824,0.98,-1.75,0.35,-58
1787066312937,101916,Lumbar,stand,-0.052216,1.011624,-0.0488,1.33,-1.68,0.42,-58
1787066312937,101933,Lumbar,stand,-0.049776,1.013088,-0.049776,1.47,-1.96,0.35,-58
1787066313296,102109,Lumbar,stand,-0.050264,1.01504,-0.040504,1.19,-2.03,0,-58
1787066313296,102141,Lumbar,stand,-0.052216,1.015528,-0.044408,0.84,-1.33,-0.07,-58
1787066313296,102158,Lumbar,stand,-0.05368,1.01504,-0.047336,0.7,-1.54,0.07,-58
1787066313296,102176,Lumbar,stand,-0.052216,1.014064,-0.044896,0.63,-1.96,0,-58
1787066313296,102193,Lumbar,stand,-0.052216,1.014552,-0.040992,0.63,-1.82,0.07,-58
1787066313296,102210,Lumbar,stand,-0.052216,1.016504,-0.040016,0.63,-1.33,0,-58
1787066313296,102241,Lumbar,stand,-0.05124,1.01504,-0.040504,0.42,-0.91,-0.07,-58
1787066313296,102258,Lumbar,stand,-0.052704,1.015528,-0.042456,0.42,-1.12,-0.21,-58
1787066313296,102275,Lumbar,stand,-0.05368,1.01504,-0.04392,0.49,-1.61,-0.21,-58
1787066313296,102291,Lumbar,stand,-0.054168,1.016016,-0.042944,0.42,-1.89,-0.14,-58
1787066313653,102467,Lumbar,stand,-0.055632,1.013088,-0.0366,0.07,-3.08,-0.07,-58
1787066313653,102498,Lumbar,stand,-0.054168,1.014552,-0.0366,0.14,-2.52,0.14,-58
1787066313653,102515,Lumbar,stand,-0.053192,1.013576,-0.033184,0.21,-2.45,-0.21,-58
1787066313653,102532,Lumbar,stand,-0.052216,1.0126,-0.033672,0.84,-2.45,-0.42,-58
1787066313653,102549,Lumbar,stand,-0.052704,1.016016,-0.035136,0.91,-2.73,-0.35,-58
1787066313653,102580,Lumbar,stand,-0.057584,1.0126,-0.03416,0,-2.73,0.21,-58
1787066313653,102597,Lumbar,stand,-0.059048,1.01016,-0.03172,0.56,-2.24,0.28,-58
1787066313653,102614,Lumbar,stand,-0.057584,1.011136,-0.03172,0.98,-1.96,0.07,-58
1787066313653,102631,Lumbar,stand,-0.053192,1.014064,-0.031232,1.47,-1.82,0,-58
1787066313653,102648,Lumbar,stand,-0.052216,1.016016,-0.03172,1.47,-2.24,0.14,-58
1787066314009,102824,Lumbar,stand,-0.05368,1.01748,-0.032696,2.31,-1.54,0.49,-57
1787066314009,102855,Lumbar,stand,-0.055144,1.016504,-0.034648,1.89,-1.4,0.42,-57
1787066314009,102872,Lumbar,stand,-0.054656,1.015528,-0.034648,1.82,-1.4,0.42,-57
1787066314009,102889,Lumbar,stand,-0.055632,1.014064,-0.03416,1.82,-1.4,0.42,-57
1787066314009,102906,Lumbar,stand,-0.055144,1.01504,-0.032208,1.82,-1.47,0.42,-57
1787066314009,102937,Lumbar,stand,-0.054656,1.0126,-0.036112,1.82,-1.61,0.77,-57
1787066314009,102954,Lumbar,stand,-0.055144,1.013576,-0.0366,1.89,-1.68,0.84,-57
1787066314009,102971,Lumbar,stand,-0.054656,1.014064,-0.037088,1.96,-1.47,0.91,-57
1787066314009,102988,Lumbar,stand,-0.052704,1.014552,-0.038064,1.82,-1.26,0.84,-57
1787066314009,103005,Lumbar,stand,-0.054656,1.0126,-0.035136,1.96,-1.4,0.98,-57
1787066314368,103181,Lumbar,stand,-0.05368,1.015528,-0.035136,2.45,-2.59,0.63,-57
1787066314368,103213,Lumbar,stand,-0.054656,1.017968,-0.037576,2.24,-1.61,0.42,-57
1787066314368,103230,Lumbar,stand,-0.054168,1.01504,-0.03904,2.1,-1.89,0.28,-57
1787066314368,103247,Lumbar,stand,-0.053192,1.011624,-0.037576,2.24,-2.17,0.28,-57
1787066314368,103264,Lumbar,stand,-0.052704,1.016504,-0.035136,2.52,-2.52,0.49,-57
1787066314368,103294,Lumbar,stand,-0.055144,1.016504,-0.038064,1.82,-2.38,0.49,-57
1787066314368,103311,Lumbar,stand,-0.05368,1.014552,-0.037088,1.61,-2.1,0.56,-57
1787066314368,103328,Lumbar,stand,-0.055144,1.013088,-0.036112,1.96,-1.89,0.49,-57
1787066314368,103345,Lumbar,stand,-0.054168,1.016016,-0.038552,2.31,-2.17,0.49,-57
1787066314368,103362,Lumbar,stand,-0.054168,1.016016,-0.040504,2.1,-2.52,0.7,-57
1787066314726,103538,Lumbar,stand,-0.055632,1.015528,-0.040992,2.45,-2.38,0.28,-57
1787066314726,103569,Lumbar,stand,-0.054168,1.013088,-0.040016,2.17,-1.96,0.35,-57
1787066314726,103586,Lumbar,stand,-0.05368,1.011136,-0.04148,2.45,-2.1,0.42,-57
1787066314726,103604,Lumbar,stand,-0.052216,1.011624,-0.040992,2.73,-2.38,0.35,-57
1787066314726,103621,Lumbar,stand,-0.052216,1.014064,-0.040016,3.01,-1.96,0.28,-57
1787066314726,103652,Lumbar,stand,-0.052704,1.015528,-0.04148,2.52,-1.89,0.28,-57
1787066314726,103669,Lumbar,stand,-0.054168,1.013576,-0.042944,2.52,-2.1,0.49,-57
1787066314726,103686,Lumbar,stand,-0.053192,1.013088,-0.04636,2.73,-2.03,0.42,-57
1787066314726,103703,Lumbar,stand,-0.053192,1.0126,-0.044896,2.87,-1.82,0.35,-57
1787066314726,103720,Lumbar,stand,-0.054168,1.011624,-0.044896,2.87,-1.61,0.42,-57
1787066315086,103896,Lumbar,stand,-0.053192,1.010648,-0.044896,2.24,-1.82,0.35,-57
1787066315086,103928,Lumbar,stand,-0.052704,1.014552,-0.04148,3.15,-3.36,0.7,-57
1787066315086,103945,Lumbar,stand,-0.055632,1.01504,-0.047336,2.59,-3.08,0.7,-57
1787066315086,103962,Lumbar,stand,-0.055144,1.01504,-0.050752,2.45,-2.38,0.77,-57
1787066315086,103979,Lumbar,stand,-0.052704,1.011624,-0.0488,2.59,-2.31,0.56,-57
1787066315086,104010,Lumbar,stand,-0.050752,1.01016,-0.04636,3.64,-2.94,0.56,-57
1787066315086,104027,Lumbar,stand,-0.051728,1.021872,-0.045872,3.36,-3.22,0.56,-57
1787066315086,104044,Lumbar,stand,-0.053192,1.02236,-0.048312,1.96,-2.94,0.63,-57
1787066315086,104061,Lumbar,stand,-0.054168,1.019432,-0.048312,1.05,-2.52,0.49,-57
1787066315086,104078,Lumbar,stand,-0.054656,1.016016,-0.045384,0.91,-2.59,0.42,-57
1787066315441,104254,Lumbar,stand,-0.050264,1.012112,-0.043432,0.49,-2.87,0.21,-58
1787066315441,104285,Lumbar,stand,-0.0488,1.016992,-0.042456,1.12,-2.59,-0.07,-58
1787066315441,104303,Lumbar,stand,-0.049776,1.018944,-0.040504,0.77,-1.96,-0.14,-58
1787066315441,104319,Lumbar,stand,-0.050752,1.01504,-0.040504,0.07,-1.4,-0.07,-58
1787066315441,104336,Lumbar,stand,-0.049776,1.009184,-0.040992,0.42,-1.12,0.14,-58
1787066315441,104367,Lumbar,stand,-0.05124,1.012112,-0.047824,1.47,-1.33,0.28,-58
1787066315441,104384,Lumbar,stand,-0.051728,1.009184,-0.050752,1.54,-1.12,0.21,-58
1787066315441,104401,Lumbar,stand,-0.052704,1.007232,-0.050752,2.1,-0.84,0.35,-58
1787066315441,104418,Lumbar,stand,-0.055144,1.006744,-0.049288,2.45,-0.98,0.35,-58
1787066315441,104435,Lumbar,stand,-0.052704,1.011624,-0.046848,2.94,-1.33,0.28,-58
1787066315801,104611,Lumbar,stand,-0.052704,1.01016,-0.035136,4.55,-2.45,0.14,-58
1787066315801,104642,Lumbar,stand,-0.055144,1.025288,-0.047336,3.85,-1.61,-0.35,-58
1787066315801,104659,Lumbar,stand,-0.055144,1.021872,-0.04636,2.1,-1.26,-0.21,-58
1787066315801,104677,Lumbar,stand,-0.056608,1.014064,-0.044896,1.26,-1.68,0.21,-58
1787066315801,104694,Lumbar,stand,-0.05612,1.012112,-0.045384,1.61,-1.61,0.21,-58
1787066315801,104725,Lumbar,stand,-0.054656,1.016504,-0.05612,1.82,-1.89,0.21,-58
1787066315801,104742,Lumbar,stand,-0.053192,1.018456,-0.05368,1.54,-2.66,0.35,-58
1787066315801,104759,Lumbar,stand,-0.050752,1.020408,-0.049288,1.26,-2.94,0.56,-58
1787066315801,104776,Lumbar,stand,-0.051728,1.016992,-0.049288,0.56,-2.73,0.7,-58
1787066315801,104794,Lumbar,stand,-0.053192,1.009672,-0.050264,0.56,-2.03,0.56,-58
1787066316247,104970,Lumbar,stand,-0.052216,1.016504,-0.046848,2.31,-2.73,0.98,-58
1787066316247,105001,Lumbar,stand,-0.049776,1.016992,-0.050264,1.96,-3.22,0.84,-58
1787066316247,105018,Lumbar,stand,-0.045872,1.015528,-0.055632,1.54,-3.29,0.77,-58
1787066316247,105036,Lumbar,stand,-0.04636,1.01504,-0.057096,1.4,-3.22,0.84,-58
1787066316247,105053,Lumbar,stand,-0.04636,1.013576,-0.057096,1.47,-2.87,0.7,-58
1787066316247,105084,Lumbar,stand,-0.046848,1.013088,-0.050264,2.24,-3.43,0.7,-58
1787066316247,105101,Lumbar,stand,-0.047336,1.014552,-0.049776,1.75,-3.08,0.49,-58
1787066316247,105118,Lumbar,stand,-0.048312,1.016504,-0.051728,1.54,-2.8,0.42,-58
1787066316247,105135,Lumbar,stand,-0.049776,1.0126,-0.05124,1.26,-2.45,0.35,-58
1787066316247,105152,Lumbar,stand,-0.050752,1.012112,-0.0488,1.68,-2.31,0.28,-58
1787066316589,105326,Lumbar,stand,-0.05124,1.013576,-0.04636,1.75,-2.1,0.42,-60
1787066316589,105357,Lumbar,stand,-0.052704,1.01992,-0.05368,1.47,-2.1,0.35,-60
1787066316589,105374,Lumbar,stand,-0.051728,1.018456,-0.054168,0.98,-2.17,0.35,-60
1787066316589,105391,Lumbar,stand,-0.05124,1.013576,-0.054168,0.77,-2.17,0.35,-60
1787066316589,105468,Lumbar,stand,-0.051728,1.014552,-0.049288,1.89,-2.52,0.49,-60
1787066316589,105500,Lumbar,stand,-0.05124,1.018456,-0.052216,1.61,-1.96,0.35,-60
1787066316589,105517,Lumbar,stand,-0.051728,1.016992,-0.05124,1.12,-1.89,0.35,-60
1787066316589,105534,Lumbar,stand,-0.052704,1.016016,-0.0488,1.12,-1.89,0.42,-60
1787066316589,105551,Lumbar,stand,-0.051728,1.011624,-0.049288,1.33,-1.96,0.35,-60
1787066316589,105582,Lumbar,stand,-0.05124,1.010648,-0.044896,1.68,-2.24,0.42,-60
1787066316947,105758,Lumbar,stand,-0.05124,1.011624,-0.054168,2.73,-3.01,0.35,-60
1787066316947,105789,Lumbar,stand,-0.052216,1.02236,-0.049776,2.73,-3.36,0.63,-60
1787066316947,105806,Lumbar,stand,-0.05124,1.01748,-0.050752,1.54,-3.01,0.63,-60
1787066316947,105824,Lumbar,stand,-0.050264,1.013088,-0.052216,1.68,-2.66,0.63,-60
1787066316947,105841,Lumbar,stand,-0.05124,1.008696,-0.047824,2.73,-2.03,0.63,-60
1787066316947,105872,Lumbar,stand,-0.050264,1.016016,-0.05612,3.43,-2.1,0.98,-60
1787066316947,105889,Lumbar,stand,-0.049776,1.016504,-0.050752,2.59,-2.31,1.05,-60
1787066316947,105906,Lumbar,stand,-0.052704,1.01748,-0.050752,2.8,-2.31,1.05,-60
1787066316947,105923,Lumbar,stand,-0.054656,1.01748,-0.055632,2.24,-2.94,0.91,-60
1787066316947,105940,Lumbar,stand,-0.05368,1.01016,-0.057096,2.03,-3.22,0.98,-60
1787066317305,106116,Lumbar,stand,-0.05124,1.022848,-0.063928,1.26,-1.89,0.28,-60
1787066317305,106147,Lumbar,stand,-0.044896,1.011624,-0.050264,0.21,-1.96,0.28,-60
1787066317305,106165,Lumbar,stand,-0.045384,1.003816,-0.050264,0.63,-1.47,0.49,-60
1787066317305,106181,Lumbar,stand,-0.047336,1.003816,-0.062464,1.75,-1.26,0.77,-60
1787066317305,106198,Lumbar,stand,-0.047336,1.008696,-0.064416,2.59,-1.47,0.84,-60
1787066317305,106229,Lumbar,stand,-0.04636,1.01748,-0.057096,2.73,-1.61,0.49,-60
1787066317305,106246,Lumbar,stand,-0.048312,1.0126,-0.053192,2.66,-1.68,0.56,-60
1787066317305,106263,Lumbar,stand,-0.047336,1.0126,-0.059048,3.29,-1.61,0.56,-60
1787066317305,106280,Lumbar,stand,-0.045384,1.013576,-0.06344,3.36,-1.33,0.42,-60
1787066317305,106297,Lumbar,stand,-0.044896,1.013576,-0.065392,3.15,-1.68,0.42,-60
1787066317664,106473,Lumbar,stand,-0.0488,1.009184,-0.058072,1.89,-2.45,0.42,-58
1787066317664,106504,Lumbar,stand,-0.047824,1.01748,-0.055144,1.61,-3.36,0.56,-58
1787066317664,106521,Lumbar,stand,-0.048312,1.018456,-0.056608,0.63,-2.38,0.49,-58
1787066317664,106539,Lumbar,stand,-0.046848,1.015528,-0.060512,0.07,-2.38,0.35,-58
1787066317664,106556,Lumbar,stand,-0.04636,1.011624,-0.060024,0.14,-2.59,0.21,-58
1787066317664,106587,Lumbar,stand,-0.04392,1.012112,-0.060024,1.75,-2.73,0.28,-58
1787066317664,106604,Lumbar,stand,-0.044408,1.014552,-0.06344,1.05,-2.52,0.56,-58
1787066317664,106621,Lumbar,stand,-0.046848,1.014064,-0.06344,0.56,-2.73,0.98,-58
1787066317664,106638,Lumbar,stand,-0.047824,1.014064,-0.057096,0.49,-2.87,1.12,-58
1787066317664,106655,Lumbar,stand,-0.046848,1.01992,-0.052216,1.19,-3.01,1.05,-58
1787066318022,106832,Lumbar,stand,-0.043432,1.0126,-0.05124,1.19,-2.66,0.7,-58
1787066318022,106864,Lumbar,stand,-0.043432,1.015528,-0.056608,1.4,-2.52,0.63,-58
1787066318022,106881,Lumbar,stand,-0.042944,1.01504,-0.058072,1.26,-2.73,0.7,-58
1787066318022,106898,Lumbar,stand,-0.04392,1.014552,-0.055632,1.12,-2.52,0.7,-58
1787066318022,106915,Lumbar,stand,-0.042456,1.013576,-0.055144,1.26,-2.1,0.77,-58
1787066318022,106946,Lumbar,stand,-0.04392,1.016504,-0.052704,1.19,-2.24,0.56,-58
1787066318022,106963,Lumbar,stand,-0.043432,1.015528,-0.051728,0.77,-2.38,0.42,-58
1787066318022,106980,Lumbar,stand,-0.045384,1.016016,-0.050264,0.77,-2.24,0.35,-58
1787066318022,106997,Lumbar,stand,-0.044408,1.016016,-0.051728,0.7,-2.03,0.07,-58
1787066318022,107014,Lumbar,stand,-0.04392,1.012112,-0.054168,0.77,-1.96,-0.07,-58
1787066318382,107189,Lumbar,stand,-0.042944,1.01504,-0.045872,1.75,-2.94,-0.42,-58
1787066318382,107220,Lumbar,stand,-0.045872,1.018456,-0.052216,0.42,-3.01,-0.21,-58
1787066318382,107238,Lumbar,stand,-0.044896,1.01504,-0.052704,0.07,-2.73,-0.49,-58
1787066318382,107255,Lumbar,stand,-0.045872,1.013088,-0.048312,0.49,-3.01,-0.77,-58
1787066318382,107272,Lumbar,stand,-0.044408,1.011136,-0.045384,0.91,-3.43,-0.7,-58
1787066318382,107303,Lumbar,stand,-0.046848,1.015528,-0.047824,0.63,-3.15,-0.56,-58
1787066318382,107320,Lumbar,stand,-0.047824,1.016504,-0.050752,0.56,-2.8,-0.56,-58
1787066318382,107337,Lumbar,stand,-0.046848,1.014064,-0.051728,0.7,-2.73,-0.63,-58
1787066318382,107354,Lumbar,stand,-0.047824,1.009672,-0.047336,1.05,-2.87,-0.63,-58
1787066318382,107371,Lumbar,stand,-0.048312,1.015528,-0.042944,1.4,-2.8,-0.56,-58
1787066318742,107549,Lumbar,stand,-0.050264,1.018456,-0.041968,1.82,-1.96,-0.63,-61
1787066318742,107580,Lumbar,stand,-0.0488,1.015528,-0.047336,0.77,-2.38,-0.77,-61
1787066318742,107597,Lumbar,stand,-0.050264,1.013088,-0.040016,0.56,-2.8,-0.63,-61
1787066318742,107614,Lumbar,stand,-0.051728,1.011136,-0.038064,1.05,-2.94,-0.84,-61
1787066318742,107631,Lumbar,stand,-0.053192,1.011136,-0.03904,1.4,-2.94,-0.84,-61
1787066318742,107662,Lumbar,stand,-0.05368,1.014552,-0.044896,1.89,-2.38,-0.77,-61
1787066318742,107679,Lumbar,stand,-0.054168,1.01748,-0.045872,1.82,-2.17,-0.77,-61
1787066318742,107696,Lumbar,stand,-0.055632,1.016504,-0.04636,1.54,-2.03,-0.84,-61
1787066318742,107713,Lumbar,stand,-0.055144,1.013576,-0.040992,1.19,-2.59,-0.77,-61
1787066318742,107730,Lumbar,stand,-0.055144,1.012112,-0.038552,1.26,-2.94,-0.56,-61
1787066319099,107908,Lumbar,stand,-0.055144,1.012112,-0.042456,1.47,-2.45,0.14,-61
1787066319099,107939,Lumbar,stand,-0.05368,1.017968,-0.040504,1.54,-2.52,0.14,-61
1787066319099,107956,Lumbar,stand,-0.055632,1.01748,-0.041968,0.91,-2.03,0.14,-61
1787066319099,107974,Lumbar,stand,-0.05612,1.015528,-0.040504,0.77,-1.96,0,-61
1787066319099,107991,Lumbar,stand,-0.05612,1.01016,-0.03904,0.84,-2.03,-0.07,-61
1787066319099,108021,Lumbar,stand,-0.055144,1.013576,-0.041968,1.89,-3.01,0.42,-61
1787066319099,108038,Lumbar,stand,-0.060024,1.013576,-0.042456,1.75,-3.01,0.35,-61
1787066319099,108056,Lumbar,stand,-0.063928,1.012112,-0.040016,1.96,-2.45,0.42,-61
1787066319099,108072,Lumbar,stand,-0.060024,1.0126,-0.038064,2.31,-2.8,0.28,-61
1787066319099,108089,Lumbar,stand,-0.05612,1.009672,-0.040016,2.24,-3.57,0.14,-61
1787066319457,108265,Lumbar,stand,-0.054656,1.0126,-0.04148,1.82,-3.92,0.63,-61
1787066319457,108297,Lumbar,stand,-0.052704,1.016992,-0.046848,1.89,-3.22,0.42,-61
1787066319457,108314,Lumbar,stand,-0.052216,1.014552,-0.044896,1.68,-3.08,0.35,-61
1787066319457,108331,Lumbar,stand,-0.051728,1.013088,-0.041968,1.68,-3.08,0.42,-61
1787066319457,108348,Lumbar,stand,-0.050264,1.012112,-0.037576,1.96,-3.43,0.49,-61
1787066319457,108379,Lumbar,stand,-0.051728,1.014552,-0.037088,1.89,-2.87,0.35,-61
1787066319457,108396,Lumbar,stand,-0.051728,1.0126,-0.0366,1.75,-2.52,0.35,-61
1787066319457,108413,Lumbar,stand,-0.051728,1.014064,-0.039528,1.89,-2.03,0.35,-61
1787066319457,108430,Lumbar,stand,-0.05124,1.014552,-0.040016,1.75,-1.68,0.28,-61
1787066319457,108447,Lumbar,stand,-0.052704,1.014064,-0.04148,1.75,-1.47,0.21,-61
1787066319816,108623,Lumbar,stand,-0.057584,1.019432,-0.044408,2.1,-0.63,-0.14,-61
1787066319816,108654,Lumbar,stand,-0.055632,1.014552,-0.043432,1.61,-0.84,0,-61
1787066319816,108671,Lumbar,stand,-0.054656,1.0126,-0.04148,1.61,-0.91,0,-61
1787066319816,108689,Lumbar,stand,-0.053192,1.01504,-0.040016,1.75,-0.63,-0.35,-61
1787066319816,108706,Lumbar,stand,-0.056608,1.016016,-0.045872,1.47,-0.35,-0.77,-61
1787066319816,108737,Lumbar,stand,-0.061,1.014552,-0.041968,1.4,-1.82,-0.77,-61
1787066319816,108754,Lumbar,stand,-0.066856,1.010648,-0.045872,0.98,-2.03,-0.63,-61
1787066319816,108771,Lumbar,stand,-0.064416,1.00772,-0.047824,1.4,-2.03,-0.49,-61
1787066319816,108788,Lumbar,stand,-0.059536,1.010648,-0.045384,2.1,-2.24,-0.49,-61
1787066319816,108805,Lumbar,stand,-0.05856,1.010648,-0.041968,2.52,-2.31,-0.63,-61
1787066320176,108982,Lumbar,stand,-0.055632,1.01016,-0.04392,1.33,-2.87,0.7,-62
1787066320176,109013,Lumbar,stand,-0.057096,1.013576,-0.046848,1.75,-2.66,0.84,-62
1787066320176,109031,Lumbar,stand,-0.058072,1.014552,-0.047824,1.61,-2.59,0.7,-62
1787066320176,109047,Lumbar,stand,-0.058072,1.013088,-0.046848,1.54,-2.31,0.63,-62
1787066320176,109064,Lumbar,stand,-0.056608,1.012112,-0.046848,1.82,-2.24,0.56,-62
1787066320176,109095,Lumbar,stand,-0.054656,1.013576,-0.045384,2.31,-2.66,0.35,-62
1787066320176,109112,Lumbar,stand,-0.056608,1.015528,-0.045872,2.24,-2.38,0.28,-62
1787066320176,109129,Lumbar,stand,-0.057096,1.01504,-0.048312,1.89,-1.96,0.35,-62
1787066320176,109146,Lumbar,stand,-0.056608,1.015528,-0.050752,1.89,-1.96,0.42,-62
1787066320176,109163,Lumbar,stand,-0.056608,1.016016,-0.050752,1.89,-2.17,0.49,-62
1787066320533,109341,Lumbar,stand,-0.053192,1.006744,-0.040504,0.7,-1.12,0.56,-62
1787066320533,109372,Lumbar,stand,-0.057584,1.009184,-0.045872,1.68,-1.12,0.77,-62
1787066320533,109389,Lumbar,stand,-0.061,1.015528,-0.047336,1.68,-1.61,0.91,-62
1787066320533,109406,Lumbar,stand,-0.06344,1.016504,-0.048312,1.12,-2.59,0.91,-62
1787066320533,109423,Lumbar,stand,-0.061488,1.013088,-0.045384,1.05,-3.08,0.84,-62
1787066320533,109454,Lumbar,stand,-0.059048,1.013088,-0.042944,1.54,-2.8,0.7,-62
1787066320533,109471,Lumbar,stand,-0.059536,1.016504,-0.044896,1.33,-2.24,0.35,-62
1787066320533,109488,Lumbar,stand,-0.059536,1.014552,-0.04636,1.33,-2.66,0.42,-62
1787066320533,109505,Lumbar,stand,-0.058072,1.01504,-0.047336,1.26,-3.43,0.84,-62
1787066320533,109522,Lumbar,stand,-0.05612,1.01504,-0.047336,1.33,-3.64,0.56,-62
1787066320891,109698,Lumbar,stand,-0.057584,1.01504,-0.040504,0.63,-2.17,0.56,-62
1787066320891,109730,Lumbar,stand,-0.05856,1.013088,-0.03904,1.12,-1.12,0.42,-62
1787066320891,109747,Lumbar,stand,-0.05612,1.014064,-0.042944,1.61,-1.4,0.49,-62
1787066320891,109764,Lumbar,stand,-0.05612,1.01504,-0.040504,1.33,-1.61,0.42,-62
1787066320891,109781,Lumbar,stand,-0.057584,1.012112,-0.035136,0.98,-1.61,0.56,-62
1787066320891,109812,Lumbar,stand,-0.056608,1.010648,-0.037576,1.26,-1.05,0.21,-62
1787066320891,109829,Lumbar,stand,-0.055632,1.014064,-0.038552,1.47,-1.05,0.14,-62
1787066320891,109846,Lumbar,stand,-0.056608,1.014552,-0.044408,0.98,-1.05,0.07,-62
1787066320891,109863,Lumbar,stand,-0.059048,1.013088,-0.04392,0.63,-1.19,0,-62
1787066320891,109879,Lumbar,stand,-0.061488,1.009184,-0.041968,0.49,-1.33,0,-62
1787066321250,110055,Lumbar,stand,-0.06588,1.015528,-0.042456,1.12,-2.59,-0.63,-61
1787066321250,110086,Lumbar,stand,-0.062952,1.011136,-0.038552,1.4,-2.45,-0.56,-61
1787066321250,110103,Lumbar,stand,-0.064416,1.012112,-0.040992,1.68,-2.52,-0.63,-61
1787066321250,110120,Lumbar,stand,-0.066368,1.013088,-0.04148,1.68,-3.01,-0.56,-61
1787066321250,110137,Lumbar,stand,-0.066368,1.014064,-0.041968,1.12,-3.08,-0.56,-61
1787066321250,110168,Lumbar,stand,-0.06588,1.013088,-0.037576,0.91,-2.8,-0.56,-61
1787066321250,110185,Lumbar,stand,-0.065392,1.0126,-0.0366,1.05,-2.73,-0.56,-61
1787066321250,110202,Lumbar,stand,-0.063928,1.013576,-0.036112,1.19,-2.66,-0.63,-61
1787066321250,110219,Lumbar,stand,-0.06588,1.013576,-0.037576,1.26,-2.94,-0.49,-61
1787066321250,110236,Lumbar,stand,-0.067344,1.014552,-0.041968,1.26,-3.22,-0.35,-61
1787066321775,110415,Lumbar,stand,-0.061,1.01016,-0.035136,1.4,-3.71,0.42,-61
1787066321775,110446,Lumbar,stand,-0.059048,1.014552,-0.037576,2.24,-3.92,0.63,-61
1787066321775,110463,Lumbar,stand,-0.062952,1.01504,-0.04148,1.96,-3.01,0.7,-61
1787066321775,110480,Lumbar,stand,-0.066856,1.014552,-0.040504,1.75,-2.38,0.7,-61
1787066321775,110497,Lumbar,stand,-0.06588,1.013576,-0.03904,1.89,-2.66,0.63,-61
1787066321775,110528,Lumbar,stand,-0.057584,1.011624,-0.032208,2.73,-3.29,0.77,-61
1787066321775,110545,Lumbar,stand,-0.056608,1.016504,-0.034648,2.59,-2.87,0.84,-61
1787066321775,110562,Lumbar,stand,-0.059536,1.016992,-0.035624,2.24,-2.17,1.05,-61
1787066321775,110579,Lumbar,stand,-0.061488,1.016016,-0.037088,1.61,-1.89,0.98,-61
1787066321775,110596,Lumbar,stand,-0.059536,1.013576,-0.037576,1.75,-1.68,0.91,-61
1787066321966,110770,Lumbar,stand,-0.061488,1.011136,-0.038064,0.77,-1.12,0.77,-59
1787066321966,110800,Lumbar,stand,-0.062952,1.018456,-0.033672,2.17,-1.54,0.7,-59
1787066321966,110817,Lumbar,stand,-0.062464,1.018944,-0.0366,1.4,-0.91,0.63,-59
1787066321966,110834,Lumbar,stand,-0.060024,1.014064,-0.037088,1.12,-0.63,0.63,-59
1787066321966,110851,Lumbar,stand,-0.061488,1.014552,-0.037088,1.12,-0.63,0.56,-59
1787066321966,110882,Lumbar,stand,-0.063928,1.010648,-0.038064,1.47,-1.33,0.56,-59
1787066321966,110899,Lumbar,stand,-0.064904,1.015528,-0.041968,1.82,-1.82,0.77,-59
1787066321966,110916,Lumbar,stand,-0.064416,1.016992,-0.042944,1.47,-2.1,0.63,-59
1787066321966,110933,Lumbar,stand,-0.061976,1.016016,-0.042456,1.26,-1.75,0.56,-59
1787066321966,110950,Lumbar,stand,-0.060512,1.015528,-0.040016,1.26,-1.4,0.42,-59
1787066322334,111126,Lumbar,stand,-0.065392,1.008208,-0.038064,3.57,-2.17,1.61,-59
1787066322334,111156,Lumbar,stand,-0.061,1.011624,-0.038552,4.34,-2.8,0.91,-59
1787066322334,111173,Lumbar,stand,-0.060024,1.016504,-0.039528,3.92,-3.36,0.77,-59
1787066322334,111190,Lumbar,stand,-0.059536,1.016992,-0.042944,2.59,-4.13,1.05,-59
1787066322334,111207,Lumbar,stand,-0.059048,1.015528,-0.042456,1.96,-4.27,0.91,-59
1787066322334,111238,Lumbar,stand,-0.056608,1.012112,-0.04148,1.96,-4.76,0.49,-59
1787066322334,111255,Lumbar,stand,-0.057584,1.011136,-0.041968,1.89,-4.62,0.7,-59
1787066322334,111272,Lumbar,stand,-0.057584,1.012112,-0.045384,2.38,-4.06,0.91,-59
1787066322334,111289,Lumbar,stand,-0.056608,1.016016,-0.046848,2.66,-3.92,0.98,-59
1787066322334,111320,Lumbar,stand,-0.054168,1.011624,-0.045872,2.66,-4.48,0.91,-59
1787066322693,111496,Lumbar,stand,-0.050264,1.020408,-0.04636,3.01,-2.66,1.54,-61
1787066322693,111528,Lumbar,stand,-0.048312,1.008696,-0.0488,2.52,-0.7,1.54,-61
1787066322693,111545,Lumbar,stand,-0.050264,1.006744,-0.05124,2.8,-0.56,1.68,-61
1787066322693,111563,Lumbar,stand,-0.05368,1.008696,-0.050264,3.71,-0.91,1.61,-61
1787066322693,111580,Lumbar,stand,-0.053192,1.018456,-0.046848,4.2,-1.4,1.47,-61
1787066322693,111597,Lumbar,stand,-0.0488,1.020896,-0.049288,3.43,-1.82,1.26,-61
1787066322693,111628,Lumbar,stand,-0.046848,1.016504,-0.049776,2.73,-2.03,1.47,-61
1787066322693,111645,Lumbar,stand,-0.0488,1.016992,-0.05124,2.59,-1.82,1.33,-61
1787066322693,111662,Lumbar,stand,-0.050264,1.019432,-0.055632,2.24,-1.4,1.12,-61
1787066322693,111679,Lumbar,stand,-0.050752,1.016504,-0.054656,1.26,-0.98,0.91,-61
1787066323209,111855,Lumbar,stand,-0.050264,1.013576,-0.055632,3.22,-1.4,1.12,-61
1787066323209,111886,Lumbar,stand,-0.0488,1.015528,-0.059048,2.87,-1.19,0.98,-61
1787066323209,111904,Lumbar,stand,-0.047336,1.015528,-0.05856,2.66,-1.26,0.91,-61
1787066323209,111920,Lumbar,stand,-0.048312,1.016504,-0.05612,2.38,-1.4,0.91,-61
1787066323209,111937,Lumbar,stand,-0.050264,1.01748,-0.055632,2.1,-1.75,0.84,-61
1787066323209,111968,Lumbar,stand,-0.047824,1.013576,-0.057096,1.4,-1.96,0.84,-61
1787066323209,111985,Lumbar,stand,-0.04636,1.009672,-0.05612,1.19,-2.03,0.63,-61
1787066323209,112002,Lumbar,stand,-0.047336,1.010648,-0.050264,1.89,-1.68,0.56,-61
1787066323209,112019,Lumbar,stand,-0.047336,1.01504,-0.0488,2.38,-1.4,0.21,-61
1787066323209,112036,Lumbar,stand,-0.047824,1.016992,-0.05124,2.31,-1.47,0.21,-61
1787066323409,112210,Lumbar,stand,-0.049288,1.017968,-0.059048,1.96,-2.45,0.21,-61
1787066323409,112241,Lumbar,stand,-0.049776,1.013576,-0.059536,0.91,-1.05,0.35,-61
1787066323409,112258,Lumbar,stand,-0.048312,1.008696,-0.056608,1.61,-1.89,0.49,-61
1787066323409,112275,Lumbar,stand,-0.050264,1.012112,-0.058072,1.96,-2.03,0.63,-61
1787066323409,112292,Lumbar,stand,-0.050264,1.0126,-0.061,1.68,-1.54,0.49,-61
1787066323409,112323,Lumbar,stand,-0.047824,1.017968,-0.059536,1.26,-1.82,0.42,-61
1787066323409,112340,Lumbar,stand,-0.04636,1.0126,-0.05612,1.05,-1.75,0.35,-61
1787066323409,112357,Lumbar,stand,-0.046848,1.008696,-0.05368,1.26,-1.68,0.49,-61
1787066323409,112374,Lumbar,stand,-0.045384,1.014064,-0.053192,1.47,-1.61,0.49,-61
1787066323409,112391,Lumbar,stand,-0.048312,1.014064,-0.060512,0.84,-1.33,0.35,-61
1787066323762,112565,Lumbar,stand,-0.048312,1.018944,-0.051728,1.26,-2.52,0.28,-61
1787066323762,112597,Lumbar,stand,-0.049776,1.01016,-0.056608,0.84,-2.87,0.56,-61
1787066323762,112614,Lumbar,stand,-0.048312,1.008208,-0.054168,1.54,-3.29,0.56,-61
1787066323762,112631,Lumbar,stand,-0.047824,1.009672,-0.052216,1.82,-3.5,0.56,-61
1787066323762,112648,Lumbar,stand,-0.045872,1.016016,-0.0488,2.24,-3.5,0.42,-61
1787066323762,112679,Lumbar,stand,-0.047336,1.018456,-0.052704,1.26,-2.52,0.49,-61
1787066323762,112696,Lumbar,stand,-0.047824,1.013088,-0.054656,0.77,-2.45,0.49,-61
1787066323762,112713,Lumbar,stand,-0.047824,1.008208,-0.055632,1.12,-2.59,0.28,-61
1787066323762,112730,Lumbar,stand,-0.047336,1.010648,-0.054168,1.89,-2.8,0.28,-61
1787066323762,112746,Lumbar,stand,-0.048312,1.016504,-0.05124,1.96,-2.66,0.21,-61
1787066324121,112922,Lumbar,stand,-0.050752,1.011136,-0.049288,0.63,-1.96,-0.07,-61
1787066324121,112953,Lumbar,stand,-0.050264,1.0126,-0.047336,0.91,-2.17,-0.07,-61
1787066324121,112970,Lumbar,stand,-0.048312,1.014552,-0.049776,0.77,-2.17,-0.14,-61
1787066324121,112988,Lumbar,stand,-0.049776,1.014064,-0.049288,0.77,-2.17,-0.14,-61
1787066324121,113005,Lumbar,stand,-0.050264,1.01504,-0.049776,0.56,-2.17,-0.21,-61
1787066324121,113036,Lumbar,stand,-0.0488,1.016016,-0.05124,0.42,-2.31,-0.21,-61
1787066324121,113053,Lumbar,stand,-0.05124,1.014064,-0.05124,0.21,-2.52,-0.14,-61
1787066324121,113070,Lumbar,stand,-0.050752,1.009184,-0.049288,0.63,-2.45,0.07,-61
1787066324121,113087,Lumbar,stand,-0.050264,1.011624,-0.0488,1.19,-2.52,0,-61
1787066324121,113104,Lumbar,stand,-0.049776,1.014064,-0.047336,1.33,-2.66,-0.07,-61
1787066324478,113280,Lumbar,stand,-0.051728,1.014064,-0.04636,1.19,-2.8,-0.21,-61
1787066324478,113312,Lumbar,stand,-0.052216,1.013576,-0.045872,1.26,-1.89,-0.42,-61
1787066324478,113329,Lumbar,stand,-0.049776,1.009672,-0.042944,1.61,-1.89,-0.49,-61
1787066324478,113346,Lumbar,stand,-0.05124,1.014552,-0.040992,2.17,-1.89,-0.49,-61
1787066324478,113363,Lumbar,stand,-0.05124,1.018944,-0.04392,1.61,-1.96,-0.35,-61
1787066324478,113394,Lumbar,stand,-0.054168,1.01504,-0.04636,0.35,-1.82,-0.07,-61
1787066324478,113411,Lumbar,stand,-0.054656,1.013576,-0.042456,0.42,-1.61,-0.14,-61
1787066324478,113428,Lumbar,stand,-0.05368,1.014552,-0.041968,0.91,-1.33,-0.35,-61
1787066324478,113445,Lumbar,stand,-0.053192,1.016992,-0.043432,0.91,-1.54,-0.21,-61
1787066324478,113462,Lumbar,stand,-0.051728,1.020408,-0.045384,0.63,-1.54,-0.21,-61
1787066324840,113639,Lumbar,stand,-0.054656,1.014064,-0.03904,-0.14,-2.24,-0.28,-63
1787066324840,113671,Lumbar,stand,-0.05612,1.015528,-0.040016,-0.42,-2.17,-0.35,-63
1787066324840,113688,Lumbar,stand,-0.056608,1.01016,-0.040016,-0.21,-2.38,-0.28,-63
1787066324840,113706,Lumbar,stand,-0.055632,1.007232,-0.03904,0.42,-2.66,-0.21,-63
1787066324840,113722,Lumbar,stand,-0.054656,1.01016,-0.038064,1.4,-2.52,-0.07,-63
1787066324840,113739,Lumbar,stand,-0.054168,1.014064,-0.039528,1.82,-2.66,-0.14,-63
1787066324840,113770,Lumbar,stand,-0.05612,1.016016,-0.040016,1.54,-2.94,0.07,-63
1787066324840,113787,Lumbar,stand,-0.057096,1.016016,-0.03904,1.19,-2.73,0.14,-63
1787066324840,113804,Lumbar,stand,-0.05612,1.014064,-0.040016,0.98,-2.45,0.14,-63
1787066324840,113821,Lumbar,stand,-0.058072,1.0126,-0.039528,1.05,-2.45,0.07,-63
1787066325268,113998,Lumbar,stand,-0.056608,1.011624,-0.039528,2.1,-2.31,0.35,-63
1787066325268,114030,Lumbar,stand,-0.057584,1.0126,-0.037088,2.66,-2.17,0.35,-63
1787066325268,114047,Lumbar,stand,-0.057096,1.014064,-0.0366,2.59,-2.1,0.42,-63
1787066325268,114064,Lumbar,stand,-0.058072,1.013576,-0.035136,2.52,-2.17,0.35,-63
1787066325268,114081,Lumbar,stand,-0.055144,1.014552,-0.034648,2.73,-2.73,0.42,-63
1787066325268,114112,Lumbar,stand,-0.055144,1.015528,-0.040992,2.17,-2.59,0.49,-63
1787066325268,114129,Lumbar,stand,-0.055632,1.011624,-0.039528,2.24,-2.24,0.35,-63
1787066325268,114146,Lumbar,stand,-0.05368,1.009672,-0.038552,2.73,-2.1,0.28,-63
1787066325268,114163,Lumbar,stand,-0.053192,1.011624,-0.038552,3.15,-2.52,0.42,-63
1787066325268,114180,Lumbar,stand,-0.054656,1.014552,-0.040992,3.22,-2.45,0.49,-63
1787066325552,114355,Lumbar,stand,-0.054656,1.011136,-0.040992,2.31,-1.19,0.77,-62
1787066325552,114386,Lumbar,stand,-0.054656,1.015528,-0.037576,2.31,-0.98,0.91,-62
1787066325552,114403,Lumbar,stand,-0.055144,1.01504,-0.040016,2.17,-0.63,0.84,-62
1787066325552,114420,Lumbar,stand,-0.054168,1.012112,-0.04148,2.45,-0.63,0.77,-62
1787066325552,114437,Lumbar,stand,-0.052704,1.011136,-0.040504,2.59,-0.77,0.7,-62
1787066325552,114468,Lumbar,stand,-0.055632,1.018456,-0.046848,2.66,-0.56,0.49,-62
1787066325552,114485,Lumbar,stand,-0.055632,1.016992,-0.049288,1.96,-0.84,0.49,-62
1787066325552,114502,Lumbar,stand,-0.056608,1.013576,-0.048312,1.89,-1.12,0.49,-62
1787066325552,114519,Lumbar,stand,-0.055632,1.012112,-0.045384,2.38,-1.61,0.56,-62
1787066325552,114536,Lumbar,stand,-0.05612,1.01504,-0.042944,2.87,-1.96,0.56,-62
1787066326077,114711,Lumbar,stand,-0.05612,1.013576,-0.047336,2.38,-2.17,0.56,-62
1787066326077,114742,Lumbar,stand,-0.055144,1.0126,-0.050752,2.66,-2.38,0.49,-62
1787066326077,114760,Lumbar,stand,-0.055632,1.014064,-0.050264,2.87,-2.52,0.56,-62
1787066326077,114776,Lumbar,stand,-0.05612,1.013576,-0.050264,2.8,-2.52,0.56,-62
1787066326077,114793,Lumbar,stand,-0.055144,1.012112,-0.045872,2.45,-2.45,0.49,-62
1787066326077,114824,Lumbar,stand,-0.055144,1.009672,-0.05124,3.22,-2.66,0.7,-62
1787066326077,114841,Lumbar,stand,-0.05368,1.012112,-0.056608,3.36,-3.01,0.77,-62
1787066326077,114858,Lumbar,stand,-0.052216,1.014552,-0.05856,3.36,-3.36,0.77,-62
1787066326077,114875,Lumbar,stand,-0.05368,1.016016,-0.057584,3.43,-2.87,0.84,-62
1787066326077,114892,Lumbar,stand,-0.056608,1.013088,-0.055632,3.36,-2.17,0.7,-62
1787066326281,115067,Lumbar,stand,-0.054656,1.016992,-0.058072,2.66,-2.17,0.91,-60
1787066326281,115098,Lumbar,stand,-0.05124,1.014552,-0.061976,2.03,-1.75,0.63,-60
1787066326281,115115,Lumbar,stand,-0.050752,1.00772,-0.061488,2.24,-1.68,0.63,-60
1787066326281,115132,Lumbar,stand,-0.049776,1.0126,-0.060024,2.73,-1.61,0.77,-60
1787066326281,115149,Lumbar,stand,-0.050752,1.016504,-0.05856,2.38,-1.26,0.84,-60
1787066326281,115180,Lumbar,stand,-0.055632,1.012112,-0.055144,1.89,-0.63,0.77,-60
1787066326281,115197,Lumbar,stand,-0.055632,1.0126,-0.057096,2.24,-0.91,0.7,-60
1787066326281,115214,Lumbar,stand,-0.054656,1.01504,-0.060024,2.45,-1.4,0.7,-60
1787066326281,115231,Lumbar,stand,-0.053192,1.015528,-0.061976,2.17,-1.68,0.77,-60
1787066326281,115248,Lumbar,stand,-0.051728,1.01504,-0.062952,2.03,-1.61,0.77,-60
1787066326623,115424,Lumbar,stand,-0.051728,1.014064,-0.052704,0.98,-2.94,0.28,-60
1787066326623,115455,Lumbar,stand,-0.052216,1.013576,-0.057584,0.56,-2.1,0.35,-60
1787066326623,115473,Lumbar,stand,-0.051728,1.014064,-0.05612,0.56,-2.31,0.21,-60
1787066326623,115490,Lumbar,stand,-0.05124,1.0126,-0.05612,0.42,-2.8,0.21,-60
1787066326623,115507,Lumbar,stand,-0.050264,1.009672,-0.05612,0.84,-2.73,0.21,-60
1787066326623,115538,Lumbar,stand,-0.0488,1.013088,-0.059536,1.47,-2.52,0.35,-60
1787066326623,115555,Lumbar,stand,-0.050752,1.015528,-0.060024,1.19,-2.45,0.28,-60
1787066326623,115572,Lumbar,stand,-0.051728,1.01504,-0.060024,0.63,-2.59,0.35,-60
1787066326623,115589,Lumbar,stand,-0.05124,1.012112,-0.056608,0.49,-2.66,0.35,-60
1787066326623,115605,Lumbar,stand,-0.050752,1.01016,-0.052216,0.7,-2.59,0.35,-60
1787066326980,115781,Lumbar,stand,-0.052216,1.010648,-0.05612,1.61,-1.33,0.56,-60
1787066326980,115812,Lumbar,stand,-0.052216,1.011624,-0.057584,2.1,-1.47,0.7,-60
1787066326980,115829,Lumbar,stand,-0.052704,1.014064,-0.055144,2.1,-1.75,0.63,-60
1787066326980,115847,Lumbar,stand,-0.051728,1.016016,-0.050752,1.96,-2.17,0.91,-60
1787066326980,115864,Lumbar,stand,-0.05124,1.017968,-0.052704,1.4,-1.89,0.98,-60
1787066326980,115895,Lumbar,stand,-0.051728,1.011136,-0.053192,1.19,-1.47,0.63,-60
1787066326980,115912,Lumbar,stand,-0.051728,1.006744,-0.050752,2.1,-2.45,0.84,-60
1787066326980,115929,Lumbar,stand,-0.050264,1.006256,-0.050264,2.45,-2.87,1.05,-60
1787066326980,115946,Lumbar,stand,-0.050752,1.01016,-0.055144,2.87,-2.59,1.05,-60
1787066326980,115963,Lumbar,stand,-0.05124,1.01504,-0.060512,3.15,-1.75,1.05,-60
1787066327337,116139,Lumbar,stand,-0.049776,1.016504,-0.047824,3.15,-1.96,1.19,-60
1787066327337,116170,Lumbar,stand,-0.045384,1.015528,-0.061,2.1,-1.61,0.84,-60
1787066327337,116186,Lumbar,stand,-0.044896,1.01016,-0.059536,2.45,-1.75,1.05,-60
1787066327337,116204,Lumbar,stand,-0.041968,1.011136,-0.055144,2.59,-1.47,0.84,-60
1787066327337,116221,Lumbar,stand,-0.045384,1.014552,-0.053192,2.45,-1.12,0.77,-60
1787066327337,116252,Lumbar,stand,-0.047824,1.012112,-0.061,1.61,-1.12,0.49,-60
1787066327337,116269,Lumbar,stand,-0.046848,1.009672,-0.061,2.03,-1.4,0.63,-60
1787066327337,116286,Lumbar,stand,-0.04392,1.012112,-0.062464,3.01,-2.24,0.7,-60
1787066327337,116303,Lumbar,stand,-0.045872,1.01748,-0.061,2.87,-2.38,0.63,-60
1787066327337,116320,Lumbar,stand,-0.04636,1.01504,-0.061,2.1,-1.82,0.56,-60
1787066327709,116495,Lumbar,stand,-0.044896,1.011136,-0.059048,2.03,-2.03,0.42,-68
1787066327709,116526,Lumbar,stand,-0.047336,1.014064,-0.059536,2.45,-1.96,0,-68
1787066327709,116543,Lumbar,stand,-0.047336,1.014552,-0.061488,2.31,-1.96,-0.07,-68
1787066327709,116560,Lumbar,stand,-0.04636,1.016016,-0.06344,1.89,-1.96,0,-68
1787066327709,116576,Lumbar,stand,-0.045872,1.016016,-0.06344,1.75,-2.17,0,-68
1787066327709,116607,Lumbar,stand,-0.045872,1.014064,-0.061976,1.54,-2.66,-0.21,-68
1787066327709,116624,Lumbar,stand,-0.047336,1.011136,-0.061488,1.68,-2.8,-0.07,-68
1787066327709,116640,Lumbar,stand,-0.047336,1.012112,-0.06344,1.54,-2.31,-0.07,-68
1787066327709,116657,Lumbar,stand,-0.047336,1.011624,-0.065392,1.33,-2.24,0,-68
1787066327709,116688,Lumbar,stand,-0.044408,1.016992,-0.064904,1.47,-3.22,0.14,-68
1787066328064,116863,Lumbar,stand,-0.045872,1.016992,-0.058072,1.82,-2.17,0.07,-68
1787066328064,116895,Lumbar,stand,-0.050264,1.0126,-0.065392,0.49,-2.03,0.21,-68
1787066328064,116912,Lumbar,stand,-0.050752,1.011624,-0.06344,0.7,-1.82,0.35,-68
1787066328064,116929,Lumbar,stand,-0.050752,1.010648,-0.060024,1.33,-1.75,0.42,-68
1787066328064,116946,Lumbar,stand,-0.049776,1.013088,-0.061,1.75,-1.89,0.49,-68
1787066328064,116977,Lumbar,stand,-0.048312,1.016016,-0.063928,1.47,-2.03,0.7,-68
1787066328064,116994,Lumbar,stand,-0.048312,1.0126,-0.064416,1.26,-1.68,0.7,-68
1787066328064,117011,Lumbar,stand,-0.050752,1.01016,-0.066856,1.4,-1.61,0.56,-68
1787066328064,117028,Lumbar,stand,-0.049776,1.011624,-0.06344,1.68,-2.31,0.63,-68
1787066328064,117045,Lumbar,stand,-0.049288,1.013576,-0.061976,1.75,-2.66,0.56,-68
1787066328424,117221,Lumbar,stand,-0.050264,1.014552,-0.062952,1.75,-2.66,0.28,-68
1787066328424,117253,Lumbar,stand,-0.05124,1.014552,-0.06344,1.26,-3.22,0.42,-68
1787066328424,117270,Lumbar,stand,-0.050752,1.013088,-0.06344,1.26,-3.01,0.42,-68
1787066328424,117288,Lumbar,stand,-0.050264,1.01016,-0.061,1.54,-2.66,0.35,-68
1787066328424,117305,Lumbar,stand,-0.049288,1.014064,-0.061976,1.89,-2.59,0.14,-68
1787066328424,117322,Lumbar,stand,-0.0488,1.014552,-0.061,1.61,-2.87,0.21,-68
1787066328424,117353,Lumbar,stand,-0.047336,1.015528,-0.058072,1.26,-3.08,0.28,-68
1787066328424,117370,Lumbar,stand,-0.04636,1.013576,-0.060024,1.19,-2.94,0.21,-68
1787066328424,117387,Lumbar,stand,-0.047824,1.009672,-0.061488,1.19,-2.94,0.14,-68
1787066328424,117404,Lumbar,stand,-0.050752,1.009672,-0.060512,1.33,-3.01,0.28,-68
1787066328783,117579,Lumbar,stand,-0.050264,1.013576,-0.05612,1.19,-3.43,-0.28,-58
1787066328783,117610,Lumbar,stand,-0.052216,1.014064,-0.05856,0.91,-3.64,-0.14,-58
1787066328783,117629,Lumbar,stand,-0.052216,1.013088,-0.05612,0.77,-3.15,-0.07,-58
1787066328783,117646,Lumbar,stand,-0.050264,1.014552,-0.054656,0.98,-2.59,-0.07,-58
1787066328783,117663,Lumbar,stand,-0.05124,1.01016,-0.05124,0.98,-2.73,-0.07,-58
1787066328783,117680,Lumbar,stand,-0.049776,1.01504,-0.052704,1.26,-3.22,0,-58
1787066328783,117712,Lumbar,stand,-0.055144,1.014064,-0.05856,0.49,-3.22,0.07,-58
1787066328783,117729,Lumbar,stand,-0.05612,1.013576,-0.05368,0.14,-2.94,0.21,-58
1787066328783,117746,Lumbar,stand,-0.052216,1.013088,-0.051728,0.56,-2.73,0.07,-58
1787066328783,117763,Lumbar,stand,-0.050264,1.0126,-0.052216,0.7,-2.8,0.07,-58
1787066329143,117938,Lumbar,stand,-0.0488,1.010648,-0.049776,1.33,-2.1,0,-58
1787066329143,117969,Lumbar,stand,-0.050752,1.018456,-0.052704,1.4,-2.03,0,-58
1787066329143,117986,Lumbar,stand,-0.051728,1.01748,-0.052216,0.84,-1.47,0.07,-58
1787066329143,118003,Lumbar,stand,-0.050264,1.013576,-0.05124,0.77,-1.19,0.14,-58
1787066329143,118020,Lumbar,stand,-0.05124,1.011624,-0.049288,1.05,-1.47,0.21,-58
1787066329143,118051,Lumbar,stand,-0.051728,1.014552,-0.051728,1.47,-1.68,0.21,-58
1787066329143,118068,Lumbar,stand,-0.052216,1.014064,-0.050264,1.12,-1.75,0.28,-58
1787066329143,118085,Lumbar,stand,-0.051728,1.014064,-0.047824,0.98,-1.61,0.28,-58
1787066329143,118102,Lumbar,stand,-0.051728,1.01504,-0.045872,0.91,-1.61,0.28,-58
1787066329143,118119,Lumbar,stand,-0.050752,1.013576,-0.047336,0.84,-1.68,0.21,-58
1787066329498,118293,Lumbar,stand,-0.052704,1.014064,-0.044896,0.84,-2.17,0.07,-58
1787066329498,118325,Lumbar,stand,-0.05368,1.008208,-0.047824,1.26,-2.1,0.21,-58
1787066329498,118342,Lumbar,stand,-0.05124,1.009672,-0.047824,1.89,-2.24,0.28,-58
1787066329498,118359,Lumbar,stand,-0.050752,1.011136,-0.047824,2.1,-2.31,0.28,-58
1787066329498,118376,Lumbar,stand,-0.050264,1.015528,-0.047824,2.1,-2.31,0.28,-58
1787066329498,118407,Lumbar,stand,-0.052704,1.015528,-0.046848,1.05,-1.96,0.07,-58
1787066329498,118424,Lumbar,stand,-0.051728,1.007232,-0.045384,1.33,-2.03,0.21,-58
1787066329498,118441,Lumbar,stand,-0.049288,1.009184,-0.045872,2.31,-2.66,0.28,-58
1787066329498,118458,Lumbar,stand,-0.052216,1.015528,-0.049776,2.31,-2.66,0.42,-58
1787066329498,118475,Lumbar,stand,-0.05368,1.015528,-0.049288,1.82,-1.82,0.49,-58
1787066329856,118651,Lumbar,stand,-0.05124,1.016504,-0.053192,1.68,-1.47,0.63,-58
1787066329856,118682,Lumbar,stand,-0.052216,1.013576,-0.05124,1.4,-1.12,0.35,-58
1787066329856,118700,Lumbar,stand,-0.052704,1.011624,-0.045384,1.75,-1.47,0.42,-58
1787066329856,118717,Lumbar,stand,-0.051728,1.014064,-0.044896,1.82,-1.33,0.42,-58
1787066329856,118734,Lumbar,stand,-0.052216,1.016504,-0.049288,1.4,-1.26,0.35,-58
1787066329856,118751,Lumbar,stand,-0.053192,1.015528,-0.05124,0.7,-1.33,0.35,-58
1787066329856,118782,Lumbar,stand,-0.052216,1.01016,-0.045872,1.12,-1.75,0.35,-58
1787066329856,118799,Lumbar,stand,-0.050752,1.0126,-0.04636,1.75,-2.31,0.35,-58
1787066329856,118816,Lumbar,stand,-0.050752,1.016016,-0.050264,1.75,-2.1,0.42,-58
1787066329856,118833,Lumbar,stand,-0.05368,1.015528,-0.0488,1.26,-1.68,0.42,-58
1787066330376,119009,Lumbar,stand,-0.053192,1.01504,-0.049288,1.61,-2.24,0.28,-58
1787066330376,119041,Lumbar,stand,-0.053192,1.013576,-0.05124,1.33,-2.52,0.42,-58
1787066330376,119058,Lumbar,stand,-0.054656,1.013088,-0.050752,1.54,-2.52,0.49,-58
1787066330376,119075,Lumbar,stand,-0.055144,1.014064,-0.048312,1.61,-2.59,0.49,-58
1787066330376,119092,Lumbar,stand,-0.054168,1.016992,-0.047824,1.61,-2.59,0.42,-58
1787066330376,119123,Lumbar,stand,-0.053192,1.01748,-0.048312,0.98,-2.87,0.28,-58
1787066330376,119140,Lumbar,stand,-0.053192,1.016016,-0.048312,0.91,-2.94,0.28,-58
1787066330376,119157,Lumbar,stand,-0.053192,1.016016,-0.0488,0.77,-3.08,0.35,-58
1787066330376,119174,Lumbar,stand,-0.051728,1.016504,-0.045872,0.56,-3.01,0.42,-58
1787066330376,119191,Lumbar,stand,-0.05124,1.016016,-0.045872,0.35,-2.66,0.07,-58
1787066330573,119366,Lumbar,stand,-0.054168,1.0126,-0.042456,0.63,-2.38,0.35,-61
1787066330573,119397,Lumbar,stand,-0.054168,1.014552,-0.043432,1.05,-2.24,0.14,-61
1787066330573,119414,Lumbar,stand,-0.052704,1.014064,-0.04392,1.12,-2.24,0.28,-61
1787066330573,119431,Lumbar,stand,-0.051728,1.014064,-0.04148,1.19,-2.24,0.42,-61
1787066330573,119448,Lumbar,stand,-0.051728,1.013088,-0.04148,1.19,-2.03,0.49,-61
1787066330573,119479,Lumbar,stand,-0.052704,1.014552,-0.044896,0.91,-1.33,0.28,-61
1787066330573,119496,Lumbar,stand,-0.05124,1.013576,-0.041968,1.05,-1.54,0.42,-61
1787066330573,119512,Lumbar,stand,-0.051728,1.01504,-0.042456,1.05,-1.68,0.42,-61
1787066330573,119530,Lumbar,stand,-0.054656,1.013088,-0.042456,1.05,-1.68,0.35,-61
1787066330573,119547,Lumbar,stand,-0.055632,1.013088,-0.041968,1.05,-1.75,0.42,-61
1787066330931,119723,Lumbar,stand,-0.055144,1.014552,-0.040504,2.17,-2.38,0.28,-61
1787066330931,119754,Lumbar,stand,-0.054168,1.019432,-0.04148,1.75,-2.66,0.42,-61
1787066330931,119771,Lumbar,stand,-0.054656,1.01748,-0.041968,1.26,-2.8,0.28,-61
1787066330931,119788,Lumbar,stand,-0.054656,1.013088,-0.040992,1.19,-2.94,0.28,-61
1787066330931,119805,Lumbar,stand,-0.055144,1.011624,-0.040016,1.54,-2.94,0.35,-61
1787066330931,119836,Lumbar,stand,-0.052704,1.015528,-0.040992,1.96,-2.8,0.35,-61
1787066330931,119853,Lumbar,stand,-0.052704,1.017968,-0.042944,1.82,-2.8,0.28,-61
1787066330931,119870,Lumbar,stand,-0.053192,1.017968,-0.041968,1.68,-2.94,0.28,-61
1787066330931,119887,Lumbar,stand,-0.052216,1.01748,-0.039528,1.47,-2.94,0.35,-61
1787066330931,119904,Lumbar,stand,-0.051728,1.014552,-0.038552,1.4,-2.73,0.28,-61
1787066331289,120082,Lumbar,stand,-0.052704,1.01748,-0.037088,1.19,-2.38,0,-61
1787066331289,120114,Lumbar,stand,-0.053192,1.017968,-0.039528,1.05,-2.31,-0.14,-61
1787066331289,120131,Lumbar,stand,-0.054168,1.0126,-0.040992,0.91,-2.24,-0.14,-61
1787066331289,120149,Lumbar,stand,-0.05368,1.011136,-0.039528,0.98,-2.24,-0.14,-61
1787066331289,120166,Lumbar,stand,-0.053192,1.011136,-0.038064,1.19,-1.96,-0.21,-61
1787066331289,120183,Lumbar,stand,-0.054656,1.012112,-0.037088,1.47,-2.1,-0.07,-61
1787066331289,120214,Lumbar,stand,-0.057584,1.018456,-0.038552,0.91,-2.1,-0.07,-61
1787066331289,120231,Lumbar,stand,-0.057584,1.015528,-0.040504,0.63,-2.03,-0.28,-61
1787066331289,120248,Lumbar,stand,-0.055632,1.00772,-0.038064,0.84,-2.31,-0.21,-61
1787066331289,120265,Lumbar,stand,-0.055632,1.009672,-0.032208,1.61,-2.73,-0.14,-61
1787066331707,120442,Lumbar,stand,-0.055632,1.015528,-0.040992,2.31,-1.61,-0.14,-61
1787066331707,120474,Lumbar,stand,-0.054168,1.019432,-0.039528,1.54,-2.03,0.07,-61
1787066331707,120491,Lumbar,stand,-0.05612,1.013576,-0.038064,1.33,-1.89,0.14,-61
1787066331707,120508,Lumbar,stand,-0.057584,1.010648,-0.036112,1.54,-1.75,0.14,-61
1787066331707,120525,Lumbar,stand,-0.05612,1.011136,-0.02928,1.89,-1.47,0.07,-61
1787066331707,120542,Lumbar,stand,-0.055632,1.013088,-0.03416,2.17,-0.98,-0.14,-61
1787066331707,120573,Lumbar,stand,-0.054656,1.013088,-0.037088,1.89,-1.05,0.07,-61
1787066331707,120590,Lumbar,stand,-0.055632,1.014064,-0.040504,2.03,-1.12,0.21,-61
1787066331707,120607,Lumbar,stand,-0.055144,1.013088,-0.041968,1.89,-1.47,0.14,-61
1787066331707,120625,Lumbar,stand,-0.054656,1.013088,-0.040016,2.03,-1.54,0.14,-61
1787066332008,120802,Lumbar,stand,-0.061488,1.013576,-0.040992,1.61,-1.12,0.42,-60
1787066332008,120833,Lumbar,stand,-0.05856,1.013576,-0.041968,1.47,-1.89,0.63,-60
1787066332008,120851,Lumbar,stand,-0.057096,1.0126,-0.041968,1.68,-2.03,0.7,-60
1787066332008,120868,Lumbar,stand,-0.057096,1.014064,-0.03904,1.82,-1.96,0.63,-60
1787066332008,120885,Lumbar,stand,-0.059048,1.01504,-0.037576,1.82,-1.61,0.56,-60
1787066332008,120916,Lumbar,stand,-0.058072,1.014552,-0.040504,1.68,-1.96,0.63,-60
1787066332008,120933,Lumbar,stand,-0.055632,1.012112,-0.042944,1.82,-2.1,0.56,-60
1787066332008,120949,Lumbar,stand,-0.056608,1.0126,-0.041968,1.96,-2.38,0.56,-60
1787066332008,120966,Lumbar,stand,-0.057096,1.014552,-0.040504,1.96,-2.45,0.56,-60
1787066332008,120983,Lumbar,stand,-0.05856,1.01992,-0.038064,1.82,-2.59,0.63,-60
1787066332424,121159,Lumbar,stand,-0.056608,1.010648,-0.041968,1.12,-3.71,0.14,-60
1787066332424,121191,Lumbar,stand,-0.057584,1.01016,-0.039528,1.96,-4.06,0.49,-60
1787066332424,121208,Lumbar,stand,-0.057584,1.011624,-0.04392,2.1,-3.22,0.7,-60
1787066332424,121226,Lumbar,stand,-0.055144,1.018456,-0.049776,2.1,-3.22,0.77,-60
1787066332424,121243,Lumbar,stand,-0.054168,1.013576,-0.049288,1.4,-3.71,0.84,-60
1787066332424,121260,Lumbar,stand,-0.054168,1.009184,-0.043432,1.26,-3.57,0.91,-60
1787066332424,121291,Lumbar,stand,-0.062952,1.016992,-0.034648,2.24,-3.08,0.7,-60
1787066332424,121308,Lumbar,stand,-0.062952,1.016992,-0.03904,1.68,-3.08,0.56,-60
1787066332424,121325,Lumbar,stand,-0.05856,1.013576,-0.040992,1.47,-3.01,0.49,-60
1787066332424,121342,Lumbar,stand,-0.051728,1.01016,-0.037576,1.61,-2.87,0.7,-60
1787066332726,121516,Lumbar,stand,-0.053192,1.013088,-0.044408,2.87,-2.38,1.12,-62
1787066332726,121547,Lumbar,stand,-0.052216,1.01748,-0.042456,2.8,-2.17,0.84,-62
1787066332726,121565,Lumbar,stand,-0.05368,1.016992,-0.042944,2.59,-1.82,0.84,-62
1787066332726,121582,Lumbar,stand,-0.05368,1.01504,-0.042944,2.38,-1.75,0.91,-62
1787066332726,121599,Lumbar,stand,-0.052216,1.013576,-0.042944,2.31,-1.68,0.84,-62
1787066332726,121631,Lumbar,stand,-0.053192,1.014552,-0.04392,2.1,-1.26,0.63,-62
1787066332726,121648,Lumbar,stand,-0.054168,1.0126,-0.04392,1.89,-1.26,0.7,-62
1787066332726,121665,Lumbar,stand,-0.054656,1.010648,-0.04148,2.03,-1.33,0.84,-62
1787066332726,121682,Lumbar,stand,-0.054168,1.012112,-0.04148,2.24,-1.26,0.77,-62
1787066332726,121699,Lumbar,stand,-0.052704,1.013088,-0.043432,2.03,-1.19,0.56,-62
1787066333245,121875,Lumbar,stand,-0.054168,1.014552,-0.05124,1.4,-1.61,0.56,-62
1787066333245,121907,Lumbar,stand,-0.052704,1.015528,-0.049776,1.54,-1.82,0.56,-62
1787066333245,121924,Lumbar,stand,-0.053192,1.013088,-0.049776,1.47,-2.17,0.56,-62
1787066333245,121942,Lumbar,stand,-0.05368,1.01504,-0.044408,1.61,-2.66,0.56,-62
1787066333245,121959,Lumbar,stand,-0.055632,1.014552,-0.042944,1.54,-2.45,0.49,-62
1787066333245,121976,Lumbar,stand,-0.057096,1.016504,-0.046848,1.54,-2.24,0.42,-62
1787066333245,122007,Lumbar,stand,-0.055144,1.0126,-0.055144,1.33,-2.66,0.21,-62
1787066333245,122024,Lumbar,stand,-0.054656,1.014064,-0.049776,1.47,-3.29,0.21,-62
1787066333245,122041,Lumbar,stand,-0.055144,1.016504,-0.049288,1.26,-4.2,0.42,-62
1787066333245,122058,Lumbar,stand,-0.05612,1.016504,-0.047824,0.7,-3.92,0.35,-62
1787066333440,122233,Lumbar,stand,-0.05368,1.013088,-0.04148,0.28,-3.64,0.21,-61
1787066333440,122264,Lumbar,stand,-0.05612,1.012112,-0.040016,0.63,-2.66,0,-61
1787066333440,122281,Lumbar,stand,-0.056608,1.013576,-0.04148,1.05,-2.8,-0.07,-61
1787066333440,122298,Lumbar,stand,-0.053192,1.017968,-0.047824,0.98,-3.08,-0.07,-61
1787066333440,122315,Lumbar,stand,-0.054168,1.017968,-0.048312,0.63,-3.29,0,-61
1787066333440,122346,Lumbar,stand,-0.05368,1.010648,-0.040504,0.35,-2.73,0.28,-61
1787066333440,122363,Lumbar,stand,-0.054168,1.008696,-0.039528,0.91,-2.45,0.21,-61
1787066333440,122380,Lumbar,stand,-0.053192,1.014064,-0.037576,1.4,-2.31,0,-61
1787066333440,122398,Lumbar,stand,-0.055144,1.016992,-0.042944,0.98,-2.1,-0.14,-61
1787066333440,122415,Lumbar,stand,-0.054168,1.014064,-0.04392,0.42,-2.1,0.07,-61
1787066333867,122589,Lumbar,stand,-0.058072,1.016016,-0.03416,0.77,-1.96,-0.07,-61
1787066333867,122620,Lumbar,stand,-0.055632,1.016504,-0.037088,0.42,-2.03,0,-61
1787066333867,122637,Lumbar,stand,-0.055632,1.016992,-0.03904,0,-2.03,0.07,-61
1787066333867,122654,Lumbar,stand,-0.056608,1.01504,-0.035136,-0.07,-1.82,0.21,-61
1787066333867,122671,Lumbar,stand,-0.058072,1.014552,-0.033672,0.14,-1.68,0.14,-61
1787066333867,122702,Lumbar,stand,-0.056608,1.014552,-0.036112,0.35,-2.1,0.28,-61
1787066333867,122719,Lumbar,stand,-0.055144,1.01504,-0.0366,0.28,-2.52,0.35,-61
1787066333867,122736,Lumbar,stand,-0.055632,1.016016,-0.03416,0.14,-2.87,0.35,-61
1787066333867,122753,Lumbar,stand,-0.05612,1.01504,-0.032208,0.07,-2.8,0.21,-61
1787066333867,122770,Lumbar,stand,-0.057584,1.013088,-0.033672,0.35,-2.59,0.21,-61
1787066334153,122945,Lumbar,stand,-0.060512,1.010648,-0.020496,-1.19,-2.66,0.84,-63
1787066334153,122976,Lumbar,stand,-0.054656,1.009672,-0.012688,-0.42,-3.57,0.84,-63
1787066334153,122993,Lumbar,stand,-0.052216,1.013576,-0.014152,-0.56,-3.85,0.91,-63
1787066334153,123011,Lumbar,stand,-0.050264,1.010648,-0.016592,-1.12,-3.08,0.63,-63
1787066334153,123028,Lumbar,stand,-0.050264,1.009672,-0.016592,-0.63,-2.45,0.35,-63
1787066334153,123059,Lumbar,stand,-0.048312,1.009184,-0.020008,0.91,-2.8,0.21,-63
1787066334153,123076,Lumbar,stand,-0.048312,1.0126,-0.022936,1.82,-2.45,0.28,-63
1787066334153,123093,Lumbar,stand,-0.049776,1.014552,-0.028304,1.96,-1.82,0.42,-63
1787066334153,123110,Lumbar,stand,-0.054168,1.011624,-0.03416,1.82,-1.54,0.49,-63
1787066334153,123127,Lumbar,stand,-0.05612,1.013576,-0.031232,2.03,-1.26,0.49,-63
1787066334511,123304,Lumbar,stand,-0.060024,1.017968,-0.026352,2.17,-2.8,-0.07,-63
1787066334511,123336,Lumbar,stand,-0.058072,1.013576,-0.024888,2.52,-3.57,0,-63
1787066334511,123353,Lumbar,stand,-0.060512,1.016504,-0.0244,2.59,-4.27,0,-63
1787066334511,123370,Lumbar,stand,-0.060024,1.016504,-0.026352,2.45,-3.99,0,-63
1787066334511,123387,Lumbar,stand,-0.060512,1.016992,-0.027328,2.31,-3.92,-0.07,-63
1787066334511,123417,Lumbar,stand,-0.05856,1.011624,-0.025376,2.38,-4.34,-0.21,-63
1787066334511,123434,Lumbar,stand,-0.058072,1.010648,-0.023424,3.08,-4.13,-0.28,-63
1787066334511,123451,Lumbar,stand,-0.05856,1.014552,-0.024888,3.29,-3.92,-0.42,-63
1787066334511,123468,Lumbar,stand,-0.057584,1.017968,-0.025864,3.15,-3.78,-0.49,-63
1787066334511,123485,Lumbar,stand,-0.05612,1.01748,-0.030256,3.08,-3.57,-0.35,-63
1787066334869,123662,Lumbar,stand,-0.057096,1.016992,-0.032696,2.03,-2.8,0.28,-63
1787066334869,123693,Lumbar,stand,-0.05856,1.013576,-0.03172,2.1,-2.73,0.28,-63
1787066334869,123710,Lumbar,stand,-0.059048,1.015528,-0.03172,2.17,-2.8,0.49,-63
1787066334869,123727,Lumbar,stand,-0.05856,1.016504,-0.032696,1.75,-1.82,0.56,-63
1787066334869,123744,Lumbar,stand,-0.05856,1.014064,-0.032696,1.89,-1.47,0.35,-63
1787066334869,123775,Lumbar,stand,-0.060024,1.0126,-0.030256,3.15,-2.38,0.49,-63
1787066334869,123792,Lumbar,stand,-0.061,1.016016,-0.02928,3.22,-2.45,0.49,-63
1787066334869,123809,Lumbar,stand,-0.061488,1.018456,-0.033184,2.87,-1.75,0.49,-63
1787066334869,123826,Lumbar,stand,-0.062464,1.016504,-0.038064,2.45,-1.12,0.56,-63
1787066334869,123843,Lumbar,stand,-0.061976,1.0126,-0.040504,2.45,-1.05,0.63,-63
1787066335296,124018,Lumbar,stand,-0.059536,1.013576,-0.039528,2.1,-0.77,0.98,-63
1787066335296,124050,Lumbar,stand,-0.059536,1.014552,-0.040016,1.4,-1.19,0.84,-63
1787066335296,124067,Lumbar,stand,-0.060512,1.014064,-0.037088,1.47,-1.19,0.91,-63
1787066335296,124084,Lumbar,stand,-0.061488,1.014064,-0.036112,1.54,-1.05,0.84,-63
1787066335296,124101,Lumbar,stand,-0.060024,1.011624,-0.03904,1.61,-1.26,0.84,-63
1787066335296,124132,Lumbar,stand,-0.059536,1.014552,-0.038552,2.17,-1.82,0.77,-63
1787066335296,124149,Lumbar,stand,-0.056608,1.019432,-0.038552,2.31,-1.96,0.77,-63
1787066335296,124166,Lumbar,stand,-0.055144,1.01992,-0.039528,1.68,-2.24,0.7,-63
1787066335296,124183,Lumbar,stand,-0.05612,1.01748,-0.03904,1.19,-2.17,0.91,-63
1787066335296,124200,Lumbar,stand,-0.058072,1.016504,-0.040992,1.12,-1.82,0.77,-63
1787066335584,124374,Lumbar,stand,-0.054168,1.014064,-0.03416,0,-3.43,0.42,-64
1787066335584,124405,Lumbar,stand,-0.054656,1.0126,-0.035136,0.56,-3.57,0.49,-64
1787066335584,124423,Lumbar,stand,-0.055144,1.013088,-0.033184,0.63,-3.64,0.56,-64
1787066335584,124440,Lumbar,stand,-0.05368,1.016504,-0.033672,0.7,-3.36,0.56,-64
1787066335584,124457,Lumbar,stand,-0.054168,1.018944,-0.03172,0.56,-3.29,0.42,-64
1787066335584,124488,Lumbar,stand,-0.053192,1.018456,-0.032208,-0.14,-2.87,0.21,-64
1787066335584,124505,Lumbar,stand,-0.05368,1.013576,-0.030256,-0.42,-3.01,0.28,-64
1787066335584,124522,Lumbar,stand,-0.052216,1.012112,-0.026352,0.28,-2.66,0.21,-64
1787066335584,124539,Lumbar,stand,-0.051728,1.014064,-0.026352,0.7,-2.1,0,-64
1787066335584,124556,Lumbar,stand,-0.05124,1.019432,-0.025864,0.63,-1.96,0,-64
1787066335942,124733,Lumbar,stand,-0.051728,1.016992,-0.03172,0.84,-1.47,0.14,-66
1787066335942,124765,Lumbar,stand,-0.05368,1.0126,-0.022936,1.26,-1.82,0.07,-66
1787066335942,124782,Lumbar,stand,-0.05612,1.016992,-0.02196,1.4,-1.82,0.21,-66
1787066335942,124799,Lumbar,stand,-0.058072,1.016504,-0.026352,1.05,-1.54,0.28,-66
1787066335942,124816,Lumbar,stand,-0.057096,1.01504,-0.023912,1.05,-1.26,0.35,-66
1787066335942,124847,Lumbar,stand,-0.054656,1.0126,-0.020008,1.54,-1.68,-0.14,-66
1787066335942,124864,Lumbar,stand,-0.054656,1.020896,-0.022936,1.89,-1.68,-0.28,-66
1787066335942,124881,Lumbar,stand,-0.054656,1.017968,-0.027816,0.91,-1.54,0,-66
1787066335942,124898,Lumbar,stand,-0.054656,1.01504,-0.024888,0.49,-1.05,0.28,-66
1787066335942,124915,Lumbar,stand,-0.058072,1.013088,-0.02196,0.91,-0.77,0.35,-66
1787066336296,125091,Lumbar,stand,-0.054168,1.013576,-0.025376,2.38,-0.98,0.21,-66
1787066336296,125122,Lumbar,stand,-0.054656,1.011624,-0.028792,3.01,-1.26,0.28,-66
1787066336296,125139,Lumbar,stand,-0.055144,1.0126,-0.030256,3.5,-1.05,0.28,-66
1787066336296,125157,Lumbar,stand,-0.055144,1.01748,-0.030256,3.64,-0.91,0.35,-66
1787066336296,125174,Lumbar,stand,-0.055632,1.018456,-0.032208,2.94,-0.56,0.28,-66
1787066336296,125205,Lumbar,stand,-0.056608,1.0126,-0.030256,2.73,-0.84,0.63,-66
1787066336296,125222,Lumbar,stand,-0.056608,1.015528,-0.027328,3.15,-1.05,0.49,-66
1787066336296,125239,Lumbar,stand,-0.05612,1.014552,-0.028304,3.15,-0.98,0.42,-66
1787066336296,125256,Lumbar,stand,-0.054656,1.0126,-0.032208,3.22,-1.12,0.56,-66
1787066336296,125273,Lumbar,stand,-0.054656,1.016504,-0.033184,3.29,-1.47,0.77,-66
1787066336708,125497,Lumbar,stand,-0.055632,1.016016,-0.035624,1.82,-1.75,0.98,-66
1787066336708,125528,Lumbar,stand,-0.055632,1.011136,-0.0366,2.24,-2.17,1.12,-66
1787066336708,125545,Lumbar,stand,-0.055632,1.011624,-0.036112,2.24,-2.66,1.19,-66
1787066336708,125562,Lumbar,stand,-0.055632,1.01504,-0.035624,2.59,-3.15,1.26,-66
1787066336708,125579,Lumbar,stand,-0.055144,1.018456,-0.035136,2.45,-3.5,1.54,-66
1787066336708,125610,Lumbar,stand,-0.055144,1.013576,-0.037576,1.33,-2.73,1.47,-66
1787066336708,125627,Lumbar,stand,-0.05368,1.009672,-0.03416,1.75,-3.15,1.26,-66
1787066336708,125644,Lumbar,stand,-0.05124,1.011136,-0.032696,2.31,-3.5,0.84,-66
1787066336708,125661,Lumbar,stand,-0.0488,1.013088,-0.033672,2.94,-3.43,0.77,-66
1787066336708,125678,Lumbar,stand,-0.043432,1.01504,-0.035136,2.94,-2.59,0.42,-66
1787066337063,125854,Lumbar,stand,-0.062952,1.013088,-0.040016,2.94,-0.98,0,-62
1787066337063,125885,Lumbar,stand,-0.077592,1.018944,-0.047824,3.29,-3.36,0.14,-62
1787066337063,125902,Lumbar,stand,-0.083448,1.018456,-0.045384,2.45,-5.39,0.56,-62
1787066337063,125919,Lumbar,stand,-0.082472,1.01504,-0.040992,2.1,-6.23,1.12,-62
1787066337063,125936,Lumbar,stand,-0.077104,1.014552,-0.038064,2.24,-6.3,1.19,-62
1787066337063,125967,Lumbar,stand,-0.061,1.01504,-0.047336,2.03,-6.44,0.7,-62
1787066337063,125984,Lumbar,stand,-0.054168,1.016504,-0.047824,1.96,-6.79,0.63,-62
1787066337063,126001,Lumbar,stand,-0.048312,1.013088,-0.046848,1.96,-7.56,0.84,-62
1787066337063,126018,Lumbar,stand,-0.040504,1.009672,-0.044896,2.38,-7.7,0.98,-62
1787066337063,126035,Lumbar,stand,-0.036112,1.010648,-0.042456,3.15,-6.86,0.91,-62
1787066337435,126211,Lumbar,stand,-0.054168,1.017968,-0.03904,2.87,0.49,-0.49,-62
1787066337435,126241,Lumbar,stand,-0.057584,1.016016,-0.049776,1.96,-0.35,-0.28,-62
1787066337435,126259,Lumbar,stand,-0.057096,1.015528,-0.047824,1.82,-0.91,0.07,-62
1787066337435,126276,Lumbar,stand,-0.057096,1.015528,-0.047336,2.03,-1.19,0.07,-62
1787066337435,126292,Lumbar,stand,-0.057584,1.01748,-0.050752,2.24,-1.61,0.14,-62
1787066337435,126323,Lumbar,stand,-0.05612,1.018456,-0.05368,1.54,-1.19,0.21,-62
1787066337435,126340,Lumbar,stand,-0.05124,1.016992,-0.047824,1.26,-1.26,0.56,-62
1787066337435,126357,Lumbar,stand,-0.046848,1.018944,-0.044408,1.05,-1.12,0.7,-62
1787066337435,126374,Lumbar,stand,-0.050264,1.01992,-0.040504,0.84,-0.98,0.77,-62
1787066337435,126404,Lumbar,stand,-0.055632,1.009184,-0.04148,0.42,-0.35,0.84,-62
1787066337793,126580,Lumbar,stand,-0.056608,1.009672,-0.047336,1.54,-3.29,0.63,-62
1787066337793,126612,Lumbar,stand,-0.05124,1.008208,-0.043432,2.1,-3.43,0.14,-62
1787066337793,126629,Lumbar,stand,-0.050264,1.009184,-0.04392,2.17,-3.57,0.14,-62
1787066337793,126647,Lumbar,stand,-0.049776,1.015528,-0.042944,2.24,-4.2,-0.07,-62
1787066337793,126664,Lumbar,stand,-0.051728,1.024312,-0.043432,2.03,-4.13,-0.28,-62
1787066337793,126681,Lumbar,stand,-0.051728,1.01992,-0.05368,0.98,-3.5,-0.42,-62
1787066337793,126712,Lumbar,stand,-0.052216,1.013576,-0.055144,0.35,-3.22,-0.63,-62
1787066337793,126729,Lumbar,stand,-0.050264,1.013088,-0.04148,0.63,-3.15,-0.91,-62
1787066337793,126746,Lumbar,stand,-0.052216,1.013088,-0.040992,1.05,-3.36,-0.91,-62
1787066337793,126763,Lumbar,stand,-0.049776,1.0126,-0.046848,0.84,-3.64,-0.49,-62
1787066338151,126940,Lumbar,stand,-0.046848,1.013576,-0.040016,2.03,-0.77,0.63,-60
1787066338151,126971,Lumbar,stand,-0.054656,1.016504,-0.047336,2.1,0,0.42,-60
1787066338151,126988,Lumbar,stand,-0.058072,1.017968,-0.05124,1.96,0,0.49,-60
1787066338151,127005,Lumbar,stand,-0.060024,1.018456,-0.052704,1.82,-0.42,0.56,-60
1787066338151,127022,Lumbar,stand,-0.055144,1.01504,-0.052704,1.61,-1.54,0.56,-60
1787066338151,127053,Lumbar,stand,-0.052704,1.014552,-0.044896,1.96,-1.33,0.35,-60
1787066338151,127070,Lumbar,stand,-0.055632,1.017968,-0.043432,1.96,-1.19,0.28,-60
1787066338151,127087,Lumbar,stand,-0.057584,1.016992,-0.044896,1.33,-1.47,0.21,-60
1787066338151,127104,Lumbar,stand,-0.058072,1.013088,-0.044408,0.91,-2.1,0.21,-60
1787066338151,127121,Lumbar,stand,-0.059048,1.016016,-0.03904,1.19,-2.59,0,-60
1787066338508,127296,Lumbar,stand,-0.062464,1.014552,-0.044408,0.63,-2.8,-0.28,-60
1787066338508,127327,Lumbar,stand,-0.061,1.014064,-0.044408,0.63,-3.36,-0.49,-60
1787066338508,127344,Lumbar,stand,-0.060024,1.01016,-0.03904,0.77,-3.29,-0.49,-60
1787066338508,127361,Lumbar,stand,-0.057096,1.014064,-0.037088,1.05,-3.01,-0.35,-60
1787066338508,127378,Lumbar,stand,-0.05856,1.015528,-0.038552,0.7,-2.8,-0.63,-60
1787066338508,127409,Lumbar,stand,-0.062952,1.015528,-0.04148,0.28,-2.8,-0.49,-60
1787066338508,127426,Lumbar,stand,-0.061,1.0126,-0.037576,0.28,-2.66,-0.56,-60
1787066338508,127443,Lumbar,stand,-0.061,1.00772,-0.03172,0.91,-2.8,-0.56,-60
1787066338508,127460,Lumbar,stand,-0.060512,1.009672,-0.032696,1.4,-3.22,-0.49,-60
1787066338508,127477,Lumbar,stand,-0.060512,1.01504,-0.037088,1.33,-3.15,-0.28,-60
1787066338880,127653,Lumbar,stand,-0.062464,1.016504,-0.035624,1.47,-1.4,-0.21,-60
1787066338880,127684,Lumbar,stand,-0.064904,1.011624,-0.037576,0.98,-0.91,0.07,-60
1787066338880,127701,Lumbar,stand,-0.062952,1.009184,-0.033184,1.54,-0.42,0.14,-60
1787066338880,127718,Lumbar,stand,-0.065392,1.010648,-0.033184,1.96,-0.49,0,-60
1787066338880,127735,Lumbar,stand,-0.064416,1.0126,-0.034648,2.45,-0.91,0.28,-60
1787066338880,127765,Lumbar,stand,-0.066856,1.016992,-0.036112,2.03,-0.63,0.49,-60
1787066338880,127782,Lumbar,stand,-0.06588,1.013576,-0.035624,1.96,-0.91,0.49,-60
1787066338880,127799,Lumbar,stand,-0.065392,1.013088,-0.037576,2.03,-1.05,0.35,-60
1787066338880,127816,Lumbar,stand,-0.061976,1.013088,-0.032696,1.96,-1.26,0.28,-60
1787066338880,127847,Lumbar,stand,-0.062464,1.016016,-0.027328,2.73,-0.77,0.56,-60
1787066339235,128024,Lumbar,stand,-0.059536,1.0126,-0.040504,0.98,-1.54,1.54,-60
1787066339235,128055,Lumbar,stand,-0.061,1.016504,-0.033184,0.91,-1.75,1.4,-60
1787066339235,128072,Lumbar,stand,-0.060512,1.016504,-0.032696,0.63,-1.82,1.4,-60
1787066339235,128089,Lumbar,stand,-0.058072,1.016016,-0.03416,0.77,-1.89,1.54,-60
1787066339235,128106,Lumbar,stand,-0.056608,1.008208,-0.0366,0.91,-1.89,1.47,-60
1787066339235,128136,Lumbar,stand,-0.057096,1.012112,-0.030256,1.96,-1.96,1.33,-60
1787066339235,128153,Lumbar,stand,-0.053192,1.01748,-0.02928,1.96,-1.75,1.05,-60
1787066339235,128170,Lumbar,stand,-0.054656,1.016016,-0.035136,1.61,-1.4,1.26,-60
1787066339235,128187,Lumbar,stand,-0.054656,1.01504,-0.037088,1.33,-1.61,1.33,-60
1787066339235,128204,Lumbar,stand,-0.055632,1.010648,-0.035624,1.4,-1.89,1.33,-60
1787066339594,128380,Lumbar,stand,-0.051728,1.01016,-0.040016,3.22,-0.49,0.84,-60
1787066339594,128412,Lumbar,stand,-0.05368,1.018456,-0.038552,3.08,-0.07,0.7,-60
1787066339594,128429,Lumbar,stand,-0.055632,1.017968,-0.040504,2.52,0,0.7,-60
1787066339594,128446,Lumbar,stand,-0.056608,1.016992,-0.039528,2.24,0.21,0.56,-60
1787066339594,128463,Lumbar,stand,-0.055632,1.01504,-0.040992,2.38,-0.07,0.49,-60
1787066339594,128494,Lumbar,stand,-0.053192,1.016016,-0.03904,2.31,-0.49,0.7,-60
1787066339594,128511,Lumbar,stand,-0.05368,1.016016,-0.0366,1.96,-0.42,0.91,-60
1787066339594,128528,Lumbar,stand,-0.052216,1.015528,-0.037576,1.61,0,0.63,-60
1787066339594,128545,Lumbar,stand,-0.047336,1.0126,-0.036112,1.75,0,0.63,-60
1787066339594,128562,Lumbar,stand,-0.045872,1.013088,-0.037576,2.03,-0.28,0.63,-60
1787066339952,128738,Lumbar,stand,-0.052704,1.01504,-0.040016,1.47,-0.56,0.07,-57
1787066339952,128770,Lumbar,stand,-0.055144,1.016016,-0.043432,1.19,-0.98,-0.07,-57
1787066339952,128787,Lumbar,stand,-0.05368,1.013088,-0.040992,1.19,-1.26,0,-57
1787066339952,128804,Lumbar,stand,-0.054168,1.014064,-0.040992,1.61,-1.47,0.07,-57
1787066339952,128821,Lumbar,stand,-0.054656,1.016016,-0.041968,1.47,-1.82,0.14,-57
1787066339952,128852,Lumbar,stand,-0.05612,1.015528,-0.042456,1.19,-1.96,0.28,-57
1787066339952,128869,Lumbar,stand,-0.05612,1.014064,-0.03904,0.91,-2.38,0.14,-57
1787066339952,128886,Lumbar,stand,-0.056608,1.013576,-0.0366,0.98,-2.66,-0.07,-57
1787066339952,128903,Lumbar,stand,-0.05612,1.011136,-0.0366,1.26,-2.87,0.07,-57
1787066339952,128920,Lumbar,stand,-0.055144,1.011624,-0.037576,1.26,-2.38,0.28,-57
1787066340310,129096,Lumbar,stand,-0.054168,1.018456,-0.04148,1.89,-2.8,0.49,-57
1787066340310,129127,Lumbar,stand,-0.056608,1.009184,-0.04148,1.54,-2.1,0.7,-57
1787066340310,129145,Lumbar,stand,-0.05368,1.00772,-0.042944,2.24,-1.96,0.7,-57
1787066340310,129162,Lumbar,stand,-0.052704,1.011624,-0.044896,3.15,-2.24,0.7,-57
1787066340310,129179,Lumbar,stand,-0.050752,1.01504,-0.044896,3.22,-2.1,0.63,-57
1787066340310,129196,Lumbar,stand,-0.050264,1.01748,-0.043432,3.01,-1.82,0.63,-57
1787066340310,129227,Lumbar,stand,-0.052216,1.011136,-0.04392,2.66,-1.26,0.91,-57
1787066340310,129244,Lumbar,stand,-0.051728,1.013088,-0.04392,2.94,-1.33,0.77,-57
1787066340310,129261,Lumbar,stand,-0.05368,1.015528,-0.044896,2.94,-1.19,0.7,-57
1787066340310,129278,Lumbar,stand,-0.052704,1.014064,-0.045872,2.52,-1.26,0.77,-57
1787066340667,129455,Lumbar,stand,-0.05124,1.013576,-0.043432,2.38,-0.35,0.56,-57
1787066340667,129486,Lumbar,stand,-0.05124,1.01504,-0.046848,2.31,-0.84,0.56,-57
1787066340667,129503,Lumbar,stand,-0.054656,1.017968,-0.0488,2.03,-0.98,0.63,-57
1787066340667,129520,Lumbar,stand,-0.055632,1.01748,-0.04636,1.4,-0.84,0.49,-57
1787066340667,129537,Lumbar,stand,-0.057096,1.014552,-0.04636,1.26,-0.84,0.42,-57
1787066340667,129568,Lumbar,stand,-0.052216,1.014064,-0.045384,1.12,-1.12,0.35,-57
1787066340667,129585,Lumbar,stand,-0.050752,1.016016,-0.043432,1.33,-1.47,0.42,-57
1787066340667,129602,Lumbar,stand,-0.051728,1.019432,-0.045872,0.77,-1.61,0.42,-57
1787066340667,129619,Lumbar,stand,-0.052704,1.016016,-0.047824,0.56,-1.47,0.28,-57
1787066340667,129636,Lumbar,stand,-0.051728,1.01016,-0.051728,0.84,-1.61,0.07,-57
1787066341025,129812,Lumbar,stand,-0.053192,1.013576,-0.044408,0.28,-2.31,0.21,-57
1787066341025,129843,Lumbar,stand,-0.05368,1.010648,-0.044408,0.91,-2.24,0.14,-57
1787066341025,129860,Lumbar,stand,-0.05368,1.013088,-0.045872,1.05,-2.66,0.14,-57
1787066341025,129877,Lumbar,stand,-0.051728,1.015528,-0.045872,0.98,-2.8,0.28,-57
1787066341025,129894,Lumbar,stand,-0.050264,1.014552,-0.04392,0.77,-2.45,0.07,-57
1787066341025,129925,Lumbar,stand,-0.052704,1.011136,-0.03904,0.91,-1.75,0.14,-57
1787066341025,129942,Lumbar,stand,-0.05368,1.011136,-0.04392,0.84,-1.75,0.07,-57
1787066341025,129959,Lumbar,stand,-0.052216,1.0126,-0.046848,0.98,-2.24,0.14,-57
1787066341025,129976,Lumbar,stand,-0.052216,1.012112,-0.046848,1.19,-2.31,0.21,-57
1787066341025,129993,Lumbar,stand,-0.052216,1.012112,-0.042456,1.47,-2.38,0.28,-57
1787066341433,130168,Lumbar,stand,-0.053192,1.01504,-0.041968,1.89,-1.4,0.21,-56
1787066341433,130199,Lumbar,stand,-0.054656,1.016992,-0.041968,1.61,-1.4,0.07,-56
1787066341433,130216,Lumbar,stand,-0.055632,1.016504,-0.042456,1.19,-1.47,0.07,-56
1787066341433,130233,Lumbar,stand,-0.055144,1.0126,-0.040992,0.98,-1.61,0,-56
1787066341433,130250,Lumbar,stand,-0.055632,1.01504,-0.04148,1.05,-1.96,0.14,-56
1787066341433,130281,Lumbar,stand,-0.054656,1.016504,-0.040016,0.91,-1.75,0.07,-56
1787066341433,130298,Lumbar,stand,-0.054168,1.016992,-0.040504,0.84,-1.61,0.07,-56
1787066341433,130315,Lumbar,stand,-0.055144,1.01504,-0.037576,0.28,-1.4,0.21,-56
1787066341433,130332,Lumbar,stand,-0.055144,1.013088,-0.038064,0.28,-1.05,0.14,-56
1787066341433,130349,Lumbar,stand,-0.05612,1.011624,-0.038552,0.56,-1.05,0.07,-56
1787066341741,130524,Lumbar,stand,-0.054168,1.011136,-0.04392,0.91,-0.77,0.42,-59
1787066341741,130555,Lumbar,stand,-0.057584,1.016992,-0.03904,1.47,-1.47,0.63,-59
1787066341741,130573,Lumbar,stand,-0.059048,1.01748,-0.040016,0.7,-1.33,0.77,-59
1787066341741,130591,Lumbar,stand,-0.057096,1.014064,-0.040016,0.42,-1.12,0.98,-59
1787066341741,130608,Lumbar,stand,-0.05612,1.01504,-0.040504,0.7,-0.91,1.05,-59
1787066341741,130625,Lumbar,stand,-0.055144,1.01504,-0.042456,0.7,-0.91,0.91,-59
1787066341741,130657,Lumbar,stand,-0.052704,1.016504,-0.044896,0.35,-0.84,0.91,-59
1787066341741,130674,Lumbar,stand,-0.051728,1.01016,-0.040016,0.28,-0.56,0.91,-59
1787066341741,130691,Lumbar,stand,-0.051728,1.008696,-0.039528,0.63,-0.14,0.84,-59
1787066341741,130708,Lumbar,stand,-0.051728,1.007232,-0.0366,1.26,-0.21,0.91,-59
1787066342354,130884,Lumbar,stand,-0.05368,1.014064,-0.035624,1.19,-0.42,0.98,-59
1787066342354,130915,Lumbar,stand,-0.050752,1.014552,-0.035624,1.4,-1.19,0.84,-59
1787066342354,130932,Lumbar,stand,-0.051728,1.01504,-0.036112,1.33,-1.26,0.77,-59
1787066342354,130949,Lumbar,stand,-0.050264,1.016016,-0.037088,1.33,-1.4,0.7,-59
1787066342354,130966,Lumbar,stand,-0.049776,1.016504,-0.037088,1.12,-1.47,0.63,-59
1787066342354,130997,Lumbar,stand,-0.051728,1.0126,-0.037576,1.47,-1.4,0.56,-59
1787066342354,131013,Lumbar,stand,-0.052216,1.0126,-0.038064,1.68,-1.75,0.63,-59
1787066342354,131030,Lumbar,stand,-0.052216,1.0126,-0.038064,1.82,-2.03,0.91,-59
1787066342354,131047,Lumbar,stand,-0.052216,1.01016,-0.0366,2.03,-2.31,1.19,-59
1787066342354,131064,Lumbar,stand,-0.05368,1.011624,-0.033672,2.31,-2.24,1.4,-59
1787066342458,131238,Lumbar,stand,-0.044896,1.0126,-0.037576,2.45,-3.57,2.03,-65
1787066342458,131269,Lumbar,stand,-0.04636,1.01504,-0.031232,3.15,-2.73,1.68,-65
1787066342458,131286,Lumbar,stand,-0.045384,1.01748,-0.031232,3.22,-2.8,1.54,-65
1787066342458,131303,Lumbar,stand,-0.041968,1.02236,-0.037576,2.87,-3.01,1.47,-65
1787066342458,131320,Lumbar,stand,-0.040016,1.018456,-0.042944,1.68,-3.36,1.4,-65
1787066342458,131351,Lumbar,stand,-0.04148,1.009672,-0.03904,1.75,-2.59,1.47,-65
1787066342458,131368,Lumbar,stand,-0.043432,1.0126,-0.035136,2.59,-1.82,1.12,-65
1787066342458,131385,Lumbar,stand,-0.042456,1.015528,-0.035136,2.87,-1.82,1.12,-65
1787066342458,131403,Lumbar,stand,-0.04148,1.016016,-0.038064,2.73,-2.17,1.19,-65
1787066342458,131420,Lumbar,stand,-0.040992,1.01504,-0.03904,2.52,-1.75,1.12,-65
1787066342808,131594,Lumbar,stand,-0.040992,1.016504,-0.041968,1.96,-1.47,1.47,-61
1787066342808,131625,Lumbar,stand,-0.04148,1.012112,-0.038064,2.24,-1.33,1.19,-61
1787066342808,131642,Lumbar,stand,-0.04148,1.014064,-0.040992,2.45,-1.61,1.19,-61
1787066342808,131659,Lumbar,stand,-0.04148,1.016504,-0.045384,2.1,-1.75,1.05,-61
1787066342808,131676,Lumbar,stand,-0.04392,1.012112,-0.045872,2.24,-1.75,1.12,-61
1787066342808,131707,Lumbar,stand,-0.04148,1.0126,-0.040992,2.66,-1.96,1.05,-61
1787066342808,131724,Lumbar,stand,-0.040992,1.014552,-0.040992,2.94,-2.24,0.91,-61
1787066342808,131741,Lumbar,stand,-0.040992,1.01504,-0.040992,2.73,-2.52,1.05,-61
1787066342808,131758,Lumbar,stand,-0.044408,1.016016,-0.042944,2.52,-2.66,1.05,-61
1787066342808,131775,Lumbar,stand,-0.047336,1.015528,-0.04392,2.31,-2.8,1.26,-61
1787066343170,131951,Lumbar,stand,-0.031232,1.013088,-0.048312,2.03,-3.78,1.19,-61
1787066343170,131981,Lumbar,stand,-0.03172,1.015528,-0.046848,1.82,-2.94,0.91,-61
1787066343170,131999,Lumbar,stand,-0.032208,1.013088,-0.046848,1.75,-2.59,0.84,-61
1787066343170,132015,Lumbar,stand,-0.03172,1.014064,-0.04392,1.89,-2.38,0.77,-61
1787066343170,132032,Lumbar,stand,-0.031232,1.014552,-0.040992,1.96,-2.31,0.49,-61
1787066343170,132063,Lumbar,stand,-0.032208,1.013088,-0.04636,2.1,-1.75,0.21,-61
1787066343170,132080,Lumbar,stand,-0.030744,1.013576,-0.045872,2.17,-1.54,-0.07,-61
1787066343170,132097,Lumbar,stand,-0.029768,1.014064,-0.042456,2.17,-1.61,-0.21,-61
1787066343170,132114,Lumbar,stand,-0.030744,1.014064,-0.040992,1.96,-1.96,-0.42,-61
1787066343170,132131,Lumbar,stand,-0.032208,1.014064,-0.043432,2.24,-1.4,-0.7,-61
1787066343527,132309,Lumbar,stand,-0.045384,1.016504,-0.055144,1.68,-0.28,-0.63,-61
1787066343527,132341,Lumbar,stand,-0.050264,1.01748,-0.053192,1.61,-0.28,-0.35,-61
1787066343527,132358,Lumbar,stand,-0.050264,1.014552,-0.05368,1.61,-0.98,-0.14,-61
1787066343527,132375,Lumbar,stand,-0.052704,1.01504,-0.054168,1.82,-1.75,0,-61
1787066343527,132392,Lumbar,stand,-0.051728,1.01504,-0.054656,1.82,-2.38,0.28,-61
1787066343527,132423,Lumbar,stand,-0.045872,1.010648,-0.052704,1.89,-3.22,0.56,-61
1787066343527,132440,Lumbar,stand,-0.044408,1.01016,-0.052704,2.24,-3.5,0.7,-61
1787066343527,132457,Lumbar,stand,-0.04392,1.013088,-0.05368,2.38,-3.36,0.7,-61
1787066343527,132474,Lumbar,stand,-0.04392,1.014064,-0.054656,2.03,-3.01,0.77,-61
1787066343527,132491,Lumbar,stand,-0.04392,1.016992,-0.053192,1.82,-2.8,0.7,-61
1787066343886,132668,Lumbar,stand,-0.041968,1.0126,-0.052704,0.91,-2.31,-0.42,-57
1787066343886,132699,Lumbar,stand,-0.042944,1.015528,-0.050752,1.12,-1.96,-0.21,-57
1787066343886,132716,Lumbar,stand,-0.04392,1.016016,-0.052704,1.19,-1.47,-0.28,-57
1787066343886,132734,Lumbar,stand,-0.045872,1.011624,-0.051728,0.98,-1.4,-0.28,-57
1787066343886,132751,Lumbar,stand,-0.044408,1.009672,-0.050752,1.05,-1.61,-0.14,-57
1787066343886,132782,Lumbar,stand,-0.044408,1.014064,-0.048312,1.68,-1.68,-0.14,-57
1787066343886,132799,Lumbar,stand,-0.043432,1.014552,-0.049776,1.61,-1.75,0,-57
1787066343886,132816,Lumbar,stand,-0.04148,1.012112,-0.050264,1.33,-1.82,0.14,-57
1787066343886,132832,Lumbar,stand,-0.04148,1.010648,-0.050264,1.47,-1.54,0.07,-57
1787066343886,132849,Lumbar,stand,-0.040504,1.010648,-0.05124,2.17,-1.33,0,-57
1787066344245,133025,Lumbar,stand,-0.045384,1.014064,-0.055632,2.03,-1.33,0.14,-57
1787066344245,133057,Lumbar,stand,-0.045384,1.016992,-0.056608,2.17,-1.96,0.28,-57
1787066344245,133074,Lumbar,stand,-0.04636,1.013576,-0.05856,1.75,-1.89,0.21,-57
1787066344245,133092,Lumbar,stand,-0.046848,1.011624,-0.053192,1.89,-1.61,0.14,-57
1787066344245,133109,Lumbar,stand,-0.047336,1.008696,-0.052704,2.24,-1.82,0.14,-57
1787066344245,133126,Lumbar,stand,-0.046848,1.013088,-0.053192,2.87,-2.59,0.21,-57
1787066344245,133157,Lumbar,stand,-0.048312,1.013088,-0.05612,2.45,-2.59,0.63,-57
1787066344245,133174,Lumbar,stand,-0.048312,1.016016,-0.054168,2.45,-2.03,0.56,-57
1787066344245,133191,Lumbar,stand,-0.046848,1.0126,-0.055632,2.38,-2.17,0.49,-57
1787066344245,133208,Lumbar,stand,-0.045872,1.008208,-0.052704,2.52,-2.52,0.35,-57
1787066344605,133384,Lumbar,stand,-0.04392,1.012112,-0.059048,2.31,-2.03,0.56,-57
1787066344605,133416,Lumbar,stand,-0.043432,1.015528,-0.057096,2.38,-1.89,0.56,-57
1787066344605,133433,Lumbar,stand,-0.04392,1.01504,-0.060512,1.89,-1.82,0.49,-57
1787066344605,133451,Lumbar,stand,-0.04392,1.012112,-0.061488,1.96,-1.82,0.56,-57
1787066344605,133468,Lumbar,stand,-0.04392,1.01016,-0.060024,2.24,-1.96,0.56,-57
1787066344605,133485,Lumbar,stand,-0.04148,1.013088,-0.060512,2.73,-2.31,0.42,-57
1787066344605,133516,Lumbar,stand,-0.04392,1.012112,-0.061488,2.24,-2.24,0.42,-57
1787066344605,133533,Lumbar,stand,-0.044408,1.0126,-0.060024,2.31,-1.68,0.42,-57
1787066344605,133550,Lumbar,stand,-0.045384,1.013576,-0.061488,2.59,-1.26,0.42,-57
1787066344605,133567,Lumbar,stand,-0.044896,1.014552,-0.062952,2.66,-1.4,0.49,-57
1787066344963,133743,Lumbar,stand,-0.045384,1.01504,-0.063928,2.66,-1.96,0.63,-57
1787066344963,133774,Lumbar,stand,-0.04636,1.013576,-0.061976,1.96,-2.1,0.42,-57
1787066344963,133792,Lumbar,stand,-0.04636,1.012112,-0.061976,2.31,-2.38,0.42,-57
1787066344963,133808,Lumbar,stand,-0.042944,1.013088,-0.061488,2.52,-2.52,0.49,-57
1787066344963,133825,Lumbar,stand,-0.041968,1.016016,-0.062952,2.31,-2.59,0.49,-57
1787066344963,133856,Lumbar,stand,-0.044408,1.011136,-0.065392,1.75,-2.03,0.49,-57
1787066344963,133873,Lumbar,stand,-0.044408,1.009184,-0.064416,2.03,-1.96,0.49,-57
1787066344963,133890,Lumbar,stand,-0.044896,1.012112,-0.062952,2.52,-2.17,0.42,-57
1787066344963,133907,Lumbar,stand,-0.04392,1.01504,-0.066368,2.66,-2.45,0.35,-57
1787066344963,133924,Lumbar,stand,-0.04392,1.015528,-0.067832,2.17,-2.59,0.42,-57
1787066345320,134101,Lumbar,stand,-0.038064,1.01504,-0.062952,2.1,-3.15,0.28,-61
1787066345320,134132,Lumbar,stand,-0.042456,1.011136,-0.069784,1.05,-2.8,0.98,-61
1787066345320,134149,Lumbar,stand,-0.042456,1.011624,-0.06832,1.33,-2.52,0.7,-61
1787066345320,134166,Lumbar,stand,-0.040504,1.01016,-0.064416,1.89,-2.1,0.42,-61
1787066345320,134183,Lumbar,stand,-0.040992,1.008696,-0.062464,2.31,-2.17,0.35,-61
1787066345320,134214,Lumbar,stand,-0.03904,1.020408,-0.061,1.96,-2.45,0.42,-61
1787066345320,134231,Lumbar,stand,-0.04148,1.018944,-0.064416,0.84,-2.38,0.42,-61
1787066345320,134248,Lumbar,stand,-0.042456,1.014064,-0.063928,0.28,-2.38,0.42,-61
1787066345320,134265,Lumbar,stand,-0.04392,1.011624,-0.061,0.42,-2.45,0.42,-61
1787066345320,134282,Lumbar,stand,-0.04392,1.012112,-0.061,0.7,-2.38,0.49,-61
1787066345736,134458,Lumbar,stand,-0.04148,1.010648,-0.06344,1.05,-2.87,0.35,-61
1787066345736,134490,Lumbar,stand,-0.040992,1.01504,-0.061976,1.47,-2.94,0.28,-61
1787066345736,134507,Lumbar,stand,-0.040992,1.013576,-0.059536,1.19,-2.52,0.28,-61
1787066345736,134525,Lumbar,stand,-0.040504,1.013576,-0.057584,1.05,-1.89,0.35,-61
1787066345736,134542,Lumbar,stand,-0.042944,1.01504,-0.059048,1.05,-2.1,0.28,-61
1787066345736,134559,Lumbar,stand,-0.041968,1.014064,-0.061976,0.98,-2.38,0.21,-61
1787066345736,134590,Lumbar,stand,-0.041968,1.009672,-0.057096,1.05,-1.96,0.14,-61
1787066345736,134607,Lumbar,stand,-0.040016,1.011624,-0.056608,1.33,-1.68,0,-61
1787066345736,134624,Lumbar,stand,-0.040016,1.014064,-0.060512,1.47,-1.75,0,-61
1787066345736,134641,Lumbar,stand,-0.04148,1.015528,-0.061976,1.33,-1.96,0,-61
1787066346037,134815,Lumbar,stand,-0.04392,1.016016,-0.055632,0.91,-2.59,0,-55
1787066346037,134846,Lumbar,stand,-0.043432,1.014552,-0.05124,0.42,-2.59,0,-55
1787066346037,134864,Lumbar,stand,-0.042456,1.013576,-0.054168,0.42,-2.52,0,-55
1787066346037,134881,Lumbar,stand,-0.042456,1.016016,-0.054168,0.35,-2.59,-0.14,-55
1787066346037,134898,Lumbar,stand,-0.043432,1.015528,-0.05368,0.14,-2.52,-0.21,-55
1787066346037,134929,Lumbar,stand,-0.045872,1.012112,-0.057584,-0.07,-2.59,0.07,-55
1787066346037,134946,Lumbar,stand,-0.047336,1.0126,-0.050752,0.21,-2.73,0,-55
1787066346037,134963,Lumbar,stand,-0.04636,1.013576,-0.05124,0.56,-2.59,-0.14,-55
1787066346037,134980,Lumbar,stand,-0.04636,1.014064,-0.050264,0.56,-2.52,-0.28,-55
1787066346037,134997,Lumbar,stand,-0.04636,1.014552,-0.051728,0.21,-2.73,-0.21,-55
1787066346555,135172,Lumbar,stand,-0.046848,1.013576,-0.044896,1.12,-2.73,-0.28,-55
1787066346555,135204,Lumbar,stand,-0.05124,1.013576,-0.045872,0.7,-2.66,-0.07,-55
1787066346555,135221,Lumbar,stand,-0.050752,1.010648,-0.042456,0.77,-2.31,0.28,-55
1787066346555,135238,Lumbar,stand,-0.05124,1.009672,-0.041968,1.12,-2.24,0.21,-55
1787066346555,135255,Lumbar,stand,-0.049288,1.009184,-0.044408,1.47,-2.31,0.14,-55
1787066346555,135286,Lumbar,stand,-0.045872,1.016016,-0.047824,1.89,-2.73,0.35,-55
1787066346555,135303,Lumbar,stand,-0.046848,1.01504,-0.047336,1.68,-2.59,0.63,-55
1787066346555,135320,Lumbar,stand,-0.04636,1.013088,-0.047824,1.75,-2.59,0.7,-55
1787066346555,135337,Lumbar,stand,-0.047824,1.01016,-0.046848,1.82,-2.59,0.56,-55
1787066346555,135354,Lumbar,stand,-0.047336,1.011624,-0.043432,2.24,-2.38,0.35,-55
1787066346749,135529,Lumbar,stand,-0.048312,1.011136,-0.047824,2.24,-1.75,0.35,-56
1787066346749,135560,Lumbar,stand,-0.047336,1.016016,-0.052704,2.59,-1.54,0.42,-56
1787066346749,135577,Lumbar,stand,-0.047824,1.015528,-0.054168,2.38,-1.47,0.49,-56
1787066346749,135594,Lumbar,stand,-0.047336,1.014064,-0.052704,2.03,-1.4,0.56,-56
1787066346749,135611,Lumbar,stand,-0.048312,1.013088,-0.049776,2.03,-1.19,0.56,-56
1787066346749,135641,Lumbar,stand,-0.049288,1.013576,-0.047824,2.38,-1.05,0.35,-56
1787066346749,135658,Lumbar,stand,-0.0488,1.0126,-0.047824,2.52,-1.26,0.42,-56
1787066346749,135676,Lumbar,stand,-0.047824,1.013576,-0.050264,2.52,-1.47,0.49,-56
1787066346749,135693,Lumbar,stand,-0.046848,1.013576,-0.050752,2.66,-1.33,0.42,-56
1787066346749,135710,Lumbar,stand,-0.047336,1.01504,-0.052704,2.66,-1.12,0.49,-56
1787066347108,135886,Lumbar,stand,-0.045872,1.01504,-0.055144,2.24,-1.89,0.56,-56
1787066347108,135917,Lumbar,stand,-0.045872,1.013576,-0.055632,2.52,-2.24,0.7,-56
1787066347108,135934,Lumbar,stand,-0.04636,1.014552,-0.054168,2.31,-2.03,0.7,-56
1787066347108,135951,Lumbar,stand,-0.04636,1.01504,-0.052704,2.24,-1.4,0.42,-56
1787066347108,135968,Lumbar,stand,-0.047336,1.01016,-0.052216,2.31,-1.47,0.42,-56
1787066347108,135999,Lumbar,stand,-0.042456,1.014064,-0.055632,2.87,-2.66,0.56,-56
1787066347108,136016,Lumbar,stand,-0.045384,1.016016,-0.057096,2.24,-2.8,0.63,-56
1787066347108,136033,Lumbar,stand,-0.04636,1.011136,-0.05856,2.03,-2.52,0.77,-56
1787066347108,136050,Lumbar,stand,-0.046848,1.009184,-0.057096,2.73,-2.31,0.77,-56
1787066347108,136067,Lumbar,stand,-0.045384,1.008696,-0.055632,3.08,-2.24,0.63,-56
1787066347468,136244,Lumbar,stand,-0.043432,1.009672,-0.062464,2.8,-1.47,0.91,-56
1787066347468,136276,Lumbar,stand,-0.040992,1.01504,-0.061976,3.5,-1.4,0.91,-56
1787066347468,136293,Lumbar,stand,-0.042456,1.018456,-0.064416,3.15,-1.26,0.84,-56
1787066347468,136311,Lumbar,stand,-0.044896,1.015528,-0.064904,2.24,-1.26,0.91,-56
1787066347468,136328,Lumbar,stand,-0.04392,1.0126,-0.061,1.89,-1.54,0.98,-56
1787066347468,136345,Lumbar,stand,-0.042456,1.011624,-0.05856,2.31,-1.61,0.77,-56
1787066347468,136376,Lumbar,stand,-0.042456,1.016992,-0.060024,2.59,-1.68,0.63,-56
1787066347468,136393,Lumbar,stand,-0.042456,1.014552,-0.061976,2.03,-1.47,0.56,-56
1787066347468,136410,Lumbar,stand,-0.042456,1.01504,-0.064416,1.96,-1.19,0.56,-56
1787066347468,136427,Lumbar,stand,-0.043432,1.01504,-0.067344,1.96,-1.19,0.49,-56
1787066348191,136604,Lumbar,stand,-0.044408,1.012112,-0.063928,1.61,-2.38,0.42,-56
1787066348191,136635,Lumbar,stand,-0.042456,1.0126,-0.062464,1.61,-2.31,0.35,-56
1787066348191,136653,Lumbar,stand,-0.04392,1.0126,-0.062952,1.68,-2.31,0.42,-56
1787066348191,136670,Lumbar,stand,-0.045384,1.014064,-0.064416,1.82,-2.31,0.49,-56
1787066348191,136687,Lumbar,stand,-0.044408,1.014064,-0.066856,1.47,-2.59,0.49,-56
1787066348191,136704,Lumbar,stand,-0.044408,1.014064,-0.065392,1.33,-2.66,0.56,-56
1787066348191,136735,Lumbar,stand,-0.042456,1.012112,-0.066856,1.19,-2.59,0.49,-56
1787066348191,136752,Lumbar,stand,-0.043432,1.01504,-0.064904,1.26,-2.59,0.42,-56
1787066348191,136769,Lumbar,stand,-0.041968,1.01504,-0.062464,1.12,-2.66,0.42,-56
1787066348191,136786,Lumbar,stand,-0.041968,1.014064,-0.061488,0.98,-2.52,0.35,-56
1787066348398,136961,Lumbar,stand,-0.04392,1.016504,-0.063928,1.05,-1.96,0.49,-53
1787066348398,136992,Lumbar,stand,-0.039528,1.009672,-0.062952,1.19,-1.89,0.21,-53
1787066348398,137009,Lumbar,stand,-0.040504,1.0126,-0.061,1.54,-1.61,0.14,-53
1787066348398,137026,Lumbar,stand,-0.04148,1.016504,-0.062464,1.4,-1.61,0.21,-53
1787066348398,137043,Lumbar,stand,-0.04392,1.016016,-0.062952,0.84,-1.68,0.28,-53
1787066348398,137074,Lumbar,stand,-0.045384,1.014552,-0.061488,0.42,-1.4,0.21,-53
1787066348398,137091,Lumbar,stand,-0.044408,1.013088,-0.061488,0.63,-1.54,0.21,-53
1787066348398,137108,Lumbar,stand,-0.042944,1.014064,-0.061976,0.63,-1.96,0.35,-53
1787066348398,137125,Lumbar,stand,-0.042456,1.01504,-0.062952,0.49,-2.1,0.35,-53
1787066348398,137142,Lumbar,stand,-0.042456,1.0126,-0.062464,0.42,-1.89,0.42,-53
1787066348536,137316,Lumbar,stand,-0.045384,1.013576,-0.058072,0.98,-2.17,0.35,-53
1787066348536,137347,Lumbar,stand,-0.046848,1.014552,-0.054656,0.84,-2.24,0,-53
1787066348536,137364,Lumbar,stand,-0.045384,1.014064,-0.055632,0.91,-2.52,0.07,-53
1787066348536,137381,Lumbar,stand,-0.044896,1.016992,-0.05612,0.84,-2.66,0,-53
1787066348536,137398,Lumbar,stand,-0.043432,1.01504,-0.057584,0.56,-2.52,0,-53
1787066348536,137429,Lumbar,stand,-0.043432,1.011624,-0.057096,0.49,-2.31,0.14,-53
1787066348536,137446,Lumbar,stand,-0.045872,1.011136,-0.05368,0.63,-2.31,0.07,-53
1787066348536,137463,Lumbar,stand,-0.046848,1.01016,-0.053192,1.12,-2.38,0.07,-53
1787066348536,137480,Lumbar,stand,-0.045872,1.011624,-0.054656,1.26,-2.38,0.21,-53
1787066348536,137497,Lumbar,stand,-0.045384,1.014064,-0.052704,1.12,-2.52,0.21,-53
1787066348894,137671,Lumbar,stand,-0.04392,1.013576,-0.049776,1.05,-2.03,0.21,-55
1787066348894,137702,Lumbar,stand,-0.04392,1.011624,-0.052704,1.33,-1.96,0.21,-55
1787066348894,137720,Lumbar,stand,-0.04392,1.013088,-0.05368,1.47,-1.96,0.28,-55
1787066348894,137737,Lumbar,stand,-0.043432,1.011624,-0.05368,1.47,-2.17,0.28,-55
1787066348894,137754,Lumbar,stand,-0.04392,1.015528,-0.05612,1.54,-2.17,0.49,-55
1787066348894,137785,Lumbar,stand,-0.044408,1.0126,-0.055144,1.19,-1.68,0.21,-55
1787066348894,137802,Lumbar,stand,-0.044896,1.009672,-0.049776,1.54,-1.61,0.14,-55
1787066348894,137819,Lumbar,stand,-0.044896,1.011624,-0.050752,1.96,-2.24,0.21,-55
1787066348894,137836,Lumbar,stand,-0.045872,1.0126,-0.055632,1.75,-2.24,0.42,-55
1787066348894,137853,Lumbar,stand,-0.047336,1.011136,-0.055632,1.68,-2.03,0.56,-55
1787066349252,138029,Lumbar,stand,-0.04392,1.016016,-0.055632,1.96,-2.24,0.63,-55
1787066349252,138060,Lumbar,stand,-0.045384,1.012112,-0.053192,1.47,-1.96,0.63,-55
1787066349252,138077,Lumbar,stand,-0.044896,1.011136,-0.050752,1.89,-1.82,0.42,-55
1787066349252,138094,Lumbar,stand,-0.042456,1.013088,-0.049776,2.38,-1.96,0.42,-55
1787066349252,138111,Lumbar,stand,-0.042944,1.017968,-0.054656,1.96,-1.68,0.42,-55
1787066349252,138142,Lumbar,stand,-0.043432,1.013088,-0.05368,1.19,-1.89,0.49,-55
1787066349252,138159,Lumbar,stand,-0.043432,1.010648,-0.050752,1.75,-2.31,0.56,-55
1787066349252,138176,Lumbar,stand,-0.042944,1.013088,-0.050752,2.31,-2.8,0.42,-55
1787066349252,138193,Lumbar,stand,-0.042944,1.014552,-0.052704,2.38,-2.8,0.49,-55
1787066349252,138210,Lumbar,stand,-0.042456,1.015528,-0.055144,2.38,-2.31,0.49,-55
1787066349611,138387,Lumbar,stand,-0.042944,1.01504,-0.054656,2.1,-1.82,0.42,-55
1787066349611,138419,Lumbar,stand,-0.043432,1.013576,-0.055632,2.24,-1.89,0.42,-55
1787066349611,138436,Lumbar,stand,-0.043432,1.014064,-0.05612,2.17,-1.82,0.49,-55
1787066349611,138453,Lumbar,stand,-0.04392,1.01504,-0.057584,2.03,-1.96,0.56,-55
1787066349611,138470,Lumbar,stand,-0.04392,1.014552,-0.056608,1.96,-1.89,0.42,-55
1787066349611,138487,Lumbar,stand,-0.042944,1.015528,-0.056608,1.96,-1.82,0.42,-55
1787066349611,138518,Lumbar,stand,-0.045384,1.012112,-0.057096,1.47,-1.82,0.49,-55
1787066349611,138535,Lumbar,stand,-0.045384,1.010648,-0.056608,1.82,-2.03,0.56,-55
1787066349611,138552,Lumbar,stand,-0.044408,1.010648,-0.057096,2.03,-2.03,0.49,-55
1787066349611,138569,Lumbar,stand,-0.043432,1.013088,-0.057096,2.31,-1.89,0.49,-55
1787066350039,138745,Lumbar,stand,-0.044408,1.014552,-0.058072,1.68,-2.59,0.56,-54
1787066350039,138776,Lumbar,stand,-0.042456,1.011624,-0.059536,1.68,-2.24,0.42,-54
1787066350039,138793,Lumbar,stand,-0.042456,1.008696,-0.05856,2.24,-2.52,0.28,-54
1787066350039,138810,Lumbar,stand,-0.041968,1.017968,-0.057584,2.38,-2.59,0.42,-54
1787066350039,138827,Lumbar,stand,-0.040016,1.01992,-0.058072,2.1,-2.52,0.49,-54
1787066350039,138858,Lumbar,stand,-0.045384,1.012112,-0.057096,1.12,-2.1,0.63,-54
1787066350039,138875,Lumbar,stand,-0.043432,1.011136,-0.056608,1.75,-2.03,0.49,-54
1787066350039,138892,Lumbar,stand,-0.041968,1.011136,-0.057096,1.96,-2.1,0.42,-54
1787066350039,138909,Lumbar,stand,-0.040504,1.013576,-0.059536,2.1,-2.38,0.56,-54
1787066350039,138926,Lumbar,stand,-0.040992,1.016992,-0.058072,1.82,-2.52,0.7,-54
1787066350326,139102,Lumbar,stand,-0.042456,1.016504,-0.05856,1.75,-2.1,0.42,-54
1787066350326,139133,Lumbar,stand,-0.042456,1.016016,-0.057096,1.12,-1.68,0.35,-54
1787066350326,139150,Lumbar,stand,-0.041968,1.014064,-0.058072,0.98,-1.89,0.35,-54
1787066350326,139167,Lumbar,stand,-0.04392,1.01016,-0.05856,1.19,-2.17,0.49,-54
1787066350326,139184,Lumbar,stand,-0.042456,1.012112,-0.057584,1.54,-2.73,0.56,-54
1787066350326,139215,Lumbar,stand,-0.045384,1.01504,-0.056608,1.47,-2.31,0.42,-54
1787066350326,139232,Lumbar,stand,-0.044408,1.014064,-0.057584,1.19,-2.31,0.42,-54
1787066350326,139249,Lumbar,stand,-0.045872,1.011624,-0.059048,1.19,-2.52,0.49,-54
1787066350326,139266,Lumbar,stand,-0.045384,1.012112,-0.057584,1.33,-2.87,0.56,-54
1787066350326,139283,Lumbar,stand,-0.045384,1.011136,-0.054656,1.4,-3.08,0.56,-54
1787066350856,139460,Lumbar,stand,-0.039528,1.014552,-0.056608,1.89,-2.59,0.42,-54
1787066350856,139490,Lumbar,stand,-0.042944,1.018456,-0.062952,1.05,-1.96,0.28,-54
1787066350856,139507,Lumbar,stand,-0.044896,1.018456,-0.06344,0.7,-2.03,0.28,-54
1787066350856,139524,Lumbar,stand,-0.041968,1.013088,-0.059048,0.35,-1.96,0.28,-54
1787066350856,139541,Lumbar,stand,-0.040504,1.01016,-0.05368,0.91,-1.82,0.28,-54
1787066350856,139572,Lumbar,stand,-0.040504,1.016016,-0.052704,1.26,-2.45,0.28,-54
1787066350856,139589,Lumbar,stand,-0.04148,1.016016,-0.055632,0.77,-2.24,0.42,-54
1787066350856,139606,Lumbar,stand,-0.040016,1.008208,-0.055632,0.56,-1.82,0.14,-54
1787066350856,139623,Lumbar,stand,-0.041968,1.004304,-0.055632,1.75,-1.82,0.07,-54
1787066350856,139640,Lumbar,stand,-0.040504,1.006256,-0.055632,2.38,-2.03,0.14,-54
1787066351044,139816,Lumbar,stand,-0.04392,1.013088,-0.055144,1.68,-1.26,0.21,-55
1787066351044,139847,Lumbar,stand,-0.042944,1.01504,-0.060024,1.82,-1.82,0.35,-55
1787066351044,139864,Lumbar,stand,-0.04392,1.013576,-0.057584,1.75,-1.96,0.35,-55
1787066351044,139881,Lumbar,stand,-0.045384,1.014552,-0.057096,1.54,-1.61,0.28,-55
1787066351044,139898,Lumbar,stand,-0.045384,1.011624,-0.05368,1.68,-1.61,0.28,-55
1787066351044,139929,Lumbar,stand,-0.044896,1.016016,-0.055632,1.4,-1.89,0.14,-55
1787066351044,139946,Lumbar,stand,-0.046848,1.01504,-0.057096,0.77,-2.31,0.14,-55
1787066351044,139963,Lumbar,stand,-0.046848,1.010648,-0.054656,0.91,-2.73,0.28,-55
1787066351044,139981,Lumbar,stand,-0.045872,1.011136,-0.053192,1.33,-3.15,0.21,-55
1787066351044,139998,Lumbar,stand,-0.044408,1.014064,-0.054656,1.54,-3.22,0.14,-55
1787066351475,140173,Lumbar,stand,-0.043432,1.00772,-0.05856,1.96,-2.52,0.07,-55
1787066351475,140204,Lumbar,stand,-0.041968,1.01016,-0.055144,2.73,-2.45,0.14,-55
1787066351475,140221,Lumbar,stand,-0.041968,1.014064,-0.055144,2.73,-2.45,0.14,-55
1787066351475,140238,Lumbar,stand,-0.038552,1.011136,-0.055632,2.52,-2.1,0.28,-55
1787066351475,140255,Lumbar,stand,-0.040016,1.010648,-0.057584,2.59,-1.61,0.35,-55
1787066351475,140286,Lumbar,stand,-0.042456,1.013088,-0.061,2.73,-1.33,0.35,-55
1787066351475,140303,Lumbar,stand,-0.043432,1.014064,-0.061488,2.66,-1.75,0.42,-55
1787066351475,140320,Lumbar,stand,-0.04148,1.01504,-0.059048,2.45,-1.82,0.35,-55
1787066351475,140337,Lumbar,stand,-0.04148,1.013576,-0.055632,2.45,-1.54,0.42,-55
1787066351475,140354,Lumbar,stand,-0.04148,1.013576,-0.055632,2.38,-1.05,0.42,-55
1787066351759,140529,Lumbar,stand,-0.044408,1.01504,-0.060024,2.38,-2.31,0.42,-54
1787066351759,140560,Lumbar,stand,-0.04636,1.014552,-0.059536,2.17,-1.68,0.7,-54
1787066351759,140577,Lumbar,stand,-0.045384,1.011136,-0.060024,2.1,-2.03,0.56,-54
1787066351759,140595,Lumbar,stand,-0.045384,1.009184,-0.059048,2.17,-2.38,0.49,-54
1787066351759,140612,Lumbar,stand,-0.044408,1.0126,-0.058072,2.87,-2.52,0.42,-54
1787066351759,140643,Lumbar,stand,-0.044408,1.019432,-0.062464,1.82,-2.52,0.56,-54
1787066351759,140660,Lumbar,stand,-0.047336,1.016504,-0.061488,1.33,-2.45,0.7,-54
1787066351759,140677,Lumbar,stand,-0.045872,1.009672,-0.059048,1.4,-2.52,0.7,-54
1787066351759,140694,Lumbar,stand,-0.04392,1.01016,-0.05856,2.17,-2.59,0.56,-54
1787066351759,140711,Lumbar,stand,-0.042456,1.016016,-0.060512,2.38,-2.73,0.63,-54
1787066352113,140888,Lumbar,stand,-0.039528,1.011136,-0.061488,2.38,-2.45,0.63,-54
1787066352113,140919,Lumbar,stand,-0.042456,1.014552,-0.062952,2.31,-2.03,0.7,-54
1787066352113,140936,Lumbar,stand,-0.041968,1.014552,-0.063928,2.1,-1.89,0.56,-54
1787066352113,140953,Lumbar,stand,-0.042944,1.0126,-0.064416,2.1,-1.82,0.56,-54
1787066352113,140970,Lumbar,stand,-0.041968,1.014064,-0.061488,2.24,-1.96,0.56,-54
1787066352113,141001,Lumbar,stand,-0.043432,1.014064,-0.06344,2.03,-1.89,0.56,-54
1787066352113,141018,Lumbar,stand,-0.04392,1.012112,-0.064904,1.82,-1.68,0.56,-54
1787066352113,141035,Lumbar,stand,-0.04392,1.0126,-0.064904,1.75,-1.26,0.49,-54
1787066352113,141052,Lumbar,stand,-0.042944,1.012112,-0.067344,1.96,-1.4,0.42,-54
1787066352113,141069,Lumbar,stand,-0.043432,1.011136,-0.066368,2.1,-1.61,0.49,-54
1787066352469,141245,Lumbar,stand,-0.044408,1.013088,-0.064416,2.8,-2.31,0.7,-54
1787066352469,141276,Lumbar,stand,-0.043432,1.015528,-0.064416,2.17,-2.38,0.56,-54
1787066352469,141293,Lumbar,stand,-0.040992,1.014064,-0.066856,2.1,-2.38,0.63,-54
1787066352469,141310,Lumbar,stand,-0.03904,1.0126,-0.067344,2.1,-2.73,0.63,-54
1787066352469,141327,Lumbar,stand,-0.039528,1.0126,-0.067344,1.82,-2.87,0.7,-54
1787066352469,141358,Lumbar,stand,-0.043432,1.011624,-0.06588,1.82,-2.17,0.56,-54
1787066352469,141375,Lumbar,stand,-0.04148,1.008208,-0.064904,2.38,-2.24,0.42,-54
1787066352469,141391,Lumbar,stand,-0.040016,1.013088,-0.064416,2.87,-2.8,0.49,-54
1787066352469,141409,Lumbar,stand,-0.040504,1.01504,-0.06832,2.38,-2.59,0.56,-54
1787066352469,141425,Lumbar,stand,-0.043432,1.014552,-0.06832,2.03,-2.38,0.56,-54
1787066352903,141601,Lumbar,stand,-0.039528,1.014064,-0.067832,1.61,-2.24,0.63,-54
1787066352903,141633,Lumbar,stand,-0.040016,1.012112,-0.066856,1.47,-1.33,0.49,-54
1787066352903,141650,Lumbar,stand,-0.038552,1.012112,-0.064904,1.61,-1.26,0.35,-54
1787066352903,141668,Lumbar,stand,-0.037088,1.016016,-0.06588,1.47,-1.61,0.21,-54
1787066352903,141685,Lumbar,stand,-0.03904,1.014552,-0.070272,1.05,-1.75,0.28,-54
1787066352903,141702,Lumbar,stand,-0.041968,1.0126,-0.06832,0.84,-1.68,0.42,-54
1787066352903,141733,Lumbar,stand,-0.042456,1.0126,-0.066368,1.19,-1.75,0.21,-54
1787066352903,141750,Lumbar,stand,-0.040504,1.014064,-0.067832,1.33,-2.03,0.07,-54
1787066352903,141767,Lumbar,stand,-0.040504,1.014064,-0.06832,1.05,-2.03,0.21,-54
1787066352903,141784,Lumbar,stand,-0.040504,1.014064,-0.065392,0.91,-1.96,0.21,-54
1787066353185,141960,Lumbar,stand,-0.04148,1.016504,-0.062952,0.7,-2.31,0,-56
1787066353185,141991,Lumbar,stand,-0.04392,1.014552,-0.064416,0.28,-2.17,0.07,-56
1787066353185,142008,Lumbar,stand,-0.043432,1.011136,-0.06344,0.07,-2.31,0.07,-56
1787066353185,142025,Lumbar,stand,-0.042944,1.009672,-0.06344,0.49,-2.45,0.14,-56
1787066353185,142042,Lumbar,stand,-0.04148,1.01016,-0.061976,0.91,-2.31,0.28,-56
1787066353185,142073,Lumbar,stand,-0.040504,1.01748,-0.05856,0.35,-2.03,0.07,-56
1787066353185,142090,Lumbar,stand,-0.041968,1.014552,-0.05856,0.14,-2.1,0,-56
1787066353185,142107,Lumbar,stand,-0.042944,1.013088,-0.059048,0.14,-2.03,-0.07,-56
1787066353185,142124,Lumbar,stand,-0.042944,1.011136,-0.05856,0.35,-1.96,-0.07,-56
1787066353185,142141,Lumbar,stand,-0.04392,1.011136,-0.060024,0.42,-1.82,-0.07,-56
1787066353542,142316,Lumbar,stand,-0.04392,1.016504,-0.057096,-1.05,-3.71,-0.21,-56
1787066353542,142348,Lumbar,stand,-0.043432,1.0126,-0.054656,-1.26,-3.64,0.21,-56
1787066353542,142365,Lumbar,stand,-0.043432,1.009672,-0.051728,-1.61,-2.52,0.84,-56
1787066353542,142382,Lumbar,stand,-0.042456,1.005768,-0.049776,-0.7,-2.03,0.56,-56
1787066353542,142398,Lumbar,stand,-0.04392,0.997472,-0.046848,0.49,-1.96,0.28,-56
1787066353542,142430,Lumbar,stand,-0.041968,1.01992,-0.052216,3.15,-2.1,-0.14,-56
1787066353542,142446,Lumbar,stand,-0.044896,1.023336,-0.054656,2.45,-2.03,0.21,-56
1787066353542,142463,Lumbar,stand,-0.0488,1.019432,-0.055144,0.98,-1.75,0.35,-56
1787066353542,142480,Lumbar,stand,-0.047824,1.010648,-0.050752,0.56,-1.61,0.56,-56
1787066353542,142497,Lumbar,stand,-0.04636,1.00528,-0.047824,1.33,-1.75,0.56,-56
1787066353899,142672,Lumbar,stand,-0.042456,1.011136,-0.052216,1.4,-1.89,0.63,-54
1787066353899,142703,Lumbar,stand,-0.040992,1.013088,-0.05368,2.52,-2.1,0.49,-54
1787066353899,142720,Lumbar,stand,-0.042944,1.016016,-0.053192,2.38,-1.96,0.42,-54
1787066353899,142737,Lumbar,stand,-0.04392,1.015528,-0.051728,1.96,-1.47,0.49,-54
1787066353899,142754,Lumbar,stand,-0.042944,1.014552,-0.051728,1.96,-1.19,0.35,-54
1787066353899,142785,Lumbar,stand,-0.042456,1.011624,-0.052704,2.24,-1.61,0.35,-54
1787066353899,142802,Lumbar,stand,-0.042944,1.016992,-0.052216,2.24,-1.75,0.42,-54
1787066353899,142819,Lumbar,stand,-0.042456,1.016504,-0.054168,1.68,-1.82,0.49,-54
1787066353899,142836,Lumbar,stand,-0.042456,1.013576,-0.05368,1.61,-1.75,0.49,-54
1787066353899,142854,Lumbar,stand,-0.042944,1.013088,-0.05368,1.68,-1.82,0.42,-54
1787066354256,143029,Lumbar,stand,-0.04392,1.0126,-0.055144,1.75,-1.89,0.56,-54
1787066354256,143060,Lumbar,stand,-0.042944,1.013576,-0.05368,2.17,-1.82,0.49,-54
1787066354256,143077,Lumbar,stand,-0.042456,1.013088,-0.053192,2.17,-1.75,0.49,-54
1787066354256,143094,Lumbar,stand,-0.043432,1.013088,-0.054656,2.24,-2.03,0.7,-54
1787066354256,143111,Lumbar,stand,-0.042456,1.014064,-0.055632,2.24,-2.17,0.63,-54
1787066354256,143142,Lumbar,stand,-0.040992,1.014064,-0.055144,2.45,-2.1,0.49,-54
1787066354256,143159,Lumbar,stand,-0.04148,1.016992,-0.057584,2.31,-2.38,0.56,-54
1787066354256,143176,Lumbar,stand,-0.041968,1.016992,-0.057584,1.54,-2.38,0.63,-54
1787066354256,143193,Lumbar,stand,-0.042456,1.014064,-0.05612,1.4,-2.31,0.56,-54
1787066354256,143210,Lumbar,stand,-0.042456,1.008208,-0.055632,1.82,-2.1,0.35,-54
1787066354613,143386,Lumbar,stand,-0.04392,1.012112,-0.055144,1.96,-2.24,0.7,-54
1787066354613,143418,Lumbar,stand,-0.04148,1.0126,-0.059048,2.66,-1.96,0.63,-54
1787066354613,143435,Lumbar,stand,-0.040016,1.014064,-0.061976,2.87,-1.96,0.77,-54
1787066354613,143452,Lumbar,stand,-0.04148,1.016016,-0.062464,2.66,-1.89,0.77,-54
1787066354613,143468,Lumbar,stand,-0.040992,1.01504,-0.061488,2.45,-1.61,0.63,-54
1787066354613,143499,Lumbar,stand,-0.038064,1.011624,-0.058072,2.94,-1.75,0.63,-54
1787066354613,143516,Lumbar,stand,-0.038552,1.014064,-0.05612,3.01,-2.03,0.7,-54
1787066354613,143533,Lumbar,stand,-0.040504,1.01504,-0.05856,2.94,-1.96,0.7,-54
1787066354613,143550,Lumbar,stand,-0.041968,1.01504,-0.060512,2.31,-1.61,0.77,-54
1787066354613,143567,Lumbar,stand,-0.043432,1.011624,-0.063928,2.31,-1.54,0.77,-54
1787066355156,143742,Lumbar,stand,-0.043432,1.014064,-0.068808,1.82,-2.24,0.49,-54
1787066355156,143773,Lumbar,stand,-0.040992,1.0126,-0.06588,2.03,-2.38,0.42,-54
1787066355156,143790,Lumbar,stand,-0.040992,1.014064,-0.06588,1.96,-2.45,0.42,-54
1787066355156,143808,Lumbar,stand,-0.04148,1.01748,-0.066856,1.75,-2.66,0.42,-54
1787066355156,143825,Lumbar,stand,-0.040992,1.01748,-0.064904,1.12,-2.73,0.42,-54
1787066355156,143856,Lumbar,stand,-0.040504,1.013088,-0.066368,0.91,-2.8,0.42,-54
1787066355156,143873,Lumbar,stand,-0.039528,1.0126,-0.067832,0.91,-2.66,0.42,-54
1787066355156,143890,Lumbar,stand,-0.039528,1.014552,-0.071736,0.84,-2.66,0.35,-54
1787066355156,143907,Lumbar,stand,-0.03904,1.014064,-0.070272,0.56,-3.22,0.42,-54
1787066355156,143924,Lumbar,stand,-0.037088,1.011624,-0.061976,0.49,-3.57,0.63,-54
1787066355328,144099,Lumbar,stand,-0.039528,1.014552,-0.059048,0.49,-2.38,0.07,-56
1787066355328,144130,Lumbar,stand,-0.039528,1.01504,-0.060512,0,-2.66,0.14,-56
1787066355328,144147,Lumbar,stand,-0.04148,1.013576,-0.060512,-0.21,-2.31,0.07,-56
1787066355328,144164,Lumbar,stand,-0.039528,1.012112,-0.055632,0.14,-1.89,0,-56
1787066355328,144181,Lumbar,stand,-0.040504,1.011624,-0.052704,0.7,-1.89,-0.42,-56
1787066355328,144212,Lumbar,stand,-0.041968,1.018944,-0.05856,0.84,-2.73,-0.42,-56
1787066355328,144229,Lumbar,stand,-0.042944,1.016504,-0.061488,-0.42,-2.45,-0.35,-56
1787066355328,144246,Lumbar,stand,-0.042944,1.011624,-0.05856,-0.63,-2.03,-0.14,-56
1787066355328,144263,Lumbar,stand,-0.041968,1.007232,-0.057096,0.35,-2.45,-0.14,-56
1787066355328,144280,Lumbar,stand,-0.041968,1.006744,-0.055144,0.98,-2.66,-0.35,-56
1787066355771,144457,Lumbar,stand,-0.04392,1.013576,-0.047824,-0.07,-2.24,0.07,-56
1787066355771,144489,Lumbar,stand,-0.04392,1.013576,-0.048312,-0.21,-1.82,0.14,-56
1787066355771,144506,Lumbar,stand,-0.04392,1.0126,-0.053192,-0.49,-1.75,0.21,-56
1787066355771,144523,Lumbar,stand,-0.04392,1.006744,-0.056608,-0.14,-2.1,0.07,-56
1787066355771,144539,Lumbar,stand,-0.044896,1.00772,-0.052216,1.19,-2.59,0.21,-56
1787066355771,144570,Lumbar,stand,-0.044408,1.016992,-0.050752,1.96,-2.59,-0.07,-56
1787066355771,144587,Lumbar,stand,-0.045384,1.016016,-0.049288,1.4,-2.31,0,-56
1787066355771,144604,Lumbar,stand,-0.045384,1.014552,-0.0488,1.05,-1.89,0.07,-56
1787066355771,144621,Lumbar,stand,-0.04636,1.014552,-0.0488,0.98,-1.61,0,-56
1787066355771,144638,Lumbar,stand,-0.046848,1.013576,-0.0488,0.91,-1.61,0.07,-56
1787066356041,144812,Lumbar,stand,-0.045872,1.011136,-0.052704,1.96,-1.54,0.28,-56
1787066356041,144843,Lumbar,stand,-0.044896,1.012112,-0.048312,2.45,-1.47,0.49,-56
1787066356041,144860,Lumbar,stand,-0.04636,1.014552,-0.049288,2.52,-1.61,0.49,-56
1787066356041,144877,Lumbar,stand,-0.046848,1.015528,-0.050752,2.45,-1.68,0.56,-56
1787066356041,144894,Lumbar,stand,-0.044408,1.016504,-0.050264,2.31,-1.61,0.63,-56
1787066356041,144925,Lumbar,stand,-0.044408,1.014064,-0.050264,1.89,-1.26,0.63,-56
1787066356041,144942,Lumbar,stand,-0.045872,1.01504,-0.0488,1.82,-1.33,0.7,-56
1787066356041,144959,Lumbar,stand,-0.045384,1.013088,-0.048312,1.82,-1.33,0.63,-56
1787066356041,144976,Lumbar,stand,-0.04392,1.013576,-0.050264,2.1,-1.4,0.7,-56
1787066356041,144993,Lumbar,stand,-0.042944,1.013576,-0.050264,2.1,-1.4,0.7,-56
1787066356400,145169,Lumbar,stand,-0.045384,1.014552,-0.05612,2.03,-1.68,0.56,-56
1787066356400,145201,Lumbar,stand,-0.042456,1.014552,-0.050264,2.73,-2.17,0.49,-56
1787066356400,145218,Lumbar,stand,-0.040992,1.01748,-0.052216,2.31,-2.1,0.56,-56
1787066356400,145236,Lumbar,stand,-0.04148,1.01748,-0.05368,1.47,-1.96,0.63,-56
1787066356400,145253,Lumbar,stand,-0.042944,1.013088,-0.055144,1.4,-1.75,0.77,-56
1787066356400,145270,Lumbar,stand,-0.042944,1.011624,-0.055144,1.68,-1.4,0.63,-56
1787066356400,145301,Lumbar,stand,-0.043432,1.012112,-0.057096,2.38,-1.82,0.7,-56
1787066356400,145318,Lumbar,stand,-0.043432,1.014552,-0.059536,2.45,-2.1,0.7,-56
1787066356400,145335,Lumbar,stand,-0.042944,1.01504,-0.057096,2.24,-1.75,0.77,-56
1787066356400,145352,Lumbar,stand,-0.043432,1.012112,-0.058072,2.03,-1.61,0.7,-56
1787066356812,145583,Lumbar,stand,-0.039528,1.010648,-0.059536,2.87,-2.03,0.49,-56
1787066356812,145613,Lumbar,stand,-0.041968,1.014552,-0.060512,3.15,-1.61,0.49,-56
1787066356812,145630,Lumbar,stand,-0.04148,1.015528,-0.061,2.94,-1.68,0.49,-56
1787066356812,145648,Lumbar,stand,-0.04148,1.014064,-0.062464,2.73,-1.75,0.49,-56
1787066356812,145664,Lumbar,stand,-0.042456,1.0126,-0.061488,2.73,-1.75,0.49,-56
1787066356812,145695,Lumbar,stand,-0.04148,1.013088,-0.061488,3.01,-1.61,0.56,-56
1787066356812,145712,Lumbar,stand,-0.04148,1.01504,-0.061488,2.94,-1.54,0.56,-56
1787066356812,145729,Lumbar,stand,-0.040016,1.014064,-0.062464,2.66,-1.82,0.77,-56
1787066356812,145746,Lumbar,stand,-0.039528,1.014552,-0.062952,2.45,-1.89,0.77,-56
1787066356812,145763,Lumbar,stand,-0.040016,1.013088,-0.061976,2.52,-1.82,0.77,-56
1787066357169,145939,Lumbar,stand,-0.038552,1.014552,-0.064416,1.89,-2.38,0.56,-56
1787066357169,145970,Lumbar,stand,-0.037576,1.010648,-0.061,2.24,-2.66,0.42,-56
1787066357169,145987,Lumbar,stand,-0.039528,1.013576,-0.064904,2.45,-3.36,0.63,-56
1787066357169,146004,Lumbar,stand,-0.042944,1.012112,-0.067344,2.03,-3.15,0.77,-56
1787066357169,146021,Lumbar,stand,-0.042944,1.0126,-0.067832,2.03,-2.73,0.84,-56
1787066357169,146052,Lumbar,stand,-0.040504,1.009184,-0.066368,2.59,-2.73,0.56,-56
1787066357169,146069,Lumbar,stand,-0.038552,1.011624,-0.065392,3.08,-2.8,0.56,-56
1787066357169,146086,Lumbar,stand,-0.037576,1.015528,-0.065392,2.94,-2.8,0.56,-56
1787066357169,146103,Lumbar,stand,-0.038064,1.016992,-0.064416,2.1,-2.73,0.63,-56
1787066357169,146120,Lumbar,stand,-0.039528,1.0126,-0.064416,1.68,-2.45,0.7,-56
1787066357529,146296,Lumbar,stand,-0.040504,1.015528,-0.070272,0.84,-1.89,0.49,-56
1787066357529,146328,Lumbar,stand,-0.03904,1.011136,-0.069296,1.19,-2.24,0.42,-56
1787066357529,146345,Lumbar,stand,-0.035624,1.014552,-0.064416,1.54,-2.87,0.35,-56
1787066357529,146363,Lumbar,stand,-0.035624,1.017968,-0.061488,1.19,-2.8,0.42,-56
1787066357529,146380,Lumbar,stand,-0.038064,1.01748,-0.061976,0.56,-2.31,0.35,-56
1787066357529,146397,Lumbar,stand,-0.037088,1.01504,-0.060512,0.42,-2.1,0.21,-56
1787066357529,146428,Lumbar,stand,-0.04148,1.010648,-0.064416,0.7,-2.17,0.07,-56
1787066357529,146445,Lumbar,stand,-0.040504,1.010648,-0.066856,0.91,-2.24,0.14,-56
1787066357529,146462,Lumbar,stand,-0.042456,1.013088,-0.067344,0.91,-2.17,0.07,-56
1787066357529,146479,Lumbar,stand,-0.039528,1.014552,-0.066856,0.77,-1.96,0.07,-56
1787066357885,146655,Lumbar,stand,-0.042944,1.01504,-0.06344,1.19,-2.52,0.21,-55
1787066357885,146686,Lumbar,stand,-0.03904,1.014064,-0.05856,0.63,-1.96,0.14,-55
1787066357885,146703,Lumbar,stand,-0.03904,1.012112,-0.057584,0.7,-1.75,0,-55
1787066357885,146720,Lumbar,stand,-0.03904,1.012112,-0.061,0.98,-1.82,0,-55
1787066357885,146737,Lumbar,stand,-0.040504,1.013088,-0.061976,0.91,-1.96,-0.07,-55
1787066357885,146768,Lumbar,stand,-0.040992,1.016016,-0.060024,0.63,-2.24,0,-55
1787066357885,146785,Lumbar,stand,-0.04148,1.016992,-0.060512,0.49,-2.03,0,-55
1787066357885,146802,Lumbar,stand,-0.042944,1.0126,-0.064904,0,-2.03,0.07,-55
1787066357885,146819,Lumbar,stand,-0.042456,1.009184,-0.063928,0.49,-2.17,0.07,-55
1787066357885,146836,Lumbar,stand,-0.042456,1.013088,-0.059048,0.98,-2.38,0.14,-55
1787066358242,147010,Lumbar,stand,-0.042456,1.0126,-0.05612,1.19,-2.8,-0.21,-55
1787066358242,147042,Lumbar,stand,-0.045384,1.01504,-0.053192,0.07,-2.66,0.21,-55
1787066358242,147059,Lumbar,stand,-0.043432,1.014064,-0.052216,-0.07,-2.45,0.14,-55
1787066358242,147076,Lumbar,stand,-0.042456,1.01016,-0.049776,0.14,-2.38,-0.07,-55
1787066358242,147093,Lumbar,stand,-0.040504,1.011136,-0.052216,0.7,-2.38,0,-55
1787066358242,147124,Lumbar,stand,-0.041968,1.015528,-0.054656,1.12,-2.52,0.21,-55
1787066358242,147141,Lumbar,stand,-0.041968,1.014064,-0.052704,0.91,-2.03,0.28,-55
1787066358242,147158,Lumbar,stand,-0.040992,1.00772,-0.053192,0.91,-1.68,0.21,-55
1787066358242,147175,Lumbar,stand,-0.040992,1.006256,-0.05368,1.75,-1.75,0.28,-55
1787066358242,147192,Lumbar,stand,-0.040992,1.009672,-0.055632,2.45,-1.75,0.21,-55
1787066358601,147368,Lumbar,stand,-0.04392,1.011624,-0.052704,1.75,-1.82,0.42,-55
1787066358601,147400,Lumbar,stand,-0.043432,1.0126,-0.053192,2.1,-1.4,0.49,-55
1787066358601,147417,Lumbar,stand,-0.042456,1.014552,-0.052704,1.96,-1.4,0.49,-55
1787066358601,147434,Lumbar,stand,-0.044896,1.016016,-0.053192,1.75,-1.61,0.56,-55
1787066358601,147451,Lumbar,stand,-0.04392,1.013576,-0.052704,1.54,-1.89,0.49,-55
1787066358601,147482,Lumbar,stand,-0.044896,1.013576,-0.05368,2.17,-2.17,0.56,-55
1787066358601,147499,Lumbar,stand,-0.04392,1.01504,-0.055144,2.17,-2.17,0.63,-55
1787066358601,147516,Lumbar,stand,-0.043432,1.016504,-0.05612,1.75,-2.03,0.7,-55
1787066358601,147533,Lumbar,stand,-0.042944,1.016504,-0.055144,1.54,-1.96,0.56,-55
1787066358601,147550,Lumbar,stand,-0.042456,1.014064,-0.054656,1.54,-2.1,0.56,-55
1787066358960,147727,Lumbar,stand,-0.041968,1.014552,-0.055632,2.03,-2.31,0.42,-55
1787066358960,147758,Lumbar,stand,-0.041968,1.016016,-0.059048,2.17,-1.96,0.42,-55
1787066358960,147775,Lumbar,stand,-0.04148,1.0126,-0.059048,1.61,-1.61,0.35,-55
1787066358960,147793,Lumbar,stand,-0.03904,1.011136,-0.05612,1.89,-1.4,0.21,-55
1787066358960,147810,Lumbar,stand,-0.038552,1.009184,-0.055632,2.52,-2.1,0.21,-55
1787066358960,147827,Lumbar,stand,-0.040016,1.011624,-0.055144,2.8,-2.73,0.63,-55
1787066358960,147858,Lumbar,stand,-0.044408,1.013576,-0.057584,2.52,-1.89,0.7,-55
1787066358960,147875,Lumbar,stand,-0.043432,1.013576,-0.059536,2.8,-1.68,0.56,-55
1787066358960,147892,Lumbar,stand,-0.042456,1.012112,-0.05856,2.73,-1.89,0.42,-55
1787066358960,147909,Lumbar,stand,-0.040504,1.01016,-0.058072,2.8,-1.96,0.42,-55
1787066359318,148085,Lumbar,stand,-0.040016,1.008208,-0.057096,2.52,-1.82,0.84,-55
1787066359318,148117,Lumbar,stand,-0.040992,1.016992,-0.061976,3.15,-2.03,0.77,-55
1787066359318,148134,Lumbar,stand,-0.04148,1.01748,-0.063928,2.31,-1.96,0.77,-55
1787066359318,148151,Lumbar,stand,-0.04148,1.0126,-0.062952,1.75,-2.03,0.84,-55
1787066359318,148168,Lumbar,stand,-0.03904,1.006744,-0.059536,2.17,-2.45,0.77,-55
1787066359318,148199,Lumbar,stand,-0.040992,1.01504,-0.062464,3.43,-2.87,0.77,-55
1787066359318,148216,Lumbar,stand,-0.040016,1.017968,-0.063928,2.94,-2.38,0.7,-55
1787066359318,148233,Lumbar,stand,-0.038552,1.016992,-0.062464,2.17,-1.75,0.7,-55
1787066359318,148250,Lumbar,stand,-0.037576,1.014064,-0.061976,1.96,-1.82,0.7,-55
1787066359318,148267,Lumbar,stand,-0.039528,1.010648,-0.062464,2.1,-2.03,0.7,-55
1787066359674,148443,Lumbar,stand,-0.040016,1.013088,-0.06588,2.8,-2.1,0.7,-55
1787066359674,148474,Lumbar,stand,-0.039528,1.014064,-0.067344,2.52,-2.24,0.77,-55
1787066359674,148491,Lumbar,stand,-0.038552,1.012112,-0.064904,2.45,-2.52,0.84,-55
1787066359674,148508,Lumbar,stand,-0.037088,1.013576,-0.066368,2.31,-2.38,0.77,-55
1787066359674,148525,Lumbar,stand,-0.0366,1.013088,-0.066368,2.17,-2.17,0.77,-55
1787066359674,148555,Lumbar,stand,-0.035624,1.013088,-0.066368,2.24,-1.82,0.7,-55
1787066359674,148573,Lumbar,stand,-0.035624,1.0126,-0.06832,2.24,-1.75,0.7,-55
1787066359674,148589,Lumbar,stand,-0.036112,1.013088,-0.068808,2.31,-1.68,0.7,-55
1787066359674,148606,Lumbar,stand,-0.036112,1.013576,-0.069296,2.24,-1.89,0.7,-55
1787066359674,148623,Lumbar,stand,-0.035624,1.011624,-0.067344,2.24,-2.24,0.63,-55
1787066360030,148799,Lumbar,stand,-0.036112,1.013576,-0.067344,1.4,-2.52,0.14,-55
1787066360030,148830,Lumbar,stand,-0.038064,1.0126,-0.06832,1.12,-2.1,0.28,-55
1787066360030,148847,Lumbar,stand,-0.037576,1.014552,-0.069784,1.4,-2.03,0.14,-55
1787066360030,148864,Lumbar,stand,-0.037088,1.0126,-0.07076,1.33,-2.31,0,-55
1787066360030,148881,Lumbar,stand,-0.0366,1.01016,-0.07076,1.47,-2.24,0,-55
1787066360030,148912,Lumbar,stand,-0.037088,1.016504,-0.06832,0.77,-2.24,0.35,-55
1787066360030,148929,Lumbar,stand,-0.039528,1.01504,-0.067832,0.56,-2.17,0.42,-55
1787066360030,148946,Lumbar,stand,-0.03904,1.013576,-0.066368,0.63,-1.75,0.28,-55
1787066360030,148963,Lumbar,stand,-0.03904,1.014064,-0.066856,0.84,-1.82,0.14,-55
1787066360030,148980,Lumbar,stand,-0.038064,1.014064,-0.069296,0.91,-2.52,0.21,-55
1787066360386,149154,Lumbar,stand,-0.0366,1.01016,-0.063928,0.7,-2.38,-0.07,-55
1787066360386,149185,Lumbar,stand,-0.0366,1.0126,-0.064904,0.91,-2.31,-0.07,-55
1787066360386,149202,Lumbar,stand,-0.038064,1.013576,-0.062464,0.98,-1.82,0,-55
1787066360386,149219,Lumbar,stand,-0.040016,1.016016,-0.064416,0.77,-1.61,-0.14,-55
1787066360386,149236,Lumbar,stand,-0.040016,1.014552,-0.066856,0.56,-1.89,0,-55
1787066360386,149267,Lumbar,stand,-0.040504,1.011136,-0.06344,0.84,-2.03,-0.07,-55
1787066360386,149284,Lumbar,stand,-0.039528,1.0126,-0.063928,1.05,-1.82,-0.07,-55
1787066360386,149301,Lumbar,stand,-0.03904,1.0126,-0.062952,0.98,-1.75,-0.07,-55
1787066360386,149318,Lumbar,stand,-0.039528,1.014064,-0.061,0.91,-1.82,-0.07,-55
1787066360386,149335,Lumbar,stand,-0.040504,1.013088,-0.061,0.98,-1.82,0,-55
1787066360746,149511,Lumbar,stand,-0.043432,1.01504,-0.057096,0.56,-2.66,-0.07,-55
1787066360746,149541,Lumbar,stand,-0.042456,1.016016,-0.057584,0.42,-2.94,-0.21,-55
1787066360746,149559,Lumbar,stand,-0.042456,1.014552,-0.05612,0.14,-2.87,-0.07,-55
1787066360746,149575,Lumbar,stand,-0.042456,1.013576,-0.054656,0,-2.73,-0.07,-55
1787066360746,149592,Lumbar,stand,-0.041968,1.013576,-0.053192,0.07,-2.45,-0.28,-55
1787066360746,149623,Lumbar,stand,-0.039528,1.0126,-0.054656,0.42,-2.38,-0.21,-55
1787066360746,149640,Lumbar,stand,-0.040016,1.012112,-0.057584,0.49,-2.52,-0.28,-55
1787066360746,149657,Lumbar,stand,-0.041968,1.013088,-0.057584,0.49,-2.59,-0.21,-55
1787066360746,149674,Lumbar,stand,-0.043432,1.01504,-0.055632,0.14,-2.73,-0.21,-55
1787066360746,149691,Lumbar,stand,-0.043432,1.012112,-0.054168,0.28,-2.87,-0.14,-55
1787066361104,149868,Lumbar,stand,-0.04148,1.014064,-0.054168,2.31,-3.08,0.21,-55
1787066361104,149900,Lumbar,stand,-0.044408,1.015528,-0.051728,1.68,-2.59,0.42,-55
1787066361104,149917,Lumbar,stand,-0.043432,1.013088,-0.050264,1.75,-2.17,0.42,-55
1787066361104,149934,Lumbar,stand,-0.04392,1.0126,-0.053192,1.96,-2.24,0.35,-55
1787066361104,149951,Lumbar,stand,-0.04392,1.012112,-0.054168,1.89,-2.59,0.49,-55
1787066361104,149982,Lumbar,stand,-0.042944,1.013576,-0.052216,1.96,-2.45,0.63,-55
1787066361104,149999,Lumbar,stand,-0.041968,1.013576,-0.050752,2.1,-1.82,0.49,-55
1787066361104,150016,Lumbar,stand,-0.042456,1.013088,-0.052216,2.03,-1.61,0.42,-55
1787066361104,150033,Lumbar,stand,-0.040992,1.01016,-0.049776,2.17,-1.68,0.49,-55
1787066361104,150050,Lumbar,stand,-0.040504,1.01504,-0.05124,2.45,-1.68,0.63,-55
1787066361461,150226,Lumbar,stand,-0.04392,1.014064,-0.05368,2.17,-1.96,0.42,-55
1787066361461,150258,Lumbar,stand,-0.042456,1.014552,-0.058072,1.96,-1.82,0.42,-55
1787066361461,150275,Lumbar,stand,-0.04392,1.013088,-0.057096,1.96,-1.75,0.42,-55
1787066361461,150292,Lumbar,stand,-0.044896,1.0126,-0.057096,2.1,-1.89,0.42,-55
1787066361461,150309,Lumbar,stand,-0.046848,1.013088,-0.05612,2.1,-1.96,0.49,-55
1787066361461,150340,Lumbar,stand,-0.045872,1.015528,-0.057096,1.96,-2.03,0.49,-55
1787066361461,150357,Lumbar,stand,-0.043432,1.013088,-0.057584,1.89,-2.03,0.56,-55
1787066361461,150374,Lumbar,stand,-0.041968,1.011136,-0.05612,2.1,-2.1,0.56,-55
1787066361461,150391,Lumbar,stand,-0.042944,1.013088,-0.057096,2.17,-2.38,0.63,-55
1787066361461,150408,Lumbar,stand,-0.044408,1.013576,-0.056608,2.1,-2.59,0.7,-55
1787066361823,150583,Lumbar,stand,-0.040992,1.013088,-0.059536,2.24,-2.87,0.7,-55
1787066361823,150614,Lumbar,stand,-0.041968,1.014552,-0.060512,2.73,-3.01,0.77,-55
1787066361823,150631,Lumbar,stand,-0.041968,1.016016,-0.061976,2.52,-2.45,0.77,-55
1787066361823,150649,Lumbar,stand,-0.04148,1.015528,-0.060512,2.1,-2.24,0.63,-55
1787066361823,150666,Lumbar,stand,-0.03904,1.0126,-0.058072,2.03,-2.24,0.56,-55
1787066361823,150697,Lumbar,stand,-0.039528,1.010648,-0.059048,2.94,-3.36,0.77,-55
1787066361823,150714,Lumbar,stand,-0.042456,1.014552,-0.061,2.94,-3.15,0.84,-55
1787066361823,150731,Lumbar,stand,-0.044408,1.015528,-0.061976,2.59,-2.45,0.7,-55
1787066361823,150748,Lumbar,stand,-0.042944,1.013576,-0.064416,2.38,-2.17,0.56,-55
1787066361823,150765,Lumbar,stand,-0.04148,1.006256,-0.06344,2.8,-2.17,0.56,-55
1787066362178,150942,Lumbar,stand,-0.040016,1.0126,-0.06588,2.17,-1.82,0.63,-55
1787066362178,150973,Lumbar,stand,-0.041968,1.011624,-0.062952,2.45,-1.89,0.63,-55
1787066362178,150990,Lumbar,stand,-0.039528,1.016016,-0.06344,2.38,-1.68,0.56,-55
1787066362178,151007,Lumbar,stand,-0.039528,1.015528,-0.066368,1.96,-1.4,0.56,-55
1787066362178,151024,Lumbar,stand,-0.04148,1.012112,-0.06588,1.75,-1.61,0.7,-55
1787066362178,151055,Lumbar,stand,-0.04148,1.009184,-0.067832,2.24,-2.31,0.7,-55
1787066362178,151072,Lumbar,stand,-0.040504,1.013576,-0.066856,2.66,-2.38,0.77,-55
1787066362178,151089,Lumbar,stand,-0.039528,1.016504,-0.066368,2.31,-2.31,0.77,-55
1787066362178,151106,Lumbar,stand,-0.040504,1.015528,-0.067832,1.89,-2.17,0.7,-55
1787066362178,151123,Lumbar,stand,-0.04148,1.013088,-0.069296,1.82,-2.24,0.7,-55
1787066362535,151299,Lumbar,stand,-0.03904,1.015528,-0.064416,0.98,-2.45,0.35,-53
1787066362535,151331,Lumbar,stand,-0.03904,1.014552,-0.065392,0.7,-2.52,0.28,-53
1787066362535,151348,Lumbar,stand,-0.037088,1.013088,-0.067344,0.56,-2.45,0.35,-53
1787066362535,151366,Lumbar,stand,-0.037088,1.011136,-0.065392,0.56,-2.17,0.28,-53
1787066362535,151383,Lumbar,stand,-0.038552,1.011624,-0.066856,0.91,-2.31,0.28,-53
1787066362535,151399,Lumbar,stand,-0.040992,1.014064,-0.064904,0.98,-2.59,0.21,-53
1787066362535,151431,Lumbar,stand,-0.038064,1.01504,-0.064416,0.77,-2.17,0.21,-53
1787066362535,151447,Lumbar,stand,-0.037576,1.014552,-0.064416,0.7,-2.03,0.14,-53
1787066362535,151464,Lumbar,stand,-0.038552,1.014552,-0.065392,0.42,-2.1,0,-53
1787066362535,151481,Lumbar,stand,-0.03904,1.013576,-0.064416,0.28,-2.1,0.07,-53
1787066362893,151656,Lumbar,stand,-0.03904,1.013576,-0.061,0.91,-2.52,-0.14,-53
1787066362893,151687,Lumbar,stand,-0.042944,1.013088,-0.061976,0.21,-2.52,0.28,-53
1787066362893,151704,Lumbar,stand,-0.041968,1.014064,-0.059048,0.42,-2.1,0.21,-53
1787066362893,151721,Lumbar,stand,-0.041968,1.011136,-0.061,0.63,-2.1,0.07,-53
1787066362893,151738,Lumbar,stand,-0.042456,1.011624,-0.057584,0.84,-2.24,-0.07,-53
1787066362893,151769,Lumbar,stand,-0.04148,1.016504,-0.059536,0.56,-2.38,0.14,-53
1787066362893,151786,Lumbar,stand,-0.042944,1.016504,-0.060512,0.07,-2.45,0.14,-53
1787066362893,151803,Lumbar,stand,-0.044896,1.014064,-0.058072,-0.14,-2.24,0.07,-53
1787066362893,151820,Lumbar,stand,-0.045384,1.01016,-0.054168,-0.14,-2.03,0.07,-53
1787066362893,151837,Lumbar,stand,-0.045872,1.009672,-0.054656,0.56,-2.17,0.07,-53
1787066363252,152013,Lumbar,stand,-0.04392,1.01504,-0.055632,0.91,-2.52,0.28,-53
1787066363252,152045,Lumbar,stand,-0.044408,1.015528,-0.05124,0.42,-2.87,0.14,-53
1787066363252,152062,Lumbar,stand,-0.045384,1.012112,-0.045384,0.14,-3.01,0.35,-53
1787066363252,152080,Lumbar,stand,-0.044896,1.01016,-0.04392,0.77,-3.08,0.28,-53
1787066363252,152097,Lumbar,stand,-0.043432,1.009672,-0.045384,1.4,-3.08,0.14,-53
1787066363252,152114,Lumbar,stand,-0.040992,1.0126,-0.048312,1.61,-3.01,0.07,-53
1787066363252,152145,Lumbar,stand,-0.04148,1.014064,-0.051728,1.47,-2.17,0.35,-53
1787066363252,152162,Lumbar,stand,-0.04148,1.013576,-0.051728,1.4,-2.1,0.42,-53
1787066363252,152179,Lumbar,stand,-0.040504,1.012112,-0.049776,1.33,-2.17,0.42,-53
1787066363252,152196,Lumbar,stand,-0.042456,1.011136,-0.049288,1.68,-2.24,0.49,-53
1787066363609,152373,Lumbar,stand,-0.04148,1.013576,-0.05124,1.75,-1.33,0.7,-53
1787066363609,152403,Lumbar,stand,-0.041968,1.013088,-0.052216,1.89,-1.12,0.56,-53
1787066363609,152421,Lumbar,stand,-0.040992,1.013576,-0.050752,2.03,-1.19,0.56,-53
1787066363609,152437,Lumbar,stand,-0.040992,1.014064,-0.051728,2.1,-1.33,0.56,-53
1787066363609,152454,Lumbar,stand,-0.042944,1.016504,-0.052216,2.03,-1.4,0.56,-53
1787066363609,152485,Lumbar,stand,-0.043432,1.012112,-0.051728,1.54,-1.75,0.56,-53
1787066363609,152502,Lumbar,stand,-0.043432,1.011624,-0.050752,1.75,-2.17,0.56,-53
1787066363609,152519,Lumbar,stand,-0.040992,1.013088,-0.050752,2.17,-2.17,0.7,-53
1787066363609,152536,Lumbar,stand,-0.042456,1.016992,-0.053192,1.89,-1.54,0.63,-53
1787066363609,152553,Lumbar,stand,-0.042944,1.013576,-0.052216,1.75,-1.12,0.42,-53
1787066363968,152729,Lumbar,stand,-0.043432,1.015528,-0.05612,1.96,-1.89,0.84,-62
1787066363968,152760,Lumbar,stand,-0.040504,1.009672,-0.052704,2.94,-1.89,0.77,-62
1787066363968,152777,Lumbar,stand,-0.040504,1.012112,-0.055632,3.64,-1.82,0.77,-62
1787066363968,152794,Lumbar,stand,-0.040016,1.01748,-0.059048,3.43,-1.96,0.91,-62
1787066363968,152811,Lumbar,stand,-0.039528,1.01748,-0.057096,2.59,-1.82,1.05,-62
1787066363968,152842,Lumbar,stand,-0.03904,1.013576,-0.055144,2.38,-1.61,0.63,-62
1787066363968,152859,Lumbar,stand,-0.039528,1.009184,-0.054656,2.73,-2.03,0.7,-62
1787066363968,152876,Lumbar,stand,-0.038552,1.014552,-0.055632,3.36,-2.17,0.77,-62
1787066363968,152893,Lumbar,stand,-0.03904,1.020896,-0.062952,2.73,-1.75,0.77,-62
1787066363968,152910,Lumbar,stand,-0.039528,1.019432,-0.063928,1.61,-1.47,0.7,-62
1787066364325,153087,Lumbar,stand,-0.039528,1.016992,-0.061488,1.61,-1.96,0.63,-62
1787066364325,153119,Lumbar,stand,-0.037088,1.011136,-0.061976,1.89,-1.82,0.63,-62
1787066364325,153136,Lumbar,stand,-0.038552,1.013088,-0.061976,2.03,-1.68,0.42,-62
1787066364325,153154,Lumbar,stand,-0.040504,1.014552,-0.061,2.1,-1.75,0.49,-62
1787066364325,153171,Lumbar,stand,-0.038552,1.01504,-0.061976,1.75,-1.96,0.7,-62
1787066364325,153188,Lumbar,stand,-0.038064,1.012112,-0.061976,1.75,-2.1,0.84,-62
1787066364325,153219,Lumbar,stand,-0.038552,1.011624,-0.060024,1.89,-2.1,0.63,-62
1787066364325,153236,Lumbar,stand,-0.038064,1.011624,-0.061,1.96,-1.89,0.49,-62
1787066364325,153252,Lumbar,stand,-0.0366,1.012112,-0.063928,2.24,-1.89,0.49,-62
1787066364325,153270,Lumbar,stand,-0.0366,1.0126,-0.064904,2.38,-2.03,0.56,-62
1787066364683,153444,Lumbar,stand,-0.038064,1.014064,-0.06344,1.82,-2.66,0.42,-62
1787066364683,153475,Lumbar,stand,-0.038552,1.016504,-0.064904,1.4,-3.08,0.49,-62
1787066364683,153492,Lumbar,stand,-0.037576,1.014552,-0.061976,1.12,-2.59,0.35,-62
1787066364683,153510,Lumbar,stand,-0.037576,1.012112,-0.061,1.33,-2.45,0.07,-62
1787066364683,153527,Lumbar,stand,-0.0366,1.014552,-0.060512,1.75,-3.01,0.07,-62
1787066364683,153558,Lumbar,stand,-0.040504,1.01504,-0.063928,0.91,-3.08,0.14,-62
1787066364683,153575,Lumbar,stand,-0.039528,1.012112,-0.062464,1.05,-2.73,0.21,-62
1787066364683,153592,Lumbar,stand,-0.037088,1.012112,-0.061976,1.4,-3.01,0,-62
1787066364683,153609,Lumbar,stand,-0.0366,1.011624,-0.062464,1.47,-3.29,-0.14,-62
1787066364683,153626,Lumbar,stand,-0.038064,1.013576,-0.06344,1.54,-3.22,-0.07,-62
1787066365042,153802,Lumbar,stand,-0.038552,1.014064,-0.057096,0.56,-2.94,-0.21,-60
1787066365042,153833,Lumbar,stand,-0.040016,1.01748,-0.060512,0.07,-2.87,-0.35,-60
1787066365042,153850,Lumbar,stand,-0.040992,1.013576,-0.056608,-0.21,-2.66,-0.35,-60
1787066365042,153867,Lumbar,stand,-0.040504,1.011136,-0.051728,-0.21,-2.66,-0.14,-60
1787066365042,153884,Lumbar,stand,-0.040016,1.0126,-0.052216,0.14,-2.73,-0.21,-60
1787066365042,153916,Lumbar,stand,-0.040504,1.016504,-0.054656,0.35,-3.22,-0.28,-60
1787066365042,153933,Lumbar,stand,-0.04148,1.01504,-0.05124,0.14,-3.15,-0.28,-60
1787066365042,153950,Lumbar,stand,-0.041968,1.014552,-0.0488,0.14,-2.8,-0.35,-60
1787066365042,153967,Lumbar,stand,-0.043432,1.014552,-0.047824,0.07,-2.73,-0.42,-60
1787066365042,153984,Lumbar,stand,-0.045872,1.015528,-0.050752,-0.28,-2.73,-0.49,-60
1787066365400,154161,Lumbar,stand,-0.041968,1.016504,-0.04392,0.14,-2.52,-0.07,-60
1787066365400,154192,Lumbar,stand,-0.044408,1.013576,-0.040992,-0.14,-2.45,0.21,-60
1787066365400,154209,Lumbar,stand,-0.041968,1.014552,-0.044896,-0.21,-2.1,0.07,-60
1787066365400,154225,Lumbar,stand,-0.043432,1.013576,-0.0488,-0.07,-1.75,-0.14,-60
1787066365400,154242,Lumbar,stand,-0.045872,1.0126,-0.047336,-0.07,-1.54,-0.14,-60
1787066365400,154273,Lumbar,stand,-0.045384,1.01504,-0.040992,0.63,-1.4,0,-60
1787066365400,154290,Lumbar,stand,-0.04392,1.020896,-0.040504,0.77,-1.54,-0.07,-60
1787066365400,154307,Lumbar,stand,-0.044896,1.019432,-0.040992,0.35,-1.89,-0.07,-60
1787066365400,154324,Lumbar,stand,-0.04392,1.012112,-0.039528,-0.49,-1.89,0.07,-60
1787066365400,154341,Lumbar,stand,-0.045872,1.006256,-0.0366,-0.14,-1.61,0.28,-60
1787066365756,154517,Lumbar,stand,-0.046848,1.008208,-0.042944,1.33,-1.54,0.07,-60
1787066365756,154549,Lumbar,stand,-0.046848,1.016504,-0.042944,1.61,-1.61,0.35,-60
1787066365756,154566,Lumbar,stand,-0.0488,1.015528,-0.04148,1.12,-1.4,0.42,-60
1787066365756,154583,Lumbar,stand,-0.049776,1.01016,-0.040992,1.12,-1.26,0.42,-60
1787066365756,154600,Lumbar,stand,-0.050752,1.009672,-0.040504,1.4,-1.26,0.42,-60
1787066365756,154631,Lumbar,stand,-0.045872,1.01992,-0.042456,2.45,-1.89,0.56,-60
1787066365756,154648,Lumbar,stand,-0.045384,1.020408,-0.041968,1.4,-1.54,0.77,-60
1787066365756,154665,Lumbar,stand,-0.04636,1.015528,-0.04148,1.12,-1.4,0.77,-60
1787066365756,154682,Lumbar,stand,-0.046848,1.01016,-0.040504,1.33,-1.47,0.49,-60
1787066365756,154699,Lumbar,stand,-0.0488,1.009184,-0.037088,2.38,-2.03,0.42,-60
1787066366116,154875,Lumbar,stand,-0.04636,1.013576,-0.04148,1.82,-2.45,0.21,-60
1787066366116,154906,Lumbar,stand,-0.047336,1.01504,-0.03904,1.61,-2.66,0.42,-60
1787066366116,154923,Lumbar,stand,-0.045872,1.016016,-0.038552,1.47,-2.66,0.42,-60
1787066366116,154941,Lumbar,stand,-0.047336,1.017968,-0.03904,1.47,-2.59,0.35,-60
1787066366116,154958,Lumbar,stand,-0.04636,1.017968,-0.040016,1.33,-2.45,0.35,-60
1787066366116,154989,Lumbar,stand,-0.04636,1.012112,-0.040992,0.84,-2.38,0.56,-60
1787066366116,155006,Lumbar,stand,-0.045384,1.011136,-0.035624,0.98,-2.45,0.56,-60
1787066366116,155023,Lumbar,stand,-0.044896,1.014064,-0.035624,1.26,-2.52,0.56,-60
1787066366116,155040,Lumbar,stand,-0.045384,1.014064,-0.0366,1.47,-2.66,0.42,-60
1787066366116,155057,Lumbar,stand,-0.043432,1.01504,-0.035624,1.54,-2.38,0.35,-60
1787066366474,155234,Lumbar,stand,-0.044408,1.016992,-0.0366,2.66,-1.75,0.56,-63
1787066366474,155264,Lumbar,stand,-0.044408,1.009672,-0.033672,2.24,-1.82,0.35,-63
1787066366474,155282,Lumbar,stand,-0.043432,1.007232,-0.033184,3.22,-1.82,0.49,-63
1787066366474,155298,Lumbar,stand,-0.042944,1.011624,-0.037576,3.64,-1.68,0.56,-63
1787066366474,155315,Lumbar,stand,-0.04392,1.017968,-0.040992,3.43,-1.54,0.42,-63
1787066366474,155346,Lumbar,stand,-0.04636,1.016992,-0.04148,2.87,-1.26,0.63,-63
1787066366474,155363,Lumbar,stand,-0.046848,1.014064,-0.038552,2.52,-1.12,0.56,-63
1787066366474,155380,Lumbar,stand,-0.04636,1.011624,-0.038552,2.94,-0.91,0.56,-63
1787066366474,155397,Lumbar,stand,-0.045384,1.013088,-0.042456,3.5,-1.33,0.84,-63
1787066366474,155414,Lumbar,stand,-0.044896,1.014064,-0.041968,3.43,-1.82,0.84,-63
1787066366832,155591,Lumbar,stand,-0.043432,1.016992,-0.04636,3.01,-2.24,0.42,-63
1787066366832,155622,Lumbar,stand,-0.043432,1.016992,-0.046848,2.66,-1.82,0.49,-63
1787066366832,155639,Lumbar,stand,-0.045872,1.014552,-0.044896,2.59,-1.96,0.49,-63
1787066366832,155657,Lumbar,stand,-0.045384,1.012112,-0.044896,2.8,-2.24,0.49,-63
1787066366832,155674,Lumbar,stand,-0.04392,1.016992,-0.045384,2.73,-2.52,0.42,-63
1787066366832,155705,Lumbar,stand,-0.041968,1.015528,-0.046848,2.17,-2.52,0.42,-63
1787066366832,155722,Lumbar,stand,-0.042944,1.014552,-0.047336,2.03,-2.38,0.28,-63
1787066366832,155739,Lumbar,stand,-0.042944,1.013088,-0.046848,1.89,-2.31,0.21,-63
1787066366832,155756,Lumbar,stand,-0.04392,1.014064,-0.049288,2.1,-2.17,0.35,-63
1787066366832,155773,Lumbar,stand,-0.04392,1.01504,-0.051728,2.17,-2.31,0.56,-63
1787066367191,155949,Lumbar,stand,-0.041968,1.01016,-0.048312,1.89,-2.45,0.28,-63
1787066367191,155980,Lumbar,stand,-0.04148,1.015528,-0.04636,2.03,-3.01,0.28,-63
1787066367191,155997,Lumbar,stand,-0.045384,1.01504,-0.050264,1.75,-2.52,0.35,-63
1787066367191,156014,Lumbar,stand,-0.04392,1.01748,-0.055144,1.54,-2.8,0.35,-63
1787066367191,156031,Lumbar,stand,-0.041968,1.01504,-0.052704,1.33,-2.8,0.07,-63
1787066367191,156062,Lumbar,stand,-0.04148,1.011136,-0.049288,1.96,-2.59,0.07,-63
1787066367191,156079,Lumbar,stand,-0.04148,1.016992,-0.048312,1.89,-2.87,0.28,-63
1787066367191,156096,Lumbar,stand,-0.044896,1.018456,-0.048312,1.26,-2.59,0.28,-63
1787066367191,156113,Lumbar,stand,-0.044896,1.01748,-0.049776,1.05,-2.31,0.28,-63
1787066367191,156130,Lumbar,stand,-0.043432,1.011624,-0.049776,0.91,-2.17,0.21,-63
1787066367551,156306,Lumbar,stand,-0.044896,1.011136,-0.046848,1.19,-2.38,-0.21,-67
1787066367551,156338,Lumbar,stand,-0.045384,1.016016,-0.04392,1.54,-3.15,-0.35,-67
1787066367551,156356,Lumbar,stand,-0.04392,1.016504,-0.046848,1.33,-3.15,-0.35,-67
1787066367551,156372,Lumbar,stand,-0.047824,1.014552,-0.04636,0.91,-2.87,-0.14,-67
1787066367551,156389,Lumbar,stand,-0.046848,1.014552,-0.043432,0.63,-2.73,-0.21,-67
1787066367551,156406,Lumbar,stand,-0.047336,1.014064,-0.044408,0.91,-2.87,-0.28,-67
1787066367551,156437,Lumbar,stand,-0.049288,1.014552,-0.047824,1.33,-3.22,-0.42,-67
1787066367551,156454,Lumbar,stand,-0.048312,1.014552,-0.047336,1.12,-2.87,-0.35,-67
1787066367551,156471,Lumbar,stand,-0.046848,1.013576,-0.048312,1.12,-2.73,-0.28,-67
1787066367551,156488,Lumbar,stand,-0.044408,1.0126,-0.046848,1.12,-2.66,-0.21,-67
1787066367909,156667,Lumbar,stand,-0.046848,1.01504,-0.040016,1.05,-2.03,-0.14,-67
1787066367909,156698,Lumbar,stand,-0.05124,1.01504,-0.042456,1.33,-2.24,-0.35,-67
1787066367909,156715,Lumbar,stand,-0.052704,1.014552,-0.042944,1.26,-2.38,-0.35,-67
1787066367909,156732,Lumbar,stand,-0.049776,1.016504,-0.04148,1.05,-2.73,-0.35,-67
1787066367909,156749,Lumbar,stand,-0.04636,1.017968,-0.04392,0.56,-3.36,-0.14,-67
1787066367909,156780,Lumbar,stand,-0.047824,1.014552,-0.040992,0,-2.66,0.07,-67
1787066367909,156797,Lumbar,stand,-0.05124,1.0126,-0.038552,0.28,-2.03,-0.28,-67
1787066367909,156814,Lumbar,stand,-0.052704,1.013088,-0.03904,0.77,-2.45,-0.35,-67
1787066367909,156831,Lumbar,stand,-0.053192,1.014552,-0.03904,0.91,-3.01,-0.28,-67
1787066367909,156848,Lumbar,stand,-0.05124,1.016504,-0.040992,0.63,-3.01,-0.21,-67
1787066368267,157024,Lumbar,stand,-0.050264,1.013576,-0.045384,2.31,-1.61,0.49,-67
1787066368267,157056,Lumbar,stand,-0.051728,1.013088,-0.043432,2.38,-1.4,0.77,-67
1787066368267,157073,Lumbar,stand,-0.05124,1.0126,-0.04392,2.31,-1.54,0.63,-67
1787066368267,157090,Lumbar,stand,-0.050264,1.01504,-0.040016,2.59,-1.68,0.49,-67
1787066368267,157107,Lumbar,stand,-0.050752,1.019432,-0.044408,2.17,-1.26,0.42,-67
1787066368267,157138,Lumbar,stand,-0.050264,1.0126,-0.043432,1.4,-1.19,0.49,-67
1787066368267,157155,Lumbar,stand,-0.049776,1.008208,-0.041968,1.89,-1.75,0.49,-67
1787066368267,157172,Lumbar,stand,-0.049288,1.009184,-0.040504,2.66,-2.1,0.49,-67
1787066368267,157189,Lumbar,stand,-0.050264,1.0126,-0.043432,2.8,-2.1,0.49,-67
1787066368267,157206,Lumbar,stand,-0.05124,1.01504,-0.044408,2.66,-2.03,0.56,-67
1787066368625,157382,Lumbar,stand,-0.050752,1.016016,-0.046848,2.1,-1.89,0.49,-67
1787066368625,157413,Lumbar,stand,-0.050752,1.013088,-0.047336,2.03,-1.89,0.56,-67
1787066368625,157430,Lumbar,stand,-0.049776,1.013576,-0.04392,2.17,-1.75,0.56,-67
1787066368625,157447,Lumbar,stand,-0.050752,1.013088,-0.04148,2.38,-1.82,0.63,-67
1787066368625,157464,Lumbar,stand,-0.050264,1.01504,-0.041968,2.38,-1.82,0.49,-67
1787066368625,157495,Lumbar,stand,-0.047824,1.014552,-0.047824,2.24,-2.17,0.49,-67
1787066368625,157512,Lumbar,stand,-0.048312,1.016016,-0.051728,1.96,-1.96,0.7,-67
1787066368625,157529,Lumbar,stand,-0.049288,1.015528,-0.050752,1.82,-1.75,0.56,-67
1787066368625,157546,Lumbar,stand,-0.050264,1.013088,-0.0488,1.75,-1.47,0.35,-67
1787066368625,157563,Lumbar,stand,-0.049776,1.011624,-0.046848,2.17,-2.03,0.28,-67
1787066368983,157740,Lumbar,stand,-0.050264,1.015528,-0.05124,1.82,-1.89,0.63,-66
1787066368983,157771,Lumbar,stand,-0.048312,1.013088,-0.050264,1.89,-1.89,0.7,-66
1787066368983,157788,Lumbar,stand,-0.046848,1.013576,-0.050264,1.96,-2.03,0.7,-66
1787066368983,157805,Lumbar,stand,-0.047824,1.0126,-0.049776,2.1,-1.68,0.56,-66
1787066368983,157822,Lumbar,stand,-0.049288,1.011624,-0.050752,2.03,-1.54,0.49,-66
1787066368983,157853,Lumbar,stand,-0.046848,1.014064,-0.045872,2.45,-1.12,0.35,-66
1787066368983,157870,Lumbar,stand,-0.0488,1.016016,-0.049288,2.59,-1.05,0.35,-66
1787066368983,157887,Lumbar,stand,-0.048312,1.01504,-0.054168,2.17,-1.19,0.35,-66
1787066368983,157904,Lumbar,stand,-0.045384,1.011624,-0.054168,1.82,-1.47,0.49,-66
1787066368983,157921,Lumbar,stand,-0.047824,1.009672,-0.052216,2.17,-2.1,0.49,-66
1787066369353,158098,Lumbar,stand,-0.044408,1.013088,-0.054656,2.94,-1.4,0.77,-66
1787066369353,158129,Lumbar,stand,-0.047336,1.0126,-0.056608,2.8,-1.68,0.7,-66
1787066369353,158146,Lumbar,stand,-0.047824,1.012112,-0.055632,3.08,-2.03,0.77,-66
1787066369353,158163,Lumbar,stand,-0.048312,1.0126,-0.055144,3.15,-2.17,0.91,-66
1787066369353,158179,Lumbar,stand,-0.046848,1.013576,-0.055144,3.29,-2.24,0.98,-66
1787066369353,158210,Lumbar,stand,-0.045872,1.016016,-0.05856,2.73,-1.96,0.63,-66
1787066369353,158227,Lumbar,stand,-0.046848,1.015528,-0.05612,2.31,-1.82,0.56,-66
1787066369353,158244,Lumbar,stand,-0.045872,1.014064,-0.057096,2.24,-1.96,0.56,-66
1787066369353,158261,Lumbar,stand,-0.046848,1.01504,-0.059536,2.31,-2.17,0.7,-66
1787066369353,158291,Lumbar,stand,-0.04392,1.016504,-0.059048,1.82,-2.1,0.56,-66
1787066369710,158467,Lumbar,stand,-0.045872,1.016992,-0.057584,0.63,-2.17,0.07,-66
1787066369710,158498,Lumbar,stand,-0.044896,1.013088,-0.057584,0.35,-2.03,-0.07,-66
1787066369710,158515,Lumbar,stand,-0.044896,1.013088,-0.05856,0.42,-2.52,-0.14,-66
1787066369710,158532,Lumbar,stand,-0.044896,1.014064,-0.058072,0.42,-2.94,-0.07,-66
1787066369710,158549,Lumbar,stand,-0.045384,1.016016,-0.054168,0.21,-2.94,0,-66
1787066369710,158580,Lumbar,stand,-0.044408,1.014064,-0.05124,-0.35,-1.96,-0.35,-66
1787066369710,158597,Lumbar,stand,-0.047824,1.011624,-0.052704,-0.21,-2.1,-0.42,-66
1787066369710,158614,Lumbar,stand,-0.047824,1.011624,-0.05368,0.42,-2.87,-0.35,-66
1787066369710,158631,Lumbar,stand,-0.047824,1.016016,-0.05612,0.21,-2.94,0,-66
1787066369710,158648,Lumbar,stand,-0.046848,1.016504,-0.05612,-0.56,-2.66,0.07,-66
1787066370068,158824,Lumbar,stand,-0.0488,1.014064,-0.050264,0.49,-2.24,0,-65
1787066370068,158856,Lumbar,stand,-0.0488,1.01504,-0.045872,0.63,-2.1,-0.07,-65
1787066370068,158873,Lumbar,stand,-0.049776,1.01504,-0.045872,0.42,-2.24,-0.14,-65
1787066370068,158891,Lumbar,stand,-0.049288,1.016992,-0.044896,0.21,-2.38,-0.14,-65
1787066370068,158908,Lumbar,stand,-0.05124,1.016992,-0.047336,-0.42,-2.45,-0.14,-65
1787066370068,158925,Lumbar,stand,-0.050752,1.012112,-0.046848,-0.77,-2.31,0,-65
1787066370068,158956,Lumbar,stand,-0.050752,1.010648,-0.046848,0.14,-2.52,0.14,-65
1787066370068,158973,Lumbar,stand,-0.05124,1.012112,-0.048312,0.7,-3.01,0.14,-65
1787066370068,158990,Lumbar,stand,-0.052216,1.014064,-0.044408,0.84,-2.94,-0.07,-65
1787066370068,159007,Lumbar,stand,-0.051728,1.016016,-0.042944,0.77,-2.45,-0.21,-65
1787066370427,159183,Lumbar,stand,-0.052216,1.012112,-0.040016,1.96,-1.82,0.21,-65
1787066370427,159214,Lumbar,stand,-0.051728,1.019432,-0.044408,1.82,-1.82,0.14,-65
1787066370427,159231,Lumbar,stand,-0.051728,1.015528,-0.044408,1.54,-1.96,0.28,-65
1787066370427,159248,Lumbar,stand,-0.051728,1.00772,-0.043432,1.26,-2.03,0.35,-65
1787066370427,159264,Lumbar,stand,-0.05124,1.009184,-0.03904,2.03,-1.75,0.35,-65
1787066370427,159295,Lumbar,stand,-0.052216,1.016992,-0.03904,2.52,-1.4,0.21,-65
1787066370427,159312,Lumbar,stand,-0.052216,1.015528,-0.040016,1.82,-1.47,0.28,-65
1787066370427,159329,Lumbar,stand,-0.050752,1.014552,-0.038552,1.68,-1.47,0.35,-65
1787066370427,159346,Lumbar,stand,-0.05124,1.014064,-0.04392,1.96,-1.4,0.35,-65
1787066370427,159363,Lumbar,stand,-0.051728,1.014064,-0.045872,2.03,-1.33,0.42,-65
1787066370785,159540,Lumbar,stand,-0.052216,1.01016,-0.044408,1.82,-1.89,0.42,-65
1787066370785,159571,Lumbar,stand,-0.050264,1.009184,-0.042944,2.73,-2.66,0.63,-65
1787066370785,159588,Lumbar,stand,-0.050264,1.013576,-0.04636,2.94,-2.87,0.77,-65
1787066370785,159605,Lumbar,stand,-0.051728,1.015528,-0.047336,2.8,-2.8,0.84,-65
1787066370785,159622,Lumbar,stand,-0.05124,1.014552,-0.048312,2.8,-2.38,0.7,-65
1787066370785,159653,Lumbar,stand,-0.050752,1.008208,-0.044896,2.8,-2.1,0.49,-65
1787066370785,159670,Lumbar,stand,-0.050752,1.013088,-0.044896,3.36,-1.89,0.49,-65
1787066370785,159687,Lumbar,stand,-0.05124,1.017968,-0.050264,3.36,-2.03,0.63,-65
1787066370785,159704,Lumbar,stand,-0.052216,1.018456,-0.050752,2.94,-1.96,0.84,-65
1787066370785,159721,Lumbar,stand,-0.052704,1.016016,-0.0488,2.45,-1.89,0.84,-65
1787066371141,159897,Lumbar,stand,-0.050752,1.011624,-0.050752,2.52,-1.89,0.77,-65
1787066371141,159929,Lumbar,stand,-0.047336,1.0126,-0.049288,3.22,-2.31,0.63,-65
1787066371141,159946,Lumbar,stand,-0.049288,1.017968,-0.052704,3.15,-2.52,0.49,-65
1787066371141,159963,Lumbar,stand,-0.050752,1.014552,-0.052704,2.45,-2.24,0.56,-65
1787066371141,159980,Lumbar,stand,-0.050752,1.012112,-0.052216,2.38,-2.03,0.49,-65
1787066371141,160011,Lumbar,stand,-0.049776,1.012112,-0.054656,3.01,-2.24,0.42,-65
1787066371141,160028,Lumbar,stand,-0.0488,1.012112,-0.054656,3.15,-2.17,0.49,-65
1787066371141,160045,Lumbar,stand,-0.050264,1.0126,-0.05612,3.22,-2.1,0.49,-65
1787066371141,160062,Lumbar,stand,-0.0488,1.012112,-0.057096,3.22,-2.1,0.42,-65
1787066371141,160079,Lumbar,stand,-0.050264,1.010648,-0.055632,3.43,-1.82,0.49,-65
1787066371497,160254,Lumbar,stand,-0.050264,1.0126,-0.059048,3.01,-1.96,0.49,-61
1787066371497,160285,Lumbar,stand,-0.049288,1.01016,-0.059536,2.87,-2.24,0.7,-61
1787066371497,160302,Lumbar,stand,-0.049288,1.011624,-0.064416,3.08,-2.38,0.77,-61
1787066371497,160319,Lumbar,stand,-0.050752,1.0126,-0.060512,3.29,-2.24,0.63,-61
1787066371497,160336,Lumbar,stand,-0.050264,1.01504,-0.060024,3.22,-2.1,0.49,-61
1787066371497,160367,Lumbar,stand,-0.046848,1.013576,-0.064416,2.8,-1.89,0.56,-61
1787066371497,160384,Lumbar,stand,-0.047336,1.0126,-0.062952,2.73,-2.17,0.56,-61
1787066371497,160401,Lumbar,stand,-0.047824,1.013088,-0.061488,2.59,-2.24,0.49,-61
1787066371497,160418,Lumbar,stand,-0.049776,1.0126,-0.059536,2.66,-2.1,0.49,-61
1787066371497,160435,Lumbar,stand,-0.0488,1.016016,-0.05856,2.52,-1.96,0.35,-61
1787066371857,160610,Lumbar,stand,-0.048312,1.014552,-0.064416,1.05,-2.24,0.21,-61
1787066371857,160641,Lumbar,stand,-0.04636,1.014064,-0.061976,0.98,-2.8,0.21,-61
1787066371857,160658,Lumbar,stand,-0.047336,1.015528,-0.061488,0.77,-2.87,0.35,-61
1787066371857,160675,Lumbar,stand,-0.05124,1.016992,-0.060024,0.28,-2.66,0.35,-61
1787066371857,160692,Lumbar,stand,-0.050752,1.015528,-0.060512,-0.07,-2.31,0.28,-61
1787066371857,160723,Lumbar,stand,-0.050264,1.011136,-0.061488,0.21,-1.75,-0.07,-61
1787066371857,160740,Lumbar,stand,-0.0488,1.012112,-0.064904,0.49,-2.38,0.14,-61
1787066371857,160757,Lumbar,stand,-0.048312,1.016016,-0.061976,0.21,-2.87,0.42,-61
1787066371857,160774,Lumbar,stand,-0.048312,1.015528,-0.055632,-0.28,-2.17,0.35,-61
1787066371857,160791,Lumbar,stand,-0.0488,1.014552,-0.05368,-0.28,-1.47,0.28,-61
1787066372214,160968,Lumbar,stand,-0.05124,1.016016,-0.052216,0,-2.1,0,-61
1787066372214,161000,Lumbar,stand,-0.052704,1.012112,-0.05124,0,-2.45,-0.07,-61
1787066372214,161017,Lumbar,stand,-0.05368,1.01016,-0.05124,0.28,-2.38,0,-61
1787066372214,161034,Lumbar,stand,-0.05124,1.011624,-0.05124,0.49,-2.1,-0.07,-61
1787066372214,161051,Lumbar,stand,-0.050264,1.013088,-0.050264,0.35,-1.75,0,-61
1787066372214,161082,Lumbar,stand,-0.049776,1.013088,-0.050264,0.42,-1.75,0.07,-61
1787066372214,161099,Lumbar,stand,-0.051728,1.012112,-0.049288,0.56,-1.96,0.07,-61
1787066372214,161116,Lumbar,stand,-0.053192,1.012112,-0.050752,0.84,-2.31,0.21,-61
1787066372214,161133,Lumbar,stand,-0.053192,1.014552,-0.048312,0.77,-2.52,0.14,-61
1787066372214,161149,Lumbar,stand,-0.052704,1.014552,-0.047336,0.63,-2.52,0.07,-61
1787066372579,161325,Lumbar,stand,-0.050752,1.011624,-0.043432,0.21,-2.52,0.07,-61
1787066372579,161356,Lumbar,stand,-0.049776,1.011136,-0.042456,0.56,-2.31,0.35,-61
1787066372579,161373,Lumbar,stand,-0.050264,1.009184,-0.042944,0.98,-2.1,0.42,-61
1787066372579,161390,Lumbar,stand,-0.050752,1.01016,-0.045384,1.68,-1.75,0.35,-61
1787066372579,161407,Lumbar,stand,-0.051728,1.012112,-0.044896,2.1,-1.82,0.28,-61
1787066372579,161438,Lumbar,stand,-0.050264,1.016992,-0.048312,1.75,-1.75,0.56,-61
1787066372579,161455,Lumbar,stand,-0.051728,1.012112,-0.046848,1.47,-1.54,0.35,-61
1787066372579,161472,Lumbar,stand,-0.050264,1.01016,-0.040992,1.89,-1.54,0.35,-61
1787066372579,161489,Lumbar,stand,-0.0488,1.00772,-0.040504,2.31,-1.82,0.28,-61
1787066372579,161506,Lumbar,stand,-0.051728,1.010648,-0.042456,2.73,-2.17,0.49,-61
1787066372930,161682,Lumbar,stand,-0.049776,1.013088,-0.047336,2.87,-1.26,0.63,-60
1787066372930,161713,Lumbar,stand,-0.050264,1.016504,-0.047824,2.52,-1.54,0.84,-60
1787066372930,161730,Lumbar,stand,-0.050752,1.01504,-0.046848,2.31,-1.68,0.91,-60
1787066372930,161747,Lumbar,stand,-0.05124,1.013088,-0.047824,2.17,-1.75,0.7,-60
1787066372930,161764,Lumbar,stand,-0.050752,1.012112,-0.045872,2.24,-1.82,0.7,-60
1787066372930,161795,Lumbar,stand,-0.050752,1.018944,-0.049776,2.17,-1.54,0.7,-60
1787066372930,161812,Lumbar,stand,-0.050752,1.01748,-0.05124,1.68,-1.47,0.7,-60
1787066372930,161829,Lumbar,stand,-0.050264,1.014064,-0.049776,1.54,-1.54,0.63,-60
1787066372930,161846,Lumbar,stand,-0.050264,1.009672,-0.044896,1.89,-2.1,0.56,-60
1787066372930,161863,Lumbar,stand,-0.047824,1.012112,-0.044896,2.66,-2.59,0.56,-60
1787066373288,162039,Lumbar,stand,-0.0488,1.014064,-0.05124,2.24,-1.82,0.56,-60
1787066373288,162071,Lumbar,stand,-0.0488,1.011136,-0.051728,2.94,-1.89,0.7,-60
1787066373288,162088,Lumbar,stand,-0.049288,1.013088,-0.054168,3.15,-2.1,0.7,-60
1787066373288,162106,Lumbar,stand,-0.0488,1.013576,-0.055144,3.15,-2.1,0.7,-60
1787066373288,162122,Lumbar,stand,-0.049288,1.016016,-0.055144,3.08,-2.03,0.56,-60
1787066373288,162139,Lumbar,stand,-0.047824,1.01504,-0.056608,2.87,-1.61,0.63,-60
1787066373288,162170,Lumbar,stand,-0.045872,1.0126,-0.057584,2.87,-1.82,0.77,-60
1787066373288,162187,Lumbar,stand,-0.045384,1.0126,-0.057096,3.08,-1.82,0.77,-60
1787066373288,162204,Lumbar,stand,-0.047336,1.013088,-0.055632,3.01,-2.03,0.77,-60
1787066373288,162221,Lumbar,stand,-0.0488,1.012112,-0.057584,3.15,-2.1,0.7,-60
1787066373643,162397,Lumbar,stand,-0.045872,1.011624,-0.060024,2.66,-3.08,0.56,-60
1787066373643,162429,Lumbar,stand,-0.049776,1.0126,-0.06344,2.66,-2.52,0.77,-60
1787066373643,162446,Lumbar,stand,-0.049776,1.014552,-0.062952,2.52,-2.45,0.63,-60
1787066373643,162463,Lumbar,stand,-0.048312,1.013088,-0.06344,2.45,-2.73,0.35,-60
1787066373643,162480,Lumbar,stand,-0.04636,1.011624,-0.066368,2.8,-2.8,0.21,-60
1787066373643,162511,Lumbar,stand,-0.044408,1.016504,-0.07076,2.17,-2.87,0.28,-60
1787066373643,162528,Lumbar,stand,-0.04636,1.01504,-0.067832,1.89,-2.8,0.49,-60
1787066373643,162545,Lumbar,stand,-0.046848,1.013088,-0.064416,1.54,-2.73,0.56,-60
1787066373643,162562,Lumbar,stand,-0.045384,1.012112,-0.061,1.47,-2.73,0.28,-60
1787066373643,162579,Lumbar,stand,-0.047824,1.013088,-0.061,1.75,-2.8,0.28,-60
1787066374015,162754,Lumbar,stand,-0.0488,1.011624,-0.062952,0.91,-3.5,0.28,-56
1787066374015,162785,Lumbar,stand,-0.047824,1.016016,-0.064904,0.91,-3.71,0.07,-56
1787066374015,162803,Lumbar,stand,-0.050264,1.016504,-0.061976,0.77,-3.71,0,-56
1787066374015,162821,Lumbar,stand,-0.05124,1.018456,-0.061976,0.14,-3.85,-0.14,-56
1787066374015,162838,Lumbar,stand,-0.05124,1.016992,-0.060512,-0.7,-4.2,-0.07,-56
1787066374015,162855,Lumbar,stand,-0.052704,1.013088,-0.059048,-0.98,-4.69,0.14,-56
1787066374015,162886,Lumbar,stand,-0.051728,1.011624,-0.05856,-0.56,-4.55,0,-56
1787066374015,162903,Lumbar,stand,-0.05124,1.012112,-0.059048,-0.07,-4.41,-0.07,-56
1787066374015,162920,Lumbar,stand,-0.052704,1.014552,-0.057096,0.28,-4.48,-0.07,-56
1787066374015,162937,Lumbar,stand,-0.052704,1.016504,-0.056608,0.21,-4.76,-0.07,-56
1787066374373,163113,Lumbar,stand,-0.049288,1.011624,-0.051728,0.35,-2.94,0,-56
1787066374373,163144,Lumbar,stand,-0.050752,1.014064,-0.047336,0.49,-2.73,0,-56
1787066374373,163161,Lumbar,stand,-0.049288,1.013088,-0.046848,0.77,-2.66,0,-56
1787066374373,163178,Lumbar,stand,-0.0488,1.013088,-0.049288,1.26,-2.87,0.28,-56
1787066374373,163195,Lumbar,stand,-0.0488,1.015528,-0.05368,0.98,-2.8,0.28,-56
1787066374373,163226,Lumbar,stand,-0.049776,1.014552,-0.0488,0.7,-1.61,-0.07,-56
1787066374373,163243,Lumbar,stand,-0.051728,1.013088,-0.0488,0.35,-1.33,0.21,-56
1787066374373,163260,Lumbar,stand,-0.05124,1.011624,-0.044408,0.42,-1.75,0.42,-56
1787066374373,163277,Lumbar,stand,-0.049776,1.011624,-0.040992,0.77,-1.89,0.21,-56
1787066374373,163307,Lumbar,stand,-0.0488,1.01504,-0.040992,0.91,-2.31,0,-56
1787066374730,163482,Lumbar,stand,-0.05368,1.0126,-0.040016,-0.84,-1.75,0.14,-56
1787066374730,163513,Lumbar,stand,-0.052216,1.017968,-0.041968,-0.63,-2.17,0.07,-56
1787066374730,163530,Lumbar,stand,-0.052704,1.01504,-0.042456,-0.84,-2.45,0.07,-56
1787066374730,163547,Lumbar,stand,-0.052704,1.009184,-0.041968,-0.63,-2.38,0.14,-56
1787066374730,163564,Lumbar,stand,-0.052704,1.006256,-0.038552,0.28,-1.82,0.21,-56
1787066374730,163595,Lumbar,stand,-0.050752,1.014552,-0.032696,1.54,-1.82,0.28,-56
1787066374730,163612,Lumbar,stand,-0.052704,1.017968,-0.038064,1.33,-1.61,0.07,-56
1787066374730,163629,Lumbar,stand,-0.052704,1.017968,-0.040504,0.7,-1.75,0.14,-56
1787066374730,163646,Lumbar,stand,-0.052704,1.014552,-0.038064,0.28,-2.38,0.28,-56
1787066374730,163663,Lumbar,stand,-0.05124,1.010648,-0.037576,0.42,-2.66,0.35,-56
1787066375088,163840,Lumbar,stand,-0.053192,1.016504,-0.037088,2.17,-2.24,0.07,-56
1787066375088,163871,Lumbar,stand,-0.050752,1.014552,-0.035136,1.68,-2.17,0.28,-56
1787066375088,163888,Lumbar,stand,-0.050752,1.0126,-0.035624,1.89,-2.31,0.28,-56
1787066375088,163905,Lumbar,stand,-0.050752,1.013576,-0.037088,2.1,-2.17,0.21,-56
1787066375088,163922,Lumbar,stand,-0.052216,1.013576,-0.037576,2.17,-1.96,0.28,-56
1787066375088,163953,Lumbar,stand,-0.05124,1.014064,-0.039528,1.82,-1.54,0.21,-56
1787066375088,163970,Lumbar,stand,-0.052216,1.013576,-0.038064,1.82,-1.54,0.28,-56
1787066375088,163986,Lumbar,stand,-0.052216,1.013088,-0.035624,2.1,-1.61,0.28,-56
1787066375088,164003,Lumbar,stand,-0.054656,1.0126,-0.035136,2.31,-1.61,0.28,-56
1787066375088,164020,Lumbar,stand,-0.052704,1.01504,-0.036112,2.52,-1.54,0.35,-56
1787066375447,164196,Lumbar,stand,-0.054168,1.015528,-0.038064,1.12,-2.52,0.7,-60
1787066375447,164228,Lumbar,stand,-0.05368,1.013576,-0.0366,1.19,-2.31,0.56,-60
1787066375447,164245,Lumbar,stand,-0.053192,1.01504,-0.0366,1.05,-2.38,0.56,-60
1787066375447,164262,Lumbar,stand,-0.053192,1.01504,-0.036112,0.98,-2.31,0.63,-60
1787066375447,164279,Lumbar,stand,-0.052704,1.014064,-0.034648,0.98,-2.17,0.77,-60
1787066375447,164310,Lumbar,stand,-0.054168,1.014064,-0.033184,1.12,-2.03,0.7,-60
1787066375447,164327,Lumbar,stand,-0.053192,1.016016,-0.035624,1.19,-2.24,0.7,-60
1787066375447,164344,Lumbar,stand,-0.053192,1.01504,-0.035136,1.19,-2.17,0.77,-60
1787066375447,164361,Lumbar,stand,-0.052216,1.016016,-0.033672,1.12,-1.96,0.77,-60
1787066375447,164378,Lumbar,stand,-0.05124,1.01504,-0.03416,1.4,-1.68,0.84,-60
1787066375807,164555,Lumbar,stand,-0.051728,1.01504,-0.03416,2.31,-1.26,0.77,-60
1787066375807,164587,Lumbar,stand,-0.052704,1.013088,-0.033184,2.73,-1.26,0.63,-60
1787066375807,164604,Lumbar,stand,-0.05124,1.015528,-0.035136,2.87,-1.61,0.7,-60
1787066375807,164621,Lumbar,stand,-0.05124,1.013576,-0.0366,2.66,-1.54,0.77,-60
1787066375807,164638,Lumbar,stand,-0.050264,1.013576,-0.0366,2.52,-1.33,0.7,-60
1787066375807,164669,Lumbar,stand,-0.052216,1.014064,-0.037088,2.87,-1.4,0.7,-60
1787066375807,164686,Lumbar,stand,-0.053192,1.016016,-0.037088,2.87,-1.68,0.63,-60
1787066375807,164703,Lumbar,stand,-0.052704,1.016504,-0.037088,2.73,-1.68,0.56,-60
1787066375807,164720,Lumbar,stand,-0.050752,1.016504,-0.039528,2.45,-1.68,0.63,-60
1787066375807,164737,Lumbar,stand,-0.05124,1.014552,-0.04392,2.1,-1.61,0.56,-60
1787066376165,164912,Lumbar,stand,-0.048312,1.010648,-0.040992,2.38,-2.38,0.14,-60
1787066376165,164943,Lumbar,stand,-0.047824,1.013576,-0.040992,2.52,-2.24,0.07,-60
1787066376165,164961,Lumbar,stand,-0.047824,1.01504,-0.043432,2.52,-1.68,0.07,-60
1787066376165,164978,Lumbar,stand,-0.048312,1.014552,-0.044408,2.73,-1.54,0,-60
1787066376165,164995,Lumbar,stand,-0.0488,1.013088,-0.04392,2.66,-1.54,-0.14,-60
1787066376165,165012,Lumbar,stand,-0.049288,1.013576,-0.042944,2.59,-1.61,-0.21,-60
1787066376165,165043,Lumbar,stand,-0.052704,1.016016,-0.042944,2.17,-1.47,-0.28,-60
1787066376165,165060,Lumbar,stand,-0.052704,1.01504,-0.041968,1.82,-1.33,-0.28,-60
1787066376165,165077,Lumbar,stand,-0.051728,1.013088,-0.042456,2.03,-1.19,-0.21,-60
1787066376165,165094,Lumbar,stand,-0.051728,1.014552,-0.04636,2.24,-1.4,-0.28,-60
1787066376581,165271,Lumbar,stand,-0.050264,1.0126,-0.044408,1.19,-3.43,0,-61
1787066376581,165349,Lumbar,stand,-0.052216,1.014064,-0.046848,0.7,-2.73,0,-61
1787066376581,165380,Lumbar,stand,-0.052216,1.0126,-0.04392,1.19,-3.01,0.14,-61
1787066376581,165397,Lumbar,stand,-0.052704,1.01504,-0.041968,1.33,-3.36,-0.07,-61
1787066376581,165414,Lumbar,stand,-0.052216,1.016504,-0.04148,0.91,-3.22,-0.21,-61
1787066376581,165431,Lumbar,stand,-0.052216,1.015528,-0.040504,0.7,-2.94,-0.21,-61
1787066376581,165462,Lumbar,stand,-0.050752,1.012112,-0.040504,0.98,-2.38,-0.28,-61
1787066376581,165479,Lumbar,stand,-0.05124,1.014552,-0.042944,1.05,-2.59,-0.28,-61
1787066376581,165496,Lumbar,stand,-0.051728,1.01748,-0.042944,0.84,-2.73,-0.35,-61
1787066376581,165513,Lumbar,stand,-0.053192,1.016016,-0.042456,0.56,-3.08,-0.28,-61
1787066376940,165689,Lumbar,stand,-0.057584,1.0126,-0.032208,0.7,-3.92,-0.49,-61
1787066376940,165720,Lumbar,stand,-0.057584,1.016016,-0.033672,0.56,-3.29,-0.28,-61
1787066376940,165737,Lumbar,stand,-0.057584,1.014552,-0.032208,0.56,-2.66,-0.35,-61
1787066376940,165754,Lumbar,stand,-0.056608,1.009672,-0.032696,0.7,-2.59,-0.56,-61
1787066376940,165771,Lumbar,stand,-0.056608,1.008208,-0.03416,1.05,-2.59,-0.63,-61
1787066376940,165802,Lumbar,stand,-0.058072,1.016016,-0.0366,1.47,-2.94,-0.49,-61
1787066376940,165819,Lumbar,stand,-0.059048,1.016504,-0.0366,1.19,-2.38,-0.21,-61
1787066376940,165835,Lumbar,stand,-0.059536,1.014552,-0.0366,1.12,-2.24,-0.14,-61
1787066376940,165852,Lumbar,stand,-0.060024,1.014552,-0.033672,1.33,-2.1,-0.35,-61
1787066376940,165869,Lumbar,stand,-0.060024,1.013576,-0.0366,1.82,-2.1,-0.42,-61
1787066377296,166045,Lumbar,stand,-0.061,1.0126,-0.030256,2.94,-2.24,-0.14,-61
1787066377296,166076,Lumbar,stand,-0.060024,1.016504,-0.033672,2.52,-1.75,0.07,-61
1787066377296,166093,Lumbar,stand,-0.061488,1.016504,-0.033672,1.96,-1.4,0.14,-61
1787066377296,166110,Lumbar,stand,-0.061,1.0126,-0.03416,2.03,-1.54,0.07,-61
1787066377296,166127,Lumbar,stand,-0.060512,1.014064,-0.035624,2.17,-1.68,0,-61
1787066377296,166158,Lumbar,stand,-0.060024,1.012112,-0.037088,2.45,-1.19,-0.14,-61
1787066377296,166175,Lumbar,stand,-0.062464,1.012112,-0.038552,2.73,-1.12,-0.07,-61
1787066377296,166192,Lumbar,stand,-0.062952,1.014064,-0.038552,2.73,-1.33,0.14,-61
1787066377296,166209,Lumbar,stand,-0.06344,1.013576,-0.03904,2.59,-1.61,0.28,-61
1787066377296,166226,Lumbar,stand,-0.06344,1.013088,-0.040504,2.59,-1.4,0.28,-61
1787066377652,166401,Lumbar,stand,-0.062952,1.014064,-0.040992,1.89,-1.75,0.49,-61
1787066377652,166433,Lumbar,stand,-0.061488,1.010648,-0.03904,2.45,-2.73,0.56,-61
1787066377652,166450,Lumbar,stand,-0.061,1.01016,-0.03904,2.73,-2.66,0.7,-61
1787066377652,166467,Lumbar,stand,-0.061488,1.0126,-0.040016,2.87,-2.1,0.77,-61
1787066377652,166484,Lumbar,stand,-0.057584,1.01748,-0.04148,2.73,-1.75,0.7,-61
1787066377652,166515,Lumbar,stand,-0.061488,1.0126,-0.042944,2.31,-1.96,0.56,-61
1787066377652,166532,Lumbar,stand,-0.060512,1.014064,-0.037088,2.59,-2.03,0.49,-61
1787066377652,166549,Lumbar,stand,-0.061,1.01748,-0.040016,2.17,-1.96,0.42,-61
1787066377652,166566,Lumbar,stand,-0.061976,1.016016,-0.045384,1.75,-1.89,0.63,-61
1787066377652,166583,Lumbar,stand,-0.06344,1.013088,-0.044896,1.75,-1.82,0.77,-61
1787066378011,166757,Lumbar,stand,-0.057584,1.008208,-0.042456,2.59,-1.26,0.63,-61
1787066378011,166788,Lumbar,stand,-0.055632,1.011136,-0.041968,3.78,-1.82,0.56,-61
1787066378011,166805,Lumbar,stand,-0.055632,1.016016,-0.045872,3.64,-1.89,0.7,-61
1787066378011,166823,Lumbar,stand,-0.05856,1.01748,-0.049776,3.15,-1.82,0.77,-61
1787066378011,166840,Lumbar,stand,-0.059536,1.01504,-0.050264,2.87,-1.54,0.7,-61
1787066378011,166871,Lumbar,stand,-0.057096,1.011624,-0.0488,3.01,-1.4,0.77,-61
1787066378011,166888,Lumbar,stand,-0.055144,1.013088,-0.052216,3.22,-1.61,0.7,-61
1787066378011,166905,Lumbar,stand,-0.054656,1.013576,-0.052216,3.43,-1.61,0.63,-61
1787066378011,166922,Lumbar,stand,-0.055144,1.014552,-0.052216,3.43,-1.54,0.63,-61
1787066378011,166939,Lumbar,stand,-0.058072,1.014552,-0.052704,3.29,-1.33,0.7,-61
1787066378370,167115,Lumbar,stand,-0.057584,1.014552,-0.052704,3.15,-1.19,0.91,-61
1787066378370,167146,Lumbar,stand,-0.056608,1.013088,-0.055144,2.94,-1.33,0.63,-61
1787066378370,167163,Lumbar,stand,-0.05612,1.016504,-0.05612,2.94,-1.96,0.77,-61
1787066378370,167180,Lumbar,stand,-0.057584,1.016016,-0.059536,2.31,-2.1,0.91,-61
1787066378370,167197,Lumbar,stand,-0.057584,1.010648,-0.057584,2.24,-1.96,0.84,-61
1787066378370,167228,Lumbar,stand,-0.055144,1.012112,-0.054656,2.94,-2.8,0.7,-61
1787066378370,167245,Lumbar,stand,-0.054168,1.0126,-0.05612,3.08,-2.52,0.84,-61
1787066378370,167262,Lumbar,stand,-0.055144,1.014552,-0.05856,3.01,-2.17,0.84,-61
1787066378370,167279,Lumbar,stand,-0.05612,1.013576,-0.059536,2.8,-1.82,0.77,-61
1787066378370,167296,Lumbar,stand,-0.055632,1.011136,-0.059536,3.15,-1.96,0.7,-61
1787066378722,167470,Lumbar,stand,-0.05368,1.015528,-0.056608,1.33,-3.15,0.49,-61
1787066378722,167502,Lumbar,stand,-0.054656,1.008696,-0.062952,1.33,-2.66,0.42,-61
1787066378722,167519,Lumbar,stand,-0.05368,1.01016,-0.062952,1.61,-2.59,0.28,-61
1787066378722,167536,Lumbar,stand,-0.054656,1.013088,-0.060512,1.96,-2.66,0.28,-61
1787066378722,167553,Lumbar,stand,-0.055632,1.0126,-0.059048,1.82,-2.8,0.14,-61
1787066378722,167584,Lumbar,stand,-0.055632,1.011136,-0.058072,1.75,-3.36,0.28,-61
1787066378722,167601,Lumbar,stand,-0.053192,1.0126,-0.059048,1.96,-3.71,0.21,-61
1787066378722,167618,Lumbar,stand,-0.052704,1.013576,-0.058072,1.75,-3.71,0.14,-61
1787066378722,167635,Lumbar,stand,-0.054168,1.0126,-0.058072,1.68,-3.08,0.07,-61
1787066378722,167652,Lumbar,stand,-0.055144,1.012112,-0.057096,1.82,-2.31,-0.14,-61
1787066379080,167827,Lumbar,stand,-0.052704,1.0126,-0.05856,1.4,-3.64,-0.07,-64
1787066379080,167858,Lumbar,stand,-0.056608,1.016504,-0.060024,1.61,-2.52,-0.21,-64
1787066379080,167875,Lumbar,stand,-0.060512,1.016992,-0.063928,1.19,-2.31,-0.14,-64
1787066379080,167892,Lumbar,stand,-0.061,1.016016,-0.064904,0.98,-2.38,-0.07,-64
1787066379080,167909,Lumbar,stand,-0.059048,1.014552,-0.064904,0.7,-2.59,0,-64
1787066379080,167940,Lumbar,stand,-0.054656,1.013576,-0.061976,0.63,-3.01,0.14,-64
1787066379080,167957,Lumbar,stand,-0.054656,1.013088,-0.05856,0.91,-3.15,0.21,-64
1787066379080,167974,Lumbar,stand,-0.055632,1.012112,-0.059536,0.98,-3.15,0.42,-64
1787066379080,167991,Lumbar,stand,-0.055632,1.012112,-0.060024,0.98,-3.01,0.56,-64
1787066379080,168008,Lumbar,stand,-0.055632,1.0126,-0.05612,0.84,-2.52,0.49,-64
1787066379438,168185,Lumbar,stand,-0.055144,1.011136,-0.05368,0.56,-2.24,0.14,-64
1787066379438,168216,Lumbar,stand,-0.057584,1.01504,-0.057584,0.91,-0.77,0.21,-64
1787066379438,168233,Lumbar,stand,-0.056608,1.01504,-0.061976,0.63,-0.56,-0.07,-64
1787066379438,168250,Lumbar,stand,-0.057096,1.010648,-0.05856,0.35,-0.91,-0.07,-64
1787066379438,168267,Lumbar,stand,-0.056608,1.011136,-0.057096,0.63,-1.54,0.14,-64
1787066379438,168298,Lumbar,stand,-0.060512,1.011136,-0.055144,0.21,-1.33,0.42,-64
1787066379438,168315,Lumbar,stand,-0.062464,1.005768,-0.055144,0.91,-0.84,0.56,-64
1787066379438,168332,Lumbar,stand,-0.061,1.00528,-0.054168,1.26,-0.7,0.49,-64
1787066379438,168349,Lumbar,stand,-0.058072,1.005768,-0.053192,1.96,-0.77,0.42,-64
1787066379438,168366,Lumbar,stand,-0.058072,1.013576,-0.061488,2.87,-0.91,0.42,-64
1787066379797,168543,Lumbar,stand,-0.056608,1.011624,-0.059536,3.15,-2.87,0.77,-64
1787066379797,168575,Lumbar,stand,-0.061,1.016016,-0.057096,2.87,-2.17,0.7,-64
1787066379797,168592,Lumbar,stand,-0.061976,1.015528,-0.060512,2.24,-2.45,0.63,-64
1787066379797,168610,Lumbar,stand,-0.060512,1.012112,-0.059536,2.24,-2.94,0.63,-64
1787066379797,168627,Lumbar,stand,-0.059536,1.012112,-0.059536,2.59,-3.08,0.63,-64
1787066379797,168643,Lumbar,stand,-0.058072,1.013088,-0.059048,2.73,-2.87,0.49,-64
1787066379797,168674,Lumbar,stand,-0.061,1.013088,-0.060512,2.45,-2.87,0.56,-64
1787066379797,168691,Lumbar,stand,-0.061488,1.014064,-0.061,2.38,-3.01,0.63,-64
1787066379797,168708,Lumbar,stand,-0.060512,1.014552,-0.061,2.24,-3.15,0.63,-64
1787066379797,168725,Lumbar,stand,-0.057584,1.011624,-0.059048,2.03,-3.22,0.7,-64
1787066380153,168900,Lumbar,stand,-0.055632,1.0126,-0.061488,2.17,-1.96,0.63,-60
1787066380153,168931,Lumbar,stand,-0.054656,1.011136,-0.062952,2.24,-1.68,0.49,-60
1787066380153,168948,Lumbar,stand,-0.054656,1.008696,-0.06344,2.52,-1.54,0.28,-60
1787066380153,168965,Lumbar,stand,-0.055632,1.010648,-0.062464,3.01,-1.54,0.42,-60
1787066380153,168982,Lumbar,stand,-0.054656,1.016016,-0.064904,3.01,-1.47,0.56,-60
1787066380153,169013,Lumbar,stand,-0.055632,1.014064,-0.064416,1.75,-0.91,0.56,-60
1787066380153,169030,Lumbar,stand,-0.055144,1.009184,-0.06344,2.03,-1.05,0.35,-60
1787066380153,169047,Lumbar,stand,-0.05368,1.007232,-0.061,3.15,-1.75,0.21,-60
1787066380153,169064,Lumbar,stand,-0.055144,1.011624,-0.061,3.29,-1.54,0.28,-60
1787066380153,169081,Lumbar,stand,-0.055632,1.01504,-0.066368,2.87,-0.84,0.28,-60
1787066380511,169257,Lumbar,stand,-0.057096,1.013576,-0.066368,2.52,-1.75,0.49,-60
1787066380511,169288,Lumbar,stand,-0.059048,1.013576,-0.066856,1.82,-2.1,0.49,-60
1787066380511,169305,Lumbar,stand,-0.057584,1.011136,-0.06832,1.68,-2.1,0.42,-60
1787066380511,169322,Lumbar,stand,-0.055632,1.009672,-0.066856,1.89,-2.1,0.49,-60
1787066380511,169339,Lumbar,stand,-0.05612,1.011624,-0.06832,2.38,-2.1,0.49,-60
1787066380511,169370,Lumbar,stand,-0.057584,1.01504,-0.068808,1.82,-2.45,0.56,-60
1787066380511,169387,Lumbar,stand,-0.05612,1.01504,-0.067832,1.61,-3.01,0.49,-60
1787066380511,169404,Lumbar,stand,-0.055632,1.012112,-0.06832,1.75,-3.43,0.49,-60
1787066380511,169421,Lumbar,stand,-0.055632,1.012112,-0.068808,1.89,-3.5,0.49,-60
1787066380511,169438,Lumbar,stand,-0.055632,1.013576,-0.068808,1.75,-3.22,0.63,-60
1787066380868,169614,Lumbar,stand,-0.05368,1.009672,-0.066368,1.4,-2.59,0.63,-60
1787066380868,169644,Lumbar,stand,-0.054656,1.012112,-0.068808,1.75,-2.24,0.42,-60
1787066380868,169662,Lumbar,stand,-0.055144,1.014552,-0.06832,1.61,-2.24,0.35,-60
1787066380868,169678,Lumbar,stand,-0.055144,1.014552,-0.06832,0.98,-2.17,0.35,-60
1787066380868,169695,Lumbar,stand,-0.05368,1.014064,-0.067832,0.49,-2.1,0.42,-60
1787066380868,169726,Lumbar,stand,-0.053192,1.011624,-0.065392,0.84,-2.17,0.42,-60
1787066380868,169743,Lumbar,stand,-0.054656,1.013088,-0.064416,1.05,-2.24,0.28,-60
1787066380868,169760,Lumbar,stand,-0.054656,1.01504,-0.064904,0.91,-2.1,0.35,-60
1787066380868,169777,Lumbar,stand,-0.05612,1.014552,-0.06588,0.91,-2.1,0.28,-60
1787066380868,169794,Lumbar,stand,-0.055632,1.011624,-0.067344,1.05,-2.03,0.28,-60
1787066381224,169970,Lumbar,stand,-0.056608,1.013088,-0.064904,0.98,-2.24,0.07,-60
1787066381224,170001,Lumbar,stand,-0.056608,1.013088,-0.061976,1.12,-3.01,0.35,-60
1787066381224,170018,Lumbar,stand,-0.05612,1.013576,-0.060024,1.12,-2.59,0.35,-60
1787066381224,170035,Lumbar,stand,-0.05612,1.0126,-0.063928,1.05,-1.89,0,-60
1787066381224,170052,Lumbar,stand,-0.05612,1.01016,-0.063928,1.19,-2.66,-0.07,-60
1787066381224,170083,Lumbar,stand,-0.056608,1.01504,-0.062952,1.26,-3.08,0.28,-60
1787066381224,170100,Lumbar,stand,-0.05612,1.01504,-0.06344,0.7,-2.73,0.42,-60
1787066381224,170117,Lumbar,stand,-0.058072,1.01504,-0.06344,0.56,-2.52,0.56,-60
1787066381224,170134,Lumbar,stand,-0.055144,1.0126,-0.061976,0.56,-2.52,0.35,-60
1787066381224,170151,Lumbar,stand,-0.054168,1.013576,-0.060024,0.77,-2.73,0.14,-60
1787066381582,170326,Lumbar,stand,-0.056608,1.009672,-0.055632,1.05,-1.89,0.28,-64
1787066381582,170357,Lumbar,stand,-0.055144,1.016016,-0.059536,0.77,-1.68,0.28,-64
1787066381582,170374,Lumbar,stand,-0.055144,1.016016,-0.061976,0.35,-1.61,0.42,-64
1787066381582,170391,Lumbar,stand,-0.057096,1.011624,-0.061,0.28,-1.75,0.49,-64
1787066381582,170408,Lumbar,stand,-0.056608,1.009184,-0.05612,0.56,-1.96,0.56,-64
1787066381582,170439,Lumbar,stand,-0.057096,1.010648,-0.054168,1.61,-1.96,0.28,-64
1787066381582,170456,Lumbar,stand,-0.057584,1.014064,-0.057096,1.96,-1.82,0.28,-64
1787066381582,170473,Lumbar,stand,-0.058072,1.013088,-0.05856,1.82,-1.54,0.28,-64
1787066381582,170490,Lumbar,stand,-0.058072,1.013088,-0.060512,1.61,-1.61,0.35,-64
1787066381582,170507,Lumbar,stand,-0.059048,1.012112,-0.057096,1.33,-2.03,0.42,-64
1787066381937,170682,Lumbar,stand,-0.057096,1.013088,-0.05612,1.75,-2.52,0.63,-64
1787066381937,170713,Lumbar,stand,-0.054656,1.012112,-0.05856,1.96,-2.17,0.42,-64
1787066381937,170730,Lumbar,stand,-0.05612,1.011624,-0.05856,2.24,-2.17,0.42,-64
1787066381937,170747,Lumbar,stand,-0.057096,1.014552,-0.059536,2.31,-2.31,0.56,-64
1787066381937,170764,Lumbar,stand,-0.05612,1.015528,-0.057096,1.89,-2.38,0.7,-64
1787066381937,170795,Lumbar,stand,-0.054168,1.011624,-0.05612,1.75,-2.1,0.7,-64
1787066381937,170812,Lumbar,stand,-0.054168,1.011624,-0.05612,1.96,-2.17,0.56,-64
1787066381937,170829,Lumbar,stand,-0.05368,1.010648,-0.054656,2.38,-2.17,0.63,-64
1787066381937,170846,Lumbar,stand,-0.05368,1.012112,-0.055632,2.52,-2.03,0.49,-64
1787066381937,170863,Lumbar,stand,-0.052704,1.016504,-0.05612,2.38,-1.96,0.56,-64
1787066382296,171039,Lumbar,stand,-0.055144,1.012112,-0.060512,1.96,-1.68,0.77,-64
1787066382296,171070,Lumbar,stand,-0.054168,1.014064,-0.059536,2.38,-1.12,0.49,-64
1787066382296,171087,Lumbar,stand,-0.054656,1.011136,-0.058072,2.52,-1.33,0.28,-64
1787066382296,171104,Lumbar,stand,-0.055144,1.01504,-0.057096,2.45,-1.68,0.21,-64
1787066382296,171121,Lumbar,stand,-0.055144,1.016016,-0.05856,1.82,-1.75,0.35,-64
1787066382296,171152,Lumbar,stand,-0.056608,1.013088,-0.058072,1.54,-1.33,0.7,-64
1787066382296,171169,Lumbar,stand,-0.055632,1.011136,-0.05856,1.75,-1.54,0.63,-64
1787066382296,171186,Lumbar,stand,-0.054656,1.010648,-0.05856,1.96,-1.82,0.56,-64
1787066382296,171203,Lumbar,stand,-0.054656,1.014552,-0.062464,2.38,-1.96,0.7,-64
1787066382296,171220,Lumbar,stand,-0.05612,1.01504,-0.062464,2.17,-2.1,0.77,-64
1787066382651,171396,Lumbar,stand,-0.052704,1.01504,-0.060024,1.54,-2.59,0.7,-60
1787066382651,171427,Lumbar,stand,-0.054168,1.0126,-0.059536,1.26,-2.1,0.7,-60
1787066382651,171443,Lumbar,stand,-0.055144,1.0126,-0.061488,1.47,-2.03,0.7,-60
1787066382651,171460,Lumbar,stand,-0.05368,1.013088,-0.062464,1.61,-2.17,0.7,-60
1787066382651,171478,Lumbar,stand,-0.05368,1.0126,-0.062464,1.54,-2.17,0.63,-60
1787066382651,171509,Lumbar,stand,-0.05368,1.011136,-0.061976,1.89,-1.96,0.49,-60
1787066382651,171526,Lumbar,stand,-0.053192,1.010648,-0.062464,1.96,-2.17,0.56,-60
1787066382651,171543,Lumbar,stand,-0.052704,1.011624,-0.061488,1.96,-2.17,0.56,-60
1787066382651,171560,Lumbar,stand,-0.05368,1.013088,-0.063928,2.03,-1.96,0.63,-60
1787066382651,171576,Lumbar,stand,-0.053192,1.013576,-0.061488,1.89,-1.96,0.63,-60
