pc_timestamp,arduino_ms,node_position,activity,ax,ay,az,gx,gy,gz,rssi
1787064403619,242283,Thigh,stand,-0.134688,-0.986248,0.120536,1.61,-2.59,-0.35,-79
1787064403619,242300,Thigh,stand,-0.131272,-0.987712,0.122,1.4,-2.87,-0.35,-79
1787064403619,242331,Thigh,stand,-0.128832,-0.989176,0.122488,1.33,-3.08,-0.07,-79
1787064403619,242348,Thigh,stand,-0.126392,-0.990152,0.125416,1.68,-2.94,-0.07,-79
1787064403619,242365,Thigh,stand,-0.123464,-0.989664,0.125904,1.47,-2.31,-0.21,-79
1787064403619,242382,Thigh,stand,-0.123464,-0.992592,0.124928,1.54,-1.61,-0.35,-79
1787064403619,242398,Thigh,stand,-0.123464,-0.992104,0.124928,1.75,-1.33,-0.42,-79
1787064403619,242430,Thigh,stand,-0.130784,-0.992104,0.123464,1.96,-0.84,-0.49,-79
1787064403619,242446,Thigh,stand,-0.135176,-0.99064,0.121512,1.82,-0.84,-0.49,-79
1787064403619,242463,Thigh,stand,-0.13664,-0.987224,0.122,1.68,-1.12,-0.35,-79
1787064403984,242641,Thigh,stand,-0.131272,-0.988688,0.121512,1.54,-2.73,-0.21,-79
1787064403984,242672,Thigh,stand,-0.12688,-0.99064,0.123464,1.26,-2.52,-0.35,-79
1787064403984,242689,Thigh,stand,-0.125416,-0.990152,0.12444,1.26,-1.82,-0.28,-79
1787064403984,242706,Thigh,stand,-0.124928,-0.989664,0.122,1.26,-1.61,-0.35,-79
1787064403984,242723,Thigh,stand,-0.127368,-0.99308,0.122976,1.75,-1.89,-0.35,-79
1787064403984,242754,Thigh,stand,-0.127856,-0.9882,0.122,1.54,-2.1,-0.35,-79
1787064403984,242771,Thigh,stand,-0.13176,-0.99064,0.122,1.68,-2.52,-0.42,-79
1787064403984,242788,Thigh,stand,-0.132248,-0.987224,0.11956,1.54,-2.73,-0.42,-79
1787064403984,242805,Thigh,stand,-0.13664,-0.9882,0.11956,1.54,-3.08,-0.35,-79
1787064403984,242821,Thigh,stand,-0.132248,-0.991128,0.120048,1.82,-3.5,-0.35,-79
1787064404330,242997,Thigh,stand,-0.127368,-0.991128,0.121024,1.12,-2.87,-0.07,-79
1787064404330,243028,Thigh,stand,-0.121024,-0.990152,0.128344,1.19,-2.59,0,-79
1787064404330,243045,Thigh,stand,-0.122,-0.991616,0.12932,1.47,-2.17,0,-79
1787064404330,243062,Thigh,stand,-0.122488,-0.99064,0.125416,1.75,-1.68,-0.28,-79
1787064404330,243079,Thigh,stand,-0.12688,-0.989176,0.12444,1.68,-1.61,-0.35,-79
1787064404330,243110,Thigh,stand,-0.1342,-0.991616,0.122488,1.4,-2.45,-0.35,-79
1787064404330,243127,Thigh,stand,-0.134688,-0.990152,0.121024,1.54,-3.15,-0.28,-79
1787064404330,243144,Thigh,stand,-0.132248,-0.988688,0.122976,1.33,-3.43,-0.28,-79
1787064404330,243161,Thigh,stand,-0.132248,-0.987712,0.12444,1.4,-3.71,-0.21,-79
1787064404330,243178,Thigh,stand,-0.13176,-0.9882,0.122976,1.19,-4.13,0,-79
1787064404684,243352,Thigh,stand,-0.13176,-0.989664,0.121512,1.4,-2.45,-0.14,-81
1787064404684,243383,Thigh,stand,-0.128832,-0.99064,0.122,1.4,-2.1,-0.21,-81
1787064404684,243400,Thigh,stand,-0.128344,-0.99064,0.121512,1.47,-1.75,-0.21,-81
1787064404684,243417,Thigh,stand,-0.128344,-0.9882,0.121024,1.4,-1.68,-0.21,-81
1787064404684,243434,Thigh,stand,-0.127368,-0.992104,0.125416,1.4,-1.54,-0.21,-81
1787064404684,243465,Thigh,stand,-0.131272,-0.989664,0.123464,1.4,-1.75,-0.28,-81
1787064404684,243482,Thigh,stand,-0.130296,-0.99064,0.123952,1.68,-2.24,-0.21,-81
1787064404684,243499,Thigh,stand,-0.1342,-0.988688,0.11956,1.61,-2.38,-0.42,-81
1787064404684,243516,Thigh,stand,-0.135664,-0.988688,0.115656,1.68,-2.94,-0.49,-81
1787064404684,243533,Thigh,stand,-0.137616,-0.988688,0.115656,1.68,-3.15,-0.56,-81
1787064405041,243709,Thigh,stand,-0.127856,-0.989664,0.124928,1.47,-3.36,-0.35,-81
1787064405041,243739,Thigh,stand,-0.123464,-0.989176,0.120048,1.33,-2.45,-0.35,-81
1787064405041,243756,Thigh,stand,-0.122,-0.989664,0.123464,1.26,-1.89,-0.35,-81
1787064405041,243774,Thigh,stand,-0.122,-0.990152,0.124928,1.4,-1.54,-0.35,-81
1787064405041,243791,Thigh,stand,-0.122976,-0.989664,0.12688,1.54,-1.54,-0.21,-81
1787064405041,243822,Thigh,stand,-0.126392,-0.988688,0.123952,1.4,-1.96,-0.14,-81
1787064405041,243839,Thigh,stand,-0.122976,-0.989664,0.124928,1.05,-2.38,-0.14,-81
1787064405041,243856,Thigh,stand,-0.120536,-0.990152,0.12688,1.05,-1.96,-0.21,-81
1787064405041,243873,Thigh,stand,-0.117608,-0.989664,0.12932,1.4,-1.75,-0.28,-81
1787064405041,243890,Thigh,stand,-0.121512,-0.99308,0.131272,1.54,-1.12,-0.35,-81
1787064405466,244068,Thigh,stand,-0.124928,-0.991616,0.128832,1.26,-2.17,0.14,-81
1787064405466,244098,Thigh,stand,-0.122,-0.9882,0.122976,0.91,-2.03,0.21,-81
1787064405466,244115,Thigh,stand,-0.121024,-0.992104,0.127368,1.05,-2.45,0.14,-81
1787064405466,244132,Thigh,stand,-0.121024,-0.990152,0.127856,1.47,-2.59,0,-81
1787064405466,244149,Thigh,stand,-0.120536,-0.989664,0.128344,1.54,-1.75,-0.14,-81
1787064405466,244180,Thigh,stand,-0.12688,-0.987224,0.12444,1.33,-1.68,-0.14,-81
1787064405466,244197,Thigh,stand,-0.126392,-0.987712,0.124928,1.19,-2.31,0,-81
1787064405466,244214,Thigh,stand,-0.128832,-0.994056,0.127856,1.4,-2.66,0,-81
1787064405466,244231,Thigh,stand,-0.124928,-0.992104,0.12688,1.68,-2.59,0,-81
1787064405466,244248,Thigh,stand,-0.128832,-0.985272,0.122,1.33,-1.89,-0.07,-81
1787064405756,244422,Thigh,stand,-0.127368,-0.993568,0.125416,1.4,-1.75,-0.07,-80
1787064405756,244453,Thigh,stand,-0.12688,-0.988688,0.125416,1.54,-1.33,-0.21,-80
1787064405756,244470,Thigh,stand,-0.125416,-0.984296,0.123464,1.26,-1.54,-0.28,-80
1787064405756,244487,Thigh,stand,-0.123464,-0.99308,0.122976,1.19,-1.96,-0.35,-80
1787064405756,244504,Thigh,stand,-0.12688,-0.996984,0.121512,1.68,-1.54,-0.42,-80
1787064405756,244535,Thigh,stand,-0.137616,-0.985272,0.11956,1.61,-1.75,-0.42,-80
1787064405756,244552,Thigh,stand,-0.133712,-0.989176,0.122488,1.26,-2.24,-0.28,-80
1787064405756,244569,Thigh,stand,-0.131272,-0.989664,0.123952,1.19,-2.38,-0.21,-80
1787064405756,244586,Thigh,stand,-0.129808,-0.991128,0.122488,1.26,-2.03,-0.21,-80
1787064405756,244603,Thigh,stand,-0.129808,-0.992104,0.122,1.4,-1.75,-0.14,-80
1787064406121,244780,Thigh,stand,-0.128344,-0.989176,0.121512,1.12,-3.78,-0.35,-80
1787064406121,244811,Thigh,stand,-0.121512,-0.991616,0.124928,1.19,-2.94,-0.21,-80
1787064406121,244828,Thigh,stand,-0.121024,-0.9882,0.125416,1.54,-2.31,-0.21,-80
1787064406121,244847,Thigh,stand,-0.120536,-0.98576,0.12444,1.26,-1.96,0,-80
1787064406121,244864,Thigh,stand,-0.120048,-0.99064,0.125416,1.12,-1.75,0.07,-80
1787064406121,244881,Thigh,stand,-0.11712,-0.990152,0.125904,1.12,-1.33,0,-80
1787064406121,244912,Thigh,stand,-0.122,-0.993568,0.122488,1.68,-0.77,-0.14,-80
1787064406121,244928,Thigh,stand,-0.127368,-0.987712,0.11956,1.68,-0.98,-0.28,-80
1787064406121,244945,Thigh,stand,-0.130296,-0.987224,0.120536,1.54,-1.61,-0.35,-80
1787064406121,244962,Thigh,stand,-0.130784,-0.9882,0.124928,1.47,-1.89,-0.28,-80
1787064406526,245192,Thigh,stand,-0.127856,-0.992104,0.12688,1.47,-3.5,0,-80
1787064406526,245223,Thigh,stand,-0.12444,-0.991128,0.11956,1.4,-3.01,0,-80
1787064406526,245240,Thigh,stand,-0.124928,-0.990152,0.118096,1.61,-2.59,-0.07,-80
1787064406526,245257,Thigh,stand,-0.128344,-0.988688,0.120048,1.54,-2.17,-0.07,-80
1787064406526,245274,Thigh,stand,-0.133224,-0.987224,0.12444,1.26,-2.17,-0.07,-80
1787064406526,245304,Thigh,stand,-0.130784,-0.989176,0.126392,1.12,-2.52,0.28,-80
1787064406526,245321,Thigh,stand,-0.134688,-0.99064,0.121024,1.12,-2.66,0.28,-80
1787064406526,245338,Thigh,stand,-0.132736,-0.99064,0.11956,1.19,-2.87,0.28,-80
1787064406526,245355,Thigh,stand,-0.128344,-0.987224,0.122,0.91,-2.45,0.28,-80
1787064406526,245372,Thigh,stand,-0.125416,-0.99064,0.123464,1.05,-2.38,0.21,-80
1787064406883,245547,Thigh,stand,-0.12932,-0.99064,0.123952,0.91,-3.43,0.21,-79
1787064406883,245578,Thigh,stand,-0.12688,-0.99064,0.12444,0.7,-3.5,0.28,-79
1787064406883,245595,Thigh,stand,-0.122976,-0.988688,0.130296,0.77,-3.15,0.28,-79
1787064406883,245613,Thigh,stand,-0.11956,-0.988688,0.132736,0.98,-2.24,0.21,-79
1787064406883,245630,Thigh,stand,-0.12444,-0.989176,0.127856,1.12,-1.82,0,-79
1787064406883,245661,Thigh,stand,-0.128344,-0.988688,0.121512,1.47,-2.52,0.07,-79
1787064406883,245678,Thigh,stand,-0.13176,-0.989176,0.11956,1.05,-2.38,0.14,-79
1787064406883,245695,Thigh,stand,-0.132248,-0.99064,0.122976,1.19,-1.61,0,-79
1787064406883,245711,Thigh,stand,-0.132248,-0.986248,0.122976,0.84,-1.54,0,-79
1787064406883,245728,Thigh,stand,-0.130784,-0.987712,0.121024,0.77,-1.82,0.07,-79
1787064407242,245904,Thigh,stand,-0.14152,-0.986248,0.11224,0.7,-1.75,0.35,-79
1787064407242,245935,Thigh,stand,-0.135664,-0.991616,0.118096,0.56,-2.38,0.42,-79
1787064407242,245952,Thigh,stand,-0.135176,-0.990152,0.116144,0.84,-2.1,0.56,-79
1787064407242,245970,Thigh,stand,-0.132736,-0.987224,0.115656,0.7,-2.17,0.63,-79
1787064407242,245987,Thigh,stand,-0.133224,-0.9882,0.116144,0.7,-2.8,0.56,-79
1787064407242,246018,Thigh,stand,-0.130296,-0.99308,0.120048,0.84,-2.59,0.42,-79
1787064407242,246035,Thigh,stand,-0.130296,-0.986248,0.116632,1.05,-1.89,0.35,-79
1787064407242,246052,Thigh,stand,-0.128832,-0.984296,0.11712,0.77,-1.82,0.28,-79
1787064407242,246069,Thigh,stand,-0.125416,-0.991128,0.125416,0.77,-1.75,0.21,-79
1787064407242,246086,Thigh,stand,-0.127368,-0.992592,0.125416,1.19,-0.84,0.14,-79
1787064407601,246261,Thigh,stand,-0.132736,-0.99064,0.120536,1.12,-2.94,0.28,-79
1787064407601,246292,Thigh,stand,-0.127368,-0.99308,0.116144,0.98,-2.24,0.35,-79
1787064407601,246309,Thigh,stand,-0.12688,-0.992104,0.111264,1.26,-1.82,0.28,-79
1787064407601,246326,Thigh,stand,-0.129808,-0.988688,0.1098,1.54,-1.82,0.07,-79
1787064407601,246343,Thigh,stand,-0.137128,-0.986736,0.115168,1.47,-1.4,0,-79
1787064407601,246374,Thigh,stand,-0.14152,-0.989176,0.11712,1.19,-2.03,0.14,-79
1787064407601,246391,Thigh,stand,-0.14396,-0.989176,0.115656,1.12,-2.52,0.42,-79
1787064407601,246408,Thigh,stand,-0.14152,-0.99064,0.113704,1.26,-3.78,0.56,-79
1787064407601,246425,Thigh,stand,-0.13664,-0.991128,0.111264,0.91,-3.85,0.56,-79
1787064407601,246442,Thigh,stand,-0.135664,-0.989664,0.112728,1.05,-3.36,0.49,-79
1787064407955,246617,Thigh,stand,-0.141032,-0.988688,0.11224,0.56,-3.92,0.35,-79
1787064407955,246648,Thigh,stand,-0.138104,-0.99064,0.116632,0.42,-4.27,0.63,-79
1787064407955,246665,Thigh,stand,-0.130784,-0.991128,0.122488,0.56,-3.99,0.63,-79
1787064407955,246682,Thigh,stand,-0.130296,-0.989664,0.121024,0.7,-3.36,0.63,-79
1787064407955,246699,Thigh,stand,-0.130296,-0.989664,0.11712,0.91,-3.08,0.56,-79
1787064407955,246730,Thigh,stand,-0.133224,-0.991128,0.1098,0.98,-2.03,0.49,-79
1787064407955,246747,Thigh,stand,-0.13908,-0.988688,0.113704,1.26,-1.05,0.42,-79
1787064407955,246764,Thigh,stand,-0.145912,-0.989176,0.111752,1.47,-0.56,0.28,-79
1787064407955,246781,Thigh,stand,-0.149328,-0.986248,0.111264,1.47,-1.05,0.14,-79
1787064407955,246798,Thigh,stand,-0.150792,-0.985272,0.1098,1.05,-1.68,0.21,-79
1787064408311,246972,Thigh,stand,-0.138104,-0.991128,0.11712,1.54,-2.94,-0.14,-79
1787064408311,247003,Thigh,stand,-0.148352,-0.984296,0.1098,1.61,-2.17,-0.21,-79
1787064408311,247020,Thigh,stand,-0.1464,-0.9882,0.106872,1.26,-2.87,-0.21,-79
1787064408311,247037,Thigh,stand,-0.147376,-0.987712,0.105896,1.33,-3.08,0,-79
1787064408311,247054,Thigh,stand,-0.148352,-0.98576,0.105408,1.19,-3.08,0,-79
1787064408311,247085,Thigh,stand,-0.144936,-0.990152,0.107848,0.91,-2.38,0.14,-79
1787064408311,247102,Thigh,stand,-0.142496,-0.986736,0.10736,0.77,-2.31,0.21,-79
1787064408311,247119,Thigh,stand,-0.140544,-0.987712,0.111264,0.91,-2.45,0.21,-79
1787064408311,247136,Thigh,stand,-0.140544,-0.989664,0.118096,1.05,-2.17,0.07,-79
1787064408311,247153,Thigh,stand,-0.140544,-0.992104,0.114192,1.05,-1.75,0.14,-79
1787064408668,247328,Thigh,stand,-0.14396,-0.986736,0.103944,1.68,-2.24,-0.14,-72
1787064408668,247358,Thigh,stand,-0.147376,-0.989664,0.105408,1.47,-2.66,-0.21,-72
1787064408668,247376,Thigh,stand,-0.1464,-0.991616,0.109312,1.47,-2.73,-0.14,-72
1787064408668,247392,Thigh,stand,-0.14884,-0.986248,0.113216,1.47,-2.38,-0.07,-72
1787064408668,247409,Thigh,stand,-0.144936,-0.983808,0.111752,1.26,-2.73,-0.07,-72
1787064408668,247440,Thigh,stand,-0.13664,-0.991616,0.113704,1.4,-2.66,-0.14,-72
1787064408668,247457,Thigh,stand,-0.140544,-0.988688,0.111752,1.61,-1.96,-0.14,-72
1787064408668,247474,Thigh,stand,-0.143472,-0.985272,0.111752,1.26,-1.75,0,-72
1787064408668,247491,Thigh,stand,-0.143472,-0.987712,0.11468,1.05,-1.4,0.07,-72
1787064408668,247508,Thigh,stand,-0.140056,-0.992104,0.118096,0.91,-1.26,0.14,-72
1787064409024,247684,Thigh,stand,-0.136152,-0.985272,0.120048,1.05,-3.22,0.21,-72
1787064409024,247715,Thigh,stand,-0.142496,-0.993568,0.110288,1.75,-3.5,0.49,-72
1787064409024,247732,Thigh,stand,-0.157624,-0.997472,0.099064,1.61,-3.71,0.98,-72
1787064409024,247749,Thigh,stand,-0.174704,-0.996984,0.089792,2.24,-5.04,1.96,-72
1787064409024,247766,Thigh,stand,-0.176168,-0.99308,0.08296,2.03,-7.7,3.08,-72
1787064409024,247796,Thigh,stand,-0.117608,-0.96868,0.092232,-3.29,-5.53,2.8,-72
1787064409024,247813,Thigh,stand,-0.096136,-0.965264,0.108824,-5.46,0.28,1.61,-72
1787064409024,247830,Thigh,stand,-0.066856,-0.976,0.133712,-5.25,2.94,1.19,-72
1787064409024,247847,Thigh,stand,-0.062952,-0.992104,0.15128,-1.96,8.47,0.35,-72
1787064409024,247864,Thigh,stand,-0.088328,-0.999912,0.14884,2.24,10.36,-0.35,-72
1787064409381,248041,Thigh,stand,-0.21228,-0.975024,0.084912,2.17,-4.69,0.42,-72
1787064409381,248072,Thigh,stand,-0.127856,-0.996984,0.10736,-1.54,-5.18,0.49,-72
1787064409381,248089,Thigh,stand,-0.115656,-0.997472,0.105408,0.98,-1.26,0,-72
1787064409381,248106,Thigh,stand,-0.120048,-0.992104,0.1098,0.98,0.84,0.07,-72
1787064409381,248123,Thigh,stand,-0.142496,-0.979904,0.101504,1.75,0.56,0,-72
1787064409381,248154,Thigh,stand,-0.147376,-0.980392,0.134688,0.84,-2.52,-0.14,-72
1787064409381,248171,Thigh,stand,-0.141032,-0.995032,0.141032,0.56,-2.38,-0.21,-72
1787064409381,248188,Thigh,stand,-0.140544,-0.99796,0.124928,1.82,-1.26,-0.28,-72
1787064409381,248204,Thigh,stand,-0.1464,-0.994056,0.099064,2.87,-1.26,-0.49,-72
1787064409381,248221,Thigh,stand,-0.14396,-0.983808,0.09516,2.66,-1.4,-0.77,-72
1787064409751,248397,Thigh,stand,-0.16348,-0.994056,0.0976,2.52,-3.57,-0.28,-73
1787064409751,248428,Thigh,stand,-0.17324,-0.987712,0.091256,3.01,-6.72,0.84,-73
1787064409751,248445,Thigh,stand,-0.167384,-0.976976,0.08784,1.54,-7.35,0.91,-73
1787064409751,248462,Thigh,stand,-0.139568,-0.98576,0.099552,0,-7.63,0.63,-73
1787064409751,248479,Thigh,stand,-0.11224,-0.974536,0.122488,-1.19,-5.04,0.14,-73
1787064409751,248510,Thigh,stand,-0.08784,-0.981856,0.155184,-1.19,1.12,-0.14,-73
1787064409751,248527,Thigh,stand,-0.101504,-0.996984,0.157624,0.91,3.71,-0.28,-73
1787064409751,248544,Thigh,stand,-0.123464,-0.99796,0.146888,2.8,3.57,-0.21,-73
1787064409751,248561,Thigh,stand,-0.138104,-0.99308,0.134688,3.15,0.42,-0.07,-73
1787064409751,248578,Thigh,stand,-0.159088,-0.980392,0.111752,3.5,-1.82,-0.28,-73
1787064410098,248753,Thigh,stand,-0.140056,-0.985272,0.132736,2.38,2.1,0.84,-73
1787064410098,248784,Thigh,stand,-0.140544,-0.96136,0.136152,-0.56,-1.4,1.12,-73
1787064410098,248801,Thigh,stand,-0.118096,-1.012112,0.13176,-0.84,-1.82,0.21,-73
1787064410098,248818,Thigh,stand,-0.108336,-1.024312,0.118584,3.08,-0.42,-0.84,-73
1787064410098,248835,Thigh,stand,-0.127856,-1.010648,0.106872,4.62,0.49,-1.33,-73
1787064410098,248866,Thigh,stand,-0.176168,-0.984296,0.099064,4.13,1.33,-2.31,-73
1787064410098,248883,Thigh,stand,-0.18544,-0.99308,0.092232,3.5,1.19,-2.03,-73
1787064410098,248900,Thigh,stand,-0.194712,-0.99308,0.089304,3.5,1.54,-2.03,-73
1787064410098,248918,Thigh,stand,-0.205936,-0.983808,0.086376,3.43,0.28,-2.03,-73
1787064410098,248935,Thigh,stand,-0.210328,-0.979904,0.079544,2.87,-2.87,-2.03,-73
1787064410457,249111,Thigh,stand,-0.118584,-0.994056,0.128344,3.36,-0.21,-0.98,-73
1787064410457,249142,Thigh,stand,-0.146888,-0.986248,0.120536,2.94,-0.14,-0.84,-73
1787064410457,249159,Thigh,stand,-0.147864,-0.987224,0.111264,2.17,-0.28,-0.63,-73
1787064410457,249176,Thigh,stand,-0.145424,-0.989176,0.1098,2.1,-0.42,-0.56,-73
1787064410457,249193,Thigh,stand,-0.138592,-0.991128,0.111264,2.45,-0.07,-0.63,-73
1787064410457,249224,Thigh,stand,-0.1464,-0.979904,0.11224,2.31,0.07,-0.56,-73
1787064410457,249241,Thigh,stand,-0.157624,-0.983808,0.1098,2.1,-0.7,-0.42,-73
1787064410457,249258,Thigh,stand,-0.161528,-0.984296,0.107848,2.31,-2.17,-0.42,-73
1787064410457,249275,Thigh,stand,-0.160552,-0.989176,0.104432,2.17,-3.78,-0.42,-73
1787064410457,249292,Thigh,stand,-0.151768,-0.9882,0.108824,2.31,-5.32,-0.49,-73
1787064410819,249469,Thigh,stand,-0.150792,-0.992592,0.121024,2.1,-2.17,-0.21,-73
1787064410819,249499,Thigh,stand,-0.148352,-0.982344,0.11712,1.05,-3.36,-0.21,-73
1787064410819,249517,Thigh,stand,-0.13908,-0.983808,0.120536,0.91,-3.22,-0.35,-73
1787064410819,249533,Thigh,stand,-0.138592,-0.991128,0.125904,1.12,-3.01,-0.42,-73
1787064410819,249550,Thigh,stand,-0.145424,-0.99308,0.125904,1.68,-2.66,-0.49,-73
1787064410819,249581,Thigh,stand,-0.150304,-0.987224,0.123464,1.75,-3.64,-0.35,-73
1787064410819,249598,Thigh,stand,-0.142984,-0.987224,0.122976,1.33,-4.06,-0.35,-73
1787064410819,249615,Thigh,stand,-0.138104,-0.991128,0.119072,1.33,-3.85,-0.49,-73
1787064410819,249632,Thigh,stand,-0.137128,-0.990152,0.118584,1.54,-3.29,-0.42,-73
1787064410819,249649,Thigh,stand,-0.1342,-0.986736,0.120536,1.33,-2.59,-0.35,-73
1787064411174,249827,Thigh,stand,-0.134688,-0.98576,0.119072,1.96,-2.17,-0.56,-77
1787064411174,249858,Thigh,stand,-0.134688,-0.991616,0.113704,1.33,-3.01,-0.63,-77
1787064411174,249875,Thigh,stand,-0.1342,-0.994056,0.116144,1.68,-2.73,-0.63,-77
1787064411174,249892,Thigh,stand,-0.138592,-0.988688,0.115168,1.89,-2.31,-0.63,-77
1787064411174,249909,Thigh,stand,-0.141032,-0.984296,0.110776,1.89,-2.73,-0.49,-77
1787064411174,249939,Thigh,stand,-0.140056,-0.989176,0.112728,1.19,-3.5,-0.28,-77
1787064411174,249956,Thigh,stand,-0.135664,-0.992592,0.11712,1.12,-3.15,-0.14,-77
1787064411174,249973,Thigh,stand,-0.133712,-0.99064,0.118096,1.33,-2.45,0.07,-77
1787064411174,249990,Thigh,stand,-0.134688,-0.986248,0.118096,1.47,-1.47,0,-77
1787064411174,250007,Thigh,stand,-0.136152,-0.991128,0.118096,1.33,-1.26,-0.07,-77
1787064411548,250184,Thigh,stand,-0.142496,-0.986248,0.11468,1.47,-3.01,-0.35,-77
1787064411548,250216,Thigh,stand,-0.145912,-0.986248,0.120536,1.54,-3.57,-0.07,-77
1787064411548,250233,Thigh,stand,-0.144448,-0.987224,0.122488,1.4,-3.99,0,-77
1787064411548,250250,Thigh,stand,-0.135664,-0.990152,0.124928,1.05,-3.71,0.14,-77
1787064411548,250267,Thigh,stand,-0.132736,-0.9882,0.12444,1.26,-2.8,0.07,-77
1787064411548,250298,Thigh,stand,-0.132248,-0.99308,0.122,1.68,-1.75,-0.07,-77
1787064411548,250314,Thigh,stand,-0.138104,-0.983808,0.118584,1.82,-1.4,-0.14,-77
1787064411548,250331,Thigh,stand,-0.140544,-0.982832,0.117608,1.33,-1.4,-0.07,-77
1787064411548,250348,Thigh,stand,-0.144936,-0.987224,0.115168,1.19,-1.54,0,-77
1787064411548,250365,Thigh,stand,-0.14396,-0.987224,0.118096,1.05,-1.26,-0.07,-77
1787064411894,250542,Thigh,stand,-0.148352,-0.989176,0.115168,1.54,-3.36,-0.07,-77
1787064411894,250573,Thigh,stand,-0.139568,-0.986736,0.11712,0.77,-3.15,0.28,-77
1787064411894,250590,Thigh,stand,-0.134688,-0.986736,0.119072,0.28,-2.73,0.49,-77
1787064411894,250607,Thigh,stand,-0.13176,-0.992104,0.118096,0.35,-1.89,0.42,-77
1787064411894,250625,Thigh,stand,-0.133224,-0.993568,0.116632,0.91,-1.05,0.21,-77
1787064411894,250656,Thigh,stand,-0.145424,-0.990152,0.123952,1.68,0.98,0.21,-77
1787064411894,250673,Thigh,stand,-0.15128,-0.98088,0.117608,1.12,-0.63,0.07,-77
1787064411894,250690,Thigh,stand,-0.145912,-0.984296,0.117608,0.91,-1.4,0.07,-77
1787064411894,250707,Thigh,stand,-0.14152,-0.9882,0.116144,0.98,-2.38,0.07,-77
1787064411894,250724,Thigh,stand,-0.147864,-0.992592,0.113704,0.56,-2.45,0.07,-77
1787064412249,250899,Thigh,stand,-0.128832,-0.980392,0.129808,0.77,-1.26,-0.35,-79
1787064412249,250931,Thigh,stand,-0.139568,-0.988688,0.126392,1.61,-1.68,0,-79
1787064412249,250948,Thigh,stand,-0.143472,-0.98088,0.120048,1.26,-2.66,0.28,-79
1787064412249,250965,Thigh,stand,-0.145424,-0.984296,0.118584,0.91,-3.57,0.21,-79
1787064412249,250982,Thigh,stand,-0.134688,-0.990152,0.117608,0.84,-3.92,0.14,-79
1787064412249,251013,Thigh,stand,-0.130296,-0.994544,0.114192,1.75,-0.63,-0.49,-79
1787064412249,251030,Thigh,stand,-0.135176,-0.994056,0.113216,1.82,0.21,-0.42,-79
1787064412249,251047,Thigh,stand,-0.15372,-0.989664,0.10736,2.66,1.33,-0.14,-79
1787064412249,251064,Thigh,stand,-0.184464,-0.985272,0.088816,2.52,0.56,0,-79
1787064412249,251081,Thigh,stand,-0.189832,-0.996496,0.084912,1.68,-1.89,0.28,-79
1787064412612,251258,Thigh,stand,-0.144936,-0.99064,0.105896,1.54,-3.71,-0.42,-79
1787064412612,251289,Thigh,stand,-0.144448,-0.98088,0.10492,1.82,-1.47,-0.84,-79
1787064412612,251306,Thigh,stand,-0.150304,-0.984296,0.106872,1.61,-1.26,-0.98,-79
1787064412612,251323,Thigh,stand,-0.162016,-0.992104,0.1098,1.61,-1.33,-0.98,-79
1787064412612,251340,Thigh,stand,-0.166408,-0.989176,0.113704,1.75,-1.75,-0.77,-79
1787064412612,251371,Thigh,stand,-0.146888,-0.989664,0.11224,1.19,-2.87,-0.07,-79
1787064412612,251388,Thigh,stand,-0.137128,-0.985272,0.110288,1.33,-2.87,0,-79
1787064412612,251405,Thigh,stand,-0.132248,-0.985272,0.11468,1.19,-1.96,-0.21,-79
1787064412612,251422,Thigh,stand,-0.133712,-0.990152,0.112728,1.54,-1.12,-0.63,-79
1787064412612,251439,Thigh,stand,-0.13664,-0.992104,0.110776,1.82,-0.77,-0.91,-79
1787064412967,251616,Thigh,stand,-0.135176,-0.99064,0.115168,0.91,-2.66,-0.42,-79
1787064412967,251647,Thigh,stand,-0.137128,-0.991128,0.11468,1.89,-2.45,-0.49,-79
1787064412967,251664,Thigh,stand,-0.141032,-0.989176,0.116144,2.03,-2.94,-0.42,-79
1787064412967,251681,Thigh,stand,-0.139568,-0.982832,0.11712,1.82,-3.57,-0.42,-79
1787064412967,251698,Thigh,stand,-0.137616,-0.987224,0.114192,1.47,-3.08,-0.35,-79
1787064412967,251729,Thigh,stand,-0.140056,-0.987224,0.11468,1.54,-1.89,-0.28,-79
1787064412967,251746,Thigh,stand,-0.139568,-0.990152,0.113704,1.61,-1.75,-0.35,-79
1787064412967,251763,Thigh,stand,-0.13908,-0.989176,0.116144,1.82,-1.33,-0.63,-79
1787064412967,251780,Thigh,stand,-0.140544,-0.990152,0.117608,1.75,-0.84,-0.77,-79
1787064412967,251797,Thigh,stand,-0.146888,-0.987712,0.112728,1.61,-0.84,-0.77,-79
1787064413327,251974,Thigh,stand,-0.142984,-0.990152,0.114192,1.96,-3.5,-0.7,-79
1787064413327,252004,Thigh,stand,-0.1464,-0.984784,0.112728,1.82,-4.06,-0.56,-79
1787064413327,252022,Thigh,stand,-0.141032,-0.987224,0.113704,1.61,-4.2,-0.35,-79
1787064413327,252038,Thigh,stand,-0.138104,-0.9882,0.114192,1.54,-3.92,-0.28,-79
1787064413327,252055,Thigh,stand,-0.137616,-0.989664,0.110776,1.33,-3.36,-0.28,-79
1787064413327,252086,Thigh,stand,-0.138592,-0.9882,0.113216,1.47,-3.36,-0.21,-79
1787064413327,252103,Thigh,stand,-0.1342,-0.988688,0.119072,1.12,-3.15,-0.28,-79
1787064413327,252120,Thigh,stand,-0.130784,-0.991128,0.120048,1.26,-2.52,-0.21,-79
1787064413327,252137,Thigh,stand,-0.132736,-0.989176,0.118584,1.54,-2.1,-0.28,-79
1787064413327,252154,Thigh,stand,-0.137616,-0.986248,0.115168,1.26,-2.45,-0.28,-79
1787064413687,252331,Thigh,stand,-0.135664,-0.9882,0.118096,2.17,-0.77,-0.56,-76
1787064413687,252362,Thigh,stand,-0.152744,-0.986248,0.106384,2.66,-1.54,-0.63,-76
1787064413687,252379,Thigh,stand,-0.154208,-0.986248,0.102968,2.03,-2.24,-0.49,-76
1787064413687,252397,Thigh,stand,-0.150792,-0.9882,0.106872,1.68,-1.4,-0.42,-76
1787064413687,252413,Thigh,stand,-0.1464,-0.987712,0.106872,1.61,-1.33,-0.28,-76
1787064413687,252444,Thigh,stand,-0.14396,-0.987224,0.115168,1.4,-1.19,-0.28,-76
1787064413687,252461,Thigh,stand,-0.14152,-0.991128,0.118584,1.75,-1.47,-0.14,-76
1787064413687,252478,Thigh,stand,-0.140544,-0.989176,0.11712,1.89,-1.54,-0.21,-76
1787064413687,252495,Thigh,stand,-0.142496,-0.991128,0.11712,1.75,-2.31,-0.14,-76
1787064413687,252512,Thigh,stand,-0.142008,-0.988688,0.115656,1.89,-3.29,-0.07,-76
1787064414066,252689,Thigh,stand,-0.139568,-0.989176,0.127856,1.54,-1.4,0,-76
1787064414066,252720,Thigh,stand,-0.135176,-0.99064,0.132248,1.61,-1.96,0.07,-76
1787064414066,252737,Thigh,stand,-0.133224,-0.992104,0.127856,1.89,-2.1,-0.07,-76
1787064414066,252754,Thigh,stand,-0.133712,-0.990152,0.123464,2.17,-2.03,-0.28,-76
1787064414066,252771,Thigh,stand,-0.140544,-0.982344,0.119072,2.24,-2.31,-0.28,-76
1787064414066,252802,Thigh,stand,-0.142496,-0.988688,0.121512,1.68,-1.61,-0.28,-76
1787064414066,252818,Thigh,stand,-0.149328,-0.9882,0.115656,2.1,-1.75,-0.28,-76
1787064414066,252835,Thigh,stand,-0.154696,-0.987224,0.115168,1.75,-1.75,-0.28,-76
1787064414066,252852,Thigh,stand,-0.157624,-0.987712,0.11224,1.05,-2.31,-0.07,-76
1787064414066,252869,Thigh,stand,-0.157624,-0.9882,0.115168,1.26,-3.22,0,-76
1787064414398,253045,Thigh,stand,-0.139568,-0.98576,0.119072,1.4,-2.66,-0.14,-76
1787064414398,253076,Thigh,stand,-0.138592,-0.991616,0.118096,1.4,-3.22,-0.21,-76
1787064414398,253093,Thigh,stand,-0.138592,-0.987712,0.122488,1.4,-2.1,-0.21,-76
1787064414398,253110,Thigh,stand,-0.137128,-0.986736,0.11956,1.26,-1.26,-0.21,-76
1787064414398,253127,Thigh,stand,-0.137128,-0.987712,0.117608,1.4,-1.96,-0.14,-76
1787064414398,253158,Thigh,stand,-0.140544,-0.989664,0.114192,1.61,-3.01,0.07,-76
1787064414398,253175,Thigh,stand,-0.13908,-0.989176,0.117608,1.47,-2.8,0.07,-76
1787064414398,253192,Thigh,stand,-0.138592,-0.984784,0.11468,1.19,-2.66,-0.07,-76
1787064414398,253209,Thigh,stand,-0.135664,-0.984784,0.115656,0.98,-3.01,0.07,-76
1787064414398,253226,Thigh,stand,-0.133712,-0.9882,0.120048,0.98,-3.36,0.07,-76
1787064414765,253401,Thigh,stand,-0.142008,-0.989664,0.118584,0.91,-3.5,-0.07,-74
1787064414765,253432,Thigh,stand,-0.142496,-0.99064,0.115168,1.33,-3.57,-0.07,-74
1787064414765,253449,Thigh,stand,-0.14152,-0.986248,0.116632,1.54,-3.08,-0.14,-74
1787064414765,253466,Thigh,stand,-0.143472,-0.984784,0.11468,1.19,-2.52,-0.07,-74
1787064414765,253483,Thigh,stand,-0.143472,-0.985272,0.11468,1.12,-2.38,0,-74
1787064414765,253514,Thigh,stand,-0.148352,-0.990152,0.111264,1.19,-3.36,-0.07,-74
1787064414765,253531,Thigh,stand,-0.147376,-0.9882,0.113216,1.19,-3.71,0,-74
1787064414765,253548,Thigh,stand,-0.143472,-0.986736,0.11956,0.98,-3.85,0,-74
1787064414765,253565,Thigh,stand,-0.139568,-0.987224,0.122,0.84,-4.34,0.07,-74
1787064414765,253582,Thigh,stand,-0.13908,-0.989664,0.122488,0.98,-4.41,0.07,-74
1787064415114,253756,Thigh,stand,-0.144448,-0.99064,0.115168,0.84,-3.08,0.28,-74
1787064415114,253787,Thigh,stand,-0.14152,-0.990152,0.119072,1.33,-3.15,-0.14,-74
1787064415114,253804,Thigh,stand,-0.142008,-0.989176,0.11956,1.4,-3.08,-0.21,-74
1787064415114,253821,Thigh,stand,-0.137616,-0.986736,0.115656,1.12,-3.29,-0.28,-74
1787064415114,253838,Thigh,stand,-0.136152,-0.987712,0.11956,1.19,-3.78,-0.21,-74
1787064415114,253869,Thigh,stand,-0.13664,-0.9882,0.124928,1.26,-2.8,-0.14,-74
1787064415114,253886,Thigh,stand,-0.13908,-0.989664,0.118096,1.54,-1.96,-0.14,-74
1787064415114,253903,Thigh,stand,-0.14396,-0.987712,0.116144,1.54,-2.31,-0.14,-74
1787064415114,253920,Thigh,stand,-0.145424,-0.986248,0.115168,1.05,-2.94,-0.21,-74
1787064415114,253937,Thigh,stand,-0.145424,-0.989664,0.115168,1.12,-3.15,-0.28,-74
1787064415470,254114,Thigh,stand,-0.142496,-0.985272,0.114192,1.33,-2.31,-0.28,-74
1787064415470,254145,Thigh,stand,-0.1464,-0.99064,0.115168,1.54,-1.89,-0.21,-74
1787064415470,254163,Thigh,stand,-0.143472,-0.987712,0.115168,1.4,-1.82,-0.21,-74
1787064415470,254180,Thigh,stand,-0.142496,-0.989664,0.113704,1.4,-2.59,-0.28,-74
1787064415470,254197,Thigh,stand,-0.13908,-0.989664,0.113704,1.89,-3.36,-0.35,-74
1787064415470,254214,Thigh,stand,-0.140544,-0.984296,0.113216,1.54,-3.01,-0.56,-74
1787064415470,254245,Thigh,stand,-0.147864,-0.990152,0.113216,1.33,-2.8,-0.49,-74
1787064415470,254262,Thigh,stand,-0.14396,-0.99064,0.11712,1.4,-3.01,-0.42,-74
1787064415470,254279,Thigh,stand,-0.142496,-0.989176,0.118584,1.4,-2.8,-0.35,-74
1787064415470,254296,Thigh,stand,-0.138104,-0.987224,0.118584,1.4,-2.87,-0.35,-74
1787064415915,254472,Thigh,stand,-0.14396,-0.989664,0.115656,1.61,-1.54,-0.42,-74
1787064415915,254503,Thigh,stand,-0.143472,-0.988688,0.118096,1.61,-1.12,-0.28,-74
1787064415915,254521,Thigh,stand,-0.140056,-0.989664,0.11712,1.54,-1.75,-0.21,-74
1787064415915,254537,Thigh,stand,-0.14152,-0.990152,0.117608,1.61,-2.31,-0.35,-74
1787064415915,254554,Thigh,stand,-0.144936,-0.988688,0.117608,1.75,-2.66,-0.35,-74
1787064415915,254585,Thigh,stand,-0.143472,-0.988688,0.11956,1.12,-3.01,-0.07,-74
1787064415915,254602,Thigh,stand,-0.139568,-0.990152,0.121024,1.33,-3.36,0,-74
1787064415915,254619,Thigh,stand,-0.137616,-0.986248,0.121512,1.33,-3.29,0.07,-74
1787064415915,254636,Thigh,stand,-0.135664,-0.986736,0.125416,0.98,-3.29,0.07,-74
1787064415915,254653,Thigh,stand,-0.134688,-0.989176,0.123464,1.05,-3.08,0.07,-74
1787064416191,254829,Thigh,stand,-0.133224,-0.9882,0.120536,1.19,-3.36,0,-77
1787064416191,254860,Thigh,stand,-0.135664,-0.989664,0.118096,1.4,-2.59,-0.21,-77
1787064416191,254877,Thigh,stand,-0.138592,-0.988688,0.115168,1.47,-2.52,-0.42,-77
1787064416191,254895,Thigh,stand,-0.142008,-0.989664,0.11468,1.54,-3.36,-0.35,-77
1787064416191,254912,Thigh,stand,-0.145912,-0.98576,0.112728,1.4,-3.92,-0.35,-77
1787064416191,254942,Thigh,stand,-0.144448,-0.989176,0.114192,1.33,-3.43,-0.14,-77
1787064416191,254959,Thigh,stand,-0.145424,-0.985272,0.11224,1.26,-3.57,-0.07,-77
1787064416191,254976,Thigh,stand,-0.14152,-0.988688,0.113704,0.98,-3.92,-0.14,-77
1787064416191,254993,Thigh,stand,-0.137616,-0.989176,0.114192,1.12,-3.5,-0.14,-77
1787064416191,255010,Thigh,stand,-0.13908,-0.9882,0.116632,1.05,-2.8,0,-77
1787064416735,255186,Thigh,stand,-0.135664,-0.990152,0.11224,1.68,-1.96,-0.35,-77
1787064416735,255217,Thigh,stand,-0.144448,-0.986736,0.114192,1.47,-2.66,-0.35,-77
1787064416735,255234,Thigh,stand,-0.144448,-0.986736,0.114192,1.33,-2.59,-0.28,-77
1787064416735,255251,Thigh,stand,-0.144936,-0.987712,0.113216,1.33,-2.31,-0.07,-77
1787064416735,255268,Thigh,stand,-0.145912,-0.989176,0.113216,0.98,-2.1,0.14,-77
1787064416735,255299,Thigh,stand,-0.140056,-0.989176,0.115656,1.05,-2.17,0.28,-77
1787064416735,255316,Thigh,stand,-0.134688,-0.99064,0.116144,1.26,-2.24,0.14,-77
1787064416735,255333,Thigh,stand,-0.135664,-0.986736,0.115656,1.4,-1.89,-0.14,-77
1787064416735,255349,Thigh,stand,-0.141032,-0.98576,0.113704,1.05,-2.17,-0.14,-77
1787064416735,255366,Thigh,stand,-0.139568,-0.9882,0.116144,1.05,-2.45,-0.14,-77
1787064416926,255542,Thigh,stand,-0.1464,-0.990152,0.118584,1.33,-2.8,-0.07,-76
1787064416926,255573,Thigh,stand,-0.144448,-0.9882,0.116632,1.05,-3.29,0.14,-76
1787064416926,255590,Thigh,stand,-0.142008,-0.987712,0.116144,1.12,-3.29,0.07,-76
1787064416926,255607,Thigh,stand,-0.138104,-0.989176,0.115168,1.12,-3.15,0,-76
1787064416926,255624,Thigh,stand,-0.13664,-0.989176,0.115656,1.26,-2.73,-0.14,-76
1787064416926,255655,Thigh,stand,-0.137616,-0.9882,0.112728,1.4,-2.17,0,-76
1787064416926,255671,Thigh,stand,-0.138104,-0.988688,0.112728,1.4,-1.82,-0.07,-76
1787064416926,255688,Thigh,stand,-0.14152,-0.992104,0.110288,1.61,-1.75,-0.21,-76
1787064416926,255705,Thigh,stand,-0.145424,-0.98576,0.1098,1.4,-1.96,-0.21,-76
1787064416926,255736,Thigh,stand,-0.142008,-0.987224,0.115168,1.26,-2.45,-0.14,-76
1787064417444,255911,Thigh,stand,-0.13664,-0.987224,0.11712,0.91,-3.08,-0.14,-76
1787064417444,255942,Thigh,stand,-0.138592,-0.992592,0.120048,1.4,-2.66,-0.21,-76
1787064417444,255959,Thigh,stand,-0.136152,-0.991616,0.118096,1.61,-2.59,-0.14,-76
1787064417444,255976,Thigh,stand,-0.138592,-0.989176,0.115168,2.03,-3.01,-0.21,-76
1787064417444,255993,Thigh,stand,-0.141032,-0.986736,0.11468,1.96,-3.85,-0.42,-76
1787064417444,256024,Thigh,stand,-0.148352,-0.987224,0.108824,2.1,-3.92,-0.56,-76
1787064417444,256041,Thigh,stand,-0.150792,-0.981856,0.106872,1.75,-4.2,-0.49,-76
1787064417444,256058,Thigh,stand,-0.150792,-0.982832,0.109312,1.4,-4.06,-0.14,-76
1787064417444,256075,Thigh,stand,-0.144936,-0.9882,0.111752,1.12,-3.29,0,-76
1787064417444,256092,Thigh,stand,-0.13908,-0.989176,0.116632,1.19,-2.17,0.14,-76
1787064417633,256267,Thigh,stand,-0.145424,-0.988688,0.118584,1.47,-1.47,-0.28,-72
1787064417633,256298,Thigh,stand,-0.145912,-0.9882,0.112728,1.19,-1.33,-0.28,-72
1787064417633,256315,Thigh,stand,-0.144936,-0.988688,0.113216,1.4,-1.96,-0.14,-72
1787064417633,256332,Thigh,stand,-0.144448,-0.991616,0.113216,1.61,-2.1,-0.28,-72
1787064417633,256349,Thigh,stand,-0.1464,-0.9882,0.114192,1.61,-2.45,-0.28,-72
1787064417633,256380,Thigh,stand,-0.149328,-0.98332,0.115168,1.05,-3.85,-0.07,-72
1787064417633,256397,Thigh,stand,-0.142008,-0.989176,0.11956,0.98,-4.2,-0.07,-72
1787064417633,256414,Thigh,stand,-0.138104,-0.991616,0.117608,1.47,-4.06,-0.14,-72
1787064417633,256432,Thigh,stand,-0.141032,-0.990152,0.11468,1.68,-3.64,-0.21,-72
1787064417633,256449,Thigh,stand,-0.14396,-0.986736,0.114192,1.54,-3.71,-0.21,-72
1787064418163,256627,Thigh,stand,-0.147376,-0.987712,0.111752,1.54,-2.52,0,-70
1787064418163,256657,Thigh,stand,-0.144936,-0.986248,0.110776,1.19,-2.24,-0.07,-70
1787064418163,256675,Thigh,stand,-0.144448,-0.987712,0.111752,1.19,-2.03,-0.14,-70
1787064418163,256692,Thigh,stand,-0.1464,-0.988688,0.11224,1.12,-2.03,-0.21,-70
1787064418163,256709,Thigh,stand,-0.145912,-0.988688,0.108824,1.33,-2.59,-0.21,-70
1787064418163,256740,Thigh,stand,-0.142984,-0.986736,0.11468,1.05,-3.57,-0.07,-70
1787064418163,256757,Thigh,stand,-0.140544,-0.992104,0.118096,1.05,-3.57,0,-70
1787064418163,256774,Thigh,stand,-0.138592,-0.991616,0.118584,1.4,-3.29,0,-70
1787064418163,256791,Thigh,stand,-0.135664,-0.986736,0.11468,1.47,-2.73,0.07,-70
1787064418163,256808,Thigh,stand,-0.135176,-0.986248,0.108824,1.54,-2.8,-0.07,-70
1787064418365,256983,Thigh,stand,-0.13908,-0.986736,0.115656,1.47,-2.8,-0.28,-74
1787064418365,257013,Thigh,stand,-0.139568,-0.989664,0.11468,1.61,-3.01,-0.35,-74
1787064418365,257030,Thigh,stand,-0.144936,-0.988688,0.116144,1.54,-2.45,-0.28,-74
1787064418365,257047,Thigh,stand,-0.147376,-0.985272,0.116144,1.33,-2.1,-0.21,-74
1787064418365,257064,Thigh,stand,-0.142008,-0.989664,0.116632,1.33,-2.38,-0.14,-74
1787064418365,257095,Thigh,stand,-0.136152,-0.989176,0.115656,1.19,-2.38,-0.21,-74
1787064418365,257112,Thigh,stand,-0.138592,-0.988688,0.117608,1.33,-1.75,-0.21,-74
1787064418365,257129,Thigh,stand,-0.142008,-0.9882,0.11712,1.26,-1.33,-0.28,-74
1787064418365,257146,Thigh,stand,-0.144448,-0.99064,0.117608,1.33,-1.54,-0.21,-74
1787064418365,257164,Thigh,stand,-0.14396,-0.987712,0.115656,1.54,-2.17,-0.14,-74
1787064418791,257341,Thigh,stand,-0.145912,-0.987224,0.107848,1.54,-2.52,-0.35,-74
1787064418791,257372,Thigh,stand,-0.14396,-0.989664,0.112728,1.68,-2.94,-0.35,-74
1787064418791,257389,Thigh,stand,-0.142496,-0.9882,0.114192,1.4,-2.24,-0.35,-74
1787064418791,257406,Thigh,stand,-0.14396,-0.987712,0.111264,1.4,-2.03,-0.35,-74
1787064418791,257422,Thigh,stand,-0.143472,-0.99064,0.108824,1.54,-2.45,-0.28,-74
1787064418791,257453,Thigh,stand,-0.144448,-0.986248,0.111752,1.61,-2.59,-0.07,-74
1787064418791,257470,Thigh,stand,-0.144936,-0.989176,0.113704,1.26,-1.89,0,-74
1787064418791,257487,Thigh,stand,-0.145424,-0.988688,0.113216,1.33,-1.75,-0.21,-74
1787064418791,257504,Thigh,stand,-0.144936,-0.987712,0.114192,1.19,-1.96,-0.21,-74
1787064418791,257521,Thigh,stand,-0.142008,-0.988688,0.11468,1.19,-2.66,-0.14,-74
1787064419064,257697,Thigh,stand,-0.143472,-0.987712,0.114192,1.61,-3.36,-0.35,-74
1787064419064,257728,Thigh,stand,-0.141032,-0.989176,0.119072,1.82,-2.38,-0.28,-74
1787064419064,257745,Thigh,stand,-0.142008,-0.987224,0.116632,1.54,-2.31,-0.35,-74
1787064419064,257762,Thigh,stand,-0.141032,-0.987712,0.115656,1.54,-2.45,-0.35,-74
1787064419064,257779,Thigh,stand,-0.140544,-0.984784,0.11712,1.4,-2.73,-0.49,-74
1787064419064,257811,Thigh,stand,-0.139568,-0.989664,0.11712,1.68,-3.08,-0.28,-74
1787064419064,257828,Thigh,stand,-0.141032,-0.987712,0.11956,1.61,-2.73,-0.35,-74
1787064419064,257844,Thigh,stand,-0.142496,-0.988688,0.121512,1.54,-2.38,-0.28,-74
1787064419064,257861,Thigh,stand,-0.144448,-0.9882,0.118584,1.4,-2.52,-0.28,-74
1787064419064,257879,Thigh,stand,-0.142008,-0.990152,0.120048,1.33,-3.08,-0.21,-74
1787064419597,258056,Thigh,stand,-0.142008,-0.986736,0.107848,1.4,-2.66,-0.28,-74
1787064419597,258087,Thigh,stand,-0.14152,-0.987712,0.115168,1.26,-2.73,-0.28,-74
1787064419597,258104,Thigh,stand,-0.140056,-0.987712,0.116632,1.26,-2.66,-0.21,-74
1787064419597,258121,Thigh,stand,-0.140544,-0.988688,0.116144,1.26,-2.66,-0.21,-74
1787064419597,258138,Thigh,stand,-0.139568,-0.987224,0.113704,1.26,-2.73,-0.07,-74
1787064419597,258169,Thigh,stand,-0.134688,-0.991616,0.116144,1.26,-3.01,-0.07,-74
1787064419597,258186,Thigh,stand,-0.133224,-0.991128,0.118584,1.4,-2.73,-0.07,-74
1787064419597,258203,Thigh,stand,-0.135176,-0.99064,0.116632,1.54,-2.52,-0.28,-74
1787064419597,258220,Thigh,stand,-0.136152,-0.988688,0.115168,1.61,-2.45,-0.28,-74
1787064419597,258237,Thigh,stand,-0.137128,-0.988688,0.116632,1.54,-2.45,-0.35,-74
1787064419787,258412,Thigh,stand,-0.12932,-0.99064,0.122976,1.96,-2.31,-0.49,-87
1787064419787,258443,Thigh,stand,-0.150792,-0.986248,0.105896,2.87,-2.59,-0.63,-87
1787064419787,258460,Thigh,stand,-0.162016,-0.981856,0.103456,2.31,-4.13,-0.42,-87
1787064419787,258477,Thigh,stand,-0.160064,-0.985272,0.104432,1.68,-5.18,0,-87
1787064419787,258494,Thigh,stand,-0.150304,-0.984784,0.106384,0.98,-5.53,0.35,-87
1787064419787,258525,Thigh,stand,-0.137616,-0.987224,0.112728,0.07,-3.36,0.42,-87
1787064419787,258542,Thigh,stand,-0.134688,-0.990152,0.120048,0.35,-1.47,0.35,-87
1787064419787,258559,Thigh,stand,-0.138592,-0.992104,0.117608,0.63,-0.98,0.35,-87
1787064419787,258576,Thigh,stand,-0.14152,-0.991616,0.117608,0.98,-1.4,0.28,-87
1787064419787,258594,Thigh,stand,-0.14152,-0.989176,0.119072,1.05,-1.89,0.28,-87
1787064420139,258771,Thigh,stand,-0.142984,-0.9882,0.113704,0.49,-2.1,0.56,-87
1787064420139,258802,Thigh,stand,-0.1342,-0.989176,0.118584,0.56,-2.1,0.35,-87
1787064420139,258819,Thigh,stand,-0.136152,-0.989664,0.11956,0.77,-1.89,0.42,-87
1787064420139,258836,Thigh,stand,-0.139568,-0.989176,0.118096,0.84,-2.24,0.42,-87
1787064420139,258853,Thigh,stand,-0.13908,-0.988688,0.116144,0.98,-2.66,0.56,-87
1787064420139,258884,Thigh,stand,-0.130784,-0.989176,0.122,0.84,-2.03,0.42,-87
1787064420139,258901,Thigh,stand,-0.131272,-0.989664,0.121024,0.91,-0.98,0.21,-87
1787064420139,258918,Thigh,stand,-0.135176,-0.991128,0.118096,1.33,-0.49,0.07,-87
1787064420139,258935,Thigh,stand,-0.142496,-0.987224,0.109312,1.47,-0.49,0,-87
1787064420139,258952,Thigh,stand,-0.148352,-0.987224,0.107848,1.26,-1.19,-0.21,-87
1787064420494,259128,Thigh,stand,-0.145424,-0.990152,0.112728,0.77,-2.45,0,-87
1787064420494,259158,Thigh,stand,-0.144936,-0.986248,0.106872,1.05,-1.19,0.21,-87
1787064420494,259175,Thigh,stand,-0.145424,-0.99064,0.105896,1.12,-0.91,0,-87
1787064420494,259192,Thigh,stand,-0.147864,-0.990152,0.102968,1.54,-0.98,-0.21,-87
1787064420494,259209,Thigh,stand,-0.151768,-0.99064,0.10736,1.47,-0.98,-0.21,-87
1787064420494,259240,Thigh,stand,-0.1586,-0.986248,0.101504,1.26,-1.19,-0.14,-87
1787064420494,259257,Thigh,stand,-0.162016,-0.987712,0.101992,1.12,-1.89,-0.07,-87
1787064420494,259274,Thigh,stand,-0.161528,-0.986736,0.103944,0.91,-2.8,0,-87
1787064420494,259291,Thigh,stand,-0.157136,-0.987712,0.10736,1.19,-3.29,0.07,-87
1787064420494,259308,Thigh,stand,-0.152256,-0.982832,0.105408,0.7,-3.5,0.28,-87
1787064421030,259484,Thigh,stand,-0.14884,-0.986248,0.104432,1.68,-2.87,-0.35,-87
1787064421030,259515,Thigh,stand,-0.14396,-0.984784,0.108824,1.05,-3.36,-0.21,-87
1787064421030,259531,Thigh,stand,-0.141032,-0.991128,0.110776,1.19,-3.15,-0.28,-87
1787064421030,259548,Thigh,stand,-0.143472,-0.991128,0.109312,1.61,-2.52,-0.21,-87
1787064421030,259565,Thigh,stand,-0.149328,-0.988688,0.10736,1.54,-2.38,-0.28,-87
1787064421030,259596,Thigh,stand,-0.142984,-0.989664,0.113216,1.19,-1.96,-0.21,-87
1787064421030,259613,Thigh,stand,-0.13908,-0.988688,0.115168,1.33,-1.89,-0.07,-87
1787064421030,259630,Thigh,stand,-0.139568,-0.992592,0.113216,1.54,-1.33,0,-87
1787064421030,259647,Thigh,stand,-0.142008,-0.991616,0.1098,1.96,-0.84,-0.14,-87
1787064421030,259664,Thigh,stand,-0.148352,-0.983808,0.106872,1.68,-0.56,-0.07,-87
1787064421213,259840,Thigh,stand,-0.137128,-0.991128,0.113704,1.4,-2.87,-0.07,-79
1787064421213,259871,Thigh,stand,-0.136152,-0.986248,0.1098,1.47,-2.52,-0.28,-79
1787064421213,259888,Thigh,stand,-0.13908,-0.987224,0.11224,1.4,-2.66,-0.28,-79
1787064421213,259905,Thigh,stand,-0.144448,-0.988688,0.108824,1.82,-2.8,-0.28,-79
1787064421213,259922,Thigh,stand,-0.149328,-0.987712,0.108336,1.89,-2.24,-0.35,-79
1787064421213,259952,Thigh,stand,-0.155184,-0.984784,0.105408,1.68,-2.38,-0.28,-79
1787064421213,259969,Thigh,stand,-0.152256,-0.986248,0.105408,1.26,-2.94,-0.14,-79
1787064421213,259986,Thigh,stand,-0.150304,-0.988688,0.105896,1.26,-3.01,-0.07,-79
1787064421213,260005,Thigh,stand,-0.15128,-0.989176,0.106872,1.33,-2.8,0,-79
1787064421213,260022,Thigh,stand,-0.15128,-0.989664,0.109312,1.4,-2.03,0,-79
1787064421644,260198,Thigh,stand,-0.144936,-0.987712,0.109312,1.61,-1.89,-0.35,-79
1787064421644,260230,Thigh,stand,-0.149328,-0.986736,0.10736,1.33,-1.96,-0.21,-79
1787064421644,260247,Thigh,stand,-0.145424,-0.990152,0.110776,1.19,-2.1,-0.07,-79
1787064421644,260264,Thigh,stand,-0.144448,-0.988688,0.112728,1.33,-2.17,-0.21,-79
1787064421644,260281,Thigh,stand,-0.144448,-0.989664,0.111752,1.33,-2.24,-0.42,-79
1787064421644,260312,Thigh,stand,-0.145424,-0.986736,0.108824,1.61,-1.96,-0.49,-79
1787064421644,260329,Thigh,stand,-0.147376,-0.987224,0.1098,1.61,-2.1,-0.42,-79
1787064421644,260345,Thigh,stand,-0.15128,-0.987712,0.111264,1.54,-2.03,-0.35,-79
1787064421644,260362,Thigh,stand,-0.151768,-0.988688,0.108824,1.33,-2.24,-0.28,-79
1787064421644,260379,Thigh,stand,-0.150792,-0.989176,0.108336,1.33,-2.66,-0.14,-79
1787064421928,260556,Thigh,stand,-0.14152,-0.991616,0.109312,1.47,-2.87,-0.14,-80
1787064421928,260587,Thigh,stand,-0.137616,-0.9882,0.111752,1.61,-2.59,-0.28,-80
1787064421928,260604,Thigh,stand,-0.13908,-0.9882,0.113216,1.82,-2.24,-0.49,-80
1787064421928,260622,Thigh,stand,-0.144448,-0.986248,0.113216,1.82,-2.38,-0.42,-80
1787064421928,260639,Thigh,stand,-0.150792,-0.98576,0.109312,1.82,-2.66,-0.42,-80
1787064421928,260670,Thigh,stand,-0.148352,-0.988688,0.108824,1.33,-3.01,-0.14,-80
1787064421928,260687,Thigh,stand,-0.145912,-0.989664,0.107848,1.33,-2.87,-0.07,-80
1787064421928,260704,Thigh,stand,-0.143472,-0.988688,0.10736,1.54,-2.73,-0.14,-80
1787064421928,260721,Thigh,stand,-0.143472,-0.98576,0.110288,1.54,-2.45,-0.28,-80
1787064421928,260738,Thigh,stand,-0.1464,-0.987712,0.113216,1.4,-2.52,-0.14,-80
1787064422289,260914,Thigh,stand,-0.149816,-0.987224,0.10736,1.68,-2.45,-0.56,-80
1787064422289,260946,Thigh,stand,-0.149328,-0.986248,0.105896,1.54,-3.64,-0.42,-80
1787064422289,260963,Thigh,stand,-0.149328,-0.987224,0.111264,1.19,-3.5,-0.21,-80
1787064422289,260980,Thigh,stand,-0.148352,-0.989176,0.108336,1.26,-3.5,-0.07,-80
1787064422289,260997,Thigh,stand,-0.142008,-0.987224,0.1098,1.33,-3.71,-0.14,-80
1787064422289,261028,Thigh,stand,-0.137616,-0.989176,0.113704,1.4,-2.59,-0.28,-80
1787064422289,261045,Thigh,stand,-0.140544,-0.987712,0.110776,1.54,-1.54,-0.42,-80
1787064422289,261062,Thigh,stand,-0.142008,-0.99064,0.111752,1.68,-1.4,-0.42,-80
1787064422289,261079,Thigh,stand,-0.1464,-0.9882,0.110288,1.89,-1.68,-0.42,-80
1787064422289,261096,Thigh,stand,-0.1464,-0.987224,0.108824,1.61,-2.1,-0.56,-80
1787064422645,261272,Thigh,stand,-0.142984,-0.991616,0.113704,1.54,-2.66,-0.28,-80
1787064422645,261303,Thigh,stand,-0.13664,-0.982832,0.113216,1.33,-2.31,-0.21,-80
1787064422645,261320,Thigh,stand,-0.135176,-0.987712,0.111264,1.4,-2.24,-0.21,-80
1787064422645,261337,Thigh,stand,-0.140056,-0.99064,0.111264,1.96,-1.47,-0.56,-80
1787064422645,261354,Thigh,stand,-0.145912,-0.9882,0.11224,1.96,-1.12,-0.56,-80
1787064422645,261385,Thigh,stand,-0.1464,-0.989664,0.108336,1.68,-1.61,-0.49,-80
1787064422645,261402,Thigh,stand,-0.1464,-0.99064,0.106384,1.75,-2.52,-0.49,-80
1787064422645,261419,Thigh,stand,-0.145424,-0.992104,0.1098,1.82,-2.38,-0.35,-80
1787064422645,261436,Thigh,stand,-0.145912,-0.989664,0.110288,2.03,-1.68,-0.35,-80
1787064422645,261453,Thigh,stand,-0.147864,-0.983808,0.107848,1.82,-1.68,-0.42,-80
1787064423006,261630,Thigh,stand,-0.142496,-0.992104,0.113216,1.33,-1.47,-0.14,-80
1787064423006,261660,Thigh,stand,-0.145424,-0.986736,0.111264,1.82,-1.54,-0.28,-80
1787064423006,261677,Thigh,stand,-0.146888,-0.988688,0.113216,1.61,-2.31,-0.14,-80
1787064423006,261694,Thigh,stand,-0.142496,-0.988688,0.113704,1.26,-2.66,-0.21,-80
1787064423006,261711,Thigh,stand,-0.140056,-0.990152,0.115656,1.54,-2.38,-0.28,-80
1787064423006,261742,Thigh,stand,-0.140056,-0.99064,0.116144,1.82,-2.24,-0.42,-80
1787064423006,261759,Thigh,stand,-0.140544,-0.986736,0.116144,2.03,-2.17,-0.56,-80
1787064423006,261776,Thigh,stand,-0.14152,-0.987224,0.116632,1.96,-2.17,-0.56,-80
1787064423006,261793,Thigh,stand,-0.143472,-0.986736,0.115656,1.89,-1.89,-0.49,-80
1787064423006,261810,Thigh,stand,-0.148352,-0.989176,0.11224,1.61,-1.89,-0.56,-80
1787064423368,261988,Thigh,stand,-0.133712,-0.990152,0.117608,1.68,-2.66,-0.49,-83
1787064423368,262019,Thigh,stand,-0.141032,-0.9882,0.108824,1.61,-2.31,-0.49,-83
1787064423368,262037,Thigh,stand,-0.146888,-0.988688,0.109312,1.89,-2.52,-0.56,-83
1787064423368,262053,Thigh,stand,-0.145424,-0.986248,0.115168,1.89,-2.59,-0.63,-83
1787064423368,262070,Thigh,stand,-0.145912,-0.986248,0.115168,1.61,-2.87,-0.42,-83
1787064423368,262101,Thigh,stand,-0.142984,-0.991128,0.11224,1.19,-2.73,-0.35,-83
1787064423368,262118,Thigh,stand,-0.143472,-0.992104,0.111264,1.47,-2.31,-0.35,-83
1787064423368,262135,Thigh,stand,-0.140544,-0.989664,0.11224,1.68,-2.24,-0.42,-83
1787064423368,262152,Thigh,stand,-0.140544,-0.986736,0.114192,1.61,-2.59,-0.42,-83
1787064423368,262169,Thigh,stand,-0.142008,-0.985272,0.113216,1.54,-3.22,-0.49,-83
1787064423723,262347,Thigh,stand,-0.140544,-0.989664,0.11468,1.4,-3.5,-0.28,-83
1787064423723,262378,Thigh,stand,-0.139568,-0.988688,0.120048,1.54,-3.08,-0.21,-83
1787064423723,262395,Thigh,stand,-0.141032,-0.990152,0.119072,1.4,-3.08,-0.28,-83
1787064423723,262413,Thigh,stand,-0.135176,-0.991616,0.11712,1.75,-2.59,-0.28,-83
1787064423723,262430,Thigh,stand,-0.136152,-0.9882,0.114192,1.68,-2.1,-0.35,-83
1787064423723,262460,Thigh,stand,-0.139568,-0.9882,0.11468,1.26,-2.31,-0.28,-83
1787064423723,262477,Thigh,stand,-0.142496,-0.99064,0.115656,1.54,-2.66,-0.28,-83
1787064423723,262494,Thigh,stand,-0.14396,-0.993568,0.117608,1.61,-2.87,-0.28,-83
1787064423723,262511,Thigh,stand,-0.139568,-0.988688,0.117608,1.61,-2.52,-0.14,-83
1787064423723,262528,Thigh,stand,-0.134688,-0.987712,0.113704,1.33,-2.73,-0.28,-83
1787064424090,262705,Thigh,stand,-0.133712,-0.989176,0.116144,1.68,-1.75,-0.21,-83
1787064424090,262736,Thigh,stand,-0.142496,-0.9882,0.113704,1.61,-2.45,-0.42,-83
1787064424090,262753,Thigh,stand,-0.14152,-0.988688,0.118096,1.54,-2.73,-0.42,-83
1787064424090,262770,Thigh,stand,-0.14152,-0.989176,0.118584,1.61,-2.52,-0.28,-83
1787064424090,262787,Thigh,stand,-0.142984,-0.987224,0.113704,1.47,-2.45,-0.28,-83
1787064424090,262818,Thigh,stand,-0.142008,-0.989176,0.111264,1.19,-2.59,-0.07,-83
1787064424090,262835,Thigh,stand,-0.140056,-0.989176,0.11468,1.19,-2.59,0,-83
1787064424090,262852,Thigh,stand,-0.136152,-0.990152,0.11712,1.33,-2.38,-0.07,-83
1787064424090,262869,Thigh,stand,-0.139568,-0.989176,0.116632,1.68,-2.24,-0.28,-83
1787064424090,262885,Thigh,stand,-0.141032,-0.984296,0.116632,1.54,-2.1,-0.28,-83
1787064424442,263062,Thigh,stand,-0.142984,-0.987712,0.111752,1.12,-3.36,-0.14,-80
1787064424442,263093,Thigh,stand,-0.137128,-0.987712,0.11712,1.12,-2.66,-0.07,-80
1787064424442,263110,Thigh,stand,-0.138592,-0.991128,0.115656,1.26,-2.52,-0.07,-80
1787064424442,263127,Thigh,stand,-0.137616,-0.989664,0.116632,1.4,-2.24,-0.21,-80
1787064424442,263144,Thigh,stand,-0.140544,-0.986736,0.11712,1.54,-1.89,-0.35,-80
1787064424442,263175,Thigh,stand,-0.139568,-0.989176,0.120536,1.19,-2.45,-0.28,-80
1787064424442,263192,Thigh,stand,-0.138104,-0.990152,0.119072,1.33,-3.01,-0.28,-80
1787064424442,263209,Thigh,stand,-0.137616,-0.990152,0.118584,1.47,-3.22,-0.28,-80
1787064424442,263226,Thigh,stand,-0.137616,-0.9882,0.117608,1.33,-2.87,-0.35,-80
1787064424442,263243,Thigh,stand,-0.138104,-0.987712,0.115168,1.33,-2.87,-0.35,-80
1787064424799,263420,Thigh,stand,-0.136152,-0.983808,0.11468,1.26,-2.8,-0.28,-80
1787064424799,263452,Thigh,stand,-0.138104,-0.990152,0.115656,1.19,-3.01,-0.28,-80
1787064424799,263469,Thigh,stand,-0.138592,-0.992104,0.116144,1.33,-3.01,-0.21,-80
1787064424799,263486,Thigh,stand,-0.13908,-0.987712,0.116144,1.68,-2.59,-0.07,-80
1787064424799,263503,Thigh,stand,-0.13908,-0.986736,0.114192,1.26,-2.31,-0.07,-80
1787064424799,263534,Thigh,stand,-0.140544,-0.990152,0.11468,0.98,-2.24,-0.14,-80
1787064424799,263551,Thigh,stand,-0.141032,-0.987712,0.118584,0.98,-2.38,-0.07,-80
1787064424799,263568,Thigh,stand,-0.139568,-0.993568,0.119072,1.26,-2.73,0.14,-80
1787064424799,263585,Thigh,stand,-0.140544,-0.9882,0.117608,1.19,-2.73,0.21,-80
1787064424799,263602,Thigh,stand,-0.139568,-0.9882,0.113704,0.91,-2.94,0.28,-80
1787064425160,263778,Thigh,stand,-0.1464,-0.988688,0.108824,1.12,-3.78,0.14,-80
1787064425160,263809,Thigh,stand,-0.141032,-0.989664,0.11468,0.84,-3.92,0.14,-80
1787064425160,263826,Thigh,stand,-0.141032,-0.987712,0.115656,0.98,-3.92,0.07,-80
1787064425160,263843,Thigh,stand,-0.137128,-0.986736,0.118096,0.84,-3.92,0,-80
1787064425160,263860,Thigh,stand,-0.13664,-0.990152,0.119072,1.12,-3.92,-0.21,-80
1787064425160,263891,Thigh,stand,-0.138592,-0.99064,0.1098,1.61,-3.29,0,-80
1787064425160,263908,Thigh,stand,-0.142008,-0.983808,0.108336,1.61,-3.71,-0.07,-80
1787064425160,263925,Thigh,stand,-0.143472,-0.984296,0.108336,1.12,-3.92,0,-80
1787064425160,263942,Thigh,stand,-0.14152,-0.989664,0.11224,1.05,-3.64,0.07,-80
1787064425160,263959,Thigh,stand,-0.14396,-0.989176,0.110776,1.12,-3.01,0.14,-80
1787064425515,264133,Thigh,stand,-0.132248,-0.990152,0.117608,1.4,-1.82,0.07,-82
1787064425515,264165,Thigh,stand,-0.142496,-0.989664,0.10736,1.47,-2.17,0.07,-82
1787064425515,264181,Thigh,stand,-0.142984,-0.9882,0.10736,1.61,-2.1,0,-82
1787064425515,264198,Thigh,stand,-0.147864,-0.984784,0.108824,1.33,-1.96,0,-82
1787064425515,264215,Thigh,stand,-0.145424,-0.987224,0.110776,1.05,-2.1,0.07,-82
1787064425515,264246,Thigh,stand,-0.145424,-0.990152,0.108824,0.91,-1.82,0.07,-82
1787064425515,264263,Thigh,stand,-0.143472,-0.989176,0.114192,0.98,-1.68,0,-82
1787064425515,264280,Thigh,stand,-0.143472,-0.987712,0.114192,0.98,-2.03,0,-82
1787064425515,264297,Thigh,stand,-0.142984,-0.989176,0.118096,1.19,-2.8,0.14,-82
1787064425515,264314,Thigh,stand,-0.141032,-0.989176,0.117608,1.4,-3.01,0.07,-82
1787064425869,264489,Thigh,stand,-0.14152,-0.989176,0.1098,1.19,-3.36,0,-82
1787064425869,264521,Thigh,stand,-0.142008,-0.988688,0.113216,1.12,-3.29,-0.07,-82
1787064425869,264538,Thigh,stand,-0.142008,-0.9882,0.113704,0.91,-3.36,0,-82
1787064425869,264556,Thigh,stand,-0.13908,-0.990152,0.115656,1.05,-3.57,0,-82
1787064425869,264573,Thigh,stand,-0.13664,-0.987712,0.115656,1.12,-3.29,-0.07,-82
1787064425869,264589,Thigh,stand,-0.137128,-0.989664,0.114192,1.12,-2.66,0.07,-82
1787064425869,264620,Thigh,stand,-0.141032,-0.991128,0.111752,1.47,-1.75,0.07,-82
1787064425869,264637,Thigh,stand,-0.141032,-0.989176,0.108824,1.33,-1.47,-0.07,-82
1787064425869,264654,Thigh,stand,-0.141032,-0.9882,0.10736,1.4,-1.68,-0.21,-82
1787064425869,264671,Thigh,stand,-0.142496,-0.986736,0.108824,1.4,-1.96,-0.21,-82
1787064426230,264846,Thigh,stand,-0.1464,-0.989176,0.1098,1.68,-2.1,-0.28,-82
1787064426230,264877,Thigh,stand,-0.1464,-0.98576,0.110288,1.4,-2.52,-0.28,-82
1787064426230,264894,Thigh,stand,-0.145424,-0.988688,0.108336,1.47,-2.59,-0.21,-82
1787064426230,264912,Thigh,stand,-0.150792,-0.986248,0.106872,1.4,-2.45,-0.21,-82
1787064426230,264929,Thigh,stand,-0.151768,-0.98576,0.107848,1.26,-2.17,-0.14,-82
1787064426230,264960,Thigh,stand,-0.144448,-0.987712,0.108336,1.12,-1.96,-0.07,-82
1787064426230,264977,Thigh,stand,-0.145912,-0.988688,0.109312,1.12,-2.17,-0.14,-82
1787064426230,264994,Thigh,stand,-0.1464,-0.990152,0.111264,1.12,-2.24,-0.21,-82
1787064426230,265010,Thigh,stand,-0.144936,-0.98576,0.1098,1.33,-2.66,-0.07,-82
1787064426230,265027,Thigh,stand,-0.142984,-0.986248,0.115656,1.12,-3.01,0,-82
1787064426650,265257,Thigh,stand,-0.14396,-0.98576,0.10736,1.61,-2.94,-0.21,-84
1787064426650,265289,Thigh,stand,-0.144936,-0.9882,0.10736,1.26,-2.94,-0.14,-84
1787064426650,265306,Thigh,stand,-0.145424,-0.987712,0.109312,1.19,-2.73,-0.14,-84
1787064426650,265323,Thigh,stand,-0.144448,-0.9882,0.1098,1.12,-2.52,0,-84
1787064426650,265340,Thigh,stand,-0.142008,-0.988688,0.111752,1.19,-2.17,0.07,-84
1787064426650,265371,Thigh,stand,-0.143472,-0.99064,0.110776,1.12,-1.96,0.14,-84
1787064426650,265388,Thigh,stand,-0.143472,-0.9882,0.111264,1.19,-1.82,0.07,-84
1787064426650,265405,Thigh,stand,-0.14396,-0.987712,0.109312,1.26,-2.1,-0.07,-84
1787064426650,265421,Thigh,stand,-0.142984,-0.987712,0.1098,1.12,-2.17,0.07,-84
1787064426650,265438,Thigh,stand,-0.142984,-0.989176,0.115168,0.98,-2.1,0.07,-84
1787064426995,265613,Thigh,stand,-0.142984,-0.98576,0.108824,1.4,-2.38,-0.07,-84
1787064426995,265644,Thigh,stand,-0.146888,-0.987712,0.11224,1.19,-2.94,-0.07,-84
1787064426995,265661,Thigh,stand,-0.147864,-0.986248,0.111752,1.26,-2.66,0.07,-84
1787064426995,265678,Thigh,stand,-0.14884,-0.98576,0.107848,0.91,-2.59,0.28,-84
1787064426995,265695,Thigh,stand,-0.147376,-0.989664,0.107848,0.98,-2.59,0.35,-84
1787064426995,265726,Thigh,stand,-0.144936,-0.989664,0.110288,0.98,-2.17,0.21,-84
1787064426995,265743,Thigh,stand,-0.145424,-0.991616,0.110288,1.12,-2.24,0.14,-84
1787064426995,265760,Thigh,stand,-0.145424,-0.987712,0.10736,1.61,-2.59,0.14,-84
1787064426995,265777,Thigh,stand,-0.147864,-0.981856,0.108824,1.26,-3.01,-0.14,-84
1787064426995,265794,Thigh,stand,-0.147376,-0.988688,0.116144,1.4,-3.08,0.28,-84
1787064427360,265969,Thigh,stand,-0.144448,-0.989664,0.107848,0.84,-3.64,0.21,-84
1787064427360,266000,Thigh,stand,-0.145424,-0.986736,0.109312,0.56,-2.52,0.21,-84
1787064427360,266017,Thigh,stand,-0.147864,-0.99064,0.106872,0.77,-2.31,0.42,-84
1787064427360,266034,Thigh,stand,-0.150792,-0.987712,0.105896,1.05,-2.66,0.35,-84
1787064427360,266051,Thigh,stand,-0.147376,-0.989176,0.112728,1.12,-2.87,0.21,-84
1787064427360,266082,Thigh,stand,-0.147864,-0.9882,0.111264,0.63,-1.75,0.21,-84
1787064427360,266099,Thigh,stand,-0.148352,-0.989176,0.104432,0.84,-1.82,0.42,-84
1787064427360,266116,Thigh,stand,-0.148352,-0.9882,0.103944,1.12,-2.24,0.21,-84
1787064427360,266133,Thigh,stand,-0.148352,-0.98576,0.107848,0.91,-1.96,0.14,-84
1787064427360,266150,Thigh,stand,-0.151768,-0.986736,0.107848,0.77,-2.03,0.28,-84
1787064427710,266326,Thigh,stand,-0.152744,-0.989176,0.104432,1.4,-1.96,0.14,-84
1787064427710,266357,Thigh,stand,-0.154696,-0.98576,0.103456,1.19,-2.8,0.07,-84
1787064427710,266374,Thigh,stand,-0.142008,-0.991128,0.107848,1.47,-2.45,0,-84
1787064427710,266391,Thigh,stand,-0.145424,-0.990152,0.10736,1.47,-1.96,-0.07,-84
1787064427710,266408,Thigh,stand,-0.152256,-0.987224,0.101992,1.68,-1.89,-0.21,-84
1787064427710,266439,Thigh,stand,-0.159576,-0.984296,0.101504,1.4,-1.68,-0.14,-84
1787064427710,266456,Thigh,stand,-0.158112,-0.984296,0.101992,1.26,-2.45,-0.07,-84
1787064427710,266473,Thigh,stand,-0.155184,-0.984296,0.101504,0.91,-2.94,-0.07,-84
1787064427710,266490,Thigh,stand,-0.150304,-0.9882,0.10248,0.98,-3.08,0,-84
1787064427710,266507,Thigh,stand,-0.152256,-0.987712,0.104432,1.12,-2.45,0,-84
1787064428082,266683,Thigh,stand,-0.14396,-0.988688,0.10492,1.47,-1.89,-0.28,-84
1787064428082,266713,Thigh,stand,-0.149816,-0.987224,0.10248,1.54,-2.17,-0.35,-84
1787064428082,266731,Thigh,stand,-0.154208,-0.98576,0.102968,1.4,-2.1,-0.21,-84
1787064428082,266747,Thigh,stand,-0.157136,-0.987712,0.104432,1.68,-2.1,-0.21,-84
1787064428082,266764,Thigh,stand,-0.152744,-0.98576,0.10492,1.61,-1.82,-0.21,-84
1787064428082,266795,Thigh,stand,-0.145424,-0.988688,0.108336,1.33,-1.89,-0.42,-84
1787064428082,266812,Thigh,stand,-0.144936,-0.989664,0.108336,1.47,-1.68,-0.49,-84
1787064428082,266829,Thigh,stand,-0.152256,-0.990152,0.103456,2.03,-1.61,-0.56,-84
1787064428082,266846,Thigh,stand,-0.160064,-0.988688,0.096624,2.17,-2.52,-0.56,-84
1787064428082,266876,Thigh,stand,-0.154208,-0.986248,0.10004,1.75,-3.71,-0.42,-84
1787064428445,267053,Thigh,stand,-0.147376,-0.987712,0.108824,1.33,-1.4,-0.14,-84
1787064428445,267085,Thigh,stand,-0.142008,-0.987224,0.11468,1.33,-0.7,-0.21,-84
1787064428445,267102,Thigh,stand,-0.138104,-0.992104,0.117608,1.47,-0.84,-0.35,-84
1787064428445,267118,Thigh,stand,-0.143472,-0.989176,0.11712,2.03,-1.82,-0.49,-84
1787064428445,267135,Thigh,stand,-0.1464,-0.989664,0.112728,2.24,-2.73,-0.63,-84
1787064428445,267166,Thigh,stand,-0.152744,-0.985272,0.107848,2.17,-3.43,-0.56,-84
1787064428445,267183,Thigh,stand,-0.152256,-0.98576,0.105408,2.1,-3.78,-0.63,-84
1787064428445,267200,Thigh,stand,-0.151768,-0.982832,0.103944,1.96,-3.85,-0.56,-84
1787064428445,267217,Thigh,stand,-0.15128,-0.986736,0.101504,1.68,-3.99,-0.49,-84
1787064428445,267234,Thigh,stand,-0.15128,-0.98576,0.103456,1.61,-3.57,-0.49,-84
1787064428803,267412,Thigh,stand,-0.148352,-0.987712,0.108336,1.54,-2.66,-0.42,-84
1787064428803,267444,Thigh,stand,-0.151768,-0.9882,0.106872,1.75,-2.52,-0.49,-84
1787064428803,267461,Thigh,stand,-0.154208,-0.986736,0.103944,1.75,-2.8,-0.49,-84
1787064428803,267479,Thigh,stand,-0.15616,-0.985272,0.099064,1.33,-3.78,-0.56,-84
1787064428803,267496,Thigh,stand,-0.154208,-0.990152,0.106384,1.33,-4.83,-0.35,-84
1787064428803,267513,Thigh,stand,-0.147864,-0.98576,0.107848,1.47,-4.9,-0.35,-84
1787064428803,267543,Thigh,stand,-0.138104,-0.988688,0.116144,1.19,-3.78,-0.42,-84
1787064428803,267560,Thigh,stand,-0.137616,-0.986248,0.115168,1.33,-3.36,-0.49,-84
1787064428803,267577,Thigh,stand,-0.135664,-0.989176,0.115168,1.54,-3.22,-0.49,-84
1787064428803,267594,Thigh,stand,-0.13664,-0.992592,0.112728,1.47,-2.87,-0.42,-84
1787064429162,267771,Thigh,stand,-0.142496,-0.992592,0.108336,2.03,-1.4,-0.49,-83
1787064429162,267802,Thigh,stand,-0.150304,-0.984296,0.10248,1.82,-2.03,-0.56,-83
1787064429162,267819,Thigh,stand,-0.147376,-0.983808,0.108336,1.26,-2.73,-0.35,-83
1787064429162,267836,Thigh,stand,-0.146888,-0.987712,0.111264,1.12,-2.45,-0.21,-83
1787064429162,267853,Thigh,stand,-0.147376,-0.99064,0.113216,1.33,-2.17,-0.14,-83
1787064429162,267884,Thigh,stand,-0.147376,-0.986248,0.108336,1.54,-3.15,-0.14,-83
1787064429162,267901,Thigh,stand,-0.143472,-0.986248,0.10736,1.4,-3.36,-0.28,-83
1787064429162,267918,Thigh,stand,-0.140544,-0.989176,0.109312,1.19,-3.71,-0.28,-83
1787064429162,267935,Thigh,stand,-0.142008,-0.99064,0.11224,1.4,-3.36,-0.21,-83
1787064429162,267951,Thigh,stand,-0.147864,-0.989176,0.106384,1.96,-3.22,-0.21,-83
1787064429516,268129,Thigh,stand,-0.147864,-0.9882,0.1098,1.61,-2.03,-0.28,-83
1787064429516,268160,Thigh,stand,-0.155184,-0.983808,0.103944,1.61,-2.52,-0.35,-83
1787064429516,268177,Thigh,stand,-0.15372,-0.987712,0.10492,1.33,-2.73,-0.28,-83
1787064429516,268194,Thigh,stand,-0.149328,-0.989664,0.106384,1.47,-2.59,-0.14,-83
1787064429516,268211,Thigh,stand,-0.151768,-0.982832,0.103944,1.19,-2.31,0,-83
1787064429516,268242,Thigh,stand,-0.151768,-0.99064,0.101992,1.05,-2.66,0,-83
1787064429516,268259,Thigh,stand,-0.149816,-0.989176,0.106872,1.19,-2.24,-0.07,-83
1787064429516,268276,Thigh,stand,-0.1464,-0.989176,0.1098,1.12,-2.38,0,-83
1787064429516,268293,Thigh,stand,-0.139568,-0.9882,0.11224,1.19,-2.31,0,-83
1787064429516,268310,Thigh,stand,-0.13908,-0.987224,0.108824,1.26,-2.24,-0.21,-83
1787064429874,268484,Thigh,stand,-0.154208,-0.98576,0.105896,1.54,-3.43,-0.14,-83
1787064429874,268516,Thigh,stand,-0.147376,-0.984784,0.107848,1.12,-3.99,0.21,-83
1787064429874,268533,Thigh,stand,-0.142984,-0.986736,0.1098,0.84,-3.43,0.21,-83
1787064429874,268550,Thigh,stand,-0.140056,-0.9882,0.110288,0.91,-2.8,0.07,-83
1787064429874,268567,Thigh,stand,-0.14152,-0.99064,0.111752,1.19,-1.89,-0.07,-83
1787064429874,268598,Thigh,stand,-0.149816,-0.988688,0.108824,1.54,-1.54,-0.21,-83
1787064429874,268615,Thigh,stand,-0.150792,-0.988688,0.109312,1.47,-1.89,-0.21,-83
1787064429874,268632,Thigh,stand,-0.151768,-0.985272,0.1098,1.19,-2.38,-0.21,-83
1787064429874,268649,Thigh,stand,-0.149328,-0.986248,0.108824,0.91,-2.73,-0.07,-83
1787064429874,268666,Thigh,stand,-0.147864,-0.991616,0.108336,1.19,-3.5,0,-83
1787064430233,268841,Thigh,stand,-0.145912,-0.9882,0.106872,1.12,-3.01,0.14,-77
1787064430233,268871,Thigh,stand,-0.147864,-0.986736,0.105408,1.33,-2.94,-0.14,-77
1787064430233,268888,Thigh,stand,-0.150304,-0.988688,0.106872,1.12,-2.59,-0.07,-77
1787064430233,268906,Thigh,stand,-0.150304,-0.989664,0.107848,0.98,-2.52,0,-77
1787064430233,268923,Thigh,stand,-0.147864,-0.988688,0.108824,0.98,-2.38,0.14,-77
1787064430233,268954,Thigh,stand,-0.142496,-0.987712,0.109312,1.54,-1.96,0,-77
1787064430233,268971,Thigh,stand,-0.142496,-0.987224,0.108824,1.47,-1.96,-0.07,-77
1787064430233,268988,Thigh,stand,-0.145424,-0.98576,0.10736,1.47,-1.96,-0.07,-77
1787064430233,269005,Thigh,stand,-0.15128,-0.989664,0.105896,1.33,-1.68,-0.07,-77
1787064430233,269022,Thigh,stand,-0.15372,-0.988688,0.105896,1.47,-1.33,-0.07,-77
1787064430589,269198,Thigh,stand,-0.144936,-0.986736,0.110776,0.91,-3.43,0,-77
1787064430589,269228,Thigh,stand,-0.142984,-0.986736,0.106384,1.47,-3.15,0,-77
1787064430589,269245,Thigh,stand,-0.1464,-0.9882,0.105896,1.47,-3.08,-0.14,-77
1787064430589,269262,Thigh,stand,-0.148352,-0.9882,0.108824,1.4,-2.8,-0.14,-77
1787064430589,269279,Thigh,stand,-0.150792,-0.988688,0.10736,1.4,-2.45,-0.35,-77
1787064430589,269310,Thigh,stand,-0.149816,-0.986736,0.10248,1.61,-3.22,-0.28,-77
1787064430589,269327,Thigh,stand,-0.15128,-0.986248,0.101992,1.47,-2.94,-0.28,-77
1787064430589,269344,Thigh,stand,-0.152744,-0.986736,0.102968,1.54,-2.45,-0.21,-77
1787064430589,269361,Thigh,stand,-0.153232,-0.98576,0.105896,1.12,-2.31,-0.07,-77
1787064430589,269378,Thigh,stand,-0.153232,-0.988688,0.10736,0.91,-2.59,0,-77
1787064430947,269553,Thigh,stand,-0.150304,-0.987712,0.101992,1.4,-2.03,-0.14,-77
1787064430947,269585,Thigh,stand,-0.15372,-0.989664,0.099064,1.4,-2.03,-0.28,-77
1787064430947,269602,Thigh,stand,-0.154696,-0.986736,0.102968,1.68,-1.96,-0.35,-77
1787064430947,269619,Thigh,stand,-0.154696,-0.984784,0.101016,1.26,-2.59,-0.21,-77
1787064430947,269636,Thigh,stand,-0.154208,-0.987712,0.101016,1.33,-3.08,-0.21,-77
1787064430947,269666,Thigh,stand,-0.150304,-0.987712,0.105408,1.33,-2.45,0,-77
1787064430947,269683,Thigh,stand,-0.147864,-0.986248,0.103944,1.4,-2.1,-0.07,-77
1787064430947,269700,Thigh,stand,-0.146888,-0.986736,0.103456,1.33,-2.1,-0.28,-77
1787064430947,269717,Thigh,stand,-0.147864,-0.99064,0.102968,1.47,-2.24,-0.35,-77
1787064430947,269734,Thigh,stand,-0.146888,-0.987712,0.10736,1.75,-2.24,-0.49,-77
1787064431304,269911,Thigh,stand,-0.146888,-0.987224,0.108336,1.68,-2.52,-0.28,-78
1787064431304,269943,Thigh,stand,-0.15128,-0.987224,0.106384,1.54,-2.45,-0.28,-78
1787064431304,269960,Thigh,stand,-0.146888,-0.986248,0.1098,1.26,-2.31,-0.28,-78
1787064431304,269977,Thigh,stand,-0.144936,-0.989176,0.110776,1.33,-2.38,-0.21,-78
1787064431304,269994,Thigh,stand,-0.145912,-0.990152,0.110288,1.47,-2.38,-0.42,-78
1787064431304,270024,Thigh,stand,-0.148352,-0.986736,0.106872,1.82,-2.73,-0.49,-78
1787064431304,270040,Thigh,stand,-0.151768,-0.986736,0.106384,1.54,-2.8,-0.42,-78
1787064431304,270057,Thigh,stand,-0.148352,-0.9882,0.1098,1.47,-2.94,-0.42,-78
1787064431304,270074,Thigh,stand,-0.147864,-0.988688,0.1098,1.4,-3.08,-0.42,-78
1787064431304,270091,Thigh,stand,-0.147376,-0.987224,0.108824,1.54,-2.66,-0.42,-78
1787064431665,270267,Thigh,stand,-0.150792,-0.986248,0.106872,1.82,-3.29,-0.63,-78
1787064431665,270298,Thigh,stand,-0.15128,-0.992104,0.104432,1.47,-3.15,-0.56,-78
1787064431665,270315,Thigh,stand,-0.1464,-0.991616,0.105408,1.75,-3.36,-0.63,-78
1787064431665,270332,Thigh,stand,-0.142496,-0.988688,0.108336,1.82,-3.43,-0.63,-78
1787064431665,270349,Thigh,stand,-0.140544,-0.988688,0.111264,1.96,-3.01,-0.7,-78
1787064431665,270380,Thigh,stand,-0.144936,-0.98576,0.106384,1.96,-2.31,-0.56,-78
1787064431665,270397,Thigh,stand,-0.150792,-0.988688,0.106384,1.82,-2.17,-0.56,-78
1787064431665,270414,Thigh,stand,-0.152744,-0.987712,0.104432,1.96,-2.66,-0.63,-78
1787064431665,270431,Thigh,stand,-0.151768,-0.986248,0.106872,1.82,-2.45,-0.63,-78
1787064431665,270448,Thigh,stand,-0.149328,-0.985272,0.106872,1.82,-2.31,-0.56,-78
1787064432020,270624,Thigh,stand,-0.144936,-0.988688,0.11224,1.89,-2.8,-0.63,-78
1787064432020,270655,Thigh,stand,-0.144936,-0.987712,0.108824,1.61,-2.45,-0.49,-78
1787064432020,270672,Thigh,stand,-0.145912,-0.987224,0.109312,1.61,-2.38,-0.49,-78
1787064432020,270689,Thigh,stand,-0.1464,-0.985272,0.108824,1.47,-2.52,-0.56,-78
1787064432020,270706,Thigh,stand,-0.1464,-0.989664,0.11224,1.61,-2.38,-0.63,-78
1787064432020,270737,Thigh,stand,-0.144936,-0.9882,0.109312,1.54,-2.17,-0.77,-78
1787064432020,270754,Thigh,stand,-0.145424,-0.989664,0.108824,1.54,-2.31,-0.63,-78
1787064432020,270771,Thigh,stand,-0.145424,-0.989664,0.110776,1.68,-2.8,-0.63,-78
1787064432020,270788,Thigh,stand,-0.143472,-0.990152,0.110288,1.75,-2.94,-0.49,-78
1787064432020,270805,Thigh,stand,-0.14396,-0.988688,0.1098,1.96,-2.94,-0.42,-78
1787064432384,270981,Thigh,stand,-0.144448,-0.987224,0.1098,1.19,-3.64,-0.42,-78
1787064432384,271013,Thigh,stand,-0.144448,-0.990152,0.109312,1.33,-2.94,-0.42,-78
1787064432384,271030,Thigh,stand,-0.142496,-0.990152,0.111264,1.4,-2.94,-0.28,-78
1787064432384,271047,Thigh,stand,-0.138104,-0.98332,0.1098,1.47,-3.01,-0.28,-78
1787064432384,271064,Thigh,stand,-0.135664,-0.98576,0.111264,1.19,-3.22,-0.63,-78
1787064432384,271095,Thigh,stand,-0.144936,-0.98576,0.110288,1.68,-3.29,-0.84,-78
1787064432384,271112,Thigh,stand,-0.143472,-0.992104,0.113216,1.61,-3.71,-0.7,-78
1787064432384,271129,Thigh,stand,-0.144448,-0.991128,0.11224,1.75,-3.64,-0.35,-78
1787064432384,271146,Thigh,stand,-0.14396,-0.987712,0.111264,1.33,-3.78,-0.28,-78
1787064432384,271163,Thigh,stand,-0.137128,-0.990152,0.11468,1.47,-3.71,-0.28,-78
1787064432745,271342,Thigh,stand,-0.138104,-0.990152,0.116144,1.54,-3.15,-0.35,-84
1787064432745,271373,Thigh,stand,-0.137128,-0.9882,0.11224,1.4,-2.73,-0.28,-84
1787064432745,271391,Thigh,stand,-0.138104,-0.988688,0.111264,1.47,-1.96,-0.21,-84
1787064432745,271408,Thigh,stand,-0.14152,-0.986736,0.11224,1.19,-2.03,-0.14,-84
1787064432745,271425,Thigh,stand,-0.139568,-0.991128,0.116144,1.4,-2.45,-0.14,-84
1787064432745,271442,Thigh,stand,-0.138592,-0.989176,0.115168,1.61,-2.94,-0.35,-84
1787064432745,271473,Thigh,stand,-0.13908,-0.986736,0.113216,1.75,-2.59,-0.42,-84
1787064432745,271490,Thigh,stand,-0.140544,-0.985272,0.110776,1.4,-2.87,-0.28,-84
1787064432745,271507,Thigh,stand,-0.140056,-0.99064,0.111752,1.47,-3.01,-0.28,-84
1787064432745,271524,Thigh,stand,-0.141032,-0.989176,0.111264,1.82,-2.59,-0.28,-84
1787064433099,271701,Thigh,stand,-0.135176,-0.99064,0.116144,0.77,-2.31,0.07,-84
1787064433099,271733,Thigh,stand,-0.134688,-0.990152,0.118584,1.4,-1.54,0.07,-84
1787064433099,271750,Thigh,stand,-0.138592,-0.99064,0.115168,1.82,-1.68,-0.28,-84
1787064433099,271766,Thigh,stand,-0.142496,-0.984784,0.110288,1.75,-2.73,-0.28,-84
1787064433099,271783,Thigh,stand,-0.142008,-0.98576,0.111264,1.47,-3.5,-0.35,-84
1787064433099,271814,Thigh,stand,-0.144936,-0.988688,0.1098,1.47,-2.31,-0.07,-84
1787064433099,271831,Thigh,stand,-0.1464,-0.988688,0.10736,1.4,-2.31,0,-84
1787064433099,271848,Thigh,stand,-0.143472,-0.987224,0.106384,1.26,-2.73,0.07,-84
1787064433099,271865,Thigh,stand,-0.143472,-0.986736,0.106872,1.05,-3.36,0.07,-84
1787064433099,271882,Thigh,stand,-0.142984,-0.992104,0.10736,1.05,-3.22,-0.07,-84
1787064433456,272058,Thigh,stand,-0.140056,-0.989176,0.116144,1.19,-2.45,0,-84
1787064433456,272089,Thigh,stand,-0.144448,-0.986736,0.108336,1.33,-2.45,0.07,-84
1787064433456,272106,Thigh,stand,-0.144448,-0.989176,0.108824,1.26,-3.22,0.14,-84
1787064433456,272123,Thigh,stand,-0.1464,-0.989664,0.108824,1.33,-3.43,0.14,-84
1787064433456,272140,Thigh,stand,-0.146888,-0.98576,0.108336,1.05,-3.57,0.28,-84
1787064433456,272170,Thigh,stand,-0.14152,-0.989664,0.108336,0.77,-3.15,0.35,-84
1787064433456,272187,Thigh,stand,-0.138104,-0.989176,0.107848,0.91,-2.45,0.35,-84
1787064433456,272204,Thigh,stand,-0.138592,-0.988688,0.10736,1.05,-2.03,0.28,-84
1787064433456,272221,Thigh,stand,-0.139568,-0.987712,0.11224,0.98,-1.68,0.28,-84
1787064433456,272238,Thigh,stand,-0.140544,-0.986248,0.111752,0.77,-1.26,0.35,-84
1787064433821,272414,Thigh,stand,-0.13908,-0.9882,0.1098,1.12,-2.03,0.14,-80
1787064433821,272445,Thigh,stand,-0.146888,-0.99064,0.103944,1.61,-2.73,-0.14,-80
1787064433821,272463,Thigh,stand,-0.150792,-0.987224,0.104432,1.75,-3.57,-0.07,-80
1787064433821,272480,Thigh,stand,-0.14884,-0.986248,0.106872,1.33,-3.71,-0.07,-80
1787064433821,272497,Thigh,stand,-0.1464,-0.991128,0.107848,1.47,-3.57,0.14,-80
1787064433821,272528,Thigh,stand,-0.146888,-0.989176,0.10492,1.26,-2.8,0.07,-80
1787064433821,272545,Thigh,stand,-0.145424,-0.986736,0.102968,1.82,-3.08,0.14,-80
1787064433821,272562,Thigh,stand,-0.148352,-0.989664,0.103944,1.33,-2.94,0.14,-80
1787064433821,272579,Thigh,stand,-0.149328,-0.990152,0.104432,1.47,-2.52,0,-80
1787064433821,272595,Thigh,stand,-0.14884,-0.982344,0.101504,0.98,-2.24,0,-80
1787064434173,272771,Thigh,stand,-0.14884,-0.987712,0.106384,1.19,-4.06,-0.14,-80
1787064434173,272802,Thigh,stand,-0.150304,-0.987224,0.102968,1.26,-3.5,0.07,-80
1787064434173,272819,Thigh,stand,-0.148352,-0.98576,0.105408,1.05,-3.29,0.28,-80
1787064434173,272836,Thigh,stand,-0.145912,-0.988688,0.105408,0.84,-2.94,0.14,-80
1787064434173,272853,Thigh,stand,-0.145424,-0.989664,0.105896,1.19,-2.52,0,-80
1787064434173,272884,Thigh,stand,-0.1464,-0.99064,0.106872,1.47,-1.68,-0.14,-80
1787064434173,272901,Thigh,stand,-0.14884,-0.988688,0.10248,1.54,-1.61,-0.21,-80
1787064434173,272918,Thigh,stand,-0.154696,-0.986248,0.101504,1.47,-2.03,-0.21,-80
1787064434173,272935,Thigh,stand,-0.157624,-0.986248,0.103944,1.33,-2.52,-0.21,-80
1787064434173,272952,Thigh,stand,-0.157136,-0.987712,0.102968,1.26,-2.94,-0.14,-80
1787064434530,273127,Thigh,stand,-0.152256,-0.987224,0.106384,1.54,-1.89,-0.21,-80
1787064434530,273159,Thigh,stand,-0.14884,-0.9882,0.10736,1.4,-2.17,-0.28,-80
1787064434530,273176,Thigh,stand,-0.147864,-0.987712,0.105408,1.33,-1.47,-0.21,-80
1787064434530,273193,Thigh,stand,-0.1464,-0.987712,0.10492,1.26,-1.33,-0.28,-80
1787064434530,273210,Thigh,stand,-0.146888,-0.989664,0.105408,1.33,-1.26,-0.35,-80
1787064434530,273241,Thigh,stand,-0.152744,-0.986248,0.105896,1.47,-1.47,-0.21,-80
1787064434530,273258,Thigh,stand,-0.15616,-0.9882,0.10492,1.26,-1.89,-0.21,-80
1787064434530,273275,Thigh,stand,-0.151768,-0.986736,0.106872,1.19,-2.59,-0.21,-80
1787064434530,273292,Thigh,stand,-0.142008,-0.989664,0.110288,1.33,-2.59,-0.14,-80
1787064434530,273309,Thigh,stand,-0.139568,-0.986736,0.106872,1.26,-2.31,-0.14,-80
1787064434889,273486,Thigh,stand,-0.13908,-0.991616,0.108336,1.54,-2.1,-0.35,-80
1787064434889,273516,Thigh,stand,-0.144936,-0.9882,0.104432,2.03,-3.01,-0.49,-80
1787064434889,273533,Thigh,stand,-0.149328,-0.988688,0.103456,1.89,-3.08,-0.42,-80
1787064434889,273550,Thigh,stand,-0.152256,-0.987224,0.103456,1.96,-2.94,-0.35,-80
1787064434889,273567,Thigh,stand,-0.15128,-0.984784,0.103456,1.33,-2.52,-0.14,-80
1787064434889,273598,Thigh,stand,-0.146888,-0.987224,0.106384,1.4,-2.66,-0.07,-80
1787064434889,273615,Thigh,stand,-0.14884,-0.989664,0.106872,1.26,-2.03,-0.07,-80
1787064434889,273632,Thigh,stand,-0.151768,-0.991616,0.104432,1.68,-2.38,0,-80
1787064434889,273649,Thigh,stand,-0.153232,-0.989664,0.103944,1.54,-2.52,-0.07,-80
1787064434889,273666,Thigh,stand,-0.153232,-0.986248,0.103456,1.4,-2.66,-0.07,-80
1787064435246,273843,Thigh,stand,-0.147376,-0.989664,0.105896,2.1,-1.33,-0.14,-80
1787064435246,273874,Thigh,stand,-0.159088,-0.98576,0.101504,1.68,-2.38,-0.14,-80
1787064435246,273892,Thigh,stand,-0.1586,-0.984784,0.101992,1.47,-2.87,-0.21,-80
1787064435246,273908,Thigh,stand,-0.15372,-0.98576,0.104432,1.12,-3.36,-0.14,-80
1787064435246,273925,Thigh,stand,-0.147864,-0.987712,0.101504,1.19,-3.43,-0.14,-80
1787064435246,273956,Thigh,stand,-0.14884,-0.987712,0.102968,1.33,-3.36,-0.14,-80
1787064435246,273973,Thigh,stand,-0.15128,-0.986736,0.105896,1.12,-2.94,-0.07,-80
1787064435246,273990,Thigh,stand,-0.15128,-0.990152,0.10736,0.98,-2.8,-0.07,-80
1787064435246,274007,Thigh,stand,-0.149816,-0.989664,0.108336,1.33,-2.66,-0.07,-80
1787064435246,274024,Thigh,stand,-0.147376,-0.98576,0.107848,1.33,-2.1,-0.14,-80
1787064435603,274201,Thigh,stand,-0.152256,-0.986248,0.10248,1.75,-3.29,-0.14,-80
1787064435603,274232,Thigh,stand,-0.150792,-0.985272,0.10248,0.91,-3.22,-0.14,-80
1787064435603,274249,Thigh,stand,-0.147376,-0.988688,0.106872,0.98,-2.94,0,-80
1787064435603,274266,Thigh,stand,-0.1464,-0.9882,0.108336,0.98,-2.1,-0.14,-80
1787064435603,274282,Thigh,stand,-0.1464,-0.989664,0.107848,0.98,-1.47,-0.28,-80
1787064435603,274313,Thigh,stand,-0.149328,-0.991616,0.10492,1.61,-1.47,-0.28,-80
1787064435603,274330,Thigh,stand,-0.14884,-0.988688,0.107848,1.61,-1.89,-0.28,-80
1787064435603,274347,Thigh,stand,-0.14884,-0.986736,0.1098,1.4,-1.96,-0.28,-80
1787064435603,274364,Thigh,stand,-0.149816,-0.988688,0.107848,1.19,-2.24,-0.14,-80
1787064435603,274381,Thigh,stand,-0.148352,-0.989176,0.108336,1.33,-2.52,-0.14,-80
1787064435963,274557,Thigh,stand,-0.1464,-0.986248,0.107848,0.98,-2.59,0,-80
1787064435963,274588,Thigh,stand,-0.14152,-0.9882,0.105408,1.47,-2.52,-0.28,-80
1787064435963,274605,Thigh,stand,-0.14396,-0.987712,0.106384,1.61,-2.38,-0.35,-80
1787064435963,274622,Thigh,stand,-0.14884,-0.9882,0.106384,1.68,-2.59,-0.35,-80
1787064435963,274639,Thigh,stand,-0.150792,-0.987224,0.109312,1.54,-2.66,-0.28,-80
1787064435963,274670,Thigh,stand,-0.149816,-0.989176,0.111752,1.47,-3.43,-0.14,-80
1787064435963,274687,Thigh,stand,-0.149816,-0.987712,0.1098,1.33,-3.64,-0.14,-80
1787064435963,274703,Thigh,stand,-0.146888,-0.987712,0.109312,1.05,-3.57,0,-80
1787064435963,274720,Thigh,stand,-0.14152,-0.99064,0.109312,1.19,-3.15,0.14,-80
1787064435963,274737,Thigh,stand,-0.14152,-0.989176,0.108824,1.4,-2.45,0.07,-80
1787064436316,274913,Thigh,stand,-0.142496,-0.989664,0.107848,1.19,-2.1,0.07,-78
1787064436316,274944,Thigh,stand,-0.149328,-0.986736,0.103944,1.4,-1.89,17.85,-78
1787064436316,274961,Thigh,stand,-0.154208,-0.987224,0.10492,1.33,-2.17,0.07,-78
1787064436316,274978,Thigh,stand,-0.15372,-0.986736,0.105408,1.19,-2.38,0.28,-78
1787064436316,274995,Thigh,stand,-0.150304,-0.9882,0.106384,1.12,-3.01,0.14,-78
1787064436316,275026,Thigh,stand,-0.1464,-0.987224,0.105896,0.91,-3.01,0.14,-78
1787064436316,275043,Thigh,stand,-0.1464,-0.991616,0.105896,1.33,-2.8,0.14,-78
1787064436316,275060,Thigh,stand,-0.145912,-0.991128,0.105896,1.12,-2.1,0.21,-78
1787064436316,275077,Thigh,stand,-0.1464,-0.987712,0.103944,1.26,-2.03,0.21,-78
1787064436316,275094,Thigh,stand,-0.146888,-0.986248,0.104432,1.47,-2.03,0.07,-78
1787064436675,275268,Thigh,stand,-0.14884,-0.985272,0.105896,1.33,-2.45,-0.07,-78
1787064436675,275299,Thigh,stand,-0.150304,-0.988688,0.105408,1.12,-2.73,0,-78
1787064436675,275316,Thigh,stand,-0.148352,-0.9882,0.110288,1.33,-2.38,-0.07,-78
1787064436675,275333,Thigh,stand,-0.149328,-0.9882,0.108336,1.19,-2.52,-0.07,-78
1787064436675,275350,Thigh,stand,-0.15128,-0.987224,0.101504,1.33,-2.66,-0.07,-78
1787064436675,275381,Thigh,stand,-0.149328,-0.989664,0.104432,1.4,-2.87,-0.21,-78
1787064436675,275398,Thigh,stand,-0.149816,-0.9882,0.103456,1.47,-2.66,-0.28,-78
1787064436675,275415,Thigh,stand,-0.14884,-0.986248,0.106384,1.26,-2.38,-0.21,-78
1787064436675,275432,Thigh,stand,-0.151768,-0.986736,0.104432,1.19,-2.59,-0.07,-78
1787064436675,275449,Thigh,stand,-0.152256,-0.987712,0.10492,1.19,-2.94,0,-78
1787064437033,275625,Thigh,stand,-0.153232,-0.986248,0.101992,1.12,-2.8,-0.21,-78
1787064437033,275656,Thigh,stand,-0.149816,-0.99064,0.106384,1.33,-2.94,-0.07,-78
1787064437033,275673,Thigh,stand,-0.150304,-0.989664,0.106384,1.54,-3.01,-0.14,-78
1787064437033,275690,Thigh,stand,-0.149328,-0.98576,0.103944,1.33,-2.94,-0.14,-78
1787064437033,275707,Thigh,stand,-0.1464,-0.989176,0.103456,1.33,-3.29,-0.07,-78
1787064437033,275738,Thigh,stand,-0.142984,-0.9882,0.107848,1.4,-2.73,-0.28,-78
1787064437033,275755,Thigh,stand,-0.142008,-0.989176,0.10492,1.68,-2.1,-0.28,-78
1787064437033,275772,Thigh,stand,-0.149328,-0.98576,0.101992,1.96,-1.68,-0.35,-78
1787064437033,275789,Thigh,stand,-0.154696,-0.98576,0.098088,1.68,-1.89,-0.49,-78
1787064437033,275806,Thigh,stand,-0.160064,-0.986736,0.0976,1.68,-2.38,-0.35,-78
1787064437391,275983,Thigh,stand,-0.151768,-0.987712,0.104432,1.54,-1.89,-0.42,-78
1787064437391,276014,Thigh,stand,-0.150792,-0.9882,0.105408,1.82,-2.45,-0.49,-78
1787064437391,276032,Thigh,stand,-0.15128,-0.986736,0.10492,1.68,-2.52,-0.56,-78
1787064437391,276048,Thigh,stand,-0.149328,-0.990152,0.106872,1.47,-2.59,-0.49,-78
1787064437391,276065,Thigh,stand,-0.1464,-0.986248,0.103456,1.68,-2.45,-0.49,-78
1787064437391,276096,Thigh,stand,-0.147864,-0.986736,0.104432,1.75,-2.31,-0.56,-78
1787064437391,276113,Thigh,stand,-0.149328,-0.985272,0.10492,1.54,-2.03,-0.42,-78
1787064437391,276130,Thigh,stand,-0.147864,-0.99064,0.10492,1.75,-2.17,-0.49,-78
1787064437391,276147,Thigh,stand,-0.148352,-0.990152,0.103944,2.1,-2.17,-0.49,-78
1787064437391,276164,Thigh,stand,-0.152744,-0.984296,0.104432,1.68,-2.17,-0.56,-78
1787064437768,276341,Thigh,stand,-0.145424,-0.98576,0.108336,1.4,-2.66,-0.28,-78
1787064437768,276373,Thigh,stand,-0.142984,-0.988688,0.108824,1.33,-2.66,-0.14,-78
1787064437768,276390,Thigh,stand,-0.142496,-0.990152,0.108824,1.54,-2.31,-0.21,-78
1787064437768,276406,Thigh,stand,-0.14396,-0.992104,0.1098,1.47,-1.75,-0.28,-78
1787064437768,276423,Thigh,stand,-0.144448,-0.988688,0.109312,1.89,-1.89,-0.28,-78
1787064437768,276454,Thigh,stand,-0.142984,-0.987712,0.106872,1.75,-2.8,-0.63,-78
1787064437768,276471,Thigh,stand,-0.147376,-0.989664,0.105408,1.96,-2.87,-0.42,-78
1787064437768,276488,Thigh,stand,-0.150792,-0.986248,0.105408,1.82,-2.38,-0.42,-78
1787064437768,276505,Thigh,stand,-0.154696,-0.98332,0.104432,1.47,-2.45,-0.35,-78
1787064437768,276522,Thigh,stand,-0.149328,-0.987224,0.105896,1.4,-2.8,-0.21,-78
1787064438108,276699,Thigh,stand,-0.142984,-0.988688,0.109312,1.47,-2.73,-0.42,-78
1787064438108,276730,Thigh,stand,-0.146888,-0.987224,0.10736,1.68,-1.89,-0.63,-78
1787064438108,276747,Thigh,stand,-0.148352,-0.987224,0.10492,1.54,-2.03,-0.56,-78
1787064438108,276764,Thigh,stand,-0.147864,-0.986736,0.106872,1.4,-2.73,-0.42,-78
1787064438108,276781,Thigh,stand,-0.145912,-0.9882,0.106872,1.33,-2.8,-0.49,-78
1787064438108,276812,Thigh,stand,-0.1464,-0.987224,0.10492,1.61,-2.38,-0.28,-78
1787064438108,276829,Thigh,stand,-0.148352,-0.986736,0.105896,1.47,-2.24,-0.28,-78
1787064438108,276845,Thigh,stand,-0.1464,-0.987224,0.108336,1.26,-2.1,-0.28,-78
1787064438108,276862,Thigh,stand,-0.142496,-0.991616,0.1098,1.68,-1.96,-0.35,-78
1787064438108,276879,Thigh,stand,-0.14152,-0.987224,0.108824,1.68,-1.47,-0.56,-78
1787064438467,277056,Thigh,stand,-0.145424,-0.986736,0.111264,1.75,-1.89,-0.35,-78
1787064438467,277087,Thigh,stand,-0.139568,-0.992592,0.109312,1.54,-2.8,-0.35,-78
1787064438467,277104,Thigh,stand,-0.140544,-0.991128,0.109312,1.82,-2.8,-0.35,-78
1787064438467,277121,Thigh,stand,-0.142008,-0.990152,0.108824,1.82,-2.73,-0.42,-78
1787064438467,277138,Thigh,stand,-0.145424,-0.987224,0.1098,1.96,-2.24,-0.56,-78
1787064438467,277169,Thigh,stand,-0.148352,-0.986248,0.10492,1.75,-2.03,-0.49,-78
1787064438467,277186,Thigh,stand,-0.149328,-0.9882,0.109312,1.68,-2.52,-0.28,-78
1787064438467,277203,Thigh,stand,-0.151768,-0.986248,0.107848,1.47,-2.24,-0.21,-78
1787064438467,277220,Thigh,stand,-0.15128,-0.990152,0.106384,1.4,-2.31,-0.21,-78
1787064438467,277237,Thigh,stand,-0.150304,-0.989664,0.108336,1.26,-2.17,-0.21,-78
1787064438825,277413,Thigh,stand,-0.146888,-0.990152,0.109312,1.96,-1.75,-0.56,-70
1787064438825,277445,Thigh,stand,-0.147376,-0.987712,0.103944,1.75,-3.78,-0.35,-70
1787064438825,277462,Thigh,stand,-0.147376,-0.986736,0.104432,1.68,-3.92,-0.28,-70
1787064438825,277479,Thigh,stand,-0.14884,-0.986736,0.10492,1.54,-3.85,-0.35,-70
1787064438825,277496,Thigh,stand,-0.149328,-0.987712,0.103944,1.47,-3.92,-0.28,-70
1787064438825,277527,Thigh,stand,-0.14152,-0.989176,0.106872,1.4,-3.5,-0.56,-70
1787064438825,277544,Thigh,stand,-0.13908,-0.989664,0.10736,1.4,-3.15,-0.42,-70
1787064438825,277561,Thigh,stand,-0.139568,-0.988688,0.108824,1.61,-3.01,-0.35,-70
1787064438825,277578,Thigh,stand,-0.140056,-0.987224,0.112728,1.54,-2.45,-0.28,-70
1787064438825,277595,Thigh,stand,-0.141032,-0.988688,0.113704,1.54,-2.31,-0.28,-70
1787064439183,277771,Thigh,stand,-0.140544,-0.989664,0.11224,1.61,-2.03,-0.35,-70
1787064439183,277802,Thigh,stand,-0.142496,-0.987712,0.112728,1.54,-1.54,-0.35,-70
1787064439183,277819,Thigh,stand,-0.143472,-0.989176,0.110776,1.75,-1.61,-0.28,-70
1787064439183,277836,Thigh,stand,-0.146888,-0.986736,0.1098,1.75,-1.96,-0.28,-70
1787064439183,277853,Thigh,stand,-0.142496,-0.987224,0.111752,1.4,-1.89,-0.28,-70
1787064439183,277884,Thigh,stand,-0.147376,-0.987712,0.10736,1.33,-1.47,-0.28,-70
1787064439183,277901,Thigh,stand,-0.149328,-0.991128,0.10492,1.19,-1.89,-0.21,-70
1787064439183,277918,Thigh,stand,-0.14884,-0.992104,0.105896,1.47,-2.24,-0.35,-70
1787064439183,277935,Thigh,stand,-0.142984,-0.988688,0.11224,1.54,-2.17,-0.42,-70
1787064439183,277952,Thigh,stand,-0.145424,-0.986736,0.105896,1.68,-3.22,-0.63,-70
1787064439552,278129,Thigh,stand,-0.142984,-0.988688,0.109312,1.54,-1.68,-0.21,-70
1787064439552,278159,Thigh,stand,-0.143472,-0.989176,0.116632,1.4,-2.17,-0.35,-70
1787064439552,278177,Thigh,stand,-0.14396,-0.989664,0.122488,1.61,-2.31,-0.35,-70
1787064439552,278193,Thigh,stand,-0.143472,-0.989664,0.116632,1.47,-2.1,-0.35,-70
1787064439552,278210,Thigh,stand,-0.1464,-0.990152,0.11224,1.75,-2.17,-0.42,-70
1787064439552,278241,Thigh,stand,-0.147864,-0.991128,0.1098,1.4,-3.08,-0.42,-70
1787064439552,278258,Thigh,stand,-0.145912,-0.99064,0.111264,1.4,-3.29,-0.42,-70
1787064439552,278275,Thigh,stand,-0.143472,-0.988688,0.110776,1.47,-3.5,-0.28,-70
1787064439552,278292,Thigh,stand,-0.142008,-0.988688,0.110288,1.54,-3.36,-0.21,-70
1787064439552,278309,Thigh,stand,-0.140544,-0.986248,0.105408,1.33,-3.29,-0.14,-70
1787064439903,278487,Thigh,stand,-0.131272,-0.985272,0.111752,1.96,-1.47,-0.42,-75
1787064439903,278518,Thigh,stand,-0.147376,-0.989664,0.108824,2.03,-1.89,-0.35,-75
1787064439903,278535,Thigh,stand,-0.149328,-0.988688,0.108824,1.89,-1.89,-0.21,-75
1787064439903,278552,Thigh,stand,-0.151768,-0.9882,0.111264,1.82,-2.03,-0.14,-75
1787064439903,278569,Thigh,stand,-0.145912,-0.986736,0.11224,1.68,-1.89,-0.21,-75
1787064439903,278599,Thigh,stand,-0.142984,-0.986248,0.106872,1.33,-1.82,-0.28,-75
1787064439903,278616,Thigh,stand,-0.144936,-0.987712,0.1098,1.4,-1.82,-0.21,-75
1787064439903,278633,Thigh,stand,-0.149328,-0.989664,0.112728,1.61,-1.96,-0.07,-75
1787064439903,278650,Thigh,stand,-0.146888,-0.989176,0.11468,1.4,-2.38,-0.07,-75
1787064439903,278667,Thigh,stand,-0.144936,-0.985272,0.110288,1.82,-2.66,-0.07,-75
1787064440260,278845,Thigh,stand,-0.142496,-0.986248,0.110776,1.68,-2.52,-0.35,-75
1787064440260,278876,Thigh,stand,-0.142984,-0.991616,0.113216,1.61,-3.15,-0.42,-75
1787064440260,278893,Thigh,stand,-0.142496,-0.991616,0.114192,1.68,-3.01,-0.63,-75
1787064440260,278910,Thigh,stand,-0.140544,-0.987712,0.111752,1.47,-3.01,-0.7,-75
1787064440260,278927,Thigh,stand,-0.13908,-0.987224,0.110288,1.4,-3.15,-0.63,-75
1787064440260,278958,Thigh,stand,-0.138592,-0.989176,0.110776,1.47,-3.01,-0.49,-75
1787064440260,278975,Thigh,stand,-0.142496,-0.991616,0.11224,1.54,-2.66,-0.49,-75
1787064440260,278991,Thigh,stand,-0.142984,-0.989176,0.111264,1.68,-2.24,-0.49,-75
1787064440260,279008,Thigh,stand,-0.143472,-0.985272,0.109312,1.61,-2.24,-0.56,-75
1787064440260,279025,Thigh,stand,-0.14396,-0.987224,0.107848,1.47,-2.59,-0.63,-75
1787064440622,279203,Thigh,stand,-0.142008,-0.987224,0.110776,1.75,-1.82,-0.49,-75
1787064440622,279234,Thigh,stand,-0.143472,-0.987224,0.11712,1.54,-1.96,-0.35,-75
1787064440622,279251,Thigh,stand,-0.144936,-0.990152,0.114192,1.4,-1.89,-0.28,-75
1787064440622,279268,Thigh,stand,-0.145912,-0.987224,0.108824,1.26,-2.17,-0.07,-75
1787064440622,279285,Thigh,stand,-0.142008,-0.987712,0.111752,1.05,-2.59,0,-75
1787064440622,279316,Thigh,stand,-0.1342,-0.990152,0.11956,1.54,-2.66,-0.21,-75
1787064440622,279333,Thigh,stand,-0.135176,-0.988688,0.115168,1.19,-1.96,-0.28,-75
1787064440622,279350,Thigh,stand,-0.142496,-0.984784,0.110288,1.4,-2.38,-0.35,-75
1787064440622,279367,Thigh,stand,-0.143472,-0.984784,0.110288,0.91,-2.87,-0.21,-75
1787064440622,279384,Thigh,stand,-0.142496,-0.991616,0.11468,1.05,-2.94,-0.07,-75
1787064440979,279560,Thigh,stand,-0.1342,-0.99064,0.115656,1.47,-2.59,0,-76
1787064440979,279592,Thigh,stand,-0.1342,-0.987224,0.112728,1.19,-2.66,-0.14,-76
1787064440979,279610,Thigh,stand,-0.135176,-0.989664,0.113216,1.33,-2.87,-0.07,-76
1787064440979,279627,Thigh,stand,-0.137128,-0.990152,0.11468,1.47,-2.52,0.07,-76
1787064440979,279644,Thigh,stand,-0.137616,-0.991616,0.113216,1.61,-1.96,0.07,-76
1787064440979,279661,Thigh,stand,-0.13908,-0.986736,0.108336,1.61,-1.82,0,-76
1787064440979,279692,Thigh,stand,-0.139568,-0.989176,0.1098,0.84,-3.22,-0.07,-76
1787064440979,279709,Thigh,stand,-0.137128,-0.99064,0.114192,1.26,-3.36,-0.07,-76
1787064440979,279726,Thigh,stand,-0.138592,-0.988688,0.11468,1.33,-2.94,0,-76
1787064440979,279743,Thigh,stand,-0.137616,-0.99308,0.114192,1.26,-2.73,0.07,-76
1787064441336,279918,Thigh,stand,-0.146888,-0.9882,0.11224,1.05,-1.82,0.14,-76
1787064441336,279948,Thigh,stand,-0.143472,-0.989176,0.107848,0.84,-1.82,0.21,-76
1787064441336,279966,Thigh,stand,-0.140544,-0.989664,0.108824,0.98,-2.31,0.21,-76
1787064441336,279983,Thigh,stand,-0.142496,-0.990152,0.113704,1.4,-2.38,-0.07,-76
1787064441336,280000,Thigh,stand,-0.142496,-0.987712,0.113704,1.4,-2.52,-0.21,-76
1787064441336,280031,Thigh,stand,-0.14396,-0.987224,0.11224,1.05,-3.01,0,-76
1787064441336,280048,Thigh,stand,-0.142496,-0.988688,0.112728,0.91,-2.87,0.21,-76
1787064441336,280065,Thigh,stand,-0.143472,-0.989664,0.116144,0.98,-2.73,0.21,-76
1787064441336,280082,Thigh,stand,-0.140056,-0.990152,0.115168,1.12,-2.24,0.14,-76
1787064441336,280099,Thigh,stand,-0.140056,-0.9882,0.11224,1.26,-1.75,0,-76
1787064441690,280275,Thigh,stand,-0.138592,-0.990152,0.108824,0.98,-2.24,0.07,-76
1787064441690,280305,Thigh,stand,-0.13908,-0.987712,0.109312,1.05,-2.52,0,-76
1787064441690,280322,Thigh,stand,-0.13908,-0.989176,0.111752,0.98,-2.66,0,-76
1787064441690,280339,Thigh,stand,-0.14152,-0.989664,0.110288,1.05,-2.87,0,-76
1787064441690,280356,Thigh,stand,-0.142008,-0.989664,0.108336,1.05,-3.08,-0.07,-76
1787064441690,280387,Thigh,stand,-0.14152,-0.986736,0.108336,1.26,-3.36,-0.07,-76
1787064441690,280404,Thigh,stand,-0.140056,-0.986248,0.10736,0.49,-3.15,0.14,-76
1787064441690,280421,Thigh,stand,-0.140056,-0.993568,0.110776,0.84,-3.08,0.35,-76
1787064441690,280438,Thigh,stand,-0.13908,-0.994056,0.110288,1.12,-2.52,0,-76
1787064441690,280455,Thigh,stand,-0.138592,-0.99308,0.111752,1.75,-2.94,-0.07,-76
1787064442046,280630,Thigh,stand,-0.143472,-0.9882,0.108336,1.12,-1.4,0,-76
1787064442046,280662,Thigh,stand,-0.145912,-0.9882,0.109312,1.4,-2.17,0,-76
1787064442046,280679,Thigh,stand,-0.149816,-0.986248,0.111752,1.33,-3.01,-0.07,-76
1787064442046,280696,Thigh,stand,-0.145424,-0.989664,0.110288,1.12,-3.85,0,-76
1787064442046,280713,Thigh,stand,-0.143472,-0.988688,0.109312,1.19,-4.06,0.07,-76
1787064442046,280743,Thigh,stand,-0.14152,-0.9882,0.110776,1.12,-3.29,0,-76
1787064442046,280760,Thigh,stand,-0.143472,-0.989664,0.112728,1.26,-3.29,0,-76
1787064442046,280777,Thigh,stand,-0.144448,-0.989176,0.11224,1.4,-3.01,-0.14,-76
1787064442046,280794,Thigh,stand,-0.143472,-0.989664,0.107848,1.4,-3.15,-0.14,-76
1787064442046,280811,Thigh,stand,-0.142496,-0.988688,0.10736,1.26,-2.87,-0.21,-76
1787064442407,280986,Thigh,stand,-0.144448,-0.987224,0.108336,1.12,-3.15,0.07,-77
1787064442407,281017,Thigh,stand,-0.145424,-0.99064,0.106872,1.05,-2.87,0.07,-77
1787064442407,281034,Thigh,stand,-0.143472,-0.988688,0.106872,0.77,-2.66,0.14,-77
1787064442407,281051,Thigh,stand,-0.142496,-0.989176,0.105896,0.7,-2.87,0.28,-77
1787064442407,281068,Thigh,stand,-0.142496,-0.99064,0.106384,0.91,-3.15,0.21,-77
1787064442407,281099,Thigh,stand,-0.138592,-0.991616,0.107848,1.05,-2.31,0.14,-77
1787064442407,281116,Thigh,stand,-0.13908,-0.989176,0.1098,1.12,-2.03,0.14,-77
1787064442407,281133,Thigh,stand,-0.137128,-0.9882,0.111752,1.12,-2.1,0.21,-77
1787064442407,281149,Thigh,stand,-0.137128,-0.991128,0.1098,1.12,-2.38,0.14,-77
1787064442407,281166,Thigh,stand,-0.141032,-0.9882,0.105896,1.82,-2.59,0,-77
1787064442763,281341,Thigh,stand,-0.1464,-0.986736,0.105896,1.61,-2.03,0.21,-77
1787064442763,281372,Thigh,stand,-0.147376,-0.990152,0.1098,1.19,-2.31,0.14,-77
1787064442763,281389,Thigh,stand,-0.146888,-0.991616,0.109312,0.98,-2.45,0.28,-77
1787064442763,281407,Thigh,stand,-0.144936,-0.989176,0.105408,1.61,-2.38,0.35,-77
1787064442763,281424,Thigh,stand,-0.1464,-0.986736,0.102968,1.54,-1.96,0.21,-77
1787064442763,281455,Thigh,stand,-0.150792,-0.987224,0.102968,1.12,-1.54,0.07,-77
1787064442763,281472,Thigh,stand,-0.15128,-0.99064,0.101504,1.19,-1.89,0.21,-77
1787064442763,281489,Thigh,stand,-0.152256,-0.986248,0.101504,1.47,-2.94,0.21,-77
1787064442763,281506,Thigh,stand,-0.153232,-0.98576,0.102968,1.26,-3.64,0.28,-77
1787064442763,281523,Thigh,stand,-0.1464,-0.988688,0.109312,0.91,-3.71,0.21,-77
1787064443133,281698,Thigh,stand,-0.147864,-0.990152,0.106384,0.91,-2.87,0.28,-77
1787064443133,281729,Thigh,stand,-0.145424,-0.990152,0.105408,0.98,-3.36,0,-77
1787064443133,281746,Thigh,stand,-0.143472,-0.991616,0.105896,1.33,-3.22,0.07,-77
1787064443133,281763,Thigh,stand,-0.144448,-0.984784,0.106872,1.4,-2.94,0.14,-77
1787064443133,281780,Thigh,stand,-0.145424,-0.985272,0.10736,1.19,-2.66,0,-77
1787064443133,281811,Thigh,stand,-0.150304,-0.986248,0.10248,1.47,-2.66,0,-77
1787064443133,281827,Thigh,stand,-0.15128,-0.98576,0.101992,1.19,-2.38,-0.07,-77
1787064443133,281844,Thigh,stand,-0.149816,-0.987712,0.101016,1.12,-2.03,-0.07,-77
1787064443133,281861,Thigh,stand,-0.14884,-0.989176,0.103456,1.19,-1.82,0,-77
1787064443133,281892,Thigh,stand,-0.154696,-0.989176,0.101992,1.33,-1.61,-0.14,-77
1787064443490,282068,Thigh,stand,-0.14884,-0.989176,0.103944,1.61,-2.1,-0.28,-74
1787064443490,282099,Thigh,stand,-0.152256,-0.98576,0.101504,1.47,-2.03,-0.28,-74
1787064443490,282116,Thigh,stand,-0.150304,-0.987224,0.100528,1.26,-2.03,-0.28,-74
1787064443490,282133,Thigh,stand,-0.149328,-0.987224,0.098576,1.26,-2.73,-0.14,-74
1787064443490,282150,Thigh,stand,-0.148352,-0.9882,0.101992,1.26,-3.01,-0.21,-74
1787064443490,282181,Thigh,stand,-0.14884,-0.987224,0.10492,1.47,-2.52,-0.28,-74
1787064443490,282198,Thigh,stand,-0.149816,-0.986248,0.101992,1.47,-2.45,-0.35,-74
1787064443490,282215,Thigh,stand,-0.148352,-0.986248,0.101992,1.26,-2.66,-0.28,-74
1787064443490,282232,Thigh,stand,-0.148352,-0.988688,0.10248,1.33,-3.01,-0.28,-74
1787064443490,282249,Thigh,stand,-0.150792,-0.991128,0.104432,1.54,-2.87,-0.21,-74
1787064443849,282426,Thigh,stand,-0.145424,-0.987712,0.105896,1.75,-2.24,-0.49,-74
1787064443849,282456,Thigh,stand,-0.152256,-0.985272,0.101992,1.68,-2.45,-0.35,-74
1787064443849,282474,Thigh,stand,-0.149328,-0.988688,0.10492,1.47,-2.45,-0.28,-74
1787064443849,282491,Thigh,stand,-0.147376,-0.990152,0.10492,1.61,-2.03,-0.28,-74
1787064443849,282508,Thigh,stand,-0.149328,-0.989176,0.103944,1.61,-1.89,-0.35,-74
1787064443849,282539,Thigh,stand,-0.147864,-0.987224,0.105896,1.47,-1.96,-0.42,-74
1787064443849,282556,Thigh,stand,-0.148352,-0.987712,0.106384,1.47,-2.24,-0.35,-74
1787064443849,282573,Thigh,stand,-0.147376,-0.987712,0.109312,1.68,-2.8,-0.28,-74
1787064443849,282590,Thigh,stand,-0.148352,-0.9882,0.108336,1.68,-2.73,-0.42,-74
1787064443849,282607,Thigh,stand,-0.1464,-0.986248,0.103944,1.61,-3.01,-0.28,-74
1787064444209,282785,Thigh,stand,-0.144936,-0.989176,0.10492,1.68,-2.45,-0.21,-74
1787064444209,282816,Thigh,stand,-0.147864,-0.986736,0.104432,1.54,-3.29,-0.35,-74
1787064444209,282833,Thigh,stand,-0.1464,-0.989664,0.108336,1.33,-3.5,-0.35,-74
1787064444209,282849,Thigh,stand,-0.144448,-0.988688,0.109312,1.4,-3.29,-0.21,-74
1787064444209,282866,Thigh,stand,-0.141032,-0.987224,0.106872,1.4,-2.38,-0.21,-74
1787064444209,282897,Thigh,stand,-0.144936,-0.988688,0.103944,1.61,-1.82,-0.14,-74
1787064444209,282914,Thigh,stand,-0.151768,-0.987712,0.103944,1.47,-1.96,-0.28,-74
1787064444209,282931,Thigh,stand,-0.154696,-0.989176,0.105408,1.4,-2.38,-0.28,-74
1787064444209,282948,Thigh,stand,-0.150792,-0.986248,0.106384,1.47,-2.45,-0.35,-74
1787064444209,282965,Thigh,stand,-0.148352,-0.989664,0.106872,1.26,-2.8,-0.35,-74
1787064444569,283142,Thigh,stand,-0.151768,-0.9882,0.103456,1.26,-2.17,0.07,-75
1787064444569,283173,Thigh,stand,-0.149816,-0.993568,0.105408,1.33,-1.96,0.14,-75
1787064444569,283189,Thigh,stand,-0.1464,-0.98332,0.104432,1.19,-2.1,0.07,-75
1787064444569,283207,Thigh,stand,-0.144936,-0.987224,0.107848,0.98,-2.52,0.07,-75
1787064444569,283224,Thigh,stand,-0.14396,-0.99064,0.1098,1.47,-2.73,0,-75
1787064444569,283254,Thigh,stand,-0.144448,-0.989176,0.108336,1.68,-2.38,-0.07,-75
1787064444569,283271,Thigh,stand,-0.147864,-0.986736,0.101992,1.4,-2.66,-0.21,-75
1787064444569,283288,Thigh,stand,-0.148352,-0.986736,0.104432,1.33,-3.22,-0.14,-75
1787064444569,283305,Thigh,stand,-0.14884,-0.987712,0.106872,1.33,-3.64,-0.14,-75
1787064444569,283322,Thigh,stand,-0.1464,-0.988688,0.108336,1.4,-3.43,-0.21,-75
1787064444927,283498,Thigh,stand,-0.148352,-0.989664,0.10736,1.19,-2.59,0.14,-75
1787064444927,283529,Thigh,stand,-0.144448,-0.987224,0.10492,1.05,-2.45,0,-75
1787064444927,283546,Thigh,stand,-0.143472,-0.989176,0.105896,1.26,-2.45,-0.07,-75
1787064444927,283563,Thigh,stand,-0.14884,-0.989176,0.10736,1.26,-1.96,-0.07,-75
1787064444927,283580,Thigh,stand,-0.150304,-0.988688,0.105408,1.33,-1.68,-0.07,-75
1787064444927,283611,Thigh,stand,-0.150792,-0.986736,0.102968,0.91,-2.17,0.07,-75
1787064444927,283628,Thigh,stand,-0.147864,-0.9882,0.105408,0.98,-2.24,0.07,-75
1787064444927,283645,Thigh,stand,-0.14396,-0.990152,0.10492,0.98,-2.17,0.14,-75
1787064444927,283662,Thigh,stand,-0.14396,-0.989664,0.104432,1.26,-1.96,0,-75
1787064444927,283678,Thigh,stand,-0.147376,-0.987712,0.103456,1.4,-1.96,0,-75
1787064445283,283854,Thigh,stand,-0.1464,-0.988688,0.100528,1.33,-3.22,-0.21,-75
1787064445283,283885,Thigh,stand,-0.151768,-0.987224,0.103456,1.19,-3.22,-0.14,-75
1787064445283,283902,Thigh,stand,-0.152744,-0.989176,0.105896,1.26,-3.22,0,-75
1787064445283,283919,Thigh,stand,-0.152256,-0.9882,0.105896,1.26,-2.94,0.07,-75
1787064445283,283936,Thigh,stand,-0.149328,-0.987224,0.10492,1.05,-3.08,0,-75
1787064445283,283967,Thigh,stand,-0.144448,-0.989176,0.105408,1.19,-3.36,-0.14,-75
1787064445283,283984,Thigh,stand,-0.145424,-0.987224,0.104432,1.26,-3.08,-0.21,-75
1787064445283,284001,Thigh,stand,-0.150304,-0.9882,0.103456,1.26,-2.52,-0.07,-75
1787064445283,284018,Thigh,stand,-0.152744,-0.987224,0.104432,1.4,-2.31,-0.14,-75
1787064445283,284035,Thigh,stand,-0.153232,-0.9882,0.10248,0.98,-3.01,0,-75
1787064445640,284210,Thigh,stand,-0.153232,-0.986736,0.101016,1.61,-1.75,-0.14,-74
1787064445640,284241,Thigh,stand,-0.151768,-0.9882,0.103456,1.19,-2.31,0.14,-74
1787064445640,284258,Thigh,stand,-0.150792,-0.9882,0.105408,1.19,-1.89,0.21,-74
1787064445640,284275,Thigh,stand,-0.147376,-0.988688,0.101504,1.33,-2.17,0.21,-74
1787064445640,284292,Thigh,stand,-0.145424,-0.988688,0.100528,1.26,-2.24,0.07,-74
1787064445640,284323,Thigh,stand,-0.14396,-0.989664,0.105408,1.4,-1.68,-0.07,-74
1787064445640,284340,Thigh,stand,-0.14396,-0.991128,0.107848,1.75,-1.05,0,-74
1787064445640,284357,Thigh,stand,-0.1464,-0.99552,0.103944,2.38,-0.98,-0.07,-74
1787064445640,284374,Thigh,stand,-0.150304,-0.991128,0.103456,2.66,-1.68,-0.63,-74
1787064445640,284391,Thigh,stand,-0.152744,-0.979904,0.101992,2.24,-2.03,-0.63,-74
1787064445996,284567,Thigh,stand,-0.152744,-0.9882,0.102968,1.54,-2.38,0,-74
1787064445996,284597,Thigh,stand,-0.156648,-0.987224,0.10492,1.75,-2.94,-0.07,-74
1787064445996,284614,Thigh,stand,-0.152744,-0.986248,0.105896,1.12,-2.94,-0.14,-74
1787064445996,284631,Thigh,stand,-0.152256,-0.987224,0.103456,1.26,-3.29,-0.07,-74
1787064445996,284648,Thigh,stand,-0.150792,-0.986248,0.104432,1.26,-3.36,-0.14,-74
1787064445996,284679,Thigh,stand,-0.153232,-0.987712,0.0976,1.54,-2.31,-0.07,-74
1787064445996,284696,Thigh,stand,-0.152744,-0.987712,0.0976,1.54,-2.45,-0.07,-74
1787064445996,284713,Thigh,stand,-0.154208,-0.986248,0.098576,1.47,-2.73,0,-74
1787064445996,284730,Thigh,stand,-0.157136,-0.984784,0.099552,0.98,-3.43,-0.07,-74
1787064445996,284747,Thigh,stand,-0.152744,-0.99064,0.103944,0.91,-3.64,-0.07,-74
1787064446407,284978,Thigh,stand,-0.150792,-0.988688,0.10248,1.47,-2.38,-0.28,-74
1787064446407,285009,Thigh,stand,-0.146888,-0.988688,0.101016,2.1,-2.17,-0.35,-74
1787064446407,285026,Thigh,stand,-0.14884,-0.984296,0.100528,1.89,-2.03,-0.49,-74
1787064446407,285043,Thigh,stand,-0.154208,-0.984784,0.098576,1.96,-1.89,-0.63,-74
1787064446407,285060,Thigh,stand,-0.154696,-0.986736,0.101016,1.61,-1.26,-0.56,-74
1787064446407,285091,Thigh,stand,-0.15616,-0.9882,0.101992,1.61,-0.98,-0.35,-74
1787064446407,285108,Thigh,stand,-0.15372,-0.989176,0.10248,1.75,-1.61,-0.28,-74
1787064446407,285125,Thigh,stand,-0.150792,-0.98576,0.102968,1.68,-1.82,-0.35,-74
1787064446407,285142,Thigh,stand,-0.149816,-0.986248,0.104432,1.61,-1.96,-0.35,-74
1787064446407,285159,Thigh,stand,-0.150792,-0.985272,0.103944,1.61,-1.75,-0.49,-74
1787064446764,285336,Thigh,stand,-0.14884,-0.986736,0.10492,1.75,-2.03,-0.49,-74
1787064446764,285367,Thigh,stand,-0.14884,-0.9882,0.10736,1.54,-2.45,-0.35,-74
1787064446764,285384,Thigh,stand,-0.152256,-0.989664,0.10736,1.75,-2.45,-0.42,-74
1787064446764,285400,Thigh,stand,-0.149816,-0.987712,0.106384,1.75,-2.24,-0.56,-74
1787064446764,285417,Thigh,stand,-0.149328,-0.987712,0.105896,1.61,-2.17,-0.77,-74
1787064446764,285448,Thigh,stand,-0.14884,-0.987224,0.108336,1.68,-2.66,-0.84,-74
1787064446764,285465,Thigh,stand,-0.149328,-0.99064,0.110288,1.68,-3.08,-0.77,-74
1787064446764,285482,Thigh,stand,-0.148352,-0.989176,0.110776,1.75,-3.22,-0.7,-74
1787064446764,285499,Thigh,stand,-0.147864,-0.987712,0.110288,1.61,-3.08,-0.7,-74
1787064446764,285516,Thigh,stand,-0.147376,-0.986736,0.108336,1.54,-3.01,-0.7,-74
1787064447126,285693,Thigh,stand,-0.149816,-0.986248,0.10248,1.82,-3.08,-0.63,-79
1787064447126,285724,Thigh,stand,-0.149328,-0.986248,0.106384,1.47,-3.43,-0.56,-79
1787064447126,285741,Thigh,stand,-0.146888,-0.99064,0.106872,1.26,-3.01,-0.42,-79
1787064447126,285758,Thigh,stand,-0.145424,-0.985272,0.102968,1.33,-2.73,-0.21,-79
1787064447126,285775,Thigh,stand,-0.142984,-0.984784,0.101992,1.26,-2.66,-0.07,-79
1787064447126,285805,Thigh,stand,-0.14152,-0.993568,0.105896,1.4,-2.24,-0.21,-79
1787064447126,285822,Thigh,stand,-0.14152,-0.992592,0.104432,1.68,-1.82,-0.49,-79
1787064447126,285839,Thigh,stand,-0.144448,-0.985272,0.104432,1.96,-1.61,-0.49,-79
1787064447126,285856,Thigh,stand,-0.145912,-0.986248,0.105896,1.33,-2.17,-0.49,-79
1787064447126,285873,Thigh,stand,-0.143472,-0.99064,0.108336,1.33,-3.22,-0.42,-79
1787064447481,286051,Thigh,stand,-0.1464,-0.9882,0.108824,1.61,-2.45,-0.28,-79
1787064447481,286082,Thigh,stand,-0.1464,-0.987712,0.104432,1.47,-2.59,-0.21,-79
1787064447481,286099,Thigh,stand,-0.1464,-0.987224,0.104432,1.4,-2.31,-0.14,-79
1787064447481,286116,Thigh,stand,-0.146888,-0.987712,0.103944,1.4,-2.17,0,-79
1787064447481,286133,Thigh,stand,-0.145912,-0.989176,0.106384,1.26,-2.17,0,-79
1787064447481,286164,Thigh,stand,-0.1464,-0.987712,0.105408,1.12,-1.96,0.07,-79
1787064447481,286181,Thigh,stand,-0.147864,-0.988688,0.106872,1.12,-2.1,0.07,-79
1787064447481,286198,Thigh,stand,-0.148352,-0.99064,0.106872,1.4,-2.1,0,-79
1787064447481,286215,Thigh,stand,-0.146888,-0.987224,0.106872,1.47,-2.17,0,-79
1787064447481,286231,Thigh,stand,-0.145424,-0.984784,0.106872,1.26,-2.17,0.14,-79
1787064447839,286406,Thigh,stand,-0.150304,-0.984784,0.10492,1.33,-1.82,-0.14,-79
1787064447839,286437,Thigh,stand,-0.15128,-0.990152,0.104432,1.19,-2.8,0.14,-79
1787064447839,286454,Thigh,stand,-0.14884,-0.989664,0.106384,1.4,-2.8,0.14,-79
1787064447839,286471,Thigh,stand,-0.146888,-0.988688,0.105408,1.61,-2.59,0.07,-79
1787064447839,286488,Thigh,stand,-0.1464,-0.984784,0.100528,1.33,-2.66,-0.07,-79
1787064447839,286519,Thigh,stand,-0.149816,-0.987712,0.108824,1.12,-2.8,-0.07,-79
1787064447839,286536,Thigh,stand,-0.152744,-0.988688,0.10736,1.47,-3.01,-0.07,-79
1787064447839,286553,Thigh,stand,-0.15128,-0.987224,0.109312,1.26,-3.29,-0.07,-79
1787064447839,286570,Thigh,stand,-0.150792,-0.989664,0.108824,1.26,-3.36,-0.07,-79
1787064447839,286587,Thigh,stand,-0.149816,-0.989664,0.105408,1.61,-3.78,-0.14,-79
1787064448198,286764,Thigh,stand,-0.147864,-0.987224,0.10492,1.47,-1.05,-0.21,-81
1787064448198,286795,Thigh,stand,-0.149328,-0.989664,0.105896,1.61,-1.61,-0.35,-81
1787064448198,286812,Thigh,stand,-0.154208,-0.986248,0.102968,1.75,-1.75,-0.21,-81
1787064448198,286829,Thigh,stand,-0.157624,-0.984784,0.101992,1.26,-2.31,-0.21,-81
1787064448198,286846,Thigh,stand,-0.157136,-0.98576,0.101504,0.91,-2.87,-0.14,-81
1787064448198,286877,Thigh,stand,-0.150792,-0.991128,0.102968,0.98,-2.87,-0.07,-81
1787064448198,286894,Thigh,stand,-0.1464,-0.990152,0.103944,1.12,-2.52,-0.21,-81
1787064448198,286911,Thigh,stand,-0.142496,-0.990152,0.103456,1.33,-2.59,-0.21,-81
1787064448198,286928,Thigh,stand,-0.142496,-0.986736,0.103456,1.33,-2.73,-0.28,-81
1787064448198,286945,Thigh,stand,-0.142984,-0.990152,0.105408,1.33,-2.87,-0.28,-81
1787064448556,287121,Thigh,stand,-0.146888,-0.9882,0.10736,1.33,-2.59,-0.28,-81
1787064448556,287152,Thigh,stand,-0.1464,-0.9882,0.10736,1.61,-3.43,-0.14,-81
1787064448556,287169,Thigh,stand,-0.149328,-0.987712,0.106872,1.47,-3.5,-0.14,-81
1787064448556,287186,Thigh,stand,-0.149328,-0.985272,0.10492,1.33,-3.22,-0.35,-81
1787064448556,287203,Thigh,stand,-0.145424,-0.991128,0.106384,1.26,-3.15,-0.28,-81
1787064448556,287234,Thigh,stand,-0.142984,-0.989176,0.1098,1.54,-2.87,-0.28,-81
1787064448556,287251,Thigh,stand,-0.145424,-0.987712,0.1098,1.54,-2.87,-0.28,-81
1787064448556,287268,Thigh,stand,-0.1464,-0.987712,0.109312,1.33,-2.52,-0.28,-81
1787064448556,287285,Thigh,stand,-0.147864,-0.989176,0.106872,1.33,-2.24,-0.14,-81
1787064448556,287302,Thigh,stand,-0.150304,-0.986736,0.104432,1.4,-2.59,-0.21,-81
1787064448917,287478,Thigh,stand,-0.147376,-0.988688,0.10492,1.26,-2.24,0.07,-81
1787064448917,287508,Thigh,stand,-0.146888,-0.990152,0.103944,1.33,-2.03,0.14,-81
1787064448917,287526,Thigh,stand,-0.148352,-0.986736,0.102968,1.4,-1.89,-0.07,-81
1787064448917,287542,Thigh,stand,-0.147376,-0.987712,0.103944,1.12,-2.03,-0.14,-81
1787064448917,287559,Thigh,stand,-0.1464,-0.990152,0.105896,1.05,-2.38,-0.14,-81
1787064448917,287590,Thigh,stand,-0.150792,-0.988688,0.103944,1.33,-2.38,0.07,-81
1787064448917,287607,Thigh,stand,-0.149816,-0.988688,0.104432,1.12,-2.38,0.14,-81
1787064448917,287624,Thigh,stand,-0.145912,-0.98576,0.103944,1.12,-2.52,0.28,-81
1787064448917,287641,Thigh,stand,-0.143472,-0.987224,0.106872,0.98,-2.87,0.21,-81
1787064448917,287658,Thigh,stand,-0.138592,-0.99064,0.109312,1.05,-2.66,0.21,-81
1787064449271,287836,Thigh,stand,-0.152256,-0.9882,0.101504,0.98,-2.59,0.35,-77
1787064449271,287868,Thigh,stand,-0.149328,-0.9882,0.103456,1.12,-3.43,0.28,-77
1787064449271,287884,Thigh,stand,-0.147376,-0.9882,0.106872,1.05,-3.01,0.21,-77
1787064449271,287901,Thigh,stand,-0.147376,-0.987712,0.105408,0.98,-3.01,0.07,-77
1787064449271,287918,Thigh,stand,-0.145424,-0.986248,0.105408,1.19,-3.22,0.14,-77
1787064449271,287949,Thigh,stand,-0.148352,-0.987712,0.105896,1.26,-3.22,0.28,-77
1787064449271,287966,Thigh,stand,-0.146888,-0.988688,0.105408,1.33,-2.94,-0.07,-77
1787064449271,287983,Thigh,stand,-0.1464,-0.988688,0.10248,1.33,-2.8,0,-77
1787064449271,288000,Thigh,stand,-0.14884,-0.989176,0.101504,1.47,-3.29,0.07,-77
1787064449271,288017,Thigh,stand,-0.150792,-0.9882,0.101504,1.47,-3.5,0.07,-77
1787064449629,288194,Thigh,stand,-0.15372,-0.98576,0.101016,1.47,-3.08,-0.21,-77
1787064449629,288225,Thigh,stand,-0.152256,-0.986248,0.102968,1.4,-2.94,-0.14,-77
1787064449629,288242,Thigh,stand,-0.149816,-0.986736,0.103944,1.4,-2.94,0,-77
1787064449629,288259,Thigh,stand,-0.15128,-0.9882,0.101504,1.33,-2.73,-0.07,-77
1787064449629,288276,Thigh,stand,-0.149816,-0.988688,0.101992,1.26,-2.24,-0.07,-77
1787064449629,288306,Thigh,stand,-0.153232,-0.986248,0.103456,1.68,-1.61,0.07,-77
1787064449629,288323,Thigh,stand,-0.153232,-0.986248,0.101504,1.61,-1.61,-0.07,-77
1787064449629,288340,Thigh,stand,-0.155184,-0.986736,0.101016,1.61,-1.68,-0.28,-77
1787064449629,288357,Thigh,stand,-0.157136,-0.99064,0.103944,1.82,-1.75,-0.42,-77
1787064449629,288374,Thigh,stand,-0.157136,-0.982832,0.101504,1.89,-1.89,-0.35,-77
1787064449990,288550,Thigh,stand,-0.152744,-0.988688,0.105896,1.61,-2.73,-0.35,-77
1787064449990,288581,Thigh,stand,-0.148352,-0.989176,0.104432,1.54,-2.24,-0.56,-77
1787064449990,288598,Thigh,stand,-0.147864,-0.987712,0.103456,1.68,-2.31,-0.56,-77
1787064449990,288616,Thigh,stand,-0.151768,-0.986248,0.101504,1.75,-2.52,-0.49,-77
1787064449990,288633,Thigh,stand,-0.154208,-0.985272,0.097112,1.82,-2.52,-0.49,-77
1787064449990,288664,Thigh,stand,-0.1586,-0.987224,0.098088,1.33,-2.66,-0.35,-77
1787064449990,288681,Thigh,stand,-0.155672,-0.986248,0.098088,1.19,-2.8,-0.42,-77
1787064449990,288698,Thigh,stand,-0.152256,-0.989664,0.10004,1.26,-3.36,-0.56,-77
1787064449990,288714,Thigh,stand,-0.150304,-0.990152,0.099552,1.61,-3.71,-0.42,-77
1787064449990,288731,Thigh,stand,-0.148352,-0.98576,0.103944,1.61,-3.15,-0.56,-77
1787064450349,288908,Thigh,stand,-0.150304,-0.986736,0.107848,1.33,-2.52,-0.28,-79
1787064450349,288940,Thigh,stand,-0.142984,-0.991616,0.10736,1.61,-2.66,-0.42,-79
1787064450349,288957,Thigh,stand,-0.14396,-0.99064,0.10736,1.96,-1.89,-0.56,-79
1787064450349,288974,Thigh,stand,-0.144448,-0.987224,0.107848,1.82,-1.75,-0.49,-79
1787064450349,288991,Thigh,stand,-0.147376,-0.986248,0.10736,1.68,-1.89,-0.49,-79
1787064450349,289022,Thigh,stand,-0.152256,-0.986248,0.105408,1.82,-2.45,-0.49,-79
1787064450349,289039,Thigh,stand,-0.15128,-0.988688,0.105408,1.89,-2.59,-0.49,-79
1787064450349,289056,Thigh,stand,-0.150304,-0.986248,0.103944,1.75,-1.96,-0.28,-79
1787064450349,289073,Thigh,stand,-0.149328,-0.986736,0.10248,1.47,-1.61,-0.35,-79
1787064450349,289090,Thigh,stand,-0.150304,-0.988688,0.103456,1.4,-1.47,-0.42,-79
1787064450710,289268,Thigh,stand,-0.14884,-0.989176,0.106872,1.4,-1.82,-0.21,-79
1787064450710,289299,Thigh,stand,-0.152744,-0.986736,0.105408,1.47,-2.1,-0.21,-79
1787064450710,289316,Thigh,stand,-0.15128,-0.986736,0.105408,1.61,-2.17,-0.21,-79
1787064450710,289333,Thigh,stand,-0.147864,-0.98576,0.10492,1.68,-2.31,-0.14,-79
1787064450710,289350,Thigh,stand,-0.150304,-0.987712,0.10492,1.26,-2.8,-0.21,-79
1787064450710,289381,Thigh,stand,-0.148352,-0.9882,0.105896,1.61,-3.57,-0.28,-79
1787064450710,289398,Thigh,stand,-0.146888,-0.988688,0.106384,1.4,-3.71,-0.28,-79
1787064450710,289415,Thigh,stand,-0.142496,-0.990152,0.106872,1.47,-3.22,-0.35,-79
1787064450710,289433,Thigh,stand,-0.14152,-0.9882,0.107848,1.75,-2.38,-0.35,-79
1787064450710,289450,Thigh,stand,-0.14396,-0.982832,0.102968,1.68,-2.24,-0.28,-79
1787064451065,289626,Thigh,stand,-0.142008,-0.987712,0.106384,1.05,-2.87,-0.21,-79
1787064451065,289657,Thigh,stand,-0.14152,-0.99064,0.109312,1.68,-2.24,-0.14,-79
1787064451065,289674,Thigh,stand,-0.14396,-0.986736,0.106384,1.61,-2.1,-0.21,-79
1787064451065,289691,Thigh,stand,-0.152744,-0.987712,0.103944,1.82,-1.82,-0.21,-79
1787064451065,289708,Thigh,stand,-0.152256,-0.985272,0.104432,1.47,-1.96,-0.14,-79
1787064451065,289739,Thigh,stand,-0.147376,-0.9882,0.10736,1.19,-1.89,0,-79
1787064451065,289756,Thigh,stand,-0.149816,-0.989664,0.105896,1.26,-1.89,-0.14,-79
1787064451065,289773,Thigh,stand,-0.15128,-0.991616,0.102968,1.54,-1.75,-0.07,-79
1787064451065,289790,Thigh,stand,-0.15128,-0.987712,0.102968,1.47,-1.89,-0.21,-79
1787064451065,289807,Thigh,stand,-0.148352,-0.98576,0.104432,1.19,-2.24,-0.21,-79
1787064451421,289983,Thigh,stand,-0.149816,-0.985272,0.10248,1.61,-2.17,-0.14,-79
1787064451421,290013,Thigh,stand,-0.149328,-0.992104,0.107848,1.05,-3.01,0.07,-79
1787064451421,290030,Thigh,stand,-0.147376,-0.988688,0.106384,1.4,-2.94,0.14,-79
1787064451421,290047,Thigh,stand,-0.145912,-0.985272,0.103944,1.33,-2.8,0.07,-79
1787064451421,290064,Thigh,stand,-0.147376,-0.985272,0.101992,1.26,-2.73,0,-79
1787064451421,290095,Thigh,stand,-0.150304,-0.989176,0.106872,1.12,-2.8,0.14,-79
1787064451421,290112,Thigh,stand,-0.14884,-0.988688,0.107848,1.19,-2.24,0.07,-79
1787064451421,290129,Thigh,stand,-0.149816,-0.989176,0.105896,1.26,-2.31,0.07,-79
1787064451421,290146,Thigh,stand,-0.147864,-0.987224,0.10248,1.4,-2.45,0.07,-79
1787064451421,290163,Thigh,stand,-0.148352,-0.98576,0.101504,1.33,-2.66,0,-79
1787064451780,290338,Thigh,stand,-0.145912,-0.987712,0.103944,1.26,-2.17,0,-79
1787064451780,290368,Thigh,stand,-0.156648,-0.984784,0.104432,1.4,-2.24,-0.07,-79
1787064451780,290386,Thigh,stand,-0.15616,-0.987224,0.10248,1.26,-2.31,0,-79
1787064451780,290402,Thigh,stand,-0.154208,-0.987224,0.102968,1.26,-2.1,-0.07,-79
1787064451780,290419,Thigh,stand,-0.154208,-0.9882,0.101016,1.26,-2.31,0,-79
1787064451780,290450,Thigh,stand,-0.15128,-0.987712,0.10248,1.26,-2.17,-0.14,-79
1787064451780,290467,Thigh,stand,-0.153232,-0.988688,0.103456,1.05,-2.31,-0.07,-79
1787064451780,290484,Thigh,stand,-0.149816,-0.986248,0.104432,1.12,-2.45,0,-79
1787064451780,290501,Thigh,stand,-0.150792,-0.985272,0.101992,1.26,-2.66,0,-79
1787064451780,290518,Thigh,stand,-0.152256,-0.985272,0.102968,1.26,-2.87,0.07,-79
1787064452136,290693,Thigh,stand,-0.152744,-0.987712,0.101504,1.12,-2.94,0,-79
1787064452136,290724,Thigh,stand,-0.147376,-0.987712,0.102968,1.19,-2.94,-0.14,-79
1787064452136,290741,Thigh,stand,-0.145912,-0.989176,0.104432,1.19,-2.8,-0.14,-79
1787064452136,290759,Thigh,stand,-0.150304,-0.987712,0.104432,1.26,-2.31,0,-79
1787064452136,290775,Thigh,stand,-0.15128,-0.989176,0.103944,1.26,-2.24,-0.07,-79
1787064452136,290805,Thigh,stand,-0.147864,-0.986736,0.103456,1.26,-2.8,-0.14,-79
1787064452136,290822,Thigh,stand,-0.147864,-0.986736,0.105896,1.19,-2.94,-0.07,-79
1787064452136,290839,Thigh,stand,-0.148352,-0.987224,0.10736,1.26,-2.66,0,-79
1787064452136,290856,Thigh,stand,-0.152744,-0.9882,0.104432,1.26,-2.38,0.07,-79
1787064452136,290873,Thigh,stand,-0.154208,-0.987712,0.103944,1.26,-2.1,0,-79
1787064452491,291049,Thigh,stand,-0.145912,-0.988688,0.100528,1.82,-2.94,-0.28,-79
1787064452491,291080,Thigh,stand,-0.154208,-0.983808,0.098576,1.54,-3.01,-0.07,-79
1787064452491,291097,Thigh,stand,-0.152744,-0.98576,0.101992,1.4,-2.59,0,-79
1787064452491,291114,Thigh,stand,-0.151768,-0.987224,0.102968,1.26,-2.31,0.14,-79
1787064452491,291131,Thigh,stand,-0.153232,-0.99064,0.103456,1.4,-2.03,0.14,-79
1787064452491,291162,Thigh,stand,-0.156648,-0.985272,0.101016,1.61,-2.59,-0.14,-79
1787064452491,291179,Thigh,stand,-0.155184,-0.987224,0.101992,1.33,-2.66,-0.21,-79
1787064452491,291195,Thigh,stand,-0.158112,-0.984784,0.098088,1.47,-2.59,-0.14,-79
1787064452491,291212,Thigh,stand,-0.159576,-0.985272,0.099064,1.19,-2.87,0,-79
1787064452491,291229,Thigh,stand,-0.1586,-0.989176,0.105896,1.05,-3.29,0.21,-79
1787064452854,291405,Thigh,stand,-0.15372,-0.9882,0.101992,1.47,-3.01,-0.35,-80
1787064452854,291436,Thigh,stand,-0.155184,-0.986248,0.098576,1.4,-3.08,-0.28,-80
1787064452854,291453,Thigh,stand,-0.153232,-0.98576,0.100528,1.4,-3.64,-0.21,-80
1787064452854,291470,Thigh,stand,-0.150792,-0.988688,0.103944,1.19,-3.85,-0.28,-80
1787064452854,291487,Thigh,stand,-0.148352,-0.989176,0.106872,1.54,-3.29,-0.21,-80
1787064452854,291518,Thigh,stand,-0.147864,-0.986736,0.101992,1.61,-3.22,-0.35,-80
1787064452854,291535,Thigh,stand,-0.147376,-0.987712,0.10248,1.54,-2.94,-0.42,-80
1787064452854,291552,Thigh,stand,-0.147864,-0.9882,0.102968,1.82,-2.66,-0.42,-80
1787064452854,291569,Thigh,stand,-0.149816,-0.984296,0.102968,1.89,-2.38,-0.35,-80
1787064452854,291586,Thigh,stand,-0.15128,-0.9882,0.102968,1.47,-2.31,-0.35,-80
1787064453228,291763,Thigh,stand,-0.154696,-0.988688,0.103944,1.68,-2.66,-0.35,-80
1787064453228,291794,Thigh,stand,-0.154208,-0.987712,0.103456,1.54,-2.59,-0.35,-80
1787064453228,291811,Thigh,stand,-0.15128,-0.987224,0.103944,1.4,-2.59,-0.28,-80
1787064453228,291828,Thigh,stand,-0.146888,-0.989664,0.10736,1.33,-2.52,-0.35,-80
1787064453228,291845,Thigh,stand,-0.146888,-0.989176,0.108336,1.61,-2.03,-0.42,-80
1787064453228,291876,Thigh,stand,-0.147376,-0.986736,0.103456,1.75,-2.1,-0.35,-80
1787064453228,291893,Thigh,stand,-0.152256,-0.989664,0.105408,1.75,-2.17,-0.42,-80
1787064453228,291910,Thigh,stand,-0.155184,-0.988688,0.10492,1.75,-2.31,-0.35,-80
1787064453228,291927,Thigh,stand,-0.155184,-0.98576,0.103456,1.54,-2.52,-0.42,-80
1787064453228,291944,Thigh,stand,-0.15372,-0.986248,0.106384,1.47,-3.08,-0.35,-80
1787064453566,292120,Thigh,stand,-0.147864,-0.987712,0.10248,1.26,-2.31,-0.35,-80
1787064453566,292151,Thigh,stand,-0.147864,-0.987712,0.102968,1.47,-2.73,-0.42,-80
1787064453566,292168,Thigh,stand,-0.148352,-0.9882,0.103944,1.68,-2.8,-0.21,-80
1787064453566,292185,Thigh,stand,-0.149328,-0.986736,0.102968,1.54,-2.38,-0.28,-80
1787064453566,292202,Thigh,stand,-0.151768,-0.986736,0.101992,1.54,-2.45,-0.35,-80
1787064453566,292233,Thigh,stand,-0.149328,-0.9882,0.103456,1.54,-3.01,-0.35,-80
1787064453566,292250,Thigh,stand,-0.146888,-0.9882,0.10492,1.54,-3.08,-0.49,-80
1787064453566,292267,Thigh,stand,-0.148352,-0.987224,0.103456,1.54,-2.59,-0.49,-80
1787064453566,292284,Thigh,stand,-0.149816,-0.987224,0.103944,1.4,-2.24,-0.35,-80
1787064453566,292301,Thigh,stand,-0.148352,-0.989176,0.10736,1.26,-2.1,-0.14,-80
1787064453921,292478,Thigh,stand,-0.151768,-0.9882,0.104432,1.54,-2.03,0.21,-80
1787064453921,292508,Thigh,stand,-0.152256,-0.985272,0.101016,1.54,-1.26,0,-80
1787064453921,292525,Thigh,stand,-0.154208,-0.984784,0.099552,1.19,-1.75,-0.07,-80
1787064453921,292542,Thigh,stand,-0.15616,-0.9882,0.096136,1.26,-2.1,-0.14,-80
1787064453921,292559,Thigh,stand,-0.154696,-0.989176,0.0976,1.19,-3.01,-0.14,-80
1787064453921,292590,Thigh,stand,-0.157136,-0.98332,0.099552,1.26,-4.41,-0.21,-80
1787064453921,292607,Thigh,stand,-0.154696,-0.985272,0.103456,0.98,-4.97,-0.14,-80
1787064453921,292624,Thigh,stand,-0.149816,-0.9882,0.106384,0.84,-5.11,0,-80
1787064453921,292641,Thigh,stand,-0.14396,-0.990152,0.111264,0.98,-4.2,0,-80
1787064453921,292658,Thigh,stand,-0.142008,-0.988688,0.110288,1.12,-3.08,-0.14,-80
1787064454279,292833,Thigh,stand,-0.150792,-0.984296,0.098088,1.54,-1.12,-0.28,-78
1787064454279,292864,Thigh,stand,-0.153232,-0.988688,0.101016,1.19,-1.19,-0.35,-78
1787064454279,292881,Thigh,stand,-0.154208,-0.987712,0.104432,1.33,-1.4,-0.14,-78
1787064454279,292898,Thigh,stand,-0.157136,-0.986736,0.101504,1.33,-1.61,0,-78
1787064454279,292914,Thigh,stand,-0.157624,-0.988688,0.094672,1.26,-2.59,0.21,-78
1787064454279,292945,Thigh,stand,-0.15616,-0.984296,0.096624,1.05,-3.85,0.07,-78
1787064454279,292962,Thigh,stand,-0.151768,-0.986248,0.102968,0.63,-3.71,-0.14,-78
1787064454279,292979,Thigh,stand,-0.150792,-0.988688,0.103944,0.84,-3.99,-0.07,-78
1787064454279,292996,Thigh,stand,-0.146888,-0.989664,0.10736,0.84,-3.92,-0.07,-78
1787064454279,293013,Thigh,stand,-0.142008,-0.988688,0.106872,1.05,-3.5,0,-78
1787064454639,293189,Thigh,stand,-0.153232,-0.987224,0.096136,1.19,-3.29,0.07,-78
1787064454639,293220,Thigh,stand,-0.151768,-0.9882,0.099552,1.33,-2.8,-0.14,-78
1787064454639,293237,Thigh,stand,-0.155184,-0.989176,0.099552,1.54,-2.73,-0.28,-78
1787064454639,293254,Thigh,stand,-0.154696,-0.987712,0.10004,1.47,-3.43,-0.21,-78
1787064454639,293271,Thigh,stand,-0.154208,-0.986248,0.101504,1.54,-3.64,-0.28,-78
1787064454639,293302,Thigh,stand,-0.150792,-0.982832,0.103944,0.91,-4.06,-0.21,-78
1787064454639,293319,Thigh,stand,-0.144936,-0.989664,0.106872,1.12,-3.85,-0.21,-78
1787064454639,293335,Thigh,stand,-0.143472,-0.989176,0.104432,1.47,-2.73,-0.14,-78
1787064454639,293352,Thigh,stand,-0.145424,-0.988688,0.106872,1.61,-2.24,-0.07,-78
1787064454639,293369,Thigh,stand,-0.14884,-0.989664,0.10736,1.33,-2.17,-0.14,-78
1787064454998,293546,Thigh,stand,-0.14884,-0.98576,0.101992,1.33,-2.03,-0.14,-78
1787064454998,293578,Thigh,stand,-0.152744,-0.987224,0.102968,1.4,-1.75,-0.14,-78
1787064454998,293595,Thigh,stand,-0.152256,-0.987712,0.102968,1.47,-1.82,-0.28,-78
1787064454998,293612,Thigh,stand,-0.150792,-0.986248,0.106872,1.47,-1.96,-0.21,-78
1787064454998,293629,Thigh,stand,-0.154208,-0.986248,0.105896,1.26,-2.1,-0.21,-78
1787064454998,293660,Thigh,stand,-0.15616,-0.990152,0.10248,1.26,-2.59,0,-78
1787064454998,293677,Thigh,stand,-0.154696,-0.988688,0.10492,0.98,-2.38,0.14,-78
1787064454998,293694,Thigh,stand,-0.152256,-0.987712,0.10492,0.91,-2.31,0.14,-78
1787064454998,293711,Thigh,stand,-0.147864,-0.985272,0.102968,0.98,-2.66,0.07,-78
1787064454998,293728,Thigh,stand,-0.14396,-0.986248,0.105896,0.84,-2.87,0,-78
1787064455355,293904,Thigh,stand,-0.155672,-0.9882,0.10004,1.12,-2.52,-0.07,-75
1787064455355,293935,Thigh,stand,-0.155184,-0.986248,0.103944,1.47,-2.87,-0.07,-75
1787064455355,293952,Thigh,stand,-0.152256,-0.984784,0.103456,1.12,-3.08,-0.07,-75
1787064455355,293969,Thigh,stand,-0.149328,-0.987224,0.10248,1.26,-3.29,0,-75
1787064455355,293986,Thigh,stand,-0.150304,-0.986736,0.101016,1.05,-3.29,0,-75
1787064455355,294017,Thigh,stand,-0.147864,-0.9882,0.10736,1.47,-2.31,-0.07,-75
1787064455355,294034,Thigh,stand,-0.151768,-0.984296,0.106872,1.26,-1.61,-0.14,-75
1787064455355,294051,Thigh,stand,-0.152744,-0.99064,0.104432,1.19,-1.96,-0.07,-75
1787064455355,294068,Thigh,stand,-0.15128,-0.990152,0.105408,1.33,-2.17,-0.14,-75
1787064455355,294085,Thigh,stand,-0.15128,-0.989176,0.105408,1.47,-2.38,-0.21,-75
1787064455715,294262,Thigh,stand,-0.151768,-0.988688,0.101992,1.33,-1.54,0,-75
1787064455715,294293,Thigh,stand,-0.15372,-0.989176,0.100528,1.26,-1.82,0,-75
1787064455715,294310,Thigh,stand,-0.155672,-0.98576,0.099552,1.33,-2.1,-0.07,-75
1787064455715,294327,Thigh,stand,-0.155184,-0.986248,0.102968,1.26,-2.38,-0.14,-75
1787064455715,294344,Thigh,stand,-0.155184,-0.9882,0.10248,1.05,-2.31,0,-75
1787064455715,294375,Thigh,stand,-0.154696,-0.987224,0.10004,1.19,-2.45,0.07,-75
1787064455715,294392,Thigh,stand,-0.15128,-0.987224,0.10004,1.05,-2.87,0.07,-75
1787064455715,294409,Thigh,stand,-0.149816,-0.989176,0.101016,1.05,-2.94,-0.14,-75
1787064455715,294426,Thigh,stand,-0.145912,-0.990152,0.10492,1.19,-2.8,-0.07,-75
1787064455715,294443,Thigh,stand,-0.1464,-0.987712,0.10492,1.47,-2.52,0,-75
1787064456068,294618,Thigh,stand,-0.15128,-0.991616,0.105408,1.54,-3.29,-0.21,-75
1787064456068,294648,Thigh,stand,-0.151768,-0.985272,0.103456,1.33,-3.08,0,-75
1787064456068,294665,Thigh,stand,-0.150792,-0.982832,0.103456,1.4,-2.38,0.14,-75
1787064456068,294682,Thigh,stand,-0.148352,-0.98332,0.104432,1.19,-2.31,0.14,-75
1787064456068,294699,Thigh,stand,-0.147864,-0.992592,0.103944,1.33,-2.1,0,-75
1787064456068,294730,Thigh,stand,-0.15372,-0.986736,0.100528,1.68,-1.4,-0.49,-75
1787064456068,294747,Thigh,stand,-0.161528,-0.984784,0.099552,1.75,-1.47,-0.49,-75
1787064456068,294764,Thigh,stand,-0.166408,-0.986736,0.099064,1.54,-2.17,-0.42,-75
1787064456068,294781,Thigh,stand,-0.166896,-0.986736,0.096624,1.54,-3.08,-0.28,-75
1787064456068,294798,Thigh,stand,-0.165432,-0.984296,0.0976,1.12,-4.06,-0.14,-75
1787064456426,294974,Thigh,stand,-0.149816,-0.9882,0.10248,1.4,-2.1,-0.35,-76
1787064456426,295005,Thigh,stand,-0.155672,-0.985272,0.099552,1.54,-1.54,-0.28,-76
1787064456426,295021,Thigh,stand,-0.156648,-0.986248,0.101504,1.4,-2.17,-0.28,-76
1787064456426,295039,Thigh,stand,-0.152256,-0.989176,0.101992,1.19,-2.59,-0.07,-76
1787064456426,295055,Thigh,stand,-0.14884,-0.989176,0.101992,1.33,-2.45,-0.14,-76
1787064456426,295086,Thigh,stand,-0.152256,-0.988688,0.10004,1.47,-2.38,-0.28,-76
1787064456426,295103,Thigh,stand,-0.147864,-0.987224,0.104432,1.4,-2.31,-0.07,-76
1787064456426,295120,Thigh,stand,-0.145912,-0.988688,0.105408,1.4,-1.75,-0.07,-76
1787064456426,295137,Thigh,stand,-0.147376,-0.989176,0.103944,1.68,-1.54,-0.28,-76
1787064456426,295154,Thigh,stand,-0.15616,-0.984296,0.100528,1.96,-1.75,-0.28,-76
1787064456783,295331,Thigh,stand,-0.15616,-0.987712,0.101504,1.12,-2.59,0,-76
1787064456783,295362,Thigh,stand,-0.155184,-0.985272,0.102968,1.4,-2.52,0.21,-76
1787064456783,295379,Thigh,stand,-0.149816,-0.987712,0.10492,0.98,-2.87,0.14,-76
1787064456783,295396,Thigh,stand,-0.149328,-0.9882,0.102968,1.47,-2.73,0,-76
1787064456783,295413,Thigh,stand,-0.150304,-0.987712,0.101992,1.4,-2.52,-0.14,-76
1787064456783,295443,Thigh,stand,-0.15616,-0.987224,0.099552,1.75,-2.24,-0.21,-76
1787064456783,295460,Thigh,stand,-0.159088,-0.98576,0.098576,1.4,-2.66,-0.14,-76
1787064456783,295477,Thigh,stand,-0.157624,-0.987224,0.099552,1.26,-2.8,-0.07,-76
1787064456783,295494,Thigh,stand,-0.155184,-0.987224,0.10004,1.26,-2.87,-0.21,-76
1787064456783,295511,Thigh,stand,-0.153232,-0.989176,0.101504,1.33,-3.22,-0.14,-76
1787064457145,295687,Thigh,stand,-0.156648,-0.984296,0.103456,1.33,-2.8,-0.14,-76
1787064457145,295718,Thigh,stand,-0.152256,-0.987224,0.101992,1.54,-2.59,-0.07,-76
1787064457145,295735,Thigh,stand,-0.151768,-0.9882,0.101504,1.33,-2.31,-0.14,-76
1787064457145,295752,Thigh,stand,-0.151768,-0.988688,0.0976,1.54,-2.24,-0.14,-76
1787064457145,295769,Thigh,stand,-0.151768,-0.98576,0.099552,1.47,-2.31,-0.28,-76
1787064457145,295800,Thigh,stand,-0.149328,-0.986248,0.101504,1.68,-2.38,-0.49,-76
1787064457145,295817,Thigh,stand,-0.156648,-0.986736,0.096136,1.61,-2.31,-0.42,-76
1787064457145,295834,Thigh,stand,-0.162016,-0.986248,0.097112,1.75,-2.73,-0.35,-76
1787064457145,295851,Thigh,stand,-0.1586,-0.986248,0.101504,1.54,-2.73,-0.28,-76
1787064457145,295868,Thigh,stand,-0.157136,-0.987712,0.102968,1.33,-2.38,-0.14,-76
1787064457503,296045,Thigh,stand,-0.152744,-0.9882,0.101016,1.68,-2.73,-0.42,-76
1787064457503,296077,Thigh,stand,-0.155672,-0.984296,0.100528,1.68,-1.68,-0.49,-76
1787064457503,296093,Thigh,stand,-0.155672,-0.984296,0.100528,1.54,-1.82,-0.49,-76
1787064457503,296111,Thigh,stand,-0.152256,-0.988688,0.103456,1.33,-1.89,-0.42,-76
1787064457503,296128,Thigh,stand,-0.154208,-0.986248,0.102968,1.33,-1.75,-0.35,-76
1787064457503,296159,Thigh,stand,-0.154696,-0.988688,0.103456,1.68,-1.75,-0.21,-76
1787064457503,296176,Thigh,stand,-0.154696,-0.9882,0.103944,1.47,-1.82,-0.21,-76
1787064457503,296193,Thigh,stand,-0.154696,-0.987712,0.101016,1.61,-2.73,-0.35,-76
1787064457503,296210,Thigh,stand,-0.153232,-0.98576,0.101016,1.4,-3.22,-0.49,-76
1787064457503,296227,Thigh,stand,-0.15128,-0.987224,0.10248,1.4,-3.01,-0.56,-76
1787064457888,296403,Thigh,stand,-0.149816,-0.989176,0.104432,1.12,-3.29,-0.14,-76
1787064457888,296434,Thigh,stand,-0.1464,-0.988688,0.102968,1.61,-3.29,-0.21,-76
1787064457888,296451,Thigh,stand,-0.142984,-0.987224,0.104432,1.4,-2.87,-0.28,-76
1787064457888,296468,Thigh,stand,-0.142496,-0.9882,0.103944,1.68,-2.38,-0.49,-76
1787064457888,296485,Thigh,stand,-0.150792,-0.989664,0.101016,2.1,-1.96,-0.56,-76
1787064457888,296516,Thigh,stand,-0.16104,-0.983808,0.10004,1.82,-2.45,-0.49,-76
1787064457888,296533,Thigh,stand,-0.158112,-0.986248,0.100528,1.4,-2.73,-0.28,-76
1787064457888,296550,Thigh,stand,-0.154208,-0.988688,0.101992,1.4,-2.87,-0.14,-76
1787064457888,296566,Thigh,stand,-0.15128,-0.987712,0.101504,1.4,-2.8,-0.14,-76
1787064457888,296584,Thigh,stand,-0.147864,-0.987712,0.10248,1.26,-2.59,-0.14,-76
1787064458218,296760,Thigh,stand,-0.150792,-0.987224,0.104432,1.54,-2.38,-0.42,-76
1787064458218,296791,Thigh,stand,-0.155672,-0.984784,0.101504,1.54,-2.45,-0.21,-76
1787064458218,296808,Thigh,stand,-0.157136,-0.987224,0.102968,1.47,-2.38,-0.21,-76
1787064458218,296825,Thigh,stand,-0.15616,-0.987224,0.103456,1.33,-2.59,-0.14,-76
1787064458218,296842,Thigh,stand,-0.15372,-0.987224,0.102968,1.19,-2.8,-0.14,-76
1787064458218,296873,Thigh,stand,-0.145424,-0.989176,0.105408,1.33,-2.8,-0.21,-76
1787064458218,296890,Thigh,stand,-0.145424,-0.988688,0.102968,1.47,-2.31,-0.14,-76
1787064458218,296907,Thigh,stand,-0.150792,-0.9882,0.103944,1.54,-2.1,-0.14,-76
1787064458218,296924,Thigh,stand,-0.153232,-0.987224,0.105896,1.47,-1.75,-0.07,-76
1787064458218,296941,Thigh,stand,-0.15372,-0.987712,0.104432,1.26,-1.96,-0.07,-76
1787064458581,297118,Thigh,stand,-0.144448,-0.987712,0.105408,1.68,-2.31,-0.07,-76
1787064458581,297149,Thigh,stand,-0.150304,-0.986736,0.10004,1.82,-2.38,-0.35,-76
1787064458581,297166,Thigh,stand,-0.154208,-0.9882,0.10004,1.82,-2.8,-0.35,-76
1787064458581,297183,Thigh,stand,-0.160552,-0.98576,0.099064,1.68,-3.29,-0.28,-76
1787064458581,297199,Thigh,stand,-0.154208,-0.986736,0.101992,1.54,-3.15,-0.28,-76
1787064458581,297230,Thigh,stand,-0.154208,-0.987712,0.099552,1.33,-2.66,-0.14,-76
1787064458581,297247,Thigh,stand,-0.15616,-0.9882,0.099064,1.4,-2.8,-0.14,-76
1787064458581,297264,Thigh,stand,-0.155184,-0.984784,0.103456,1.33,-2.8,-0.07,-76
1787064458581,297281,Thigh,stand,-0.150304,-0.986736,0.107848,1.05,-2.87,-0.21,-76
1787064458581,297298,Thigh,stand,-0.147376,-0.989176,0.1098,1.19,-2.8,-0.21,-76
1787064458933,297474,Thigh,stand,-0.157136,-0.986736,0.097112,1.26,-3.01,-0.21,-75
1787064458933,297506,Thigh,stand,-0.152744,-0.987712,0.099064,1.12,-3.5,-0.14,-75
1787064458933,297523,Thigh,stand,-0.149816,-0.9882,0.10248,1.12,-3.43,-0.07,-75
1787064458933,297540,Thigh,stand,-0.150304,-0.9882,0.105896,1.19,-2.73,-0.07,-75
1787064458933,297557,Thigh,stand,-0.149328,-0.986248,0.105408,1.61,-2.17,-0.14,-75
1787064458933,297586,Thigh,stand,-0.148352,-0.9882,0.10492,1.4,-1.61,-0.28,-75
1787064458933,297603,Thigh,stand,-0.150792,-0.986736,0.10492,1.61,-1.82,-0.28,-75
1787064458933,297620,Thigh,stand,-0.152744,-0.987712,0.106872,1.54,-1.89,-0.21,-75
1787064458933,297637,Thigh,stand,-0.155184,-0.987224,0.10736,1.54,-1.75,-0.14,-75
1787064458933,297654,Thigh,stand,-0.152744,-0.9882,0.105896,1.61,-1.82,-0.21,-75
1787064459291,297831,Thigh,stand,-0.147864,-0.987224,0.100528,1.82,-2.8,-0.35,-75
1787064459291,297862,Thigh,stand,-0.155672,-0.989176,0.0976,1.75,-2.73,-0.49,-75
1787064459291,297879,Thigh,stand,-0.152256,-0.986248,0.101992,2.03,-2.66,-0.63,-75
1787064459291,297896,Thigh,stand,-0.154208,-0.98576,0.10492,1.68,-2.1,-0.49,-75
1787064459291,297913,Thigh,stand,-0.155184,-0.984784,0.101016,1.4,-1.96,-0.42,-75
1787064459291,297944,Thigh,stand,-0.156648,-0.989664,0.10248,1.26,-2.1,-0.21,-75
1787064459291,297961,Thigh,stand,-0.157136,-0.987224,0.104432,1.61,-2.66,-0.21,-75
1787064459291,297978,Thigh,stand,-0.156648,-0.984784,0.103944,1.47,-2.94,-0.42,-75
1787064459291,297994,Thigh,stand,-0.149816,-0.987712,0.105408,1.4,-3.5,-0.56,-75
1787064459291,298011,Thigh,stand,-0.147376,-0.986248,0.106384,1.68,-3.57,-0.63,-75
1787064459648,298189,Thigh,stand,-0.153232,-0.987712,0.106384,1.68,-2.31,-0.42,-75
1787064459648,298220,Thigh,stand,-0.146888,-0.987224,0.108824,1.26,-2.87,-0.56,-75
1787064459648,298237,Thigh,stand,-0.145424,-0.9882,0.104432,1.33,-2.8,-0.49,-75
1787064459648,298254,Thigh,stand,-0.145424,-0.988688,0.103944,1.54,-2.38,-0.49,-75
1787064459648,298271,Thigh,stand,-0.148352,-0.987712,0.104432,1.61,-2.1,-0.42,-75
1787064459648,298302,Thigh,stand,-0.148352,-0.9882,0.103944,1.4,-2.17,-0.42,-75
1787064459648,298319,Thigh,stand,-0.145912,-0.9882,0.105896,1.54,-2.59,-0.49,-75
1787064459648,298336,Thigh,stand,-0.145424,-0.9882,0.107848,1.68,-2.66,-0.49,-75
1787064459648,298353,Thigh,stand,-0.1464,-0.9882,0.106872,1.47,-2.24,-0.42,-75
1787064459648,298370,Thigh,stand,-0.14884,-0.9882,0.104432,1.82,-1.82,-0.42,-75
1787064460007,298545,Thigh,stand,-0.145424,-0.988688,0.105408,1.96,-3.15,-0.56,-76
1787064460007,298576,Thigh,stand,-0.154696,-0.98576,0.101992,2.03,-3.22,-0.63,-76
1787064460007,298593,Thigh,stand,-0.15372,-0.985272,0.102968,1.89,-3.01,-0.56,-76
1787064460007,298610,Thigh,stand,-0.151768,-0.987712,0.105408,1.54,-2.87,-0.42,-76
1787064460007,298627,Thigh,stand,-0.15128,-0.989664,0.105896,1.4,-2.38,-0.49,-76
1787064460007,298658,Thigh,stand,-0.152256,-0.986736,0.105408,1.47,-2.38,-0.28,-76
1787064460007,298675,Thigh,stand,-0.150304,-0.987224,0.106872,1.47,-2.66,-0.42,-76
1787064460007,298692,Thigh,stand,-0.147864,-0.9882,0.1098,1.26,-2.87,-0.49,-76
1787064460007,298709,Thigh,stand,-0.144936,-0.989664,0.112728,1.54,-2.73,-0.42,-76
1787064460007,298726,Thigh,stand,-0.144936,-0.987712,0.110776,1.68,-2.66,-0.49,-76
1787064460363,298903,Thigh,stand,-0.149816,-0.987224,0.105408,1.75,-1.89,-0.35,-76
1787064460363,298933,Thigh,stand,-0.147376,-0.988688,0.105408,1.33,-3.08,-0.49,-76
1787064460363,298950,Thigh,stand,-0.145912,-0.987224,0.10736,1.4,-3.36,-0.49,-76
1787064460363,298967,Thigh,stand,-0.144448,-0.99064,0.108336,1.54,-3.15,-0.49,-76
1787064460363,298984,Thigh,stand,-0.14396,-0.98332,0.108824,1.68,-2.52,-0.49,-76
1787064460363,299015,Thigh,stand,-0.145424,-0.990152,0.109312,1.4,-2.1,-0.49,-76
1787064460363,299032,Thigh,stand,-0.149328,-0.987712,0.107848,1.82,-2.1,-0.56,-76
1787064460363,299049,Thigh,stand,-0.148352,-0.9882,0.104432,1.61,-2.1,-0.56,-76
1787064460363,299066,Thigh,stand,-0.14884,-0.988688,0.10248,1.54,-2.1,-0.63,-76
1787064460363,299083,Thigh,stand,-0.151768,-0.987224,0.10248,1.75,-2.52,-0.49,-76
1787064460723,299259,Thigh,stand,-0.145912,-0.986248,0.101992,1.47,-2.45,-0.35,-76
1787064460723,299289,Thigh,stand,-0.14884,-0.986736,0.106872,1.75,-2.73,-0.21,-76
1787064460723,299307,Thigh,stand,-0.1464,-0.986736,0.107848,1.33,-2.45,-0.07,-76
1787064460723,299323,Thigh,stand,-0.1464,-0.987224,0.105896,1.19,-2.31,-0.07,-76
1787064460723,299340,Thigh,stand,-0.145912,-0.989176,0.106872,1.19,-2.38,-0.07,-76
1787064460723,299371,Thigh,stand,-0.14152,-0.99064,0.110288,1.4,-2.8,-0.28,-76
1787064460723,299388,Thigh,stand,-0.142008,-0.9882,0.1098,1.47,-2.94,-0.21,-76
1787064460723,299405,Thigh,stand,-0.142008,-0.987224,0.11224,1.33,-3.15,-0.14,-76
1787064460723,299422,Thigh,stand,-0.141032,-0.987224,0.111752,1.12,-3.01,-0.07,-76
1787064460723,299439,Thigh,stand,-0.141032,-0.989176,0.113704,1.26,-2.8,0.14,-76
1787064461078,299615,Thigh,stand,-0.14396,-0.989176,0.108824,0.91,-2.59,0.07,-76
1787064461078,299646,Thigh,stand,-0.142008,-0.987224,0.113216,1.33,-2.24,0.35,-76
1787064461078,299663,Thigh,stand,-0.142008,-0.986248,0.110776,1.33,-2.1,0.42,-76
1787064461078,299680,Thigh,stand,-0.14396,-0.987712,0.105408,1.05,-2.38,0.49,-76
1787064461078,299696,Thigh,stand,-0.144936,-0.99064,0.107848,1.12,-2.45,0.42,-76
1787064461078,299727,Thigh,stand,-0.1464,-0.987712,0.108824,1.19,-2.8,0.14,-76
1787064461078,299744,Thigh,stand,-0.143472,-0.988688,0.108336,1.05,-2.52,0.21,-76
1787064461078,299761,Thigh,stand,-0.144936,-0.986248,0.10736,1.05,-2.8,0.21,-76
1787064461078,299778,Thigh,stand,-0.1464,-0.987224,0.108336,0.91,-2.94,0.28,-76
1787064461078,299795,Thigh,stand,-0.15128,-0.99064,0.108336,1.05,-3.08,0.28,-76
1787064461435,299971,Thigh,stand,-0.150304,-0.985272,0.104432,1.19,-2.94,0,-76
1787064461435,300003,Thigh,stand,-0.151768,-0.991616,0.106384,1.26,-2.24,0.07,-76
1787064461435,300020,Thigh,stand,-0.152256,-0.986736,0.104432,1.47,-1.26,0.07,-76
1787064461435,300037,Thigh,stand,-0.153232,-0.987224,0.102968,0.98,-1.19,0.14,-76
1787064461435,300054,Thigh,stand,-0.15128,-0.9882,0.104432,0.98,-1.75,0,-76
1787064461435,300085,Thigh,stand,-0.154696,-0.984784,0.105408,1.05,-2.45,-0.07,-76
1787064461435,300101,Thigh,stand,-0.153232,-0.986736,0.105408,0.84,-3.01,-0.07,-76
1787064461435,300118,Thigh,stand,-0.151768,-0.987712,0.107848,1.05,-3.08,0.07,-76
1787064461435,300135,Thigh,stand,-0.147376,-0.987224,0.106384,0.98,-3.08,0.07,-76
1787064461435,300152,Thigh,stand,-0.146888,-0.990152,0.104432,1.19,-3.22,0,-76
1787064461795,300329,Thigh,stand,-0.149328,-0.989664,0.104432,1.12,-1.96,-0.07,-76
1787064461795,300360,Thigh,stand,-0.14884,-0.986736,0.10736,1.33,-2.24,-0.21,-76
1787064461795,300377,Thigh,stand,-0.147376,-0.989176,0.106384,1.4,-2.8,-0.21,-76
1787064461795,300394,Thigh,stand,-0.147376,-0.987224,0.103944,1.47,-3.08,-0.14,-76
1787064461795,300411,Thigh,stand,-0.148352,-0.986736,0.102968,1.33,-2.73,0,-76
1787064461795,300442,Thigh,stand,-0.15128,-0.98576,0.099552,1.19,-2.17,0,-76
1787064461795,300459,Thigh,stand,-0.15128,-0.984784,0.098576,1.05,-2.66,-0.07,-76
1787064461795,300476,Thigh,stand,-0.150792,-0.988688,0.101504,1.12,-2.8,-0.07,-76
1787064461795,300493,Thigh,stand,-0.149328,-0.989176,0.10492,1.12,-2.73,-0.21,-76
1787064461795,300510,Thigh,stand,-0.146888,-0.99064,0.10248,1.26,-2.8,-0.14,-76
1787064462151,300685,Thigh,stand,-0.157136,-0.986248,0.102968,1.12,-2.8,0,-76
1787064462151,300716,Thigh,stand,-0.147864,-0.990152,0.105896,1.33,-2.66,0,-76
1787064462151,300733,Thigh,stand,-0.147864,-0.990152,0.103944,1.75,-2.24,-0.14,-76
1787064462151,300750,Thigh,stand,-0.150304,-0.984296,0.10492,1.68,-2.31,-0.28,-76
1787064462151,300767,Thigh,stand,-0.150304,-0.986736,0.10492,1.33,-2.52,-0.28,-76
1787064462151,300798,Thigh,stand,-0.152744,-0.9882,0.105896,1.47,-2.8,-0.14,-76
1787064462151,300815,Thigh,stand,-0.15128,-0.989176,0.106384,1.33,-2.66,0.07,-76
1787064462151,300832,Thigh,stand,-0.149328,-0.989176,0.10736,1.61,-2.38,0,-76
1787064462151,300849,Thigh,stand,-0.148352,-0.984296,0.10492,1.47,-2.17,-0.21,-76
1787064462151,300866,Thigh,stand,-0.148352,-0.98576,0.103944,1.33,-2.52,-0.28,-76
1787064462509,301042,Thigh,stand,-0.148352,-0.986736,0.101016,1.61,-2.17,-0.42,-76
1787064462509,301073,Thigh,stand,-0.151768,-0.98576,0.10004,1.75,-2.73,-0.28,-76
1787064462509,301090,Thigh,stand,-0.155184,-0.98576,0.10004,1.68,-2.94,-0.21,-76
1787064462509,301107,Thigh,stand,-0.15372,-0.987712,0.098088,1.54,-2.66,-0.28,-76
1787064462509,301124,Thigh,stand,-0.153232,-0.98576,0.095648,1.54,-2.38,-0.21,-76
1787064462509,301155,Thigh,stand,-0.154208,-0.987224,0.100528,1.12,-2.66,-0.35,-76
1787064462509,301172,Thigh,stand,-0.154208,-0.989176,0.102968,1.33,-2.59,-0.28,-76
1787064462509,301189,Thigh,stand,-0.155184,-0.98576,0.102968,1.47,-2.73,-0.14,-76
1787064462509,301206,Thigh,stand,-0.154696,-0.986248,0.103456,1.26,-2.94,-0.14,-76
1787064462509,301223,Thigh,stand,-0.150792,-0.988688,0.106872,1.19,-3.08,-0.14,-76
1787064462866,301399,Thigh,stand,-0.15128,-0.989176,0.10492,1.47,-2.66,-0.35,-75
1787064462866,301430,Thigh,stand,-0.152744,-0.985272,0.099552,1.54,-3.08,-0.21,-75
1787064462866,301447,Thigh,stand,-0.152744,-0.986736,0.0976,1.54,-3.57,-0.21,-75
1787064462866,301464,Thigh,stand,-0.152744,-0.98576,0.096136,1.33,-3.78,-0.28,-75
1787064462866,301481,Thigh,stand,-0.151768,-0.987224,0.097112,1.26,-3.57,-0.28,-75
1787064462866,301512,Thigh,stand,-0.145424,-0.9882,0.10248,1.4,-2.38,-0.42,-75
1787064462866,301529,Thigh,stand,-0.1464,-0.9882,0.105896,1.4,-2.24,-0.35,-75
1787064462866,301546,Thigh,stand,-0.149816,-0.990152,0.10736,1.54,-2.1,-0.28,-75
1787064462866,301563,Thigh,stand,-0.155672,-0.984296,0.105896,1.68,-1.82,-0.21,-75
1787064462866,301580,Thigh,stand,-0.155672,-0.9882,0.10492,1.05,-2.03,-0.21,-75
1787064463224,301757,Thigh,stand,-0.140056,-0.986736,0.10736,1.75,-2.24,-0.21,-75
1787064463224,301787,Thigh,stand,-0.149328,-0.989176,0.10492,1.4,-2.1,-0.21,-75
1787064463224,301805,Thigh,stand,-0.150792,-0.988688,0.105408,1.68,-2.17,-0.35,-75
1787064463224,301821,Thigh,stand,-0.149328,-0.98576,0.105408,1.61,-2.1,-0.42,-75
1787064463224,301838,Thigh,stand,-0.14884,-0.989664,0.103944,1.54,-2.24,-0.35,-75
1787064463224,301869,Thigh,stand,-0.150304,-0.987224,0.104432,1.33,-2.52,-0.28,-75
1787064463224,301886,Thigh,stand,-0.150792,-0.989664,0.105408,1.26,-2.52,-0.21,-75
1787064463224,301903,Thigh,stand,-0.152256,-0.9882,0.10248,1.61,-2.45,-0.14,-75
1787064463224,301920,Thigh,stand,-0.151768,-0.986248,0.100528,1.4,-2.52,-0.14,-75
1787064463224,301937,Thigh,stand,-0.148352,-0.990152,0.103944,1.4,-2.87,-0.14,-75
1787064463586,302114,Thigh,stand,-0.147864,-0.987712,0.103944,1.26,-2.38,-0.07,-75
1787064463586,302145,Thigh,stand,-0.146888,-0.9882,0.10492,1.54,-2.66,-0.14,-75
1787064463586,302162,Thigh,stand,-0.149328,-0.986736,0.106384,1.61,-2.59,-0.28,-75
1787064463586,302179,Thigh,stand,-0.152256,-0.986248,0.104432,1.4,-2.73,-0.35,-75
1787064463586,302195,Thigh,stand,-0.150792,-0.987224,0.10492,1.33,-2.73,-0.28,-75
1787064463586,302226,Thigh,stand,-0.152256,-0.986248,0.10492,1.68,-3.08,-0.21,-75
1787064463586,302243,Thigh,stand,-0.151768,-0.987224,0.10492,1.4,-3.22,-0.28,-75
1787064463586,302260,Thigh,stand,-0.149328,-0.987224,0.104432,1.26,-3.01,-0.14,-75
1787064463586,302277,Thigh,stand,-0.14884,-0.986736,0.103456,1.26,-2.66,-0.14,-75
1787064463586,302294,Thigh,stand,-0.149816,-0.988688,0.103944,1.26,-2.45,-0.21,-75
1787064463942,302471,Thigh,stand,-0.145912,-0.989176,0.107848,1.19,-2.8,-0.21,-76
1787064463942,302502,Thigh,stand,-0.149816,-0.9882,0.106384,1.68,-2.1,-0.21,-76
1787064463942,302519,Thigh,stand,-0.14884,-0.985272,0.101992,1.33,-2.38,-0.21,-76
1787064463942,302537,Thigh,stand,-0.150304,-0.986736,0.104432,1.47,-2.73,-0.28,-76
1787064463942,302554,Thigh,stand,-0.149328,-0.989176,0.105408,1.26,-2.87,-0.28,-76
1787064463942,302585,Thigh,stand,-0.1464,-0.986736,0.105896,1.4,-2.31,-0.21,-76
1787064463942,302602,Thigh,stand,-0.147864,-0.989176,0.103944,1.33,-2.45,-0.07,-76
1787064463942,302618,Thigh,stand,-0.145912,-0.989176,0.103456,1.4,-2.31,-0.14,-76
1787064463942,302635,Thigh,stand,-0.145424,-0.989664,0.103456,1.54,-2.17,-0.35,-76
1787064463942,302652,Thigh,stand,-0.145424,-0.984784,0.106384,1.54,-2.17,-0.28,-76
1787064464297,302829,Thigh,stand,-0.14884,-0.987224,0.106872,1.61,-1.89,0,-76
1787064464297,302860,Thigh,stand,-0.150792,-0.988688,0.105408,1.4,-2.94,0,-76
1787064464297,302877,Thigh,stand,-0.147376,-0.986736,0.108336,1.19,-3.15,-0.14,-76
1787064464297,302894,Thigh,stand,-0.14396,-0.988688,0.108824,1.12,-2.94,0,-76
1787064464297,302911,Thigh,stand,-0.144448,-0.99064,0.107848,1.61,-2.73,0,-76
1787064464297,302942,Thigh,stand,-0.147376,-0.98576,0.103456,1.68,-2.31,-0.14,-76
1787064464297,302959,Thigh,stand,-0.148352,-0.98576,0.104432,1.54,-2.45,-0.21,-76
1787064464297,302976,Thigh,stand,-0.149328,-0.98576,0.104432,1.26,-2.59,-0.21,-76
1787064464297,302993,Thigh,stand,-0.147864,-0.9882,0.105408,1.12,-2.8,-0.07,-76
1787064464297,303010,Thigh,stand,-0.149816,-0.991128,0.106872,1.33,-2.87,0,-76
1787064464654,303184,Thigh,stand,-0.150792,-0.987224,0.105896,1.12,-2.73,0.07,-76
1787064464654,303215,Thigh,stand,-0.150304,-0.986736,0.10492,1.4,-2.1,0,-76
1787064464654,303232,Thigh,stand,-0.14884,-0.987224,0.104432,1.19,-2.24,0.07,-76
1787064464654,303249,Thigh,stand,-0.147864,-0.989664,0.10492,1.26,-2.52,0.07,-76
1787064464654,303266,Thigh,stand,-0.147376,-0.987712,0.107848,1.26,-2.52,0,-76
1787064464654,303297,Thigh,stand,-0.149328,-0.989176,0.102968,1.4,-2.45,-0.07,-76
1787064464654,303314,Thigh,stand,-0.150304,-0.986736,0.101992,1.4,-2.1,0,-76
1787064464654,303331,Thigh,stand,-0.148352,-0.986248,0.102968,1.19,-2.1,0.07,-76
1787064464654,303348,Thigh,stand,-0.1464,-0.989176,0.10492,1.19,-2.31,0,-76
1787064464654,303365,Thigh,stand,-0.145912,-0.989664,0.10492,1.4,-2.1,-0.14,-76
1787064465013,303539,Thigh,stand,-0.154208,-0.98576,0.101992,1.33,-3.36,-0.21,-76
1787064465013,303570,Thigh,stand,-0.153232,-0.9882,0.105408,0.98,-3.08,-0.07,-76
1787064465013,303587,Thigh,stand,-0.148352,-0.987712,0.107848,1.12,-2.73,-0.07,-76
1787064465013,303604,Thigh,stand,-0.147376,-0.988688,0.106384,1.19,-2.8,-0.07,-76
1787064465013,303621,Thigh,stand,-0.147864,-0.987224,0.106872,1.19,-2.73,-0.21,-76
1787064465013,303652,Thigh,stand,-0.149816,-0.990152,0.10492,1.4,-2.52,-0.21,-76
1787064465013,303669,Thigh,stand,-0.152744,-0.98576,0.102968,1.33,-2.38,-0.21,-76
1787064465013,303686,Thigh,stand,-0.150792,-0.986248,0.101992,1.12,-2.59,-0.21,-76
1787064465013,303703,Thigh,stand,-0.148352,-0.989176,0.105896,1.26,-3.01,-0.21,-76
1787064465013,303720,Thigh,stand,-0.148352,-0.986248,0.105896,1.26,-2.8,-0.21,-76
1787064465372,303899,Thigh,stand,-0.149816,-0.989664,0.103456,1.19,-2.87,-0.07,-76
1787064465372,303929,Thigh,stand,-0.147376,-0.984784,0.104432,1.19,-2.45,-0.07,-76
1787064465372,303946,Thigh,stand,-0.14396,-0.992104,0.103456,1.26,-2.66,0,-76
1787064465372,303963,Thigh,stand,-0.1464,-0.989664,0.101992,1.54,-2.52,-0.14,-76
1787064465372,303980,Thigh,stand,-0.14884,-0.989176,0.101504,1.75,-2.38,-0.14,-76
1787064465372,304011,Thigh,stand,-0.147864,-0.987224,0.102968,1.4,-2.24,-0.07,-76
1787064465372,304028,Thigh,stand,-0.14884,-0.987712,0.103456,1.47,-1.96,-0.14,-76
1787064465372,304045,Thigh,stand,-0.151768,-0.9882,0.102968,1.61,-1.96,0,-76
1787064465372,304062,Thigh,stand,-0.156648,-0.986736,0.101504,1.61,-1.96,-0.14,-76
1787064465372,304079,Thigh,stand,-0.15616,-0.986736,0.100528,1.47,-2.1,-0.07,-76
1787064465732,304256,Thigh,stand,-0.153232,-0.986736,0.102968,1.33,-2.31,0.07,-76
1787064465732,304287,Thigh,stand,-0.154208,-0.987224,0.103456,1.47,-2.45,0,-76
1787064465732,304304,Thigh,stand,-0.153232,-0.987712,0.102968,1.19,-2.38,-0.07,-76
1787064465732,304320,Thigh,stand,-0.15128,-0.988688,0.10492,1.12,-2.38,-0.07,-76
1787064465732,304338,Thigh,stand,-0.15128,-0.986736,0.103944,1.12,-2.17,0,-76
1787064465732,304368,Thigh,stand,-0.15128,-0.987712,0.104432,1.19,-2.52,0.07,-76
1787064465732,304385,Thigh,stand,-0.151768,-0.992104,0.10492,1.33,-2.59,0.07,-76
1787064465732,304402,Thigh,stand,-0.150792,-0.986248,0.102968,1.54,-2.66,0.07,-76
1787064465732,304419,Thigh,stand,-0.151768,-0.984296,0.0976,1.26,-3.01,0.07,-76
1787064465732,304436,Thigh,stand,-0.150304,-0.987712,0.097112,1.19,-3.5,0,-76
1787064466087,304612,Thigh,stand,-0.146888,-0.987224,0.104432,1.05,-3.22,0.35,-76
1787064466087,304643,Thigh,stand,-0.142496,-0.987224,0.111752,1.05,-1.96,0.07,-76
1787064466087,304660,Thigh,stand,-0.140544,-0.990152,0.113704,1.26,-1.75,0,-76
1787064466087,304677,Thigh,stand,-0.140544,-0.989664,0.109312,1.47,-1.19,0,-76
1787064466087,304694,Thigh,stand,-0.149328,-0.9882,0.103456,1.89,-1.19,0,-76
1787064466087,304725,Thigh,stand,-0.157136,-0.986248,0.104432,1.61,-1.05,-0.07,-76
1787064466087,304742,Thigh,stand,-0.160552,-0.987224,0.101016,1.68,-0.98,-0.07,-76
1787064466087,304758,Thigh,stand,-0.16104,-0.987224,0.09516,1.54,-1.4,-0.14,-76
1787064466087,304775,Thigh,stand,-0.159576,-0.986736,0.094672,1.33,-2.03,-0.28,-76
1787064466087,304792,Thigh,stand,-0.159576,-0.986248,0.095648,1.33,-2.38,-0.21,-76
1787064466503,305026,Thigh,stand,-0.15128,-0.991128,0.108336,1.05,-2.66,0.07,-75
1787064466503,305057,Thigh,stand,-0.149328,-0.988688,0.105408,1.47,-3.22,-0.28,-75
1787064466503,305074,Thigh,stand,-0.1464,-0.989176,0.101992,1.33,-3.36,-0.56,-75
1787064466503,305091,Thigh,stand,-0.146888,-0.984784,0.10004,1.61,-3.08,-0.49,-75
1787064466503,305108,Thigh,stand,-0.148352,-0.983808,0.099064,1.33,-2.94,-0.35,-75
1787064466503,305139,Thigh,stand,-0.152256,-0.986248,0.100528,1.68,-3.36,-0.28,-75
1787064466503,305156,Thigh,stand,-0.152744,-0.988688,0.101016,1.47,-3.15,-0.28,-75
1787064466503,305172,Thigh,stand,-0.153232,-0.988688,0.101016,1.54,-2.94,-0.28,-75
1787064466503,305189,Thigh,stand,-0.154696,-0.986736,0.098576,1.47,-2.73,-0.35,-75
1787064466503,305206,Thigh,stand,-0.152744,-0.986736,0.099552,1.33,-2.66,-0.35,-75
1787064466862,305384,Thigh,stand,-0.15616,-0.986248,0.0976,1.26,-2.52,-0.42,-75
1787064466862,305415,Thigh,stand,-0.152744,-0.989664,0.10248,1.26,-2.45,-0.42,-75
1787064466862,305432,Thigh,stand,-0.15128,-0.9882,0.102968,1.4,-2.24,-0.28,-75
1787064466862,305449,Thigh,stand,-0.15128,-0.986248,0.10248,1.75,-2.17,-0.28,-75
1787064466862,305466,Thigh,stand,-0.150792,-0.984296,0.101016,1.68,-2.31,-0.14,-75
1787064466862,305497,Thigh,stand,-0.147864,-0.989664,0.106872,1.61,-3.22,-0.14,-75
1787064466862,305514,Thigh,stand,-0.146888,-0.987224,0.106872,1.54,-2.59,-0.35,-75
1787064466862,305531,Thigh,stand,-0.1464,-0.987224,0.105408,1.47,-2.31,-0.35,-75
1787064466862,305548,Thigh,stand,-0.146888,-0.9882,0.103456,1.54,-1.89,-0.42,-75
1787064466862,305565,Thigh,stand,-0.150304,-0.989664,0.103456,1.82,-2.03,-0.49,-75
1787064467224,305741,Thigh,stand,-0.150304,-0.9882,0.105896,1.33,-2.45,0,-75
1787064467224,305773,Thigh,stand,-0.149328,-0.9882,0.101504,1.75,-2.24,-0.07,-75
1787064467224,305790,Thigh,stand,-0.148352,-0.985272,0.103456,1.54,-2.03,-0.14,-75
1787064467224,305807,Thigh,stand,-0.149816,-0.984784,0.103456,1.33,-2.31,-0.21,-75
1787064467224,305824,Thigh,stand,-0.150792,-0.9882,0.101992,1.47,-2.38,-0.21,-75
1787064467224,305855,Thigh,stand,-0.155184,-0.987224,0.10492,1.33,-2.45,0,-75
1787064467224,305872,Thigh,stand,-0.155672,-0.98576,0.100528,1.4,-2.66,0,-75
1787064467224,305889,Thigh,stand,-0.15372,-0.983808,0.10004,1.47,-2.87,-0.21,-75
1787064467224,305906,Thigh,stand,-0.151768,-0.988688,0.100528,1.33,-3.43,-0.21,-75
1787064467224,305923,Thigh,stand,-0.15128,-0.989176,0.10248,1.75,-3.85,-0.35,-75
1787064467577,306099,Thigh,stand,-0.144936,-0.989176,0.109312,1.47,-2.45,-0.21,-76
1787064467577,306130,Thigh,stand,-0.148352,-0.98576,0.102968,1.82,-1.33,-0.28,-76
1787064467577,306147,Thigh,stand,-0.154208,-0.988688,0.101992,1.75,-1.33,-0.28,-76
1787064467577,306164,Thigh,stand,-0.159088,-0.989176,0.102968,2.03,-1.68,-0.35,-76
1787064467577,306181,Thigh,stand,-0.1586,-0.987224,0.10248,1.89,-2.24,-0.42,-76
1787064467577,306212,Thigh,stand,-0.160064,-0.982832,0.098088,1.82,-2.94,-0.42,-76
1787064467577,306229,Thigh,stand,-0.156648,-0.984296,0.096624,1.4,-3.08,-0.28,-76
1787064467577,306246,Thigh,stand,-0.152256,-0.987712,0.098576,1.33,-2.66,-0.14,-76
1787064467577,306263,Thigh,stand,-0.149328,-0.986248,0.102968,1.26,-2.38,0,-76
1787064467577,306280,Thigh,stand,-0.145424,-0.98576,0.103944,1.12,-2.24,0,-76
1787064467935,306456,Thigh,stand,-0.159088,-0.985272,0.096624,2.45,-2.52,-0.98,-76
1787064467935,306486,Thigh,stand,-0.159088,-0.983808,0.094184,2.38,-3.01,-0.91,-76
1787064467935,306503,Thigh,stand,-0.160064,-0.986248,0.098088,1.68,-3.01,-0.7,-76
1787064467935,306520,Thigh,stand,-0.159576,-0.9882,0.100528,2.03,-2.87,-0.63,-76
1787064467935,306537,Thigh,stand,-0.160552,-0.984296,0.099552,1.82,-2.94,-0.7,-76
1787064467935,306568,Thigh,stand,-0.154208,-0.98576,0.101016,1.4,-3.57,-0.49,-76
1787064467935,306585,Thigh,stand,-0.149328,-0.986248,0.103944,1.19,-3.01,-0.35,-76
1787064467935,306602,Thigh,stand,-0.14396,-0.98576,0.105896,1.26,-2.1,-0.49,-76
1787064467935,306619,Thigh,stand,-0.135664,-0.990152,0.113216,1.05,-1.33,-0.49,-76
1787064467935,306636,Thigh,stand,-0.133224,-0.99552,0.113704,2.03,-0.49,-0.63,-76
1787064468297,306813,Thigh,stand,-0.148352,-0.984296,0.10492,2.45,-2.17,-1.12,-76
1787064468297,306844,Thigh,stand,-0.150304,-0.99064,0.103456,2.1,-2.38,-1.05,-76
1787064468297,306862,Thigh,stand,-0.138592,-0.988688,0.111264,2.45,-2.87,-1.05,-76
1787064468297,306878,Thigh,stand,-0.133712,-0.987224,0.11956,2.1,-2.24,-1.19,-76
1787064468297,306895,Thigh,stand,-0.127856,-0.99308,0.11956,2.1,-1.82,-1.47,-76
1787064468297,306926,Thigh,stand,-0.1464,-0.989664,0.11468,3.5,-1.89,-1.82,-76
1787064468297,306943,Thigh,stand,-0.150792,-0.992592,0.11468,3.36,-2.59,-1.68,-76
1787064468297,306960,Thigh,stand,-0.154208,-0.987224,0.11224,3.36,-2.94,-1.68,-76
1787064468297,306977,Thigh,stand,-0.150304,-0.984296,0.11224,3.08,-3.36,-1.75,-76
1787064468297,306994,Thigh,stand,-0.147376,-0.982832,0.111264,2.94,-3.64,-2.03,-76
1787064468658,307171,Thigh,stand,-0.139568,-0.986736,0.11468,3.43,-3.71,-2.38,-84
1787064468658,307202,Thigh,stand,-0.142008,-0.990152,0.119072,3.36,-4.2,-2.31,-84
1787064468658,307219,Thigh,stand,-0.14152,-0.981856,0.117608,3.22,-4.41,-2.03,-84
1787064468658,307237,Thigh,stand,-0.145424,-0.989664,0.115168,2.66,-5.25,-1.96,-84
1787064468658,307254,Thigh,stand,-0.133712,-0.996496,0.122,3.08,-5.32,-2.1,-84
1787064468658,307284,Thigh,stand,-0.128832,-0.993568,0.121024,3.99,-3.64,-2.52,-84
1787064468658,307301,Thigh,stand,-0.133712,-0.988688,0.113216,3.99,-3.85,-2.59,-84
1787064468658,307318,Thigh,stand,-0.13908,-0.984784,0.11712,3.64,-4.62,-2.66,-84
1787064468658,307335,Thigh,stand,-0.139568,-0.986248,0.116632,3.5,-4.27,-2.66,-84
1787064468658,307352,Thigh,stand,-0.141032,-0.994056,0.122976,3.43,-2.59,-2.17,-84
1787064469011,307530,Thigh,stand,-0.101504,-1.004304,0.176168,0.35,4.83,0.07,-84
1787064469011,307561,Thigh,stand,-0.121512,-0.9882,0.120536,0.7,-0.49,0.07,-84
1787064469011,307578,Thigh,stand,-0.133224,-0.99064,0.116632,0.91,-3.57,-0.21,-84
1787064469011,307595,Thigh,stand,-0.12444,-0.985272,0.142984,0.98,-2.94,-0.42,-84
1787064469011,307612,Thigh,stand,-0.120048,-0.99064,0.149328,0.56,-2.17,-0.63,-84
1787064469011,307643,Thigh,stand,-0.122488,-0.991128,0.13908,1.75,-3.01,-0.28,-84
1787064469011,307660,Thigh,stand,-0.11956,-0.984296,0.138104,0.98,-1.68,0.14,-84
1787064469011,307676,Thigh,stand,-0.122488,-0.986248,0.128344,0.91,-1.61,0.07,-84
1787064469011,307693,Thigh,stand,-0.120048,-0.989664,0.12932,0.35,-1.47,-0.07,-84
1787064469011,307710,Thigh,stand,-0.116144,-0.991616,0.132248,0.42,-1.4,0.07,-84
1787064469370,307886,Thigh,stand,-0.126392,-0.992104,0.128344,2.24,-1.12,-0.77,-84
1787064469370,307917,Thigh,stand,-0.126392,-0.9882,0.12444,2.03,-1.54,-0.77,-84
1787064469370,307934,Thigh,stand,-0.12444,-0.982832,0.127368,1.82,-1.68,-0.49,-84
1787064469370,307951,Thigh,stand,-0.118584,-0.983808,0.13176,1.4,-1.75,-0.14,-84
1787064469370,307968,Thigh,stand,-0.118096,-0.994056,0.13664,1.61,-1.82,-0.07,-84
1787064469370,307999,Thigh,stand,-0.111752,-0.991128,0.135176,2.24,-1.26,-0.21,-84
1787064469370,308016,Thigh,stand,-0.112728,-0.986248,0.132736,1.82,-0.84,-0.63,-84
1787064469370,308033,Thigh,stand,-0.114192,-0.996008,0.136152,2.31,-0.91,-0.84,-84
1787064469370,308050,Thigh,stand,-0.120048,-0.998936,0.1342,2.8,-0.98,-0.91,-84
1787064469370,308067,Thigh,stand,-0.128344,-0.986248,0.124928,2.87,-1.33,-0.98,-84
1787064469730,308244,Thigh,stand,-0.131272,-0.9882,0.13176,1.4,-2.66,-0.21,-77
1787064469730,308275,Thigh,stand,-0.125904,-0.986736,0.135664,1.12,-3.99,0,-77
1787064469730,308292,Thigh,stand,-0.119072,-0.989664,0.13908,1.26,-4.2,-0.07,-77
1787064469730,308310,Thigh,stand,-0.11956,-0.991128,0.140544,1.26,-3.01,-0.14,-77
1787064469730,308327,Thigh,stand,-0.122,-0.99064,0.133224,1.47,-2.59,-0.14,-77
1787064469730,308358,Thigh,stand,-0.122976,-0.987712,0.132736,1.26,-2.45,0.07,-77
1787064469730,308375,Thigh,stand,-0.123952,-0.991616,0.131272,1.26,-2.17,-0.14,-77
1787064469730,308392,Thigh,stand,-0.123952,-0.992592,0.129808,1.47,-1.75,-0.35,-77
1787064469730,308409,Thigh,stand,-0.130296,-0.98576,0.128832,1.33,-1.75,-0.42,-77
1787064469730,308426,Thigh,stand,-0.132736,-0.9882,0.128832,1.05,-2.52,-0.28,-77
1787064470090,308601,Thigh,stand,-0.133712,-0.99064,0.12688,1.19,-4.76,-0.14,-77
1787064470090,308632,Thigh,stand,-0.126392,-0.986736,0.12932,0.63,-5.11,0.14,-77
1787064470090,308649,Thigh,stand,-0.126392,-0.987712,0.130296,0.49,-5.74,0.28,-77
1787064470090,308666,Thigh,stand,-0.124928,-0.987224,0.12932,0.49,-5.81,0.35,-77
1787064470090,308683,Thigh,stand,-0.11712,-0.99064,0.132736,0,-5.39,0.35,-77
1787064470090,308714,Thigh,stand,-0.11224,-0.994056,0.131272,0.77,-2.87,0.42,-77
1787064470090,308731,Thigh,stand,-0.115168,-0.992104,0.127856,0.77,-2.52,0.35,-77
1787064470090,308748,Thigh,stand,-0.121024,-0.9882,0.127856,0.98,-2.24,0.21,-77
1787064470090,308765,Thigh,stand,-0.123952,-0.984296,0.129808,0.98,-2.38,-0.21,-77
1787064470090,308782,Thigh,stand,-0.123952,-0.99064,0.130784,0.98,-2.45,-0.14,-77
1787064470451,308959,Thigh,stand,-0.111264,-0.996984,0.138592,3.57,-2.73,-2.45,-77
1787064470451,308990,Thigh,stand,-0.12444,-0.990152,0.144936,4.2,-6.02,-2.1,-77
1787064470451,309008,Thigh,stand,-0.124928,-0.98332,0.142496,3.15,-6.02,-1.82,-77
1787064470451,309025,Thigh,stand,-0.12688,-0.976488,0.134688,2.52,-6.09,-1.33,-77
1787064470451,309042,Thigh,stand,-0.12444,-0.978928,0.133712,1.82,-6.3,-1.12,-77
1787064470451,309059,Thigh,stand,-0.116144,-0.986248,0.1342,1.54,-6.09,-0.56,-77
1787064470451,309090,Thigh,stand,-0.11224,-0.984296,0.126392,1.89,-3.5,-0.35,-77
1787064470451,309107,Thigh,stand,-0.11956,-0.98332,0.121024,1.26,-2.8,-0.35,-77
1787064470451,309124,Thigh,stand,-0.123952,-0.986248,0.122488,0.7,-3.43,-0.56,-77
1787064470451,309141,Thigh,stand,-0.12444,-0.994056,0.127856,0.91,-4.06,-0.77,-77
1787064470802,309317,Thigh,stand,-0.120536,-0.99308,0.13664,0.98,-7,-0.56,-77
1787064470802,309347,Thigh,stand,-0.11468,-0.989176,0.129808,1.33,-4.83,0.21,-77
1787064470802,309364,Thigh,stand,-0.115168,-0.9882,0.121512,1.26,-4.27,0.28,-77
1787064470802,309382,Thigh,stand,-0.119072,-0.989664,0.118096,1.33,-3.08,0.28,-77
1787064470802,309398,Thigh,stand,-0.127856,-0.992592,0.118584,1.33,-1.82,0.35,-77
1787064470802,309429,Thigh,stand,-0.142008,-0.981856,0.110776,1.05,-1.05,0.63,-77
1787064470802,309446,Thigh,stand,-0.150792,-0.991616,0.109312,0.98,-2.24,0.42,-77
1787064470802,309463,Thigh,stand,-0.147864,-1.00284,0.11712,1.19,-2.45,0.77,-77
1787064470802,309480,Thigh,stand,-0.14884,-0.999424,0.120536,1.33,-3.01,0.91,-77
1787064470802,309497,Thigh,stand,-0.14884,-0.974048,0.114192,0.56,-4.2,0.98,-77
1787064471156,309672,Thigh,stand,-0.13176,-0.9882,0.130296,0.49,-2.45,0.7,-82
1787064471156,309703,Thigh,stand,-0.125416,-0.986248,0.13176,0,-3.43,0.77,-82
1787064471156,309720,Thigh,stand,-0.123464,-0.991128,0.129808,0,-2.8,0.63,-82
1787064471156,309737,Thigh,stand,-0.124928,-0.989664,0.125904,0.14,-1.89,0.49,-82
1787064471156,309754,Thigh,stand,-0.127368,-0.990152,0.124928,0.14,-1.47,0.35,-82
1787064471156,309784,Thigh,stand,-0.127856,-0.990152,0.123464,0.63,-0.07,0.14,-82
1787064471156,309801,Thigh,stand,-0.130296,-0.98576,0.123952,0.63,0.07,0.07,-82
1787064471156,309818,Thigh,stand,-0.1342,-0.988688,0.125416,0.35,0.07,0.07,-82
1787064471156,309835,Thigh,stand,-0.134688,-0.990152,0.125904,0.49,-0.07,0.28,-82
1787064471156,309852,Thigh,stand,-0.136152,-0.989176,0.12444,0.56,-0.28,0.42,-82
1787064471532,310027,Thigh,stand,-0.128832,-0.991128,0.123952,0.35,-2.31,0.28,-82
1787064471532,310057,Thigh,stand,-0.123952,-0.989664,0.122488,0.63,-2.87,0.07,-82
1787064471532,310074,Thigh,stand,-0.120536,-0.992592,0.122488,0.98,-3.08,0.07,-82
1787064471532,310091,Thigh,stand,-0.118096,-0.993568,0.119072,1.05,-2.73,-0.14,-82
1787064471532,310108,Thigh,stand,-0.11956,-0.993568,0.115656,1.33,-2.31,-0.35,-82
1787064471532,310139,Thigh,stand,-0.124928,-0.987712,0.116632,1.47,-2.87,-0.63,-82
1787064471532,310156,Thigh,stand,-0.124928,-0.99064,0.11956,1.47,-3.22,-0.56,-82
1787064471532,310172,Thigh,stand,-0.125416,-0.989176,0.120048,1.33,-3.22,-0.42,-82
1787064471532,310189,Thigh,stand,-0.128344,-0.991128,0.119072,1.12,-3.29,-0.14,-82
1787064471532,310220,Thigh,stand,-0.122976,-0.988688,0.114192,1.12,-3.15,0.07,-82
1787064471891,310397,Thigh,stand,-0.131272,-0.990152,0.119072,1.26,-3.29,0.07,-82
1787064471891,310429,Thigh,stand,-0.12688,-0.991128,0.120048,0.98,-2.59,0.07,-82
1787064471891,310446,Thigh,stand,-0.125904,-0.991128,0.121024,1.05,-2.1,0.14,-82
1787064471891,310463,Thigh,stand,-0.125904,-0.991128,0.120536,1.05,-1.96,0.14,-82
1787064471891,310480,Thigh,stand,-0.125416,-0.992104,0.120536,1.05,-1.75,0.14,-82
1787064471891,310511,Thigh,stand,-0.127856,-0.989664,0.122,1.12,-1.96,0.14,-82
1787064471891,310528,Thigh,stand,-0.125904,-0.99064,0.122,1.19,-2.17,0.07,-82
1787064471891,310545,Thigh,stand,-0.12688,-0.989664,0.122,1.19,-2.1,0.07,-82
1787064471891,310562,Thigh,stand,-0.126392,-0.990152,0.122,1.26,-2.1,0.14,-82
1787064471891,310578,Thigh,stand,-0.127856,-0.990152,0.121024,1.19,-2.03,0.21,-82
1787064472245,310753,Thigh,stand,-0.125416,-0.992104,0.117608,1.05,-2.66,0.28,-81
1787064472245,310786,Thigh,stand,-0.122976,-0.987712,0.117608,1.12,-2.45,0.21,-81
1787064472245,310803,Thigh,stand,-0.125416,-0.991616,0.11468,1.19,-2.38,0.21,-81
1787064472245,310820,Thigh,stand,-0.130296,-0.991616,0.11224,1.4,-2.38,0.21,-81
1787064472245,310837,Thigh,stand,-0.129808,-0.990152,0.115168,1.33,-2.24,0.21,-81
1787064472245,310854,Thigh,stand,-0.130296,-0.989664,0.116632,1.05,-2.03,0.21,-81
1787064472245,310885,Thigh,stand,-0.132736,-0.989176,0.11712,1.05,-2.38,0.21,-81
1787064472245,310902,Thigh,stand,-0.134688,-0.991128,0.116632,1.05,-2.66,0.28,-81
1787064472245,310919,Thigh,stand,-0.133712,-0.992104,0.116144,1.05,-2.73,0.42,-81
1787064472245,310936,Thigh,stand,-0.132248,-0.990152,0.116632,1.05,-2.59,0.42,-81
1787064472603,311112,Thigh,stand,-0.132736,-0.991616,0.11468,0.91,-2.59,0.35,-81
1787064472603,311143,Thigh,stand,-0.134688,-0.989664,0.113216,1.12,-2.59,0.49,-81
1787064472603,311160,Thigh,stand,-0.133712,-0.988688,0.112728,0.91,-2.45,0.42,-81
1787064472603,311177,Thigh,stand,-0.1342,-0.989176,0.111752,0.91,-2.52,0.49,-81
1787064472603,311194,Thigh,stand,-0.133712,-0.987224,0.111264,0.98,-2.52,0.42,-81
1787064472603,311225,Thigh,stand,-0.136152,-0.996984,0.11224,0.98,-2.66,0.28,-81
1787064472603,311242,Thigh,stand,-0.135176,-0.991128,0.11224,1.05,-2.52,0.28,-81
1787064472603,311259,Thigh,stand,-0.134688,-0.984296,0.114192,0.77,-2.66,0.28,-81
1787064472603,311276,Thigh,stand,-0.133712,-0.991128,0.117608,0.56,-3.15,0.35,-81
1787064472603,311293,Thigh,stand,-0.131272,-0.995032,0.118584,0.7,-3.29,0.28,-81
1787064472958,311469,Thigh,stand,-0.135176,-0.986736,0.108336,0.84,-2.73,0.49,-81
1787064472958,311499,Thigh,stand,-0.137616,-0.989176,0.110288,1.19,-2.24,0.56,-81
1787064472958,311516,Thigh,stand,-0.137128,-0.987712,0.106384,1.12,-1.75,0.28,-81
1787064472958,311533,Thigh,stand,-0.13908,-0.987224,0.106384,1.12,-1.68,0.14,-81
1787064472958,311550,Thigh,stand,-0.138104,-0.990152,0.110776,0.84,-1.68,0.07,-81
1787064472958,311581,Thigh,stand,-0.1342,-0.991616,0.11224,0.98,-1.33,0.21,-81
1787064472958,311598,Thigh,stand,-0.13664,-0.99064,0.108336,1.05,-1.47,0.21,-81
1787064472958,311615,Thigh,stand,-0.141032,-0.988688,0.109312,1.26,-2.1,0.35,-81
1787064472958,311632,Thigh,stand,-0.140056,-0.988688,0.108824,1.26,-2.59,0.21,-81
1787064472958,311649,Thigh,stand,-0.140056,-0.989664,0.110288,1.12,-2.73,0,-81
1787064473318,311825,Thigh,stand,-0.13664,-0.992104,0.110776,1.4,-2.73,-0.14,-81
1787064473318,311855,Thigh,stand,-0.140544,-0.989176,0.1098,1.61,-2.73,-0.07,-81
1787064473318,311873,Thigh,stand,-0.140544,-0.990152,0.109312,1.26,-2.8,-0.07,-81
1787064473318,311890,Thigh,stand,-0.138592,-0.987712,0.110776,1.33,-3.15,-0.14,-81
1787064473318,311907,Thigh,stand,-0.136152,-0.993568,0.110288,1.19,-3.43,-0.28,-81
1787064473318,311938,Thigh,stand,-0.133224,-0.989176,0.108824,1.33,-3.01,-0.35,-81
1787064473318,311955,Thigh,stand,-0.133224,-0.992104,0.111264,1.68,-2.31,-0.35,-81
1787064473318,311972,Thigh,stand,-0.142496,-0.989664,0.110288,2.03,-1.75,-0.28,-81
1787064473318,311989,Thigh,stand,-0.144448,-0.9882,0.108336,1.75,-1.96,-0.21,-81
1787064473318,312006,Thigh,stand,-0.147376,-0.987224,0.10492,1.54,-2.17,-0.21,-81
1787064473676,312184,Thigh,stand,-0.129808,-0.991128,0.110776,1.68,-1.68,-0.35,-79
1787064473676,312215,Thigh,stand,-0.14152,-0.991128,0.105408,2.1,-0.91,-0.49,-79
1787064473676,312232,Thigh,stand,-0.1464,-0.987712,0.106384,1.89,-0.84,-0.49,-79
1787064473676,312249,Thigh,stand,-0.1464,-0.987224,0.107848,1.54,-1.19,-0.49,-79
1787064473676,312265,Thigh,stand,-0.145912,-0.9882,0.109312,1.12,-1.96,-0.35,-79
1787064473676,312296,Thigh,stand,-0.14152,-0.989664,0.112728,0.91,-2.8,-0.14,-79
1787064473676,312313,Thigh,stand,-0.13664,-0.989664,0.113216,1.05,-2.87,-0.07,-79
1787064473676,312330,Thigh,stand,-0.1342,-0.99064,0.113704,1.05,-2.8,-0.21,-79
1787064473676,312347,Thigh,stand,-0.132248,-0.99064,0.113216,1.19,-2.73,-0.28,-79
1787064473676,312364,Thigh,stand,-0.130784,-0.99064,0.114192,1.4,-2.87,-0.35,-79
1787064474033,312540,Thigh,stand,-0.133224,-0.991128,0.110288,1.54,-2.52,-0.21,-79
1787064474033,312571,Thigh,stand,-0.138592,-0.988688,0.108824,1.47,-2.45,-0.21,-79
1787064474033,312588,Thigh,stand,-0.138592,-0.991128,0.108824,1.47,-2.73,-0.28,-79
1787064474033,312605,Thigh,stand,-0.137616,-0.990152,0.108336,1.4,-2.87,-0.21,-79
1787064474033,312622,Thigh,stand,-0.137616,-0.990152,0.108336,1.33,-2.8,-0.14,-79
1787064474033,312653,Thigh,stand,-0.134688,-0.992104,0.114192,1.26,-2.24,0.07,-79
1787064474033,312670,Thigh,stand,-0.133224,-0.992104,0.112728,1.33,-2.1,0.14,-79
1787064474033,312686,Thigh,stand,-0.134688,-0.989664,0.11224,1.47,-1.89,0.14,-79
1787064474033,312703,Thigh,stand,-0.137128,-0.987224,0.110288,1.4,-1.61,0.21,-79
1787064474033,312720,Thigh,stand,-0.136152,-0.989176,0.111752,1.19,-1.61,0.14,-79
1787064474391,312897,Thigh,stand,-0.134688,-0.988688,0.109312,1.82,-2.1,-0.35,-79
1787064474391,312928,Thigh,stand,-0.145912,-0.987712,0.108336,1.82,-1.89,-0.14,-79
1787064474391,312945,Thigh,stand,-0.147864,-0.987712,0.106384,1.54,-2.17,0,-79
1787064474391,312962,Thigh,stand,-0.148352,-0.988688,0.10492,1.26,-2.66,0.07,-79
1787064474391,312979,Thigh,stand,-0.145424,-0.989176,0.106872,0.91,-3.29,0.07,-79
1787064474391,313010,Thigh,stand,-0.136152,-0.9882,0.111752,0.91,-3.57,0.07,-79
1787064474391,313027,Thigh,stand,-0.133224,-0.989664,0.113704,1.05,-3.15,0,-79
1787064474391,313044,Thigh,stand,-0.134688,-0.990152,0.111264,1.26,-2.66,-0.07,-79
1787064474391,313061,Thigh,stand,-0.135664,-0.989176,0.112728,1.26,-2.52,-0.07,-79
1787064474391,313078,Thigh,stand,-0.134688,-0.9882,0.113704,1.19,-2.59,-0.14,-79
1787064474746,313253,Thigh,stand,-0.14152,-0.988688,0.1098,1.05,-3.01,0,-79
1787064474746,313284,Thigh,stand,-0.138104,-0.990152,0.108824,1.12,-3.08,0.07,-79
1787064474746,313301,Thigh,stand,-0.135664,-0.992104,0.10736,1.19,-2.94,0.07,-79
1787064474746,313318,Thigh,stand,-0.135176,-0.989664,0.108336,1.33,-2.8,0,-79
1787064474746,313335,Thigh,stand,-0.134688,-0.987712,0.108336,1.26,-2.73,0,-79
1787064474746,313366,Thigh,stand,-0.133712,-0.989664,0.111264,1.26,-2.66,-0.07,-79
1787064474746,313383,Thigh,stand,-0.137616,-0.990152,0.110288,1.33,-2.59,0.07,-79
1787064474746,313400,Thigh,stand,-0.138104,-0.989664,0.109312,1.19,-2.73,0.07,-79
1787064474746,313417,Thigh,stand,-0.140544,-0.99064,0.108824,1.19,-2.87,0.07,-79
1787064474746,313434,Thigh,stand,-0.13908,-0.990152,0.1098,1.26,-3.15,0.07,-79
1787064475104,313608,Thigh,stand,-0.142496,-0.987224,0.110288,1.33,-5.18,-0.07,-79
1787064475104,313639,Thigh,stand,-0.141032,-0.991128,0.108824,1.26,-4.9,-0.35,-79
1787064475104,313656,Thigh,stand,-0.142008,-0.991616,0.108824,1.33,-5.04,-0.49,-79
1787064475104,313673,Thigh,stand,-0.141032,-0.989176,0.110776,1.4,-5.18,-0.49,-79
1787064475104,313690,Thigh,stand,-0.140056,-0.986736,0.115168,0.84,-5.11,-0.35,-79
1787064475104,313721,Thigh,stand,-0.140056,-0.987712,0.108824,0.63,-3.43,0.21,-79
1787064475104,313738,Thigh,stand,-0.140544,-0.991128,0.104432,0.63,-3.64,0.28,-79
1787064475104,313755,Thigh,stand,-0.137128,-0.987712,0.1098,0.84,-3.71,0.21,-79
1787064475104,313772,Thigh,stand,-0.131272,-0.9882,0.112728,0.56,-3.29,0.07,-79
1787064475104,313789,Thigh,stand,-0.130296,-0.993568,0.109312,0.77,-2.59,-0.21,-79
1787064475464,313966,Thigh,stand,-0.13664,-0.988688,0.108336,1.26,-1.05,-0.35,-79
1787064475464,313996,Thigh,stand,-0.135664,-0.989664,0.107848,1.54,-0.91,-0.35,-79
1787064475464,314014,Thigh,stand,-0.137616,-0.989664,0.105896,1.54,-0.98,-0.35,-79
1787064475464,314030,Thigh,stand,-0.138104,-0.987224,0.105896,1.75,-1.05,-0.49,-79
1787064475464,314047,Thigh,stand,-0.138104,-0.990152,0.105896,1.61,-0.84,-0.49,-79
1787064475464,314078,Thigh,stand,-0.141032,-0.990152,0.102968,1.68,-0.77,-0.42,-79
1787064475464,314095,Thigh,stand,-0.14152,-0.987712,0.102968,1.75,-1.05,-0.42,-79
1787064475464,314112,Thigh,stand,-0.142984,-0.992104,0.104432,1.54,-1.4,-0.35,-79
1787064475464,314129,Thigh,stand,-0.140544,-0.989664,0.105408,1.61,-1.47,-0.49,-79
1787064475464,314146,Thigh,stand,-0.137616,-0.9882,0.108336,1.47,-1.4,-0.42,-79
1787064475822,314323,Thigh,stand,-0.142984,-0.991616,0.107848,1.54,-0.35,-0.21,-79
1787064475822,314355,Thigh,stand,-0.142984,-0.988688,0.106872,1.75,-0.91,-0.28,-79
1787064475822,314372,Thigh,stand,-0.144448,-0.99064,0.107848,1.54,-1.68,-0.14,-79
1787064475822,314389,Thigh,stand,-0.140056,-0.987712,0.108336,1.75,-2.24,-0.14,-79
1787064475822,314406,Thigh,stand,-0.139568,-0.9882,0.108336,1.47,-2.52,-0.21,-79
1787064475822,314436,Thigh,stand,-0.135664,-0.99064,0.10736,1.54,-3.15,-0.28,-79
1787064475822,314453,Thigh,stand,-0.133712,-0.99064,0.110776,1.82,-3.36,-0.35,-79
1787064475822,314470,Thigh,stand,-0.133224,-0.990152,0.11224,1.68,-3.36,-0.49,-79
1787064475822,314487,Thigh,stand,-0.134688,-0.989664,0.111264,1.61,-3.29,-0.49,-79
1787064475822,314504,Thigh,stand,-0.135664,-0.990152,0.114192,1.68,-3.01,-0.56,-79
1787064476179,314681,Thigh,stand,-0.140544,-0.9882,0.1098,1.47,-2.66,-0.35,-82
1787064476179,314712,Thigh,stand,-0.135176,-0.990152,0.113704,1.47,-2.66,-0.35,-82
1787064476179,314729,Thigh,stand,-0.133712,-0.989176,0.114192,1.47,-2.45,-0.35,-82
1787064476179,314746,Thigh,stand,-0.136152,-0.991128,0.112728,1.54,-2.24,-0.35,-82
1787064476179,314763,Thigh,stand,-0.136152,-0.991616,0.113216,1.54,-1.89,-0.35,-82
1787064476179,314794,Thigh,stand,-0.137616,-0.989176,0.112728,1.47,-2.03,-0.28,-82
1787064476179,314811,Thigh,stand,-0.135664,-0.989664,0.11224,1.33,-2.31,-0.21,-82
1787064476179,314828,Thigh,stand,-0.132736,-0.991616,0.112728,1.26,-2.38,-0.14,-82
1787064476179,314845,Thigh,stand,-0.131272,-0.991128,0.113216,1.33,-2.38,-0.07,-82
1787064476179,314861,Thigh,stand,-0.12932,-0.991128,0.113704,1.4,-1.96,-0.21,-82
1787064476548,315038,Thigh,stand,-0.135664,-0.990152,0.110288,1.4,-2.94,0,-82
1787064476548,315069,Thigh,stand,-0.13664,-0.989176,0.108824,1.47,-2.94,-0.07,-82
1787064476548,315086,Thigh,stand,-0.138104,-0.987224,0.10736,1.4,-3.15,-0.07,-82
1787064476548,315103,Thigh,stand,-0.137128,-0.987224,0.107848,1.33,-3.22,-0.14,-82
1787064476548,315120,Thigh,stand,-0.132736,-0.988688,0.109312,1.19,-3.22,-0.14,-82
1787064476548,315151,Thigh,stand,-0.129808,-0.99064,0.11224,1.33,-2.45,-0.21,-82
1787064476548,315168,Thigh,stand,-0.131272,-0.991128,0.111752,1.54,-2.17,-0.21,-82
1787064476548,315185,Thigh,stand,-0.134688,-0.989664,0.113704,1.68,-1.68,-0.35,-82
1787064476548,315202,Thigh,stand,-0.139568,-0.989176,0.111264,1.75,-1.61,-0.28,-82
1787064476548,315219,Thigh,stand,-0.142008,-0.9882,0.109312,1.61,-1.89,-0.28,-82
1787064476899,315395,Thigh,stand,-0.142984,-0.986736,0.110776,1.61,-1.82,-0.35,-82
1787064476899,315426,Thigh,stand,-0.142984,-0.988688,0.107848,1.61,-2.38,-0.21,-82
1787064476899,315443,Thigh,stand,-0.145912,-0.9882,0.106872,1.61,-2.45,-0.21,-82
1787064476899,315460,Thigh,stand,-0.14396,-0.987712,0.106384,1.61,-2.45,-0.14,-82
1787064476899,315477,Thigh,stand,-0.143472,-0.9882,0.106384,1.26,-2.52,-0.14,-82
1787064476899,315508,Thigh,stand,-0.138592,-0.992104,0.107848,1.19,-2.73,-0.21,-82
1787064476899,315525,Thigh,stand,-0.133224,-0.990152,0.111752,1.19,-3.08,-0.21,-82
1787064476899,315542,Thigh,stand,-0.126392,-0.990152,0.113216,1.19,-3.29,-0.21,-82
1787064476899,315559,Thigh,stand,-0.125904,-0.99064,0.113216,1.47,-3.36,-0.28,-82
1787064476899,315576,Thigh,stand,-0.127368,-0.991128,0.112728,1.68,-3.29,-0.35,-82
1787064477256,315753,Thigh,stand,-0.135176,-0.99064,0.113704,1.33,-3.08,-0.28,-79
1787064477256,315784,Thigh,stand,-0.133224,-0.988688,0.116144,1.33,-3.64,-0.21,-79
1787064477256,315801,Thigh,stand,-0.133712,-0.991128,0.115656,1.26,-3.57,-0.14,-79
1787064477256,315818,Thigh,stand,-0.132736,-0.990152,0.114192,1.33,-3.36,-0.14,-79
1787064477256,315835,Thigh,stand,-0.13176,-0.989664,0.113216,1.26,-3.08,-0.28,-79
1787064477256,315866,Thigh,stand,-0.130784,-0.991616,0.110288,1.4,-2.73,-0.28,-79
1787064477256,315883,Thigh,stand,-0.134688,-0.991616,0.108336,1.54,-2.38,-0.28,-79
1787064477256,315900,Thigh,stand,-0.13664,-0.99064,0.106872,1.54,-2.31,-0.14,-79
1787064477256,315917,Thigh,stand,-0.141032,-0.989176,0.105896,1.4,-2.31,0,-79
1787064477256,315934,Thigh,stand,-0.139568,-0.9882,0.10736,1.19,-2.52,0.07,-79
1787064477613,316111,Thigh,stand,-0.130784,-0.991128,0.112728,1.4,-2.17,0.14,-79
1787064477613,316142,Thigh,stand,-0.132736,-0.991616,0.107848,1.54,-2.1,0.07,-79
1787064477613,316159,Thigh,stand,-0.134688,-0.990152,0.106872,1.68,-2.17,0,-79
1787064477613,316176,Thigh,stand,-0.136152,-0.988688,0.108336,1.61,-2.03,-0.14,-79
1787064477613,316193,Thigh,stand,-0.137616,-0.989664,0.110288,1.61,-2.24,0,-79
1787064477613,316224,Thigh,stand,-0.14396,-0.989664,0.107848,1.61,-2.59,-0.07,-79
1787064477613,316241,Thigh,stand,-0.145912,-0.989664,0.106384,1.75,-2.8,0,-79
1787064477613,316258,Thigh,stand,-0.144936,-0.989176,0.106872,1.68,-2.73,0,-79
1787064477613,316275,Thigh,stand,-0.14152,-0.988688,0.108336,1.4,-2.38,-0.07,-79
1787064477613,316292,Thigh,stand,-0.13908,-0.99064,0.105896,1.19,-2.1,-0.14,-79
1787064477970,316467,Thigh,stand,-0.145912,-0.986736,0.1098,2.1,-3.92,-0.07,-79
1787064477970,316499,Thigh,stand,-0.133224,-0.9882,0.11468,-0.14,-3.5,0.56,-79
1787064477970,316516,Thigh,stand,-0.127368,-0.992104,0.113704,0,-2.52,0.63,-79
1787064477970,316533,Thigh,stand,-0.11956,-0.991616,0.11224,0.28,-2.03,0.35,-79
1787064477970,316550,Thigh,stand,-0.118584,-0.990152,0.115168,1.05,-1.26,0.14,-79
1787064477970,316580,Thigh,stand,-0.1342,-0.987224,0.115168,1.96,-1.82,-0.7,-79
1787064477970,316598,Thigh,stand,-0.149328,-0.988688,0.111752,1.75,-2.45,-0.7,-79
1787064477970,316614,Thigh,stand,-0.156648,-0.988688,0.106872,1.54,-3.99,-0.77,-79
1787064477970,316631,Thigh,stand,-0.152744,-0.985272,0.102968,1.19,-5.53,-0.49,-79
1787064477970,316648,Thigh,stand,-0.147376,-0.984296,0.106872,0.77,-6.09,-0.07,-79
1787064478335,316824,Thigh,stand,-0.142008,-0.987224,0.096136,1.96,-2.87,-0.14,-79
1787064478335,316855,Thigh,stand,-0.142984,-0.985272,0.100528,1.54,-2.94,-0.91,-79
1787064478335,316872,Thigh,stand,-0.145912,-0.989176,0.105896,1.4,-2.94,-0.91,-79
1787064478335,316889,Thigh,stand,-0.149328,-0.989176,0.1098,1.33,-3.36,-0.49,-79
1787064478335,316906,Thigh,stand,-0.14884,-0.990152,0.11224,1.19,-3.71,0,-79
1787064478335,316937,Thigh,stand,-0.131272,-0.991128,0.113704,0.56,-3.15,0.35,-79
1787064478335,316954,Thigh,stand,-0.123464,-0.991128,0.1098,0.63,-2.59,0.35,-79
1787064478335,316971,Thigh,stand,-0.122488,-0.990152,0.10736,1.33,-2.1,0,-79
1787064478335,316988,Thigh,stand,-0.123952,-0.990152,0.108336,1.61,-1.82,-0.28,-79
1787064478335,317005,Thigh,stand,-0.128832,-0.989664,0.110288,2.1,-1.75,-0.42,-79
1787064478696,317180,Thigh,stand,-0.144936,-0.989664,0.112728,1.75,-1.96,-0.07,-80
1787064478696,317211,Thigh,stand,-0.147376,-0.986248,0.1098,2.17,-3.92,-0.42,-80
1787064478696,317229,Thigh,stand,-0.1464,-0.989176,0.10248,2.31,-4.97,-0.49,-80
1787064478696,317246,Thigh,stand,-0.145424,-0.98332,0.096136,2.03,-5.74,-0.91,-80
1787064478696,317263,Thigh,stand,-0.146888,-0.984296,0.09516,1.26,-6.37,-1.19,-80
1787064478696,317294,Thigh,stand,-0.140544,-0.99308,0.113216,1.26,-5.18,-0.91,-80
1787064478696,317311,Thigh,stand,-0.139568,-0.989176,0.122,0.77,-4.06,-0.42,-80
1787064478696,317328,Thigh,stand,-0.13664,-0.987712,0.120536,0.56,-3.78,-0.14,-80
1787064478696,317345,Thigh,stand,-0.13176,-0.993568,0.118096,0.98,-3.5,-0.07,-80
1787064478696,317362,Thigh,stand,-0.12932,-0.990152,0.113216,1.47,-3.43,0,-80
1787064479046,317537,Thigh,stand,-0.124928,-0.989176,0.11224,1.82,0.7,-0.07,-81
1787064479046,317568,Thigh,stand,-0.142008,-0.991128,0.107848,2.1,-0.07,-0.21,-81
1787064479046,317585,Thigh,stand,-0.143472,-0.989176,0.104432,2.17,-0.77,-0.14,-81
1787064479046,317602,Thigh,stand,-0.14396,-0.986736,0.103944,1.96,-1.33,-0.21,-81
1787064479046,317620,Thigh,stand,-0.139568,-0.985272,0.103944,1.68,-2.31,-0.21,-81
1787064479046,317637,Thigh,stand,-0.137616,-0.986248,0.105896,1.47,-2.66,-0.56,-81
1787064479046,317668,Thigh,stand,-0.1342,-0.995032,0.113216,1.47,-1.82,-0.7,-81
1787064479046,317685,Thigh,stand,-0.137128,-0.987712,0.11712,1.68,-1.26,-0.56,-81
1787064479046,317702,Thigh,stand,-0.138592,-0.990152,0.116632,1.47,-1.54,-0.28,-81
1787064479046,317719,Thigh,stand,-0.140056,-0.988688,0.114192,1.54,-2.24,0.07,-81
1787064479414,317895,Thigh,stand,-0.14884,-0.9882,0.122976,1.75,-4.2,-0.91,-81
1787064479414,317926,Thigh,stand,-0.162504,-0.984784,0.111264,0.7,-7.14,-0.42,-81
1787064479414,317943,Thigh,stand,-0.154208,-0.9882,0.110288,0.14,-7.98,0,-81
1787064479414,317960,Thigh,stand,-0.134688,-0.993568,0.110776,-0.56,-9.1,0.21,-81
1787064479414,317977,Thigh,stand,-0.1098,-0.993568,0.113216,-0.42,-9.1,0.49,-81
1787064479414,318008,Thigh,stand,-0.091744,-0.994544,0.110288,0.49,-5.88,0.35,-81
1787064479414,318024,Thigh,stand,-0.091744,-0.9882,0.1098,0.98,-2.73,0.07,-81
1787064479414,318041,Thigh,stand,-0.099064,-0.99064,0.109312,1.26,-0.07,-0.14,-81
1787064479414,318058,Thigh,stand,-0.104432,-0.991616,0.109312,1.61,1.96,-0.35,-81
1787064479414,318089,Thigh,stand,-0.133712,-0.989176,0.113704,2.38,2.66,-0.49,-81
1787064479772,318265,Thigh,stand,-0.149328,-0.989664,0.115656,1.54,1.54,-0.28,-81
1787064479772,318295,Thigh,stand,-0.151768,-0.987712,0.106872,1.47,0.07,-0.07,-81
1787064479772,318312,Thigh,stand,-0.147864,-0.987224,0.107848,1.68,-0.42,-0.28,-81
1787064479772,318329,Thigh,stand,-0.15128,-0.988688,0.103456,1.82,-1.33,-0.49,-81
1787064479772,318346,Thigh,stand,-0.149816,-0.989176,0.103456,1.33,-4.13,-0.63,-81
1787064479772,318377,Thigh,stand,-0.152744,-0.990152,0.10492,1.47,-5.53,-0.7,-81
1787064479772,318394,Thigh,stand,-0.154208,-0.982832,0.10492,1.12,-7.7,-0.49,-81
1787064479772,318411,Thigh,stand,-0.145424,-0.986248,0.115656,0.21,-8.33,-0.21,-81
1787064479772,318428,Thigh,stand,-0.140544,-0.9882,0.118096,0.14,-8.68,0.07,-81
1787064479772,318445,Thigh,stand,-0.129808,-0.9882,0.120048,0.07,-8.54,0.21,-81
1787064480130,318623,Thigh,stand,-0.131272,-0.99064,0.106872,1.26,-3.36,0.14,-78
1787064480130,318654,Thigh,stand,-0.12444,-0.989664,0.105896,1.4,-2.31,-0.14,-78
1787064480130,318671,Thigh,stand,-0.121024,-0.994056,0.108336,1.61,-1.82,-0.28,-78
1787064480130,318687,Thigh,stand,-0.121024,-0.99308,0.112728,1.89,-1.05,-0.49,-78
1787064480130,318704,Thigh,stand,-0.125904,-0.988688,0.119072,1.82,-0.35,-0.35,-78
1787064480130,318735,Thigh,stand,-0.133224,-0.989176,0.119072,2.03,-0.21,-0.14,-78
1787064480130,318752,Thigh,stand,-0.137616,-0.988688,0.114192,2.03,-0.49,0.07,-78
1787064480130,318769,Thigh,stand,-0.140544,-0.987712,0.111752,2.03,-0.98,0.14,-78
1787064480130,318786,Thigh,stand,-0.139568,-0.989176,0.11224,1.96,-1.12,0.07,-78
1787064480130,318803,Thigh,stand,-0.135664,-0.988688,0.113216,1.61,-0.98,0,-78
1787064480495,318980,Thigh,stand,-0.13664,-0.991128,0.109312,1.4,-3.01,-0.21,-78
1787064480495,319011,Thigh,stand,-0.141032,-0.9882,0.108824,1.26,-2.94,-0.14,-78
1787064480495,319028,Thigh,stand,-0.142984,-0.987712,0.1098,1.19,-3.01,-0.14,-78
1787064480495,319045,Thigh,stand,-0.138592,-0.99064,0.1098,1.12,-3.29,-0.21,-78
1787064480495,319062,Thigh,stand,-0.136152,-0.990152,0.10736,1.12,-3.57,-0.14,-78
1787064480495,319092,Thigh,stand,-0.133224,-0.991616,0.10736,1.26,-3.5,-0.07,-78
1787064480495,319109,Thigh,stand,-0.135176,-0.988688,0.1098,1.47,-3.36,-0.14,-78
1787064480495,319126,Thigh,stand,-0.136152,-0.988688,0.111264,1.4,-3.29,-0.28,-78
1787064480495,319143,Thigh,stand,-0.134688,-0.9882,0.111264,1.33,-3.29,-0.35,-78
1787064480495,319160,Thigh,stand,-0.133712,-0.989176,0.111752,1.19,-3.57,-0.35,-78
1787064480848,319336,Thigh,stand,-0.139568,-0.987224,0.110288,1.05,-3.64,-0.21,-78
1787064480848,319368,Thigh,stand,-0.131272,-0.990152,0.11224,1.05,-3.5,-0.14,-78
1787064480848,319385,Thigh,stand,-0.132248,-0.99064,0.111264,1.19,-3.22,-0.14,-78
1787064480848,319402,Thigh,stand,-0.133712,-0.991616,0.111752,1.4,-2.73,-0.07,-78
1787064480848,319419,Thigh,stand,-0.133712,-0.991128,0.115656,1.47,-2.45,0,-78
1787064480848,319450,Thigh,stand,-0.132248,-0.989176,0.114192,1.19,-1.96,0,-78
1787064480848,319467,Thigh,stand,-0.129808,-0.989664,0.112728,1.26,-2.03,0,-78
1787064480848,319484,Thigh,stand,-0.130296,-0.992592,0.11224,1.4,-2.1,-0.07,-78
1787064480848,319500,Thigh,stand,-0.133712,-0.990152,0.111264,1.61,-2.17,-0.14,-78
1787064480848,319518,Thigh,stand,-0.133712,-0.9882,0.113704,1.54,-2.03,-0.07,-78
1787064481204,319693,Thigh,stand,-0.140056,-0.989176,0.1098,1.05,-2.87,-0.07,-77
1787064481204,319725,Thigh,stand,-0.132736,-0.992104,0.113216,1.47,-2.66,-0.07,-77
1787064481204,319742,Thigh,stand,-0.129808,-0.989664,0.11224,1.54,-2.17,-0.14,-77
1787064481204,319759,Thigh,stand,-0.134688,-0.99064,0.10736,1.47,-2.1,-0.21,-77
1787064481204,319776,Thigh,stand,-0.138104,-0.989664,0.105408,1.61,-1.89,-0.28,-77
1787064481204,319807,Thigh,stand,-0.143472,-0.988688,0.109312,1.26,-2.1,-0.35,-77
1787064481204,319824,Thigh,stand,-0.143472,-0.989176,0.111752,1.33,-2.52,-0.21,-77
1787064481204,319841,Thigh,stand,-0.143472,-0.9882,0.111264,1.19,-3.01,-0.14,-77
1787064481204,319858,Thigh,stand,-0.142984,-0.989176,0.111264,1.05,-3.01,0,-77
1787064481204,319875,Thigh,stand,-0.139568,-0.988688,0.110776,0.98,-2.87,0.14,-77
1787064481562,320050,Thigh,stand,-0.1342,-0.9882,0.111264,1.54,-1.68,-0.21,-77
1787064481562,320082,Thigh,stand,-0.13664,-0.99064,0.107848,1.12,-1.47,-0.35,-77
1787064481562,320099,Thigh,stand,-0.139568,-0.9882,0.10492,1.33,-1.47,-0.14,-77
1787064481562,320116,Thigh,stand,-0.142008,-0.988688,0.105408,1.26,-1.89,0,-77
1787064481562,320133,Thigh,stand,-0.14152,-0.9882,0.109312,1.19,-2.17,0.14,-77
1787064481562,320164,Thigh,stand,-0.136152,-0.990152,0.11224,1.05,-2.87,0.07,-77
1787064481562,320181,Thigh,stand,-0.128832,-0.99308,0.115656,1.26,-2.87,-0.21,-77
1787064481562,320198,Thigh,stand,-0.127856,-0.99308,0.11224,1.47,-2.66,-0.35,-77
1787064481562,320215,Thigh,stand,-0.13176,-0.994056,0.111752,1.82,-2.59,-0.42,-77
1787064481562,320232,Thigh,stand,-0.144448,-0.995032,0.107848,2.8,-2.66,-0.42,-77
1787064481922,320407,Thigh,stand,-0.128832,-0.996984,0.115656,2.73,3.78,0.28,-77
1787064481922,320438,Thigh,stand,-0.155672,-0.9882,0.087352,3.43,-0.77,-1.19,-77
1787064481922,320455,Thigh,stand,-0.150792,-0.983808,0.084912,1.75,-3.78,-1.54,-77
1787064481922,320472,Thigh,stand,-0.143472,-0.987712,0.09516,0.63,-4.62,-0.91,-77
1787064481922,320489,Thigh,stand,-0.132736,-0.989664,0.103944,0.7,-3.92,-0.42,-77
1787064481922,320520,Thigh,stand,-0.141032,-0.982832,0.119072,1.47,-1.12,0.21,-77
1787064481922,320537,Thigh,stand,-0.164456,-0.992592,0.113216,1.89,-1.19,0.21,-77
1787064481922,320554,Thigh,stand,-0.189344,-1.0126,0.095648,2.31,-2.45,0.56,-77
1787064481922,320571,Thigh,stand,-0.1708,-0.9882,0.099064,0.91,-2.8,1.05,-77
1787064481922,320588,Thigh,stand,-0.139568,-0.972584,0.083448,-0.84,-6.02,0.77,-77
1787064482285,320764,Thigh,stand,-0.123464,-0.987712,0.103456,2.1,-4.69,-0.63,-77
1787064482285,320795,Thigh,stand,-0.162016,-0.99796,0.102968,1.96,-0.28,0.56,-77
1787064482285,320812,Thigh,stand,-0.166408,-1.000888,0.101992,0.98,-0.56,1.89,-77
1787064482285,320829,Thigh,stand,-0.148352,-0.98088,0.105896,0,-0.77,2.03,-77
1787064482285,320846,Thigh,stand,-0.134688,-0.981856,0.110288,-2.31,-0.14,1.54,-77
1787064482285,320877,Thigh,stand,-0.121512,-0.984784,0.126392,-0.21,0.98,0.98,-77
1787064482285,320894,Thigh,stand,-0.127856,-0.977464,0.123464,0.28,0.7,0.91,-77
1787064482285,320911,Thigh,stand,-0.12932,-0.996008,0.11956,0.84,-0.07,0.91,-77
1787064482285,320928,Thigh,stand,-0.13664,-0.996984,0.118584,2.1,-0.63,0.42,-77
1787064482285,320945,Thigh,stand,-0.14396,-0.992104,0.113704,2.52,-1.96,-0.28,-77
1787064482633,321121,Thigh,stand,-0.140544,-0.98576,0.097112,0.42,-0.77,0.91,-78
1787064482633,321152,Thigh,stand,-0.132736,-0.9882,0.100528,0.49,-1.82,1.12,-78
1787064482633,321168,Thigh,stand,-0.118584,-0.995032,0.108336,0.35,-0.7,1.19,-78
1787064482633,321185,Thigh,stand,-0.118584,-0.99552,0.11468,0.77,1.54,0.91,-78
1787064482633,321202,Thigh,stand,-0.131272,-0.990152,0.115168,1.54,1.89,0.35,-78
1787064482633,321233,Thigh,stand,-0.150792,-0.97844,0.111752,3.08,-1.05,-0.63,-78
1787064482633,321250,Thigh,stand,-0.15128,-0.987224,0.111264,2.24,-3.08,-0.7,-78
1787064482633,321267,Thigh,stand,-0.147864,-0.989664,0.108824,2.24,-2.66,-0.63,-78
1787064482633,321284,Thigh,stand,-0.150304,-0.991128,0.105896,2.17,-2.31,-0.56,-78
1787064482633,321301,Thigh,stand,-0.154696,-0.99064,0.0976,2.17,-1.89,-0.56,-78
1787064482993,321477,Thigh,stand,-0.145912,-0.9882,0.116632,2.52,-2.1,-0.91,-78
1787064482993,321508,Thigh,stand,-0.155184,-0.989176,0.102968,2.17,-3.99,-1.12,-78
1787064482993,321525,Thigh,stand,-0.150304,-0.990152,0.09516,1.96,-5.04,-0.91,-78
1787064482993,321542,Thigh,stand,-0.148352,-0.991128,0.092232,1.96,-4.9,-0.77,-78
1787064482993,321559,Thigh,stand,-0.147376,-0.98576,0.090768,1.82,-4.55,-0.7,-78
1787064482993,321589,Thigh,stand,-0.152256,-0.986736,0.097112,1.4,-2.24,-0.7,-78
1787064482993,321606,Thigh,stand,-0.159088,-0.989664,0.095648,1.33,-2.24,-0.7,-78
1787064482993,321623,Thigh,stand,-0.162016,-0.994056,0.094184,1.26,-3.08,-0.42,-78
1787064482993,321640,Thigh,stand,-0.158112,-0.988688,0.0976,0.77,-3.57,0.49,-78
1787064482993,321657,Thigh,stand,-0.145424,-0.987224,0.100528,-0.35,-4.06,1.05,-78
1787064483353,321834,Thigh,stand,-0.155672,-0.986248,0.090768,1.89,-5.74,-0.84,-78
1787064483353,321865,Thigh,stand,-0.15372,-0.986248,0.094184,1.75,-4.97,-0.98,-78
1787064483353,321882,Thigh,stand,-0.15372,-0.987712,0.094672,1.75,-4.62,-0.84,-78
1787064483353,321899,Thigh,stand,-0.1586,-0.992592,0.094672,1.4,-4.69,-0.42,-78
1787064483353,321916,Thigh,stand,-0.152744,-0.99064,0.097112,0.63,-4.41,0.35,-78
1787064483353,321947,Thigh,stand,-0.133224,-0.986736,0.103456,-0.42,-2.73,0.98,-78
1787064483353,321964,Thigh,stand,-0.128832,-0.986248,0.1098,-0.42,-1.47,0.91,-78
1787064483353,321981,Thigh,stand,-0.128832,-0.991616,0.118096,0.35,-0.84,0.77,-78
1787064483353,321998,Thigh,stand,-0.128344,-0.993568,0.121512,1.33,-0.77,0.56,-78
1787064483353,322015,Thigh,stand,-0.128832,-0.991128,0.119072,1.82,-1.26,0.28,-78
1787064483712,322192,Thigh,stand,-0.143472,-0.988688,0.096136,0.91,-0.21,-0.07,-76
1787064483712,322224,Thigh,stand,-0.150304,-0.98576,0.096136,1.33,-0.91,0,-76
1787064483712,322241,Thigh,stand,-0.152744,-0.986248,0.098088,1.33,-1.47,0,-76
1787064483712,322258,Thigh,stand,-0.15128,-0.990152,0.099064,1.33,-2.24,0,-76
1787064483712,322275,Thigh,stand,-0.150792,-0.99064,0.097112,1.47,-2.8,0.07,-76
1787064483712,322306,Thigh,stand,-0.147376,-0.98332,0.094672,1.4,-3.99,0,-76
1787064483712,322323,Thigh,stand,-0.143472,-0.9882,0.096136,1.12,-4.48,-0.07,-76
1787064483712,322340,Thigh,stand,-0.140056,-0.991128,0.099064,1.19,-4.06,-0.14,-76
1787064483712,322357,Thigh,stand,-0.138592,-0.989176,0.101504,1.47,-2.94,-0.21,-76
1787064483712,322374,Thigh,stand,-0.138104,-0.991128,0.101504,1.54,-2.45,-0.14,-76
1787064484072,322549,Thigh,stand,-0.146888,-0.9882,0.104432,1.89,-2.03,-0.35,-76
1787064484072,322581,Thigh,stand,-0.150304,-0.987224,0.103456,1.96,-2.1,-0.56,-76
1787064484072,322598,Thigh,stand,-0.15128,-0.98576,0.103456,1.96,-2.24,-0.63,-76
1787064484072,322616,Thigh,stand,-0.15372,-0.986248,0.101992,1.68,-2.38,-0.63,-76
1787064484072,322633,Thigh,stand,-0.154208,-0.987712,0.101504,1.54,-2.8,-0.49,-76
1787064484072,322650,Thigh,stand,-0.15372,-0.987712,0.100528,1.4,-3.29,-0.35,-76
1787064484072,322681,Thigh,stand,-0.144448,-0.988688,0.103456,1.26,-3.5,-0.35,-76
1787064484072,322698,Thigh,stand,-0.13908,-0.990152,0.104432,1.4,-3.15,-0.49,-76
1787064484072,322715,Thigh,stand,-0.13908,-0.991128,0.105408,1.54,-2.66,-0.7,-76
1787064484072,322732,Thigh,stand,-0.14396,-0.989664,0.10736,1.61,-2.45,-0.63,-76
1787064484429,322907,Thigh,stand,-0.146888,-0.987224,0.103456,1.47,-3.5,-0.56,-76
1787064484429,322938,Thigh,stand,-0.137616,-0.990152,0.106872,1.12,-4.41,-0.42,-76
1787064484429,322955,Thigh,stand,-0.13664,-0.991616,0.105896,1.33,-3.99,-0.21,-76
1787064484429,322972,Thigh,stand,-0.135176,-0.986736,0.10492,1.68,-3.64,-0.21,-76
1787064484429,322989,Thigh,stand,-0.135176,-0.9882,0.105896,1.47,-3.85,-0.35,-76
1787064484429,323020,Thigh,stand,-0.140056,-0.991616,0.105896,2.03,-3.15,-0.42,-76
1787064484429,323037,Thigh,stand,-0.139568,-0.9882,0.105896,1.54,-3.36,-0.35,-76
1787064484429,323054,Thigh,stand,-0.138104,-0.989664,0.107848,1.4,-3.15,-0.35,-76
1787064484429,323071,Thigh,stand,-0.138592,-0.989664,0.107848,1.54,-2.87,-0.35,-76
1787064484429,323088,Thigh,stand,-0.139568,-0.991128,0.108824,1.54,-2.8,-0.14,-76
1787064484787,323266,Thigh,stand,-0.146888,-0.988688,0.103456,1.4,-3.43,-0.07,-76
1787064484787,323297,Thigh,stand,-0.141032,-0.9882,0.110288,1.19,-4.06,0,-76
1787064484787,323315,Thigh,stand,-0.133224,-0.991128,0.111752,1.05,-3.64,-0.07,-76
1787064484787,323332,Thigh,stand,-0.131272,-0.989664,0.109312,1.4,-3.22,0.07,-76
1787064484787,323349,Thigh,stand,-0.132736,-0.989176,0.108336,1.47,-2.17,0,-76
1787064484787,323366,Thigh,stand,-0.138104,-0.99064,0.106384,1.68,-1.61,0,-76
1787064484787,323397,Thigh,stand,-0.149328,-0.987712,0.103944,1.61,-1.19,-0.07,-76
1787064484787,323414,Thigh,stand,-0.151768,-0.985272,0.103944,1.47,-1.61,-0.07,-76
1787064484787,323431,Thigh,stand,-0.149816,-0.987224,0.106384,1.19,-2.38,-0.14,-76
1787064484787,323448,Thigh,stand,-0.147376,-0.988688,0.108824,1.33,-2.73,-0.28,-76
1787064485147,323624,Thigh,stand,-0.143472,-0.990152,0.101504,1.61,-2.45,-0.21,-75
1787064485147,323655,Thigh,stand,-0.14396,-0.987712,0.101016,1.47,-2.59,-0.28,-75
1787064485147,323672,Thigh,stand,-0.144448,-0.9882,0.104432,1.26,-2.24,-0.28,-75
1787064485147,323689,Thigh,stand,-0.147376,-0.989176,0.105896,1.12,-2.1,-0.28,-75
1787064485147,323706,Thigh,stand,-0.147376,-0.99064,0.105408,1.26,-2.03,-0.21,-75
1787064485147,323737,Thigh,stand,-0.144936,-0.986736,0.10492,1.26,-2.59,-0.14,-75
1787064485147,323754,Thigh,stand,-0.142496,-0.9882,0.104432,1.26,-2.87,-0.21,-75
1787064485147,323771,Thigh,stand,-0.14152,-0.989176,0.10492,1.26,-3.22,-0.14,-75
1787064485147,323788,Thigh,stand,-0.138104,-0.9882,0.10492,1.19,-3.22,-0.14,-75
1787064485147,323805,Thigh,stand,-0.135664,-0.988688,0.106872,1.19,-3.22,-0.21,-75
1787064485502,323982,Thigh,stand,-0.144448,-0.9882,0.106384,1.05,-1.68,0.35,-75
1787064485502,324013,Thigh,stand,-0.140544,-0.986736,0.10492,1.19,-2.45,0.28,-75
1787064485502,324030,Thigh,stand,-0.141032,-0.987712,0.106384,1.12,-2.66,0.14,-75
1787064485502,324047,Thigh,stand,-0.141032,-0.990152,0.106872,1.12,-2.52,0.14,-75
1787064485502,324064,Thigh,stand,-0.142496,-0.99064,0.105408,1.33,-2.17,0.14,-75
1787064485502,324094,Thigh,stand,-0.145424,-0.987712,0.103944,1.12,-1.82,0.21,-75
1787064485502,324111,Thigh,stand,-0.147864,-0.990152,0.102968,1.12,-2.03,0.14,-75
1787064485502,324128,Thigh,stand,-0.148352,-0.984296,0.101992,1.12,-2.45,0.07,-75
1787064485502,324145,Thigh,stand,-0.147864,-0.989664,0.105896,0.98,-2.8,0.21,-75
1787064485502,324162,Thigh,stand,-0.142984,-0.989176,0.10492,1.12,-2.73,0.28,-75
1787064485878,324338,Thigh,stand,-0.14884,-0.987224,0.101016,1.05,-1.75,0.28,-75
1787064485878,324369,Thigh,stand,-0.15128,-0.988688,0.103456,1.05,-1.75,0.21,-75
1787064485878,324386,Thigh,stand,-0.15128,-0.987712,0.103456,1.33,-1.82,0.14,-75
1787064485878,324403,Thigh,stand,-0.151768,-0.987224,0.100528,1.19,-2.38,0.14,-75
1787064485878,324420,Thigh,stand,-0.150792,-0.9882,0.10248,1.12,-3.01,0.14,-75
1787064485878,324451,Thigh,stand,-0.14396,-0.98576,0.103456,1.19,-3.92,0.07,-75
1787064485878,324468,Thigh,stand,-0.14396,-0.989176,0.104432,1.19,-3.85,0,-75
1787064485878,324485,Thigh,stand,-0.142496,-0.989176,0.103944,1.26,-3.78,0,-75
1787064485878,324502,Thigh,stand,-0.142984,-0.990152,0.104432,1.19,-3.22,-0.07,-75
1787064485878,324519,Thigh,stand,-0.142496,-0.989664,0.104432,1.4,-2.73,-0.14,-75
1787064486217,324694,Thigh,stand,-0.145424,-0.988688,0.104432,0.98,-2.45,0.14,-74
1787064486217,324725,Thigh,stand,-0.14396,-0.9882,0.105896,0.63,-2.31,0.35,-74
1787064486217,324742,Thigh,stand,-0.142008,-0.991616,0.105408,0.84,-1.61,0.49,-74
1787064486217,324759,Thigh,stand,-0.142496,-0.990152,0.103944,0.98,-1.4,0.42,-74
1787064486217,324776,Thigh,stand,-0.146888,-0.986248,0.101992,0.84,-1.68,0.35,-74
1787064486217,324807,Thigh,stand,-0.142984,-0.990152,0.10248,0.84,-1.4,0.21,-74
1787064486217,324824,Thigh,stand,-0.1464,-0.989176,0.101504,0.84,-1.26,0.14,-74
1787064486217,324841,Thigh,stand,-0.147376,-0.988688,0.103456,0.98,-1.61,0.14,-74
1787064486217,324858,Thigh,stand,-0.14396,-0.9882,0.103944,0.98,-1.89,0.28,-74
1787064486217,324875,Thigh,stand,-0.142496,-0.987224,0.10004,0.91,-1.82,0.35,-74
1787064486629,325105,Thigh,stand,-0.145424,-0.981368,0.103456,1.61,-3.08,0.14,-74
1787064486629,325137,Thigh,stand,-0.143472,-0.99308,0.101016,0.84,-3.15,0.14,-74
1787064486629,325154,Thigh,stand,-0.145912,-0.986736,0.104432,1.61,-2.38,0.07,-74
1787064486629,325171,Thigh,stand,-0.150304,-0.984296,0.100528,1.19,-1.89,0.21,-74
1787064486629,325188,Thigh,stand,-0.155184,-0.987712,0.096624,0.98,-1.82,0.28,-74
1787064486629,325219,Thigh,stand,-0.16104,-0.99064,0.097112,0.91,-2.38,0.35,-74
1787064486629,325236,Thigh,stand,-0.158112,-0.983808,0.09516,0.91,-2.52,0.28,-74
1787064486629,325253,Thigh,stand,-0.157624,-0.98576,0.096136,0.84,-2.8,0.28,-74
1787064486629,325270,Thigh,stand,-0.153232,-0.9882,0.096624,0.91,-2.87,0.21,-74
1787064486629,325287,Thigh,stand,-0.154696,-0.987712,0.094672,1.05,-2.94,0.21,-74
1787064486986,325462,Thigh,stand,-0.153232,-0.98088,0.098088,1.12,-3.99,-0.42,-74
1787064486986,325493,Thigh,stand,-0.148352,-0.989176,0.096624,1.05,-4.34,-0.35,-74
1787064486986,325510,Thigh,stand,-0.149328,-0.990152,0.099064,1.4,-3.71,-0.28,-74
1787064486986,325527,Thigh,stand,-0.152256,-0.988688,0.097112,1.61,-2.94,-0.21,-74
1787064486986,325544,Thigh,stand,-0.154208,-0.985272,0.091744,1.54,-2.73,-0.14,-74
1787064486986,325575,Thigh,stand,-0.157136,-0.9882,0.09028,1.26,-2.31,-0.28,-74
1787064486986,325592,Thigh,stand,-0.157624,-0.987712,0.088328,1.33,-2.17,-0.28,-74
1787064486986,325609,Thigh,stand,-0.160064,-0.986248,0.08784,1.26,-2.24,-0.42,-74
1787064486986,325626,Thigh,stand,-0.1586,-0.9882,0.088328,1.26,-2.45,-0.28,-74
1787064486986,325643,Thigh,stand,-0.158112,-0.986736,0.091744,1.05,-2.52,-0.14,-74
1787064487348,325819,Thigh,stand,-0.156648,-0.987712,0.0976,1.47,-2.66,-0.56,-74
1787064487348,325850,Thigh,stand,-0.150792,-0.986736,0.099064,1.89,-2.87,-0.49,-74
1787064487348,325867,Thigh,stand,-0.149816,-0.982832,0.098088,1.82,-2.73,-0.49,-74
1787064487348,325884,Thigh,stand,-0.148352,-0.991616,0.096136,1.4,-2.66,-0.49,-74
1787064487348,325901,Thigh,stand,-0.149328,-0.986736,0.0976,2.03,-2.24,-0.56,-74
1787064487348,325932,Thigh,stand,-0.150304,-0.9882,0.099552,1.75,-2.31,-0.63,-74
1787064487348,325949,Thigh,stand,-0.152256,-0.989176,0.099064,1.82,-2.45,-0.56,-74
1787064487348,325966,Thigh,stand,-0.152744,-0.9882,0.098088,1.89,-2.73,-0.56,-74
1787064487348,325983,Thigh,stand,-0.151768,-0.985272,0.097112,1.89,-2.87,-0.63,-74
1787064487348,326000,Thigh,stand,-0.152256,-0.986736,0.098088,1.82,-3.01,-0.7,-74
1787064487705,326179,Thigh,stand,-0.15128,-0.986248,0.093696,2.17,-1.54,-0.7,-74
1787064487705,326210,Thigh,stand,-0.152744,-0.986736,0.097112,1.96,-2.73,-0.63,-74
1787064487705,326228,Thigh,stand,-0.152256,-0.986248,0.097112,1.82,-2.87,-0.56,-74
1787064487705,326244,Thigh,stand,-0.15128,-0.987712,0.097112,1.75,-2.94,-0.49,-74
1787064487705,326261,Thigh,stand,-0.150304,-0.988688,0.096136,1.75,-2.94,-0.42,-74
1787064487705,326292,Thigh,stand,-0.146888,-0.989664,0.098576,1.82,-2.8,-0.49,-74
1787064487705,326309,Thigh,stand,-0.145424,-0.989664,0.100528,1.96,-2.52,-0.7,-74
1787064487705,326326,Thigh,stand,-0.148352,-0.9882,0.101016,2.17,-2.24,-0.77,-74
1787064487705,326343,Thigh,stand,-0.149328,-0.988688,0.10004,2.1,-2.31,-0.77,-74
1787064487705,326360,Thigh,stand,-0.149816,-0.986248,0.101016,2.03,-2.45,-0.7,-74
1787064488064,326536,Thigh,stand,-0.136152,-0.987224,0.10736,2.31,-2.8,-0.7,-74
1787064488064,326567,Thigh,stand,-0.142984,-0.990152,0.098576,2.17,-1.82,-0.7,-74
1787064488064,326584,Thigh,stand,-0.149816,-0.988688,0.096136,2.45,-1.61,-0.77,-74
1787064488064,326601,Thigh,stand,-0.154696,-0.987224,0.096136,2.17,-1.89,-0.77,-74
1787064488064,326617,Thigh,stand,-0.155672,-0.988688,0.10004,2.03,-2.1,-0.77,-74
1787064488064,326648,Thigh,stand,-0.15128,-0.986248,0.101504,1.61,-2.59,-0.91,-74
1787064488064,326665,Thigh,stand,-0.146888,-0.990152,0.103944,1.54,-2.73,-0.63,-74
1787064488064,326682,Thigh,stand,-0.142984,-0.987224,0.101992,1.54,-2.38,-0.49,-74
1787064488064,326699,Thigh,stand,-0.144448,-0.9882,0.101016,1.47,-2.24,-0.35,-74
1787064488064,326716,Thigh,stand,-0.145912,-0.988688,0.10248,1.75,-2.38,-0.35,-74
1787064488424,326894,Thigh,stand,-0.150792,-0.987224,0.101992,1.89,-4.2,-0.77,-74
1787064488424,326926,Thigh,stand,-0.145424,-0.9882,0.103456,1.54,-4.48,-0.42,-74
1787064488424,326943,Thigh,stand,-0.142496,-0.990152,0.103456,1.4,-4.13,-0.35,-74
1787064488424,326960,Thigh,stand,-0.13664,-0.988688,0.10492,1.47,-3.43,-0.35,-74
1787064488424,326977,Thigh,stand,-0.134688,-0.988688,0.10736,1.54,-2.73,-0.42,-74
1787064488424,327008,Thigh,stand,-0.137128,-0.99064,0.110288,1.61,-1.89,-0.49,-74
1787064488424,327025,Thigh,stand,-0.142008,-0.989176,0.109312,1.82,-1.61,-0.42,-74
1787064488424,327041,Thigh,stand,-0.14396,-0.987712,0.108824,1.75,-1.89,-0.35,-74
1787064488424,327058,Thigh,stand,-0.144448,-0.9882,0.107848,1.54,-2.03,-0.35,-74
1787064488424,327075,Thigh,stand,-0.140544,-0.989664,0.106872,1.26,-2.1,-0.21,-74
1787064488786,327252,Thigh,stand,-0.134688,-0.989664,0.103456,1.54,-0.84,-0.28,-74
1787064488786,327284,Thigh,stand,-0.13664,-0.99064,0.105408,2.1,-0.35,-0.49,-74
1787064488786,327301,Thigh,stand,-0.140544,-0.9882,0.106872,2.24,-0.91,-0.56,-74
1787064488786,327318,Thigh,stand,-0.142496,-0.986736,0.106384,1.96,-1.19,-0.42,-74
1787064488786,327335,Thigh,stand,-0.145912,-0.989176,0.101992,1.82,-1.33,-0.28,-74
1787064488786,327366,Thigh,stand,-0.149816,-0.987712,0.100528,1.96,-1.96,-0.35,-74
1787064488786,327383,Thigh,stand,-0.14884,-0.985272,0.099064,1.54,-2.59,-0.28,-74
1787064488786,327400,Thigh,stand,-0.144936,-0.987712,0.099064,1.54,-2.8,-0.28,-74
1787064488786,327417,Thigh,stand,-0.145912,-0.989664,0.10248,1.68,-2.66,-0.42,-74
1787064488786,327434,Thigh,stand,-0.148352,-0.988688,0.106384,1.82,-2.8,-0.49,-74
1787064489150,327611,Thigh,stand,-0.142496,-0.989176,0.1098,1.61,-4.06,-0.63,-74
1787064489150,327642,Thigh,stand,-0.14396,-0.992592,0.110288,1.4,-3.71,-0.42,-74
1787064489150,327659,Thigh,stand,-0.14152,-0.987224,0.110776,1.54,-3.57,-0.35,-74
1787064489150,327676,Thigh,stand,-0.14152,-0.987712,0.110776,1.54,-3.57,-0.35,-74
1787064489150,327693,Thigh,stand,-0.137616,-0.9882,0.111752,1.54,-3.36,-0.42,-74
1787064489150,327724,Thigh,stand,-0.1342,-0.990152,0.1098,1.54,-2.45,-0.35,-74
1787064489150,327741,Thigh,stand,-0.134688,-0.988688,0.1098,1.4,-2.24,-0.35,-74
1787064489150,327758,Thigh,stand,-0.1342,-0.990152,0.11224,1.47,-2.24,-0.28,-74
1787064489150,327775,Thigh,stand,-0.135176,-0.990152,0.113216,1.47,-1.89,-0.35,-74
1787064489150,327792,Thigh,stand,-0.13664,-0.990152,0.112728,1.61,-1.61,-0.49,-74
1787064489498,327967,Thigh,stand,-0.147864,-0.988688,0.103944,1.47,-2.87,-0.42,-74
1787064489498,327998,Thigh,stand,-0.142984,-0.987712,0.105408,2.17,-4.9,-0.84,-74
1787064489498,328015,Thigh,stand,-0.138592,-0.987224,0.10736,2.1,-5.25,-0.84,-74
1787064489498,328032,Thigh,stand,-0.134688,-0.988688,0.106384,1.96,-4.55,-0.7,-74
1787064489498,328049,Thigh,stand,-0.140056,-0.988688,0.102968,1.89,-3.92,-0.49,-74
1787064489498,328080,Thigh,stand,-0.143472,-0.989664,0.10736,1.89,-4.13,-0.49,-74
1787064489498,328097,Thigh,stand,-0.14152,-0.986736,0.108336,1.68,-4.41,-0.63,-74
1787064489498,328114,Thigh,stand,-0.142008,-0.990152,0.108824,1.89,-4.55,-0.7,-74
1787064489498,328131,Thigh,stand,-0.142496,-0.990152,0.110776,2.03,-4.48,-0.63,-74
1787064489498,328148,Thigh,stand,-0.14396,-0.988688,0.10736,1.96,-4.41,-0.42,-74
1787064489861,328325,Thigh,stand,-0.12688,-0.991128,0.117608,1.4,-0.49,0.07,-73
1787064489861,328357,Thigh,stand,-0.13664,-0.990152,0.116632,1.61,0.14,-0.07,-73
1787064489861,328374,Thigh,stand,-0.138592,-0.992104,0.115168,1.54,0,-0.07,-73
1787064489861,328391,Thigh,stand,-0.1342,-0.990152,0.113216,1.75,-0.14,-0.21,-73
1787064489861,328408,Thigh,stand,-0.135664,-0.9882,0.11224,2.1,-0.21,-0.21,-73
1787064489861,328439,Thigh,stand,-0.140056,-0.990152,0.112728,1.89,-0.63,-0.07,-73
1787064489861,328456,Thigh,stand,-0.140056,-0.987712,0.112728,1.82,-0.28,-0.07,-73
1787064489861,328473,Thigh,stand,-0.140544,-0.989176,0.1098,1.75,-0.07,-0.07,-73
1787064489861,328490,Thigh,stand,-0.141032,-0.988688,0.108336,1.54,-0.28,-0.07,-73
1787064489861,328507,Thigh,stand,-0.14152,-0.991616,0.108336,1.68,-0.35,-0.14,-73
1787064490216,328682,Thigh,stand,-0.142984,-0.988688,0.108824,1.33,-1.47,-0.07,-73
1787064490216,328713,Thigh,stand,-0.138592,-0.989176,0.1098,1.26,-1.96,-0.14,-73
1787064490216,328730,Thigh,stand,-0.139568,-0.990152,0.115168,1.47,-2.31,-0.21,-73
1787064490216,328747,Thigh,stand,-0.138592,-0.987712,0.11468,1.61,-2.31,-0.42,-73
1787064490216,328764,Thigh,stand,-0.139568,-0.988688,0.114192,1.68,-2.66,-0.49,-73
1787064490216,328795,Thigh,stand,-0.142496,-0.99064,0.110776,1.96,-3.36,-0.56,-73
1787064490216,328812,Thigh,stand,-0.143472,-0.989664,0.1098,1.89,-3.71,-0.56,-73
1787064490216,328829,Thigh,stand,-0.144448,-0.989664,0.109312,1.89,-3.85,-0.49,-73
1787064490216,328846,Thigh,stand,-0.144936,-0.98576,0.109312,1.75,-4.2,-0.42,-73
1787064490216,328863,Thigh,stand,-0.1464,-0.986736,0.108824,1.4,-4.55,-0.42,-73
1787064490575,329040,Thigh,stand,-0.130296,-0.991616,0.11712,1.82,-3.85,-0.42,-73
1787064490575,329072,Thigh,stand,-0.132736,-0.989176,0.11468,1.75,-3.36,-0.7,-73
1787064490575,329089,Thigh,stand,-0.13664,-0.989176,0.113704,1.89,-2.94,-0.7,-73
1787064490575,329105,Thigh,stand,-0.13908,-0.987224,0.112728,1.82,-2.73,-0.56,-73
1787064490575,329122,Thigh,stand,-0.140544,-0.989176,0.112728,1.68,-2.52,-0.49,-73
1787064490575,329153,Thigh,stand,-0.138104,-0.990152,0.113216,1.19,-1.33,-0.07,-73
1787064490575,329170,Thigh,stand,-0.135664,-0.992592,0.11224,1.33,-1.12,-17.92,-73
1787064490575,329187,Thigh,stand,-0.137128,-0.987712,0.110776,1.47,-1.05,-0.07,-73
1787064490575,329204,Thigh,stand,-0.138104,-0.9882,0.1098,1.4,-1.47,-0.14,-73
1787064490575,329221,Thigh,stand,-0.138104,-0.98576,0.110776,1.47,-1.75,-0.21,-73
1787064490932,329398,Thigh,stand,-0.135176,-0.989664,0.110776,1.47,-0.98,-0.21,-73
1787064490932,329429,Thigh,stand,-0.141032,-0.989176,0.113216,1.82,-1.68,-0.42,-73
1787064490932,329446,Thigh,stand,-0.143472,-0.990152,0.114192,1.89,-2.24,-0.28,-73
1787064490932,329463,Thigh,stand,-0.145424,-0.986736,0.111752,1.68,-2.52,-0.21,-73
1787064490932,329480,Thigh,stand,-0.1464,-0.989176,0.111264,1.47,-3.08,-0.14,-73
1787064490932,329511,Thigh,stand,-0.14396,-0.987224,0.109312,1.12,-3.64,-0.21,-73
1787064490932,329527,Thigh,stand,-0.138104,-0.991128,0.113216,1.26,-3.78,-0.35,-73
1787064490932,329544,Thigh,stand,-0.137128,-0.990152,0.11468,1.26,-3.29,-0.35,-73
1787064490932,329561,Thigh,stand,-0.137128,-0.991128,0.114192,1.26,-2.8,-0.35,-73
1787064490932,329578,Thigh,stand,-0.13908,-0.991128,0.11468,1.26,-2.45,-0.28,-73
1787064491290,329755,Thigh,stand,-0.138592,-0.9882,0.11468,1.26,-3.22,-0.28,-75
1787064491290,329786,Thigh,stand,-0.13176,-0.991128,0.11712,1.12,-2.59,0,-75
1787064491290,329803,Thigh,stand,-0.130296,-0.992592,0.116144,1.19,-1.96,0,-75
1787064491290,329820,Thigh,stand,-0.133224,-0.991128,0.11224,1.4,-1.54,0,-75
1787064491290,329837,Thigh,stand,-0.134688,-0.989664,0.110776,1.61,-1.68,0,-75
1787064491290,329868,Thigh,stand,-0.133224,-0.987712,0.113216,1.47,-1.96,-0.35,-75
1787064491290,329885,Thigh,stand,-0.13664,-0.990152,0.111752,1.61,-2.03,-0.35,-75
1787064491290,329902,Thigh,stand,-0.138592,-0.989664,0.110776,1.68,-2.03,-0.21,-75
1787064491290,329919,Thigh,stand,-0.141032,-0.987712,0.108824,1.68,-1.96,-0.14,-75
1787064491290,329935,Thigh,stand,-0.142984,-0.9882,0.107848,1.47,-1.89,-0.07,-75
1787064491646,330110,Thigh,stand,-0.13908,-0.99064,0.113216,1.75,-3.08,-0.56,-75
1787064491646,330141,Thigh,stand,-0.14152,-0.990152,0.11224,1.96,-2.73,-0.56,-75
1787064491646,330158,Thigh,stand,-0.145424,-0.987712,0.109312,2.03,-2.52,-0.49,-75
1787064491646,330175,Thigh,stand,-0.145424,-0.987712,0.108824,1.54,-2.59,-0.42,-75
1787064491646,330192,Thigh,stand,-0.144448,-0.987712,0.108336,1.47,-2.52,-0.35,-75
1787064491646,330223,Thigh,stand,-0.142008,-0.989176,0.110776,1.33,-3.15,-0.35,-75
1787064491646,330240,Thigh,stand,-0.13908,-0.989664,0.11224,1.33,-3.15,-0.35,-75
1787064491646,330257,Thigh,stand,-0.135664,-0.990152,0.114192,1.33,-2.94,-0.49,-75
1787064491646,330274,Thigh,stand,-0.137128,-0.986736,0.111752,1.47,-2.94,-0.49,-75
1787064491646,330291,Thigh,stand,-0.138592,-0.9882,0.113704,1.47,-3.08,-0.42,-75
1787064492007,330467,Thigh,stand,-0.134688,-0.993568,0.117608,1.19,-2.31,-0.28,-75
1787064492007,330498,Thigh,stand,-0.1342,-0.984784,0.115168,1.33,-2.8,-0.56,-75
1787064492007,330515,Thigh,stand,-0.133224,-0.9882,0.11468,1.19,-3.01,-0.56,-75
1787064492007,330532,Thigh,stand,-0.132248,-0.99308,0.116144,1.4,-2.94,-0.49,-75
1787064492007,330549,Thigh,stand,-0.134688,-0.991128,0.115656,1.54,-2.87,-0.35,-75
1787064492007,330580,Thigh,stand,-0.13176,-0.989664,0.114192,0.98,-2.73,-0.14,-75
1787064492007,330597,Thigh,stand,-0.128832,-0.989176,0.114192,1.05,-2.8,-0.28,-75
1787064492007,330614,Thigh,stand,-0.127856,-0.990152,0.113704,1.33,-2.66,-0.28,-75
1787064492007,330631,Thigh,stand,-0.12932,-0.989664,0.113704,1.61,-2.31,-0.21,-75
1787064492007,330648,Thigh,stand,-0.132736,-0.989176,0.113704,1.61,-1.75,-0.28,-75
1787064492362,330826,Thigh,stand,-0.129808,-0.989176,0.115168,1.26,-2.94,-0.14,-79
1787064492362,330856,Thigh,stand,-0.134688,-0.99064,0.111264,1.4,-2.45,0.07,-79
1787064492362,330873,Thigh,stand,-0.1342,-0.988688,0.112728,1.4,-2.38,0.14,-79
1787064492362,330890,Thigh,stand,-0.133224,-0.990152,0.112728,1.19,-2.24,0.21,-79
1787064492362,330907,Thigh,stand,-0.130296,-0.989664,0.112728,1.19,-2.24,0.14,-79
1787064492362,330938,Thigh,stand,-0.130784,-0.991616,0.112728,1.33,-2.17,0,-79
1787064492362,330955,Thigh,stand,-0.132736,-0.99064,0.112728,1.47,-2.03,-0.14,-79
1787064492362,330972,Thigh,stand,-0.135176,-0.99064,0.113216,1.61,-2.1,-0.21,-79
1787064492362,330989,Thigh,stand,-0.136152,-0.990152,0.113704,1.68,-2.24,-0.14,-79
1787064492362,331006,Thigh,stand,-0.140056,-0.987224,0.113704,1.54,-2.45,-0.07,-79
1787064492725,331182,Thigh,stand,-0.144448,-0.989664,0.11224,1.26,-2.8,-0.14,-79
1787064492725,331212,Thigh,stand,-0.140544,-0.989176,0.11224,1.19,-2.8,0.14,-79
1787064492725,331230,Thigh,stand,-0.138104,-0.99064,0.110776,0.98,-2.66,0.14,-79
1787064492725,331246,Thigh,stand,-0.134688,-0.991616,0.110288,1.26,-2.38,0.07,-79
1787064492725,331263,Thigh,stand,-0.135176,-0.991616,0.111264,1.19,-2.03,0.07,-79
1787064492725,331294,Thigh,stand,-0.135664,-0.987712,0.111752,1.33,-1.89,-0.14,-79
1787064492725,331311,Thigh,stand,-0.13664,-0.9882,0.11224,1.4,-2.17,-0.28,-79
1787064492725,331328,Thigh,stand,-0.138592,-0.988688,0.1098,1.54,-2.31,-0.28,-79
1787064492725,331345,Thigh,stand,-0.14152,-0.989176,0.108824,1.61,-2.87,-0.35,-79
1787064492725,331362,Thigh,stand,-0.140544,-0.987224,0.109312,1.68,-3.22,-0.35,-79
1787064493077,331538,Thigh,stand,-0.138104,-0.991128,0.11224,1.4,-2.87,-0.28,-79
1787064493077,331569,Thigh,stand,-0.135176,-0.989176,0.114192,1.54,-3.15,-0.28,-79
1787064493077,331586,Thigh,stand,-0.134688,-0.988688,0.113704,1.4,-2.73,-0.21,-79
1787064493077,331603,Thigh,stand,-0.135664,-0.989176,0.113216,1.33,-2.45,-0.21,-79
1787064493077,331620,Thigh,stand,-0.135176,-0.99064,0.111264,1.4,-2.1,-0.28,-79
1787064493077,331650,Thigh,stand,-0.1342,-0.989664,0.11224,1.68,-2.24,-0.42,-79
1787064493077,331667,Thigh,stand,-0.1342,-0.989664,0.11224,1.61,-2.31,-0.49,-79
1787064493077,331684,Thigh,stand,-0.138104,-0.989664,0.113216,1.75,-2.38,-0.49,-79
1787064493077,331701,Thigh,stand,-0.139568,-0.990152,0.111264,1.68,-2.52,-0.42,-79
1787064493077,331718,Thigh,stand,-0.141032,-0.992104,0.110288,1.54,-2.87,-0.42,-79
1787064493453,331895,Thigh,stand,-0.135664,-0.9882,0.116632,1.68,-2.87,-0.42,-79
1787064493453,331926,Thigh,stand,-0.134688,-0.99064,0.113704,1.54,-2.87,-0.28,-79
1787064493453,331943,Thigh,stand,-0.135176,-0.990152,0.1098,1.75,-2.8,-0.28,-79
1787064493453,331960,Thigh,stand,-0.135176,-0.991128,0.110776,1.68,-2.87,-0.42,-79
1787064493453,331977,Thigh,stand,-0.133224,-0.992104,0.11468,1.61,-2.8,-0.42,-79
1787064493453,332008,Thigh,stand,-0.13176,-0.989176,0.11468,1.68,-2.38,-0.56,-79
1787064493453,332025,Thigh,stand,-0.132736,-0.989664,0.113216,1.68,-2.45,-0.49,-79
1787064493453,332041,Thigh,stand,-0.140544,-0.991128,0.111752,1.75,-2.38,-0.42,-79
1787064493453,332058,Thigh,stand,-0.142008,-0.99064,0.111264,1.96,-2.31,-0.28,-79
1787064493453,332075,Thigh,stand,-0.139568,-0.9882,0.113216,1.68,-2.24,-0.21,-79
1787064493797,332253,Thigh,stand,-0.127856,-0.99308,0.115656,1.47,-3.36,-0.35,-79
1787064493797,332285,Thigh,stand,-0.130784,-0.9882,0.11712,1.54,-2.24,-0.35,-79
1787064493797,332302,Thigh,stand,-0.13664,-0.988688,0.118096,1.33,-1.68,-0.21,-79
1787064493797,332319,Thigh,stand,-0.139568,-0.99064,0.116632,1.47,-2.03,-0.21,-79
1787064493797,332336,Thigh,stand,-0.13664,-0.990152,0.115168,1.26,-2.59,-0.07,-79
1787064493797,332367,Thigh,stand,-0.133712,-0.989664,0.113704,1.05,-2.45,0,-79
1787064493797,332384,Thigh,stand,-0.130296,-0.989176,0.115168,1.19,-2.31,-0.14,-79
1787064493797,332401,Thigh,stand,-0.128344,-0.9882,0.11468,1.33,-1.96,-0.21,-79
1787064493797,332418,Thigh,stand,-0.130296,-0.989176,0.115168,1.12,-2.17,-0.21,-79
1787064493797,332435,Thigh,stand,-0.133712,-0.992592,0.116632,1.4,-2.24,-0.21,-79
1787064494154,332612,Thigh,stand,-0.133224,-0.989664,0.111264,1.19,-3.08,-0.07,-79
1787064494154,332643,Thigh,stand,-0.129808,-0.991616,0.112728,1.19,-2.66,0.07,-79
1787064494154,332660,Thigh,stand,-0.132736,-0.991616,0.112728,1.33,-2.38,0.14,-79
1787064494154,332677,Thigh,stand,-0.134688,-0.990152,0.112728,1.26,-2.45,0.07,-79
1787064494154,332694,Thigh,stand,-0.133224,-0.990152,0.11468,1.4,-2.8,0,-79
1787064494154,332725,Thigh,stand,-0.127856,-0.990152,0.115168,1.47,-2.87,-0.21,-79
1787064494154,332742,Thigh,stand,-0.12932,-0.990152,0.111752,1.75,-2.8,-0.28,-79
1787064494154,332759,Thigh,stand,-0.134688,-0.989176,0.110288,1.82,-2.59,-0.21,-79
1787064494154,332776,Thigh,stand,-0.140056,-0.9882,0.1098,1.75,-2.31,-0.14,-79
1787064494154,332793,Thigh,stand,-0.142008,-0.989664,0.11224,1.54,-2.24,-0.14,-79
1787064494510,332968,Thigh,stand,-0.133712,-0.989176,0.117608,1.4,-3.08,-0.21,-79
1787064494510,332999,Thigh,stand,-0.135176,-0.989176,0.113216,1.47,-2.24,-0.21,-79
1787064494510,333016,Thigh,stand,-0.137128,-0.9882,0.1098,1.33,-1.89,-0.07,-79
1787064494510,333033,Thigh,stand,-0.13908,-0.988688,0.108824,1.26,-1.89,0,-79
1787064494510,333050,Thigh,stand,-0.138592,-0.989664,0.110776,1.19,-2.1,0,-79
1787064494510,333081,Thigh,stand,-0.137128,-0.988688,0.110776,1.12,-2.87,-0.14,-79
1787064494510,333098,Thigh,stand,-0.134688,-0.989176,0.111752,1.12,-2.87,-0.14,-79
1787064494510,333115,Thigh,stand,-0.134688,-0.990152,0.110288,1.26,-2.66,-0.14,-79
1787064494510,333132,Thigh,stand,-0.136152,-0.989176,0.11224,1.33,-2.45,-0.07,-79
1787064494510,333149,Thigh,stand,-0.137128,-0.989664,0.11224,1.26,-2.59,0,-79
1787064494882,333325,Thigh,stand,-0.132736,-0.992104,0.11468,1.12,-2.94,-0.14,-80
1787064494882,333356,Thigh,stand,-0.132248,-0.989664,0.111264,1.4,-2.59,-0.07,-80
1787064494882,333373,Thigh,stand,-0.133224,-0.987712,0.11224,1.4,-2.31,0,-80
1787064494882,333390,Thigh,stand,-0.130784,-0.989176,0.113216,1.19,-2.1,-0.07,-80
1787064494882,333407,Thigh,stand,-0.132736,-0.990152,0.11224,1.26,-2.17,-0.07,-80
1787064494882,333438,Thigh,stand,-0.139568,-0.990152,0.110288,1.75,-2.45,-0.28,-80
1787064494882,333455,Thigh,stand,-0.14152,-0.987224,0.111752,1.47,-2.59,-0.14,-80
1787064494882,333472,Thigh,stand,-0.14152,-0.989664,0.1098,1.12,-2.45,-0.14,-80
1787064494882,333488,Thigh,stand,-0.14152,-0.991128,0.108824,1.12,-2.66,-0.07,-80
1787064494882,333519,Thigh,stand,-0.1342,-0.989664,0.112728,1.12,-2.87,0,-80
1787064495241,333695,Thigh,stand,-0.13908,-0.987712,0.107848,1.19,-2.1,0.07,-80
1787064495241,333725,Thigh,stand,-0.138104,-0.989664,0.106872,0.98,-2.87,0,-80
1787064495241,333743,Thigh,stand,-0.135176,-0.992104,0.1098,0.98,-2.94,0,-80
1787064495241,333759,Thigh,stand,-0.133712,-0.99064,0.111264,1.05,-2.87,0,-80
1787064495241,333776,Thigh,stand,-0.136152,-0.988688,0.11224,1.05,-2.73,0.14,-80
1787064495241,333807,Thigh,stand,-0.13664,-0.989664,0.1098,1.12,-2.52,0.14,-80
1787064495241,333824,Thigh,stand,-0.135176,-0.989664,0.113216,1.12,-2.45,0.14,-80
1787064495241,333841,Thigh,stand,-0.135664,-0.989664,0.114192,1.05,-2.45,0.28,-80
1787064495241,333858,Thigh,stand,-0.134688,-0.989176,0.111752,1.05,-2.45,0.28,-80
1787064495241,333875,Thigh,stand,-0.134688,-0.987712,0.111264,0.98,-2.38,0.28,-80
1787064495594,334050,Thigh,stand,-0.132736,-0.99308,0.108336,1.12,-3.15,0.42,-80
1787064495594,334081,Thigh,stand,-0.132248,-0.987224,0.107848,1.26,-2.52,0.21,-80
1787064495594,334097,Thigh,stand,-0.131272,-0.987712,0.106384,1.33,-2.45,0.07,-80
1787064495594,334115,Thigh,stand,-0.133712,-0.989664,0.106872,1.75,-2.73,-0.14,-80
1787064495594,334131,Thigh,stand,-0.139568,-0.99064,0.106384,1.68,-3.01,-0.14,-80
1787064495594,334162,Thigh,stand,-0.145912,-0.989664,0.108824,1.47,-2.31,0,-80
1787064495594,334179,Thigh,stand,-0.147376,-0.989176,0.10736,1.19,-2.24,0.14,-80
1787064495594,334196,Thigh,stand,-0.14884,-0.989176,0.10492,1.12,-2.24,0.21,-80
1787064495594,334213,Thigh,stand,-0.1464,-0.986736,0.104432,1.19,-2.38,0.21,-80
1787064495594,334230,Thigh,stand,-0.14152,-0.9882,0.108336,1.12,-2.59,0.14,-80
1787064495974,334407,Thigh,stand,-0.137616,-0.990152,0.107848,1.33,-1.68,-0.07,-82
1787064495974,334438,Thigh,stand,-0.141032,-0.988688,0.105896,1.33,-1.89,-0.28,-82
1787064495974,334455,Thigh,stand,-0.141032,-0.990152,0.10736,1.33,-2.1,-0.35,-82
1787064495974,334473,Thigh,stand,-0.142008,-0.988688,0.107848,1.33,-2.38,-0.21,-82
1787064495974,334490,Thigh,stand,-0.142496,-0.987712,0.108824,1.12,-2.45,-0.14,-82
1787064495974,334520,Thigh,stand,-0.142008,-0.990152,0.107848,1.12,-2.66,0,-82
1787064495974,334537,Thigh,stand,-0.138104,-0.987712,0.10736,1.19,-2.73,-0.07,-82
1787064495974,334554,Thigh,stand,-0.137128,-0.990152,0.10736,1.26,-2.66,-0.14,-82
1787064495974,334571,Thigh,stand,-0.13664,-0.989176,0.106872,1.4,-2.38,-0.21,-82
1787064495974,334588,Thigh,stand,-0.13908,-0.989176,0.10492,1.4,-1.96,-0.14,-82
1787064496311,334765,Thigh,stand,-0.135664,-0.9882,0.108336,1.4,-1.82,-0.14,-82
1787064496311,334796,Thigh,stand,-0.141032,-0.989664,0.105408,1.68,-2.24,-0.28,-82
1787064496311,334813,Thigh,stand,-0.14396,-0.9882,0.10492,1.82,-2.38,-0.21,-82
1787064496311,334830,Thigh,stand,-0.148352,-0.986248,0.105896,1.75,-2.45,-0.07,-82
1787064496311,334847,Thigh,stand,-0.149328,-0.988688,0.106384,1.4,-2.45,0.07,-82
1787064496311,334878,Thigh,stand,-0.145424,-0.990152,0.106384,1.19,-2.8,0.07,-82
1787064496311,334895,Thigh,stand,-0.142008,-0.989176,0.106384,1.19,-3.08,-0.07,-82
1787064496311,334912,Thigh,stand,-0.13908,-0.9882,0.108824,1.19,-3.08,-0.14,-82
1787064496311,334929,Thigh,stand,-0.13908,-0.991128,0.1098,1.33,-2.94,-0.14,-82
1787064496311,334945,Thigh,stand,-0.14152,-0.989176,0.109312,1.4,-2.8,-0.14,-82
1787064496669,335121,Thigh,stand,-0.14152,-0.989664,0.107848,1.26,-2.94,-0.21,-82
1787064496669,335152,Thigh,stand,-0.138592,-0.988688,0.10736,1.33,-3.22,-0.21,-82
1787064496669,335169,Thigh,stand,-0.137616,-0.989664,0.105896,1.26,-3.01,-0.21,-82
1787064496669,335186,Thigh,stand,-0.135664,-0.991128,0.10492,1.47,-2.59,-0.28,-82
1787064496669,335203,Thigh,stand,-0.13664,-0.99064,0.105408,1.47,-2.52,-0.14,-82
1787064496669,335234,Thigh,stand,-0.137616,-0.9882,0.108336,1.4,-2.1,-0.14,-82
1787064496669,335251,Thigh,stand,-0.138104,-0.988688,0.10736,1.19,-1.82,-0.07,-82
1787064496669,335268,Thigh,stand,-0.13908,-0.989176,0.107848,1.19,-1.47,-0.07,-82
1787064496669,335285,Thigh,stand,-0.140544,-0.989176,0.105408,1.33,-1.4,-0.07,-82
1787064496669,335302,Thigh,stand,-0.144448,-0.988688,0.10492,1.54,-1.54,-0.07,-82
1787064497067,335478,Thigh,stand,-0.138104,-0.991128,0.105408,1.68,-2.17,-0.28,-82
1787064497067,335510,Thigh,stand,-0.14396,-0.986248,0.105896,1.68,-1.82,-0.28,-82
1787064497067,335527,Thigh,stand,-0.1464,-0.988688,0.105408,1.33,-1.75,-0.28,-82
1787064497067,335544,Thigh,stand,-0.147864,-0.991128,0.103944,1.33,-2.03,-0.21,-82
1787064497067,335561,Thigh,stand,-0.1464,-0.989664,0.103944,1.33,-2.66,-0.07,-82
1787064497067,335592,Thigh,stand,-0.142984,-0.987712,0.106384,1.05,-3.15,0,-82
1787064497067,335609,Thigh,stand,-0.142008,-0.987224,0.106384,1.05,-3.15,-0.07,-82
1787064497067,335626,Thigh,stand,-0.140544,-0.989176,0.105896,1.05,-3.08,0,-82
1787064497067,335643,Thigh,stand,-0.13908,-0.9882,0.105408,1.12,-3.08,0,-82
1787064497067,335660,Thigh,stand,-0.137128,-0.991128,0.106872,1.12,-2.94,-0.07,-82
1787064497384,335834,Thigh,stand,-0.138104,-0.989176,0.106384,1.26,-2.52,0,-81
1787064497384,335865,Thigh,stand,-0.138104,-0.989664,0.104432,1.54,-2.73,0,-81
1787064497384,335882,Thigh,stand,-0.139568,-0.989664,0.103456,1.61,-2.8,0,-81
1787064497384,335899,Thigh,stand,-0.141032,-0.987224,0.102968,1.61,-2.94,0,-81
1787064497384,335916,Thigh,stand,-0.141032,-0.989664,0.103944,1.47,-3.01,-0.07,-81
1787064497384,335947,Thigh,stand,-0.13908,-0.987712,0.106384,1.4,-2.66,-0.07,-81
1787064497384,335964,Thigh,stand,-0.140544,-0.989176,0.105896,1.47,-2.52,-0.07,-81
1787064497384,335981,Thigh,stand,-0.14152,-0.989176,0.105896,1.54,-2.24,-0.07,-81
1787064497384,335998,Thigh,stand,-0.143472,-0.9882,0.105896,1.61,-2.03,-0.14,-81
1787064497384,336015,Thigh,stand,-0.148352,-0.989664,0.106384,1.54,-2.03,-0.14,-81
1787064497739,336191,Thigh,stand,-0.155184,-0.986736,0.101992,1.61,-2.38,-0.28,-81
1787064497739,336221,Thigh,stand,-0.15128,-0.986736,0.105408,0.98,-2.73,0,-81
1787064497739,336239,Thigh,stand,-0.1464,-0.9882,0.104432,0.84,-3.01,0,-81
1787064497739,336255,Thigh,stand,-0.141032,-0.990152,0.105408,0.91,-3.08,0,-81
1787064497739,336272,Thigh,stand,-0.138104,-0.990152,0.106384,1.12,-2.94,-0.07,-81
1787064497739,336303,Thigh,stand,-0.138592,-0.989664,0.105896,1.26,-2.24,-0.28,-81
1787064497739,336320,Thigh,stand,-0.140056,-0.9882,0.10492,1.4,-2.31,-0.28,-81
1787064497739,336337,Thigh,stand,-0.142496,-0.989176,0.104432,1.33,-2.38,-0.28,-81
1787064497739,336354,Thigh,stand,-0.143472,-0.988688,0.10492,1.26,-2.59,-0.28,-81
1787064497739,336371,Thigh,stand,-0.14152,-0.988688,0.106384,1.26,-3.08,-0.35,-81
1787064498125,336547,Thigh,stand,-0.141032,-0.987712,0.10248,1.68,-2.52,-0.28,-81
1787064498125,336579,Thigh,stand,-0.144936,-0.99064,0.10248,1.82,-2.38,-0.21,-81
1787064498125,336596,Thigh,stand,-0.145424,-0.988688,0.103944,1.82,-2.17,-0.28,-81
1787064498125,336613,Thigh,stand,-0.146888,-0.988688,0.104432,1.61,-2.24,-0.21,-81
1787064498125,336629,Thigh,stand,-0.1464,-0.987224,0.104432,1.54,-2.24,-0.21,-81
1787064498125,336660,Thigh,stand,-0.145424,-0.987224,0.103944,1.54,-2.45,-0.14,-81
1787064498125,336677,Thigh,stand,-0.144936,-0.987712,0.104432,1.54,-2.38,-0.14,-81
1787064498125,336694,Thigh,stand,-0.1464,-0.986736,0.10492,1.47,-2.24,-0.14,-81
1787064498125,336711,Thigh,stand,-0.146888,-0.988688,0.106384,1.4,-2.24,-0.21,-81
1787064498125,336728,Thigh,stand,-0.1464,-0.989176,0.105896,1.54,-2.31,-0.28,-81
1787064498458,336905,Thigh,stand,-0.143472,-0.986736,0.106384,1.82,-2.24,-0.35,-81
1787064498458,336936,Thigh,stand,-0.146888,-0.990152,0.103456,1.47,-2.38,-0.28,-81
1787064498458,336953,Thigh,stand,-0.145912,-0.990152,0.10248,1.4,-2.73,-0.35,-81
1787064498458,336970,Thigh,stand,-0.142984,-0.989176,0.103456,1.33,-2.94,-0.35,-81
1787064498458,336987,Thigh,stand,-0.13908,-0.987224,0.105408,1.26,-2.94,-0.35,-81
1787064498458,337018,Thigh,stand,-0.13908,-0.989176,0.106872,1.54,-2.73,-0.28,-81
1787064498458,337035,Thigh,stand,-0.139568,-0.9882,0.105408,1.54,-2.8,-0.21,-81
1787064498458,337051,Thigh,stand,-0.138104,-0.991616,0.106384,1.54,-2.87,-0.28,-81
1787064498458,337068,Thigh,stand,-0.138592,-0.988688,0.108336,1.54,-3.15,-0.42,-81
1787064498458,337085,Thigh,stand,-0.137128,-0.989664,0.108824,1.54,-3.43,-0.56,-81
1787064498815,337263,Thigh,stand,-0.14152,-0.989664,0.108824,1.68,-1.96,-0.35,-81
1787064498815,337294,Thigh,stand,-0.144936,-0.990152,0.108336,1.61,-2.45,-0.28,-81
1787064498815,337311,Thigh,stand,-0.14396,-0.9882,0.108336,1.54,-2.73,-0.28,-81
1787064498815,337328,Thigh,stand,-0.138104,-0.988688,0.109312,1.4,-3.08,-0.35,-81
1787064498815,337345,Thigh,stand,-0.135176,-0.990152,0.1098,1.47,-2.73,-0.42,-81
1787064498815,337376,Thigh,stand,-0.138104,-0.990152,0.107848,1.82,-1.82,-0.42,-81
1787064498815,337393,Thigh,stand,-0.143472,-0.989664,0.10736,1.89,-1.68,-0.42,-81
1787064498815,337410,Thigh,stand,-0.1464,-0.9882,0.107848,1.75,-1.89,-0.42,-81
1787064498815,337427,Thigh,stand,-0.146888,-0.988688,0.107848,1.54,-2.38,-0.49,-81
1787064498815,337444,Thigh,stand,-0.145424,-0.9882,0.108336,1.47,-2.59,-0.49,-81
1787064499219,337619,Thigh,stand,-0.143472,-0.987712,0.10492,1.96,-2.03,-0.56,-81
1787064499219,337650,Thigh,stand,-0.14396,-0.989664,0.106872,1.54,-1.96,-0.49,-81
1787064499219,337667,Thigh,stand,-0.14396,-0.989176,0.107848,1.47,-2.66,-0.42,-81
1787064499219,337684,Thigh,stand,-0.141032,-0.989176,0.108336,1.54,-3.01,-0.35,-81
1787064499219,337701,Thigh,stand,-0.140056,-0.989176,0.108824,1.54,-3.01,-0.35,-81
1787064499219,337732,Thigh,stand,-0.140056,-0.9882,0.108824,1.75,-2.87,-0.42,-81
1787064499219,337749,Thigh,stand,-0.142496,-0.989664,0.107848,1.75,-3.5,-0.35,-81
1787064499219,337766,Thigh,stand,-0.142984,-0.987712,0.107848,1.68,-3.92,-0.35,-81
1787064499219,337783,Thigh,stand,-0.138104,-0.9882,0.110288,1.4,-4.55,-0.42,-81
1787064499219,337800,Thigh,stand,-0.133712,-0.990152,0.109312,1.4,-4.55,-0.49,-81
1787064499548,337977,Thigh,stand,-0.1342,-0.990152,0.11468,2.1,-1.26,-0.35,-81
1787064499548,338008,Thigh,stand,-0.140056,-0.989664,0.111264,1.75,-1.75,-0.28,-81
1787064499548,338025,Thigh,stand,-0.140056,-0.989176,0.108336,1.47,-1.82,-0.28,-81
1787064499548,338042,Thigh,stand,-0.13908,-0.989664,0.106872,1.4,-1.75,-0.21,-81
1787064499548,338059,Thigh,stand,-0.136152,-0.990152,0.110288,1.33,-1.4,-0.21,-81
1787064499548,338089,Thigh,stand,-0.134688,-0.989664,0.114192,1.54,-0.14,-0.21,-81
1787064499548,338106,Thigh,stand,-0.137616,-0.989664,0.115168,1.82,-0.07,-0.21,-81
1787064499548,338123,Thigh,stand,-0.142496,-0.989664,0.111264,2.03,-0.21,-0.28,-81
1787064499548,338140,Thigh,stand,-0.142984,-0.989176,0.106872,1.89,-0.7,-0.35,-81
1787064499548,338171,Thigh,stand,-0.14152,-0.988688,0.106872,1.54,-1.33,-0.7,-81
1787064499905,338348,Thigh,stand,-0.14884,-0.989176,0.105408,2.03,-2.03,-0.63,-80
1787064499905,338379,Thigh,stand,-0.147376,-0.9882,0.108336,1.82,-3.29,-0.63,-80
1787064499905,338396,Thigh,stand,-0.142984,-0.987712,0.1098,1.54,-4.34,-0.7,-80
1787064499905,338413,Thigh,stand,-0.137128,-0.990152,0.114192,1.54,-4.69,-0.63,-80
1787064499905,338430,Thigh,stand,-0.135176,-0.989664,0.115168,1.68,-4.27,-0.56,-80
1787064499905,338461,Thigh,stand,-0.137128,-0.988688,0.112728,1.82,-3.5,-0.49,-80
1787064499905,338478,Thigh,stand,-0.138592,-0.989176,0.113216,1.54,-3.57,-0.42,-80
1787064499905,338495,Thigh,stand,-0.137128,-0.988688,0.113704,1.47,-3.64,-0.42,-80
1787064499905,338512,Thigh,stand,-0.13176,-0.990152,0.115656,1.12,-3.71,-0.28,-80
1787064499905,338529,Thigh,stand,-0.132248,-0.989176,0.115656,1.61,-3.64,-0.49,-80
1787064500288,338706,Thigh,stand,-0.12688,-0.987712,0.120048,1.75,-1.82,-0.42,-78
1787064500288,338736,Thigh,stand,-0.131272,-0.989176,0.118584,1.75,-2.66,-0.35,-78
1787064500288,338753,Thigh,stand,-0.134688,-0.987712,0.119072,1.54,-2.73,-0.14,-78
1787064500288,338771,Thigh,stand,-0.135176,-0.987712,0.118584,1.4,-2.52,0,-78
1787064500288,338787,Thigh,stand,-0.132248,-0.991616,0.116144,1.12,-2.38,0.14,-78
1787064500288,338818,Thigh,stand,-0.130784,-0.9882,0.11468,1.4,-1.89,-0.21,-78
1787064500288,338835,Thigh,stand,-0.132736,-0.99064,0.113704,1.47,-1.82,-0.28,-78
1787064500288,338852,Thigh,stand,-0.137128,-0.990152,0.111752,1.68,-1.4,-0.21,-78
1787064500288,338870,Thigh,stand,-0.142984,-0.9882,0.111752,1.61,-1.47,-0.14,-78
1787064500288,338887,Thigh,stand,-0.146888,-0.989176,0.112728,1.12,-1.68,0.07,-78
1787064500618,339063,Thigh,stand,-0.135176,-0.9882,0.112728,1.47,-3.29,0,-78
1787064500618,339094,Thigh,stand,-0.1342,-0.989664,0.113216,1.19,-2.31,0.14,-78
1787064500618,339111,Thigh,stand,-0.137128,-0.99064,0.111752,1.19,-2.1,0.35,-78
1787064500618,339128,Thigh,stand,-0.140056,-0.99064,0.1098,1.05,-2.17,0.42,-78
1787064500618,339145,Thigh,stand,-0.137128,-0.989176,0.112728,0.91,-2.52,0.56,-78
1787064500618,339175,Thigh,stand,-0.133224,-0.991616,0.116144,0.98,-2.94,0.28,-78
1787064500618,339192,Thigh,stand,-0.132248,-0.988688,0.116144,1.05,-2.94,0.28,-78
1787064500618,339209,Thigh,stand,-0.131272,-0.989176,0.115168,1.05,-2.87,0.28,-78
1787064500618,339226,Thigh,stand,-0.131272,-0.988688,0.116144,1.19,-2.8,0.21,-78
1787064500618,339243,Thigh,stand,-0.132736,-0.989664,0.11712,1.19,-2.73,0.14,-78
1787064500975,339419,Thigh,stand,-0.145912,-0.987224,0.101992,1.12,-3.64,0.07,-78
1787064500975,339450,Thigh,stand,-0.142984,-0.9882,0.104432,1.05,-3.29,0.21,-78
1787064500975,339467,Thigh,stand,-0.14152,-0.9882,0.108824,0.77,-2.73,0.21,-78
1787064500975,339484,Thigh,stand,-0.139568,-0.989664,0.11224,0.63,-2.1,0.28,-78
1787064500975,339501,Thigh,stand,-0.138104,-0.989176,0.11468,0.7,-1.68,0.21,-78
1787064500975,339532,Thigh,stand,-0.136152,-0.990152,0.111752,1.12,-1.26,0.14,-78
1787064500975,339549,Thigh,stand,-0.137128,-0.991128,0.111264,1.19,-1.4,0.07,-78
1787064500975,339565,Thigh,stand,-0.14152,-0.990152,0.112728,1.19,-1.54,-0.07,-78
1787064500975,339582,Thigh,stand,-0.142008,-0.988688,0.115656,1.4,-1.68,-0.07,-78
1787064500975,339599,Thigh,stand,-0.14152,-0.987224,0.115656,1.12,-2.03,0,-78
1787064501333,339775,Thigh,stand,-0.145912,-0.985272,0.103456,1.12,-3.01,-0.14,-78
1787064501333,339806,Thigh,stand,-0.14396,-0.989664,0.103456,0.91,-3.5,0.07,-78
1787064501333,339823,Thigh,stand,-0.142496,-0.989176,0.106384,0.91,-3.43,0.14,-78
1787064501333,339840,Thigh,stand,-0.140544,-0.9882,0.107848,0.84,-3.43,0.07,-78
1787064501333,339857,Thigh,stand,-0.13664,-0.988688,0.110776,0.84,-3.15,0,-78
1787064501333,339888,Thigh,stand,-0.132736,-0.990152,0.116632,1.05,-2.31,0,-78
1787064501333,339906,Thigh,stand,-0.133224,-0.990152,0.119072,1.05,-2.17,0,-78
1787064501333,339923,Thigh,stand,-0.134688,-0.992104,0.118096,1.4,-2.03,0,-78
1787064501333,339940,Thigh,stand,-0.138592,-0.990152,0.116144,1.54,-2.38,-0.07,-78
1787064501333,339957,Thigh,stand,-0.14152,-0.988688,0.11468,1.61,-3.08,-0.14,-78
1787064501693,340131,Thigh,stand,-0.140056,-0.988688,0.10248,1.4,-2.24,0,-79
1787064501693,340162,Thigh,stand,-0.142496,-0.9882,0.103456,1.33,-2.17,0.07,-79
1787064501693,340179,Thigh,stand,-0.142984,-0.988688,0.105408,1.19,-2.17,0.14,-79
1787064501693,340196,Thigh,stand,-0.14396,-0.989664,0.105896,0.98,-2.52,0.28,-79
1787064501693,340214,Thigh,stand,-0.142496,-0.9882,0.106872,0.91,-2.52,0.35,-79
1787064501693,340245,Thigh,stand,-0.141032,-0.99064,0.11224,0.7,-1.75,0.42,-79
1787064501693,340262,Thigh,stand,-0.139568,-0.99308,0.114192,1.05,-1.19,0.21,-79
1787064501693,340279,Thigh,stand,-0.138592,-0.989664,0.110776,1.4,-1.12,0.14,-79
1787064501693,340296,Thigh,stand,-0.13908,-0.989176,0.110288,1.4,-1.61,0.14,-79
1787064501693,340313,Thigh,stand,-0.13908,-0.987712,0.1098,1.33,-1.89,0.14,-79
1787064502050,340488,Thigh,stand,-0.150304,-0.9882,0.10248,1.19,-1.68,0.07,-79
1787064502050,340519,Thigh,stand,-0.148352,-0.9882,0.106384,1.12,-2.73,0.07,-79
1787064502050,340536,Thigh,stand,-0.144936,-0.988688,0.110288,0.98,-3.15,0,-79
1787064502050,340553,Thigh,stand,-0.142984,-0.987712,0.111264,1.12,-3.15,0,-79
1787064502050,340570,Thigh,stand,-0.143472,-0.985272,0.109312,0.84,-3.29,0,-79
1787064502050,340601,Thigh,stand,-0.139568,-0.990152,0.113704,0.84,-3.85,-0.07,-79
1787064502050,340619,Thigh,stand,-0.138592,-0.991128,0.115168,0.91,-3.92,-0.14,-79
1787064502050,340636,Thigh,stand,-0.137616,-0.991128,0.115168,1.12,-3.92,-0.21,-79
1787064502050,340653,Thigh,stand,-0.133712,-0.991128,0.115168,1.26,-3.64,-0.21,-79
1787064502050,340670,Thigh,stand,-0.1342,-0.990152,0.1098,1.33,-2.52,-0.14,-79
1787064502409,340846,Thigh,stand,-0.139568,-0.989664,0.106384,1.26,-2.45,-0.07,-79
1787064502409,340877,Thigh,stand,-0.137616,-0.989176,0.110776,1.47,-1.96,-0.14,-79
1787064502409,340894,Thigh,stand,-0.13908,-0.987712,0.110776,1.61,-1.61,-0.21,-79
1787064502409,340911,Thigh,stand,-0.141032,-0.986248,0.108824,1.54,-1.4,0,-79
1787064502409,340928,Thigh,stand,-0.144936,-0.98576,0.107848,1.4,-1.4,0,-79
1787064502409,340959,Thigh,stand,-0.152256,-0.987712,0.103944,1.68,-1.47,0,-79
1787064502409,340976,Thigh,stand,-0.15372,-0.984784,0.10492,1.54,-2.73,0,-79
1787064502409,340993,Thigh,stand,-0.149816,-0.9882,0.106872,1.05,-3.29,-0.07,-79
1787064502409,341010,Thigh,stand,-0.142984,-0.990152,0.109312,1.33,-3.99,-0.14,-79
1787064502409,341027,Thigh,stand,-0.140056,-0.989176,0.110288,1.33,-3.78,-0.28,-79
1787064502765,341203,Thigh,stand,-0.141032,-0.989176,0.10248,0.91,-3.01,0.21,-79
1787064502765,341234,Thigh,stand,-0.138592,-0.990152,0.107848,0.84,-2.03,0.14,-79
1787064502765,341251,Thigh,stand,-0.138104,-0.989176,0.108336,0.91,-1.75,0.07,-79
1787064502765,341267,Thigh,stand,-0.137128,-0.989664,0.110776,1.12,-1.61,-0.07,-79
1787064502765,341284,Thigh,stand,-0.13664,-0.987712,0.114192,1.05,-1.33,-0.14,-79
1787064502765,341315,Thigh,stand,-0.13908,-0.991616,0.117608,0.98,-0.91,-0.07,-79
1787064502765,341332,Thigh,stand,-0.141032,-0.988688,0.116144,1.19,-0.63,-0.07,-79
1787064502765,341349,Thigh,stand,-0.142008,-0.993568,0.11712,1.26,-0.7,0.14,-79
1787064502765,341366,Thigh,stand,-0.14152,-0.986736,0.111752,1.47,-0.63,-0.07,-79
1787064502765,341383,Thigh,stand,-0.142008,-0.9882,0.11224,1.4,-1.26,-0.35,-79
1787064503123,341560,Thigh,stand,-0.14152,-0.9882,0.101504,1.19,-2.45,-0.28,-78
1787064503123,341592,Thigh,stand,-0.14396,-0.99064,0.10248,1.33,-2.66,-0.28,-78
1787064503123,341609,Thigh,stand,-0.144448,-0.990152,0.103944,1.47,-2.66,-0.21,-78
1787064503123,341626,Thigh,stand,-0.145424,-0.986736,0.10492,1.4,-3.15,-0.14,-78
1787064503123,341643,Thigh,stand,-0.14396,-0.988688,0.106384,1.19,-3.85,-0.07,-78
1787064503123,341673,Thigh,stand,-0.140544,-0.991128,0.10492,1.4,-4.34,-0.21,-78
1787064503123,341690,Thigh,stand,-0.139568,-0.991616,0.104432,1.68,-3.99,-0.28,-78
1787064503123,341707,Thigh,stand,-0.138104,-0.989176,0.107848,1.75,-3.5,-0.21,-78
1787064503123,341724,Thigh,stand,-0.140056,-0.989176,0.108336,1.75,-3.29,-0.21,-78
1787064503123,341741,Thigh,stand,-0.14152,-0.9882,0.10736,1.61,-3.22,-0.21,-78
1787064503480,341917,Thigh,stand,-0.145424,-0.990152,0.104432,1.96,-2.94,-0.42,-78
1787064503480,341948,Thigh,stand,-0.146888,-0.9882,0.101504,1.82,-3.01,-0.63,-78
1787064503480,341965,Thigh,stand,-0.148352,-0.986248,0.102968,1.75,-2.8,-0.63,-78
1787064503480,341982,Thigh,stand,-0.154208,-0.988688,0.103456,1.75,-2.87,-0.42,-78
1787064503480,341999,Thigh,stand,-0.154696,-0.987712,0.103456,1.68,-3.08,-0.07,-78
1787064503480,342030,Thigh,stand,-0.149816,-0.984784,0.103944,0.77,-3.01,0.14,-78
1787064503480,342047,Thigh,stand,-0.147376,-0.98576,0.105408,0.35,-2.94,0.14,-78
1787064503480,342064,Thigh,stand,-0.134688,-0.989664,0.111264,0.35,-2.8,0.21,-78
1787064503480,342081,Thigh,stand,-0.128344,-0.992592,0.120536,-0.21,-1.4,0.35,-78
1787064503480,342097,Thigh,stand,-0.122488,-0.991616,0.129808,1.19,0.21,0,-78
1787064503840,342273,Thigh,stand,-0.15372,-0.986248,0.091744,1.82,-2.94,-0.63,-78
1787064503840,342304,Thigh,stand,-0.15128,-0.987224,0.0976,1.26,-3.36,-0.49,-78
1787064503840,342321,Thigh,stand,-0.14884,-0.9882,0.098088,1.33,-3.57,-0.42,-78
1787064503840,342338,Thigh,stand,-0.148352,-0.991128,0.099552,1.4,-3.64,-0.35,-78
1787064503840,342355,Thigh,stand,-0.145912,-0.9882,0.10248,1.33,-3.43,-0.14,-78
1787064503840,342386,Thigh,stand,-0.139568,-0.989664,0.107848,0.84,-2.38,0.14,-78
1787064503840,342403,Thigh,stand,-0.135664,-0.990152,0.11224,0.91,-2.24,0.07,-78
1787064503840,342420,Thigh,stand,-0.13176,-0.989176,0.115168,1.19,-2.31,-0.07,-78
1787064503840,342437,Thigh,stand,-0.1342,-0.991616,0.115656,1.54,-2.17,-0.35,-78
1787064503840,342454,Thigh,stand,-0.1342,-0.992104,0.117608,1.89,-1.75,-0.35,-78
1787064504195,342630,Thigh,stand,-0.140544,-0.988688,0.110288,1.61,-1.96,-0.35,-78
1787064504195,342661,Thigh,stand,-0.144448,-0.986736,0.113704,1.4,-1.82,-0.14,-78
1787064504195,342678,Thigh,stand,-0.143472,-0.989176,0.112728,1.19,-1.75,0,-78
1787064504195,342695,Thigh,stand,-0.141032,-0.990152,0.111752,1.19,-1.89,0.07,-78
1787064504195,342712,Thigh,stand,-0.138592,-0.990152,0.108824,1.26,-2.31,0,-78
1787064504195,342743,Thigh,stand,-0.134688,-0.9882,0.109312,1.26,-2.59,-0.21,-78
1787064504195,342760,Thigh,stand,-0.133712,-0.988688,0.112728,1.19,-2.17,-0.21,-78
1787064504195,342777,Thigh,stand,-0.137616,-0.990152,0.110288,1.26,-1.68,-0.21,-78
1787064504195,342794,Thigh,stand,-0.139568,-0.990152,0.109312,1.26,-1.82,-0.14,-78
1787064504195,342811,Thigh,stand,-0.142008,-0.988688,0.106872,1.26,-2.03,0,-78
1787064504551,342987,Thigh,stand,-0.135664,-0.990152,0.11224,0.84,-2.17,0.28,-78
1787064504551,343017,Thigh,stand,-0.136152,-0.992592,0.107848,1.33,-1.26,0.21,-78
1787064504551,343034,Thigh,stand,-0.138104,-0.992104,0.10736,1.68,-0.91,0.07,-78
1787064504551,343051,Thigh,stand,-0.14152,-0.987224,0.108336,1.68,-0.91,-0.14,-78
1787064504551,343068,Thigh,stand,-0.144448,-0.987712,0.107848,1.68,-1.47,-0.14,-78
1787064504551,343099,Thigh,stand,-0.15372,-0.988688,0.101992,1.4,-2.59,-0.14,-78
1787064504551,343116,Thigh,stand,-0.154696,-0.9882,0.10248,1.26,-3.22,0.07,-78
1787064504551,343133,Thigh,stand,-0.149816,-0.986248,0.107848,1.05,-3.36,0.14,-78
1787064504551,343150,Thigh,stand,-0.144448,-0.9882,0.110288,0.7,-3.29,0.21,-78
1787064504551,343167,Thigh,stand,-0.13908,-0.989664,0.110776,0.7,-2.94,0.14,-78
1787064504909,343343,Thigh,stand,-0.14152,-0.991616,0.106384,1.26,-2.73,-0.14,-78
1787064504909,343373,Thigh,stand,-0.147864,-0.987224,0.106384,1.12,-2.66,-0.14,-78
1787064504909,343390,Thigh,stand,-0.14884,-0.989176,0.106872,1.05,-2.94,0.07,-78
1787064504909,343407,Thigh,stand,-0.147376,-0.986736,0.105896,1.19,-3.29,0.07,-78
1787064504909,343424,Thigh,stand,-0.144448,-0.988688,0.103944,1.12,-3.57,0.07,-78
1787064504909,343455,Thigh,stand,-0.140056,-0.9882,0.102968,1.12,-3.15,0,-78
1787064504909,343472,Thigh,stand,-0.138592,-0.988688,0.104432,1.12,-3.01,-0.14,-78
1787064504909,343489,Thigh,stand,-0.138592,-0.9882,0.10736,1.26,-2.94,-0.21,-78
1787064504909,343506,Thigh,stand,-0.139568,-0.988688,0.109312,1.33,-2.94,-0.21,-78
1787064504909,343523,Thigh,stand,-0.140056,-0.989176,0.1098,1.4,-2.59,-0.28,-78
1787064505270,343700,Thigh,stand,-0.14152,-0.991616,0.106872,1.47,-3.36,-0.07,-78
1787064505270,343731,Thigh,stand,-0.139568,-0.988688,0.10736,1.19,-3.22,0.14,-78
1787064505270,343748,Thigh,stand,-0.142984,-0.991616,0.111752,1.68,-2.73,0.07,-78
1787064505270,343765,Thigh,stand,-0.142496,-0.98576,0.105896,0.91,-3.01,0.14,-78
1787064505270,343781,Thigh,stand,-0.14152,-0.986736,0.100528,1.33,-2.94,-0.07,-78
1787064505270,343812,Thigh,stand,-0.135664,-0.984296,0.104432,1.47,-2.94,-0.21,-78
1787064505270,343829,Thigh,stand,-0.141032,-0.99064,0.1098,1.4,-1.89,-0.21,-78
1787064505270,343846,Thigh,stand,-0.141032,-0.991616,0.111752,1.12,-0.91,-0.07,-78
1787064505270,343863,Thigh,stand,-0.144936,-0.992104,0.108824,1.12,-0.91,0.07,-78
1787064505270,343880,Thigh,stand,-0.143472,-0.987712,0.10492,1.19,-1.47,0.07,-78
1787064505623,344057,Thigh,stand,-0.14152,-0.989176,0.108824,1.19,-2.87,0.07,-78
1787064505623,344088,Thigh,stand,-0.13664,-0.989176,0.108336,1.19,-2.45,0.07,-78
1787064505623,344105,Thigh,stand,-0.139568,-0.989176,0.108824,1.33,-1.61,0.07,-78
1787064505623,344122,Thigh,stand,-0.14396,-0.989664,0.107848,1.33,-1.33,0.07,-78
1787064505623,344139,Thigh,stand,-0.145424,-0.989176,0.108336,1.12,-2.17,0,-78
1787064505623,344170,Thigh,stand,-0.142496,-0.986736,0.102968,0.84,-3.99,0,-78
1787064505623,344186,Thigh,stand,-0.138592,-0.9882,0.104432,0.91,-4.06,0.07,-78
1787064505623,344203,Thigh,stand,-0.136152,-0.989664,0.101992,1.19,-3.85,0,-78
1787064505623,344220,Thigh,stand,-0.13664,-0.988688,0.104432,1.26,-2.8,0.14,-78
1787064505623,344237,Thigh,stand,-0.138592,-0.991128,0.104432,1.4,-1.82,0.14,-78
1787064505981,344411,Thigh,stand,-0.142008,-0.991616,0.104432,0.98,-3.36,-0.28,-78
1787064505981,344442,Thigh,stand,-0.147376,-0.989664,0.101504,1.54,-2.8,-0.21,-78
1787064505981,344459,Thigh,stand,-0.146888,-0.9882,0.101504,1.47,-2.31,-0.14,-78
1787064505981,344476,Thigh,stand,-0.14884,-0.989176,0.10492,1.26,-1.75,0.07,-78
1787064505981,344493,Thigh,stand,-0.154696,-0.9882,0.105408,0.98,-1.96,0.21,-78
1787064505981,344524,Thigh,stand,-0.143472,-0.987712,0.106872,0.63,-3.36,0.14,-78
1787064505981,344541,Thigh,stand,-0.140056,-0.989664,0.105408,1.19,-3.57,0,-78
1787064505981,344558,Thigh,stand,-0.143472,-0.987224,0.104432,1.47,-3.29,-0.14,-78
1787064505981,344575,Thigh,stand,-0.144936,-0.989176,0.106872,1.12,-2.73,-0.07,-78
1787064505981,344591,Thigh,stand,-0.144936,-0.989664,0.105408,1.19,-2.73,-0.07,-78
1787064506403,344828,Thigh,stand,-0.145424,-0.989664,0.094672,1.26,-4.83,-0.14,-83
1787064506403,344859,Thigh,stand,-0.150792,-0.988688,0.113216,0.7,-5.11,0.21,-83
1787064506403,344876,Thigh,stand,-0.128832,-0.994056,0.111264,0,-3.43,0.7,-83
1787064506403,344893,Thigh,stand,-0.11956,-0.994544,0.088328,0.98,-1.47,0.7,-83
1787064506403,344910,Thigh,stand,-0.122976,-0.990152,0.104432,1.82,-0.35,0.56,-83
1787064506403,344941,Thigh,stand,-0.147376,-0.983808,0.108824,2.03,1.4,0,-83
1787064506403,344958,Thigh,stand,-0.155672,-0.98332,0.103944,1.89,1.61,-0.14,-83
1787064506403,344975,Thigh,stand,-0.159088,-0.984296,0.096136,1.82,0,-0.14,-83
1787064506403,344991,Thigh,stand,-0.154696,-0.987712,0.094184,1.05,-2.45,0.14,-83
1787064506403,345008,Thigh,stand,-0.147376,-0.992592,0.092232,1.4,-3.08,-0.07,-83
1787064506755,345184,Thigh,stand,-0.144936,-0.992592,0.106872,0.7,-5.39,-0.56,-83
1787064506755,345215,Thigh,stand,-0.129808,-0.994544,0.108824,1.4,-3.01,-0.42,-83
1787064506755,345232,Thigh,stand,-0.145912,-0.982344,0.11224,2.59,-2.73,-0.7,-83
1787064506755,345249,Thigh,stand,-0.137616,-0.9882,0.128344,0.77,-1.19,-0.56,-83
1787064506755,345266,Thigh,stand,-0.129808,-0.99308,0.108336,1.12,0.28,-0.42,-83
1787064506755,345297,Thigh,stand,-0.145912,-0.990152,0.106872,1.4,-1.05,-0.63,-83
1787064506755,345314,Thigh,stand,-0.147864,-0.991128,0.100528,0.7,-1.75,0,-83
1787064506755,345331,Thigh,stand,-0.144448,-0.9882,0.096624,0.7,-5.04,0.28,-83
1787064506755,345348,Thigh,stand,-0.13664,-0.991128,0.110288,1.47,-4.41,0.14,-83
1787064506755,345365,Thigh,stand,-0.135664,-0.9882,0.121512,1.75,-1.19,-0.21,-83
1787064507112,345540,Thigh,stand,-0.155184,-0.987712,0.094184,1.47,-2.66,0.21,-83
1787064507112,345571,Thigh,stand,-0.146888,-0.988688,0.0976,1.12,-1.89,0.14,-83
1787064507112,345588,Thigh,stand,-0.147376,-0.987224,0.096624,1.4,-1.68,0.07,-83
1787064507112,345605,Thigh,stand,-0.15372,-0.989176,0.09516,1.54,-1.82,0.21,-83
1787064507112,345622,Thigh,stand,-0.156648,-0.990152,0.098088,1.54,-2.1,0.21,-83
1787064507112,345653,Thigh,stand,-0.16348,-0.982344,0.103944,1.05,-2.45,0.07,-83
1787064507112,345670,Thigh,stand,-0.156648,-0.984784,0.10736,0.7,-2.87,0.07,-83
1787064507112,345688,Thigh,stand,-0.149328,-0.991128,0.105408,0.77,-3.57,0.07,-83
1787064507112,345705,Thigh,stand,-0.149816,-0.986736,0.104432,1.4,-4.2,0,-83
1787064507112,345722,Thigh,stand,-0.152744,-0.986248,0.100528,1.47,-4.9,-0.07,-83
1787064507471,345897,Thigh,stand,-0.135664,-0.992104,0.102968,0.77,-3.78,0,-72
1787064507471,345928,Thigh,stand,-0.140056,-0.989176,0.108824,1.33,-2.1,0.07,-72
1787064507471,345945,Thigh,stand,-0.141032,-0.9882,0.10736,1.12,-1.89,0.28,-72
1787064507471,345962,Thigh,stand,-0.144448,-0.986248,0.104432,0.91,-2.52,0.56,-72
1787064507471,345979,Thigh,stand,-0.145424,-0.989176,0.101504,0.77,-3.15,0.56,-72
1787064507471,346010,Thigh,stand,-0.146888,-0.987712,0.10492,1.19,-3.01,0.42,-72
1787064507471,346027,Thigh,stand,-0.14884,-0.988688,0.101504,0.98,-3.15,0.35,-72
1787064507471,346044,Thigh,stand,-0.147376,-0.987712,0.100528,1.33,-3.15,0.14,-72
1787064507471,346061,Thigh,stand,-0.1464,-0.986736,0.101016,1.4,-1.82,0,-72
1787064507471,346078,Thigh,stand,-0.149328,-0.986736,0.10004,1.47,-1.26,-0.07,-72
1787064507828,346253,Thigh,stand,-0.149816,-0.9882,0.107848,0.49,-2.52,0.21,-72
1787064507828,346283,Thigh,stand,-0.149816,-0.989176,0.10736,0.56,-3.78,0.21,-72
1787064507828,346300,Thigh,stand,-0.153232,-0.986736,0.096624,0.7,-4.06,0.28,-72
1787064507828,346317,Thigh,stand,-0.147864,-0.990152,0.10004,1.05,-3.78,0.21,-72
1787064507828,346334,Thigh,stand,-0.149816,-0.99064,0.098088,0.7,-3.85,0.21,-72
1787064507828,346365,Thigh,stand,-0.14396,-0.992104,0.091744,0.63,-3.71,0.28,-72
1787064507828,346382,Thigh,stand,-0.14396,-0.992592,0.091744,1.54,-2.17,0.35,-72
1787064507828,346399,Thigh,stand,-0.155184,-0.987224,0.087352,1.54,-1.54,0.21,-72
1787064507828,346416,Thigh,stand,-0.16348,-0.986248,0.077104,1.26,-1.54,0.21,-72
1787064507828,346433,Thigh,stand,-0.16348,-0.987224,0.084912,0.84,-2.66,0.07,-72
1787064508183,346608,Thigh,stand,-0.152744,-0.984296,0.099552,1.26,-0.91,0,-72
1787064508183,346639,Thigh,stand,-0.15128,-0.982344,0.096624,1.61,-1.19,0,-72
1787064508183,346656,Thigh,stand,-0.14884,-0.984296,0.0976,1.33,-0.98,-0.07,-72
1787064508183,346673,Thigh,stand,-0.14884,-0.99064,0.095648,1.4,-1.19,0,-72
1787064508183,346690,Thigh,stand,-0.148352,-0.978928,0.084424,1.89,-2.8,-0.07,-72
1787064508183,346721,Thigh,stand,-0.132736,-0.999424,0.098576,1.47,-1.96,-0.77,-72
1787064508183,346738,Thigh,stand,-0.137128,-0.9882,0.108336,1.96,1.12,-0.35,-72
1787064508183,346755,Thigh,stand,-0.145424,-0.987224,0.102968,1.26,2.52,0.07,-72
1787064508183,346772,Thigh,stand,-0.151768,-0.989664,0.0976,1.12,1.75,0.49,-72
1787064508183,346789,Thigh,stand,-0.150304,-0.9882,0.095648,1.4,1.54,0.35,-72
1787064508547,346964,Thigh,stand,-0.161528,-0.976976,0.073688,-0.42,1.68,1.12,-73
1787064508547,346995,Thigh,stand,-0.17812,-0.996496,0.065392,0.56,1.96,0.49,-73
1787064508547,347012,Thigh,stand,-0.201056,-0.999912,0.059048,1.82,0.14,0.35,-73
1787064508547,347029,Thigh,stand,-0.205936,-0.986248,0.049776,2.94,-3.15,-0.07,-73
1787064508547,347045,Thigh,stand,-0.205448,-0.982344,0.050264,2.52,-6.79,-0.7,-73
1787064508547,347076,Thigh,stand,-0.198128,-0.97356,0.057096,2.24,-11.55,-1.12,-73
1787064508547,347093,Thigh,stand,-0.191296,-0.985272,0.059048,1.26,-13.93,-1.26,-73
1787064508547,347110,Thigh,stand,-0.169824,-0.9882,0.064904,1.19,-14.42,-1.54,-73
1787064508547,347127,Thigh,stand,-0.150792,-0.987224,0.085888,0.98,-14,-1.61,-73
1787064508547,347144,Thigh,stand,-0.145912,-0.991616,0.090768,1.89,-11.69,-1.4,-73
1787064508907,347322,Thigh,stand,-0.00732,-1.003816,0.1586,1.68,-5.74,7.91,-73
1787064508907,347353,Thigh,stand,-0.099552,-0.929152,0.166408,-1.19,-9.66,5.88,-73
1787064508907,347370,Thigh,stand,-0.116632,-0.998936,0.23424,-5.88,-4.2,4.34,-73
1787064508907,347387,Thigh,stand,-0.126392,-1.072624,0.277672,-4.69,6.72,3.01,-73
1787064508907,347404,Thigh,stand,-0.137616,-1.071648,0.250344,-2.66,10.99,2.17,-73
1787064508907,347434,Thigh,stand,-0.177144,-0.938424,0.109312,2.59,6.93,0.77,-73
1787064508907,347451,Thigh,stand,-0.17324,-0.93452,0.0976,-16.94,6.93,0.14,-73
1787064508907,347468,Thigh,stand,-0.182512,-0.964288,0.089304,-2.66,8.26,0.07,-73
1787064508907,347485,Thigh,stand,-0.227408,-0.987224,0.069784,-3.57,9.45,1.33,-73
1787064508907,347502,Thigh,stand,-0.276208,-0.976488,0.057584,-2.24,3.85,3.29,-73
1787064509259,347679,Thigh,stand,-0.239608,-0.976,0.048312,-0.63,-12.81,0.63,-73
1787064509259,347710,Thigh,stand,-0.16348,-0.98332,0.077592,-1.05,-13.16,1.26,-73
1787064509259,347727,Thigh,stand,-0.154208,-0.99064,0.081496,-0.42,-8.26,1.05,-73
1787064509259,347744,Thigh,stand,-0.152744,-1.001376,0.080032,0.35,-5.81,0.56,-73
1787064509259,347761,Thigh,stand,-0.159576,-0.99796,0.077104,1.89,-2.52,-0.21,-73
1787064509259,347792,Thigh,stand,-0.179584,-0.992104,0.077592,3.43,-1.47,-1.89,-73
1787064509259,347809,Thigh,stand,-0.189832,-0.97844,0.077104,3.64,-2.45,-2.24,-73
1787064509259,347826,Thigh,stand,-0.20008,-0.976976,0.077592,3.36,-3.36,-2.31,-73
1787064509259,347842,Thigh,stand,-0.195688,-0.977952,0.08052,2.52,-3.64,-1.96,-73
1787064509259,347859,Thigh,stand,-0.193736,-0.986248,0.08784,2.73,-2.87,-1.47,-73
1787064509623,348037,Thigh,stand,-0.174704,-0.982832,0.098088,1.68,-5.67,-0.63,-73
1787064509623,348069,Thigh,stand,-0.155184,-0.984296,0.09516,1.68,-6.3,-0.84,-73
1787064509623,348086,Thigh,stand,-0.155184,-0.98576,0.096136,1.75,-4.62,-0.91,-73
1787064509623,348103,Thigh,stand,-0.157136,-0.984296,0.09516,1.61,-3.71,-0.98,-73
1787064509623,348120,Thigh,stand,-0.162016,-0.989664,0.096136,2.1,-2.38,-0.84,-73
1787064509623,348151,Thigh,stand,-0.167872,-0.979904,0.091744,1.26,-1.12,-0.49,-73
1787064509623,348168,Thigh,stand,-0.169824,-0.981368,0.097112,0.84,-1.4,-0.35,-73
1787064509623,348185,Thigh,stand,-0.175192,-0.986736,0.093696,1.26,-1.19,-0.14,-73
1787064509623,348202,Thigh,stand,-0.182024,-0.988688,0.094672,1.19,-1.4,-0.21,-73
1787064509623,348219,Thigh,stand,-0.181536,-0.989176,0.092232,1.26,-2.17,0.07,-73
1787064509986,348395,Thigh,stand,-0.184464,-0.984784,0.08052,0.84,-1.4,0.21,-87
1787064509986,348426,Thigh,stand,-0.182512,-0.986248,0.083448,0.91,-3.36,0.07,-87
1787064509986,348443,Thigh,stand,-0.183488,-0.991128,0.079544,1.19,-3.36,0.07,-87
1787064509986,348460,Thigh,stand,-0.184952,-0.974536,0.072712,1.47,-4.13,0.14,-87
1787064509986,348477,Thigh,stand,-0.186904,-0.977464,0.07808,0.56,-4.48,0.35,-87
1787064509986,348508,Thigh,stand,-0.16836,-0.989176,0.0976,-0.21,-3.22,0.56,-87
1787064509986,348525,Thigh,stand,-0.162992,-0.987712,0.099064,0.49,-1.33,0.7,-87
1787064509986,348542,Thigh,stand,-0.163968,-0.991128,0.091744,1.4,-0.91,0.77,-87
1787064509986,348559,Thigh,stand,-0.167384,-0.991128,0.086864,1.47,-1.05,0.49,-87
1787064509986,348576,Thigh,stand,-0.173728,-0.989176,0.076616,1.75,-1.05,0.42,-87
1787064510336,348752,Thigh,stand,-0.177144,-0.98576,0.073688,1.75,-3.57,0.14,-87
1787064510336,348783,Thigh,stand,-0.187392,-0.980392,0.071248,2.17,-2.24,-0.21,-87
1787064510336,348800,Thigh,stand,-0.201056,-0.982832,0.066856,2.17,-2.45,-0.49,-87
1787064510336,348817,Thigh,stand,-0.203496,-0.979904,0.066856,1.68,-3.29,-0.63,-87
1787064510336,348834,Thigh,stand,-0.201056,-0.979904,0.068808,1.12,-3.85,-0.49,-87
1787064510336,348865,Thigh,stand,-0.190808,-0.98088,0.075152,1.54,-3.64,-0.28,-87
1787064510336,348882,Thigh,stand,-0.19032,-0.981368,0.075152,1.82,-3.36,-0.35,-87
1787064510336,348899,Thigh,stand,-0.19276,-0.981368,0.074664,1.54,-3.15,-0.35,-87
1787064510336,348916,Thigh,stand,-0.191296,-0.982344,0.078568,0.91,-2.87,-0.21,-87
1787064510336,348933,Thigh,stand,-0.189832,-0.981368,0.0854,0.91,-2.87,-0.28,-87
1787064510691,349110,Thigh,stand,-0.171776,-0.9882,0.093208,1.19,-1.89,-0.35,-87
1787064510691,349141,Thigh,stand,-0.179096,-0.983808,0.0854,1.61,-2.8,-0.07,-87
1787064510691,349159,Thigh,stand,-0.173728,-0.983808,0.082472,1.47,-3.29,-0.14,-87
1787064510691,349176,Thigh,stand,-0.16592,-0.985272,0.076128,1.47,-3.22,-0.28,-87
1787064510691,349193,Thigh,stand,-0.163968,-0.984784,0.076616,1.68,-2.59,-0.56,-87
1787064510691,349210,Thigh,stand,-0.167872,-0.98576,0.08052,1.61,-2.1,-0.56,-87
1787064510691,349241,Thigh,stand,-0.183488,-0.985272,0.081984,1.61,-1.47,-0.35,-87
1787064510691,349258,Thigh,stand,-0.187392,-0.981368,0.083936,1.47,-1.68,-0.28,-87
1787064510691,349275,Thigh,stand,-0.17812,-0.984296,0.082472,1.33,-2.38,0,-87
1787064510691,349292,Thigh,stand,-0.172752,-0.983808,0.081008,1.4,-2.66,0.14,-87
1787064511054,349468,Thigh,stand,-0.178608,-0.987712,0.089304,1.68,-2.38,-0.07,-87
1787064511054,349498,Thigh,stand,-0.176168,-0.98332,0.08784,2.1,-2.1,-0.35,-87
1787064511054,349515,Thigh,stand,-0.17568,-0.97844,0.086864,1.82,-1.96,-0.35,-87
1787064511054,349532,Thigh,stand,-0.174216,-0.98332,0.089792,1.68,-1.75,-0.28,-87
1787064511054,349549,Thigh,stand,-0.179584,-0.98576,0.083448,2.24,-0.98,-0.49,-87
1787064511054,349580,Thigh,stand,-0.199104,-0.982344,0.07808,2.1,-1.54,-0.28,-87
1787064511054,349597,Thigh,stand,-0.19764,-0.979904,0.07808,1.61,-2.66,-0.21,-87
1787064511054,349614,Thigh,stand,-0.189832,-0.981368,0.08296,1.19,-3.5,-0.14,-87
1787064511054,349631,Thigh,stand,-0.174704,-0.98088,0.089792,0.63,-3.29,-0.07,-87
1787064511054,349648,Thigh,stand,-0.169336,-0.98332,0.09028,1.26,-2.17,0.07,-87
1787064511407,349824,Thigh,stand,-0.169824,-0.986248,0.088328,1.33,-2.73,-0.28,-79
1787064511407,349855,Thigh,stand,-0.171288,-0.983808,0.088816,1.33,-2.17,-0.21,-79
1787064511407,349872,Thigh,stand,-0.171776,-0.986736,0.088328,1.33,-2.24,-0.21,-79
1787064511407,349889,Thigh,stand,-0.17324,-0.984296,0.08784,1.68,-1.96,-0.14,-79
1787064511407,349906,Thigh,stand,-0.177144,-0.98576,0.088328,1.75,-2.38,-0.28,-79
1787064511407,349936,Thigh,stand,-0.179096,-0.979904,0.086376,1.61,-3.57,-0.35,-79
1787064511407,349953,Thigh,stand,-0.18056,-0.983808,0.083448,1.33,-3.92,-0.28,-79
1787064511407,349970,Thigh,stand,-0.18056,-0.984784,0.08296,1.19,-4.27,-0.21,-79
1787064511407,349987,Thigh,stand,-0.176656,-0.984784,0.0854,1.26,-4.27,-0.14,-79
1787064511407,350004,Thigh,stand,-0.174704,-0.982832,0.083936,1.26,-3.71,-0.07,-79
1787064511767,350181,Thigh,stand,-0.179096,-0.983808,0.08784,1.89,-1.61,-0.28,-79
1787064511767,350212,Thigh,stand,-0.184464,-0.981856,0.081496,1.61,-1.33,-0.21,-79
1787064511767,350229,Thigh,stand,-0.188856,-0.98576,0.077592,1.68,-1.61,0,-79
1787064511767,350246,Thigh,stand,-0.19276,-0.984296,0.079544,1.61,-2.03,0.07,-79
1787064511767,350263,Thigh,stand,-0.193248,-0.98576,0.08052,1.61,-2.8,0.28,-79
1787064511767,350294,Thigh,stand,-0.184952,-0.979904,0.076616,0.84,-4.55,0.14,-79
1787064511767,350310,Thigh,stand,-0.180072,-0.977952,0.076128,0.35,-5.11,0.56,-79
1787064511767,350327,Thigh,stand,-0.178608,-0.986248,0.08052,0.56,-5.32,0.49,-79
1787064511767,350344,Thigh,stand,-0.17812,-0.986248,0.081496,0.77,-5.18,0.42,-79
1787064511767,350361,Thigh,stand,-0.168848,-0.972584,0.088816,1.19,-5.04,0.21,-79
1787064512123,350537,Thigh,stand,-0.184952,-0.980392,0.10004,2.03,1.47,-0.21,-79
1787064512123,350568,Thigh,stand,-0.175192,-0.981368,0.099552,1.19,1.54,0,-79
1787064512123,350585,Thigh,stand,-0.1708,-0.983808,0.096624,1.12,1.4,-0.14,-79
1787064512123,350602,Thigh,stand,-0.168848,-0.97844,0.085888,1.47,1.26,-0.35,-79
1787064512123,350619,Thigh,stand,-0.18544,-0.97844,0.076128,1.12,0.56,-0.49,-79
1787064512123,350650,Thigh,stand,-0.193736,-0.99064,0.080032,1.61,-1.19,-0.28,-79
1787064512123,350667,Thigh,stand,-0.186416,-0.984784,0.081496,1.61,-2.03,-0.21,-79
1787064512123,350684,Thigh,stand,-0.174216,-0.984784,0.084912,0.7,-2.94,-0.35,-79
1787064512123,350701,Thigh,stand,-0.160552,-0.993568,0.081984,1.61,-3.5,-0.56,-79
1787064512123,350718,Thigh,stand,-0.1586,-0.99064,0.082472,2.45,-1.61,-0.98,-79
1787064512476,350893,Thigh,stand,-0.05856,-0.979416,0.110776,-21.49,38.99,0.35,-81
1787064512476,350924,Thigh,stand,-0.11224,-0.903776,0.122,-0.49,2.31,4.41,-81
1787064512476,350941,Thigh,stand,-0.1342,-1.045296,0.130784,7,8.61,6.37,-81
1787064512476,350958,Thigh,stand,-0.167872,-0.938912,0.093208,3.92,7.98,2.94,-81
1787064512476,350975,Thigh,stand,-0.174704,-1.003816,0.120536,7.91,2.87,0,-81
1787064512476,351006,Thigh,stand,-0.20008,-0.971608,0.094672,2.45,5.11,0.91,-81
1787064512476,351023,Thigh,stand,-0.210816,-0.967704,0.101016,0.49,2.17,0.07,-81
1787064512476,351040,Thigh,stand,-0.210816,-0.97844,0.106872,0.63,1.05,-0.49,-81
1787064512476,351057,Thigh,stand,-0.210328,-0.977464,0.092232,0.49,0.49,-0.84,-81
1787064512476,351074,Thigh,stand,-0.213744,-0.989664,0.081496,0.14,-1.96,-2.38,-81
1787064512839,351248,Thigh,stand,-0.191296,-1.006256,0.052704,3.71,-10.78,-1.89,-81
1787064512839,351279,Thigh,stand,-0.185928,-0.988688,0.05856,2.52,-13.86,-1.96,-81
1787064512839,351296,Thigh,stand,-0.183,-0.987224,0.060512,3.5,-16.1,-1.96,-81
1787064512839,351313,Thigh,stand,-0.173728,-0.986736,0.061976,3.01,-17.08,-1.68,-81
1787064512839,351330,Thigh,stand,-0.154208,-0.984784,0.065392,3.36,-18.55,-1.68,-81
1787064512839,351361,Thigh,stand,-0.123952,-0.970632,0.072712,2.8,-17.43,-1.75,-81
1787064512839,351378,Thigh,stand,-0.105896,-0.987224,0.088816,3.15,-15.82,-1.68,-81
1787064512839,351395,Thigh,stand,-0.105408,-0.985272,0.098088,3.92,-10.5,-1.54,-81
1787064512839,351412,Thigh,stand,-0.12444,-0.979904,0.10248,4.55,-5.6,-1.19,-81
1787064512839,351429,Thigh,stand,-0.13908,-0.981368,0.105408,4.13,-3.08,-0.84,-81
1787064513192,351606,Thigh,stand,-0.156648,-0.989664,0.1464,0.56,0.84,0.42,-81
1787064513192,351637,Thigh,stand,-0.14152,-0.991128,0.1464,0.07,2.38,0.28,-81
1787064513192,351654,Thigh,stand,-0.14152,-0.9882,0.14152,0.35,4.48,0.21,-81
1787064513192,351671,Thigh,stand,-0.150304,-0.99308,0.122976,0.21,5.39,0,-81
1787064513192,351688,Thigh,stand,-0.162992,-0.991128,0.110776,1.05,5.74,0.14,-81
1787064513192,351719,Thigh,stand,-0.172264,-0.981856,0.10492,-0.07,4.69,0.49,-81
1787064513192,351736,Thigh,stand,-0.167384,-0.984296,0.101504,-0.7,3.99,0.7,-81
1787064513192,351753,Thigh,stand,-0.161528,-0.984784,0.093208,-0.63,4.13,0.77,-81
1787064513192,351770,Thigh,stand,-0.157624,-0.986248,0.093208,-0.35,4.62,1.05,-81
1787064513192,351787,Thigh,stand,-0.15616,-0.985272,0.09272,-0.21,4.9,1.33,-81
1787064513549,351962,Thigh,stand,-0.182024,-0.98576,0.07564,0.28,-5.18,1.05,-81
1787064513549,351993,Thigh,stand,-0.179584,-0.977464,0.079544,0,-3.29,0.77,-81
1787064513549,352010,Thigh,stand,-0.186416,-0.981856,0.081984,0,-3.15,0.91,-81
1787064513549,352027,Thigh,stand,-0.189344,-0.98576,0.093208,-0.07,-2.45,1.26,-81
1787064513549,352044,Thigh,stand,-0.189344,-0.981856,0.091256,-0.07,-2.8,1.82,-81
1787064513549,352075,Thigh,stand,-0.177144,-0.9882,0.090768,-0.07,-4.34,1.68,-81
1787064513549,352092,Thigh,stand,-0.16348,-0.985272,0.089304,0.28,-4.13,1.26,-81
1787064513549,352109,Thigh,stand,-0.162992,-0.986248,0.089792,0.56,-3.08,0.63,-81
1787064513549,352126,Thigh,stand,-0.167872,-0.989176,0.089792,0.63,-2.66,0.42,-81
1787064513549,352143,Thigh,stand,-0.179584,-0.992104,0.088816,0.91,-2.03,0.21,-81
1787064513920,352319,Thigh,stand,-0.20252,-0.984296,0.07564,1.68,-4.97,-1.26,-81
1787064513920,352349,Thigh,stand,-0.188368,-0.986736,0.081984,1.96,-3.15,-2.17,-81
1787064513920,352367,Thigh,stand,-0.194224,-0.989664,0.081496,2.52,-1.19,-2.66,-81
1787064513920,352383,Thigh,stand,-0.203008,-0.989176,0.078568,2.66,-0.07,-2.87,-81
1787064513920,352400,Thigh,stand,-0.215208,-0.987224,0.076616,2.8,-0.07,-2.94,-81
1787064513920,352431,Thigh,stand,-0.20984,-0.985272,0.075152,2.8,-1.12,-3.43,-81
1787064513920,352448,Thigh,stand,-0.203984,-0.992592,0.0732,3.01,-1.33,-3.64,-81
1787064513920,352465,Thigh,stand,-0.194712,-0.9882,0.07564,3.29,-1.82,-3.99,-81
1787064513920,352482,Thigh,stand,-0.189344,-0.989176,0.077592,3.15,-2.03,-4.2,-81
1787064513920,352499,Thigh,stand,-0.184952,-0.989176,0.079544,3.29,-3.01,-4.2,-81
1787064514268,352678,Thigh,stand,-0.116632,-0.987224,0.108824,0.42,-5.95,-0.84,-81
1787064514268,352709,Thigh,stand,-0.108336,-0.99064,0.110288,-0.14,-3.43,0,-81
1787064514268,352726,Thigh,stand,-0.107848,-0.986736,0.112728,-0.63,-2.17,0.77,-81
1787064514268,352743,Thigh,stand,-0.103456,-0.993568,0.11468,-0.98,-1.75,1.4,-81
1787064514268,352759,Thigh,stand,-0.100528,-0.991128,0.125416,-0.21,0.42,1.75,-81
1787064514268,352790,Thigh,stand,-0.11712,-0.979904,0.127368,-0.63,2.31,3.08,-81
1787064514268,352807,Thigh,stand,-0.11956,-0.978928,0.133712,-1.68,1.89,3.22,-81
1787064514268,352824,Thigh,stand,-0.11712,-0.98576,0.138104,-2.03,1.82,3.57,-81
1787064514268,352841,Thigh,stand,-0.120048,-0.986736,0.135176,-2.73,2.45,4.55,-81
1787064514268,352858,Thigh,stand,-0.127368,-0.981368,0.137128,-2.52,2.94,5.6,-81
1787064514628,353035,Thigh,stand,-0.188856,-0.983808,0.081984,-6.51,1.12,13.51,-81
1787064514628,353066,Thigh,stand,-0.196664,-1.002352,0.0488,-4.34,-0.35,11.83,-81
1787064514628,353083,Thigh,stand,-0.211304,-0.987224,0.044408,-4.2,-0.14,11.34,-81
1787064514628,353100,Thigh,stand,-0.232776,-0.974048,0.037088,-5.25,0,10.22,-81
1787064514628,353117,Thigh,stand,-0.255224,-0.971608,0.023424,-6.3,-1.26,9.17,-81
1787064514628,353148,Thigh,stand,-0.286944,-0.969168,0.018056,-5.74,-4.9,9.17,-81
1787064514628,353165,Thigh,stand,-0.295728,-0.976488,0.009272,-5.95,-7.7,9.17,-81
1787064514628,353181,Thigh,stand,-0.286456,-0.96624,0.004392,-5.88,-9.38,9.17,-81
1787064514628,353198,Thigh,stand,-0.279136,-0.963312,-0.006832,-6.23,-9.8,8.68,-81
1787064514628,353215,Thigh,stand,-0.281576,-0.959896,-0.017568,-5.6,-10.36,8.19,-81
1787064514988,353394,Thigh,stand,-0.246928,-0.974536,-0.013176,3.5,-8.05,-3.43,-81
1787064514988,353425,Thigh,stand,-0.249856,-0.980392,-0.006344,5.39,-6.3,-5.25,-81
1787064514988,353442,Thigh,stand,-0.252784,-0.99064,0.00976,5.88,-5.95,-5.81,-81
1787064514988,353459,Thigh,stand,-0.250832,-0.988688,0.021472,7.35,-5.81,-6.93,-81
1787064514988,353476,Thigh,stand,-0.244,-0.981856,0.018056,8.89,-7,-8.54,-81
1787064514988,353508,Thigh,stand,-0.232776,-0.975024,0.015128,10.57,-8.4,-11.06,-81
1787064514988,353525,Thigh,stand,-0.225944,-0.973072,0.028792,10.71,-7.77,-12.11,-81
1787064514988,353542,Thigh,stand,-0.225456,-0.99064,0.042456,10.71,-7.28,-12.6,-81
1787064514988,353559,Thigh,stand,-0.224968,-0.98332,0.055144,12.04,-6.23,-13.23,-81
1787064514988,353576,Thigh,stand,-0.227408,-0.982344,0.057096,12.18,-6.09,-13.65,-81
