pc_timestamp,arduino_ms,node_position,activity,ax,ay,az,gx,gy,gz,rssi
1787066593737,377831,Knee,walk,-0.128344,0.984296,-0.016104,-0.42,-7.35,-1.68,-54
1787066593737,377848,Knee,walk,-0.134688,0.98576,-0.016104,-0.63,-9.66,-1.75,-54
1787066593737,377879,Knee,walk,-0.116144,0.988688,-0.009272,-0.42,-11.83,-1.89,-54
1787066593737,377896,Knee,walk,-0.108824,0.986248,-0.002928,-0.63,-11.55,-2.1,-54
1787066593737,377913,Knee,walk,-0.106872,0.986736,0.001464,-0.77,-10.5,-2.45,-54
1787066593737,377930,Knee,walk,-0.109312,0.987712,0.000976,-0.98,-9.24,-2.87,-54
1787066593737,377947,Knee,walk,-0.108824,0.987712,0.001464,-1.19,-8.54,-3.29,-54
1787066593737,377978,Knee,walk,-0.105896,0.987224,-0.000976,-1.26,-7.84,-3.85,-54
1787066593737,377995,Knee,walk,-0.10492,0.9882,0.006344,-1.19,-8.12,-4.27,-54
1787066593737,378012,Knee,walk,-0.106384,0.98576,0.010248,-1.19,-8.26,-4.27,-54
1787066594098,378191,Knee,walk,-0.04636,0.982344,0.097112,-0.28,-4.34,-16.31,-54
1787066594098,378222,Knee,walk,-0.005368,0.986248,0.174704,0.7,-8.75,-21.07,-54
1787066594098,378239,Knee,walk,-0.001464,0.976488,0.194224,2.17,-10.78,-24.99,-54
1787066594098,378256,Knee,walk,-0.023424,0.968192,0.218136,6.44,-11.55,-27.09,-54
1787066594098,378273,Knee,walk,-0.074664,0.968192,0.210816,10.71,-13.44,-30.87,-54
1787066594098,378304,Knee,walk,-0.220088,0.977952,0.12932,15.96,-15.19,-35.63,-54
1787066594098,378321,Knee,walk,-0.303536,1.013576,0.05612,20.37,-21.7,-36.61,-54
1787066594098,378338,Knee,walk,-0.325008,1.052616,0.005368,22.89,-29.4,-36.19,-54
1787066594098,378355,Knee,walk,-0.29768,1.089704,-0.019032,23.8,-35.84,-34.44,-54
1787066594098,378372,Knee,walk,-0.268888,1.086776,-0.020984,23.1,-37.59,-31.22,-54
1787066594472,378553,Knee,walk,-0.233752,0.940376,-0.023912,-42.07,-3.64,65.87,-54
1787066594472,378584,Knee,walk,-0.266936,0.955992,0.00732,-49.49,-5.32,73.92,-54
1787066594472,378601,Knee,walk,-0.264984,0.962824,0.02928,-51.03,-13.37,77.35,-54
1787066594472,378618,Knee,walk,-0.25132,0.965752,0.040504,-52.01,-23.8,78.68,-54
1787066594472,378635,Knee,walk,-0.228872,0.950624,0.064416,-51.59,-28.91,78.89,-54
1787066594472,378666,Knee,walk,-0.157624,0.934032,0.11224,-41.65,-49.28,74.69,-54
1787066594472,378683,Knee,walk,-0.096136,0.937448,0.126392,-39.9,-52.36,70.91,-54
1787066594472,378700,Knee,walk,-0.023912,0.925248,0.142984,-34.65,-54.18,68.18,-54
1787066594472,378716,Knee,walk,0.05612,0.926224,0.162016,-29.4,-50.89,59.71,-54
1787066594472,378747,Knee,walk,0.142008,0.913048,0.192272,-21.42,-37.52,41.02,-54
1787066594833,378926,Knee,walk,0.5002,1.148752,0.230336,26.74,5.25,-8.26,-54
1787066594833,378957,Knee,walk,-0.00732,0.985272,0.26352,30.45,78.12,-22.47,-54
1787066594833,378974,Knee,walk,-0.28548,0.948672,0.15616,29.33,73.99,-22.4,-54
1787066594833,378991,Knee,walk,-0.264496,0.907192,0.118584,28.35,53.76,-23.38,-54
1787066594833,379008,Knee,walk,-0.145912,0.991616,-0.017568,31.22,33.88,-21.49,-54
1787066594833,379039,Knee,walk,-0.028792,0.971608,-0.032696,27.79,11.83,-11.27,-54
1787066594833,379056,Knee,walk,-0.084912,0.977464,0.00732,28.35,2.17,-8.75,-54
1787066594833,379073,Knee,walk,-0.121512,1.00284,0.01464,30.17,-9.66,-10.78,-54
1787066594833,379090,Knee,walk,-0.086864,1.012112,0.018056,29.4,-17.29,-12.46,-54
1787066594833,379107,Knee,walk,0.024888,0.998448,0.030744,29.33,-17.29,-12.81,-54
1787066595193,379286,Knee,walk,-0.110288,0.986736,-0.098088,21,-12.25,-12.39,-58
1787066595193,379317,Knee,walk,-0.108336,1.000888,-0.108824,17.29,-19.04,-10.43,-58
1787066595193,379334,Knee,walk,-0.081496,0.994544,-0.096624,16.59,-19.67,-10.43,-58
1787066595193,379351,Knee,walk,-0.057096,1.004792,-0.084424,14.77,-20.02,-10.99,-58
1787066595193,379368,Knee,walk,-0.042944,1.000888,-0.084424,15.12,-20.37,-11.41,-58
1787066595193,379399,Knee,walk,-0.008784,0.983808,-0.047824,14.21,-22.75,-12.88,-58
1787066595193,379416,Knee,walk,-0.003416,0.9882,-0.04392,14.35,-22.4,-13.72,-58
1787066595193,379433,Knee,walk,-0.011224,0.991128,-0.048312,13.58,-21.42,-14.35,-58
1787066595193,379449,Knee,walk,-0.015616,0.984784,-0.049776,13.44,-19.39,-15.26,-58
1787066595193,379467,Knee,walk,-0.038064,0.976976,-0.052216,13.37,-17.43,-15.33,-58
1787066595556,379646,Knee,walk,-0.165432,0.972584,-0.079056,6.37,-7.42,-13.37,-58
1787066595556,379677,Knee,walk,-0.144936,0.977464,-0.088328,6.93,-9.59,-13.93,-58
1787066595556,379694,Knee,walk,-0.141032,0.978928,-0.091744,6.79,-10.36,-14.77,-58
1787066595556,379711,Knee,walk,-0.14152,0.974048,-0.100528,7.42,-10.99,-15.33,-58
1787066595556,379728,Knee,walk,-0.128832,0.981368,-0.094672,7.21,-11.9,-16.52,-58
1787066595556,379759,Knee,walk,-0.083936,0.987224,-0.067832,8.12,-13.51,-19.39,-58
1787066595556,379776,Knee,walk,-0.059536,0.962336,-0.061488,8.75,-14.07,-21.49,-58
1787066595556,379793,Knee,walk,-0.057096,0.974536,-0.076616,10.5,-12.11,-23.94,-58
1787066595556,379810,Knee,walk,-0.094184,0.977464,-0.090768,9.94,-9.17,-26.25,-58
1787066595556,379827,Knee,walk,-0.119072,0.975024,-0.100528,10.01,-7.98,-28,-58
1787066595916,380007,Knee,walk,-0.09272,1.066768,0.14396,19.81,11.76,-64.19,-58
1787066595916,380038,Knee,walk,-0.203496,1.091168,0.155184,23.31,3.78,-71.12,-58
1787066595916,380055,Knee,walk,-0.209352,1.044808,0.173728,26.39,0.84,-75.53,-58
1787066595916,380073,Knee,walk,-0.240584,1.018944,0.176656,30.66,1.19,-80.29,-58
1787066595916,380090,Knee,walk,-0.311832,0.953064,0.186904,33.04,1.26,-83.02,-58
1787066595916,380120,Knee,walk,-0.421144,0.909632,0.048312,52.57,-22.54,-88.97,-58
1787066595916,380137,Knee,walk,-0.431392,0.980392,-0.027816,52.92,-31.01,-87.01,-58
1787066595916,380154,Knee,walk,-0.369416,0.996008,-0.13176,50.54,-50.82,-84.07,-58
1787066595916,380171,Knee,walk,-0.320616,1.03944,-0.205448,49.07,-50.54,-77.42,-58
1787066595916,380188,Knee,walk,-0.335744,1.018944,-0.240096,46.48,-38.5,-74.48,-58
1787066596277,380368,Knee,walk,-0.549,0.665144,-0.304512,-44.87,9.1,64.75,-75
1787066596277,380399,Knee,walk,-0.593408,0.703696,-0.311832,-58.31,32.06,88.41,-75
1787066596277,380416,Knee,walk,-0.654408,0.689544,-0.330864,-71.33,41.16,102.34,-75
1787066596277,380433,Knee,walk,-0.706136,0.663192,-0.357704,-82.67,40.67,114.45,-75
1787066596277,380450,Knee,walk,-0.717848,0.670024,-0.359168,-85.82,32.06,126.21,-75
1787066596277,380481,Knee,walk,-0.67588,0.67832,-0.296704,-102.13,20.86,148.12,-75
1787066596277,380498,Knee,walk,-0.661728,0.689544,-0.291336,-104.65,3.29,154.21,-75
1787066596277,380515,Knee,walk,-0.60268,0.748104,-0.267912,-104.79,-7.07,157.57,-75
1787066596277,380532,Knee,walk,-0.526552,0.803248,-0.252784,-103.67,-25.69,164.01,-75
1787066596277,380549,Knee,walk,-0.444568,0.835944,-0.223992,-101.64,-41.51,168.49,-75
1787066596636,380730,Knee,walk,0.243024,0.87108,0.349408,-12.81,6.65,34.44,-75
1787066596636,380761,Knee,walk,0.289872,0.889136,0.35868,7.63,10.71,1.96,-75
1787066596636,380778,Knee,walk,0.29524,0.870592,0.33184,20.16,22.12,-20.23,-75
1787066596636,380794,Knee,walk,0.219112,0.909632,0.244976,33.39,38.08,-41.44,-75
1787066596636,380811,Knee,walk,0.022448,1.024312,0.10004,38.36,53.69,-53.27,-75
1787066596636,380842,Knee,walk,0.071248,1.155096,0.260104,14.21,30.59,-21.07,-75
1787066596636,380859,Knee,walk,0.24888,0.937936,0.424072,20.86,46.41,-23.1,-75
1787066596636,380876,Knee,walk,0.062464,1.036024,0.275232,31.78,27.09,-23.38,-75
1787066596636,380893,Knee,walk,-0.013176,1.195112,0.210816,34.23,12.18,-32.27,-75
1787066596636,380910,Knee,walk,0.225456,1.160464,0.160064,39.69,18.9,-35.42,-75
1787066596997,381087,Knee,walk,-0.001952,0.986248,-0.020496,31.08,-2.24,-20.3,-75
1787066596997,381118,Knee,walk,0.039528,0.988688,-0.066856,26.6,12.32,-19.39,-75
1787066596997,381135,Knee,walk,0.016592,0.97844,-0.071736,25.62,15.47,-19.25,-75
1787066596997,381152,Knee,walk,-0.06588,0.994544,-0.098576,24.99,8.54,-19.25,-75
1787066596997,381169,Knee,walk,-0.099064,0.998936,-0.12688,23.52,-6.3,-18.34,-75
1787066596997,381200,Knee,walk,-0.045384,1.001376,-0.1098,23.59,-21.7,-19.18,-75
1787066596997,381217,Knee,walk,-0.032208,1.004304,-0.101504,23.03,-19.46,-19.18,-75
1787066596997,381234,Knee,walk,-0.030256,0.994544,-0.083448,21.7,-17.15,-19.67,-75
1787066596997,381251,Knee,walk,-0.060512,0.974048,-0.056608,21.84,-13.51,-20.16,-75
1787066596997,381268,Knee,walk,-0.121024,0.981368,-0.064416,21.14,-14,-19.81,-75
1787066597357,381448,Knee,walk,-0.100528,0.98576,-0.095648,13.44,-15.61,-19.32,-75
1787066597357,381478,Knee,walk,-0.1098,0.976,-0.093696,13.3,-17.08,-20.3,-75
1787066597357,381496,Knee,walk,-0.128832,0.979416,-0.093208,13.44,-16.31,-20.58,-75
1787066597357,381512,Knee,walk,-0.154208,0.97356,-0.091744,13.09,-15.68,-20.79,-75
1787066597357,381529,Knee,walk,-0.132736,0.975024,-0.102968,12.32,-14.49,-21.42,-75
1787066597357,381560,Knee,walk,-0.113216,0.979416,-0.10004,12.32,-9.45,-23.31,-75
1787066597357,381577,Knee,walk,-0.118096,0.968192,-0.079544,11.76,-8.82,-24.36,-75
1787066597357,381594,Knee,walk,-0.108824,0.9638,-0.089792,14.07,-10.08,-26.74,-75
1787066597357,381611,Knee,walk,-0.083936,0.982344,-0.098088,14.42,-10.22,-28,-75
1787066597357,381628,Knee,walk,-0.062464,0.982344,-0.113704,14.21,-10.57,-30.31,-75
1787066597718,381807,Knee,walk,-0.119072,1.127768,0.063928,22.82,-11.69,-64.12,-74
1787066597718,381838,Knee,walk,-0.203984,1.078968,0.103456,22.68,-2.66,-70.14,-74
1787066597718,381855,Knee,walk,-0.282064,1.008208,0.123952,25.34,-6.51,-73.57,-74
1787066597718,381872,Knee,walk,-0.343552,0.929152,0.142984,29.82,-13.09,-77.77,-74
1787066597718,381889,Knee,walk,-0.398208,0.860344,0.16104,36.82,-23.8,-82.6,-74
1787066597718,381920,Knee,walk,-0.471408,0.859368,0.105896,52.36,-51.1,-86.52,-74
1787066597718,381937,Knee,walk,-0.443104,0.945256,-0.001464,56,-77,-84,-74
1787066597718,381954,Knee,walk,-0.396256,1.043344,-0.110776,52.64,-94.29,-81.41,-74
1787066597718,381971,Knee,walk,-0.298168,1.09556,-0.14396,49.35,-75.11,-73.64,-74
1787066597718,381988,Knee,walk,-0.264008,1.097512,-0.176168,43.26,-74.97,-71.54,-74
1787066598079,382168,Knee,walk,-0.609024,0.642696,-0.299632,-36.54,-22.75,60.69,-74
1787066598079,382198,Knee,walk,-0.554856,0.61976,-0.228384,-58.8,15.47,87.92,-74
1787066598079,382216,Knee,walk,-0.55388,0.640256,-0.2318,-62.16,24.5,91.91,-74
1787066598079,382232,Knee,walk,-0.600728,0.63196,-0.2562,-70.91,39.9,100.03,-74
1787066598079,382249,Knee,walk,-0.635864,0.6588,-0.281576,-79.52,46.48,106.26,-74
1787066598079,382280,Knee,walk,-0.57096,0.762744,-0.237168,-92.26,54.32,124.18,-74
1787066598079,382297,Knee,walk,-0.657336,0.78324,-0.262056,-99.26,47.11,135.45,-74
1787066598079,382314,Knee,walk,-0.730536,0.833992,-0.284504,-99.47,6.23,137.62,-74
1787066598079,382331,Knee,walk,-0.66124,0.852536,-0.244,-97.3,-33.04,140.21,-74
1787066598079,382348,Knee,walk,-0.420656,0.882792,-0.194712,-94.99,-43.82,159.53,-74
1787066598436,382528,Knee,walk,0.096624,0.83448,0.28792,-21.35,-55.09,82.11,-74
1787066598436,382559,Knee,walk,0.223016,0.903776,0.23668,6.3,-41.79,52.29,-74
1787066598436,382576,Knee,walk,0.274744,0.9394,0.220576,10.08,-36.82,30.8,-74
1787066598436,382593,Knee,walk,0.36112,0.967216,0.241072,13.37,-30.8,19.88,-74
1787066598436,382610,Knee,walk,0.38064,0.94672,0.29524,16.17,-11.06,-1.26,-74
1787066598436,382641,Knee,walk,0.327448,0.972096,0.306952,25.76,20.09,-26.88,-74
1787066598436,382658,Knee,walk,0.28304,1.036512,0.245952,27.23,49,-43.61,-74
1787066598436,382675,Knee,walk,0.033672,1.2078,0.176168,22.05,65.45,-41.51,-74
1787066598436,382692,Knee,walk,0.198128,1.13704,0.376736,3.22,61.39,-28,-74
1787066598436,382709,Knee,walk,0.32696,1.014552,0.47336,14.63,95.83,-31.85,-74
1787066598795,382884,Knee,walk,-0.172264,0.95404,-0.064416,30.8,3.85,-23.66,-66
1787066598795,382915,Knee,walk,-0.186416,1.00284,-0.076616,29.61,-9.52,-19.6,-66
1787066598795,382932,Knee,walk,-0.076616,0.995032,-0.04392,27.23,-11.69,-18.9,-66
1787066598795,382949,Knee,walk,0.01708,0.98088,-0.045384,25.97,-6.58,-16.87,-66
1787066598795,382966,Knee,walk,0.046848,0.994544,-0.077104,22.26,6.09,-15.4,-66
1787066598795,382997,Knee,walk,-0.067832,0.99064,-0.088328,19.81,9.8,-15.19,-66
1787066598795,383014,Knee,walk,-0.143472,1.016992,-0.146888,19.39,0.63,-14.35,-66
1787066598795,383031,Knee,walk,-0.128832,1.003816,-0.143472,16.52,-13.3,-13.23,-66
1787066598795,383048,Knee,walk,-0.095648,0.994544,-0.121024,16.73,-21.42,-13.3,-66
1787066598795,383065,Knee,walk,-0.042944,1.006744,-0.106384,16.8,-22.33,-13.58,-66
1787066599158,383244,Knee,walk,-0.134688,0.980392,-0.100528,9.38,-12.6,-16.45,-66
1787066599158,383275,Knee,walk,-0.152256,0.983808,-0.07808,8.54,-18.69,-16.31,-66
1787066599158,383292,Knee,walk,-0.114192,0.98332,-0.069784,8.82,-19.46,-15.96,-66
1787066599158,383309,Knee,walk,-0.080032,0.991128,-0.07564,8.26,-17.36,-16.66,-66
1787066599158,383326,Knee,walk,-0.081008,0.988688,-0.076616,8.12,-13.3,-16.94,-66
1787066599158,383357,Knee,walk,-0.149816,0.964776,-0.066368,9.66,-9.87,-18.76,-66
1787066599158,383374,Knee,walk,-0.14396,0.977464,-0.060024,10.08,-12.18,-19.88,-66
1787066599158,383391,Knee,walk,-0.103456,0.976,-0.061976,10.08,-13.79,-21.42,-66
1787066599158,383408,Knee,walk,-0.085888,0.977464,-0.067344,11.06,-13.44,-23.17,-66
1787066599158,383424,Knee,walk,-0.05856,0.983808,-0.081984,11.41,-13.58,-24.5,-66
1787066599519,383605,Knee,walk,-0.069296,0.997472,0.060024,16.45,-15.05,-62.02,-66
1787066599519,383636,Knee,walk,-0.271816,1.028704,0.122488,24.64,-15.75,-69.23,-66
1787066599519,383653,Knee,walk,-0.327448,1.062376,0.11956,28.07,-25.62,-73.64,-66
1787066599519,383670,Knee,walk,-0.418216,1.112152,0.1464,28.91,-32.34,-74.55,-66
1787066599519,383687,Knee,walk,-0.398208,1.10288,0.176656,32.83,-42.21,-77.07,-66
1787066599519,383718,Knee,walk,-0.3172,1.052128,0.161528,38.71,-49,-84.49,-66
1787066599519,383735,Knee,walk,-0.266936,1.098,0.080032,42,-50.47,-84.07,-66
1787066599519,383752,Knee,walk,-0.233752,1.084824,0.055144,37.45,-50.75,-81.55,-66
1787066599519,383769,Knee,walk,-0.28792,1.01992,0.008784,35.21,-38.57,-75.39,-66
1787066599519,383786,Knee,walk,-0.299144,0.99552,-0.081496,34.09,-23.66,-66.64,-66
1787066599880,383965,Knee,walk,-0.603168,0.628544,-0.20496,-20.02,-23.17,53.62,-68
1787066599880,383996,Knee,walk,-0.584136,0.664168,-0.18056,-26.95,-7.63,71.33,-68
1787066599880,384014,Knee,walk,-0.593408,0.686128,-0.18788,-33.81,3.5,83.02,-68
1787066599880,384031,Knee,walk,-0.610488,0.70028,-0.197152,-38.29,5.88,93.17,-68
1787066599880,384048,Knee,walk,-0.672464,0.764696,-0.25132,-44.24,-0.35,96.25,-68
1787066599880,384078,Knee,walk,-0.614392,0.830088,-0.229848,-52.92,-38.29,111.3,-68
1787066599880,384095,Knee,walk,-0.488488,0.845704,-0.1708,-53.41,-41.65,113.82,-68
1787066599880,384112,Knee,walk,-0.379664,0.911584,-0.121512,-54.32,-43.12,116.97,-68
1787066599880,384129,Knee,walk,-0.288408,0.961848,-0.044896,-54.11,-35.49,117.46,-68
1787066599880,384146,Knee,walk,-0.256688,0.951112,0.011712,-50.96,-20.02,115.92,-68
1787066600238,384326,Knee,walk,-0.057584,0.898896,0.164944,-31.36,-40.11,88.34,-68
1787066600238,384357,Knee,walk,-0.005856,0.913536,0.181536,-23.17,-38.85,73.57,-68
1787066600238,384373,Knee,walk,0.026352,0.925736,0.157136,-16.24,-42.07,60.62,-68
1787066600238,384391,Knee,walk,0.086864,0.955504,0.116144,-12.11,-46.27,47.32,-68
1787066600238,384408,Knee,walk,0.223016,0.964288,0.125904,-12.11,-43.68,31.5,-68
1787066600238,384439,Knee,walk,0.255712,0.90524,0.260104,-8.33,-14.63,5.53,-68
1787066600238,384456,Knee,walk,0.23424,0.8906,0.271816,0.56,1.4,-12.74,-68
1787066600238,384473,Knee,walk,0.15128,0.892552,0.262056,5.46,7.35,-21,-68
1787066600238,384490,Knee,walk,0.064416,0.892552,0.225944,14.21,11.55,-35,-68
1787066600238,384507,Knee,walk,-0.013176,0.91744,0.159576,24.57,11.83,-44.59,-68
1787066600601,384684,Knee,walk,-0.16836,0.964288,-0.054656,32.76,50.47,-32.83,-68
1787066600601,384715,Knee,walk,-0.29036,0.958432,-0.081496,34.16,9.52,-24.99,-68
1787066600601,384732,Knee,walk,-0.269864,0.979416,-0.085888,32.97,-10.08,-22.05,-68
1787066600601,384748,Knee,walk,-0.235704,0.981368,-0.085888,32.2,-19.95,-19.39,-68
1787066600601,384765,Knee,walk,-0.145424,0.99064,-0.084912,31.36,-18.48,-18.34,-68
1787066600601,384796,Knee,walk,-0.084424,0.981368,-0.086376,26.32,-0.42,-14.7,-68
1787066600601,384813,Knee,walk,-0.070272,0.9882,-0.061488,24.57,2.17,-13.93,-68
1787066600601,384830,Knee,walk,-0.054168,0.97844,-0.047336,22.4,4.13,-12.67,-68
1787066600601,384847,Knee,walk,-0.049288,0.991128,-0.068808,21,1.75,-11.34,-68
1787066600601,384864,Knee,walk,-0.049288,0.994056,-0.081984,20.02,-5.18,-10.57,-68
1787066601015,385099,Knee,walk,-0.123952,0.993568,-0.150304,17.99,-41.58,-13.37,-62
1787066601015,385130,Knee,walk,-0.08052,0.981368,-0.128832,14.63,-40.81,-12.88,-62
1787066601015,385147,Knee,walk,-0.072224,0.994544,-0.113704,13.86,-40.39,-13.3,-62
1787066601015,385164,Knee,walk,-0.060024,0.992104,-0.110288,13.37,-40.04,-14.49,-62
1787066601015,385181,Knee,walk,-0.027328,0.972096,-0.10248,13.37,-39.55,-15.05,-62
1787066601015,385212,Knee,walk,-0.010736,0.976976,-0.083936,14.14,-33.88,-17.85,-62
1787066601015,385229,Knee,walk,-0.042944,0.97356,-0.071736,13.72,-32.27,-18.34,-62
1787066601015,385246,Knee,walk,-0.060512,0.963312,-0.072224,14.35,-29.4,-19.32,-62
1787066601015,385263,Knee,walk,-0.058072,0.975024,-0.098088,14.56,-25.13,-20.02,-62
1787066601015,385280,Knee,walk,-0.052216,0.971608,-0.113216,13.51,-20.16,-20.3,-62
1787066601378,385460,Knee,walk,-0.203984,0.9638,-0.127368,14.49,-17.5,-29.54,-62
1787066601378,385491,Knee,walk,-0.17812,0.973072,-0.145424,13.86,-20.72,-31.92,-62
1787066601378,385508,Knee,walk,-0.175192,0.969168,-0.157136,14.49,-20.3,-34.09,-62
1787066601378,385525,Knee,walk,-0.172752,0.986736,-0.169824,14.14,-21.7,-36.54,-62
1787066601378,385542,Knee,walk,-0.171288,0.987712,-0.15616,13.65,-22.26,-38.5,-62
1787066601378,385573,Knee,walk,-0.203984,1.000888,-0.106384,15.96,-22.4,-43.82,-62
1787066601378,385590,Knee,walk,-0.2196,1.0126,-0.093696,15.82,-21.07,-46.76,-62
1787066601378,385607,Knee,walk,-0.249368,1.01016,-0.096624,16.73,-20.58,-48.23,-62
1787066601378,385624,Knee,walk,-0.27816,1.037976,-0.10004,19.6,-22.89,-51.24,-62
1787066601378,385641,Knee,walk,-0.305,1.077504,-0.045872,21.07,-27.16,-54.11,-62
1787066601739,385822,Knee,walk,-0.447496,0.982832,-0.220088,56.35,-17.78,-65.1,-62
1787066601739,385853,Knee,walk,-0.577304,0.89548,-0.308416,54.25,-25.06,-56.07,-62
1787066601739,385870,Knee,walk,-0.616832,0.808616,-0.350384,52.5,-28.14,-44.52,-62
1787066601739,385887,Knee,walk,-0.671488,0.75396,-0.400648,50.33,-28.77,-32.48,-62
1787066601739,385904,Knee,walk,-0.708576,0.682224,-0.4148,45.85,-35.7,-20.23,-62
1787066601739,385935,Knee,walk,-0.77592,0.720288,-0.398208,38.64,-45.92,2.1,-62
1787066601739,385952,Knee,walk,-0.810568,0.67344,-0.335744,29.61,-57.12,17.85,-62
1787066601739,385969,Knee,walk,-0.78568,0.686128,-0.296704,11.13,-68.67,42.49,-62
1787066601739,385986,Knee,walk,-0.715896,0.667096,-0.282064,0.98,-66.5,64.96,-62
1787066601739,386003,Knee,walk,-0.6588,0.630984,-0.247904,-12.95,-57.26,72.52,-62
1787066602099,386181,Knee,walk,-0.313784,0.86376,-0.076616,-80.36,-49.7,157.78,-70
1787066602099,386212,Knee,walk,-0.186904,0.916952,-0.02684,-71.96,-19.81,153.51,-70
1787066602099,386229,Knee,walk,-0.272304,0.9272,-0.06832,-69.51,-7,153.09,-70
1787066602099,386246,Knee,walk,-0.334768,0.929152,-0.09028,-73.92,-15.12,150.22,-70
1787066602099,386263,Knee,walk,-0.269864,0.884256,0.007808,-72.45,-36.47,142.73,-70
1787066602099,386294,Knee,walk,-0.132736,0.872544,0.07808,-52.71,-42.91,128.31,-70
1787066602099,386311,Knee,walk,-0.027328,0.883768,0.149328,-43.96,-40.53,116.97,-70
1787066602099,386328,Knee,walk,0.003904,0.909632,0.141032,-30.66,-37.73,102.48,-70
1787066602099,386345,Knee,walk,0.024888,0.923784,0.116632,-26.32,-45.15,83.86,-70
1787066602099,386362,Knee,walk,0.084912,0.94428,0.11956,-19.18,-50.4,73.78,-70
1787066602486,386542,Knee,walk,-0.286944,1.052616,-0.01952,34.3,29.75,-48.58,-70
1787066602486,386573,Knee,walk,0.167872,1.060912,0.315248,20.16,-33.32,-11.13,-70
1787066602486,386590,Knee,walk,0.271328,1.165832,0.242536,29.26,-35.7,-9.52,-70
1787066602486,386607,Knee,walk,0.564128,1.262456,0.210816,32.97,-31.85,-18.41,-70
1787066602486,386624,Knee,walk,0.508496,1.120448,0.397232,24.36,45.36,-31.22,-70
1787066602486,386655,Knee,walk,-0.015616,1.004792,0.01952,34.02,73.64,-36.68,-70
1787066602486,386672,Knee,walk,-0.111264,0.971608,-0.053192,36.96,62.3,-45.01,-70
1787066602486,386689,Knee,walk,-0.241072,0.9272,-0.140544,33.18,42.98,-37.94,-70
1787066602486,386706,Knee,walk,-0.26108,0.903288,-0.144448,33.39,7.84,-28.77,-70
1787066602486,386723,Knee,walk,-0.242048,0.930616,-0.120048,35,-6.79,-24.5,-70
1787066602822,386902,Knee,walk,-0.081008,0.992592,-0.11712,22.4,-18.27,-15.19,-70
1787066602822,386933,Knee,walk,-0.041968,1.011136,-0.084424,24.5,-27.93,-16.8,-70
1787066602822,386950,Knee,walk,-0.03416,0.994544,-0.062952,24.36,-31.57,-17.85,-70
1787066602822,386967,Knee,walk,-0.039528,0.99064,-0.053192,25.06,-34.09,-18.27,-70
1787066602822,386984,Knee,walk,-0.05368,0.981856,-0.043432,23.52,-40.46,-17.15,-70
1787066602822,387015,Knee,walk,-0.031232,0.979416,-0.081496,23.03,-47.18,-0.14,-70
1787066602822,387032,Knee,walk,-0.011224,0.986736,-0.102968,20.65,-45.36,-17.5,-70
1787066602822,387049,Knee,walk,-0.020984,0.972584,-0.111264,20.16,-39.2,-17.71,-70
1787066602822,387066,Knee,walk,-0.069296,0.982344,-0.12688,18.76,-32.48,-17.71,-70
1787066602822,387083,Knee,walk,-0.098088,0.979416,-0.131272,16.52,-29.89,-17.43,-70
1787066603185,387264,Knee,walk,-0.122,0.970144,-0.1342,14.84,-25.55,-19.67,-70
1787066603185,387295,Knee,walk,-0.150792,0.966728,-0.142008,14.42,-24.5,-20.72,-70
1787066603185,387312,Knee,walk,-0.177144,0.959408,-0.1464,14.14,-23.59,-21.28,-70
1787066603185,387329,Knee,walk,-0.183488,0.959408,-0.162504,13.72,-22.89,-21.49,-70
1787066603185,387346,Knee,walk,-0.19276,0.97356,-0.162992,13.51,-22.12,-21.63,-70
1787066603185,387377,Knee,walk,-0.203496,0.968192,-0.15616,12.6,-24.36,-23.31,-70
1787066603185,387394,Knee,walk,-0.194224,0.96624,-0.15616,12.81,-25.76,-23.52,-70
1787066603185,387410,Knee,walk,-0.190808,0.959896,-0.161528,12.39,-27.37,-23.59,-70
1787066603185,387427,Knee,walk,-0.188368,0.94184,-0.1586,12.53,-27.51,-24.36,-70
1787066603185,387444,Knee,walk,-0.196176,0.943304,-0.161528,12.95,-25.9,-25.62,-70
1787066603561,387624,Knee,walk,-0.078568,1.05896,-0.0366,13.37,-4.76,-48.3,-74
1787066603561,387655,Knee,walk,-0.130784,1.0858,0.071248,17.99,2.94,-56.98,-74
1787066603561,387672,Knee,walk,-0.194224,1.035536,0.161528,21.77,-0.7,-62.09,-74
1787066603561,387689,Knee,walk,-0.259616,0.991128,0.214232,28.14,-8.96,-67.27,-74
1787066603561,387706,Knee,walk,-0.282552,0.98332,0.24156,35.77,-17.22,-73.5,-74
1787066603561,387737,Knee,walk,-0.313296,0.922808,0.24156,52.08,-26.74,-84.56,-74
1787066603561,387753,Knee,walk,-0.317688,0.93452,0.183,58.45,-34.16,-87.85,-74
1787066603561,387770,Knee,walk,-0.281576,1.011136,0.043432,65.1,-39.55,-87.5,-74
1787066603561,387787,Knee,walk,-0.224968,1.081408,-0.074664,61.6,-43.82,-83.86,-74
1787066603561,387818,Knee,walk,-0.349408,1.074576,-0.208864,62.65,-31.15,-75.81,-74
1787066603933,387997,Knee,walk,-0.732488,0.603656,-0.363072,-30.8,-39.97,75.67,-74
1787066603933,388028,Knee,walk,-0.641232,0.5612,-0.302072,-53.2,-9.87,105.42,-74
1787066603933,388044,Knee,walk,-0.626592,0.610976,-0.261568,-58.73,0.7,111.23,-74
1787066603933,388061,Knee,walk,-0.66124,0.60024,-0.27572,-70.56,19.25,121.73,-74
1787066603933,388077,Knee,walk,-0.706136,0.57828,-0.307928,-80.29,25.83,129.99,-74
1787066603933,388108,Knee,walk,-0.62952,0.64416,-0.271328,-98.91,30.03,153.51,-74
1787066603933,388125,Knee,walk,-0.70272,0.7198,-0.325008,-101.64,10.36,162.61,-74
1787066603933,388142,Knee,walk,-0.743712,0.751032,-0.333304,-103.81,-26.74,163.94,-74
1787066603933,388159,Knee,walk,-0.687104,0.762744,-0.312808,-103.04,-64.61,168.14,-74
1787066603933,388190,Knee,walk,-0.233752,0.850584,-0.070272,-95.76,-73.99,173.32,-74
1787066604290,388371,Knee,walk,0.337208,0.902312,0.3294,-12.11,-24.71,16.87,-74
1787066604290,388402,Knee,walk,0.29036,0.83448,0.390888,8.19,-1.05,-18.9,-74
1787066604290,388419,Knee,walk,0.265472,0.840336,0.345504,21.49,19.46,-38.99,-74
1787066604290,388436,Knee,walk,0.207888,0.957944,0.205936,34.3,38.57,-52.08,-74
1787066604290,388453,Knee,walk,0.150792,1.033584,0.130784,31.5,55.65,-45.57,-74
1787066604290,388484,Knee,walk,0.494344,1.123864,0.391864,5.18,69.65,-14.35,-74
1787066604290,388501,Knee,walk,0.562664,1.131184,0.436272,15.96,104.58,-24.57,-74
1787066604290,388518,Knee,walk,0.22692,1.177544,0.334768,23.73,95.9,-35.7,-74
1787066604290,388535,Knee,walk,0.01952,1.130696,0.141032,34.37,89.18,-41.79,-74
1787066604290,388552,Knee,walk,-0.140544,1.030656,0.047336,40.46,81.97,-50.26,-74
1787066604649,388729,Knee,walk,-0.000976,0.971608,-0.0854,27.3,7.49,-19.81,-71
1787066604649,388760,Knee,walk,0.0244,0.991616,-0.099064,22.4,14.7,-15.89,-71
1787066604649,388777,Knee,walk,-0.045872,1.00528,-0.108336,20.37,20.16,-15.96,-71
1787066604649,388794,Knee,walk,-0.158112,0.99552,-0.109312,19.39,16.38,-15.89,-71
1787066604649,388811,Knee,walk,-0.19032,1.001864,-0.11956,18.34,5.11,-15.05,-71
1787066604649,388842,Knee,walk,-0.11468,1.0004,-0.103944,16.17,-6.79,-15.05,-71
1787066604649,388859,Knee,walk,-0.086864,0.996984,-0.081008,15.61,-7.84,-14.98,-71
1787066604649,388876,Knee,walk,-0.06344,0.995032,-0.066368,14.56,-8.61,-13.86,-71
1787066604649,388893,Knee,walk,-0.034648,0.979416,-0.04636,14.28,-11.76,-13.3,-71
1787066604649,388910,Knee,walk,-0.02684,0.963312,-0.03172,15.47,-12.81,-13.65,-71
1787066605011,389088,Knee,walk,-0.155672,0.979904,-0.110776,12.39,-11.2,-17.15,-71
1787066605011,389120,Knee,walk,-0.189344,0.979416,-0.10736,12.32,-13.23,-17.64,-71
1787066605011,389137,Knee,walk,-0.177632,0.97844,-0.101016,12.74,-15.05,-18.06,-71
1787066605011,389154,Knee,walk,-0.156648,0.973072,-0.096136,13.23,-15.96,-18.55,-71
1787066605011,389171,Knee,walk,-0.14396,0.972096,-0.080032,14.14,-15.75,-19.88,-71
1787066605011,389202,Knee,walk,-0.116144,0.977952,-0.084912,14.35,-15.47,-21.56,-71
1787066605011,389219,Knee,walk,-0.107848,0.973072,-0.082472,14.98,-17.15,-23.38,-71
1787066605011,389236,Knee,walk,-0.090768,0.976488,-0.081496,15.47,-18.55,-26.04,-71
1787066605011,389253,Knee,walk,-0.076128,0.983808,-0.073688,16.1,-20.86,-27.44,-71
1787066605011,389270,Knee,walk,-0.045384,0.976488,-0.088328,16.1,-23.17,-29.54,-71
1787066605373,389450,Knee,walk,-0.289384,1.033096,-0.083936,19.04,-31.92,-52.71,-71
1787066605373,389481,Knee,walk,-0.19764,1.1102,-0.016592,16.66,-29.47,-56.7,-71
1787066605373,389498,Knee,walk,-0.191784,1.112152,0.04636,18.2,-29.89,-58.31,-71
1787066605373,389515,Knee,walk,-0.177632,1.077504,0.129808,20.02,-36.05,-60.9,-71
1787066605373,389532,Knee,walk,-0.169336,1.048712,0.193736,24.57,-41.37,-65.52,-71
1787066605373,389563,Knee,walk,-0.173728,1.000888,0.19032,31.85,-45.29,-76.79,-71
1787066605373,389580,Knee,walk,-0.184952,0.984296,0.120048,35.42,-45.71,-84.07,-71
1787066605373,389597,Knee,walk,-0.159088,1.007232,0.040504,36.61,-46.69,-87.71,-71
1787066605373,389614,Knee,walk,-0.142008,0.998448,0.040992,33.81,-41.58,-85.61,-71
1787066605373,389631,Knee,walk,-0.16104,0.958432,0.045872,30.66,-34.23,-83.58,-71
1787066605735,389811,Knee,walk,-0.672952,0.659776,-0.305976,-9.38,-55.79,31.99,-71
1787066605735,389842,Knee,walk,-0.522648,0.608048,-0.248392,-28.07,-12.04,67.55,-71
1787066605735,389859,Knee,walk,-0.523624,0.644648,-0.255712,-30.73,0.42,79.17,-71
1787066605735,389876,Knee,walk,-0.579256,0.676856,-0.2806,-39.62,21.77,84.28,-71
1787066605735,389893,Knee,walk,-0.650992,0.673928,-0.306464,-49.98,32.62,94.5,-71
1787066605735,389924,Knee,walk,-0.72224,0.740296,-0.334768,-66.99,27.3,106.68,-71
1787066605735,389941,Knee,walk,-0.699792,0.737368,-0.306952,-80.64,14.56,120.19,-71
1787066605735,389958,Knee,walk,-0.649528,0.735904,-0.27084,-87.99,1.96,133.42,-71
1787066605735,389974,Knee,walk,-0.604632,0.777384,-0.222528,-89.81,-3.71,140.14,-71
1787066605735,389991,Knee,walk,-0.51484,0.808128,-0.201544,-90.3,-5.39,141.68,-71
1787066606095,390172,Knee,walk,-0.086864,0.899872,0.126392,-33.74,-48.3,98.35,-69
1787066606095,390203,Knee,walk,0.066368,0.884256,0.202032,-16.03,-49.07,77.21,-69
1787066606095,390220,Knee,walk,0.103456,0.88328,0.218136,-3.57,-44.8,59.43,-69
1787066606095,390237,Knee,walk,0.120048,0.881816,0.22204,2.87,-42.14,42.91,-69
1787066606095,390254,Knee,walk,0.19276,0.885232,0.227896,13.44,-38.36,34.65,-69
1787066606095,390285,Knee,walk,0.304512,0.892552,0.237656,26.6,-8.4,0.14,-69
1787066606095,390302,Knee,walk,0.338184,0.890112,0.24156,29.05,2.66,-8.68,-69
1787066606095,390319,Knee,walk,0.316224,0.88816,0.236192,31.92,27.93,-25.9,-69
1787066606095,390336,Knee,walk,0.22204,0.91744,0.17568,37.31,51.38,-39.2,-69
1787066606095,390353,Knee,walk,0.056608,1.105808,0.054168,28.49,75.25,-38.71,-69
1787066606454,390529,Knee,walk,-0.174704,0.963312,-0.13176,43.33,28.91,-47.46,-69
1787066606454,390560,Knee,walk,-0.26352,0.927688,-0.202032,37.31,-10.43,-35.21,-69
1787066606454,390577,Knee,walk,-0.277184,0.940376,-0.18788,35.77,-20.93,-32.55,-69
1787066606454,390594,Knee,walk,-0.157624,0.950136,-0.101992,30.38,-36.96,-28,-69
1787066606454,390610,Knee,walk,0.021472,0.977952,-0.009272,28.07,-29.12,-26.11,-69
1787066606454,390641,Knee,walk,-0.000976,0.974048,-0.00732,26.11,1.19,-26.25,-69
1787066606454,390658,Knee,walk,-0.052216,0.97356,-0.053192,26.04,9.24,-24.5,-69
1787066606454,390675,Knee,walk,-0.069296,0.972096,-0.081008,25.55,9.87,-22.54,-69
1787066606454,390692,Knee,walk,-0.06588,0.978928,-0.099064,23.8,8.26,-20.79,-69
1787066606454,390709,Knee,walk,-0.059048,0.982344,-0.089792,22.54,7.63,-20.09,-69
1787066606812,390889,Knee,walk,-0.100528,0.981856,-0.111752,16.1,-24.22,-15.68,-69
1787066606812,390920,Knee,walk,-0.113704,0.973072,-0.0976,13.58,-23.31,-14.7,-69
1787066606812,390937,Knee,walk,-0.122976,0.982832,-0.105896,12.46,-23.31,-14.42,-69
1787066606812,390954,Knee,walk,-0.12444,0.979904,-0.121024,11.41,-23.17,-14.35,-69
1787066606812,390971,Knee,walk,-0.091744,0.976,-0.140544,9.87,-21.7,-13.51,-69
1787066606812,391002,Knee,walk,0.015616,0.991128,-0.1586,0.77,-10.15,-7.56,-69
1787066606812,391019,Knee,walk,0.035136,0.945744,-0.122488,-2.66,5.32,-7.42,-69
1787066606812,391036,Knee,walk,-0.075152,0.956968,-0.058072,-0.35,18.34,-10.22,-69
1787066606812,391053,Knee,walk,-0.21228,0.997472,-0.05612,0.91,18.2,-13.93,-69
1787066606812,391070,Knee,walk,-0.224968,0.992592,-0.064904,1.96,6.72,-15.96,-69
1787066607174,391249,Knee,walk,-0.109312,0.979904,-0.130296,16.38,-5.46,-36.75,-72
1787066607174,391279,Knee,walk,-0.24888,0.953064,-0.103944,21.21,-13.37,-42.35,-72
1787066607174,391297,Knee,walk,-0.271816,0.961848,-0.122,22.96,-25.41,-45.36,-72
1787066607174,391313,Knee,walk,-0.244488,0.996496,-0.169336,22.68,-30.73,-45.5,-72
1787066607174,391330,Knee,walk,-0.160552,1.013088,-0.203008,20.37,-33.53,-45.01,-72
1787066607174,391361,Knee,walk,-0.257664,1.026752,-0.128344,20.72,-21.77,-50.89,-72
1787066607174,391378,Knee,walk,-0.362096,1.05896,-0.038064,21.21,-22.61,-52.36,-72
1787066607174,391395,Knee,walk,-0.3904,1.068232,-0.002928,21,-27.51,-54.67,-72
1787066607174,391412,Knee,walk,-0.285968,1.056032,-0.055144,17.71,-32.69,-53.2,-72
1787066607174,391429,Knee,walk,-0.225456,1.008208,-0.03416,16.17,-28.21,-53.2,-72
1787066607540,391609,Knee,walk,-0.178608,1.069696,-0.18788,40.53,-11.69,-71.54,-72
1787066607540,391640,Knee,walk,-0.425536,0.923296,-0.310368,35,28.28,-65.59,-72
1787066607540,391657,Knee,walk,-0.603168,0.880352,-0.408456,32.2,37.59,-56.84,-72
1787066607540,391674,Knee,walk,-0.671488,0.867176,-0.443592,25.55,28.77,-48.93,-72
1787066607540,391691,Knee,walk,-0.770552,0.776896,-0.473848,22.12,19.88,-43.4,-72
1787066607540,391722,Knee,walk,-0.764696,0.676368,-0.378688,14,-18.48,-15.68,-72
1787066607540,391739,Knee,walk,-0.772992,0.766648,-0.377224,7.28,-21.91,4.27,-72
1787066607540,391756,Knee,walk,-0.754936,0.726144,-0.308416,-6.37,-33.25,13.37,-72
1787066607540,391773,Knee,walk,-0.691008,0.685152,-0.318664,-17.92,-36.75,34.3,-72
1787066607540,391790,Knee,walk,-0.621712,0.6832,-0.313296,-27.3,-28.7,50.75,-72
1787066607897,391969,Knee,walk,-0.497272,0.766648,-0.20008,-87.43,-33.88,159.88,-72
1787066607897,392000,Knee,walk,-0.392352,0.813984,-0.162504,-85.33,-41.51,168.84,-72
1787066607897,392017,Knee,walk,-0.28304,0.892552,-0.13664,-83.16,-40.11,168.21,-72
1787066607897,392034,Knee,walk,-0.236192,0.907192,-0.105408,-82.18,-34.86,162.12,-72
1787066607897,392051,Knee,walk,-0.21716,0.897432,-0.083936,-80.43,-32.2,156.52,-72
1787066607897,392082,Knee,walk,0.047824,0.94184,0.133224,-82.25,-12.81,149.94,-72
1787066607897,392099,Knee,walk,0.10492,0.93452,0.230336,-74.13,10.36,132.86,-72
1787066607897,392116,Knee,walk,0.105896,0.928664,0.248392,-67.62,20.23,122.01,-72
1787066607897,392133,Knee,walk,0.038552,0.92232,0.274256,-58.17,24.29,101.01,-72
1787066607897,392150,Knee,walk,0.050264,0.86864,0.308904,-44.59,14.98,81.27,-72
1787066608255,392331,Knee,walk,0.4392,0.974536,0.531432,26.25,68.88,-22.75,-65
1787066608255,392362,Knee,walk,0.140544,1.243424,0.159576,32.55,59.08,-35.35,-65
1787066608255,392379,Knee,walk,0.160552,1.0614,0.08296,41.72,54.11,-45.29,-65
1787066608255,392396,Knee,walk,0.127368,1.03456,-0.017568,50.12,59.78,-46.06,-65
1787066608255,392413,Knee,walk,-0.07564,1.01504,-0.12444,45.78,66.92,-43.33,-65
1787066608255,392444,Knee,walk,-0.489464,0.86132,-0.142008,46.97,39.48,-37.1,-65
1787066608255,392461,Knee,walk,-0.36356,0.939888,-0.064416,42.98,9.66,-34.02,-65
1787066608255,392478,Knee,walk,-0.24644,0.975512,-0.01464,35.63,6.3,-31.5,-65
1787066608255,392494,Knee,walk,-0.079056,0.964288,0.003904,33.32,12.81,-29.75,-65
1787066608255,392511,Knee,walk,-0.096624,0.944768,-0.01708,32.9,24.64,-25.62,-65
1787066608617,392688,Knee,walk,-0.09272,1.006256,-0.120048,28.14,-31.22,-15.82,-65
1787066608617,392719,Knee,walk,-0.059536,0.974048,-0.077592,25.34,-27.79,-15.26,-65
1787066608617,392736,Knee,walk,-0.10736,0.981856,-0.083936,25.48,-26.25,-16.31,-65
1787066608617,392753,Knee,walk,-0.133224,0.995032,-0.10736,25.13,-29.75,-15.68,-65
1787066608617,392770,Knee,walk,-0.144936,0.986736,-0.101992,23.31,-35.21,-15.89,-65
1787066608617,392801,Knee,walk,-0.103944,1.004304,-0.137128,22.26,-39.06,-14.7,-65
1787066608617,392818,Knee,walk,-0.079056,0.991128,-0.124928,18.55,-33.67,-13.51,-65
1787066608617,392835,Knee,walk,-0.054168,0.977952,-0.126392,18.13,-25.2,-12.53,-65
1787066608617,392852,Knee,walk,-0.078568,0.987712,-0.141032,16.66,-22.12,-12.32,-65
1787066608617,392869,Knee,walk,-0.108336,0.98576,-0.1342,14.42,-19.81,-12.11,-65
1787066608978,393050,Knee,walk,-0.058072,0.977952,-0.062464,15.12,-15.4,-19.6,-65
1787066608978,393081,Knee,walk,-0.039528,0.98088,-0.083448,17.15,-16.66,-24.29,-65
1787066608978,393098,Knee,walk,-0.02684,0.980392,-0.091744,17.36,-16.94,-25.34,-65
1787066608978,393115,Knee,walk,-0.038552,0.96868,-0.099552,18.69,-16.87,-28.49,-65
1787066608978,393131,Knee,walk,-0.081496,0.973072,-0.111752,20.44,-17.64,-30.45,-65
1787066608978,393162,Knee,walk,-0.154696,0.976488,-0.135176,19.6,-21.63,-33.32,-65
1787066608978,393179,Knee,walk,-0.17812,0.972584,-0.1342,20.02,-25.62,-34.51,-65
1787066608978,393196,Knee,walk,-0.186416,0.981368,-0.120048,21.07,-29.96,-36.19,-65
1787066608978,393213,Knee,walk,-0.18788,0.981368,-0.123952,21.91,-32.2,-39.34,-65
1787066608978,393230,Knee,walk,-0.182024,0.989664,-0.135176,22.19,-32.9,-41.09,-65
1787066609338,393410,Knee,walk,-0.291824,0.915,0.096136,35.98,-32.55,-68.6,-65
1787066609338,393441,Knee,walk,-0.27084,0.94672,0.078568,49.14,-50.12,-75.53,-65
1787066609338,393458,Knee,walk,-0.216184,0.959896,0.044896,51.59,-53.48,-77.63,-65
1787066609338,393475,Knee,walk,-0.133224,1.023336,-0.0122,54.53,-57.19,-79.45,-65
1787066609338,393492,Knee,walk,-0.100528,1.108248,-0.076128,51.38,-41.51,-78.82,-65
1787066609338,393523,Knee,walk,-0.223992,1.096048,-0.187392,52.36,-8.54,-74.69,-65
1787066609338,393540,Knee,walk,-0.382104,1.092632,-0.307928,48.44,9.87,-69.23,-65
1787066609338,393557,Knee,walk,-0.499712,1.009672,-0.401624,40.32,23.45,-60.06,-65
1787066609338,393574,Knee,walk,-0.616832,0.920856,-0.481168,29.75,30.24,-48.09,-65
1787066609338,393591,Knee,walk,-0.66612,0.855952,-0.524112,25.48,30.66,-34.23,-65
1787066609703,393771,Knee,walk,-0.612928,0.60268,-0.262544,-86.17,14.84,125.86,-69
1787066609703,393801,Knee,walk,-0.648552,0.61244,-0.30012,-89.04,22.96,140.56,-69
1787066609703,393819,Knee,walk,-0.652944,0.635864,-0.293776,-103.04,21.14,157.08,-69
1787066609703,393835,Knee,walk,-0.670512,0.68564,-0.303536,-108.08,13.09,164.22,-69
1787066609703,393852,Knee,walk,-0.715408,0.752496,-0.322568,-116.06,-23.87,168.91,-69
1787066609703,393883,Knee,walk,-0.537776,0.715408,-0.228872,-122.36,-67.55,177.94,-69
1787066609703,393900,Knee,walk,-0.351848,0.79788,-0.142984,-113.54,-76.3,176.12,-69
1787066609703,393917,Knee,walk,-0.161528,0.835944,-0.055632,-107.38,-67.97,173.25,-69
1787066609703,393934,Knee,walk,-0.065392,0.825208,-0.006344,-98.28,-48.37,171.36,-69
1787066609703,393951,Knee,walk,-0.056608,0.954528,-0.000976,-89.32,-35.42,160.58,-69
1787066610062,394133,Knee,walk,-0.239608,1.343952,0.227896,35.28,24.08,-41.44,-69
1787066610062,394164,Knee,walk,0.5124,0.960384,0.60268,25.48,5.39,-19.74,-69
1787066610062,394181,Knee,walk,0.40992,1.261968,0.329888,47.11,26.88,-30.31,-69
1787066610062,394198,Knee,walk,0.394304,1.311744,0.12444,43.75,39.27,-45.64,-69
1787066610062,394215,Knee,walk,0.293776,1.114104,0.125416,39.41,78.96,-52.92,-69
1787066610062,394246,Knee,walk,-0.282552,0.948184,-0.206424,46.34,65.38,-44.1,-69
1787066610062,394263,Knee,walk,-0.348432,0.959408,-0.201544,48.3,38.57,-45.22,-69
1787066610062,394280,Knee,walk,-0.515328,0.960872,-0.188368,47.18,27.16,-39.13,-69
1787066610062,394297,Knee,walk,-0.534848,0.921344,-0.161528,43.05,-4.76,-33.74,-69
1787066610062,394314,Knee,walk,-0.325496,0.960384,-0.143472,38.99,-26.04,-26.88,-69
1787066610427,394492,Knee,walk,-0.016592,0.994544,-0.113216,22.47,-17.43,-16.24,-69
1787066610427,394523,Knee,walk,-0.093208,0.996008,-0.09272,21.77,-13.02,-16.52,-69
1787066610427,394540,Knee,walk,-0.137616,0.982344,-0.052704,20.72,-15.96,-16.87,-69
1787066610427,394557,Knee,walk,-0.120536,0.989176,-0.053192,19.6,-19.81,-17.15,-69
1787066610427,394574,Knee,walk,-0.111264,0.985272,-0.060512,18.2,-21.56,-16.03,-69
1787066610427,394605,Knee,walk,-0.10004,0.987224,-0.079544,17.08,-20.93,-14.28,-69
1787066610427,394622,Knee,walk,-0.101016,0.998936,-0.088328,15.12,-16.8,-13.09,-69
1787066610427,394639,Knee,walk,-0.127368,0.989176,-0.086376,14.42,-15.26,-12.95,-69
1787066610427,394656,Knee,walk,-0.156648,0.987712,-0.106872,14.84,-14.84,-12.88,-69
1787066610427,394673,Knee,walk,-0.171288,0.995032,-0.121024,13.02,-16.73,-12.46,-69
1787066610785,394854,Knee,walk,-0.03416,0.984784,-0.085888,12.11,-14.28,-22.61,-65
1787066610785,394886,Knee,walk,-0.03416,0.982832,-0.105408,11.13,-12.53,-27.37,-65
1787066610785,394903,Knee,walk,-0.029768,0.98332,-0.103456,11.13,-12.81,-28.84,-65
1787066610785,394920,Knee,walk,-0.032208,0.974536,-0.061,10.22,-14.91,-30.59,-65
1787066610785,394937,Knee,walk,-0.020008,0.967704,-0.039528,11.97,-19.18,-33.53,-65
1787066610785,394967,Knee,walk,0.005856,0.969656,-0.059536,12.32,-22.33,-39.48,-65
1787066610785,394984,Knee,walk,0.027816,0.979416,-0.097112,13.86,-22.96,-45.57,-65
1787066610785,395001,Knee,walk,0.05124,0.983808,-0.12444,15.26,-22.05,-52.43,-65
1787066610785,395018,Knee,walk,0.061488,0.991128,-0.122,17.43,-18.9,-58.03,-65
1787066610785,395035,Knee,walk,0.057096,1.025288,-0.104432,17.71,-15.96,-62.44,-65
1787066611149,395214,Knee,walk,-0.28304,1.014064,0.02928,45.36,-61.74,-82.11,-65
1787066611149,395245,Knee,walk,-0.218136,0.947208,-0.074176,48.44,-35.84,-70.91,-65
1787066611149,395262,Knee,walk,-0.275232,0.966728,-0.12444,50.26,-23.66,-68.39,-65
1787066611149,395279,Knee,walk,-0.4026,0.97844,-0.267912,52.92,1.82,-66.01,-65
1787066611149,395296,Knee,walk,-0.574864,0.911584,-0.369416,48.58,14.63,-58.73,-65
1787066611149,395327,Knee,walk,-0.760304,0.755424,-0.472872,39.2,11.34,-41.65,-65
1787066611149,395344,Knee,walk,-0.82228,0.67588,-0.525576,33.74,-2.66,-28,-65
1787066611149,395361,Knee,walk,-0.801784,0.683688,-0.473848,30.17,-24.36,-14.91,-65
1787066611149,395378,Knee,walk,-0.804224,0.674416,-0.41724,16.38,-38.01,4.55,-65
1787066611149,395395,Knee,walk,-0.75152,0.661728,-0.3782,7.49,-49.63,25.13,-65
1787066611507,395573,Knee,walk,-0.611464,0.738832,-0.22936,-77.77,-29.26,139.65,-65
1787066611507,395604,Knee,walk,-0.44164,0.846192,-0.133224,-80.78,-36.54,144.76,-65
1787066611507,395621,Knee,walk,-0.345992,0.865224,-0.10492,-80.29,-33.53,147.7,-65
1787066611507,395638,Knee,walk,-0.300608,0.916952,-0.055144,-80.36,-22.82,149.17,-65
1787066611507,395655,Knee,walk,-0.32452,0.934032,-0.045872,-80.57,-19.67,149.66,-65
1787066611507,395686,Knee,walk,-0.24156,0.937448,-0.05368,-71.54,-31.78,143.71,-65
1787066611507,395703,Knee,walk,-0.177632,0.945256,-0.0122,-69.51,-39.2,137.34,-65
1787066611507,395720,Knee,walk,-0.147864,0.889624,0.064904,-63.56,-46.13,127.89,-65
1787066611507,395737,Knee,walk,-0.128832,0.87352,0.099552,-48.93,-53.34,112,-65
1787066611507,395754,Knee,walk,-0.114192,0.865712,0.110288,-42.56,-61.53,99.05,-65
1787066611868,395934,Knee,walk,-0.02684,0.968192,0.116144,27.23,9.52,-42.98,-69
1787066611868,395965,Knee,walk,-0.000976,1.082384,0.38796,10.08,-28.91,-23.87,-69
1787066611868,395982,Knee,walk,0.16104,0.976976,0.4758,22.61,-13.16,-13.79,-69
1787066611868,395999,Knee,walk,0.492392,1.162416,0.389424,29.33,1.61,-19.11,-69
1787066611868,396016,Knee,walk,0.657336,1.289296,0.277184,26.53,37.03,-27.93,-69
1787066611868,396047,Knee,walk,0.215208,0.94916,0.180072,32.62,101.01,-47.39,-69
1787066611868,396064,Knee,walk,-0.040016,0.970144,-0.0122,40.39,99.4,-47.74,-69
1787066611868,396081,Knee,walk,-0.264008,0.953064,-0.049776,36.4,83.93,-47.18,-69
1787066611868,396098,Knee,walk,-0.430904,0.87108,-0.097112,38.36,51.24,-40.46,-69
1787066611868,396115,Knee,walk,-0.431392,0.907192,-0.092232,38.15,10.92,-33.39,-69
1787066612226,396293,Knee,walk,-0.095648,0.982832,-0.071248,19.11,-2.24,-14.35,-69
1787066612226,396324,Knee,walk,-0.081008,0.98332,-0.094672,21.14,-14.14,-14.91,-69
1787066612226,396341,Knee,walk,-0.069296,0.993568,-0.091256,20.93,-16.52,-14.84,-69
1787066612226,396358,Knee,walk,-0.049288,0.99552,-0.090768,20.79,-15.47,-15.19,-69
1787066612226,396375,Knee,walk,-0.086376,0.991616,-0.100528,20.09,-10.15,-15.33,-69
1787066612226,396406,Knee,walk,-0.17812,0.97844,-0.0976,19.04,-16.1,-15.82,-69
1787066612226,396423,Knee,walk,-0.213256,0.98576,-0.10248,18.62,-20.02,-14.77,-69
1787066612226,396440,Knee,walk,-0.181536,0.982344,-0.1098,16.1,-28.07,-13.09,-69
1787066612226,396457,Knee,walk,-0.11224,0.988688,-0.109312,14.84,-28.7,-13.09,-69
1787066612226,396474,Knee,walk,-0.067344,0.981856,-0.110288,13.65,-21.7,-13.23,-69
1787066612589,396654,Knee,walk,-0.11712,0.977464,-0.066368,9.1,-23.94,-12.67,-69
1787066612589,396685,Knee,walk,-0.113704,0.979904,-0.054168,11.55,-26.39,-14.56,-69
1787066612589,396702,Knee,walk,-0.093208,0.964288,-0.065392,12.04,-27.3,-16.52,-69
1787066612589,396719,Knee,walk,-0.095648,0.961848,-0.072712,14.56,-27.93,-19.32,-69
1787066612589,396736,Knee,walk,-0.082472,0.982832,-0.068808,15.26,-28.98,-22.68,-69
1787066612589,396767,Knee,walk,-0.07076,0.97112,-0.08296,15.68,-27.23,-25.69,-69
1787066612589,396784,Knee,walk,-0.060024,0.970144,-0.088816,16.17,-26.25,-29.4,-69
1787066612589,396801,Knee,walk,-0.052704,0.974536,-0.10248,16.94,-26.32,-31.78,-69
1787066612589,396817,Knee,walk,-0.101016,0.98332,-0.069784,18.62,-30.73,-38.29,-69
1787066612589,396834,Knee,walk,-0.092232,1.001376,-0.153232,17.71,-40.18,-38.36,-69
1787066612951,397014,Knee,walk,-0.40748,0.958432,0.12688,30.38,-31.78,-68.53,-66
1787066612951,397045,Knee,walk,-0.411384,0.91988,0.094184,38.85,-40.04,-71.82,-66
1787066612951,397062,Knee,walk,-0.381616,0.967216,0.070272,46.06,-45.22,-73.78,-66
1787066612951,397079,Knee,walk,-0.360632,0.977952,0.048312,49.84,-50.33,-74.83,-66
1787066612951,397096,Knee,walk,-0.349896,0.977464,-0.095648,56.14,-53.2,-75.46,-66
1787066612951,397127,Knee,walk,-0.368928,0.967216,-0.068808,59.78,-43.75,-67.76,-66
1787066612951,397144,Knee,walk,-0.423584,0.927688,-0.167384,63,-28.42,-60.27,-66
1787066612951,397161,Knee,walk,-0.556808,0.911096,-0.218624,64.4,-23.94,-51.1,-66
1787066612951,397178,Knee,walk,-0.684664,0.862296,-0.32208,63,-21.98,-45.29,-66
1787066612951,397195,Knee,walk,-0.779336,0.798368,-0.366,59.71,-30.03,-33.6,-66
1787066613310,397374,Knee,walk,-0.69784,0.69052,-0.210816,-16.66,-29.75,92.26,-66
1787066613310,397405,Knee,walk,-0.71492,0.682712,-0.172264,-31.36,-40.32,110.25,-66
1787066613310,397422,Knee,walk,-0.696376,0.718336,-0.165432,-37.24,-48.58,121.03,-66
1787066613310,397439,Knee,walk,-0.638304,0.732488,-0.155672,-42.07,-57.75,130.76,-66
1787066613310,397455,Knee,walk,-0.589016,0.729072,-0.121024,-47.04,-61.11,141.82,-66
1787066613310,397486,Knee,walk,-0.430416,0.789584,-0.118096,-52.43,-52.57,150.92,-66
1787066613310,397503,Knee,walk,-0.421632,0.848144,-0.145424,-55.65,-51.66,153.37,-66
1787066613310,397520,Knee,walk,-0.410896,0.888648,-0.14396,-55.93,-57.47,152.95,-66
1787066613310,397537,Knee,walk,-0.364536,0.91012,-0.122976,-59.64,-60.13,152.81,-66
1787066613310,397554,Knee,walk,-0.318664,0.919392,-0.103944,-59.57,-65.24,150.78,-66
1787066613669,397735,Knee,walk,0.290848,0.90524,0.242048,-7.35,-37.1,28.84,-66
1787066613669,397766,Knee,walk,0.21228,0.869616,0.266936,8.89,-30.87,-6.09,-66
1787066613669,397783,Knee,walk,0.209352,0.889136,0.239608,18.76,-28.49,-12.95,-66
1787066613669,397800,Knee,walk,0.21472,0.906216,0.192272,23.24,-18.2,-26.18,-66
1787066613669,397817,Knee,walk,0.223504,1.035536,0.139568,23.59,-2.45,-35.84,-66
1787066613669,397848,Knee,walk,0.117608,1.043832,0.377712,8.54,25.97,-32.27,-66
1787066613669,397865,Knee,walk,0.265472,0.99308,0.366,10.64,46.69,-27.09,-66
1787066613669,397882,Knee,walk,0.293776,1.067256,0.309392,11.06,63.91,-27.65,-66
1787066613669,397899,Knee,walk,0.259616,1.116544,0.249368,15.19,64.68,-32.34,-66
1787066613669,397916,Knee,walk,0.245952,1.11752,0.188368,17.5,62.23,-34.3,-66
1787066614028,398093,Knee,walk,-0.215208,0.98576,-0.028792,31.85,0.7,-20.51,-66
1787066614028,398123,Knee,walk,-0.081984,0.985272,-0.037088,28.14,3.15,-17.78,-66
1787066614028,398141,Knee,walk,-0.03904,0.977952,-0.0488,26.74,8.12,-16.66,-66
1787066614028,398157,Knee,walk,-0.015616,0.9882,-0.07808,24.43,14.07,-14.98,-66
1787066614028,398174,Knee,walk,-0.009272,0.996984,-0.094184,21.14,15.96,-13.02,-66
1787066614028,398205,Knee,walk,-0.0488,0.993568,-0.069784,19.18,10.5,-11.27,-66
1787066614028,398222,Knee,walk,-0.085888,0.98088,-0.059536,19.6,0.7,-10.43,-66
1787066614028,398239,Knee,walk,-0.096136,0.987224,-0.077104,20.72,-10.01,-10.99,-66
1787066614028,398256,Knee,walk,-0.103944,0.993568,-0.09272,20.72,-14.98,-10.99,-66
1787066614028,398273,Knee,walk,-0.087352,0.985272,-0.106384,21.63,-23.73,-10.78,-66
1787066614391,398452,Knee,walk,-0.084424,0.97844,-0.121512,16.45,-21.84,-13.93,-64
1787066614391,398483,Knee,walk,-0.133224,0.992592,-0.12444,15.19,-18.55,-13.65,-64
1787066614391,398500,Knee,walk,-0.149816,0.984784,-0.120536,14.14,-19.6,-13.86,-64
1787066614391,398517,Knee,walk,-0.139568,0.984296,-0.129808,14.35,-22.96,-13.72,-64
1787066614391,398534,Knee,walk,-0.123952,0.986736,-0.132736,13.23,-24.29,-13.58,-64
1787066614391,398566,Knee,walk,-0.145424,0.974048,-0.132736,12.39,-23.24,-13.65,-64
1787066614391,398583,Knee,walk,-0.1586,0.976976,-0.123464,11.83,-22.96,-13.44,-64
1787066614391,398600,Knee,walk,-0.162016,0.974536,-0.097112,12.04,-22.47,-13.79,-64
1787066614391,398617,Knee,walk,-0.158112,0.97356,-0.103456,12.32,-24.15,-14.77,-64
1787066614391,398634,Knee,walk,-0.119072,0.986248,-0.109312,11.69,-25.13,-15.26,-64
1787066614753,398814,Knee,walk,-0.127856,0.959408,-0.1464,23.17,-40.88,-40.88,-64
1787066614753,398845,Knee,walk,-0.115168,0.991616,-0.11224,24.36,-38.99,-45.71,-64
1787066614753,398862,Knee,walk,-0.122488,0.992592,-0.099552,25.34,-33.53,-49.14,-64
1787066614753,398879,Knee,walk,-0.129808,1.02236,-0.08052,26.11,-29.19,-51.45,-64
1787066614753,398896,Knee,walk,-0.1586,1.071648,-0.05612,26.39,-19.25,-56.84,-64
1787066614753,398927,Knee,walk,-0.280112,1.081408,0.030744,25.55,-11.34,-60.62,-64
1787066614753,398944,Knee,walk,-0.33672,1.062376,0.052704,29.19,-18.48,-62.86,-64
1787066614753,398961,Knee,walk,-0.350872,1.007232,0.081008,30.73,-29.75,-65.31,-64
1787066614753,398978,Knee,walk,-0.332816,0.950136,0.103456,35.14,-39.13,-69.72,-64
1787066614753,398995,Knee,walk,-0.325008,0.941352,0.103456,42.14,-46.27,-73.22,-64
1787066615115,399175,Knee,walk,-0.751032,0.735416,-0.50264,32.34,0.14,-24.85,-64
1787066615115,399206,Knee,walk,-0.817888,0.655384,-0.434808,32.83,-20.3,-7,-64
1787066615115,399223,Knee,walk,-0.858392,0.65148,-0.440176,19.32,-29.26,11.06,-64
1787066615115,399240,Knee,walk,-0.85644,0.589992,-0.386496,14.77,-46.34,27.3,-64
1787066615115,399257,Knee,walk,-0.833992,0.592432,-0.317688,3.5,-53.34,37.45,-64
1787066615115,399288,Knee,walk,-0.702232,0.628544,-0.305488,-24.64,-51.87,72.03,-64
1787066615115,399305,Knee,walk,-0.604144,0.611464,-0.284016,-31.99,-44.66,78.61,-64
1787066615115,399322,Knee,walk,-0.565592,0.632448,-0.280112,-39.97,-26.46,87.78,-64
1787066615115,399339,Knee,walk,-0.567056,0.676856,-0.2806,-47.67,-10.92,96.32,-64
1787066615115,399356,Knee,walk,-0.583648,0.672464,-0.288896,-58.94,3.57,105.07,-64
1787066615473,399535,Knee,walk,-0.199104,0.915,-0.073688,-74.76,-36.33,149.45,-64
1787066615473,399566,Knee,walk,-0.082472,0.976488,-0.029768,-75.95,-36.33,143.08,-64
1787066615473,399583,Knee,walk,0.011224,0.978928,0.042456,-72.52,-33.18,130.83,-64
1787066615473,399600,Knee,walk,0.033672,0.976976,0.118584,-65.17,-26.88,114.38,-64
1787066615473,399617,Knee,walk,0.0366,0.9516,0.15372,-61.74,-25.55,100.66,-64
1787066615473,399648,Knee,walk,0.150792,0.896456,0.291824,-34.58,-26.88,72.66,-64
1787066615473,399665,Knee,walk,0.148352,0.88084,0.31964,-28.56,-28.21,55.37,-64
1787066615473,399682,Knee,walk,0.130296,0.831552,0.345504,-12.32,-31.36,46.48,-64
1787066615473,399699,Knee,walk,0.16104,0.833016,0.309392,5.18,-38.08,28.28,-64
1787066615473,399716,Knee,walk,0.231312,0.850096,0.285968,18.55,-41.09,10.64,-64
1787066615833,399894,Knee,walk,0.18056,1.133624,0.266936,26.04,-5.95,-29.12,-58
1787066615833,399926,Knee,walk,0.160552,1.008696,0.185928,32.13,31.99,-28.49,-58
1787066615833,399943,Knee,walk,0.109312,1.0126,0.045384,37.31,27.86,-37.31,-58
1787066615833,399960,Knee,walk,0.018544,0.975024,0,37.03,41.16,-40.88,-58
1787066615833,399977,Knee,walk,-0.022936,0.955504,-0.027816,34.16,42.91,-35.56,-58
1787066615833,400008,Knee,walk,-0.131272,0.97356,-0.090768,30.31,35.42,-31.36,-58
1787066615833,400024,Knee,walk,-0.2074,0.9638,-0.0854,29.75,19.25,-28.56,-58
1787066615833,400041,Knee,walk,-0.242536,0.960872,-0.057584,30.03,8.68,-27.23,-58
1787066615833,400058,Knee,walk,-0.125904,0.9882,-0.022448,29.89,-1.26,-25.34,-58
1787066615833,400075,Knee,walk,-0.074664,0.988688,-0.015128,28.49,2.1,-24.15,-58
1787066616193,400253,Knee,walk,-0.061976,0.996496,-0.116144,22.68,-14.49,-16.73,-58
1787066616193,400284,Knee,walk,-0.071248,0.979904,-0.11468,20.86,-18.06,-16.45,-58
1787066616193,400301,Knee,walk,-0.0976,0.981856,-0.107848,20.72,-21.63,-16.03,-58
1787066616193,400318,Knee,walk,-0.097112,0.988688,-0.08052,18.62,-24.64,-15.82,-58
1787066616193,400335,Knee,walk,-0.090768,0.98088,-0.069296,18.41,-25.27,-15.54,-58
1787066616193,400366,Knee,walk,-0.052704,0.990152,-0.092232,15.96,-18.62,-14.98,-58
1787066616193,400383,Knee,walk,-0.057584,0.985272,-0.101504,14.98,-14,-14.77,-58
1787066616193,400400,Knee,walk,-0.083936,0.978928,-0.117608,14.28,-12.39,-14.98,-58
1787066616193,400417,Knee,walk,-0.130296,0.9882,-0.130784,12.74,-10.78,-14.28,-58
1787066616193,400434,Knee,walk,-0.153232,0.976976,-0.138104,10.92,-11.97,-12.81,-58
1787066616569,400614,Knee,walk,-0.088816,0.977464,-0.083448,12.39,-19.18,-19.39,-58
1787066616569,400645,Knee,walk,-0.066368,0.978928,-0.088328,14.07,-19.88,-23.24,-58
1787066616569,400662,Knee,walk,-0.033184,0.976976,-0.101016,14,-20.3,-25.62,-58
1787066616569,400679,Knee,walk,-0.00976,0.976488,-0.094672,13.86,-18.69,-28.14,-58
1787066616569,400695,Knee,walk,-0.006832,0.974048,-0.084424,14.28,-16.66,-31.36,-58
1787066616569,400726,Knee,walk,-0.058072,0.955016,-0.05612,15.82,-15.68,-36.61,-58
1787066616569,400743,Knee,walk,-0.079056,0.945256,-0.071736,18.97,-18.2,-41.3,-58
1787066616569,400760,Knee,walk,-0.118584,0.955016,-0.08052,20.37,-21.14,-46.41,-58
1787066616569,400777,Knee,walk,-0.135664,0.978928,-0.11468,23.24,-28,-48.37,-58
1787066616569,400794,Knee,walk,-0.147864,1.0004,-0.105896,24.57,-32.69,-51.03,-58
1787066616919,400975,Knee,walk,-0.372832,0.846192,0.04636,43.47,-41.3,-69.51,-66
1787066616919,401006,Knee,walk,-0.323056,0.918904,0.025864,53.69,-61.25,-72.8,-66
1787066616919,401023,Knee,walk,-0.259616,0.983808,0.002928,53.13,-68.18,-74.9,-66
1787066616919,401040,Knee,walk,-0.232288,1.000888,-0.049288,54.81,-59.29,-73.36,-66
1787066616919,401057,Knee,walk,-0.221552,1.035536,-0.120536,56.91,-44.24,-74.83,-66
1787066616919,401088,Knee,walk,-0.347944,1.016992,-0.275232,53.13,-5.95,-73.22,-66
1787066616919,401105,Knee,walk,-0.493856,0.925736,-0.354288,50.75,11.48,-65.73,-66
1787066616919,401122,Knee,walk,-0.6466,0.880352,-0.425536,42.77,19.53,-53.9,-66
1787066616919,401139,Knee,walk,-0.717848,0.843264,-0.458232,18.62,14.56,-40.25,-66
1787066616919,401156,Knee,walk,-0.815936,0.729072,-0.503616,27.93,8.05,-33.04,-66
1787066617278,401335,Knee,walk,-0.596336,0.687592,-0.259616,-52.36,6.79,121.31,-66
1787066617278,401366,Knee,walk,-0.606096,0.68808,-0.257176,-72.31,24.92,144.55,-66
1787066617278,401383,Knee,walk,-0.658312,0.669536,-0.269376,-76.3,25.83,152.46,-66
1787066617278,401400,Knee,walk,-0.728096,0.693936,-0.311344,-83.44,9.31,163.24,-66
1787066617278,401417,Knee,walk,-0.731512,0.717848,-0.316224,-90.16,-24.36,171.5,-66
1787066617278,401448,Knee,walk,-0.604144,0.718824,-0.244488,-90.37,-72.31,180.18,-66
1787066617278,401465,Knee,walk,-0.457744,0.72224,-0.172752,-84.14,-91.77,185.22,-66
1787066617278,401482,Knee,walk,-0.263032,0.815448,-0.118096,-80.08,-96.46,186.97,-66
1787066617278,401499,Knee,walk,-0.177632,0.857904,-0.098576,-74.41,-88.13,178.92,-66
1787066617278,401516,Knee,walk,-0.047336,0.874984,-0.057096,-70.98,-82.32,169.4,-66
1787066617636,401697,Knee,walk,-0.128832,0.981856,0.227896,40.53,18.9,-44.1,-66
1787066617636,401728,Knee,walk,0.426512,1.08092,0.515816,22.12,-25.69,-11.2,-66
1787066617636,401745,Knee,walk,0.67832,1.196088,0.357704,35.7,24.71,-23.38,-66
1787066617636,401762,Knee,walk,0.661728,1.236592,0.248392,33.18,63.14,-36.4,-66
1787066617636,401779,Knee,walk,0.41236,1.093608,0.159088,29.4,84.28,-44.59,-66
1787066617636,401810,Knee,walk,-0.247904,1.003328,-0.1098,41.51,84.28,-45.15,-66
1787066617636,401827,Knee,walk,-0.40504,0.937936,-0.169336,40.39,60.13,-43.05,-66
1787066617636,401844,Knee,walk,-0.367952,0.899872,-0.125416,40.67,21.84,-37.24,-66
1787066617636,401861,Knee,walk,-0.237168,0.962336,-0.044896,38.85,-2.8,-30.59,-66
1787066617636,401878,Knee,walk,-0.13664,0.982832,-0.031232,34.23,-6.51,-26.04,-66
1787066617999,402054,Knee,walk,-0.084424,0.98332,-0.077104,26.53,-18.06,-13.86,-62
1787066617999,402085,Knee,walk,0.055632,0.991616,-0.070272,24.57,-23.87,-13.65,-62
1787066617999,402102,Knee,walk,0.032696,0.985272,-0.055632,25.48,-15.05,-16.03,-62
1787066617999,402119,Knee,walk,-0.059048,1.00284,-0.0976,25.34,-12.39,-16.1,-62
1787066617999,402136,Knee,walk,-0.122976,0.99064,-0.11712,21.21,-12.32,-15.68,-62
1787066617999,402167,Knee,walk,-0.153232,0.996496,-0.128344,19.18,-17.08,-14.28,-62
1787066617999,402184,Knee,walk,-0.157136,0.990152,-0.10248,15.96,-18.55,-12.74,-62
1787066617999,402201,Knee,walk,-0.153232,0.972584,-0.085888,16.66,-20.09,-12.32,-62
1787066617999,402218,Knee,walk,-0.155184,0.985272,-0.11224,16.66,-20.51,-11.27,-62
1787066617999,402235,Knee,walk,-0.149816,0.9882,-0.114192,14.84,-20.37,-10.71,-62
1787066618358,402415,Knee,walk,-0.100528,0.97356,-0.035624,12.81,-26.88,-11.69,-62
1787066618358,402447,Knee,walk,-0.010736,0.97112,-0.019032,14.98,-28,-14,-62
1787066618358,402464,Knee,walk,0.005368,0.97112,-0.030744,17.08,-27.93,-17.64,-62
1787066618358,402481,Knee,walk,0.000488,0.974048,-0.037576,19.53,-28.7,-22.47,-62
1787066618358,402498,Knee,walk,-0.032696,0.98576,-0.04148,20.58,-30.38,-24.57,-62
1787066618358,402529,Knee,walk,-0.042456,0.98332,-0.10736,21.91,-39.9,-26.88,-62
1787066618358,402546,Knee,walk,-0.017568,0.97844,-0.110288,21.7,-38.85,-29.4,-62
1787066618358,402563,Knee,walk,-0.072224,0.980392,-0.098576,22.47,-34.79,-31.15,-62
1787066618358,402580,Knee,walk,-0.164456,0.9882,-0.094672,22.96,-36.33,-33.74,-62
1787066618358,402597,Knee,walk,-0.233264,0.979904,-0.111752,23.31,-43.82,-34.65,-62
1787066618719,402775,Knee,walk,-0.255224,0.981368,0.00244,22.96,-47.25,-46.76,-62
1787066618719,402806,Knee,walk,-0.223016,0.952088,0.073688,25.76,-45.08,-50.26,-62
1787066618719,402823,Knee,walk,-0.203984,0.942328,0.1098,29.12,-40.74,-54.11,-62
1787066618719,402840,Knee,walk,-0.201056,0.92964,0.131272,33.46,-37.38,-59.22,-62
1787066618719,402857,Knee,walk,-0.215696,0.904752,0.129808,36.47,-36.19,-61.32,-62
1787066618719,402888,Knee,walk,-0.257176,0.974048,0.067832,47.88,-35.98,-68.88,-62
1787066618719,402905,Knee,walk,-0.277672,1.000888,0.04636,49.91,-37.03,-69.72,-62
1787066618719,402922,Knee,walk,-0.30988,1.022848,-0.028792,50.68,-36.47,-69.65,-62
1787066618719,402939,Knee,walk,-0.374784,1.023336,-0.068808,53.83,-36.26,-64.26,-62
1787066618719,402956,Knee,walk,-0.473848,1.016992,-0.171776,57.19,-29.54,-58.66,-62
1787066619094,403136,Knee,walk,-0.726144,0.661728,-0.222528,11.83,-89.95,79.73,-62
1787066619094,403167,Knee,walk,-0.586576,0.634888,-0.194224,-2.8,-72.03,99.19,-62
1787066619094,403184,Knee,walk,-0.529968,0.676856,-0.169336,-12.46,-49.7,112.14,-62
1787066619094,403201,Knee,walk,-0.544608,0.68076,-0.180072,-25.76,-26.67,122.01,-62
1787066619094,403218,Knee,walk,-0.570472,0.671488,-0.192272,-37.66,-12.88,129.92,-62
1787066619094,403248,Knee,walk,-0.686616,0.718336,-0.223504,-53.13,-18.2,144.76,-62
1787066619094,403265,Knee,walk,-0.710528,0.724192,-0.216184,-66.36,-36.33,157.01,-62
1787066619094,403282,Knee,walk,-0.725656,0.7076,-0.219112,-70.84,-50.47,162.19,-62
1787066619094,403299,Knee,walk,-0.666608,0.738832,-0.231312,-75.18,-86.24,168.7,-62
1787066619094,403329,Knee,walk,-0.389424,0.794464,-0.204472,-75.81,-120.89,177.24,-62
1787066619455,403509,Knee,walk,0.296216,0.808616,0.334768,-25.06,-44.03,22.05,-51
1787066619455,403540,Knee,walk,0.337208,0.79056,0.390888,9.03,-50.82,-8.26,-51
1787066619455,403557,Knee,walk,0.36112,0.784216,0.369904,17.29,-43.61,-28.35,-51
1787066619455,403574,Knee,walk,0.348432,0.816912,0.2806,33.53,-38.36,-37.24,-51
1787066619455,403591,Knee,walk,0.328424,0.8906,0.202032,41.58,-22.96,-53.48,-51
1787066619455,403622,Knee,walk,0.152744,0.936472,0.045384,40.6,29.12,-66.99,-51
1787066619455,403639,Knee,walk,-0.281088,1.2566,0.155184,27.16,47.32,-44.24,-51
1787066619455,403656,Knee,walk,0.147376,1.187792,0.532896,-20.16,9.38,-12.6,-51
1787066619455,403673,Knee,walk,0.682224,0.917928,0.513864,9.8,57.54,-20.3,-51
1787066619455,403690,Knee,walk,0.548024,1.104832,0.321104,23.52,77.14,-26.11,-51
1787066619811,403868,Knee,walk,-0.212768,0.992592,-0.081984,33.25,-12.53,-22.19,-51
1787066619811,403899,Knee,walk,-0.005856,0.97356,-0.085888,28.7,-8.4,-16.87,-51
1787066619811,403916,Knee,walk,0.01464,0.976488,-0.07564,28,-5.04,-15.89,-51
1787066619811,403933,Knee,walk,-0.019032,0.990152,-0.080032,27.37,0.7,-15.61,-51
1787066619811,403950,Knee,walk,-0.092232,0.986736,-0.108824,26.18,2.17,-15.05,-51
1787066619811,403981,Knee,walk,-0.140056,0.9882,-0.149816,24.85,-9.45,-14.63,-51
1787066619811,403998,Knee,walk,-0.161528,1.0126,-0.162016,22.47,-15.61,-12.88,-51
1787066619811,404014,Knee,walk,-0.144936,0.99552,-0.120048,21.63,-22.4,-11.9,-51
1787066619811,404031,Knee,walk,-0.112728,1.003816,-0.094672,22.05,-27.02,-12.39,-51
1787066619811,404048,Knee,walk,-0.107848,0.995032,-0.081984,21.42,-29.96,-12.53,-51
1787066620174,404227,Knee,walk,-0.11712,0.982344,-0.084912,23.31,-45.08,-17.92,-51
1787066620174,404258,Knee,walk,-0.062952,0.989664,-0.11956,19.04,-42.14,-17.22,-51
1787066620174,404275,Knee,walk,-0.064904,0.981856,-0.101504,19.32,-36.96,-18.27,-51
1787066620174,404292,Knee,walk,-0.088816,0.980392,-0.072224,20.65,-34.37,-19.46,-51
1787066620174,404309,Knee,walk,-0.132736,0.964288,-0.042944,21.98,-33.39,-21.91,-51
1787066620174,404340,Knee,walk,-0.075152,0.980392,-0.098576,24.01,-38.15,-24.01,-51
1787066620174,404357,Knee,walk,-0.006344,0.970632,-0.113704,23.87,-34.93,-25.48,-51
1787066620174,404374,Knee,walk,-0.033184,0.984296,-0.115168,24.29,-28.07,-27.44,-51
1787066620174,404391,Knee,walk,-0.081496,0.970632,-0.125904,24.36,-25.76,-29.68,-51
1787066620174,404408,Knee,walk,-0.10004,0.967216,-0.121512,26.67,-26.81,-32.9,-51
1787066620534,404589,Knee,walk,-0.106384,1.103856,-0.042456,35.21,-44.38,-57.54,-61
1787066620534,404620,Knee,walk,-0.020496,1.14924,0.050264,36.33,-34.44,-64.68,-61
1787066620534,404637,Knee,walk,-0.062952,1.187304,0.21716,38.85,-26.04,-70.98,-61
1787066620534,404654,Knee,walk,-0.148352,1.1346,0.282064,44.17,-24.15,-75.25,-61
1787066620534,404671,Knee,walk,-0.328912,0.976488,0.331352,49.77,-29.26,-77.21,-61
1787066620534,404701,Knee,walk,-0.386008,0.91256,0.062952,70,-59.99,-94.29,-61
1787066620534,404718,Knee,walk,-0.394792,0.932568,-0.008784,75.95,-71.12,-92.47,-61
1787066620534,404735,Knee,walk,-0.33916,0.996984,-0.115168,74.13,-83.16,-87.64,-61
1787066620534,404752,Knee,walk,-0.353312,0.986736,-0.165432,73.92,-76.93,-77.63,-61
1787066620534,404769,Knee,walk,-0.504592,0.96136,-0.196664,77.63,-69.44,-68.6,-61
1787066620970,404947,Knee,walk,-0.64172,0.665144,-0.360632,-29.4,-30.59,84,-57
1787066620970,405038,Knee,walk,-0.72224,0.62708,-0.326472,-83.09,50.82,141.19,-57
1787066620970,405070,Knee,walk,-0.788608,0.613416,-0.362584,-102.34,38.08,176.89,-57
1787066620970,405087,Knee,walk,-0.825208,0.62708,-0.376248,-105.28,22.4,185.29,-57
1787066620970,405104,Knee,walk,-0.770064,0.648552,-0.360632,-110.67,-14.98,187.6,-57
1787066620970,405121,Knee,walk,-0.62952,0.663192,-0.303048,-112.35,-50.54,190.75,-57
1787066620970,405152,Knee,walk,-0.414312,0.705648,-0.19276,-110.32,-76.65,206.01,-57
1787066620970,405169,Knee,walk,-0.198128,0.825696,-0.1098,-107.31,-77.56,210.14,-57
1787066620970,405186,Knee,walk,-0.028304,0.915,-0.000976,-99.12,-68.95,203.84,-57
1787066620970,405203,Knee,walk,-0.005856,0.891576,0.095648,-89.95,-53.76,190.68,-57
1787066621330,405384,Knee,walk,-0.259616,1.415688,-0.075152,47.32,45.5,-55.37,-57
1787066621330,405414,Knee,walk,0.5246,0.94428,0.599752,19.6,38.85,-19.11,-57
1787066621330,405432,Knee,walk,0.176168,1.229272,0.418216,39.76,55.3,-30.87,-57
1787066621330,405448,Knee,walk,0.173728,1.425936,0.20984,52.01,18.34,-46.41,-57
1787066621330,405465,Knee,walk,0.280112,1.316136,0.240096,49.91,49.28,-63.77,-57
1787066621330,405496,Knee,walk,-0.193736,0.771528,-0.216184,52.78,69.3,-59.57,-57
1787066621330,405513,Knee,walk,-0.243024,0.77104,-0.258152,57.12,45.15,-58.87,-57
1787066621330,405530,Knee,walk,-0.353312,0.884256,-0.248392,51.94,39.06,-54.04,-57
1787066621330,405547,Knee,walk,-0.365512,0.936472,-0.159576,42.35,14.84,-39.9,-57
1787066621330,405564,Knee,walk,-0.18056,0.965752,-0.070272,40.67,-2.73,-32.27,-57
1787066621706,405744,Knee,walk,-0.081984,0.982832,-0.10736,32.76,-54.88,-21.98,-58
1787066621706,405775,Knee,walk,0.103944,1.002352,-0.089304,33.74,-54.11,-23.45,-58
1787066621706,405792,Knee,walk,0.08784,0.994544,-0.068808,29.68,-39.27,-25.06,-58
1787066621706,405809,Knee,walk,0.011224,0.99796,-0.120048,27.72,-30.52,-26.67,-58
1787066621706,405826,Knee,walk,-0.02684,0.875472,-0.14152,24.36,-28.7,-26.6,-58
1787066621706,405857,Knee,walk,-0.023912,0.986736,-0.104432,20.37,-27.3,-25.41,-58
1787066621706,405874,Knee,walk,-0.030744,0.976976,-0.075152,16.03,-18.62,-25.69,-58
1787066621706,405891,Knee,walk,-0.042944,0.97112,-0.069296,16.03,-12.53,-26.32,-58
1787066621706,405908,Knee,walk,-0.072712,0.977952,-0.062464,15.75,-10.71,-27.02,-58
1787066621706,405938,Knee,walk,-0.154696,0.960872,-0.09516,17.01,-12.74,-26.95,-58
1787066622069,406118,Knee,walk,-0.087352,0.955504,-0.11468,18.06,-8.12,-38.01,-57
1787066622069,406149,Knee,walk,-0.099064,0.97112,-0.11956,18.41,-5.6,-41.16,-57
1787066622069,406166,Knee,walk,-0.12932,0.967216,-0.11224,20.16,-7.84,-43.75,-57
1787066622069,406183,Knee,walk,-0.193248,0.967704,-0.119072,21.21,-13.23,-47.74,-57
1787066622069,406200,Knee,walk,-0.244,0.966728,-0.154208,22.4,-17.15,-49.56,-57
1787066622069,406231,Knee,walk,-0.230336,1.048224,-0.157136,26.95,-31.15,-59.29,-57
1787066622069,406248,Knee,walk,-0.221064,1.091168,-0.090768,26.74,-31.57,-61.25,-57
1787066622069,406265,Knee,walk,-0.160552,1.091656,-0.061488,30.31,-29.61,-65.8,-57
1787066622069,406282,Knee,walk,-0.047824,1.196576,0.020008,31.85,-22.12,-73.92,-57
1787066622069,406299,Knee,walk,-0.02684,1.199992,0.12932,29.61,-8.19,-80.99,-57
1787066622430,406479,Knee,walk,-0.578768,0.978928,-0.340624,42.84,-16.94,-64.33,-56
1787066622430,406510,Knee,walk,-0.810568,0.819352,-0.504104,32.13,0.42,-42.7,-56
1787066622430,406527,Knee,walk,-0.911584,0.744688,-0.584624,31.78,-9.66,-24.5,-56
1787066622430,406544,Knee,walk,-0.88816,0.778848,-0.545096,18.83,-30.94,-2.24,-56
1787066622430,406561,Knee,walk,-0.84668,0.762744,-0.547048,7.77,-34.02,18.41,-56
1787066622430,406592,Knee,walk,-0.645136,0.647088,-0.428464,-26.11,-39.55,50.68,-56
1787066622430,406609,Knee,walk,-0.618296,0.618784,-0.4392,-37.38,-15.54,72.66,-56
1787066622430,406626,Knee,walk,-0.579256,0.555344,-0.41724,-52.36,-3.71,81.83,-56
1787066622430,406643,Knee,walk,-0.557784,0.59536,-0.363072,-63.28,24.92,98.56,-56
1787066622430,406659,Knee,walk,-0.613416,0.633424,-0.355752,-75.95,56.7,111.93,-56
1787066622787,406839,Knee,walk,-0.267912,0.838872,-0.050752,-108.92,-21.21,185.57,-62
1787066622787,406870,Knee,walk,-0.225456,0.884744,-0.0366,-94.36,-24.5,180.18,-62
1787066622787,406887,Knee,walk,-0.185928,0.889136,0.027328,-88.13,-40.53,169.82,-62
1787066622787,406904,Knee,walk,-0.058072,0.828136,0.135664,-74.06,-50.89,153.3,-62
1787066622787,406921,Knee,walk,0.038552,0.809104,0.275232,-55.3,-44.31,132.65,-62
1787066622787,406952,Knee,walk,0.406992,0.821304,0.370392,-24.22,-24.71,87.29,-62
1787066622787,406969,Knee,walk,0.487024,0.835456,0.418704,-7,-5.95,50.61,-62
1787066622787,406986,Knee,walk,0.589992,0.826672,0.467016,-1.47,4.83,14.7,-62
1787066622787,407003,Knee,walk,0.572912,0.716384,0.551928,13.37,27.79,-2.17,-62
1787066622787,407020,Knee,walk,0.467504,0.678808,0.449448,35.21,50.75,-31.29,-62
1787066623150,407198,Knee,walk,-0.703696,0.915488,-0.3172,59.01,27.02,-45.78,-62
1787066623150,407229,Knee,walk,-0.455792,0.959408,-0.173728,50.47,-41.72,-31.57,-62
1787066623150,407246,Knee,walk,-0.004392,1.006744,-0.022448,39.83,-38.78,-27.93,-62
1787066623150,407263,Knee,walk,0.186904,0.976488,0.044408,36.47,3.29,-29.61,-62
1787066623150,407280,Knee,walk,0.125904,0.955016,0.015616,36.47,38.08,-29.61,-62
1787066623150,407311,Knee,walk,-0.105408,0.96624,-0.061488,34.58,26.25,-24.92,-62
1787066623150,407328,Knee,walk,-0.064904,0.96868,-0.053192,36.26,8.33,-24.36,-62
1787066623150,407344,Knee,walk,0.034648,0.977464,-0.042456,35.77,2.38,-24.71,-62
1787066623150,407361,Knee,walk,0.051728,0.977952,-0.012688,35.35,-4.69,-25.83,-62
1787066623150,407378,Knee,walk,0.015616,0.999912,-0.043432,35.91,-11.34,-27.37,-62
1787066623509,407557,Knee,walk,-0.103944,0.994056,-0.1098,16.59,-9.31,-20.44,-63
1787066623509,407588,Knee,walk,-0.125904,0.979416,-0.08052,16.03,-13.79,-20.72,-63
1787066623509,407605,Knee,walk,-0.135176,0.974536,-0.07564,15.12,-17.5,-21.35,-63
1787066623509,407622,Knee,walk,-0.142496,0.972584,-0.081984,16.03,-22.33,-23.03,-63
1787066623509,407639,Knee,walk,-0.13664,0.972096,-0.082472,15.75,-27.58,-24.22,-63
1787066623509,407670,Knee,walk,-0.096624,0.970632,-0.045872,16.94,-30.03,-26.81,-63
1787066623509,407687,Knee,walk,-0.09028,0.968192,-0.054656,18.2,-28.28,-29.26,-63
1787066623509,407704,Knee,walk,-0.093208,0.969656,-0.063928,18.27,-26.39,-30.87,-63
1787066623509,407721,Knee,walk,-0.10004,0.95648,-0.081984,17.29,-20.79,-31.92,-63
1787066623509,407738,Knee,walk,-0.094184,0.952576,-0.07808,17.43,-15.33,-33.95,-63
1787066623870,407919,Knee,walk,-0.20008,1.08824,-0.060024,28.63,-33.74,-64.68,-63
1787066623870,407950,Knee,walk,-0.053192,1.22976,0.038552,29.19,-22.54,-77.28,-63
1787066623870,407967,Knee,walk,-0.0488,1.21512,0.177144,27.65,-2.17,-81.76,-63
1787066623870,407983,Knee,walk,-0.173728,1.1712,0.240584,34.02,7.63,-91.63,-63
1787066623870,408000,Knee,walk,-0.313296,1.120448,0.221552,42.14,-3.08,-98.21,-63
1787066623870,408031,Knee,walk,-0.32696,1.062376,0.08052,51.73,-38.43,-101.01,-63
1787066623870,408048,Knee,walk,-0.250344,1.014552,-0.072712,50.89,-51.59,-101.08,-63
1787066623870,408065,Knee,walk,-0.210328,1.021872,-0.080032,49.21,-53.13,-90.93,-63
1787066623870,408082,Knee,walk,-0.215208,1.009672,-0.10736,47.04,-28.07,-80.78,-63
1787066623870,408099,Knee,walk,-0.281576,0.969656,-0.203984,44.17,-14.28,-76.79,-63
1787066624232,408279,Knee,walk,-0.539728,0.54412,-0.388448,-51.24,9.24,85.26,-63
1787066624232,408310,Knee,walk,-0.598776,0.642208,-0.412848,-80.64,54.67,108.43,-63
1787066624232,408327,Knee,walk,-0.693448,0.61488,-0.433344,-88.27,57.54,113.12,-63
1787066624232,408344,Knee,walk,-0.731512,0.610488,-0.443592,-101.85,51.59,121.66,-63
1787066624232,408361,Knee,walk,-0.693936,0.635376,-0.398208,-118.02,46.2,136.85,-63
1787066624232,408392,Knee,walk,-0.62708,0.71492,-0.347944,-130.27,27.44,152.04,-63
1787066624232,408409,Knee,walk,-0.520696,0.783728,-0.274744,-131.18,15.89,155.26,-63
1787066624232,408426,Knee,walk,-0.393816,0.869616,-0.220088,-130.55,10.29,157.64,-63
1787066624232,408443,Knee,walk,-0.332816,0.946232,-0.127368,-131.04,18.2,160.72,-63
1787066624232,408460,Knee,walk,-0.217648,0.970632,-0.08784,-129.78,24.29,159.53,-63
1787066624595,408640,Knee,walk,0.245952,0.81008,0.22692,12.74,-58.52,46.83,-75
1787066624595,408671,Knee,walk,0.406504,0.891088,0.293776,15.47,-36.54,13.02,-75
1787066624595,408688,Knee,walk,0.39772,0.830576,0.325496,19.11,-5.74,-8.05,-75
1787066624595,408705,Knee,walk,0.3294,0.819352,0.320616,22.82,10.85,-28.91,-75
1787066624595,408722,Knee,walk,0.206912,0.825696,0.2562,31.71,41.02,-39.13,-75
1787066624595,408753,Knee,walk,-0.067832,0.899872,0.009272,50.61,66.57,-59.08,-75
1787066624595,408770,Knee,walk,-0.345992,1.329312,-0.012688,37.03,54.67,-48.09,-75
1787066624595,408787,Knee,walk,-0.077104,1.081896,0.52948,-6.65,21.28,-16.66,-75
1787066624595,408804,Knee,walk,0.389424,0.99796,0.676856,24.85,35.42,-16.8,-75
1787066624595,408821,Knee,walk,0.186416,1.4518,0.404064,37.87,39.76,-30.1,-75
1787066624951,408999,Knee,walk,-0.131272,0.989664,-0.034648,30.17,7.7,-25.55,-75
1787066624951,409030,Knee,walk,0.049288,0.971608,-0.008784,28.14,19.46,-22.26,-75
1787066624951,409047,Knee,walk,0.045872,0.971608,-0.03416,27.3,27.51,-20.44,-75
1787066624951,409064,Knee,walk,0.025864,0.98332,-0.022448,25.9,29.05,-20.65,-75
1787066624951,409081,Knee,walk,-0.025864,0.984296,0.001952,24.43,30.1,-21.77,-75
1787066624951,409112,Knee,walk,-0.146888,0.98576,-0.069784,22.89,2.87,-21.07,-75
1787066624951,409129,Knee,walk,-0.164456,0.984784,-0.096624,23.73,4.55,-21.21,-75
1787066624951,409146,Knee,walk,-0.147864,0.984784,-0.12444,23.8,-6.16,-20.02,-75
1787066624951,409163,Knee,walk,-0.145424,0.986736,-0.09272,23.03,-10.99,-18.76,-75
1787066624951,409180,Knee,walk,-0.142984,0.984784,-0.058072,23.38,-13.79,-19.53,-75
1787066625313,409358,Knee,walk,-0.149816,0.982832,-0.072224,11.13,-11.2,-14.7,-75
1787066625313,409389,Knee,walk,-0.14152,0.990152,-0.07808,11.69,-17.29,-16.45,-75
1787066625313,409406,Knee,walk,-0.13908,0.984296,-0.06588,11.97,-17.57,-17.5,-75
1787066625313,409423,Knee,walk,-0.146888,0.976976,-0.053192,12.32,-18.41,-19.46,-75
1787066625313,409440,Knee,walk,-0.113216,0.986248,-0.033184,13.23,-21.42,-20.51,-75
1787066625313,409471,Knee,walk,-0.069784,0.972096,0.000976,14.91,-20.72,-26.53,-75
1787066625313,409488,Knee,walk,-0.049288,0.970632,-0.004392,16.94,-21.77,-28.77,-75
1787066625313,409505,Knee,walk,0.018056,0.981368,-0.006344,18.62,-23.59,-34.16,-75
1787066625313,409522,Knee,walk,0.077104,0.983808,0.000488,21.63,-25.06,-39.48,-75
1787066625313,409539,Knee,walk,0.099064,0.955992,0.018056,22.89,-25.97,-44.38,-75
1787066625689,409719,Knee,walk,-0.379176,1.070672,0.14152,33.53,-27.37,-81.41,-62
1787066625689,409750,Knee,walk,-0.36356,1.004792,0.108336,42.98,-37.94,-86.03,-62
1787066625689,409767,Knee,walk,-0.290848,1.014552,0.038064,44.66,-46.83,-87.78,-62
1787066625689,409783,Knee,walk,-0.242536,1.011136,0.032696,44.8,-54.11,-87.43,-62
1787066625689,409800,Knee,walk,-0.200568,0.970632,0.05368,44.31,-51.45,-87.92,-62
1787066625689,409831,Knee,walk,-0.260104,0.938912,-0.020008,47.25,-20.65,-72.03,-62
1787066625689,409848,Knee,walk,-0.341112,0.959896,-0.14396,50.12,-11.41,-69.09,-62
1787066625689,409865,Knee,walk,-0.481656,0.94672,-0.249856,50.68,-0.14,-64.26,-62
1787066625689,409882,Knee,walk,-0.617808,0.887672,-0.347944,49.98,4.62,-57.61,-62
1787066625689,409913,Knee,walk,-0.78568,0.786168,-0.4392,45.01,-9.31,-41.72,-62
1787066626049,410092,Knee,walk,-0.822768,0.665144,-0.262056,-52.22,9.66,123.27,-62
1787066626049,410123,Knee,walk,-0.770552,0.68564,-0.247904,-73.57,-19.53,152.67,-62
1787066626049,410140,Knee,walk,-0.733464,0.665144,-0.213744,-77.84,-25.62,160.51,-62
1787066626049,410157,Knee,walk,-0.645624,0.67832,-0.210328,-86.1,-38.85,171.22,-62
1787066626049,410174,Knee,walk,-0.46116,0.739808,-0.160552,-92.89,-43.61,176.75,-62
1787066626049,410205,Knee,walk,-0.349896,0.827648,-0.103944,-100.45,-34.09,177.8,-62
1787066626049,410222,Knee,walk,-0.306464,0.87108,-0.093208,-108.29,-26.32,178.57,-62
1787066626049,410239,Knee,walk,-0.205936,0.955504,-0.061488,-112.28,-22.19,171.99,-62
1787066626049,410256,Knee,walk,-0.169336,0.974048,-0.006344,-112.98,-12.18,162.61,-62
1787066626049,410273,Knee,walk,-0.123952,0.958432,0.035136,-111.58,-5.39,158.48,-62
1787066626409,410455,Knee,walk,0.0976,0.824232,0.079056,59.15,42.28,-58.17,-62
1787066626409,410486,Knee,walk,0.045872,1.209752,0.620736,3.5,14.56,-8.12,-62
1787066626409,410503,Knee,walk,0.68564,1.106784,0.765184,31.85,47.88,-16.03,-62
1787066626409,410520,Knee,walk,0.577304,1.399584,0.59048,41.09,77.98,-34.09,-62
1787066626409,410537,Knee,walk,0.194224,1.332728,0.195688,38.57,78.54,-43.96,-62
1787066626409,410567,Knee,walk,-0.26596,0.848144,-0.10004,55.09,80.5,-46.62,-62
1787066626409,410584,Knee,walk,-0.465552,0.870592,-0.234728,55.3,60.34,-43.12,-62
1787066626409,410601,Knee,walk,-0.447008,0.99308,-0.263032,55.93,19.6,-40.25,-62
1787066626409,410618,Knee,walk,-0.405528,0.96868,-0.17324,50.82,-0.63,-34.79,-62
1787066626409,410635,Knee,walk,-0.298168,0.948672,-0.109312,44.38,-6.44,-26.32,-62
1787066626771,410814,Knee,walk,-0.105408,0.988688,-0.09028,28.63,-15.82,-19.74,-62
1787066626771,410846,Knee,walk,-0.138104,0.991616,-0.092232,27.44,-20.72,-19.6,-62
1787066626771,410863,Knee,walk,-0.138592,1.000888,-0.068808,26.04,-24.85,-19.46,-62
1787066626771,410880,Knee,walk,-0.125904,0.994544,-0.054168,22.75,-23.31,-18.34,-62
1787066626771,410897,Knee,walk,-0.094184,0.978928,-0.040016,21.49,-21.7,-17.01,-62
1787066626771,410928,Knee,walk,-0.059536,0.991128,-0.0732,20.09,-9.8,-16.17,-62
1787066626771,410945,Knee,walk,-0.057584,0.984784,-0.076128,18.55,-3.36,-15.54,-62
1787066626771,410962,Knee,walk,-0.064904,0.977464,-0.06588,17.36,-0.28,-15.19,-62
1787066626771,410979,Knee,walk,-0.093208,0.997472,-0.084912,15.96,4.48,-14.42,-62
1787066626771,410996,Knee,walk,-0.131272,0.992592,-0.103456,13.37,5.32,-13.58,-62
1787066627132,411176,Knee,walk,-0.066856,0.969168,-0.067344,11.62,-0.63,-20.86,-69
1787066627132,411207,Knee,walk,-0.066856,0.981368,-0.05124,12.81,4.06,-24.43,-69
1787066627132,411224,Knee,walk,-0.086864,0.976488,-0.06588,12.95,2.03,-27.02,-69
1787066627132,411240,Knee,walk,-0.061976,0.977952,-0.07076,12.95,-4.48,-30.03,-69
1787066627132,411257,Knee,walk,-0.043432,0.976488,-0.069296,15.05,-9.8,-33.32,-69
1787066627132,411288,Knee,walk,-0.081496,0.960384,-0.048312,16.8,-19.81,-38.15,-69
1787066627132,411305,Knee,walk,-0.094672,0.947696,-0.044896,19.95,-25.13,-42.63,-69
1787066627132,411322,Knee,walk,-0.10736,0.960384,-0.062464,22.26,-27.44,-50.05,-69
1787066627132,411339,Knee,walk,-0.102968,1.008208,-0.105896,26.32,-33.81,-53.69,-69
1787066627132,411356,Knee,walk,-0.086864,1.045296,-0.116632,28.49,-37.66,-57.96,-69
1787066627506,411536,Knee,walk,-0.293776,0.942328,0.081984,43.05,-61.46,-83.09,-55
1787066627506,411567,Knee,walk,-0.242048,0.96868,0.025376,42.49,-66.43,-81.62,-55
1787066627506,411584,Knee,walk,-0.213256,1.023336,-0.037576,40.6,-57.12,-76.09,-55
1787066627506,411601,Knee,walk,-0.2318,1.057496,-0.113704,36.05,-35.84,-73.64,-55
1787066627506,411618,Knee,walk,-0.31964,1.068232,-0.228384,31.08,-6.79,-71.12,-55
1787066627506,411649,Knee,walk,-0.48556,0.955504,-0.39528,20.58,28.28,-64.61,-55
1787066627506,411666,Knee,walk,-0.582672,0.877424,-0.484096,14.77,38.22,-57.47,-55
1787066627506,411683,Knee,walk,-0.63684,0.823744,-0.535336,13.65,39.55,-47.53,-55
1787066627506,411700,Knee,walk,-0.711016,0.733952,-0.5368,12.81,33.81,-35.14,-55
1787066627506,411730,Knee,walk,-0.772504,0.718824,-0.500688,-16.8,8.89,-7.42,-55
1787066627868,411909,Knee,walk,-0.608536,0.74908,-0.39284,-140.07,96.25,129.08,-55
1787066627868,411940,Knee,walk,-0.477752,0.869616,-0.286944,-143.85,76.79,138.32,-55
1787066627868,411957,Knee,walk,-0.427,0.8906,-0.203496,-144.62,71.33,144.06,-55
1787066627868,411974,Knee,walk,-0.395768,0.88572,-0.171288,-144.06,74.27,150.71,-55
1787066627868,411991,Knee,walk,-0.374296,0.8906,-0.1464,-136.22,76.02,152.53,-55
1787066627868,412022,Knee,walk,-0.373808,0.899872,-0.118096,-121.66,73.01,160.09,-55
1787066627868,412039,Knee,walk,-0.353312,0.8906,-0.076128,-118.44,68.39,162.12,-55
1787066627868,412056,Knee,walk,-0.24888,0.959896,-0.004392,-109.69,55.44,163.03,-55
1787066627868,412073,Knee,walk,-0.222528,0.958432,0.073688,-104.02,49.21,155.4,-55
1787066627868,412090,Knee,walk,-0.256688,0.8418,0.171288,-88.34,31.43,143.5,-55
1787066628229,412271,Knee,walk,-0.18056,1.331264,0.410896,21.7,96.39,-19.11,-55
1787066628229,412302,Knee,walk,0.50752,1.223904,0.758352,31.43,112.42,-21.56,-55
1787066628229,412319,Knee,walk,-0.037576,1.267336,0.377224,44.52,134.4,-37.87,-55
1787066628229,412337,Knee,walk,-0.396256,0.945256,-0.103456,53.83,101.5,-42.91,-55
1787066628229,412354,Knee,walk,-0.374784,0.894992,-0.284992,64.05,68.95,-46.41,-55
1787066628229,412385,Knee,walk,-0.481656,0.943792,-0.277184,58.94,40.25,-38.85,-55
1787066628229,412402,Knee,walk,-0.433832,0.958432,-0.213744,54.88,15.33,-31.99,-55
1787066628229,412419,Knee,walk,-0.40016,0.974536,-0.17324,52.01,3.5,-24.29,-55
1787066628229,412436,Knee,walk,-0.289872,1.016992,-0.084912,42.98,-0.28,-21.14,-55
1787066628229,412453,Knee,walk,-0.0854,0.967704,0.061976,33.95,5.95,-20.65,-55
1787066628590,412631,Knee,walk,-0.170312,0.987224,-0.110776,31.64,-9.31,-21.63,-55
1787066628590,412662,Knee,walk,-0.176656,0.989664,-0.062464,28.77,-12.88,-20.65,-55
1787066628590,412679,Knee,walk,-0.17812,0.97112,-0.0488,27.72,-13.86,-19.74,-55
1787066628590,412696,Knee,walk,-0.148352,0.981856,-0.047824,27.23,-16.03,-19.11,-55
1787066628590,412713,Knee,walk,-0.106872,0.979416,-0.083448,27.09,-15.96,-19.18,-55
1787066628590,412744,Knee,walk,-0.038064,0.97112,-0.115656,24.22,-8.54,-18.69,-55
1787066628590,412761,Knee,walk,-0.05612,0.999424,-0.133224,22.12,3.29,-18.27,-55
1787066628590,412778,Knee,walk,-0.096136,0.999912,-0.135664,19.25,11.69,-18.69,-55
1787066628590,412795,Knee,walk,-0.186904,0.9882,-0.13908,18.48,11.97,-18.62,-55
1787066628590,412812,Knee,walk,-0.233752,0.983808,-0.139568,17.43,5.6,-17.71,-55
1787066628950,412991,Knee,walk,-0.157624,0.953064,-0.1098,17.08,-5.81,-26.39,-61
1787066628950,413022,Knee,walk,-0.185928,0.974536,-0.132736,18.55,-8.19,-28.84,-61
1787066628950,413039,Knee,walk,-0.188368,0.97844,-0.147864,18.34,-12.46,-30.59,-61
1787066628950,413056,Knee,walk,-0.188856,0.974536,-0.142008,18.62,-17.15,-32.27,-61
1787066628950,413073,Knee,walk,-0.203984,0.979416,-0.142496,18.41,-21,-34.51,-61
1787066628950,413104,Knee,walk,-0.244488,0.969168,-0.147376,18.2,-26.04,-37.94,-61
1787066628950,413121,Knee,walk,-0.269864,0.964288,-0.171776,18.55,-29.19,-40.11,-61
1787066628950,413138,Knee,walk,-0.269864,0.96868,-0.18056,18.27,-33.6,-42.35,-61
1787066628950,413155,Knee,walk,-0.257176,0.989176,-0.180072,18.69,-35.42,-43.61,-61
1787066628950,413172,Knee,walk,-0.238632,1.036512,-0.160064,19.67,-39.27,-47.25,-61
1787066629310,413351,Knee,walk,-0.215696,0.976976,-0.035624,38.08,-43.89,-84.49,-61
1787066629310,413382,Knee,walk,-0.266936,1.055056,-0.086864,31.36,-9.24,-74.41,-61
1787066629310,413399,Knee,walk,-0.3538,1.038952,-0.20984,28.49,0.56,-72.94,-61
1787066629310,413416,Knee,walk,-0.4514,0.979904,-0.303048,27.37,18.41,-68.95,-61
1787066629310,413433,Knee,walk,-0.584136,0.913536,-0.406992,21.49,33.32,-62.02,-61
1787066629310,413464,Knee,walk,-0.773968,0.787632,-0.588528,12.04,35.49,-46.13,-61
1787066629310,413481,Knee,walk,-0.770064,0.697352,-0.609024,7.63,19.74,-33.46,-61
1787066629310,413498,Knee,walk,-0.701256,0.72712,-0.547048,-4.27,7.28,-20.02,-61
1787066629310,413515,Knee,walk,-0.710528,0.698816,-0.54412,-20.23,6.86,-3.71,-61
1787066629310,413532,Knee,walk,-0.692472,0.614392,-0.472872,-28.21,2.87,5.95,-61
1787066629673,413711,Knee,walk,-0.531432,0.837408,-0.35868,-143.01,99.47,118.16,-61
1787066629673,413742,Knee,walk,-0.474336,0.867176,-0.245952,-133.35,96.95,123.48,-61
1787066629673,413759,Knee,walk,-0.514352,0.862784,-0.220088,-130.06,92.12,125.58,-61
1787066629673,413776,Knee,walk,-0.572424,0.813008,-0.188368,-122.57,75.95,135.1,-61
1787066629673,413793,Knee,walk,-0.584136,0.799344,-0.202032,-110.53,53.34,146.44,-61
1787066629673,413824,Knee,walk,-0.491904,0.825208,-0.19276,-92.19,8.89,161.28,-61
1787066629673,413841,Knee,walk,-0.374784,0.82228,-0.185928,-80.99,-16.03,169.19,-61
1787066629673,413858,Knee,walk,-0.264496,0.89792,-0.1586,-69.65,-34.51,173.11,-61
1787066629673,413875,Knee,walk,-0.238144,0.91744,-0.09272,-62.16,-52.5,167.58,-61
1787066629673,413891,Knee,walk,-0.174704,0.843752,-0.060024,-54.11,-62.09,160.72,-61
1787066630033,414072,Knee,walk,0.287432,0.81008,0.208376,64.96,113.12,-70.77,-56
1787066630033,414104,Knee,walk,-0.293288,1.83488,-0.119072,19.95,117.39,-35.42,-56
1787066630033,414121,Knee,walk,0.780312,1.160464,0.750056,-58.94,111.72,1.96,-56
1787066630033,414138,Knee,walk,1.051152,0.565592,1.074576,-14.91,205.87,-30.73,-56
1787066630033,414155,Knee,walk,0.077592,0.757864,0.713944,35.49,198.45,-40.04,-56
1787066630033,414186,Knee,walk,-0.311832,1.377136,0.010248,33.39,57.96,-59.22,-56
1787066630033,414203,Knee,walk,0.053192,0.793976,0.028792,41.65,46.34,-56.63,-56
1787066630033,414220,Knee,walk,0.044896,0.845704,-0.262056,56.14,36.96,-49.91,-56
1787066630033,414237,Knee,walk,-0.244,1.03212,-0.361608,51.52,32.69,-46.34,-56
1787066630033,414254,Knee,walk,-0.502152,0.991128,-0.19276,42.14,10.15,-40.74,-56
1787066630399,414434,Knee,walk,-0.181048,0.988688,-0.121024,25.48,-9.17,-19.53,-56
1787066630399,414465,Knee,walk,-0.100528,0.997472,-0.126392,26.32,-34.44,-19.25,-56
1787066630399,414482,Knee,walk,-0.04148,1.00284,-0.106384,26.25,-39.27,-19.46,-56
1787066630399,414499,Knee,walk,-0.040016,0.993568,-0.070272,24.29,-37.66,-19.46,-56
1787066630399,414516,Knee,walk,-0.073688,0.980392,-0.054656,24.08,-36.33,-19.74,-56
1787066630399,414547,Knee,walk,-0.045384,0.984784,-0.081496,23.1,-37.59,-19.74,-56
1787066630399,414563,Knee,walk,-0.016592,0.9882,-0.094184,21.21,-30.52,-19.11,-56
1787066630399,414580,Knee,walk,0.000488,0.992592,-0.115168,19.81,-25.34,-19.11,-56
1787066630399,414597,Knee,walk,-0.061976,0.986248,-0.105896,17.78,-17.29,-19.25,-56
1787066630399,414614,Knee,walk,-0.135664,0.984296,-0.118584,16.94,-17.01,-19.18,-56
1787066630757,414794,Knee,walk,-0.139568,0.957944,-0.116632,14.07,-22.47,-25.13,-56
1787066630757,414825,Knee,walk,-0.126392,0.980392,-0.13176,14.56,-18.83,-28.21,-56
1787066630757,414842,Knee,walk,-0.133712,0.969168,-0.131272,14.91,-18.62,-29.82,-56
1787066630757,414859,Knee,walk,-0.110776,0.976488,-0.118584,16.24,-20.65,-32.48,-56
1787066630757,414876,Knee,walk,-0.093696,0.977464,-0.098088,15.89,-22.05,-34.79,-56
1787066630757,414907,Knee,walk,-0.035136,0.967216,-0.058072,17.71,-24.43,-39.34,-56
1787066630757,414924,Knee,walk,-0.056608,0.957944,-0.050264,19.53,-26.18,-43.68,-56
1787066630757,414941,Knee,walk,-0.070272,0.951112,-0.066368,20.72,-30.24,-48.51,-56
1787066630757,414958,Knee,walk,-0.086864,0.965264,-0.086376,23.45,-31.71,-51.17,-56
1787066630757,414975,Knee,walk,-0.109312,1.020896,-0.129808,27.16,-32.62,-56.21,-56
1787066631132,415156,Knee,walk,-0.396256,0.88816,0.006344,55.65,-70.56,-77.49,-67
1787066631132,415187,Knee,walk,-0.27816,0.977952,-0.010248,55.23,-84.35,-72.8,-67
1787066631132,415203,Knee,walk,-0.260592,1.004304,-0.0244,55.58,-80.36,-71.61,-67
1787066631132,415220,Knee,walk,-0.303048,1.017968,-0.108824,59.01,-60.62,-69.93,-67
1787066631132,415237,Knee,walk,-0.399184,1.026264,-0.223992,56.14,-37.31,-64.89,-67
1787066631132,415267,Knee,walk,-0.579744,0.930128,-0.378688,50.47,-8.89,-54.6,-67
1787066631132,415284,Knee,walk,-0.686616,0.861808,-0.4514,46.48,-6.09,-44.59,-67
1787066631132,415302,Knee,walk,-0.731512,0.733952,-0.501176,39.2,-10.22,-30.52,-67
1787066631132,415318,Knee,walk,-0.803736,0.669048,-0.511912,36.54,-14.21,-14.7,-67
1787066631132,415349,Knee,walk,-0.77836,0.663192,-0.413824,16.17,-32.9,18.13,-67
1787066631507,415530,Knee,walk,-0.7076,0.704184,-0.317688,-98.56,17.99,157.64,-67
1787066631507,415561,Knee,walk,-0.567544,0.755912,-0.238632,-102.06,-11.83,164.78,-67
1787066631507,415578,Knee,walk,-0.467992,0.782752,-0.16348,-102.62,-23.73,167.16,-67
1787066631507,415595,Knee,walk,-0.384056,0.794464,-0.095648,-99.82,-24.64,171.22,-67
1787066631507,415612,Knee,walk,-0.344528,0.831064,-0.085888,-96.88,-21.21,173.18,-67
1787066631507,415643,Knee,walk,-0.23424,0.92232,-0.077104,-92.75,-25.9,170.1,-67
1787066631507,415659,Knee,walk,-0.196176,0.923784,-0.055632,-91.28,-32.76,164.57,-67
1787066631507,415676,Knee,walk,-0.128344,0.91744,0.017568,-85.26,-36.26,159.18,-67
1787066631507,415693,Knee,walk,-0.095648,0.896456,0.078568,-72.52,-42.49,142.59,-67
1787066631507,415724,Knee,walk,0.03904,0.849608,0.18788,-50.26,-53.27,116.69,-67
1787066631867,415905,Knee,walk,-0.049288,1.39324,0.338184,0,55.44,-20.23,-67
1787066631867,415935,Knee,walk,0.430904,1.175592,0.54656,28.49,109.9,-31.29,-67
1787066631867,415953,Knee,walk,0.163968,1.36884,0.196176,35.7,98.84,-51.45,-67
1787066631867,415969,Knee,walk,-0.121024,1.121424,0.02196,37.59,80.85,-57.47,-67
1787066631867,415986,Knee,walk,-0.160064,0.879864,-0.106384,54.67,66.15,-57.89,-67
1787066631867,416017,Knee,walk,-0.347456,0.95892,-0.284016,49.84,45.71,-38.99,-67
1787066631867,416034,Knee,walk,-0.548024,0.960384,-0.31232,49.77,7.35,-38.15,-67
1787066631867,416051,Knee,walk,-0.54656,0.933056,-0.230336,47.53,-32.83,-33.81,-67
1787066631867,416068,Knee,walk,-0.325008,0.957456,-0.132736,39.48,-53.76,-27.72,-67
1787066631867,416085,Knee,walk,-0.174216,0.989176,-0.055632,33.74,-44.52,-24.15,-67
1787066632231,416264,Knee,walk,-0.053192,0.990152,-0.093696,26.32,-39.76,-19.32,-67
1787066632231,416296,Knee,walk,-0.06832,0.996008,-0.077592,23.59,-39.55,-18.97,-67
1787066632231,416313,Knee,walk,-0.093696,0.964776,-0.072712,22.68,-37.73,-18.69,-67
1787066632231,416330,Knee,walk,-0.094672,0.967704,-0.083936,22.61,-37.1,-18.13,-67
1787066632231,416347,Knee,walk,-0.075152,0.98576,-0.115168,20.86,-35.63,-17.36,-67
1787066632231,416378,Knee,walk,-0.059048,0.975512,-0.108336,17.5,-24.5,-14.98,-67
1787066632231,416395,Knee,walk,-0.074176,0.979904,-0.104432,16.73,-21.42,-15.05,-67
1787066632231,416412,Knee,walk,-0.12444,0.991128,-0.110776,15.33,-17.92,-14.56,-67
1787066632231,416429,Knee,walk,-0.154696,0.988688,-0.123952,14.28,-20.65,-14.84,-67
1787066632231,416446,Knee,walk,-0.162992,0.986248,-0.126392,13.79,-27.37,-14.7,-67
1787066632592,416626,Knee,walk,-0.067344,0.969168,-0.097112,16.59,-23.31,-29.68,-57
1787066632592,416657,Knee,walk,-0.126392,0.967704,-0.11712,16.73,-17.43,-32.62,-57
1787066632592,416674,Knee,walk,-0.165432,0.96868,-0.126392,16.52,-16.38,-33.67,-57
1787066632592,416691,Knee,walk,-0.214232,0.966728,-0.123464,16.87,-19.04,-34.93,-57
1787066632592,416708,Knee,walk,-0.235704,0.963312,-0.243512,17.01,-24.08,-36.26,-57
1787066632592,416739,Knee,walk,-0.223016,0.94916,-0.156648,17.64,-31.85,-36.54,-57
1787066632592,416756,Knee,walk,-0.203008,0.94672,-0.152256,18.62,-33.11,-38.85,-57
1787066632592,416773,Knee,walk,-0.17324,0.948184,-0.152256,19.39,-32.97,-41.79,-57
1787066632592,416790,Knee,walk,-0.144448,0.966728,-0.154696,20.37,-32.06,-43.68,-57
1787066632592,416807,Knee,walk,-0.092232,1.016992,-0.161528,21.98,-29.4,-48.37,-57
1787066632952,416988,Knee,walk,-0.351848,0.974536,-0.053192,59.15,-78.68,-88.2,-57
1787066632952,417019,Knee,walk,-0.26108,1.056032,-0.07564,53.55,-78.75,-73.5,-57
1787066632952,417036,Knee,walk,-0.223992,1.111664,-0.16592,50.26,-52.36,-71.89,-57
1787066632952,417053,Knee,walk,-0.2684,1.067744,-0.285968,41.79,-16.24,-68.46,-57
1787066632952,417070,Knee,walk,-0.376248,0.983808,-0.429928,32.27,19.74,-62.3,-57
1787066632952,417101,Knee,walk,-0.598776,0.846192,-0.63196,21.7,44.1,-54.53,-57
1787066632952,417118,Knee,walk,-0.710528,0.755912,-0.679296,13.02,40.11,-44.66,-57
1787066632952,417135,Knee,walk,-0.737856,0.72712,-0.634888,-4.34,25.83,-29.61,-57
1787066632952,417152,Knee,walk,-0.77104,0.693936,-0.649528,-15.47,17.92,-10.78,-57
1787066632952,417169,Knee,walk,-0.77592,0.60024,-0.584136,-33.81,11.13,-2.24,-57
1787066633319,417348,Knee,walk,-0.60268,0.779336,-0.288408,-150.29,103.04,114.52,-57
1787066633319,417379,Knee,walk,-0.544608,0.879864,-0.215696,-142.87,69.58,123.2,-57
1787066633319,417396,Knee,walk,-0.500688,0.830088,-0.183,-139.37,62.65,127.89,-57
1787066633319,417413,Knee,walk,-0.458232,0.856928,-0.157136,-127.33,48.51,137.76,-57
1787066633319,417430,Knee,walk,-0.39528,0.909632,-0.13176,-114.94,36.05,143.08,-57
1787066633319,417461,Knee,walk,-0.285968,0.861808,-0.09272,-96.39,20.51,152.25,-57
1787066633319,417478,Knee,walk,-0.217648,0.916464,-0.065392,-83.37,12.46,154.49,-57
1787066633319,417495,Knee,walk,-0.224968,0.91988,-0.005368,-75.11,-3.78,148.4,-57
1787066633319,417512,Knee,walk,-0.286944,0.813984,0.008296,-58.94,-31.15,134.96,-57
1787066633319,417529,Knee,walk,-0.391864,0.751032,0.015616,-47.18,-51.94,122.78,-57
1787066633679,417710,Knee,walk,0.162504,1.13948,0.091744,9.8,144.55,-51.45,-72
1787066633679,417741,Knee,walk,0.154208,1.046272,0.650504,-6.51,118.58,-38.36,-72
1787066633679,417758,Knee,walk,0.078568,1.058472,0.281576,40.67,126.14,-41.72,-72
1787066633679,417775,Knee,walk,-0.169336,1.169736,0.025864,44.66,108.29,-47.04,-72
1787066633679,417792,Knee,walk,-0.130296,1.028216,-0.189344,43.33,67.13,-52.36,-72
1787066633679,417823,Knee,walk,-0.4392,0.860832,-0.286456,48.72,56.35,-43.61,-72
1787066633679,417840,Knee,walk,-0.566568,0.910608,-0.267424,45.15,36.12,-39.48,-72
1787066633679,417857,Knee,walk,-0.533384,1.0004,-0.185928,40.6,-1.4,-34.09,-72
1787066633679,417874,Knee,walk,-0.405528,0.962336,-0.078568,35.35,-21.98,-29.47,-72
1787066633679,417891,Knee,walk,-0.154208,0.977464,-0.050264,32.06,-25.48,-24.43,-72
1787066634037,418070,Knee,walk,-0.081496,0.981856,-0.07564,24.43,-27.3,-18.41,-72
1787066634037,418101,Knee,walk,-0.14152,0.970632,-0.040016,25.62,-30.87,-18.55,-72
1787066634037,418118,Knee,walk,-0.16592,0.979416,-0.049776,25.55,-34.65,-18.06,-72
1787066634037,418135,Knee,walk,-0.1586,0.972096,-0.064904,25.13,-38.43,-18.13,-72
1787066634037,418152,Knee,walk,-0.105408,0.977952,-0.076616,24.57,-38.08,-18.06,-72
1787066634037,418183,Knee,walk,-0.061,0.991128,-0.118584,20.93,-23.73,-16.73,-72
1787066634037,418200,Knee,walk,-0.081008,0.99064,-0.121024,20.16,-19.04,-17.5,-72
1787066634037,418217,Knee,walk,-0.130296,0.986736,-0.116632,19.25,-18.97,-17.57,-72
1787066634037,418234,Knee,walk,-0.161528,0.987224,-0.1342,18.76,-23.24,-17.64,-72
1787066634037,418251,Knee,walk,-0.149816,0.9882,-0.134688,17.64,-29.19,-17.43,-72
1787066634397,418431,Knee,walk,-0.066368,0.97356,-0.089304,20.16,-21.63,-33.81,-72
1787066634397,418462,Knee,walk,-0.067832,0.975512,-0.06832,21,-25.13,-38.22,-72
1787066634397,418479,Knee,walk,-0.090768,0.966728,-0.066856,22.4,-27.37,-42,-72
1787066634397,418496,Knee,walk,-0.14152,0.964776,-0.089792,24.5,-32.06,-46.06,-72
1787066634397,418513,Knee,walk,-0.160552,0.964776,-0.096624,26.39,-39.69,-50.12,-72
1787066634397,418544,Knee,walk,-0.20984,0.987224,-0.1098,30.17,-48.72,-55.3,-72
1787066634397,418561,Knee,walk,-0.211792,1.00772,-0.11468,31.22,-48.16,-58.52,-72
1787066634397,418578,Knee,walk,-0.18788,1.047736,-0.116144,31.36,-45.36,-62.58,-72
1787066634397,418594,Knee,walk,-0.179584,1.102392,-0.08296,29.47,-34.09,-64.05,-72
1787066634397,418611,Knee,walk,-0.216672,1.119472,-0.037576,26.81,-21.7,-66.71,-72
1787066634756,418790,Knee,walk,-0.490928,0.985272,-0.203496,59.92,-30.03,-63.28,-72
1787066634756,418821,Knee,walk,-0.681248,0.917928,-0.347944,61.88,-16.03,-50.82,-72
1787066634756,418838,Knee,walk,-0.826184,0.854,-0.440664,59.57,-14.35,-37.52,-72
1787066634756,418855,Knee,walk,-0.888648,0.71248,-0.491904,51.52,-27.23,-20.79,-72
1787066634756,418872,Knee,walk,-0.877912,0.642208,-0.429928,48.16,-47.04,-2.73,-72
1787066634756,418903,Knee,walk,-0.801784,0.60512,-0.396744,31.01,-43.19,29.82,-72
1787066634756,418920,Knee,walk,-0.786656,0.625616,-0.3416,15.61,-45.5,52.78,-72
1787066634756,418937,Knee,walk,-0.732976,0.621712,-0.335256,7.84,-34.79,75.18,-72
1787066634756,418954,Knee,walk,-0.67832,0.572424,-0.304512,-7.14,-27.09,84,-72
1787066634756,418971,Knee,walk,-0.644648,0.541192,-0.264008,-19.67,-11.76,100.52,-72
1787066635119,419150,Knee,walk,-0.335256,0.842776,-0.078568,-79.8,-87.29,184.73,-74
1787066635119,419181,Knee,walk,-0.11224,0.92476,-0.008784,-71.47,-80.85,178.08,-74
1787066635119,419198,Knee,walk,-0.10736,0.926224,0.026352,-64.4,-78.82,171.01,-74
1787066635119,419215,Knee,walk,-0.063928,0.92232,0.070272,-58.24,-79.17,162.47,-74
1787066635119,419232,Knee,walk,-0.027328,0.919392,0.098576,-50.33,-84.07,145.81,-74
1787066635119,419262,Knee,walk,0.244976,0.948672,0.145424,-35,-83.37,106.96,-74
1787066635119,419279,Knee,walk,0.502152,1.009184,0.213256,-29.89,-74.2,76.79,-74
1787066635119,419296,Knee,walk,0.619272,1.001864,0.291824,-32.97,-44.66,47.25,-74
1787066635119,419313,Knee,walk,0.645136,0.904264,0.456768,-35.28,-24.5,31.5,-74
1787066635119,419330,Knee,walk,0.43188,0.828136,0.471408,-25.48,3.01,0.56,-74
1787066635478,419509,Knee,walk,0.066368,0.771528,-0.042456,30.31,141.33,-47.39,-74
1787066635478,419540,Knee,walk,-1.096536,0.918904,-0.384056,30.87,104.16,-43.26,-74
1787066635478,419557,Knee,walk,-0.985272,0.883768,-0.288896,30.8,22.96,-40.32,-74
1787066635478,419574,Knee,walk,-0.471896,1.006744,-0.19032,33.88,-16.94,-36.75,-74
1787066635478,419591,Knee,walk,-0.21228,1.018944,-0.160552,26.46,-26.18,-26.11,-74
1787066635478,419622,Knee,walk,-0.121512,0.98088,-0.062952,25.62,-30.38,-11.83,-74
1787066635478,419639,Knee,walk,-0.071248,0.966728,0.008296,25.27,-25.9,-11.62,-74
1787066635478,419656,Knee,walk,-0.03904,0.970632,-0.11224,27.86,-16.45,-13.65,-74
1787066635478,419673,Knee,walk,0.010248,0.99552,-0.023424,27.72,-15.96,-14.63,-74
1787066635478,419690,Knee,walk,0.024888,0.992592,-0.071736,24.36,-14.84,-14.49,-74
1787066635842,419870,Knee,walk,-0.145912,0.974048,-0.154696,19.74,-47.67,-13.37,-74
1787066635842,419901,Knee,walk,-0.10248,0.978928,-0.170312,16.45,-46.62,-9.52,-74
1787066635842,419918,Knee,walk,-0.071248,0.977464,-0.13908,14.49,-45.5,-9.38,-74
1787066635842,419934,Knee,walk,-0.067344,0.98576,-0.132736,15.05,-42.42,-8.96,-74
1787066635842,419951,Knee,walk,-0.088816,0.980392,-0.14396,14,-39.2,-8.19,-74
1787066635842,419982,Knee,walk,-0.109312,0.984296,-0.144448,13.02,-40.25,-10.22,-74
1787066635842,419999,Knee,walk,-0.127368,0.99064,-0.15616,11.97,-40.32,-10.43,-74
1787066635842,420016,Knee,walk,-0.127368,0.98332,-0.15616,11.13,-41.58,-10.43,-74
1787066635842,420033,Knee,walk,-0.11468,0.98332,-0.150792,11.06,-41.72,-11.2,-74
1787066635842,420050,Knee,walk,-0.097112,0.982344,-0.118096,10.92,-40.32,-11.76,-74
1787066636246,420231,Knee,walk,-0.112728,0.967704,-0.082472,16.66,-15.61,-34.16,-68
1787066636246,420262,Knee,walk,-0.164456,0.958432,-0.073688,22.05,-36.89,-38.29,-68
1787066636246,420279,Knee,walk,-0.148352,0.955504,-0.073688,23.66,-44.8,-40.53,-68
1787066636246,420296,Knee,walk,-0.12444,0.962336,-0.089792,26.95,-46.76,-41.72,-68
1787066636246,420313,Knee,walk,-0.123952,0.97112,-0.083448,28.77,-46.62,-44.73,-68
1787066636246,420344,Knee,walk,-0.115656,1.00772,-0.151768,32.76,-42.98,-50.89,-68
1787066636246,420361,Knee,walk,-0.10736,1.075064,-0.122488,31.64,-35.98,-54.11,-68
1787066636246,420378,Knee,walk,-0.162504,1.057496,-0.076616,31.85,-25.9,-56.56,-68
1787066636246,420395,Knee,walk,-0.264984,1.048712,0.02196,32.48,-20.72,-58.87,-68
1787066636246,420412,Knee,walk,-0.31476,1.025288,0.0488,36.12,-20.65,-60.48,-68
1787066636561,420590,Knee,walk,-0.54412,1.02968,-0.315248,76.86,-56.14,-46.13,-63
1787066636561,420623,Knee,walk,-0.748592,0.81252,-0.445056,66.5,-49.84,-27.23,-63
1787066636561,420639,Knee,walk,-0.807152,0.689544,-0.480192,66.36,-50.26,-9.31,-63
1787066636561,420656,Knee,walk,-0.850096,0.63928,-0.463112,62.37,-62.79,6.58,-63
1787066636561,420673,Knee,walk,-0.7686,0.674416,-0.376736,52.08,-63.84,15.89,-63
1787066636561,420704,Knee,walk,-0.747616,0.668072,-0.323544,26.39,-49.07,57.33,-63
1787066636561,420721,Knee,walk,-0.693448,0.716872,-0.295728,13.65,-44.87,70.42,-63
1787066636561,420738,Knee,walk,-0.667096,0.606096,-0.2684,-5.74,-27.02,89.32,-63
1787066636561,420755,Knee,walk,-0.698816,0.558272,-0.238632,-17.15,-14.14,105.28,-63
1787066636561,420772,Knee,walk,-0.739808,0.596336,-0.24156,-25.9,-8.12,119.42,-63
1787066636922,420952,Knee,walk,-0.257664,0.83448,-0.243024,-78.33,-166.18,196,-63
1787066636922,420983,Knee,walk,0.081984,0.823744,-0.025376,-61.74,-181.23,178.71,-63
1787066636922,421000,Knee,walk,0.205936,0.787144,0.02196,-43.47,-160.93,161.7,-63
1787066636922,421017,Knee,walk,0.25864,0.976976,-0.000488,-29.26,-147.49,134.54,-63
1787066636922,421034,Knee,walk,0.435296,0.969656,0.017568,-28.84,-142.94,97.37,-63
1787066636922,421065,Knee,walk,0.7076,0.935496,0.22936,-28.21,-57.82,32.9,-63
1787066636922,421082,Knee,walk,0.687592,0.93452,0.278648,-26.74,-10.99,-5.6,-63
1787066636922,421099,Knee,walk,0.557296,0.908656,0.345504,-20.16,11.76,-23.17,-63
1787066636922,421116,Knee,walk,0.252296,0.776408,0.450424,-10.85,53.27,-49.84,-63
1787066636922,421133,Knee,walk,-0.068808,0.668072,0.214232,22.05,77.98,-73.85,-63
1787066637284,421313,Knee,walk,-0.3172,0.996008,-0.18544,31.08,-30.73,-28.63,-63
1787066637284,421343,Knee,walk,-0.103456,0.967216,-0.029768,22.19,-37.03,-22.19,-63
1787066637284,421360,Knee,walk,-0.061976,0.940864,-0.024888,25.06,-21.98,-21.56,-63
1787066637284,421377,Knee,walk,-0.015616,1.000888,-0.045384,25.48,-9.87,-22.54,-63
1787066637284,421394,Knee,walk,-0.004392,1.011136,-0.09272,21.84,-0.7,-20.58,-63
1787066637284,421425,Knee,walk,-0.014152,0.970632,-0.08296,21.42,1.33,-15.75,-63
1787066637284,421442,Knee,walk,-0.038064,1.009184,-0.117608,19.88,-6.93,-14.35,-63
1787066637284,421459,Knee,walk,-0.11712,1.00528,-0.121024,18.41,-12.81,-14.49,-63
1787066637284,421476,Knee,walk,-0.160552,0.994056,-0.113704,17.78,-26.46,-14.35,-63
1787066637284,421493,Knee,walk,-0.153232,1.000888,-0.135176,18.55,-37.66,-13.37,-63
1787066637646,421672,Knee,walk,0.004392,0.990152,-0.079056,9.52,-31.08,-8.96,-73
1787066637646,421704,Knee,walk,-0.081008,0.988688,-0.079056,10.15,-34.37,-11.06,-73
1787066637646,421721,Knee,walk,-0.091256,0.99308,-0.091256,9.73,-43.4,-11.06,-73
1787066637646,421738,Knee,walk,-0.071248,0.982344,-0.073688,8.26,-51.17,-11.13,-73
1787066637646,421755,Knee,walk,-0.060512,0.977952,-0.067344,9.66,-51.73,-11.69,-73
1787066637646,421786,Knee,walk,-0.046848,0.98088,-0.06344,9.87,-45.36,-12.88,-73
1787066637646,421803,Knee,walk,-0.064416,0.969656,-0.07808,10.57,-40.25,-14.7,-73
1787066637646,421820,Knee,walk,-0.076616,0.968192,-0.083448,11.41,-40.6,-15.96,-73
1787066637646,421837,Knee,walk,-0.072712,0.978928,-0.081984,11.41,-42.49,-16.66,-73
1787066637646,421854,Knee,walk,-0.05368,0.986248,-0.090768,11.34,-44.45,-17.43,-73
1787066638042,422033,Knee,walk,-0.143472,0.989664,-0.17568,8.47,-76.65,-25.55,-73
1787066638042,422064,Knee,walk,-0.163968,0.983808,-0.1708,6.3,-63.07,-28.07,-73
1787066638042,422081,Knee,walk,-0.204472,1.010648,-0.186904,4.34,-61.46,-28.7,-73
1787066638042,422098,Knee,walk,-0.224968,1.014064,-0.18056,1.89,-58.38,-29.61,-73
1787066638042,422115,Knee,walk,-0.257176,1.004792,-0.159088,0.91,-56.14,-30.45,-73
1787066638042,422146,Knee,walk,-0.325984,0.972584,-0.089304,0.21,-58.24,-30.66,-73
1787066638042,422163,Knee,walk,-0.347944,0.954528,-0.042456,0.42,-60.83,-29.96,-73
1787066638042,422180,Knee,walk,-0.343064,0.938912,-0.01464,0.77,-62.86,-28.84,-73
1787066638042,422197,Knee,walk,-0.337696,0.933056,-0.00976,0.91,-62.51,-27.37,-73
1787066638042,422214,Knee,walk,-0.314272,0.92476,0,0.07,-61.39,-26.95,-73
1787066638365,422393,Knee,walk,-0.435296,0.860832,0.001464,33.39,-97.23,-14.42,-73
1787066638365,422424,Knee,walk,-0.504104,0.862296,-0.045384,47.81,-113.96,-5.88,-73
1787066638365,422441,Knee,walk,-0.548512,0.8174,-0.065392,50.82,-119.63,-3.64,-73
1787066638365,422458,Knee,walk,-0.577792,0.8052,-0.088328,58.24,-130.69,0.49,-73
1787066638365,422475,Knee,walk,-0.606096,0.82472,-0.110288,63.35,-142.59,4.48,-73
1787066638365,422506,Knee,walk,-0.618784,0.811544,-0.105896,70.28,-160.58,11.62,-73
1787066638365,422523,Knee,walk,-0.647576,0.823256,-0.130784,73.71,-172.69,15.89,-73
1787066638365,422539,Knee,walk,-0.602192,0.82472,-0.114192,74.97,-187.18,21.49,-73
1787066638365,422556,Knee,walk,-0.593408,0.81252,-0.104432,80.57,-192.85,25.34,-73
1787066638365,422573,Knee,walk,-0.618784,0.81008,-0.101992,83.72,-198.73,27.16,-73
1787066638737,422752,Knee,walk,-0.255712,1.011624,0.208376,14.77,-105.77,17.36,-73
1787066638737,422783,Knee,walk,-0.362584,0.9882,0.156648,5.53,-105.98,4.69,-73
1787066638737,422800,Knee,walk,-0.37088,0.966728,0.132248,6.16,-110.32,-16.31,-73
1787066638737,422817,Knee,walk,-0.33672,0.996008,0.142008,2.52,-116.41,-1.68,-73
1787066638737,422834,Knee,walk,-0.312808,0.92964,0.150792,0.77,-113.4,-2.87,-73
1787066638737,422865,Knee,walk,-0.248392,0.952088,0.083448,2.03,-106.68,-3.22,-73
1787066638737,422882,Knee,walk,-0.25376,0.946232,0.069296,0.07,-102.97,-3.08,-73
1787066638737,422898,Knee,walk,-0.275232,0.911096,0.059536,1.75,-105.42,-0.84,-73
1787066638737,422915,Knee,walk,-0.282064,0.901824,0.045384,5.18,-112.63,2.1,-73
1787066638737,422946,Knee,walk,-0.246928,0.85888,-0.002928,13.09,-134.33,6.86,-73
1787066639114,423124,Knee,walk,0.801296,1.079944,0.184464,14.14,97.09,5.67,-60
1787066639114,423155,Knee,walk,-0.322568,0.86376,-0.075152,35.56,108.92,-3.08,-60
1787066639114,423172,Knee,walk,-0.503128,0.947696,-0.050264,30.45,80.99,-5.74,-60
1787066639114,423189,Knee,walk,-0.47336,0.965264,-0.002928,29.89,54.46,-2.03,-60
1787066639114,423205,Knee,walk,-0.240096,0.98088,0.068808,28.63,50.68,-0.91,-60
1787066639114,423236,Knee,walk,-0.274256,0.921832,-0.045872,30.52,59.85,-0.28,-60
1787066639114,423253,Knee,walk,-0.420656,0.981368,-0.060512,29.33,54.81,1.12,-60
1787066639114,423270,Knee,walk,-0.447984,0.95648,-0.068808,29.61,37.1,4.55,-60
1787066639114,423287,Knee,walk,-0.352824,0.964776,-0.072224,31.57,20.37,6.51,-60
1787066639114,423304,Knee,walk,-0.25132,0.983808,-0.088328,31.29,9.1,5.95,-60
1787066639454,423481,Knee,walk,-0.258152,1.00528,-0.21472,11.9,-19.11,2.1,-60
1787066639454,423512,Knee,walk,-0.283528,0.948184,-0.110776,14.42,-30.31,0.21,-60
1787066639454,423529,Knee,walk,-0.252296,0.962336,-0.100528,14.98,-33.46,-1.61,-60
1787066639454,423546,Knee,walk,-0.19276,0.937448,-0.016592,16.87,-31.85,-3.99,-60
1787066639454,423563,Knee,walk,-0.190808,0.9028,0.0366,19.81,-34.65,-7.63,-60
1787066639454,423594,Knee,walk,0.07808,0.94184,-0.208376,12.67,-40.46,2.59,-60
1787066639454,423611,Knee,walk,0.12688,0.90768,-0.1098,13.51,-25.13,1.68,-60
1787066639454,423628,Knee,walk,0.072712,1.040416,-0.123464,8.68,0.49,-0.35,-60
1787066639454,423645,Knee,walk,0.019032,1.030168,-0.11224,0.28,16.59,-1.05,-60
1787066639454,423662,Knee,walk,0.021472,1.0126,-0.063928,2.1,27.16,-2.94,-60
1787066639814,423839,Knee,walk,-0.333792,0.977952,-0.16592,26.53,-42.98,-15.26,-60
1787066639814,423869,Knee,walk,-0.123464,0.947208,-0.147376,22.96,-31.43,-13.09,-60
1787066639814,423886,Knee,walk,-0.22692,0.960384,-0.11956,23.24,-27.44,-13.79,-60
1787066639814,423903,Knee,walk,-0.28548,0.947208,-0.15372,22.4,-30.31,-12.67,-60
1787066639814,423920,Knee,walk,-0.203008,0.959408,-0.156648,22.54,-33.32,-13.86,-60
1787066639814,423951,Knee,walk,-0.287432,1.009672,-0.077104,25.41,-31.43,-19.81,-60
1787066639814,423968,Knee,walk,-0.241072,0.988688,-0.17568,22.75,-39.41,-17.36,-60
1787066639814,423985,Knee,walk,-0.140056,0.97112,-0.170312,25.27,-44.1,-19.6,-60
1787066639814,424002,Knee,walk,-0.118096,0.983808,-0.188856,23.45,-38.15,-21.35,-60
1787066639814,424019,Knee,walk,-0.12688,0.967216,-0.18788,22.68,-35,-23.03,-60
1787066640195,424199,Knee,walk,-0.457256,1.03944,0.184464,72.66,-61.81,-80.71,-60
1787066640195,424230,Knee,walk,-0.250344,1.135576,-0.16592,75.95,-84,-79.73,-60
1787066640195,424247,Knee,walk,-0.177144,1.155096,-0.241072,67.27,-76.72,-71.19,-60
1787066640195,424264,Knee,walk,-0.12444,1.111176,-0.301584,63.07,-62.86,-66.71,-60
1787066640195,424281,Knee,walk,-0.177144,1.0248,-0.275232,57.89,-33.88,-61.46,-60
1787066640195,424312,Knee,walk,-0.462624,0.93452,-0.36112,55.09,8.89,-47.81,-60
1787066640195,424329,Knee,walk,-0.628544,0.847168,-0.4636,45.71,14.49,-41.93,-60
1787066640195,424346,Knee,walk,-0.738344,0.763232,-0.52704,40.53,8.96,-30.03,-60
1787066640195,424363,Knee,walk,-0.77592,0.66612,-0.564616,36.75,-7.98,-20.16,-60
1787066640195,424380,Knee,walk,-0.721752,0.662216,-0.517768,27.23,-29.33,-7.56,-60
1787066640539,424558,Knee,walk,-0.655384,0.679784,-0.459208,-116.62,53.69,111.58,-63
1787066640539,424589,Knee,walk,-0.571936,0.76616,-0.426024,-132.23,28.28,120.96,-63
1787066640539,424606,Knee,walk,-0.496784,0.779336,-0.298656,-138.88,24.36,125.09,-63
1787066640539,424623,Knee,walk,-0.308416,0.835944,-0.23668,-141.4,30.17,125.51,-63
1787066640539,424640,Knee,walk,-0.212768,0.856928,-0.11956,-141.26,59.22,122.78,-63
1787066640539,424671,Knee,walk,-0.295728,0.89304,-0.087352,-126.56,118.86,96.46,-63
1787066640539,424688,Knee,walk,-0.418216,0.909144,-0.099552,-118.93,107.73,91.49,-63
1787066640539,424705,Knee,walk,-0.382104,0.89304,-0.1098,-112.14,95.27,83.51,-63
1787066640539,424722,Knee,walk,-0.279624,0.923296,-0.085888,-104.02,83.65,74.55,-63
1787066640539,424739,Knee,walk,-0.235216,0.908656,-0.008784,-94.57,77.28,64.47,-63
1787066640971,424921,Knee,walk,0.366488,1.1834,0.711016,9.66,-11.27,5.6,-63
1787066640971,425012,Knee,walk,0.003904,1.018456,-0.058072,32.62,30.1,-8.4,-63
1787066640971,425043,Knee,walk,-0.107848,0.999912,-0.016104,32.27,35.07,-10.29,-63
1787066640971,425060,Knee,walk,-0.15372,1.00284,-0.01952,31.85,34.16,-9.17,-63
1787066640971,425077,Knee,walk,-0.189344,1.016016,-0.032696,32.13,31.99,-10.01,-63
1787066640971,425094,Knee,walk,-0.206912,0.987224,-0.040992,30.03,30.73,-12.67,-63
1787066640971,425125,Knee,walk,-0.222528,0.972096,-0.081008,28.91,25.27,-10.36,-63
1787066640971,425142,Knee,walk,-0.269864,0.99308,-0.0732,30.94,11.34,-10.36,-63
1787066640971,425158,Knee,walk,-0.256688,1.043832,-0.10736,29.82,-5.67,-9.52,-63
1787066640971,425175,Knee,walk,-0.179584,0.986736,-0.09272,26.39,-21.63,-9.66,-63
1787066641331,425354,Knee,walk,-0.072224,0.979416,-0.060512,11.76,-3.64,-8.05,-63
1787066641331,425385,Knee,walk,-0.124928,0.994544,-0.101992,10.15,10.29,-7.77,-63
1787066641331,425402,Knee,walk,-0.177144,0.973072,-0.120048,7.7,10.71,-7.21,-63
1787066641331,425419,Knee,walk,-0.190808,0.970144,-0.106384,7.77,4.55,-7.42,-63
1787066641331,425436,Knee,walk,-0.20008,0.98088,-0.105896,7.91,0.84,-7.14,-63
1787066641331,425467,Knee,walk,-0.122488,0.975024,-0.093696,7.42,-10.29,-8.12,-63
1787066641331,425484,Knee,walk,-0.101504,0.98332,-0.102968,7.91,-7.14,-8.33,-63
1787066641331,425501,Knee,walk,-0.101016,0.988688,-0.13176,5.81,-4.27,-8.12,-63
1787066641331,425518,Knee,walk,-0.110288,0.967704,-0.133712,4.83,0.91,-7.98,-63
1787066641331,425536,Knee,walk,-0.092232,0.97356,-0.110776,4.48,6.86,-8.12,-63
1787066641691,425713,Knee,walk,-0.10004,0.974048,-0.084912,6.79,16.31,-25.97,-67
1787066641691,425744,Knee,walk,-0.167872,0.964776,-0.115168,8.61,14,-29.82,-67
1787066641691,425761,Knee,walk,-0.174216,0.969656,-0.099552,8.33,9.1,-32.34,-67
1787066641691,425778,Knee,walk,-0.168848,0.970632,-0.0976,10.36,5.46,-33.95,-67
1787066641691,425794,Knee,walk,-0.17568,0.964288,-0.117608,10.15,4.48,-34.58,-67
1787066641691,425825,Knee,walk,-0.202032,1.001376,-0.180072,8.54,-0.28,-38.57,-67
1787066641691,425842,Knee,walk,-0.206424,1.009672,-0.164456,8.19,-0.63,-41.23,-67
1787066641691,425859,Knee,walk,-0.230336,1.003328,-0.127368,10.78,-2.66,-43.4,-67
1787066641691,425876,Knee,walk,-0.230824,0.986248,-0.096136,12.53,-7.35,-47.95,-67
1787066641691,425893,Knee,walk,-0.18544,0.978928,-0.040992,13.3,-9.38,-51.73,-67
1787066642050,426072,Knee,walk,-0.130296,1.100928,0.018056,36.19,-43.33,-86.87,-67
1787066642050,426103,Knee,walk,-0.083448,1.147288,-0.16348,25.27,-25.9,-78.54,-67
1787066642050,426120,Knee,walk,-0.123464,1.093608,-0.283528,17.85,5.32,-72.73,-67
1787066642050,426137,Knee,walk,-0.185928,1.074088,-0.376736,13.79,39.2,-69.93,-67
1787066642050,426154,Knee,walk,-0.327448,1.018456,-0.41968,10.85,54.74,-67.9,-67
1787066642050,426185,Knee,walk,-0.677832,0.77592,-0.518256,-0.07,87.57,-55.09,-67
1787066642050,426202,Knee,walk,-0.76372,0.709552,-0.535824,-1.05,79.31,-42.42,-67
1787066642050,426219,Knee,walk,-0.833504,0.74908,-0.501176,-4.69,64.54,-34.93,-67
1787066642050,426236,Knee,walk,-0.77104,0.79544,-0.491416,-28.77,43.4,-12.6,-67
1787066642050,426253,Knee,walk,-0.637816,0.70272,-0.4392,-51.73,35.63,9.94,-67
1787066642411,426432,Knee,walk,-0.454816,0.759328,-0.243512,-127.75,60.13,141.68,-67
1787066642411,426462,Knee,walk,-0.491416,0.84424,-0.221064,-129.08,52.57,146.72,-67
1787066642411,426480,Knee,walk,-0.51484,0.838384,-0.221064,-128.1,33.11,153.58,-67
1787066642411,426496,Knee,walk,-0.5124,0.83692,-0.198128,-124.11,9.24,164.08,-67
1787066642411,426513,Knee,walk,-0.445544,0.848144,-0.164944,-119.84,-1.26,173.95,-67
1787066642411,426544,Knee,walk,-0.281576,0.859856,0.054656,-103.11,-31.92,174.86,-67
1787066642411,426561,Knee,walk,-0.23424,0.822768,0.07564,-82.18,-49.77,158.69,-67
1787066642411,426578,Knee,walk,-0.059048,0.80276,0.151768,-70.42,-53.97,149.1,-67
1787066642411,426595,Knee,walk,0.281088,0.847168,0.282064,-48.44,-47.74,125.09,-67
1787066642411,426612,Knee,walk,0.60756,0.861808,0.494832,-31.64,-11.41,91.21,-67
1787066642773,426792,Knee,walk,-0.1586,1.126792,-0.137128,54.67,56.35,-57.96,-67
1787066642773,426823,Knee,walk,-0.236192,0.869616,-0.210328,50.33,56.84,-54.11,-67
1787066642773,426840,Knee,walk,-0.312808,0.904264,-0.269376,53.55,43.26,-44.24,-67
1787066642773,426857,Knee,walk,-0.3904,0.979416,-0.20496,52.71,25.69,-43.12,-67
1787066642773,426874,Knee,walk,-0.422608,0.984784,-0.115168,44.1,11.83,-38.64,-67
1787066642773,426905,Knee,walk,-0.2318,0.94916,-0.039528,38.36,1.96,-30.24,-67
1787066642773,426922,Knee,walk,-0.162992,0.994056,-0.077592,37.17,15.61,-29.12,-67
1787066642773,426939,Knee,walk,-0.181048,0.99552,-0.093208,34.93,19.95,-27.58,-67
1787066642773,426956,Knee,walk,-0.18056,0.97112,-0.115168,31.85,16.03,-25.48,-67
1787066642773,426974,Knee,walk,-0.0854,0.9638,-0.105896,31.43,4.83,-21.91,-67
1787066643132,427153,Knee,walk,-0.191784,0.96868,-0.10004,19.04,-2.94,-19.88,-67
1787066643132,427183,Knee,walk,-0.167384,0.985272,-0.11712,17.57,-3.99,-17.64,-67
1787066643132,427200,Knee,walk,-0.15616,0.987224,-0.103944,14.91,-3.85,-16.8,-67
1787066643132,427217,Knee,walk,-0.144936,0.977952,-0.103456,14.77,-2.94,-17.29,-67
1787066643132,427234,Knee,walk,-0.154696,0.989176,-0.110288,13.79,-1.75,-17.5,-67
1787066643132,427265,Knee,walk,-0.19276,0.975024,-0.125416,13.58,-4.97,-18.27,-67
1787066643132,427282,Knee,walk,-0.20496,0.977952,-0.139568,13.37,-10.01,-18.62,-67
1787066643132,427299,Knee,walk,-0.208376,0.98088,-0.119072,12.67,-15.4,-19.18,-67
1787066643132,427316,Knee,walk,-0.202032,0.980392,-0.104432,12.67,-18.13,-20.93,-67
1787066643132,427333,Knee,walk,-0.182512,0.978928,-0.07564,13.58,-21.63,-21.91,-67
1787066643495,427513,Knee,walk,-0.14396,1.015528,-0.098088,21.56,-19.04,-58.24,-67
1787066643495,427544,Knee,walk,-0.23424,0.996008,-0.043432,25.9,-26.95,-67.27,-67
1787066643495,427561,Knee,walk,-0.263032,1.015528,0.00244,26.67,-27.93,-68.74,-67
1787066643495,427578,Knee,walk,-0.276696,1.111664,0.05124,28.49,-27.23,-72.1,-67
1787066643495,427595,Knee,walk,-0.279624,1.185352,0.108336,29.61,-25.13,-76.65,-67
1787066643495,427626,Knee,walk,-0.320616,1.097512,0.16836,35.63,-29.05,-86.31,-67
1787066643495,427643,Knee,walk,-0.29036,1.103856,0.146888,39.83,-43.82,-92.33,-67
1787066643495,427660,Knee,walk,-0.210328,1.106784,0.094672,42.07,-55.93,-94.43,-67
1787066643495,427677,Knee,walk,-0.162016,1.093608,0.064904,42.14,-59.5,-97.02,-67
1787066643495,427694,Knee,walk,-0.112728,1.06628,0.088328,42.28,-57.4,-95.76,-67
1787066643855,427872,Knee,walk,-0.67832,0.670024,-0.337696,-19.6,-18.2,40.53,-67
1787066643855,427903,Knee,walk,-0.575352,0.568032,-0.315736,-40.6,25.9,80.08,-67
1787066643855,427920,Knee,walk,-0.623176,0.559736,-0.33428,-43.82,33.95,88.76,-67
1787066643855,427937,Knee,walk,-0.690032,0.630984,-0.366488,-50.4,40.39,102.27,-67
1787066643855,427954,Knee,walk,-0.730048,0.650016,-0.3782,-62.65,36.26,114.73,-67
1787066643855,427985,Knee,walk,-0.729072,0.628544,-0.357216,-79.94,18.48,130.76,-67
1787066643855,428002,Knee,walk,-0.67344,0.628544,-0.303048,-90.02,10.78,146.16,-67
1787066643855,428019,Knee,walk,-0.614392,0.650992,-0.266448,-98.49,7.14,160.79,-67
1787066643855,428036,Knee,walk,-0.569008,0.702232,-0.219112,-104.37,4.76,168.84,-67
1787066643855,428053,Knee,walk,-0.457256,0.744688,-0.193736,-105.14,4.97,169.26,-67
1787066644214,428233,Knee,walk,0.296704,0.82228,0.316712,-37.1,-9.03,63.56,-63
1787066644214,428264,Knee,walk,0.504592,0.806176,0.43676,-10.78,7.35,19.46,-63
1787066644214,428281,Knee,walk,0.499224,0.750544,0.484584,7.63,26.11,-8.54,-63
1787066644214,428298,Knee,walk,0.40016,0.720776,0.457744,17.57,34.23,-21.35,-63
1787066644214,428315,Knee,walk,0.222528,0.745176,0.334768,35.14,42.77,-46.76,-63
1787066644214,428346,Knee,walk,-0.114192,0.882792,0.0244,66.36,44.31,-58.38,-63
1787066644214,428363,Knee,walk,-0.479704,1.425936,0.06832,50.61,20.3,-52.36,-63
1787066644214,428380,Knee,walk,0.12688,1.155584,0.516304,6.86,-19.32,-17.22,-63
1787066644214,428397,Knee,walk,0.691984,0.97112,0.616832,35.35,21.84,-28.49,-63
1787066644214,428413,Knee,walk,0.577792,1.20292,0.191784,48.44,53.41,-44.1,-63
1787066644571,428590,Knee,walk,-0.2074,0.99308,-0.03416,32.83,4.13,-26.95,-63
1787066644571,428621,Knee,walk,0.017568,0.972584,-0.096624,29.96,12.04,-23.17,-63
1787066644571,428638,Knee,walk,0.051728,0.991616,-0.099064,27.72,14.91,-21.7,-63
1787066644571,428655,Knee,walk,-0.021472,0.976,-0.086864,25.55,15.82,-20.3,-63
1787066644571,428672,Knee,walk,-0.144936,0.991616,-0.088816,25.55,11.27,-19.95,-63
1787066644571,428703,Knee,walk,-0.182512,0.99796,-0.132248,27.09,-4.55,-22.05,-63
1787066644571,428720,Knee,walk,-0.105408,1.0004,-0.146888,24.57,-8.26,-22.19,-63
1787066644571,428737,Knee,walk,-0.082472,0.996496,-0.140056,23.94,-4.41,-21.42,-63
1787066644571,428754,Knee,walk,-0.100528,0.993568,-0.11224,20.79,0.07,-20.16,-63
1787066644571,428771,Knee,walk,-0.17812,0.98088,-0.096624,20.16,0.07,-18.83,-63
1787066644932,428950,Knee,walk,-0.206424,0.991616,-0.113704,11.48,-11.69,-17.08,-63
1787066644932,428981,Knee,walk,-0.192272,0.976488,-0.101504,13.79,-21,-19.88,-63
1787066644932,428998,Knee,walk,-0.187392,0.975024,-0.096624,14.28,-21,-20.44,-63
1787066644932,429015,Knee,walk,-0.200568,0.967216,-0.082472,13.72,-19.74,-21.07,-63
1787066644932,429031,Knee,walk,-0.165432,0.96624,-0.061,15.05,-19.95,-23.31,-63
1787066644932,429062,Knee,walk,-0.061,0.970144,-0.054168,15.68,-17.92,-26.18,-63
1787066644932,429079,Knee,walk,0.030256,0.967216,-0.05124,15.26,-16.94,-28.42,-63
1787066644932,429096,Knee,walk,0.086864,0.966728,-0.048312,16.73,-12.88,-31.71,-63
1787066644932,429113,Knee,walk,0.08296,0.967704,-0.040992,18.62,-10.92,-36.61,-63
1787066644932,429130,Knee,walk,0.030744,0.965752,-0.042456,20.16,-14,-42.84,-63
1787066645292,429309,Knee,walk,-0.271816,0.996496,0.077104,28.77,-8.26,-84.28,-67
1787066645292,429340,Knee,walk,-0.313296,1.006256,0.040992,40.67,-37.31,-89.11,-67
1787066645292,429357,Knee,walk,-0.287432,1.012112,0.03416,43.54,-55.02,-90.3,-67
1787066645292,429374,Knee,walk,-0.213256,1.006744,0.000488,45.64,-58.87,-92.47,-67
1787066645292,429391,Knee,walk,-0.17324,1.067256,-0.035624,47.39,-56.7,-87.5,-67
1787066645292,429422,Knee,walk,-0.174216,1.08824,-0.160552,39.97,-24.36,-77.77,-67
1787066645292,429439,Knee,walk,-0.298656,1.02968,-0.287432,38.15,5.04,-72.66,-67
1787066645292,429456,Knee,walk,-0.469944,0.960872,-0.376248,37.94,25.27,-68.18,-67
1787066645292,429473,Knee,walk,-0.687592,0.886696,-0.470432,34.72,39.48,-57.68,-67
1787066645292,429490,Knee,walk,-0.78812,0.833504,-0.503128,29.61,31.85,-43.19,-67
1787066645654,429668,Knee,walk,-0.797392,0.620736,-0.298168,-70.14,32.69,135.8,-67
1787066645654,429699,Knee,walk,-0.74664,0.603656,-0.284992,-91.7,10.15,160.51,-67
1787066645654,429717,Knee,walk,-0.721752,0.627568,-0.276696,-100.1,0.35,175.98,-67
1787066645654,429733,Knee,walk,-0.652456,0.669536,-0.266448,-106.05,-6.37,180.88,-67
1787066645654,429750,Knee,walk,-0.506544,0.694424,-0.189344,-112.7,-16.8,186.97,-67
1787066645654,429781,Knee,walk,-0.4148,0.798856,-0.164944,-115.64,-20.79,188.3,-67
1787066645654,429798,Knee,walk,-0.423096,0.869128,-0.177144,-119.14,-29.75,189.35,-67
1787066645654,429815,Knee,walk,-0.297192,0.909144,-0.13176,-120.19,-49.07,185.5,-67
1787066645654,429832,Knee,walk,-0.149816,0.903288,-0.030744,-112,-55.86,177.31,-67
1787066645654,429849,Knee,walk,-0.08052,0.900848,0.1098,-103.39,-52.01,168.49,-67
1787066646074,430029,Knee,walk,-0.40748,1.314672,0.17812,38.01,0.77,-38.15,-67
1787066646074,430060,Knee,walk,0.518744,0.967216,0.60512,45.64,-26.25,-27.72,-67
1787066646074,430077,Knee,walk,0.418216,1.394216,0.118096,60.69,9.38,-37.87,-67
1787066646074,430094,Knee,walk,0.358192,1.389336,0.034648,47.32,39.41,-50.68,-67
1787066646074,430111,Knee,walk,0.160064,0.957944,0.14152,37.52,67.06,-54.46,-67
1787066646074,430142,Knee,walk,-0.591456,0.917928,-0.223016,48.72,53.41,-41.93,-67
1787066646074,430159,Knee,walk,-0.614392,0.960872,-0.273768,48.02,23.52,-43.82,-67
1787066646074,430176,Knee,walk,-0.427488,0.986248,-0.22204,47.25,-3.22,-42.63,-67
1787066646074,430193,Knee,walk,-0.266448,1.006256,-0.169824,37.73,-11.48,-32.41,-67
1787066646074,430210,Knee,walk,-0.221064,0.987224,-0.162016,34.72,-11.69,-24.57,-67
1787066646388,430387,Knee,walk,-0.005368,0.996984,-0.036112,25.06,-13.44,-18.9,-75
1787066646388,430418,Knee,walk,-0.025376,0.996496,-0.057096,22.68,-12.25,-19.6,-75
1787066646388,430435,Knee,walk,-0.042944,0.989664,-0.072712,22.4,-12.74,-19.46,-75
1787066646388,430451,Knee,walk,-0.099064,0.994056,-0.088816,21.98,-13.3,-19.18,-75
1787066646388,430468,Knee,walk,-0.127856,0.983808,-0.080032,19.46,-16.59,-18.27,-75
1787066646388,430499,Knee,walk,-0.06344,0.991616,-0.067832,17.57,-16.24,-17.64,-75
1787066646388,430516,Knee,walk,-0.062464,0.98332,-0.049288,15.96,-8.96,-17.15,-75
1787066646388,430533,Knee,walk,-0.088328,0.972584,-0.045384,16.31,-5.18,-17.15,-75
1787066646388,430550,Knee,walk,-0.121512,0.98332,-0.059536,15.82,-4.48,-17.22,-75
1787066646388,430581,Knee,walk,-0.12688,0.979904,-0.075152,16.66,-11.13,-17.85,-75
1787066646895,430762,Knee,walk,-0.070272,0.96868,-0.113216,16.52,-2.87,-25.13,-75
1787066646895,430793,Knee,walk,-0.12932,0.957944,-0.07808,15.82,3.85,-28.21,-75
1787066646895,430810,Knee,walk,-0.20008,0.970632,-0.094184,17.29,0.28,-29.26,-75
1787066646895,430827,Knee,walk,-0.184952,0.965752,-0.09272,16.1,-7.77,-30.03,-75
1787066646895,430844,Knee,walk,-0.165432,0.975024,-0.085888,17.99,-13.23,-32.06,-75
1787066646895,430874,Knee,walk,-0.1708,0.953552,-0.1098,19.04,-20.65,-35.28,-75
1787066646895,430891,Knee,walk,-0.155184,0.964776,-0.10248,21,-24.71,-37.66,-75
1787066646895,430908,Knee,walk,-0.1708,0.976488,-0.10736,22.19,-25.62,-40.88,-75
1787066646895,430925,Knee,walk,-0.183,0.976488,-0.115656,22.75,-27.72,-44.66,-75
1787066646895,430942,Knee,walk,-0.188856,0.986736,-0.123464,24.36,-28.63,-46.69,-75
1787066647106,431120,Knee,walk,-0.226432,1.057984,0.130784,45.36,-51.8,-84.42,-66
1787066647106,431151,Knee,walk,-0.149328,1.04432,0.051728,46.27,-61.95,-71.75,-66
1787066647106,431168,Knee,walk,-0.15372,1.044808,0.083448,44.31,-53.06,-80.92,-66
1787066647106,431185,Knee,walk,-0.206912,1.019432,-0.034648,42.21,-26.18,-73.43,-66
1787066647106,431202,Knee,walk,-0.347944,1.043344,-0.206424,45.64,3.08,-67.69,-66
1787066647106,431233,Knee,walk,-0.590968,0.981856,-0.366488,46.55,23.59,-63.98,-66
1787066647106,431250,Knee,walk,-0.752984,0.899872,-0.459208,43.12,23.59,-52.64,-66
1787066647106,431267,Knee,walk,-0.845216,0.792024,-0.510936,35.7,9.1,-35.49,-66
1787066647106,431285,Knee,walk,-0.855464,0.72956,-0.384056,32.13,-8.82,-17.15,-66
1787066647106,431302,Knee,walk,-0.79056,0.709552,-0.454328,28.84,-18.06,-8.68,-66
1787066647511,431480,Knee,walk,-0.654408,0.601704,-0.32452,-107.03,50.19,139.72,-66
1787066647511,431510,Knee,walk,-0.642696,0.67588,-0.31232,-121.94,43.19,165.76,-66
1787066647511,431528,Knee,walk,-0.66856,0.747616,-0.306464,-126.14,19.11,167.37,-66
1787066647511,431544,Knee,walk,-0.548512,0.772016,-0.221552,-132.23,-7.35,170.17,-66
1787066647511,431561,Knee,walk,-0.48068,0.770064,-0.135664,-130.97,-20.93,177.38,-66
1787066647511,431592,Knee,walk,-0.342576,0.904752,0.010736,-122.92,-34.16,188.51,-66
1787066647511,431609,Knee,walk,-0.125904,0.959896,0.053192,-111.37,-32.9,185.64,-66
1787066647511,431626,Knee,walk,0.008296,0.942816,0.104432,-103.39,-25.62,176.05,-66
1787066647511,431643,Knee,walk,0.017568,0.942328,0.127368,-96.95,-20.93,156.24,-66
1787066647511,431660,Knee,walk,0.004392,0.914024,0.128832,-83.16,-19.18,144.41,-66
1787066647828,431840,Knee,walk,0.479704,0.955016,0.628544,42.77,13.37,-27.44,-73
1787066647828,431871,Knee,walk,0.14884,1.20292,-0.025864,42.14,41.93,-47.32,-73
1787066647828,431889,Knee,walk,-0.051728,0.959896,0.020008,40.67,71.33,-42.84,-73
1787066647828,431906,Knee,walk,-0.39284,0.91988,-0.132736,49.21,64.54,-39.2,-73
1787066647828,431923,Knee,walk,-0.526552,1.031632,-0.286944,52.01,24.57,-39.2,-73
1787066647828,431954,Knee,walk,-0.377224,0.982344,-0.222528,45.85,-13.44,-39.06,-73
1787066647828,431971,Knee,walk,-0.262056,0.981368,-0.169824,39.55,-16.03,-28.63,-73
1787066647828,431988,Knee,walk,-0.183,0.987712,-0.116632,35.7,-15.05,-22.19,-73
1787066647828,432005,Knee,walk,-0.145912,0.989664,-0.04392,33.67,-8.12,-22.47,-73
1787066647828,432022,Knee,walk,-0.128344,0.9882,-0.026352,30.8,-1.4,-21.7,-73
1787066648205,432200,Knee,walk,-0.034648,0.994056,-0.057584,23.24,-30.1,-19.95,-73
1787066648205,432231,Knee,walk,-0.00976,0.986248,-0.053192,21.07,-28.14,-20.16,-73
1787066648205,432248,Knee,walk,0.018056,0.981856,-0.044896,19.53,-19.18,-19.32,-73
1787066648205,432265,Knee,walk,0.048312,0.978928,-0.047336,19.04,-13.02,-19.04,-73
1787066648205,432282,Knee,walk,0.030744,0.986248,-0.051728,16.8,-1.47,-18.69,-73
1787066648205,432313,Knee,walk,-0.09516,0.98088,-0.061488,15.33,5.67,-19.6,-73
1787066648205,432330,Knee,walk,-0.166408,0.979904,-0.081008,15.75,0.42,-20.16,-73
1787066648205,432347,Knee,walk,-0.185928,0.979416,-0.094184,15.96,-8.05,-20.79,-73
1787066648205,432364,Knee,walk,-0.16104,0.972096,-0.0976,16.17,-15.33,-21.42,-73
1787066648205,432381,Knee,walk,-0.147376,0.979904,-0.095648,16.66,-18.76,-21.7,-73
1787066648551,432561,Knee,walk,-0.062464,0.9638,-0.108824,17.01,-6.23,-30.24,-73
1787066648551,432592,Knee,walk,-0.156648,0.959408,-0.091744,17.08,-2.24,-33.39,-73
1787066648551,432609,Knee,walk,-0.20252,0.961848,-0.091256,17.99,-5.74,-36.05,-73
1787066648551,432626,Knee,walk,-0.211304,0.955504,-0.096624,18.55,-13.02,-38.78,-73
1787066648551,432643,Knee,walk,-0.208864,0.952576,-0.092232,20.3,-15.89,-40.32,-73
1787066648551,432674,Knee,walk,-0.19276,0.962824,-0.140544,23.38,-25.34,-47.18,-73
1787066648551,432691,Knee,walk,-0.155672,0.99064,-0.12688,24.08,-26.53,-49.07,-73
1787066648551,432708,Knee,walk,-0.157624,0.991616,-0.098088,26.18,-24.22,-53.06,-73
1787066648551,432725,Knee,walk,-0.160552,1.009672,-0.103944,29.12,-23.24,-58.17,-73
1787066648551,432742,Knee,walk,-0.12688,1.0614,-0.067832,29.82,-21.21,-62.51,-73
1787066648914,432922,Knee,walk,-0.362584,1.087752,-0.184464,52.99,-40.39,-66.64,-72
1787066648914,432953,Knee,walk,-0.534848,0.964776,-0.30744,47.11,-10.64,-61.39,-72
1787066648914,432970,Knee,walk,-0.715408,0.886208,-0.427,47.81,5.11,-51.1,-72
1787066648914,432987,Knee,walk,-0.84668,0.80764,-0.515328,46.2,1.4,-37.94,-72
1787066648914,433004,Knee,walk,-0.869616,0.774944,-0.522648,39.34,-14.42,-21.42,-72
1787066648914,433035,Knee,walk,-0.732,0.650504,-0.507032,1.19,-16.03,7.21,-72
1787066648914,433052,Knee,walk,-0.72956,0.535336,-0.423096,-1.47,-18.27,19.39,-72
1787066648914,433069,Knee,walk,-0.650016,0.626104,-0.403576,-8.54,-18.2,43.61,-72
1787066648914,433086,Knee,walk,-0.550952,0.714432,-0.423096,-32.9,3.85,54.81,-72
1787066648914,433103,Knee,walk,-0.530944,0.61,-0.410408,-52.08,31.36,71.68,-72
1787066649353,433281,Knee,walk,-0.345992,0.764208,-0.158112,-119.28,-18.2,173.67,-72
1787066649353,433312,Knee,walk,-0.277184,0.884744,-0.06832,-116.76,-11.97,182.7,-72
1787066649353,433329,Knee,walk,-0.223504,0.898896,-0.022448,-109.9,-14.98,181.37,-72
1787066649353,433346,Knee,walk,-0.159576,0.918416,-0.033184,-97.37,-22.96,175.49,-72
1787066649353,433364,Knee,walk,-0.124928,0.938424,-0.006832,-88.48,-38.43,164.15,-72
1787066649353,433394,Knee,walk,0.111264,0.829112,0.196664,-68.53,-53.27,136.01,-72
1787066649353,433411,Knee,walk,0.421144,0.849608,0.3416,-44.17,-32.97,104.65,-72
1787066649353,433428,Knee,walk,0.502152,0.850584,0.392352,-34.16,-2.66,66.08,-72
1787066649353,433445,Knee,walk,0.498248,0.782752,0.512888,-16.73,10.71,46.97,-72
1787066649353,433462,Knee,walk,0.455304,0.714432,0.529968,7.14,30.73,12.6,-72
1787066649633,433641,Knee,walk,-0.399184,1.063352,-0.351848,54.53,23.03,-40.6,-69
1787066649633,433672,Knee,walk,-0.518256,0.941352,-0.240584,46.55,-9.38,-33.95,-69
1787066649633,433689,Knee,walk,-0.530944,0.944768,-0.194712,44.87,-26.39,-30.66,-69
1787066649633,433706,Knee,walk,-0.337696,1.014064,-0.14152,37.38,-33.46,-25.41,-69
1787066649633,433724,Knee,walk,-0.10248,1.035048,-0.04392,32.41,-16.87,-26.81,-69
1787066649633,433755,Knee,walk,0.01708,0.959408,-0.042456,26.18,22.19,-26.53,-69
1787066649633,433772,Knee,walk,-0.020984,0.956968,-0.103456,25.83,31.22,-20.16,-69
1787066649633,433789,Knee,walk,-0.033184,1.01992,-0.10492,23.59,23.1,-16.59,-69
1787066649633,433806,Knee,walk,-0.018056,1.020408,-0.077592,21.28,17.5,-15.05,-69
1787066649633,433823,Knee,walk,-0.044408,0.979416,-0.027816,21.49,8.96,-14.77,-69
1787066649992,434003,Knee,walk,0.013176,0.99308,-0.074176,18.97,-10.22,-18.34,-69
1787066649992,434034,Knee,walk,-0.103456,0.991128,-0.071248,16.17,3.22,-19.81,-69
1787066649992,434051,Knee,walk,-0.166896,0.985272,-0.0732,15.75,0.98,-20.09,-69
1787066649992,434067,Knee,walk,-0.19276,0.980392,-0.08052,14.91,-7.98,-20.23,-69
1787066649992,434084,Knee,walk,-0.171288,0.98332,-0.07564,14.42,-18.69,-21.35,-69
1787066649992,434115,Knee,walk,-0.10736,0.97844,-0.065392,16.52,-26.04,-24.43,-69
1787066649992,434132,Knee,walk,-0.087352,0.978928,-0.04636,16.59,-25.41,-25.34,-69
1787066649992,434149,Knee,walk,-0.064904,0.974536,-0.037088,18.9,-24.08,-28.28,-69
1787066649992,434166,Knee,walk,-0.059536,0.979904,-0.040992,19.67,-21.84,-30.8,-69
1787066649992,434183,Knee,walk,-0.06344,0.976488,-0.0366,19.53,-21.49,-32.06,-69
1787066650381,434361,Knee,walk,-0.28548,1.027728,-0.112728,28.56,-34.65,-63.98,-69
1787066650381,434392,Knee,walk,-0.19764,1.175104,0.05124,29.12,-35.14,-71.82,-69
1787066650381,434409,Knee,walk,-0.154208,1.187304,0.143472,28.77,-31.43,-73.5,-69
1787066650381,434426,Knee,walk,-0.18544,1.1468,0.210328,30.59,-24.92,-77.63,-69
1787066650381,434443,Knee,walk,-0.261568,1.118008,0.233752,37.17,-26.88,-83.37,-69
1787066650381,434474,Knee,walk,-0.306952,1.127768,0.115656,45.99,-48.65,-93.87,-69
1787066650381,434491,Knee,walk,-0.21716,1.08092,0.023424,48.58,-64.19,-97.23,-69
1787066650381,434508,Knee,walk,-0.205936,0.993568,0.038064,44.52,-58.66,-91.77,-69
1787066650381,434525,Knee,walk,-0.21472,0.94672,0.036112,43.96,-32.9,-82.6,-69
1787066650381,434542,Knee,walk,-0.244488,0.906216,-0.05612,48.44,-14.42,-80.22,-69
1787066650714,434721,Knee,walk,-0.632448,0.752496,-0.381128,-38.92,3.92,47.67,-69
1787066650714,434752,Knee,walk,-0.658312,0.565592,-0.37576,-63.21,29.19,79.45,-69
1787066650714,434768,Knee,walk,-0.66124,0.59536,-0.37576,-67.27,32.69,87.22,-69
1787066650714,434785,Knee,walk,-0.689056,0.662216,-0.373808,-75.88,35.84,99.82,-69
1787066650714,434802,Knee,walk,-0.731512,0.661728,-0.372344,-85.05,32.9,108.64,-69
1787066650714,434833,Knee,walk,-0.725656,0.61244,-0.329888,-98.91,21.42,125.65,-69
1787066650714,434850,Knee,walk,-0.669536,0.639768,-0.27816,-109.06,17.92,143.57,-69
1787066650714,434867,Knee,walk,-0.598776,0.672952,-0.244976,-119.7,16.1,158.83,-69
1787066650714,434884,Knee,walk,-0.560224,0.69784,-0.208376,-121.8,13.3,163.24,-69
1787066650714,434901,Knee,walk,-0.485072,0.75396,-0.193248,-121.8,13.58,163.52,-69
1787066651073,435081,Knee,walk,0.188368,0.787632,0.286944,-13.16,-58.52,73.15,-84
1787066651073,435112,Knee,walk,0.506544,0.812032,0.36112,14.49,-72.1,41.51,-84
1787066651073,435129,Knee,walk,0.57096,0.803248,0.378688,20.02,-54.67,15.96,-84
1787066651073,435146,Knee,walk,0.57828,0.819352,0.429928,26.32,-39.13,1.82,-84
1787066651073,435163,Knee,walk,0.38552,0.777384,0.447496,32.06,-10.15,-23.31,-84
1787066651073,435194,Knee,walk,0.182024,0.802272,0.283528,50.12,15.75,-53.41,-84
1787066651073,435211,Knee,walk,0.108824,0.865224,0.146888,59.99,34.65,-73.71,-84
1787066651073,435228,Knee,walk,-0.128344,1.047736,-0.169824,67.9,56.14,-84.21,-84
1787066651073,435245,Knee,walk,-0.469456,1.5982,-0.005368,24.36,28.28,-37.45,-84
1787066651073,435262,Knee,walk,-0.157624,1.362984,0.40504,-24.57,14.84,-3.29,-84
1787066651438,435440,Knee,walk,-0.27572,0.945744,-0.038064,33.46,15.82,-30.94,-84
1787066651438,435470,Knee,walk,-0.402112,0.989664,-0.113216,35.21,-14.77,-25.97,-84
1787066651438,435487,Knee,walk,-0.186904,0.992592,-0.107848,34.09,-21.35,-24.36,-84
1787066651438,435505,Knee,walk,0.020496,0.974536,-0.108824,31.71,-18.55,-22.68,-84
1787066651438,435522,Knee,walk,0.058072,0.983808,-0.107848,28.28,-6.51,-19.04,-84
1787066651438,435553,Knee,walk,-0.077104,0.987224,-0.091256,26.25,-3.99,-16.24,-84
1787066651438,435570,Knee,walk,-0.19276,0.993568,-0.103944,26.25,-14.56,-17.78,-84
1787066651438,435587,Knee,walk,-0.20252,0.983808,-0.12688,26.95,-33.18,-19.46,-84
1787066651438,435604,Knee,walk,-0.093696,1.018944,-0.164944,28.42,-46.2,-19.04,-84
1787066651438,435621,Knee,walk,-0.03904,1.026752,-0.142008,25.2,-47.46,-18.9,-84
1787066651795,435801,Knee,walk,-0.141032,0.976488,-0.11712,14.49,-28.07,-17.78,-84
1787066651795,435833,Knee,walk,-0.144448,0.974536,-0.11712,14.07,-33.18,-17.57,-84
1787066651795,435850,Knee,walk,-0.139568,0.982344,-0.114192,14.07,-33.46,-18.55,-84
1787066651795,435867,Knee,walk,-0.138592,0.984784,-0.124928,13.58,-31.36,-19.11,-84
1787066651795,435884,Knee,walk,-0.1342,0.98088,-0.12444,13.09,-29.75,-19.6,-84
1787066651795,435915,Knee,walk,-0.122,0.980392,-0.102968,12.18,-17.29,-22.12,-84
1787066651795,435932,Knee,walk,-0.134688,0.975024,-0.101992,11.55,-13.16,-23.1,-84
1787066651795,435949,Knee,walk,-0.1342,0.964776,-0.092232,11.83,-8.33,-24.15,-84
1787066651795,435966,Knee,walk,-0.117608,0.970144,-0.0854,13.16,-7.42,-26.32,-84
1787066651795,435983,Knee,walk,-0.086376,0.982832,-0.096624,14.14,-9.24,-29.26,-84
1787066652157,436162,Knee,walk,-0.162992,1.082384,0.073688,29.26,-21.98,-71.96,-78
1787066652157,436193,Knee,walk,-0.309392,1.10532,0.080032,31.43,-15.89,-77.42,-78
1787066652157,436210,Knee,walk,-0.3416,1.084824,0.133224,32.55,-24.15,-80.22,-78
1787066652157,436227,Knee,walk,-0.355264,1.034072,0.16348,39.97,-35.14,-86.73,-78
1787066652157,436244,Knee,walk,-0.360144,1.023336,0.159576,50.26,-53.83,-92.82,-78
1787066652157,436275,Knee,walk,-0.267912,1.047248,0.025864,53.06,-80.08,-93.31,-78
1787066652157,436292,Knee,walk,-0.243512,1.042856,-0.006344,49.14,-74.34,-84.49,-78
1787066652157,436309,Knee,walk,-0.223016,1.036024,-0.009272,46.06,-67.9,-76.44,-78
1787066652157,436326,Knee,walk,-0.2562,0.998936,-0.069296,45.57,-39.83,-73.71,-78
1787066652157,436343,Knee,walk,-0.409432,0.989664,-0.204472,48.09,-10.78,-68.11,-78
1787066652520,436523,Knee,walk,-0.497272,0.570472,-0.338672,-44.59,11.83,87.57,-78
1787066652520,436554,Knee,walk,-0.521672,0.630008,-0.33184,-58.66,51.45,108.36,-78
1787066652520,436571,Knee,walk,-0.637816,0.66612,-0.36356,-65.94,63.98,114.94,-78
1787066652520,436588,Knee,walk,-0.756888,0.652456,-0.401136,-76.37,56.21,122.15,-78
1787066652520,436605,Knee,walk,-0.765672,0.637816,-0.36844,-89.18,40.6,139.16,-78
1787066652520,436636,Knee,walk,-0.69296,0.699304,-0.335256,-108.78,9.31,168.14,-78
1787066652520,436652,Knee,walk,-0.603168,0.764696,-0.284504,-109.97,-21.77,171.5,-78
1787066652520,436669,Knee,walk,-0.496296,0.781288,-0.241072,-109.2,-36.82,174.23,-78
1787066652520,436686,Knee,walk,-0.306952,0.80764,-0.145424,-108.08,-34.86,175.63,-78
1787066652520,436703,Knee,walk,-0.215208,0.879864,-0.069784,-105.91,-24.64,178.99,-78
1787066652878,436884,Knee,walk,0.503616,0.81496,0.45628,-12.04,10.78,16.38,-78
1787066652878,436915,Knee,walk,0.240584,0.727608,0.320616,27.72,40.67,-34.79,-78
1787066652878,436932,Knee,walk,0.129808,0.84424,0.262544,38.29,37.8,-42.49,-78
1787066652878,436949,Knee,walk,0.080032,1.07604,0.196664,43.47,38.5,-59.85,-78
1787066652878,436966,Knee,walk,-0.208376,1.231224,0.389424,24.08,38.99,-49.84,-78
1787066652878,436997,Knee,walk,0.434808,1.077504,0.594384,29.05,31.71,-31.15,-78
1787066652878,437014,Knee,walk,0.397232,1.214144,0.275232,37.45,55.93,-47.39,-78
1787066652878,437031,Knee,walk,0.16348,1.13704,-0.012688,41.72,59.22,-53.55,-78
1787066652878,437048,Knee,walk,0.113704,0.996984,-0.102968,42.77,67.41,-57.54,-78
1787066652878,437065,Knee,walk,-0.033184,0.892552,-0.183976,45.01,73.57,-45.99,-78
1787066653238,437243,Knee,walk,0.150792,1.007232,-0.086376,20.3,17.99,-17.78,-69
1787066653238,437273,Knee,walk,-0.015128,0.978928,-0.03172,17.5,27.72,-14.42,-69
1787066653238,437291,Knee,walk,-0.164944,0.988688,-0.022448,18.48,20.86,-14.35,-69
1787066653238,437307,Knee,walk,-0.190808,0.982344,-0.03172,20.23,1.54,-14.91,-69
1787066653238,437324,Knee,walk,-0.070272,1.000888,-0.050264,21,-12.25,-15.96,-69
1787066653238,437355,Knee,walk,-0.00976,0.99552,-0.045872,21.7,-15.68,-17.85,-69
1787066653238,437372,Knee,walk,-0.065392,0.988688,-0.029768,21,-17.64,-17.43,-69
1787066653238,437389,Knee,walk,-0.12688,0.959408,-0.009272,23.1,-27.02,-18.41,-69
1787066653238,437406,Knee,walk,-0.121512,0.969656,-0.03416,24.71,-34.23,-18.83,-69
1787066653238,437423,Knee,walk,-0.052216,1.0004,-0.067832,22.75,-34.16,-18.97,-69
1787066653598,437602,Knee,walk,-0.113704,0.989664,-0.069784,17.15,-27.44,-23.38,-69
1787066653598,437633,Knee,walk,-0.030744,0.979904,-0.019032,16.66,-27.65,-26.32,-69
1787066653598,437650,Knee,walk,-0.000488,0.976,0.006832,17.08,-26.67,-27.79,-69
1787066653598,437667,Knee,walk,0.025864,0.976488,0.013176,17.71,-24.43,-30.52,-69
1787066653598,437684,Knee,walk,0.086864,0.983808,-0.00488,18.48,-23.73,-34.16,-69
1787066653598,437715,Knee,walk,0.151768,0.967216,-0.039528,18.69,-21.91,-41.51,-69
1787066653598,437732,Knee,walk,0.169336,0.948672,-0.049288,20.51,-22.68,-47.39,-69
1787066653598,437749,Knee,walk,0.140544,0.937448,-0.028792,23.38,-26.95,-55.79,-69
1787066653598,437766,Knee,walk,0.123952,0.942328,-0.034648,29.05,-35.84,-64.33,-69
1787066653598,437783,Knee,walk,0.098576,0.982832,-0.021472,31.57,-39.9,-70.7,-69
1787066653971,437961,Knee,walk,-0.210816,1.06384,0.138592,53.55,-77.21,-83.86,-69
1787066653971,437992,Knee,walk,-0.317688,1.00528,-0.230824,52.5,-12.81,-67.2,-69
1787066653971,438009,Knee,walk,-0.507032,0.918416,-0.308416,52.29,-1.12,-59.78,-69
1787066653971,438026,Knee,walk,-0.674416,0.845704,-0.428952,56.07,7.98,-55.23,-69
1787066653971,438043,Knee,walk,-0.837896,0.816424,-0.4758,55.93,4.55,-39.97,-69
1787066653971,438074,Knee,walk,-0.970632,0.620736,-0.45384,42.84,-30.31,-12.74,-69
1787066653971,438091,Knee,walk,-0.926224,0.62464,-0.368928,35.77,-59.71,9.59,-69
1787066653971,438108,Knee,walk,-0.843264,0.62464,-0.308904,26.39,-71.54,32.76,-69
1787066653971,438124,Knee,walk,-0.789096,0.663192,-0.143472,12.04,-78.19,57.82,-69
1787066653971,438155,Knee,walk,-0.614392,0.597312,-0.193736,-6.09,-48.72,86.8,-69
1787066654331,438334,Knee,walk,-0.419192,0.75884,-0.243512,-83.16,-84.84,193.48,-61
1787066654331,438365,Knee,walk,-0.256688,0.859856,-0.1708,-86.66,-94.22,196.28,-61
1787066654331,438382,Knee,walk,-0.102968,0.895968,-0.088816,-87.01,-96.39,193.9,-61
1787066654331,438399,Knee,walk,-0.03416,0.916464,-0.015616,-81.55,-88.34,188.23,-61
1787066654331,438416,Knee,walk,0.115168,0.984296,0.016592,-77.91,-84.21,173.32,-61
1787066654331,438447,Knee,walk,0.403088,0.956968,0.084424,-56.84,-72.87,132.86,-61
1787066654331,438464,Knee,walk,0.502152,0.976,0.184464,-52.57,-54.67,97.86,-61
1787066654331,438481,Knee,walk,0.61,0.864248,0.458232,-52.08,-41.44,78.82,-61
1787066654331,438498,Knee,walk,0.601704,0.691984,0.633912,-34.44,-23.17,40.6,-61
1787066654331,438515,Knee,walk,0.601216,0.669536,0.730048,-9.45,-9.31,8.96,-61
1787066654704,438693,Knee,walk,-0.272792,0.840336,-0.1952,44.31,98.21,-57.75,-61
1787066654704,438724,Knee,walk,-0.626104,0.881816,-0.336232,42.98,43.33,-47.67,-61
1787066654704,438741,Knee,walk,-0.434808,0.991616,-0.242048,41.37,12.46,-46.48,-61
1787066654704,438758,Knee,walk,-0.337696,1.000888,-0.144936,34.65,7.14,-37.1,-61
1787066654704,438775,Knee,walk,-0.264008,0.994056,-0.103944,32.41,3.01,-29.61,-61
1787066654704,438806,Knee,walk,-0.22936,0.981856,-0.076616,32.27,2.52,-24.22,-61
1787066654704,438823,Knee,walk,-0.176656,0.995032,-0.08052,29.19,1.4,-24.71,-61
1787066654704,438840,Knee,walk,-0.003904,0.989176,-0.067832,27.72,4.69,-25.34,-61
1787066654704,438857,Knee,walk,0.108336,0.970632,-0.075152,25.41,17.57,-23.87,-61
1787066654704,438887,Knee,walk,-0.00244,0.985272,-0.07564,21.21,25.62,-18.48,-61
1787066655063,439065,Knee,walk,-0.083936,0.986736,-0.11468,20.02,-30.31,-15.68,-61
1787066655063,439096,Knee,walk,-0.128344,0.991616,-0.0976,20.09,-26.25,-15.75,-61
1787066655063,439113,Knee,walk,-0.162992,0.98576,-0.101016,20.09,-27.23,-15.19,-61
1787066655063,439130,Knee,walk,-0.169824,0.976976,-0.106384,20.09,-31.43,-15.82,-61
1787066655063,439147,Knee,walk,-0.16348,0.98332,-0.111264,20.72,-36.61,-16.31,-61
1787066655063,439178,Knee,walk,-0.121512,0.995032,-0.132736,20.09,-42.14,-16.87,-61
1787066655063,439195,Knee,walk,-0.0976,0.986736,-0.09028,20.3,-44.1,-18.48,-61
1787066655063,439211,Knee,walk,-0.088328,0.976,-0.060024,22.54,-43.54,-20.37,-61
1787066655063,439228,Knee,walk,-0.077592,0.977464,-0.060512,23.17,-42.56,-21.28,-61
1787066655063,439245,Knee,walk,-0.045872,0.975512,-0.040992,22.19,-41.16,-22.05,-61
1787066655426,439425,Knee,walk,-0.198616,0.972584,-0.009272,39.55,-47.74,-68.04,-61
1787066655426,439456,Knee,walk,-0.321592,0.972584,-0.043432,44.03,-44.31,-75.04,-61
1787066655426,439473,Knee,walk,-0.397232,1.001376,-0.024888,45.15,-43.12,-76.44,-61
1787066655426,439490,Knee,walk,-0.424072,1.060424,0.010248,48.23,-44.38,-78.96,-61
1787066655426,439507,Knee,walk,-0.400648,1.146312,0.086864,51.03,-48.58,-83.16,-61
1787066655426,439538,Knee,walk,-0.276208,1.260504,0.124928,57.33,-69.37,-95.13,-61
1787066655426,439555,Knee,walk,-0.149816,1.297104,0.21472,57.4,-91.63,-100.03,-61
1787066655426,439572,Knee,walk,-0.11956,1.207312,0.239608,60.55,-88.41,-104.65,-61
1787066655426,439589,Knee,walk,-0.118584,1.197064,0.177632,61.18,-79.03,-94.36,-61
1787066655426,439606,Knee,walk,-0.140056,1.141432,0.048312,59.92,-61.11,-77.35,-61
1787066655790,439788,Knee,walk,-0.689056,0.508984,-0.249856,-4.76,-71.19,110.18,-59
1787066655790,439819,Knee,walk,-0.55632,0.464576,-0.232288,-19.32,-29.82,133.56,-59
1787066655790,439836,Knee,walk,-0.594872,0.525088,-0.239608,-26.95,-6.72,145.6,-59
1787066655790,439853,Knee,walk,-0.62952,0.562664,-0.255712,-39.9,3.99,153.72,-59
1787066655790,439869,Knee,walk,-0.691496,0.564128,-0.299144,-48.02,3.15,156.59,-59
1787066655790,439900,Knee,walk,-0.745176,0.491416,-0.340624,-75.46,-23.38,180.18,-59
1787066655790,439917,Knee,walk,-0.720776,0.538752,-0.336232,-80.43,-33.04,188.93,-59
1787066655790,439934,Knee,walk,-0.689056,0.632448,-0.353312,-96.39,-62.3,203.77,-59
1787066655790,439951,Knee,walk,-0.637328,0.72468,-0.366488,-100.73,-107.45,206.78,-59
1787066655790,439968,Knee,walk,-0.414312,0.798856,-0.304512,-103.04,-133.07,207.69,-59
1787066656151,440149,Knee,walk,0.380152,0.66612,0.41236,31.01,41.23,-50.75,-59
1787066656151,440181,Knee,walk,-0.334768,1.33468,0.378688,41.23,45.01,-61.32,-59
1787066656151,440198,Knee,walk,-0.02196,1.182424,0.698328,12.32,-7.77,-23.8,-59
1787066656151,440215,Knee,walk,0.715896,1.199016,0.475312,42.63,20.79,-31.78,-59
1787066656151,440232,Knee,walk,0.459696,1.411784,0.037088,37.87,60.2,-53.41,-59
1787066656151,440263,Knee,walk,-0.296704,0.87108,-0.244488,49,84.98,-58.17,-59
1787066656151,440280,Knee,walk,-0.710528,0.88328,-0.399184,50.05,68.46,-45.57,-59
1787066656151,440297,Knee,walk,-0.7686,0.910608,-0.420656,47.39,6.37,-38.5,-59
1787066656151,440314,Knee,walk,-0.619272,0.975024,-0.344528,46.06,-18.69,-37.38,-59
1787066656151,440331,Knee,walk,-0.352336,1.010648,-0.151768,40.11,-35.14,-34.3,-59
1787066656513,440510,Knee,walk,-0.126392,1.001864,-0.110776,25.76,-27.23,-18.97,-59
1787066656513,440540,Knee,walk,-0.081984,0.97844,-0.07076,25.62,-39.41,-19.25,-59
1787066656513,440558,Knee,walk,-0.044408,0.990152,-0.045872,25.83,-43.05,-19.6,-59
1787066656513,440574,Knee,walk,-0.023424,0.991616,-0.033184,24.57,-42.98,-18.83,-59
1787066656513,440591,Knee,walk,0.015616,0.97112,-0.020008,21.63,-37.24,-18.2,-59
1787066656513,440622,Knee,walk,0.051728,0.986248,-0.081984,18.83,-14.91,-17.78,-59
1787066656513,440639,Knee,walk,-0.015128,0.992592,-0.088816,15.75,-1.54,-17.78,-59
1787066656513,440656,Knee,walk,-0.06832,0.982832,-0.094672,16.03,0.42,-18.48,-59
1787066656513,440673,Knee,walk,-0.15372,0.980392,-0.104432,16.59,-2.59,-18.55,-59
1787066656513,440690,Knee,walk,-0.16592,0.986736,-0.10004,16.17,-13.86,-18.83,-59
1787066656873,440870,Knee,walk,-0.084424,0.97112,-0.11712,19.25,-11.69,-30.03,-64
1787066656873,440901,Knee,walk,-0.076616,0.964776,-0.116632,19.04,-16.38,-34.86,-64
1787066656873,440918,Knee,walk,-0.052704,0.968192,-0.091256,20.79,-16.94,-36.47,-64
1787066656873,440935,Knee,walk,-0.076616,0.957456,-0.077592,20.23,-18.2,-38.78,-64
1787066656873,440952,Knee,walk,-0.100528,0.93452,-0.079056,21.35,-23.1,-41.79,-64
1787066656873,440983,Knee,walk,-0.056608,0.95648,-0.110776,25.55,-31.36,-48.23,-64
1787066656873,441000,Knee,walk,-0.061488,0.994056,-0.096624,28.84,-33.04,-52.15,-64
1787066656873,441017,Knee,walk,-0.11468,0.996984,-0.07808,31.36,-30.31,-56.35,-64
1787066656873,441034,Knee,walk,-0.1342,0.999912,-0.076616,34.51,-24.71,-61.81,-64
1787066656873,441051,Knee,walk,-0.172752,1.052128,-0.03416,34.44,-20.51,-64.33,-64
1787066657238,441231,Knee,walk,-0.281576,1.018456,-0.01952,66.57,-64.96,-70.07,-64
1787066657238,441262,Knee,walk,-0.535824,0.996984,-0.300608,58.45,-31.15,-60.69,-64
1787066657238,441279,Knee,walk,-0.606096,0.945744,-0.476776,51.52,-18.97,-51.03,-64
1787066657238,441296,Knee,walk,-0.72468,0.828136,-0.462136,49.77,-17.64,-44.73,-64
1787066657238,441313,Knee,walk,-0.830576,0.731024,-0.55144,47.18,-17.92,-26.25,-64
1787066657238,441344,Knee,walk,-0.82716,0.665632,-0.524112,31.08,-36.61,10.43,-64
1787066657238,441361,Knee,walk,-0.818864,0.560712,-0.483608,22.47,-41.09,17.43,-64
1787066657238,441378,Knee,walk,-0.736392,0.60024,-0.413824,4.9,-49.77,39.97,-64
1787066657238,441395,Knee,walk,-0.647088,0.621224,-0.408944,-17.99,-39.06,64.4,-64
1787066657238,441412,Knee,walk,-0.61244,0.601704,-0.403088,-39.13,-21.21,83.02,-64
1787066657597,441593,Knee,walk,-0.416752,0.867176,-0.143472,-130.06,-1.33,172.13,-64
1787066657597,441624,Knee,walk,-0.194224,0.983808,0.001464,-123.48,-0.7,175,-64
1787066657597,441641,Knee,walk,-0.135664,0.943792,0.05856,-112.21,7.35,169.26,-64
1787066657597,441658,Knee,walk,-0.131272,0.944768,0.044408,-100.73,5.32,162.4,-64
1787066657597,441675,Knee,walk,-0.125904,0.957944,0.050752,-96.18,-1.68,148.4,-64
1787066657597,441706,Knee,walk,-0.084424,0.786656,0.215208,-62.02,-40.6,121.66,-64
1787066657597,441723,Knee,walk,-0.01464,0.764696,0.277672,-47.81,-52.08,101.43,-64
1787066657597,441740,Knee,walk,0.10492,0.74664,0.345504,-22.54,-58.17,92.19,-64
1787066657597,441757,Knee,walk,0.278648,0.765672,0.349408,1.33,-61.81,72.24,-64
1787066657597,441774,Knee,walk,0.444568,0.824232,0.30744,18.62,-62.58,48.72,-64
1787066657955,441952,Knee,walk,-0.268888,1.449848,0.047824,44.45,73.15,-50.05,-65
1787066657955,441983,Knee,walk,-0.247904,0.857416,-0.074664,54.46,40.53,-55.72,-65
1787066657955,442000,Knee,walk,-0.201056,1.01748,-0.31964,52.71,42.28,-48.79,-65
1787066657955,442017,Knee,walk,-0.211792,0.965752,-0.332816,44.8,36.05,-45.5,-65
1787066657955,442034,Knee,walk,-0.352336,0.920856,-0.274744,46.34,29.47,-44.1,-65
1787066657955,442065,Knee,walk,-0.408456,0.944768,-0.131272,37.31,-11.76,-33.53,-65
1787066657955,442082,Knee,walk,-0.294752,0.950624,-0.107848,37.94,-26.53,-31.15,-65
1787066657955,442099,Knee,walk,-0.119072,1.001864,-0.086376,36.75,-26.18,-30.31,-65
1787066657955,442116,Knee,walk,-0.046848,0.982832,-0.05124,34.58,-18.13,-28,-65
1787066657955,442133,Knee,walk,0.012688,0.969656,-0.046848,32.41,-9.45,-23.38,-65
1787066658318,442313,Knee,walk,-0.137616,0.970632,-0.0732,22.68,-26.74,-19.11,-65
1787066658318,442345,Knee,walk,-0.061488,0.980392,-0.101504,20.09,-29.47,-17.01,-65
1787066658318,442362,Knee,walk,-0.016592,0.984784,-0.11468,18.69,-25.2,-16.38,-65
1787066658318,442379,Knee,walk,-0.045872,0.978928,-0.105896,17.08,-16.45,-16.52,-65
1787066658318,442396,Knee,walk,-0.114192,0.979904,-0.110288,16.59,-12.67,-16.66,-65
1787066658318,442426,Knee,walk,-0.180072,0.976488,-0.125416,17.08,-17.29,-16.8,-65
1787066658318,442443,Knee,walk,-0.180072,0.971608,-0.125416,16.59,-23.24,-17.78,-65
1787066658318,442460,Knee,walk,-0.169824,0.977952,-0.123464,16.66,-26.53,-18.13,-65
1787066658318,442477,Knee,walk,-0.136152,0.976488,-0.119072,16.59,-26.6,-18.62,-65
1787066658318,442494,Knee,walk,-0.130296,0.976488,-0.113216,16.87,-24.71,-19.88,-65
1787066658679,442674,Knee,walk,-0.140544,0.979904,-0.069296,26.25,-27.79,-43.96,-65
1787066658679,442705,Knee,walk,-0.178608,0.932568,-0.066368,28.84,-39.13,-49.91,-65
1787066658679,442722,Knee,walk,-0.185928,0.907192,-0.104432,32.97,-43.47,-51.8,-65
1787066658679,442739,Knee,walk,-0.162016,0.93696,-0.128832,36.82,-51.1,-56.21,-65
1787066658679,442756,Knee,walk,-0.166408,1.008696,-0.12932,40.46,-55.23,-60.55,-65
1787066658679,442787,Knee,walk,-0.079544,1.125328,-0.138104,43.68,-51.8,-67.06,-65
1787066658679,442804,Knee,walk,-0.000976,1.216584,-0.018056,41.51,-36.54,-71.68,-65
1787066658679,442821,Knee,walk,-0.01952,1.228784,0.132248,41.16,-19.53,-75.67,-65
1787066658679,442838,Knee,walk,-0.089792,1.204384,0.227408,41.72,-8.68,-80.64,-65
1787066658679,442855,Knee,walk,-0.284016,1.083848,0.320128,46.9,-8.82,-83.37,-65
1787066659041,443036,Knee,walk,-0.852536,0.75884,-0.549488,49.63,-52.43,-13.79,-65
1787066659041,443066,Knee,walk,-0.796904,0.661728,-0.522648,27.44,-60.69,11.62,-65
1787066659041,443083,Knee,walk,-0.74664,0.671976,-0.489464,6.23,-72.1,30.66,-65
1787066659041,443100,Knee,walk,-0.609512,0.652456,-0.45872,-5.81,-68.04,43.75,-65
1787066659041,443117,Knee,walk,-0.49532,0.598288,-0.43188,-31.15,-43.82,69.23,-65
1787066659041,443148,Knee,walk,-0.44408,0.594384,-0.391864,-59.92,3.57,97.86,-65
1787066659041,443165,Knee,walk,-0.46848,0.681248,-0.357216,-74.06,38.78,101.71,-65
1787066659041,443182,Knee,walk,-0.567056,0.660752,-0.368928,-90.58,69.79,109.41,-65
1787066659041,443199,Knee,walk,-0.68076,0.616344,-0.414312,-107.59,83.51,113.82,-65
1787066659041,443216,Knee,walk,-0.696864,0.606096,-0.39772,-119.91,84.84,123.13,-65
1787066659400,443396,Knee,walk,-0.356728,0.903776,-0.11956,-88.13,-27.16,154.07,-62
1787066659400,443427,Knee,walk,-0.135176,0.7686,0.061488,-62.02,-71.82,134.12,-62
1787066659400,443444,Knee,walk,-0.018056,0.736392,0.20008,-35.98,-86.52,118.72,-62
1787066659400,443461,Knee,walk,0.0366,0.745664,0.257176,-24.08,-94.36,97.93,-62
1787066659400,443478,Knee,walk,0.122488,0.759328,0.312808,-2.73,-94.99,87.29,-62
1787066659400,443509,Knee,walk,0.365512,0.77836,0.306464,32.76,-87.15,38.15,-62
1787066659400,443526,Knee,walk,0.555344,0.84912,0.298656,37.73,-74.97,23.38,-62
1787066659400,443543,Knee,walk,0.654408,0.855464,0.330864,40.46,-34.58,-7.7,-62
1787066659400,443560,Knee,walk,0.608536,0.803736,0.313296,41.37,20.09,-40.18,-62
1787066659400,443577,Knee,walk,0.43432,1.028704,0.110288,44.73,71.61,-59.5,-62
1787066659762,443755,Knee,walk,-0.685152,0.92964,-0.182024,43.96,11.48,-38.29,-62
1787066659762,443786,Knee,walk,-0.306464,0.99796,-0.099064,36.61,-28.63,-29.54,-62
1787066659762,443803,Knee,walk,0.006832,1.055544,-0.061,31.15,-14,-32.2,-62
1787066659762,443820,Knee,walk,0.056608,1.017968,-0.057096,26.88,14.77,-30.17,-62
1787066659762,443837,Knee,walk,0.006344,0.91744,-0.079056,27.16,22.4,-26.18,-62
1787066659762,443868,Knee,walk,-0.110776,1.001376,-0.105896,26.81,4.34,-16.94,-62
1787066659762,443885,Knee,walk,-0.095648,0.996496,-0.089792,26.74,-2.03,-19.53,-62
1787066659762,443902,Knee,walk,-0.062952,1.003816,-0.088328,27.79,-8.68,-20.3,-62
1787066659762,443919,Knee,walk,-0.067344,1.006744,-0.09272,25.34,-14.35,-20.3,-62
1787066659762,443936,Knee,walk,-0.076616,0.996008,-0.113216,25.34,-21.49,-19.74,-62
1787066660122,444116,Knee,walk,-0.198616,0.976488,-0.100528,13.02,-3.78,-15.89,-62
1787066660122,444147,Knee,walk,-0.191784,0.986736,-0.115656,13.51,-17.92,-16.59,-62
1787066660122,444164,Knee,walk,-0.168848,0.98088,-0.11468,14.28,-26.67,-16.1,-62
1787066660122,444181,Knee,walk,-0.132248,0.98088,-0.081496,14.56,-33.53,-17.15,-62
1787066660122,444198,Knee,walk,-0.107848,0.979416,-0.060024,15.05,-35.42,-19.25,-62
1787066660122,444229,Knee,walk,-0.02196,0.976976,-0.0244,17.57,-31.92,-22.68,-62
1787066660122,444246,Knee,walk,0.003904,0.975024,-0.033672,17.78,-29.12,-25.2,-62
1787066660122,444263,Knee,walk,0.057096,0.977952,-0.053192,18.55,-26.39,-26.74,-62
1787066660122,444280,Knee,walk,0.053192,0.984784,-0.071248,17.78,-18.9,-29.54,-62
1787066660122,444297,Knee,walk,0.009272,0.96624,-0.090768,16.73,-13.09,-31.64,-62
1787066660488,444475,Knee,walk,-0.172752,1.05652,-0.11956,26.32,-31.99,-58.38,-73
1787066660488,444506,Knee,walk,-0.221552,1.092632,-0.026352,23.03,-15.89,-62.44,-73
1787066660488,444523,Knee,walk,-0.2562,1.104832,-0.004392,21.49,-12.32,-63.56,-73
1787066660488,444541,Knee,walk,-0.270352,1.066768,0.030256,20.51,-12.67,-65.17,-73
1787066660488,444558,Knee,walk,-0.278648,1.01992,0.065392,24.57,-17.5,-68.95,-73
1787066660488,444589,Knee,walk,-0.338672,0.991128,0.108336,35,-33.11,-75.95,-73
1787066660488,444606,Knee,walk,-0.341112,0.965752,0.096624,40.67,-48.44,-79.59,-73
1787066660488,444623,Knee,walk,-0.325984,0.955504,0.07808,43.4,-62.44,-80.57,-73
1787066660488,444640,Knee,walk,-0.2684,0.97112,0.047824,45.64,-68.18,-81.27,-73
1787066660488,444657,Knee,walk,-0.25376,0.98088,0.02928,42.28,-66.43,-79.03,-73
1787066660917,444837,Knee,walk,-0.790072,0.632936,-0.394792,-2.17,-21.98,17.99,-67
1787066660917,444868,Knee,walk,-0.657336,0.673928,-0.3904,-26.88,-28.49,63,-67
1787066660917,444885,Knee,walk,-0.570472,0.635376,-0.343552,-44.1,-17.43,71.19,-67
1787066660917,444902,Knee,walk,-0.52216,0.63196,-0.316712,-53.69,1.82,85.68,-67
1787066660917,444919,Knee,walk,-0.515816,0.662704,-0.323544,-63,25.55,98.35,-67
1787066660917,444949,Knee,walk,-0.596824,0.680272,-0.363072,-80.29,51.52,110.67,-67
1787066660917,445021,Knee,walk,-0.631472,0.811544,-0.264984,-117.6,26.88,153.65,-67
1787066660917,445051,Knee,walk,-0.449936,0.864248,-0.169824,-117.74,-4.55,159.18,-67
1787066660917,445068,Knee,walk,-0.386984,0.904752,-0.073688,-113.54,-6.51,164.22,-67
1787066660917,445085,Knee,walk,-0.271328,0.925736,-0.03904,-110.53,0.21,163.66,-67
1787066661276,445265,Knee,walk,0.391376,0.847656,0.26596,11.9,-67.06,31.92,-68
1787066661276,445297,Knee,walk,0.518256,0.82472,0.347944,24.57,-24.15,-7.07,-68
1787066661276,445314,Knee,walk,0.374296,0.818376,0.328424,32.34,8.12,-32.55,-68
1787066661276,445332,Knee,walk,0.279624,0.809592,0.298168,42.14,30.66,-53.69,-68
1787066661276,445349,Knee,walk,0.101016,0.796416,0.177144,48.44,37.45,-62.58,-68
1787066661276,445366,Knee,walk,-0.03904,1.108736,-0.103456,55.65,42,-67.62,-68
1787066661276,445397,Knee,walk,-0.000488,1.2444,0.539728,-19.46,38.29,-15.82,-68
1787066661276,445414,Knee,walk,0.55388,0.799344,0.671488,6.44,64.26,-19.88,-68
1787066661276,445431,Knee,walk,0.284992,1.356152,0.369904,38.43,90.79,-40.04,-68
1787066661276,445448,Knee,walk,-0.114192,1.21024,0.104432,29.68,70.7,-53.62,-68
1787066661634,445625,Knee,walk,-0.027328,0.977464,-0.074176,27.44,10.29,-21.91,-68
1787066661634,445656,Knee,walk,0.011224,0.990152,-0.05856,23.59,18.55,-17.29,-68
1787066661634,445673,Knee,walk,-0.007808,0.98332,-0.057584,22.54,15.19,-17.57,-68
1787066661634,445689,Knee,walk,-0.068808,0.992592,-0.074664,22.19,11.06,-17.92,-68
1787066661634,445706,Knee,walk,-0.104432,1.00284,-0.096624,20.79,-3.08,-17.78,-68
1787066661634,445737,Knee,walk,-0.043432,0.994544,-0.10248,22.75,-23.8,-18.13,-68
1787066661634,445754,Knee,walk,-0.037088,1.00284,-0.10004,21.98,-24.85,-18.27,-68
1787066661634,445771,Knee,walk,-0.05612,0.989664,-0.086376,22.12,-25.9,-18.76,-68
1787066661634,445788,Knee,walk,-0.110776,0.981856,-0.082472,21.07,-23.38,-17.78,-68
1787066661634,445805,Knee,walk,-0.150792,0.965752,-0.081984,19.53,-23.31,-17.08,-68
1787066661995,445985,Knee,walk,-0.141032,0.992104,-0.117608,13.3,-32.34,-15.54,-68
1787066661995,446016,Knee,walk,-0.139568,0.992592,-0.101992,12.6,-31.99,-17.64,-68
1787066661995,446033,Knee,walk,-0.128832,0.980392,-0.069784,12.25,-32.27,-19.6,-68
1787066661995,446050,Knee,walk,-0.123464,0.982832,-0.05612,11.27,-31.29,-20.58,-68
1787066661995,446067,Knee,walk,-0.09272,0.981368,-0.036112,11.06,-31.43,-21.77,-68
1787066661995,446098,Knee,walk,0.027816,0.986248,-0.020008,13.79,-27.79,-28.14,-68
1787066661995,446115,Knee,walk,0.122976,0.981856,-0.016104,14.21,-24.85,-33.32,-68
1787066661995,446132,Knee,walk,0.170312,0.960384,-0.016592,15.61,-21.07,-36.54,-68
1787066661995,446149,Knee,walk,0.164944,0.95648,-0.019032,17.64,-23.03,-43.89,-68
1787066661995,446166,Knee,walk,0.159576,0.971608,-0.027328,20.3,-30.17,-51.52,-68
1787066662356,446347,Knee,walk,-0.432368,1.059936,0.132736,50.05,-61.88,-92.05,-68
1787066662356,446378,Knee,walk,-0.220088,1.152168,0.079056,45.29,-86.24,-92.19,-68
1787066662356,446395,Knee,walk,-0.199592,1.018944,0.079544,42.35,-70.77,-87.29,-68
1787066662356,446411,Knee,walk,-0.2806,0.915488,-0.003416,46.55,-47.39,-79.38,-68
1787066662356,446428,Knee,walk,-0.346968,0.91744,-0.1586,51.52,-18.9,-71.82,-68
1787066662356,446459,Knee,walk,-0.663192,0.887672,-0.337696,52.36,-0.42,-61.18,-68
1787066662356,446476,Knee,walk,-0.77104,0.835944,-0.403088,52.43,-6.37,-50.89,-68
1787066662356,446493,Knee,walk,-0.806664,0.805688,-0.42212,50.47,-14.56,-35.91,-68
1787066662356,446510,Knee,walk,-0.864736,0.708088,-0.451888,48.72,-22.33,-27.58,-68
1787066662356,446527,Knee,walk,-0.848632,0.6588,-0.386008,45.57,-43.82,-12.95,-68
1787066662718,446706,Knee,walk,-0.631472,0.64416,-0.272304,-53.34,3.08,154.42,-65
1787066662718,446737,Knee,walk,-0.659776,0.682224,-0.286456,-67.2,-14.14,176.61,-65
1787066662718,446754,Knee,walk,-0.654896,0.703696,-0.265472,-75.11,-42.14,183.61,-65
1787066662718,446771,Knee,walk,-0.551928,0.725168,-0.23424,-77.91,-69.09,188.3,-65
1787066662718,446788,Knee,walk,-0.503128,0.798368,-0.225944,-76.37,-88.13,192.29,-65
1787066662718,446819,Knee,walk,-0.196176,0.896456,-0.158112,-77.49,-105.49,194.32,-65
1787066662718,446836,Knee,walk,-0.025376,0.913536,-0.066368,-73.22,-100.17,189.63,-65
1787066662718,446853,Knee,walk,0.03416,0.923784,-0.021472,-67.13,-82.39,180.46,-65
1787066662718,446870,Knee,walk,0.130296,0.964288,0.053192,-63.56,-73.22,172.9,-65
1787066662718,446887,Knee,walk,0.182024,0.957944,0.105408,-56.98,-60.13,151.2,-65
1787066663078,447067,Knee,walk,0.135664,1.084824,0.654408,2.52,61.53,-21.07,-65
1787066663078,447098,Knee,walk,0.445056,1.225368,0.58072,38.64,105.07,-52.36,-65
1787066663078,447115,Knee,walk,0.165432,1.179984,0.055632,43.54,114.8,-58.03,-65
1787066663078,447132,Knee,walk,0.039528,0.921344,-0.125416,43.61,108.01,-66.15,-65
1787066663078,447149,Knee,walk,-0.242048,0.854488,-0.27084,51.66,95.06,-56,-65
1787066663078,447180,Knee,walk,-0.569008,0.980392,-0.38308,49.07,30.31,-43.82,-65
1787066663078,447197,Knee,walk,-0.62708,0.953552,-0.2806,45.64,-10.85,-36.82,-65
1787066663078,447214,Knee,walk,-0.427,0.964288,-0.165432,36.82,-40.88,-29.33,-65
1787066663078,447231,Knee,walk,-0.252296,0.976,-0.032208,32.69,-30.45,-29.61,-65
1787066663078,447248,Knee,walk,0.030256,1.006256,0.002928,33.81,-10.43,-30.73,-65
1787066663438,447426,Knee,walk,-0.077104,0.991128,-0.098088,24.99,-38.15,-16.73,-65
1787066663438,447457,Knee,walk,-0.11224,0.988688,-0.059536,23.94,-39.83,-16.38,-65
1787066663438,447474,Knee,walk,-0.10492,0.975024,-0.066856,22.54,-40.32,-16.73,-65
1787066663438,447491,Knee,walk,-0.030744,0.98088,-0.0854,21.49,-36.68,-16.52,-65
1787066663438,447508,Knee,walk,-0.025864,0.991128,-0.102968,18.69,-25.62,-16.1,-65
1787066663438,447539,Knee,walk,-0.121512,0.995032,-0.111264,16.52,-16.52,-16.03,-65
1787066663438,447556,Knee,walk,-0.1708,0.99064,-0.116144,16.87,-19.32,-16.1,-65
1787066663438,447573,Knee,walk,-0.186904,0.990152,-0.123952,16.38,-26.53,-15.33,-65
1787066663438,447590,Knee,walk,-0.184464,0.982344,-0.118096,15.75,-33.39,-15.47,-65
1787066663438,447607,Knee,walk,-0.163968,0.981368,-0.113216,16.03,-36.26,-15.75,-65
1787066663798,447786,Knee,walk,0.136152,0.97356,-0.080032,24.5,-25.48,-45.92,-59
1787066663798,447817,Knee,walk,0.011712,0.962824,-0.097112,28.49,-26.04,-55.79,-59
1787066663798,447834,Knee,walk,-0.122,0.959896,-0.100528,29.33,-28,-59.71,-59
1787066663798,447851,Knee,walk,-0.22692,0.95892,-0.081984,31.85,-34.72,-60.9,-59
1787066663798,447868,Knee,walk,-0.333792,0.948672,-0.038552,34.79,-38.43,-62.86,-59
1787066663798,447899,Knee,walk,-0.432856,0.999912,-0.086376,40.6,-48.44,-66.01,-59
1787066663798,447916,Knee,walk,-0.43432,1.095072,-0.009272,41.09,-54.32,-66.36,-59
1787066663798,447933,Knee,walk,-0.447496,1.169736,0.074176,41.51,-58.31,-67.2,-59
1787066663798,447950,Knee,walk,-0.461648,1.156072,0.145912,42.14,-63.35,-69.02,-59
1787066663798,447967,Knee,walk,-0.45872,1.129232,0.182024,44.1,-71.05,-73.99,-59
1787066664159,448146,Knee,walk,-0.965752,0.688568,-0.472384,63,-41.02,-9.94,-59
1787066664159,448177,Knee,walk,-0.943304,0.547536,-0.430416,49.98,-79.17,22.12,-59
1787066664159,448194,Knee,walk,-0.896944,0.510936,-0.394792,49.84,-89.11,40.81,-59
1787066664159,448211,Knee,walk,-0.808128,0.577304,-0.318176,39.41,-94.36,51.59,-59
1787066664159,448228,Knee,walk,-0.699792,0.609512,-0.283528,24.29,-90.09,74.27,-59
1787066664159,448259,Knee,walk,-0.617808,0.52216,-0.23424,-2.24,-60.83,102.48,-59
1787066664159,448276,Knee,walk,-0.591456,0.5368,-0.224968,-11.41,-43.4,116.9,-59
1787066664159,448293,Knee,walk,-0.569496,0.597312,-0.242048,-24.99,-25.06,128.52,-59
1787066664159,448310,Knee,walk,-0.58316,0.614392,-0.274256,-39.41,-10.99,134.26,-59
1787066664159,448327,Knee,walk,-0.58316,0.615856,-0.276696,-51.8,-4.62,141.54,-59
1787066664518,448506,Knee,walk,0.122488,1.003328,0.240584,-71.26,-32.62,140.49,-59
1787066664518,448537,Knee,walk,0.149328,0.882304,0.192272,-59.5,-28.35,113.4,-59
1787066664518,448554,Knee,walk,0.162992,0.84424,0.226432,-44.24,-32.34,93.24,-59
1787066664518,448571,Knee,walk,0.178608,0.829112,0.233264,-36.19,-36.54,72.8,-59
1787066664518,448588,Knee,walk,0.251808,0.809592,0.271328,-18.62,-45.22,62.02,-59
1787066664518,448619,Knee,walk,0.302072,0.825696,0.33428,3.01,-43.89,21.91,-59
1787066664518,448636,Knee,walk,0.284504,0.838384,0.32452,18.06,-43.54,12.11,-59
1787066664518,448653,Knee,walk,0.24888,0.854,0.274744,30.03,-40.32,-7.07,-59
1787066664518,448670,Knee,walk,0.196664,0.860832,0.223504,40.18,-35.84,-24.64,-59
1787066664518,448687,Knee,walk,0.152256,0.874984,0.179584,48.86,-28.7,-40.81,-59
1787066664878,448865,Knee,walk,0.154696,0.961848,0.030256,43.12,-11.97,-39.2,-62
1787066664878,448896,Knee,walk,0.049776,1.01504,-0.011224,45.22,4.9,-43.96,-62
1787066664878,448913,Knee,walk,0.033672,0.977464,-0.052216,34.79,16.03,-40.32,-62
1787066664878,448930,Knee,walk,0.021472,0.906704,-0.071248,33.6,23.1,-40.18,-62
1787066664878,448947,Knee,walk,-0.181536,0.942816,-0.120536,33.95,33.46,-39.34,-62
1787066664878,448978,Knee,walk,-0.49776,0.97112,-0.17812,31.99,3.64,-30.59,-62
1787066664878,448995,Knee,walk,-0.383568,0.964288,-0.134688,32.48,-29.82,-28.84,-62
1787066664878,449012,Knee,walk,-0.186904,0.981856,-0.136152,33.04,-43.05,-25.48,-62
1787066664878,449029,Knee,walk,-0.025376,0.986736,-0.109312,30.24,-38.92,-24.43,-62
1787066664878,449046,Knee,walk,0.041968,0.986248,-0.100528,27.58,-17.99,-21.91,-62
1787066665239,449224,Knee,walk,-0.137616,0.976,-0.120048,22.75,-43.75,-18.69,-62
1787066665239,449255,Knee,walk,-0.066856,0.976488,-0.111264,20.37,-45.36,-16.66,-62
1787066665239,449272,Knee,walk,-0.059048,0.973072,-0.11468,18.41,-40.67,-16.45,-62
1787066665239,449289,Knee,walk,-0.07076,0.973072,-0.12444,18.13,-38.57,-15.19,-62
1787066665239,449306,Knee,walk,-0.089304,0.972584,-0.128344,16.52,-33.11,-14.49,-62
1787066665239,449337,Knee,walk,-0.099552,0.974048,-0.15372,16.17,-26.53,-14.07,-62
1787066665239,449354,Knee,walk,-0.123952,0.972096,-0.139568,14.07,-26.11,-13.72,-62
1787066665239,449371,Knee,walk,-0.170312,0.979416,-0.137128,14.7,-27.09,-13.86,-62
1787066665239,449388,Knee,walk,-0.20008,0.995032,-0.142008,14.07,-30.45,-15.12,-62
1787066665239,449405,Knee,walk,-0.20496,0.976,-0.149328,13.93,-35.7,-16.03,-62
1787066665600,449585,Knee,walk,-0.096136,0.95404,-0.14152,14.77,-19.18,-27.09,-62
1787066665600,449616,Knee,walk,-0.142008,0.9516,-0.099552,17.57,-19.88,-32.06,-62
1787066665600,449633,Knee,walk,-0.206424,0.957456,-0.084424,20.16,-24.85,-36.19,-62
1787066665600,449650,Knee,walk,-0.225456,0.958432,-0.099064,22.68,-33.95,-39.41,-62
1787066665600,449667,Knee,walk,-0.215208,0.962824,-0.111264,23.66,-38.5,-40.6,-62
1787066665600,449698,Knee,walk,-0.144936,0.996984,-0.160064,27.16,-43.89,-46.83,-62
1787066665600,449715,Knee,walk,-0.119072,1.016992,-0.160064,28.14,-42.28,-50.4,-62
1787066665600,449732,Knee,walk,-0.10004,1.042368,-0.134688,29.12,-36.89,-51.94,-62
1787066665600,449749,Knee,walk,-0.062952,1.08092,-0.09272,30.8,-29.12,-55.79,-62
1787066665600,449766,Knee,walk,-0.033672,1.12728,-0.009272,29.82,-15.61,-60.34,-62
1787066665960,449945,Knee,walk,-0.479216,1.042856,-0.189344,70.84,-87.5,-64.61,-62
1787066665960,449976,Knee,walk,-0.565592,0.9638,-0.346968,59.29,-54.25,-51.73,-62
1787066665960,449993,Knee,walk,-0.63196,0.86376,-0.449448,52.78,-36.47,-39.55,-62
1787066665960,450010,Knee,walk,-0.693448,0.79788,-0.535824,51.66,-25.41,-25.97,-62
1787066665960,450027,Knee,walk,-0.701256,0.769088,-0.550952,44.59,-23.59,-10.71,-62
1787066665960,450058,Knee,walk,-0.72224,0.663192,-0.545584,12.81,-11.83,12.53,-62
1787066665960,450075,Knee,walk,-0.7686,0.584624,-0.445056,10.08,-21.28,22.96,-62
1787066665960,450092,Knee,walk,-0.765672,0.6222,-0.4148,2.31,-29.19,52.01,-62
1787066665960,450109,Knee,walk,-0.721752,0.684664,-0.402112,-21.35,-25.9,60.41,-62
1787066665960,450126,Knee,walk,-0.701256,0.635864,-0.357216,-41.37,-20.51,78.33,-62
1787066666323,450306,Knee,walk,-0.641232,0.725656,-0.235704,-127.12,-29.89,171.15,-55
1787066666323,450337,Knee,walk,-0.34892,0.842288,-0.083936,-114.31,-57.33,178.64,-55
1787066666323,450354,Knee,walk,-0.171288,0.848632,-0.0122,-103.53,-51.94,178.01,-55
1787066666323,450371,Knee,walk,-0.106384,0.857416,-0.025864,-88.34,-42.35,173.11,-55
1787066666323,450388,Knee,walk,-0.095648,0.930128,-0.049776,-76.72,-49.77,164.64,-55
1787066666323,450419,Knee,walk,-0.083448,0.849608,0.091256,-63,-71.82,140,-55
1787066666323,450436,Knee,walk,0.058072,0.789096,0.247416,-37.59,-75.39,117.81,-55
1787066666323,450453,Knee,walk,0.15128,0.789584,0.28792,-9.1,-78.54,88.69,-55
1787066666323,450470,Knee,walk,0.326472,0.845704,0.278648,3.15,-79.87,72.52,-55
1787066666323,450486,Knee,walk,0.548024,0.915488,0.29036,16.59,-71.96,42.07,-55
1787066666682,450666,Knee,walk,-0.199592,0.82716,-0.118584,53.9,58.03,-52.08,-55
1787066666682,450697,Knee,walk,-0.354288,1.002352,-0.323056,44.52,24.71,-41.86,-55
1787066666682,450714,Knee,walk,-0.355752,1.02968,-0.235704,44.59,9.66,-44.31,-55
1787066666682,450731,Knee,walk,-0.418704,0.944768,-0.159576,40.18,5.81,-41.44,-55
1787066666682,450748,Knee,walk,-0.382592,0.937448,-0.162992,34.51,-8.47,-34.79,-55
1787066666682,450779,Knee,walk,-0.128344,1.01748,-0.072224,32.41,-21.21,-28.28,-55
1787066666682,450796,Knee,walk,0.010736,0.987712,-0.040992,28.28,-11.34,-26.25,-55
1787066666682,450813,Knee,walk,0.06588,0.95892,-0.026352,28.07,2.24,-23.66,-55
1787066666682,450830,Knee,walk,0.066368,0.966728,-0.032696,27.86,12.6,-20.58,-55
1787066666682,450847,Knee,walk,0.042456,0.981368,-0.053192,25.69,13.79,-19.95,-55
1787066667044,451026,Knee,walk,-0.144936,0.978928,-0.133224,20.86,-26.74,-20.09,-55
1787066667044,451057,Knee,walk,-0.064416,0.982344,-0.135664,16.66,-8.96,-17.08,-55
1787066667044,451074,Knee,walk,-0.06344,0.977952,-0.11712,15.19,-3.08,-16.73,-55
1787066667044,451091,Knee,walk,-0.101016,0.977952,-0.1098,14.14,4.62,-16.52,-55
1787066667044,451108,Knee,walk,-0.143472,0.983808,-0.116144,13.44,6.09,-15.82,-55
1787066667044,451138,Knee,walk,-0.205448,0.974536,-0.118096,12.95,-4.34,-15.96,-55
1787066667044,451155,Knee,walk,-0.215696,0.99308,-0.133224,13.44,-15.47,-16.38,-55
1787066667044,451172,Knee,walk,-0.199592,0.989664,-0.12444,13.93,-25.2,-17.01,-55
1787066667044,451189,Knee,walk,-0.186904,0.988688,-0.11468,15.54,-31.5,-18.41,-55
1787066667044,451206,Knee,walk,-0.161528,0.98332,-0.089304,15.82,-33.39,-18.97,-55
1787066667405,451386,Knee,walk,-0.049288,0.936472,-0.083936,25.13,-39.27,-56.21,-58
1787066667405,451417,Knee,walk,-0.127856,0.996008,-0.020496,31.15,-43.68,-64.12,-58
1787066667405,451434,Knee,walk,-0.194712,0.996496,-0.01464,32.69,-38.71,-67.83,-58
1787066667405,451451,Knee,walk,-0.244976,1.018944,-0.005368,32.48,-34.37,-69.72,-58
1787066667405,451468,Knee,walk,-0.311832,1.039928,0.018056,32.34,-24.15,-73.92,-58
1787066667405,451499,Knee,walk,-0.439688,1.126792,0.02928,34.09,-24.64,-76.51,-58
1787066667405,451516,Knee,walk,-0.435296,1.14924,0.079544,37.66,-35.98,-77.7,-58
1787066667405,451533,Knee,walk,-0.346968,1.127768,0.121024,41.16,-53.83,-81.34,-58
1787066667405,451550,Knee,walk,-0.244488,1.101416,0.127368,43.68,-68.88,-88.41,-58
1787066667405,451567,Knee,walk,-0.205448,1.100928,0.141032,45.01,-78.61,-89.88,-58
1787066667766,451747,Knee,walk,-0.92964,0.657336,-0.409432,34.51,-49.35,27.09,-58
1787066667766,451778,Knee,walk,-0.740296,0.655872,-0.322568,10.71,-60.27,65.45,-58
1787066667766,451795,Knee,walk,-0.686616,0.638792,-0.292312,-4.62,-44.52,88.27,-58
1787066667766,451811,Knee,walk,-0.634888,0.559248,-0.274256,-10.36,-35.42,105.84,-58
1787066667766,451828,Knee,walk,-0.646112,0.535824,-0.250344,-15.19,-18.76,113.96,-58
1787066667766,451859,Knee,walk,-0.672464,0.57828,-0.213256,-26.25,2.03,142.17,-58
1787066667766,451876,Knee,walk,-0.715896,0.53924,-0.228872,-37.94,2.94,148.05,-58
1787066667766,451893,Knee,walk,-0.750056,0.50752,-0.27084,-45.01,-5.04,159.88,-58
1787066667766,451910,Knee,walk,-0.749568,0.554856,-0.288896,-50.82,-20.86,175.77,-58
1787066667766,451927,Knee,walk,-0.74176,0.634888,-0.304024,-58.45,-46.06,190.26,-58
1787066668123,452107,Knee,walk,0.462136,0.915488,0.26352,-49.84,-48.02,86.87,-58
1787066668123,452138,Knee,walk,0.511912,0.844728,0.420168,-34.02,-20.58,36.54,-58
1787066668123,452155,Knee,walk,0.546072,0.808128,0.446032,-16.59,4.69,4.13,-58
1787066668123,452172,Knee,walk,0.517768,0.826672,0.281576,-0.28,32.69,-25.69,-58
1787066668123,452189,Knee,walk,0.393328,0.863272,0.30988,6.37,43.54,-38.64,-58
1787066668123,452220,Knee,walk,0.160552,0.86864,0.08052,40.95,78.33,-75.25,-58
1787066668123,452237,Knee,walk,-0.27572,1.014552,0.015128,43.4,68.11,-49.28,-58
1787066668123,452254,Knee,walk,-0.19276,1.332728,0.114192,22.61,5.6,-33.25,-58
1787066668123,452271,Knee,walk,0.597312,1.42252,0.360144,11.13,-11.9,-27.72,-58
1787066668123,452288,Knee,walk,0.578768,1.147288,0.373808,24.85,53.55,-46.97,-58
1787066668486,452466,Knee,walk,-0.07808,1.001376,-0.0854,29.4,-26.11,-23.94,-58
1787066668486,452496,Knee,walk,0.041968,0.975512,-0.094184,25.13,-12.46,-20.16,-58
1787066668486,452514,Knee,walk,0.00976,0.996496,-0.111264,22.05,-10.29,-17.29,-58
1787066668486,452530,Knee,walk,-0.040504,1.002352,-0.121512,21.35,-15.54,-15.61,-58
1787066668486,452547,Knee,walk,-0.126392,0.996008,-0.125904,19.39,-21.35,-15.19,-58
1787066668486,452578,Knee,walk,-0.063928,0.999912,-0.140544,20.44,-36.19,-15.33,-58
1787066668486,452595,Knee,walk,-0.025864,1.005768,-0.15128,19.18,-33.53,-14.91,-58
1787066668486,452612,Knee,walk,-0.071248,0.985272,-0.127856,17.36,-29.19,-14.91,-58
1787066668486,452629,Knee,walk,-0.163968,0.986736,-0.115656,17.64,-30.52,-14.35,-58
1787066668486,452646,Knee,walk,-0.197152,0.989176,-0.137128,17.01,-36.96,-13.65,-58
1787066668847,452827,Knee,walk,-0.132736,1.0004,-0.116144,11.9,-34.79,-13.86,-65
1787066668847,452858,Knee,walk,-0.064904,0.97356,-0.0976,13.02,-42.84,-15.26,-65
1787066668847,452875,Knee,walk,-0.048312,0.981856,-0.088816,13.86,-41.72,-16.8,-65
1787066668847,452892,Knee,walk,-0.055632,0.979904,-0.074664,13.65,-38.78,-18.41,-65
1787066668847,452909,Knee,walk,-0.061976,0.97356,-0.071736,14,-36.75,-19.6,-65
1787066668847,452940,Knee,walk,-0.021472,0.976976,-0.086864,13.58,-33.81,-21.98,-65
1787066668847,452957,Knee,walk,-0.012688,0.977952,-0.09272,13.44,-29.54,-23.66,-65
1787066668847,452974,Knee,walk,-0.0122,0.978928,-0.093696,13.16,-27.23,-25.48,-65
1787066668847,452991,Knee,walk,-0.033672,0.967216,-0.09028,12.67,-23.03,-26.88,-65
1787066668847,453008,Knee,walk,-0.072712,0.96624,-0.096136,13.72,-21.91,-29.54,-65
1787066669221,453188,Knee,walk,-0.189344,1.00284,-0.081984,25.97,-32.76,-54.95,-65
1787066669221,453219,Knee,walk,-0.197152,1.035048,-0.022936,28.56,-26.81,-59.22,-65
1787066669221,453236,Knee,walk,-0.243512,1.053592,0.032208,30.59,-25.83,-60.2,-65
1787066669221,453253,Knee,walk,-0.30256,1.08336,0.091256,34.02,-29.82,-62.09,-65
1787066669221,453270,Knee,walk,-0.336232,1.101416,0.151768,37.24,-38.22,-64.4,-65
1787066669221,453301,Knee,walk,-0.368928,1.010648,0.252784,43.12,-46.41,-69.09,-65
1787066669221,453318,Knee,walk,-0.332816,0.9638,0.227408,50.47,-54.46,-76.09,-65
1787066669221,453335,Knee,walk,-0.34892,0.9638,0.164944,58.31,-67.97,-84,-65
1787066669221,453351,Knee,walk,-0.374296,1.010648,0.099064,62.79,-74.69,-82.81,-65
1787066669221,453382,Knee,walk,-0.409432,0.962824,-0.07076,59.5,-73.08,-68.67,-65
1787066669599,453561,Knee,walk,-0.851072,0.650504,-0.284504,20.58,-96.88,82.88,-65
1787066669599,453592,Knee,walk,-0.618784,0.55632,-0.20008,-3.78,-91.14,107.87,-65
1787066669599,453609,Knee,walk,-0.547048,0.557296,-0.147376,-16.87,-65.17,123.41,-65
1787066669599,453626,Knee,walk,-0.447984,0.579744,-0.12688,-22.96,-47.25,135.38,-65
1787066669599,453643,Knee,walk,-0.465552,0.6222,-0.145424,-32.48,-10.43,137.55,-65
1787066669599,453674,Knee,walk,-0.549,0.637328,-0.220088,-52.57,24.22,149.31,-65
1787066669599,453691,Knee,walk,-0.601216,0.659288,-0.25376,-58.45,25.06,155.89,-65
1787066669599,453708,Knee,walk,-0.645624,0.749568,-0.262544,-73.57,12.04,169.68,-65
1787066669599,453725,Knee,walk,-0.731512,0.786168,-0.282552,-84.98,-29.12,178.15,-65
1787066669599,453742,Knee,walk,-0.731512,0.788608,-0.296216,-86.87,-89.74,179.55,-65
1787066669943,453923,Knee,walk,0.532408,0.878888,0.342088,-31.43,-17.08,49.77,-56
1787066669943,453954,Knee,walk,0.481656,0.804712,0.453352,-16.52,19.88,12.39,-56
1787066669943,453971,Knee,walk,0.34648,0.74176,0.456768,0.63,34.3,-10.36,-56
1787066669943,453988,Knee,walk,0.249856,0.753472,0.361608,18.83,39.62,-29.89,-56
1787066669943,454005,Knee,walk,0.210328,0.774944,0.235216,35.63,40.53,-47.04,-56
1787066669943,454036,Knee,walk,0.008784,1.196576,0.185928,36.26,46.2,-57.12,-56
1787066669943,454053,Knee,walk,-0.057096,1.147776,0.443592,16.38,38.08,-37.03,-56
1787066669943,454070,Knee,walk,0.10248,1.062376,0.523136,19.46,28.98,-30.31,-56
1787066669943,454087,Knee,walk,0.382592,1.196576,0.3904,34.65,38.15,-35,-56
1787066669943,454104,Knee,walk,0.320128,1.316624,0.124928,39.13,52.99,-51.31,-56
1787066670303,454281,Knee,walk,-0.118096,0.989664,-0.093208,34.86,-18.34,-20.23,-56
1787066670303,454312,Knee,walk,-0.00244,0.97356,-0.080032,33.81,-19.81,-18.9,-56
1787066670303,454329,Knee,walk,0.024888,1.011136,-0.101992,30.1,-21.28,-17.71,-56
1787066670303,454346,Knee,walk,-0.013664,0.99796,-0.109312,30.73,-28.7,-19.11,-56
1787066670303,454363,Knee,walk,-0.13664,1.008208,-0.14884,31.99,-53.41,-19.46,-56
1787066670303,454394,Knee,walk,-0.06344,1.02236,-0.146888,30.45,-62.93,-21.56,-56
1787066670303,454410,Knee,walk,-0.035136,1.039928,-0.168848,27.51,-57.33,-21.42,-56
1787066670303,454427,Knee,walk,-0.038064,1.0126,-0.157136,24.64,-52.64,-21.14,-56
1787066670303,454444,Knee,walk,-0.09272,0.979904,-0.147376,23.52,-45.5,-20.65,-56
1787066670303,454461,Knee,walk,-0.137616,0.991616,-0.1586,20.3,-43.75,-19.18,-56
1787066670662,454641,Knee,walk,-0.09272,0.985272,-0.069784,10.57,-33.25,-18.27,-56
1787066670662,454672,Knee,walk,-0.00732,0.979416,-0.064416,12.25,-30.1,-20.79,-56
1787066670662,454689,Knee,walk,0.001952,0.981856,-0.057584,12.6,-23.73,-22.75,-56
1787066670662,454706,Knee,walk,-0.008296,0.975512,-0.059536,13.44,-17.22,-24.57,-56
1787066670662,454723,Knee,walk,-0.01708,0.976976,-0.060024,12.88,-11.62,-26.39,-56
1787066670662,454754,Knee,walk,-0.083936,0.972584,-0.099064,13.65,-7.98,-29.47,-56
1787066670662,454771,Knee,walk,-0.10736,0.955504,-0.107848,14.07,-8.12,-31.99,-56
1787066670662,454788,Knee,walk,-0.12444,0.952576,-0.10248,14.63,-10.57,-34.51,-56
1787066670662,454805,Knee,walk,-0.15128,0.960872,-0.0976,15.75,-12.25,-35.42,-56
1787066670662,454822,Knee,walk,-0.155672,0.9638,-0.09272,16.52,-15.33,-37.1,-56
1787066671023,455000,Knee,walk,-0.169336,1.09068,0.118584,26.32,-5.6,-73.57,-54
1787066671023,455031,Knee,walk,-0.19276,1.030656,0.222528,33.53,-15.19,-84.28,-54
1787066671023,455048,Knee,walk,-0.201056,0.991128,0.17324,42.77,-22.89,-93.17,-54
1787066671023,455064,Knee,walk,-0.20008,1.04188,0.044408,53.34,-37.24,-98.63,-54
1787066671023,455081,Knee,walk,-0.173728,1.105808,0.006832,50.89,-52.99,-102.48,-54
1787066671023,455112,Knee,walk,-0.2074,1.090192,-0.040992,41.44,-42.14,-87.29,-54
1787066671023,455129,Knee,walk,-0.188856,1.223904,-0.256688,45.43,-16.45,-78.61,-54
1787066671023,455146,Knee,walk,-0.212768,1.179984,-0.320616,41.65,-3.08,-74.76,-54
1787066671023,455163,Knee,walk,-0.349896,1.054568,-0.421144,34.58,30.03,-73.01,-54
1787066671023,455180,Knee,walk,-0.56608,0.928664,-0.5368,28.91,50.05,-63.84,-54
1787066671384,455360,Knee,walk,-0.5612,0.598776,-0.459208,-113.75,98.7,99.61,-54
1787066671384,455391,Knee,walk,-0.679784,0.576328,-0.411872,-131.67,109.62,113.61,-54
1787066671384,455408,Knee,walk,-0.718336,0.628544,-0.396744,-140.21,108.71,126.84,-54
1787066671384,455425,Knee,walk,-0.738832,0.683688,-0.371856,-149.03,94.22,138.95,-54
1787066671384,455442,Knee,walk,-0.71736,0.749568,-0.30744,-149.8,61.46,142.17,-54
1787066671384,455473,Knee,walk,-0.535824,0.819352,-0.201056,-148.05,18.41,152.32,-54
1787066671384,455490,Knee,walk,-0.445544,0.801784,-0.096136,-142.52,6.23,160.37,-54
1787066671384,455507,Knee,walk,-0.4026,0.780312,0.031232,-127.75,3.71,167.3,-54
1787066671384,455524,Knee,walk,-0.371856,0.764208,0.04636,-118.09,6.37,169.54,-54
1787066671384,455541,Knee,walk,-0.40748,0.846192,-0.045384,-99.05,0,166.88,-54
1787066671743,455721,Knee,walk,0.086376,1.049688,0.027328,48.65,61.81,-77.07,-54
1787066671743,455751,Knee,walk,0.254248,1.512312,0.49532,-11.06,46.2,-13.09,-54
1787066671743,455769,Knee,walk,0.843752,1.238056,0.567544,24.08,85.26,-24.22,-54
1787066671743,455785,Knee,walk,0.264984,1.209264,0.222528,36.05,140,-46.41,-54
1787066671743,455802,Knee,walk,-0.29768,0.892064,-0.172264,40.6,130.97,-56.98,-54
1787066671743,455833,Knee,walk,-0.584624,0.865712,-0.377224,43.82,96.74,-53.62,-54
1787066671743,455850,Knee,walk,-0.55144,0.947696,-0.366,39.13,48.65,-41.51,-54
1787066671743,455867,Knee,walk,-0.53192,0.977464,-0.250344,36.33,5.11,-31.08,-54
1787066671743,455884,Knee,walk,-0.558272,0.955992,-0.186416,36.26,-27.02,-21.56,-54
1787066671743,455901,Knee,walk,-0.516792,0.92964,-0.081496,37.38,-45.01,-17.78,-54
1787066672106,456080,Knee,walk,-0.174704,0.982344,-0.105896,22.26,-27.51,-19.18,-54
1787066672106,456111,Knee,walk,-0.08784,0.984784,-0.107848,20.16,-30.66,-17.15,-54
1787066672106,456128,Knee,walk,-0.069296,0.976976,-0.1098,19.18,-29.4,-15.96,-54
1787066672106,456145,Knee,walk,-0.076128,0.975512,-0.102968,16.45,-25.9,-14.21,-54
1787066672106,456162,Knee,walk,-0.08784,0.965752,-0.093696,15.05,-24.99,-12.81,-54
1787066672106,456193,Knee,walk,-0.040504,0.989176,-0.095648,12.25,-17.64,-11.2,-54
1787066672106,456210,Knee,walk,-0.042944,0.991128,-0.103456,11.06,-9.17,-11.48,-54
1787066672106,456227,Knee,walk,-0.095648,0.99308,-0.113216,9.73,-3.64,-11.62,-54
1787066672106,456244,Knee,walk,-0.125416,0.987224,-0.1342,9.45,-3.64,-12.46,-54
1787066672106,456261,Knee,walk,-0.18544,0.994056,-0.122976,8.89,-7.14,-12.67,-54
1787066672467,456441,Knee,walk,-0.003904,0.978928,-0.066368,15.61,0.14,-29.96,-72
1787066672467,456472,Knee,walk,-0.091256,0.9638,-0.058072,18.62,-8.61,-34.79,-72
1787066672467,456489,Knee,walk,-0.09516,0.959408,-0.06344,21.91,-18.2,-39.34,-72
1787066672467,456506,Knee,walk,-0.085888,0.952576,-0.074664,23.31,-22.82,-41.65,-72
1787066672467,456523,Knee,walk,-0.051728,0.94916,-0.086376,26.32,-31.01,-46.55,-72
1787066672467,456554,Knee,walk,0.040016,1.001864,-0.126392,32.34,-37.59,-56.07,-72
1787066672467,456571,Knee,walk,0.064904,1.060424,-0.054168,34.51,-35.35,-58.73,-72
1787066672467,456588,Knee,walk,-0.016592,1.059936,0.063928,36.12,-26.46,-64.54,-72
1787066672467,456605,Knee,walk,-0.162992,1.060424,0.15128,38.08,-16.87,-70.98,-72
1787066672467,456622,Knee,walk,-0.235704,1.057008,0.140056,41.58,-10.29,-76.37,-72
1787066672827,456802,Knee,walk,-0.298168,0.994056,-0.39528,26.32,26.74,-69.93,-72
1787066672827,456833,Knee,walk,-0.577792,0.892552,-0.572424,19.67,57.26,-61.6,-72
1787066672827,456850,Knee,walk,-0.677832,0.801296,-0.614392,13.23,53.06,-48.37,-72
1787066672827,456867,Knee,walk,-0.68076,0.790072,-0.602192,1.96,36.75,-36.33,-72
1787066672827,456884,Knee,walk,-0.709552,0.803248,-0.56852,-7.84,30.73,-29.75,-72
1787066672827,456915,Knee,walk,-0.761768,0.66368,-0.512888,-45.64,-8.33,12.46,-72
1787066672827,456932,Knee,walk,-0.685152,0.5978,-0.49288,-56,-11.13,45.71,-72
1787066672827,456949,Knee,walk,-0.61488,0.53924,-0.437736,-70.35,-4.83,53.76,-72
1787066672827,456966,Knee,walk,-0.588528,0.558272,-0.414312,-79.24,7.7,69.79,-72
1787066672827,456982,Knee,walk,-0.55632,0.637816,-0.374784,-88.9,20.58,79.87,-72
1787066673187,457161,Knee,walk,-0.360144,0.886208,-0.069784,-117.18,-60.13,157.64,-72
1787066673187,457192,Knee,walk,-0.15616,0.84424,0.066368,-89.53,-58.45,155.05,-72
1787066673187,457209,Knee,walk,-0.05124,0.879376,0.096624,-71.82,-57.54,145.39,-72
1787066673187,457226,Knee,walk,0.005856,0.881816,0.133712,-54.74,-60.97,126.28,-72
1787066673187,457243,Knee,walk,0.145424,0.877424,0.164456,-43.33,-58.59,112.07,-72
1787066673187,457274,Knee,walk,0.323544,0.894504,0.27572,-8.61,-18.06,54.74,-72
1787066673187,457291,Knee,walk,0.398696,0.90768,0.29768,-2.03,13.09,24.29,-72
1787066673187,457308,Knee,walk,0.37088,0.894504,0.290848,11.34,25.69,9.31,-72
1787066673187,457325,Knee,walk,0.30988,0.896456,0.228872,24.57,47.81,-16.52,-72
1787066673187,457342,Knee,walk,0.27572,0.918904,0.169824,34.23,73.57,-42.98,-72
1787066673546,457521,Knee,walk,-0.608536,1.001376,-0.162992,40.11,-6.16,-18.2,-61
1787066673546,457552,Knee,walk,-0.416752,0.996984,0.018056,31.22,-6.16,-15.26,-61
1787066673546,457569,Knee,walk,-0.323056,0.956968,0.020984,33.95,5.95,-10.78,-61
1787066673546,457586,Knee,walk,-0.284016,1.022848,0.004392,34.51,10.64,-10.29,-61
1787066673546,457603,Knee,walk,-0.191296,1.019432,0.000976,32.9,12.32,-12.39,-61
1787066673546,457634,Knee,walk,-0.011712,0.962336,0.030256,35.49,6.72,-10.08,-61
1787066673546,457651,Knee,walk,0.004392,0.996008,-0.011712,36.05,0.56,-7.35,-61
1787066673546,457667,Knee,walk,0.008784,1.030656,-0.06588,31.5,-4.97,-7.49,-61
1787066673546,457684,Knee,walk,-0.02928,0.99308,-0.04392,31.85,-17.01,-9.52,-61
1787066673546,457701,Knee,walk,-0.0122,1.01748,-0.052704,34.02,-25.83,-13.16,-61
1787066673908,457879,Knee,walk,-0.094184,0.991128,-0.107848,19.74,-20.86,-13.09,-61
1787066673908,457910,Knee,walk,-0.16104,0.976976,-0.12932,16.87,-13.86,-12.88,-61
1787066673908,457927,Knee,walk,-0.179096,0.972096,-0.143472,16.24,-13.16,-13.16,-61
1787066673908,457944,Knee,walk,-0.171776,0.976,-0.146888,13.93,-13.37,-12.18,-61
1787066673908,457961,Knee,walk,-0.151768,0.972096,-0.12932,12.81,-13.44,-11.76,-61
1787066673908,457992,Knee,walk,-0.196176,0.990152,-0.114192,13.3,-22.54,-13.44,-61
1787066673908,458009,Knee,walk,-0.161528,0.979904,-0.101504,13.09,-26.39,-14,-61
1787066673908,458026,Knee,walk,-0.101992,0.979416,-0.071736,13.51,-32.13,-14.49,-61
1787066673908,458043,Knee,walk,-0.059536,0.987224,-0.045872,13.65,-34.23,-15.68,-61
1787066673908,458060,Knee,walk,-0.042944,0.974536,-0.037576,13.86,-33.88,-17.01,-61
1787066674268,458239,Knee,walk,-0.149816,0.947208,-0.085888,14,-26.81,-34.86,-61
1787066674268,458271,Knee,walk,-0.260592,0.945256,-0.094672,15.26,-26.6,-38.57,-61
1787066674268,458288,Knee,walk,-0.265472,0.955504,-0.105896,16.52,-30.66,-41.09,-61
1787066674268,458305,Knee,walk,-0.25132,0.979904,-0.122488,17.22,-35.7,-43.82,-61
1787066674268,458321,Knee,walk,-0.24644,0.98576,-0.122976,19.81,-41.72,-47.32,-61
1787066674268,458352,Knee,walk,-0.166896,1.029192,-0.083936,22.61,-45.43,-53.13,-61
1787066674268,458369,Knee,walk,-0.137616,1.05408,-0.040016,23.94,-39.55,-57.26,-61
1787066674268,458386,Knee,walk,-0.089304,1.119472,-0.000488,23.1,-33.81,-59.57,-61
1787066674268,458403,Knee,walk,-0.06344,1.116056,0.071736,21.56,-20.02,-63.21,-61
1787066674268,458420,Knee,walk,-0.0854,1.070672,0.15372,20.65,-8.05,-67.69,-61
1787066674629,458600,Knee,walk,-0.58316,0.959408,-0.419192,44.59,15.61,-63.14,-61
1787066674629,458631,Knee,walk,-0.843752,0.801784,-0.548024,31.08,21.28,-38.01,-61
1787066674629,458648,Knee,walk,-0.913536,0.632936,-0.521184,28.07,4.48,-18.76,-61
1787066674629,458665,Knee,walk,-0.87352,0.68076,-0.404552,22.12,-15.33,-0.21,-61
1787066674629,458682,Knee,walk,-0.877424,0.649528,-0.451888,8.19,-18.27,24.36,-61
1787066674629,458713,Knee,walk,-0.698328,0.655872,-0.361608,-13.44,-33.04,56.42,-61
1787066674629,458730,Knee,walk,-0.577792,0.569984,-0.3172,-35.14,-13.09,80.71,-61
1787066674629,458747,Knee,walk,-0.557784,0.521184,-0.290848,-48.86,15.54,101.78,-61
1787066674629,458764,Knee,walk,-0.579256,0.531432,-0.288896,-53.41,28.35,111.51,-61
1787066674629,458781,Knee,walk,-0.628056,0.62464,-0.284992,-62.3,46.76,125.44,-61
1787066674990,458961,Knee,walk,-0.03172,0.887672,-0.042456,-109.41,-78.89,187.74,-63
1787066674990,458991,Knee,walk,0.05856,0.901824,0.084912,-95.06,-50.4,166.46,-63
1787066674990,459009,Knee,walk,0.108824,0.913048,0.17324,-82.25,-50.4,152.04,-63
1787066674990,459025,Knee,walk,0.188856,0.818376,0.304024,-60.62,-48.44,117.74,-63
1787066674990,459042,Knee,walk,0.404552,0.753472,0.416264,-30.87,-45.71,81.34,-63
1787066674990,459073,Knee,walk,0.741272,0.79056,0.507032,-0.98,-16.03,26.04,-63
1787066674990,459090,Knee,walk,0.737856,0.714432,0.518744,16.87,13.02,-8.96,-63
1787066674990,459107,Knee,walk,0.581696,0.70516,0.419192,36.33,42.63,-40.32,-63
1787066674990,459124,Knee,walk,0.50996,0.855464,0.291336,45.08,73.08,-63.91,-63
1787066674990,459141,Knee,walk,0.124928,1.373232,0.261568,37.66,93.03,-63.91,-63
1787066675350,459320,Knee,walk,-0.158112,1.05408,-0.03904,42.98,-63.91,-29.33,-63
1787066675350,459351,Knee,walk,0.265472,0.978928,0.030744,33.67,44.38,-33.95,-63
1787066675350,459368,Knee,walk,0.043432,0.96624,-0.069784,34.51,61.67,-33.39,-63
1787066675350,459385,Knee,walk,-0.21472,0.959408,-0.123952,29.89,60.76,-26.81,-63
1787066675350,459402,Knee,walk,-0.22204,0.957456,-0.13176,29.26,33.46,-19.95,-63
1787066675350,459433,Knee,walk,-0.05124,0.994056,-0.034648,29.54,5.39,-21.7,-63
1787066675350,459450,Knee,walk,-0.024888,0.999912,-0.066368,27.93,3.08,-21.14,-63
1787066675350,459467,Knee,walk,-0.042456,0.995032,-0.06588,26.6,2.94,-21.91,-63
1787066675350,459484,Knee,walk,-0.079056,0.976976,-0.075152,29.47,1.26,-23.17,-63
1787066675350,459501,Knee,walk,-0.183488,0.982344,-0.122488,28.7,-2.59,-22.68,-63
1787066675710,459679,Knee,walk,-0.22204,0.979904,-0.137616,19.32,-9.52,-19.6,-63
1787066675710,459710,Knee,walk,-0.241072,0.976488,-0.135176,17.71,-26.95,-19.95,-63
1787066675710,459727,Knee,walk,-0.208376,0.979904,-0.138592,17.85,-30.59,-19.95,-63
1787066675710,459744,Knee,walk,-0.169824,0.977952,-0.106384,18.27,-33.67,-21,-63
1787066675710,459761,Knee,walk,-0.14884,0.970144,-0.073688,18.69,-33.11,-22.26,-63
1787066675710,459792,Knee,walk,-0.091744,0.967216,-0.061488,20.65,-30.8,-26.11,-63
1787066675710,459809,Knee,walk,-0.025376,0.967704,-0.079544,21.63,-29.05,-29.75,-63
1787066675710,459826,Knee,walk,0.017568,0.979416,-0.09272,21.91,-26.04,-34.02,-63
1787066675710,459843,Knee,walk,0.013176,0.97844,-0.083448,22.61,-23.8,-37.8,-63
1787066675710,459860,Knee,walk,-0.025376,0.966728,-0.074176,23.8,-24.43,-40.11,-63
1787066676071,460040,Knee,walk,-0.27816,1.081408,0.210816,37.31,-13.58,-80.43,-67
1787066676071,460071,Knee,walk,-0.387472,0.943304,0.154696,56.49,-44.38,-91,-67
1787066676071,460088,Knee,walk,-0.375272,0.957456,0.074176,61.39,-67.27,-91.49,-67
1787066676071,460105,Knee,walk,-0.269864,1.0248,-0.009272,62.44,-79.24,-93.17,-67
1787066676071,460122,Knee,walk,-0.250344,1.028704,0.011224,59.5,-73.99,-84.98,-67
1787066676071,460153,Knee,walk,-0.322568,0.984784,-0.174216,61.46,-39.62,-72.24,-67
1787066676071,460170,Knee,walk,-0.467992,0.997472,-0.277184,61.46,-19.46,-63.42,-67
1787066676071,460187,Knee,walk,-0.624152,0.906704,-0.355264,59.15,-3.22,-55.44,-67
1787066676071,460204,Knee,walk,-0.820328,0.83692,-0.438224,58.59,2.24,-40.32,-67
1787066676071,460220,Knee,walk,-0.903288,0.79788,-0.480192,52.71,-12.32,-22.05,-67
1787066676434,460400,Knee,walk,-0.772016,0.550464,-0.29768,-52.01,-11.41,160.58,-67
1787066676434,460431,Knee,walk,-0.734928,0.565104,-0.32208,-72.94,-20.09,184.03,-67
1787066676434,460448,Knee,walk,-0.742736,0.605608,-0.33916,-86.52,-38.08,195.86,-67
1787066676434,460465,Knee,walk,-0.736392,0.613904,-0.356728,-93.52,-70.77,201.39,-67
1787066676434,460482,Knee,walk,-0.611952,0.647576,-0.311832,-102.41,-78.54,203,-67
1787066676434,460513,Knee,walk,-0.38308,0.772504,-0.231312,-111.86,-98.35,207.9,-67
1787066676434,460530,Knee,walk,-0.159088,0.938424,-0.19276,-112.7,-97.16,206.43,-67
1787066676434,460547,Knee,walk,0.10004,1.046272,-0.07808,-113.82,-81.2,194.6,-67
1787066676434,460564,Knee,walk,0.228384,1.005768,0.026352,-105.98,-51.1,175.56,-67
1787066676434,460581,Knee,walk,0.134688,0.999424,0.057096,-103.18,-26.11,154.49,-67
1787066676794,460763,Knee,walk,0.560712,1.2322,0.352824,52.64,19.46,-36.12,-67
1787066676794,460794,Knee,walk,0.02928,1.06872,0.076128,38.5,38.29,-58.87,-67
1787066676794,460811,Knee,walk,-0.325496,0.833016,-0.133224,49.49,56.7,-54.67,-67
1787066676794,460828,Knee,walk,-0.492392,0.954528,-0.260104,45.15,37.66,-46.48,-67
1787066676794,460845,Knee,walk,-0.492392,0.969168,-0.271816,44.45,5.88,-43.47,-67
1787066676794,460876,Knee,walk,-0.237656,0.955016,-0.133712,39.62,-1.47,-39.83,-67
1787066676794,460892,Knee,walk,-0.09272,0.979904,-0.069296,33.32,8.12,-31.64,-67
1787066676794,460909,Knee,walk,-0.058072,0.986248,-0.0366,30.8,20.79,-27.09,-67
1787066676794,460926,Knee,walk,-0.076616,0.98088,-0.003416,30.38,27.65,-26.88,-67
1787066676794,460943,Knee,walk,-0.113216,0.981856,-0.01464,30.94,33.18,-26.67,-67
1787066677154,461122,Knee,walk,-0.146888,0.970144,-0.075152,23.17,-13.58,-19.04,-63
1787066677154,461153,Knee,walk,-0.136152,1.000888,-0.106384,22.19,-17.64,-17.78,-63
1787066677154,461170,Knee,walk,-0.0976,0.984296,-0.101992,17.29,-17.71,-14.91,-63
1787066677154,461187,Knee,walk,-0.055632,0.964288,-0.09028,16.31,-13.65,-13.37,-63
1787066677154,461204,Knee,walk,-0.057584,0.992592,-0.088328,15.05,-4.62,-12.81,-63
1787066677154,461235,Knee,walk,-0.1586,0.985272,-0.099064,14.07,-2.17,-12.81,-63
1787066677154,461252,Knee,walk,-0.17812,0.99552,-0.13664,13.51,-7.14,-12.53,-63
1787066677154,461269,Knee,walk,-0.191784,0.99308,-0.147376,12.32,-15.54,-11.34,-63
1787066677154,461286,Knee,walk,-0.206912,0.98088,-0.142008,12.18,-21,-11.13,-63
1787066677154,461303,Knee,walk,-0.202032,0.98576,-0.12688,12.95,-30.94,-11.13,-63
1787066677518,461483,Knee,walk,-0.04148,0.978928,-0.095648,13.51,-15.19,-23.59,-63
1787066677518,461514,Knee,walk,-0.048312,0.978928,-0.08052,14.35,-20.79,-29.54,-63
1787066677518,461531,Knee,walk,-0.02196,0.986248,-0.06588,14.7,-28.07,-31.64,-63
1787066677518,461548,Knee,walk,0.014152,0.986248,-0.085888,17.08,-36.19,-37.24,-63
1787066677518,461564,Knee,walk,0.091256,1.005768,-0.106384,17.99,-43.4,-42.21,-63
1787066677518,461595,Knee,walk,0.113704,0.976488,-0.018056,17.64,-38.01,-46.76,-63
1787066677518,461612,Knee,walk,0.00244,0.95648,0.033672,19.32,-31.29,-51.1,-63
1787066677518,461629,Knee,walk,-0.127368,0.973072,0.054656,22.33,-27.93,-56.07,-63
1787066677518,461646,Knee,walk,-0.206912,0.989176,0.03904,23.66,-29.05,-59.29,-63
1787066677518,461663,Knee,walk,-0.354776,1.006744,-0.004392,24.71,-31.71,-60.55,-63
1787066677879,461844,Knee,walk,-0.283528,1.005768,0.09272,43.4,-41.51,-74.13,-63
1787066677879,461875,Knee,walk,-0.435784,0.987224,-0.050264,47.18,-20.02,-64.33,-63
1787066677879,461892,Knee,walk,-0.50996,0.981856,-0.116632,48.16,-10.29,-55.44,-63
1787066677879,461909,Knee,walk,-0.659776,0.926224,-0.225456,51.03,-9.17,-52.01,-63
1787066677879,461926,Knee,walk,-0.786656,0.865224,-0.306952,57.33,-12.04,-44.03,-63
1787066677879,461957,Knee,walk,-0.901336,0.799832,-0.347944,56.98,-36.54,-24.29,-63
1787066677879,461974,Knee,walk,-0.960872,0.681736,-0.348432,53.69,-55.86,-6.86,-63
1787066677879,461991,Knee,walk,-0.967216,0.657824,-0.282552,58.59,-84.77,10.85,-63
1787066677879,462008,Knee,walk,-0.926224,0.656848,-0.28792,51.94,-102.69,36.82,-63
1787066677879,462025,Knee,walk,-0.886208,0.662216,-0.254248,41.65,-114.17,60.9,-63
1787066678241,462206,Knee,walk,-0.671,0.66124,-0.323056,-58.8,-105.56,194.53,-56
1787066678241,462236,Knee,walk,-0.38796,0.740784,-0.288408,-59.92,-147.7,202.23,-56
1787066678241,462254,Knee,walk,-0.1464,0.855464,-0.256688,-57.96,-152.32,199.78,-56
1787066678241,462270,Knee,walk,-0.037088,0.923296,-0.22692,-57.33,-141.26,190.54,-56
1787066678241,462287,Knee,walk,0.140544,0.967216,-0.148352,-57.05,-131.74,183.19,-56
1787066678241,462318,Knee,walk,0.291824,0.98332,-0.008296,-51.87,-70.56,142.73,-56
1787066678241,462335,Knee,walk,0.356728,0.995032,0.035136,-54.39,-58.87,114.59,-56
1787066678241,462352,Knee,walk,0.462136,0.942328,0.180072,-55.44,-30.59,98.21,-56
1787066678241,462369,Knee,walk,0.491904,0.882792,0.342088,-48.02,0.98,62.23,-56
1787066678241,462386,Knee,walk,0.435784,0.789096,0.441152,-35.07,25.83,29.33,-56
1787066678600,462567,Knee,walk,-0.099552,0.90524,-0.00976,45.43,98,-55.23,-56
1787066678600,462599,Knee,walk,-0.43676,0.915976,-0.130784,48.72,45.92,-49.91,-56
1787066678600,462616,Knee,walk,-0.508984,0.835456,-0.179584,49.63,8.54,-41.3,-56
1787066678600,462633,Knee,walk,-0.338672,0.947208,-0.196664,44.87,-22.47,-33.88,-56
1787066678600,462650,Knee,walk,-0.105896,1.003816,-0.113216,34.02,-26.53,-29.26,-56
1787066678600,462681,Knee,walk,-0.085888,0.970144,-0.0732,34.51,0.28,-25.83,-56
1787066678600,462698,Knee,walk,-0.177632,0.99796,-0.117608,32.76,7.56,-24.5,-56
1787066678600,462715,Knee,walk,-0.167384,0.997472,-0.073688,30.17,4.69,-23.59,-56
1787066678600,462732,Knee,walk,-0.049288,0.985272,-0.061976,29.54,6.58,-22.82,-56
1787066678600,462749,Knee,walk,0.01708,0.97356,-0.070272,27.72,16.94,-20.93,-56
1787066678960,462925,Knee,walk,-0.244,0.970632,-0.176656,23.59,-31.92,-15.61,-56
1787066678960,462956,Knee,walk,-0.170312,0.98088,-0.17568,20.37,-42.84,-13.16,-56
1787066678960,462974,Knee,walk,-0.0976,0.98088,-0.166896,19.04,-41.16,-11.2,-56
1787066678960,462990,Knee,walk,-0.053192,0.98332,-0.131272,17.43,-33.67,-9.94,-56
1787066678960,463007,Knee,walk,-0.052216,0.98332,-0.12932,16.52,-23.03,-9.52,-56
1787066678960,463038,Knee,walk,-0.118584,0.967704,-0.119072,13.72,-18.13,-8.68,-56
1787066678960,463055,Knee,walk,-0.11468,0.969656,-0.117608,13.44,-19.6,-8.68,-56
1787066678960,463072,Knee,walk,-0.10004,0.98576,-0.11468,12.88,-20.3,-8.47,-56
1787066678960,463089,Knee,walk,-0.110776,0.984784,-0.106872,12.46,-22.12,-8.75,-56
1787066678960,463106,Knee,walk,-0.125416,0.97844,-0.107848,13.3,-24.71,-9.87,-56
1787066679320,463284,Knee,walk,-0.084912,0.969656,-0.11468,19.88,-24.08,-26.88,-56
1787066679320,463315,Knee,walk,-0.127856,0.977952,-0.1098,21,-28.28,-30.94,-56
1787066679320,463332,Knee,walk,-0.157624,0.955504,-0.099552,21.91,-32.41,-33.6,-56
1787066679320,463349,Knee,walk,-0.186904,0.945744,-0.10736,24.78,-36.61,-36.4,-56
1787066679320,463366,Knee,walk,-0.2074,0.951112,-0.122488,25.62,-41.23,-37.8,-56
1787066679320,463397,Knee,walk,-0.226432,0.964288,-0.17568,28.42,-48.09,-40.32,-56
1787066679320,463414,Knee,walk,-0.218624,0.976488,-0.179584,29.54,-48.09,-42.7,-56
1787066679320,463431,Knee,walk,-0.245464,0.999424,-0.162016,29.12,-46.69,-43.82,-56
1787066679320,463448,Knee,walk,-0.267424,1.003328,-0.184952,29.19,-44.87,-46.2,-56
1787066679320,463465,Knee,walk,-0.211304,1.040904,-0.186904,28.07,-42.07,-48.16,-56
1787066679681,463644,Knee,walk,-0.274256,1.00284,0.043432,58.31,-90.93,-75.88,-64
1787066679681,463675,Knee,walk,-0.309392,1.096536,-0.009272,59.85,-84.35,-66.92,-64
1787066679681,463692,Knee,walk,-0.382104,1.102392,-0.14152,60.9,-60.62,-64.12,-64
1787066679681,463709,Knee,walk,-0.5124,1.037976,-0.266448,61.81,-36.54,-60.2,-64
1787066679681,463726,Knee,walk,-0.584136,0.950136,-0.368928,61.18,-20.23,-52.36,-64
1787066679681,463757,Knee,walk,-0.793488,0.793488,-0.467016,58.38,-17.15,-31.43,-64
1787066679681,463774,Knee,walk,-0.899872,0.671976,-0.5002,56.91,-17.99,-12.53,-64
1787066679681,463791,Knee,walk,-0.914024,0.644648,-0.48312,50.12,-38.08,6.16,-64
1787066679681,463808,Knee,walk,-0.908168,0.66612,-0.416752,40.95,-46.41,18.83,-64
1787066679681,463825,Knee,walk,-0.923296,0.610488,-0.34892,30.1,-56.28,44.52,-64
1787066680053,464005,Knee,walk,-0.696864,0.696376,-0.357216,-103.81,0.98,185.92,-64
1787066680053,464036,Knee,walk,-0.665632,0.752496,-0.344528,-115.01,-66.78,193.55,-64
1787066680053,464053,Knee,walk,-0.456768,0.813496,-0.272304,-117.46,-99.47,196.56,-64
1787066680053,464070,Knee,walk,-0.144448,0.917928,-0.132248,-115.64,-111.44,193.62,-64
1787066680053,464087,Knee,walk,0.154696,0.958432,0.05856,-107.17,-89.6,187.67,-64
1787066680053,464118,Knee,walk,0.21472,0.888648,0.279624,-87.99,-26.04,167.93,-64
1787066680053,464135,Knee,walk,0.060024,0.942816,0.142496,-73.43,-13.23,141.96,-64
1787066680053,464151,Knee,walk,0.018544,0.891576,0.13176,-66.92,-30.8,115.15,-64
1787066680053,464169,Knee,walk,0.216184,0.860832,0.166408,-58.73,-37.17,84.77,-64
1787066680053,464185,Knee,walk,0.588528,0.875472,0.241072,-45.01,-27.02,67.62,-64
1787066680404,464366,Knee,walk,0.215208,1.045784,-0.04148,40.67,78.05,-54.46,-64
1787066680404,464397,Knee,walk,-0.284992,0.915,-0.228384,52.57,99.75,-49.07,-64
1787066680404,464414,Knee,walk,-0.44164,0.955992,-0.237656,50.05,77.21,-41.51,-64
1787066680404,464431,Knee,walk,-0.610488,0.949648,-0.264984,50.61,54.39,-39.97,-64
1787066680404,464448,Knee,walk,-0.565592,0.964288,-0.20008,48.72,8.82,-36.33,-64
1787066680404,464479,Knee,walk,-0.331352,1.002352,-0.108824,36.75,-24.01,-26.04,-64
1787066680404,464496,Knee,walk,-0.164944,0.998936,-0.034648,31.92,-20.16,-22.89,-64
1787066680404,464513,Knee,walk,-0.141032,0.987224,-0.01708,34.37,-3.01,-23.59,-64
1787066680404,464530,Knee,walk,-0.142008,0.973072,-0.036112,34.3,5.74,-23.17,-64
1787066680404,464547,Knee,walk,-0.118096,0.96136,-0.032208,31.99,5.53,-20.51,-64
1787066680781,464726,Knee,walk,-0.168848,0.977952,-0.079544,21,-14.42,-17.36,-68
1787066680781,464757,Knee,walk,-0.16592,0.989664,-0.110288,20.86,-27.86,-16.52,-68
1787066680781,464774,Knee,walk,-0.1342,0.995032,-0.122,17.43,-29.33,-14.63,-68
1787066680781,464790,Knee,walk,-0.091744,0.976,-0.109312,17.36,-28.21,-14.35,-68
1787066680781,464806,Knee,walk,-0.063928,0.991616,-0.099552,17.22,-21.98,-14.21,-68
1787066680781,464837,Knee,walk,-0.078568,0.987224,-0.0854,13.86,-10.01,-13.51,-68
1787066680781,464854,Knee,walk,-0.116144,0.971608,-0.09272,12.95,-6.86,-13.09,-68
1787066680781,464871,Knee,walk,-0.133224,0.985272,-0.10004,12.74,-8.12,-13.09,-68
1787066680781,464888,Knee,walk,-0.135664,0.989176,-0.098576,10.92,-10.22,-12.6,-68
1787066680781,464919,Knee,walk,-0.150792,0.98088,-0.111264,10.5,-13.3,-12.39,-68
1787066681192,465152,Knee,walk,0.001952,0.955504,-0.064904,22.05,-27.09,-51.31,-68
1787066681192,465184,Knee,walk,-0.059048,1.006744,-0.064416,26.53,-30.24,-57.19,-68
1787066681192,465201,Knee,walk,-0.157136,0.985272,-0.021472,29.19,-29.82,-59.43,-68
1787066681192,465218,Knee,walk,-0.191784,0.979904,-0.016104,31.71,-29.4,-62.72,-68
1787066681192,465235,Knee,walk,-0.223016,1.001376,-0.008784,32.34,-27.09,-64.4,-68
1787066681192,465266,Knee,walk,-0.324032,1.227808,0.015128,31.5,-15.19,-70.77,-68
1787066681192,465283,Knee,walk,-0.386496,1.134112,0.018056,32.27,-15.26,-72.38,-68
1787066681192,465300,Knee,walk,-0.414312,1.108248,0.047336,32.76,-19.04,-72.59,-68
1787066681192,465317,Knee,walk,-0.427976,1.035536,0.088816,36.47,-24.85,-73.5,-68
1787066681192,465333,Knee,walk,-0.39528,1.002352,0.067832,43.96,-39.13,-77.91,-68
1787066681553,465512,Knee,walk,-0.787144,0.734928,-0.471408,41.23,3.36,-28.63,-68
1787066681553,465543,Knee,walk,-0.847656,0.725656,-0.438224,29.54,-23.45,-5.18,-68
1787066681553,465560,Knee,walk,-0.82472,0.707112,-0.382592,16.59,-38.57,14.91,-68
1787066681553,465577,Knee,walk,-0.787632,0.711504,-0.330864,-4.27,-48.93,41.65,-68
1787066681553,465594,Knee,walk,-0.686128,0.686616,-0.32208,-13.16,-45.22,54.39,-68
1787066681553,465625,Knee,walk,-0.582184,0.615856,-0.285968,-34.72,-12.11,90.65,-68
1787066681553,465642,Knee,walk,-0.553392,0.63196,-0.284992,-37.8,10.57,104.51,-68
1787066681553,465659,Knee,walk,-0.566568,0.677344,-0.284992,-48.37,20.44,111.51,-68
1787066681553,465676,Knee,walk,-0.625616,0.662704,-0.303536,-61.18,34.37,122.36,-68
1787066681553,465693,Knee,walk,-0.686616,0.646112,-0.310856,-70.84,36.61,132.86,-68
1787066681912,465874,Knee,walk,-0.032208,0.916952,0.057584,-68.18,-68.53,160.51,-64
1787066681912,465905,Knee,walk,0.143472,0.867176,0.11224,-50.4,-71.12,129.5,-64
1787066681912,465922,Knee,walk,0.323056,0.873032,0.163968,-34.72,-64.26,100.03,-64
1787066681912,465939,Knee,walk,0.471896,0.916952,0.22936,-26.74,-48.51,67.41,-64
1787066681912,465956,Knee,walk,0.513864,0.891088,0.296704,-17.85,-21.28,32.34,-64
1787066681912,465987,Knee,walk,0.412848,0.8296,0.349408,-2.59,14,-12.6,-64
1787066681912,466004,Knee,walk,0.301584,0.813008,0.302072,12.32,32.13,-37.03,-64
1787066681912,466021,Knee,walk,0.23668,0.803736,0.260104,27.37,45.92,-58.31,-64
1787066681912,466038,Knee,walk,0.073688,0.867176,0.100528,37.52,49.84,-66.01,-64
1787066681912,466054,Knee,walk,-0.108824,1.166808,-0.012688,37.94,48.86,-61.81,-64
1787066682277,466232,Knee,walk,-0.441152,0.948672,-0.096136,38.43,-13.44,-26.53,-64
1787066682277,466263,Knee,walk,-0.142008,0.99796,0.007808,34.79,-30.45,-24.08,-64
1787066682277,466280,Knee,walk,-0.053192,1.0004,0.010736,34.79,-15.12,-25.2,-64
1787066682277,466297,Knee,walk,-0.033184,0.973072,-0.020008,33.81,0.14,-24.85,-64
1787066682277,466314,Knee,walk,-0.026352,0.957944,-0.029768,31.78,9.03,-22.75,-64
1787066682277,466345,Knee,walk,0.00488,0.998936,-0.05856,25.9,13.16,-18.27,-64
1787066682277,466362,Knee,walk,-0.021472,0.986248,-0.079056,23.1,9.73,-15.61,-64
1787066682277,466379,Knee,walk,-0.106872,0.979416,-0.057584,22.05,-5.18,-14.42,-64
1787066682277,466396,Knee,walk,-0.142008,0.976976,-0.055632,23.87,-13.58,-14.77,-64
1787066682277,466413,Knee,walk,-0.06588,1.010648,-0.105896,24.43,-26.74,-15.75,-64
1787066682643,466594,Knee,walk,-0.154696,0.984784,-0.104432,14.28,-14.42,-15.75,-62
1787066682643,466625,Knee,walk,-0.174704,0.985272,-0.122976,12.11,-15.05,-15.05,-62
1787066682643,466643,Knee,walk,-0.172264,0.979904,-0.101016,11.62,-15.82,-15.19,-62
1787066682643,466660,Knee,walk,-0.180072,0.981368,-0.095648,12.67,-17.08,-15.61,-62
1787066682643,466677,Knee,walk,-0.175192,0.986736,-0.094184,12.39,-20.93,-15.68,-62
1787066682643,466707,Knee,walk,-0.15128,0.975024,-0.08052,13.37,-27.51,-18.34,-62
1787066682643,466724,Knee,walk,-0.1342,0.977952,-0.060512,15.05,-31.29,-19.67,-62
1787066682643,466741,Knee,walk,-0.10492,0.981856,-0.038064,16.1,-33.32,-22.19,-62
1787066682643,466758,Knee,walk,-0.077592,0.97844,-0.020008,17.64,-33.04,-25.83,-62
1787066682643,466775,Knee,walk,-0.005368,0.975024,-0.016592,18.27,-32.2,-29.19,-62
1787066682997,466956,Knee,walk,-0.447496,1.028704,-0.088328,37.73,-33.95,-66.36,-60
1787066682997,466987,Knee,walk,-0.493856,1.19072,0.069296,37.73,-42,-68.32,-60
1787066682997,467004,Knee,walk,-0.493368,1.096048,0.101504,36.82,-45.22,-72.03,-60
1787066682997,467021,Knee,walk,-0.403576,1.050176,0.093696,37.94,-48.72,-73.5,-60
1787066682997,467038,Knee,walk,-0.274744,1.041392,0.06832,40.39,-51.52,-75.67,-60
1787066682997,467069,Knee,walk,-0.193248,1.033096,0.06588,43.19,-53.34,-82.11,-60
1787066682997,467086,Knee,walk,-0.244,0.97844,0.056608,47.74,-49.98,-83.58,-60
1787066682997,467103,Knee,walk,-0.332816,0.955016,0.044408,53.48,-46.27,-76.58,-60
1787066682997,467120,Knee,walk,-0.42212,0.960384,-0.05856,56,-38.36,-69.02,-60
1787066682997,467137,Knee,walk,-0.528504,0.967216,-0.18544,57.89,-31.78,-59.57,-60
1787066683359,467316,Knee,walk,-0.615856,0.592432,-0.137616,3.5,-53.76,101.43,-60
1787066683359,467346,Knee,walk,-0.596336,0.6466,-0.170312,-8.33,-25.76,121.8,-60
1787066683359,467364,Knee,walk,-0.646112,0.63196,-0.213744,-21.98,-15.61,133.56,-60
1787066683359,467380,Knee,walk,-0.677344,0.625616,-0.238632,-27.3,-18.76,144.06,-60
1787066683359,467397,Knee,walk,-0.735416,0.642208,-0.261568,-37.1,-25.83,149.66,-60
1787066683359,467428,Knee,walk,-0.747128,0.635864,-0.275232,-60.41,-73.01,175.28,-60
1787066683359,467445,Knee,walk,-0.66612,0.62952,-0.257176,-64.75,-87.64,179.83,-60
1787066683359,467462,Knee,walk,-0.472872,0.66612,-0.220576,-69.16,-106.05,186.83,-60
1787066683359,467479,Knee,walk,-0.296216,0.765672,-0.181536,-70.63,-106.33,189.7,-60
1787066683359,467496,Knee,walk,-0.187392,0.870592,-0.168848,-73.29,-94.64,190.68,-60
1787066683719,467677,Knee,walk,0.49044,0.782264,0.459696,3.5,-34.37,4.69,-60
1787066683719,467708,Knee,walk,0.439688,0.790072,0.393328,25.62,2.38,-28.91,-60
1787066683719,467725,Knee,walk,0.371368,0.820816,0.29036,37.38,26.67,-49.49,-60
1787066683719,467742,Knee,walk,0.263032,0.862296,0.114192,47.32,50.61,-68.04,-60
1787066683719,467759,Knee,walk,0.122,1.013576,-0.026352,42.98,69.65,-58.38,-60
1787066683719,467790,Knee,walk,0.345504,0.955016,0.610976,-19.95,59.08,-14.84,-60
1787066683719,467807,Knee,walk,0.569008,0.81008,0.528992,21.91,91.21,-28.49,-60
1787066683719,467824,Knee,walk,0.188856,1.307352,0.338672,35.7,85.54,-44.59,-60
1787066683719,467841,Knee,walk,-0.072224,1.224392,0.127368,33.18,44.59,-51.73,-60
1787066683719,467858,Knee,walk,-0.094184,0.967216,0.03416,45.5,42.91,-53.34,-60
1787066684078,468036,Knee,walk,0.027816,0.984296,-0.068808,26.04,0.63,-18.13,-63
1787066684078,468066,Knee,walk,-0.002928,0.976,-0.029768,23.45,9.87,-18.06,-63
1787066684078,468084,Knee,walk,-0.0854,0.992104,-0.065392,23.38,4.69,-17.15,-63
1787066684078,468100,Knee,walk,-0.116144,0.992104,-0.094672,23.17,-13.16,-17.01,-63
1787066684078,468117,Knee,walk,-0.106872,0.982344,-0.096624,23.94,-32.9,-18.06,-63
1787066684078,468148,Knee,walk,0.040504,1.016016,-0.09028,26.39,-42.77,-18.76,-63
1787066684078,468165,Knee,walk,0.033672,1.008696,-0.084912,24.99,-37.66,-19.74,-63
1787066684078,468182,Knee,walk,-0.022936,0.981368,-0.065392,25.13,-36.4,-20.58,-63
1787066684078,468199,Knee,walk,-0.089792,0.974048,-0.07564,24.43,-34.58,-20.65,-63
1787066684078,468216,Knee,walk,-0.143472,0.979904,-0.126392,23.1,-36.54,-18.97,-63
1787066684439,468395,Knee,walk,-0.12932,0.97844,-0.086864,10.36,-14.14,-12.32,-63
1787066684439,468426,Knee,walk,-0.147376,0.988688,-0.106384,11.83,-19.6,-14.98,-63
1787066684439,468443,Knee,walk,-0.138104,0.985272,-0.104432,12.74,-24.5,-16.94,-63
1787066684439,468460,Knee,walk,-0.111264,0.974048,-0.087352,13.72,-27.51,-18.55,-63
1787066684439,468477,Knee,walk,-0.093208,0.971608,-0.082472,14.49,-27.93,-19.81,-63
1787066684439,468508,Knee,walk,-0.033672,0.967704,-0.076128,14.84,-22.4,-23.45,-63
1787066684439,468525,Knee,walk,-0.027328,0.966728,-0.097112,14.98,-17.29,-26.11,-63
1787066684439,468542,Knee,walk,-0.021472,0.972584,-0.106384,15.19,-15.33,-29.19,-63
1787066684439,468559,Knee,walk,-0.042944,0.976488,-0.115168,15.4,-13.51,-30.59,-63
1787066684439,468576,Knee,walk,-0.079544,0.965264,-0.115656,15.4,-15.89,-32.41,-63
1787066684800,468756,Knee,walk,-0.21716,1.045296,-0.145424,25.48,-25.2,-58.94,-63
1787066684800,468787,Knee,walk,-0.213744,1.086288,-0.028792,23.1,-14.42,-60.9,-63
1787066684800,468804,Knee,walk,-0.269376,1.016504,0.008784,26.81,-15.26,-61.18,-63
1787066684800,468821,Knee,walk,-0.309392,0.97844,0.09028,29.4,-23.31,-63.21,-63
1787066684800,468838,Knee,walk,-0.309392,0.94184,0.144936,35.56,-31.85,-67.69,-63
1787066684800,468869,Knee,walk,-0.274256,0.977952,0.11712,47.53,-43.96,-78.05,-63
1787066684800,468886,Knee,walk,-0.241072,1.012112,0.061,53.27,-54.67,-81.9,-63
1787066684800,468903,Knee,walk,-0.215208,1.02724,0.059048,50.75,-63.98,-84.49,-63
1787066684800,468920,Knee,walk,-0.214232,1.01016,0.040992,51.17,-52.01,-76.58,-63
1787066684800,468937,Knee,walk,-0.268888,1.0248,0.005368,53.2,-48.09,-73.15,-63
1787066685172,469116,Knee,walk,-0.703696,0.63684,-0.31476,-5.95,-66.08,69.16,-72
1787066685172,469147,Knee,walk,-0.613904,0.589016,-0.263032,-27.65,-24.43,105.21,-72
1787066685172,469164,Knee,walk,-0.59292,0.604144,-0.245464,-38.5,-22.4,111.51,-72
1787066685172,469181,Knee,walk,-0.59048,0.61,-0.247416,-49.7,1.12,124.18,-72
1787066685172,469198,Knee,walk,-0.632936,0.590968,-0.2806,-61.18,20.37,134.05,-72
1787066685172,469229,Knee,walk,-0.679784,0.609024,-0.307928,-81.2,28.63,150.92,-72
1787066685172,469246,Knee,walk,-0.700768,0.651968,-0.282552,-93.66,25.76,167.86,-72
1787066685172,469263,Knee,walk,-0.71736,0.669536,-0.278648,-108.71,10.08,181.16,-72
1787066685172,469280,Knee,walk,-0.722728,0.685152,-0.287432,-113.26,-26.39,185.71,-72
1787066685172,469297,Knee,walk,-0.70516,0.77348,-0.278648,-114.59,-46.76,188.02,-72
1787066685520,469477,Knee,walk,0.543632,0.710528,0.570472,-35.42,-12.81,17.64,-72
1787066685520,469508,Knee,walk,0.396256,0.66856,0.470432,18.83,1.89,-23.38,-72
1787066685520,469525,Knee,walk,0.36112,0.726632,0.369904,38.08,2.31,-48.65,-72
1787066685520,469542,Knee,walk,0.223016,0.793976,0.215208,47.32,3.43,-61.46,-72
1787066685520,469559,Knee,walk,-0.088816,1.038952,0.0122,61.32,8.68,-73.71,-72
1787066685520,469590,Knee,walk,0.006344,1.232688,0.427,13.65,-14.35,-19.81,-72
1787066685520,469607,Knee,walk,0.696376,0.965264,0.601704,24.08,19.88,-17.15,-72
1787066685520,469624,Knee,walk,0.457744,1.26392,0.325496,41.58,54.25,-39.13,-72
1787066685520,469641,Knee,walk,0.187392,1.258552,0.135176,38.85,67.41,-53.62,-72
1787066685520,469658,Knee,walk,0.02928,1.042368,0.110288,42.63,85.26,-59.5,-72
1787066685883,469835,Knee,walk,0.00976,0.97356,-0.060512,29.47,13.65,-24.57,-72
1787066685883,469866,Knee,walk,0.047336,0.974048,-0.047336,25.62,14.63,-18.41,-72
1787066685883,469883,Knee,walk,-0.01708,0.964776,-0.03172,26.39,10.57,-18.62,-72
1787066685883,469900,Knee,walk,-0.07808,1.001376,-0.073688,26.67,-0.14,-18.13,-72
1787066685883,469917,Knee,walk,-0.092232,0.994056,-0.090768,26.04,-11.76,-18.9,-72
1787066685883,469947,Knee,walk,-0.079544,1.003816,-0.126392,29.54,-21.7,-21.35,-72
1787066685883,469964,Knee,walk,-0.128832,1.013576,-0.145912,26.95,-22.68,-20.44,-72
1787066685883,469981,Knee,walk,-0.195688,0.977464,-0.101504,24.5,-25.83,-20.58,-72
1787066685883,469998,Knee,walk,-0.218624,0.967216,-0.120536,25.27,-30.38,-20.23,-72
1787066685883,470015,Knee,walk,-0.215696,0.9882,-0.130784,24.08,-32.55,-18.06,-72
1787066686243,470195,Knee,walk,-0.129808,0.984784,-0.113216,13.16,-8.82,-16.17,-72
1787066686243,470226,Knee,walk,-0.164944,0.981856,-0.088328,15.33,-18.41,-18.83,-72
1787066686243,470243,Knee,walk,-0.14884,0.977952,-0.084424,15.47,-24.29,-19.67,-72
1787066686243,470260,Knee,walk,-0.105896,0.966728,-0.087352,15.33,-25.48,-19.81,-72
1787066686243,470277,Knee,walk,-0.074176,0.977952,-0.093208,15.33,-24.92,-20.51,-72
1787066686243,470308,Knee,walk,-0.074664,0.962824,-0.098576,14.98,-19.74,-22.96,-72
1787066686243,470325,Knee,walk,-0.08052,0.973072,-0.102968,15.68,-17.78,-25.34,-72
1787066686243,470342,Knee,walk,-0.08052,0.970144,-0.10248,15.33,-17.43,-27.16,-72
1787066686243,470359,Knee,walk,-0.081496,0.964776,-0.106384,15.96,-18.27,-29.89,-72
1787066686243,470376,Knee,walk,-0.084912,0.965752,-0.089792,16.38,-21.21,-32.69,-72
1787066686603,470557,Knee,walk,-0.169336,1.122888,0.02196,25.83,-6.3,-63.84,-69
1787066686603,470588,Knee,walk,-0.279136,1.064816,0.108336,27.79,-3.22,-67.27,-69
1787066686603,470605,Knee,walk,-0.347456,1.002352,0.138104,32.83,-12.6,-70.35,-69
1787066686603,470622,Knee,walk,-0.366,0.974048,0.135176,41.44,-30.66,-76.02,-69
1787066686603,470638,Knee,walk,-0.360632,0.945744,0.105896,45.08,-39.62,-79.8,-69
1787066686603,470669,Knee,walk,-0.342576,0.96624,0.05612,56.91,-84.91,-84.91,-69
1787066686603,470686,Knee,walk,-0.3416,0.953552,0.040504,57.47,-87.99,-78.33,-69
1787066686603,470703,Knee,walk,-0.365512,0.974536,-0.004392,61.32,-89.88,-74.9,-69
1787066686603,470720,Knee,walk,-0.377224,1.048712,-0.069296,62.65,-81.41,-69.02,-69
1787066686603,470737,Knee,walk,-0.445056,1.08092,-0.1952,58.38,-60.55,-65.31,-69
1787066686967,470916,Knee,walk,-0.623664,0.591456,-0.291336,-37.52,-14.7,77.98,-69
1787066686967,470947,Knee,walk,-0.564616,0.541192,-0.296704,-60.76,9.45,104.16,-69
1787066686967,470964,Knee,walk,-0.541192,0.63684,-0.297192,-72.87,28.77,113.61,-69
1787066686967,470981,Knee,walk,-0.557296,0.665144,-0.32452,-81.97,43.54,115.29,-69
1787066686967,470998,Knee,walk,-0.596824,0.640744,-0.330864,-89.11,48.93,123.06,-69
1787066686967,471029,Knee,walk,-0.544608,0.720288,-0.2562,-114.31,74.06,146.44,-69
1787066686967,471046,Knee,walk,-0.535824,0.765672,-0.244976,-124.32,69.09,161.91,-69
1787066686967,471063,Knee,walk,-0.697352,0.827648,-0.31964,-129.15,52.85,162.05,-69
1787066686967,471080,Knee,walk,-0.731024,0.855464,-0.301584,-129.5,6.79,162.54,-69
1787066686967,471097,Knee,walk,-0.525088,0.906216,-0.194224,-124.46,-25.97,165.76,-69
1787066687324,471279,Knee,walk,0.497272,0.943304,0.284504,9.94,-61.18,46.13,-69
1787066687324,471309,Knee,walk,0.601216,0.877912,0.398208,10.01,-17.15,-10.36,-69
1787066687324,471327,Knee,walk,0.50996,0.831552,0.406016,15.4,21.21,-18.55,-69
1787066687324,471343,Knee,walk,0.328912,0.784704,0.345992,23.8,54.6,-44.45,-69
1787066687324,471360,Knee,walk,0.082472,0.8052,0.186416,37.59,73.5,-62.72,-69
1787066687324,471391,Knee,walk,-0.232776,1.287344,-0.02928,27.93,58.66,-47.81,-69
1787066687324,471408,Knee,walk,0.064416,1.087264,0.284504,-1.89,30.03,-32.62,-69
1787066687324,471425,Knee,walk,0.223016,0.913048,0.464088,16.8,43.4,-26.25,-69
1787066687324,471442,Knee,walk,0.299632,1.16388,0.376248,28.77,46.41,-25.41,-69
1787066687324,471459,Knee,walk,0.240584,1.326872,0.223992,24.43,49.84,-32.97,-69
1787066687685,471636,Knee,walk,-0.061488,0.987224,-0.057096,32.13,1.4,-21.91,-63
1787066687685,471667,Knee,walk,-0.028792,0.989176,-0.066856,28.84,25.9,-18.06,-63
1787066687685,471684,Knee,walk,-0.079544,1.00284,-0.094672,24.36,32.41,-13.58,-63
1787066687685,471701,Knee,walk,-0.142984,0.994056,-0.085888,23.8,23.38,-12.53,-63
1787066687685,471718,Knee,walk,-0.162992,1.000888,-0.103456,22.4,7.63,-12.39,-63
1787066687685,471749,Knee,walk,-0.00976,0.992592,-0.121024,24.64,-19.18,-13.3,-63
1787066687685,471766,Knee,walk,0.107848,1.027728,-0.11956,21.98,-23.94,-12.46,-63
1787066687685,471783,Knee,walk,0.131272,1.003816,-0.087352,20.44,-23.1,-12.95,-63
1787066687685,471800,Knee,walk,0.094672,0.977464,-0.056608,22.33,-23.59,-13.16,-63
1787066687685,471817,Knee,walk,0.003416,0.989176,-0.040992,20.58,-26.04,-12.11,-63
1787066688046,471996,Knee,walk,-0.12932,0.996008,-0.09516,19.95,-34.23,-15.61,-63
1787066688046,472027,Knee,walk,-0.05612,0.978928,-0.081008,20.72,-32.13,-18.55,-63
1787066688046,472044,Knee,walk,-0.064416,0.986248,-0.069784,21.28,-28.63,-20.37,-63
1787066688046,472061,Knee,walk,-0.08052,0.974536,-0.06588,21.21,-26.04,-21,-63
1787066688046,472078,Knee,walk,-0.075152,0.970144,-0.08296,21.14,-24.5,-22.61,-63
1787066688046,472109,Knee,walk,-0.030744,0.976,-0.091256,20.16,-19.46,-25.83,-63
1787066688046,472126,Knee,walk,-0.0488,0.972096,-0.114192,20.65,-17.5,-27.51,-63
1787066688046,472143,Knee,walk,-0.056608,0.969168,-0.111264,20.09,-17.64,-28.91,-63
1787066688046,472160,Knee,walk,-0.060024,0.962824,-0.106872,20.3,-17.99,-31.36,-63
1787066688046,472177,Knee,walk,-0.073688,0.966728,-0.101504,21.21,-19.18,-33.11,-63
1787066688408,472357,Knee,walk,-0.198616,1.142408,-0.042456,28.84,-37.17,-61.32,-63
1787066688408,472388,Knee,walk,-0.208376,1.09068,0.048312,29.68,-32.48,-63.49,-63
1787066688408,472405,Knee,walk,-0.249368,1.033096,0.106384,32.69,-35.42,-65.59,-63
1787066688408,472422,Knee,walk,-0.281088,1.014552,0.121024,39.55,-49.14,-72.31,-63
1787066688408,472439,Knee,walk,-0.30012,0.99552,0.126392,43.54,-68.04,-80.22,-63
1787066688408,472470,Knee,walk,-0.281576,0.965264,0.122488,54.04,-97.65,-84,-63
1787066688408,472487,Knee,walk,-0.302072,0.9638,0.093696,56.84,-102.69,-81.69,-63
1787066688408,472503,Knee,walk,-0.29768,1.004792,0.042456,60.48,-97.51,-74.9,-63
1787066688408,472520,Knee,walk,-0.300608,1.048712,-0.047824,59.08,-79.31,-69.51,-63
1787066688408,472537,Knee,walk,-0.363072,1.118984,-0.115168,55.79,-66.71,-67.62,-63
1787066688769,472717,Knee,walk,-0.5978,0.630008,-0.362096,-35.91,-16.31,86.87,-58
1787066688769,472748,Knee,walk,-0.475312,0.62952,-0.3416,-69.79,22.54,108.43,-58
1787066688769,472765,Knee,walk,-0.4758,0.659776,-0.3416,-76.51,44.94,115.64,-58
1787066688769,472782,Knee,walk,-0.523624,0.673928,-0.371856,-87.92,53.41,116.83,-58
1787066688769,472799,Knee,walk,-0.551928,0.628544,-0.381616,-101.92,66.71,122.5,-58
1787066688769,472830,Knee,walk,-0.498736,0.733952,-0.310368,-120.4,92.96,139.72,-58
1787066688769,472847,Knee,walk,-0.52948,0.835944,-0.297192,-134.33,101.01,153.02,-58
1787066688769,472864,Knee,walk,-0.691984,0.865224,-0.31476,-140.21,73.36,152.67,-58
1787066688769,472881,Knee,walk,-0.649528,0.859368,-0.252296,-142.24,37.45,155.4,-58
1787066688769,472898,Knee,walk,-0.569984,0.894992,-0.196176,-136.85,14.98,159.67,-58
1787066689284,473079,Knee,walk,0.220576,0.795928,0.304024,13.37,-40.39,52.57,-58
1787066689284,473110,Knee,walk,0.381616,0.852048,0.276208,31.78,-42,22.96,-58
1787066689284,473127,Knee,walk,0.405528,0.81984,0.289872,39.41,-27.23,0.07,-58
1787066689284,473144,Knee,walk,0.371368,0.80032,0.291824,47.53,-4.2,-21.07,-58
1787066689284,473161,Knee,walk,0.278648,0.782752,0.291336,51.59,8.4,-30.52,-58
1787066689284,473191,Knee,walk,0.118584,1.037976,-0.05124,70.35,50.05,-56,-58
1787066689284,473208,Knee,walk,-0.021472,1.416664,-0.155184,54.6,55.58,-27.86,-58
1787066689284,473225,Knee,walk,0.214232,1.733376,0.392352,-37.66,50.47,-12.04,-58
1787066689284,473242,Knee,walk,0.723216,0.552904,1.077504,-26.6,117.04,-26.6,-58
1787066689284,473259,Knee,walk,0.206424,1.140944,0.70028,47.46,150.08,-38.85,-58
1787066689486,473435,Knee,walk,0.055144,1.024312,-0.04636,27.02,6.37,-28.84,-57
1787066689486,473466,Knee,walk,-0.014152,0.959896,-0.040504,22.61,52.29,-22.05,-57
1787066689486,473483,Knee,walk,-0.071248,0.965264,-0.043432,21,50.33,-15.19,-57
1787066689486,473500,Knee,walk,-0.162016,0.98088,-0.041968,20.72,43.47,-14.07,-57
1787066689486,473517,Knee,walk,-0.202032,1.00528,-0.060024,24.08,22.19,-16.59,-57
1787066689486,473548,Knee,walk,-0.032208,1.0004,-0.102968,21.07,2.03,-18.48,-57
1787066689486,473565,Knee,walk,0.074664,1.006256,-0.110288,19.46,7.42,-16.87,-57
1787066689486,473582,Knee,walk,-0.029768,0.999912,-0.098088,17.22,12.95,-15.82,-57
1787066689486,473600,Knee,walk,-0.160064,1.008208,-0.089792,18.62,2.1,-16.31,-57
1787066689486,473617,Knee,walk,-0.185928,0.974536,0.008784,18.48,-18.13,-17.01,-57
1787066689846,473795,Knee,walk,-0.22936,0.993568,-0.137128,11.48,-23.73,-15.54,-57
1787066689846,473826,Knee,walk,-0.184952,0.983808,-0.110288,11.34,-23.45,-16.45,-57
1787066689846,473843,Knee,walk,-0.165432,0.980392,-0.099552,11.83,-23.1,-17.92,-57
1787066689846,473859,Knee,walk,-0.132736,0.976488,-0.061,11.55,-22.96,-18.55,-57
1787066689846,473876,Knee,walk,-0.11956,0.971608,-0.040016,12.81,-24.08,-20.02,-57
1787066689846,473907,Knee,walk,-0.040504,0.996984,-0.042944,13.37,-30.17,-26.25,-57
1787066689846,473924,Knee,walk,0.044896,0.986736,-0.028792,14.49,-34.72,-28.84,-57
1787066689846,473941,Knee,walk,0.144448,0.99796,-0.019032,16.1,-37.52,-34.16,-57
1787066689846,473958,Knee,walk,0.22204,1.006256,0.01464,16.73,-40.53,-42.28,-57
1787066689846,473975,Knee,walk,0.256688,0.991616,-0.000976,18.76,-43.75,-50.68,-57
1787066690208,474153,Knee,walk,-0.70516,1.155096,0.140056,45.99,-54.53,-106.05,-57
1787066690208,474184,Knee,walk,-0.216672,1.184864,0.184464,34.79,-95.55,-91.14,-57
1787066690208,474201,Knee,walk,-0.1342,1.138992,0.161528,29.12,-70.84,-82.88,-57
1787066690208,474218,Knee,walk,-0.107848,1.027728,0.059048,26.18,-54.67,-76.93,-57
1787066690208,474235,Knee,walk,-0.223992,0.950136,-0.094184,23.31,-12.04,-70.21,-57
1787066690208,474266,Knee,walk,-0.528992,0.866688,-0.305,29.89,36.89,-66.08,-57
1787066690208,474283,Knee,walk,-0.718336,0.8296,-0.40748,36.26,48.79,-58.31,-57
1787066690208,474300,Knee,walk,-0.860832,0.774456,-0.44896,37.38,42.14,-47.32,-57
1787066690208,474317,Knee,walk,-0.91988,0.698328,-0.444568,31.64,16.38,-32.97,-57
1787066690208,474334,Knee,walk,-0.887184,0.689056,-0.393816,20.16,-18.55,-14.7,-57
1787066690569,474513,Knee,walk,-0.66368,0.671,-0.245952,-57.61,0.35,145.18,-57
1787066690569,474544,Knee,walk,-0.55388,0.714432,-0.213744,-70.35,-11.27,165.97,-57
1787066690569,474562,Knee,walk,-0.51972,0.778848,-0.191784,-74.2,-23.24,171.71,-57
1787066690569,474578,Knee,walk,-0.438712,0.798856,-0.188856,-75.04,-28.56,172.69,-57
1787066690569,474595,Knee,walk,-0.384056,0.867664,-0.18788,-73.64,-37.66,173.04,-57
1787066690569,474626,Knee,walk,-0.264496,0.948672,-0.146888,-80.43,-50.75,174.65,-57
1787066690569,474643,Knee,walk,-0.164944,0.91988,-0.05124,-79.59,-51.03,173.74,-57
1787066690569,474660,Knee,walk,-0.107848,0.927688,0.050264,-71.96,-48.37,170.03,-57
1787066690569,474677,Knee,walk,-0.05124,0.90768,0.1342,-64.47,-45.43,162.82,-57
1787066690569,474694,Knee,walk,-0.007808,0.919392,0.177144,-50.19,-44.73,145.6,-57
1787066690926,474874,Knee,walk,-0.082472,0.88328,-0.064904,51.87,100.03,-67.97,-62
1787066690926,474905,Knee,walk,-0.235216,1.45912,0.252296,0.07,52.85,-36.33,-62
1787066690926,474922,Knee,walk,0.1708,0.861808,0.808616,-7.35,58.24,-12.88,-62
1787066690926,474939,Knee,walk,0.308904,0.898896,0.711016,28,51.73,-30.31,-62
1787066690926,474956,Knee,walk,-0.016592,1.248304,0.449448,42.49,42.07,-41.23,-62
1787066690926,474987,Knee,walk,-0.17568,0.877424,-0.020496,48.86,11.62,-56.21,-62
1787066690926,475004,Knee,walk,-0.199104,0.843752,-0.099552,50.4,14.63,-44.38,-62
1787066690926,475021,Knee,walk,-0.185928,1.001376,-0.2928,48.16,9.8,-40.11,-62
1787066690926,475038,Knee,walk,-0.216672,1.050176,-0.274256,41.93,4.69,-39.83,-62
1787066690926,475055,Knee,walk,-0.286456,0.963312,-0.16348,40.88,8.12,-39.55,-62
1787066691288,475233,Knee,walk,-0.136152,1.004792,-0.081496,20.09,8.26,-15.12,-62
1787066691288,475264,Knee,walk,-0.05368,1.001864,-0.096624,21.84,-14.35,-15.82,-62
1787066691288,475281,Knee,walk,-0.00976,1.010648,-0.056608,21.56,-17.64,-17.43,-62
1787066691288,475298,Knee,walk,-0.019032,0.994544,-0.05368,22.33,-14.35,-18.48,-62
1787066691288,475315,Knee,walk,-0.066368,0.987224,-0.054656,22.05,-14.35,-18.62,-62
1787066691288,475346,Knee,walk,-0.14884,0.965264,-0.088816,22.68,-23.52,-17.64,-62
1787066691288,475363,Knee,walk,-0.1464,0.971608,-0.100528,22.19,-28.21,-17.22,-62
1787066691288,475380,Knee,walk,-0.111264,0.992592,-0.107848,20.93,-29.26,-17.15,-62
1787066691288,475397,Knee,walk,-0.099064,0.98576,-0.093696,19.39,-27.58,-17.15,-62
1787066691288,475414,Knee,walk,-0.10004,0.99064,-0.11956,19.11,-24.57,-16.52,-62
1787066691650,475594,Knee,walk,-0.144448,0.974048,-0.09516,15.54,-28.35,-18.69,-62
1787066691650,475625,Knee,walk,-0.061,0.976976,-0.093696,15.19,-26.67,-21.28,-62
1787066691650,475642,Knee,walk,-0.028304,0.97112,-0.0976,14.63,-23.59,-22.68,-62
1787066691650,475659,Knee,walk,-0.00488,0.974536,-0.088328,14.28,-20.23,-25.55,-62
1787066691650,475676,Knee,walk,-0.008296,0.975512,-0.081008,14.21,-18.34,-29.12,-62
1787066691650,475707,Knee,walk,-0.030256,0.981368,-0.06344,14.63,-22.4,-34.51,-62
1787066691650,475724,Knee,walk,-0.030744,0.947696,-0.042456,15.89,-26.39,-37.66,-62
1787066691650,475741,Knee,walk,-0.043432,0.935984,-0.040016,17.99,-31.08,-42.91,-62
1787066691650,475758,Knee,walk,-0.074176,0.947696,-0.061,21.42,-33.39,-45.43,-62
1787066691650,475775,Knee,walk,-0.103456,0.966728,-0.087352,23.38,-36.89,-49.42,-62
1787066692010,475954,Knee,walk,-0.369904,1.0614,0.160552,44.45,-63.98,-82.95,-65
1787066692010,475985,Knee,walk,-0.243024,1.052128,0.125416,47.81,-85.89,-85.54,-65
1787066692010,476002,Knee,walk,-0.21716,0.993568,0.101504,44.8,-77.28,-83.3,-65
1787066692010,476019,Knee,walk,-0.282552,0.949648,0.07564,44.1,-57.4,-71.33,-65
1787066692010,476036,Knee,walk,-0.394792,0.956968,-0.03904,50.05,-34.58,-67.76,-65
1787066692010,476067,Knee,walk,-0.639768,0.972584,-0.240096,48.86,-17.22,-59.22,-65
1787066692010,476084,Knee,walk,-0.745176,0.882792,-0.353312,43.89,-15.12,-50.19,-65
1787066692010,476101,Knee,walk,-0.77348,0.831552,-0.433344,44.03,-24.08,-37.94,-65
1787066692010,476118,Knee,walk,-0.803736,0.752496,-0.4636,45.71,-29.26,-24.01,-65
1787066692010,476135,Knee,walk,-0.77592,0.670512,-0.472872,40.39,-40.53,-17.71,-65
1787066692372,476315,Knee,walk,-0.678808,0.601216,-0.299144,-67.27,15.4,133.21,-65
1787066692372,476346,Knee,walk,-0.568032,0.66368,-0.243024,-81.06,26.95,167.58,-65
1787066692372,476363,Knee,walk,-0.542656,0.729072,-0.244976,-90.09,24.15,171.99,-65
1787066692372,476380,Knee,walk,-0.57828,0.781776,-0.24644,-92.61,10.08,171.43,-65
1787066692372,476397,Knee,walk,-0.557784,0.811056,-0.203984,-95.97,-14,173.74,-65
1787066692372,476427,Knee,walk,-0.455792,0.90524,-0.1098,-96.6,-45.78,178.92,-65
1787066692372,476445,Knee,walk,-0.28548,0.91256,-0.038552,-89.46,-61.18,175.77,-65
1787066692372,476461,Knee,walk,-0.128832,0.911584,0.048312,-81.55,-60.41,174.51,-65
1787066692372,476478,Knee,walk,-0.074176,0.925736,0.107848,-75.25,-51.52,170.45,-65
1787066692372,476495,Knee,walk,-0.007808,0.954528,0.142496,-70.63,-51.1,164.71,-65
1787066692729,476675,Knee,walk,0.244,0.977952,0.122,32.06,30.24,-58.24,-65
1787066692729,476706,Knee,walk,0.11468,1.026752,0.376248,10.01,41.3,-35.28,-65
1787066692729,476723,Knee,walk,0.165432,0.9638,0.399672,13.23,44.31,-29.54,-65
1787066692729,476740,Knee,walk,0.218624,1.130208,0.306952,15.82,51.1,-30.03,-65
1787066692729,476757,Knee,walk,0.233264,1.255624,0.137128,21,51.45,-40.67,-65
1787066692729,476788,Knee,walk,0.014152,0.935984,0.016592,37.52,86.66,-54.25,-65
1787066692729,476805,Knee,walk,-0.300608,0.931104,-0.137616,38.85,91.77,-47.39,-65
1787066692729,476822,Knee,walk,-0.496296,0.926224,-0.20496,39.34,59.08,-40.53,-65
1787066692729,476839,Knee,walk,-0.427976,0.99064,-0.200568,40.39,21.28,-39.13,-65
1787066692729,476856,Knee,walk,-0.33428,1.001376,-0.169336,37.1,5.39,-35.77,-65
1787066693092,477034,Knee,walk,-0.18788,0.99064,-0.079544,22.89,2.94,-12.25,-65
1787066693092,477065,Knee,walk,-0.091256,0.999912,-0.111752,24.36,-28.21,-13.65,-65
1787066693092,477082,Knee,walk,0.002928,1.021872,-0.1098,23.1,-28.7,-13.86,-65
1787066693092,477099,Knee,walk,0.013176,0.997472,-0.084912,21.63,-26.25,-14.07,-65
1787066693092,477116,Knee,walk,-0.057096,0.979904,-0.052216,21.56,-25.06,-13.44,-65
1787066693092,477147,Knee,walk,-0.122,0.974536,-0.047824,21.7,-34.72,-13.02,-65
1787066693092,477164,Knee,walk,-0.06588,0.985272,-0.064416,20.58,-38.57,-13.16,-65
1787066693092,477181,Knee,walk,-0.040504,0.987712,-0.083448,18.62,-35,-12.6,-65
1787066693092,477198,Knee,walk,-0.03904,0.99064,-0.0976,17.99,-29.96,-12.32,-65
1787066693092,477215,Knee,walk,-0.05368,0.994544,-0.106384,17.01,-23.1,-11.41,-65
1787066693453,477394,Knee,walk,-0.042944,0.973072,-0.056608,16.87,-40.74,-15.33,-69
1787066693453,477425,Knee,walk,-0.010248,0.992104,-0.108336,17.5,-37.03,-18.76,-69
1787066693453,477442,Knee,walk,-0.014152,0.993568,-0.123952,17.5,-34.02,-21.49,-69
1787066693453,477459,Knee,walk,-0.015128,0.988688,-0.125904,17.43,-33.74,-22.61,-69
1787066693453,477476,Knee,walk,-0.012688,0.975024,-0.119072,17.36,-34.09,-25.69,-69
1787066693453,477507,Knee,walk,0.008784,0.982832,-0.088816,17.29,-38.64,-32.2,-69
1787066693453,477524,Knee,walk,0.059536,0.984784,-0.072224,17.99,-43.47,-34.79,-69
1787066693453,477541,Knee,walk,0.073688,0.98576,-0.048312,17.01,-47.11,-39.48,-69
1787066693453,477558,Knee,walk,0.103456,0.961848,-0.047336,18.27,-49.63,-43.96,-69
1787066693453,477575,Knee,walk,0.114192,0.971608,-0.03172,20.44,-48.79,-49.7,-69
1787066693814,477755,Knee,walk,-0.353312,1.07848,0.139568,53.9,-95.06,-86.38,-69
1787066693814,477785,Knee,walk,-0.206912,1.096536,0.2074,55.51,-110.32,-85.75,-69
1787066693814,477803,Knee,walk,-0.1586,1.048224,0.158112,51.59,-95.55,-81.55,-69
1787066693814,477819,Knee,walk,-0.160064,1.023336,0.135176,48.37,-69.86,-70.35,-69
1787066693814,477836,Knee,walk,-0.207888,0.987712,0.03904,47.6,-52.78,-67.76,-69
1787066693814,477867,Knee,walk,-0.511912,0.964288,-0.275232,54.11,0.35,-53.76,-69
1787066693814,477884,Knee,walk,-0.733464,0.900848,-0.33916,55.02,3.15,-49.28,-69
1787066693814,477901,Knee,walk,-0.867176,0.815448,-0.425536,54.04,-4.55,-36.26,-69
1787066693814,477918,Knee,walk,-0.90768,0.7198,-0.44896,52.5,-26.53,-17.57,-69
1787066693814,477935,Knee,walk,-0.901336,0.637816,-0.442128,52.29,-47.6,-0.98,-69
1787066694175,478115,Knee,walk,-0.58804,0.592432,-0.282552,-47.32,8.96,146.3,-69
1787066694175,478146,Knee,walk,-0.616344,0.676368,-0.294752,-63.14,2.66,167.23,-69
1787066694175,478163,Knee,walk,-0.62464,0.697352,-0.306952,-76.86,-19.39,180.04,-69
1787066694175,478180,Knee,walk,-0.633424,0.748104,-0.336232,-81.55,-57.26,183.96,-69
1787066694175,478197,Knee,walk,-0.591456,0.786168,-0.340624,-82.04,-93.1,191.45,-69
1787066694175,478228,Knee,walk,-0.141032,0.95648,-0.15372,-84.91,-111.86,191.38,-69
1787066694175,478245,Knee,walk,-0.033672,0.945744,-0.08296,-76.09,-92.96,184.87,-69
1787066694175,478262,Knee,walk,0.087352,0.918416,0.03416,-71.61,-77.63,182.42,-69
1787066694175,478279,Knee,walk,0.155184,0.977464,0.09028,-64.12,-50.26,172.83,-69
1787066694175,478296,Knee,walk,0.196664,1.017968,0.1586,-58.31,-40.18,153.65,-69
1787066694538,478476,Knee,walk,-0.196176,1.494744,-0.15128,43.33,60.97,-61.88,-62
1787066694538,478507,Knee,walk,0.229848,0.730048,0.671488,-18.41,46.41,-32.62,-62
1787066694538,478525,Knee,walk,0.286944,0.975512,0.35624,35.7,78.4,-34.09,-62
1787066694538,478541,Knee,walk,-0.017568,1.467904,-0.022448,32.48,56.35,-46.83,-62
1787066694538,478558,Knee,walk,-0.0732,0.975512,0.03416,34.79,47.95,-59.36,-62
1787066694538,478589,Knee,walk,-0.33672,0.937936,-0.203008,41.16,61.74,-43.96,-62
1787066694538,478606,Knee,walk,-0.31476,0.955992,-0.206424,38.92,31.15,-40.04,-62
1787066694538,478623,Knee,walk,-0.341112,0.976976,-0.16836,42,17.36,-42,-62
1787066694538,478640,Knee,walk,-0.389424,0.95648,-0.145912,40.67,9.94,-21.35,-62
1787066694538,478657,Knee,walk,-0.287432,0.947696,-0.10248,34.23,-7.84,-30.73,-62
1787066694896,478836,Knee,walk,0.030744,0.987712,-0.106384,25.2,-33.81,-16.94,-62
1787066694896,478867,Knee,walk,0.010248,1.0004,-0.074176,25.06,-28.14,-18.06,-62
1787066694896,478884,Knee,walk,-0.088328,0.975512,-0.081984,25.69,-25.62,-19.32,-62
1787066694896,478901,Knee,walk,-0.154208,0.978928,-0.102968,24.78,-28.07,-19.18,-62
1787066694896,478918,Knee,walk,-0.217648,0.963312,-0.144936,23.45,-33.04,-17.57,-62
1787066694896,478949,Knee,walk,-0.192272,0.976976,-0.163968,21.35,-42.77,-14.42,-62
1787066694896,478966,Knee,walk,-0.138104,0.982344,-0.13664,20.51,-42.42,-13.58,-62
1787066694896,478983,Knee,walk,-0.12688,0.98576,-0.128344,20.02,-37.94,-13.23,-62
1787066694896,479000,Knee,walk,-0.111264,0.98576,-0.130296,19.53,-36.68,-12.81,-62
1787066694896,479017,Knee,walk,-0.088328,0.97844,-0.135664,17.99,-35.56,-12.81,-62
1787066695257,479197,Knee,walk,-0.074664,0.96624,-0.094184,17.99,-32.13,-20.58,-62
1787066695257,479227,Knee,walk,-0.000488,0.967216,-0.12444,18.13,-27.86,-23.87,-62
1787066695257,479244,Knee,walk,0.004392,0.960872,-0.114192,18.55,-25.48,-25.2,-62
1787066695257,479261,Knee,walk,-0.044896,0.964288,-0.103944,20.02,-23.52,-28.35,-62
1787066695257,479278,Knee,walk,-0.103944,0.961848,-0.103456,21.07,-25.9,-31.29,-62
1787066695257,479309,Knee,walk,-0.15616,0.964288,-0.122976,24.36,-35.42,-36.33,-62
1787066695257,479326,Knee,walk,-0.2074,0.962336,-0.113216,26.81,-42.84,-39.62,-62
1787066695257,479343,Knee,walk,-0.244488,0.964776,-0.115656,29.75,-51.31,-42.84,-62
1787066695257,479360,Knee,walk,-0.245464,0.968192,-0.140056,31.36,-58.31,-45.08,-62
1787066695257,479377,Knee,walk,-0.22448,0.982344,-0.159088,32.48,-60.06,-47.6,-62
1787066695618,479557,Knee,walk,-0.332816,0.97844,0.083936,56.63,-73.36,-81.69,-70
1787066695618,479588,Knee,walk,-0.321592,0.995032,0.011224,62.93,-83.65,-78.26,-70
1787066695618,479605,Knee,walk,-0.326472,0.991616,-0.000488,61.04,-74.13,-70.84,-70
1787066695618,479622,Knee,walk,-0.376736,0.996984,-0.082472,62.79,-63.7,-67.69,-70
1787066695618,479639,Knee,walk,-0.518744,1.020408,-0.1952,63.21,-45.29,-62.23,-70
1787066695618,479670,Knee,walk,-0.711504,0.915488,-0.372344,57.96,-29.89,-51.45,-70
1787066695618,479687,Knee,walk,-0.777872,0.83204,-0.482632,54.81,-31.08,-37.8,-70
1787066695618,479704,Knee,walk,-0.783728,0.730536,-0.518744,51.24,-40.11,-22.61,-70
1787066695618,479721,Knee,walk,-0.717848,0.660752,-0.48312,45.29,-48.3,-6.93,-70
1787066695618,479737,Knee,walk,-0.686616,0.673928,-0.442128,31.15,-43.61,9.87,-70
1787066695979,479917,Knee,walk,-0.603656,0.640256,-0.305488,-84,40.6,143.64,-70
1787066695979,479948,Knee,walk,-0.589992,0.749568,-0.29524,-101.5,38.29,167.72,-70
1787066695979,479965,Knee,walk,-0.632936,0.776408,-0.320128,-104.37,10.08,170.45,-70
1787066695979,479982,Knee,walk,-0.675392,0.776408,-0.324032,-105.42,-27.79,173.95,-70
1787066695979,479999,Knee,walk,-0.559248,0.789584,-0.24644,-106.33,-44.52,177.38,-70
1787066695979,480030,Knee,walk,-0.252784,0.889624,-0.09272,-93.24,-60.97,175.63,-70
1787066695979,480047,Knee,walk,-0.091256,0.880352,-0.000488,-88.27,-53.76,174.79,-70
1787066695979,480064,Knee,walk,-0.003416,0.899384,0.032208,-78.54,-36.33,170.31,-70
1787066695979,480081,Knee,walk,-0.015616,0.948672,0.054168,-68.81,-29.26,158.13,-70
1787066695979,480098,Knee,walk,-0.096624,0.886696,0.107848,-61.04,-36.75,139.58,-70
1787066696340,480279,Knee,walk,0.026352,1.004304,0.687104,-12.25,53.76,-27.44,-70
1787066696340,480310,Knee,walk,0.436272,1.369328,0.252296,34.09,82.39,-35.84,-70
1787066696340,480327,Knee,walk,0.091256,1.154608,0.069784,24.5,103.32,-51.52,-70
1787066696340,480344,Knee,walk,-0.269864,0.775432,-0.0732,42.35,104.72,-56.56,-70
1787066696340,480360,Knee,walk,-0.38308,0.812032,-0.208376,51.03,93.8,-51.24,-70
1787066696340,480391,Knee,walk,-0.581696,0.967704,-0.347456,44.45,33.81,-42.42,-70
1787066696340,480408,Knee,walk,-0.523624,0.962336,-0.218624,41.16,-4.48,-36.75,-70
1787066696340,480425,Knee,walk,-0.437736,0.970144,-0.182024,38.15,-13.51,-32.48,-70
1787066696340,480442,Knee,walk,-0.309392,0.964776,-0.133224,32.48,-26.11,-23.66,-70
1787066696340,480459,Knee,walk,-0.161528,1.01748,-0.061,31.71,-27.51,-20.3,-70
1787066696701,480638,Knee,walk,-0.00976,1.006256,-0.079056,21.28,-18.62,-18.9,-60
1787066696701,480669,Knee,walk,-0.131272,0.963312,-0.037088,21.35,-18.76,-19.11,-60
1787066696701,480686,Knee,walk,-0.149816,0.967704,-0.053192,22.12,-26.74,-18.83,-60
1787066696701,480703,Knee,walk,-0.093208,0.96868,-0.073688,20.58,-32.62,-18.41,-60
1787066696701,480720,Knee,walk,-0.054656,0.974536,-0.090768,19.6,-28,-16.94,-60
1787066696701,480751,Knee,walk,-0.051728,0.9882,-0.110288,17.01,-11.27,-16.45,-60
1787066696701,480768,Knee,walk,-0.085888,0.982832,-0.123464,16.52,-5.39,-16.73,-60
1787066696701,480785,Knee,walk,-0.167872,0.978928,-0.12932,15.96,-5.81,-16.38,-60
1787066696701,480802,Knee,walk,-0.203496,0.976976,-0.143472,15.33,-11.55,-16.59,-60
1787066696701,480819,Knee,walk,-0.185928,0.984296,-0.129808,13.58,-20.16,-15.82,-60
1787066697065,480999,Knee,walk,-0.010248,0.969656,-0.097112,16.24,-25.69,-34.23,-60
1787066697065,481029,Knee,walk,-0.035624,0.96868,-0.071248,20.02,-31.36,-40.39,-60
1787066697065,481047,Knee,walk,-0.040016,0.969168,-0.06588,21.49,-36.54,-44.31,-60
1787066697065,481063,Knee,walk,-0.046848,0.972584,-0.08296,22.82,-39.06,-47.67,-60
1787066697065,481080,Knee,walk,-0.0854,0.967704,-0.120048,24.57,-39.76,-50.82,-60
1787066697065,481111,Knee,walk,-0.172264,0.977952,-0.081984,27.86,-41.58,-55.72,-60
1787066697065,481128,Knee,walk,-0.22936,0.996008,-0.06344,31.5,-42.07,-59.71,-60
1787066697065,481145,Knee,walk,-0.235216,1.016992,-0.044896,29.96,-40.39,-62.37,-60
1787066697065,481162,Knee,walk,-0.22692,1.034072,-0.02684,29.4,-35.91,-63.56,-60
1787066697065,481179,Knee,walk,-0.283528,1.053592,-0.014152,30.59,-27.09,-67.06,-60
1787066697422,481360,Knee,walk,-0.497272,0.99796,-0.152256,57.68,-26.81,-63.49,-60
1787066697422,481391,Knee,walk,-0.686616,0.9516,-0.401136,53.62,-17.57,-44.73,-60
1787066697422,481408,Knee,walk,-0.771528,0.865224,-0.42456,52.15,-19.18,-38.5,-60
1787066697422,481425,Knee,walk,-0.842288,0.754936,-0.462136,48.86,-27.09,-21.28,-60
1787066697422,481442,Knee,walk,-0.905728,0.628056,-0.458232,49.49,-33.88,-3.85,-60
1787066697422,481473,Knee,walk,-0.939888,0.61488,-0.38796,41.58,-55.51,26.53,-60
1787066697422,481490,Knee,walk,-0.909632,0.61244,-0.300608,40.46,-67.97,46.41,-60
1787066697422,481507,Knee,walk,-0.815936,0.639768,-0.262056,26.46,-76.44,75.39,-60
1787066697422,481524,Knee,walk,-0.778848,0.553392,-0.250344,14.28,-69.37,98.14,-60
1787066697422,481541,Knee,walk,-0.71736,0.5124,-0.24888,9.66,-65.24,116.69,-60
1787066697785,481720,Knee,walk,-0.395768,0.81496,-0.279136,-67.06,-127.89,203.42,-60
1787066697785,481750,Knee,walk,-0.022448,1.012112,-0.169336,-66.57,-127.47,190.61,-60
1787066697785,481768,Knee,walk,0.191296,1.004304,-0.110288,-67.27,-94.85,176.89,-60
1787066697785,481784,Knee,walk,0.261568,1.006744,-0.032208,-64.4,-76.37,169.19,-60
1787066697785,481801,Knee,walk,0.263032,1.059936,0.013664,-67.41,-51.94,149.59,-60
1787066697785,481832,Knee,walk,0.313784,0.951112,0.196664,-67.9,-34.44,110.18,-60
1787066697785,481849,Knee,walk,0.392352,0.88816,0.34404,-60.34,-24.08,77.56,-60
1787066697785,481866,Knee,walk,0.466528,0.806176,0.494344,-50.96,-8.82,45.99,-60
1787066697785,481883,Knee,walk,0.481168,0.751032,0.574864,-34.02,6.16,17.78,-60
1787066697785,481900,Knee,walk,0.49044,0.740296,0.59048,-24.71,23.31,-6.86,-60
1787066698145,482081,Knee,walk,0.003416,0.860832,0.000488,49.28,20.65,-64.05,-73
1787066698145,482112,Knee,walk,0.059536,0.999912,-0.121512,38.22,21,-70.14,-73
1787066698145,482129,Knee,walk,-0.230824,0.840336,-0.233752,38.29,26.95,-59.29,-73
1787066698145,482146,Knee,walk,-0.347456,0.858392,-0.295728,37.73,-12.39,-42.91,-73
1787066698145,482163,Knee,walk,-0.403576,0.956968,-0.273768,35.21,-32.69,-38.57,-73
1787066698145,482194,Knee,walk,-0.404552,0.941352,-0.290848,25.76,-44.73,-34.02,-73
1787066698145,482211,Knee,walk,-0.36112,0.964776,-0.276696,21.98,-38.99,-31.99,-73
1787066698145,482228,Knee,walk,-0.299632,0.996984,-0.195688,17.36,-19.95,-28,-73
1787066698145,482245,Knee,walk,-0.27084,0.991616,-0.133224,14.98,-4.34,-23.87,-73
1787066698145,482262,Knee,walk,-0.194712,0.984784,-0.085888,13.23,1.68,-19.11,-73
1787066698504,482440,Knee,walk,-0.06344,0.9882,-0.005368,1.68,2.87,-7.91,-73
1787066698504,482471,Knee,walk,-0.042456,0.998936,-0.016104,3.08,-9.8,-9.17,-73
1787066698504,482488,Knee,walk,-0.03416,0.993568,-0.027816,3.01,-9.45,-9.94,-73
1787066698504,482505,Knee,walk,-0.03172,0.986248,-0.022936,4.41,-6.79,-11.83,-73
1787066698504,482522,Knee,walk,-0.04392,0.987224,-0.011224,5.46,-4.34,-13.23,-73
1787066698504,482553,Knee,walk,-0.067344,0.988688,-0.038552,4.9,4.41,-16.03,-73
1787066698504,482570,Knee,walk,-0.096624,0.972584,-0.041968,6.02,4.2,-18.06,-73
1787066698504,482587,Knee,walk,-0.13908,0.987712,-0.067344,7,-1.75,-18.13,-73
1787066698504,482604,Knee,walk,-0.167384,0.989176,-0.10004,7.42,-11.34,-17.92,-73
1787066698504,482622,Knee,walk,-0.147376,0.986736,-0.11468,7.63,-22.47,-17.92,-73
1787066698870,482799,Knee,walk,0.006344,0.984784,-0.038064,14.14,-34.44,-37.66,-73
1787066698870,482830,Knee,walk,0.113216,0.97844,-0.05612,15.19,-26.67,-46.2,-73
1787066698870,482847,Knee,walk,0.138592,0.978928,-0.047824,14.35,-28.07,-52.08,-73
1787066698870,482864,Knee,walk,0.156648,0.974536,-0.010248,14.84,-33.67,-57.26,-73
1787066698870,482881,Knee,walk,0.183,0.970632,0.05124,18.06,-35.77,-59.92,-73
1787066698870,482912,Knee,walk,0.17568,0.967704,0.249856,23.45,-25.41,-70.7,-73
1787066698870,482929,Knee,walk,0.00488,0.955992,0.250344,26.95,-18.83,-74.83,-73
1787066698870,482946,Knee,walk,-0.257664,0.981856,0.193736,33.11,-7.07,-81.69,-73
1787066698870,482963,Knee,walk,-0.523136,1.031144,0.189832,40.6,-8.12,-85.19,-73
1787066698870,482980,Knee,walk,-0.645624,1.125816,0.223016,49.77,-23.1,-89.88,-73
1787066699226,483158,Knee,walk,-1.006744,0.608536,-0.403088,70.84,-77.77,-2.52,-58
1787066699226,483189,Knee,walk,-0.893528,0.5612,-0.328912,61.88,-122.08,28.63,-58
1787066699226,483206,Knee,walk,-0.76128,0.616344,-0.281576,50.33,-130.2,50.96,-58
1787066699226,483223,Knee,walk,-0.67588,0.639768,-0.281576,33.32,-119.7,71.68,-58
1787066699226,483240,Knee,walk,-0.522648,0.63928,-0.25376,26.39,-108.15,78.47,-58
1787066699226,483271,Knee,walk,-0.429928,0.606096,-0.13176,7.77,-44.66,100.24,-58
1787066699226,483288,Knee,walk,-0.447008,0.642696,-0.133712,0.7,-29.82,110.53,-58
1787066699226,483305,Knee,walk,-0.5124,0.666608,-0.172752,-13.51,-5.67,115.22,-58
1787066699226,483322,Knee,walk,-0.598776,0.703208,-0.2196,-25.13,1.89,123.13,-58
1787066699226,483339,Knee,walk,-0.67344,0.712968,-0.220576,-38.64,-6.58,134.89,-58
1787066699587,483519,Knee,walk,0.125416,1.018944,0.111264,-70.91,-34.16,133.56,-58
1787066699587,483551,Knee,walk,0.227408,0.938912,0.215208,-55.23,-36.19,102.76,-58
1787066699587,483568,Knee,walk,0.318176,0.862296,0.308904,-39.76,-36.26,76.58,-58
1787066699587,483585,Knee,walk,0.460672,0.812032,0.418216,-23.87,-31.01,46.9,-58
1787066699587,483602,Knee,walk,0.48556,0.798368,0.469944,-6.86,-16.1,16.45,-58
1787066699587,483633,Knee,walk,0.363072,0.776408,0.447496,18.83,1.26,-16.73,-58
1787066699587,483649,Knee,walk,0.33916,0.786656,0.38064,33.6,12.53,-35.21,-58
1787066699587,483666,Knee,walk,0.282064,0.791048,0.3294,40.53,27.51,-54.74,-58
1787066699587,483683,Knee,walk,0.161528,0.857416,0.12444,55.3,34.79,-61.88,-58
1787066699587,483700,Knee,walk,-0.061976,1.274656,-0.043432,49,45.08,-54.25,-58
1787066699946,483878,Knee,walk,-0.413336,0.965752,-0.0854,36.96,14.07,-30.1,-58
1787066699946,483909,Knee,walk,-0.321592,0.976,-0.09028,34.02,-13.16,-22.12,-58
1787066699946,483926,Knee,walk,-0.230336,1.01504,-0.11468,34.44,-19.81,-20.93,-58
1787066699946,483943,Knee,walk,-0.1586,0.998448,-0.10248,33.53,-26.04,-19.6,-58
1787066699946,483960,Knee,walk,-0.099552,0.982832,-0.077592,31.78,-28.07,-17.43,-58
1787066699946,483991,Knee,walk,0.094184,1.01992,-0.037576,28.49,-17.08,-15.96,-58
1787066699946,484008,Knee,walk,0.097112,1.016016,-0.071736,25.41,-6.65,-17.29,-58
1787066699946,484025,Knee,walk,0.005856,0.988688,-0.077592,25.34,-5.04,-17.5,-58
1787066699946,484042,Knee,walk,-0.118584,0.976976,-0.096624,26.53,-12.88,-17.71,-58
1787066699946,484059,Knee,walk,-0.113216,1.014552,-0.150792,25.62,-26.39,-18.34,-58
1787066700309,484239,Knee,walk,-0.13908,0.9882,-0.069296,9.03,20.37,-10.71,-56
1787066700309,484269,Knee,walk,-0.218136,0.98088,-0.10248,10.22,13.02,-12.18,-56
1787066700309,484287,Knee,walk,-0.244976,1.0004,-0.127368,10.01,3.64,-12.32,-56
1787066700309,484304,Knee,walk,-0.238144,0.98576,-0.12688,9.38,-6.51,-11.62,-56
1787066700309,484320,Knee,walk,-0.20984,0.982344,-0.130296,10.5,-13.51,-11.34,-56
1787066700309,484351,Knee,walk,-0.1586,0.980392,-0.122,10.64,-16.03,-11.83,-56
1787066700309,484368,Knee,walk,-0.106872,0.984296,-0.120536,10.22,-17.15,-12.39,-56
1787066700309,484385,Knee,walk,-0.081008,0.98088,-0.114192,10.15,-18.34,-14.07,-56
1787066700309,484402,Knee,walk,-0.03416,0.979416,-0.10004,10.5,-18.83,-15.4,-56
1787066700309,484419,Knee,walk,0.006344,0.982344,-0.085888,10.22,-17.43,-18.06,-56
1787066700668,484598,Knee,walk,-0.082472,1.016016,-0.005856,21.91,-27.65,-54.11,-56
1787066700668,484629,Knee,walk,-0.235216,0.989664,0.013664,22.75,-16.38,-60.13,-56
1787066700668,484646,Knee,walk,-0.314272,1.024312,-0.013176,25.06,-14.98,-62.09,-56
1787066700668,484663,Knee,walk,-0.333792,1.061888,-0.040016,24.5,-18.27,-62.65,-56
1787066700668,484680,Knee,walk,-0.299632,1.036024,-0.044408,24.78,-20.44,-63.77,-56
1787066700668,484711,Knee,walk,-0.250832,0.978928,0.013664,26.39,-22.19,-65.94,-56
1787066700668,484728,Knee,walk,-0.25376,0.948184,0.065392,31.08,-23.66,-70.63,-56
1787066700668,484745,Knee,walk,-0.252784,0.9516,0.0854,38.15,-29.47,-77.63,-56
1787066700668,484762,Knee,walk,-0.255224,0.98332,0.085888,41.23,-33.74,-82.88,-56
1787066700668,484779,Knee,walk,-0.24888,1.029192,0.06344,45.5,-44.59,-84.35,-56
1787066701084,485013,Knee,walk,-0.718824,0.66612,-0.377712,-35.63,-33.46,48.72,-56
1787066701084,485044,Knee,walk,-0.564616,0.587064,-0.30744,-53.55,-9.31,77.28,-56
1787066701084,485061,Knee,walk,-0.55632,0.587064,-0.297192,-61.32,13.93,92.82,-56
1787066701084,485078,Knee,walk,-0.610488,0.619272,-0.321104,-69.65,35.42,105.63,-56
1787066701084,485095,Knee,walk,-0.685152,0.630008,-0.33428,-79.45,42.42,114.66,-56
1787066701084,485126,Knee,walk,-0.728096,0.598288,-0.302072,-97.02,33.32,133.21,-56
1787066701084,485143,Knee,walk,-0.733464,0.59536,-0.283528,-104.44,22.54,148.96,-56
1787066701084,485160,Knee,walk,-0.730048,0.610488,-0.275232,-112.77,4.69,163.24,-56
1787066701084,485177,Knee,walk,-0.678808,0.625128,-0.271816,-118.93,-7.14,169.33,-56
1787066701084,485194,Knee,walk,-0.596824,0.679296,-0.249368,-117.25,-33.81,175.91,-56
1787066701442,485374,Knee,walk,0.660752,0.841312,0.477752,-20.86,2.17,41.16,-56
1787066701442,485405,Knee,walk,0.537288,0.670024,0.611464,7.28,65.38,-22.96,-56
1787066701442,485422,Knee,walk,0.416752,0.704184,0.413824,31.08,75.81,-37.24,-56
1787066701442,485439,Knee,walk,0.227896,0.797392,0.144448,48.93,92.26,-62.72,-56
1787066701442,485456,Knee,walk,-0.142496,1.13948,0.0244,48.72,100.31,-63.63,-56
1787066701442,485487,Knee,walk,0.2562,1.060912,0.477264,6.93,70.07,-11.27,-56
1787066701442,485504,Knee,walk,0.4392,0.995032,0.597312,28.14,96.18,-22.96,-56
1787066701442,485521,Knee,walk,0.026352,1.372744,0.258152,47.6,77.35,-34.09,-56
1787066701442,485538,Knee,walk,0.000488,1.305888,0.123464,43.19,65.8,-49.49,-56
1787066701442,485555,Knee,walk,-0.08296,0.991128,0.107848,48.72,66.78,-52.57,-56
1787066701811,485732,Knee,walk,0.093696,0.994056,-0.1342,33.53,-20.79,-22.68,-58
1787066701811,485763,Knee,walk,0.099552,0.977464,-0.106384,29.89,-17.5,-23.17,-58
1787066701811,485780,Knee,walk,0.011712,1.001864,-0.137128,29.19,-9.59,-23.59,-58
1787066701811,485797,Knee,walk,-0.028304,1.009672,-0.148352,25.27,-7.77,-24.64,-58
1787066701811,485814,Knee,walk,-0.090768,0.998448,-0.170312,24.01,-3.57,-24.29,-58
1787066701811,485845,Knee,walk,-0.192272,0.987224,-0.11224,20.23,-7.35,-23.45,-58
1787066701811,485862,Knee,walk,-0.213744,0.976488,-0.067344,19.18,-13.23,-22.89,-58
1787066701811,485879,Knee,walk,-0.168848,0.968192,-0.071248,18.97,-18.27,-21.42,-58
1787066701811,485896,Knee,walk,-0.140544,0.96868,-0.079056,18.83,-18.34,-19.39,-58
1787066701811,485913,Knee,walk,-0.09516,0.976,-0.081984,17.64,-17.22,-18.55,-58
1787066702164,486093,Knee,walk,-0.08052,0.976,-0.050752,16.24,-23.1,-24.85,-58
1787066702164,486124,Knee,walk,-0.10248,0.966728,-0.081496,15.82,-16.87,-26.32,-58
1787066702164,486141,Knee,walk,-0.113704,0.955992,-0.093208,15.89,-14.42,-27.65,-58
1787066702164,486158,Knee,walk,-0.135664,0.963312,-0.10736,15.96,-9.52,-30.17,-58
1787066702164,486175,Knee,walk,-0.169336,0.97112,-0.123464,14.77,-9.52,-30.17,-58
1787066702164,486206,Knee,walk,-0.132736,0.94184,-0.143472,12.25,-11.97,-30.94,-58
1787066702164,486222,Knee,walk,-0.114192,0.954528,-0.113216,14.07,-11.69,-33.81,-58
1787066702164,486239,Knee,walk,-0.159576,0.973072,-0.09272,14.91,-11.34,-35.84,-58
1787066702164,486256,Knee,walk,-0.186904,0.95404,-0.101504,16.73,-15.89,-38.36,-58
1787066702164,486273,Knee,walk,-0.213256,0.951112,-0.10248,17.57,-19.11,-41.58,-58
1787066702523,486452,Knee,walk,-0.311344,1.036512,0.169336,35.98,-11.69,-86.73,-58
1787066702523,486483,Knee,walk,-0.370392,1.062864,0.11468,54.18,-60.55,-91.56,-58
1787066702523,486500,Knee,walk,-0.33672,1.048712,0.094672,53.83,-73.01,-91.98,-58
1787066702523,486517,Knee,walk,-0.280112,1.016992,0.06588,54.32,-86.1,-87.85,-58
1787066702523,486534,Knee,walk,-0.191296,1.037488,0.025376,50.82,-83.09,-78.68,-58
1787066702523,486565,Knee,walk,-0.240096,1.08336,-0.192272,40.6,-36.89,-66.15,-58
1787066702523,486582,Knee,walk,-0.350384,1.013088,-0.335256,35.14,-5.25,-64.47,-58
1787066702523,486599,Knee,walk,-0.493856,0.928664,-0.432856,33.25,22.89,-58.59,-58
1787066702523,486616,Knee,walk,-0.669048,0.830088,-0.52704,27.3,34.3,-46.55,-58
1787066702523,486633,Knee,walk,-0.746152,0.764696,-0.556808,25.06,30.59,-31.22,-58
1787066702887,486813,Knee,walk,-0.661728,0.596336,-0.345992,-91.7,52.15,135.8,-62
1787066702887,486843,Knee,walk,-0.693936,0.63928,-0.304512,-110.95,52.43,158.97,-62
1787066702887,486861,Knee,walk,-0.699792,0.669048,-0.28792,-122.64,39.27,173.04,-62
1787066702887,486877,Knee,walk,-0.686128,0.705648,-0.26596,-125.23,23.87,175.98,-62
1787066702887,486894,Knee,walk,-0.611952,0.72956,-0.213256,-125.65,-2.66,179.06,-62
1787066702887,486925,Knee,walk,-0.452864,0.835456,-0.158112,-119.77,-28.84,182.21,-62
1787066702887,486942,Knee,walk,-0.27328,0.922808,-0.12688,-112.7,-38.22,180.81,-62
1787066702887,486959,Knee,walk,-0.120536,0.91012,-0.055144,-106.75,-35.35,177.87,-62
1787066702887,486976,Knee,walk,-0.079544,0.903288,0.015616,-99.96,-29.68,171.85,-62
1787066702887,486993,Knee,walk,-0.07076,0.887672,0.094184,-87.5,-36.47,155.12,-62
1787066703247,487174,Knee,walk,0.510448,0.899872,0.744688,32.9,70.42,-39.9,-62
1787066703247,487205,Knee,walk,-0.216672,1.297104,-0.054656,42.07,54.32,-47.25,-62
1787066703247,487222,Knee,walk,-0.104432,1.013576,-0.061488,38.85,36.61,-56.14,-62
1787066703247,487239,Knee,walk,-0.1708,0.889136,-0.104432,40.32,52.29,-47.11,-62
1787066703247,487256,Knee,walk,-0.345504,0.886696,-0.177632,40.25,44.66,-40.53,-62
1787066703247,487287,Knee,walk,-0.253272,1.035048,-0.164456,42.91,10.15,-44.87,-62
1787066703247,487304,Knee,walk,-0.232288,1.032608,-0.168848,20.58,12.88,-38.15,-62
1787066703247,487321,Knee,walk,-0.205936,0.957944,-0.123952,31.71,12.04,-35.21,-62
1787066703247,487338,Knee,walk,-0.325008,0.977952,-0.153232,33.95,11.55,-30.73,-62
1787066703247,487355,Knee,walk,-0.401624,0.999912,-0.167384,31.5,3.22,-26.11,-62
1787066703610,487535,Knee,walk,0.16104,0.979416,0.015128,17.64,15.12,-22.89,-62
1787066703610,487565,Knee,walk,-0.003904,0.975024,-0.010248,18.55,22.68,-21.77,-62
1787066703610,487582,Knee,walk,-0.072712,0.968192,-0.035136,17.22,18.76,-21.98,-62
1787066703610,487599,Knee,walk,-0.094184,0.974048,-0.07808,16.45,18.97,-21.77,-62
1787066703610,487616,Knee,walk,-0.1098,0.980392,-0.094184,14.14,23.59,-21.07,-62
1787066703610,487647,Knee,walk,-0.30256,0.99064,-0.0976,13.51,24.36,-21.84,-62
1787066703610,487664,Knee,walk,-0.344528,0.978928,-0.10492,14,16.31,-22.12,-62
1787066703610,487681,Knee,walk,-0.34892,0.976,-0.11224,13.65,5.39,-22.54,-62
1787066703610,487699,Knee,walk,-0.282552,0.969168,-0.115656,13.72,0.42,-22.68,-62
1787066703610,487716,Knee,walk,-0.2196,0.987224,-0.12688,14.49,-8.54,-22.19,-62
1787066703969,487895,Knee,walk,-0.015128,0.9516,-0.025376,15.96,-22.75,-45.36,-62
1787066703969,487926,Knee,walk,0.028792,0.998936,-0.027328,18.2,-19.81,-54.32,-62
1787066703969,487943,Knee,walk,-0.012688,0.98332,-0.067832,18.62,-14.28,-62.44,-62
1787066703969,487960,Knee,walk,-0.111752,0.977952,-0.058072,21.42,-15.68,-69.3,-62
1787066703969,487977,Knee,walk,-0.206424,0.973072,-0.025376,24.5,-18.97,-74.41,-62
1787066703969,488008,Knee,walk,-0.28304,1.038952,0.055632,26.46,-17.64,-80.85,-62
1787066703969,488025,Knee,walk,-0.36112,1.130208,0.11224,28.84,-14.14,-85.82,-62
1787066703969,488042,Knee,walk,-0.394792,1.1712,0.164944,33.46,-19.46,-90.65,-62
1787066703969,488059,Knee,walk,-0.448472,1.189744,0.191296,34.93,-25.83,-95.9,-62
1787066703969,488076,Knee,walk,-0.447496,1.102392,0.19276,38.5,-43.33,-98,-62
1787066704328,488255,Knee,walk,-0.813008,0.692472,-0.45384,32.9,-12.11,-26.25,-52
1787066704328,488285,Knee,walk,-0.671,0.68808,-0.420168,14.07,-25.83,9.17,-52
1787066704328,488302,Knee,walk,-0.544608,0.722728,-0.3538,1.12,-20.93,19.81,-52
1787066704328,488319,Knee,walk,-0.48556,0.674904,-0.306952,-14.07,6.65,41.02,-52
1787066704328,488336,Knee,walk,-0.535824,0.606584,-0.289384,-21,33.95,58.94,-52
1787066704328,488367,Knee,walk,-0.711504,0.674904,-0.31964,-28.35,48.65,81.9,-52
1787066704328,488384,Knee,walk,-0.775432,0.671976,-0.29524,-38.85,40.88,97.23,-52
1787066704328,488401,Knee,walk,-0.787632,0.65148,-0.282064,-47.18,28.14,112,-52
1787066704328,488418,Knee,walk,-0.789584,0.6588,-0.284992,-49.84,11.97,123.83,-52
1787066704328,488435,Knee,walk,-0.750056,0.677832,-0.264984,-56.42,3.08,130.34,-52
1787066704691,488615,Knee,walk,0.033184,0.954528,0.007808,-87.64,-58.87,175.98,-52
1787066704691,488647,Knee,walk,0.199592,0.944768,0.164456,-78.61,-14.21,129.08,-52
1787066704691,488664,Knee,walk,0.238144,0.923296,0.20496,-71.4,-4.41,95.55,-52
1787066704691,488681,Knee,walk,0.335256,0.903776,0.32696,-57.82,-0.07,79.03,-52
1787066704691,488698,Knee,walk,0.359656,0.78812,0.455792,-45.43,12.95,46.27,-52
1787066704691,488729,Knee,walk,0.338184,0.66368,0.50752,-5.67,25.76,-4.34,-52
1787066704691,488746,Knee,walk,0.325496,0.698816,0.449936,18.83,35.7,-32.34,-52
1787066704691,488763,Knee,walk,0.284992,0.84668,0.289384,45.43,61.95,-67.27,-52
1787066704691,488780,Knee,walk,-0.31232,1.426424,0.278648,45.08,59.71,-59.99,-52
1787066704691,488797,Knee,walk,-0.252296,1.531344,0.386496,11.97,14,-22.26,-52
1787066705053,488973,Knee,walk,-0.07808,0.997472,-0.016592,31.36,7.42,-28.14,-52
1787066705053,489005,Knee,walk,0.022936,0.95892,-0.07076,30.1,35.49,-27.44,-52
1787066705053,489022,Knee,walk,0.005368,0.966728,-0.084424,28.98,38.01,-23.52,-52
1787066705053,489039,Knee,walk,-0.008784,0.99552,-0.099552,26.6,33.74,-21.91,-52
1787066705053,489056,Knee,walk,0.007808,0.99796,-0.08052,24.29,27.72,-20.51,-52
1787066705053,489087,Knee,walk,-0.1342,0.985272,-0.081984,26.25,12.6,-21.14,-52
1787066705053,489104,Knee,walk,-0.18544,1.003816,-0.105408,26.88,-5.6,-21.14,-52
1787066705053,489121,Knee,walk,-0.15372,0.981368,-0.100528,27.02,-18.48,-23.1,-52
1787066705053,489138,Knee,walk,-0.135176,0.992104,-0.115656,27.65,-20.3,-23.52,-52
1787066705053,489155,Knee,walk,-0.162016,0.996984,-0.097112,25.69,-20.72,-21.84,-52
1787066705411,489333,Knee,walk,-0.179584,0.982832,-0.122,14.21,-16.38,-18.83,-57
1787066705411,489364,Knee,walk,-0.142008,0.979904,-0.096624,15.19,-27.79,-21,-57
1787066705411,489381,Knee,walk,-0.113216,0.991128,-0.07564,16.24,-29.12,-22.19,-57
1787066705411,489398,Knee,walk,-0.104432,0.970632,-0.037576,17.01,-30.66,-24.43,-57
1787066705411,489415,Knee,walk,-0.075152,0.957456,-0.032208,18.69,-30.66,-27.02,-57
1787066705411,489446,Knee,walk,-0.012688,0.978928,-0.048312,18.48,-22.89,-31.85,-57
1787066705411,489463,Knee,walk,-0.008296,0.969168,-0.060024,18.97,-17.36,-34.93,-57
1787066705411,489479,Knee,walk,-0.008784,0.96136,-0.072224,20.09,-15.61,-38.29,-57
1787066705411,489496,Knee,walk,-0.012688,0.957456,-0.07076,22.12,-15.33,-42.35,-57
1787066705411,489513,Knee,walk,-0.030256,0.957944,-0.075152,23.59,-16.24,-46.55,-57
1787066705772,489694,Knee,walk,-0.321104,0.99552,0.153232,44.45,-51.73,-82.6,-57
1787066705772,489725,Knee,walk,-0.21228,1.037488,0.094184,49.07,-70.84,-86.1,-57
1787066705772,489742,Knee,walk,-0.181048,1.027728,0.090768,49.49,-71.54,-87.92,-57
1787066705772,489759,Knee,walk,-0.213744,1.013088,0.081008,52.99,-67.13,-80.36,-57
1787066705772,489776,Knee,walk,-0.2806,1.025776,0.021472,54.53,-55.44,-76.72,-57
1787066705772,489807,Knee,walk,-0.477264,1.038464,-0.245464,52.29,-9.31,-60.27,-57
1787066705772,489824,Knee,walk,-0.631472,0.960872,-0.365512,54.39,-4.06,-57.61,-57
1787066705772,489841,Knee,walk,-0.737368,0.86376,-0.444568,53.55,-3.57,-48.37,-57
1787066705772,489858,Knee,walk,-0.869128,0.782752,-0.506544,51.94,-3.92,-33.25,-57
1787066705772,489875,Knee,walk,-0.928664,0.659288,-0.50264,46.97,-25.48,-15.33,-57
1787066706134,490055,Knee,walk,-0.739808,0.570472,-0.293776,-62.44,21.49,145.81,-57
1787066706134,490086,Knee,walk,-0.744688,0.600728,-0.311832,-76.72,1.54,172.06,-57
1787066706134,490103,Knee,walk,-0.72956,0.63684,-0.328912,-86.31,-24.99,184.87,-57
1787066706134,490120,Knee,walk,-0.70272,0.638792,-0.332816,-90.93,-56.7,189.35,-57
1787066706134,490137,Knee,walk,-0.556808,0.676368,-0.313784,-90.51,-69.44,191.03,-57
1787066706134,490167,Knee,walk,-0.368928,0.884744,-0.198616,-94.92,-95.2,198.03,-57
1787066706134,490184,Knee,walk,-0.183488,0.919392,-0.142008,-95.27,-99.19,195.86,-57
1787066706134,490201,Knee,walk,0.050264,0.96136,0.026352,-90.3,-91.28,191.59,-57
1787066706134,490218,Knee,walk,0.181536,0.942816,0.103944,-77.91,-68.67,177.87,-57
1787066706134,490235,Knee,walk,0.223016,0.984784,0.11468,-68.25,-49.91,157.43,-57
1787066706497,490418,Knee,walk,0.175192,0.955504,0.510936,17.36,37.66,-28.21,-68
1787066706497,490449,Knee,walk,0.214232,1.32736,0.14884,44.31,43.61,-46.69,-68
1787066706497,490467,Knee,walk,0.093696,1.071648,0.03904,32.48,51.38,-53.27,-68
1787066706497,490484,Knee,walk,-0.07564,0.84668,-0.045384,40.67,69.86,-54.6,-68
1787066706497,490501,Knee,walk,-0.251808,0.955992,-0.202032,41.86,68.67,-45.99,-68
1787066706497,490532,Knee,walk,-0.421144,0.993568,-0.192272,42.21,44.38,-47.11,-68
1787066706497,490549,Knee,walk,-0.506056,0.898896,-0.183976,44.1,21,-42.56,-68
1787066706497,490566,Knee,walk,-0.443104,0.955992,-0.180072,38.78,-8.12,-32.48,-68
1787066706497,490583,Knee,walk,-0.347456,0.985272,-0.105408,34.86,-20.3,-27.79,-68
1787066706497,490600,Knee,walk,-0.150304,0.996496,-0.07564,33.67,-15.33,-25.69,-68
1787066706858,490779,Knee,walk,0.042944,0.998936,-0.067832,26.25,-29.89,-19.6,-68
1787066706858,490810,Knee,walk,-0.043432,0.99308,-0.10004,23.66,-11.34,-19.95,-68
1787066706858,490827,Knee,walk,-0.145424,0.969168,-0.115168,22.75,-10.78,-19.25,-68
1787066706858,490844,Knee,walk,-0.19276,0.960872,-0.138104,21.7,-16.38,-18.62,-68
1787066706858,490860,Knee,walk,-0.195688,0.980392,-0.15616,20.3,-21.42,-17.15,-68
1787066706858,490891,Knee,walk,-0.149328,0.989664,-0.162016,17.08,-21.35,-15.05,-68
1787066706858,490908,Knee,walk,-0.155672,0.977952,-0.15616,16.38,-15.4,-14.42,-68
1787066706858,490925,Knee,walk,-0.197152,0.979416,-0.16348,16.59,-12.81,-13.79,-68
1787066706858,490942,Knee,walk,-0.213256,0.980392,-0.160064,15.19,-16.17,-13.02,-68
1787066706858,490959,Knee,walk,-0.218136,0.979416,-0.157624,14.77,-22.12,-11.97,-68
1787066707218,491139,Knee,walk,0.040016,0.981368,-0.057096,17.15,-23.59,-31.99,-68
1787066707218,491170,Knee,walk,0.066856,0.97844,-0.06344,21.49,-27.37,-36.68,-68
1787066707218,491187,Knee,walk,0.079056,0.983808,-0.083448,22.82,-30.24,-41.09,-68
1787066707218,491204,Knee,walk,0.079056,0.981856,-0.087352,23.8,-32.13,-43.33,-68
1787066707218,491221,Knee,walk,0.042944,0.989664,-0.093696,26.04,-37.24,-49.21,-68
1787066707218,491252,Knee,walk,-0.0244,0.99552,-0.069784,29.96,-49.77,-57.54,-68
1787066707218,491269,Knee,walk,-0.09272,0.98576,0.033184,32.34,-52.71,-59.99,-68
1787066707218,491286,Knee,walk,-0.188368,0.97356,0.040992,36.68,-52.85,-66.22,-68
1787066707218,491303,Knee,walk,-0.240096,1.021872,0.044896,38.29,-50.12,-69.93,-68
1787066707218,491320,Knee,walk,-0.254248,1.047736,0.011712,38.57,-40.46,-71.68,-68
1787066707578,491500,Knee,walk,-0.465552,0.989664,-0.262544,53.9,-9.59,-61.67,-68
1787066707578,491530,Knee,walk,-0.773968,0.864736,-0.398696,55.09,-4.48,-50.33,-68
1787066707578,491548,Knee,walk,-0.879864,0.791536,-0.44408,54.88,-12.11,-34.23,-68
1787066707578,491564,Knee,walk,-0.928664,0.7442,-0.460672,36.96,-30.03,-15.61,-68
1787066707578,491581,Knee,walk,-0.98332,0.640744,-0.435296,52.99,-43.4,-7.14,-68
1787066707578,491612,Knee,walk,-0.97356,0.588528,-0.263032,42.07,-82.18,36.4,-68
1787066707578,491629,Knee,walk,-0.938424,0.596824,-0.206424,37.94,-93.38,48.44,-68
1787066707578,491646,Knee,walk,-0.8418,0.633912,-0.226432,22.26,-97.02,77.49,-68
1787066707578,491663,Knee,walk,-0.722728,0.58316,-0.217648,10.36,-86.73,99.54,-68
1787066707578,491680,Knee,walk,-0.636352,0.513864,-0.194224,-1.19,-67.69,118.79,-68
1787066707940,491860,Knee,walk,-0.279624,0.793488,-0.250344,-86.38,-127.96,207.69,-53
1787066707940,491891,Knee,walk,0.014152,0.924272,-0.179584,-82.53,-118.16,200.9,-53
1787066707940,491908,Knee,walk,0.189344,1.011624,-0.113704,-78.96,-97.37,188.72,-53
1787066707940,491925,Knee,walk,0.250832,1.052616,-0.055632,-79.8,-76.51,169.75,-53
1787066707940,491942,Knee,walk,0.335744,1.048224,0.00976,-80.85,-58.24,141.89,-53
1787066707940,491973,Knee,walk,0.6832,0.845704,0.474824,-63.21,-18.41,77.7,-53
1787066707940,491990,Knee,walk,0.72468,0.78568,0.584136,-45.92,15.75,34.23,-53
1787066707940,492007,Knee,walk,0.676856,0.660264,0.706624,-34.23,28.35,14.91,-53
1787066707940,492024,Knee,walk,0.550952,0.560712,0.723216,-1.4,42.14,-19.18,-53
1787066707940,492041,Knee,walk,0.461648,0.650992,0.436272,30.87,47.46,-45.92,-53
1787066708302,492221,Knee,walk,-0.417728,0.959408,-0.187392,44.17,8.54,-42,-53
1787066708302,492251,Knee,walk,-0.306464,1.025776,-0.138104,39.97,-6.02,-35.14,-53
1787066708302,492269,Knee,walk,-0.305488,0.926224,-0.103456,34.3,-7.49,-28.49,-53
1787066708302,492285,Knee,walk,-0.258152,0.965752,-0.091256,37.31,-3.99,-28.35,-53
1787066708302,492302,Knee,walk,-0.233752,0.999424,-0.07564,34.65,6.51,-27.16,-53
1787066708302,492333,Knee,walk,0.023424,0.976,-0.0366,28.98,23.87,-25.41,-53
1787066708302,492350,Knee,walk,0.084424,0.986248,-0.058072,27.09,38.64,-23.17,-53
1787066708302,492367,Knee,walk,0.059048,0.992592,-0.07808,25.41,44.8,-18.97,-53
1787066708302,492384,Knee,walk,-0.067344,0.991128,-0.096136,22.61,42.21,-17.22,-53
1787066708302,492401,Knee,walk,-0.206912,0.980392,-0.089792,22.12,23.38,-15.05,-53
1787066708664,492581,Knee,walk,-0.037088,0.981856,-0.099552,22.96,-29.75,-14.49,-53
1787066708664,492613,Knee,walk,-0.077104,0.998936,-0.115656,18.55,-18.76,-14.77,-53
1787066708664,492630,Knee,walk,-0.120536,0.974048,-0.1098,18.9,-19.25,-15.19,-53
1787066708664,492647,Knee,walk,-0.15372,0.984784,-0.13176,19.39,-22.61,-15.75,-53
1787066708664,492664,Knee,walk,-0.17812,0.991128,-0.142496,18.06,-28.49,-15.05,-53
1787066708664,492695,Knee,walk,-0.160064,0.983808,-0.116144,18.41,-38.08,-15.12,-53
1787066708664,492712,Knee,walk,-0.136152,0.987712,-0.108336,18.06,-38.36,-16.8,-53
1787066708664,492729,Knee,walk,-0.101504,0.97844,-0.088816,18.55,-37.73,-17.64,-53
1787066708664,492746,Knee,walk,-0.084424,0.979904,-0.081008,18.76,-34.51,-18.62,-53
1787066708664,492763,Knee,walk,-0.073688,0.982344,-0.068808,18.76,-32.62,-19.39,-53
1787066709026,492943,Knee,walk,-0.116632,0.988688,-0.108824,35.56,-55.09,-54.6,-62
1787066709026,492974,Knee,walk,-0.156648,1.020896,0.02196,40.88,-61.32,-63.14,-62
1787066709026,492991,Knee,walk,-0.158112,1.033584,0.043432,41.02,-58.8,-66.99,-62
1787066709026,493008,Knee,walk,-0.169824,1.044808,0.0488,41.37,-54.6,-68.32,-62
1787066709026,493025,Knee,walk,-0.231312,1.117032,0.054168,42.84,-46.69,-70.63,-62
1787066709026,493056,Knee,walk,-0.392352,1.098488,0.154696,46.76,-41.79,-76.16,-62
1787066709026,493073,Knee,walk,-0.438712,1.047736,0.154208,54.46,-56.21,-78.54,-62
1787066709026,493090,Knee,walk,-0.363072,1.076528,0.084912,57.82,-78.19,-86.59,-62
1787066709026,493107,Knee,walk,-0.265472,1.128744,0.103944,56.28,-99.82,-87.92,-62
1787066709026,493124,Knee,walk,-0.250344,1.086776,0.093696,58.31,-90.72,-82.81,-62
1787066709387,493304,Knee,walk,-0.776896,0.624152,-0.262544,27.93,-82.81,48.23,-62
1787066709387,493335,Knee,walk,-0.679784,0.596336,-0.21716,6.09,-69.86,84.28,-62
1787066709387,493352,Knee,walk,-0.669536,0.567056,-0.183976,-4.06,-58.66,100.38,-62
1787066709387,493369,Knee,walk,-0.662704,0.571936,-0.194712,-8.47,-45.99,114.66,-62
1787066709387,493386,Knee,walk,-0.62952,0.597312,-0.20496,-16.59,-39.97,121.8,-62
1787066709387,493417,Knee,walk,-0.598288,0.595848,-0.267912,-35.28,-21.84,140.77,-62
1787066709387,493434,Knee,walk,-0.580232,0.5978,-0.282064,-39.83,-19.18,147.21,-62
1787066709387,493451,Knee,walk,-0.581208,0.641232,-0.312808,-49.63,-15.19,162.89,-62
1787066709387,493468,Knee,walk,-0.617808,0.687592,-0.345992,-60.97,-22.12,175.49,-62
1787066709387,493485,Knee,walk,-0.64172,0.71492,-0.367952,-72.24,-46.48,182.63,-62
1787066709749,493665,Knee,walk,0.56364,0.901824,0.365512,-41.51,-7.21,64.05,-62
1787066709749,493696,Knee,walk,0.596336,0.787632,0.482632,-21.42,39.2,12.88,-62
1787066709749,493713,Knee,walk,0.496296,0.767624,0.43432,-1.82,60.69,-18.06,-62
1787066709749,493730,Knee,walk,0.34404,0.760304,0.31476,19.95,74.9,-43.68,-62
1787066709749,493747,Knee,walk,0.287432,0.833504,0.220088,35.42,83.72,-59.57,-62
1787066709749,493778,Knee,walk,-0.169824,1.24196,0.33428,10.99,88.76,-34.65,-62
1787066709749,493795,Knee,walk,0.058072,1.11752,0.60756,3.22,91.21,-14.28,-62
1787066709749,493812,Knee,walk,0.59536,1.142408,0.665144,11.97,113.33,-36.68,-62
1787066709749,493829,Knee,walk,0.199592,1.172176,0.349408,28.98,147.35,-45.36,-62
1787066709749,493846,Knee,walk,-0.162016,1.007232,-0.044408,43.96,128.66,-60.55,-62
1787066710188,494024,Knee,walk,-0.111264,0.956968,-0.081984,29.12,18.55,-20.09,-62
1787066710188,494055,Knee,walk,-0.032208,0.99552,-0.099064,29.33,-4.41,-18.41,-62
1787066710188,494072,Knee,walk,-0.005856,0.98576,-0.040992,26.81,-13.16,-19.46,-62
1787066710188,494089,Knee,walk,-0.070272,1.004792,-0.074176,28.7,-14.91,-20.65,-62
1787066710188,494106,Knee,walk,-0.111752,1.006744,-0.102968,27.86,-22.26,-20.93,-62
1787066710188,494137,Knee,walk,-0.074664,0.995032,-0.11224,29.12,-33.74,-21.84,-62
1787066710188,494154,Knee,walk,-0.063928,1.006256,-0.096624,26.18,-31.85,-21.49,-62
1787066710188,494171,Knee,walk,-0.089792,0.987712,-0.08052,24.43,-29.33,-21.21,-62
1787066710188,494188,Knee,walk,-0.13664,0.96868,-0.064416,22.75,-26.32,-20.93,-62
1787066710188,494205,Knee,walk,-0.171288,0.972584,-0.096624,21.42,-27.44,-20.02,-62
1787066710467,494383,Knee,walk,-0.160552,0.98088,-0.121024,10.85,-25.13,-19.04,-56
1787066710467,494414,Knee,walk,-0.171288,0.96868,-0.10248,12.25,-23.52,-20.58,-56
1787066710467,494431,Knee,walk,-0.17324,0.974536,-0.101016,12.88,-23.17,-22.33,-56
1787066710467,494448,Knee,walk,-0.139568,0.981856,-0.091256,12.67,-23.03,-23.66,-56
1787066710467,494465,Knee,walk,-0.117608,0.984296,-0.08784,13.58,-20.44,-26.25,-56
1787066710467,494496,Knee,walk,-0.035624,0.955504,-0.056608,14.91,-18.83,-31.29,-56
1787066710467,494513,Knee,walk,-0.00244,0.96868,-0.038064,17.5,-19.6,-35.84,-56
1787066710467,494530,Knee,walk,0.05856,0.975024,-0.029768,18.41,-19.18,-41.02,-56
1787066710467,494547,Knee,walk,0.064904,0.960872,-0.017568,19.88,-19.95,-43.82,-56
1787066710467,494564,Knee,walk,0.028304,0.950136,0.005856,23.24,-24.08,-49.7,-56
1787066710828,494745,Knee,walk,-0.213256,1.166808,0.088816,53.34,-88.62,-94.57,-65
1787066710828,494776,Knee,walk,-0.271328,1.072136,0.094672,60.34,-82.88,-73.22,-65
1787066710828,494793,Knee,walk,-0.396744,1.042856,-0.129808,60.97,-57.05,-65.59,-65
1787066710828,494810,Knee,walk,-0.562176,0.994056,-0.300608,57.82,-30.73,-54.25,-65
1787066710828,494827,Knee,walk,-0.677832,0.88572,-0.407968,58.1,-21.7,-49.42,-65
1787066710828,494858,Knee,walk,-0.869128,0.772016,-0.497272,54.32,-20.51,-28.28,-65
1787066710828,494875,Knee,walk,-0.94672,0.629032,-0.50264,51.1,-36.96,-10.5,-65
1787066710828,494892,Knee,walk,-0.907192,0.577304,-0.447496,49.07,-60.06,6.79,-65
1787066710828,494909,Knee,walk,-0.865712,0.5856,-0.435784,40.88,-72.87,28,-65
1787066710828,494925,Knee,walk,-0.741272,0.565104,-0.374784,28.7,-77.7,35.63,-65
1787066711189,495104,Knee,walk,-0.587552,0.761768,-0.278648,-94.15,4.69,172.06,-65
1787066711189,495135,Knee,walk,-0.498248,0.848144,-0.257664,-95.55,-51.73,175.14,-65
1787066711189,495152,Knee,walk,-0.289384,0.93696,-0.188368,-95.27,-54.46,175.42,-65
1787066711189,495169,Knee,walk,-0.116632,1.02236,-0.114192,-94.22,-53.34,170.24,-65
1787066711189,495186,Knee,walk,0.011224,1.0004,-0.012688,-90.58,-40.04,161.84,-65
1787066711189,495217,Knee,walk,0.029768,0.982344,0.081008,-82.95,-14.56,153.37,-65
1787066711189,495234,Knee,walk,0.017568,0.987712,0.14884,-76.79,-12.46,140,-65
1787066711189,495251,Knee,walk,0.036112,0.885232,0.299632,-68.53,-19.11,121.52,-65
1787066711189,495268,Knee,walk,0.052704,0.81252,0.347944,-46.69,-23.1,102.2,-65
1787066711189,495285,Knee,walk,0.16348,0.794464,0.337208,-34.44,-27.37,91.91,-65
1787066711549,495464,Knee,walk,0.093208,0.998936,0.486536,22.05,47.67,-30.94,-65
1787066711549,495496,Knee,walk,0.0732,1.167296,0.099552,43.4,24.15,-47.74,-65
1787066711549,495513,Knee,walk,0.0488,1.051152,0.051728,44.17,29.82,-53.76,-65
1787066711549,495530,Knee,walk,-0.033184,0.892552,-0.075152,42.84,49.7,-51.59,-65
1787066711549,495547,Knee,walk,-0.1708,0.889136,-0.181048,40.11,55.23,-42.28,-65
1787066711549,495578,Knee,walk,-0.26352,1.04432,-0.212768,37.52,44.38,-38.71,-65
1787066711549,495595,Knee,walk,-0.313296,1.01016,-0.164944,32.55,40.81,-35.98,-65
1787066711549,495612,Knee,walk,-0.426512,0.93696,-0.142008,30.24,26.25,-31.15,-65
1787066711549,495628,Knee,walk,-0.44896,0.979416,-0.149328,32.69,5.46,-26.11,-65
1787066711549,495645,Knee,walk,-0.40992,1.005768,-0.14152,33.04,-12.46,-23.38,-65
1787066711911,495824,Knee,walk,0,0.99552,-0.060512,21.49,-13.51,-18.2,-65
1787066711911,495855,Knee,walk,-0.163968,0.968192,-0.06588,22.61,-12.04,-17.99,-65
1787066711911,495872,Knee,walk,-0.18056,0.967216,-0.074176,22.68,-19.46,-18.69,-65
1787066711911,495889,Knee,walk,-0.143472,0.976,-0.094672,22.68,-22.12,-18.69,-65
1787066711911,495906,Knee,walk,-0.103456,0.989176,-0.106384,19.6,-21.35,-17.64,-65
1787066711911,495937,Knee,walk,-0.120536,0.98576,-0.105896,18.9,-16.45,-16.87,-65
1787066711911,495954,Knee,walk,-0.140544,0.989664,-0.107848,17.99,-14.56,-16.66,-65
1787066711911,495971,Knee,walk,-0.153232,0.977464,-0.12932,17.15,-13.44,-16.87,-65
1787066711911,495988,Knee,walk,-0.144936,0.97844,-0.14396,16.24,-14.42,-16.52,-65
1787066711911,496005,Knee,walk,-0.140056,0.98332,-0.141032,15.19,-16.66,-16.31,-65
1787066712272,496185,Knee,walk,0.004392,0.974536,-0.07564,17.08,-14.49,-32.48,-60
1787066712272,496217,Knee,walk,-0.030256,0.950136,-0.043432,20.16,-19.67,-37.8,-60
1787066712272,496234,Knee,walk,-0.000488,0.952576,-0.0244,21.98,-25.27,-41.79,-60
1787066712272,496251,Knee,walk,0.015128,0.948184,-0.030744,23.87,-28,-46.62,-60
1787066712272,496267,Knee,walk,0.015128,0.937936,-0.048312,25.13,-28.91,-49.07,-60
1787066712272,496298,Knee,walk,-0.071248,0.969168,-0.077592,31.71,-31.92,-57.61,-60
1787066712272,496315,Knee,walk,-0.172752,0.985272,-0.062464,32.69,-32.41,-60.9,-60
1787066712272,496332,Knee,walk,-0.245464,0.970144,-0.091744,36.89,-32.48,-63.28,-60
1787066712272,496349,Knee,walk,-0.289384,1.01992,-0.074664,37.17,-29.47,-66.99,-60
1787066712272,496366,Knee,walk,-0.36356,1.092632,-0.025376,36.75,-24.01,-69.58,-60
1787066712634,496546,Knee,walk,-0.615856,0.969656,-0.303536,57.33,-34.23,-51.66,-60
1787066712634,496577,Knee,walk,-0.748104,0.874496,-0.432856,56.28,-25.34,-39.55,-60
1787066712634,496594,Knee,walk,-0.846192,0.787632,-0.49044,55.65,-23.66,-22.82,-60
1787066712634,496611,Knee,walk,-0.891576,0.663192,-0.49288,49.77,-39.13,-6.3,-60
1787066712634,496628,Knee,walk,-0.862296,0.633912,-0.456768,45.85,-57.26,9.94,-60
1787066712634,496659,Knee,walk,-0.77104,0.61732,-0.305,26.18,-64.33,40.95,-60
1787066712634,496676,Knee,walk,-0.743224,0.654896,-0.142008,6.51,-63.98,67.27,-60
1787066712634,496693,Knee,walk,-0.699304,0.619272,-0.225456,-1.33,-56.42,79.52,-60
1787066712634,496710,Knee,walk,-0.67832,0.526064,-0.179096,-11.69,-40.67,98.91,-60
1787066712634,496727,Knee,walk,-0.664656,0.488976,-0.157624,-20.02,-26.81,116.27,-60
1787066712996,496908,Knee,walk,-0.163968,0.970632,-0.25864,-90.23,-130.13,197.82,-60
1787066712996,496938,Knee,walk,0.225456,0.986736,-0.01708,-88.48,-107.03,183.4,-60
1787066712996,496956,Knee,walk,0.289872,0.948184,0.086864,-78.75,-71.12,164.92,-60
1787066712996,496972,Knee,walk,0.203008,0.957456,0.116144,-71.26,-51.45,141.4,-60
1787066712996,496989,Knee,walk,0.186416,0.87352,0.21228,-60.62,-54.95,112.07,-60
1787066712996,497020,Knee,walk,0.454328,0.784704,0.377712,-28.21,-53.83,55.72,-60
1787066712996,497037,Knee,walk,0.5978,0.815936,0.464088,-13.37,-35.84,22.26,-60
1787066712996,497054,Knee,walk,0.6344,0.801296,0.51972,0.84,-10.5,-8.96,-60
1787066712996,497071,Knee,walk,0.635864,0.77104,0.499712,11.2,4.69,-38.08,-60
1787066712996,497088,Knee,walk,0.601704,0.916464,0.358192,27.86,37.45,-54.39,-60
1787066713356,497268,Knee,walk,-0.628544,0.820816,-0.203496,50.4,18.06,-46.55,-58
1787066713356,497299,Knee,walk,-0.33672,0.984784,-0.172264,36.96,-30.31,-33.11,-58
1787066713356,497316,Knee,walk,-0.081984,1.01016,-0.11712,33.81,-19.67,-31.92,-58
1787066713356,497333,Knee,walk,-0.077592,0.958432,-0.088328,30.1,3.99,-29.75,-58
1787066713356,497350,Knee,walk,-0.164944,0.962336,-0.082472,28.77,13.86,-25.69,-58
1787066713356,497381,Knee,walk,-0.07808,1.00528,-0.064904,27.79,8.89,-22.82,-58
1787066713356,497398,Knee,walk,-0.00244,0.981856,-0.07808,26.04,8.54,-21.84,-58
1787066713356,497415,Knee,walk,-0.036112,0.968192,-0.081008,23.87,9.31,-21.14,-58
1787066713356,497432,Knee,walk,-0.07808,0.969168,-0.081984,23.94,0.21,-20.37,-58
1787066713356,497449,Knee,walk,-0.151768,0.991616,-0.091744,24.29,-5.25,-20.51,-58
1787066713716,497629,Knee,walk,-0.130784,0.986736,-0.123952,13.58,-19.25,-15.75,-58
1787066713716,497659,Knee,walk,-0.11468,0.987712,-0.140544,10.01,-11.2,-14.84,-58
1787066713716,497677,Knee,walk,-0.148352,0.98576,-0.14396,9.24,-10.64,-14.21,-58
1787066713716,497693,Knee,walk,-0.194224,0.974536,-0.128832,8.4,-11.76,-14.7,-58
1787066713716,497710,Knee,walk,-0.226432,0.979904,-0.123464,8.33,-16.73,-15.33,-58
1787066713716,497741,Knee,walk,-0.214232,0.987224,-0.11712,8.19,-25.62,-15.54,-58
1787066713716,497758,Knee,walk,-0.17568,0.97844,-0.085888,8.75,-32.13,-17.29,-58
1787066713716,497775,Knee,walk,-0.119072,0.972584,-0.038064,10.64,-35.7,-20.16,-58
1787066713716,497792,Knee,walk,-0.047824,0.975512,-0.01708,11.48,-34.86,-22.26,-58
1787066713716,497809,Knee,walk,-0.000976,0.977952,-0.0122,12.25,-31.85,-26.18,-58
1787066714079,497989,Knee,walk,-0.476288,1.027728,0.051728,40.88,-30.31,-74.41,-55
1787066714079,498020,Knee,walk,-0.487512,1.204872,0.120048,36.05,-40.53,-71.75,-55
1787066714079,498037,Knee,walk,-0.489952,1.020408,0.165432,39.62,-39.2,-72.8,-55
1787066714079,498054,Knee,walk,-0.48312,0.981856,0.139568,43.89,-44.24,-80.99,-55
1787066714079,498071,Knee,walk,-0.389912,1.015528,0.099064,48.72,-63.35,-84.28,-55
1787066714079,498102,Knee,walk,-0.220576,1.118496,0.093208,44.52,-80.5,-79.87,-55
1787066714079,498119,Knee,walk,-0.22204,1.0004,0.14396,48.16,-74.34,-76.79,-55
1787066714079,498137,Knee,walk,-0.296216,0.95892,0.013664,57.33,-50.05,-69.44,-55
1787066714079,498154,Knee,walk,-0.466528,0.976976,-0.179096,61.46,-29.12,-58.52,-55
1787066714079,498171,Knee,walk,-0.642208,0.955016,-0.341112,65.03,-16.66,-49.84,-55
1787066714439,498349,Knee,walk,-0.543632,0.59292,-0.186904,-3.22,-2.52,114.8,-55
1787066714439,498380,Knee,walk,-0.6466,0.687592,-0.266448,-18.62,14.35,127.89,-55
1787066714439,498397,Knee,walk,-0.693448,0.650992,-0.280112,-32.69,6.3,137.9,-55
1787066714439,498414,Knee,walk,-0.699304,0.631472,-0.288896,-44.24,-4.69,152.74,-55
1787066714439,498431,Knee,walk,-0.695888,0.643672,-0.298656,-50.05,-11.2,160.44,-55
1787066714439,498462,Knee,walk,-0.686128,0.684176,-0.333792,-66.85,-56.7,180.39,-55
1787066714439,498479,Knee,walk,-0.593896,0.71736,-0.328424,-67.27,-69.65,182.07,-55
1787066714439,498496,Knee,walk,-0.443592,0.761768,-0.2806,-68.6,-86.87,183.82,-55
1787066714439,498513,Knee,walk,-0.365024,0.789096,-0.274256,-68.32,-90.23,184.45,-55
1787066714439,498530,Knee,walk,-0.270352,0.903776,-0.260104,-70.14,-100.24,181.51,-55
1787066714797,498710,Knee,walk,0.3782,0.793,0.406504,8.75,53.69,-25.69,-55
1787066714797,498741,Knee,walk,0.207888,0.848144,0.20008,34.02,52.43,-63.28,-55
1787066714797,498758,Knee,walk,-0.10736,1.101416,0.010736,43.96,47.46,-72.03,-55
1787066714797,498775,Knee,walk,-0.232776,1.240984,0.177632,20.93,13.44,-39.62,-55
1787066714797,498792,Knee,walk,0.034648,1.10776,0.346968,14.7,0,-22.47,-55
1787066714797,498823,Knee,walk,0.164456,1.246352,0.219112,38.5,4.27,-34.37,-55
1787066714797,498840,Knee,walk,0.215208,1.261968,0.183488,38.22,11.83,-49.49,-55
1787066714797,498857,Knee,walk,0.266936,1.098,0.171776,36.05,35.63,-52.01,-55
1787066714797,498874,Knee,walk,0.098088,0.996008,-0.005368,39.13,63.7,-50.54,-55
1787066714797,498891,Knee,walk,-0.022448,0.992592,-0.189832,43.05,62.93,-52.92,-55
1787066715159,499067,Knee,walk,-0.045384,0.988688,-0.059536,25.9,-4.97,-19.39,-55
1787066715159,499098,Knee,walk,-0.028792,0.989664,-0.080032,24.22,-21.28,-19.32,-55
1787066715159,499115,Knee,walk,-0.023424,0.997472,-0.12444,24.85,-27.51,-19.32,-55
1787066715159,499132,Knee,walk,-0.01464,1.001864,-0.151768,23.52,-27.79,-18.97,-55
1787066715159,499149,Knee,walk,-0.011224,1.004304,-0.142496,22.33,-25.13,-19.18,-55
1787066715159,499180,Knee,walk,-0.098576,0.993568,-0.130784,18.83,-13.02,-19.67,-55
1787066715159,499197,Knee,walk,-0.171776,0.978928,-0.133224,17.85,-12.46,-18.83,-55
1787066715159,499214,Knee,walk,-0.203496,0.969656,-0.14396,16.8,-16.73,-18.13,-55
1787066715159,499231,Knee,walk,-0.157624,0.985272,-0.163968,14.63,-21.28,-15.96,-55
1787066715159,499248,Knee,walk,-0.096624,0.97112,-0.150792,11.34,-20.44,-13.86,-55
1787066715518,499429,Knee,walk,-0.160064,0.976976,-0.09272,5.74,-10.29,-12.95,-64
1787066715518,499460,Knee,walk,-0.179584,0.977464,-0.074176,6.72,-13.09,-14,-64
1787066715518,499477,Knee,walk,-0.115656,0.974536,-0.073688,7,-16.73,-15.19,-64
1787066715518,499494,Knee,walk,-0.04636,0.97844,-0.066856,8.68,-15.89,-17.57,-64
1787066715518,499511,Knee,walk,-0.028792,0.986248,-0.076128,8.96,-12.18,-20.09,-64
1787066715518,499542,Knee,walk,0.01464,0.976976,-0.07808,10.99,-9.03,-25.62,-64
1787066715518,499559,Knee,walk,0.018056,0.977952,-0.076616,12.46,-9.66,-29.89,-64
1787066715518,499576,Knee,walk,0.012688,0.97356,-0.071248,12.6,-14.84,-33.46,-64
1787066715518,499593,Knee,walk,0.0122,0.970144,-0.053192,14.42,-18.34,-35.49,-64
1787066715518,499610,Knee,walk,0.004392,0.961848,-0.025376,15.68,-25.34,-40.04,-64
1787066715894,499788,Knee,walk,-0.462624,1.013088,0.020008,29.05,-15.82,-64.96,-64
1787066715894,499819,Knee,walk,-0.409432,0.957456,0.011712,33.46,-31.15,-68.11,-64
1787066715894,499836,Knee,walk,-0.363072,0.944768,-0.006344,40.53,-43.68,-71.47,-64
1787066715894,499853,Knee,walk,-0.309392,0.972584,0.018544,45.36,-61.11,-71.82,-64
1787066715894,499870,Knee,walk,-0.262056,0.982344,0.05368,45.92,-72.17,-72.59,-64
1787066715894,499901,Knee,walk,-0.273768,0.999424,0.061,49.98,-67.69,-67.97,-64
1787066715894,499918,Knee,walk,-0.294264,1.013576,-0.043432,52.78,-55.44,-64.96,-64
1787066715894,499935,Knee,walk,-0.31964,1.038952,-0.113704,48.65,-35.63,-58.38,-64
1787066715894,499952,Knee,walk,-0.428464,1.01016,-0.237168,46.41,-25.69,-56.07,-64
1787066715894,499969,Knee,walk,-0.523136,0.933056,-0.34892,49.35,-10.29,-52.22,-64
1787066716242,500149,Knee,walk,-0.511912,0.613416,-0.276696,-33.67,5.46,99.19,-64
1787066716242,500180,Knee,walk,-0.54656,0.660752,-0.327448,-49.21,35,116.13,-64
1787066716242,500197,Knee,walk,-0.598776,0.672464,-0.352336,-58.87,38.57,120.19,-64
1787066716242,500214,Knee,walk,-0.64172,0.711504,-0.3294,-68.32,34.58,133.56,-64
1787066716242,500231,Knee,walk,-0.66124,0.74664,-0.322568,-82.6,21,149.59,-64
1787066716242,500262,Knee,walk,-0.630496,0.784704,-0.282064,-89.74,-31.15,156.31,-64
1787066716242,500279,Knee,walk,-0.430904,0.791536,-0.21716,-87.5,-54.04,157.78,-64
1787066716242,500296,Knee,walk,-0.271816,0.87108,-0.138592,-82.11,-52.64,157.08,-64
1787066716242,500313,Knee,walk,-0.218624,0.903288,-0.116632,-81.41,-39.27,155.89,-64
1787066716242,500329,Knee,walk,-0.16104,0.923784,-0.082472,-81.48,-31.36,156.24,-64
1787066716600,500509,Knee,walk,0.389912,0.831552,0.328424,0,27.79,8.26,-71
1787066716600,500540,Knee,walk,0.299144,0.798368,0.276696,23.45,49.91,-39.2,-71
1787066716600,500557,Knee,walk,0.176656,0.798856,0.21472,31.5,55.3,-57.12,-71
1787066716600,500574,Knee,walk,-0.008784,0.992104,0.050264,41.79,59.57,-60.9,-71
1787066716600,500592,Knee,walk,-0.162504,1.172176,0.10248,27.72,44.73,-41.44,-71
1787066716600,500623,Knee,walk,0.320616,0.913048,0.442616,13.3,36.89,-19.74,-71
1787066716600,500640,Knee,walk,0.168848,1.101416,0.40016,28.98,40.67,-27.65,-71
1787066716600,500657,Knee,walk,0.076128,1.25416,0.2318,33.95,26.46,-36.75,-71
1787066716600,500674,Knee,walk,0.174216,1.083848,0.153232,35.84,40.18,-45.78,-71
1787066716600,500691,Knee,walk,0.176656,1.043832,-0.040016,39.97,57.33,-45.64,-71
1787066716964,500868,Knee,walk,0.01464,0.97112,-0.070272,24.36,23.87,-20.16,-71
1787066716964,500899,Knee,walk,-0.042456,0.984296,-0.080032,23.8,12.39,-19.46,-71
1787066716964,500916,Knee,walk,-0.1098,0.980392,-0.067344,24.85,6.09,-19.67,-71
1787066716964,500933,Knee,walk,-0.154696,0.99064,-0.101016,26.32,-6.09,-19.32,-71
1787066716964,500950,Knee,walk,-0.164456,0.979904,-0.104432,25.48,-18.55,-19.32,-71
1787066716964,500981,Knee,walk,-0.154696,0.993568,-0.120048,26.18,-25.06,-19.25,-71
1787066716964,500998,Knee,walk,-0.168848,0.986248,-0.115168,23.38,-23.8,-18.13,-71
1787066716964,501015,Knee,walk,-0.169336,0.980392,-0.116144,22.68,-22.54,-18.34,-71
1787066716964,501031,Knee,walk,-0.159576,0.977952,-0.120048,21.35,-19.67,-17.71,-71
1787066716964,501048,Knee,walk,-0.139568,0.984784,-0.118584,20.72,-17.64,-17.15,-71
1787066717327,501229,Knee,walk,-0.078568,0.977952,-0.107848,12.67,-19.25,-16.17,-71
1787066717327,501260,Knee,walk,-0.093208,0.975512,-0.08784,12.6,-14.14,-18.55,-71
1787066717327,501277,Knee,walk,-0.102968,0.975512,-0.104432,11.62,-11.9,-19.6,-71
1787066717327,501296,Knee,walk,-0.122976,0.965752,-0.11956,12.11,-12.11,-21.07,-71
1787066717327,501313,Knee,walk,-0.121024,0.974536,-0.123952,12.04,-12.11,-22.47,-71
1787066717327,501330,Knee,walk,-0.130296,0.975024,-0.134688,12.39,-11.69,-23.17,-71
1787066717327,501361,Knee,walk,-0.140056,0.971608,-0.142496,12.95,-12.95,-26.53,-71
1787066717327,501378,Knee,walk,-0.149816,0.976,-0.133224,13.58,-13.16,-27.58,-71
1787066717327,501395,Knee,walk,-0.183488,0.963312,-0.12444,13.72,-15.89,-29.33,-71
1787066717327,501412,Knee,walk,-0.19764,0.94428,-0.118096,14.7,-21,-30.73,-71
1787066717689,501593,Knee,walk,-0.2074,1.131672,0.135664,27.79,-3.08,-73.36,-73
1787066717689,501625,Knee,walk,-0.31476,1.060912,0.16348,36.47,-12.39,-81.97,-73
1787066717689,501642,Knee,walk,-0.341112,1.063352,0.136152,45.5,-28.42,-87.71,-73
1787066717689,501659,Knee,walk,-0.334768,1.089704,0.07076,52.22,-48.51,-89.32,-73
1787066717689,501676,Knee,walk,-0.299632,1.075552,-0.006344,55.09,-64.05,-91.63,-73
1787066717689,501706,Knee,walk,-0.245464,1.067744,-0.018544,54.46,-72.66,-84,-73
1787066717689,501723,Knee,walk,-0.249368,1.0858,-0.137128,51.24,-51.45,-74.06,-73
1787066717689,501740,Knee,walk,-0.276696,1.023336,-0.261568,48.09,-21.91,-66.08,-73
1787066717689,501757,Knee,walk,-0.369416,0.984296,-0.310856,47.46,-7.98,-61.67,-73
1787066717689,501775,Knee,walk,-0.511424,0.889624,-0.394792,44.52,15.82,-58.31,-73
1787066718050,501955,Knee,walk,-0.593408,0.647576,-0.345016,-56.84,37.45,92.47,-73
1787066718050,501986,Knee,walk,-0.686128,0.662704,-0.356728,-77.21,29.26,109.41,-73
1787066718050,502003,Knee,walk,-0.674904,0.67588,-0.33428,-82.32,21,125.86,-73
1787066718050,502020,Knee,walk,-0.646112,0.699304,-0.33672,-95.13,14.77,134.19,-73
1787066718050,502037,Knee,walk,-0.596824,0.753472,-0.304024,-97.02,-2.38,141.89,-73
1787066718050,502068,Knee,walk,-0.374784,0.820816,-0.206912,-96.74,-5.04,147.28,-73
1787066718050,502085,Knee,walk,-0.330376,0.854,-0.154696,-95.27,4.48,150.71,-73
1787066718050,502102,Knee,walk,-0.364048,0.903776,-0.13664,-92.82,9.1,152.04,-73
1787066718050,502119,Knee,walk,-0.379664,0.918904,-0.126392,-86.52,4.2,149.94,-73
1787066718050,502136,Knee,walk,-0.387472,0.909632,-0.113704,-85.05,-7.07,150.71,-73
1787066718409,502316,Knee,walk,0.468968,0.92476,0.310856,-8.47,43.82,-6.3,-73
1787066718409,502347,Knee,walk,0.146888,0.82472,0.27816,12.81,82.25,-43.68,-73
1787066718409,502364,Knee,walk,0.065392,0.876448,0.125904,30.24,86.45,-59.71,-73
1787066718409,502381,Knee,walk,-0.213744,1.045784,0.040992,32.48,81.27,-39.27,-73
1787066718409,502397,Knee,walk,-0.256688,1.176568,0.148352,17.22,28.35,-31.85,-73
1787066718409,502428,Knee,walk,0.301584,0.949648,0.442128,22.26,12.18,-23.03,-73
1787066718409,502445,Knee,walk,0.343552,1.23952,0.25864,33.18,13.16,-25.9,-73
1787066718409,502462,Knee,walk,0.408944,1.165344,0.214232,26.88,36.33,-39.2,-73
1787066718409,502479,Knee,walk,0.198616,0.977464,0.134688,29.96,79.52,-43.47,-73
1787066718409,502496,Knee,walk,0.053192,0.965264,-0.050264,34.02,80.92,-41.16,-73
1787066718774,502674,Knee,walk,-0.028304,0.976976,-0.053192,24.29,29.4,-21,-55
1787066718774,502705,Knee,walk,-0.134688,0.976488,-0.080032,22.47,12.53,-20.02,-55
1787066718774,502722,Knee,walk,-0.153232,0.972584,-0.090768,24.08,-5.46,-18.27,-55
1787066718774,502739,Knee,walk,-0.119072,0.99308,-0.106384,24.85,-13.23,-17.64,-55
1787066718774,502756,Knee,walk,-0.067832,0.99552,-0.101504,25.34,-21.84,-18.34,-55
1787066718774,502787,Knee,walk,-0.08296,0.985272,-0.098576,24.85,-19.11,-19.53,-55
1787066718774,502804,Knee,walk,-0.129808,0.979416,-0.089792,25.48,-22.05,-20.02,-55
1787066718774,502821,Knee,walk,-0.152744,0.984784,-0.097112,24.29,-27.37,-19.81,-55
1787066718774,502838,Knee,walk,-0.128832,0.976976,-0.106872,22.96,-31.71,-19.32,-55
1787066718774,502855,Knee,walk,-0.101992,0.976,-0.116144,22.12,-31.92,-19.04,-55
1787066719132,503034,Knee,walk,-0.11468,0.98088,-0.115656,15.61,-24.36,-20.86,-55
1787066719132,503065,Knee,walk,-0.1098,0.965264,-0.083936,14.98,-22.33,-23.03,-55
1787066719132,503082,Knee,walk,-0.098088,0.965752,-0.067344,15.89,-21.21,-24.85,-55
1787066719132,503099,Knee,walk,-0.090768,0.967704,-0.068808,16.38,-19.74,-27.23,-55
1787066719132,503116,Knee,walk,-0.067344,0.968192,-0.08052,16.8,-19.67,-28.84,-55
1787066719132,503147,Knee,walk,-0.026352,0.971608,-0.10492,17.71,-17.29,-34.65,-55
1787066719132,503164,Knee,walk,-0.044408,0.96624,-0.107848,17.78,-16.94,-35.98,-55
1787066719132,503181,Knee,walk,-0.06344,0.953064,-0.10004,18.27,-17.29,-38.71,-55
1787066719132,503198,Knee,walk,-0.095648,0.955016,-0.106384,19.39,-16.73,-41.3,-55
1787066719132,503215,Knee,walk,-0.129808,0.948672,-0.106384,19.67,-17.5,-44.24,-55
1787066719505,503396,Knee,walk,-0.337208,1.077016,0.117608,43.75,-30.1,-91.07,-55
1787066719505,503427,Knee,walk,-0.266448,1.112152,0.069784,53.41,-65.1,-95.48,-55
1787066719505,503444,Knee,walk,-0.227896,1.103368,0.048312,55.09,-75.88,-98,-55
1787066719505,503461,Knee,walk,-0.223504,1.089216,0.095648,54.25,-79.52,-88.55,-55
1787066719505,503478,Knee,walk,-0.221552,1.059936,0.049288,55.09,-58.45,-78.89,-55
1787066719505,503509,Knee,walk,-0.364536,1.007232,-0.30744,51.03,-16.73,-66.5,-55
1787066719505,503526,Knee,walk,-0.437736,0.929152,-0.401624,50.68,9.8,-60.97,-55
1787066719505,503543,Knee,walk,-0.626104,0.892064,-0.46116,47.39,19.25,-51.45,-55
1787066719505,503560,Knee,walk,-0.81496,0.764208,-0.554856,41.16,22.05,-43.54,-55
1787066719505,503590,Knee,walk,-0.872056,0.596824,-0.543144,26.88,-8.26,-10.57,-55
1787066719865,503767,Knee,walk,-0.739808,0.610976,-0.314272,-91.7,27.51,142.87,-55
1787066719865,503798,Knee,walk,-0.693936,0.679296,-0.304512,-105.07,-7.63,171.01,-55
1787066719865,503815,Knee,walk,-0.593896,0.72224,-0.262056,-106.19,-18.34,172.06,-55
1787066719865,503832,Knee,walk,-0.460184,0.762744,-0.20496,-103.04,-30.73,171.57,-55
1787066719865,503849,Knee,walk,-0.396256,0.822768,-0.162992,-100.45,-36.96,176.75,-55
1787066719865,503880,Knee,walk,-0.289384,0.915976,-0.097112,-102.27,-46.41,182,-55
1787066719865,503897,Knee,walk,-0.18788,0.899872,-0.053192,-93.66,-52.99,175.49,-55
1787066719865,503914,Knee,walk,-0.120536,0.90524,0.007808,-83.65,-57.12,167.79,-55
1787066719865,503931,Knee,walk,-0.087352,0.895968,0.045384,-76.09,-60.9,159.74,-55
1787066719865,503948,Knee,walk,-0.00244,0.88572,0.090768,-70.91,-61.32,153.58,-55
1787066720227,504129,Knee,walk,-0.362096,1.148264,0.147376,32.55,33.18,-35.98,-62
1787066720227,504160,Knee,walk,0.185928,1.132648,0.372832,38.29,19.39,-33.6,-62
1787066720227,504177,Knee,walk,0.182512,1.276608,0.223504,39.76,18.97,-42.63,-62
1787066720227,504194,Knee,walk,0.15372,1.158512,0.061,40.04,22.26,-47.88,-62
1787066720227,504211,Knee,walk,0.101992,0.998448,-0.015128,44.24,47.25,-52.08,-62
1787066720227,504242,Knee,walk,-0.187392,0.97356,-0.202032,44.66,59.29,-45.71,-62
1787066720227,504259,Knee,walk,-0.275232,0.957456,-0.257664,45.36,39.2,-45.57,-62
1787066720227,504276,Knee,walk,-0.308416,0.955016,-0.181536,41.86,24.85,-41.79,-62
1787066720227,504293,Knee,walk,-0.316712,0.959408,-0.111752,36.61,12.81,-33.18,-62
1787066720227,504310,Knee,walk,-0.313296,0.969656,-0.077104,34.65,4.27,-28.77,-62
1787066720591,504488,Knee,walk,-0.013176,0.996008,-0.100528,28.56,-26.46,-21.21,-62
1787066720591,504519,Knee,walk,-0.15128,0.987224,-0.132736,27.86,-24.92,-21.07,-62
1787066720591,504536,Knee,walk,-0.188368,0.982344,-0.110288,26.18,-28.49,-21.7,-62
1787066720591,504553,Knee,walk,-0.21716,0.96624,-0.112728,26.11,-30.03,-21.21,-62
1787066720591,504570,Knee,walk,-0.167872,0.989664,-0.14884,23.1,-29.54,-19.74,-62
1787066720591,504601,Knee,walk,-0.079056,0.992104,-0.142008,18.41,-18.13,-17.99,-62
1787066720591,504618,Knee,walk,-0.094184,0.976,-0.123952,16.87,-13.93,-17.78,-62
1787066720591,504635,Knee,walk,-0.144936,0.981368,-0.125416,16.59,-11.2,-17.43,-62
1787066720591,504652,Knee,walk,-0.145424,0.989176,-0.120048,15.4,-13.72,-17.5,-62
1787066720591,504669,Knee,walk,-0.135664,0.976976,-0.11956,14.91,-16.59,-17.29,-62
1787066721014,504911,Knee,walk,-0.1464,0.955992,-0.081496,23.03,-16.31,-45.57,-62
1787066721014,504942,Knee,walk,-0.228872,0.947696,-0.10492,25.76,-26.67,-53.27,-62
1787066721014,504959,Knee,walk,-0.248392,0.962336,-0.152256,28,-30.31,-54.6,-62
1787066721014,504976,Knee,walk,-0.239608,0.9882,-0.160552,28.42,-35.7,-56.91,-62
1787066721014,504993,Knee,walk,-0.22936,1.017968,-0.103456,28.84,-36.4,-59.29,-62
1787066721014,505024,Knee,walk,-0.188368,1.080432,-0.104432,30.45,-29.05,-65.45,-62
1787066721014,505041,Knee,walk,-0.152744,1.134112,-0.022936,27.37,-17.64,-70.49,-62
1787066721014,505058,Knee,walk,-0.16104,1.128744,0.08052,28.56,-6.23,-76.16,-62
1787066721014,505075,Knee,walk,-0.186904,1.131184,0.149328,32.62,-5.74,-82.81,-62
1787066721014,505092,Knee,walk,-0.262056,1.108248,0.237168,36.89,-10.78,-86.8,-62
1787066721372,505271,Knee,walk,-0.966728,0.66124,-0.539728,41.79,-4.76,-2.66,-71
1787066721372,505302,Knee,walk,-0.884256,0.586576,-0.543632,22.96,-41.23,17.36,-71
1787066721372,505319,Knee,walk,-0.79544,0.55144,-0.496296,18.13,-45.57,34.86,-71
1787066721372,505336,Knee,walk,-0.69296,0.57584,-0.376248,2.31,-52.36,46.69,-71
1787066721372,505353,Knee,walk,-0.633424,0.56608,-0.347456,-17.64,-30.38,70.7,-71
1787066721372,505384,Knee,walk,-0.615368,0.483608,-0.323544,-40.88,9.45,97.37,-71
1787066721372,505401,Knee,walk,-0.623664,0.530944,-0.306464,-51.24,31.43,110.18,-71
1787066721372,505418,Knee,walk,-0.701256,0.595848,-0.333304,-59.64,44.94,116.41,-71
1787066721372,505435,Knee,walk,-0.80276,0.604144,-0.357216,-67.48,40.74,120.96,-71
1787066721372,505452,Knee,walk,-0.823256,0.589992,-0.354288,-73.15,28.49,133.35,-71
1787066721730,505632,Knee,walk,-0.167384,0.942328,0.057584,-78.68,-40.18,151.13,-71
1787066721730,505664,Knee,walk,0.023912,0.870592,0.221552,-56.98,-48.72,128.03,-71
1787066721730,505681,Knee,walk,0.108336,0.867664,0.241072,-38.71,-51.8,108.85,-71
1787066721730,505698,Knee,walk,0.17324,0.877424,0.210816,-20.44,-56,86.1,-71
1787066721730,505715,Knee,walk,0.355264,0.9516,0.186416,-15.54,-56.42,73.64,-71
1787066721730,505746,Knee,walk,0.484096,0.8906,0.389912,-9.66,-20.72,22.68,-71
1787066721730,505763,Knee,walk,0.4392,0.813008,0.41236,-3.71,-10.36,10.15,-71
1787066721730,505780,Knee,walk,0.36112,0.812032,0.401136,7.77,9.24,-15.19,-71
1787066721730,505797,Knee,walk,0.230336,0.810568,0.327936,20.72,23.03,-37.8,-71
1787066721730,505814,Knee,walk,0.09028,0.826184,0.1952,35.21,27.79,-56,-71
1787066722093,505990,Knee,walk,-0.282552,0.93208,-0.207888,35.91,65.38,-39.41,-71
1787066722093,506021,Knee,walk,-0.512888,0.9638,-0.138592,36.89,23.03,-35.07,-71
1787066722093,506038,Knee,walk,-0.52948,0.943304,-0.148352,36.26,-8.68,-29.75,-71
1787066722093,506055,Knee,walk,-0.402112,0.966728,-0.14884,35.56,-20.79,-27.79,-71
1787066722093,506072,Knee,walk,-0.19764,1.002352,-0.10004,33.46,-26.46,-25.06,-71
1787066722093,506103,Knee,walk,0.04636,1.007232,-0.066856,28.63,-3.85,-24.36,-71
1787066722093,506120,Knee,walk,0.069296,0.976488,-0.071736,25.13,14.21,-23.31,-71
1787066722093,506137,Knee,walk,0.010736,0.987224,-0.077104,22.89,23.66,-20.16,-71
1787066722093,506154,Knee,walk,-0.073688,0.992592,-0.081984,20.23,23.17,-17.78,-71
1787066722093,506171,Knee,walk,-0.120536,0.985272,-0.076128,20.23,11.41,-16.87,-71
1787066722453,506350,Knee,walk,-0.038064,0.97844,-0.064904,19.04,-32.2,-17.43,-56
1787066722453,506381,Knee,walk,-0.096624,0.999912,-0.101504,16.24,-25.97,-18.06,-56
1787066722453,506399,Knee,walk,-0.103944,0.982832,-0.11956,14.56,-22.82,-17.92,-56
1787066722453,506417,Knee,walk,-0.108824,0.979416,-0.130784,14.21,-21.49,-18.27,-56
1787066722453,506434,Knee,walk,-0.143472,0.99064,-0.129808,13.93,-21.42,-18.48,-56
1787066722453,506451,Knee,walk,-0.19276,0.989664,-0.115656,13.16,-23.31,-18.76,-56
1787066722453,506482,Knee,walk,-0.166408,0.98088,-0.07808,14.77,-28.77,-23.1,-56
1787066722453,506499,Knee,walk,-0.125904,0.97356,-0.0488,15.89,-29.33,-24.22,-56
1787066722453,506516,Knee,walk,-0.076128,0.977464,-0.045872,16.66,-32.27,-25.06,-56
1787066722453,506532,Knee,walk,-0.008296,0.984784,-0.025864,16.17,-33.04,-27.02,-56
1787066722814,506713,Knee,walk,-0.362096,1.04676,0.115656,42.91,-41.72,-80.57,-56
1787066722814,506744,Knee,walk,-0.42944,1.222928,0.216672,46.9,-49.63,-82.88,-56
1787066722814,506761,Knee,walk,-0.45384,1.166808,0.289384,49.49,-46.97,-87.71,-56
1787066722814,506778,Knee,walk,-0.456768,1.08824,0.237168,57.26,-54.11,-99.12,-56
1787066722814,506795,Knee,walk,-0.299144,1.238544,0.142984,63.21,-85.19,-100.8,-56
1787066722814,506826,Knee,walk,-0.248392,1.135576,0.113216,54.46,-87.5,-90.65,-56
1787066722814,506843,Knee,walk,-0.286456,0.964288,-0.016104,54.6,-66.57,-77.49,-56
1787066722814,506860,Knee,walk,-0.3416,0.958432,-0.09516,57.75,-33.88,-64.75,-56
1787066722814,506877,Knee,walk,-0.53924,0.944768,-0.244,56.56,-21,-60.27,-56
1787066722814,506894,Knee,walk,-0.738344,0.848144,-0.377712,58.8,-8.33,-51.38,-56
1787066723176,507073,Knee,walk,-0.542656,0.580232,-0.23912,-8.61,-6.37,121.45,-56
1787066723176,507104,Knee,walk,-0.633424,0.621712,-0.273768,-26.25,10.64,133.14,-56
1787066723176,507121,Knee,walk,-0.666608,0.630496,-0.262544,-37.03,7.28,144.83,-56
1787066723176,507138,Knee,walk,-0.689056,0.647576,-0.255712,-49.98,0.28,161.28,-56
1787066723176,507155,Knee,walk,-0.704184,0.679296,-0.255224,-60.55,-24.29,175.07,-56
1787066723176,507186,Knee,walk,-0.589016,0.746152,-0.203008,-63.56,-78.19,177.66,-56
1787066723176,507202,Knee,walk,-0.393816,0.812032,-0.183488,-61.04,-98.84,178.57,-56
1787066723176,507219,Knee,walk,-0.30012,0.877912,-0.133224,-61.32,-98.21,178.5,-56
1787066723176,507236,Knee,walk,-0.14884,0.957456,-0.10248,-64.75,-94.85,176.33,-56
1787066723176,507253,Knee,walk,-0.035136,0.949648,-0.048312,-65.1,-79.8,171.08,-56
1787066723537,507434,Knee,walk,0.239608,0.759328,0.420656,5.32,11.41,-30.03,-56
1787066723537,507465,Knee,walk,0.188368,0.873032,0.149816,40.32,19.11,-69.93,-56
1787066723537,507482,Knee,walk,-0.046848,0.963312,0.148352,44.03,23.45,-62.3,-56
1787066723537,507499,Knee,walk,-0.383568,1.106784,0.238632,30.87,-4.62,-46.62,-56
1787066723537,507516,Knee,walk,-0.013176,1.116056,0.29036,31.36,-51.87,-26.88,-56
1787066723537,507547,Knee,walk,0.618784,1.355176,0.159088,34.58,-20.44,-38.78,-56
1787066723537,507564,Knee,walk,0.35624,0.969656,0.090768,28.7,43.89,-47.25,-56
1787066723537,507581,Knee,walk,-0.023912,0.945256,-0.15616,39.41,78.4,-47.18,-56
1787066723537,507598,Knee,walk,-0.222528,1.016016,-0.294752,36.54,74.69,-43.05,-56
1787066723537,507615,Knee,walk,-0.461648,0.981368,-0.296704,33.11,43.96,-42.56,-56
1787066723898,507794,Knee,walk,-0.060024,1.003816,-0.089304,19.88,-1.19,-12.53,-59
1787066723898,507826,Knee,walk,-0.132736,0.99552,-0.111264,20.93,-30.24,-12.53,-59
1787066723898,507843,Knee,walk,-0.101992,0.989664,-0.106872,22.05,-41.3,-13.51,-59
1787066723898,507860,Knee,walk,-0.027816,0.996984,-0.099552,22.26,-42.84,-13.79,-59
1787066723898,507877,Knee,walk,-0.024888,0.995032,-0.096624,20.93,-40.04,-13.44,-59
1787066723898,507907,Knee,walk,-0.06588,0.979904,-0.094184,20.58,-40.32,-12.95,-59
1787066723898,507924,Knee,walk,-0.086864,0.989664,-0.117608,18.41,-40.46,-12.11,-59
1787066723898,507941,Knee,walk,-0.065392,0.986248,-0.130784,15.47,-38.01,-11.27,-59
1787066723898,507958,Knee,walk,-0.029768,0.991616,-0.099064,12.88,-33.95,-11.62,-59
1787066723898,507975,Knee,walk,-0.021472,0.993568,-0.09028,11.97,-26.88,-11.76,-59
1787066724262,508156,Knee,walk,-0.065392,0.972096,-0.051728,18.9,-19.39,-21.77,-59
1787066724262,508187,Knee,walk,-0.025376,0.97844,-0.082472,18.48,-19.39,-23.8,-59
1787066724262,508204,Knee,walk,-0.003904,0.977952,-0.09272,18.97,-16.94,-26.32,-59
1787066724262,508221,Knee,walk,-0.004392,0.97356,-0.092232,20.09,-15.89,-28.77,-59
1787066724262,508238,Knee,walk,-0.016592,0.97112,-0.094672,20.93,-16.8,-31.36,-59
1787066724262,508269,Knee,walk,-0.005368,0.96624,-0.088328,24.99,-24.5,-37.94,-59
1787066724262,508286,Knee,walk,-0.020008,0.97356,-0.091744,26.11,-27.65,-42.7,-59
1787066724262,508303,Knee,walk,-0.081008,0.96868,-0.094672,28.42,-29.61,-44.87,-59
1787066724262,508320,Knee,walk,-0.162992,0.965264,-0.089792,33.04,-35.63,-48.79,-59
1787066724262,508337,Knee,walk,-0.203008,0.970632,-0.102968,37.38,-43.4,-51.66,-59
1787066724625,508519,Knee,walk,-0.286944,1.046272,0.074664,62.58,-75.67,-82.95,-59
1787066724625,508550,Knee,walk,-0.287432,1.077992,0.0732,64.96,-92.75,-83.44,-59
1787066724625,508567,Knee,walk,-0.321104,0.991128,0.003904,62.65,-87.78,-71.19,-59
1787066724625,508584,Knee,walk,-0.363072,0.996496,-0.113216,65.31,-73.08,-60.83,-59
1787066724625,508600,Knee,walk,-0.443592,1.034072,-0.23912,60.48,-54.32,-52.64,-59
1787066724625,508631,Knee,walk,-0.55632,0.94184,-0.368928,59.5,-32.55,-47.04,-59
1787066724625,508648,Knee,walk,-0.688568,0.848632,-0.438224,59.85,-24.36,-35.63,-59
1787066724625,508665,Knee,walk,-0.757376,0.740784,-0.481168,56.28,-26.67,-18.69,-59
1787066724625,508682,Knee,walk,-0.818864,0.703208,-0.46848,53.06,-33.53,-1.33,-59
1787066724625,508699,Knee,walk,-0.818864,0.724192,-0.420168,44.45,-50.75,11.41,-59
1787066724987,508879,Knee,walk,-0.648064,0.647576,-0.34404,-83.23,15.68,161.56,-66
1787066724987,508910,Knee,walk,-0.68808,0.674416,-0.36356,-103.32,-43.05,182.7,-66
1787066724987,508928,Knee,walk,-0.655872,0.708088,-0.349408,-104.16,-63.63,184.59,-66
1787066724987,508945,Knee,walk,-0.495808,0.737856,-0.30012,-104.93,-96.46,191.94,-66
1787066724987,508962,Knee,walk,-0.259616,0.814472,-0.215696,-102.27,-110.46,192.43,-66
1787066724987,508993,Knee,walk,0.080032,0.870104,-0.024888,-89.67,-84.14,186.06,-66
1787066724987,509010,Knee,walk,0.11956,0.915976,0.049288,-82.74,-48.72,178.57,-66
1787066724987,509027,Knee,walk,0.101016,0.970144,0.084912,-80.64,-28.42,162.89,-66
1787066724987,509044,Knee,walk,0.191784,0.935496,0.195688,-71.82,-26.67,136.15,-66
1787066724987,509061,Knee,walk,0.294264,0.909632,0.254248,-61.74,-13.02,102.27,-66
1787066725348,509242,Knee,walk,0.115656,1.339072,0.032696,51.87,64.4,-51.31,-66
1787066725348,509273,Knee,walk,-0.111752,0.88328,-0.140544,53.76,55.02,-64.12,-66
1787066725348,509290,Knee,walk,-0.252784,0.95648,-0.322568,53.13,60.83,-53.62,-66
1787066725348,509306,Knee,walk,-0.346968,0.955016,-0.361608,50.05,40.39,-47.53,-66
1787066725348,509323,Knee,walk,-0.505568,0.90524,-0.336232,49,23.66,-45.64,-66
1787066725348,509354,Knee,walk,-0.491416,0.95404,-0.124928,36.82,-21.91,-28.98,-66
1787066725348,509371,Knee,walk,-0.26108,0.985272,-0.093696,35.35,-26.53,-27.3,-66
1787066725348,509388,Knee,walk,-0.0122,1.017968,-0.068808,32.97,-13.93,-29.19,-66
1787066725348,509405,Knee,walk,0.037088,0.99064,-0.086376,29.54,14.98,-28.28,-66
1787066725348,509422,Knee,walk,-0.040992,0.945744,-0.091256,28.63,25.55,-23.45,-66
1787066725709,509601,Knee,walk,-0.062464,0.981368,-0.091744,23.8,-28.14,-22.68,-66
1787066725709,509632,Knee,walk,-0.030256,0.967704,-0.107848,20.09,-17.15,-20.65,-66
1787066725709,509649,Knee,walk,-0.012688,0.979416,-0.125904,16.31,-3.78,-19.18,-66
1787066725709,509666,Knee,walk,-0.016592,0.98088,-0.125416,13.16,8.89,-18.34,-66
1787066725709,509683,Knee,walk,-0.061976,0.976976,-0.106384,13.09,13.3,-18.41,-66
1787066725709,509714,Knee,walk,-0.17568,0.987224,-0.110776,13.02,10.43,-19.32,-66
1787066725709,509731,Knee,walk,-0.231312,0.976976,-0.114192,12.95,4.83,-19.74,-66
1787066725709,509748,Knee,walk,-0.223016,0.975024,-0.118584,14,-8.12,-20.02,-66
1787066725709,509765,Knee,walk,-0.196664,0.989664,-0.108336,14.63,-18.55,-20.86,-66
1787066725709,509782,Knee,walk,-0.149328,0.973072,-0.081008,15.75,-25.06,-21.98,-66
1787066726068,509963,Knee,walk,-0.17812,0.926712,-0.110776,25.76,-22.26,-48.09,-66
1787066726068,509993,Knee,walk,-0.2196,0.96624,-0.17324,29.33,-30.45,-53.06,-66
1787066726068,510010,Knee,walk,-0.25864,1.0004,-0.12688,30.87,-34.79,-55.37,-66
1787066726068,510028,Knee,walk,-0.282064,1.0248,-0.092232,32.83,-36.4,-58.45,-66
1787066726068,510044,Knee,walk,-0.26108,1.04676,-0.088816,32.97,-34.65,-62.51,-66
1787066726068,510075,Knee,walk,-0.159088,1.148752,0.029768,31.29,-18.62,-67.76,-66
1787066726068,510092,Knee,walk,-0.249856,1.124352,0.140056,33.46,-13.09,-71.61,-66
1787066726068,510109,Knee,walk,-0.315248,1.10288,0.186416,36.33,-22.89,-77.14,-66
1787066726068,510126,Knee,walk,-0.372344,1.095072,0.203984,45.22,-34.44,-82.53,-66
1787066726068,510143,Knee,walk,-0.357704,1.142896,0.138592,54.67,-64.19,-91,-66
1787066726429,510322,Knee,walk,-0.869128,0.608048,-0.522648,37.59,-21.35,-0.49,-68
1787066726429,510353,Knee,walk,-0.793,0.577792,-0.437248,19.95,-35.77,31.43,-68
1787066726429,510370,Knee,walk,-0.731024,0.632448,-0.379664,2.1,-45.71,53.69,-68
1787066726429,510387,Knee,walk,-0.677832,0.609024,-0.34892,-16.24,-38.08,74.97,-68
1787066726429,510404,Knee,walk,-0.64904,0.534848,-0.324032,-32.2,-22.33,93.03,-68
1787066726429,510435,Knee,walk,-0.547048,0.62464,-0.29768,-49.35,4.69,116.76,-68
1787066726429,510452,Knee,walk,-0.575352,0.63928,-0.301096,-60.2,23.59,126.42,-68
1787066726429,510469,Knee,walk,-0.603168,0.626592,-0.309392,-67.9,31.78,131.95,-68
1787066726429,510486,Knee,walk,-0.624152,0.595848,-0.304024,-73.08,33.67,137.69,-68
1787066726429,510503,Knee,walk,-0.611952,0.642696,-0.27084,-79.52,37.31,152.74,-68
1787066726788,510683,Knee,walk,-0.038552,0.889624,0.156648,-68.53,-47.6,139.44,-68
1787066726788,510713,Knee,walk,0.225456,0.842776,0.2684,-40.6,-47.67,90.23,-68
1787066726788,510731,Knee,walk,0.37088,0.88084,0.266448,-19.81,-42.63,74.41,-68
1787066726788,510747,Knee,walk,0.501176,0.928176,0.300608,-8.26,-30.87,43.26,-68
1787066726788,510764,Knee,walk,0.572424,0.869128,0.372832,-0.14,-9.94,12.32,-68
1787066726788,510795,Knee,walk,0.41236,0.800808,0.345992,20.3,27.79,-33.18,-68
1787066726788,510812,Knee,walk,0.22204,0.783728,0.245464,35.49,45.36,-59.29,-68
1787066726788,510829,Knee,walk,0.02196,0.806664,0.055632,50.54,57.75,-77.84,-68
1787066726788,510846,Knee,walk,-0.092232,0.942328,-0.095648,55.44,57.19,-68.74,-68
1787066726788,510863,Knee,walk,-0.232288,1.382016,-0.081496,28.28,44.66,-47.04,-68
1787066727161,511041,Knee,walk,-0.579744,0.950136,-0.188368,38.64,-20.37,-26.6,-68
1787066727161,511072,Knee,walk,-0.289384,1.017968,-0.076128,35.63,-44.73,-23.24,-68
1787066727161,511089,Knee,walk,-0.061488,1.046272,-0.025376,32.62,-29.47,-26.81,-68
1787066727161,511106,Knee,walk,0.081496,0.976976,-0.035136,28.21,-5.6,-27.37,-68
1787066727161,511124,Knee,walk,0.107848,0.953552,-0.066856,27.37,18.41,-24.92,-68
1787066727161,511155,Knee,walk,-0.047824,0.996496,-0.1098,21.21,27.93,-17.29,-68
1787066727161,511172,Knee,walk,-0.166896,0.996984,-0.088328,21.07,11.62,-16.66,-68
1787066727161,511189,Knee,walk,-0.179096,0.991128,-0.091256,22.47,-7.21,-17.5,-68
1787066727161,511206,Knee,walk,-0.12688,0.995032,-0.087352,21,-18.55,-18.48,-68
1787066727161,511223,Knee,walk,-0.01708,0.999424,-0.046848,20.51,-19.6,-19.11,-68
1787066727513,511403,Knee,walk,-0.17324,0.999424,-0.125904,10.92,-3.01,-18.27,-67
1787066727513,511433,Knee,walk,-0.183,0.989664,-0.110776,10.08,-11.48,-18.69,-67
1787066727513,511450,Knee,walk,-0.177632,0.981368,-0.099552,9.73,-13.51,-18.9,-67
1787066727513,511468,Knee,walk,-0.12688,0.980392,-0.070272,10.08,-20.09,-19.46,-67
1787066727513,511484,Knee,walk,-0.007808,0.989176,-0.02684,10.78,-24.64,-22.96,-67
1787066727513,511515,Knee,walk,0.057096,0.951112,0.02196,14.49,-26.11,-27.93,-67
1787066727513,511532,Knee,walk,0.0732,0.970632,0.018544,16.73,-27.09,-32.97,-67
1787066727513,511549,Knee,walk,0.077104,0.990152,0.00976,18.48,-24.99,-37.87,-67
1787066727513,511566,Knee,walk,0.109312,0.968192,0.00488,19.6,-23.24,-42.49,-67
1787066727513,511583,Knee,walk,0.122976,0.960872,-0.003904,20.44,-21.7,-47.88,-67
1787066727874,511763,Knee,walk,-0.550464,1.031144,0.223992,71.61,-52.64,-95.06,-67
1787066727874,511794,Knee,walk,-0.284504,1.22244,0.094672,54.32,-102.2,-95.13,-67
1787066727874,511811,Knee,walk,-0.252784,1.162904,0.131272,53.97,-99.82,-82.32,-67
1787066727874,511828,Knee,walk,-0.260104,1.021872,0.088816,55.37,-94.99,-77.7,-67
1787066727874,511845,Knee,walk,-0.301096,0.999912,-0.072224,62.02,-67.55,-67.27,-67
1787066727874,511876,Knee,walk,-0.570472,0.931592,-0.316712,61.46,-2.24,-50.33,-67
1787066727874,511893,Knee,walk,-0.749568,0.856928,-0.428464,64.33,-11.62,-45.22,-67
1787066727874,511910,Knee,walk,-0.895968,0.786168,-0.496296,62.37,-15.4,-31.78,-67
1787066727874,511927,Knee,walk,-1.012112,0.648064,-0.538752,60.48,-35,-14.98,-67
1787066727874,511944,Knee,walk,-1.016504,0.552416,-0.44896,53.97,-70.35,6.16,-67
1787066728236,512123,Knee,walk,-0.789584,0.621224,-0.203008,-38.29,-32.83,171.78,-67
1787066728236,512154,Knee,walk,-0.746152,0.64172,-0.264496,-48.37,-83.86,189.07,-67
1787066728236,512171,Knee,walk,-0.518744,0.696376,-0.277672,-51.87,-115.08,193.2,-67
1787066728236,512188,Knee,walk,-0.399672,0.747616,-0.258152,-51.31,-117.74,195.09,-67
1787066728236,512205,Knee,walk,-0.296704,0.82716,-0.22448,-51.52,-114.45,193.83,-67
1787066728236,512236,Knee,walk,-0.18788,0.943304,-0.142984,-52.57,-122.71,177.45,-67
1787066728236,512253,Knee,walk,-0.163968,0.890112,-0.088816,-53.55,-123.06,164.64,-67
1787066728236,512270,Knee,walk,-0.026352,0.874496,-0.041968,-45.29,-118.37,156.8,-67
1787066728236,512287,Knee,walk,0.267424,1.054568,0.060024,-45.22,-112.7,133.98,-67
1787066728236,512304,Knee,walk,0.504592,1.026752,0.223992,-48.09,-82.53,105.28,-67
1787066728598,512486,Knee,walk,0.360632,0.967704,0.261568,29.61,9.73,-45.64,-81
1787066728598,512517,Knee,walk,-0.203496,1.016992,-0.162504,41.51,-13.93,-51.87,-81
1787066728598,512534,Knee,walk,-0.23424,0.96624,-0.239608,26.67,-2.24,-46.27,-81
1787066728598,512552,Knee,walk,-0.381616,0.833992,-0.304512,25.34,-8.26,-38.43,-81
1787066728598,512569,Knee,walk,-0.405528,0.93696,-0.284504,27.65,-22.33,-37.73,-81
1787066728598,512600,Knee,walk,-0.267424,1.01504,-0.121512,18.06,-32.13,-27.09,-81
1787066728598,512617,Knee,walk,-0.201056,0.94916,-0.08296,19.11,-27.37,-23.03,-81
1787066728598,512634,Knee,walk,-0.192272,0.998448,-0.089792,18.34,-15.68,-18.62,-81
1787066728598,512651,Knee,walk,-0.199592,1.004792,-0.083448,16.59,-10.57,-16.24,-81
1787066728598,512668,Knee,walk,-0.191296,0.975024,-0.05368,16.38,-9.52,-15.68,-81
1787066728972,512848,Knee,walk,-0.041968,0.985272,-0.059048,11.97,-32.62,-10.22,-81
1787066728972,512878,Knee,walk,-0.022936,0.983808,-0.06832,10.71,-36.54,-10.08,-81
1787066728972,512895,Knee,walk,-0.045384,0.989664,-0.084424,10.36,-35.28,-9.94,-81
1787066728972,512912,Knee,walk,-0.067832,0.984784,-0.101016,9.24,-33.11,-9.31,-81
1787066728972,512929,Knee,walk,-0.10248,0.972584,-0.074176,8.89,-30.59,-8.96,-81
1787066728972,512960,Knee,walk,-0.154696,0.998448,-0.089304,8.47,-28,-9.24,-81
1787066728972,512977,Knee,walk,-0.135176,0.97844,-0.09028,7.77,-25.69,-10.01,-81
1787066728972,512994,Knee,walk,-0.115656,0.984296,-0.092232,8.19,-21.77,-10.36,-81
1787066728972,513011,Knee,walk,-0.116144,0.998936,-0.11468,5.88,-17.15,-9.59,-81
1787066728972,513028,Knee,walk,-0.118584,0.985272,-0.1098,5.04,-15.96,-10.01,-81
1787066729438,513207,Knee,walk,-0.080032,0.997472,-0.073688,7.35,4.34,-18.76,-81
1787066729438,513238,Knee,walk,-0.074664,0.977464,-0.103456,9.24,-5.32,-23.87,-81
1787066729438,513255,Knee,walk,-0.078568,0.972584,-0.10736,9.38,-6.58,-24.99,-81
1787066729438,513272,Knee,walk,-0.094672,0.97112,-0.086864,8.82,-10.71,-25.76,-81
1787066729438,513288,Knee,walk,-0.111264,0.974536,-0.075152,9.94,-14.91,-28.07,-81
1787066729438,513319,Knee,walk,-0.109312,0.979416,-0.081496,9.66,-22.33,-31.29,-81
1787066729438,513336,Knee,walk,-0.08052,0.969168,-0.069784,9.94,-24.5,-33.95,-81
1787066729438,513353,Knee,walk,-0.0976,0.970144,-0.08052,10.64,-26.95,-36.12,-81
1787066729438,513370,Knee,walk,-0.099552,0.97112,-0.09272,10.78,-31.08,-38.43,-81
1787066729438,513401,Knee,walk,-0.037576,0.96868,-0.077104,12.6,-28.77,-43.05,-81
1787066729723,513579,Knee,walk,-0.406016,1.01016,0.14152,47.04,-42.28,-74.2,-57
1787066729723,513610,Knee,walk,-0.301584,1.123376,0.059536,50.75,-66.85,-75.67,-57
1787066729723,513627,Knee,walk,-0.283528,1.08092,0.067832,50.96,-68.81,-72.17,-57
1787066729723,513644,Knee,walk,-0.30744,1.017968,0.00732,50.47,-57.96,-65.45,-57
1787066729723,513661,Knee,walk,-0.365024,0.994056,-0.071248,50.75,-35.49,-57.68,-57
1787066729723,513693,Knee,walk,-0.613904,0.911096,-0.312808,52.57,-11.41,-47.6,-57
1787066729723,513710,Knee,walk,-0.655384,0.894992,-0.38308,56.56,-14.49,-42.42,-57
1787066729723,513727,Knee,walk,-0.715408,0.8662,-0.392352,56.98,-18.62,-30.87,-57
1787066729723,513744,Knee,walk,-0.763232,0.776408,-0.396256,52.29,-30.73,-24.22,-57
1787066729723,513761,Knee,walk,-0.818376,0.660264,-0.400648,49.21,-42.77,-9.1,-57
1787066730058,513941,Knee,walk,-0.649528,0.72468,-0.252784,-44.94,1.89,133.77,-57
1787066730058,513972,Knee,walk,-0.650992,0.715408,-0.227896,-62.58,-20.86,155.96,-57
1787066730058,513990,Knee,walk,-0.642696,0.758352,-0.230824,-65.8,-50.54,164.36,-57
1787066730058,514007,Knee,walk,-0.564616,0.78324,-0.222528,-67.55,-79.24,172.06,-57
1787066730058,514024,Knee,walk,-0.43188,0.83448,-0.212768,-63.98,-99.33,174.44,-57
1787066730058,514055,Knee,walk,-0.172264,0.894992,-0.166896,-58.24,-112.35,168.21,-57
1787066730058,514072,Knee,walk,-0.0244,0.894016,-0.057584,-55.44,-105.14,163.17,-57
1787066730058,514089,Knee,walk,0.025864,0.908168,0.04148,-53.83,-84.14,155.19,-57
1787066730058,514106,Knee,walk,0.098576,0.921344,0.073688,-51.24,-65.73,137.55,-57
1787066730058,514123,Knee,walk,0.210816,0.972096,0.141032,-44.1,-58.1,123.9,-57
1787066730414,514302,Knee,walk,0.532896,1.216584,0.215696,28.7,6.93,-22.26,-57
1787066730414,514333,Knee,walk,0.175192,1.002352,0.100528,24.5,79.66,-39.76,-57
1787066730414,514350,Knee,walk,-0.10736,1.014552,-0.018056,24.57,88.2,-39.48,-57
1787066730414,514367,Knee,walk,-0.32208,0.935496,-0.078568,27.72,70.35,-38.57,-57
1787066730414,514384,Knee,walk,-0.384056,0.924272,-0.162016,31.36,36.96,-35.91,-57
1787066730414,514415,Knee,walk,-0.27572,0.989176,-0.17568,28.28,-3.92,-24.64,-57
1787066730414,514432,Knee,walk,-0.223504,0.989664,-0.119072,27.37,-21.14,-21.42,-57
1787066730414,514449,Knee,walk,-0.228872,0.989176,-0.10736,29.26,-24.99,-19.88,-57
1787066730414,514466,Knee,walk,-0.220088,0.992592,-0.050264,26.95,-25.13,-18.76,-57
1787066730414,514483,Knee,walk,-0.173728,0.962336,-0.028304,27.72,-24.36,-18.34,-57
1787066730819,514662,Knee,walk,-0.033184,0.980392,-0.022936,15.33,-3.43,-15.89,-57
1787066730819,514693,Knee,walk,-0.054656,0.98332,-0.076128,13.79,-14.07,-16.24,-57
1787066730819,514710,Knee,walk,-0.055632,0.976976,-0.091744,14.07,-15.19,-14.35,-57
1787066730819,514727,Knee,walk,-0.088328,0.980392,-0.102968,11.76,-13.44,-13.09,-57
1787066730819,514744,Knee,walk,-0.108824,0.965752,-0.095648,11.13,-9.87,-12.11,-57
1787066730819,514775,Knee,walk,-0.143472,0.988688,-0.110288,10.57,-2.38,-11.97,-57
1787066730819,514792,Knee,walk,-0.14396,0.973072,-0.111752,9.59,-0.77,-11.76,-57
1787066730819,514809,Knee,walk,-0.155672,0.974048,-0.094672,9.1,-1.4,-11.69,-57
1787066730819,514826,Knee,walk,-0.170312,0.995032,-0.115168,9.31,-4.48,-11.55,-57
1787066730819,514843,Knee,walk,-0.164456,0.99308,-0.11224,9.03,-9.59,-11.69,-57
1787066731137,515022,Knee,walk,-0.048312,0.971608,-0.081496,10.64,-20.51,-14.35,-71
1787066731137,515053,Knee,walk,-0.033184,0.976976,-0.103944,10.57,-13.44,-15.89,-71
1787066731137,515070,Knee,walk,-0.027816,0.977952,-0.097112,9.59,-9.52,-17.92,-71
1787066731137,515088,Knee,walk,-0.060512,0.986736,-0.081984,8.82,-9.66,-19.88,-71
1787066731137,515105,Knee,walk,-0.110288,0.981368,-0.069296,10.43,-11.06,-20.79,-71
1787066731137,515136,Knee,walk,-0.120536,0.955992,-0.077592,12.95,-20.3,-23.45,-71
1787066731137,515153,Knee,walk,-0.1098,0.957944,-0.105896,13.72,-20.51,-24.57,-71
1787066731137,515170,Knee,walk,-0.1342,0.973072,-0.125416,14.21,-19.53,-26.46,-71
1787066731137,515187,Knee,walk,-0.177632,0.973072,-0.14152,14.98,-20.93,-27.51,-71
1787066731137,515204,Knee,walk,-0.170312,0.98332,-0.147376,16.03,-24.78,-29.19,-71
1787066731497,515384,Knee,walk,-0.312808,0.939888,-0.123952,17.01,-15.33,-42.21,-71
1787066731497,515415,Knee,walk,-0.291336,0.93208,-0.09028,19.6,-16.24,-43.47,-71
1787066731497,515432,Knee,walk,-0.318664,0.938912,-0.077104,21.49,-16.59,-45.22,-71
1787066731497,515449,Knee,walk,-0.322568,0.940376,-0.04636,24.01,-20.09,-48.09,-71
1787066731497,515466,Knee,walk,-0.291336,0.9394,-0.022936,25.55,-22.33,-52.71,-71
1787066731497,515497,Knee,walk,-0.215208,0.992592,0.039528,32.48,-35.49,-58.38,-71
1787066731497,515514,Knee,walk,-0.19032,1.02236,0.046848,34.86,-45.36,-61.67,-71
1787066731497,515530,Knee,walk,-0.143472,1.094584,0.088328,40.25,-49.7,-64.12,-71
1787066731497,515547,Knee,walk,-0.093208,1.16144,0.074664,42.84,-51.24,-71.89,-71
1787066731497,515564,Knee,walk,-0.052704,1.196576,0.073688,46.2,-46.27,-74.34,-71
