pc_timestamp,arduino_ms,node_position,activity,ax,ay,az,gx,gy,gz,rssi
1786634552631,304715,Thigh,sit,-0.64416,-0.410896,0.689056,1.12,-2.45,-0.21,-53
1786634552631,304732,Thigh,sit,-0.644648,-0.411872,0.689056,1.12,-2.31,-0.07,-53
1786634552631,304762,Thigh,sit,-0.637816,-0.409432,0.68808,1.19,-2.31,-0.07,-53
1786634552631,304779,Thigh,sit,-0.637328,-0.411384,0.68808,1.26,-2.31,0.07,-53
1786634552631,304857,Thigh,sit,-0.642696,-0.409432,0.686616,1.26,-2.31,0,-53
1786634552631,304888,Thigh,sit,-0.644648,-0.409432,0.687592,1.33,-2.45,-0.07,-53
1786634552631,304905,Thigh,sit,-0.64172,-0.408456,0.68808,1.4,-2.45,-0.07,-53
1786634552631,304922,Thigh,sit,-0.641232,-0.408456,0.688568,1.4,-2.31,-0.14,-53
1786634552631,304939,Thigh,sit,-0.64416,-0.407968,0.688568,1.33,-2.24,-0.14,-53
1786634552631,304970,Thigh,sit,-0.645624,-0.408944,0.686128,1.26,-2.31,-0.14,-53
1786634553008,305147,Thigh,sit,-0.645136,-0.412848,0.69052,1.61,-2.94,-0.14,-53
1786634553008,305177,Thigh,sit,-0.642696,-0.40748,0.68808,1.26,-2.59,-0.35,-53
1786634553008,305194,Thigh,sit,-0.64416,-0.408944,0.689056,1.12,-2.38,-0.35,-53
1786634553008,305211,Thigh,sit,-0.645136,-0.409432,0.688568,1.12,-2.38,-0.35,-53
1786634553008,305228,Thigh,sit,-0.64172,-0.406504,0.686128,1.19,-2.66,-0.14,-53
1786634553008,305259,Thigh,sit,-0.639768,-0.409432,0.690032,1.33,-2.66,-0.14,-53
1786634553008,305276,Thigh,sit,-0.640744,-0.410896,0.691008,1.4,-2.59,-0.21,-53
1786634553008,305293,Thigh,sit,-0.641232,-0.410896,0.689544,1.33,-2.38,-0.28,-53
1786634553008,305310,Thigh,sit,-0.643184,-0.410408,0.687104,1.19,-2.24,-0.14,-53
1786634553008,305341,Thigh,sit,-0.643184,-0.411872,0.687592,1.19,-2.45,-0.07,-53
1786634553395,305517,Thigh,sit,-0.645624,-0.411872,0.68808,1.26,-2.38,-0.07,-53
1786634553395,305548,Thigh,sit,-0.644648,-0.407968,0.686616,1.26,-2.38,0,-53
1786634553395,305565,Thigh,sit,-0.643672,-0.408944,0.687104,1.26,-2.38,-0.07,-53
1786634553395,305582,Thigh,sit,-0.645624,-0.411384,0.68808,1.26,-2.38,-0.07,-53
1786634553395,305599,Thigh,sit,-0.64416,-0.410896,0.68564,1.26,-2.45,-0.14,-53
1786634553395,305630,Thigh,sit,-0.643672,-0.410896,0.687104,1.26,-2.45,-0.14,-53
1786634553395,305647,Thigh,sit,-0.645136,-0.410408,0.68808,1.26,-2.38,-0.14,-53
1786634553395,305664,Thigh,sit,-0.643672,-0.410408,0.686128,1.33,-2.59,-0.14,-53
1786634553395,305681,Thigh,sit,-0.642696,-0.410408,0.68564,1.33,-2.52,-0.14,-53
1786634553395,305698,Thigh,sit,-0.643184,-0.410408,0.68808,1.26,-2.59,-0.21,-53
1786634553696,305874,Thigh,sit,-0.64416,-0.40992,0.687104,1.33,-2.52,-0.14,-53
1786634553696,305905,Thigh,sit,-0.644648,-0.407968,0.686128,1.33,-2.52,-0.14,-53
1786634553696,305922,Thigh,sit,-0.643184,-0.409432,0.689056,1.33,-2.45,-0.14,-53
1786634553696,305939,Thigh,sit,-0.643672,-0.410408,0.687104,1.33,-2.38,-0.14,-53
1786634553696,305956,Thigh,sit,-0.644648,-0.409432,0.687104,1.33,-2.38,-0.07,-53
1786634553696,305987,Thigh,sit,-0.64172,-0.410408,0.686616,1.26,-2.59,-0.14,-53
1786634553696,306004,Thigh,sit,-0.640744,-0.408944,0.685152,1.47,-2.66,0,-53
1786634553696,306021,Thigh,sit,-0.650016,-0.413336,0.692472,1.33,-2.17,-0.21,-53
1786634553696,306038,Thigh,sit,-0.646112,-0.412848,0.691984,1.33,-3.36,0.07,-53
1786634553696,306055,Thigh,sit,-0.63684,-0.411872,0.678808,1.33,-2.73,0.35,-53
1786634554071,306231,Thigh,sit,-0.63928,-0.410896,0.68808,1.26,-2.52,-0.21,-50
1786634554071,306262,Thigh,sit,-0.640744,-0.410896,0.688568,1.33,-2.59,-0.21,-50
1786634554071,306279,Thigh,sit,-0.64416,-0.411384,0.689056,1.4,-2.38,-0.14,-50
1786634554071,306296,Thigh,sit,-0.646112,-0.40992,0.686128,1.4,-2.38,-0.14,-50
1786634554071,306313,Thigh,sit,-0.644648,-0.407968,0.685152,1.33,-2.38,-0.14,-50
1786634554071,306344,Thigh,sit,-0.646112,-0.410408,0.686616,1.19,-2.45,-0.14,-50
1786634554071,306361,Thigh,sit,-0.642696,-0.410408,0.686128,1.19,-2.52,0,-50
1786634554071,306378,Thigh,sit,-0.64172,-0.411384,0.687592,1.26,-2.66,-0.07,-50
1786634554071,306394,Thigh,sit,-0.640256,-0.410896,0.688568,1.26,-2.66,-0.14,-50
1786634554071,306425,Thigh,sit,-0.64172,-0.411384,0.69052,1.33,-2.38,-0.21,-50
1786634554429,306601,Thigh,sit,-0.647088,-0.409432,0.686616,1.19,-2.31,-0.14,-51
1786634554429,306632,Thigh,sit,-0.645624,-0.410408,0.68564,1.19,-2.31,-0.14,-51
1786634554429,306650,Thigh,sit,-0.644648,-0.410408,0.684664,1.12,-2.52,-0.14,-51
1786634554429,306667,Thigh,sit,-0.648552,-0.412848,0.687104,1.33,-2.31,-0.28,-51
1786634554429,306684,Thigh,sit,-0.637816,-0.410408,0.6832,1.26,-2.94,-0.14,-51
1786634554429,306702,Thigh,sit,-0.649528,-0.413336,0.690032,1.61,-2.38,-0.35,-51
1786634554429,306733,Thigh,sit,-0.642696,-0.40992,0.686616,1.68,-3.22,0,-51
1786634554429,306750,Thigh,sit,-0.642208,-0.409432,0.68808,1.61,-2.87,-0.14,-51
1786634554429,306767,Thigh,sit,-0.641232,-0.407968,0.690032,1.54,-3.15,-0.14,-51
1786634554429,306784,Thigh,sit,-0.643184,-0.406992,0.691008,1.47,-2.66,-0.21,-51
1786634554788,306960,Thigh,sit,-0.645624,-0.40748,0.682224,1.19,-2.45,-0.14,-51
1786634554788,306991,Thigh,sit,-0.64904,-0.410896,0.6832,1.05,-2.66,0,-51
1786634554788,307009,Thigh,sit,-0.64172,-0.413824,0.685152,1.26,-3.15,0.14,-51
1786634554788,307026,Thigh,sit,-0.637816,-0.410896,0.690032,1.54,-3.01,0.14,-51
1786634554788,307043,Thigh,sit,-0.637816,-0.408944,0.693936,1.54,-2.8,-0.14,-51
1786634554788,307074,Thigh,sit,-0.63928,-0.410408,0.689056,1.54,-2.38,-0.21,-51
1786634554788,307091,Thigh,sit,-0.641232,-0.408456,0.684664,1.47,-2.38,-0.07,-51
1786634554788,307108,Thigh,sit,-0.643672,-0.409432,0.684664,1.26,-2.52,0,-51
1786634554788,307125,Thigh,sit,-0.647576,-0.410896,0.684664,1.19,-2.66,0.07,-51
1786634554788,307142,Thigh,sit,-0.645624,-0.407968,0.686128,1.26,-2.66,0.07,-51
1786634555148,307318,Thigh,sit,-0.643672,-0.409432,0.686128,1.4,-2.73,-0.14,-51
1786634555148,307348,Thigh,sit,-0.645136,-0.410896,0.688568,1.33,-2.59,-0.14,-51
1786634555148,307366,Thigh,sit,-0.644648,-0.40992,0.687592,1.33,-2.45,-0.28,-51
1786634555148,307383,Thigh,sit,-0.642208,-0.408944,0.686616,1.33,-2.52,-0.21,-51
1786634555148,307400,Thigh,sit,-0.643184,-0.40992,0.686616,1.33,-2.52,-0.14,-51
1786634555148,307431,Thigh,sit,-0.643672,-0.410896,0.687592,1.4,-2.66,-0.07,-51
1786634555148,307448,Thigh,sit,-0.643672,-0.410896,0.68808,1.4,-2.45,-0.14,-51
1786634555148,307465,Thigh,sit,-0.643184,-0.410408,0.688568,1.4,-2.52,-0.07,-51
1786634555148,307482,Thigh,sit,-0.64172,-0.40992,0.689056,1.4,-2.59,-0.14,-51
1786634555148,307499,Thigh,sit,-0.643184,-0.408944,0.686616,1.4,-2.52,-0.14,-51
1786634555508,307676,Thigh,sit,-0.643184,-0.408944,0.686616,1.12,-2.45,-0.21,-55
1786634555508,307708,Thigh,sit,-0.642696,-0.411384,0.68808,1.19,-2.38,-0.28,-55
1786634555508,307724,Thigh,sit,-0.642696,-0.411872,0.689056,1.19,-2.45,-0.21,-55
1786634555508,307741,Thigh,sit,-0.640256,-0.41236,0.68808,1.26,-2.45,-0.07,-55
1786634555508,307759,Thigh,sit,-0.63928,-0.412848,0.689056,1.33,-2.45,-0.07,-55
1786634555508,307790,Thigh,sit,-0.64416,-0.409432,0.689544,1.47,-2.31,-0.28,-55
1786634555508,307807,Thigh,sit,-0.643672,-0.407968,0.688568,1.47,-2.31,-0.35,-55
1786634555508,307824,Thigh,sit,-0.644648,-0.40748,0.687104,1.4,-2.24,-0.28,-55
1786634555508,307841,Thigh,sit,-0.644648,-0.408456,0.684664,1.19,-2.31,-0.14,-55
1786634555508,307858,Thigh,sit,-0.64416,-0.40992,0.684176,1.26,-2.52,0,-55
1786634555865,308034,Thigh,sit,-0.643672,-0.40748,0.688568,1.26,-2.38,-0.07,-55
1786634555865,308065,Thigh,sit,-0.645624,-0.40992,0.686128,1.26,-2.45,-0.07,-55
1786634555865,308083,Thigh,sit,-0.645624,-0.40992,0.686128,1.33,-2.59,0,-55
1786634555865,308099,Thigh,sit,-0.644648,-0.408456,0.686616,1.26,-2.59,0,-55
1786634555865,308116,Thigh,sit,-0.643672,-0.408456,0.689056,1.26,-2.52,-0.07,-55
1786634555865,308147,Thigh,sit,-0.642696,-0.408944,0.687592,1.12,-2.31,-0.07,-55
1786634555865,308164,Thigh,sit,-0.642208,-0.410408,0.68808,1.26,-2.38,-0.07,-55
1786634555865,308182,Thigh,sit,-0.643184,-0.408944,0.689056,1.26,-2.45,-0.07,-55
1786634555865,308199,Thigh,sit,-0.643672,-0.409432,0.687592,1.33,-2.38,-0.14,-55
1786634555865,308216,Thigh,sit,-0.644648,-0.40992,0.68808,1.33,-2.38,-0.28,-55
1786634556225,308393,Thigh,sit,-0.64416,-0.408944,0.687592,1.4,-2.66,-0.14,-55
1786634556225,308423,Thigh,sit,-0.6466,-0.410896,0.687104,1.33,-2.66,-0.28,-55
1786634556225,308441,Thigh,sit,-0.645136,-0.40992,0.687104,1.33,-2.59,-0.35,-55
1786634556225,308457,Thigh,sit,-0.644648,-0.408944,0.68808,1.26,-2.66,-0.35,-55
1786634556225,308474,Thigh,sit,-0.643184,-0.408944,0.687592,1.12,-2.73,-0.35,-55
1786634556225,308505,Thigh,sit,-0.64172,-0.408456,0.688568,1.19,-2.59,-0.28,-55
1786634556225,308522,Thigh,sit,-0.640744,-0.40992,0.690032,1.19,-2.59,-0.28,-55
1786634556225,308539,Thigh,sit,-0.641232,-0.40992,0.689544,1.26,-2.52,-0.14,-55
1786634556225,308556,Thigh,sit,-0.640744,-0.408456,0.687104,1.26,-2.52,-0.07,-55
1786634556225,308573,Thigh,sit,-0.641232,-0.407968,0.687592,1.26,-2.52,-0.07,-55
1786634556585,308752,Thigh,sit,-0.645136,-0.409432,0.687592,1.26,-2.45,-0.21,-57
1786634556585,308782,Thigh,sit,-0.645624,-0.40992,0.686128,1.26,-2.52,-0.14,-57
1786634556585,308800,Thigh,sit,-0.643672,-0.40992,0.687592,1.26,-2.59,-0.21,-57
1786634556585,308816,Thigh,sit,-0.64172,-0.410896,0.686128,1.26,-2.59,-0.21,-57
1786634556585,308833,Thigh,sit,-0.643184,-0.410408,0.68808,1.4,-2.66,-0.21,-57
1786634556585,308864,Thigh,sit,-0.645136,-0.40992,0.687592,1.33,-2.66,-0.28,-57
1786634556585,308881,Thigh,sit,-0.643184,-0.40992,0.689056,1.26,-2.59,-0.21,-57
1786634556585,308898,Thigh,sit,-0.642696,-0.40992,0.68808,1.19,-2.59,-0.14,-57
1786634556585,308915,Thigh,sit,-0.643184,-0.409432,0.689056,1.19,-2.52,-0.14,-57
1786634556585,308932,Thigh,sit,-0.642696,-0.410408,0.689056,1.19,-2.59,-0.21,-57
1786634556942,309109,Thigh,sit,-0.64172,-0.408456,0.68808,1.26,-2.52,0.07,-57
1786634556942,309139,Thigh,sit,-0.64416,-0.40992,0.68808,1.26,-2.52,-0.28,-57
1786634556942,309156,Thigh,sit,-0.645136,-0.409432,0.68808,1.4,-2.52,-0.28,-57
1786634556942,309173,Thigh,sit,-0.643672,-0.408456,0.686128,1.4,-2.52,-0.35,-57
1786634556942,309190,Thigh,sit,-0.64416,-0.409432,0.687104,1.26,-2.59,-0.28,-57
1786634556942,309221,Thigh,sit,-0.642696,-0.410896,0.689544,1.12,-2.59,-0.14,-57
1786634556942,309238,Thigh,sit,-0.642208,-0.410896,0.690032,1.12,-2.52,-0.14,-57
1786634556942,309255,Thigh,sit,-0.640744,-0.410408,0.688568,1.26,-2.52,-0.07,-57
1786634556942,309272,Thigh,sit,-0.640744,-0.41236,0.689056,1.26,-2.59,-0.07,-57
1786634556942,309289,Thigh,sit,-0.64172,-0.410896,0.690032,1.26,-2.59,-0.14,-57
1786634557303,309466,Thigh,sit,-0.645136,-0.408456,0.687592,1.33,-2.38,-0.21,-57
1786634557303,309498,Thigh,sit,-0.64416,-0.409432,0.687592,1.26,-2.45,-0.14,-57
1786634557303,309515,Thigh,sit,-0.64416,-0.408944,0.687592,1.19,-2.45,-0.07,-57
1786634557303,309531,Thigh,sit,-0.64416,-0.40992,0.68808,1.12,-2.45,-0.14,-57
1786634557303,309548,Thigh,sit,-0.643672,-0.410896,0.687592,1.12,-2.45,-0.14,-57
1786634557303,309579,Thigh,sit,-0.643184,-0.410408,0.687104,1.33,-2.52,-0.14,-57
1786634557303,309596,Thigh,sit,-0.64172,-0.410408,0.687592,1.33,-2.66,-0.14,-57
1786634557303,309613,Thigh,sit,-0.64172,-0.410896,0.687592,1.33,-2.73,-0.14,-57
1786634557303,309630,Thigh,sit,-0.642696,-0.409432,0.690032,1.4,-2.66,-0.14,-57
1786634557303,309647,Thigh,sit,-0.642208,-0.408456,0.689544,1.33,-2.59,-0.21,-57
1786634557663,309825,Thigh,sit,-0.644648,-0.408944,0.688568,1.33,-2.66,-0.07,-55
1786634557663,309855,Thigh,sit,-0.644648,-0.410408,0.689544,1.33,-2.59,-0.14,-55
1786634557663,309873,Thigh,sit,-0.643672,-0.408944,0.690032,1.33,-2.52,-0.21,-55
1786634557663,309890,Thigh,sit,-0.643184,-0.408456,0.68808,1.26,-2.52,-0.28,-55
1786634557663,309907,Thigh,sit,-0.643672,-0.409432,0.686616,1.19,-2.52,-0.21,-55
1786634557663,309938,Thigh,sit,-0.64172,-0.407968,0.68808,1.19,-2.59,-0.14,-55
1786634557663,309955,Thigh,sit,-0.64172,-0.40748,0.688568,1.19,-2.45,-0.14,-55
1786634557663,309972,Thigh,sit,-0.643672,-0.408944,0.689056,1.19,-2.45,-0.07,-55
1786634557663,309989,Thigh,sit,-0.642696,-0.40992,0.688568,1.26,-2.45,-0.07,-55
1786634557663,310006,Thigh,sit,-0.642696,-0.40992,0.689056,1.33,-2.52,-0.14,-55
1786634558032,310184,Thigh,sit,-0.64416,-0.413336,0.684664,1.26,-2.38,-0.21,-57
1786634558032,310216,Thigh,sit,-0.645136,-0.412848,0.686616,1.33,-2.59,-0.14,-57
1786634558032,310233,Thigh,sit,-0.646112,-0.410408,0.68564,1.26,-2.73,-0.14,-57
1786634558032,310249,Thigh,sit,-0.64416,-0.410896,0.686128,1.33,-2.73,-0.07,-57
1786634558032,310266,Thigh,sit,-0.643184,-0.40992,0.686128,1.33,-2.8,-0.07,-57
1786634558032,310297,Thigh,sit,-0.643672,-0.408944,0.689056,1.4,-2.87,-0.14,-57
1786634558032,310314,Thigh,sit,-0.64416,-0.408944,0.686616,1.4,-2.87,-0.21,-57
1786634558032,310331,Thigh,sit,-0.642208,-0.408456,0.688568,1.47,-2.73,-0.14,-57
1786634558032,310348,Thigh,sit,-0.643184,-0.407968,0.68808,1.4,-2.8,-0.21,-57
1786634558032,310365,Thigh,sit,-0.64416,-0.408456,0.688568,1.4,-2.73,-0.21,-57
1786634558412,310542,Thigh,sit,-0.643672,-0.413824,0.686616,0.98,-2.1,-0.14,-56
1786634558412,310573,Thigh,sit,-0.642696,-0.413824,0.685152,1.26,-2.52,-0.07,-56
1786634558412,310589,Thigh,sit,-0.64416,-0.414312,0.68564,1.4,-2.66,0,-56
1786634558412,310606,Thigh,sit,-0.643672,-0.413336,0.68564,1.4,-2.73,0,-56
1786634558412,310623,Thigh,sit,-0.643184,-0.412848,0.688568,1.4,-2.8,-0.07,-56
1786634558412,310654,Thigh,sit,-0.647088,-0.408944,0.689056,1.47,-2.8,-0.28,-56
1786634558412,310671,Thigh,sit,-0.645624,-0.408944,0.688568,1.4,-2.94,-0.28,-56
1786634558412,310688,Thigh,sit,-0.644648,-0.407968,0.68808,1.33,-2.8,-0.21,-56
1786634558412,310705,Thigh,sit,-0.64172,-0.409432,0.689056,1.26,-2.8,-0.21,-56
1786634558412,310722,Thigh,sit,-0.639768,-0.408944,0.690032,1.26,-2.59,-0.14,-56
1786634558812,310898,Thigh,sit,-0.642696,-0.41236,0.687104,1.12,-2.03,-0.21,-56
1786634558812,310929,Thigh,sit,-0.6466,-0.411872,0.68564,1.26,-2.1,-0.14,-56
1786634558812,310946,Thigh,sit,-0.647576,-0.4148,0.684664,1.19,-2.31,-0.21,-56
1786634558812,310963,Thigh,sit,-0.647088,-0.414312,0.685152,1.19,-2.45,-0.14,-56
1786634558812,310981,Thigh,sit,-0.646112,-0.413824,0.684176,1.26,-2.59,-0.14,-56
1786634558812,311011,Thigh,sit,-0.645136,-0.412848,0.684664,1.33,-3.08,-0.07,-56
1786634558812,311028,Thigh,sit,-0.644648,-0.411872,0.68808,1.47,-3.15,-0.14,-56
1786634558812,311045,Thigh,sit,-0.64172,-0.410408,0.688568,1.47,-3.15,-0.21,-56
1786634558812,311062,Thigh,sit,-0.641232,-0.409432,0.687592,1.54,-3.15,-0.21,-56
1786634558812,311079,Thigh,sit,-0.640744,-0.407968,0.688568,1.68,-3.22,-0.14,-56
1786634559097,311257,Thigh,sit,-0.643184,-0.408944,0.687592,1.12,-2.03,-0.07,-56
1786634559097,311288,Thigh,sit,-0.646112,-0.41236,0.687104,1.12,-2.03,-0.07,-56
1786634559097,311305,Thigh,sit,-0.640744,-0.410408,0.685152,1.26,-2.24,0.14,-56
1786634559097,311322,Thigh,sit,-0.642696,-0.413336,0.689544,1.19,-2.03,0.14,-56
1786634559097,311338,Thigh,sit,-0.64416,-0.4148,0.68808,1.05,-2.1,-0.07,-56
1786634559097,311369,Thigh,sit,-0.644648,-0.4148,0.685152,1.33,-2.38,-0.28,-56
1786634559097,311386,Thigh,sit,-0.64172,-0.413336,0.684664,1.4,-2.73,-0.21,-56
1786634559097,311403,Thigh,sit,-0.641232,-0.410896,0.68564,1.33,-2.66,-0.07,-56
1786634559097,311420,Thigh,sit,-0.646112,-0.410896,0.689056,1.26,-2.59,-0.14,-56
1786634559097,311437,Thigh,sit,-0.641232,-0.410896,0.687104,1.26,-2.73,-0.14,-56
1786634559456,311613,Thigh,sit,-0.641232,-0.410408,0.689544,1.19,-2.1,-0.07,-58
1786634559456,311644,Thigh,sit,-0.643184,-0.41236,0.687592,1.26,-1.96,-0.21,-58
1786634559456,311661,Thigh,sit,-0.644648,-0.41236,0.68564,1.33,-2.1,-0.14,-58
1786634559456,311679,Thigh,sit,-0.645624,-0.412848,0.684664,1.33,-2.03,-0.21,-58
1786634559456,311697,Thigh,sit,-0.648552,-0.413336,0.684664,1.26,-2.24,-0.21,-58
1786634559456,311713,Thigh,sit,-0.648064,-0.41236,0.6832,1.26,-2.45,-0.21,-58
1786634559456,311744,Thigh,sit,-0.645624,-0.410408,0.682224,1.54,-3.08,0,-58
1786634559456,311761,Thigh,sit,-0.645136,-0.410896,0.684176,1.61,-3.22,0,-58
1786634559456,311778,Thigh,sit,-0.645624,-0.40992,0.689056,1.54,-2.94,-0.07,-58
1786634559456,311795,Thigh,sit,-0.644648,-0.408456,0.689544,1.4,-2.87,-0.14,-58
1786634559812,311971,Thigh,sit,-0.646112,-0.410896,0.686616,1.26,-2.45,-0.14,-58
1786634559812,312003,Thigh,sit,-0.643672,-0.40992,0.687104,1.19,-2.31,-0.21,-58
1786634559812,312020,Thigh,sit,-0.643672,-0.40992,0.686128,1.19,-2.31,-0.14,-58
1786634559812,312038,Thigh,sit,-0.643672,-0.410408,0.687104,1.33,-2.59,-0.07,-58
1786634559812,312055,Thigh,sit,-0.64416,-0.411384,0.687104,1.4,-2.59,0,-58
1786634559812,312071,Thigh,sit,-0.643184,-0.410896,0.689056,1.47,-2.52,0,-58
1786634559812,312102,Thigh,sit,-0.64172,-0.411872,0.68808,1.33,-2.52,-0.14,-58
1786634559812,312119,Thigh,sit,-0.642696,-0.408456,0.688568,1.4,-2.52,-0.21,-58
1786634559812,312136,Thigh,sit,-0.645136,-0.409432,0.687592,1.4,-2.52,-0.21,-58
1786634559812,312153,Thigh,sit,-0.647088,-0.409432,0.68808,1.26,-2.59,-0.21,-58
1786634560172,312329,Thigh,sit,-0.644648,-0.407968,0.687104,1.19,-2.31,-0.07,-58
1786634560172,312360,Thigh,sit,-0.642696,-0.408944,0.68808,1.26,-2.38,-0.14,-58
1786634560172,312377,Thigh,sit,-0.643672,-0.40992,0.688568,1.26,-2.38,-0.14,-58
1786634560172,312394,Thigh,sit,-0.643672,-0.410408,0.687104,1.33,-2.45,-0.14,-58
1786634560172,312411,Thigh,sit,-0.64416,-0.410408,0.687104,1.33,-2.45,-0.07,-58
1786634560172,312441,Thigh,sit,-0.6466,-0.410408,0.687592,1.33,-2.45,-0.21,-58
1786634560172,312458,Thigh,sit,-0.647576,-0.408456,0.686128,1.33,-2.45,-0.14,-58
1786634560172,312475,Thigh,sit,-0.644648,-0.407968,0.686616,1.26,-2.52,-0.14,-58
1786634560172,312492,Thigh,sit,-0.646112,-0.408456,0.686616,1.26,-2.59,-0.14,-58
1786634560172,312509,Thigh,sit,-0.645136,-0.408944,0.687592,1.26,-2.59,-0.14,-58
1786634560530,312687,Thigh,sit,-0.645624,-0.409432,0.687104,1.26,-2.45,-0.21,-58
1786634560530,312718,Thigh,sit,-0.645624,-0.408456,0.687592,1.19,-2.52,-0.21,-58
1786634560530,312735,Thigh,sit,-0.64416,-0.410408,0.68564,1.26,-2.59,-0.14,-58
1786634560530,312752,Thigh,sit,-0.642208,-0.410408,0.687104,1.4,-2.73,-0.07,-58
1786634560530,312768,Thigh,sit,-0.64172,-0.408456,0.689056,1.33,-2.59,-0.14,-58
1786634560530,312799,Thigh,sit,-0.64416,-0.409432,0.69052,1.26,-2.17,-0.28,-58
1786634560530,312816,Thigh,sit,-0.643184,-0.408944,0.687104,1.26,-2.24,-0.28,-58
1786634560530,312833,Thigh,sit,-0.643184,-0.407968,0.686128,1.26,-2.31,-0.14,-58
1786634560530,312850,Thigh,sit,-0.645136,-0.40748,0.687592,1.26,-2.31,-0.21,-58
1786634560530,312867,Thigh,sit,-0.6466,-0.410408,0.68808,1.26,-2.38,-0.21,-58
1786634560900,313044,Thigh,sit,-0.645136,-0.40992,0.68808,1.19,-2.59,-0.07,-60
1786634560900,313075,Thigh,sit,-0.643672,-0.409432,0.688568,1.26,-2.59,-0.07,-60
1786634560900,313092,Thigh,sit,-0.64416,-0.406992,0.68808,1.33,-2.52,-0.07,-60
1786634560900,313109,Thigh,sit,-0.644648,-0.40748,0.687592,1.33,-2.45,-0.14,-60
1786634560900,313125,Thigh,sit,-0.646112,-0.408456,0.686616,1.19,-2.24,-0.21,-60
1786634560900,313155,Thigh,sit,-0.64416,-0.409432,0.686616,1.26,-2.45,-0.21,-60
1786634560900,313172,Thigh,sit,-0.643672,-0.409432,0.685152,1.26,-2.38,-0.21,-60
1786634560900,313189,Thigh,sit,-0.64416,-0.40992,0.687104,1.19,-2.45,-0.21,-60
1786634560900,313206,Thigh,sit,-0.643672,-0.410896,0.68808,1.26,-2.38,-0.21,-60
1786634560900,313237,Thigh,sit,-0.6466,-0.411872,0.68564,1.33,-2.45,-0.21,-60
1786634561259,313413,Thigh,sit,-0.642696,-0.408944,0.689544,1.47,-2.66,-0.21,-60
1786634561259,313444,Thigh,sit,-0.640744,-0.407968,0.68808,1.33,-2.45,-0.21,-60
1786634561259,313461,Thigh,sit,-0.643184,-0.408456,0.688568,1.26,-2.38,-0.07,-60
1786634561259,313477,Thigh,sit,-0.646112,-0.40992,0.69052,1.19,-2.17,-0.14,-60
1786634561259,313494,Thigh,sit,-0.644648,-0.408456,0.689544,1.26,-2.73,-0.07,-60
1786634561259,313525,Thigh,sit,-0.64416,-0.406992,0.69052,1.26,-2.03,-0.14,-60
1786634561259,313542,Thigh,sit,-0.643672,-0.408456,0.68808,1.19,-2.31,-0.14,-60
1786634561259,313559,Thigh,sit,-0.645136,-0.408944,0.68564,1.19,-2.17,-0.14,-60
1786634561259,313576,Thigh,sit,-0.645136,-0.409432,0.68564,1.19,-2.17,-0.14,-60
1786634561259,313593,Thigh,sit,-0.645624,-0.410408,0.687104,1.12,-2.31,-0.07,-60
1786634561617,313771,Thigh,sit,-0.644648,-0.406504,0.686616,1.19,-2.59,-0.28,-60
1786634561617,313803,Thigh,sit,-0.643672,-0.40748,0.69052,1.12,-2.24,-0.21,-60
1786634561617,313820,Thigh,sit,-0.638304,-0.409432,0.687592,1.12,-2.24,-0.07,-60
1786634561617,313837,Thigh,sit,-0.639768,-0.411384,0.691496,1.19,-1.96,0,-60
1786634561617,313853,Thigh,sit,-0.639768,-0.411872,0.69052,1.12,-2.03,0,-60
1786634561617,313884,Thigh,sit,-0.642208,-0.410896,0.686616,1.47,-2.24,0,-60
1786634561617,313901,Thigh,sit,-0.643672,-0.410408,0.686616,1.47,-2.31,-0.14,-60
1786634561617,313918,Thigh,sit,-0.648064,-0.409432,0.686616,1.61,-2.38,-0.21,-60
1786634561617,313935,Thigh,sit,-0.650992,-0.406016,0.683688,1.54,-2.38,-0.28,-60
1786634561617,313952,Thigh,sit,-0.65148,-0.40504,0.681248,1.4,-2.45,-0.14,-60
1786634561976,314128,Thigh,sit,-0.645624,-0.408944,0.686616,1.54,-2.24,-0.35,-55
1786634561976,314159,Thigh,sit,-0.64904,-0.406016,0.686616,1.4,-2.24,-0.28,-55
1786634561976,314176,Thigh,sit,-0.649528,-0.406992,0.68564,1.33,-2.24,-0.21,-55
1786634561976,314193,Thigh,sit,-0.647576,-0.406016,0.686616,1.33,-2.31,-0.21,-55
1786634561976,314209,Thigh,sit,-0.645136,-0.406992,0.687104,1.19,-2.17,-0.14,-55
1786634561976,314240,Thigh,sit,-0.645624,-0.410408,0.686616,1.12,-2.1,-0.07,-55
1786634561976,314257,Thigh,sit,-0.6466,-0.410896,0.685152,1.19,-2.31,-0.14,-55
1786634561976,314274,Thigh,sit,-0.6466,-0.411872,0.6832,1.33,-2.38,-0.14,-55
1786634561976,314291,Thigh,sit,-0.646112,-0.411384,0.683688,1.26,-2.52,-0.14,-55
1786634561976,314308,Thigh,sit,-0.645624,-0.411384,0.6832,1.33,-2.59,-0.07,-55
1786634562333,314486,Thigh,sit,-0.643184,-0.406992,0.689056,1.26,-2.52,-0.07,-55
1786634562333,314518,Thigh,sit,-0.642208,-0.408456,0.688568,1.26,-2.17,-0.35,-55
1786634562333,314535,Thigh,sit,-0.643184,-0.408456,0.688568,1.19,-2.03,-0.35,-55
1786634562333,314552,Thigh,sit,-0.64416,-0.408456,0.687592,1.19,-1.96,-0.35,-55
1786634562333,314568,Thigh,sit,-0.646112,-0.40992,0.685152,1.12,-2.03,-0.28,-55
1786634562333,314599,Thigh,sit,-0.6466,-0.410896,0.686128,1.12,-2.1,-0.21,-55
1786634562333,314616,Thigh,sit,-0.644648,-0.411872,0.68564,1.05,-2.24,-0.07,-55
1786634562333,314633,Thigh,sit,-0.646112,-0.411872,0.686128,1.12,-2.1,0,-55
1786634562333,314650,Thigh,sit,-0.6466,-0.410896,0.685152,1.05,-2.1,-0.07,-55
1786634562333,314667,Thigh,sit,-0.647576,-0.411384,0.68564,1.12,-2.03,-0.14,-55
1786634562779,314843,Thigh,sit,-0.645136,-0.40504,0.68564,1.54,-2.59,-0.28,-55
1786634562779,314874,Thigh,sit,-0.645624,-0.406504,0.688568,1.4,-2.38,-0.35,-55
1786634562779,314891,Thigh,sit,-0.645624,-0.406504,0.687592,1.33,-2.17,-0.28,-55
1786634562779,314908,Thigh,sit,-0.645624,-0.407968,0.687104,1.26,-2.1,-0.35,-55
1786634562779,314924,Thigh,sit,-0.647088,-0.40748,0.686128,1.19,-2.03,-0.28,-55
1786634562779,314955,Thigh,sit,-0.647088,-0.41236,0.684176,1.05,-2.17,-0.21,-55
1786634562779,314972,Thigh,sit,-0.646112,-0.413336,0.683688,1.12,-2.31,-0.14,-55
1786634562779,314989,Thigh,sit,-0.6466,-0.413336,0.683688,1.12,-2.45,-0.14,-55
1786634562779,315006,Thigh,sit,-0.6466,-0.412848,0.683688,1.12,-2.52,-0.14,-55
1786634562779,315023,Thigh,sit,-0.646112,-0.412848,0.685152,1.26,-2.59,-0.14,-55
1786634563052,315200,Thigh,sit,-0.643184,-0.40504,0.690032,1.26,-2.38,-0.28,-55
1786634563052,315231,Thigh,sit,-0.643672,-0.40748,0.690032,1.19,-2.17,-0.28,-55
1786634563052,315248,Thigh,sit,-0.644648,-0.40992,0.686128,1.12,-2.1,-0.28,-55
1786634563052,315265,Thigh,sit,-0.644648,-0.410408,0.686616,1.12,-2.17,-0.21,-55
1786634563052,315282,Thigh,sit,-0.645624,-0.410896,0.687104,1.19,-2.1,-0.21,-55
1786634563052,315312,Thigh,sit,-0.6466,-0.411384,0.686128,1.19,-2.17,-0.14,-55
1786634563052,315329,Thigh,sit,-0.647576,-0.413336,0.685152,1.19,-2.24,-0.21,-55
1786634563052,315346,Thigh,sit,-0.647088,-0.412848,0.684176,1.26,-2.52,-0.21,-55
1786634563052,315363,Thigh,sit,-0.646112,-0.412848,0.6832,1.33,-2.66,-0.14,-55
1786634563052,315380,Thigh,sit,-0.648064,-0.412848,0.683688,1.26,-2.87,-0.07,-55
1786634563450,315557,Thigh,sit,-0.645624,-0.405528,0.687104,1.26,-2.03,-0.21,-55
1786634563450,315588,Thigh,sit,-0.647088,-0.410408,0.685152,1.26,-2.24,-0.21,-55
1786634563450,315605,Thigh,sit,-0.648552,-0.40992,0.685152,1.33,-2.38,-0.21,-55
1786634563450,315622,Thigh,sit,-0.645624,-0.410896,0.684176,1.33,-2.45,-0.14,-55
1786634563450,315639,Thigh,sit,-0.64904,-0.410896,0.684664,1.33,-2.52,-0.21,-55
1786634563450,315669,Thigh,sit,-0.650504,-0.411872,0.683688,1.26,-2.87,-0.28,-55
1786634563450,315687,Thigh,sit,-0.647576,-0.410408,0.685152,1.33,-3.01,-0.21,-55
1786634563450,315704,Thigh,sit,-0.644648,-0.408944,0.68564,1.26,-3.15,-0.14,-55
1786634563450,315721,Thigh,sit,-0.643672,-0.409432,0.687592,1.33,-3.01,-0.14,-55
1786634563450,315738,Thigh,sit,-0.643672,-0.408944,0.688568,1.4,-3.01,-0.28,-55
1786634563827,315917,Thigh,sit,-0.646112,-0.408944,0.686128,1.05,-2.03,-0.14,-55
1786634563827,315948,Thigh,sit,-0.645136,-0.411384,0.68564,1.19,-2.24,0,-55
1786634563827,315965,Thigh,sit,-0.647088,-0.41236,0.68808,1.12,-2.17,-0.14,-55
1786634563827,315982,Thigh,sit,-0.647088,-0.414312,0.686616,1.12,-2.17,-0.21,-55
1786634563827,315999,Thigh,sit,-0.645624,-0.413336,0.683688,1.19,-2.24,-0.14,-55
1786634563827,316029,Thigh,sit,-0.645136,-0.41236,0.684664,1.26,-2.73,0,-55
1786634563827,316046,Thigh,sit,-0.644648,-0.41236,0.687104,1.4,-2.8,0,-55
1786634563827,316063,Thigh,sit,-0.644648,-0.40992,0.687104,1.54,-2.87,0,-55
1786634563827,316080,Thigh,sit,-0.644648,-0.40748,0.68808,1.54,-2.8,-0.21,-55
1786634563827,316097,Thigh,sit,-0.645624,-0.406992,0.686616,1.47,-2.59,-0.28,-55
1786634564124,316272,Thigh,sit,-0.643184,-0.408944,0.686616,1.05,-2.17,-0.14,-55
1786634564124,316303,Thigh,sit,-0.644648,-0.413336,0.686616,1.19,-2.17,-0.07,-55
1786634564124,316320,Thigh,sit,-0.645624,-0.412848,0.68564,1.26,-2.31,-0.07,-55
1786634564124,316337,Thigh,sit,-0.6466,-0.411872,0.684664,1.26,-2.38,-0.14,-55
1786634564124,316354,Thigh,sit,-0.6466,-0.411872,0.684664,1.19,-2.45,-0.14,-55
1786634564124,316385,Thigh,sit,-0.6466,-0.412848,0.684664,1.26,-2.73,0,-55
1786634564124,316401,Thigh,sit,-0.645136,-0.410408,0.685152,1.4,-3.01,-0.07,-55
1786634564124,316418,Thigh,sit,-0.643672,-0.40992,0.686616,1.4,-3.01,-0.21,-55
1786634564124,316435,Thigh,sit,-0.643184,-0.40748,0.689056,1.54,-2.87,-0.28,-55
1786634564124,316452,Thigh,sit,-0.642696,-0.406016,0.689544,1.54,-2.73,-0.35,-55
1786634564483,316630,Thigh,sit,-0.64416,-0.40992,0.686616,1.12,-2.17,-0.14,-57
1786634564483,316661,Thigh,sit,-0.643672,-0.409432,0.686128,1.19,-2.24,-0.07,-57
1786634564483,316678,Thigh,sit,-0.643184,-0.410896,0.687592,1.19,-2.17,-0.14,-57
1786634564483,316695,Thigh,sit,-0.646112,-0.411384,0.686128,1.26,-2.17,-0.07,-57
1786634564483,316712,Thigh,sit,-0.647576,-0.411384,0.68564,1.26,-2.17,-0.14,-57
1786634564483,316743,Thigh,sit,-0.645624,-0.411872,0.682712,1.26,-2.38,-0.14,-57
1786634564483,316759,Thigh,sit,-0.647088,-0.41236,0.6832,1.33,-2.59,-0.07,-57
1786634564483,316776,Thigh,sit,-0.648552,-0.412848,0.685152,1.33,-2.8,-0.14,-57
1786634564483,316793,Thigh,sit,-0.647576,-0.410896,0.684664,1.4,-3.01,0,-57
1786634564483,316810,Thigh,sit,-0.646112,-0.408944,0.68564,1.4,-3.01,-0.07,-57
1786634564842,316987,Thigh,sit,-0.644648,-0.408456,0.687104,1.19,-2.1,-0.21,-57
1786634564842,317018,Thigh,sit,-0.643672,-0.407968,0.686128,1.26,-2.17,-0.14,-57
1786634564842,317035,Thigh,sit,-0.644648,-0.408944,0.687104,1.12,-2.03,-0.14,-57
1786634564842,317052,Thigh,sit,-0.647088,-0.40992,0.68808,1.05,-2.03,-0.14,-57
1786634564842,317069,Thigh,sit,-0.645624,-0.410408,0.686616,0.98,-2.1,-0.14,-57
1786634564842,317100,Thigh,sit,-0.64416,-0.41236,0.684176,1.05,-2.38,0.07,-57
1786634564842,317117,Thigh,sit,-0.644648,-0.4148,0.686128,1.12,-2.38,0.07,-57
1786634564842,317133,Thigh,sit,-0.647088,-0.412848,0.685152,1.26,-2.52,0.14,-57
1786634564842,317150,Thigh,sit,-0.646112,-0.412848,0.68564,1.26,-2.66,0.07,-57
1786634564842,317167,Thigh,sit,-0.647088,-0.411384,0.686128,1.26,-2.73,0,-57
1786634565199,317344,Thigh,sit,-0.6466,-0.406504,0.68808,1.19,-2.24,-0.14,-55
1786634565199,317375,Thigh,sit,-0.645624,-0.408944,0.686128,1.12,-2.1,-0.21,-55
1786634565199,317391,Thigh,sit,-0.647088,-0.410408,0.684664,1.12,-2.1,-0.21,-55
1786634565199,317409,Thigh,sit,-0.646112,-0.410408,0.684664,1.26,-2.45,-0.14,-55
1786634565199,317426,Thigh,sit,-0.646112,-0.410896,0.68564,1.26,-2.59,-0.07,-55
1786634565199,317457,Thigh,sit,-0.6466,-0.410408,0.686128,1.33,-2.73,-0.07,-55
1786634565199,317474,Thigh,sit,-0.647088,-0.411384,0.686616,1.33,-2.59,-0.07,-55
1786634565199,317490,Thigh,sit,-0.644648,-0.410408,0.686616,1.4,-2.8,-0.07,-55
1786634565199,317507,Thigh,sit,-0.64416,-0.408944,0.687104,1.4,-2.73,-0.07,-55
1786634565199,317524,Thigh,sit,-0.645136,-0.408456,0.688568,1.33,-2.66,-0.14,-55
1786634565559,317702,Thigh,sit,-0.646112,-0.407968,0.687104,1.26,-2.45,-0.21,-55
1786634565559,317733,Thigh,sit,-0.645136,-0.407968,0.685152,1.33,-2.45,-0.07,-55
1786634565559,317750,Thigh,sit,-0.645624,-0.408944,0.686128,1.33,-2.45,-0.07,-55
1786634565559,317767,Thigh,sit,-0.6466,-0.40748,0.68808,1.19,-2.31,-0.14,-55
1786634565559,317784,Thigh,sit,-0.645624,-0.410408,0.68808,1.19,-2.38,-0.28,-55
1786634565559,317815,Thigh,sit,-0.645136,-0.408456,0.686616,1.26,-2.59,-0.14,-55
1786634565559,317832,Thigh,sit,-0.645624,-0.40992,0.686128,1.19,-2.66,-0.14,-55
1786634565559,317848,Thigh,sit,-0.644648,-0.410408,0.688568,1.12,-2.38,-0.07,-55
1786634565559,317865,Thigh,sit,-0.645136,-0.410408,0.688568,1.19,-2.31,-0.07,-55
1786634565559,317882,Thigh,sit,-0.643672,-0.40992,0.687104,1.12,-2.38,-0.14,-55
1786634565918,318060,Thigh,sit,-0.644648,-0.408456,0.68808,1.4,-2.52,-0.14,-55
1786634565918,318091,Thigh,sit,-0.645136,-0.406992,0.686616,1.47,-2.52,-0.14,-55
1786634565918,318108,Thigh,sit,-0.645624,-0.406992,0.686616,1.4,-2.52,-0.21,-55
1786634565918,318125,Thigh,sit,-0.647088,-0.408456,0.686128,1.33,-2.52,-0.14,-55
1786634565918,318142,Thigh,sit,-0.6466,-0.407968,0.685152,1.33,-2.66,-0.21,-55
1786634565918,318173,Thigh,sit,-0.645136,-0.408944,0.686616,1.47,-2.73,-0.07,-55
1786634565918,318190,Thigh,sit,-0.644648,-0.408456,0.689544,1.26,-2.52,-0.21,-55
1786634565918,318207,Thigh,sit,-0.646112,-0.408456,0.69052,1.19,-2.31,-0.28,-55
1786634565918,318223,Thigh,sit,-0.645136,-0.40992,0.687592,1.19,-2.31,-0.28,-55
1786634565918,318240,Thigh,sit,-0.643672,-0.409432,0.68564,1.26,-2.66,-0.21,-55
1786634566277,318418,Thigh,sit,-0.645136,-0.406992,0.689544,1.4,-2.45,-0.28,-55
1786634566277,318450,Thigh,sit,-0.645624,-0.406504,0.68564,1.33,-2.45,-0.14,-55
1786634566277,318467,Thigh,sit,-0.645136,-0.406992,0.687592,1.26,-2.45,-0.14,-55
1786634566277,318484,Thigh,sit,-0.64416,-0.408456,0.689056,1.26,-2.45,-0.07,-55
1786634566277,318501,Thigh,sit,-0.644648,-0.408456,0.690032,1.19,-2.38,-0.21,-55
1786634566277,318532,Thigh,sit,-0.64416,-0.408456,0.686128,1.26,-2.45,-0.21,-55
1786634566277,318549,Thigh,sit,-0.64416,-0.40748,0.686128,1.33,-2.45,0,-55
1786634566277,318566,Thigh,sit,-0.645136,-0.40748,0.686128,1.33,-2.38,-17.92,-55
1786634566277,318583,Thigh,sit,-0.64904,-0.40992,0.68808,1.19,-2.45,-0.14,-55
1786634566277,318599,Thigh,sit,-0.647088,-0.409432,0.687104,1.26,-2.52,-0.35,-55
1786634566639,318777,Thigh,sit,-0.644648,-0.40992,0.686616,1.19,-2.59,-0.07,-56
1786634566639,318808,Thigh,sit,-0.643184,-0.407968,0.688568,1.33,-2.59,-0.07,-56
1786634566639,318825,Thigh,sit,-0.643184,-0.408456,0.690032,1.33,-2.38,-0.21,-56
1786634566639,318842,Thigh,sit,-0.643184,-0.408456,0.68808,1.26,-2.1,-0.21,-56
1786634566639,318859,Thigh,sit,-0.644648,-0.408456,0.687592,1.26,-2.1,-0.21,-56
1786634566639,318890,Thigh,sit,-0.647088,-0.408456,0.684664,1.26,-2.52,0,-56
1786634566639,318907,Thigh,sit,-0.648064,-0.40748,0.685152,1.26,-2.59,-0.07,-56
1786634566639,318924,Thigh,sit,-0.648064,-0.408456,0.689544,1.33,-2.38,-0.07,-56
1786634566639,318941,Thigh,sit,-0.645624,-0.408456,0.689056,1.26,-2.38,-0.21,-56
1786634566639,318957,Thigh,sit,-0.642696,-0.409432,0.687592,1.19,-2.38,-0.21,-56
1786634566997,319134,Thigh,sit,-0.64416,-0.409432,0.68808,1.33,-2.38,-0.14,-56
1786634566997,319166,Thigh,sit,-0.647088,-0.409432,0.686128,1.26,-2.24,-0.14,-56
1786634566997,319183,Thigh,sit,-0.648064,-0.409432,0.68564,1.26,-2.38,-0.21,-56
1786634566997,319200,Thigh,sit,-0.647088,-0.408456,0.68564,1.26,-2.52,-0.14,-56
1786634566997,319217,Thigh,sit,-0.646112,-0.408456,0.686616,1.26,-2.59,-0.21,-56
1786634566997,319248,Thigh,sit,-0.643672,-0.410408,0.687104,1.4,-2.73,-0.14,-56
1786634566997,319265,Thigh,sit,-0.643184,-0.409432,0.687592,1.4,-2.66,-0.14,-56
1786634566997,319282,Thigh,sit,-0.6466,-0.408944,0.688568,1.33,-2.59,-0.21,-56
1786634566997,319299,Thigh,sit,-0.648064,-0.409432,0.686616,1.26,-2.59,-0.21,-56
1786634566997,319315,Thigh,sit,-0.645624,-0.408456,0.686616,1.33,-2.66,-0.21,-56
1786634567353,319493,Thigh,sit,-0.642208,-0.407968,0.69052,1.12,-2.38,-0.07,-56
1786634567353,319524,Thigh,sit,-0.64172,-0.40748,0.68808,1.19,-2.1,-0.07,-56
1786634567353,319541,Thigh,sit,-0.642696,-0.40748,0.687104,1.26,-2.1,0,-56
1786634567353,319558,Thigh,sit,-0.645624,-0.408456,0.686616,1.19,-2.17,-0.07,-56
1786634567353,319575,Thigh,sit,-0.646112,-0.410408,0.68564,1.26,-2.38,-0.07,-56
1786634567353,319606,Thigh,sit,-0.645136,-0.40992,0.687592,1.26,-2.24,-0.07,-56
1786634567353,319623,Thigh,sit,-0.645624,-0.40992,0.687592,1.19,-2.24,-0.07,-56
1786634567353,319640,Thigh,sit,-0.645136,-0.40992,0.687104,1.26,-2.24,-0.07,-56
1786634567353,319657,Thigh,sit,-0.645136,-0.408456,0.683688,1.33,-2.31,-0.07,-56
1786634567353,319673,Thigh,sit,-0.646112,-0.408456,0.684664,1.33,-2.52,-0.07,-56
1786634567905,319849,Thigh,sit,-0.64416,-0.409432,0.686128,1.33,-2.38,-0.21,-56
1786634567905,319880,Thigh,sit,-0.645624,-0.408456,0.687592,1.26,-2.45,-0.14,-56
1786634567905,319897,Thigh,sit,-0.6466,-0.408944,0.686616,1.26,-2.38,-0.14,-56
1786634567905,319914,Thigh,sit,-0.648552,-0.407968,0.687592,1.19,-2.17,-0.14,-56
1786634567905,319931,Thigh,sit,-0.647088,-0.408456,0.685152,1.05,-2.03,-0.21,-56
1786634567905,319962,Thigh,sit,-0.644648,-0.410408,0.684664,1.19,-2.59,0,-56
1786634567905,319979,Thigh,sit,-0.64416,-0.411384,0.684664,1.4,-2.73,0.07,-56
1786634567905,319996,Thigh,sit,-0.64416,-0.411872,0.686616,1.47,-2.73,-0.07,-56
1786634567905,320013,Thigh,sit,-0.646112,-0.410408,0.69052,1.47,-2.66,-0.14,-56
1786634567905,320029,Thigh,sit,-0.646112,-0.408456,0.687592,1.4,-2.45,-0.28,-56
1786634568082,320206,Thigh,sit,-0.646112,-0.407968,0.686128,1.26,-2.38,-0.35,-56
1786634568082,320237,Thigh,sit,-0.644648,-0.40992,0.685152,1.19,-2.66,-0.14,-56
1786634568082,320254,Thigh,sit,-0.646112,-0.40992,0.687592,1.19,-2.59,-0.07,-56
1786634568082,320271,Thigh,sit,-0.6466,-0.409432,0.687104,1.12,-2.52,-0.14,-56
1786634568082,320288,Thigh,sit,-0.645136,-0.410896,0.687592,1.05,-2.38,-0.07,-56
1786634568082,320319,Thigh,sit,-0.643672,-0.410408,0.686616,1.12,-2.31,-0.07,-56
1786634568082,320336,Thigh,sit,-0.645136,-0.410408,0.686616,1.12,-2.52,-0.07,-56
1786634568082,320353,Thigh,sit,-0.643672,-0.410408,0.68564,1.26,-2.59,-0.07,-56
1786634568082,320370,Thigh,sit,-0.642208,-0.40992,0.687104,1.33,-2.59,0,-56
1786634568082,320399,Thigh,sit,-0.64416,-0.408944,0.68808,1.4,-2.38,-0.21,-56
1786634568452,320575,Thigh,sit,-0.6466,-0.410896,0.686128,1.33,-2.73,-0.07,-54
1786634568452,320606,Thigh,sit,-0.6466,-0.408944,0.687104,1.33,-2.59,-0.14,-54
1786634568452,320623,Thigh,sit,-0.645136,-0.410408,0.687592,1.19,-2.66,-0.21,-54
1786634568452,320640,Thigh,sit,-0.645624,-0.410408,0.686616,1.19,-2.52,-0.21,-54
1786634568452,320657,Thigh,sit,-0.646112,-0.409432,0.686616,1.19,-2.59,-0.21,-54
1786634568452,320687,Thigh,sit,-0.645136,-0.40992,0.68564,1.33,-2.8,-0.21,-54
1786634568452,320704,Thigh,sit,-0.6466,-0.411384,0.687592,1.4,-2.8,-0.21,-54
1786634568452,320721,Thigh,sit,-0.646112,-0.40992,0.687104,1.4,-2.87,-0.28,-54
1786634568452,320737,Thigh,sit,-0.6466,-0.408456,0.686616,1.4,-2.66,-0.35,-54
1786634568452,320768,Thigh,sit,-0.647088,-0.408456,0.68808,1.19,-2.59,-0.35,-54
1786634568844,320945,Thigh,sit,-0.645624,-0.406504,0.690032,1.05,-2.45,0,-54
1786634568844,320976,Thigh,sit,-0.644648,-0.408944,0.68808,0.91,-2.17,-0.21,-54
1786634568844,320993,Thigh,sit,-0.640744,-0.408456,0.68564,1.12,-2.17,-0.07,-54
1786634568844,321010,Thigh,sit,-0.640744,-0.407968,0.68808,1.12,-2.31,0,-54
1786634568844,321027,Thigh,sit,-0.642208,-0.408944,0.689544,1.05,-2.24,-0.07,-54
1786634568844,321058,Thigh,sit,-0.643672,-0.41236,0.688568,1.26,-2.03,-0.28,-54
1786634568844,321075,Thigh,sit,-0.643184,-0.410896,0.686616,1.33,-2.24,-0.21,-54
1786634568844,321092,Thigh,sit,-0.642696,-0.40992,0.68564,1.33,-2.31,-0.07,-54
1786634568844,321109,Thigh,sit,-0.644648,-0.410408,0.68564,1.4,-2.38,0.07,-54
1786634568844,321125,Thigh,sit,-0.646112,-0.407968,0.685152,1.47,-2.59,0.07,-54
1786634569223,321303,Thigh,sit,-0.645136,-0.40748,0.684176,1.33,-2.52,-0.21,-54
1786634569223,321334,Thigh,sit,-0.6466,-0.40992,0.687592,1.26,-2.52,-0.14,-54
1786634569223,321352,Thigh,sit,-0.645624,-0.410408,0.689056,1.19,-2.45,-0.14,-54
1786634569223,321369,Thigh,sit,-0.644648,-0.408944,0.687104,1.26,-2.45,-0.21,-54
1786634569223,321386,Thigh,sit,-0.645136,-0.409432,0.687592,1.33,-2.45,-0.21,-54
1786634569223,321417,Thigh,sit,-0.647088,-0.40992,0.68564,1.33,-2.59,-0.21,-54
1786634569223,321434,Thigh,sit,-0.647576,-0.410408,0.684176,1.4,-2.94,-0.07,-54
1786634569223,321451,Thigh,sit,-0.64416,-0.408944,0.682712,1.61,-3.08,0,-54
1786634569223,321468,Thigh,sit,-0.6466,-0.407968,0.689056,1.54,-2.94,0,-54
1786634569223,321484,Thigh,sit,-0.645136,-0.406992,0.69296,1.19,-2.31,-0.21,-54
1786634569611,321661,Thigh,sit,-0.648064,-0.408944,0.68564,1.33,-2.52,-0.07,-53
1786634569611,321692,Thigh,sit,-0.644648,-0.40748,0.688568,1.33,-2.31,-0.21,-53
1786634569611,321709,Thigh,sit,-0.643184,-0.40748,0.686616,1.19,-2.38,-0.07,-53
1786634569611,321727,Thigh,sit,-0.644648,-0.409432,0.686616,1.26,-2.52,-0.07,-53
1786634569611,321744,Thigh,sit,-0.646112,-0.40992,0.686128,1.4,-2.66,-0.07,-53
1786634569611,321775,Thigh,sit,-0.644648,-0.408456,0.689056,1.4,-2.59,-0.35,-53
1786634569611,321792,Thigh,sit,-0.644648,-0.408944,0.689056,1.26,-2.45,-0.28,-53
1786634569611,321809,Thigh,sit,-0.643672,-0.40748,0.686616,1.19,-2.38,-0.28,-53
1786634569611,321827,Thigh,sit,-0.643672,-0.409432,0.687592,1.19,-2.38,-0.07,-53
1786634569611,321844,Thigh,sit,-0.644648,-0.408944,0.686128,1.26,-2.59,-0.14,-53
1786634569891,322021,Thigh,sit,-0.643672,-0.406992,0.68808,1.33,-2.38,-0.21,-53
1786634569891,322052,Thigh,sit,-0.645624,-0.407968,0.68564,1.47,-2.66,-0.07,-53
1786634569891,322069,Thigh,sit,-0.648064,-0.40748,0.687592,1.4,-2.59,-0.21,-53
1786634569891,322086,Thigh,sit,-0.648064,-0.40748,0.687104,1.33,-2.52,-0.21,-53
1786634569891,322103,Thigh,sit,-0.648064,-0.407968,0.686128,1.26,-2.45,-0.21,-53
1786634569891,322134,Thigh,sit,-0.644648,-0.408944,0.685152,1.12,-2.52,-0.14,-53
1786634569891,322151,Thigh,sit,-0.64416,-0.40992,0.687104,1.19,-2.59,-0.07,-53
1786634569891,322168,Thigh,sit,-0.643672,-0.409432,0.68808,1.26,-2.66,-0.07,-53
1786634569891,322185,Thigh,sit,-0.642696,-0.409432,0.689056,1.33,-2.66,-0.21,-53
1786634569891,322202,Thigh,sit,-0.642696,-0.408944,0.687592,1.33,-2.59,-0.21,-53
1786634570251,322379,Thigh,sit,-0.647088,-0.408944,0.686128,1.4,-2.45,-0.21,-54
1786634570251,322410,Thigh,sit,-0.646112,-0.408456,0.687592,1.33,-2.59,-0.14,-54
1786634570251,322427,Thigh,sit,-0.645136,-0.406992,0.68808,1.26,-2.52,-0.14,-54
1786634570251,322444,Thigh,sit,-0.644648,-0.407968,0.687104,1.4,-2.8,0,-54
1786634570251,322461,Thigh,sit,-0.64416,-0.404064,0.689544,1.05,-1.75,-0.14,-54
1786634570251,322492,Thigh,sit,-0.63928,-0.408456,0.678808,0.98,-2.94,-0.21,-54
1786634570251,322509,Thigh,sit,-0.643184,-0.40748,0.682224,1.33,-2.38,0.14,-54
1786634570251,322526,Thigh,sit,-0.642208,-0.408456,0.689056,1.26,-2.94,0.07,-54
1786634570251,322543,Thigh,sit,-0.640744,-0.41236,0.69296,1.33,-2.59,-0.07,-54
1786634570251,322560,Thigh,sit,-0.643672,-0.410896,0.691984,1.47,-2.31,-0.49,-54
1786634570605,322735,Thigh,sit,-0.642696,-0.40748,0.687104,1.33,-2.45,-0.07,-54
1786634570605,322766,Thigh,sit,-0.64172,-0.408456,0.687104,1.33,-2.52,-0.14,-54
1786634570605,322783,Thigh,sit,-0.643672,-0.410408,0.687592,1.26,-2.38,-0.14,-54
1786634570605,322800,Thigh,sit,-0.644648,-0.409432,0.686128,1.33,-2.38,-0.14,-54
1786634570605,322817,Thigh,sit,-0.64416,-0.407968,0.687592,1.4,-2.38,-0.21,-54
1786634570605,322848,Thigh,sit,-0.644648,-0.406504,0.68564,1.4,-2.38,-0.14,-54
1786634570605,322865,Thigh,sit,-0.6466,-0.407968,0.685152,1.33,-2.31,-0.21,-54
1786634570605,322882,Thigh,sit,-0.647576,-0.407968,0.685152,1.26,-2.24,-0.21,-54
1786634570605,322899,Thigh,sit,-0.6466,-0.408456,0.686128,1.12,-2.31,-0.28,-54
1786634570605,322916,Thigh,sit,-0.644648,-0.409432,0.683688,1.26,-2.59,-0.07,-54
1786634570961,323092,Thigh,sit,-0.640256,-0.408944,0.686616,1.33,-2.66,-0.07,-54
1786634570961,323123,Thigh,sit,-0.643672,-0.409432,0.690032,1.47,-2.66,0,-54
1786634570961,323140,Thigh,sit,-0.647576,-0.408944,0.689544,1.47,-2.38,-0.21,-54
1786634570961,323157,Thigh,sit,-0.64904,-0.407968,0.686128,1.33,-2.1,-0.35,-54
1786634570961,323174,Thigh,sit,-0.648552,-0.405528,0.6832,1.26,-2.03,-0.42,-54
1786634570961,323205,Thigh,sit,-0.649528,-0.408456,0.684176,0.91,-2.45,0,-54
1786634570961,323222,Thigh,sit,-0.647576,-0.408456,0.685152,0.98,-2.59,0.07,-54
1786634570961,323239,Thigh,sit,-0.64172,-0.408944,0.687592,1.05,-2.59,0,-54
1786634570961,323256,Thigh,sit,-0.642208,-0.409432,0.689544,1.12,-2.45,-0.21,-54
1786634570961,323273,Thigh,sit,-0.64172,-0.411872,0.690032,1.26,-2.38,-0.35,-54
1786634571322,323448,Thigh,sit,-0.642696,-0.408944,0.685152,1.26,-3.01,0.07,-53
1786634571322,323479,Thigh,sit,-0.643184,-0.40992,0.689056,1.19,-2.59,-0.07,-53
1786634571322,323496,Thigh,sit,-0.642696,-0.410408,0.689544,1.12,-2.45,-0.14,-53
1786634571322,323513,Thigh,sit,-0.642696,-0.408944,0.686616,1.19,-2.45,-0.14,-53
1786634571322,323530,Thigh,sit,-0.641232,-0.407968,0.685152,1.19,-2.52,-0.07,-53
1786634571322,323561,Thigh,sit,-0.64172,-0.408456,0.687104,1.19,-2.66,-0.07,-53
1786634571322,323578,Thigh,sit,-0.646112,-0.410408,0.689056,1.47,-2.24,-0.28,-53
1786634571322,323595,Thigh,sit,-0.640256,-0.410408,0.684176,1.4,-2.59,-0.14,-53
1786634571322,323612,Thigh,sit,-0.642696,-0.40992,0.687104,1.4,-2.52,-0.14,-53
1786634571322,323629,Thigh,sit,-0.64172,-0.409432,0.687104,1.47,-2.52,-0.14,-53
1786634571699,323806,Thigh,sit,-0.644648,-0.408456,0.687592,1.26,-2.45,-0.14,-53
1786634571699,323838,Thigh,sit,-0.643672,-0.408456,0.687104,1.26,-2.45,-0.14,-53
1786634571699,323855,Thigh,sit,-0.643184,-0.409432,0.687104,1.26,-2.52,-0.14,-53
1786634571699,323872,Thigh,sit,-0.64416,-0.410408,0.687592,1.33,-2.45,-0.14,-53
1786634571699,323889,Thigh,sit,-0.645136,-0.40748,0.68564,1.4,-2.45,-0.14,-53
1786634571699,323920,Thigh,sit,-0.6466,-0.408456,0.686128,1.33,-2.52,-0.14,-53
1786634571699,323937,Thigh,sit,-0.6466,-0.407968,0.687104,1.33,-2.45,-0.14,-53
1786634571699,323954,Thigh,sit,-0.646112,-0.40748,0.686128,1.26,-2.38,-0.07,-53
1786634571699,323971,Thigh,sit,-0.646112,-0.40748,0.686616,1.19,-2.45,-0.14,-53
1786634571699,323988,Thigh,sit,-0.643184,-0.409432,0.687104,1.26,-2.45,-0.07,-53
1786634572040,324165,Thigh,sit,-0.645624,-0.409432,0.689056,1.4,-2.38,-0.21,-53
1786634572040,324196,Thigh,sit,-0.647576,-0.407968,0.686128,1.12,-2.24,-0.21,-53
1786634572040,324213,Thigh,sit,-0.647576,-0.407968,0.68564,1.12,-2.31,-0.14,-53
1786634572040,324230,Thigh,sit,-0.645624,-0.409432,0.685152,1.12,-2.38,-0.14,-53
1786634572040,324247,Thigh,sit,-0.645136,-0.408456,0.687104,1.19,-2.59,-0.07,-53
1786634572040,324278,Thigh,sit,-0.644648,-0.408944,0.68808,1.33,-2.52,-0.07,-53
1786634572040,324295,Thigh,sit,-0.64416,-0.40748,0.687104,1.33,-2.45,-0.07,-53
1786634572040,324312,Thigh,sit,-0.645136,-0.407968,0.686616,1.33,-2.45,-0.14,-53
1786634572040,324329,Thigh,sit,-0.645624,-0.40748,0.686128,1.33,-2.45,-0.14,-53
1786634572040,324346,Thigh,sit,-0.647088,-0.407968,0.686616,1.33,-2.45,-0.14,-53
1786634572454,324579,Thigh,sit,-0.64416,-0.408944,0.685152,1.26,-2.52,-0.07,-53
1786634572454,324610,Thigh,sit,-0.647088,-0.408456,0.687104,1.26,-2.45,-0.14,-53
1786634572454,324627,Thigh,sit,-0.6466,-0.407968,0.686128,1.26,-2.45,-0.07,-53
1786634572454,324644,Thigh,sit,-0.646112,-0.408456,0.684664,1.33,-2.45,-0.07,-53
1786634572454,324661,Thigh,sit,-0.645624,-0.408456,0.686616,1.4,-2.52,-0.14,-53
1786634572454,324692,Thigh,sit,-0.645624,-0.408456,0.687592,1.33,-2.52,-0.14,-53
1786634572454,324709,Thigh,sit,-0.645624,-0.406992,0.686128,1.26,-2.38,-0.21,-53
1786634572454,324726,Thigh,sit,-0.6466,-0.40748,0.686128,1.26,-2.45,-0.21,-53
1786634572454,324743,Thigh,sit,-0.6466,-0.409432,0.68564,1.19,-2.45,-0.14,-53
1786634572454,324760,Thigh,sit,-0.643184,-0.406992,0.683688,1.4,-2.94,-0.07,-53
1786634572814,324937,Thigh,sit,-0.643672,-0.408944,0.689056,1.12,-2.52,-0.07,-53
1786634572814,324968,Thigh,sit,-0.63928,-0.40748,0.689056,1.47,-2.73,-0.28,-53
1786634572814,324985,Thigh,sit,-0.643672,-0.406992,0.690032,1.54,-2.59,-0.28,-53
1786634572814,325002,Thigh,sit,-0.645624,-0.406992,0.69052,1.26,-2.24,-0.35,-53
1786634572814,325019,Thigh,sit,-0.649528,-0.40992,0.687104,1.19,-2.17,-0.35,-53
1786634572814,325050,Thigh,sit,-0.647088,-0.408944,0.683688,1.12,-2.38,-0.14,-53
1786634572814,325067,Thigh,sit,-0.645624,-0.407968,0.684664,1.05,-2.52,0,-53
1786634572814,325084,Thigh,sit,-0.644648,-0.40992,0.68808,1.19,-2.59,0,-53
1786634572814,325101,Thigh,sit,-0.64416,-0.409432,0.68808,1.33,-2.59,0.07,-53
1786634572814,325119,Thigh,sit,-0.643184,-0.407968,0.688568,1.26,-2.59,0,-53
1786634573171,325294,Thigh,sit,-0.647576,-0.406992,0.68564,1.4,-2.45,-0.21,-55
1786634573171,325325,Thigh,sit,-0.646112,-0.40748,0.686616,1.19,-2.45,-0.14,-55
1786634573171,325342,Thigh,sit,-0.645136,-0.408456,0.686616,1.19,-2.38,-0.14,-55
1786634573171,325359,Thigh,sit,-0.644648,-0.408456,0.686128,1.19,-2.38,-0.14,-55
1786634573171,325376,Thigh,sit,-0.64416,-0.408944,0.686616,1.26,-2.52,-0.14,-55
1786634573171,325407,Thigh,sit,-0.643672,-0.409432,0.687592,1.26,-2.45,-0.14,-55
1786634573171,325424,Thigh,sit,-0.643672,-0.40992,0.686616,1.26,-2.45,-0.14,-55
1786634573171,325441,Thigh,sit,-0.646112,-0.408944,0.686616,1.33,-2.38,-0.14,-55
1786634573171,325458,Thigh,sit,-0.645624,-0.40748,0.684664,1.26,-2.38,-0.07,-55
1786634573171,325475,Thigh,sit,-0.646112,-0.40748,0.685152,1.19,-2.38,-0.14,-55
1786634573529,325650,Thigh,sit,-0.644648,-0.40748,0.687104,1.19,-2.38,-0.14,-55
1786634573529,325681,Thigh,sit,-0.645136,-0.410408,0.687592,1.26,-2.45,-0.14,-55
1786634573529,325698,Thigh,sit,-0.6466,-0.410408,0.687592,1.19,-2.38,-0.21,-55
1786634573529,325715,Thigh,sit,-0.645624,-0.40748,0.685152,1.26,-2.45,-0.21,-55
1786634573529,325732,Thigh,sit,-0.645624,-0.40748,0.686128,1.33,-2.38,-0.07,-55
1786634573529,325763,Thigh,sit,-0.647088,-0.408456,0.687104,1.26,-2.45,-0.07,-55
1786634573529,325780,Thigh,sit,-0.647088,-0.408944,0.687592,1.33,-2.45,-0.28,-55
1786634573529,325797,Thigh,sit,-0.6466,-0.407968,0.687104,1.33,-2.45,-0.35,-55
1786634573529,325814,Thigh,sit,-0.647576,-0.406504,0.686616,1.26,-2.45,-0.28,-55
1786634573529,325831,Thigh,sit,-0.647576,-0.40748,0.68564,1.19,-2.38,-0.28,-55
1786634573902,326008,Thigh,sit,-0.645624,-0.408456,0.686128,1.33,-2.52,-0.21,-55
1786634573902,326039,Thigh,sit,-0.643672,-0.408456,0.687104,1.33,-2.52,-0.21,-55
1786634573902,326056,Thigh,sit,-0.644648,-0.407968,0.687592,1.33,-2.52,-0.14,-55
1786634573902,326073,Thigh,sit,-0.646112,-0.408456,0.686616,1.4,-2.59,-0.14,-55
1786634573902,326090,Thigh,sit,-0.645624,-0.407968,0.687104,1.4,-2.59,-0.21,-55
1786634573902,326120,Thigh,sit,-0.647576,-0.406504,0.684664,1.26,-2.52,-0.28,-55
1786634573902,326137,Thigh,sit,-0.6466,-0.406992,0.685152,1.26,-2.45,-0.14,-55
1786634573902,326154,Thigh,sit,-0.646112,-0.408944,0.687104,1.19,-2.45,-0.21,-55
1786634573902,326171,Thigh,sit,-0.6466,-0.40992,0.686616,1.19,-2.59,-0.14,-55
1786634573902,326202,Thigh,sit,-0.643672,-0.409432,0.686616,1.19,-2.59,-0.14,-55
1786634574260,326379,Thigh,sit,-0.641232,-0.411384,0.689056,1.4,-2.59,-0.14,-54
1786634574260,326411,Thigh,sit,-0.643672,-0.40992,0.68808,1.54,-2.52,-0.21,-54
1786634574260,326428,Thigh,sit,-0.645624,-0.408944,0.686128,1.54,-2.52,-0.21,-54
1786634574260,326445,Thigh,sit,-0.648064,-0.408456,0.683688,1.4,-2.59,-0.14,-54
1786634574260,326462,Thigh,sit,-0.648064,-0.406992,0.685152,1.33,-2.52,-0.14,-54
1786634574260,326493,Thigh,sit,-0.647088,-0.405528,0.686616,1.33,-2.52,-0.14,-54
1786634574260,326510,Thigh,sit,-0.645136,-0.406016,0.687592,1.26,-2.45,0,-54
1786634574260,326527,Thigh,sit,-0.645136,-0.407968,0.68808,1.19,-2.45,0,-54
1786634574260,326544,Thigh,sit,-0.645624,-0.409432,0.68808,1.19,-2.45,-0.07,-54
1786634574260,326561,Thigh,sit,-0.647576,-0.40992,0.687592,1.26,-2.45,-0.14,-54
1786634574633,326736,Thigh,sit,-0.645136,-0.408456,0.687104,1.4,-2.66,-0.21,-54
1786634574633,326767,Thigh,sit,-0.646112,-0.406016,0.686128,1.33,-2.45,-0.14,-54
1786634574633,326784,Thigh,sit,-0.647088,-0.40748,0.686616,1.26,-2.45,-0.21,-54
1786634574633,326801,Thigh,sit,-0.6466,-0.40748,0.684664,1.19,-2.59,-0.21,-54
1786634574633,326818,Thigh,sit,-0.642696,-0.40748,0.686128,1.26,-2.59,-0.14,-54
1786634574633,326849,Thigh,sit,-0.64172,-0.408456,0.68808,1.33,-2.59,0,-54
1786634574633,326866,Thigh,sit,-0.642696,-0.408944,0.687592,1.33,-2.45,-0.07,-54
1786634574633,326883,Thigh,sit,-0.645136,-0.40992,0.689056,1.4,-2.38,-0.14,-54
1786634574633,326900,Thigh,sit,-0.644648,-0.407968,0.686616,1.33,-2.38,-0.14,-54
1786634574633,326917,Thigh,sit,-0.644648,-0.408456,0.686128,1.26,-2.31,-0.21,-54
1786634575013,327093,Thigh,sit,-0.643672,-0.40748,0.686616,1.4,-2.45,-0.07,-54
1786634575013,327124,Thigh,sit,-0.647088,-0.408456,0.687592,1.33,-2.31,-0.14,-54
1786634575013,327141,Thigh,sit,-0.647576,-0.408944,0.68564,1.33,-2.59,-0.21,-54
1786634575013,327158,Thigh,sit,-0.646112,-0.406504,0.686128,1.19,-2.45,-0.21,-54
1786634575013,327176,Thigh,sit,-0.648064,-0.408456,0.685152,1.26,-2.17,-0.28,-54
1786634575013,327207,Thigh,sit,-0.645136,-0.406504,0.685152,1.26,-2.45,-0.07,-54
1786634575013,327224,Thigh,sit,-0.64904,-0.408456,0.686128,1.26,-2.45,-0.07,-54
1786634575013,327241,Thigh,sit,-0.650016,-0.408944,0.686616,1.26,-2.59,-0.21,-54
1786634575013,327258,Thigh,sit,-0.647088,-0.40504,0.683688,1.19,-2.38,-0.21,-54
1786634575013,327275,Thigh,sit,-0.6466,-0.406992,0.684176,1.05,-2.45,-0.14,-54
1786634575400,327452,Thigh,sit,-0.644648,-0.408944,0.686128,1.26,-2.59,-0.07,-54
1786634575400,327483,Thigh,sit,-0.646112,-0.406016,0.687104,1.33,-2.59,-0.14,-54
1786634575400,327500,Thigh,sit,-0.646112,-0.406992,0.68564,1.26,-2.59,-0.14,-54
1786634575400,327517,Thigh,sit,-0.646112,-0.406504,0.686128,1.26,-2.52,-0.21,-54
1786634575400,327534,Thigh,sit,-0.647576,-0.406992,0.686128,1.26,-2.38,-0.14,-54
1786634575400,327565,Thigh,sit,-0.645624,-0.407968,0.685152,1.19,-2.52,-0.07,-54
1786634575400,327582,Thigh,sit,-0.64416,-0.407968,0.687104,1.19,-2.52,-0.14,-54
1786634575400,327599,Thigh,sit,-0.643672,-0.406992,0.68808,1.26,-2.45,-0.14,-54
1786634575400,327616,Thigh,sit,-0.644648,-0.40748,0.687104,1.4,-2.38,-0.14,-54
1786634575400,327633,Thigh,sit,-0.64416,-0.408456,0.687104,1.33,-2.38,-0.14,-54
1786634575696,327810,Thigh,sit,-0.646112,-0.409432,0.687104,1.26,-2.45,-0.07,-54
1786634575696,327841,Thigh,sit,-0.644648,-0.406504,0.686616,1.33,-2.38,0,-54
1786634575696,327858,Thigh,sit,-0.646112,-0.40748,0.687104,1.33,-2.45,-0.07,-54
1786634575696,327875,Thigh,sit,-0.646112,-0.408944,0.687104,1.33,-2.52,-0.14,-54
1786634575696,327892,Thigh,sit,-0.647576,-0.408944,0.68564,1.33,-2.45,-0.21,-54
1786634575696,327923,Thigh,sit,-0.645624,-0.40748,0.68564,1.33,-2.45,-0.28,-54
1786634575696,327940,Thigh,sit,-0.6466,-0.406992,0.684664,1.33,-2.52,-0.21,-54
1786634575696,327958,Thigh,sit,-0.645624,-0.407968,0.686616,1.26,-2.45,-0.14,-54
1786634575696,327975,Thigh,sit,-0.6466,-0.406992,0.686616,1.19,-2.45,-0.14,-54
1786634575696,327992,Thigh,sit,-0.646112,-0.406504,0.686128,1.19,-2.45,-0.21,-54
1786634576055,328169,Thigh,sit,-0.645136,-0.406992,0.686128,1.19,-2.52,-0.21,-54
1786634576055,328200,Thigh,sit,-0.64416,-0.40748,0.687104,1.26,-2.45,-0.07,-54
1786634576055,328217,Thigh,sit,-0.64416,-0.408944,0.687592,1.19,-2.52,-0.07,-54
1786634576055,328234,Thigh,sit,-0.645624,-0.408456,0.687592,1.26,-2.38,-0.14,-54
1786634576055,328251,Thigh,sit,-0.646112,-0.40748,0.68564,1.26,-2.38,-0.21,-54
1786634576055,328282,Thigh,sit,-0.644648,-0.408944,0.684664,1.26,-2.52,-0.14,-54
1786634576055,328299,Thigh,sit,-0.645624,-0.408944,0.686128,1.26,-2.45,-0.14,-54
1786634576055,328316,Thigh,sit,-0.64416,-0.407968,0.687104,1.19,-2.45,-0.14,-54
1786634576055,328333,Thigh,sit,-0.645136,-0.407968,0.686128,1.26,-2.38,-0.21,-54
1786634576055,328350,Thigh,sit,-0.643672,-0.407968,0.686128,1.26,-2.38,-0.21,-54
1786634576418,328528,Thigh,sit,-0.645624,-0.40504,0.682712,1.4,-2.38,-0.14,-54
1786634576418,328559,Thigh,sit,-0.647576,-0.410896,0.69052,1.19,-2.45,-0.07,-54
1786634576418,328576,Thigh,sit,-0.646112,-0.408944,0.687104,1.19,-2.38,-0.14,-54
1786634576418,328593,Thigh,sit,-0.642696,-0.407968,0.684664,1.33,-2.73,-0.07,-54
1786634576418,328610,Thigh,sit,-0.642696,-0.40748,0.687104,1.26,-2.52,-0.14,-54
1786634576418,328641,Thigh,sit,-0.644648,-0.410408,0.691008,1.4,-2.52,-0.28,-54
1786634576418,328658,Thigh,sit,-0.640744,-0.406504,0.686128,1.47,-2.52,-0.21,-54
1786634576418,328675,Thigh,sit,-0.643672,-0.408456,0.686616,1.4,-2.52,-0.21,-54
1786634576418,328692,Thigh,sit,-0.644648,-0.407968,0.686616,1.4,-2.31,-0.14,-54
1786634576418,328709,Thigh,sit,-0.649528,-0.40992,0.68808,1.26,-2.24,-0.14,-54
1786634576773,328887,Thigh,sit,-0.648552,-0.409432,0.681248,1.26,-2.45,-0.28,-54
1786634576773,328918,Thigh,sit,-0.647576,-0.40992,0.684664,1.19,-2.73,-0.07,-54
1786634576773,328935,Thigh,sit,-0.6466,-0.410896,0.687104,1.19,-2.73,0,-54
1786634576773,328952,Thigh,sit,-0.645624,-0.409432,0.687104,1.19,-2.66,-0.07,-54
1786634576773,328969,Thigh,sit,-0.643672,-0.409432,0.687104,1.33,-2.66,-0.07,-54
1786634576773,329000,Thigh,sit,-0.646112,-0.408456,0.686128,1.47,-2.73,-0.14,-54
1786634576773,329017,Thigh,sit,-0.643672,-0.406992,0.687104,1.4,-2.87,-0.14,-54
1786634576773,329034,Thigh,sit,-0.64416,-0.40504,0.686616,1.4,-2.8,-0.14,-54
1786634576773,329051,Thigh,sit,-0.645136,-0.404064,0.687104,1.4,-2.66,-0.14,-54
1786634576773,329068,Thigh,sit,-0.644648,-0.403088,0.687592,1.4,-2.52,-0.14,-54
1786634577132,329244,Thigh,sit,-0.645624,-0.40748,0.688568,1.26,-2.31,-0.14,-55
1786634577132,329275,Thigh,sit,-0.643672,-0.406992,0.686616,1.26,-2.17,-0.14,-55
1786634577132,329292,Thigh,sit,-0.64416,-0.40748,0.687592,1.19,-2.03,-0.14,-55
1786634577132,329309,Thigh,sit,-0.64416,-0.409432,0.687592,1.12,-2.03,-0.07,-55
1786634577132,329326,Thigh,sit,-0.645136,-0.411872,0.686616,1.12,-2.1,-0.07,-55
1786634577132,329357,Thigh,sit,-0.643184,-0.413824,0.686128,1.05,-2.31,-0.07,-55
1786634577132,329374,Thigh,sit,-0.643672,-0.414312,0.686128,1.19,-2.24,-0.14,-55
1786634577132,329391,Thigh,sit,-0.64416,-0.413336,0.684664,1.26,-2.17,-0.14,-55
1786634577132,329408,Thigh,sit,-0.647576,-0.411872,0.6832,1.4,-2.45,-0.14,-55
1786634577132,329425,Thigh,sit,-0.647576,-0.409432,0.682712,1.47,-2.59,-0.14,-55
1786634577488,329600,Thigh,sit,-0.64416,-0.404552,0.689056,1.47,-2.59,-0.28,-55
1786634577488,329631,Thigh,sit,-0.643672,-0.404064,0.689544,1.12,-2.17,-0.28,-55
1786634577488,329648,Thigh,sit,-0.643672,-0.40504,0.687592,0.91,-1.96,-0.35,-55
1786634577488,329665,Thigh,sit,-0.64416,-0.406504,0.687592,0.91,-1.82,-0.28,-55
1786634577488,329682,Thigh,sit,-0.643184,-0.408456,0.68564,0.84,-1.75,-0.21,-55
1786634577488,329713,Thigh,sit,-0.643672,-0.41236,0.685152,0.98,-1.96,0,-55
1786634577488,329730,Thigh,sit,-0.643672,-0.414312,0.684664,1.05,-2.17,0,-55
1786634577488,329747,Thigh,sit,-0.644648,-0.414312,0.68564,1.19,-2.24,-0.07,-55
1786634577488,329764,Thigh,sit,-0.648064,-0.414312,0.685152,1.26,-2.45,-0.07,-55
1786634577488,329781,Thigh,sit,-0.647088,-0.414312,0.6832,1.4,-2.59,-0.07,-55
1786634577846,329955,Thigh,sit,-0.644648,-0.4026,0.689056,1.33,-2.45,-0.14,-55
1786634577846,329986,Thigh,sit,-0.643184,-0.404064,0.690032,1.05,-2.03,-0.14,-55
1786634577846,330003,Thigh,sit,-0.644648,-0.406992,0.686616,1.05,-1.82,-0.28,-55
1786634577846,330020,Thigh,sit,-0.645624,-0.408456,0.68564,1.05,-1.89,-0.21,-55
1786634577846,330037,Thigh,sit,-0.647088,-0.410896,0.683688,1.05,-2.1,-0.21,-55
1786634577846,330068,Thigh,sit,-0.649528,-0.41236,0.685152,1.19,-2.24,-0.14,-55
1786634577846,330085,Thigh,sit,-0.6466,-0.412848,0.6832,1.26,-2.38,-0.14,-55
1786634577846,330102,Thigh,sit,-0.647088,-0.411872,0.682712,1.33,-2.66,0,-55
1786634577846,330119,Thigh,sit,-0.648064,-0.409432,0.682712,1.33,-2.66,-0.07,-55
1786634577846,330136,Thigh,sit,-0.647576,-0.408456,0.68564,1.4,-2.94,-0.14,-55
1786634578206,330314,Thigh,sit,-0.6466,-0.402112,0.687592,1.47,-2.66,-0.14,-53
1786634578206,330345,Thigh,sit,-0.650016,-0.403088,0.687592,1.33,-2.31,-0.21,-53
1786634578206,330362,Thigh,sit,-0.64904,-0.403088,0.686128,1.12,-2.24,-0.21,-53
1786634578206,330379,Thigh,sit,-0.647088,-0.406016,0.6832,0.98,-2.24,-0.07,-53
1786634578206,330396,Thigh,sit,-0.648064,-0.406992,0.686616,0.91,-2.31,-0.14,-53
1786634578206,330427,Thigh,sit,-0.64172,-0.40992,0.687592,1.19,-2.59,-0.21,-53
1786634578206,330444,Thigh,sit,-0.640744,-0.410408,0.689056,1.19,-2.38,-0.28,-53
1786634578206,330461,Thigh,sit,-0.643672,-0.410896,0.689544,1.12,-2.38,-0.35,-53
1786634578206,330478,Thigh,sit,-0.644648,-0.413336,0.686128,1.19,-2.31,-0.35,-53
1786634578206,330495,Thigh,sit,-0.645136,-0.410896,0.684664,1.26,-2.38,-0.21,-53
1786634578562,330672,Thigh,sit,-0.642208,-0.407968,0.686616,1.4,-2.73,-0.07,-53
1786634578562,330703,Thigh,sit,-0.640256,-0.407968,0.687592,1.61,-3.29,0.07,-53
1786634578562,330720,Thigh,sit,-0.642208,-0.403576,0.69052,1.68,-2.87,0,-53
1786634578562,330737,Thigh,sit,-0.645136,-0.4026,0.693936,1.26,-1.96,-0.42,-53
1786634578562,330754,Thigh,sit,-0.652456,-0.403088,0.69296,1.05,-1.61,-0.77,-53
1786634578562,330785,Thigh,sit,-0.650016,-0.40504,0.67588,0.77,-1.89,-0.35,-53
1786634578562,330802,Thigh,sit,-0.650016,-0.406016,0.675392,0.84,-2.73,-0.07,-53
1786634578562,330819,Thigh,sit,-0.645624,-0.411384,0.6832,0.98,-2.87,0,-53
1786634578562,330836,Thigh,sit,-0.64172,-0.413336,0.690032,1.26,-3.08,0.07,-53
1786634578562,330853,Thigh,sit,-0.63928,-0.413336,0.69296,1.33,-2.8,-0.14,-53
1786634578919,331028,Thigh,sit,-0.639768,-0.406992,0.68808,1.33,-2.52,-0.07,-53
1786634578919,331059,Thigh,sit,-0.642208,-0.40992,0.689056,1.26,-2.17,-0.07,-53
1786634578919,331076,Thigh,sit,-0.6466,-0.409432,0.688568,1.26,-2.03,-0.14,-53
1786634578919,331093,Thigh,sit,-0.64904,-0.408944,0.684176,1.19,-2.1,-0.14,-53
1786634578919,331110,Thigh,sit,-0.649528,-0.407968,0.6832,1.19,-2.24,-0.14,-53
1786634578919,331141,Thigh,sit,-0.647088,-0.407968,0.684664,1.26,-2.66,-0.14,-53
1786634578919,331158,Thigh,sit,-0.644648,-0.405528,0.685152,1.33,-2.59,0,-53
1786634578919,331175,Thigh,sit,-0.645136,-0.40748,0.68808,1.19,-2.31,-0.07,-53
1786634578919,331192,Thigh,sit,-0.645624,-0.40992,0.689056,1.19,-2.38,-0.28,-53
1786634578919,331209,Thigh,sit,-0.6466,-0.409432,0.686616,1.19,-2.31,-0.28,-53
1786634579281,331384,Thigh,sit,-0.642208,-0.408944,0.686616,1.26,-2.59,0.07,-53
1786634579281,331415,Thigh,sit,-0.643672,-0.409432,0.687592,1.19,-2.31,-0.14,-53
1786634579281,331432,Thigh,sit,-0.642696,-0.40748,0.686128,1.33,-2.17,-0.14,-53
1786634579281,331449,Thigh,sit,-0.644648,-0.408944,0.685152,1.26,-2.17,-0.21,-53
1786634579281,331466,Thigh,sit,-0.645136,-0.409432,0.685152,1.33,-2.45,-0.21,-53
1786634579281,331497,Thigh,sit,-0.647088,-0.406992,0.686616,1.4,-2.38,-0.14,-53
1786634579281,331514,Thigh,sit,-0.647576,-0.406504,0.684664,1.33,-2.38,-0.07,-53
1786634579281,331531,Thigh,sit,-0.648552,-0.40748,0.684176,1.26,-2.31,-0.07,-53
1786634579281,331548,Thigh,sit,-0.648064,-0.40748,0.684176,1.19,-2.31,-0.07,-53
1786634579281,331565,Thigh,sit,-0.64904,-0.40748,0.684664,1.19,-2.45,-0.14,-53
1786634579651,331744,Thigh,sit,-0.645624,-0.407968,0.686616,1.33,-2.66,0,-54
1786634579651,331774,Thigh,sit,-0.644648,-0.406992,0.68808,1.26,-2.52,-0.14,-54
1786634579651,331791,Thigh,sit,-0.644648,-0.40748,0.68564,1.33,-2.45,-0.21,-54
1786634579651,331808,Thigh,sit,-0.643672,-0.40748,0.685152,1.33,-2.52,-0.21,-54
1786634579651,331825,Thigh,sit,-0.64416,-0.408944,0.686616,1.26,-2.52,-0.14,-54
1786634579651,331856,Thigh,sit,-0.64416,-0.408944,0.686616,1.26,-2.52,-0.21,-54
1786634579651,331873,Thigh,sit,-0.643672,-0.408456,0.686616,1.33,-2.45,-0.14,-54
1786634579651,331890,Thigh,sit,-0.643672,-0.408456,0.686128,1.33,-2.45,-0.21,-54
1786634579651,331906,Thigh,sit,-0.64416,-0.407968,0.68564,1.33,-2.45,-0.14,-54
1786634579651,331937,Thigh,sit,-0.647088,-0.40748,0.686128,1.4,-2.45,-0.14,-54
1786634580033,332114,Thigh,sit,-0.648064,-0.408456,0.687104,1.05,-2.24,-0.21,-54
1786634580033,332145,Thigh,sit,-0.646112,-0.407968,0.684176,1.05,-2.31,-0.07,-54
1786634580033,332162,Thigh,sit,-0.644648,-0.409432,0.68564,1.26,-2.66,0.07,-54
1786634580033,332179,Thigh,sit,-0.644648,-0.407968,0.68808,1.33,-2.8,0.07,-54
1786634580033,332196,Thigh,sit,-0.645624,-0.408944,0.68808,1.47,-2.59,-0.07,-54
1786634580033,332227,Thigh,sit,-0.646112,-0.406992,0.68564,1.26,-2.38,-0.21,-54
1786634580033,332245,Thigh,sit,-0.646112,-0.406992,0.683688,1.26,-2.45,-0.07,-54
1786634580033,332262,Thigh,sit,-0.645136,-0.406992,0.68564,1.26,-2.59,-0.07,-54
1786634580033,332279,Thigh,sit,-0.646112,-0.40748,0.685152,1.33,-2.8,-0.07,-54
1786634580033,332296,Thigh,sit,-0.645136,-0.407968,0.687104,1.4,-2.73,-0.07,-54
1786634580427,332473,Thigh,sit,-0.645136,-0.410408,0.686128,1.26,-2.38,-0.14,-54
1786634580427,332504,Thigh,sit,-0.64416,-0.40992,0.686128,1.4,-2.59,-0.21,-54
1786634580427,332521,Thigh,sit,-0.64416,-0.407968,0.684664,1.47,-2.73,-0.07,-54
1786634580427,332538,Thigh,sit,-0.645136,-0.408456,0.687104,1.4,-2.66,-0.14,-54
1786634580427,332556,Thigh,sit,-0.645624,-0.40748,0.689056,1.33,-2.59,-0.21,-54
1786634580427,332587,Thigh,sit,-0.645624,-0.406992,0.686616,1.26,-2.45,-0.21,-54
1786634580427,332604,Thigh,sit,-0.645624,-0.40748,0.686128,1.26,-2.45,-0.14,-54
1786634580427,332621,Thigh,sit,-0.646112,-0.407968,0.686616,1.26,-2.59,-0.07,-54
1786634580427,332638,Thigh,sit,-0.645136,-0.407968,0.685152,1.26,-2.59,-0.14,-54
1786634580427,332655,Thigh,sit,-0.645624,-0.40748,0.687104,1.26,-2.52,-0.07,-54
1786634580801,332833,Thigh,sit,-0.646112,-0.406504,0.687104,1.33,-2.24,-0.21,-54
1786634580801,332863,Thigh,sit,-0.647576,-0.408456,0.68564,1.33,-2.31,-0.07,-54
1786634580801,332880,Thigh,sit,-0.645624,-0.410408,0.686616,1.26,-2.45,-0.14,-54
1786634580801,332897,Thigh,sit,-0.646112,-0.409432,0.686616,1.33,-2.52,-0.14,-54
1786634580801,332914,Thigh,sit,-0.648552,-0.409432,0.686616,1.4,-2.45,-0.21,-54
1786634580801,332945,Thigh,sit,-0.646112,-0.40748,0.684176,1.26,-2.59,-0.28,-54
1786634580801,332962,Thigh,sit,-0.645136,-0.406992,0.685152,1.19,-2.66,-0.21,-54
1786634580801,332979,Thigh,sit,-0.646112,-0.406992,0.68564,1.19,-2.73,-0.14,-54
1786634580801,332996,Thigh,sit,-0.645624,-0.406992,0.688568,1.19,-2.66,-0.14,-54
1786634580801,333013,Thigh,sit,-0.644648,-0.406504,0.688568,1.19,-2.52,-0.14,-54
1786634581091,333191,Thigh,sit,-0.647088,-0.406992,0.68808,1.12,-2.24,-0.28,-54
1786634581091,333221,Thigh,sit,-0.64416,-0.408944,0.686128,1.19,-2.45,-0.28,-54
1786634581091,333238,Thigh,sit,-0.639768,-0.408456,0.683688,1.4,-2.66,-0.07,-54
1786634581091,333256,Thigh,sit,-0.645624,-0.410408,0.691008,1.33,-2.38,-0.28,-54
1786634581091,333273,Thigh,sit,-0.646112,-0.410408,0.69052,1.33,-2.24,-0.35,-54
1786634581091,333304,Thigh,sit,-0.645624,-0.406016,0.6832,1.4,-2.24,-0.28,-54
1786634581091,333321,Thigh,sit,-0.647088,-0.406504,0.685152,1.33,-2.52,-0.14,-54
1786634581091,333338,Thigh,sit,-0.648064,-0.408456,0.687104,1.33,-2.59,-0.07,-54
1786634581091,333355,Thigh,sit,-0.647088,-0.408944,0.687592,1.33,-2.38,-0.07,-54
1786634581091,333372,Thigh,sit,-0.645624,-0.40748,0.687104,1.26,-2.38,-0.21,-54
1786634581449,333550,Thigh,sit,-0.646112,-0.405528,0.686616,1.54,-2.8,-0.14,-54
1786634581449,333580,Thigh,sit,-0.647576,-0.406016,0.68808,1.26,-2.45,-0.21,-54
1786634581449,333597,Thigh,sit,-0.6466,-0.406992,0.686616,1.12,-2.38,-0.28,-54
1786634581449,333614,Thigh,sit,-0.64416,-0.405528,0.68564,1.19,-2.45,-0.28,-54
1786634581449,333631,Thigh,sit,-0.643184,-0.406016,0.687104,1.12,-2.66,-0.21,-54
1786634581449,333662,Thigh,sit,-0.64172,-0.406992,0.68808,1.47,-2.52,-0.07,-54
1786634581449,333679,Thigh,sit,-0.642696,-0.406016,0.68808,1.4,-2.38,-0.07,-54
1786634581449,333696,Thigh,sit,-0.6466,-0.405528,0.688568,1.4,-2.31,-0.14,-54
1786634581449,333713,Thigh,sit,-0.647576,-0.405528,0.687592,1.26,-2.24,-0.21,-54
1786634581449,333730,Thigh,sit,-0.647576,-0.406504,0.687104,1.19,-2.24,-0.21,-54
1786634581808,333906,Thigh,sit,-0.645624,-0.409432,0.682712,1.33,-2.87,0.07,-62
1786634581808,333936,Thigh,sit,-0.64904,-0.40748,0.687104,1.33,-2.73,-0.07,-62
1786634581808,333954,Thigh,sit,-0.65148,-0.407968,0.686616,1.47,-2.8,-0.28,-62
1786634581808,333971,Thigh,sit,-0.648552,-0.40504,0.685152,1.54,-2.66,-0.28,-62
1786634581808,333988,Thigh,sit,-0.645624,-0.403576,0.68564,1.47,-2.8,-0.07,-62
1786634581808,334019,Thigh,sit,-0.645624,-0.403088,0.68808,1.47,-2.73,-0.07,-62
1786634581808,334036,Thigh,sit,-0.646112,-0.403088,0.689544,1.4,-2.66,-0.14,-62
1786634581808,334053,Thigh,sit,-0.64416,-0.4026,0.690032,1.26,-2.45,-0.21,-62
1786634581808,334070,Thigh,sit,-0.645136,-0.403576,0.68808,1.19,-2.24,-0.28,-62
1786634581808,334087,Thigh,sit,-0.645136,-0.404552,0.687592,1.05,-2.03,-0.28,-62
1786634582166,334264,Thigh,sit,-0.650016,-0.411384,0.68808,1.4,-2.59,-0.21,-62
1786634582166,334294,Thigh,sit,-0.645136,-0.409432,0.686616,1.75,-1.82,-0.28,-62
1786634582166,334312,Thigh,sit,-0.647576,-0.404552,0.691984,1.26,-2.52,-0.56,-62
1786634582166,334328,Thigh,sit,-0.647088,-0.40504,0.686616,1.47,-2.8,-0.28,-62
1786634582166,334345,Thigh,sit,-0.644648,-0.4026,0.682224,1.54,-2.45,-0.14,-62
1786634582166,334376,Thigh,sit,-0.648552,-0.406016,0.691008,1.05,-2.31,-0.07,-62
1786634582166,334393,Thigh,sit,-0.645136,-0.405528,0.686616,1.05,-2.24,-0.07,-62
1786634582166,334410,Thigh,sit,-0.643184,-0.406016,0.687104,1.05,-2.31,0,-62
1786634582166,334427,Thigh,sit,-0.642696,-0.40748,0.687104,1.05,-2.17,-0.07,-62
1786634582166,334444,Thigh,sit,-0.64172,-0.411872,0.68808,1.12,-2.31,-0.14,-62
1786634582531,334623,Thigh,sit,-0.64172,-0.409432,0.688568,1.26,-2.73,0,-62
1786634582531,334653,Thigh,sit,-0.643672,-0.407968,0.689544,1.47,-2.59,-0.28,-62
1786634582531,334671,Thigh,sit,-0.645136,-0.406504,0.685152,1.54,-2.59,-0.21,-62
1786634582531,334687,Thigh,sit,-0.646112,-0.404552,0.684664,1.4,-2.66,-0.14,-62
1786634582531,334704,Thigh,sit,-0.647576,-0.40504,0.686128,1.26,-2.59,-0.14,-62
1786634582531,334735,Thigh,sit,-0.647088,-0.40504,0.687592,1.12,-2.24,-0.21,-62
1786634582531,334752,Thigh,sit,-0.646112,-0.406504,0.686616,1.05,-2.24,-0.28,-62
1786634582531,334769,Thigh,sit,-0.642696,-0.408944,0.685152,1.19,-2.45,-0.14,-62
1786634582531,334786,Thigh,sit,-0.641232,-0.409432,0.68564,1.26,-2.59,-0.07,-62
1786634582531,334803,Thigh,sit,-0.643184,-0.408944,0.689056,1.33,-2.52,-0.07,-62
1786634582897,334980,Thigh,sit,-0.644648,-0.409432,0.687104,1.26,-2.45,-0.14,-62
1786634582897,335011,Thigh,sit,-0.64416,-0.407968,0.686616,1.33,-2.52,-0.21,-62
1786634582897,335027,Thigh,sit,-0.64416,-0.406992,0.686616,1.26,-2.45,-0.14,-62
1786634582897,335044,Thigh,sit,-0.645624,-0.406992,0.685152,1.33,-2.45,-0.21,-62
1786634582897,335061,Thigh,sit,-0.645624,-0.406992,0.686128,1.33,-2.52,-0.07,-62
1786634582897,335092,Thigh,sit,-0.646112,-0.406016,0.686128,1.33,-2.45,-0.07,-62
1786634582897,335109,Thigh,sit,-0.645624,-0.40748,0.686616,1.26,-2.45,-0.07,-62
1786634582897,335126,Thigh,sit,-0.6466,-0.40748,0.686616,1.26,-2.45,-0.07,-62
1786634582897,335143,Thigh,sit,-0.647576,-0.408456,0.68564,1.26,-2.38,0,-62
1786634582897,335160,Thigh,sit,-0.6466,-0.408456,0.685152,1.19,-2.45,-0.14,-62
1786634583243,335338,Thigh,sit,-0.64416,-0.408456,0.68808,1.33,-2.52,-0.14,-58
1786634583243,335369,Thigh,sit,-0.648064,-0.406016,0.686128,1.4,-2.38,-0.35,-58
1786634583243,335385,Thigh,sit,-0.648064,-0.40504,0.685152,1.26,-2.38,-0.28,-58
1786634583243,335403,Thigh,sit,-0.648064,-0.40748,0.682712,1.19,-2.59,-0.14,-58
1786634583243,335419,Thigh,sit,-0.647088,-0.407968,0.6832,1.12,-2.59,-0.07,-58
1786634583243,335450,Thigh,sit,-0.645624,-0.40748,0.687592,1.05,-2.38,-0.21,-58
1786634583243,335467,Thigh,sit,-0.644648,-0.406992,0.686616,1.12,-2.45,-0.07,-58
1786634583243,335484,Thigh,sit,-0.64172,-0.40748,0.685152,1.19,-2.52,-0.07,-58
1786634583243,335501,Thigh,sit,-0.642208,-0.408456,0.686128,1.33,-2.52,0,-58
1786634583243,335518,Thigh,sit,-0.6466,-0.407968,0.686616,1.33,-2.45,0,-58
1786634583603,335695,Thigh,sit,-0.648064,-0.406992,0.686128,1.33,-2.45,-0.14,-58
1786634583603,335727,Thigh,sit,-0.647088,-0.407968,0.68564,1.19,-2.59,-0.21,-58
1786634583603,335744,Thigh,sit,-0.6466,-0.406992,0.68564,1.26,-2.59,-0.21,-58
1786634583603,335760,Thigh,sit,-0.645624,-0.406992,0.68564,1.26,-2.73,-0.14,-58
1786634583603,335777,Thigh,sit,-0.64416,-0.40748,0.686128,1.33,-2.73,-0.21,-58
1786634583603,335808,Thigh,sit,-0.64416,-0.407968,0.687104,1.26,-2.45,-0.21,-58
1786634583603,335825,Thigh,sit,-0.645624,-0.407968,0.687592,1.26,-2.38,-0.28,-58
1786634583603,335842,Thigh,sit,-0.644648,-0.408456,0.684664,1.19,-2.45,-0.21,-58
1786634583603,335859,Thigh,sit,-0.646112,-0.407968,0.68564,1.26,-2.45,-0.21,-58
1786634583603,335876,Thigh,sit,-0.645136,-0.407968,0.686128,1.26,-2.66,-0.07,-58
1786634583963,336054,Thigh,sit,-0.644648,-0.408456,0.687592,1.26,-2.52,-0.14,-58
1786634583963,336086,Thigh,sit,-0.64416,-0.408456,0.686616,1.26,-2.45,-0.28,-58
1786634583963,336103,Thigh,sit,-0.645136,-0.407968,0.685152,1.33,-2.59,-0.21,-58
1786634583963,336121,Thigh,sit,-0.643184,-0.40748,0.684664,1.33,-2.52,-0.07,-58
1786634583963,336137,Thigh,sit,-0.64416,-0.406504,0.686616,1.33,-2.45,-0.07,-58
1786634583963,336154,Thigh,sit,-0.645136,-0.408456,0.687104,1.19,-2.45,-0.07,-58
1786634583963,336185,Thigh,sit,-0.646112,-0.408944,0.686616,1.26,-2.38,-0.21,-58
1786634583963,336202,Thigh,sit,-0.643184,-0.406016,0.685152,1.33,-2.52,-0.21,-58
1786634583963,336219,Thigh,sit,-0.6466,-0.40748,0.686128,1.26,-2.52,-0.21,-58
1786634583963,336236,Thigh,sit,-0.645624,-0.407968,0.68564,1.19,-2.52,-0.14,-58
1786634584321,336414,Thigh,sit,-0.6466,-0.407968,0.684176,1.19,-2.59,-0.21,-56
1786634584321,336445,Thigh,sit,-0.643672,-0.407968,0.686616,1.4,-2.66,-0.14,-56
1786634584321,336462,Thigh,sit,-0.643672,-0.40748,0.687104,1.47,-2.59,-0.21,-56
1786634584321,336479,Thigh,sit,-0.647088,-0.408456,0.688568,1.4,-2.52,-0.28,-56
1786634584321,336495,Thigh,sit,-0.648064,-0.406504,0.68564,1.33,-2.52,-0.28,-56
1786634584321,336526,Thigh,sit,-0.647088,-0.40504,0.684176,1.33,-2.52,-0.21,-56
1786634584321,336543,Thigh,sit,-0.646112,-0.408456,0.685152,1.26,-2.52,-0.21,-56
1786634584321,336560,Thigh,sit,-0.645624,-0.407968,0.687104,1.19,-2.52,-0.21,-56
1786634584321,336577,Thigh,sit,-0.646112,-0.408944,0.68564,1.26,-2.59,-0.21,-56
1786634584321,336594,Thigh,sit,-0.644648,-0.408456,0.68564,1.26,-2.66,-0.21,-56
1786634584681,336772,Thigh,sit,-0.646112,-0.40992,0.687104,1.26,-2.8,0,-56
1786634584681,336803,Thigh,sit,-0.645136,-0.40748,0.684664,1.4,-2.73,-0.14,-56
1786634584681,336820,Thigh,sit,-0.644648,-0.406504,0.68564,1.4,-2.66,-0.14,-56
1786634584681,336837,Thigh,sit,-0.645624,-0.407968,0.687104,1.4,-2.52,-0.21,-56
1786634584681,336854,Thigh,sit,-0.6466,-0.406504,0.68564,1.4,-2.59,-0.21,-56
1786634584681,336884,Thigh,sit,-0.645624,-0.405528,0.686128,1.4,-2.59,-0.28,-56
1786634584681,336901,Thigh,sit,-0.643184,-0.406992,0.689056,1.26,-2.59,-0.07,-56
1786634584681,336918,Thigh,sit,-0.643184,-0.407968,0.688568,1.26,-2.45,0,-56
1786634584681,336935,Thigh,sit,-0.642208,-0.408456,0.687592,1.12,-2.38,-0.07,-56
1786634584681,336952,Thigh,sit,-0.6466,-0.407968,0.687104,1.19,-2.31,-0.21,-56
1786634585047,337129,Thigh,sit,-0.6466,-0.405528,0.684664,1.33,-2.73,-0.07,-56
1786634585047,337160,Thigh,sit,-0.645624,-0.404064,0.687592,1.33,-2.52,-0.14,-56
1786634585047,337177,Thigh,sit,-0.643672,-0.405528,0.68808,1.26,-2.45,-0.14,-56
1786634585047,337194,Thigh,sit,-0.64416,-0.405528,0.688568,1.19,-2.38,-0.14,-56
1786634585047,337210,Thigh,sit,-0.643184,-0.40748,0.68808,1.19,-2.38,-0.21,-56
1786634585047,337241,Thigh,sit,-0.646112,-0.40748,0.68564,1.26,-2.24,-0.21,-56
1786634585047,337258,Thigh,sit,-0.648552,-0.407968,0.684664,1.26,-2.38,-0.21,-56
1786634585047,337275,Thigh,sit,-0.648064,-0.408944,0.684176,1.26,-2.38,-0.21,-56
1786634585047,337292,Thigh,sit,-0.64904,-0.40992,0.684664,1.19,-2.45,-0.21,-56
1786634585047,337309,Thigh,sit,-0.648552,-0.408456,0.684176,1.26,-2.52,-0.14,-56
1786634585439,337487,Thigh,sit,-0.643672,-0.405528,0.687592,1.54,-2.59,-0.21,-55
1786634585439,337518,Thigh,sit,-0.645624,-0.403088,0.686616,1.47,-2.38,-0.14,-55
1786634585439,337535,Thigh,sit,-0.646112,-0.4026,0.689056,1.26,-2.38,-0.07,-55
1786634585439,337552,Thigh,sit,-0.646112,-0.403088,0.687592,1.26,-2.17,-0.21,-55
1786634585439,337568,Thigh,sit,-0.646112,-0.403576,0.687592,1.12,-2.1,-0.28,-55
1786634585439,337599,Thigh,sit,-0.647088,-0.406504,0.685152,1.12,-1.96,-0.35,-55
1786634585439,337616,Thigh,sit,-0.645136,-0.40748,0.684664,0.91,-2.03,-0.21,-55
1786634585439,337633,Thigh,sit,-0.644648,-0.411384,0.684664,0.91,-2.1,-0.14,-55
1786634585439,337650,Thigh,sit,-0.644648,-0.415288,0.683688,0.98,-2.38,-0.07,-55
1786634585439,337667,Thigh,sit,-0.644648,-0.415776,0.686616,1.12,-2.52,0,-55
1786634585820,337846,Thigh,sit,-0.645136,-0.401624,0.686616,1.26,-2.31,-0.21,-55
1786634585820,337877,Thigh,sit,-0.646112,-0.403576,0.687104,1.05,-2.03,-0.14,-55
1786634585820,337894,Thigh,sit,-0.644648,-0.406504,0.687592,0.98,-2.1,-0.14,-55
1786634585820,337911,Thigh,sit,-0.64416,-0.408456,0.686616,1.05,-2.1,-0.21,-55
1786634585820,337927,Thigh,sit,-0.642208,-0.408944,0.686128,1.12,-2.17,-0.21,-55
1786634585820,337958,Thigh,sit,-0.643184,-0.408456,0.686616,1.26,-2.24,-0.21,-55
1786634585820,337975,Thigh,sit,-0.64416,-0.40992,0.686616,1.26,-2.24,-0.21,-55
1786634585820,337992,Thigh,sit,-0.648552,-0.412848,0.685152,1.19,-2.17,-0.21,-55
1786634585820,338009,Thigh,sit,-0.650016,-0.41236,0.683688,1.19,-2.31,-0.28,-55
1786634585820,338026,Thigh,sit,-0.647088,-0.411872,0.681736,1.19,-2.66,-0.07,-55
1786634586115,338204,Thigh,sit,-0.645624,-0.403576,0.69052,1.54,-2.52,-0.07,-55
1786634586115,338235,Thigh,sit,-0.645136,-0.4026,0.689544,1.19,-2.1,-0.14,-55
1786634586115,338252,Thigh,sit,-0.64416,-0.405528,0.68808,1.12,-2.03,-0.07,-55
1786634586115,338269,Thigh,sit,-0.643672,-0.406992,0.687592,1.05,-2.03,0,-55
1786634586115,338286,Thigh,sit,-0.64416,-0.409432,0.686128,1.05,-2.03,0.07,-55
1786634586115,338316,Thigh,sit,-0.6466,-0.411384,0.6832,1.19,-2.24,0,-55
1786634586115,338333,Thigh,sit,-0.647088,-0.410896,0.683688,1.19,-2.31,0,-55
1786634586115,338350,Thigh,sit,-0.648552,-0.40992,0.684176,1.19,-2.38,-0.07,-55
1786634586115,338367,Thigh,sit,-0.649528,-0.40992,0.685152,1.12,-2.52,-0.14,-55
1786634586115,338384,Thigh,sit,-0.6466,-0.407968,0.68564,1.19,-2.59,-0.21,-55
1786634586471,338559,Thigh,sit,-0.647088,-0.399184,0.686128,1.4,-2.38,-0.35,-55
1786634586471,338590,Thigh,sit,-0.64904,-0.400648,0.686128,1.12,-2.24,0,-55
1786634586471,338607,Thigh,sit,-0.6466,-0.399672,0.68564,0.98,-2.1,0.07,-55
1786634586471,338624,Thigh,sit,-0.64416,-0.404552,0.688568,0.98,-2.1,0,-55
1786634586471,338641,Thigh,sit,-0.643184,-0.406992,0.691496,0.91,-1.82,0,-55
1786634586471,338671,Thigh,sit,-0.642208,-0.410896,0.687592,0.98,-1.68,-0.14,-55
1786634586471,338688,Thigh,sit,-0.643184,-0.413336,0.683688,1.12,-1.82,-0.14,-55
1786634586471,338705,Thigh,sit,-0.645624,-0.413824,0.683688,1.33,-2.17,-0.28,-55
1786634586471,338722,Thigh,sit,-0.647576,-0.413824,0.6832,1.4,-2.45,-0.21,-55
1786634586471,338739,Thigh,sit,-0.64904,-0.411872,0.681736,1.61,-2.59,-0.21,-55
1786634586829,338915,Thigh,sit,-0.640744,-0.406016,0.68808,1.4,-2.52,-0.07,-55
1786634586829,338946,Thigh,sit,-0.643184,-0.402112,0.691008,1.61,-2.45,0,-55
1786634586829,338963,Thigh,sit,-0.644648,-0.401136,0.691008,1.61,-2.17,-0.14,-55
1786634586829,338980,Thigh,sit,-0.644648,-0.401624,0.69052,1.47,-1.82,-0.28,-55
1786634586829,338996,Thigh,sit,-0.650992,-0.402112,0.689056,1.33,-1.61,-0.28,-55
1786634586829,339027,Thigh,sit,-0.651968,-0.403576,0.681736,0.98,-1.68,-0.21,-55
1786634586829,339044,Thigh,sit,-0.652944,-0.40504,0.678808,1.05,-2.1,-0.14,-55
1786634586829,339061,Thigh,sit,-0.653432,-0.409432,0.681248,1.05,-2.03,-0.07,-55
1786634586829,339078,Thigh,sit,-0.653432,-0.413336,0.6832,0.98,-2.66,-0.07,-55
1786634586829,339095,Thigh,sit,-0.648064,-0.414312,0.682224,1.26,-2.94,-0.14,-55
1786634587186,339272,Thigh,sit,-0.638792,-0.4026,0.694424,1.33,-1.54,-0.28,-54
1786634587186,339303,Thigh,sit,-0.650504,-0.405528,0.6832,1.12,-1.61,0,-54
1786634587186,339320,Thigh,sit,-0.65148,-0.40504,0.680272,1.05,-1.75,0.14,-54
1786634587186,339336,Thigh,sit,-0.655872,-0.407968,0.681248,0.98,-1.89,0.14,-54
1786634587186,339353,Thigh,sit,-0.65392,-0.407968,0.682224,0.84,-2.1,0.14,-54
1786634587186,339384,Thigh,sit,-0.654896,-0.408456,0.681248,0.91,-2.17,-0.07,-54
1786634587186,339401,Thigh,sit,-0.65392,-0.408944,0.6832,0.98,-2.38,-0.14,-54
1786634587186,339418,Thigh,sit,-0.649528,-0.409432,0.682224,1.12,-3.08,-0.14,-54
1786634587186,339435,Thigh,sit,-0.643672,-0.40748,0.680272,1.4,-3.57,0,-54
1786634587186,339452,Thigh,sit,-0.645136,-0.406992,0.690032,1.47,-3.36,-0.07,-54
1786634587545,339628,Thigh,sit,-0.645624,-0.408944,0.683688,1.33,-2.87,-0.14,-54
1786634587545,339659,Thigh,sit,-0.642696,-0.410408,0.689544,1.26,-2.87,-0.07,-54
1786634587545,339676,Thigh,sit,-0.642208,-0.408456,0.689544,1.19,-2.59,-0.07,-54
1786634587545,339693,Thigh,sit,-0.640744,-0.40748,0.690032,1.12,-2.52,-0.14,-54
1786634587545,339709,Thigh,sit,-0.641232,-0.407968,0.688568,1.12,-2.38,-0.14,-54
1786634587545,339740,Thigh,sit,-0.640744,-0.40748,0.686616,1.33,-2.59,-0.07,-54
1786634587545,339757,Thigh,sit,-0.639768,-0.406016,0.689056,1.54,-2.52,0,-54
1786634587545,339774,Thigh,sit,-0.641232,-0.406016,0.69052,1.47,-2.38,-0.07,-54
1786634587545,339791,Thigh,sit,-0.642208,-0.40504,0.69052,1.4,-2.17,0,-54
1786634587545,339808,Thigh,sit,-0.64416,-0.40504,0.689056,1.19,-1.89,-0.07,-54
1786634587901,339985,Thigh,sit,-0.646112,-0.405528,0.687104,1.33,-2.66,0,-54
1786634587901,340016,Thigh,sit,-0.645136,-0.40504,0.687592,1.4,-2.66,0,-54
1786634587901,340033,Thigh,sit,-0.64416,-0.406016,0.68808,1.33,-2.52,-0.07,-54
1786634587901,340049,Thigh,sit,-0.642208,-0.407968,0.687592,1.33,-2.45,-0.14,-54
1786634587901,340066,Thigh,sit,-0.643672,-0.408456,0.688568,1.33,-2.45,-0.14,-54
1786634587901,340097,Thigh,sit,-0.645136,-0.408456,0.686616,1.33,-2.45,-0.21,-54
1786634587901,340114,Thigh,sit,-0.645136,-0.407968,0.686616,1.33,-2.38,-0.21,-54
1786634587901,340131,Thigh,sit,-0.6466,-0.406992,0.68564,1.4,-2.52,-0.21,-54
1786634587901,340148,Thigh,sit,-0.648552,-0.406992,0.6832,1.47,-2.66,-0.14,-54
1786634587901,340165,Thigh,sit,-0.648552,-0.406016,0.686128,1.47,-2.8,-0.14,-54
1786634588259,340342,Thigh,sit,-0.642208,-0.408944,0.689056,1.33,-2.59,-0.14,-54
1786634588259,340373,Thigh,sit,-0.642696,-0.406992,0.687104,1.4,-2.59,-0.07,-54
1786634588259,340390,Thigh,sit,-0.643184,-0.40748,0.68808,1.4,-2.45,-0.14,-54
1786634588259,340406,Thigh,sit,-0.645136,-0.406504,0.687592,1.4,-2.52,-0.21,-54
1786634588259,340423,Thigh,sit,-0.645136,-0.40504,0.687104,1.33,-2.52,-0.14,-54
1786634588259,340454,Thigh,sit,-0.644648,-0.40504,0.687104,1.05,-2.31,-0.14,-54
1786634588259,340471,Thigh,sit,-0.646112,-0.40748,0.687104,1.05,-2.24,-0.07,-54
1786634588259,340488,Thigh,sit,-0.644648,-0.407968,0.686616,1.19,-2.31,-0.07,-54
1786634588259,340505,Thigh,sit,-0.643184,-0.406504,0.686128,1.19,-2.45,0,-54
1786634588259,340522,Thigh,sit,-0.643672,-0.408456,0.68808,1.26,-2.52,0,-54
1786634588617,340698,Thigh,sit,-0.64416,-0.408456,0.686616,1.19,-2.45,-0.07,-54
1786634588617,340729,Thigh,sit,-0.644648,-0.405528,0.686128,1.26,-2.52,-0.07,-54
1786634588617,340746,Thigh,sit,-0.643672,-0.406992,0.687592,1.26,-2.52,-0.07,-54
1786634588617,340762,Thigh,sit,-0.64416,-0.407968,0.689056,1.26,-2.52,-0.07,-54
1786634588617,340779,Thigh,sit,-0.643184,-0.406504,0.688568,1.33,-2.38,-0.21,-54
1786634588617,340810,Thigh,sit,-0.643672,-0.406504,0.686616,1.33,-2.45,-0.21,-54
1786634588617,340827,Thigh,sit,-0.643672,-0.406992,0.688568,1.33,-2.31,-0.28,-54
1786634588617,340844,Thigh,sit,-0.6466,-0.406016,0.68808,1.26,-2.1,-0.21,-54
1786634588617,340861,Thigh,sit,-0.647576,-0.406016,0.687104,1.26,-2.17,-0.21,-54
1786634588617,340878,Thigh,sit,-0.648552,-0.406992,0.68564,1.26,-2.24,-0.28,-54
1786634588974,341056,Thigh,sit,-0.643184,-0.406992,0.688568,1.33,-2.38,-0.21,-54
1786634588974,341087,Thigh,sit,-0.645136,-0.406504,0.687104,1.26,-2.38,-0.14,-54
1786634588974,341104,Thigh,sit,-0.645136,-0.40504,0.686128,1.26,-2.38,0,-54
1786634588974,341121,Thigh,sit,-0.646112,-0.406992,0.687592,1.26,-2.38,-0.07,-54
1786634588974,341137,Thigh,sit,-0.646112,-0.406992,0.687592,1.19,-2.38,0,-54
1786634588974,341168,Thigh,sit,-0.6466,-0.40748,0.686128,1.19,-2.45,0,-54
1786634588974,341185,Thigh,sit,-0.6466,-0.406504,0.686128,1.26,-2.45,-0.07,-54
1786634588974,341202,Thigh,sit,-0.647576,-0.40748,0.68564,1.26,-2.52,-0.14,-54
1786634588974,341219,Thigh,sit,-0.647088,-0.407968,0.686616,1.26,-2.59,-0.21,-54
1786634588974,341236,Thigh,sit,-0.645136,-0.408944,0.688568,1.33,-2.59,-0.21,-54
1786634589332,341412,Thigh,sit,-0.646112,-0.403088,0.690032,1.26,-2.73,-0.35,-54
1786634589332,341443,Thigh,sit,-0.64416,-0.40748,0.687592,1.12,-2.73,-0.35,-54
1786634589332,341460,Thigh,sit,-0.642208,-0.408944,0.688568,1.19,-2.73,-0.28,-54
1786634589332,341476,Thigh,sit,-0.641232,-0.409432,0.689056,1.19,-2.73,-0.21,-54
1786634589332,341493,Thigh,sit,-0.639768,-0.408456,0.690032,1.26,-2.59,-0.21,-54
1786634589332,341524,Thigh,sit,-0.634888,-0.411872,0.687592,1.68,-3.01,0.07,-54
1786634589332,341541,Thigh,sit,-0.64172,-0.406992,0.691984,1.82,-2.66,-0.07,-54
1786634589332,341558,Thigh,sit,-0.64904,-0.401624,0.696864,1.47,-2.31,-0.49,-54
1786634589332,341575,Thigh,sit,-0.649528,-0.404064,0.685152,1.19,-2.1,-0.49,-54
1786634589332,341592,Thigh,sit,-0.652944,-0.400648,0.679296,1.19,-2.17,-0.21,-54
1786634589691,341770,Thigh,sit,-0.647088,-0.405528,0.684664,1.19,-2.66,0.07,-54
1786634589691,341801,Thigh,sit,-0.647088,-0.406016,0.690032,1.12,-2.45,-0.07,-54
1786634589691,341818,Thigh,sit,-0.645624,-0.406992,0.687104,1.26,-2.45,-0.14,-54
1786634589691,341834,Thigh,sit,-0.64416,-0.406992,0.686616,1.26,-2.45,-0.14,-54
1786634589691,341851,Thigh,sit,-0.642208,-0.408456,0.68808,1.26,-2.66,-0.07,-54
1786634589691,341882,Thigh,sit,-0.645624,-0.40992,0.68808,1.26,-2.45,0,-54
1786634589691,341899,Thigh,sit,-0.646112,-0.408944,0.687104,1.4,-2.66,0,-54
1786634589691,341916,Thigh,sit,-0.6466,-0.406504,0.68808,1.4,-2.52,-0.14,-54
1786634589691,341933,Thigh,sit,-0.643672,-0.406016,0.68808,1.26,-2.59,-0.21,-54
1786634589691,341950,Thigh,sit,-0.643184,-0.406016,0.687592,1.12,-2.38,-0.14,-54
1786634590065,342127,Thigh,sit,-0.644648,-0.40504,0.69052,1.4,-2.45,-0.14,-54
1786634590065,342158,Thigh,sit,-0.64416,-0.404552,0.687104,1.05,-2.17,-0.07,-54
1786634590065,342175,Thigh,sit,-0.645136,-0.407968,0.686616,1.05,-2.24,0,-54
1786634590065,342191,Thigh,sit,-0.6466,-0.409432,0.686616,1.19,-2.38,-0.07,-54
1786634590065,342208,Thigh,sit,-0.643184,-0.408456,0.687104,1.4,-2.66,-0.14,-54
1786634590065,342239,Thigh,sit,-0.647088,-0.406504,0.688568,1.26,-2.31,-0.28,-54
1786634590065,342256,Thigh,sit,-0.647576,-0.408944,0.686128,1.05,-2.1,-0.35,-54
1786634590065,342273,Thigh,sit,-0.6466,-0.406504,0.68564,1.05,-2.1,-0.28,-54
1786634590065,342290,Thigh,sit,-0.645624,-0.406504,0.684664,1.05,-2.38,-0.21,-54
1786634590065,342307,Thigh,sit,-0.645136,-0.406504,0.684176,1.12,-2.45,-0.14,-54
1786634590471,342484,Thigh,sit,-0.645136,-0.406992,0.687104,1.47,-2.45,-0.14,-54
1786634590471,342515,Thigh,sit,-0.647088,-0.40748,0.687592,1.4,-2.52,-0.14,-54
1786634590471,342532,Thigh,sit,-0.647576,-0.405528,0.686616,1.26,-2.45,-0.21,-54
1786634590471,342549,Thigh,sit,-0.6466,-0.407968,0.687592,1.12,-2.24,-0.14,-54
1786634590471,342565,Thigh,sit,-0.6466,-0.407968,0.68564,0.98,-2.45,-0.14,-54
1786634590471,342596,Thigh,sit,-0.643184,-0.410408,0.687592,1.26,-2.73,-0.14,-54
1786634590471,342613,Thigh,sit,-0.64172,-0.410896,0.689544,1.47,-2.8,-0.14,-54
1786634590471,342630,Thigh,sit,-0.642208,-0.409432,0.69052,1.54,-2.73,-0.14,-54
1786634590471,342647,Thigh,sit,-0.643184,-0.40748,0.689544,1.4,-2.52,-0.21,-54
1786634590471,342664,Thigh,sit,-0.6466,-0.406992,0.687104,1.26,-2.31,-0.21,-54
1786634592452,342841,Thigh,sit,-0.64904,-0.406016,0.68564,1.26,-2.45,-0.21,-55
1786634592452,342872,Thigh,sit,-0.643184,-0.406504,0.687592,1.26,-2.38,0,-55
1786634592452,342890,Thigh,sit,-0.643672,-0.406504,0.689056,1.12,-2.38,0,-55
1786634592452,342906,Thigh,sit,-0.642696,-0.407968,0.689056,1.12,-2.31,-0.07,-55
1786634592452,342923,Thigh,sit,-0.642696,-0.407968,0.689544,1.12,-2.24,-0.21,-55
1786634592452,342953,Thigh,sit,-0.64416,-0.408944,0.687104,1.26,-2.17,-0.35,-55
1786634592452,342970,Thigh,sit,-0.647576,-0.408944,0.686128,1.26,-2.24,-0.21,-55
1786634592452,342987,Thigh,sit,-0.6466,-0.406992,0.684176,1.19,-2.31,-0.21,-55
1786634592452,343004,Thigh,sit,-0.6466,-0.40748,0.68564,1.19,-2.45,-0.07,-55
1786634592452,343021,Thigh,sit,-0.647088,-0.408456,0.687104,1.19,-2.45,-0.07,-55
1786634592453,343197,Thigh,sit,-0.639768,-0.4026,0.691984,1.61,-2.8,-0.21,-55
1786634592453,343228,Thigh,sit,-0.650504,-0.406504,0.687592,1.26,-2.03,-0.35,-55
1786634592453,343245,Thigh,sit,-0.650016,-0.405528,0.6832,1.26,-1.96,-0.28,-55
1786634592453,343262,Thigh,sit,-0.648552,-0.404552,0.679296,1.12,-2.52,-0.07,-55
1786634592453,343278,Thigh,sit,-0.647088,-0.406992,0.68808,1.05,-2.45,0,-55
1786634592453,343309,Thigh,sit,-0.645624,-0.409432,0.687592,1.12,-2.31,-0.14,-55
1786634592453,343326,Thigh,sit,-0.643672,-0.408944,0.68564,1.33,-2.52,-0.21,-55
1786634592453,343343,Thigh,sit,-0.640744,-0.408456,0.68564,1.47,-2.8,-0.28,-55
1786634592453,343360,Thigh,sit,-0.641232,-0.407968,0.688568,1.54,-2.59,-0.21,-55
1786634592453,343377,Thigh,sit,-0.646112,-0.408944,0.687592,1.54,-2.66,-0.21,-55
1786634592457,343553,Thigh,sit,-0.645136,-0.412848,0.68564,1.26,-2.31,-0.21,-55
1786634592457,343584,Thigh,sit,-0.643184,-0.411384,0.685152,1.4,-2.87,-0.14,-55
1786634592457,343601,Thigh,sit,-0.642696,-0.411384,0.686616,1.33,-2.66,-0.07,-55
1786634592457,343617,Thigh,sit,-0.644648,-0.411384,0.689056,1.26,-2.59,-0.07,-55
1786634592457,343634,Thigh,sit,-0.64416,-0.40992,0.687592,1.33,-2.59,-0.07,-55
1786634592457,343665,Thigh,sit,-0.643184,-0.405528,0.687104,1.4,-2.73,0,-55
1786634592457,343682,Thigh,sit,-0.643672,-0.406504,0.686616,1.54,-2.87,0.14,-55
1786634592457,343699,Thigh,sit,-0.644648,-0.406016,0.686616,1.61,-3.01,0.14,-55
1786634592457,343716,Thigh,sit,-0.646112,-0.403576,0.68808,1.54,-2.8,0.07,-55
1786634592457,343733,Thigh,sit,-0.649528,-0.404064,0.690032,1.33,-2.38,-0.14,-55
1786634592564,343909,Thigh,sit,-0.657824,-0.404552,0.68076,0.63,-1.82,-0.14,-55
1786634592564,343940,Thigh,sit,-0.64416,-0.415288,0.6832,0.7,-2.38,-0.07,-55
1786634592564,343957,Thigh,sit,-0.641232,-0.416752,0.686128,0.91,-2.73,-0.07,-55
1786634592564,343974,Thigh,sit,-0.638304,-0.417728,0.687104,1.05,-2.87,-0.14,-55
1786634592564,343990,Thigh,sit,-0.63684,-0.416264,0.688568,1.4,-3.01,-0.07,-55
1786634592564,344021,Thigh,sit,-0.640256,-0.41236,0.687592,1.54,-2.94,-0.07,-55
1786634592564,344038,Thigh,sit,-0.64416,-0.410408,0.686616,1.54,-2.87,-0.07,-55
1786634592564,344055,Thigh,sit,-0.645624,-0.408944,0.686616,1.54,-2.94,-0.07,-55
1786634592564,344072,Thigh,sit,-0.647088,-0.40504,0.686616,1.54,-2.94,-0.07,-55
1786634592564,344090,Thigh,sit,-0.646112,-0.405528,0.687592,1.47,-2.94,-0.14,-55
1786634592978,345046,Thigh,sit,-0.642696,-0.413336,0.68808,1.19,-2.8,0.14,-53
1786634592978,345076,Thigh,sit,-0.638792,-0.411872,0.68808,1.54,-2.94,0,-53
1786634592978,345093,Thigh,sit,-0.639768,-0.40992,0.690032,1.68,-2.87,-0.14,-53
1786634592978,345111,Thigh,sit,-0.640744,-0.408456,0.69052,1.61,-2.59,-0.21,-53
1786634592978,345127,Thigh,sit,-0.645136,-0.404552,0.688568,1.61,-2.52,-0.21,-53
1786634592978,345158,Thigh,sit,-0.650016,-0.401136,0.68564,1.33,-2.24,-0.21,-53
1786634592978,345175,Thigh,sit,-0.650504,-0.40016,0.68564,1.26,-2.24,-0.14,-53
1786634592978,345192,Thigh,sit,-0.650016,-0.400648,0.684664,1.19,-2.17,-0.14,-53
1786634592978,345209,Thigh,sit,-0.648064,-0.403576,0.686128,1.05,-2.38,-0.14,-53
1786634592978,345226,Thigh,sit,-0.647576,-0.407968,0.686128,1.05,-2.31,-0.14,-53
1786634593337,345405,Thigh,sit,-0.646112,-0.406016,0.686128,1.26,-2.73,-0.14,-53
1786634593337,345436,Thigh,sit,-0.643672,-0.40504,0.689544,1.26,-2.59,-0.14,-53
1786634593337,345454,Thigh,sit,-0.643184,-0.40748,0.690032,1.33,-2.66,-0.07,-53
1786634593337,345470,Thigh,sit,-0.64172,-0.40748,0.690032,1.33,-2.59,-0.14,-53
1786634593337,345487,Thigh,sit,-0.639768,-0.408456,0.691008,1.33,-2.52,-0.14,-53
1786634593337,345518,Thigh,sit,-0.643672,-0.405528,0.689056,1.26,-2.1,-0.14,-53
1786634593337,345535,Thigh,sit,-0.644648,-0.404552,0.688568,1.19,-2.03,-0.14,-53
1786634593337,345552,Thigh,sit,-0.645624,-0.405528,0.684664,1.05,-2.03,-0.07,-53
1786634593337,345569,Thigh,sit,-0.645624,-0.405528,0.684664,1.12,-2.17,0.07,-53
1786634593337,345586,Thigh,sit,-0.6466,-0.406504,0.687592,1.12,-2.1,0.07,-53
1786634593695,345763,Thigh,sit,-0.647576,-0.40504,0.684176,1.12,-2.52,-0.14,-53
1786634593695,345793,Thigh,sit,-0.642696,-0.40992,0.68808,1.19,-2.8,-0.07,-53
1786634593695,345811,Thigh,sit,-0.642208,-0.40992,0.688568,1.47,-2.87,-0.21,-53
1786634593695,345827,Thigh,sit,-0.638792,-0.408456,0.689056,1.54,-2.87,-0.21,-53
1786634593695,345844,Thigh,sit,-0.641232,-0.40748,0.69052,1.54,-2.59,-0.35,-53
1786634593695,345875,Thigh,sit,-0.6466,-0.40504,0.686128,1.4,-2.45,-0.28,-53
1786634593695,345892,Thigh,sit,-0.650992,-0.405528,0.684176,1.33,-2.38,-0.21,-53
1786634593695,345909,Thigh,sit,-0.65148,-0.405528,0.685152,1.26,-2.52,-0.21,-53
1786634593695,345926,Thigh,sit,-0.650016,-0.406504,0.684664,1.26,-2.59,-0.21,-53
1786634593695,345943,Thigh,sit,-0.647576,-0.405528,0.685152,1.26,-2.66,-0.07,-53
1786634594056,346121,Thigh,sit,-0.645136,-0.406016,0.68808,1.19,-2.59,-0.28,-54
1786634594056,346151,Thigh,sit,-0.643672,-0.409432,0.68808,1.12,-2.52,-0.14,-54
1786634594056,346169,Thigh,sit,-0.642208,-0.40748,0.688568,1.19,-2.52,-0.14,-54
1786634594056,346185,Thigh,sit,-0.643184,-0.406992,0.68808,1.26,-2.52,-0.07,-54
1786634594056,346202,Thigh,sit,-0.645136,-0.406504,0.68808,1.33,-2.45,-0.07,-54
1786634594056,346233,Thigh,sit,-0.643672,-0.407968,0.68808,1.19,-2.31,-0.07,-54
1786634594056,346250,Thigh,sit,-0.64416,-0.406016,0.686616,1.19,-2.24,-0.07,-54
1786634594056,346267,Thigh,sit,-0.644648,-0.406016,0.686616,1.26,-2.24,-0.07,-54
1786634594056,346284,Thigh,sit,-0.644648,-0.40504,0.688568,1.26,-2.24,-0.07,-54
1786634594056,346301,Thigh,sit,-0.644648,-0.405528,0.689544,1.19,-2.17,-0.07,-54
1786634594414,346479,Thigh,sit,-0.6466,-0.403576,0.690032,0.98,-2.03,0.21,-54
1786634594414,346509,Thigh,sit,-0.6466,-0.406016,0.687592,0.84,-1.75,0.28,-54
1786634594414,346527,Thigh,sit,-0.644648,-0.406016,0.68808,0.77,-1.75,0.28,-54
1786634594414,346543,Thigh,sit,-0.647088,-0.410408,0.68564,0.7,-2.03,0.21,-54
1786634594414,346560,Thigh,sit,-0.647576,-0.414312,0.684664,0.98,-2.1,0.07,-54
1786634594414,346591,Thigh,sit,-0.648552,-0.413336,0.682712,1.26,-2.31,-0.42,-54
1786634594414,346608,Thigh,sit,-0.650016,-0.411384,0.682224,1.68,-2.73,-0.42,-54
1786634594414,346625,Thigh,sit,-0.650016,-0.407968,0.6832,1.82,-3.15,-0.42,-54
1786634594414,346642,Thigh,sit,-0.65148,-0.406016,0.683688,1.82,-3.15,-0.49,-54
1786634594414,346659,Thigh,sit,-0.652944,-0.405528,0.684176,1.68,-3.15,-0.49,-54
1786634594769,346835,Thigh,sit,-0.642696,-0.406016,0.691008,1.33,-2.38,-0.21,-54
1786634594769,346865,Thigh,sit,-0.645136,-0.40504,0.688568,1.33,-2.24,-0.28,-54
1786634594769,346882,Thigh,sit,-0.648552,-0.404064,0.686128,1.19,-2.17,-0.28,-54
1786634594769,346899,Thigh,sit,-0.649528,-0.405528,0.68564,1.12,-2.31,-0.28,-54
1786634594769,346916,Thigh,sit,-0.64904,-0.406992,0.68564,1.05,-2.31,-0.14,-54
1786634594769,346947,Thigh,sit,-0.643184,-0.40748,0.687104,1.05,-2.45,-0.07,-54
1786634594769,346964,Thigh,sit,-0.642208,-0.407968,0.687592,1.05,-2.52,0,-54
1786634594769,346981,Thigh,sit,-0.640744,-0.40992,0.69052,1.19,-2.52,0,-54
1786634594769,346998,Thigh,sit,-0.64416,-0.410408,0.690032,1.33,-2.45,-0.14,-54
1786634594769,347015,Thigh,sit,-0.643184,-0.408456,0.689056,1.33,-2.38,-0.14,-54
1786634595129,347191,Thigh,sit,-0.650016,-0.406992,0.684664,1.26,-2.45,-0.28,-53
1786634595129,347222,Thigh,sit,-0.648064,-0.40748,0.684664,1.26,-2.52,-0.35,-53
1786634595129,347239,Thigh,sit,-0.646112,-0.407968,0.68564,1.26,-2.59,-0.28,-53
1786634595129,347256,Thigh,sit,-0.645624,-0.407968,0.686128,1.33,-2.66,-0.28,-53
1786634595129,347273,Thigh,sit,-0.6466,-0.40748,0.686128,1.4,-2.59,-0.28,-53
1786634595129,347304,Thigh,sit,-0.646112,-0.40748,0.686616,1.4,-2.73,-0.28,-53
1786634595129,347321,Thigh,sit,-0.645624,-0.40748,0.686128,1.26,-2.73,-0.28,-53
1786634595129,347338,Thigh,sit,-0.644648,-0.408456,0.68808,1.19,-2.66,-0.21,-53
1786634595129,347356,Thigh,sit,-0.642208,-0.408944,0.686616,1.26,-2.73,-0.14,-53
1786634595129,347373,Thigh,sit,-0.64172,-0.408944,0.689056,1.19,-2.73,-0.14,-53
1786634595487,347549,Thigh,sit,-0.647088,-0.406016,0.68564,1.26,-2.24,-0.07,-53
1786634595487,347580,Thigh,sit,-0.647088,-0.407968,0.686128,1.33,-2.45,-0.14,-53
1786634595487,347597,Thigh,sit,-0.648064,-0.408456,0.687592,1.19,-2.52,-0.21,-53
1786634595487,347613,Thigh,sit,-0.64904,-0.408456,0.68564,1.26,-2.59,-0.35,-53
1786634595487,347630,Thigh,sit,-0.64904,-0.405528,0.684664,1.33,-2.59,-0.35,-53
1786634595487,347661,Thigh,sit,-0.64904,-0.406992,0.686128,1.26,-2.94,-0.28,-53
1786634595487,347678,Thigh,sit,-0.648064,-0.406016,0.68564,1.26,-2.87,-0.28,-53
1786634595487,347695,Thigh,sit,-0.647576,-0.406504,0.687104,1.19,-2.87,-0.28,-53
1786634595487,347712,Thigh,sit,-0.646112,-0.406016,0.68808,1.19,-2.87,-0.28,-53
1786634595487,347729,Thigh,sit,-0.64416,-0.408456,0.687592,1.12,-2.87,-0.28,-53
1786634595865,347907,Thigh,sit,-0.642208,-0.409432,0.686616,1.33,-2.45,-0.07,-53
1786634595865,347938,Thigh,sit,-0.646112,-0.406016,0.689056,1.4,-2.52,-0.07,-53
1786634595865,347955,Thigh,sit,-0.645624,-0.405528,0.688568,1.4,-2.52,-0.21,-53
1786634595865,347971,Thigh,sit,-0.647088,-0.406016,0.68808,1.4,-2.45,-0.14,-53
1786634595865,347988,Thigh,sit,-0.647088,-0.405528,0.686128,1.26,-2.31,-0.14,-53
1786634595865,348019,Thigh,sit,-0.6466,-0.406992,0.687104,1.19,-2.45,-0.07,-53
1786634595865,348036,Thigh,sit,-0.645136,-0.406504,0.68808,1.26,-2.38,-0.14,-53
1786634595865,348053,Thigh,sit,-0.645136,-0.406504,0.688568,1.33,-2.45,-0.14,-53
1786634595865,348070,Thigh,sit,-0.645136,-0.408456,0.687104,1.33,-2.52,-0.14,-53
1786634595865,348087,Thigh,sit,-0.64416,-0.40748,0.687104,1.33,-2.52,0,-53
1786634596241,348264,Thigh,sit,-0.647576,-0.406992,0.686128,1.26,-2.03,-0.21,-53
1786634596241,348295,Thigh,sit,-0.648552,-0.407968,0.684176,1.26,-2.24,-0.14,-53
1786634596241,348312,Thigh,sit,-0.646112,-0.406992,0.684176,1.26,-2.31,0,-53
1786634596241,348329,Thigh,sit,-0.6466,-0.40748,0.68564,1.19,-2.31,0.07,-53
1786634596241,348345,Thigh,sit,-0.647576,-0.40748,0.684664,1.12,-2.45,0.07,-53
1786634596241,348376,Thigh,sit,-0.648064,-0.406992,0.68564,1.26,-2.52,-0.14,-53
1786634596241,348393,Thigh,sit,-0.648552,-0.406992,0.686128,1.33,-2.59,-0.21,-53
1786634596241,348410,Thigh,sit,-0.648064,-0.404552,0.686128,1.26,-2.45,-0.28,-53
1786634596241,348427,Thigh,sit,-0.646112,-0.40992,0.685152,1.33,-3.22,-0.14,-53
1786634596241,348444,Thigh,sit,-0.647088,-0.406992,0.684664,1.61,-2.87,-0.21,-53
1786634596632,348622,Thigh,sit,-0.64416,-0.408944,0.688568,1.4,-2.38,-0.28,-53
1786634596632,348652,Thigh,sit,-0.645624,-0.406016,0.686128,1.4,-2.38,-0.21,-53
1786634596632,348670,Thigh,sit,-0.648064,-0.406504,0.686128,1.26,-2.45,-0.21,-53
1786634596632,348687,Thigh,sit,-0.647088,-0.406016,0.687104,1.26,-2.52,-0.14,-53
1786634596632,348704,Thigh,sit,-0.647576,-0.40748,0.685152,1.19,-2.52,-0.14,-53
1786634596632,348734,Thigh,sit,-0.646112,-0.406992,0.687104,1.26,-2.66,-0.14,-53
1786634596632,348751,Thigh,sit,-0.64416,-0.40748,0.688568,1.26,-2.59,-0.14,-53
1786634596632,348768,Thigh,sit,-0.645136,-0.406992,0.688568,1.26,-2.52,-0.14,-53
1786634596632,348785,Thigh,sit,-0.64416,-0.407968,0.687104,1.26,-2.59,-0.14,-53
1786634596632,348802,Thigh,sit,-0.644648,-0.406504,0.687592,1.33,-2.59,-0.21,-53
1786634596923,348979,Thigh,sit,-0.647088,-0.406992,0.68564,1.26,-2.38,-0.14,-54
1786634596923,349011,Thigh,sit,-0.645624,-0.408456,0.686616,1.26,-2.52,-0.07,-54
1786634596923,349028,Thigh,sit,-0.64416,-0.407968,0.68808,1.33,-2.52,-0.14,-54
1786634596923,349046,Thigh,sit,-0.643672,-0.40748,0.688568,1.33,-2.52,-0.21,-54
1786634596923,349063,Thigh,sit,-0.643672,-0.408944,0.687592,1.33,-2.59,-0.21,-54
1786634596923,349080,Thigh,sit,-0.643672,-0.406504,0.687592,1.4,-2.45,-0.21,-54
1786634596923,349110,Thigh,sit,-0.646112,-0.40748,0.687104,1.26,-2.45,-0.28,-54
1786634596923,349127,Thigh,sit,-0.647088,-0.40992,0.686616,1.26,-2.52,-0.21,-54
1786634596923,349144,Thigh,sit,-0.643184,-0.407968,0.686616,1.33,-2.66,-0.21,-54
1786634596923,349161,Thigh,sit,-0.642208,-0.406504,0.686616,1.33,-2.66,0,-54
1786634597285,349339,Thigh,sit,-0.64416,-0.40992,0.688568,1.05,-2.45,0,-55
1786634597285,349370,Thigh,sit,-0.640744,-0.409432,0.686616,1.26,-2.45,-0.14,-55
1786634597285,349387,Thigh,sit,-0.643184,-0.408456,0.687104,1.33,-2.31,-0.14,-55
1786634597285,349404,Thigh,sit,-0.647088,-0.408944,0.687592,1.4,-2.31,-0.14,-55
1786634597285,349421,Thigh,sit,-0.645624,-0.408456,0.685152,1.4,-2.52,-0.14,-55
1786634597285,349451,Thigh,sit,-0.6466,-0.407968,0.686616,1.26,-2.31,-0.21,-55
1786634597285,349468,Thigh,sit,-0.646112,-0.410408,0.689056,1.33,-2.38,-0.21,-55
1786634597285,349485,Thigh,sit,-0.642208,-0.406992,0.687592,1.47,-2.38,-0.14,-55
1786634597285,349502,Thigh,sit,-0.640256,-0.40504,0.68564,1.54,-2.66,-0.07,-55
1786634597285,349519,Thigh,sit,-0.64172,-0.40504,0.68808,1.61,-2.45,-0.07,-55
1786634597642,349697,Thigh,sit,-0.646112,-0.410896,0.68564,1.26,-2.45,-0.21,-54
1786634597642,349729,Thigh,sit,-0.648064,-0.40992,0.683688,1.4,-2.73,-0.28,-54
1786634597642,349746,Thigh,sit,-0.64904,-0.407968,0.683688,1.4,-2.8,-0.28,-54
1786634597642,349764,Thigh,sit,-0.650504,-0.406992,0.684664,1.4,-2.66,-0.21,-54
1786634597642,349781,Thigh,sit,-0.648552,-0.40748,0.686128,1.33,-2.8,-0.35,-54
1786634597642,349797,Thigh,sit,-0.647088,-0.408944,0.684664,1.4,-3.01,-0.28,-54
1786634597642,349828,Thigh,sit,-0.646112,-0.407968,0.687592,1.54,-3.08,-0.35,-54
1786634597642,349845,Thigh,sit,-0.645136,-0.40748,0.686128,1.61,-3.15,-0.42,-54
1786634597642,349862,Thigh,sit,-0.64416,-0.405528,0.68808,1.54,-2.94,-0.42,-54
1786634597642,349879,Thigh,sit,-0.642696,-0.406504,0.688568,1.4,-2.87,-0.35,-54
1786634598003,350056,Thigh,sit,-0.650992,-0.404064,0.684176,0.84,-1.89,-0.07,-56
1786634598003,350088,Thigh,sit,-0.64904,-0.40748,0.685152,0.84,-2.03,0.07,-56
1786634598003,350105,Thigh,sit,-0.647088,-0.408944,0.68564,0.91,-2.17,0,-56
1786634598003,350122,Thigh,sit,-0.645624,-0.409432,0.68564,1.12,-2.45,-0.07,-56
1786634598003,350138,Thigh,sit,-0.645136,-0.410896,0.68564,1.33,-2.52,-0.07,-56
1786634598003,350169,Thigh,sit,-0.646112,-0.410408,0.684664,1.26,-2.59,-0.21,-56
1786634598003,350186,Thigh,sit,-0.645624,-0.408456,0.686128,1.33,-2.66,-0.14,-56
1786634598003,350203,Thigh,sit,-0.64172,-0.408944,0.686616,1.4,-2.66,-0.07,-56
1786634598003,350220,Thigh,sit,-0.64172,-0.408456,0.688568,1.47,-2.66,-0.14,-56
1786634598003,350237,Thigh,sit,-0.641232,-0.408456,0.689056,1.47,-2.73,-0.14,-56
1786634598359,350413,Thigh,sit,-0.647088,-0.403088,0.688568,1.12,-2.73,-0.14,-56
1786634598359,350445,Thigh,sit,-0.640744,-0.408456,0.690032,0.84,-2.45,-0.21,-56
1786634598359,350462,Thigh,sit,-0.638792,-0.409432,0.687592,1.05,-2.52,-0.07,-56
1786634598359,350479,Thigh,sit,-0.638792,-0.40992,0.689056,1.26,-2.73,-0.14,-56
1786634598359,350495,Thigh,sit,-0.638304,-0.408944,0.693936,1.26,-2.38,-0.28,-56
1786634598359,350526,Thigh,sit,-0.645624,-0.410408,0.687104,0.98,-1.68,-0.84,-56
1786634598359,350543,Thigh,sit,-0.638304,-0.406016,0.677832,1.26,-2.45,-0.28,-56
1786634598359,350560,Thigh,sit,-0.637328,-0.404552,0.679296,1.4,-2.8,0.07,-56
1786634598359,350577,Thigh,sit,-0.641232,-0.408456,0.69052,1.47,-2.94,0,-56
1786634598359,350594,Thigh,sit,-0.6466,-0.408944,0.695888,1.54,-2.52,-0.14,-56
1786634598720,350771,Thigh,sit,-0.645136,-0.404064,0.68808,1.19,-2.24,-0.07,-56
1786634598720,350802,Thigh,sit,-0.6466,-0.404552,0.686616,1.19,-2.17,-0.21,-56
1786634598720,350819,Thigh,sit,-0.643672,-0.404064,0.688568,1.12,-2.1,-0.21,-56
1786634598720,350836,Thigh,sit,-0.645136,-0.40504,0.68808,0.91,-1.89,-0.14,-56
1786634598720,350852,Thigh,sit,-0.646112,-0.406016,0.686616,0.98,-2.03,-0.14,-56
1786634598720,350883,Thigh,sit,-0.644648,-0.40992,0.686616,1.12,-2.1,-0.14,-56
1786634598720,350900,Thigh,sit,-0.6466,-0.410896,0.686616,1.12,-2.17,-0.14,-56
1786634598720,350917,Thigh,sit,-0.648552,-0.40992,0.686128,1.19,-2.17,-0.14,-56
1786634598720,350934,Thigh,sit,-0.650016,-0.40992,0.684664,1.26,-2.24,-0.14,-56
1786634598720,350951,Thigh,sit,-0.65148,-0.407968,0.682224,1.33,-2.52,-0.21,-56
1786634599081,351128,Thigh,sit,-0.646112,-0.406016,0.68564,1.33,-2.59,-0.35,-56
1786634599081,351160,Thigh,sit,-0.647576,-0.40748,0.686616,1.4,-2.73,-0.28,-56
1786634599081,351177,Thigh,sit,-0.647088,-0.406016,0.68564,1.4,-2.8,-0.21,-56
1786634599081,351194,Thigh,sit,-0.645136,-0.40504,0.68564,1.4,-2.8,-0.14,-56
1786634599081,351210,Thigh,sit,-0.6466,-0.406992,0.687104,1.33,-2.73,-0.21,-56
1786634599081,351241,Thigh,sit,-0.645624,-0.407968,0.687592,1.33,-2.59,-0.14,-56
1786634599081,351258,Thigh,sit,-0.64416,-0.408456,0.68808,1.19,-2.66,-0.21,-56
1786634599081,351275,Thigh,sit,-0.643672,-0.40992,0.687104,1.19,-2.8,-0.14,-56
1786634599081,351292,Thigh,sit,-0.64172,-0.408456,0.689056,1.33,-2.94,-0.07,-56
1786634599081,351309,Thigh,sit,-0.64172,-0.406016,0.691984,1.33,-2.73,-0.14,-56
1786634599438,351487,Thigh,sit,-0.642696,-0.4026,0.692472,1.4,-1.96,-0.14,-55
1786634599438,351518,Thigh,sit,-0.64904,-0.406016,0.68564,1.26,-1.89,-0.14,-55
1786634599438,351535,Thigh,sit,-0.647576,-0.40504,0.686616,1.19,-2.31,0.07,-55
1786634599438,351552,Thigh,sit,-0.646112,-0.405528,0.6832,1.05,-2.45,0.07,-55
1786634599438,351569,Thigh,sit,-0.647088,-0.407968,0.687592,1.05,-2.17,0.07,-55
1786634599438,351600,Thigh,sit,-0.646112,-0.408944,0.688568,1.19,-2.45,-0.21,-55
1786634599438,351617,Thigh,sit,-0.64416,-0.406992,0.687104,1.33,-2.38,-0.21,-55
1786634599438,351634,Thigh,sit,-0.645136,-0.407968,0.687592,1.33,-2.52,-0.21,-55
1786634599438,351651,Thigh,sit,-0.644648,-0.40748,0.686616,1.12,-2.45,-0.21,-55
1786634599438,351668,Thigh,sit,-0.646112,-0.406992,0.68564,1.12,-2.38,-0.21,-55
1786634599798,351845,Thigh,sit,-0.645136,-0.405528,0.688568,1.54,-2.87,-0.14,-55
1786634599798,351877,Thigh,sit,-0.643672,-0.404552,0.688568,1.33,-2.59,-0.35,-55
1786634599798,351894,Thigh,sit,-0.644648,-0.406016,0.68808,1.33,-2.52,-0.21,-55
1786634599798,351911,Thigh,sit,-0.645136,-0.406504,0.68808,1.26,-2.52,-0.21,-55
1786634599798,351927,Thigh,sit,-0.643672,-0.406992,0.688568,1.26,-2.45,-0.14,-55
1786634599798,351958,Thigh,sit,-0.64172,-0.406992,0.68808,1.26,-2.52,-0.07,-55
1786634599798,351975,Thigh,sit,-0.642208,-0.407968,0.687592,1.4,-2.52,0,-55
1786634599798,351992,Thigh,sit,-0.643184,-0.407968,0.689544,1.4,-2.45,-0.07,-55
1786634599798,352009,Thigh,sit,-0.643672,-0.40748,0.69052,1.26,-2.31,-0.14,-55
1786634599798,352026,Thigh,sit,-0.645136,-0.40748,0.689544,1.26,-2.24,-0.14,-55
1786634600156,352203,Thigh,sit,-0.647088,-0.406504,0.687592,1.33,-2.31,0,-54
1786634600156,352234,Thigh,sit,-0.648552,-0.404552,0.686128,1.26,-2.31,-0.14,-54
1786634600156,352251,Thigh,sit,-0.649528,-0.406016,0.687104,1.19,-2.31,-0.07,-54
1786634600156,352267,Thigh,sit,-0.649528,-0.406992,0.685152,1.19,-2.24,-0.21,-54
1786634600156,352284,Thigh,sit,-0.648552,-0.406992,0.685152,1.19,-2.59,-0.07,-54
1786634600156,352315,Thigh,sit,-0.645624,-0.406504,0.686128,1.26,-2.52,-0.07,-54
1786634600156,352332,Thigh,sit,-0.645136,-0.407968,0.688568,1.26,-2.66,-0.14,-54
1786634600156,352349,Thigh,sit,-0.645624,-0.408456,0.688568,1.26,-2.52,-0.28,-54
1786634600156,352366,Thigh,sit,-0.646112,-0.408944,0.686616,1.33,-2.66,-0.28,-54
1786634600156,352383,Thigh,sit,-0.646112,-0.406992,0.687104,1.47,-2.73,-0.42,-54
1786634600518,352561,Thigh,sit,-0.642696,-0.405528,0.68808,1.19,-2.59,-0.14,-55
1786634600518,352592,Thigh,sit,-0.640744,-0.405528,0.689544,1.26,-2.45,-0.21,-55
1786634600518,352609,Thigh,sit,-0.642696,-0.40748,0.689056,1.33,-2.45,-0.28,-55
1786634600518,352625,Thigh,sit,-0.640744,-0.40504,0.688568,1.47,-2.38,-0.21,-55
1786634600518,352642,Thigh,sit,-0.642696,-0.40504,0.689544,1.33,-2.31,-0.28,-55
1786634600518,352673,Thigh,sit,-0.647576,-0.408944,0.685152,1.4,-2.45,-0.07,-55
1786634600518,352690,Thigh,sit,-0.650016,-0.408456,0.684664,1.33,-2.45,-0.14,-55
1786634600518,352707,Thigh,sit,-0.647576,-0.405528,0.684176,1.33,-2.66,-0.21,-55
1786634600518,352724,Thigh,sit,-0.648552,-0.404064,0.686128,1.33,-2.73,-0.14,-55
1786634600518,352741,Thigh,sit,-0.6466,-0.40504,0.686616,1.19,-2.59,-0.07,-55
1786634600872,352918,Thigh,sit,-0.646112,-0.405528,0.685152,1.4,-2.31,-0.14,-55
1786634600872,352950,Thigh,sit,-0.647576,-0.406992,0.68564,1.26,-2.45,-0.14,-55
1786634600872,352967,Thigh,sit,-0.646112,-0.406016,0.686616,1.33,-2.52,-0.07,-55
1786634600872,352983,Thigh,sit,-0.6466,-0.406016,0.689056,1.33,-2.38,-0.21,-55
1786634600872,353000,Thigh,sit,-0.647088,-0.406504,0.688568,1.19,-2.45,-0.21,-55
1786634600872,353031,Thigh,sit,-0.6466,-0.40748,0.685152,1.33,-2.66,-0.07,-55
1786634600872,353048,Thigh,sit,-0.64172,-0.405528,0.686128,1.19,-2.87,0,-55
1786634600872,353065,Thigh,sit,-0.644648,-0.408456,0.69052,1.26,-2.38,-0.21,-55
1786634600872,353082,Thigh,sit,-0.642696,-0.410896,0.689056,1.26,-2.66,-0.21,-55
1786634600872,353099,Thigh,sit,-0.640744,-0.406016,0.689056,1.4,-2.59,-0.14,-55
1786634601263,353275,Thigh,sit,-0.64172,-0.407968,0.69052,1.33,-2.45,-0.07,-55
1786634601263,353306,Thigh,sit,-0.644648,-0.407968,0.686616,1.4,-2.31,-0.14,-55
1786634601263,353323,Thigh,sit,-0.646112,-0.406992,0.687104,1.33,-2.38,-0.14,-55
1786634601263,353339,Thigh,sit,-0.645136,-0.406992,0.686128,1.26,-2.52,-0.07,-55
1786634601263,353356,Thigh,sit,-0.647576,-0.406504,0.687104,1.26,-2.52,-0.07,-55
1786634601263,353387,Thigh,sit,-0.646112,-0.406504,0.686616,1.26,-2.73,-0.07,-55
1786634601263,353404,Thigh,sit,-0.645136,-0.406504,0.689544,1.26,-2.52,-0.28,-55
1786634601263,353421,Thigh,sit,-0.645136,-0.40504,0.689544,1.26,-2.52,-0.21,-55
1786634601263,353438,Thigh,sit,-0.646112,-0.402112,0.687592,1.33,-2.45,-0.21,-55
1786634601263,353455,Thigh,sit,-0.647576,-0.403576,0.68808,1.19,-2.45,-0.21,-55
1786634601646,353632,Thigh,sit,-0.646112,-0.406992,0.688568,1.4,-2.52,-0.28,-55
1786634601646,353663,Thigh,sit,-0.64416,-0.40748,0.686128,1.33,-2.66,-0.21,-55
1786634601646,353680,Thigh,sit,-0.645136,-0.407968,0.688568,1.4,-2.8,-0.14,-55
1786634601646,353696,Thigh,sit,-0.644648,-0.406016,0.687592,1.4,-2.8,-0.14,-55
1786634601646,353714,Thigh,sit,-0.6466,-0.40504,0.689544,1.33,-2.73,-0.14,-55
1786634601646,353744,Thigh,sit,-0.645136,-0.40504,0.68808,1.26,-2.66,-0.14,-55
1786634601646,353761,Thigh,sit,-0.645136,-0.406504,0.689544,0.91,-2.38,-0.14,-55
1786634601646,353778,Thigh,sit,-0.645136,-0.409432,0.686128,0.98,-2.73,0.07,-55
1786634601646,353795,Thigh,sit,-0.647088,-0.4148,0.686616,1.05,-2.8,0.28,-55
1786634601646,353812,Thigh,sit,-0.646112,-0.405528,0.687104,1.33,-2.8,0.14,-55
1786634601943,353989,Thigh,sit,-0.638304,-0.410408,0.696376,1.05,-3.22,0.35,-55
1786634601943,354020,Thigh,sit,-0.635864,-0.405528,0.694912,0.91,-2.31,0.14,-55
1786634601943,354037,Thigh,sit,-0.636352,-0.407968,0.688568,0.91,-2.52,0.35,-55
1786634601943,354053,Thigh,sit,-0.634888,-0.406992,0.68808,1.05,-2.87,0.7,-55
1786634601943,354070,Thigh,sit,-0.644648,-0.408456,0.691496,0.98,-2.52,0.56,-55
1786634601943,354101,Thigh,sit,-0.64904,-0.406504,0.687104,1.12,-2.38,0.56,-55
1786634601943,354118,Thigh,sit,-0.648552,-0.404552,0.684176,1.12,-2.45,0.49,-55
1786634601943,354135,Thigh,sit,-0.65392,-0.404552,0.683688,0.98,-2.59,0.49,-55
1786634601943,354152,Thigh,sit,-0.658312,-0.406992,0.686128,0.77,-2.59,0.49,-55
1786634601943,354169,Thigh,sit,-0.657336,-0.406016,0.681248,0.77,-3.22,0.63,-55
1786634602304,354346,Thigh,sit,-0.642696,-0.406992,0.690032,0.91,-3.36,0.42,-55
1786634602304,354377,Thigh,sit,-0.643672,-0.403576,0.693936,0.91,-3.15,0.21,-55
1786634602304,354394,Thigh,sit,-0.642696,-0.4026,0.691984,0.7,-3.08,0.21,-55
1786634602304,354411,Thigh,sit,-0.642208,-0.40504,0.692472,0.7,-3.01,0.28,-55
1786634602304,354428,Thigh,sit,-0.640256,-0.40504,0.691008,0.7,-3.01,0.35,-55
1786634602304,354458,Thigh,sit,-0.643184,-0.406504,0.691008,0.77,-2.87,0.35,-55
1786634602304,354475,Thigh,sit,-0.642696,-0.406504,0.692472,0.84,-2.87,0.35,-55
1786634602304,354492,Thigh,sit,-0.64172,-0.406016,0.689056,0.84,-2.8,0.21,-55
1786634602304,354509,Thigh,sit,-0.64416,-0.405528,0.688568,0.77,-2.8,0.28,-55
1786634602304,354526,Thigh,sit,-0.64416,-0.405528,0.689544,0.77,-2.94,0.21,-55
1786634602661,354702,Thigh,sit,-0.640256,-0.40748,0.692472,1.26,-2.94,0,-55
1786634602661,354733,Thigh,sit,-0.640744,-0.4026,0.693448,1.33,-2.52,-0.14,-55
1786634602661,354750,Thigh,sit,-0.639768,-0.406504,0.694424,1.19,-2.31,-0.14,-55
1786634602661,354766,Thigh,sit,-0.636352,-0.406992,0.691008,1.26,-2.59,0.07,-55
1786634602661,354783,Thigh,sit,-0.637328,-0.408456,0.693448,1.33,-2.45,0.07,-55
1786634602661,354814,Thigh,sit,-0.63928,-0.405528,0.693936,1.4,-2.31,-0.21,-55
1786634602661,354831,Thigh,sit,-0.648552,-0.406992,0.694424,1.54,-1.68,-0.28,-55
1786634602661,354848,Thigh,sit,-0.643184,-0.403576,0.686616,1.33,-2.31,-0.07,-55
1786634602661,354865,Thigh,sit,-0.64416,-0.403088,0.687592,1.33,-2.52,-0.07,-55
1786634602661,354882,Thigh,sit,-0.64416,-0.406016,0.688568,1.26,-2.38,-0.07,-55
1786634603020,355061,Thigh,sit,-0.639768,-0.410896,0.694424,1.4,-2.59,-0.07,-55
1786634603020,355092,Thigh,sit,-0.640256,-0.406504,0.693448,1.54,-2.38,-0.28,-55
1786634603020,355109,Thigh,sit,-0.64416,-0.406504,0.692472,1.47,-2.1,-0.35,-55
1786634603020,355126,Thigh,sit,-0.648552,-0.407968,0.68808,1.33,-2.03,-0.28,-55
1786634603020,355142,Thigh,sit,-0.646112,-0.405528,0.685152,1.4,-2.45,-0.07,-55
1786634603020,355173,Thigh,sit,-0.643184,-0.40748,0.690032,1.26,-2.66,0.07,-55
1786634603020,355190,Thigh,sit,-0.64416,-0.40992,0.691984,1.4,-2.66,0.07,-55
1786634603020,355207,Thigh,sit,-0.643672,-0.40992,0.692472,1.33,-2.52,-0.14,-55
1786634603020,355224,Thigh,sit,-0.643672,-0.406504,0.692472,1.26,-2.38,-0.21,-55
1786634603020,355241,Thigh,sit,-0.643184,-0.405528,0.689056,1.4,-2.52,-0.28,-55
1786634603378,355418,Thigh,sit,-0.640744,-0.405528,0.69784,1.68,-2.24,-0.7,-55
1786634603378,355449,Thigh,sit,-0.650504,-0.403576,0.690032,1.75,-2.03,-0.98,-55
1786634603378,355466,Thigh,sit,-0.65392,-0.401136,0.681248,1.47,-2.03,-0.98,-55
1786634603378,355483,Thigh,sit,-0.65636,-0.402112,0.682224,1.19,-2.17,-0.7,-55
1786634603378,355499,Thigh,sit,-0.659288,-0.4026,0.682712,0.98,-2.73,-0.49,-55
1786634603378,355530,Thigh,sit,-0.655872,-0.412848,0.679784,0.7,-3.43,0,-55
1786634603378,355547,Thigh,sit,-0.65148,-0.413824,0.682224,0.63,-4.06,0.42,-55
1786634603378,355564,Thigh,sit,-0.643672,-0.411872,0.687104,0.63,-4.27,0.63,-55
1786634603378,355581,Thigh,sit,-0.645136,-0.40992,0.69052,0.49,-4.48,0.77,-55
1786634603378,355598,Thigh,sit,-0.645136,-0.40748,0.690032,0.42,-4.41,0.84,-55
1786634603739,355775,Thigh,sit,-0.621224,-0.40504,0.70516,2.17,-1.96,-1.19,-55
1786634603739,355806,Thigh,sit,-0.633424,-0.406992,0.694424,2.24,-1.68,-1.26,-55
1786634603739,355823,Thigh,sit,-0.639768,-0.408456,0.693448,2.17,-1.68,-1.05,-55
1786634603739,355840,Thigh,sit,-0.647576,-0.408456,0.691496,2.03,-1.82,-0.98,-55
1786634603739,355856,Thigh,sit,-0.653432,-0.408456,0.687592,1.68,-2.03,-0.91,-55
1786634603739,355887,Thigh,sit,-0.660752,-0.411872,0.680272,1.05,-2.8,-0.63,-55
1786634603739,355904,Thigh,sit,-0.66124,-0.416264,0.67588,0.98,-3.22,-0.56,-55
1786634603739,355921,Thigh,sit,-0.655872,-0.416752,0.67588,1.19,-4.27,-0.35,-55
1786634603739,355938,Thigh,sit,-0.648064,-0.411872,0.683688,1.47,-5.18,0,-55
1786634603739,355955,Thigh,sit,-0.64172,-0.406992,0.692472,1.75,-5.46,0.35,-55
1786634604093,356131,Thigh,sit,-0.621224,-0.408456,0.704672,1.33,-0.07,-0.63,-54
1786634604093,356162,Thigh,sit,-0.626104,-0.405528,0.701744,1.54,0.63,-0.63,-54
1786634604093,356179,Thigh,sit,-0.635864,-0.406016,0.696864,1.4,0.84,-0.56,-54
1786634604093,356196,Thigh,sit,-0.645624,-0.407968,0.689544,1.19,0.91,-0.42,-54
1786634604093,356213,Thigh,sit,-0.652456,-0.408944,0.682224,1.12,0.63,-0.35,-54
1786634604093,356243,Thigh,sit,-0.6588,-0.408944,0.679784,1.19,-0.14,-0.28,-54
1786634604093,356260,Thigh,sit,-0.660752,-0.410896,0.677832,1.33,-0.91,-0.21,-54
1786634604093,356277,Thigh,sit,-0.660264,-0.410408,0.679784,1.47,-1.61,-0.14,-54
1786634604093,356294,Thigh,sit,-0.659776,-0.409432,0.679784,1.47,-2.38,-0.28,-54
1786634604093,356311,Thigh,sit,-0.659288,-0.407968,0.68076,1.47,-2.66,-0.28,-54
1786634604453,356488,Thigh,sit,-0.627568,-0.406992,0.70272,1.4,-2.66,-0.42,-54
1786634604453,356519,Thigh,sit,-0.630984,-0.40748,0.698816,1.33,-2.17,-0.42,-54
1786634604453,356536,Thigh,sit,-0.633912,-0.405528,0.6954,1.4,-2.03,-0.42,-54
1786634604453,356553,Thigh,sit,-0.637328,-0.406504,0.69296,1.47,-2.03,-0.35,-54
1786634604453,356570,Thigh,sit,-0.63928,-0.405528,0.691984,1.54,-1.96,-0.35,-54
1786634604453,356600,Thigh,sit,-0.643672,-0.405528,0.69052,1.47,-1.96,-0.35,-54
1786634604453,356617,Thigh,sit,-0.645624,-0.406504,0.687592,1.4,-2.1,-0.14,-54
1786634604453,356634,Thigh,sit,-0.648552,-0.407968,0.68808,1.33,-2.24,-0.07,-54
1786634604453,356651,Thigh,sit,-0.648552,-0.407968,0.686616,1.19,-2.52,0,-54
1786634604453,356668,Thigh,sit,-0.646112,-0.408456,0.688568,1.19,-2.73,0,-54
1786634604816,356844,Thigh,sit,-0.634888,-0.409432,0.693936,1.26,-1.54,-0.21,-54
1786634604816,356876,Thigh,sit,-0.63928,-0.408944,0.692472,1.33,-1.68,-0.21,-54
1786634604816,356893,Thigh,sit,-0.642208,-0.406504,0.691008,1.33,-1.75,-0.21,-54
1786634604816,356910,Thigh,sit,-0.645136,-0.406504,0.689544,1.4,-1.82,-0.21,-54
1786634604816,356927,Thigh,sit,-0.646112,-0.40748,0.689056,1.33,-1.96,-0.28,-54
1786634604816,356957,Thigh,sit,-0.6466,-0.40748,0.687592,1.26,-2.17,-0.35,-54
1786634604816,356974,Thigh,sit,-0.644648,-0.40504,0.690032,1.26,-2.17,-0.35,-54
1786634604816,356991,Thigh,sit,-0.645136,-0.406504,0.690032,1.19,-2.31,-0.28,-54
1786634604816,357008,Thigh,sit,-0.644648,-0.408944,0.689544,1.12,-2.45,-0.28,-54
1786634604816,357025,Thigh,sit,-0.640256,-0.408944,0.689056,1.19,-2.45,-0.14,-54
1786634605171,357203,Thigh,sit,-0.63928,-0.407968,0.690032,1.54,-3.08,-0.42,-54
1786634605171,357235,Thigh,sit,-0.637816,-0.406504,0.69296,1.54,-2.94,-0.28,-54
1786634605171,357252,Thigh,sit,-0.638792,-0.409432,0.69296,1.54,-2.94,-0.28,-54
1786634605171,357269,Thigh,sit,-0.637816,-0.408944,0.69296,1.54,-2.87,-0.21,-54
1786634605171,357286,Thigh,sit,-0.636352,-0.405528,0.693448,1.54,-2.8,-0.21,-54
1786634605171,357316,Thigh,sit,-0.63928,-0.403088,0.6954,1.33,-2.52,-0.07,-54
1786634605171,357333,Thigh,sit,-0.644648,-0.406016,0.693936,1.05,-2.52,-0.14,-54
1786634605171,357351,Thigh,sit,-0.643184,-0.409432,0.689056,1.12,-2.52,-0.21,-54
1786634605171,357367,Thigh,sit,-0.639768,-0.409432,0.689056,1.33,-2.66,-0.21,-54
1786634605171,357384,Thigh,sit,-0.638304,-0.405528,0.693448,1.4,-2.73,-0.07,-54
1786634605539,357562,Thigh,sit,-0.63196,-0.415288,0.693936,1.54,-1.4,-0.91,-54
1786634605539,357593,Thigh,sit,-0.631472,-0.416752,0.691984,1.75,-1.54,-0.63,-54
1786634605539,357610,Thigh,sit,-0.634888,-0.416264,0.691984,1.82,-1.68,-0.63,-54
1786634605539,357627,Thigh,sit,-0.637816,-0.411872,0.691496,2.03,-1.75,-0.7,-54
1786634605539,357644,Thigh,sit,-0.64416,-0.407968,0.691496,2.1,-1.96,-0.63,-54
1786634605539,357674,Thigh,sit,-0.650016,-0.40748,0.684664,1.68,-1.82,-0.49,-54
1786634605539,357691,Thigh,sit,-0.65148,-0.40992,0.681248,1.4,-1.96,-0.14,-54
1786634605539,357708,Thigh,sit,-0.649528,-0.410408,0.682224,1.26,-2.24,0.21,-54
1786634605539,357725,Thigh,sit,-0.648552,-0.409432,0.686616,1.12,-2.66,0.42,-54
1786634605539,357742,Thigh,sit,-0.646112,-0.40992,0.68808,1.19,-3.01,0.42,-54
1786634605925,357918,Thigh,sit,-0.64416,-0.401624,0.69052,1.05,-1.75,-0.28,-54
1786634605925,357949,Thigh,sit,-0.643672,-0.406016,0.68808,0.91,-1.82,-0.14,-54
1786634605925,357966,Thigh,sit,-0.64416,-0.407968,0.68808,0.91,-1.96,-0.14,-54
1786634605925,357983,Thigh,sit,-0.643184,-0.408456,0.687104,0.98,-2.1,-0.07,-54
1786634605925,358000,Thigh,sit,-0.641232,-0.410896,0.689544,0.98,-2.31,0,-54
1786634605925,358031,Thigh,sit,-0.639768,-0.415288,0.689056,1.05,-2.38,0.07,-54
1786634605925,358047,Thigh,sit,-0.638792,-0.416752,0.687592,1.19,-2.59,-0.14,-54
1786634605925,358064,Thigh,sit,-0.637328,-0.415776,0.68808,1.47,-2.73,-0.28,-54
1786634605925,358081,Thigh,sit,-0.63684,-0.412848,0.691984,1.61,-2.8,-0.28,-54
1786634605925,358098,Thigh,sit,-0.635376,-0.408944,0.692472,1.82,-2.87,-0.28,-54
1786634606311,358275,Thigh,sit,-0.642696,-0.408456,0.690032,1.47,-2.94,-0.07,-54
1786634606311,358306,Thigh,sit,-0.644648,-0.4026,0.690032,1.68,-2.94,0,-54
1786634606311,358323,Thigh,sit,-0.648064,-0.399672,0.689056,1.61,-2.87,-0.14,-54
1786634606311,358340,Thigh,sit,-0.648064,-0.399184,0.688568,1.54,-2.66,-0.21,-54
1786634606311,358357,Thigh,sit,-0.647576,-0.398208,0.689056,1.4,-2.66,-0.21,-54
1786634606311,358387,Thigh,sit,-0.645136,-0.403088,0.691984,1.26,-2.59,-0.28,-54
1786634606311,358404,Thigh,sit,-0.642208,-0.404064,0.69296,1.26,-2.59,-0.35,-54
1786634606311,358421,Thigh,sit,-0.640744,-0.406016,0.692472,1.26,-2.66,-0.42,-54
1786634606311,358438,Thigh,sit,-0.637328,-0.407968,0.693936,1.19,-2.45,-0.49,-54
1786634606311,358455,Thigh,sit,-0.638792,-0.408944,0.691984,1.12,-2.31,-0.42,-54
1786634606605,358633,Thigh,sit,-0.644648,-0.407968,0.688568,1.19,-2.31,0,-54
1786634606605,358664,Thigh,sit,-0.642208,-0.406016,0.689544,1.26,-2.52,0,-54
1786634606605,358681,Thigh,sit,-0.643184,-0.405528,0.690032,1.4,-2.59,0,-54
1786634606605,358698,Thigh,sit,-0.643184,-0.403576,0.689056,1.47,-2.52,-0.14,-54
1786634606605,358716,Thigh,sit,-0.642696,-0.400648,0.692472,1.4,-2.52,-0.14,-54
1786634606605,358747,Thigh,sit,-0.643184,-0.402112,0.691008,1.26,-2.17,-0.21,-54
1786634606605,358763,Thigh,sit,-0.642696,-0.403088,0.69052,1.19,-2.17,-0.14,-54
1786634606605,358780,Thigh,sit,-0.64172,-0.405528,0.69052,1.12,-2.17,-0.14,-54
1786634606605,358797,Thigh,sit,-0.640256,-0.408456,0.691496,1.12,-2.24,-0.21,-54
1786634606605,358814,Thigh,sit,-0.639768,-0.408944,0.69052,1.19,-2.24,-0.21,-54
1786634606962,358991,Thigh,sit,-0.641232,-0.40748,0.69052,1.33,-2.38,-0.28,-54
1786634606962,359022,Thigh,sit,-0.640744,-0.408944,0.689056,1.26,-2.59,-0.14,-54
1786634606962,359039,Thigh,sit,-0.640256,-0.408944,0.687592,1.33,-2.66,0.07,-54
1786634606962,359056,Thigh,sit,-0.637816,-0.40748,0.689544,1.33,-2.73,0.07,-54
1786634606962,359073,Thigh,sit,-0.641232,-0.408456,0.69296,1.33,-2.45,0.07,-54
1786634606962,359104,Thigh,sit,-0.638792,-0.406016,0.691008,1.4,-2.45,0.07,-54
1786634606962,359120,Thigh,sit,-0.640256,-0.4026,0.689544,1.47,-2.31,0,-54
1786634606962,359137,Thigh,sit,-0.64416,-0.403576,0.691984,1.47,-2.24,-0.07,-54
1786634606962,359154,Thigh,sit,-0.643672,-0.403088,0.690032,1.54,-2.24,-0.14,-54
1786634606962,359171,Thigh,sit,-0.643672,-0.402112,0.691984,1.54,-2.17,-0.21,-54
1786634607321,359349,Thigh,sit,-0.643672,-0.408456,0.691008,1.4,-2.03,-0.42,-54
1786634607321,359380,Thigh,sit,-0.643672,-0.40748,0.689056,1.82,-2.1,-0.63,-54
1786634607321,359397,Thigh,sit,-0.638792,-0.404552,0.691008,1.89,-2.1,-0.7,-54
1786634607321,359414,Thigh,sit,-0.639768,-0.408944,0.694424,1.82,-1.96,-0.84,-54
1786634607321,359431,Thigh,sit,-0.630496,-0.40748,0.68808,1.96,-2.8,-0.42,-54
1786634607321,359462,Thigh,sit,-0.638304,-0.408944,0.696864,1.89,-1.47,-0.91,-54
1786634607321,359478,Thigh,sit,-0.642696,-0.406992,0.694912,1.75,-1.19,-1.05,-54
1786634607321,359495,Thigh,sit,-0.64416,-0.40504,0.68564,1.75,-0.77,-0.98,-54
1786634607321,359512,Thigh,sit,-0.644648,-0.406504,0.682712,1.68,-1.47,-0.63,-54
1786634607321,359529,Thigh,sit,-0.652944,-0.410896,0.68076,1.68,-1.4,-0.56,-54
1786634607678,359706,Thigh,sit,-0.64416,-0.40504,0.687104,1.26,-2.73,-0.07,-58
1786634607678,359737,Thigh,sit,-0.644648,-0.406504,0.687592,1.26,-3.01,0.07,-58
1786634607678,359754,Thigh,sit,-0.646112,-0.40504,0.690032,1.19,-2.73,0.07,-58
1786634607678,359771,Thigh,sit,-0.644648,-0.4026,0.688568,1.12,-2.59,-0.07,-58
1786634607678,359788,Thigh,sit,-0.643672,-0.401624,0.69052,1.05,-2.17,-0.28,-58
1786634607678,359819,Thigh,sit,-0.647576,-0.403088,0.688568,1.12,-2.03,-0.49,-58
1786634607678,359836,Thigh,sit,-0.646112,-0.40504,0.686128,1.19,-2.03,-0.56,-58
1786634607678,359852,Thigh,sit,-0.646112,-0.406016,0.68564,1.12,-2.31,-0.42,-58
1786634607678,359869,Thigh,sit,-0.644648,-0.410408,0.68564,1.19,-2.52,-0.35,-58
1786634607678,359886,Thigh,sit,-0.643672,-0.41236,0.688568,1.33,-2.73,-0.28,-58
1786634608037,360063,Thigh,sit,-0.63684,-0.40748,0.6954,1.19,-2.59,-0.14,-58
1786634608037,360095,Thigh,sit,-0.63928,-0.406504,0.691008,1.26,-2.24,-0.14,-58
1786634608037,360112,Thigh,sit,-0.640744,-0.40748,0.688568,1.33,-2.31,-0.14,-58
1786634608037,360129,Thigh,sit,-0.641232,-0.406504,0.690032,1.26,-2.31,-0.21,-58
1786634608037,360146,Thigh,sit,-0.642696,-0.406504,0.69052,1.26,-2.24,-0.21,-58
1786634608037,360177,Thigh,sit,-0.642208,-0.404064,0.689544,1.26,-1.96,-0.21,-58
1786634608037,360194,Thigh,sit,-0.643184,-0.405528,0.689544,1.19,-1.96,-0.21,-58
1786634608037,360210,Thigh,sit,-0.643184,-0.406504,0.689544,1.19,-2.1,-0.21,-58
1786634608037,360227,Thigh,sit,-0.644648,-0.40748,0.68808,1.33,-2.17,-0.21,-58
1786634608037,360244,Thigh,sit,-0.648552,-0.407968,0.68808,1.4,-2.31,-0.21,-58
1786634608393,360420,Thigh,sit,-0.643184,-0.406016,0.69052,1.26,-2.31,-0.07,-58
1786634608393,360451,Thigh,sit,-0.64416,-0.406992,0.689056,1.05,-1.82,-0.14,-58
1786634608393,360468,Thigh,sit,-0.642696,-0.406016,0.688568,1.05,-2.17,-0.21,-58
1786634608393,360485,Thigh,sit,-0.64416,-0.407968,0.69052,1.12,-2.03,-0.21,-58
1786634608393,360502,Thigh,sit,-0.642696,-0.408456,0.689056,1.19,-2.1,-0.14,-58
1786634608393,360533,Thigh,sit,-0.647088,-0.40504,0.686616,1.4,-2.17,-0.21,-58
1786634608393,360550,Thigh,sit,-0.6466,-0.404552,0.687592,1.4,-2.31,-0.28,-58
1786634608393,360566,Thigh,sit,-0.648552,-0.405528,0.687104,1.26,-2.1,-0.28,-58
1786634608393,360583,Thigh,sit,-0.647576,-0.406016,0.687104,1.12,-2.17,-0.14,-58
1786634608393,360600,Thigh,sit,-0.647088,-0.406992,0.686128,1.12,-2.38,-0.07,-58
1786634608755,360777,Thigh,sit,-0.642208,-0.40504,0.68808,1.4,-2.38,-0.07,-55
1786634608755,360808,Thigh,sit,-0.645136,-0.406504,0.689544,1.4,-2.38,-0.21,-55
1786634608755,360825,Thigh,sit,-0.647088,-0.406016,0.691008,1.4,-2.17,-0.28,-55
1786634608755,360842,Thigh,sit,-0.648552,-0.405528,0.687592,1.33,-2.17,-0.21,-55
1786634608755,360859,Thigh,sit,-0.6466,-0.406016,0.686128,1.19,-2.17,-0.14,-55
1786634608755,360890,Thigh,sit,-0.645136,-0.406016,0.68808,1.05,-2.1,-0.07,-55
1786634608755,360907,Thigh,sit,-0.645624,-0.407968,0.688568,1.12,-2.17,-0.14,-55
1786634608755,360924,Thigh,sit,-0.645136,-0.40504,0.687104,1.4,-2.66,0,-55
1786634608755,360940,Thigh,sit,-0.642696,-0.40504,0.687104,1.47,-2.59,0.07,-55
1786634608755,360957,Thigh,sit,-0.644648,-0.406016,0.689056,1.47,-2.45,0.07,-55
1786634609110,361133,Thigh,sit,-0.646112,-0.40992,0.685152,1.26,-2.59,0,-55
1786634609110,361165,Thigh,sit,-0.644648,-0.410408,0.687592,1.26,-2.59,0,-55
1786634609110,361182,Thigh,sit,-0.643184,-0.40992,0.688568,1.26,-2.59,-0.07,-55
1786634609110,361199,Thigh,sit,-0.643184,-0.40748,0.688568,1.33,-2.45,-0.14,-55
1786634609110,361216,Thigh,sit,-0.643672,-0.406992,0.687592,1.4,-2.59,-0.14,-55
1786634609110,361247,Thigh,sit,-0.644648,-0.406016,0.687592,1.47,-2.8,-0.21,-55
1786634609110,361264,Thigh,sit,-0.645624,-0.405528,0.68808,1.47,-2.59,-0.21,-55
1786634609110,361280,Thigh,sit,-0.647088,-0.406016,0.688568,1.4,-2.52,-0.28,-55
1786634609110,361297,Thigh,sit,-0.643672,-0.406016,0.685152,1.4,-2.94,-0.28,-55
1786634609110,361314,Thigh,sit,-0.646112,-0.405528,0.68808,1.4,-2.59,-0.21,-55
1786634609467,361491,Thigh,sit,-0.645136,-0.40504,0.690032,1.47,-2.24,-0.28,-48
1786634609467,361522,Thigh,sit,-0.640744,-0.404552,0.690032,1.19,-1.82,-0.28,-48
1786634609467,361538,Thigh,sit,-0.64172,-0.406504,0.690032,1.12,-1.89,-0.21,-48
1786634609467,361556,Thigh,sit,-0.644648,-0.407968,0.691496,1.19,-2.03,-0.14,-48
1786634609467,361573,Thigh,sit,-0.645136,-0.408456,0.687104,1.33,-2.1,-0.14,-48
1786634609467,361604,Thigh,sit,-0.643672,-0.408944,0.689056,1.47,-2.31,-0.21,-48
1786634609467,361621,Thigh,sit,-0.64416,-0.408456,0.689056,1.4,-2.24,-0.14,-48
1786634609467,361638,Thigh,sit,-0.645624,-0.407968,0.686616,1.47,-2.03,-0.14,-48
1786634609467,361654,Thigh,sit,-0.645624,-0.406016,0.684664,1.4,-2.31,-0.14,-48
1786634609467,361671,Thigh,sit,-0.6466,-0.406016,0.687104,1.33,-2.1,-0.07,-48
1786634609824,361848,Thigh,sit,-0.649528,-0.407968,0.685152,1.19,-2.87,-0.07,-47
1786634609824,361879,Thigh,sit,-0.644648,-0.406016,0.687592,1.4,-3.29,-0.07,-47
1786634609824,361896,Thigh,sit,-0.64416,-0.406992,0.689544,1.4,-3.22,-0.14,-47
1786634609824,361913,Thigh,sit,-0.645624,-0.40504,0.689544,1.54,-3.01,-0.28,-47
1786634609824,361930,Thigh,sit,-0.64416,-0.404552,0.686616,1.54,-2.94,-0.42,-47
1786634609824,361961,Thigh,sit,-0.645624,-0.404552,0.68808,1.4,-2.87,-0.35,-47
1786634609824,361978,Thigh,sit,-0.645136,-0.406016,0.68808,1.4,-2.94,-0.28,-47
1786634609824,361995,Thigh,sit,-0.644648,-0.406016,0.689056,1.47,-3.01,-0.21,-47
1786634609824,362011,Thigh,sit,-0.642208,-0.404552,0.69052,1.47,-2.87,-0.14,-47
1786634609824,362028,Thigh,sit,-0.643184,-0.404552,0.691984,1.47,-2.8,-0.28,-47
1786634610187,362205,Thigh,sit,-0.643184,-0.408944,0.683688,1.54,-2.66,0,-48
1786634610187,362236,Thigh,sit,-0.647088,-0.409432,0.689056,1.33,-2.45,-0.07,-48
1786634610187,362253,Thigh,sit,-0.6466,-0.40748,0.686616,1.26,-2.38,-0.07,-48
1786634610187,362270,Thigh,sit,-0.645136,-0.40504,0.686128,1.26,-2.45,-0.07,-48
1786634610187,362287,Thigh,sit,-0.6466,-0.406016,0.687592,1.19,-2.45,-0.07,-48
1786634610187,362318,Thigh,sit,-0.642696,-0.406016,0.687104,1.4,-2.73,0,-48
1786634610187,362335,Thigh,sit,-0.642208,-0.404064,0.689056,1.47,-2.59,0.07,-48
1786634610187,362351,Thigh,sit,-0.642208,-0.403088,0.69052,1.19,-2.17,-0.07,-48
1786634610187,362368,Thigh,sit,-0.647576,-0.40748,0.69052,1.19,-2.03,-0.14,-48
1786634610187,362385,Thigh,sit,-0.639768,-0.401624,0.68564,1.68,-2.87,-0.21,-48
1786634610556,362561,Thigh,sit,-0.644648,-0.408456,0.690032,1.12,-2.66,-0.21,-48
1786634610556,362592,Thigh,sit,-0.640744,-0.407968,0.689544,1.19,-2.31,-0.28,-48
1786634610556,362609,Thigh,sit,-0.640256,-0.40748,0.687104,1.19,-2.45,-0.28,-48
1786634610556,362626,Thigh,sit,-0.64172,-0.40748,0.687104,1.26,-2.38,-0.21,-48
1786634610556,362643,Thigh,sit,-0.6466,-0.406992,0.687592,1.19,-2.24,-0.28,-48
1786634610556,362674,Thigh,sit,-0.646112,-0.406504,0.684664,1.33,-2.66,-0.07,-48
1786634610556,362691,Thigh,sit,-0.645136,-0.406992,0.68564,1.33,-2.59,-0.07,-48
1786634610556,362708,Thigh,sit,-0.643184,-0.407968,0.686616,1.26,-2.59,0,-48
1786634610556,362724,Thigh,sit,-0.643184,-0.408944,0.691496,1.26,-2.52,-0.07,-48
1786634610556,362741,Thigh,sit,-0.641232,-0.40504,0.690032,1.33,-2.17,-0.14,-48
1786634610943,362918,Thigh,sit,-0.642696,-0.406504,0.68808,1.4,-2.31,-0.21,-48
1786634610943,362949,Thigh,sit,-0.64416,-0.40748,0.686616,1.26,-2.24,-0.28,-48
1786634610943,362966,Thigh,sit,-0.64416,-0.406504,0.684664,1.26,-2.31,-0.14,-48
1786634610943,362983,Thigh,sit,-0.646112,-0.40748,0.684664,1.26,-2.31,-0.07,-48
1786634610943,363000,Thigh,sit,-0.645624,-0.409432,0.686128,1.26,-2.45,-0.07,-48
1786634610943,363031,Thigh,sit,-0.643184,-0.407968,0.687104,1.33,-2.52,-0.07,-48
1786634610943,363048,Thigh,sit,-0.642696,-0.40748,0.686616,1.33,-2.52,-0.07,-48
1786634610943,363065,Thigh,sit,-0.6466,-0.407968,0.687104,1.47,-2.59,-0.07,-48
1786634610943,363081,Thigh,sit,-0.644648,-0.405528,0.686128,1.33,-2.52,-0.07,-48
1786634610943,363098,Thigh,sit,-0.645624,-0.404064,0.686616,1.19,-2.31,-0.07,-48
1786634611328,363276,Thigh,sit,-0.65636,-0.406504,0.69296,1.19,-1.4,-0.7,-55
1786634611328,363307,Thigh,sit,-0.646112,-0.406016,0.679784,1.26,-2.52,0,-55
1786634611328,363324,Thigh,sit,-0.64416,-0.40504,0.680272,1.33,-2.66,0.07,-55
1786634611328,363341,Thigh,sit,-0.647576,-0.408944,0.691496,1.26,-3.29,0.14,-55
1786634611328,363358,Thigh,sit,-0.6466,-0.408456,0.68808,1.33,-2.8,0,-55
1786634611328,363389,Thigh,sit,-0.640256,-0.405528,0.689056,1.33,-2.8,-0.21,-55
1786634611328,363406,Thigh,sit,-0.64172,-0.406504,0.689544,1.19,-2.45,-0.28,-55
1786634611328,363423,Thigh,sit,-0.647576,-0.408456,0.689056,1.26,-2.24,-0.28,-55
1786634611328,363440,Thigh,sit,-0.647088,-0.406992,0.687592,1.26,-2.38,-0.28,-55
1786634611328,363456,Thigh,sit,-0.644648,-0.40504,0.684664,1.33,-2.52,-0.21,-55
1786634611615,363632,Thigh,sit,-0.650992,-0.406992,0.684664,1.47,-2.45,-0.07,-59
1786634611615,363663,Thigh,sit,-0.647576,-0.404064,0.6832,1.4,-2.66,-0.07,-59
1786634611615,363680,Thigh,sit,-0.64904,-0.405528,0.687104,1.4,-2.66,0,-59
1786634611615,363697,Thigh,sit,-0.648064,-0.405528,0.690032,1.33,-2.59,-0.07,-59
1786634611615,363714,Thigh,sit,-0.647576,-0.405528,0.691008,1.12,-2.31,-0.14,-59
1786634611615,363745,Thigh,sit,-0.645136,-0.406992,0.68564,1.19,-2.38,-0.21,-59
1786634611615,363762,Thigh,sit,-0.645624,-0.406504,0.68564,1.4,-2.59,-0.21,-59
1786634611615,363779,Thigh,sit,-0.643672,-0.406504,0.686128,1.47,-2.8,-0.07,-59
1786634611615,363796,Thigh,sit,-0.64172,-0.407968,0.687592,1.54,-3.15,0,-59
1786634611615,363813,Thigh,sit,-0.645136,-0.408456,0.692472,1.47,-2.8,-0.07,-59
1786634611973,363989,Thigh,sit,-0.648552,-0.408944,0.687104,1.19,-2.38,-0.35,-59
1786634611973,364021,Thigh,sit,-0.6466,-0.408456,0.684176,1.19,-2.52,-0.21,-59
1786634611973,364038,Thigh,sit,-0.645136,-0.40992,0.687592,1.12,-2.66,-0.07,-59
1786634611973,364055,Thigh,sit,-0.645624,-0.410408,0.689544,1.33,-2.73,0,-59
1786634611973,364072,Thigh,sit,-0.643672,-0.40748,0.68808,1.33,-2.73,0.07,-59
1786634611973,364103,Thigh,sit,-0.64416,-0.404064,0.689056,1.4,-2.73,-0.07,-59
1786634611973,364120,Thigh,sit,-0.646112,-0.404552,0.689544,1.33,-2.66,-0.14,-59
1786634611973,364137,Thigh,sit,-0.647088,-0.403576,0.687592,1.26,-2.38,-0.14,-59
1786634611973,364154,Thigh,sit,-0.645624,-0.404064,0.686616,1.12,-2.45,-0.14,-59
1786634611973,364171,Thigh,sit,-0.645136,-0.404064,0.687104,1.19,-2.59,0,-59
1786634612394,364346,Thigh,sit,-0.649528,-0.408456,0.68808,1.19,-2.24,-0.14,-59
1786634612394,364425,Thigh,sit,-0.645624,-0.40748,0.689056,1.4,-2.52,-0.07,-59
1786634612394,364456,Thigh,sit,-0.643184,-0.406016,0.686616,1.4,-2.8,0,-59
1786634612394,364473,Thigh,sit,-0.64416,-0.405528,0.690032,1.4,-2.66,-0.07,-59
1786634612394,364490,Thigh,sit,-0.64416,-0.40504,0.691008,1.26,-2.45,-0.14,-59
1786634612394,364507,Thigh,sit,-0.643672,-0.40504,0.690032,1.26,-2.31,-0.14,-59
1786634612394,364538,Thigh,sit,-0.643672,-0.405528,0.686128,1.33,-2.38,-0.14,-59
1786634612394,364554,Thigh,sit,-0.644648,-0.406504,0.686128,1.33,-2.38,-0.07,-59
1786634612394,364571,Thigh,sit,-0.646112,-0.406016,0.687592,1.33,-2.38,-0.14,-59
1786634612394,364588,Thigh,sit,-0.648064,-0.406504,0.686616,1.33,-2.38,-0.21,-59
1786634612753,364766,Thigh,sit,-0.642208,-0.40504,0.687592,1.33,-2.59,-0.21,-53
1786634612753,364797,Thigh,sit,-0.645624,-0.40748,0.692472,1.26,-2.59,-0.35,-53
1786634612753,364814,Thigh,sit,-0.644648,-0.407968,0.68564,1.26,-2.38,-0.35,-53
1786634612753,364832,Thigh,sit,-0.64416,-0.406504,0.685152,1.33,-2.38,-0.21,-53
1786634612753,364850,Thigh,sit,-0.645624,-0.406992,0.686616,1.12,-2.45,-0.14,-53
1786634612753,364867,Thigh,sit,-0.6466,-0.406992,0.68808,1.12,-2.59,-0.14,-53
1786634612753,364898,Thigh,sit,-0.64172,-0.406992,0.688568,1.19,-2.52,0,-53
1786634612753,364914,Thigh,sit,-0.64172,-0.406992,0.689544,1.26,-2.52,-0.07,-53
1786634612753,364931,Thigh,sit,-0.64172,-0.406992,0.69052,1.33,-2.59,-0.07,-53
1786634612753,364948,Thigh,sit,-0.64416,-0.406992,0.689056,1.4,-2.38,-0.14,-53
1786634613120,365124,Thigh,sit,-0.645624,-0.406504,0.68564,1.26,-2.38,-0.21,-53
1786634613120,365155,Thigh,sit,-0.644648,-0.406504,0.687592,1.33,-2.73,-0.07,-53
1786634613120,365172,Thigh,sit,-0.644648,-0.406504,0.689056,1.26,-2.52,-0.14,-53
1786634613120,365189,Thigh,sit,-0.64416,-0.406992,0.689056,1.26,-2.45,-0.14,-53
1786634613120,365206,Thigh,sit,-0.642696,-0.406992,0.687592,1.26,-2.45,-0.14,-53
1786634613120,365237,Thigh,sit,-0.643184,-0.40748,0.687592,1.26,-2.52,-0.07,-53
1786634613120,365254,Thigh,sit,-0.646112,-0.40748,0.68808,1.33,-2.45,-0.07,-53
1786634613120,365271,Thigh,sit,-0.645624,-0.40748,0.68808,1.33,-2.45,-0.14,-53
1786634613120,365287,Thigh,sit,-0.64416,-0.406992,0.686616,1.33,-2.45,-0.14,-53
1786634613120,365304,Thigh,sit,-0.64416,-0.406992,0.68564,1.33,-2.52,-0.14,-53
1786634613469,365482,Thigh,sit,-0.646112,-0.405528,0.689056,1.26,-2.17,-0.21,-53
1786634613469,365513,Thigh,sit,-0.645624,-0.406016,0.687104,1.19,-2.1,-0.14,-53
1786634613469,365530,Thigh,sit,-0.6466,-0.406016,0.686616,1.19,-2.1,-0.14,-53
1786634613469,365547,Thigh,sit,-0.6466,-0.40748,0.687104,1.19,-2.24,-0.14,-53
1786634613469,365564,Thigh,sit,-0.645624,-0.406992,0.68564,1.26,-2.45,-0.21,-53
1786634613469,365595,Thigh,sit,-0.648064,-0.407968,0.689056,1.33,-2.31,-0.21,-53
1786634613469,365612,Thigh,sit,-0.64904,-0.406504,0.687592,1.19,-2.31,-0.21,-53
1786634613469,365629,Thigh,sit,-0.647088,-0.406016,0.685152,1.12,-2.31,-0.28,-53
1786634613469,365645,Thigh,sit,-0.6466,-0.40748,0.686128,1.05,-2.31,-0.14,-53
1786634613469,365662,Thigh,sit,-0.647576,-0.40748,0.686128,1.12,-2.45,-0.07,-53
1786634613830,365840,Thigh,sit,-0.642696,-0.405528,0.690032,1.33,-2.52,-0.21,-53
1786634613830,365871,Thigh,sit,-0.645624,-0.40504,0.687104,1.33,-2.17,-0.28,-53
1786634613830,365888,Thigh,sit,-0.647088,-0.406016,0.686616,1.26,-2.24,-0.21,-53
1786634613830,365905,Thigh,sit,-0.649528,-0.40748,0.6832,1.47,-2.8,-0.14,-53
1786634613830,365922,Thigh,sit,-0.648064,-0.406992,0.68564,0.63,-2.38,0.07,-53
1786634613830,365953,Thigh,sit,-0.638792,-0.40992,0.684176,1.05,-2.87,-0.21,-53
1786634613830,365970,Thigh,sit,-0.641232,-0.402112,0.683688,1.26,-2.52,-0.07,-53
1786634613830,365987,Thigh,sit,-0.642696,-0.407968,0.690032,1.33,-2.73,-0.07,-53
1786634613830,366003,Thigh,sit,-0.647576,-0.411384,0.694424,1.26,-2.59,-0.14,-53
1786634613830,366020,Thigh,sit,-0.647088,-0.40748,0.690032,1.4,-2.24,-0.21,-53
1786634614186,366198,Thigh,sit,-0.650016,-0.406504,0.68808,1.26,-2.24,-0.21,-56
1786634614186,366229,Thigh,sit,-0.64904,-0.40504,0.68564,1.19,-2.38,-0.14,-56
1786634614186,366246,Thigh,sit,-0.647088,-0.405528,0.686616,1.12,-2.31,-0.07,-56
1786634614186,366263,Thigh,sit,-0.64416,-0.406992,0.686616,1.05,-2.59,0,-56
1786634614186,366280,Thigh,sit,-0.642208,-0.40748,0.689056,1.26,-2.66,0.07,-56
1786634614186,366311,Thigh,sit,-0.642696,-0.408944,0.691984,1.33,-2.52,0,-56
1786634614186,366328,Thigh,sit,-0.642208,-0.406992,0.69052,1.33,-2.24,-0.14,-56
1786634614186,366345,Thigh,sit,-0.642696,-0.406016,0.690032,1.26,-2.17,-0.14,-56
1786634614186,366362,Thigh,sit,-0.643672,-0.405528,0.68808,1.26,-2.17,-0.14,-56
1786634614186,366378,Thigh,sit,-0.647088,-0.406504,0.68808,1.19,-2.1,-0.14,-56
1786634614549,366554,Thigh,sit,-0.643672,-0.406016,0.689544,1.4,-2.66,-0.07,-56
1786634614549,366585,Thigh,sit,-0.646112,-0.404552,0.68808,1.26,-2.52,-0.28,-56
1786634614549,366602,Thigh,sit,-0.647576,-0.406504,0.68808,1.4,-2.52,-0.28,-56
1786634614549,366619,Thigh,sit,-0.6466,-0.406016,0.687104,1.26,-2.66,-0.21,-56
1786634614549,366636,Thigh,sit,-0.645136,-0.406016,0.686128,1.26,-2.66,-0.21,-56
1786634614549,366667,Thigh,sit,-0.646112,-0.40748,0.689544,1.26,-2.38,-0.28,-56
1786634614549,366684,Thigh,sit,-0.644648,-0.405528,0.687592,1.26,-2.45,-0.21,-56
1786634614549,366701,Thigh,sit,-0.646112,-0.406016,0.684664,1.33,-2.66,-0.21,-56
1786634614549,366718,Thigh,sit,-0.648552,-0.406016,0.686616,1.33,-2.66,-0.28,-56
1786634614549,366734,Thigh,sit,-0.648552,-0.406504,0.68808,1.33,-2.66,-0.28,-56
1786634614906,366911,Thigh,sit,-0.643184,-0.406504,0.68808,1.33,-2.45,-0.14,-56
1786634614906,366943,Thigh,sit,-0.64416,-0.405528,0.68808,1.4,-2.59,-0.14,-56
1786634614906,366960,Thigh,sit,-0.646112,-0.405528,0.690032,1.33,-2.38,-0.14,-56
1786634614906,366978,Thigh,sit,-0.6466,-0.405528,0.689056,1.33,-2.24,-0.14,-56
1786634614906,366995,Thigh,sit,-0.647576,-0.406992,0.687592,1.19,-2.24,-0.14,-56
1786634614906,367012,Thigh,sit,-0.647088,-0.406016,0.686128,1.19,-2.31,-0.14,-56
1786634614906,367043,Thigh,sit,-0.646112,-0.406016,0.686616,1.26,-2.52,-0.07,-56
1786634614906,367060,Thigh,sit,-0.645624,-0.406504,0.687592,1.33,-2.52,-0.14,-56
1786634614906,367077,Thigh,sit,-0.6466,-0.406504,0.688568,1.26,-2.45,-0.21,-56
1786634614906,367094,Thigh,sit,-0.645624,-0.406992,0.687104,1.19,-2.38,-0.21,-56
1786634615264,367271,Thigh,sit,-0.646112,-0.406016,0.686616,1.33,-2.45,-0.35,-56
1786634615264,367302,Thigh,sit,-0.648064,-0.406992,0.686128,1.19,-2.52,-0.21,-56
1786634615264,367319,Thigh,sit,-0.647576,-0.406992,0.687104,1.12,-2.45,-0.14,-56
1786634615264,367336,Thigh,sit,-0.646112,-0.406992,0.686616,1.12,-2.52,-0.14,-56
1786634615264,367353,Thigh,sit,-0.6466,-0.406992,0.686616,1.19,-2.52,-0.14,-56
1786634615264,367384,Thigh,sit,-0.64416,-0.40748,0.687104,1.26,-2.73,-0.07,-56
1786634615264,367401,Thigh,sit,-0.646112,-0.406992,0.68808,1.33,-2.73,0,-56
1786634615264,367418,Thigh,sit,-0.6466,-0.40748,0.688568,1.26,-2.52,-0.14,-56
1786634615264,367435,Thigh,sit,-0.64416,-0.406016,0.686128,1.19,-2.59,-0.21,-56
1786634615264,367452,Thigh,sit,-0.642208,-0.404552,0.684664,1.26,-2.66,-0.14,-56
1786634615621,367628,Thigh,sit,-0.645136,-0.406992,0.684176,1.12,-2.31,-0.14,-56
1786634615621,367659,Thigh,sit,-0.645624,-0.407968,0.686616,1.33,-2.45,-0.07,-56
1786634615621,367676,Thigh,sit,-0.648064,-0.40748,0.686616,1.33,-2.59,-0.14,-56
1786634615621,367693,Thigh,sit,-0.648064,-0.408456,0.68808,1.33,-2.38,-0.07,-56
1786634615621,367710,Thigh,sit,-0.643672,-0.40748,0.686128,1.19,-2.59,0,-56
1786634615621,367741,Thigh,sit,-0.647088,-0.409432,0.686128,1.26,-2.94,0.14,-56
1786634615621,367758,Thigh,sit,-0.638304,-0.401136,0.685152,1.33,-3.29,0.28,-56
1786634615621,367775,Thigh,sit,-0.650992,-0.40748,0.70028,1.4,-1.4,-0.56,-56
1786634615621,367792,Thigh,sit,-0.648552,-0.408944,0.694912,1.12,-2.87,-0.28,-56
1786634615621,367809,Thigh,sit,-0.645624,-0.406016,0.681248,1.33,-2.87,0,-56
1786634615983,367984,Thigh,sit,-0.642208,-0.404552,0.68808,1.26,-2.17,-0.07,-56
1786634615983,368015,Thigh,sit,-0.646112,-0.40748,0.689056,1.26,-2.24,-0.14,-56
1786634615983,368032,Thigh,sit,-0.647088,-0.406992,0.68564,1.33,-2.17,0,-56
1786634615983,368049,Thigh,sit,-0.648552,-0.407968,0.68564,1.26,-2.31,0,-56
1786634615983,368066,Thigh,sit,-0.648552,-0.407968,0.684664,1.33,-2.45,-0.07,-56
1786634615983,368097,Thigh,sit,-0.649528,-0.40504,0.68564,1.26,-2.52,-0.14,-56
1786634615983,368114,Thigh,sit,-0.650016,-0.406016,0.685152,1.26,-2.8,-0.07,-56
1786634615983,368131,Thigh,sit,-0.64904,-0.406504,0.68564,1.26,-2.8,-0.14,-56
1786634615983,368148,Thigh,sit,-0.645624,-0.405528,0.687104,1.26,-2.8,-0.21,-56
1786634615983,368165,Thigh,sit,-0.645136,-0.406016,0.68808,1.19,-2.73,-0.14,-56
1786634616347,368340,Thigh,sit,-0.645624,-0.406016,0.68808,1.4,-2.66,-0.35,-56
1786634616347,368371,Thigh,sit,-0.648064,-0.406016,0.687592,1.33,-2.66,-0.21,-56
1786634616347,368388,Thigh,sit,-0.648552,-0.40504,0.687592,1.4,-2.73,-0.28,-56
1786634616347,368405,Thigh,sit,-0.645624,-0.406016,0.68808,1.26,-2.66,-0.28,-56
1786634616347,368422,Thigh,sit,-0.6466,-0.406504,0.689544,1.19,-2.38,-0.35,-56
1786634616347,368453,Thigh,sit,-0.647576,-0.40748,0.68808,1.19,-2.38,-0.28,-56
1786634616347,368470,Thigh,sit,-0.64416,-0.40748,0.686128,1.19,-2.45,-0.14,-56
1786634616347,368487,Thigh,sit,-0.644648,-0.407968,0.687104,1.26,-2.45,-0.07,-56
1786634616347,368504,Thigh,sit,-0.647088,-0.40748,0.687592,1.26,-2.45,-0.07,-56
1786634616347,368521,Thigh,sit,-0.648064,-0.408456,0.688568,1.26,-2.59,-0.14,-56
1786634616733,368697,Thigh,sit,-0.64904,-0.404064,0.687104,1.26,-2.31,-0.14,-56
1786634616733,368728,Thigh,sit,-0.647576,-0.405528,0.68808,1.19,-2.31,-0.21,-56
1786634616733,368745,Thigh,sit,-0.647088,-0.405528,0.684176,1.19,-2.38,-0.14,-56
1786634616733,368762,Thigh,sit,-0.648064,-0.406016,0.687592,1.33,-2.45,-0.14,-56
1786634616733,368779,Thigh,sit,-0.647088,-0.406992,0.689056,1.4,-2.73,-0.21,-56
1786634616733,368810,Thigh,sit,-0.6466,-0.404552,0.688568,1.26,-2.38,-0.28,-56
1786634616733,368827,Thigh,sit,-0.645136,-0.404552,0.687592,1.26,-2.59,-0.21,-56
1786634616733,368844,Thigh,sit,-0.646112,-0.406504,0.687592,1.19,-2.59,-0.14,-56
1786634616733,368861,Thigh,sit,-0.644648,-0.406504,0.690032,1.12,-2.66,-0.21,-56
1786634616733,368878,Thigh,sit,-0.64172,-0.408944,0.69052,1.12,-2.59,-0.28,-56
1786634617121,369054,Thigh,sit,-0.642696,-0.403576,0.684176,1.33,-2.24,-0.35,-56
1786634617121,369085,Thigh,sit,-0.648064,-0.406504,0.687104,1.19,-2.31,-0.21,-56
1786634617121,369102,Thigh,sit,-0.646112,-0.405528,0.687104,1.19,-2.38,0,-56
1786634617121,369119,Thigh,sit,-0.64416,-0.404552,0.687592,1.19,-2.45,-0.07,-56
1786634617121,369136,Thigh,sit,-0.643184,-0.406504,0.689056,1.33,-2.45,-0.14,-56
1786634617121,369167,Thigh,sit,-0.640256,-0.411384,0.691008,1.61,-2.45,-0.14,-56
1786634617121,369184,Thigh,sit,-0.638304,-0.408944,0.685152,1.75,-3.01,0,-56
1786634617121,369201,Thigh,sit,-0.6466,-0.405528,0.688568,1.68,-2.73,-0.07,-56
1786634617121,369218,Thigh,sit,-0.649528,-0.407968,0.689544,1.47,-2.45,-0.35,-56
1786634617121,369235,Thigh,sit,-0.64904,-0.404552,0.687592,1.4,-2.52,-0.14,-56
1786634617412,369413,Thigh,sit,-0.640256,-0.40504,0.68808,1.26,-2.8,-0.21,-56
1786634617412,369444,Thigh,sit,-0.643672,-0.405528,0.688568,1.19,-2.1,-0.42,-56
1786634617412,369461,Thigh,sit,-0.6466,-0.403576,0.687104,1.47,-2.87,-0.07,-56
1786634617412,369478,Thigh,sit,-0.64416,-0.40504,0.684664,1.26,-2.45,-0.07,-56
1786634617412,369495,Thigh,sit,-0.646112,-0.406992,0.689056,1.33,-2.8,0,-56
1786634617412,369526,Thigh,sit,-0.647088,-0.404064,0.686616,1.4,-2.52,-0.21,-56
1786634617412,369543,Thigh,sit,-0.647088,-0.404552,0.68564,1.26,-2.59,-0.21,-56
1786634617412,369560,Thigh,sit,-0.648552,-0.406504,0.687104,1.26,-2.59,-0.28,-56
1786634617412,369577,Thigh,sit,-0.648552,-0.406992,0.688568,1.19,-2.59,-0.14,-56
1786634617412,369594,Thigh,sit,-0.646112,-0.405528,0.686616,1.12,-2.8,-0.07,-56
1786634617782,369771,Thigh,sit,-0.648552,-0.406016,0.689544,1.19,-2.52,0,-56
1786634617782,369801,Thigh,sit,-0.645624,-0.405528,0.687104,1.19,-2.52,0,-56
1786634617782,369818,Thigh,sit,-0.645136,-0.40504,0.686128,1.19,-2.38,0,-56
1786634617782,369835,Thigh,sit,-0.645624,-0.406504,0.687592,1.12,-2.38,-17.92,-56
1786634617782,369852,Thigh,sit,-0.644648,-0.406504,0.689056,1.26,-2.87,0.07,-56
1786634617782,369883,Thigh,sit,-0.642208,-0.404552,0.691008,1.33,-2.45,-0.07,-56
1786634617782,369900,Thigh,sit,-0.639768,-0.403576,0.692472,1.26,-2.31,-0.14,-56
1786634617782,369917,Thigh,sit,-0.639768,-0.405528,0.691984,1.26,-2.1,-0.14,-56
1786634617782,369934,Thigh,sit,-0.640744,-0.40748,0.689544,1.19,-2.1,0,-56
1786634617782,369965,Thigh,sit,-0.643672,-0.40748,0.689544,1.26,-1.96,0.07,-56
1786634618153,370140,Thigh,sit,-0.649528,-0.406016,0.684664,1.4,-2.66,0.07,-56
1786634618153,370171,Thigh,sit,-0.65148,-0.404064,0.687592,1.47,-2.59,-0.07,-56
1786634618153,370187,Thigh,sit,-0.650016,-0.404552,0.687592,1.47,-2.52,-0.14,-56
1786634618153,370204,Thigh,sit,-0.647088,-0.402112,0.687104,1.4,-2.38,-0.07,-56
1786634618153,370221,Thigh,sit,-0.646112,-0.4026,0.686128,1.33,-2.45,-0.07,-56
1786634618153,370252,Thigh,sit,-0.64904,-0.404552,0.68808,1.33,-2.31,-0.21,-56
1786634618153,370269,Thigh,sit,-0.648064,-0.404552,0.687104,1.33,-2.31,-0.21,-56
1786634618153,370286,Thigh,sit,-0.647088,-0.406016,0.68564,1.33,-2.38,-0.21,-56
1786634618153,370303,Thigh,sit,-0.648064,-0.406016,0.686616,1.26,-2.31,-0.28,-56
1786634618153,370334,Thigh,sit,-0.648552,-0.406504,0.685152,1.33,-2.66,-0.21,-56
1786634618511,370510,Thigh,sit,-0.64416,-0.403576,0.686616,1.26,-2.45,-0.42,-56
1786634618511,370541,Thigh,sit,-0.64904,-0.40748,0.687592,1.26,-2.45,-0.35,-56
1786634618511,370558,Thigh,sit,-0.648552,-0.406992,0.68808,1.26,-2.59,-0.28,-56
1786634618511,370575,Thigh,sit,-0.648064,-0.406992,0.684176,1.33,-2.66,-0.21,-56
1786634618511,370592,Thigh,sit,-0.645136,-0.406504,0.685152,1.33,-2.73,-0.21,-56
1786634618511,370623,Thigh,sit,-0.643672,-0.405528,0.689056,1.33,-2.94,-0.14,-56
1786634618511,370640,Thigh,sit,-0.644648,-0.405528,0.688568,1.4,-2.8,-0.14,-56
1786634618511,370657,Thigh,sit,-0.646112,-0.406016,0.689544,1.47,-2.73,-0.14,-56
1786634618511,370674,Thigh,sit,-0.645624,-0.405528,0.68808,1.47,-2.73,-0.14,-56
1786634618511,370691,Thigh,sit,-0.645136,-0.404552,0.686616,1.47,-2.59,-0.14,-56
1786634618882,370867,Thigh,sit,-0.645136,-0.406504,0.68808,1.33,-2.8,-0.28,-51
1786634618882,370898,Thigh,sit,-0.645624,-0.406992,0.691984,1.4,-2.8,-0.28,-51
1786634618882,370914,Thigh,sit,-0.644648,-0.406504,0.691496,1.4,-2.73,-0.28,-51
1786634618882,370931,Thigh,sit,-0.643672,-0.405528,0.689544,1.4,-2.8,-0.28,-51
1786634618882,370948,Thigh,sit,-0.645136,-0.404552,0.687592,1.33,-2.66,-0.28,-51
1786634618882,370979,Thigh,sit,-0.646112,-0.404552,0.691008,1.19,-2.45,-0.21,-51
1786634618882,370996,Thigh,sit,-0.64416,-0.404552,0.688568,1.19,-2.31,-0.14,-51
1786634618882,371013,Thigh,sit,-0.642696,-0.40504,0.688568,1.19,-2.45,-0.14,-51
1786634618882,371030,Thigh,sit,-0.642696,-0.406504,0.689056,1.19,-2.45,-0.14,-51
1786634618882,371061,Thigh,sit,-0.64416,-0.405528,0.691008,1.19,-2.24,-0.14,-51
1786634619241,371238,Thigh,sit,-0.648552,-0.406504,0.693448,1.19,-2.24,-0.21,-51
1786634619241,371269,Thigh,sit,-0.6466,-0.403576,0.687592,1.12,-1.89,-0.42,-51
1786634619241,371286,Thigh,sit,-0.647088,-0.405528,0.684664,1.12,-2.1,-0.35,-51
1786634619241,371303,Thigh,sit,-0.6466,-0.406016,0.685152,1.19,-2.59,-0.14,-51
1786634619241,371320,Thigh,sit,-0.648552,-0.408456,0.684176,1.26,-2.73,-0.14,-51
1786634619241,371351,Thigh,sit,-0.646112,-0.408944,0.686616,1.33,-2.8,-0.14,-51
1786634619241,371368,Thigh,sit,-0.643672,-0.40748,0.68808,1.26,-2.73,-0.14,-51
1786634619241,371385,Thigh,sit,-0.645136,-0.406504,0.689544,1.19,-2.45,-0.14,-51
1786634619241,371402,Thigh,sit,-0.644648,-0.406016,0.690032,1.12,-2.38,-0.14,-51
1786634619241,371419,Thigh,sit,-0.645624,-0.405528,0.689056,1.12,-2.17,-0.21,-51
1786634619599,371596,Thigh,sit,-0.65392,-0.407968,0.684664,1.26,-2.66,-0.21,-51
1786634619599,371627,Thigh,sit,-0.645624,-0.402112,0.68808,1.26,-2.94,0,-51
1786634619599,371644,Thigh,sit,-0.645624,-0.403576,0.691008,1.26,-2.73,-0.14,-51
1786634619599,371661,Thigh,sit,-0.642696,-0.405528,0.692472,1.26,-2.73,-0.21,-51
1786634619599,371678,Thigh,sit,-0.64172,-0.406992,0.691984,1.26,-2.31,-0.35,-51
1786634619599,371709,Thigh,sit,-0.641232,-0.406504,0.684176,1.4,-2.8,-0.14,-51
1786634619599,371726,Thigh,sit,-0.644648,-0.406016,0.687104,1.4,-2.66,-0.14,-51
1786634619599,371743,Thigh,sit,-0.645136,-0.40992,0.691984,1.26,-2.24,-0.28,-51
1786634619599,371760,Thigh,sit,-0.646112,-0.40748,0.687104,1.33,-2.52,-0.07,-51
1786634619599,371777,Thigh,sit,-0.644648,-0.403576,0.68564,1.19,-2.38,0,-51
1786634619957,371952,Thigh,sit,-0.645136,-0.40504,0.688568,1.33,-2.24,0,-57
1786634619957,371984,Thigh,sit,-0.649528,-0.40748,0.690032,1.33,-1.96,-0.14,-57
1786634619957,372000,Thigh,sit,-0.648064,-0.403576,0.678808,1.33,-2.17,-0.07,-57
1786634619957,372017,Thigh,sit,-0.65148,-0.406504,0.682224,1.19,-2.66,-0.07,-57
1786634619957,372034,Thigh,sit,-0.65148,-0.407968,0.686128,1.19,-2.8,-0.07,-57
1786634619957,372065,Thigh,sit,-0.647576,-0.404064,0.686128,1.33,-2.8,-0.21,-57
1786634619957,372082,Thigh,sit,-0.645136,-0.406992,0.687592,1.26,-2.8,-0.28,-57
1786634619957,372099,Thigh,sit,-0.643184,-0.40748,0.691008,1.12,-2.52,-0.21,-57
1786634619957,372116,Thigh,sit,-0.642696,-0.408944,0.691008,1.12,-2.59,-0.14,-57
1786634619957,372133,Thigh,sit,-0.642696,-0.406992,0.68808,1.19,-2.66,-0.14,-57
1786634620316,372310,Thigh,sit,-0.643672,-0.406016,0.690032,1.4,-2.52,-0.14,-57
1786634620316,372341,Thigh,sit,-0.64416,-0.406016,0.688568,1.4,-2.38,-0.21,-57
1786634620316,372358,Thigh,sit,-0.6466,-0.406016,0.68808,1.4,-2.31,-0.21,-57
1786634620316,372375,Thigh,sit,-0.647088,-0.406992,0.686616,1.26,-2.31,-0.21,-57
1786634620316,372392,Thigh,sit,-0.647088,-0.406016,0.684176,1.33,-2.52,-0.14,-57
1786634620316,372423,Thigh,sit,-0.64904,-0.40504,0.687104,1.19,-2.45,-0.07,-57
1786634620316,372440,Thigh,sit,-0.650016,-0.40504,0.686128,1.33,-2.52,-0.14,-57
1786634620316,372457,Thigh,sit,-0.647088,-0.40504,0.686128,1.26,-2.66,-0.07,-57
1786634620316,372474,Thigh,sit,-0.64416,-0.404552,0.687592,1.19,-2.66,-0.14,-57
1786634620316,372491,Thigh,sit,-0.64416,-0.407968,0.689056,1.19,-2.66,-0.14,-57
1786634620685,372667,Thigh,sit,-0.648552,-0.403576,0.689056,1.33,-2.59,0,-57
1786634620685,372698,Thigh,sit,-0.650504,-0.405528,0.687592,1.19,-2.38,-0.28,-57
1786634620685,372714,Thigh,sit,-0.648552,-0.406504,0.6832,1.26,-2.66,-0.14,-57
1786634620685,372731,Thigh,sit,-0.645624,-0.406016,0.6832,1.19,-2.73,0.07,-57
1786634620685,372748,Thigh,sit,-0.644648,-0.406016,0.688568,1.19,-2.87,0,-57
1786634620685,372779,Thigh,sit,-0.64416,-0.40748,0.691496,1.19,-2.52,-0.28,-57
1786634620685,372796,Thigh,sit,-0.641232,-0.406504,0.689544,1.33,-2.52,-0.28,-57
1786634620685,372813,Thigh,sit,-0.639768,-0.406992,0.686616,1.54,-3.01,0,-57
1786634620685,372830,Thigh,sit,-0.643184,-0.405528,0.690032,1.68,-2.94,0,-57
1786634620685,372861,Thigh,sit,-0.652456,-0.404064,0.694424,1.26,-1.68,-0.77,-57
1786634621057,373036,Thigh,sit,-0.651968,-0.404064,0.678808,0.91,-2.1,0.07,-63
1786634621057,373067,Thigh,sit,-0.64904,-0.404064,0.690032,0.98,-2.38,0.28,-63
1786634621057,373083,Thigh,sit,-0.64904,-0.408456,0.691984,1.12,-2.24,0.07,-63
1786634621057,373100,Thigh,sit,-0.64172,-0.40748,0.689544,1.26,-2.45,0.14,-63
1786634621057,373117,Thigh,sit,-0.640744,-0.406016,0.689056,1.54,-2.38,0.07,-63
1786634621057,373148,Thigh,sit,-0.644648,-0.406016,0.687104,1.33,-2.31,0,-63
1786634621057,373165,Thigh,sit,-0.65392,-0.406504,0.68808,1.19,-1.89,-0.14,-63
1786634621057,373182,Thigh,sit,-0.65148,-0.405528,0.6832,1.05,-1.82,-0.28,-63
1786634621057,373199,Thigh,sit,-0.650016,-0.404064,0.682712,1.05,-2.17,-0.21,-63
1786634621057,373229,Thigh,sit,-0.650504,-0.406504,0.687104,1.12,-2.31,-0.28,-63
1786634621415,373405,Thigh,sit,-0.642208,-0.40748,0.689056,1.19,-2.8,-0.21,-63
1786634621415,373436,Thigh,sit,-0.644648,-0.40748,0.688568,1.33,-2.45,-0.21,-63
1786634621415,373453,Thigh,sit,-0.642208,-0.40748,0.687104,1.33,-2.8,-0.07,-63
1786634621415,373470,Thigh,sit,-0.642696,-0.406992,0.687592,1.33,-2.66,-0.14,-63
1786634621415,373487,Thigh,sit,-0.645624,-0.407968,0.689056,1.33,-2.59,-0.21,-63
1786634621415,373518,Thigh,sit,-0.644648,-0.406992,0.69052,1.33,-2.17,-0.28,-63
1786634621415,373535,Thigh,sit,-0.64416,-0.40504,0.689056,1.26,-2.24,-0.28,-63
1786634621415,373552,Thigh,sit,-0.648552,-0.406992,0.686616,1.26,-2.45,-0.21,-63
1786634621415,373569,Thigh,sit,-0.647576,-0.403576,0.68564,1.26,-2.59,-0.14,-63
1786634621415,373586,Thigh,sit,-0.647576,-0.406016,0.686616,1.26,-2.66,-0.07,-63
1786634621774,373762,Thigh,sit,-0.642696,-0.406504,0.6832,1.33,-2.8,-0.07,-63
1786634621774,373793,Thigh,sit,-0.64172,-0.40748,0.693936,1.12,-2.45,-0.14,-63
1786634621774,373810,Thigh,sit,-0.642208,-0.406992,0.693936,1.19,-2.1,-0.28,-63
1786634621774,373827,Thigh,sit,-0.642696,-0.40504,0.691008,1.12,-1.89,-0.28,-63
1786634621774,373844,Thigh,sit,-0.643672,-0.405528,0.687104,1.12,-1.96,-0.35,-63
1786634621774,373875,Thigh,sit,-0.649528,-0.408944,0.686128,1.26,-2.1,-0.28,-63
1786634621774,373892,Thigh,sit,-0.648552,-0.408456,0.683688,1.4,-2.52,-0.14,-63
1786634621774,373909,Thigh,sit,-0.647576,-0.406504,0.685152,1.4,-2.52,0,-63
1786634621774,373926,Thigh,sit,-0.650016,-0.406016,0.688568,1.33,-2.38,-0.14,-63
1786634621774,373943,Thigh,sit,-0.650016,-0.406016,0.687592,1.19,-2.24,-0.21,-63
1786634622140,374120,Thigh,sit,-0.646112,-0.408456,0.689056,1.26,-2.31,-0.28,-54
1786634622140,374151,Thigh,sit,-0.644648,-0.406016,0.686128,1.33,-2.66,-0.07,-54
1786634622140,374168,Thigh,sit,-0.646112,-0.406016,0.687592,1.33,-2.59,0,-54
1786634622140,374185,Thigh,sit,-0.648064,-0.406504,0.68808,1.4,-2.52,-0.07,-54
1786634622140,374202,Thigh,sit,-0.648064,-0.406016,0.686128,1.33,-2.38,-0.14,-54
1786634622140,374233,Thigh,sit,-0.647088,-0.405528,0.685152,1.33,-2.38,-0.14,-54
1786634622140,374250,Thigh,sit,-0.6466,-0.406504,0.685152,1.33,-2.73,-0.07,-54
1786634622140,374267,Thigh,sit,-0.645624,-0.406992,0.688568,1.33,-2.73,0,-54
1786634622140,374284,Thigh,sit,-0.645136,-0.406504,0.689056,1.26,-2.59,-0.07,-54
1786634622140,374301,Thigh,sit,-0.64416,-0.406992,0.69052,1.26,-2.59,-0.07,-54
1786634622525,374477,Thigh,sit,-0.649528,-0.407968,0.686616,1.19,-2.45,-0.28,-54
1786634622525,374508,Thigh,sit,-0.646112,-0.406992,0.68564,1.12,-2.45,-0.14,-54
1786634622525,374525,Thigh,sit,-0.644648,-0.40748,0.68808,1.12,-2.52,-0.07,-54
1786634622525,374542,Thigh,sit,-0.645624,-0.406504,0.688568,1.26,-2.45,-0.07,-54
1786634622525,374559,Thigh,sit,-0.645624,-0.406992,0.68808,1.26,-2.45,-0.07,-54
1786634622525,374590,Thigh,sit,-0.645136,-0.406992,0.686128,1.26,-2.52,-0.07,-54
1786634622525,374607,Thigh,sit,-0.645624,-0.406992,0.686616,1.26,-2.52,-0.07,-54
1786634622525,374624,Thigh,sit,-0.646112,-0.40748,0.687592,1.26,-2.59,-0.14,-54
1786634622525,374641,Thigh,sit,-0.6466,-0.405528,0.688568,1.26,-2.38,-0.14,-54
1786634622525,374658,Thigh,sit,-0.647088,-0.404552,0.686616,1.26,-2.45,-0.14,-54
1786634622910,374835,Thigh,sit,-0.64416,-0.408456,0.687104,1.33,-2.66,-0.14,-54
1786634622910,374866,Thigh,sit,-0.645136,-0.40748,0.689056,1.26,-2.52,-0.21,-54
1786634622910,374883,Thigh,sit,-0.64416,-0.40748,0.686616,1.33,-2.52,-0.21,-54
1786634622910,374900,Thigh,sit,-0.64416,-0.406992,0.687104,1.26,-2.66,-0.14,-54
1786634622910,374917,Thigh,sit,-0.645624,-0.40748,0.68808,1.33,-2.73,-0.07,-54
1786634622910,374948,Thigh,sit,-0.644648,-0.40748,0.68808,1.33,-2.52,-0.14,-54
1786634622910,374965,Thigh,sit,-0.6466,-0.40748,0.688568,1.33,-2.52,-0.14,-54
1786634622910,374982,Thigh,sit,-0.645624,-0.405528,0.687104,1.33,-2.59,-0.14,-54
1786634622910,374999,Thigh,sit,-0.645624,-0.404064,0.687592,1.26,-2.52,-0.14,-54
1786634622910,375016,Thigh,sit,-0.6466,-0.405528,0.690032,1.26,-2.38,-0.14,-54
1786634623217,375193,Thigh,sit,-0.6466,-0.406016,0.687592,1.26,-2.52,-0.21,-54
1786634623217,375224,Thigh,sit,-0.6466,-0.406992,0.686616,1.33,-2.45,-0.14,-54
1786634623217,375241,Thigh,sit,-0.649528,-0.410896,0.686616,1.12,-2.31,0,-54
1786634623217,375258,Thigh,sit,-0.650504,-0.410408,0.693448,1.4,-3.78,0,-54
1786634623217,375275,Thigh,sit,-0.63196,-0.405528,0.675392,1.4,-3.43,0.42,-54
1786634623217,375306,Thigh,sit,-0.647088,-0.404064,0.693936,1.26,-2.8,-0.49,-54
1786634623217,375323,Thigh,sit,-0.650992,-0.406016,0.681736,1.4,-2.59,-0.42,-54
1786634623217,375340,Thigh,sit,-0.64904,-0.403576,0.681248,1.33,-2.31,-0.21,-54
1786634623217,375357,Thigh,sit,-0.648552,-0.406016,0.687104,0.98,-2.94,0.07,-54
1786634623217,375374,Thigh,sit,-0.64904,-0.40748,0.687592,0.91,-2.38,0.07,-54
1786634623564,375549,Thigh,sit,-0.650504,-0.40504,0.68564,1.26,-2.24,-0.14,-60
1786634623564,375581,Thigh,sit,-0.6466,-0.407968,0.68808,1.12,-2.59,0,-60
1786634623564,375598,Thigh,sit,-0.6466,-0.40748,0.68808,1.26,-2.59,-0.07,-60
1786634623564,375615,Thigh,sit,-0.643184,-0.40748,0.68808,1.33,-2.73,-0.07,-60
1786634623564,375632,Thigh,sit,-0.6466,-0.406992,0.689544,1.33,-2.45,-0.28,-60
1786634623564,375663,Thigh,sit,-0.648064,-0.405528,0.685152,1.33,-2.52,-0.35,-60
1786634623564,375680,Thigh,sit,-0.648552,-0.406016,0.684176,1.33,-2.59,-0.21,-60
1786634623564,375697,Thigh,sit,-0.64904,-0.405528,0.68564,1.26,-2.8,-0.07,-60
1786634623564,375714,Thigh,sit,-0.648064,-0.404552,0.690032,1.26,-2.66,-0.14,-60
1786634623564,375731,Thigh,sit,-0.6466,-0.405528,0.690032,1.19,-2.59,-0.21,-60
1786634623925,375906,Thigh,sit,-0.646112,-0.406992,0.68808,1.26,-2.59,-0.14,-60
1786634623925,375937,Thigh,sit,-0.645624,-0.406016,0.68808,1.26,-2.52,-0.21,-60
1786634623925,375954,Thigh,sit,-0.64416,-0.406016,0.688568,1.26,-2.59,-0.21,-60
1786634623925,375972,Thigh,sit,-0.645136,-0.406016,0.68808,1.33,-2.45,-0.14,-60
1786634623925,375989,Thigh,sit,-0.647088,-0.406992,0.689056,1.33,-2.45,-0.14,-60
1786634623925,376020,Thigh,sit,-0.64416,-0.405528,0.68808,1.26,-2.38,-0.07,-60
1786634623925,376037,Thigh,sit,-0.64416,-0.406504,0.689056,1.26,-2.31,-0.21,-60
1786634623925,376054,Thigh,sit,-0.644648,-0.40748,0.687592,1.19,-2.38,-0.14,-60
1786634623925,376071,Thigh,sit,-0.645136,-0.406504,0.686616,1.33,-2.45,-0.14,-60
1786634623925,376088,Thigh,sit,-0.645136,-0.405528,0.687104,1.33,-2.31,-0.07,-60
1786634624281,376266,Thigh,sit,-0.646112,-0.408456,0.68808,1.26,-2.59,0,-62
1786634624281,376297,Thigh,sit,-0.645136,-0.406992,0.689056,1.26,-2.73,-0.07,-62
1786634624281,376314,Thigh,sit,-0.646112,-0.405528,0.688568,1.33,-2.59,-0.21,-62
1786634624281,376331,Thigh,sit,-0.643184,-0.40504,0.68564,1.12,-2.66,0,-62
1786634624281,376348,Thigh,sit,-0.64904,-0.402112,0.691496,1.33,-2.03,-0.28,-62
1786634624281,376379,Thigh,sit,-0.647088,-0.403576,0.686128,1.33,-2.38,-0.28,-62
1786634624281,376396,Thigh,sit,-0.644648,-0.406504,0.683688,1.47,-2.59,-0.14,-62
1786634624281,376413,Thigh,sit,-0.6466,-0.406504,0.68564,1.4,-2.66,0,-62
1786634624281,376430,Thigh,sit,-0.650504,-0.406016,0.688568,1.26,-2.38,0,-62
1786634624281,376447,Thigh,sit,-0.64904,-0.406016,0.686616,1.19,-2.52,-0.07,-62
1786634624640,376622,Thigh,sit,-0.6466,-0.406992,0.689056,1.26,-2.52,-0.21,-62
1786634624640,376653,Thigh,sit,-0.642696,-0.406016,0.686128,1.33,-2.73,-0.14,-62
1786634624640,376671,Thigh,sit,-0.642208,-0.404552,0.687592,1.47,-2.87,-0.07,-62
1786634624640,376688,Thigh,sit,-0.643672,-0.404064,0.691984,1.33,-2.52,-0.14,-62
1786634624640,376705,Thigh,sit,-0.646112,-0.406504,0.691496,1.26,-2.45,-0.14,-62
1786634624640,376736,Thigh,sit,-0.644648,-0.4026,0.687104,1.33,-2.31,-0.21,-62
1786634624640,376753,Thigh,sit,-0.644648,-0.404064,0.687104,1.33,-2.45,-0.07,-62
1786634624640,376770,Thigh,sit,-0.648064,-0.405528,0.687592,1.33,-2.38,0,-62
1786634624640,376787,Thigh,sit,-0.647088,-0.40504,0.687592,1.33,-2.38,-0.07,-62
1786634624640,376804,Thigh,sit,-0.646112,-0.40504,0.687592,1.19,-2.31,-0.07,-62
1786634624999,376980,Thigh,sit,-0.647576,-0.40504,0.686616,1.54,-2.66,-0.28,-62
1786634624999,377011,Thigh,sit,-0.647576,-0.404552,0.686616,1.33,-2.66,-0.21,-62
1786634624999,377028,Thigh,sit,-0.647576,-0.403576,0.687592,1.26,-2.59,-0.14,-62
1786634624999,377045,Thigh,sit,-0.6466,-0.404552,0.68808,1.12,-2.59,-0.07,-62
1786634624999,377062,Thigh,sit,-0.646112,-0.404064,0.687592,1.19,-2.66,-0.07,-62
1786634624999,377093,Thigh,sit,-0.642208,-0.404552,0.690032,1.12,-2.52,-0.14,-62
1786634624999,377110,Thigh,sit,-0.6466,-0.409432,0.689544,1.12,-2.31,-0.14,-62
1786634624999,377127,Thigh,sit,-0.642208,-0.406016,0.684664,1.33,-2.8,-0.21,-62
1786634624999,377144,Thigh,sit,-0.649528,-0.409432,0.68808,1.33,-2.38,0,-62
1786634624999,377161,Thigh,sit,-0.64904,-0.406504,0.690032,1.26,-2.38,-0.21,-62
1786634625359,377337,Thigh,sit,-0.64172,-0.40748,0.690032,1.4,-2.73,-0.21,-63
1786634625359,377368,Thigh,sit,-0.643672,-0.404552,0.689544,1.47,-2.38,-0.28,-63
1786634625359,377385,Thigh,sit,-0.645624,-0.404552,0.68808,1.33,-2.24,-0.28,-63
1786634625359,377403,Thigh,sit,-0.6466,-0.407968,0.687104,1.19,-2.17,-0.21,-63
1786634625359,377420,Thigh,sit,-0.645136,-0.411384,0.686128,1.26,-2.45,-0.07,-63
1786634625359,377451,Thigh,sit,-0.645624,-0.411384,0.687592,1.33,-2.59,0.07,-63
1786634625359,377468,Thigh,sit,-0.642208,-0.409432,0.686616,1.4,-2.66,0,-63
1786634625359,377485,Thigh,sit,-0.643672,-0.406504,0.68808,1.54,-2.87,0.14,-63
1786634625359,377502,Thigh,sit,-0.642696,-0.405528,0.688568,1.47,-2.73,0.07,-63
1786634625359,377519,Thigh,sit,-0.643672,-0.402112,0.691008,1.47,-2.73,0,-63
1786634625719,377695,Thigh,sit,-0.6466,-0.410408,0.687592,1.19,-2.45,-0.14,-63
1786634625719,377726,Thigh,sit,-0.642696,-0.409432,0.687104,1.4,-2.73,0,-63
1786634625719,377743,Thigh,sit,-0.642696,-0.406016,0.689056,1.4,-2.52,-0.07,-63
1786634625719,377760,Thigh,sit,-0.646112,-0.408456,0.689544,1.26,-2.38,-0.21,-63
1786634625719,377777,Thigh,sit,-0.648552,-0.406992,0.687104,1.26,-2.38,-0.21,-63
1786634625719,377808,Thigh,sit,-0.6466,-0.406504,0.684664,1.4,-2.73,-0.14,-63
1786634625719,377825,Thigh,sit,-0.648064,-0.405528,0.68564,1.33,-2.94,-0.14,-63
1786634625719,377842,Thigh,sit,-0.648552,-0.406016,0.687592,1.26,-2.87,-0.14,-63
1786634625719,377859,Thigh,sit,-0.648064,-0.406504,0.68808,1.12,-2.73,-0.14,-63
1786634625719,377876,Thigh,sit,-0.645624,-0.405528,0.687104,1.19,-2.59,-0.21,-63
1786634626076,378053,Thigh,sit,-0.645136,-0.406504,0.69052,1.33,-2.17,-0.21,-63
1786634626076,378084,Thigh,sit,-0.643184,-0.405528,0.687592,1.26,-2.17,-0.14,-63
1786634626076,378101,Thigh,sit,-0.645136,-0.406992,0.686616,1.19,-2.03,-0.14,-63
1786634626076,378119,Thigh,sit,-0.648552,-0.410408,0.688568,1.19,-2.24,-0.14,-63
1786634626076,378136,Thigh,sit,-0.648064,-0.40992,0.687104,1.12,-2.17,-0.21,-63
1786634626076,378153,Thigh,sit,-0.644648,-0.407968,0.687104,1.26,-2.31,-0.14,-63
1786634626076,378184,Thigh,sit,-0.648064,-0.408944,0.687104,1.26,-2.31,-0.07,-63
1786634626076,378201,Thigh,sit,-0.64904,-0.40992,0.687104,1.26,-2.66,0,-63
1786634626076,378218,Thigh,sit,-0.647088,-0.408456,0.6832,1.33,-2.8,0,-63
1786634626076,378235,Thigh,sit,-0.645624,-0.40748,0.68564,1.26,-2.8,0,-63
1786634626434,378410,Thigh,sit,-0.647088,-0.403088,0.687592,1.19,-2.17,-0.14,-62
1786634626434,378441,Thigh,sit,-0.646112,-0.406992,0.688568,0.98,-2.03,-0.28,-62
1786634626434,378458,Thigh,sit,-0.645624,-0.408456,0.686616,1.12,-2.17,-0.21,-62
1786634626434,378475,Thigh,sit,-0.644648,-0.408456,0.685152,1.19,-2.17,-0.21,-62
1786634626434,378492,Thigh,sit,-0.645136,-0.407968,0.685152,1.19,-2.24,-0.14,-62
1786634626434,378523,Thigh,sit,-0.645136,-0.409432,0.68564,1.26,-2.45,-0.21,-62
1786634626434,378540,Thigh,sit,-0.645624,-0.407968,0.685152,1.19,-2.31,-0.21,-62
1786634626434,378557,Thigh,sit,-0.647088,-0.410408,0.686128,1.19,-2.45,-0.21,-62
1786634626434,378574,Thigh,sit,-0.644648,-0.410896,0.684664,1.12,-2.87,-0.07,-62
1786634626434,378591,Thigh,sit,-0.641232,-0.406504,0.68564,1.54,-2.94,-0.07,-62
1786634626792,378767,Thigh,sit,-0.642696,-0.395768,0.689056,1.26,-2.31,-0.14,-62
1786634626792,378798,Thigh,sit,-0.647576,-0.401624,0.689056,1.05,-1.89,-0.21,-62
1786634626792,378815,Thigh,sit,-0.6466,-0.40504,0.68808,1.05,-2.03,-0.21,-62
1786634626792,378832,Thigh,sit,-0.645624,-0.406504,0.686128,0.91,-1.61,-0.14,-62
1786634626792,378849,Thigh,sit,-0.644648,-0.40992,0.686128,0.77,-1.89,-0.21,-62
1786634626792,378880,Thigh,sit,-0.64416,-0.412848,0.686128,0.98,-2.31,0,-62
1786634626792,378897,Thigh,sit,-0.640744,-0.413336,0.689056,1.26,-2.38,-0.14,-62
1786634626792,378914,Thigh,sit,-0.640744,-0.410896,0.689544,1.33,-2.38,-0.21,-62
1786634626792,378931,Thigh,sit,-0.641232,-0.411384,0.687592,1.4,-2.31,-0.14,-62
1786634626792,378948,Thigh,sit,-0.643672,-0.410408,0.68564,1.47,-2.38,-0.14,-62
1786634627164,379125,Thigh,sit,-0.646112,-0.398696,0.691496,1.33,-2.45,-0.14,-62
1786634627164,379155,Thigh,sit,-0.646112,-0.402112,0.688568,1.05,-1.96,-0.21,-62
1786634627164,379172,Thigh,sit,-0.645624,-0.404064,0.686616,0.98,-1.96,-0.21,-62
1786634627164,379189,Thigh,sit,-0.647576,-0.406992,0.687592,0.98,-1.96,-0.21,-62
1786634627164,379206,Thigh,sit,-0.64416,-0.410408,0.686616,1.12,-2.31,-0.14,-62
1786634627164,379237,Thigh,sit,-0.645136,-0.410408,0.686616,1.19,-2.24,-0.14,-62
1786634627164,379254,Thigh,sit,-0.645136,-0.409432,0.688568,1.26,-2.52,-0.14,-62
1786634627164,379271,Thigh,sit,-0.645136,-0.409432,0.687592,1.26,-2.45,-0.07,-62
1786634627164,379288,Thigh,sit,-0.64416,-0.407968,0.68564,1.33,-2.52,-0.14,-62
1786634627164,379305,Thigh,sit,-0.64416,-0.407968,0.687592,1.33,-2.66,-0.14,-62
1786634627542,379483,Thigh,sit,-0.648064,-0.405528,0.688568,1.19,-2.17,0,-62
1786634627542,379513,Thigh,sit,-0.635864,-0.39772,0.686128,1.33,-3.43,-0.21,-62
1786634627542,379531,Thigh,sit,-0.662216,-0.410896,0.69296,1.75,-0.98,-0.49,-62
1786634627542,379547,Thigh,sit,-0.641232,-0.408456,0.684664,0.7,-2.45,-0.49,-62
1786634627542,379564,Thigh,sit,-0.647576,-0.409432,0.679296,1.12,-2.66,-0.07,-62
1786634627542,379595,Thigh,sit,-0.648552,-0.410896,0.690032,1.26,-3.29,0,-62
1786634627542,379612,Thigh,sit,-0.64904,-0.411384,0.689056,1.19,-2.59,-0.14,-62
1786634627542,379629,Thigh,sit,-0.646112,-0.40748,0.683688,1.26,-2.73,-0.14,-62
1786634627542,379646,Thigh,sit,-0.64416,-0.406504,0.686616,1.26,-3.08,0,-62
1786634627542,379663,Thigh,sit,-0.642208,-0.406992,0.689544,1.19,-3.15,-0.07,-62
1786634627933,379839,Thigh,sit,-0.645136,-0.407968,0.686128,1.05,-2.45,0,-63
1786634627933,379870,Thigh,sit,-0.646112,-0.40992,0.688568,1.26,-2.45,-0.28,-63
1786634627933,379886,Thigh,sit,-0.64416,-0.409432,0.686128,1.26,-2.52,-0.35,-63
1786634627933,379903,Thigh,sit,-0.644648,-0.40992,0.685152,1.47,-2.66,-0.28,-63
1786634627933,379919,Thigh,sit,-0.645624,-0.408456,0.686128,1.47,-2.8,-0.21,-63
1786634627933,379950,Thigh,sit,-0.646112,-0.40748,0.686616,1.47,-2.8,-0.07,-63
1786634627933,379966,Thigh,sit,-0.6466,-0.405528,0.68808,1.4,-2.73,-0.14,-63
1786634627933,379984,Thigh,sit,-0.645136,-0.40504,0.689544,1.33,-2.59,-0.14,-63
1786634627933,380001,Thigh,sit,-0.643672,-0.40504,0.688568,1.33,-2.52,-0.07,-63
1786634627933,380032,Thigh,sit,-0.64416,-0.405528,0.688568,1.33,-2.52,-0.07,-63
1786634628235,380208,Thigh,sit,-0.64904,-0.40748,0.686616,1.26,-2.31,-0.07,-63
1786634628235,380238,Thigh,sit,-0.645136,-0.406992,0.687104,1.26,-2.59,-0.14,-63
1786634628235,380255,Thigh,sit,-0.644648,-0.406504,0.68808,1.4,-2.66,-0.07,-63
1786634628235,380273,Thigh,sit,-0.643672,-0.40748,0.68808,1.33,-2.73,0,-63
1786634628235,380290,Thigh,sit,-0.64416,-0.407968,0.68808,1.47,-2.8,0,-63
1786634628235,380321,Thigh,sit,-0.644648,-0.406016,0.68808,1.47,-2.73,-0.21,-63
1786634628235,380338,Thigh,sit,-0.64416,-0.404064,0.687592,1.54,-2.73,-0.28,-63
1786634628235,380355,Thigh,sit,-0.646112,-0.402112,0.690032,1.26,-2.52,-0.35,-63
1786634628235,380372,Thigh,sit,-0.6466,-0.403576,0.69052,1.12,-2.45,-0.21,-63
1786634628235,380389,Thigh,sit,-0.644648,-0.403576,0.687592,1.12,-2.31,-0.21,-63
1786634628595,380565,Thigh,sit,-0.646112,-0.406992,0.687104,1.33,-2.38,-0.21,-61
1786634628595,380595,Thigh,sit,-0.646112,-0.406016,0.68808,1.33,-2.24,-0.21,-61
1786634628595,380612,Thigh,sit,-0.647576,-0.405528,0.686128,1.33,-2.38,-0.14,-61
1786634628595,380629,Thigh,sit,-0.64904,-0.405528,0.685152,1.33,-2.38,-0.07,-61
1786634628595,380646,Thigh,sit,-0.64904,-0.406504,0.686616,1.26,-2.52,-0.14,-61
1786634628595,380677,Thigh,sit,-0.647088,-0.40748,0.687592,1.33,-2.59,-0.14,-61
1786634628595,380694,Thigh,sit,-0.6466,-0.406992,0.686616,1.4,-2.52,-0.07,-61
1786634628595,380711,Thigh,sit,-0.647576,-0.406016,0.68808,1.33,-2.59,-0.14,-61
1786634628595,380728,Thigh,sit,-0.647088,-0.405528,0.68808,1.26,-2.52,-0.21,-61
1786634628595,380745,Thigh,sit,-0.648552,-0.406992,0.687104,1.33,-2.59,-0.21,-61
1786634628953,380923,Thigh,sit,-0.643184,-0.404064,0.685152,1.26,-2.38,-0.35,-62
1786634628953,380953,Thigh,sit,-0.64416,-0.406016,0.686616,0.91,-2.38,-0.14,-62
1786634628953,380971,Thigh,sit,-0.643184,-0.40748,0.689544,1.19,-2.45,-0.14,-62
1786634628953,380987,Thigh,sit,-0.643672,-0.40748,0.689056,1.33,-2.52,-0.21,-62
1786634628953,381004,Thigh,sit,-0.64416,-0.406992,0.689056,1.4,-2.45,-0.28,-62
1786634628953,381035,Thigh,sit,-0.64416,-0.406992,0.68808,1.26,-2.31,-0.14,-62
1786634628953,381052,Thigh,sit,-0.647576,-0.406016,0.68564,1.26,-2.38,-0.07,-62
1786634628953,381069,Thigh,sit,-0.648552,-0.405528,0.682712,1.33,-2.52,0.07,-62
1786634628953,381086,Thigh,sit,-0.649528,-0.406992,0.684176,1.33,-2.52,0.07,-62
1786634628953,381103,Thigh,sit,-0.64904,-0.408456,0.689544,1.19,-2.66,0,-62
1786634629313,381280,Thigh,sit,-0.646112,-0.406992,0.690032,1.33,-2.66,0,-61
1786634629313,381311,Thigh,sit,-0.647088,-0.404064,0.689544,1.4,-2.45,-0.21,-61
1786634629313,381328,Thigh,sit,-0.646112,-0.402112,0.687592,1.33,-2.31,-0.28,-61
1786634629313,381344,Thigh,sit,-0.647088,-0.402112,0.686616,1.26,-2.38,-0.28,-61
1786634629313,381361,Thigh,sit,-0.648552,-0.4026,0.686616,1.26,-2.45,-0.21,-61
1786634629313,381392,Thigh,sit,-0.645624,-0.403576,0.688568,1.33,-2.66,-0.14,-61
1786634629313,381409,Thigh,sit,-0.646112,-0.404552,0.689056,1.33,-2.38,-0.21,-61
1786634629313,381426,Thigh,sit,-0.646112,-0.406504,0.689056,1.26,-2.31,-0.21,-61
1786634629313,381443,Thigh,sit,-0.648064,-0.40748,0.686128,1.26,-2.45,-0.28,-61
1786634629313,381460,Thigh,sit,-0.642696,-0.404552,0.684664,1.19,-2.94,-0.07,-61
1786634629671,381638,Thigh,sit,-0.645136,-0.403576,0.686616,1.4,-2.8,-0.14,-61
1786634629671,381669,Thigh,sit,-0.643672,-0.401624,0.691984,1.4,-2.59,-0.07,-61
1786634629671,381686,Thigh,sit,-0.646112,-0.403088,0.691984,1.33,-2.24,-0.14,-61
1786634629671,381702,Thigh,sit,-0.645624,-0.403088,0.690032,1.4,-2.24,-0.21,-61
1786634629671,381719,Thigh,sit,-0.647088,-0.401624,0.68564,1.26,-2.17,-0.14,-61
1786634629671,381750,Thigh,sit,-0.65148,-0.405528,0.687592,1.12,-2.24,-0.21,-61
1786634629671,381767,Thigh,sit,-0.648552,-0.405528,0.687592,1.12,-2.31,-0.21,-61
1786634629671,381784,Thigh,sit,-0.647088,-0.405528,0.685152,1.12,-2.31,-0.14,-61
1786634629671,381801,Thigh,sit,-0.645624,-0.407968,0.68808,0.98,-2.38,-0.14,-61
1786634629671,381818,Thigh,sit,-0.642208,-0.408944,0.689056,1.05,-2.45,-0.07,-61
1786634630030,381996,Thigh,sit,-0.648552,-0.403088,0.687592,1.26,-2.38,-0.28,-61
1786634630030,382027,Thigh,sit,-0.648064,-0.403576,0.686616,1.19,-2.38,-0.14,-61
1786634630030,382044,Thigh,sit,-0.648552,-0.404552,0.68808,1.12,-2.38,-0.07,-61
1786634630030,382061,Thigh,sit,-0.647088,-0.404064,0.68808,1.12,-2.38,-0.07,-61
1786634630030,382077,Thigh,sit,-0.644648,-0.404064,0.689056,1.26,-2.38,-0.07,-61
1786634630030,382108,Thigh,sit,-0.644648,-0.404064,0.68808,1.19,-2.31,-0.14,-61
1786634630030,382125,Thigh,sit,-0.645136,-0.403088,0.686616,1.19,-2.38,-0.07,-61
1786634630030,382142,Thigh,sit,-0.64904,-0.405528,0.687592,1.05,-2.1,-0.28,-61
1786634630030,382159,Thigh,sit,-0.645136,-0.40748,0.685152,1.12,-2.38,-0.14,-61
1786634630030,382176,Thigh,sit,-0.644648,-0.407968,0.686616,1.33,-2.52,-0.07,-61
1786634630389,382355,Thigh,sit,-0.646112,-0.408944,0.689056,1.19,-2.52,-0.14,-61
1786634630389,382386,Thigh,sit,-0.642696,-0.410408,0.68564,1.33,-2.38,-0.07,-61
1786634630389,382403,Thigh,sit,-0.652944,-0.40992,0.689056,1.61,-2.52,-0.28,-61
1786634630389,382419,Thigh,sit,-0.642208,-0.406016,0.681736,1.4,-3.22,-0.07,-61
1786634630389,382436,Thigh,sit,-0.647088,-0.4026,0.687104,1.4,-2.94,-0.14,-61
1786634630389,382467,Thigh,sit,-0.647088,-0.405528,0.694424,1.26,-3.01,-0.14,-61
1786634630389,382484,Thigh,sit,-0.64416,-0.401136,0.689544,1.12,-2.17,-0.21,-61
1786634630389,382501,Thigh,sit,-0.643184,-0.403088,0.686616,1.12,-2.38,-0.14,-61
1786634630389,382518,Thigh,sit,-0.646112,-0.405528,0.688568,1.19,-2.45,-0.14,-61
1786634630389,382535,Thigh,sit,-0.6466,-0.40504,0.688568,1.26,-2.52,-0.14,-61
1786634630748,382713,Thigh,sit,-0.648552,-0.40748,0.69052,1.19,-2.52,-0.07,-54
1786634630748,382744,Thigh,sit,-0.64416,-0.406016,0.687592,1.19,-2.52,-0.07,-54
1786634630748,382761,Thigh,sit,-0.642208,-0.405528,0.687104,1.33,-2.66,-0.14,-54
1786634630748,382778,Thigh,sit,-0.644648,-0.406992,0.69052,1.33,-2.73,-0.21,-54
1786634630748,382795,Thigh,sit,-0.647576,-0.406504,0.690032,1.4,-2.52,-0.28,-54
1786634630748,382826,Thigh,sit,-0.647576,-0.403088,0.686128,1.19,-2.52,-0.14,-54
1786634630748,382843,Thigh,sit,-0.647576,-0.403576,0.687592,1.12,-2.38,-0.14,-54
1786634630748,382860,Thigh,sit,-0.64416,-0.405528,0.687104,1.12,-2.59,-0.07,-54
1786634630748,382877,Thigh,sit,-0.644648,-0.404552,0.689544,1.19,-2.45,-0.07,-54
1786634630748,382894,Thigh,sit,-0.646112,-0.403576,0.690032,1.26,-2.31,-0.28,-54
1786634631106,383071,Thigh,sit,-0.647088,-0.407968,0.687592,1.19,-2.31,0,-54
1786634631106,383102,Thigh,sit,-0.64416,-0.405528,0.686128,1.4,-2.52,-0.14,-54
1786634631106,383119,Thigh,sit,-0.64416,-0.406016,0.68808,1.4,-2.38,-0.14,-54
1786634631106,383135,Thigh,sit,-0.647576,-0.406016,0.689056,1.4,-2.45,-0.21,-54
1786634631106,383152,Thigh,sit,-0.648552,-0.405528,0.68564,1.33,-2.45,-0.21,-54
1786634631106,383183,Thigh,sit,-0.649528,-0.406016,0.686128,1.33,-2.52,-0.14,-54
1786634631106,383200,Thigh,sit,-0.649528,-0.405528,0.68564,1.33,-2.73,-0.07,-54
1786634631106,383217,Thigh,sit,-0.647576,-0.406016,0.687104,1.19,-2.73,-0.07,-54
1786634631106,383234,Thigh,sit,-0.645624,-0.405528,0.689544,1.19,-2.59,-0.14,-54
1786634631106,383251,Thigh,sit,-0.644648,-0.40748,0.691008,1.19,-2.52,-0.21,-54
1786634631463,383427,Thigh,sit,-0.64172,-0.403088,0.685152,1.47,-2.94,-0.14,-54
1786634631463,383458,Thigh,sit,-0.645624,-0.406016,0.691008,1.26,-2.66,-0.28,-54
1786634631463,383475,Thigh,sit,-0.645136,-0.406504,0.684664,1.4,-2.87,0,-54
1786634631463,383492,Thigh,sit,-0.646112,-0.405528,0.686616,1.47,-3.01,0.14,-54
1786634631463,383509,Thigh,sit,-0.642696,-0.406992,0.68808,1.4,-3.22,0.28,-54
1786634631463,383539,Thigh,sit,-0.6466,-0.403088,0.69052,1.19,-2.31,-0.21,-54
1786634631463,383556,Thigh,sit,-0.6466,-0.404552,0.689544,1.12,-2.31,-0.35,-54
1786634631463,383573,Thigh,sit,-0.6466,-0.404064,0.687592,1.05,-2.17,-0.35,-54
1786634631463,383590,Thigh,sit,-0.645624,-0.401136,0.686616,1.19,-2.52,-0.35,-54
1786634631463,383607,Thigh,sit,-0.6466,-0.404552,0.686616,1.05,-2.52,-0.07,-54
1786634631820,383784,Thigh,sit,-0.648552,-0.403576,0.687592,1.19,-2.17,-0.07,-60
1786634631820,383815,Thigh,sit,-0.64416,-0.406016,0.686128,1.26,-2.52,0,-60
1786634631820,383832,Thigh,sit,-0.645136,-0.405528,0.687104,1.33,-2.38,0,-60
1786634631820,383848,Thigh,sit,-0.646112,-0.406504,0.689544,1.26,-2.38,0,-60
1786634631820,383865,Thigh,sit,-0.647088,-0.406504,0.689056,1.19,-2.31,-0.21,-60
1786634631820,383896,Thigh,sit,-0.645624,-0.405528,0.68564,1.26,-2.38,-0.14,-60
1786634631820,383913,Thigh,sit,-0.646112,-0.404064,0.687592,1.26,-2.45,-0.07,-60
1786634631820,383930,Thigh,sit,-0.644648,-0.404552,0.68808,1.26,-2.38,-0.07,-60
1786634631820,383947,Thigh,sit,-0.648552,-0.405528,0.689544,1.19,-2.31,-0.21,-60
1786634631820,383964,Thigh,sit,-0.647576,-0.406504,0.689056,1.19,-2.24,-0.21,-60
1786634632237,384141,Thigh,sit,-0.6466,-0.405528,0.68808,1.26,-2.66,-0.14,-60
1786634632237,384172,Thigh,sit,-0.64416,-0.40748,0.686616,1.26,-2.52,-0.14,-60
1786634632237,384189,Thigh,sit,-0.643184,-0.406992,0.68808,1.26,-2.45,-0.14,-60
1786634632237,384206,Thigh,sit,-0.645624,-0.406504,0.687592,1.4,-2.52,-0.21,-60
1786634632237,384222,Thigh,sit,-0.646112,-0.406504,0.687104,1.33,-2.45,-0.14,-60
1786634632237,384253,Thigh,sit,-0.6466,-0.40504,0.687592,1.33,-2.52,-0.14,-60
1786634632237,384270,Thigh,sit,-0.647088,-0.404064,0.686616,1.26,-2.45,-0.07,-60
1786634632237,384287,Thigh,sit,-0.6466,-0.404552,0.687104,1.26,-2.52,-0.07,-60
1786634632237,384304,Thigh,sit,-0.647088,-0.40504,0.68808,1.26,-2.52,-0.14,-60
1786634632237,384377,Thigh,sit,-0.648064,-0.406504,0.687592,1.12,-2.45,-0.21,-60
1786634632615,384554,Thigh,sit,-0.648064,-0.406016,0.688568,1.26,-2.38,-0.07,-59
1786634632615,384584,Thigh,sit,-0.644648,-0.404552,0.686128,1.33,-2.52,-0.14,-59
1786634632615,384601,Thigh,sit,-0.645624,-0.406504,0.686128,1.26,-2.45,-0.07,-59
1786634632615,384618,Thigh,sit,-0.652944,-0.406016,0.6954,1.75,-2.73,-0.42,-59
1786634632615,384635,Thigh,sit,-0.623664,-0.39772,0.67588,1.12,-4.55,0.56,-59
1786634632615,384666,Thigh,sit,-0.64172,-0.408944,0.684664,1.05,-3.01,-0.49,-59
1786634632615,384683,Thigh,sit,-0.652944,-0.40504,0.689056,1.68,-1.82,-0.42,-59
1786634632615,384700,Thigh,sit,-0.649528,-0.40504,0.676368,1.54,-1.96,-0.35,-59
1786634632615,384717,Thigh,sit,-0.64904,-0.405528,0.686616,1.12,-3.08,0.07,-59
1786634632615,384734,Thigh,sit,-0.650016,-0.40748,0.68808,1.05,-2.38,0,-59
1786634632951,384909,Thigh,sit,-0.64904,-0.406992,0.686128,1.19,-2.59,0.07,-60
1786634632951,384939,Thigh,sit,-0.64416,-0.407968,0.69052,1.26,-2.45,-0.14,-60
1786634632951,384957,Thigh,sit,-0.643672,-0.406016,0.690032,1.26,-2.45,-0.28,-60
1786634632951,384974,Thigh,sit,-0.643672,-0.40504,0.688568,1.33,-2.38,-0.35,-60
1786634632951,384991,Thigh,sit,-0.646112,-0.406504,0.687104,1.33,-2.52,-0.21,-60
1786634632951,385022,Thigh,sit,-0.648552,-0.403576,0.686128,1.47,-2.73,-0.07,-60
1786634632951,385039,Thigh,sit,-0.647576,-0.406016,0.686128,1.33,-2.45,-0.14,-60
1786634632951,385056,Thigh,sit,-0.645624,-0.405528,0.687592,1.26,-2.52,-0.14,-60
1786634632951,385073,Thigh,sit,-0.648064,-0.405528,0.689056,1.26,-2.45,-0.14,-60
1786634632951,385090,Thigh,sit,-0.647088,-0.406504,0.687104,1.26,-2.59,-0.14,-60
1786634633331,385269,Thigh,sit,-0.645136,-0.406504,0.688568,1.33,-2.31,-0.14,-61
1786634633331,385299,Thigh,sit,-0.647088,-0.40504,0.684664,1.19,-2.52,-0.07,-61
1786634633331,385317,Thigh,sit,-0.648064,-0.405528,0.686616,1.19,-2.52,-0.07,-61
1786634633331,385333,Thigh,sit,-0.6466,-0.405528,0.686616,1.19,-2.38,-0.07,-61
1786634633331,385350,Thigh,sit,-0.645136,-0.406504,0.687592,1.19,-2.52,-0.07,-61
1786634633331,385381,Thigh,sit,-0.644648,-0.406504,0.688568,1.26,-2.66,-0.21,-61
1786634633331,385398,Thigh,sit,-0.64416,-0.406992,0.689544,1.4,-2.52,-0.14,-61
1786634633331,385415,Thigh,sit,-0.646112,-0.40504,0.689544,1.47,-2.45,-0.21,-61
1786634633331,385432,Thigh,sit,-0.647088,-0.404064,0.686616,1.4,-2.52,-0.21,-61
1786634633331,385449,Thigh,sit,-0.647576,-0.404552,0.686128,1.33,-2.59,-0.14,-61
1786634633722,385627,Thigh,sit,-0.616832,-0.398208,0.67344,1.12,-4.76,0.21,-61
1786634633722,385658,Thigh,sit,-0.647576,-0.397232,0.70272,1.19,-2.87,-0.49,-61
1786634633722,385675,Thigh,sit,-0.65148,-0.404552,0.687592,1.54,-2.94,-0.35,-61
1786634633722,385693,Thigh,sit,-0.649528,-0.404064,0.676856,1.68,-1.96,-0.35,-61
1786634633722,385709,Thigh,sit,-0.6466,-0.404064,0.687592,1.05,-2.94,0,-61
1786634633722,385740,Thigh,sit,-0.648552,-0.408456,0.686616,1.12,-2.38,0,-61
1786634633722,385757,Thigh,sit,-0.64172,-0.406504,0.689056,1.19,-2.8,0.07,-61
1786634633722,385774,Thigh,sit,-0.638304,-0.406016,0.688568,1.33,-2.59,-0.07,-61
1786634633722,385791,Thigh,sit,-0.636352,-0.407968,0.69052,1.4,-2.59,-0.21,-61
1786634633722,385808,Thigh,sit,-0.64172,-0.406992,0.69296,1.4,-2.38,-0.21,-61
1786634634029,385984,Thigh,sit,-0.647576,-0.402112,0.687592,1.4,-2.38,-0.35,-61
1786634634029,386014,Thigh,sit,-0.65148,-0.401136,0.687104,1.33,-2.24,-0.49,-61
1786634634029,386031,Thigh,sit,-0.650504,-0.404552,0.686128,1.12,-2.17,-0.42,-61
1786634634029,386048,Thigh,sit,-0.648064,-0.406016,0.683688,1.05,-2.52,-0.07,-61
1786634634029,386065,Thigh,sit,-0.647088,-0.40748,0.684664,1.12,-2.45,0,-61
1786634634029,386096,Thigh,sit,-0.643184,-0.409432,0.686128,1.19,-2.66,0,-61
1786634634029,386113,Thigh,sit,-0.643184,-0.408456,0.688568,1.26,-2.59,-0.14,-61
1786634634029,386130,Thigh,sit,-0.640256,-0.407968,0.689056,1.26,-2.52,-0.14,-61
1786634634029,386147,Thigh,sit,-0.642696,-0.407968,0.687592,1.26,-2.45,-0.21,-61
1786634634029,386164,Thigh,sit,-0.642696,-0.407968,0.686128,1.26,-2.59,-0.07,-61
1786634634387,386341,Thigh,sit,-0.650504,-0.405528,0.686616,1.12,-2.45,-0.07,-56
1786634634387,386372,Thigh,sit,-0.644648,-0.40748,0.687104,1.12,-2.59,-0.14,-56
1786634634387,386390,Thigh,sit,-0.642696,-0.408456,0.689056,1.19,-2.59,-0.14,-56
1786634634387,386406,Thigh,sit,-0.642208,-0.408944,0.687592,1.33,-2.52,-0.14,-56
1786634634387,386423,Thigh,sit,-0.642208,-0.40748,0.687592,1.33,-2.59,-0.21,-56
1786634634387,386454,Thigh,sit,-0.525088,-0.400648,0.67832,1.12,-4.34,0,-56
1786634634387,386472,Thigh,sit,-0.631472,-0.411872,0.673928,2.45,-0.91,-0.35,-56
1786634634387,386489,Thigh,sit,-0.647088,-0.399184,0.701744,1.26,-1.75,-0.77,-56
1786634634387,386505,Thigh,sit,-0.648064,-0.404064,0.68808,1.89,-2.87,-0.49,-56
1786634634387,386522,Thigh,sit,-0.648064,-0.4026,0.67832,1.75,-1.89,-0.35,-56
1786634634746,386700,Thigh,sit,-0.6466,-0.404552,0.689544,1.54,-3.01,-0.28,-56
1786634634746,386730,Thigh,sit,-0.647576,-0.403088,0.686616,1.4,-2.87,-0.49,-56
1786634634746,386748,Thigh,sit,-0.6466,-0.4026,0.68808,1.47,-2.73,-0.49,-56
1786634634746,386765,Thigh,sit,-0.645136,-0.401624,0.69052,1.4,-2.59,-0.56,-56
1786634634746,386782,Thigh,sit,-0.644648,-0.4026,0.69052,1.47,-2.52,-0.56,-56
1786634634746,386813,Thigh,sit,-0.641232,-0.402112,0.689056,1.47,-2.59,-0.49,-56
1786634634746,386830,Thigh,sit,-0.645136,-0.403576,0.691008,1.54,-2.52,-0.49,-56
1786634634746,386847,Thigh,sit,-0.642696,-0.404064,0.691984,1.33,-2.31,-0.42,-56
1786634634746,386863,Thigh,sit,-0.644648,-0.404064,0.689056,1.05,-1.89,-0.35,-56
1786634634746,386880,Thigh,sit,-0.643184,-0.406504,0.687592,0.84,-1.82,-0.14,-56
1786634635106,387057,Thigh,sit,-0.660264,-0.399672,0.679296,0.7,-1.89,0.14,-56
1786634635106,387088,Thigh,sit,-0.652456,-0.404064,0.686616,0.91,-2.59,0.21,-56
1786634635106,387106,Thigh,sit,-0.640744,-0.406016,0.68564,1.12,-2.94,0.21,-56
1786634635106,387122,Thigh,sit,-0.639768,-0.406992,0.690032,1.54,-2.87,0.07,-56
1786634635106,387139,Thigh,sit,-0.64416,-0.40504,0.693448,1.68,-2.52,-0.35,-56
1786634635106,387170,Thigh,sit,-0.654896,-0.40016,0.684664,1.47,-1.96,-0.84,-56
1786634635106,387187,Thigh,sit,-0.657336,-0.402112,0.678808,1.33,-2.17,-0.91,-56
1786634635106,387204,Thigh,sit,-0.657824,-0.40504,0.678808,1.26,-2.52,-0.7,-56
1786634635106,387221,Thigh,sit,-0.653432,-0.406504,0.681736,1.12,-3.01,-0.49,-56
1786634635106,387238,Thigh,sit,-0.650504,-0.406016,0.682224,1.26,-3.36,-0.28,-56
1786634635463,387415,Thigh,sit,-0.642208,-0.408456,0.690032,1.33,-2.45,-0.28,-56
1786634635463,387445,Thigh,sit,-0.6466,-0.402112,0.68564,1.26,-2.38,-0.07,-56
1786634635463,387463,Thigh,sit,-0.650504,-0.403088,0.686128,1.19,-2.38,-0.14,-56
1786634635463,387479,Thigh,sit,-0.64904,-0.404064,0.686616,1.19,-2.59,0,-56
1786634635463,387496,Thigh,sit,-0.646112,-0.401624,0.687592,1.12,-2.66,0,-56
1786634635463,387527,Thigh,sit,-0.6466,-0.396744,0.68564,0.91,-2.66,-0.14,-56
1786634635463,387544,Thigh,sit,-0.652944,-0.398208,0.68564,0.7,-2.52,-0.14,-56
1786634635463,387561,Thigh,sit,-0.652944,-0.4026,0.691496,0.98,-2.66,-0.21,-56
1786634635463,387578,Thigh,sit,-0.652944,-0.396256,0.689056,0.84,-2.59,-0.28,-56
1786634635463,387595,Thigh,sit,-0.648552,-0.411872,0.691008,0.91,-2.31,-0.21,-56
1786634635820,387771,Thigh,sit,-0.643672,-0.408944,0.687592,1.4,-1.61,-0.21,-56
1786634635820,387801,Thigh,sit,-0.64416,-0.414312,0.691984,1.68,-1.19,-0.28,-56
1786634635820,387819,Thigh,sit,-0.645624,-0.418216,0.696376,1.96,-0.84,-0.28,-56
1786634635820,387835,Thigh,sit,-0.64416,-0.419192,0.692472,2.38,-0.84,-0.49,-56
1786634635820,387852,Thigh,sit,-0.631472,-0.413336,0.691984,2.66,-0.91,-0.49,-56
1786634635820,387883,Thigh,sit,-0.637816,-0.403576,0.678808,2.31,-0.63,-0.28,-56
1786634635820,387900,Thigh,sit,-0.656848,-0.40504,0.674904,2.1,-1.19,-0.07,-56
1786634635820,387917,Thigh,sit,-0.659776,-0.406016,0.677832,1.89,-1.47,0,-56
1786634635820,387934,Thigh,sit,-0.648552,-0.398208,0.676368,1.61,-2.1,0.07,-56
1786634635820,387951,Thigh,sit,-0.641232,-0.4026,0.679784,1.54,-2.17,0,-56
1786634636189,388127,Thigh,sit,-0.619272,-0.404552,0.707112,1.82,-1.82,-1.05,-55
1786634636189,388157,Thigh,sit,-0.66124,-0.406992,0.681248,2.38,-2.73,-0.28,-55
1786634636189,388174,Thigh,sit,-0.647576,-0.392352,0.671976,2.17,-1.61,-0.28,-55
1786634636189,388191,Thigh,sit,-0.6466,-0.385032,0.674416,1.12,-1.68,-0.35,-55
1786634636189,388208,Thigh,sit,-0.652456,-0.406504,0.684664,0.84,-2.52,-0.28,-55
1786634636189,388239,Thigh,sit,-0.640744,-0.408944,0.692472,1.26,-2.52,-0.14,-55
1786634636189,388256,Thigh,sit,-0.63928,-0.404552,0.688568,1.26,-2.38,-0.14,-55
1786634636189,388273,Thigh,sit,-0.638304,-0.408944,0.693448,1.33,-2.38,-0.28,-55
1786634636189,388290,Thigh,sit,-0.640256,-0.411872,0.694912,1.54,-2.24,-0.35,-55
1786634636189,388307,Thigh,sit,-0.645624,-0.410896,0.691496,1.61,-2.17,-0.28,-55
1786634636537,388485,Thigh,sit,-0.647088,-0.406504,0.684664,1.33,-2.52,-0.07,-55
1786634636537,388515,Thigh,sit,-0.647088,-0.406504,0.689056,1.33,-2.73,-0.14,-55
1786634636537,388532,Thigh,sit,-0.643184,-0.406504,0.691496,1.33,-2.73,-0.14,-55
1786634636537,388549,Thigh,sit,-0.640256,-0.406016,0.692472,1.33,-2.59,-0.14,-55
1786634636537,388566,Thigh,sit,-0.642208,-0.406504,0.691008,1.4,-2.45,-0.21,-55
1786634636537,388597,Thigh,sit,-0.645624,-0.406504,0.688568,1.33,-2.45,-0.28,-55
1786634636537,388614,Thigh,sit,-0.6466,-0.406504,0.686616,1.4,-2.38,-0.21,-55
1786634636537,388631,Thigh,sit,-0.647576,-0.406992,0.687592,1.33,-2.52,-0.14,-55
1786634636537,388648,Thigh,sit,-0.647576,-0.40748,0.687592,1.33,-2.59,-0.14,-55
1786634636537,388665,Thigh,sit,-0.6466,-0.406504,0.689056,1.26,-2.59,-0.28,-55
1786634636897,388843,Thigh,sit,-0.64416,-0.405528,0.690032,1.33,-2.52,-0.21,-62
1786634636897,388873,Thigh,sit,-0.645136,-0.406504,0.689056,1.26,-2.38,-0.21,-62
1786634636897,388891,Thigh,sit,-0.643672,-0.406992,0.687592,1.19,-2.38,-0.14,-62
1786634636897,388907,Thigh,sit,-0.643672,-0.40748,0.68808,1.19,-2.45,-0.14,-62
1786634636897,388924,Thigh,sit,-0.64172,-0.406504,0.688568,1.33,-2.45,-0.14,-62
1786634636897,388955,Thigh,sit,-0.645624,-0.406992,0.689056,1.33,-2.45,-0.14,-62
1786634636897,388972,Thigh,sit,-0.646112,-0.406016,0.690032,1.4,-2.45,-0.21,-62
1786634636897,388989,Thigh,sit,-0.6466,-0.405528,0.689544,1.4,-2.45,-0.28,-62
1786634636897,389006,Thigh,sit,-0.647088,-0.405528,0.686616,1.4,-2.45,-0.21,-62
1786634636897,389024,Thigh,sit,-0.648064,-0.406504,0.687592,1.26,-2.45,-0.14,-62
1786634637253,389202,Thigh,sit,-0.647576,-0.405528,0.68808,1.33,-2.38,-0.49,-62
1786634637253,389232,Thigh,sit,-0.644648,-0.407968,0.688568,1.19,-2.31,-0.28,-62
1786634637253,389250,Thigh,sit,-0.640744,-0.408944,0.689056,1.12,-2.38,-0.07,-62
1786634637253,389266,Thigh,sit,-0.639768,-0.410896,0.69052,1.19,-2.52,0.07,-62
1786634637253,389283,Thigh,sit,-0.639768,-0.410896,0.691008,1.33,-2.59,0.07,-62
1786634637253,389314,Thigh,sit,-0.64172,-0.40992,0.691984,1.47,-2.59,0,-62
1786634637253,389331,Thigh,sit,-0.644648,-0.406504,0.690032,1.4,-2.52,-0.07,-62
1786634637253,389348,Thigh,sit,-0.645136,-0.40504,0.689056,1.4,-2.31,0,-62
1786634637253,389365,Thigh,sit,-0.64416,-0.403576,0.689544,1.33,-2.24,0,-62
1786634637253,389382,Thigh,sit,-0.645624,-0.404064,0.689056,1.19,-2.31,0.07,-62
1786634637633,389558,Thigh,sit,-0.645136,-0.406504,0.689056,1.26,-2.8,-0.14,-62
1786634637633,389588,Thigh,sit,-0.64172,-0.406016,0.691008,1.33,-2.8,-0.21,-62
1786634637633,389605,Thigh,sit,-0.641232,-0.406016,0.69052,1.4,-2.73,-0.21,-62
1786634637633,389622,Thigh,sit,-0.640256,-0.406504,0.69052,1.4,-2.59,-0.21,-62
1786634637633,389639,Thigh,sit,-0.64172,-0.406016,0.691984,1.33,-2.52,-0.14,-62
1786634637633,389670,Thigh,sit,-0.640744,-0.406504,0.691008,1.33,-2.31,-0.21,-62
1786634637633,389687,Thigh,sit,-0.640744,-0.407968,0.691496,1.26,-2.31,-0.14,-62
1786634637633,389704,Thigh,sit,-0.643672,-0.40748,0.690032,1.19,-2.31,-0.07,-62
1786634637633,389721,Thigh,sit,-0.64416,-0.40748,0.689544,1.26,-2.24,-0.14,-62
1786634637633,389738,Thigh,sit,-0.646112,-0.406016,0.689056,1.26,-2.31,-0.07,-62
1786634637973,389914,Thigh,sit,-0.645624,-0.404064,0.689056,1.26,-2.73,-0.14,-62
1786634637973,389947,Thigh,sit,-0.647088,-0.40504,0.691008,1.19,-2.66,-0.28,-62
1786634637973,389964,Thigh,sit,-0.646112,-0.404552,0.69052,1.05,-2.66,-0.28,-62
1786634637973,389981,Thigh,sit,-0.6466,-0.407968,0.690032,1.12,-2.59,-0.28,-62
1786634637973,389998,Thigh,sit,-0.645624,-0.406992,0.692472,1.12,-2.38,-0.28,-62
1786634637973,390015,Thigh,sit,-0.641232,-0.40748,0.689544,1.05,-2.38,-0.21,-62
1786634637973,390046,Thigh,sit,-0.639768,-0.406504,0.689544,1.05,-2.24,-0.14,-62
1786634637973,390063,Thigh,sit,-0.644648,-0.410896,0.691984,1.19,-2.31,-0.21,-62
1786634637973,390080,Thigh,sit,-0.643672,-0.411872,0.691008,1.26,-2.31,-0.21,-62
1786634637973,390097,Thigh,sit,-0.64172,-0.409432,0.68564,1.33,-2.31,-0.21,-62
1786634638351,390275,Thigh,sit,-0.6466,-0.409432,0.686616,1.4,-2.66,17.85,-57
1786634638351,390305,Thigh,sit,-0.63684,-0.40748,0.687104,1.54,-2.87,0,-57
1786634638351,390323,Thigh,sit,-0.64172,-0.40748,0.689056,1.61,-2.8,0.14,-57
1786634638351,390339,Thigh,sit,-0.650504,-0.406504,0.688568,1.54,-2.66,0.14,-57
1786634638351,390356,Thigh,sit,-0.650992,-0.40504,0.689056,1.4,-2.66,0.07,-57
1786634638351,390387,Thigh,sit,-0.638792,-0.405528,0.691496,1.47,-2.66,-0.14,-57
1786634638351,390404,Thigh,sit,-0.637816,-0.403576,0.69052,1.47,-2.52,-0.28,-57
1786634638351,390421,Thigh,sit,-0.643672,-0.406016,0.689544,1.54,-2.38,-0.28,-57
1786634638351,390437,Thigh,sit,-0.645624,-0.40504,0.689544,1.47,-2.45,-0.14,-57
1786634638351,390468,Thigh,sit,-0.646112,-0.404064,0.68564,1.33,-2.52,-0.07,-57
1786634638735,390643,Thigh,sit,-0.643672,-0.407968,0.689056,1.33,-2.45,-0.14,-57
1786634638735,390674,Thigh,sit,-0.643672,-0.40748,0.688568,1.33,-2.52,-0.14,-57
1786634638735,390691,Thigh,sit,-0.643672,-0.406992,0.68808,1.33,-2.52,-0.07,-57
1786634638735,390708,Thigh,sit,-0.645136,-0.406504,0.688568,1.33,-2.52,-0.14,-57
1786634638735,390725,Thigh,sit,-0.644648,-0.405528,0.688568,1.33,-2.52,-0.07,-57
1786634638735,390756,Thigh,sit,-0.646112,-0.405528,0.687592,1.26,-2.45,-0.14,-57
1786634638735,390773,Thigh,sit,-0.645136,-0.40748,0.68808,1.33,-2.45,-0.14,-57
1786634638735,390790,Thigh,sit,-0.647088,-0.405528,0.687592,1.33,-2.45,-0.21,-57
1786634638735,390807,Thigh,sit,-0.645624,-0.406016,0.688568,1.26,-2.52,-0.21,-57
1786634638735,390824,Thigh,sit,-0.646112,-0.406016,0.687592,1.26,-2.52,-0.14,-57
1786634639122,391003,Thigh,sit,-0.64416,-0.406504,0.688568,1.33,-2.52,-0.21,-57
1786634639122,391033,Thigh,sit,-0.64416,-0.40992,0.689544,1.26,-2.52,-0.21,-57
1786634639122,391050,Thigh,sit,-0.642696,-0.408944,0.689544,1.33,-2.52,-0.21,-57
1786634639122,391067,Thigh,sit,-0.64416,-0.406992,0.689056,1.33,-2.52,-0.28,-57
1786634639122,391083,Thigh,sit,-0.645136,-0.406504,0.689056,1.33,-2.52,-0.28,-57
1786634639122,391114,Thigh,sit,-0.64416,-0.406504,0.689544,1.19,-2.52,-0.21,-57
1786634639122,391131,Thigh,sit,-0.643184,-0.40748,0.689544,1.12,-2.45,-0.14,-57
1786634639122,391148,Thigh,sit,-0.643672,-0.40748,0.690032,1.19,-2.45,-0.07,-57
1786634639122,391165,Thigh,sit,-0.643672,-0.40748,0.689544,1.19,-2.52,-0.07,-57
1786634639122,391196,Thigh,sit,-0.64416,-0.406504,0.689056,1.33,-2.59,-0.14,-57
1786634639435,391374,Thigh,sit,-0.646112,-0.406016,0.687592,1.33,-2.38,-0.21,-57
1786634639435,391405,Thigh,sit,-0.64904,-0.40504,0.686128,1.33,-2.38,-0.21,-57
1786634639435,391422,Thigh,sit,-0.647088,-0.406504,0.687592,1.26,-2.45,-0.14,-57
1786634639435,391439,Thigh,sit,-0.646112,-0.40748,0.687592,1.26,-2.52,-0.14,-57
1786634639435,391456,Thigh,sit,-0.644648,-0.406016,0.688568,1.26,-2.52,-0.21,-57
1786634639435,391487,Thigh,sit,-0.644648,-0.40748,0.689544,1.33,-2.59,-0.14,-57
1786634639435,391504,Thigh,sit,-0.643672,-0.407968,0.689544,1.33,-2.52,-0.21,-57
1786634639435,391521,Thigh,sit,-0.64416,-0.407968,0.689056,1.33,-2.52,-0.14,-57
1786634639435,391538,Thigh,sit,-0.643184,-0.406992,0.689056,1.26,-2.59,-0.14,-57
1786634639435,391555,Thigh,sit,-0.643184,-0.406992,0.689544,1.33,-2.59,-0.14,-57
1786634639798,391732,Thigh,sit,-0.645136,-0.407968,0.691008,1.33,-2.52,-0.07,-57
1786634639798,391763,Thigh,sit,-0.643184,-0.406016,0.690032,1.4,-2.31,-0.07,-57
1786634639798,391780,Thigh,sit,-0.643184,-0.406504,0.691008,1.33,-2.38,-0.07,-57
1786634639798,391797,Thigh,sit,-0.642696,-0.404552,0.688568,1.4,-2.38,-0.07,-57
1786634639798,391815,Thigh,sit,-0.642208,-0.40504,0.688568,1.4,-2.24,0,-57
1786634639798,391846,Thigh,sit,-0.64416,-0.408944,0.689544,1.4,-2.38,-0.14,-57
1786634639798,391863,Thigh,sit,-0.646112,-0.40748,0.68808,1.47,-2.45,-0.21,-57
1786634639798,391881,Thigh,sit,-0.6466,-0.406992,0.687592,1.47,-2.52,-0.28,-57
1786634639798,391898,Thigh,sit,-0.6466,-0.403088,0.687104,1.26,-2.59,-0.35,-57
1786634639798,391915,Thigh,sit,-0.642696,-0.403088,0.687104,1.12,-2.73,-0.42,-57
1786634640155,392092,Thigh,sit,-0.64416,-0.406504,0.689056,1.33,-2.52,-0.14,-56
1786634640155,392123,Thigh,sit,-0.643184,-0.406016,0.690032,1.33,-2.52,-0.14,-56
1786634640155,392140,Thigh,sit,-0.643184,-0.404064,0.691008,1.33,-2.45,-0.14,-56
1786634640155,392157,Thigh,sit,-0.64416,-0.403576,0.689544,1.4,-2.45,-0.14,-56
1786634640155,392174,Thigh,sit,-0.6466,-0.406016,0.689544,1.4,-2.38,-0.14,-56
1786634640155,392205,Thigh,sit,-0.647088,-0.406504,0.689056,1.26,-2.38,-0.21,-56
1786634640155,392222,Thigh,sit,-0.6466,-0.406504,0.68808,1.26,-2.38,-0.14,-56
1786634640155,392239,Thigh,sit,-0.645136,-0.406504,0.68808,1.26,-2.45,-0.14,-56
1786634640155,392256,Thigh,sit,-0.646112,-0.406992,0.689056,1.26,-2.52,-0.14,-56
1786634640155,392273,Thigh,sit,-0.64416,-0.406992,0.689544,1.26,-2.52,-0.14,-56
1786634640514,392450,Thigh,sit,-0.645624,-0.406504,0.689544,1.33,-2.45,-0.14,-56
1786634640514,392481,Thigh,sit,-0.645624,-0.406504,0.689544,1.26,-2.52,-0.14,-56
1786634640514,392498,Thigh,sit,-0.644648,-0.406504,0.689544,1.26,-2.52,-0.07,-56
1786634640514,392515,Thigh,sit,-0.646112,-0.406504,0.688568,1.33,-2.45,-0.14,-56
1786634640514,392532,Thigh,sit,-0.6466,-0.406016,0.688568,1.33,-2.38,-0.14,-56
1786634640514,392563,Thigh,sit,-0.644648,-0.405528,0.68808,1.33,-2.45,-0.14,-56
1786634640514,392580,Thigh,sit,-0.64416,-0.406016,0.689056,1.26,-2.52,-0.14,-56
1786634640514,392597,Thigh,sit,-0.64416,-0.406992,0.689056,1.33,-2.59,-0.07,-56
1786634640514,392614,Thigh,sit,-0.64416,-0.406992,0.689056,1.4,-2.45,-0.14,-56
1786634640514,392631,Thigh,sit,-0.644648,-0.406992,0.689056,1.33,-2.45,-0.14,-56
1786634640873,392808,Thigh,sit,-0.64416,-0.406992,0.688568,1.19,-2.52,-0.14,-56
1786634640873,392839,Thigh,sit,-0.645624,-0.406016,0.688568,1.33,-2.52,-0.07,-56
1786634640873,392856,Thigh,sit,-0.643672,-0.40504,0.688568,1.4,-2.59,-0.07,-56
1786634640873,392873,Thigh,sit,-0.64416,-0.40504,0.689056,1.33,-2.52,-0.14,-56
1786634640873,392890,Thigh,sit,-0.645136,-0.405528,0.689544,1.26,-2.38,-0.14,-56
1786634640873,392921,Thigh,sit,-0.644648,-0.406016,0.689056,1.19,-2.45,-0.14,-56
1786634640873,392938,Thigh,sit,-0.645136,-0.406016,0.68808,1.19,-2.45,-0.14,-56
1786634640873,392955,Thigh,sit,-0.643184,-0.406016,0.689056,1.26,-2.52,-0.21,-56
1786634640873,392972,Thigh,sit,-0.645136,-0.405528,0.689544,1.33,-2.45,-0.14,-56
1786634640873,392989,Thigh,sit,-0.645624,-0.406016,0.689056,1.26,-2.45,-0.14,-56
1786634641245,393167,Thigh,sit,-0.645136,-0.406992,0.69052,1.33,-2.45,-0.14,-56
1786634641245,393198,Thigh,sit,-0.644648,-0.40504,0.68808,1.4,-2.45,-0.14,-56
1786634641245,393215,Thigh,sit,-0.645624,-0.405528,0.688568,1.4,-2.52,-0.14,-56
1786634641245,393232,Thigh,sit,-0.6466,-0.406504,0.689056,1.33,-2.52,-0.21,-56
1786634641245,393249,Thigh,sit,-0.645136,-0.405528,0.688568,1.33,-2.52,-0.14,-56
1786634641245,393280,Thigh,sit,-0.645136,-0.404552,0.689056,1.26,-2.38,-0.14,-56
1786634641245,393297,Thigh,sit,-0.646112,-0.405528,0.690032,1.33,-2.45,-0.14,-56
1786634641245,393314,Thigh,sit,-0.646112,-0.406016,0.689544,1.33,-2.45,-0.14,-56
1786634641245,393331,Thigh,sit,-0.644648,-0.40504,0.689544,1.4,-2.45,-0.14,-56
1786634641245,393348,Thigh,sit,-0.645136,-0.406016,0.690032,1.33,-2.38,-0.21,-56
1786634641591,393524,Thigh,sit,-0.646112,-0.406016,0.689544,1.33,-2.45,-0.14,-56
1786634641591,393555,Thigh,sit,-0.645624,-0.406504,0.689056,1.33,-2.52,-0.21,-56
1786634641591,393572,Thigh,sit,-0.645624,-0.406016,0.688568,1.33,-2.45,-0.35,-56
1786634641591,393589,Thigh,sit,-0.645624,-0.404064,0.686616,1.26,-2.52,-0.35,-56
1786634641591,393606,Thigh,sit,-0.644648,-0.403576,0.684176,1.12,-2.73,-0.42,-56
1786634641591,393637,Thigh,sit,-0.645136,-0.40748,0.691496,1.12,-2.59,-0.49,-56
1786634641591,393654,Thigh,sit,-0.649528,-0.408944,0.691496,1.26,-2.52,-0.28,-56
1786634641591,393671,Thigh,sit,-0.649528,-0.40748,0.69052,1.33,-2.52,-0.28,-56
1786634641591,393688,Thigh,sit,-0.64416,-0.405528,0.687592,1.19,-2.45,-0.21,-56
1786634641591,393705,Thigh,sit,-0.6466,-0.405528,0.68808,1.26,-2.38,-0.21,-56
1786634641949,393881,Thigh,sit,-0.647088,-0.406016,0.68808,1.26,-2.45,-0.21,-56
1786634641949,393912,Thigh,sit,-0.645624,-0.406504,0.689056,1.33,-2.59,-0.14,-56
1786634641949,393929,Thigh,sit,-0.644648,-0.406016,0.687592,1.33,-2.59,-0.14,-56
1786634641949,393946,Thigh,sit,-0.645136,-0.406016,0.687592,1.33,-2.59,-0.21,-56
1786634641949,393963,Thigh,sit,-0.645136,-0.406504,0.688568,1.4,-2.59,-0.21,-56
1786634641949,393994,Thigh,sit,-0.64416,-0.406504,0.689056,1.4,-2.59,-0.21,-56
1786634641949,394011,Thigh,sit,-0.643672,-0.406992,0.690032,1.33,-2.59,-0.21,-56
1786634641949,394028,Thigh,sit,-0.643184,-0.406504,0.689544,1.4,-2.52,-0.21,-56
1786634641949,394045,Thigh,sit,-0.643672,-0.404064,0.689056,1.4,-2.45,-0.14,-56
1786634641949,394062,Thigh,sit,-0.643672,-0.406504,0.691008,1.4,-2.45,-0.21,-56
1786634642308,394240,Thigh,sit,-0.645136,-0.40504,0.689056,1.47,-2.31,-0.28,-56
1786634642308,394271,Thigh,sit,-0.647088,-0.40504,0.68808,1.47,-2.38,-0.28,-56
1786634642308,394288,Thigh,sit,-0.646112,-0.404064,0.687104,1.47,-2.31,-0.21,-56
1786634642308,394305,Thigh,sit,-0.644648,-0.404552,0.68808,1.47,-2.31,-0.14,-56
1786634642308,394322,Thigh,sit,-0.646112,-0.406504,0.689544,1.33,-2.45,-0.21,-56
1786634642308,394353,Thigh,sit,-0.6466,-0.405528,0.68808,1.33,-2.45,-0.35,-56
1786634642308,394370,Thigh,sit,-0.647088,-0.404064,0.687104,1.4,-2.52,-0.35,-56
1786634642308,394387,Thigh,sit,-0.646112,-0.404552,0.687104,1.26,-2.45,-0.35,-56
1786634642308,394404,Thigh,sit,-0.6466,-0.404064,0.68808,1.19,-2.52,-0.28,-56
1786634642308,394421,Thigh,sit,-0.6466,-0.40504,0.68808,1.12,-2.45,-0.21,-56
1786634642666,394597,Thigh,sit,-0.645136,-0.40748,0.687592,1.26,-2.52,-0.14,-57
1786634642666,394628,Thigh,sit,-0.64416,-0.406504,0.689544,1.26,-2.45,-0.07,-57
1786634642666,394645,Thigh,sit,-0.644648,-0.406016,0.68808,1.26,-2.38,-0.07,-57
1786634642666,394662,Thigh,sit,-0.646112,-0.406504,0.688568,1.26,-2.52,-0.14,-57
1786634642666,394679,Thigh,sit,-0.645624,-0.406016,0.68808,1.26,-2.45,-0.14,-57
1786634642666,394710,Thigh,sit,-0.646112,-0.40748,0.686616,1.26,-2.45,-0.14,-57
1786634642666,394727,Thigh,sit,-0.646112,-0.40748,0.688568,1.19,-2.45,-0.07,-57
1786634642666,394744,Thigh,sit,-0.647088,-0.40748,0.687104,1.19,-2.38,-0.07,-57
1786634642666,394761,Thigh,sit,-0.646112,-0.40748,0.687592,1.26,-2.52,-0.07,-57
1786634642666,394778,Thigh,sit,-0.644648,-0.406992,0.68808,1.19,-2.52,-0.07,-57
1786634643036,394955,Thigh,sit,-0.646112,-0.406016,0.68808,1.33,-2.45,0,-59
1786634643036,394986,Thigh,sit,-0.647088,-0.40504,0.687592,1.4,-2.52,0,-59
1786634643036,395002,Thigh,sit,-0.645136,-0.404552,0.688568,1.33,-2.45,-0.07,-59
1786634643036,395019,Thigh,sit,-0.646112,-0.404552,0.68808,1.33,-2.52,0,-59
1786634643036,395036,Thigh,sit,-0.646112,-0.40504,0.689056,1.26,-2.52,0,-59
1786634643036,395067,Thigh,sit,-0.64416,-0.40504,0.689544,1.26,-2.52,-0.07,-59
1786634643036,395084,Thigh,sit,-0.64416,-0.406016,0.688568,1.33,-2.52,-0.07,-59
1786634643036,395101,Thigh,sit,-0.643672,-0.40504,0.688568,1.4,-2.45,-0.07,-59
1786634643036,395118,Thigh,sit,-0.643672,-0.40504,0.68808,1.33,-2.45,-0.07,-59
1786634643036,395149,Thigh,sit,-0.645624,-0.40504,0.689544,1.26,-2.45,-0.28,-59
1786634643407,395323,Thigh,sit,-0.6466,-0.406016,0.692472,1.26,-2.94,-0.56,-56
1786634643407,395353,Thigh,sit,-0.64904,-0.408456,0.69296,1.4,-2.66,-0.35,-56
1786634643407,395370,Thigh,sit,-0.644648,-0.404064,0.689056,1.33,-2.31,-0.28,-56
1786634643407,395387,Thigh,sit,-0.645136,-0.406016,0.687592,1.19,-2.31,-0.28,-56
1786634643407,395404,Thigh,sit,-0.646112,-0.407968,0.688568,1.19,-2.38,-0.21,-56
1786634643407,395435,Thigh,sit,-0.64416,-0.406504,0.69052,1.26,-2.24,-0.14,-56
1786634643407,395452,Thigh,sit,-0.644648,-0.406504,0.689544,1.33,-2.24,-0.14,-56
1786634643407,395469,Thigh,sit,-0.643672,-0.406016,0.689544,1.4,-2.31,-0.21,-56
1786634643407,395486,Thigh,sit,-0.647088,-0.406016,0.68808,1.4,-2.24,-0.21,-56
1786634643407,395517,Thigh,sit,-0.647576,-0.405528,0.687104,1.33,-2.38,-0.21,-56
1786634643787,395694,Thigh,sit,-0.646112,-0.4026,0.689544,1.33,-2.52,-0.21,-56
1786634643787,395725,Thigh,sit,-0.645624,-0.406016,0.689056,1.33,-2.31,-0.14,-56
1786634643787,395742,Thigh,sit,-0.648064,-0.406504,0.686616,1.26,-2.31,-0.14,-56
1786634643787,395759,Thigh,sit,-0.645624,-0.406504,0.686616,1.19,-2.38,-0.14,-56
1786634643787,395776,Thigh,sit,-0.645624,-0.406016,0.687104,1.33,-2.59,-0.28,-56
1786634643787,395807,Thigh,sit,-0.646112,-0.405528,0.687104,1.33,-2.66,-0.21,-56
1786634643787,395824,Thigh,sit,-0.643184,-0.40504,0.689056,1.33,-2.66,-0.21,-56
1786634643787,395841,Thigh,sit,-0.645624,-0.404064,0.687592,1.26,-2.59,-0.28,-56
1786634643787,395858,Thigh,sit,-0.645136,-0.40504,0.688568,1.26,-2.59,-0.28,-56
1786634643787,395875,Thigh,sit,-0.644648,-0.405528,0.68808,1.12,-2.59,-0.28,-56
1786634644139,396051,Thigh,sit,-0.645624,-0.406992,0.68808,1.19,-2.59,-0.14,-56
1786634644139,396082,Thigh,sit,-0.644648,-0.406504,0.688568,1.19,-2.59,-0.07,-56
1786634644139,396099,Thigh,sit,-0.64416,-0.40504,0.689056,1.26,-2.52,-0.14,-56
1786634644139,396116,Thigh,sit,-0.643672,-0.408456,0.690032,1.26,-2.52,-0.14,-56
1786634644139,396133,Thigh,sit,-0.643672,-0.407968,0.690032,1.19,-2.38,-0.14,-56
1786634644139,396164,Thigh,sit,-0.640256,-0.404552,0.686128,1.19,-2.59,-0.14,-56
1786634644139,396181,Thigh,sit,-0.64416,-0.406504,0.688568,1.33,-2.52,-0.21,-56
1786634644139,396198,Thigh,sit,-0.645136,-0.406504,0.690032,1.33,-2.52,-0.21,-56
1786634644139,396215,Thigh,sit,-0.645624,-0.405528,0.69052,1.33,-2.52,-0.21,-56
1786634644139,396232,Thigh,sit,-0.645136,-0.404064,0.68808,1.33,-2.38,-0.07,-56
1786634644527,396409,Thigh,sit,-0.640256,-0.408456,0.689544,1.47,-2.66,-0.21,-52
1786634644527,396440,Thigh,sit,-0.640256,-0.407968,0.691008,1.47,-2.59,-0.21,-52
1786634644527,396457,Thigh,sit,-0.643184,-0.40748,0.690032,1.47,-2.45,-0.14,-52
1786634644527,396474,Thigh,sit,-0.645136,-0.406992,0.689544,1.4,-2.38,-0.14,-52
1786634644527,396491,Thigh,sit,-0.645624,-0.40504,0.687104,1.4,-2.38,-0.14,-52
1786634644527,396522,Thigh,sit,-0.645136,-0.404064,0.689056,1.26,-2.38,-0.14,-52
1786634644527,396539,Thigh,sit,-0.647088,-0.405528,0.689056,1.33,-2.38,-0.07,-52
1786634644527,396556,Thigh,sit,-0.648552,-0.405528,0.68808,1.33,-2.31,-0.14,-52
1786634644527,396573,Thigh,sit,-0.648552,-0.404064,0.687592,1.33,-2.45,-0.07,-52
1786634644527,396590,Thigh,sit,-0.647576,-0.404064,0.688568,1.26,-2.45,-0.14,-52
1786634644913,396768,Thigh,sit,-0.645624,-0.406016,0.687592,1.33,-2.24,-0.21,-52
1786634644913,396799,Thigh,sit,-0.642208,-0.40504,0.686128,1.19,-2.38,-0.28,-52
1786634644913,396816,Thigh,sit,-0.643184,-0.406992,0.687592,1.19,-2.45,-0.35,-52
1786634644913,396833,Thigh,sit,-0.643184,-0.407968,0.68808,1.26,-2.52,-0.21,-52
1786634644913,396850,Thigh,sit,-0.647088,-0.407968,0.68808,1.33,-2.59,-0.07,-52
1786634644913,396881,Thigh,sit,-0.645136,-0.406016,0.686616,1.33,-2.59,-0.14,-52
1786634644913,396898,Thigh,sit,-0.645624,-0.40504,0.688568,1.26,-2.59,-0.14,-52
1786634644913,396915,Thigh,sit,-0.645136,-0.405528,0.68808,1.26,-2.59,-0.14,-52
1786634644913,396932,Thigh,sit,-0.644648,-0.404552,0.687592,1.26,-2.59,-0.14,-52
1786634644913,396949,Thigh,sit,-0.645136,-0.404552,0.688568,1.19,-2.59,-0.14,-52
1786634645205,397126,Thigh,sit,-0.646112,-0.404064,0.687592,1.12,-2.24,-0.28,-52
1786634645205,397157,Thigh,sit,-0.646112,-0.408456,0.687592,1.19,-2.38,-0.21,-52
1786634645205,397174,Thigh,sit,-0.6466,-0.408944,0.686616,1.26,-2.52,-0.21,-52
1786634645205,397191,Thigh,sit,-0.64416,-0.408944,0.687104,1.19,-2.52,-0.21,-52
1786634645205,397209,Thigh,sit,-0.643672,-0.407968,0.68808,1.26,-2.59,-0.21,-52
1786634645205,397240,Thigh,sit,-0.644648,-0.408456,0.689056,1.26,-2.59,-0.21,-52
1786634645205,397257,Thigh,sit,-0.644648,-0.406992,0.688568,1.33,-2.59,-0.28,-52
1786634645205,397274,Thigh,sit,-0.645624,-0.406016,0.686616,1.26,-2.59,-0.28,-52
1786634645205,397291,Thigh,sit,-0.644648,-0.40504,0.687592,1.33,-2.66,-0.28,-52
1786634645205,397308,Thigh,sit,-0.644648,-0.406016,0.686128,1.33,-2.66,-0.21,-52
1786634645563,397485,Thigh,sit,-0.642208,-0.406016,0.69052,1.33,-2.52,-0.21,-53
1786634645563,397516,Thigh,sit,-0.642208,-0.40504,0.68808,1.4,-2.45,-0.14,-53
1786634645563,397533,Thigh,sit,-0.642208,-0.404064,0.688568,1.33,-2.31,-0.14,-53
1786634645563,397550,Thigh,sit,-0.644648,-0.405528,0.69052,1.19,-2.24,-0.07,-53
1786634645563,397567,Thigh,sit,-0.643184,-0.406016,0.688568,1.12,-2.1,-0.14,-53
1786634645563,397598,Thigh,sit,-0.643184,-0.40748,0.688568,1.12,-2.17,-0.07,-53
1786634645563,397615,Thigh,sit,-0.642208,-0.406504,0.689544,1.19,-2.31,-0.07,-53
1786634645563,397632,Thigh,sit,-0.645624,-0.406992,0.688568,1.26,-2.24,0.07,-53
1786634645563,397649,Thigh,sit,-0.64416,-0.406016,0.68808,1.19,-2.24,0.07,-53
1786634645563,397666,Thigh,sit,-0.644648,-0.406992,0.687592,1.26,-2.24,0,-53
1786634645943,397843,Thigh,sit,-0.648064,-0.406992,0.686616,1.26,-2.59,-0.21,-53
1786634645943,397874,Thigh,sit,-0.645136,-0.406992,0.684664,1.33,-2.8,-0.14,-53
1786634645943,397891,Thigh,sit,-0.646112,-0.406016,0.68808,1.26,-2.8,-0.21,-53
1786634645943,397908,Thigh,sit,-0.64416,-0.40748,0.688568,1.4,-2.8,-0.21,-53
1786634645943,397926,Thigh,sit,-0.644648,-0.40748,0.68808,1.47,-2.73,-0.21,-53
1786634645943,397964,Thigh,sit,-0.643672,-0.406016,0.689056,1.4,-2.73,-0.14,-53
1786634645943,397995,Thigh,sit,-0.643184,-0.405528,0.689056,1.33,-2.73,-0.28,-53
1786634645943,398012,Thigh,sit,-0.642696,-0.405528,0.686616,1.33,-2.66,-0.28,-53
1786634645943,398029,Thigh,sit,-0.64172,-0.404064,0.68808,1.33,-2.66,-0.21,-53
1786634645943,398046,Thigh,sit,-0.642208,-0.40504,0.688568,1.26,-2.66,-0.14,-53
1786634646300,398221,Thigh,sit,-0.640744,-0.406992,0.688568,1.26,-2.45,-0.07,-52
1786634646300,398252,Thigh,sit,-0.64416,-0.406992,0.690032,1.33,-2.31,-0.14,-52
1786634646300,398269,Thigh,sit,-0.643184,-0.406016,0.690032,1.26,-2.31,-0.28,-52
1786634646300,398286,Thigh,sit,-0.643672,-0.403576,0.68808,1.26,-2.1,-0.14,-52
1786634646300,398304,Thigh,sit,-0.64416,-0.405528,0.686128,1.12,-2.24,-0.07,-52
1786634646300,398335,Thigh,sit,-0.645624,-0.40748,0.687592,1.05,-2.17,0,-52
1786634646300,398352,Thigh,sit,-0.646112,-0.40748,0.687104,1.05,-2.17,-0.07,-52
1786634646300,398369,Thigh,sit,-0.64416,-0.408456,0.686128,1.19,-2.31,0,-52
1786634646300,398386,Thigh,sit,-0.64416,-0.406992,0.686616,1.26,-2.38,-0.07,-52
1786634646300,398403,Thigh,sit,-0.645624,-0.40748,0.68808,1.26,-2.45,0,-52
1786634646657,398578,Thigh,sit,-0.6466,-0.406504,0.68808,1.19,-2.24,-0.07,-52
1786634646657,398609,Thigh,sit,-0.64416,-0.405528,0.687592,1.19,-2.31,0,-52
1786634646657,398626,Thigh,sit,-0.646112,-0.406504,0.688568,1.19,-2.24,0,-52
1786634646657,398643,Thigh,sit,-0.644648,-0.40748,0.689056,1.19,-2.45,0.07,-52
1786634646657,398660,Thigh,sit,-0.64416,-0.406504,0.686616,1.26,-2.31,0,-52
1786634646657,398691,Thigh,sit,-0.6466,-0.405528,0.687592,1.26,-2.38,-0.21,-52
1786634646657,398708,Thigh,sit,-0.647088,-0.404552,0.686616,1.33,-2.38,-0.21,-52
1786634646657,398725,Thigh,sit,-0.647576,-0.40504,0.686128,1.26,-2.38,-0.21,-52
1786634646657,398742,Thigh,sit,-0.647576,-0.404552,0.684176,1.33,-2.45,-0.21,-52
1786634646657,398759,Thigh,sit,-0.646112,-0.406016,0.687104,1.26,-2.52,-0.21,-52
1786634647017,398934,Thigh,sit,-0.643672,-0.403576,0.691496,1.33,-2.38,-0.21,-52
1786634647017,398965,Thigh,sit,-0.643184,-0.40748,0.687104,1.26,-2.31,0.07,-52
1786634647017,398982,Thigh,sit,-0.644648,-0.409432,0.689056,1.05,-2.17,0,-52
1786634647017,398999,Thigh,sit,-0.645624,-0.408944,0.68808,0.98,-2.24,-0.07,-52
1786634647017,399016,Thigh,sit,-0.646112,-0.408456,0.685152,1.12,-2.31,-0.14,-52
1786634647017,399047,Thigh,sit,-0.645136,-0.404064,0.689056,1.26,-2.31,-0.28,-52
1786634647017,399064,Thigh,sit,-0.645624,-0.403576,0.689056,1.19,-2.31,-0.28,-52
1786634647017,399081,Thigh,sit,-0.647088,-0.404064,0.686616,1.19,-2.31,-0.21,-52
1786634647017,399098,Thigh,sit,-0.644648,-0.405528,0.68564,1.26,-2.31,-0.21,-52
1786634647017,399115,Thigh,sit,-0.644648,-0.406504,0.687592,1.33,-2.52,-0.14,-52
1786634647376,399293,Thigh,sit,-0.642696,-0.405528,0.691008,1.26,-2.24,-0.21,-52
1786634647376,399325,Thigh,sit,-0.642696,-0.410896,0.687592,1.33,-2.24,-0.14,-52
1786634647376,399342,Thigh,sit,-0.642696,-0.410896,0.687592,1.33,-2.38,-0.21,-52
1786634647376,399359,Thigh,sit,-0.64416,-0.410408,0.686616,1.26,-2.45,-0.14,-52
1786634647376,399376,Thigh,sit,-0.645136,-0.40992,0.686128,1.33,-2.45,-0.21,-52
1786634647376,399407,Thigh,sit,-0.646112,-0.404064,0.686128,1.47,-2.73,0,-52
1786634647376,399424,Thigh,sit,-0.645624,-0.403576,0.687592,1.47,-2.66,0,-52
1786634647376,399441,Thigh,sit,-0.647576,-0.404064,0.690032,1.33,-2.52,-0.07,-52
1786634647376,399458,Thigh,sit,-0.647576,-0.402112,0.691496,1.19,-2.24,-0.28,-52
1786634647376,399475,Thigh,sit,-0.646112,-0.401624,0.68808,1.12,-2.03,-0.28,-52
1786634647732,399650,Thigh,sit,-0.6466,-0.406992,0.689056,1.33,-2.1,-0.42,-57
1786634647732,399681,Thigh,sit,-0.6466,-0.40504,0.686128,1.26,-2.38,-0.07,-57
1786634647732,399698,Thigh,sit,-0.648064,-0.406504,0.684664,1.4,-2.45,0,-57
1786634647732,399715,Thigh,sit,-0.653432,-0.410408,0.686616,1.47,-2.52,0.07,-57
1786634647732,399732,Thigh,sit,-0.64904,-0.40748,0.682712,1.4,-2.73,0.14,-57
1786634647732,399763,Thigh,sit,-0.648552,-0.405528,0.68564,1.19,-2.59,-0.21,-57
1786634647732,399780,Thigh,sit,-0.647088,-0.407968,0.687592,0.98,-2.59,-0.21,-57
1786634647732,399797,Thigh,sit,-0.643184,-0.408456,0.68808,1.05,-2.59,-0.07,-57
1786634647732,399814,Thigh,sit,-0.641232,-0.407968,0.689544,1.12,-2.66,-0.07,-57
1786634647732,399831,Thigh,sit,-0.637816,-0.40748,0.689544,1.33,-2.73,-0.14,-57
1786634648091,400006,Thigh,sit,-0.64416,-0.408944,0.687592,1.26,-2.52,-0.07,-57
1786634648091,400037,Thigh,sit,-0.642696,-0.40748,0.688568,1.26,-2.45,-0.21,-57
1786634648091,400054,Thigh,sit,-0.642208,-0.408944,0.68808,1.33,-2.66,-0.21,-57
1786634648091,400071,Thigh,sit,-0.641232,-0.406504,0.687592,1.47,-2.73,-0.14,-57
1786634648091,400088,Thigh,sit,-0.643184,-0.405528,0.689056,1.54,-2.73,-0.14,-57
1786634648091,400119,Thigh,sit,-0.647576,-0.401624,0.688568,1.4,-2.31,-0.21,-57
1786634648091,400136,Thigh,sit,-0.64904,-0.403576,0.687592,1.19,-2.17,-0.21,-57
1786634648091,400153,Thigh,sit,-0.650992,-0.403576,0.684176,1.05,-2.24,-0.21,-57
1786634648091,400170,Thigh,sit,-0.647576,-0.40504,0.684176,1.05,-2.52,-0.07,-57
1786634648091,400187,Thigh,sit,-0.645624,-0.407968,0.685152,1.26,-2.73,0,-57
1786634648451,400364,Thigh,sit,-0.6466,-0.404064,0.685152,1.19,-2.45,-0.14,-57
1786634648451,400395,Thigh,sit,-0.6466,-0.406016,0.687104,1.19,-2.52,-0.07,-57
1786634648451,400412,Thigh,sit,-0.647088,-0.407968,0.687592,1.19,-2.52,-0.07,-57
1786634648451,400429,Thigh,sit,-0.645136,-0.408456,0.687104,1.12,-2.66,-0.14,-57
1786634648451,400446,Thigh,sit,-0.643672,-0.407968,0.68808,1.19,-2.52,-0.21,-57
1786634648451,400477,Thigh,sit,-0.644648,-0.407968,0.68564,1.47,-2.45,-0.28,-57
1786634648451,400494,Thigh,sit,-0.645624,-0.404064,0.687104,1.47,-2.66,-0.28,-57
1786634648451,400511,Thigh,sit,-0.643672,-0.404064,0.686616,1.47,-2.66,-0.21,-57
1786634648451,400528,Thigh,sit,-0.648064,-0.40504,0.687104,1.33,-2.45,-0.21,-57
1786634648451,400545,Thigh,sit,-0.648064,-0.406504,0.686128,1.26,-2.38,-0.28,-57
1786634650952,400722,Thigh,sit,-0.646112,-0.407968,0.687104,1.54,-2.73,-0.14,-54
1786634650952,400753,Thigh,sit,-0.6466,-0.401136,0.686128,1.47,-2.66,-0.14,-54
1786634650952,400770,Thigh,sit,-0.648552,-0.400648,0.68808,1.26,-2.17,-0.28,-54
1786634650952,400787,Thigh,sit,-0.647576,-0.403576,0.687592,1.19,-2.17,-0.28,-54
1786634650952,400804,Thigh,sit,-0.645624,-0.405528,0.6832,1.12,-2.31,-0.21,-54
1786634650952,400835,Thigh,sit,-0.646112,-0.40748,0.68564,1.33,-2.52,-0.28,-54
1786634650952,400852,Thigh,sit,-0.645136,-0.406016,0.687592,1.4,-2.52,-0.28,-54
1786634650952,400870,Thigh,sit,-0.647088,-0.404552,0.687592,1.4,-2.38,-0.35,-54
1786634650952,400887,Thigh,sit,-0.64904,-0.40504,0.685152,1.26,-2.45,-0.28,-54
1786634650952,400904,Thigh,sit,-0.6466,-0.406016,0.6832,1.26,-2.59,-0.14,-54
1786634650953,401080,Thigh,sit,-0.64904,-0.40504,0.687592,1.4,-2.1,-0.21,-54
1786634650953,401111,Thigh,sit,-0.648064,-0.405528,0.683688,1.12,-2.1,-0.07,-54
1786634650953,401128,Thigh,sit,-0.648552,-0.408456,0.6832,1.12,-2.17,0,-54
1786634650953,401145,Thigh,sit,-0.648064,-0.409432,0.682224,1.26,-2.66,0.07,-54
1786634650953,401162,Thigh,sit,-0.647088,-0.407968,0.686128,1.4,-2.73,0.14,-54
1786634650953,401193,Thigh,sit,-0.647088,-0.406016,0.688568,1.4,-2.66,-0.07,-54
1786634650953,401210,Thigh,sit,-0.647576,-0.404064,0.687104,1.4,-2.59,-0.14,-54
1786634650953,401227,Thigh,sit,-0.6466,-0.402112,0.685152,1.4,-2.45,-0.21,-54
1786634650953,401244,Thigh,sit,-0.647088,-0.402112,0.686128,1.26,-2.52,-0.21,-54
1786634650953,401261,Thigh,sit,-0.648064,-0.403576,0.687104,1.19,-2.45,-0.35,-54
1786634650954,401436,Thigh,sit,-0.64416,-0.406016,0.689056,1.19,-2.52,-0.28,-55
1786634650954,401466,Thigh,sit,-0.645136,-0.408944,0.687592,1.26,-2.45,-0.14,-55
1786634650954,401483,Thigh,sit,-0.643184,-0.406992,0.68564,1.33,-2.59,-0.07,-55
1786634650954,401500,Thigh,sit,-0.643184,-0.409432,0.688568,1.33,-2.66,-0.07,-55
1786634650954,401517,Thigh,sit,-0.643184,-0.408944,0.689544,1.33,-2.52,-0.14,-55
1786634650954,401548,Thigh,sit,-0.645136,-0.408456,0.686128,1.33,-2.52,-0.28,-55
1786634650954,401565,Thigh,sit,-0.647576,-0.407968,0.686616,1.47,-2.66,-0.28,-55
1786634650954,401582,Thigh,sit,-0.648552,-0.404552,0.686128,1.47,-2.8,-0.28,-55
1786634650954,401599,Thigh,sit,-0.650016,-0.403576,0.68564,1.26,-2.66,-0.14,-55
1786634650954,401616,Thigh,sit,-0.64904,-0.404552,0.686616,1.19,-2.73,-0.28,-55
1786634651092,401794,Thigh,sit,-0.645136,-0.406016,0.686616,1.4,-2.66,-0.14,-55
1786634651092,401824,Thigh,sit,-0.643184,-0.404552,0.688568,1.4,-2.59,-0.21,-55
1786634651092,401841,Thigh,sit,-0.645136,-0.405528,0.688568,1.26,-2.45,-0.21,-55
1786634651092,401858,Thigh,sit,-0.647088,-0.405528,0.687592,1.26,-2.38,-0.28,-55
1786634651092,401875,Thigh,sit,-0.645624,-0.406504,0.687104,1.19,-2.45,-0.28,-55
1786634651092,401906,Thigh,sit,-0.647576,-0.40748,0.68808,1.26,-2.52,-0.21,-55
1786634651092,401923,Thigh,sit,-0.646112,-0.406504,0.686616,1.26,-2.52,-0.21,-55
1786634651092,401940,Thigh,sit,-0.644648,-0.405528,0.687592,1.26,-2.59,-0.28,-55
1786634651092,401957,Thigh,sit,-0.647088,-0.406992,0.687104,1.33,-2.52,-0.35,-55
1786634651092,401974,Thigh,sit,-0.6466,-0.40748,0.68564,1.4,-2.87,-0.21,-55
1786634651474,403335,Thigh,sit,-0.64904,-0.406016,0.685152,1.26,-2.31,0,-57
1786634651474,403366,Thigh,sit,-0.647088,-0.406504,0.68564,1.26,-2.66,-0.07,-57
1786634651474,403383,Thigh,sit,-0.645624,-0.406504,0.687592,1.33,-2.59,-0.07,-57
1786634651474,403400,Thigh,sit,-0.645136,-0.406504,0.688568,1.4,-2.52,-0.07,-57
1786634651474,403417,Thigh,sit,-0.6466,-0.406504,0.687104,1.33,-2.59,-0.14,-57
1786634651474,403448,Thigh,sit,-0.646112,-0.406504,0.687592,1.26,-2.59,-0.21,-57
1786634651474,403465,Thigh,sit,-0.645624,-0.406016,0.689056,1.26,-2.59,-0.28,-57
1786634651474,403482,Thigh,sit,-0.645136,-0.407968,0.688568,1.19,-2.59,-0.28,-57
1786634651474,403499,Thigh,sit,-0.645136,-0.406992,0.687592,1.26,-2.52,-0.28,-57
1786634651474,403516,Thigh,sit,-0.6466,-0.406992,0.686128,1.4,-2.66,-0.07,-57
1786634651873,403692,Thigh,sit,-0.643184,-0.405528,0.689056,1.26,-2.31,-0.28,-57
1786634651873,403723,Thigh,sit,-0.646112,-0.40748,0.687104,1.33,-2.38,-0.21,-57
1786634651873,403740,Thigh,sit,-0.647088,-0.406016,0.687592,1.33,-2.52,-0.35,-57
1786634651873,403757,Thigh,sit,-0.648064,-0.404552,0.686128,1.4,-2.52,-0.35,-57
1786634651873,403774,Thigh,sit,-0.647576,-0.404064,0.687592,1.26,-2.45,-0.42,-57
1786634651873,403805,Thigh,sit,-0.648064,-0.404552,0.68564,1.19,-2.45,-0.21,-57
1786634651873,403822,Thigh,sit,-0.646112,-0.403576,0.68564,1.12,-2.52,-0.07,-57
1786634651873,403839,Thigh,sit,-0.643184,-0.406016,0.687592,1.19,-2.59,0,-57
1786634651873,403856,Thigh,sit,-0.643672,-0.408944,0.689056,1.19,-2.59,-0.07,-57
1786634651873,403873,Thigh,sit,-0.642696,-0.409432,0.688568,1.19,-2.66,-0.21,-57
1786634652142,404050,Thigh,sit,-0.645136,-0.405528,0.687104,1.12,-2.1,-0.07,-56
1786634652142,404081,Thigh,sit,-0.646112,-0.40748,0.687104,1.33,-2.45,-0.07,-56
1786634652142,404098,Thigh,sit,-0.646112,-0.405528,0.68808,1.47,-2.45,-0.07,-56
1786634652142,404115,Thigh,sit,-0.6466,-0.406504,0.686616,1.4,-2.31,-0.14,-56
1786634652142,404132,Thigh,sit,-0.648064,-0.404552,0.687104,1.26,-2.17,-0.21,-56
1786634652142,404163,Thigh,sit,-0.647576,-0.404552,0.686616,1.12,-2.1,-0.21,-56
1786634652142,404180,Thigh,sit,-0.647576,-0.40504,0.685152,1.19,-2.38,-0.07,-56
1786634652142,404197,Thigh,sit,-0.648552,-0.406992,0.684664,1.26,-2.73,-0.07,-56
1786634652142,404214,Thigh,sit,-0.650992,-0.410408,0.686616,1.26,-3.08,-0.28,-56
1786634652142,404231,Thigh,sit,-0.641232,-0.403576,0.68564,1.05,-2.94,-0.07,-56
1786634652554,404457,Thigh,sit,-0.643184,-0.4026,0.689056,1.47,-2.17,0,-56
1786634652554,404488,Thigh,sit,-0.647088,-0.403088,0.686616,1.26,-1.96,0.14,-56
1786634652554,404505,Thigh,sit,-0.650504,-0.403576,0.688568,1.26,-1.89,0.07,-56
1786634652554,404523,Thigh,sit,-0.65148,-0.403576,0.686616,1.12,-1.82,-0.07,-56
1786634652554,404541,Thigh,sit,-0.648064,-0.404064,0.684176,0.98,-2.03,0,-56
1786634652554,404558,Thigh,sit,-0.648552,-0.404064,0.686128,1.12,-2.03,0,-56
1786634652554,404589,Thigh,sit,-0.650992,-0.406504,0.68564,1.19,-2.1,-0.28,-56
1786634652554,404606,Thigh,sit,-0.650016,-0.406016,0.684176,1.26,-2.31,-0.42,-56
1786634652554,404623,Thigh,sit,-0.650016,-0.408456,0.682712,1.26,-2.45,-0.42,-56
1786634652554,404640,Thigh,sit,-0.650504,-0.408944,0.683688,1.12,-2.59,-0.42,-56
1786634652912,404816,Thigh,sit,-0.639768,-0.409432,0.689544,1.12,-2.24,0.07,-56
1786634652912,404847,Thigh,sit,-0.642696,-0.404064,0.688568,1.33,-2.24,0.07,-56
1786634652912,404864,Thigh,sit,-0.648064,-0.402112,0.688568,1.4,-2.17,0,-56
1786634652912,404881,Thigh,sit,-0.65148,-0.400648,0.687104,1.47,-2.17,-0.07,-56
1786634652912,404898,Thigh,sit,-0.65392,-0.399184,0.683688,1.4,-2.17,-0.14,-56
1786634652912,404929,Thigh,sit,-0.655384,-0.400648,0.68564,1.26,-2.1,-0.28,-56
1786634652912,404946,Thigh,sit,-0.654896,-0.402112,0.684176,1.19,-2.17,-0.28,-56
1786634652912,404963,Thigh,sit,-0.652944,-0.404064,0.684176,1.19,-2.31,-0.35,-56
1786634652912,404980,Thigh,sit,-0.64904,-0.40504,0.684176,1.19,-2.38,-0.35,-56
1786634652912,404997,Thigh,sit,-0.647576,-0.407968,0.686128,1.19,-2.45,-0.49,-56
1786634653273,405173,Thigh,sit,-0.646112,-0.401136,0.680272,1.47,-2.52,-0.14,-56
1786634653273,405203,Thigh,sit,-0.647576,-0.40504,0.690032,1.47,-3.36,0,-56
1786634653273,405220,Thigh,sit,-0.648552,-0.404064,0.69052,1.47,-2.73,-0.07,-56
1786634653273,405237,Thigh,sit,-0.645136,-0.401624,0.689544,1.33,-2.52,-0.42,-56
1786634653273,405254,Thigh,sit,-0.645624,-0.398696,0.69052,1.19,-2.38,-0.49,-56
1786634653273,405285,Thigh,sit,-0.650992,-0.397232,0.687592,1.26,-2.17,-0.42,-56
1786634653273,405302,Thigh,sit,-0.647088,-0.39528,0.684664,1.19,-2.31,-0.28,-56
1786634653273,405319,Thigh,sit,-0.652456,-0.398696,0.687104,1.05,-1.96,-0.35,-56
1786634653273,405336,Thigh,sit,-0.654896,-0.406504,0.688568,0.56,-1.96,-0.56,-56
1786634653273,405354,Thigh,sit,-0.650016,-0.41236,0.682712,0.28,-1.96,-0.63,-56
1786634653632,405532,Thigh,sit,-0.647088,-0.409432,0.687592,1.89,-2.52,0,-56
1786634653632,405563,Thigh,sit,-0.65636,-0.40016,0.683688,1.89,-2.73,-0.14,-56
1786634653632,405580,Thigh,sit,-0.659288,-0.4026,0.682224,1.68,-3.08,-0.28,-56
1786634653632,405597,Thigh,sit,-0.659776,-0.400648,0.680272,1.47,-3.22,-0.35,-56
1786634653632,405614,Thigh,sit,-0.6588,-0.398696,0.681736,1.47,-3.29,-0.49,-56
1786634653632,405645,Thigh,sit,-0.65636,-0.38552,0.691496,1.4,-3.08,-0.7,-56
1786634653632,405662,Thigh,sit,-0.654408,-0.38796,0.694424,1.05,-2.8,-0.91,-56
1786634653632,405679,Thigh,sit,-0.647576,-0.402112,0.689056,0.63,-2.59,-0.91,-56
1786634653632,405696,Thigh,sit,-0.645136,-0.411384,0.686128,0.56,-2.38,-0.84,-56
1786634653632,405713,Thigh,sit,-0.642208,-0.4148,0.688568,0.56,-2.59,-0.77,-56
1786634653989,405890,Thigh,sit,-0.650016,-0.4148,0.68564,1.19,-2.31,-0.14,-56
1786634653989,405921,Thigh,sit,-0.654408,-0.408456,0.682712,1.82,-2.73,-0.28,-56
1786634653989,405938,Thigh,sit,-0.651968,-0.398208,0.688568,1.68,-2.8,-0.56,-56
1786634653989,405955,Thigh,sit,-0.65392,-0.39772,0.688568,1.4,-2.8,-0.7,-56
1786634653989,405972,Thigh,sit,-0.653432,-0.396256,0.683688,1.33,-3.15,-0.84,-56
1786634653989,406003,Thigh,sit,-0.65392,-0.396744,0.687592,0.7,-2.94,-0.28,-56
1786634653989,406020,Thigh,sit,-0.637328,-0.39528,0.679296,0.91,-3.43,0.21,-56
1786634653989,406037,Thigh,sit,-0.635376,-0.401624,0.68808,0.98,-2.52,0.56,-56
1786634653989,406054,Thigh,sit,-0.63196,-0.411384,0.699304,1.05,-2.66,0.56,-56
1786634653989,406071,Thigh,sit,-0.630496,-0.40992,0.693936,1.33,-1.75,0.42,-56
1786634654347,406247,Thigh,sit,-0.643184,-0.394304,0.68076,1.82,-3.57,-0.42,-56
1786634654347,406278,Thigh,sit,-0.64172,-0.39772,0.696864,1.89,-2.59,-0.21,-56
1786634654347,406295,Thigh,sit,-0.644648,-0.396256,0.693448,1.68,-2.38,-0.07,-56
1786634654347,406312,Thigh,sit,-0.647088,-0.396256,0.68808,1.12,-2.1,0.07,-56
1786634654347,406329,Thigh,sit,-0.648552,-0.399672,0.689544,0.63,-2.1,0.35,-56
1786634654347,406360,Thigh,sit,-0.64172,-0.409432,0.69296,0,-1.61,0.21,-56
1786634654347,406377,Thigh,sit,-0.638304,-0.413824,0.691008,0.28,-1.05,-0.07,-56
1786634654347,406394,Thigh,sit,-0.636352,-0.414312,0.684176,0.7,-1.47,-0.21,-56
1786634654347,406411,Thigh,sit,-0.639768,-0.413824,0.68076,1.26,-1.47,-0.49,-56
1786634654347,406428,Thigh,sit,-0.64416,-0.413824,0.679784,1.61,-1.68,-0.28,-56
1786634654704,406604,Thigh,sit,-0.6466,-0.389912,0.676856,1.89,-2.8,-0.56,-57
1786634654704,406634,Thigh,sit,-0.652944,-0.3904,0.687592,1.82,-3.08,-0.28,-57
1786634654704,406651,Thigh,sit,-0.659288,-0.391376,0.696376,1.4,-2.45,-0.49,-57
1786634654704,406668,Thigh,sit,-0.661728,-0.397232,0.68564,0.98,-1.61,-0.63,-57
1786634654704,406685,Thigh,sit,-0.65392,-0.397232,0.674416,0.63,-2.24,-0.28,-57
1786634654704,406716,Thigh,sit,-0.642208,-0.402112,0.689056,0.98,-2.94,-0.07,-57
1786634654704,406733,Thigh,sit,-0.639768,-0.4026,0.699304,1.12,-3.36,-0.21,-57
1786634654704,406750,Thigh,sit,-0.63684,-0.404552,0.701744,0.98,-2.03,-0.56,-57
1786634654704,406767,Thigh,sit,-0.636352,-0.409432,0.701744,0.21,-0.98,-0.84,-57
1786634654704,406784,Thigh,sit,-0.633424,-0.41968,0.69296,-0.28,0.42,-0.77,-57
1786634655063,406960,Thigh,sit,-0.655384,-0.399672,0.684176,1.47,-4.2,0.49,-57
1786634655063,406991,Thigh,sit,-0.63684,-0.386984,0.701744,1.75,-3.43,0.28,-57
1786634655063,407008,Thigh,sit,-0.633912,-0.389912,0.705648,1.19,-2.17,0.07,-57
1786634655063,407025,Thigh,sit,-0.636352,-0.3904,0.70272,0.98,-1.19,0.07,-57
1786634655063,407042,Thigh,sit,-0.642696,-0.389912,0.690032,0.98,-0.7,0.07,-57
1786634655063,407073,Thigh,sit,-0.655384,-0.403088,0.679784,1.05,-0.98,-0.14,-57
1786634655063,407090,Thigh,sit,-0.659288,-0.408456,0.680272,0.98,-0.77,-0.14,-57
1786634655063,407107,Thigh,sit,-0.661728,-0.41236,0.678808,0.77,-1.05,-0.14,-57
1786634655063,407124,Thigh,sit,-0.6588,-0.413824,0.67344,0.77,-1.47,-0.14,-57
1786634655063,407141,Thigh,sit,-0.655872,-0.415776,0.674416,1.12,-1.89,-0.21,-57
1786634655421,407317,Thigh,sit,-0.635376,-0.418216,0.68564,1.05,-2.24,-0.7,-57
1786634655421,407347,Thigh,sit,-0.640256,-0.423096,0.681736,1.82,-3.29,-0.42,-57
1786634655421,407364,Thigh,sit,-0.640256,-0.416264,0.68564,1.96,-3.43,-0.35,-57
1786634655421,407381,Thigh,sit,-0.637328,-0.411384,0.690032,1.96,-3.36,-0.28,-57
1786634655421,407398,Thigh,sit,-0.640256,-0.404552,0.691984,1.89,-2.8,-0.35,-57
1786634655421,407429,Thigh,sit,-0.6466,-0.391864,0.689056,1.61,-2.03,-0.35,-57
1786634655421,407446,Thigh,sit,-0.652456,-0.388936,0.68564,1.26,-1.89,-0.42,-57
1786634655421,407463,Thigh,sit,-0.6588,-0.393328,0.688568,0.98,-1.54,-0.63,-57
1786634655421,407480,Thigh,sit,-0.659776,-0.396256,0.685152,0.7,-1.4,-0.84,-57
1786634655421,407497,Thigh,sit,-0.658312,-0.401136,0.681736,0.56,-1.33,-0.84,-57
1786634655792,407675,Thigh,sit,-0.642696,-0.40992,0.689544,1.33,-3.15,0.07,-57
1786634655792,407704,Thigh,sit,-0.633424,-0.410896,0.689544,1.19,-2.87,0.07,-57
1786634655792,407721,Thigh,sit,-0.63196,-0.40992,0.69052,1.26,-2.73,0,-57
1786634655792,407738,Thigh,sit,-0.636352,-0.407968,0.690032,1.61,-2.66,0,-57
1786634655792,407755,Thigh,sit,-0.647576,-0.403088,0.689544,1.82,-2.38,-0.07,-57
1786634655792,407786,Thigh,sit,-0.655384,-0.402112,0.681736,1.47,-2.31,-0.07,-57
1786634655792,407803,Thigh,sit,-0.652944,-0.405528,0.67832,1.26,-2.1,0.14,-57
1786634655792,407820,Thigh,sit,-0.652944,-0.406016,0.679296,1.19,-2.38,0.28,-57
1786634655792,407837,Thigh,sit,-0.650992,-0.40748,0.6832,1.12,-2.59,0.42,-57
1786634655792,407868,Thigh,sit,-0.64172,-0.40992,0.687592,1.89,-2.73,0.77,-57
1786634656152,408044,Thigh,sit,-0.642208,-0.40748,0.682712,0.56,-1.96,0.63,-57
1786634656152,408074,Thigh,sit,-0.652944,-0.415288,0.686128,1.47,-2.66,0.35,-57
1786634656152,408091,Thigh,sit,-0.648552,-0.410408,0.686616,1.75,-2.73,0.21,-57
1786634656152,408108,Thigh,sit,-0.648064,-0.404064,0.685152,1.75,-2.45,-0.14,-57
1786634656152,408125,Thigh,sit,-0.650504,-0.401624,0.680272,1.4,-2.31,-0.21,-57
1786634656152,408156,Thigh,sit,-0.655872,-0.40504,0.681736,1.19,-2.38,0.21,-57
1786634656152,408173,Thigh,sit,-0.6588,-0.406504,0.686128,1.05,-2.45,0,-57
1786634656152,408190,Thigh,sit,-0.6588,-0.40748,0.684664,0.91,-2.52,-0.35,-57
1786634656152,408207,Thigh,sit,-0.650016,-0.40748,0.681248,0.98,-2.38,-0.42,-57
1786634656152,408224,Thigh,sit,-0.650992,-0.406016,0.682224,1.19,-2.38,-0.56,-57
1786634656783,408400,Thigh,sit,-0.650016,-0.407968,0.688568,1.96,-3.71,-0.42,-57
1786634656783,408431,Thigh,sit,-0.642696,-0.398696,0.686616,1.89,-3.29,-0.21,-57
1786634656783,408449,Thigh,sit,-0.639768,-0.398208,0.689544,1.68,-3.5,0,-57
1786634656783,408465,Thigh,sit,-0.640744,-0.400648,0.692472,1.54,-2.8,0.21,-57
1786634656783,408482,Thigh,sit,-0.647576,-0.401136,0.696864,1.47,-2.31,-0.21,-57
1786634656783,408513,Thigh,sit,-0.640256,-0.405528,0.683688,1.12,-1.82,-0.14,-57
1786634656783,408530,Thigh,sit,-0.6466,-0.406504,0.68808,1.12,-1.82,-0.28,-57
1786634656783,408547,Thigh,sit,-0.650992,-0.409432,0.688568,0.98,-2.03,-0.35,-57
1786634656783,408564,Thigh,sit,-0.652456,-0.414312,0.684176,0.77,-1.68,-0.49,-57
1786634656783,408581,Thigh,sit,-0.64904,-0.4148,0.68076,0.84,-1.75,-0.56,-57
1786634656889,408757,Thigh,sit,-0.638792,-0.39772,0.690032,1.12,-2.17,-0.21,-57
1786634656889,408787,Thigh,sit,-0.643672,-0.406504,0.693936,0.56,-1.47,-0.42,-57
1786634656889,408804,Thigh,sit,-0.640744,-0.40748,0.689544,0.7,-1.26,-0.35,-57
1786634656889,408821,Thigh,sit,-0.635376,-0.406016,0.6832,0.84,-1.19,-0.21,-57
1786634656889,408838,Thigh,sit,-0.639768,-0.406504,0.687104,0.84,-1.26,0,-57
1786634656889,408869,Thigh,sit,-0.648064,-0.410896,0.68564,0.98,-1.4,0.07,-57
1786634656889,408886,Thigh,sit,-0.648064,-0.410896,0.684664,1.05,-1.4,0,-57
1786634656889,408904,Thigh,sit,-0.648064,-0.41236,0.687104,0.91,-1.26,-0.14,-57
1786634656889,408921,Thigh,sit,-0.6466,-0.410896,0.686616,0.7,-1.12,-0.28,-57
1786634656889,408938,Thigh,sit,-0.645136,-0.407968,0.6832,0.84,-1.19,-0.21,-57
1786634657269,409112,Thigh,sit,-0.642696,-0.41968,0.682712,1.19,-2.94,-0.21,-55
1786634657269,409142,Thigh,sit,-0.638304,-0.414312,0.6832,1.61,-3.08,-0.21,-55
1786634657269,409159,Thigh,sit,-0.643184,-0.40992,0.68564,1.82,-3.15,-0.07,-55
1786634657269,409176,Thigh,sit,-0.647576,-0.406016,0.686616,1.75,-3.08,0,-55
1786634657269,409193,Thigh,sit,-0.648552,-0.403088,0.686616,1.61,-2.8,-0.14,-55
1786634657269,409224,Thigh,sit,-0.650992,-0.402112,0.684176,1.33,-2.38,-0.14,-55
1786634657269,409241,Thigh,sit,-0.654408,-0.402112,0.680272,1.33,-2.52,-0.07,-55
1786634657269,409258,Thigh,sit,-0.655384,-0.403576,0.680272,1.26,-2.73,0,-55
1786634657269,409275,Thigh,sit,-0.654896,-0.406992,0.681736,1.26,-2.87,-0.07,-55
1786634657269,409292,Thigh,sit,-0.653432,-0.406504,0.683688,1.26,-2.94,-0.07,-55
1786634657658,409469,Thigh,sit,-0.641232,-0.411384,0.684664,0.91,-3.08,0.14,-55
1786634657658,409500,Thigh,sit,-0.640256,-0.413336,0.687104,1.19,-3.15,0,-55
1786634657658,409516,Thigh,sit,-0.63928,-0.411872,0.68808,1.33,-3.01,-0.14,-55
1786634657658,409533,Thigh,sit,-0.640744,-0.409432,0.687592,1.33,-2.94,-0.14,-55
1786634657658,409550,Thigh,sit,-0.63928,-0.409432,0.686616,1.4,-2.87,-0.14,-55
1786634657658,409582,Thigh,sit,-0.647088,-0.405528,0.687592,1.47,-2.52,-0.35,-55
1786634657658,409599,Thigh,sit,-0.650504,-0.404064,0.68564,1.54,-2.59,-0.42,-55
1786634657658,409616,Thigh,sit,-0.652944,-0.400648,0.683688,1.61,-2.66,-0.42,-55
1786634657658,409633,Thigh,sit,-0.655384,-0.400648,0.684176,1.47,-2.66,-0.42,-55
1786634657658,409650,Thigh,sit,-0.657824,-0.401624,0.6832,1.26,-2.66,-0.42,-55
1786634657941,409828,Thigh,sit,-0.6466,-0.405528,0.689056,1.54,-2.52,-0.14,-56
1786634657941,409859,Thigh,sit,-0.647576,-0.404552,0.686128,1.33,-2.38,-0.28,-56
1786634657941,409876,Thigh,sit,-0.647088,-0.40504,0.684664,1.26,-2.31,-0.14,-56
1786634657941,409893,Thigh,sit,-0.6466,-0.40504,0.684664,1.12,-2.31,0.07,-56
1786634657941,409909,Thigh,sit,-0.64416,-0.406016,0.687104,1.12,-2.31,0.07,-56
1786634657941,409941,Thigh,sit,-0.643184,-0.406016,0.68808,1.12,-1.89,0.14,-56
1786634657941,409958,Thigh,sit,-0.645136,-0.40992,0.687104,1.05,-1.96,-0.07,-56
1786634657941,409975,Thigh,sit,-0.648552,-0.411384,0.68564,1.12,-1.96,-0.21,-56
1786634657941,409992,Thigh,sit,-0.648064,-0.409432,0.683688,1.4,-2.17,-0.28,-56
1786634657941,410009,Thigh,sit,-0.649528,-0.407968,0.682712,1.4,-2.31,-0.28,-56
1786634658299,410186,Thigh,sit,-0.645624,-0.408456,0.685152,1.47,-2.73,-0.07,-55
1786634658299,410217,Thigh,sit,-0.647088,-0.406992,0.686128,1.47,-2.59,-0.14,-55
1786634658299,410234,Thigh,sit,-0.6466,-0.406504,0.686128,1.4,-2.38,0,-55
1786634658299,410251,Thigh,sit,-0.648552,-0.403576,0.686128,1.4,-2.38,0,-55
1786634658299,410268,Thigh,sit,-0.652456,-0.40504,0.68564,1.33,-2.38,-0.14,-55
1786634658299,410299,Thigh,sit,-0.64904,-0.404064,0.683688,1.4,-2.45,-0.14,-55
1786634658299,410316,Thigh,sit,-0.643672,-0.403576,0.684176,1.4,-2.45,-0.07,-55
1786634658299,410333,Thigh,sit,-0.642208,-0.404552,0.687104,1.47,-2.24,-0.07,-55
1786634658299,410350,Thigh,sit,-0.642696,-0.406016,0.69296,1.26,-1.96,-0.07,-55
1786634658299,410367,Thigh,sit,-0.643672,-0.40748,0.693448,0.98,-1.68,-0.28,-55
1786634658660,410544,Thigh,sit,-0.6588,-0.408944,0.679296,1.4,-2.73,-0.49,-56
1786634658660,410576,Thigh,sit,-0.655384,-0.407968,0.677344,1.47,-3.5,-0.28,-56
1786634658660,410593,Thigh,sit,-0.65392,-0.406992,0.679296,1.4,-3.64,-0.07,-56
1786634658660,410610,Thigh,sit,-0.649528,-0.40504,0.682712,1.33,-3.57,0,-56
1786634658660,410628,Thigh,sit,-0.650016,-0.406504,0.684176,1.26,-3.57,0.14,-56
1786634658660,410645,Thigh,sit,-0.64904,-0.406992,0.685152,1.19,-3.57,-0.07,-56
1786634658660,410675,Thigh,sit,-0.648064,-0.406992,0.682712,1.4,-3.78,-0.28,-56
1786634658660,410692,Thigh,sit,-0.6466,-0.404064,0.68564,1.33,-3.78,-0.21,-56
1786634658660,410709,Thigh,sit,-0.64416,-0.405528,0.689056,1.12,-3.71,-0.14,-56
1786634658660,410726,Thigh,sit,-0.64172,-0.406504,0.690032,1.05,-3.36,-0.14,-56
1786634659015,410903,Thigh,sit,-0.648552,-0.403576,0.687592,1.26,-1.61,0,-56
1786634659015,410934,Thigh,sit,-0.650992,-0.4026,0.683688,1.19,-1.47,-0.07,-56
1786634659015,410951,Thigh,sit,-0.655384,-0.40504,0.679784,1.19,-1.54,0,-56
1786634659015,410968,Thigh,sit,-0.657824,-0.406992,0.68076,1.19,-1.82,0.07,-56
1786634659015,410984,Thigh,sit,-0.657824,-0.406504,0.679296,1.19,-2.1,0.14,-56
1786634659015,411015,Thigh,sit,-0.65392,-0.40748,0.681736,1.12,-2.45,0.21,-56
1786634659015,411032,Thigh,sit,-0.64904,-0.410408,0.6832,0.98,-2.59,0.14,-56
1786634659015,411049,Thigh,sit,-0.647576,-0.412848,0.684664,1.19,-2.73,0,-56
1786634659015,411066,Thigh,sit,-0.645624,-0.412848,0.68564,1.4,-2.87,0,-56
1786634659015,411083,Thigh,sit,-0.645136,-0.410408,0.686128,1.47,-2.87,-0.07,-56
1786634659375,411258,Thigh,sit,-0.644648,-0.409432,0.686128,1.33,-2.31,-0.21,-56
1786634659375,411290,Thigh,sit,-0.647576,-0.408456,0.684664,1.26,-2.31,-0.07,-56
1786634659375,411307,Thigh,sit,-0.649528,-0.407968,0.6832,1.19,-2.38,-0.07,-56
1786634659375,411324,Thigh,sit,-0.64904,-0.40748,0.6832,1.33,-2.38,-0.07,-56
1786634659375,411340,Thigh,sit,-0.649528,-0.406504,0.684176,1.26,-2.52,-0.07,-56
1786634659375,411371,Thigh,sit,-0.64904,-0.406504,0.685152,1.33,-2.52,-0.07,-56
1786634659375,411388,Thigh,sit,-0.650016,-0.406992,0.6832,1.33,-2.59,-0.07,-56
1786634659375,411405,Thigh,sit,-0.650504,-0.408456,0.682712,1.26,-2.66,-0.07,-56
1786634659375,411422,Thigh,sit,-0.649528,-0.407968,0.68564,1.33,-2.66,-0.14,-56
1786634659375,411439,Thigh,sit,-0.64904,-0.405528,0.686128,1.33,-2.8,-0.35,-56
1786634659735,411617,Thigh,sit,-0.6466,-0.409432,0.686616,1.26,-2.17,-0.14,-56
1786634659735,411648,Thigh,sit,-0.647576,-0.407968,0.684664,1.26,-2.31,-0.07,-56
1786634659735,411665,Thigh,sit,-0.649528,-0.406504,0.684176,1.26,-2.45,-0.14,-56
1786634659735,411682,Thigh,sit,-0.650504,-0.406992,0.6832,1.33,-2.45,-0.07,-56
1786634659735,411698,Thigh,sit,-0.650992,-0.406992,0.682712,1.33,-2.52,-0.14,-56
1786634659735,411729,Thigh,sit,-0.650504,-0.406992,0.683688,1.26,-2.66,-0.21,-56
1786634659735,411746,Thigh,sit,-0.648552,-0.407968,0.684664,1.26,-2.73,-0.14,-56
1786634659735,411763,Thigh,sit,-0.647576,-0.40748,0.685152,1.19,-2.73,-0.21,-56
1786634659735,411780,Thigh,sit,-0.645624,-0.407968,0.685152,1.26,-2.73,-0.21,-56
1786634659735,411797,Thigh,sit,-0.644648,-0.409432,0.686616,1.33,-2.66,-0.21,-56
1786634660091,411975,Thigh,sit,-0.64904,-0.410896,0.681736,1.54,-2.66,-0.42,-61
1786634660091,412006,Thigh,sit,-0.647576,-0.408456,0.684664,1.61,-2.94,-0.28,-61
1786634660091,412023,Thigh,sit,-0.64904,-0.406504,0.68564,1.47,-2.94,-0.14,-61
1786634660091,412040,Thigh,sit,-0.650016,-0.406016,0.68564,1.47,-2.94,-0.07,-61
1786634660091,412057,Thigh,sit,-0.649528,-0.406016,0.684664,1.19,-2.94,0,-61
1786634660091,412087,Thigh,sit,-0.644648,-0.408944,0.687104,1.12,-2.8,0.14,-61
1786634660091,412104,Thigh,sit,-0.64416,-0.406504,0.68564,1.19,-2.87,0.14,-61
1786634660091,412121,Thigh,sit,-0.64416,-0.40748,0.687592,1.26,-2.87,0.21,-61
1786634660091,412138,Thigh,sit,-0.644648,-0.408456,0.689056,1.33,-2.8,0.07,-61
1786634660091,412155,Thigh,sit,-0.64416,-0.406504,0.68808,1.47,-2.66,-0.07,-61
1786634660446,412330,Thigh,sit,-0.647088,-0.409432,0.68564,1.26,-2.45,-0.14,-61
1786634660446,412361,Thigh,sit,-0.6466,-0.407968,0.687104,1.26,-2.38,-0.14,-61
1786634660446,412378,Thigh,sit,-0.644648,-0.40748,0.68564,1.19,-2.31,-0.07,-61
1786634660446,412395,Thigh,sit,-0.642696,-0.40748,0.686616,1.12,-2.31,0.07,-61
1786634660446,412412,Thigh,sit,-0.640256,-0.40992,0.687104,0.98,-2.17,0.14,-61
1786634660446,412443,Thigh,sit,-0.637816,-0.408456,0.69052,1.19,-1.96,0.14,-61
1786634660446,412459,Thigh,sit,-0.642208,-0.40748,0.688568,1.26,-1.82,0.14,-61
1786634660446,412476,Thigh,sit,-0.644648,-0.406504,0.686616,1.4,-1.82,0.07,-61
1786634660446,412493,Thigh,sit,-0.650016,-0.40748,0.684664,1.4,-1.75,0,-61
1786634660446,412510,Thigh,sit,-0.653432,-0.40504,0.682224,1.4,-1.82,0,-61
1786634660807,412685,Thigh,sit,-0.645136,-0.40748,0.68808,1.47,-3.29,-0.35,-61
1786634660807,412717,Thigh,sit,-0.643672,-0.406504,0.687592,1.54,-3.22,-0.42,-61
1786634660807,412734,Thigh,sit,-0.643184,-0.405528,0.688568,1.47,-3.08,-0.35,-61
1786634660807,412751,Thigh,sit,-0.640744,-0.404552,0.69052,1.19,-2.8,-0.28,-61
1786634660807,412768,Thigh,sit,-0.640256,-0.4026,0.691496,1.19,-2.59,-0.14,-61
1786634660807,412799,Thigh,sit,-0.638792,-0.401624,0.69052,1.05,-1.89,-0.07,-61
1786634660807,412815,Thigh,sit,-0.642696,-0.404064,0.689544,1.12,-1.82,-0.14,-61
1786634660807,412832,Thigh,sit,-0.645624,-0.406992,0.687104,1.05,-1.75,-0.14,-61
1786634660807,412849,Thigh,sit,-0.648064,-0.408456,0.68564,1.05,-1.75,-0.14,-61
1786634660807,412866,Thigh,sit,-0.645624,-0.40992,0.6832,0.98,-1.75,-0.14,-61
1786634661291,413044,Thigh,sit,-0.648552,-0.40748,0.687104,1.4,-3.43,-0.21,-55
1786634661291,413075,Thigh,sit,-0.64172,-0.405528,0.686128,1.47,-3.15,-0.49,-55
1786634661291,413092,Thigh,sit,-0.64172,-0.404064,0.687104,1.54,-3.08,-0.56,-55
1786634661291,413108,Thigh,sit,-0.645136,-0.404064,0.686616,1.47,-3.01,-0.49,-55
1786634661291,413125,Thigh,sit,-0.646112,-0.40504,0.686616,1.47,-3.08,-0.35,-55
1786634661291,413156,Thigh,sit,-0.642696,-0.40504,0.688568,1.26,-2.73,-0.21,-55
1786634661291,413172,Thigh,sit,-0.642208,-0.4026,0.689544,1.12,-2.59,-0.14,-55
1786634661291,413189,Thigh,sit,-0.642208,-0.40504,0.691008,1.12,-2.24,-0.14,-55
1786634661291,413206,Thigh,sit,-0.643184,-0.403576,0.686128,1.12,-2.1,-0.07,-55
1786634661291,413237,Thigh,sit,-0.6466,-0.40504,0.687592,1.05,-2.1,-0.14,-55
1786634661549,413414,Thigh,sit,-0.648064,-0.407968,0.683688,1.26,-2.87,0,-53
1786634661549,413445,Thigh,sit,-0.643184,-0.407968,0.686616,1.4,-2.94,-0.07,-53
1786634661549,413462,Thigh,sit,-0.642696,-0.407968,0.687592,1.47,-2.94,-0.21,-53
1786634661549,413479,Thigh,sit,-0.643184,-0.406504,0.688568,1.54,-2.8,-0.21,-53
1786634661549,413496,Thigh,sit,-0.644648,-0.406016,0.68808,1.54,-2.73,-0.28,-53
1786634661549,413528,Thigh,sit,-0.648552,-0.405528,0.68564,1.33,-2.52,-0.35,-53
1786634661549,413544,Thigh,sit,-0.64904,-0.406992,0.684176,1.26,-2.52,-0.42,-53
1786634661549,413561,Thigh,sit,-0.648064,-0.40748,0.683688,1.19,-2.59,-0.35,-53
1786634661549,413579,Thigh,sit,-0.646112,-0.407968,0.684664,1.19,-2.66,-0.21,-53
1786634661549,413595,Thigh,sit,-0.646112,-0.408944,0.68564,1.26,-2.73,-0.14,-53
1786634661914,413772,Thigh,sit,-0.643184,-0.408944,0.687104,1.4,-2.03,0,-53
1786634661914,413804,Thigh,sit,-0.648552,-0.403088,0.685152,1.33,-1.89,0.07,-53
1786634661914,413821,Thigh,sit,-0.650992,-0.404064,0.6832,1.26,-2.03,0.21,-53
1786634661914,413837,Thigh,sit,-0.654896,-0.405528,0.682712,1.19,-2.17,0.14,-53
1786634661914,413855,Thigh,sit,-0.654408,-0.407968,0.683688,1.19,-2.24,0,-53
1786634661914,413886,Thigh,sit,-0.650504,-0.405528,0.682224,1.33,-2.66,-0.14,-53
1786634661914,413903,Thigh,sit,-0.649528,-0.403576,0.6832,1.33,-2.66,-0.14,-53
1786634661914,413920,Thigh,sit,-0.64904,-0.40504,0.686128,1.33,-2.66,-0.21,-53
1786634661914,413936,Thigh,sit,-0.645624,-0.406992,0.687104,1.26,-2.59,-0.21,-53
1786634661914,413953,Thigh,sit,-0.645136,-0.406016,0.68564,1.19,-2.45,-0.14,-53
1786634662285,414130,Thigh,sit,-0.647088,-0.406992,0.686616,1.4,-2.59,-0.14,-53
1786634662285,414161,Thigh,sit,-0.644648,-0.407968,0.685152,1.4,-2.59,0.07,-53
1786634662285,414178,Thigh,sit,-0.646112,-0.40748,0.685152,1.33,-2.52,0.07,-53
1786634662285,414195,Thigh,sit,-0.647576,-0.406992,0.687592,1.4,-2.59,-0.07,-53
1786634662285,414212,Thigh,sit,-0.6466,-0.40504,0.687592,1.47,-2.59,-0.07,-53
1786634662285,414243,Thigh,sit,-0.648064,-0.404064,0.68564,1.33,-2.52,-0.07,-53
1786634662285,414260,Thigh,sit,-0.650504,-0.403576,0.684664,1.19,-2.45,-0.21,-53
1786634662285,414277,Thigh,sit,-0.651968,-0.406504,0.683688,1.12,-2.45,-0.14,-53
1786634662285,414293,Thigh,sit,-0.651968,-0.40748,0.6832,1.19,-2.52,-0.21,-53
1786634662285,414310,Thigh,sit,-0.649528,-0.408456,0.6832,1.19,-2.59,-0.21,-53
1786634662672,414488,Thigh,sit,-0.640256,-0.406016,0.686616,1.33,-2.1,0.07,-53
1786634662672,414519,Thigh,sit,-0.64904,-0.40748,0.687592,1.26,-1.82,-0.21,-53
1786634662672,414537,Thigh,sit,-0.650992,-0.406504,0.68564,1.12,-1.82,-0.21,-53
1786634662672,414554,Thigh,sit,-0.648064,-0.404552,0.684176,1.05,-1.75,-0.21,-53
1786634662672,414570,Thigh,sit,-0.648064,-0.405528,0.6832,1.05,-1.75,-0.07,-53
1786634662672,414601,Thigh,sit,-0.650992,-0.406504,0.6832,1.12,-2.1,-0.14,-53
1786634662672,414618,Thigh,sit,-0.64904,-0.406992,0.681736,1.19,-2.17,0,-53
1786634662672,414635,Thigh,sit,-0.648064,-0.40748,0.682224,1.12,-2.31,0.14,-53
1786634662672,414652,Thigh,sit,-0.645624,-0.407968,0.6832,1.12,-2.24,0.14,-53
1786634662672,414668,Thigh,sit,-0.648064,-0.407968,0.686616,1.12,-2.31,0.07,-53
1786634662968,414844,Thigh,sit,-0.655384,-0.405528,0.682224,1.19,-2.1,-0.28,-64
1786634662968,414875,Thigh,sit,-0.65392,-0.400648,0.678808,1.05,-2.17,-0.07,-64
1786634662968,414892,Thigh,sit,-0.657336,-0.402112,0.682224,0.91,-2.31,0.07,-64
1786634662968,414909,Thigh,sit,-0.657336,-0.404552,0.682224,1.05,-2.45,-0.07,-64
1786634662968,414926,Thigh,sit,-0.654408,-0.406504,0.682224,1.12,-2.52,-0.14,-64
1786634662968,414957,Thigh,sit,-0.64904,-0.412848,0.67832,1.54,-3.22,-0.07,-64
1786634662968,414974,Thigh,sit,-0.649528,-0.413824,0.679296,1.75,-3.92,0.21,-64
1786634662968,414991,Thigh,sit,-0.6466,-0.413336,0.68076,2.24,-4.13,0.28,-64
1786634662968,415008,Thigh,sit,-0.647088,-0.40748,0.68808,2.1,-3.99,0.14,-64
1786634662968,415024,Thigh,sit,-0.645136,-0.406992,0.690032,1.75,-3.5,-0.14,-64
1786634663326,415200,Thigh,sit,-0.64904,-0.404064,0.684176,1.4,-2.38,0.14,-64
1786634663326,415231,Thigh,sit,-0.64904,-0.406992,0.686128,1.47,-2.45,0.07,-64
1786634663326,415248,Thigh,sit,-0.648552,-0.406504,0.685152,1.47,-2.45,0,-64
1786634663326,415265,Thigh,sit,-0.64904,-0.402112,0.686128,1.33,-2.1,-0.07,-64
1786634663326,415282,Thigh,sit,-0.654408,-0.40016,0.68808,1.05,-1.68,-0.28,-64
1786634663326,415314,Thigh,sit,-0.654896,-0.401136,0.680272,0.91,-1.75,-0.28,-64
1786634663326,415331,Thigh,sit,-0.651968,-0.40504,0.677832,0.98,-1.96,-0.21,-64
1786634663326,415348,Thigh,sit,-0.652456,-0.40748,0.68076,1.19,-2.45,-0.21,-64
1786634663326,415365,Thigh,sit,-0.654896,-0.40748,0.683688,1.47,-2.66,-0.35,-64
1786634663326,415382,Thigh,sit,-0.65392,-0.406504,0.686128,1.4,-2.66,-0.56,-64
1786634663687,415556,Thigh,sit,-0.643184,-0.405528,0.687104,1.26,-3.01,-0.35,-64
1786634663687,415587,Thigh,sit,-0.645624,-0.406016,0.689544,1.19,-3.01,-0.42,-64
1786634663687,415604,Thigh,sit,-0.6466,-0.407968,0.68808,1.12,-3.01,-0.49,-64
1786634663687,415622,Thigh,sit,-0.643672,-0.406992,0.686616,1.26,-2.87,-0.49,-64
1786634663687,415639,Thigh,sit,-0.643672,-0.405528,0.686616,1.19,-2.87,-0.49,-64
1786634663687,415670,Thigh,sit,-0.643184,-0.408456,0.68808,1.26,-2.87,-0.28,-64
1786634663687,415688,Thigh,sit,-0.640744,-0.406504,0.69052,1.26,-2.73,-0.49,-64
1786634663687,415705,Thigh,sit,-0.638304,-0.40748,0.689544,1.26,-2.66,-0.35,-64
1786634663687,415722,Thigh,sit,-0.637816,-0.40748,0.689544,1.26,-2.45,-0.35,-64
1786634663687,415739,Thigh,sit,-0.640256,-0.406992,0.69052,1.4,-2.52,-0.28,-64
1786634664045,415916,Thigh,sit,-0.648552,-0.406504,0.686128,1.26,-2.52,-0.07,-51
1786634664045,415947,Thigh,sit,-0.646112,-0.408944,0.687104,1.12,-2.52,-0.14,-51
1786634664045,415964,Thigh,sit,-0.642696,-0.408456,0.686616,1.26,-2.59,-0.14,-51
1786634664045,415982,Thigh,sit,-0.638792,-0.408456,0.69052,1.4,-2.73,-0.07,-51
1786634664045,415999,Thigh,sit,-0.64172,-0.40748,0.691496,1.54,-2.59,-0.21,-51
1786634664045,416030,Thigh,sit,-0.641232,-0.406504,0.688568,1.54,-2.45,-0.21,-51
1786634664045,416047,Thigh,sit,-0.643184,-0.40504,0.689544,1.47,-2.38,-0.14,-51
1786634664045,416064,Thigh,sit,-0.645624,-0.406016,0.688568,1.26,-2.24,-0.07,-51
1786634664045,416081,Thigh,sit,-0.645624,-0.406504,0.687104,1.12,-2.24,0.07,-51
1786634664045,416098,Thigh,sit,-0.645624,-0.408456,0.687104,1.12,-2.31,0.07,-51
1786634664402,416274,Thigh,sit,-0.647088,-0.407968,0.68564,1.47,-3.01,-0.07,-51
1786634664402,416306,Thigh,sit,-0.645624,-0.406016,0.687592,1.26,-2.8,0,-51
1786634664402,416323,Thigh,sit,-0.647576,-0.407968,0.689544,1.12,-2.87,0,-51
1786634664402,416340,Thigh,sit,-0.6466,-0.405528,0.688568,1.19,-2.8,-0.07,-51
1786634664402,416357,Thigh,sit,-0.642696,-0.403088,0.689544,1.19,-2.59,-0.07,-51
1786634664402,416388,Thigh,sit,-0.638304,-0.404552,0.693448,0.98,-2.17,-0.14,-51
1786634664402,416405,Thigh,sit,-0.637328,-0.409432,0.691984,1.12,-2.24,-0.14,-51
1786634664402,416422,Thigh,sit,-0.63684,-0.408944,0.692472,1.12,-2.1,0,-51
1786634664402,416439,Thigh,sit,-0.6344,-0.40748,0.690032,1.4,-1.82,0,-51
1786634664402,416456,Thigh,sit,-0.652456,-0.40748,0.694424,1.47,-1.61,-0.35,-51
1786634664760,416630,Thigh,sit,-0.6466,-0.407968,0.689056,1.4,-3.08,-0.21,-55
1786634664760,416661,Thigh,sit,-0.641232,-0.408456,0.691008,1.54,-2.8,-0.14,-55
1786634664760,416678,Thigh,sit,-0.639768,-0.406504,0.691008,1.4,-2.8,-0.07,-55
1786634664760,416695,Thigh,sit,-0.636352,-0.406504,0.689056,1.47,-2.66,-0.07,-55
1786634664760,416712,Thigh,sit,-0.641232,-0.406016,0.6954,1.47,-2.24,-0.14,-55
1786634664760,416743,Thigh,sit,-0.643184,-0.405528,0.689056,1.26,-2.17,-0.21,-55
1786634664760,416760,Thigh,sit,-0.643672,-0.40504,0.687104,1.26,-1.96,-0.21,-55
1786634664760,416777,Thigh,sit,-0.647576,-0.406016,0.686616,1.19,-1.96,-0.14,-55
1786634664760,416794,Thigh,sit,-0.650992,-0.406016,0.683688,1.26,-2.17,-0.21,-55
1786634664760,416811,Thigh,sit,-0.650504,-0.406504,0.682224,1.33,-2.31,-0.21,-55
1786634665122,416988,Thigh,sit,-0.639768,-0.407968,0.688568,1.12,-2.59,-0.21,-55
1786634665122,417019,Thigh,sit,-0.642696,-0.40748,0.689544,1.33,-2.52,-0.14,-55
1786634665122,417036,Thigh,sit,-0.642208,-0.408456,0.689544,1.4,-2.52,-0.07,-55
1786634665122,417053,Thigh,sit,-0.642208,-0.406016,0.688568,1.47,-2.52,-0.07,-55
1786634665122,417070,Thigh,sit,-0.645624,-0.405528,0.68808,1.33,-2.31,-0.07,-55
1786634665122,417101,Thigh,sit,-0.647576,-0.405528,0.686616,1.19,-2.38,-0.14,-55
1786634665122,417118,Thigh,sit,-0.645624,-0.40504,0.684176,1.12,-2.24,-0.07,-55
1786634665122,417135,Thigh,sit,-0.646112,-0.406016,0.687104,1.12,-2.31,-0.07,-55
1786634665122,417152,Thigh,sit,-0.6466,-0.406504,0.68808,1.19,-2.45,-0.07,-55
1786634665122,417169,Thigh,sit,-0.646112,-0.406992,0.68808,1.33,-2.45,-0.07,-55
1786634665483,417346,Thigh,sit,-0.644648,-0.405528,0.688568,1.4,-2.31,-0.21,-55
1786634665483,417377,Thigh,sit,-0.648064,-0.405528,0.686616,1.26,-2.24,-0.14,-55
1786634665483,417394,Thigh,sit,-0.64904,-0.407968,0.686616,1.19,-2.31,-0.07,-55
1786634665483,417411,Thigh,sit,-0.648552,-0.406016,0.686128,1.19,-2.45,-0.14,-55
1786634665483,417428,Thigh,sit,-0.646112,-0.406992,0.687104,1.19,-2.52,-0.14,-55
1786634665483,417459,Thigh,sit,-0.647576,-0.406504,0.686616,1.26,-2.52,-0.14,-55
1786634665483,417476,Thigh,sit,-0.645136,-0.40748,0.687592,1.33,-2.59,-0.14,-55
1786634665483,417493,Thigh,sit,-0.646112,-0.406016,0.686616,1.33,-2.66,-0.14,-55
1786634665483,417510,Thigh,sit,-0.645624,-0.405528,0.68808,1.33,-2.59,-0.07,-55
1786634665483,417527,Thigh,sit,-0.645624,-0.407968,0.687104,1.26,-2.66,-0.07,-55
1786634665838,417704,Thigh,sit,-0.648064,-0.406016,0.687592,1.05,-2.38,-0.07,-50
1786634665838,417736,Thigh,sit,-0.645624,-0.406992,0.687104,1.05,-2.45,-0.14,-50
1786634665838,417753,Thigh,sit,-0.645136,-0.406016,0.68808,1.19,-2.45,-0.07,-50
1786634665838,417770,Thigh,sit,-0.645624,-0.406504,0.690032,1.26,-2.52,-0.14,-50
1786634665838,417787,Thigh,sit,-0.645624,-0.40748,0.688568,1.26,-2.59,-0.21,-50
1786634665838,417818,Thigh,sit,-0.645624,-0.405528,0.690032,1.4,-2.52,-0.21,-50
1786634665838,417835,Thigh,sit,-0.644648,-0.40504,0.688568,1.19,-2.45,-0.28,-50
1786634665838,417852,Thigh,sit,-0.646112,-0.404552,0.68808,1.19,-2.31,-0.35,-50
1786634665838,417869,Thigh,sit,-0.647576,-0.403088,0.68808,1.12,-2.31,-0.28,-50
1786634665838,417886,Thigh,sit,-0.6466,-0.405528,0.687104,1.05,-2.38,-0.21,-50
1786634666204,418063,Thigh,sit,-0.650016,-0.405528,0.682224,0.7,-1.75,-0.28,-50
1786634666204,418095,Thigh,sit,-0.649528,-0.409432,0.682224,1.05,-2.52,-0.07,-50
1786634666204,418112,Thigh,sit,-0.65392,-0.408944,0.684664,1.4,-2.8,-0.21,-50
1786634666204,418129,Thigh,sit,-0.652944,-0.408944,0.685152,1.61,-3.01,-0.42,-50
1786634666204,418146,Thigh,sit,-0.64904,-0.40748,0.683688,1.54,-3.08,-0.42,-50
1786634666204,418177,Thigh,sit,-0.65148,-0.404064,0.686616,1.4,-3.22,-0.35,-50
1786634666204,418194,Thigh,sit,-0.650992,-0.405528,0.689056,1.26,-3.36,-0.56,-50
1786634666204,418211,Thigh,sit,-0.648552,-0.406504,0.689056,1.26,-3.43,-0.56,-50
1786634666204,418228,Thigh,sit,-0.639768,-0.405528,0.689544,1.33,-3.36,-0.49,-50
1786634666204,418245,Thigh,sit,-0.637816,-0.406016,0.69052,1.4,-3.01,-0.42,-50
1786634666555,418422,Thigh,sit,-0.641232,-0.406504,0.691496,1.12,-2.38,-0.14,-50
1786634666555,418453,Thigh,sit,-0.64416,-0.406992,0.691008,1.33,-2.24,-0.35,-50
1786634666555,418470,Thigh,sit,-0.644648,-0.405528,0.687592,1.33,-2.31,-0.35,-50
1786634666555,418487,Thigh,sit,-0.644648,-0.40748,0.687592,1.26,-2.45,-0.21,-50
1786634666555,418504,Thigh,sit,-0.644648,-0.408944,0.68808,1.26,-2.31,-0.14,-50
1786634666555,418535,Thigh,sit,-0.64416,-0.406016,0.686128,1.26,-2.59,-0.14,-50
1786634666555,418552,Thigh,sit,-0.642696,-0.405528,0.687592,1.33,-2.52,0,-50
1786634666555,418569,Thigh,sit,-0.643672,-0.406016,0.68808,1.33,-2.52,0,-50
1786634666555,418586,Thigh,sit,-0.648064,-0.40504,0.690032,1.33,-2.52,-0.07,-50
1786634666555,418603,Thigh,sit,-0.648552,-0.406504,0.686616,1.26,-2.52,-0.14,-50
1786634666913,418779,Thigh,sit,-0.648552,-0.406016,0.686128,1.19,-2.24,0.07,-50
1786634666913,418810,Thigh,sit,-0.647576,-0.405528,0.688568,1.12,-2.31,0,-50
1786634666913,418827,Thigh,sit,-0.648552,-0.407968,0.686616,1.12,-2.31,-0.07,-50
1786634666913,418844,Thigh,sit,-0.648552,-0.407968,0.686128,1.19,-2.52,-0.14,-50
1786634666913,418861,Thigh,sit,-0.6466,-0.408456,0.685152,1.26,-2.59,-0.14,-50
1786634666913,418892,Thigh,sit,-0.647576,-0.408456,0.686616,1.47,-2.8,-0.14,-50
1786634666913,418909,Thigh,sit,-0.648064,-0.406504,0.687592,1.33,-2.8,-0.14,-50
1786634666913,418926,Thigh,sit,-0.644648,-0.407968,0.687592,1.33,-2.8,-0.21,-50
1786634666913,418943,Thigh,sit,-0.643184,-0.408944,0.687592,1.4,-2.8,-0.21,-50
1786634666913,418960,Thigh,sit,-0.645136,-0.406504,0.687592,1.47,-2.73,-0.21,-50
1786634667300,419136,Thigh,sit,-0.6466,-0.403576,0.689544,1.19,-2.52,-0.07,-56
1786634667300,419168,Thigh,sit,-0.6466,-0.406016,0.690032,1.19,-2.45,-0.14,-56
1786634667300,419185,Thigh,sit,-0.643184,-0.40504,0.689056,1.12,-2.31,-0.21,-56
1786634667300,419202,Thigh,sit,-0.641232,-0.404064,0.688568,1.05,-2.24,-0.14,-56
1786634667300,419219,Thigh,sit,-0.639768,-0.406016,0.689056,1.19,-2.31,0.07,-56
1786634667300,419250,Thigh,sit,-0.643184,-0.407968,0.691984,1.33,-2.24,-0.07,-56
1786634667300,419267,Thigh,sit,-0.644648,-0.405528,0.69052,1.47,-2.31,-0.42,-56
1786634667300,419284,Thigh,sit,-0.64416,-0.403088,0.687592,1.33,-2.1,-0.21,-56
1786634667300,419301,Thigh,sit,-0.647576,-0.403088,0.686128,1.05,-1.96,-0.07,-56
1786634667300,419318,Thigh,sit,-0.64904,-0.404552,0.68564,0.98,-1.96,-0.14,-56
1786634667686,419495,Thigh,sit,-0.643672,-0.406016,0.691008,1.4,-3.01,0,-56
1786634667686,419526,Thigh,sit,-0.638304,-0.4026,0.688568,1.54,-2.66,0.14,-56
1786634667686,419543,Thigh,sit,-0.638792,-0.402112,0.693936,1.47,-2.59,0.21,-56
1786634667686,419560,Thigh,sit,-0.643184,-0.404552,0.691496,1.4,-2.38,0.14,-56
1786634667686,419577,Thigh,sit,-0.650016,-0.40504,0.691008,1.4,-2.38,-0.07,-56
1786634667686,419608,Thigh,sit,-0.65148,-0.402112,0.69052,0.91,-1.75,-0.49,-56
1786634667686,419625,Thigh,sit,-0.648552,-0.401136,0.687592,0.7,-1.68,-0.56,-56
1786634667686,419642,Thigh,sit,-0.647088,-0.4026,0.6832,0.7,-1.61,-0.35,-56
1786634667686,419659,Thigh,sit,-0.647576,-0.404064,0.683688,0.98,-2.1,-0.14,-56
1786634667686,419676,Thigh,sit,-0.648064,-0.40992,0.684176,1.12,-2.45,-0.07,-56
1786634667988,419851,Thigh,sit,-0.641232,-0.405528,0.688568,1.54,-2.8,-0.35,-56
1786634667988,419882,Thigh,sit,-0.642696,-0.402112,0.691008,1.82,-2.8,-0.28,-56
1786634667988,419899,Thigh,sit,-0.647576,-0.4026,0.690032,1.61,-2.8,-0.21,-56
1786634667988,419916,Thigh,sit,-0.646112,-0.403088,0.687592,1.47,-2.87,0,-56
1786634667988,419933,Thigh,sit,-0.646112,-0.404552,0.688568,1.33,-2.66,0.07,-56
1786634667988,419964,Thigh,sit,-0.644648,-0.40504,0.691496,1.33,-2.45,-0.07,-56
1786634667988,419981,Thigh,sit,-0.645136,-0.405528,0.691984,1.19,-2.38,-0.28,-56
1786634667988,419998,Thigh,sit,-0.642208,-0.40504,0.691008,1.19,-2.45,-0.28,-56
1786634667988,420015,Thigh,sit,-0.637816,-0.403088,0.689544,1.26,-2.1,-0.07,-56
1786634667988,420032,Thigh,sit,-0.64416,-0.404064,0.692472,1.05,-2.03,0,-56
1786634668351,420208,Thigh,sit,-0.647576,-0.405528,0.687104,1.26,-2.52,-0.07,-56
1786634668351,420239,Thigh,sit,-0.645624,-0.405528,0.689544,1.12,-2.45,0,-56
1786634668351,420256,Thigh,sit,-0.645136,-0.407968,0.689544,1.12,-2.52,-0.07,-56
1786634668351,420273,Thigh,sit,-0.643672,-0.405528,0.691008,1.12,-2.31,-0.14,-56
1786634668351,420290,Thigh,sit,-0.640256,-0.405528,0.691008,1.19,-2.17,-0.14,-56
1786634668351,420321,Thigh,sit,-0.642696,-0.40748,0.690032,1.26,-2.1,-0.21,-56
1786634668351,420338,Thigh,sit,-0.646112,-0.40748,0.68808,1.47,-2.17,-0.28,-56
1786634668351,420355,Thigh,sit,-0.649528,-0.406992,0.687104,1.54,-2.38,-0.28,-56
1786634668351,420373,Thigh,sit,-0.651968,-0.405528,0.683688,1.61,-2.52,-0.42,-56
1786634668351,420390,Thigh,sit,-0.65392,-0.405528,0.686128,1.4,-2.73,-0.35,-56
1786634668706,420567,Thigh,sit,-0.640256,-0.40748,0.689544,1.33,-1.89,-0.07,-59
1786634668706,420598,Thigh,sit,-0.6466,-0.406504,0.687104,1.33,-2.03,-0.07,-59
1786634668706,420615,Thigh,sit,-0.64904,-0.404552,0.684664,1.33,-1.96,-0.07,-59
1786634668706,420632,Thigh,sit,-0.652944,-0.404552,0.68564,1.19,-1.96,-0.21,-59
1786634668706,420649,Thigh,sit,-0.653432,-0.404064,0.684176,1.12,-2.24,-0.21,-59
1786634668706,420680,Thigh,sit,-0.652456,-0.404064,0.681736,1.26,-2.73,-0.07,-59
1786634668706,420697,Thigh,sit,-0.65148,-0.406504,0.6832,1.19,-2.87,-0.07,-59
1786634668706,420714,Thigh,sit,-0.647088,-0.408944,0.687592,1.33,-3.08,-0.07,-59
1786634668706,420731,Thigh,sit,-0.641232,-0.40748,0.688568,1.54,-3.15,0,-59
1786634668706,420748,Thigh,sit,-0.639768,-0.407968,0.691496,1.47,-3.01,-0.07,-59
1786634669064,420924,Thigh,sit,-0.652456,-0.406016,0.682224,1.05,-2.03,-0.21,-59
1786634669064,420955,Thigh,sit,-0.653432,-0.408456,0.68076,1.4,-2.8,0.07,-59
1786634669064,420972,Thigh,sit,-0.653432,-0.40748,0.6832,1.4,-2.94,0.07,-59
1786634669064,420989,Thigh,sit,-0.65148,-0.406016,0.686128,1.47,-3.15,-0.07,-59
1786634669064,421006,Thigh,sit,-0.650016,-0.40504,0.687104,1.4,-3.08,-0.28,-59
1786634669064,421037,Thigh,sit,-0.64904,-0.404552,0.686616,1.26,-3.08,-0.42,-59
1786634669064,421054,Thigh,sit,-0.64416,-0.401136,0.685152,1.4,-3.15,-0.35,-59
1786634669064,421071,Thigh,sit,-0.639768,-0.400648,0.689544,0.98,-2.87,-0.21,-59
1786634669064,421088,Thigh,sit,-0.637328,-0.40504,0.691008,1.05,-2.94,-0.07,-59
1786634669064,421105,Thigh,sit,-0.636352,-0.408944,0.691496,1.19,-3.01,0,-59
1786634669421,421280,Thigh,sit,-0.648552,-0.40748,0.686616,1.33,-2.38,0.21,-59
1786634669421,421311,Thigh,sit,-0.64904,-0.406016,0.686616,1.33,-2.52,0,-59
1786634669421,421328,Thigh,sit,-0.648064,-0.404552,0.687104,1.33,-2.45,0,-59
1786634669421,421346,Thigh,sit,-0.650016,-0.404064,0.686128,1.19,-2.45,0,-59
1786634669421,421363,Thigh,sit,-0.650016,-0.404552,0.687104,1.12,-2.66,-0.07,-59
1786634669421,421394,Thigh,sit,-0.64416,-0.403576,0.690032,1.26,-2.59,-0.07,-59
1786634669421,421411,Thigh,sit,-0.641232,-0.405528,0.69052,1.26,-2.52,-0.14,-59
1786634669421,421428,Thigh,sit,-0.642208,-0.404552,0.689056,1.33,-2.24,-0.14,-59
1786634669421,421445,Thigh,sit,-0.643672,-0.405528,0.68808,1.33,-2.38,-0.14,-59
1786634669421,421462,Thigh,sit,-0.6466,-0.40504,0.686128,1.33,-2.38,-0.21,-59
1786634669779,421637,Thigh,sit,-0.644648,-0.403576,0.686616,1.33,-2.94,-0.14,-58
1786634669779,421668,Thigh,sit,-0.643672,-0.406992,0.690032,1.33,-2.94,-0.14,-58
1786634669779,421685,Thigh,sit,-0.643184,-0.40504,0.69296,1.33,-2.73,-0.28,-58
1786634669779,421702,Thigh,sit,-0.644648,-0.40504,0.69296,1.33,-2.59,-0.49,-58
1786634669779,421719,Thigh,sit,-0.64416,-0.403576,0.690032,1.26,-2.59,-0.49,-58
1786634669779,421750,Thigh,sit,-0.644648,-0.404552,0.687104,1.19,-2.59,-0.28,-58
1786634669779,421767,Thigh,sit,-0.643672,-0.404064,0.68808,1.19,-2.59,-0.21,-58
1786634669779,421784,Thigh,sit,-0.643184,-0.405528,0.689544,1.05,-2.52,-0.07,-58
1786634669779,421801,Thigh,sit,-0.641232,-0.40504,0.69052,1.12,-2.52,0.07,-58
1786634669779,421818,Thigh,sit,-0.640256,-0.406992,0.691496,1.19,-2.31,0.07,-58
1786634670138,421993,Thigh,sit,-0.648064,-0.405528,0.68564,1.33,-2.38,-0.07,-58
1786634670138,422024,Thigh,sit,-0.648552,-0.405528,0.686128,1.33,-2.59,-0.14,-58
1786634670138,422041,Thigh,sit,-0.650016,-0.40504,0.687592,1.33,-2.52,-0.07,-58
1786634670138,422058,Thigh,sit,-0.647576,-0.404552,0.688568,1.26,-2.59,-0.21,-58
1786634670138,422075,Thigh,sit,-0.648064,-0.40504,0.686616,1.33,-2.59,-0.28,-58
1786634670138,422106,Thigh,sit,-0.645624,-0.406016,0.686616,1.26,-2.66,-0.28,-58
1786634670138,422123,Thigh,sit,-0.647088,-0.406504,0.68808,1.33,-2.87,-0.21,-58
1786634670138,422140,Thigh,sit,-0.6466,-0.40748,0.687104,1.47,-2.94,-0.35,-58
1786634670138,422157,Thigh,sit,-0.644648,-0.406504,0.687592,1.4,-3.01,-0.28,-58
1786634670138,422174,Thigh,sit,-0.643672,-0.406016,0.688568,1.4,-3.01,-0.21,-58
1786634670495,422351,Thigh,sit,-0.644648,-0.405528,0.68808,1.33,-2.45,-0.14,-58
1786634670495,422382,Thigh,sit,-0.6466,-0.405528,0.687592,1.26,-2.45,-0.07,-58
1786634670495,422399,Thigh,sit,-0.645136,-0.405528,0.687592,1.26,-2.52,-0.07,-58
1786634670495,422416,Thigh,sit,-0.645624,-0.404552,0.688568,1.26,-2.59,-0.07,-58
1786634670495,422433,Thigh,sit,-0.643672,-0.406016,0.689056,1.26,-2.59,0,-58
1786634670495,422464,Thigh,sit,-0.642208,-0.40504,0.69052,1.26,-2.52,0,-58
1786634670495,422481,Thigh,sit,-0.643672,-0.406504,0.689544,1.19,-2.45,-0.14,-58
1786634670495,422498,Thigh,sit,-0.643672,-0.406504,0.691008,1.26,-2.45,-0.21,-58
1786634670495,422515,Thigh,sit,-0.641232,-0.40504,0.691496,1.33,-2.38,-0.21,-58
1786634670495,422532,Thigh,sit,-0.645136,-0.406504,0.69052,1.26,-2.31,-0.21,-58
1786634670853,422707,Thigh,sit,-0.6466,-0.403576,0.686128,1.12,-2.17,-0.14,-60
1786634670853,422739,Thigh,sit,-0.646112,-0.409432,0.687104,1.33,-2.73,-0.07,-60
1786634670853,422756,Thigh,sit,-0.64416,-0.407968,0.68808,1.61,-2.87,0,-60
1786634670853,422773,Thigh,sit,-0.645136,-0.406504,0.691008,1.75,-2.94,-0.14,-60
1786634670853,422790,Thigh,sit,-0.646112,-0.405528,0.690032,1.61,-2.8,-0.28,-60
1786634670853,422821,Thigh,sit,-0.648552,-0.403088,0.68808,1.26,-2.66,-0.28,-60
1786634670853,422838,Thigh,sit,-0.6466,-0.4026,0.687592,1.12,-2.59,-0.07,-60
1786634670853,422855,Thigh,sit,-0.644648,-0.403088,0.689544,1.05,-2.66,0,-60
1786634670853,422872,Thigh,sit,-0.643184,-0.404064,0.691984,1.05,-2.66,0,-60
1786634670853,422889,Thigh,sit,-0.641232,-0.406504,0.693448,1.26,-2.52,-0.14,-60
1786634671210,423063,Thigh,sit,-0.64416,-0.40504,0.688568,1.19,-2.52,-0.21,-60
1786634671210,423094,Thigh,sit,-0.643184,-0.406016,0.689544,1.33,-2.66,-0.07,-60
1786634671210,423111,Thigh,sit,-0.643672,-0.40748,0.691496,1.33,-2.66,-0.14,-60
1786634671210,423128,Thigh,sit,-0.64416,-0.40748,0.691496,1.4,-2.66,-0.21,-60
1786634671210,423145,Thigh,sit,-0.643672,-0.40504,0.69052,1.4,-2.45,-0.28,-60
1786634671210,423176,Thigh,sit,-0.645136,-0.404064,0.689544,1.33,-2.45,-0.21,-60
1786634671210,423193,Thigh,sit,-0.645624,-0.405528,0.68808,1.26,-2.66,-0.14,-60
1786634671210,423210,Thigh,sit,-0.647576,-0.406016,0.68808,1.4,-2.59,-0.14,-60
1786634671210,423227,Thigh,sit,-0.648064,-0.406016,0.689544,1.33,-2.66,-0.28,-60
1786634671210,423244,Thigh,sit,-0.647088,-0.405528,0.689056,1.26,-2.66,-0.28,-60
1786634671568,423420,Thigh,sit,-0.641232,-0.404552,0.691008,1.26,-2.52,-0.21,-60
1786634671568,423451,Thigh,sit,-0.642696,-0.405528,0.691496,1.26,-2.52,-0.14,-60
1786634671568,423468,Thigh,sit,-0.642208,-0.406504,0.691496,1.26,-2.38,-0.07,-60
1786634671568,423485,Thigh,sit,-0.64416,-0.404064,0.691008,1.26,-2.38,-0.21,-60
1786634671568,423502,Thigh,sit,-0.645624,-0.404064,0.691008,1.19,-2.24,-0.21,-60
1786634671568,423533,Thigh,sit,-0.643672,-0.4026,0.688568,1.12,-2.31,-0.14,-60
1786634671568,423550,Thigh,sit,-0.643672,-0.404552,0.688568,1.05,-2.31,-0.07,-60
1786634671568,423567,Thigh,sit,-0.643184,-0.405528,0.690032,1.12,-2.38,-0.07,-60
1786634671568,423584,Thigh,sit,-0.643672,-0.406016,0.689544,1.19,-2.38,0,-60
1786634671568,423601,Thigh,sit,-0.641232,-0.406016,0.691496,1.4,-2.31,-0.07,-60
1786634671935,423777,Thigh,sit,-0.64904,-0.406504,0.689056,1.19,-2.45,-0.14,-66
1786634671935,423808,Thigh,sit,-0.6466,-0.406016,0.687104,1.19,-2.52,0,-66
1786634671935,423825,Thigh,sit,-0.645624,-0.405528,0.688568,1.19,-2.59,0,-66
1786634671935,423842,Thigh,sit,-0.645624,-0.406016,0.689056,1.33,-2.66,-0.14,-66
1786634671935,423859,Thigh,sit,-0.643672,-0.406504,0.690032,1.4,-2.73,-0.07,-66
1786634671935,423890,Thigh,sit,-0.64416,-0.40504,0.69052,1.33,-2.52,-0.14,-66
1786634671935,423907,Thigh,sit,-0.645624,-0.404064,0.688568,1.26,-2.45,-0.14,-66
1786634671935,423924,Thigh,sit,-0.645624,-0.403576,0.68808,1.26,-2.52,-0.14,-66
1786634671935,423941,Thigh,sit,-0.646112,-0.404064,0.68808,1.33,-2.52,-0.07,-66
1786634671935,423958,Thigh,sit,-0.64416,-0.404552,0.689056,1.4,-2.52,-0.14,-66
1786634672360,424134,Thigh,sit,-0.64416,-0.406504,0.691008,1.19,-2.38,-0.21,-62
1786634672360,424165,Thigh,sit,-0.644648,-0.405528,0.690032,1.33,-2.31,-0.35,-62
1786634672360,424182,Thigh,sit,-0.6466,-0.405528,0.68808,1.26,-2.31,-0.35,-62
1786634672360,424199,Thigh,sit,-0.647088,-0.40504,0.687104,1.12,-2.38,-0.28,-62
1786634672360,424216,Thigh,sit,-0.647576,-0.406016,0.687104,1.26,-2.45,-0.21,-62
1786634672360,424301,Thigh,sit,-0.643672,-0.404064,0.689544,1.33,-2.45,-0.07,-62
1786634672360,424332,Thigh,sit,-0.643672,-0.404064,0.69052,1.19,-2.38,-0.07,-62
1786634672360,424349,Thigh,sit,-0.64416,-0.405528,0.690032,1.26,-2.38,0,-62
1786634672360,424366,Thigh,sit,-0.643672,-0.404552,0.690032,1.19,-2.31,-0.07,-62
1786634672360,424383,Thigh,sit,-0.643672,-0.404552,0.691496,1.19,-2.24,-0.14,-62
1786634672710,424558,Thigh,sit,-0.645624,-0.406016,0.688568,1.33,-2.59,-0.07,-59
1786634672710,424589,Thigh,sit,-0.648064,-0.406992,0.689056,1.47,-2.73,-0.21,-59
1786634672710,424606,Thigh,sit,-0.647576,-0.404552,0.690032,1.4,-2.73,-0.21,-59
1786634672710,424623,Thigh,sit,-0.644648,-0.403576,0.690032,1.33,-2.73,-0.28,-59
1786634672710,424640,Thigh,sit,-0.645624,-0.404552,0.689544,1.33,-2.73,-0.28,-59
1786634672710,424671,Thigh,sit,-0.64416,-0.404552,0.689544,1.4,-2.73,-0.21,-59
1786634672710,424688,Thigh,sit,-0.643184,-0.404064,0.691008,1.47,-2.73,-0.14,-59
1786634672710,424705,Thigh,sit,-0.645136,-0.40504,0.691496,1.4,-2.66,-0.21,-59
1786634672710,424722,Thigh,sit,-0.645136,-0.404552,0.688568,1.33,-2.66,-0.28,-59
1786634672710,424739,Thigh,sit,-0.645624,-0.404064,0.689056,1.4,-2.66,-0.21,-59
1786634673095,424916,Thigh,sit,-0.645136,-0.4026,0.691008,1.33,-2.52,-0.14,-61
1786634673095,424947,Thigh,sit,-0.645136,-0.40504,0.691984,1.19,-2.45,-0.21,-61
1786634673095,424964,Thigh,sit,-0.644648,-0.405528,0.69052,1.33,-2.52,-0.28,-61
1786634673095,424981,Thigh,sit,-0.645136,-0.404552,0.689544,1.33,-2.52,-0.35,-61
1786634673095,424998,Thigh,sit,-0.6466,-0.405528,0.69052,1.33,-2.59,-0.35,-61
1786634673095,425029,Thigh,sit,-0.647088,-0.40504,0.68808,1.19,-2.59,-0.28,-61
1786634673095,425046,Thigh,sit,-0.643672,-0.403088,0.688568,1.19,-2.52,-0.14,-61
1786634673095,425063,Thigh,sit,-0.644648,-0.4026,0.691008,1.12,-2.52,-0.14,-61
1786634673095,425080,Thigh,sit,-0.64416,-0.403576,0.69052,1.12,-2.52,-0.07,-61
1786634673095,425097,Thigh,sit,-0.64416,-0.404552,0.691496,1.12,-2.52,-0.07,-61
1786634673477,425272,Thigh,sit,-0.644648,-0.401624,0.688568,1.19,-2.03,-0.07,-61
1786634673477,425303,Thigh,sit,-0.647576,-0.401136,0.689056,1.05,-2.03,0.07,-61
1786634673477,425320,Thigh,sit,-0.648552,-0.40504,0.689544,0.91,-1.89,0,-61
1786634673477,425337,Thigh,sit,-0.648552,-0.406016,0.689056,0.84,-1.82,0,-61
1786634673477,425354,Thigh,sit,-0.642696,-0.406016,0.689056,0.84,-1.82,0.14,-61
1786634673477,425385,Thigh,sit,-0.645624,-0.40992,0.687592,1.19,-2.1,0.28,-61
1786634673477,425402,Thigh,sit,-0.646112,-0.40992,0.68808,1.26,-2.31,0.14,-61
1786634673477,425419,Thigh,sit,-0.647088,-0.408456,0.688568,1.47,-2.31,0.07,-61
1786634673477,425436,Thigh,sit,-0.648064,-0.40748,0.690032,1.47,-2.31,-0.21,-61
1786634673477,425453,Thigh,sit,-0.65148,-0.404552,0.687592,1.4,-2.17,-0.42,-61
1786634673786,425628,Thigh,sit,-0.638792,-0.409432,0.692472,1.54,-3.64,-0.14,-61
1786634673786,425659,Thigh,sit,-0.635864,-0.404552,0.69784,1.33,-3.01,-0.14,-61
1786634673786,425676,Thigh,sit,-0.632448,-0.404552,0.69784,1.33,-2.45,-0.28,-61
1786634673786,425694,Thigh,sit,-0.633912,-0.403576,0.696376,1.26,-2.17,-0.28,-61
1786634673786,425711,Thigh,sit,-0.636352,-0.4026,0.695888,1.33,-1.96,-0.35,-61
1786634673786,425742,Thigh,sit,-0.641232,-0.403088,0.691008,1.33,-1.61,0,-61
1786634673786,425759,Thigh,sit,-0.646112,-0.404552,0.688568,1.26,-1.75,-0.07,-61
1786634673786,425776,Thigh,sit,-0.649528,-0.406992,0.686128,1.26,-1.89,0,-61
1786634673786,425793,Thigh,sit,-0.652456,-0.404552,0.68564,1.33,-2.03,-0.07,-61
1786634673786,425810,Thigh,sit,-0.651968,-0.403576,0.686616,1.26,-2.1,-0.07,-61
1786634674145,425986,Thigh,sit,-0.643184,-0.40504,0.690032,1.4,-2.17,-0.28,-61
1786634674145,426017,Thigh,sit,-0.645136,-0.404064,0.689056,1.33,-2.03,-0.14,-61
1786634674145,426034,Thigh,sit,-0.644648,-0.404552,0.687592,1.26,-2.03,-0.07,-61
1786634674145,426051,Thigh,sit,-0.64172,-0.404552,0.689056,1.12,-1.89,0.14,-61
1786634674145,426068,Thigh,sit,-0.64172,-0.404064,0.691496,1.05,-1.82,0.28,-61
1786634674145,426099,Thigh,sit,-0.643184,-0.4026,0.691008,1.12,-1.68,0.42,-61
1786634674145,426116,Thigh,sit,-0.6466,-0.402112,0.69052,1.12,-1.47,0.35,-61
1786634674145,426133,Thigh,sit,-0.649528,-0.403576,0.688568,1.05,-1.19,0.14,-61
1786634674145,426150,Thigh,sit,-0.650504,-0.404064,0.687104,0.91,-1.19,0.14,-61
1786634674145,426167,Thigh,sit,-0.652944,-0.404552,0.684664,0.91,-1.19,0.07,-61
1786634674501,426343,Thigh,sit,-0.643672,-0.405528,0.685152,1.68,-3.36,-0.07,-59
1786634674501,426374,Thigh,sit,-0.645624,-0.4026,0.69296,1.68,-2.94,-0.42,-59
1786634674501,426391,Thigh,sit,-0.647576,-0.404064,0.691008,1.54,-2.8,-0.7,-59
1786634674501,426408,Thigh,sit,-0.648552,-0.403088,0.686128,1.47,-2.52,-0.91,-59
1786634674501,426426,Thigh,sit,-0.650992,-0.401136,0.684664,1.4,-2.45,-0.98,-59
1786634674501,426444,Thigh,sit,-0.652456,-0.401624,0.686616,1.26,-2.59,-0.91,-59
1786634674501,426475,Thigh,sit,-0.645624,-0.4026,0.686128,0.98,-2.52,-0.49,-59
1786634674501,426492,Thigh,sit,-0.644648,-0.406016,0.684176,1.12,-2.66,-0.14,-59
1786634674501,426509,Thigh,sit,-0.643184,-0.409432,0.686128,1.19,-2.8,0.07,-59
1786634674501,426526,Thigh,sit,-0.641232,-0.40992,0.688568,1.4,-2.94,0.14,-59
1786634674859,426703,Thigh,sit,-0.6466,-0.409432,0.686616,0.98,-1.82,-0.07,-59
1786634674859,426734,Thigh,sit,-0.64904,-0.408456,0.684664,1.05,-2.1,0.07,-59
1786634674859,426751,Thigh,sit,-0.651968,-0.408456,0.685152,1.12,-2.17,0.14,-59
1786634674859,426768,Thigh,sit,-0.654408,-0.406992,0.680272,1.4,-2.59,0.14,-59
1786634674859,426785,Thigh,sit,-0.65392,-0.401624,0.684176,1.47,-2.8,0,-59
1786634674859,426816,Thigh,sit,-0.650992,-0.401624,0.685152,1.33,-2.73,-0.21,-59
1786634674859,426833,Thigh,sit,-0.650504,-0.400648,0.686616,1.33,-2.59,-0.28,-59
1786634674859,426850,Thigh,sit,-0.650504,-0.401624,0.686128,1.33,-2.73,-0.28,-59
1786634674859,426867,Thigh,sit,-0.648064,-0.4026,0.683688,1.4,-2.8,-0.14,-59
1786634674859,426884,Thigh,sit,-0.645136,-0.404064,0.687592,1.4,-2.8,-0.14,-59
1786634675217,427060,Thigh,sit,-0.647088,-0.408456,0.683688,1.12,-2.31,-0.07,-59
1786634675217,427091,Thigh,sit,-0.643672,-0.409432,0.687104,1.19,-2.45,-0.07,-59
1786634675217,427108,Thigh,sit,-0.640744,-0.410408,0.688568,1.33,-2.52,-0.07,-59
1786634675217,427125,Thigh,sit,-0.642696,-0.408944,0.687104,1.47,-2.38,-0.21,-59
1786634675217,427142,Thigh,sit,-0.647576,-0.406016,0.68808,1.47,-2.38,-0.21,-59
1786634675217,427173,Thigh,sit,-0.653432,-0.402112,0.681736,1.47,-2.45,-0.14,-59
1786634675217,427190,Thigh,sit,-0.655384,-0.402112,0.682224,1.4,-2.59,-0.07,-59
1786634675217,427207,Thigh,sit,-0.653432,-0.401136,0.683688,1.19,-2.59,0,-59
1786634675217,427224,Thigh,sit,-0.650992,-0.403576,0.685152,1.12,-2.66,0.07,-59
1786634675217,427241,Thigh,sit,-0.646112,-0.405528,0.686128,1.05,-2.59,0,-59
1786634675579,427418,Thigh,sit,-0.647576,-0.404064,0.68808,1.33,-2.66,-0.14,-58
1786634675579,427449,Thigh,sit,-0.6466,-0.406504,0.68808,1.4,-2.52,-0.28,-58
1786634675579,427466,Thigh,sit,-0.647088,-0.40504,0.686128,1.4,-2.52,-0.35,-58
1786634675579,427483,Thigh,sit,-0.649528,-0.403576,0.686128,1.4,-2.52,-0.42,-58
1786634675579,427500,Thigh,sit,-0.650992,-0.404064,0.687104,1.26,-2.59,-0.42,-58
1786634675579,427531,Thigh,sit,-0.648552,-0.404552,0.684664,1.19,-2.59,-0.21,-58
1786634675579,427548,Thigh,sit,-0.647088,-0.405528,0.68564,1.12,-2.59,-0.14,-58
1786634675579,427565,Thigh,sit,-0.646112,-0.405528,0.686616,1.12,-2.66,-0.07,-58
1786634675579,427582,Thigh,sit,-0.64416,-0.406504,0.687104,1.26,-2.59,-0.14,-58
1786634675579,427599,Thigh,sit,-0.644648,-0.406016,0.689544,1.33,-2.45,-0.14,-58
1786634675938,427777,Thigh,sit,-0.650504,-0.404064,0.686128,1.33,-2.31,-0.21,-58
1786634675938,427808,Thigh,sit,-0.650992,-0.40504,0.685152,1.26,-2.31,-0.14,-58
1786634675938,427825,Thigh,sit,-0.650992,-0.40504,0.685152,1.26,-2.38,-0.14,-58
1786634675938,427842,Thigh,sit,-0.648552,-0.405528,0.68564,1.19,-2.38,-0.07,-58
1786634675938,427859,Thigh,sit,-0.648552,-0.40504,0.686128,1.19,-2.52,-0.07,-58
1786634675938,427890,Thigh,sit,-0.650016,-0.40504,0.684664,1.26,-2.59,-0.21,-58
1786634675938,427907,Thigh,sit,-0.648552,-0.404064,0.686128,1.33,-2.59,-0.21,-58
1786634675938,427924,Thigh,sit,-0.648064,-0.404552,0.687104,1.26,-2.66,-0.21,-58
1786634675938,427941,Thigh,sit,-0.647576,-0.40504,0.68564,1.26,-2.59,-0.21,-58
1786634675938,427958,Thigh,sit,-0.647088,-0.404552,0.687104,1.26,-2.52,-0.14,-58
1786634676300,428136,Thigh,sit,-0.647088,-0.406504,0.68564,1.33,-2.52,-0.14,-58
1786634676300,428167,Thigh,sit,-0.647576,-0.406016,0.686616,1.26,-2.38,-0.07,-58
1786634676300,428184,Thigh,sit,-0.647576,-0.40748,0.686616,1.26,-2.45,-0.14,-58
1786634676300,428202,Thigh,sit,-0.647576,-0.40748,0.686128,1.33,-2.45,-0.14,-58
1786634676300,428219,Thigh,sit,-0.6466,-0.40504,0.684176,1.33,-2.59,-0.14,-58
1786634676300,428250,Thigh,sit,-0.648064,-0.404064,0.686616,1.33,-2.59,-0.07,-58
1786634676300,428267,Thigh,sit,-0.648552,-0.40504,0.686128,1.26,-2.52,-0.14,-58
1786634676300,428284,Thigh,sit,-0.650016,-0.405528,0.687592,1.26,-2.45,-0.21,-58
1786634676300,428301,Thigh,sit,-0.649528,-0.4026,0.686616,1.26,-2.52,-0.28,-58
1786634676300,428318,Thigh,sit,-0.64904,-0.403088,0.68564,1.19,-2.45,-0.21,-58
1786634676655,428494,Thigh,sit,-0.647088,-0.4026,0.687104,1.26,-2.45,-0.14,-58
1786634676655,428525,Thigh,sit,-0.648064,-0.404552,0.687592,1.19,-2.38,-0.07,-58
1786634676655,428542,Thigh,sit,-0.6466,-0.406504,0.686128,1.19,-2.45,-0.07,-58
1786634676655,428559,Thigh,sit,-0.6466,-0.406016,0.688568,1.33,-2.45,-0.07,-58
1786634676655,428576,Thigh,sit,-0.647088,-0.40504,0.686616,1.33,-2.38,-0.14,-58
1786634676655,428607,Thigh,sit,-0.650504,-0.404552,0.686616,1.4,-2.45,-0.21,-58
1786634676655,428624,Thigh,sit,-0.649528,-0.403088,0.686616,1.26,-2.45,-0.21,-58
1786634676655,428641,Thigh,sit,-0.650504,-0.403088,0.68564,1.26,-2.45,-0.21,-58
1786634676655,428658,Thigh,sit,-0.650016,-0.403576,0.686128,1.19,-2.45,-0.07,-58
1786634676655,428675,Thigh,sit,-0.650016,-0.40504,0.68564,1.19,-2.45,-0.14,-58
1786634677015,428851,Thigh,sit,-0.647576,-0.403088,0.686128,1.33,-2.45,-0.21,-58
1786634677015,428882,Thigh,sit,-0.648064,-0.404552,0.68564,1.26,-2.52,-0.14,-58
1786634677015,428899,Thigh,sit,-0.64904,-0.404552,0.686128,1.19,-2.45,-0.14,-58
1786634677015,428916,Thigh,sit,-0.648064,-0.406504,0.685152,1.26,-2.52,-0.14,-58
1786634677015,428933,Thigh,sit,-0.648552,-0.405528,0.687104,1.33,-2.59,-0.14,-58
1786634677015,428964,Thigh,sit,-0.647576,-0.405528,0.687592,1.26,-2.59,-0.14,-58
1786634677015,428981,Thigh,sit,-0.648064,-0.405528,0.687104,1.33,-2.52,-0.14,-58
1786634677015,428998,Thigh,sit,-0.648552,-0.406016,0.686616,1.33,-2.52,-0.14,-58
1786634677015,429015,Thigh,sit,-0.647576,-0.405528,0.687104,1.26,-2.52,-0.14,-58
1786634677015,429032,Thigh,sit,-0.648552,-0.40504,0.687104,1.33,-2.52,-0.14,-58
1786634677569,429209,Thigh,sit,-0.648064,-0.406016,0.686128,1.12,-2.52,-0.14,-58
1786634677569,429240,Thigh,sit,-0.647576,-0.406016,0.686616,1.26,-2.52,-0.14,-58
1786634677569,429257,Thigh,sit,-0.647576,-0.40504,0.686616,1.33,-2.59,-0.07,-58
1786634677569,429274,Thigh,sit,-0.647088,-0.404064,0.687104,1.33,-2.52,-0.14,-58
1786634677569,429291,Thigh,sit,-0.647576,-0.404552,0.687104,1.33,-2.59,-0.14,-58
1786634677569,429322,Thigh,sit,-0.647088,-0.40504,0.687104,1.26,-2.52,-0.14,-58
1786634677569,429339,Thigh,sit,-0.6466,-0.404552,0.687592,1.33,-2.45,-0.07,-58
1786634677569,429356,Thigh,sit,-0.6466,-0.404552,0.687592,1.26,-2.45,-0.07,-58
1786634677569,429373,Thigh,sit,-0.645624,-0.404552,0.687592,1.26,-2.45,-0.14,-58
1786634677569,429390,Thigh,sit,-0.645136,-0.404552,0.68808,1.33,-2.38,-0.14,-58
