pc_timestamp,arduino_ms,node_position,activity,ax,ay,az,gx,gy,gz,rssi
1787062411014,216988,Lumbar,sit,0.035624,1.027728,-0.059536,0.42,-0.98,3.99,-49
1787062411014,217006,Lumbar,sit,0.035136,1.02968,-0.049288,-1.47,-0.91,3.85,-49
1787062411014,217023,Lumbar,sit,0.038552,1.023336,-0.041968,-1.26,0,3.15,-49
1787062411014,217054,Lumbar,sit,0.044896,1.01748,-0.035136,-0.91,2.38,3.36,-49
1787062411014,217071,Lumbar,sit,0.028792,1.014064,-0.040016,-0.91,4.06,3.22,-49
1787062411014,217088,Lumbar,sit,0.023424,1.0126,-0.042944,-0.42,5.25,2.31,-49
1787062411014,217105,Lumbar,sit,0.02684,1.01504,-0.052704,-0.56,5.18,1.89,-49
1787062411014,217136,Lumbar,sit,0.03904,1.011624,-0.046848,-2.17,4.2,3.08,-49
1787062411014,217153,Lumbar,sit,0.03904,0.994056,-0.039528,-1.96,4.2,3.43,-49
1787062411014,217170,Lumbar,sit,0.037576,0.986736,-0.035136,0.28,4.69,3.78,-49
1787062411438,217345,Lumbar,sit,0.066368,0.996496,-0.026352,-0.07,1.33,-0.84,-49
1787062411438,217376,Lumbar,sit,0.071736,1.010648,-0.037576,1.4,3.15,-0.42,-49
1787062411438,217394,Lumbar,sit,0.072224,1.025288,-0.040016,-0.21,3.99,-1.12,-49
1787062411438,217411,Lumbar,sit,0.063928,1.018456,-0.037576,-1.75,4.41,-1.96,-49
1787062411438,217428,Lumbar,sit,0.060024,1.016992,-0.034648,-1.26,4.69,-2.59,-49
1787062411438,217445,Lumbar,sit,0.051728,1.014552,-0.027328,-0.49,5.11,-2.8,-49
1787062411438,217476,Lumbar,sit,0.036112,1.020408,-0.038552,1.47,5.6,-1.96,-49
1787062411438,217493,Lumbar,sit,0.033672,1.018456,-0.041968,1.68,5.6,-2.17,-49
1787062411438,217510,Lumbar,sit,0.032696,1.023336,-0.045872,1.47,5.81,-2.45,-49
1787062411438,217527,Lumbar,sit,0.030744,1.018944,-0.040992,-0.07,6.09,-2.73,-49
1787062411729,217702,Lumbar,sit,0.034648,0.999424,-0.002928,0.63,6.44,-0.21,-46
1787062411729,217733,Lumbar,sit,0.019032,1.01016,-0.030744,-0.49,3.5,-0.35,-46
1787062411729,217750,Lumbar,sit,0.01464,1.0126,-0.029768,-1.26,1.26,-0.07,-46
1787062411729,217768,Lumbar,sit,0.019032,1.019432,-0.028792,-1.26,-0.28,0.07,-46
1787062411729,217786,Lumbar,sit,0.02928,1.021384,-0.019032,-1.19,-0.98,-0.07,-46
1787062411729,217803,Lumbar,sit,0.04148,1.0126,-0.001464,0.07,-1.82,-0.07,-46
1787062411729,217834,Lumbar,sit,0.032696,1.018944,0,2.8,-3.22,0.21,-46
1787062411729,217851,Lumbar,sit,0.018056,1.031632,-0.013176,2.17,-3.78,0.21,-46
1787062411729,217868,Lumbar,sit,0.010736,1.018456,-0.025864,0.42,-5.18,0.07,-46
1787062411729,217885,Lumbar,sit,0.017568,1.007232,-0.028792,0.49,-5.46,0.14,-46
1787062412255,218060,Lumbar,sit,0.043432,1.009184,-0.02196,-0.21,-0.84,0.49,-46
1787062412255,218091,Lumbar,sit,0.02684,1.020896,-0.01464,2.66,-2.52,-0.49,-46
1787062412255,218108,Lumbar,sit,0.026352,1.024312,-0.011224,2.59,-3.01,-0.56,-46
1787062412255,218125,Lumbar,sit,0.029768,1.023336,-0.001464,2.17,-3.36,-0.28,-46
1787062412255,218142,Lumbar,sit,0.029768,1.016992,0.00488,2.03,-3.01,0.07,-46
1787062412255,218173,Lumbar,sit,0.034648,1.009672,-0.011712,3.08,-2.31,0,-46
1787062412255,218190,Lumbar,sit,0.04148,1.021384,-0.028304,3.01,-2.31,0.07,-46
1787062412255,218207,Lumbar,sit,0.03904,1.023336,-0.030256,0.84,-2.73,0.14,-46
1787062412255,218224,Lumbar,sit,0.028304,1.011136,-0.020496,0.07,-2.87,0.07,-46
1787062412255,218241,Lumbar,sit,0.024888,1.005768,-0.016592,0.49,-2.31,0,-46
1787062412540,218414,Lumbar,sit,0.035624,1.025776,-0.028304,3.71,-1.4,2.24,-45
1787062412540,218445,Lumbar,sit,0.042456,1.008208,-0.030744,3.29,-2.31,1.47,-45
1787062412540,218462,Lumbar,sit,0.043432,1.006256,-0.022936,4.76,-2.59,1.33,-45
1787062412540,218479,Lumbar,sit,0.045384,1.012112,-0.02196,5.18,-2.45,1.47,-45
1787062412540,218496,Lumbar,sit,0.04636,1.016016,-0.021472,4.55,-1.96,1.68,-45
1787062412540,218527,Lumbar,sit,0.051728,1.003328,-0.018056,5.11,-0.77,1.54,-45
1787062412540,218544,Lumbar,sit,0.053192,1.003328,-0.019032,5.6,0.21,1.33,-45
1787062412540,218561,Lumbar,sit,0.052216,1.00528,-0.018544,5.18,0.49,1.4,-45
1787062412540,218578,Lumbar,sit,0.03904,1.009672,-0.01708,4.83,0.28,1.61,-45
1787062412540,218595,Lumbar,sit,0.020008,1.014552,-0.01708,5.81,-0.84,2.38,-45
1787062412869,218770,Lumbar,sit,0.04636,1.011136,-0.047824,4.34,-5.6,2.24,-45
1787062412869,218801,Lumbar,sit,0.047824,1.011624,-0.02196,5.88,-4.55,2.31,-45
1787062412869,218818,Lumbar,sit,0.050264,1.01504,-0.030744,6.58,-3.43,2.03,-45
1787062412869,218835,Lumbar,sit,0.052216,1.020896,-0.038064,6.44,-3.15,1.89,-45
1787062412869,218852,Lumbar,sit,0.053192,1.013088,-0.055632,5.11,-3.71,1.68,-45
1787062412869,218883,Lumbar,sit,0.051728,1.008208,-0.062464,4.48,-4.41,1.19,-45
1787062412869,218900,Lumbar,sit,0.047336,1.021872,-0.058072,4.13,-4.41,1.19,-45
1787062412869,218917,Lumbar,sit,0.0488,1.021872,-0.04148,2.94,-6.65,1.19,-45
1787062412869,218934,Lumbar,sit,0.05368,1.008208,-0.035136,3.92,-5.04,0.91,-45
1787062412869,218951,Lumbar,sit,0.054168,1.007232,-0.04392,5.18,-4.41,0.42,-45
1787062413152,219125,Lumbar,sit,0.05368,0.998936,-0.063928,4.34,-2.03,0.14,-48
1787062413152,219156,Lumbar,sit,0.056608,1.008696,-0.07564,5.11,-1.33,0,-48
1787062413152,219173,Lumbar,sit,0.054656,1.019432,-0.0732,4.83,-1.68,-0.56,-48
1787062413152,219190,Lumbar,sit,0.0488,1.021872,-0.071248,4.27,-2.38,-0.84,-48
1787062413152,219208,Lumbar,sit,0.044408,1.01504,-0.06832,3.85,-3.22,-0.98,-48
1787062413152,219239,Lumbar,sit,0.048312,1.012112,-0.055632,4.06,-3.15,-0.56,-48
1787062413152,219256,Lumbar,sit,0.050264,1.013576,-0.055632,3.78,-2.87,-0.42,-48
1787062413152,219273,Lumbar,sit,0.051728,1.01992,-0.061488,3.01,-2.31,-0.49,-48
1787062413152,219290,Lumbar,sit,0.047336,1.021384,-0.064904,2.59,-1.82,-0.21,-48
1787062413152,219307,Lumbar,sit,0.043432,1.016992,-0.064416,2.52,-1.61,0,-48
1787062413690,219481,Lumbar,sit,0.047336,1.019432,-0.086376,0.14,-1.19,0.56,-48
1787062413690,219512,Lumbar,sit,0.040016,1.01504,-0.07564,0.21,-0.56,-0.42,-48
1787062413690,219529,Lumbar,sit,0.036112,1.003816,-0.067832,0.91,-0.63,-0.56,-48
1787062413690,219546,Lumbar,sit,0.037576,1.006744,-0.076616,1.75,-1.05,-0.42,-48
1787062413690,219563,Lumbar,sit,0.035624,1.011136,-0.079056,1.4,-1.4,0.35,-48
1787062413690,219594,Lumbar,sit,0.049288,1.024312,-0.072712,0.35,-1.96,1.19,-48
1787062413690,219611,Lumbar,sit,0.049288,1.027728,-0.073688,-0.07,-2.17,1.47,-48
1787062413690,219628,Lumbar,sit,0.045872,1.029192,-0.07808,-1.68,-2.24,1.47,-48
1787062413690,219645,Lumbar,sit,0.04148,1.023824,-0.075152,-3.64,-2.52,1.26,-48
1787062413690,219662,Lumbar,sit,0.044408,1.010648,-0.066856,-4.13,-2.59,0.35,-48
1787062413866,219837,Lumbar,sit,0.037576,1.021384,-0.049288,-0.91,-2.73,0.84,-47
1787062413866,219868,Lumbar,sit,0.039528,1.01016,-0.049776,-0.63,-2.31,0.7,-47
1787062413866,219885,Lumbar,sit,0.038552,1.011624,-0.051728,-0.63,-2.38,0.91,-47
1787062413866,219902,Lumbar,sit,0.036112,1.018456,-0.057584,-0.28,-2.45,1.12,-47
1787062413866,219919,Lumbar,sit,0.041968,1.010648,-0.055632,-0.7,-2.38,1.19,-47
1787062413866,219950,Lumbar,sit,0.057096,0.977952,-0.047336,0.84,-1.4,0.63,-47
1787062413866,219967,Lumbar,sit,0.057584,0.993568,-0.051728,1.75,-0.98,0.84,-47
1787062413866,219984,Lumbar,sit,0.04636,1.025776,-0.060512,1.61,-1.05,1.19,-47
1787062413866,220001,Lumbar,sit,0.040016,1.043832,-0.068808,0.77,-1.82,0.91,-47
1787062413866,220019,Lumbar,sit,0.040504,1.040904,-0.069784,0.14,-3.22,0.84,-47
1787062414303,220196,Lumbar,sit,0.044896,1.01504,-0.026352,-2.52,-0.7,0.35,-47
1787062414303,220227,Lumbar,sit,0.042456,1.014552,-0.038552,-0.28,-0.77,0.98,-47
1787062414303,220244,Lumbar,sit,0.042944,1.026264,-0.04392,-0.07,-0.77,0.98,-47
1787062414303,220261,Lumbar,sit,0.046848,1.03456,-0.045384,-2.24,-0.77,0.98,-47
1787062414303,220278,Lumbar,sit,0.045384,1.020408,-0.03416,-3.85,0.28,0.63,-47
1787062414303,220309,Lumbar,sit,0.04392,1.004304,-0.02196,-2.52,-1.89,0.14,-47
1787062414303,220326,Lumbar,sit,0.047336,1.003816,-0.028792,-1.19,-2.94,0.56,-47
1787062414303,220343,Lumbar,sit,0.054168,1.006256,-0.033184,-1.68,-3.64,0.63,-47
1787062414303,220360,Lumbar,sit,0.059048,1.003328,-0.020984,-1.54,-3.43,0.21,-47
1787062414303,220376,Lumbar,sit,0.05856,1.004304,-0.017568,-0.63,-2.8,-0.42,-47
1787062414582,220551,Lumbar,sit,0.03416,1.016504,-0.03416,-0.28,-0.84,-2.73,-47
1787062414582,220582,Lumbar,sit,0.02684,1.014552,-0.016104,-0.14,-2.38,-2.94,-47
1787062414582,220599,Lumbar,sit,0.028792,1.013088,-0.009272,0.42,-2.59,-2.94,-47
1787062414582,220616,Lumbar,sit,0.030744,1.013576,-0.013176,0.84,-2.94,-3.01,-47
1787062414582,220634,Lumbar,sit,0.032696,1.014552,-0.022936,0.63,-3.08,-3.15,-47
1787062414582,220652,Lumbar,sit,0.035136,1.0248,-0.017568,0.14,-2.73,-3.22,-47
1787062414582,220683,Lumbar,sit,0.039528,1.026752,-0.00976,-0.84,-2.24,-3.5,-47
1787062414582,220700,Lumbar,sit,0.031232,1.021872,-0.017568,-0.77,-2.03,-3.57,-47
1787062414582,220717,Lumbar,sit,0.027328,1.019432,-0.018056,-0.98,-2.52,-3.57,-47
1787062414582,220734,Lumbar,sit,0.020008,1.014064,-0.010736,-0.98,-2.73,-3.36,-47
1787062415121,220911,Lumbar,sit,0.013664,1.025288,-0.00244,2.94,-2.73,-1.75,-47
1787062415121,220942,Lumbar,sit,0.01464,1.034072,-0.012688,2.52,-1.54,-1.47,-47
1787062415121,220959,Lumbar,sit,0.016592,1.036512,-0.022936,1.05,-0.84,-1.82,-47
1787062415121,220976,Lumbar,sit,0.016104,1.027728,-0.027816,-1.26,-1.33,-1.96,-47
1787062415121,220993,Lumbar,sit,0.015616,1.010648,-0.0244,-2.24,-1.68,-2.03,-47
1787062415121,221024,Lumbar,sit,0.017568,0.994056,-0.00732,-0.98,-0.14,-1.4,-47
1787062415121,221041,Lumbar,sit,0.013664,1.004304,-0.018544,0.28,0.35,-0.84,-47
1787062415121,221058,Lumbar,sit,0.015128,1.010648,-0.024888,0.84,-0.49,-0.56,-47
1787062415121,221075,Lumbar,sit,0.017568,1.02236,-0.032696,0.7,-1.4,-0.7,-47
1787062415121,221092,Lumbar,sit,0.016592,1.02236,-0.02196,-0.14,-2.59,-0.84,-47
1787062415294,221267,Lumbar,sit,0.014152,1.0004,-0.00488,0.28,2.45,0.77,-48
1787062415294,221298,Lumbar,sit,0.013176,0.994056,-0.01464,3.99,2.52,0.49,-48
1787062415294,221315,Lumbar,sit,0.010248,1.001376,-0.013176,7.56,1.89,0.35,-48
1787062415294,221332,Lumbar,sit,0.00732,1.003816,-0.013664,8.54,1.47,0.91,-48
1787062415294,221348,Lumbar,sit,0.010736,1.001864,-0.008784,9.03,1.54,1.33,-48
1787062415294,221379,Lumbar,sit,0.017568,1.00772,-0.02684,11.34,1.47,1.68,-48
1787062415294,221396,Lumbar,sit,0.019032,1.017968,-0.028792,11.69,1.26,1.4,-48
1787062415294,221413,Lumbar,sit,0.018056,1.016992,-0.02196,12.04,0.91,1.05,-48
1787062415294,221430,Lumbar,sit,0.016592,1.0126,-0.018544,12.53,0.98,1.4,-48
1787062415294,221447,Lumbar,sit,0.020008,1.01504,-0.025864,13.37,1.19,1.61,-48
1787062415649,221621,Lumbar,sit,0.01952,1.0248,-0.082472,8.75,1.47,1.75,-48
1787062415649,221652,Lumbar,sit,0.024888,1.013576,-0.075152,7.49,0.49,0.98,-48
1787062415649,221669,Lumbar,sit,0.017568,1.009672,-0.071248,6.93,0.49,1.33,-48
1787062415649,221686,Lumbar,sit,0.008784,1.00528,-0.062952,6.93,0.56,1.61,-48
1787062415649,221703,Lumbar,sit,-0.000976,1.015528,-0.06832,7.98,0.56,1.4,-48
1787062415649,221734,Lumbar,sit,0.004392,1.025288,-0.086376,7.21,-0.14,0.7,-48
1787062415649,221751,Lumbar,sit,0.013176,1.018456,-0.086376,6.86,-0.56,0.7,-48
1787062415649,221768,Lumbar,sit,0.02196,1.018944,-0.083936,6.65,-0.42,0.98,-48
1787062415649,221785,Lumbar,sit,0.023424,1.01992,-0.083448,6.16,0.14,1.54,-48
1787062415649,221802,Lumbar,sit,0.0244,1.01504,-0.080032,5.18,0.42,1.68,-48
1787062416006,221976,Lumbar,sit,0.02196,0.99552,-0.101992,3.36,-2.38,1.54,-48
1787062416006,222007,Lumbar,sit,0.028304,1.011136,-0.093696,3.36,-2.45,1.89,-48
1787062416006,222024,Lumbar,sit,0.02928,1.01504,-0.0854,2.45,-2.73,1.89,-48
1787062416006,222041,Lumbar,sit,0.028304,1.016504,-0.083936,2.1,-2.1,1.96,-48
1787062416006,222058,Lumbar,sit,0.024888,1.018456,-0.085888,2.03,-1.82,2.03,-48
1787062416006,222089,Lumbar,sit,0.02928,1.008208,-0.101016,2.1,-2.03,1.47,-48
1787062416006,222106,Lumbar,sit,0.03172,1.012112,-0.10004,2.24,-1.96,1.26,-48
1787062416006,222123,Lumbar,sit,0.029768,1.020896,-0.099064,2.24,-2.24,1.12,-48
1787062416006,222140,Lumbar,sit,0.032696,1.01504,-0.094672,1.75,-2.73,0.77,-48
1787062416006,222157,Lumbar,sit,0.037088,1.006256,-0.086864,1.47,-3.01,0.35,-48
1787062416363,222332,Lumbar,sit,0.030744,1.038464,-0.060512,0.63,-1.47,-0.84,-48
1787062416363,222362,Lumbar,sit,0.036112,1.003328,-0.097112,0.77,0.07,-0.84,-48
1787062416363,222379,Lumbar,sit,0.031232,1.002352,-0.103944,1.05,-0.42,-0.91,-48
1787062416363,222396,Lumbar,sit,0.020008,1.0004,-0.098088,1.26,-1.89,-0.84,-48
1787062416363,222413,Lumbar,sit,0.00732,1.008208,-0.086864,1.89,-3.22,-0.7,-48
1787062416363,222444,Lumbar,sit,-0.006832,1.018944,-0.086864,0.42,-3.22,0.98,-48
1787062416363,222461,Lumbar,sit,-0.003416,1.011136,-0.086376,0,-2.38,1.89,-48
1787062416363,222478,Lumbar,sit,0.006832,1.00528,-0.086376,0.98,-2.17,2.03,-48
1787062416363,222495,Lumbar,sit,0.010248,1.007232,-0.092232,1.47,-2.38,1.96,-48
1787062416363,222512,Lumbar,sit,0.013664,1.010648,-0.094672,1.4,-2.73,1.54,-48
1787062416719,222689,Lumbar,sit,0.040504,0.999424,-0.064416,1.12,-2.87,0.56,-48
1787062416719,222720,Lumbar,sit,0.025864,1.019432,-0.076616,2.03,-1.4,0.49,-48
1787062416719,222737,Lumbar,sit,0.01708,1.01992,-0.089792,1.05,-0.84,0.42,-48
1787062416719,222754,Lumbar,sit,0.011224,1.014064,-0.097112,1.19,-1.19,0.35,-48
1787062416719,222771,Lumbar,sit,0.009272,1.011624,-0.098088,1.68,-1.82,0.35,-48
1787062416719,222802,Lumbar,sit,0.01464,1.010648,-0.086376,1.47,-2.52,0.63,-48
1787062416719,222819,Lumbar,sit,0.023912,1.012112,-0.083936,1.26,-1.96,1.12,-48
1787062416719,222836,Lumbar,sit,0.020008,1.021384,-0.091256,-0.21,-0.84,1.47,-48
1787062416719,222853,Lumbar,sit,0.020008,1.01992,-0.09028,-1.19,-0.35,0.98,-48
1787062416719,222870,Lumbar,sit,0.028792,1.009672,-0.083448,-1.33,-0.84,0.63,-48
1787062417075,223045,Lumbar,sit,0.015128,0.997472,-0.07808,2.24,-2.1,1.33,-48
1787062417075,223076,Lumbar,sit,0.022448,1.006744,-0.06588,4.06,-1.26,1.61,-48
1787062417075,223093,Lumbar,sit,0.02684,1.007232,-0.072224,4.27,-0.91,1.82,-48
1787062417075,223110,Lumbar,sit,0.027816,1.005768,-0.079056,5.32,-0.84,2.03,-48
1787062417075,223127,Lumbar,sit,0.029768,1.006744,-0.08296,5.88,-1.05,2.03,-48
1787062417075,223158,Lumbar,sit,0.033672,1.016504,-0.08784,5.46,-0.98,2.24,-48
1787062417075,223175,Lumbar,sit,0.035136,1.016504,-0.08784,4.55,-0.63,2.31,-48
1787062417075,223192,Lumbar,sit,0.03904,1.016016,-0.090768,4.41,-0.42,2.38,-48
1787062417075,223209,Lumbar,sit,0.040992,1.014064,-0.094672,4.27,-0.35,2.17,-48
1787062417075,223226,Lumbar,sit,0.03904,1.009672,-0.096624,4.41,-0.91,1.82,-48
1787062417432,223400,Lumbar,sit,0.026352,1.016992,-0.100528,3.08,-2.94,1.33,-48
1787062417432,223431,Lumbar,sit,0.0366,1.02968,-0.109312,-1.12,-3.92,-0.42,-48
1787062417432,223448,Lumbar,sit,0.03416,1.024312,-0.103944,-0.56,-4.27,-1.12,-48
1787062417432,223465,Lumbar,sit,0.029768,1.016992,-0.101504,0.49,-4.06,-1.26,-48
1787062417432,223482,Lumbar,sit,0.030256,0.99308,-0.099064,0.49,-3.64,-0.91,-48
1787062417432,223513,Lumbar,sit,0.037088,0.989664,-0.08784,3.5,-2.87,-0.07,-48
1787062417432,223530,Lumbar,sit,0.03904,1.010648,-0.092232,3.57,-1.82,0,-48
1787062417432,223547,Lumbar,sit,0.040504,1.016016,-0.0976,2.31,-1.61,-0.07,-48
1787062417432,223564,Lumbar,sit,0.037088,1.010648,-0.100528,1.96,-1.89,-0.14,-48
1787062417432,223581,Lumbar,sit,0.037576,1.00772,-0.100528,2.59,-2.1,-0.14,-48
1787062417790,223757,Lumbar,sit,0.030744,1.014552,-0.110288,1.54,-1.4,-0.21,-48
1787062417790,223788,Lumbar,sit,0.030744,1.007232,-0.106872,1.54,-2.17,-0.07,-48
1787062417790,223806,Lumbar,sit,0.032208,1.004792,-0.100528,2.24,-2.45,0.07,-48
1787062417790,223823,Lumbar,sit,0.030744,1.010648,-0.103944,2.17,-2.45,0.56,-48
1787062417790,223840,Lumbar,sit,0.030744,1.017968,-0.113216,0.56,-2.73,0.42,-48
1787062417790,223871,Lumbar,sit,0.030256,1.015528,-0.111264,-1.26,-3.22,-0.63,-48
1787062417790,223888,Lumbar,sit,0.024888,1.00528,-0.10736,-0.91,-3.08,-1.19,-48
1787062417790,223905,Lumbar,sit,0.023424,0.996984,-0.113216,-1.12,-3.15,-1.26,-48
1787062417790,223922,Lumbar,sit,0.022448,0.994056,-0.108336,-0.98,-3.08,-0.98,-48
1787062417790,223939,Lumbar,sit,0.022448,0.998448,-0.102968,-0.28,-2.73,-0.7,-48
1787062418149,224116,Lumbar,sit,0.018056,0.996984,-0.11224,-1.54,-1.4,-0.7,-48
1787062418149,224147,Lumbar,sit,0.013664,1.004792,-0.096136,0.63,-2.24,-1.19,-48
1787062418149,224164,Lumbar,sit,0.015616,1.015528,-0.09516,0.14,-2.94,-0.77,-48
1787062418149,224181,Lumbar,sit,0.021472,1.009672,-0.093696,-0.91,-3.15,-0.42,-48
1787062418149,224198,Lumbar,sit,0.02928,1.003328,-0.094184,-1.12,-3.22,-0.49,-48
1787062418149,224229,Lumbar,sit,0.035136,0.999912,-0.090768,-1.4,-2.94,-0.98,-48
1787062418149,224246,Lumbar,sit,0.029768,1.006744,-0.083936,-1.12,-2.52,-0.56,-48
1787062418149,224263,Lumbar,sit,0.025864,1.016504,-0.076128,-0.28,-2.1,-0.07,-48
1787062418149,224280,Lumbar,sit,0.016104,1.020408,-0.074176,0.21,-1.96,0.07,-48
1787062418149,224297,Lumbar,sit,0.00732,1.018944,-0.074176,0.98,-1.96,0.07,-48
1787062418506,224474,Lumbar,sit,0.030256,1.012112,-0.105896,1.12,-2.45,-0.07,-48
1787062418506,224505,Lumbar,sit,0.024888,1.008696,-0.105896,2.45,-3.71,0.49,-48
1787062418506,224522,Lumbar,sit,0.019032,1.01748,-0.101504,2.03,-3.57,0.28,-48
1787062418506,224539,Lumbar,sit,0.011224,1.017968,-0.09272,0.56,-3.71,0.21,-48
1787062418506,224556,Lumbar,sit,0.009272,1.021872,-0.081008,-0.91,-4.13,0.49,-48
1787062418506,224587,Lumbar,sit,0.014152,1.021872,-0.066856,-1.82,-4.2,1.12,-48
1787062418506,224604,Lumbar,sit,0.013176,1.010648,-0.066856,-1.33,-3.36,1.19,-48
1787062418506,224621,Lumbar,sit,0.013176,1.00528,-0.069784,-0.21,-2.59,1.26,-48
1787062418506,224638,Lumbar,sit,0.014152,0.998936,-0.0732,0.42,-2.24,1.05,-48
1787062418506,224655,Lumbar,sit,0.022448,0.999424,-0.076128,0.98,-2.17,1.05,-48
1787062418858,224831,Lumbar,sit,0.009272,1.0248,-0.084424,-0.35,-3.36,1.96,-48
1787062418858,224862,Lumbar,sit,0.015128,1.014552,-0.08052,-1.12,-3.99,1.68,-48
1787062418858,224879,Lumbar,sit,0.025376,0.99552,-0.069784,-0.42,-3.78,1.89,-48
1787062418858,224896,Lumbar,sit,0.032696,0.969656,-0.063928,0.28,-0.84,2.03,-48
1787062418858,224913,Lumbar,sit,0.034648,0.95892,-0.066856,0.7,-0.49,2.45,-48
1787062418858,224944,Lumbar,sit,0.061976,1.070672,-0.099552,1.33,-2.52,-0.28,-48
1787062418858,224961,Lumbar,sit,0.050752,1.099464,-0.099064,-3.08,-2.24,0,-48
1787062418858,224978,Lumbar,sit,0.022448,1.08092,-0.08052,-4.48,-2.17,0.98,-48
1787062418858,224995,Lumbar,sit,0.021472,1.003816,-0.06588,-2.59,-2.59,1.26,-48
1787062418858,225012,Lumbar,sit,0.04148,0.972584,-0.067832,-0.49,-2.38,0.21,-48
1787062419269,225237,Lumbar,sit,0.028792,1.008208,-0.061976,-0.42,-2.66,0,-46
1787062419269,225267,Lumbar,sit,0.025376,1.00772,-0.052216,0.49,-0.84,0.28,-46
1787062419269,225284,Lumbar,sit,0.02684,1.011136,-0.045872,0.21,-2.31,0.28,-46
1787062419269,225302,Lumbar,sit,0.029768,1.008208,-0.048312,0.77,-2.73,-0.14,-46
1787062419269,225319,Lumbar,sit,0.030744,1.010648,-0.052216,1.05,-2.8,-0.35,-46
1787062419269,225350,Lumbar,sit,0.026352,1.017968,-0.0732,0.35,-2.24,-0.28,-46
1787062419269,225366,Lumbar,sit,0.027816,1.012112,-0.073688,0.14,-1.96,-0.35,-46
1787062419269,225383,Lumbar,sit,0.028792,1.00284,-0.068808,1.26,-1.89,-0.49,-46
1787062419269,225400,Lumbar,sit,0.027328,1.010648,-0.065392,2.38,-2.17,-0.77,-46
1787062419269,225417,Lumbar,sit,0.022936,1.014064,-0.064904,2.17,-2.31,-0.63,-46
1787062419625,225593,Lumbar,sit,0.020984,1.013088,-0.074664,2.38,-1.61,0.35,-46
1787062419625,225624,Lumbar,sit,0.02684,1.008696,-0.065392,2.8,-1.82,0.07,-46
1787062419625,225641,Lumbar,sit,0.025376,1.009672,-0.063928,2.73,-2.1,0.14,-46
1787062419625,225658,Lumbar,sit,0.0244,1.0126,-0.060512,2.59,-2.24,0.28,-46
1787062419625,225675,Lumbar,sit,0.022448,1.0126,-0.05856,2.52,-2.24,0.49,-46
1787062419625,225706,Lumbar,sit,0.019032,1.015528,-0.066856,2.66,-1.54,0.63,-46
1787062419625,225723,Lumbar,sit,0.019032,1.015528,-0.073688,2.38,-1.33,0.49,-46
1787062419625,225740,Lumbar,sit,0.02196,1.0126,-0.076616,2.24,-1.47,0.28,-46
1787062419625,225757,Lumbar,sit,0.026352,1.009184,-0.0732,2.73,-1.82,0.28,-46
1787062419625,225774,Lumbar,sit,0.027328,1.009672,-0.072712,2.87,-2.1,0.42,-46
1787062419983,225949,Lumbar,sit,0.018544,1.016016,-0.06588,2.45,-2.03,0.63,-46
1787062419983,225981,Lumbar,sit,0.022936,1.002352,-0.072712,2.8,-1.82,0.63,-46
1787062419983,225998,Lumbar,sit,0.025376,1.0126,-0.07076,2.94,-1.61,0.63,-46
1787062419983,226015,Lumbar,sit,0.022448,1.025776,-0.081008,2.73,-1.26,0.77,-46
1787062419983,226032,Lumbar,sit,0.023912,1.01992,-0.09028,2.24,-2.1,0.56,-46
1787062419983,226063,Lumbar,sit,0.026352,1.007232,-0.085888,1.75,-3.01,0.35,-46
1787062419983,226080,Lumbar,sit,0.023424,1.005768,-0.07564,1.89,-3.36,0.42,-46
1787062419983,226097,Lumbar,sit,0.020008,1.008696,-0.067344,2.31,-3.22,0.56,-46
1787062419983,226114,Lumbar,sit,0.019032,1.010648,-0.063928,2.45,-2.73,0.63,-46
1787062419983,226131,Lumbar,sit,0.020984,1.012112,-0.064416,2.52,-2.52,0.7,-46
1787062420341,226305,Lumbar,sit,0.028792,1.005768,-0.065392,2.66,-2.17,1.33,-48
1787062420341,226336,Lumbar,sit,0.02928,1.011624,-0.06832,2.8,-2.45,0.77,-48
1787062420341,226353,Lumbar,sit,0.02196,1.016504,-0.075152,1.89,-3.15,0.63,-48
1787062420341,226371,Lumbar,sit,0.02196,1.015528,-0.07808,1.47,-3.57,0.84,-48
1787062420341,226387,Lumbar,sit,0.020008,1.016992,-0.082472,1.05,-3.85,1.05,-48
1787062420341,226418,Lumbar,sit,0.019032,1.01992,-0.083936,-0.35,-3.71,1.19,-48
1787062420341,226435,Lumbar,sit,0.018056,1.020408,-0.084912,-1.12,-4.06,1.05,-48
1787062420341,226452,Lumbar,sit,0.01708,1.020408,-0.084912,-1.68,-4.34,0.91,-48
1787062420341,226469,Lumbar,sit,0.021472,1.01016,-0.072224,-1.82,-4.62,0.77,-48
1787062420341,226486,Lumbar,sit,0.025376,1.002352,-0.06588,0.14,-3.99,0.56,-48
1787062420860,226662,Lumbar,sit,0.037576,1.01748,-0.059536,1.68,-2.87,0,-48
1787062420860,226693,Lumbar,sit,0.026352,1.00528,-0.060024,2.17,-2.94,-0.7,-48
1787062420860,226710,Lumbar,sit,0.025864,1.000888,-0.060512,3.78,-2.38,-0.63,-48
1787062420860,226727,Lumbar,sit,0.023912,1.00528,-0.061,4.27,-2.03,-0.63,-48
1787062420860,226744,Lumbar,sit,0.023912,1.010648,-0.064904,4.62,-1.68,-0.63,-48
1787062420860,226775,Lumbar,sit,0.027816,1.016504,-0.071248,3.71,-2.24,-0.49,-48
1787062420860,226792,Lumbar,sit,0.027816,1.01748,-0.071736,3.22,-2.24,-0.63,-48
1787062420860,226809,Lumbar,sit,0.025864,1.016016,-0.071736,2.94,-2.1,-0.49,-48
1787062420860,226826,Lumbar,sit,0.023912,1.013088,-0.075152,2.66,-2.1,-0.63,-48
1787062420860,226843,Lumbar,sit,0.024888,1.009672,-0.075152,2.52,-2.24,-0.84,-48
1787062421057,227018,Lumbar,sit,0.020984,1.015528,-0.06832,2.17,-2.52,0,-47
1787062421057,227049,Lumbar,sit,0.020984,1.01016,-0.067832,2.17,-2.1,0.14,-47
1787062421057,227066,Lumbar,sit,0.018544,1.012112,-0.069296,2.31,-1.96,0.28,-47
1787062421057,227083,Lumbar,sit,0.019032,1.014552,-0.073688,1.82,-1.89,0.42,-47
1787062421057,227100,Lumbar,sit,0.01952,1.010648,-0.071248,1.96,-1.89,0.14,-47
1787062421057,227131,Lumbar,sit,0.020008,1.011136,-0.076616,2.94,-2.31,0.07,-47
1787062421057,227148,Lumbar,sit,0.015616,1.016504,-0.087352,1.96,-2.1,0.56,-47
1787062421057,227165,Lumbar,sit,0.01464,1.009184,-0.084424,1.47,-2.03,0.77,-47
1787062421057,227183,Lumbar,sit,0.015616,1.00528,-0.074664,2.59,-2.31,0.77,-47
1787062421057,227201,Lumbar,sit,0.020008,1.006744,-0.07076,3.08,-2.17,0.91,-47
1787062421470,227375,Lumbar,sit,0.028304,1.015528,-0.079056,1.26,-2.45,-0.28,-47
1787062421470,227406,Lumbar,sit,0.035136,1.013576,-0.079056,0.84,-2.87,-0.77,-47
1787062421470,227423,Lumbar,sit,0.032696,1.018944,-0.081008,0.28,-2.87,-1.05,-47
1787062421470,227440,Lumbar,sit,0.023912,1.014552,-0.077592,-0.35,-2.59,-1.19,-47
1787062421470,227457,Lumbar,sit,0.01952,1.010648,-0.072224,-0.21,-2.59,-1.12,-47
1787062421470,227488,Lumbar,sit,0.00976,1.011136,-0.067344,0,-2.24,-0.77,-47
1787062421470,227505,Lumbar,sit,0.007808,1.01504,-0.069784,-0.21,-1.61,-0.42,-47
1787062421470,227522,Lumbar,sit,0.007808,1.016504,-0.07076,-0.91,-0.84,-0.28,-47
1787062421470,227539,Lumbar,sit,0.009272,1.016504,-0.072712,-1.19,-0.63,-0.42,-47
1787062421470,227556,Lumbar,sit,0.013176,1.014552,-0.07564,-1.12,-0.77,-0.84,-47
1787062421772,227732,Lumbar,sit,0.006344,1.011624,-0.077104,1.89,-0.84,0.91,-47
1787062421772,227763,Lumbar,sit,0.0244,1.019432,-0.09272,0.91,-1.12,0.28,-47
1787062421772,227780,Lumbar,sit,0.024888,1.01748,-0.088328,0.14,-1.19,-0.14,-47
1787062421772,227798,Lumbar,sit,0.016104,1.016992,-0.07564,-0.49,-1.4,0.21,-47
1787062421772,227815,Lumbar,sit,0.013176,1.016016,-0.067344,-0.91,-1.47,0.42,-47
1787062421772,227846,Lumbar,sit,0.01952,1.023336,-0.049776,-1.75,-1.33,0.35,-47
1787062421772,227863,Lumbar,sit,0.02196,1.026264,-0.049776,-2.03,-1.19,0.35,-47
1787062421772,227880,Lumbar,sit,0.023912,1.026752,-0.050264,-2.03,-1.12,0.35,-47
1787062421772,227897,Lumbar,sit,0.016592,1.01504,-0.051728,-2.03,-1.33,0.42,-47
1787062421772,227914,Lumbar,sit,0.010736,1.009184,-0.054168,-1.82,-1.61,0.63,-47
1787062422290,228090,Lumbar,sit,0.02684,1.009184,-0.045384,1.96,-1.96,-0.7,-47
1787062422290,228122,Lumbar,sit,0.020008,1.008696,-0.054656,2.1,-1.75,-0.35,-47
1787062422290,228138,Lumbar,sit,0.011224,1.008696,-0.059048,2.17,-1.54,-0.28,-47
1787062422290,228156,Lumbar,sit,0.013176,1.014552,-0.060512,1.96,-1.26,-0.49,-47
1787062422290,228173,Lumbar,sit,0.013664,1.018944,-0.069784,1.68,-1.05,-0.56,-47
1787062422290,228204,Lumbar,sit,0.010736,1.003328,-0.053192,2.8,-2.38,-0.28,-47
1787062422290,228221,Lumbar,sit,0.01952,1.0004,-0.046848,4.13,-2.03,-0.21,-47
1787062422290,228238,Lumbar,sit,0.020496,1.011136,-0.047336,4.48,-1.47,0,-47
1787062422290,228255,Lumbar,sit,0.024888,1.01504,-0.049288,3.92,-0.63,-0.28,-47
1787062422290,228272,Lumbar,sit,0.022936,1.013576,-0.061,2.73,-0.49,-0.77,-47
1787062422487,228446,Lumbar,sit,0.003904,1.011624,-0.053192,0.77,-1.75,0.98,-47
1787062422487,228477,Lumbar,sit,0.005856,1.011136,-0.047336,2.03,-1.68,1.89,-47
1787062422487,228494,Lumbar,sit,0.010248,1.013576,-0.04636,2.24,-1.61,2.03,-47
1787062422487,228511,Lumbar,sit,0.018544,1.014552,-0.046848,2.73,-1.54,2.24,-47
1787062422487,228528,Lumbar,sit,0.0244,1.016992,-0.052704,2.45,-1.54,2.31,-47
1787062422487,228559,Lumbar,sit,0.026352,1.011136,-0.05612,1.89,-1.68,2.24,-47
1787062422487,228576,Lumbar,sit,0.024888,1.006744,-0.05612,2.31,-1.82,2.24,-47
1787062422487,228593,Lumbar,sit,0.02196,1.006744,-0.055632,3.29,-1.75,2.17,-47
1787062422487,228611,Lumbar,sit,0.018056,1.008208,-0.05856,3.92,-1.47,2.38,-47
1787062422487,228629,Lumbar,sit,0.01708,1.012112,-0.062464,3.92,-1.12,2.45,-47
1787062422843,228805,Lumbar,sit,0.029768,1.01504,-0.061976,0.84,-3.08,0.91,-47
1787062422843,228837,Lumbar,sit,0.032208,1.008696,-0.04636,1.54,-2.17,1.05,-47
1787062422843,228854,Lumbar,sit,0.024888,1.016504,-0.0488,1.26,-1.75,1.19,-47
1787062422843,228871,Lumbar,sit,0.027328,1.026264,-0.045872,0.21,-0.63,0.98,-47
1787062422843,228888,Lumbar,sit,0.030256,1.025288,-0.05124,-0.21,-0.35,0.56,-47
1787062422843,228919,Lumbar,sit,0.034648,1.005768,-0.061976,-0.63,-1.4,0.14,-47
1787062422843,228936,Lumbar,sit,0.03172,0.987224,-0.058072,1.4,-1.82,0.28,-47
1787062422843,228953,Lumbar,sit,0.023912,0.992592,-0.055144,4.48,-1.68,0.49,-47
1787062422843,228970,Lumbar,sit,0.023424,1.011136,-0.060512,5.18,-1.54,0.28,-47
1787062422843,228987,Lumbar,sit,0.022448,1.014552,-0.061976,4.97,-1.47,-0.21,-47
1787062423200,229162,Lumbar,sit,0.01952,1.02236,-0.069296,2.8,-2.45,1.26,-47
1787062423200,229193,Lumbar,sit,0.020496,1.012112,-0.08296,2.31,-2.03,1.61,-47
1787062423200,229210,Lumbar,sit,0.022448,1.009672,-0.092232,1.54,-2.03,1.82,-47
1787062423200,229228,Lumbar,sit,0.018056,1.015528,-0.093696,0.42,-2.24,1.89,-47
1787062423200,229245,Lumbar,sit,0.015616,1.021384,-0.079544,-0.07,-3.01,1.68,-47
1787062423200,229276,Lumbar,sit,0.020008,1.024312,-0.066368,0.49,-3.85,1.4,-47
1787062423200,229293,Lumbar,sit,0.01464,1.021872,-0.06588,-0.63,-3.92,1.54,-47
1787062423200,229310,Lumbar,sit,0.015128,1.023336,-0.058072,-0.98,-4.2,1.75,-47
1787062423200,229327,Lumbar,sit,0.025864,1.033096,-0.058072,-1.4,-3.99,1.4,-47
1787062423200,229344,Lumbar,sit,0.02928,1.02968,-0.071248,-3.15,-3.36,1.12,-47
1787062423556,229520,Lumbar,sit,0.005856,1.022848,-0.055632,7.21,-0.42,5.46,-47
1787062423556,229551,Lumbar,sit,0,1.018456,-0.084424,3.85,0.14,5.53,-47
1787062423556,229568,Lumbar,sit,0.007808,1.00528,-0.083448,3.22,0.07,5.88,-47
1787062423556,229585,Lumbar,sit,0.019032,0.992104,-0.07564,4.13,-0.56,5.95,-47
1787062423556,229602,Lumbar,sit,0.023912,0.991128,-0.074664,6.65,0,6.37,-47
1787062423556,229633,Lumbar,sit,0.03416,0.994056,-0.081008,9.03,1.75,7.42,-47
1787062423556,229650,Lumbar,sit,0.042944,0.998936,-0.077592,8.47,2.03,7.63,-47
1787062423556,229667,Lumbar,sit,0.052216,1.001864,-0.070272,8.47,2.1,8.47,-47
1787062423556,229684,Lumbar,sit,0.055144,1.015528,-0.057584,8.82,1.96,8.82,-47
1787062423556,229701,Lumbar,sit,0.049776,1.019432,-0.04392,9.38,1.75,9.24,-47
1787062423914,229875,Lumbar,sit,0.059536,1.038464,-0.104432,-6.51,-1.54,2.17,-47
1787062423914,229906,Lumbar,sit,0.0732,1.032608,-0.051728,-4.06,-6.93,-1.68,-47
1787062423914,229923,Lumbar,sit,0.081496,1.01992,-0.038064,-3.22,-9.94,-4.06,-47
1787062423914,229940,Lumbar,sit,0.11224,0.986248,-0.006344,-1.75,-10.57,-5.04,-47
1787062423914,229957,Lumbar,sit,0.130784,0.960384,-0.005856,0.77,-9.45,-5.32,-47
1787062423914,229988,Lumbar,sit,0.107848,0.97112,-0.033184,3.08,-5.95,-4.34,-47
1787062423914,230005,Lumbar,sit,0.094672,1.004792,-0.046848,3.99,-4.76,-3.08,-47
1787062423914,230022,Lumbar,sit,0.091744,1.030168,-0.062464,2.94,-3.85,-2.73,-47
1787062423914,230039,Lumbar,sit,0.09028,1.025776,-0.062952,4.27,-2.31,-3.57,-47
1787062423914,230056,Lumbar,sit,0.087352,1.019432,-0.070272,4.69,-2.31,-4.62,-47
1787062424271,230234,Lumbar,sit,0.022936,1.02724,-0.086376,8.89,0.56,-3.5,-47
1787062424271,230265,Lumbar,sit,0.02196,1.037488,-0.116144,6.79,-4.41,-2.31,-47
1787062424271,230282,Lumbar,sit,0.026352,1.031144,-0.121024,5.46,-3.22,-1.96,-47
1787062424271,230299,Lumbar,sit,0.022448,1.01016,-0.122488,4.48,-2.24,-1.61,-47
1787062424271,230316,Lumbar,sit,0.025864,1.005768,-0.11956,4.76,-0.98,-0.91,-47
1787062424271,230347,Lumbar,sit,0.029768,1.021872,-0.124928,2.24,-0.63,-0.7,-47
1787062424271,230363,Lumbar,sit,0.0244,1.014064,-0.116632,1.75,-2.24,-0.56,-47
1787062424271,230380,Lumbar,sit,0.015128,1.012112,-0.110288,1.68,-3.78,-0.07,-47
1787062424271,230397,Lumbar,sit,0.00732,1.016504,-0.093696,1.68,-4.06,0.77,-47
1787062424271,230414,Lumbar,sit,0.000488,1.018456,-0.08296,1.89,-2.73,1.96,-47
1787062424626,230589,Lumbar,sit,0.087352,1.009672,-0.126392,5.39,3.64,10.85,-47
1787062424626,230620,Lumbar,sit,0.099552,1.01748,-0.108336,8.54,-0.7,9.03,-47
1787062424626,230637,Lumbar,sit,0.11224,1.010648,-0.101504,8.19,-1.47,9.52,-47
1787062424626,230655,Lumbar,sit,0.114192,0.992592,-0.102968,8.68,-1.12,9.87,-47
1787062424626,230672,Lumbar,sit,0.103944,1.00528,-0.121024,9.52,-0.28,10.57,-47
1787062424626,230703,Lumbar,sit,0.096624,1.017968,-0.122,7.56,1.05,11.13,-47
1787062424626,230720,Lumbar,sit,0.093696,1.008208,-0.127856,7.21,1.33,10.85,-47
1787062424626,230737,Lumbar,sit,0.098088,1.005768,-0.12444,6.16,1.96,9.38,-47
1787062424626,230754,Lumbar,sit,0.102968,1.00284,-0.11956,5.74,2.31,8.68,-47
1787062424626,230771,Lumbar,sit,0.10004,0.99552,-0.122,5.46,2.31,8.54,-47
1787062424982,230944,Lumbar,sit,0.12688,1.026264,-0.13664,1.68,-6.93,-4.9,-49
1787062424982,230975,Lumbar,sit,0.122976,1.014064,-0.125904,0.91,-8.96,-6.02,-49
1787062424982,230992,Lumbar,sit,0.117608,1.00528,-0.116144,1.75,-7.49,-6.37,-49
1787062424982,231009,Lumbar,sit,0.106384,1.008208,-0.118096,1.75,-6.93,-6.23,-49
1787062424982,231026,Lumbar,sit,0.098576,1.00528,-0.123952,0.14,-5.81,-6.58,-49
1787062424982,231057,Lumbar,sit,0.079544,0.989176,-0.12444,0.49,-6.02,-6.58,-49
1787062424982,231074,Lumbar,sit,0.076128,0.983808,-0.123464,1.05,-6.02,-6.93,-49
1787062424982,231091,Lumbar,sit,0.0732,0.979904,-0.122,2.8,-5.6,-7.56,-49
1787062424982,231108,Lumbar,sit,0.06588,0.984296,-0.12688,4.41,-4.76,-7.49,-49
1787062424982,231125,Lumbar,sit,0.061488,0.989664,-0.139568,5.32,-4.34,-7.91,-49
1787062425341,231301,Lumbar,sit,0.049288,0.991128,-0.159088,5.74,-2.66,-4.62,-49
1787062425341,231332,Lumbar,sit,0.04392,1.002352,-0.167872,4.34,-2.17,-3.78,-49
1787062425341,231349,Lumbar,sit,0.027816,1.023824,-0.18056,3.57,-1.96,-3.57,-49
1787062425341,231366,Lumbar,sit,0.010736,1.02968,-0.185928,1.82,-2.59,-3.22,-49
1787062425341,231382,Lumbar,sit,0.008784,1.025288,-0.182512,0.42,-3.15,-2.73,-49
1787062425341,231413,Lumbar,sit,0.01464,1.018456,-0.175192,-2.73,-2.8,-1.75,-49
1787062425341,231430,Lumbar,sit,0.006832,1.014552,-0.162504,-5.04,-3.01,-0.77,-49
1787062425341,231447,Lumbar,sit,0.000976,1.016016,-0.151768,-7.77,-2.17,0.42,-49
1787062425341,231464,Lumbar,sit,0.00488,1.013088,-0.137616,-8.68,-0.77,0.49,-49
1787062425341,231481,Lumbar,sit,0.02684,1.012112,-0.130784,-8.54,-0.28,-0.91,-49
1787062425702,231658,Lumbar,sit,0.02196,1.015528,-0.154208,-2.94,-1.26,10.85,-49
1787062425702,231689,Lumbar,sit,0.022936,1.003328,-0.168848,-2.66,0.56,12.6,-49
1787062425702,231706,Lumbar,sit,0.040016,1.050664,-0.196664,-8.75,-0.84,10.22,-49
1787062425702,231723,Lumbar,sit,0.05612,1.030168,-0.169824,-15.05,-1.19,9.52,-49
1787062425702,231740,Lumbar,sit,0.053192,0.982344,-0.122488,-15.82,-0.91,8.75,-49
1787062425702,231771,Lumbar,sit,0.088328,0.939888,-0.074664,-10.08,0.35,8.68,-49
1787062425702,231788,Lumbar,sit,0.12932,0.962336,-0.06344,-4.9,2.45,7.98,-49
1787062425702,231805,Lumbar,sit,0.138104,0.99796,-0.074176,-2.24,2.24,5.74,-49
1787062425702,231822,Lumbar,sit,0.12688,1.014552,-0.08052,-1.54,-16.94,3.78,-49
1787062425702,231839,Lumbar,sit,0.11468,1.026752,-0.091256,-1.89,-1.19,3.36,-49
1787062426056,232015,Lumbar,sit,0.063928,0.991616,-0.075152,2.17,-4.83,-3.5,-49
1787062426056,232047,Lumbar,sit,0.071248,0.999424,-0.089792,5.32,-5.04,-3.64,-49
1787062426056,232064,Lumbar,sit,0.078568,1.009184,-0.106872,7.28,-6.37,-4.62,-49
1787062426056,232081,Lumbar,sit,0.083448,1.011624,-0.112728,8.47,-8.54,-4.83,-49
1787062426056,232098,Lumbar,sit,0.083936,1.018456,-0.13176,7.07,-11.13,-4.9,-49
1787062426056,232129,Lumbar,sit,0.06588,1.01748,-0.119072,7,-13.72,-7.84,-49
1787062426056,232146,Lumbar,sit,0.067344,1.016992,-0.10004,9.52,-13.86,-10.5,-49
1787062426056,232163,Lumbar,sit,0.068808,1.013088,-0.095648,9.24,-13.16,-10.78,-49
1787062426056,232180,Lumbar,sit,0.07076,0.991128,-0.09028,6.93,-12.11,-10.29,-49
1787062426056,232197,Lumbar,sit,0.05856,0.968192,-0.091744,6.02,-9.66,-9.45,-49
1787062426412,232374,Lumbar,sit,-0.01464,1.009672,-0.128344,1.75,-1.68,-6.09,-47
1787062426412,232404,Lumbar,sit,0.007808,1.002352,-0.114192,4.27,-0.98,-4.76,-47
1787062426412,232422,Lumbar,sit,0.00732,1.000888,-0.11224,5.25,-1.96,-2.87,-47
1787062426412,232438,Lumbar,sit,0.005368,0.991616,-0.11468,5.67,-2.45,-1.12,-47
1787062426412,232455,Lumbar,sit,0,0.987712,-0.121024,5.53,-1.47,0.56,-47
1787062426412,232486,Lumbar,sit,-0.009272,1.023824,-0.1464,3.08,-1.4,2.94,-47
1787062426412,232503,Lumbar,sit,-0.006832,1.029192,-0.14396,1.4,-4.48,4.34,-47
1787062426412,232520,Lumbar,sit,0.00732,1.02724,-0.142496,2.03,-6.09,4.83,-47
1787062426412,232537,Lumbar,sit,0.00732,1.02236,-0.15128,2.52,-8.05,5.88,-47
1787062426412,232554,Lumbar,sit,-0.004392,1.010648,-0.159088,4.34,-8.96,7,-47
1787062426768,232727,Lumbar,sit,0.067832,0.979416,-0.139568,2.59,2.45,9.66,-47
1787062426768,232758,Lumbar,sit,0.086376,0.96624,-0.13664,6.16,4.83,8.61,-47
1787062426768,232775,Lumbar,sit,0.099064,1.006256,-0.159088,7,4.48,9.31,-47
1787062426768,232792,Lumbar,sit,0.099552,1.027728,-0.16348,5.11,3.85,9.59,-47
1787062426768,232809,Lumbar,sit,0.083936,1.022848,-0.156648,3.64,2.17,9.52,-47
1787062426768,232840,Lumbar,sit,0.094184,1.018456,-0.157136,0.42,2.94,8.96,-47
1787062426768,232857,Lumbar,sit,0.101016,1.009672,-0.146888,-1.68,4.2,8.82,-47
1787062426768,232874,Lumbar,sit,0.117608,1.009184,-0.12444,-1.61,5.32,7.14,-47
1787062426768,232891,Lumbar,sit,0.125416,1.008696,-0.119072,0.07,3.29,4.9,-47
1787062426768,232908,Lumbar,sit,0.128832,1.006744,-0.12444,0.91,1.96,3.92,-47
1787062427124,233082,Lumbar,sit,0.088328,0.973072,-0.154208,-0.28,-11.9,-5.74,-47
1787062427124,233114,Lumbar,sit,0.062952,0.987224,-0.111264,-1.68,-8.33,-7,-47
1787062427124,233131,Lumbar,sit,0.050752,0.966728,-0.090768,-3.57,-3.64,-6.58,-47
1787062427124,233148,Lumbar,sit,0.044408,0.953064,-0.101504,-0.63,-0.14,-6.44,-47
1787062427124,233165,Lumbar,sit,0.045872,0.94916,-0.116144,1.26,-0.14,-5.6,-47
1787062427124,233196,Lumbar,sit,0.096136,1.026264,-0.207888,2.17,-4.69,-5.25,-47
1787062427124,233213,Lumbar,sit,0.10004,1.04432,-0.186904,-4.69,-6.02,-6.44,-47
1787062427124,233230,Lumbar,sit,0.071736,1.037,-0.16348,-6.93,-5.53,-7.21,-47
1787062427124,233247,Lumbar,sit,0.02196,0.987224,-0.116144,-7,-3.85,-6.79,-47
1787062427124,233264,Lumbar,sit,0.00488,0.945744,-0.096136,-1.26,-1.89,-3.08,-47
1787062427482,233441,Lumbar,sit,0.066856,0.995032,-0.18056,12.04,0.91,-0.49,-55
1787062427482,233471,Lumbar,sit,0.098088,1.062376,-0.233264,5.88,3.36,-2.31,-55
1787062427482,233489,Lumbar,sit,0.09028,1.059936,-0.203008,1.12,1.12,-4.69,-55
1787062427482,233505,Lumbar,sit,0.084424,1.045296,-0.176168,0.84,-2.17,-5.81,-55
1787062427482,233522,Lumbar,sit,0.067832,1.020896,-0.127856,1.19,-3.92,-5.74,-55
1787062427482,233553,Lumbar,sit,0.071248,0.99064,-0.110288,2.8,-6.44,-3.92,-55
1787062427482,233570,Lumbar,sit,0.077592,0.982344,-0.11224,3.01,-6.02,-2.87,-55
1787062427482,233587,Lumbar,sit,0.080032,0.989176,-0.127368,3.57,-4.41,-2.52,-55
1787062427482,233604,Lumbar,sit,0.066368,1.005768,-0.143472,1.89,-1.89,-2.31,-55
1787062427482,233621,Lumbar,sit,0.038064,0.998448,-0.159576,-1.96,-1.33,-2.38,-55
1787062427838,233797,Lumbar,sit,-0.044896,0.964288,-0.084912,3.85,-0.28,5.04,-55
1787062427838,233828,Lumbar,sit,-0.015616,0.983808,-0.123952,9.31,1.61,6.65,-55
1787062427838,233845,Lumbar,sit,-0.005856,0.993568,-0.140056,9.52,1.47,6.37,-55
1787062427838,233862,Lumbar,sit,0.023424,1.027728,-0.179096,7.28,1.61,6.23,-55
1787062427838,233879,Lumbar,sit,0.04148,1.052128,-0.220088,2.8,1.19,4.97,-55
1787062427838,233910,Lumbar,sit,0.061,1.048712,-0.216184,-0.84,-1.05,1.96,-55
1787062427838,233927,Lumbar,sit,0.073688,1.023336,-0.17324,-0.7,-2.94,0.07,-55
1787062427838,233944,Lumbar,sit,0.079544,0.992104,-0.145424,1.26,-4.48,-0.84,-55
1787062427838,233961,Lumbar,sit,0.079544,0.979904,-0.143472,2.8,-6.09,0.42,-55
1787062427838,233978,Lumbar,sit,0.07808,0.987224,-0.150792,3.5,-8.05,2.38,-55
1787062428228,234153,Lumbar,sit,0.022936,0.973072,-0.179584,1.68,-0.77,-1.61,-55
1787062428228,234185,Lumbar,sit,0.064416,0.992592,-0.147376,4.06,-1.33,-0.91,-55
1787062428228,234202,Lumbar,sit,0.064904,1.0004,-0.137128,3.08,-2.59,-0.49,-55
1787062428228,234219,Lumbar,sit,0.040016,1.006744,-0.134688,2.38,-2.87,0,-55
1787062428228,234236,Lumbar,sit,0.018544,1.011136,-0.14152,3.43,-2.45,0.28,-55
1787062428228,234267,Lumbar,sit,0.015128,1.033096,-0.150304,1.4,-1.26,1.89,-55
1787062428228,234284,Lumbar,sit,0.0122,1.026752,-0.144448,-0.84,0.42,1.47,-55
1787062428228,234301,Lumbar,sit,0.000976,1.002352,-0.133224,-0.77,0.84,0.84,-55
1787062428228,234318,Lumbar,sit,-0.00732,0.995032,-0.131272,0,0.7,1.89,-55
1787062428228,234335,Lumbar,sit,-0.019032,0.985272,-0.134688,1.89,0.35,2.8,-55
1787062428552,234508,Lumbar,sit,0.07808,1.00772,-0.166896,-0.91,-3.43,2.17,-51
1787062428552,234541,Lumbar,sit,0.06588,1.011136,-0.18056,-4.97,-2.31,2.1,-51
1787062428552,234558,Lumbar,sit,0.06588,0.996496,-0.186416,-7.77,-1.96,1.96,-51
1787062428552,234575,Lumbar,sit,0.068808,0.963312,-0.166896,-7,-2.59,1.61,-51
1787062428552,234592,Lumbar,sit,0.066856,0.957944,-0.152744,-2.73,-2.45,1.54,-51
1787062428552,234609,Lumbar,sit,0.059536,0.959408,-0.126392,-0.91,-1.75,1.75,-51
1787062428552,234640,Lumbar,sit,0.061,0.962824,-0.144936,3.78,0.63,2.38,-51
1787062428552,234657,Lumbar,sit,0.071248,0.976976,-0.150792,4.76,1.47,1.61,-51
1787062428552,234674,Lumbar,sit,0.062952,1.000888,-0.15128,4.55,2.94,1.61,-51
1787062428552,234691,Lumbar,sit,0.045872,1.011136,-0.135664,2.94,4.27,2.17,-51
1787062428909,234866,Lumbar,sit,0.03172,0.986248,-0.160552,0.84,0.63,3.78,-51
1787062428909,234898,Lumbar,sit,0.031232,1.015528,-0.167872,1.68,0.21,3.43,-51
1787062428909,234915,Lumbar,sit,0.05612,1.028704,-0.162504,0.77,-1.75,3.43,-51
1787062428909,234932,Lumbar,sit,0.067832,1.02724,-0.157624,0.49,-3.36,2.87,-51
1787062428909,234949,Lumbar,sit,0.08052,1.023824,-0.144936,1.26,-3.5,2.31,-51
1787062428909,234980,Lumbar,sit,0.08052,1.019432,-0.142496,-0.35,-3.08,0.91,-51
1787062428909,234997,Lumbar,sit,0.0854,1.014552,-0.149816,-0.98,-3.29,0.56,-51
1787062428909,235014,Lumbar,sit,0.09028,1.002352,-0.145912,-1.61,-2.66,0.35,-51
1787062428909,235031,Lumbar,sit,0.080032,0.99796,-0.145424,-1.89,-1.26,0.35,-51
1787062428909,235048,Lumbar,sit,0.086376,0.98332,-0.122976,-2.31,-0.56,0.7,-51
1787062429267,235223,Lumbar,sit,0.073688,1.025776,-0.115656,10.22,5.25,-0.91,-51
1787062429267,235255,Lumbar,sit,0.081008,1.023336,-0.127368,6.16,7.7,-2.66,-51
1787062429267,235272,Lumbar,sit,0.076128,1.01504,-0.141032,5.67,7.63,-3.22,-51
1787062429267,235290,Lumbar,sit,0.070272,0.994544,-0.176656,5.74,5.18,-3.01,-51
1787062429267,235307,Lumbar,sit,0.09028,0.988688,-0.19276,6.23,3.29,-3.5,-51
1787062429267,235324,Lumbar,sit,0.07808,0.986736,-0.215208,4.83,0.77,-4.13,-51
1787062429267,235355,Lumbar,sit,0.070272,1.043832,-0.245464,-4.62,-3.92,-5.32,-51
1787062429267,235372,Lumbar,sit,0.074176,1.04432,-0.213256,-7,-7.56,-6.16,-51
1787062429267,235389,Lumbar,sit,0.07564,1.020408,-0.196664,-7.7,-10.08,-5.67,-51
1787062429267,235406,Lumbar,sit,0.077592,1.025776,-0.186416,-6.37,-11.97,-5.74,-51
1787062429633,235580,Lumbar,sit,0.038064,0.991616,-0.18056,7.49,-6.86,-5.6,-47
1787062429633,235611,Lumbar,sit,0.044408,1.02968,-0.17812,6.51,-9.59,-4.62,-47
1787062429633,235628,Lumbar,sit,0.031232,1.046272,-0.147864,5.04,-10.29,-4.41,-47
1787062429633,235645,Lumbar,sit,0.01708,1.03456,-0.115656,3.01,-8.05,-4.27,-47
1787062429633,235662,Lumbar,sit,-0.001464,1.011136,-0.108824,4.62,-5.25,-3.71,-47
1787062429633,235693,Lumbar,sit,-0.023424,1.02968,-0.141032,4.83,-3.15,-3.36,-47
1787062429633,235710,Lumbar,sit,0.005368,1.016504,-0.144448,1.96,-3.01,-4.06,-47
1787062429633,235727,Lumbar,sit,0.023424,0.877424,-0.127856,0.7,-2.66,-4.9,-47
1787062429633,235744,Lumbar,sit,0.023912,0.976488,-0.125904,0.84,-2.59,-4.41,-47
1787062429633,235761,Lumbar,sit,0.00488,0.986736,-0.138104,0.14,-2.94,-4.13,-47
1787062430071,235938,Lumbar,sit,-0.008296,0.994056,-0.122,-3.15,-2.52,-1.19,-47
1787062430071,235969,Lumbar,sit,0.006344,0.984784,-0.14884,-3.01,-3.57,-2.59,-47
1787062430071,235986,Lumbar,sit,0.022448,0.998936,-0.165432,-4.34,-4.97,-2.38,-47
1787062430071,236003,Lumbar,sit,0.031232,0.992592,-0.14884,-3.43,-6.09,-0.91,-47
1787062430071,236021,Lumbar,sit,0.01708,0.997472,-0.149328,-1.12,-5.39,2.1,-47
1787062430071,236052,Lumbar,sit,0.00732,1.022848,-0.183976,-5.25,-4.55,4.27,-47
1787062430071,236069,Lumbar,sit,0.001952,1.004792,-0.157624,-8.19,-3.36,3.5,-47
1787062430071,236086,Lumbar,sit,-0.000976,0.985272,-0.108336,-6.58,-3.78,2.87,-47
1787062430071,236103,Lumbar,sit,0.001464,0.958432,-0.093208,-4.41,-3.92,2.73,-47
1787062430071,236120,Lumbar,sit,-0.005856,0.957944,-0.098576,0.77,-3.99,2.52,-47
1787062430345,236297,Lumbar,sit,0.020496,1.018456,-0.160552,-3.78,-2.87,4.9,-49
1787062430345,236328,Lumbar,sit,0.007808,1.003816,-0.119072,-2.24,-7.35,4.13,-49
1787062430345,236345,Lumbar,sit,0.00244,0.987712,-0.077592,-1.82,-6.51,4.97,-49
1787062430345,236362,Lumbar,sit,0.014152,0.963312,-0.09272,-2.1,-2.87,6.02,-49
1787062430345,236380,Lumbar,sit,0.024888,0.97844,-0.140056,-1.61,-0.77,5.67,-49
1787062430345,236398,Lumbar,sit,0.032208,0.99308,-0.14884,2.38,-2.52,7.56,-49
1787062430345,236429,Lumbar,sit,0.025376,1.047248,-0.145424,-4.97,-7.07,11.13,-49
1787062430345,236447,Lumbar,sit,0.03904,1.048224,-0.139568,-10.57,-6.58,9.1,-49
1787062430345,236464,Lumbar,sit,0.039528,1.039928,-0.125904,-10.78,-6.09,7.21,-49
1787062430345,236481,Lumbar,sit,0.02928,0.991616,-0.079056,-9.03,-6.09,7.35,-49
1787062430701,236658,Lumbar,sit,0.094184,1.057496,-0.130296,1.89,4.76,4.76,-49
1787062430701,236689,Lumbar,sit,0.081008,1.04432,-0.121512,0.49,1.96,3.71,-49
1787062430701,236706,Lumbar,sit,0.089792,1.016016,-0.115168,0.77,-0.49,3.5,-49
1787062430701,236723,Lumbar,sit,0.095648,0.998448,-0.103944,1.26,-0.63,3.43,-49
1787062430701,236740,Lumbar,sit,0.085888,0.996008,-0.099064,-0.21,-0.07,3.78,-49
1787062430701,236771,Lumbar,sit,0.068808,0.992104,-0.09028,-1.05,0.77,4.48,-49
1787062430701,236788,Lumbar,sit,0.06588,0.999424,-0.09516,-1.26,1.19,4.48,-49
1787062430701,236805,Lumbar,sit,0.061976,1.007232,-0.10736,-1.61,1.96,3.85,-49
1787062430701,236822,Lumbar,sit,0.05368,1.012112,-0.11468,-2.1,2.59,2.8,-49
1787062430701,236839,Lumbar,sit,0.053192,1.0126,-0.11956,-2.59,3.08,1.96,-49
1787062431059,237014,Lumbar,sit,0.105896,0.978928,-0.095648,5.67,3.43,6.44,-49
1787062431059,237045,Lumbar,sit,0.089304,1.0004,-0.111752,7.91,4.9,4.69,-49
1787062431059,237062,Lumbar,sit,0.083936,1.02236,-0.143472,5.67,4.76,3.71,-49
1787062431059,237080,Lumbar,sit,0.083936,1.026752,-0.149328,2.31,2.73,3.15,-49
1787062431059,237097,Lumbar,sit,0.088328,1.01992,-0.137128,2.03,0.14,3.29,-49
1787062431059,237128,Lumbar,sit,0.118584,0.991616,-0.102968,4.41,-0.77,3.43,-49
1787062431059,237145,Lumbar,sit,0.122976,0.999912,-0.105896,4.06,0.7,3.29,-49
1787062431059,237162,Lumbar,sit,0.12444,1.020408,-0.10736,3.29,1.19,2.31,-49
1787062431059,237179,Lumbar,sit,0.120536,1.030656,-0.108336,2.03,0.77,1.47,-49
1787062431059,237196,Lumbar,sit,0.118096,1.026752,-0.112728,1.19,-0.42,-0.21,-49
1787062431432,237371,Lumbar,sit,0.08052,1.013576,-0.105896,-1.89,-5.88,-4.69,-49
1787062431432,237402,Lumbar,sit,0.100528,0.985272,-0.071248,2.38,-6.79,-5.6,-49
1787062431432,237419,Lumbar,sit,0.104432,0.976976,-0.067344,4.62,-6.02,-5.46,-49
1787062431432,237436,Lumbar,sit,0.11468,0.97112,-0.072224,5.04,-5.04,-5.46,-49
1787062431432,237453,Lumbar,sit,0.11712,0.979416,-0.081984,5.88,-1.96,-5.53,-49
1787062431432,237484,Lumbar,sit,0.103944,0.992592,-0.093208,7.07,0.84,-4.97,-49
1787062431432,237501,Lumbar,sit,0.093696,0.990152,-0.11468,6.93,0.91,-4.9,-49
1787062431432,237517,Lumbar,sit,0.092232,0.99064,-0.130296,7.28,0.21,-5.18,-49
1787062431432,237535,Lumbar,sit,0.0854,1.000888,-0.139568,7.21,-0.42,-5.6,-49
1787062431432,237552,Lumbar,sit,0.069296,1.016504,-0.148352,6.02,-1.05,-5.74,-49
1787062431776,237728,Lumbar,sit,0.061488,1.031144,-0.156648,1.26,-4.83,-1.19,-53
1787062431776,237759,Lumbar,sit,0.062952,1.014064,-0.123464,0.07,-5.53,-3.43,-53
1787062431776,237776,Lumbar,sit,0.07564,1.01016,-0.117608,0.35,-6.09,-3.99,-53
1787062431776,237793,Lumbar,sit,0.08052,1.016016,-0.106872,0.35,-6.79,-4.06,-53
1787062431776,237810,Lumbar,sit,0.077592,1.017968,-0.103944,0.35,-6.86,-3.64,-53
1787062431776,237841,Lumbar,sit,0.076128,1.001864,-0.10248,0.84,-6.65,-3.85,-53
1787062431776,237858,Lumbar,sit,0.08052,1.0004,-0.110288,1.4,-6.3,-4.48,-53
1787062431776,237875,Lumbar,sit,0.078568,1.016992,-0.12444,-0.49,-5.53,-5.04,-53
1787062431776,237892,Lumbar,sit,0.072224,1.013088,-0.116144,-2.17,-4.34,-5.46,-53
1787062431776,237909,Lumbar,sit,0.05124,1.004304,-0.108824,-2.03,-4.34,-4.97,-53
1787062432131,238085,Lumbar,sit,-0.004392,1.016992,-0.110288,0.49,-3.85,-0.42,-53
1787062432131,238117,Lumbar,sit,-0.004392,1.013088,-0.116144,1.33,-3.64,0.49,-53
1787062432131,238134,Lumbar,sit,0.004392,1.013576,-0.109312,0.84,-3.22,0.49,-53
1787062432131,238151,Lumbar,sit,0.016592,1.011624,-0.106872,0.35,-3.01,0.7,-53
1787062432131,238168,Lumbar,sit,0.028792,1.005768,-0.103944,0.7,-2.59,0.7,-53
1787062432131,238199,Lumbar,sit,0.044896,0.99796,-0.10736,1.54,-2.66,1.4,-53
1787062432131,238216,Lumbar,sit,0.053192,0.997472,-0.111752,1.61,-2.73,1.68,-53
1787062432131,238233,Lumbar,sit,0.056608,1.0004,-0.113704,2.31,-2.73,1.82,-53
1787062432131,238250,Lumbar,sit,0.059048,1.00528,-0.11224,2.45,-2.73,1.89,-53
1787062432131,238267,Lumbar,sit,0.058072,1.005768,-0.113216,2.45,-2.59,1.96,-53
1787062432502,238442,Lumbar,sit,0.03904,1.004792,-0.113216,2.94,-1.12,-0.07,-53
1787062432502,238473,Lumbar,sit,0.038552,1.004304,-0.106384,4.27,-1.96,-0.42,-53
1787062432502,238490,Lumbar,sit,0.035624,1.01016,-0.101992,5.32,-2.87,-0.21,-53
1787062432502,238507,Lumbar,sit,0.037576,1.013576,-0.099552,6.02,-4.06,-0.14,-53
1787062432502,238524,Lumbar,sit,0.044896,1.016016,-0.101016,6.23,-4.55,0.07,-53
1787062432502,238554,Lumbar,sit,0.047824,1.008208,-0.107848,4.97,-5.67,-0.07,-53
1787062432502,238571,Lumbar,sit,0.049288,1.001864,-0.110288,5.25,-5.25,-0.14,-53
1787062432502,238588,Lumbar,sit,0.040992,0.999912,-0.124928,6.09,-4.69,-0.14,-53
1787062432502,238605,Lumbar,sit,0.040504,0.998936,-0.13664,5.81,-5.53,-0.28,-53
1787062432502,238636,Lumbar,sit,0.033184,1.001864,-0.13664,7.14,-4.83,-0.21,-53
1787062432861,238812,Lumbar,sit,0.025376,0.995032,-0.142984,5.6,-3.22,0.42,-50
1787062432861,238843,Lumbar,sit,0.025864,1.00528,-0.155184,5.25,-2.17,0.56,-50
1787062432861,238860,Lumbar,sit,0.026352,1.0004,-0.158112,4.34,-2.31,0.84,-50
1787062432861,238878,Lumbar,sit,0.028792,0.99552,-0.155184,5.18,-2.45,1.05,-50
1787062432861,238895,Lumbar,sit,0.033184,1.002352,-0.154696,5.6,-2.87,1.68,-50
1787062432861,238926,Lumbar,sit,0.040016,1.010648,-0.150792,4.41,-2.31,2.59,-50
1787062432861,238943,Lumbar,sit,0.044896,1.00284,-0.15128,3.78,-1.12,3.01,-50
1787062432861,238960,Lumbar,sit,0.044408,0.99552,-0.140544,5.04,-0.49,3.43,-50
1787062432861,238977,Lumbar,sit,0.045872,0.992104,-0.136152,6.02,-0.07,3.85,-50
1787062432861,238994,Lumbar,sit,0.049776,0.99064,-0.13908,7.56,-0.28,3.92,-50
1787062433216,239170,Lumbar,sit,0.063928,1.009184,-0.16592,0.42,0.91,1.61,-50
1787062433216,239202,Lumbar,sit,0.077592,1.004304,-0.152256,0.7,1.82,0.98,-50
1787062433216,239219,Lumbar,sit,0.082472,1.004792,-0.149816,0.77,2.1,0.63,-50
1787062433216,239236,Lumbar,sit,0.077104,1.006744,-0.151768,0.14,1.68,0.49,-50
1787062433216,239253,Lumbar,sit,0.07076,1.003328,-0.15616,-0.56,1.54,0.77,-50
1787062433216,239284,Lumbar,sit,0.048312,1.004304,-0.17324,-1.47,0.77,1.05,-50
1787062433216,239301,Lumbar,sit,0.04392,1.001864,-0.181536,-2.8,0,0.98,-50
1787062433216,239318,Lumbar,sit,0.043432,0.999912,-0.181048,-3.15,-0.56,1.05,-50
1787062433216,239335,Lumbar,sit,0.040992,0.99796,-0.179096,-3.78,-0.77,0.91,-50
1787062433216,239352,Lumbar,sit,0.039528,0.996008,-0.169824,-4.27,-1.05,0.63,-50
1787062433575,239527,Lumbar,sit,0.059536,0.999424,-0.13176,-6.23,-1.26,-0.14,-50
1787062433575,239558,Lumbar,sit,0.05612,0.999424,-0.122488,-4.9,-1.75,0.07,-50
1787062433575,239575,Lumbar,sit,0.062952,1.00528,-0.122976,-4.69,-1.54,-0.63,-50
1787062433575,239592,Lumbar,sit,0.062952,1.006256,-0.12688,-4.62,-1.54,-1.61,-50
1787062433575,239609,Lumbar,sit,0.062952,1.006256,-0.130784,-4.69,-1.68,-1.96,-50
1787062433575,239640,Lumbar,sit,0.060512,1.00528,-0.128344,-4.13,-2.52,-2.31,-50
1787062433575,239657,Lumbar,sit,0.057584,1.006256,-0.122488,-3.99,-2.73,-2.38,-50
1787062433575,239674,Lumbar,sit,0.048312,1.008208,-0.120048,-3.71,-3.15,-2.17,-50
1787062433575,239690,Lumbar,sit,0.039528,1.01504,-0.11956,-4.62,-3.08,-1.96,-50
1787062433575,239707,Lumbar,sit,0.034648,1.014552,-0.120048,-5.6,-2.38,-1.89,-50
1787062433937,239885,Lumbar,sit,0.046848,1.014552,-0.086376,-2.03,-2.59,-1.4,-48
1787062433937,239916,Lumbar,sit,0.030256,1.010648,-0.086864,-3.85,-2.52,-0.42,-48
1787062433937,239933,Lumbar,sit,0.035136,0.876936,-0.0732,-1.61,-3.01,-0.07,-48
1787062433937,239950,Lumbar,sit,0.046848,0.994544,-0.072224,-0.35,-3.08,-0.35,-48
1787062433937,239967,Lumbar,sit,0.045872,0.99796,-0.080032,0.21,-3.15,-0.49,-48
1787062433937,239998,Lumbar,sit,0.033184,1.004792,-0.081984,-0.35,-2.45,-0.98,-48
1787062433937,240015,Lumbar,sit,0.037088,1.011624,-0.08296,-0.14,-2.52,-0.98,-48
1787062433937,240032,Lumbar,sit,0.038064,1.014552,-0.083448,0.14,-2.73,-1.05,-48
1787062433937,240050,Lumbar,sit,0.033184,1.014064,-0.08296,0.49,-2.45,-0.98,-48
1787062433937,240067,Lumbar,sit,0.024888,1.014064,-0.086864,0.35,-1.68,-1.05,-48
1787062434293,240245,Lumbar,sit,0.013176,1.0004,-0.069296,-0.07,-2.1,0.14,-48
1787062434293,240277,Lumbar,sit,0.023912,0.998448,-0.070272,1.47,0.84,1.54,-48
1787062434293,240294,Lumbar,sit,0.026352,1.001864,-0.079544,2.1,1.19,1.75,-48
1787062434293,240311,Lumbar,sit,0.028792,1.00528,-0.08296,1.54,-0.63,2.31,-48
1787062434293,240328,Lumbar,sit,0.040504,1.007232,-0.085888,1.61,-0.98,2.45,-48
1787062434293,240359,Lumbar,sit,0.04392,1.014064,-0.08784,1.12,-2.17,1.96,-48
1787062434293,240376,Lumbar,sit,0.045384,1.01504,-0.0854,0.91,-2.31,1.54,-48
1787062434293,240393,Lumbar,sit,0.044896,1.016016,-0.079544,0.21,-2.24,1.47,-48
1787062434293,240410,Lumbar,sit,0.040992,1.016992,-0.077592,-0.14,-1.75,1.12,-48
1787062434293,240427,Lumbar,sit,0.0366,1.016016,-0.08052,-0.35,-1.68,0.63,-48
1787062434651,240602,Lumbar,sit,0.03416,1.017968,-0.089304,0.07,-2.38,-0.91,-48
1787062434651,240633,Lumbar,sit,0.01708,1.011624,-0.083448,-0.56,0.21,-1.19,-48
1787062434651,240650,Lumbar,sit,0.001952,1.006256,-0.081496,-0.14,0.35,-1.4,-48
1787062434651,240667,Lumbar,sit,0.00244,1.004304,-0.07076,0.14,-1.19,-1.33,-48
1787062434651,240684,Lumbar,sit,0.016592,0.999424,-0.061,1.26,-1.75,-1.05,-48
1787062434651,240715,Lumbar,sit,0.025864,1.005768,-0.064904,2.45,-1.89,-0.21,-48
1787062434651,240732,Lumbar,sit,0.032696,1.012112,-0.06832,2.59,-1.82,0.28,-48
1787062434651,240749,Lumbar,sit,0.036112,1.013576,-0.07564,2.45,-1.75,0.14,-48
1787062434651,240766,Lumbar,sit,0.037576,1.016016,-0.079056,2.31,-2.03,-0.28,-48
1787062434651,240783,Lumbar,sit,0.035136,1.016992,-0.07808,2.24,-2.38,-0.21,-48
1787062435008,240959,Lumbar,sit,0.027328,1.026752,-0.076128,3.43,-1.96,0.07,-48
1787062435008,240990,Lumbar,sit,0.0244,1.024312,-0.088328,1.68,-1.96,-0.49,-48
1787062435008,241007,Lumbar,sit,0.018056,1.016992,-0.089792,1.33,-1.68,-0.35,-48
1787062435008,241025,Lumbar,sit,0.01952,1.006256,-0.088816,0.7,-1.75,0.21,-48
1787062435008,241042,Lumbar,sit,0.022936,0.996984,-0.083936,1.19,-1.89,0.63,-48
1787062435008,241059,Lumbar,sit,0.021472,0.99796,-0.080032,2.38,-1.96,0.91,-48
1787062435008,241090,Lumbar,sit,0.013176,1.013088,-0.081008,2.94,-2.38,1.82,-48
1787062435008,241107,Lumbar,sit,0.01708,1.01504,-0.081008,2.17,-2.73,2.1,-48
1787062435008,241124,Lumbar,sit,0.022448,1.015528,-0.080032,1.47,-3.08,1.89,-48
1787062435008,241141,Lumbar,sit,0.030256,1.019432,-0.081008,1.19,-3.01,1.54,-48
1787062435366,241316,Lumbar,sit,0.05368,1.020408,-0.06344,-2.45,-4.27,0.42,-48
1787062435366,241347,Lumbar,sit,0.040504,1.003328,-0.059048,-2.52,-3.22,0.14,-48
1787062435366,241364,Lumbar,sit,0.0366,1.011136,-0.067344,-2.52,-2.94,0.21,-48
1787062435366,241382,Lumbar,sit,0.033184,1.013088,-0.072712,-2.66,-3.36,0.07,-48
1787062435366,241399,Lumbar,sit,0.032208,1.009184,-0.073688,-2.59,-2.17,-0.07,-48
1787062435366,241430,Lumbar,sit,0.023424,1.003816,-0.063928,-1.19,-3.36,-0.56,-48
1787062435366,241447,Lumbar,sit,0.020984,1.013576,-0.061488,-0.77,-3.57,-0.63,-48
1787062435366,241464,Lumbar,sit,0.020008,1.016504,-0.059536,-0.84,-3.57,-0.56,-48
1787062435366,241481,Lumbar,sit,0.0244,1.014552,-0.049776,-0.91,-3.92,-0.42,-48
1787062435366,241498,Lumbar,sit,0.02196,1.008208,-0.056608,-0.98,-4.48,-0.7,-48
1787062435724,241676,Lumbar,sit,0.037576,1.019432,-0.045384,2.73,-5.11,-0.56,-48
1787062435724,241707,Lumbar,sit,0.03416,1.013576,-0.050752,1.89,-4.9,-0.21,-48
1787062435724,241724,Lumbar,sit,0.035136,1.009184,-0.05612,1.75,-4.2,0.07,-48
1787062435724,241741,Lumbar,sit,0.028792,1.01016,-0.059536,2.03,-3.36,0.7,-48
1787062435724,241758,Lumbar,sit,0.026352,1.011624,-0.058072,0.7,-2.52,1.19,-48
1787062435724,241788,Lumbar,sit,0.023912,1.021872,-0.059048,-0.7,-1.96,0.28,-48
1787062435724,241805,Lumbar,sit,0.020496,1.012112,-0.061488,0.49,-2.17,-0.7,-48
1787062435724,241822,Lumbar,sit,0.018056,1.011624,-0.066856,1.26,-3.22,-0.63,-48
1787062435724,241839,Lumbar,sit,0.02196,1.017968,-0.070272,1.33,-3.5,-0.42,-48
1787062435724,241856,Lumbar,sit,0.0244,1.025288,-0.068808,-0.42,-3.29,-0.14,-48
1787062436080,242031,Lumbar,sit,0.013664,1.005768,-0.062952,2.38,-3.78,2.03,-48
1787062436080,242063,Lumbar,sit,0.028304,1.035048,-0.071736,0.28,-4.34,1.33,-48
1787062436080,242080,Lumbar,sit,0.011224,1.025288,-0.040992,-1.68,-3.08,0.28,-48
1787062436080,242097,Lumbar,sit,0.003416,1.015528,-0.025376,-1.33,-1.54,0.42,-48
1787062436080,242114,Lumbar,sit,0,0.999424,-0.010736,-0.14,-1.05,0.84,-48
1787062436080,242145,Lumbar,sit,0.02196,1.00772,-0.0366,1.33,-2.03,1.68,-48
1787062436080,242162,Lumbar,sit,0.032696,1.01504,-0.0366,1.47,-1.96,1.33,-48
1787062436080,242179,Lumbar,sit,0.0244,1.017968,-0.041968,1.61,-2.24,1.4,-48
1787062436080,242196,Lumbar,sit,0.018544,1.015528,-0.04636,1.19,-3.29,2.03,-48
1787062436080,242213,Lumbar,sit,0.02928,1.01504,-0.047824,0.42,-3.43,2.59,-48
1787062436438,242387,Lumbar,sit,0.025376,1.01504,-0.042944,1.68,-0.21,1.12,-49
1787062436438,242418,Lumbar,sit,0.027816,1.020408,-0.0366,0.35,-1.61,1.96,-49
1787062436438,242435,Lumbar,sit,0.040016,1.013088,-0.035136,0.56,-1.26,2.03,-49
1787062436438,242452,Lumbar,sit,0.042944,1.01016,-0.04148,1.26,-0.7,1.54,-49
1787062436438,242469,Lumbar,sit,0.04148,1.01992,-0.052704,2.1,-0.84,0.84,-49
1787062436438,242500,Lumbar,sit,0.032696,1.037,-0.052216,-0.77,0.07,-0.35,-49
1787062436438,242517,Lumbar,sit,0.031232,1.029192,-0.04148,-1.4,1.19,-1.12,-49
1787062436438,242534,Lumbar,sit,0.033672,1.025288,-0.033184,-1.4,-0.56,-1.47,-49
1787062436438,242551,Lumbar,sit,0.037576,1.023824,-0.031232,-0.49,-2.03,-1.68,-49
1787062436438,242568,Lumbar,sit,0.029768,1.022848,-0.03172,-0.07,-2.87,-1.75,-49
1787062436793,242743,Lumbar,sit,0.035624,1.0126,-0.04148,1.19,-5.18,0.7,-49
1787062436793,242775,Lumbar,sit,0.03416,1.01016,-0.018056,1.54,-5.32,1.05,-49
1787062436793,242792,Lumbar,sit,0.037088,1.006744,-0.008784,1.26,-3.64,1.89,-49
1787062436793,242808,Lumbar,sit,0.03904,1.000888,-0.005856,2.52,-1.54,2.52,-49
1787062436793,242825,Lumbar,sit,0.035624,1.002352,-0.015616,3.71,-0.35,2.87,-49
1787062436793,242856,Lumbar,sit,0.023912,1.022848,-0.033184,2.66,-1.05,2.73,-49
1787062436793,242873,Lumbar,sit,0.02684,1.023824,-0.038552,1.54,-1.89,2.1,-49
1787062436793,242890,Lumbar,sit,0.038064,1.018456,-0.0366,1.61,-2.59,1.61,-49
1787062436793,242907,Lumbar,sit,0.04392,1.006256,-0.035624,2.94,-3.01,1.54,-49
1787062436793,242924,Lumbar,sit,0.03904,1.005768,-0.043432,4.41,-4.06,2.03,-49
1787062437166,243099,Lumbar,sit,0.035136,1.006744,-0.029768,3.64,-2.73,0.84,-49
1787062437166,243130,Lumbar,sit,0.060024,1.01748,-0.037576,4.76,-1.89,1.12,-49
1787062437166,243147,Lumbar,sit,0.064904,1.021872,-0.03904,3.85,-1.05,0.91,-49
1787062437166,243164,Lumbar,sit,0.05612,1.017968,-0.0366,3.15,-0.84,0.56,-49
1787062437166,243181,Lumbar,sit,0.042456,1.007232,-0.033184,3.15,-0.84,0.49,-49
1787062437166,243212,Lumbar,sit,0.042456,1.007232,-0.042944,4.48,-0.49,0.77,-49
1787062437166,243229,Lumbar,sit,0.048312,1.014552,-0.0488,4.27,-0.28,0.63,-49
1787062437166,243246,Lumbar,sit,0.04636,1.023824,-0.05124,3.5,-0.28,0.28,-49
1787062437166,243263,Lumbar,sit,0.0366,1.027728,-0.051728,2.66,-1.05,0.07,-49
1787062437166,243280,Lumbar,sit,0.032208,1.021384,-0.051728,1.96,-1.82,0,-49
1787062437504,243455,Lumbar,sit,0.03416,1.011136,-0.036112,1.82,-1.82,0.42,-49
1787062437504,243486,Lumbar,sit,0.0366,1.006256,-0.03904,2.38,-0.84,0.7,-49
1787062437504,243503,Lumbar,sit,0.042456,1.012112,-0.04148,3.01,-0.7,0.42,-49
1787062437504,243520,Lumbar,sit,0.0488,1.021384,-0.04636,3.15,-0.77,0,-49
1787062437504,243537,Lumbar,sit,0.05124,1.022848,-0.047824,2.59,-1.12,-0.35,-49
1787062437504,243568,Lumbar,sit,0.049776,1.0126,-0.046848,2.24,-1.68,-0.7,-49
1787062437504,243585,Lumbar,sit,0.047336,1.014552,-0.049288,2.1,-1.61,-0.77,-49
1787062437504,243602,Lumbar,sit,0.044408,1.0126,-0.048312,1.75,-1.47,-0.77,-49
1787062437504,243619,Lumbar,sit,0.043432,1.011136,-0.047336,1.89,-1.26,-0.98,-49
1787062437504,243636,Lumbar,sit,0.040992,1.009672,-0.04392,2.1,-1.19,-1.12,-49
1787062437861,243810,Lumbar,sit,0.02928,1.0126,-0.049288,1.96,-2.24,-0.14,-49
1787062437861,243841,Lumbar,sit,0.033184,1.010648,-0.045872,2.24,-2.1,-0.14,-49
1787062437861,243859,Lumbar,sit,0.034648,1.010648,-0.04392,2.73,-2.1,-0.07,-49
1787062437861,243875,Lumbar,sit,0.033184,1.0126,-0.04392,2.8,-2.24,-0.07,-49
1787062437861,243892,Lumbar,sit,0.033184,1.013088,-0.042944,2.73,-2.1,0.07,-49
1787062437861,243923,Lumbar,sit,0.031232,1.011624,-0.042944,3.43,-1.89,0.28,-49
1787062437861,243940,Lumbar,sit,0.032208,1.0126,-0.048312,3.36,-1.82,0.28,-49
1787062437861,243957,Lumbar,sit,0.031232,1.01504,-0.050264,3.29,-1.96,0.14,-49
1787062437861,243974,Lumbar,sit,0.032696,1.013576,-0.04636,3.01,-2.38,-0.07,-49
1787062437861,243991,Lumbar,sit,0.033672,1.012112,-0.044896,3.36,-1.89,-0.14,-49
1787062438218,244166,Lumbar,sit,0.023912,1.014064,-0.055632,3.99,-2.17,-0.07,-49
1787062438218,244197,Lumbar,sit,0.025864,1.014552,-0.056608,3.08,-4.06,0.07,-49
1787062438218,244214,Lumbar,sit,0.028792,1.012112,-0.054168,3.99,-3.36,0.07,-49
1787062438218,244231,Lumbar,sit,0.033184,1.008208,-0.05368,4.76,-2.66,0.07,-49
1787062438218,244248,Lumbar,sit,0.029768,1.009672,-0.060024,5.25,-2.87,0,-49
1787062438218,244279,Lumbar,sit,0.022936,1.011136,-0.06588,4.69,-2.59,0.35,-49
1787062438218,244296,Lumbar,sit,0.02196,1.011136,-0.071736,4.69,-2.45,0.49,-49
1787062438218,244313,Lumbar,sit,0.025864,1.011136,-0.077104,4.62,-3.15,1.33,-49
1787062438218,244330,Lumbar,sit,0.029768,1.018456,-0.087352,3.92,-3.57,1.54,-49
1787062438218,244347,Lumbar,sit,0.027816,1.020408,-0.083936,2.73,-5.39,1.05,-49
1787062438576,244523,Lumbar,sit,0.03904,1.001864,-0.06832,4.06,-4.9,1.05,-49
1787062438576,244554,Lumbar,sit,0.030256,0.99552,-0.069296,6.65,-2.24,1.26,-49
1787062438576,244571,Lumbar,sit,0.029768,1.003328,-0.079544,6.86,-2.31,1.54,-49
1787062438576,244589,Lumbar,sit,0.033184,1.00772,-0.086864,6.79,-1.26,1.82,-49
1787062438576,244606,Lumbar,sit,0.03172,1.011624,-0.094672,6.72,-1.12,1.26,-49
1787062438576,244637,Lumbar,sit,0.028304,1.0126,-0.094184,5.6,-2.94,0.91,-49
1787062438576,244654,Lumbar,sit,0.028792,1.009672,-0.088816,5.67,-2.38,1.05,-49
1787062438576,244671,Lumbar,sit,0.030744,1.011624,-0.083936,5.81,-1.61,1.26,-49
1787062438576,244688,Lumbar,sit,0.032208,1.012112,-0.081984,5.74,-1.33,1.33,-49
1787062438576,244705,Lumbar,sit,0.033184,1.013088,-0.081984,5.81,-1.33,0.91,-49
1787062438925,244880,Lumbar,sit,0.043432,1.013088,-0.105896,6.02,-4.13,1.19,-49
1787062438925,244910,Lumbar,sit,0.04392,1.013576,-0.106384,5.88,-4.34,0.56,-49
1787062438925,244928,Lumbar,sit,0.043432,1.014064,-0.103456,6.23,-4.2,0.14,-49
1787062438925,244944,Lumbar,sit,0.033184,1.011624,-0.104432,5.25,-3.57,0.28,-49
1787062438925,244961,Lumbar,sit,0.028792,1.005768,-0.098576,4.9,-2.87,0.84,-49
1787062438925,244992,Lumbar,sit,0.0366,1.00528,-0.105408,5.46,-2.59,1.89,-49
1787062438925,245009,Lumbar,sit,0.042944,1.012112,-0.116632,5.25,-2.03,2.1,-49
1787062438925,245026,Lumbar,sit,0.044896,1.014552,-0.121512,4.76,-1.75,1.75,-49
1787062438925,245043,Lumbar,sit,0.0366,1.010648,-0.12444,3.71,-1.19,1.54,-49
1787062438925,245060,Lumbar,sit,0.028792,1.01016,-0.118096,3.78,-1.96,1.12,-49
1787062439495,245286,Lumbar,sit,0.02928,1.008696,-0.120536,7.56,1.61,1.75,-49
1787062439495,245318,Lumbar,sit,0.035136,1.028216,-0.115168,6.16,-0.35,0.49,-49
1787062439495,245335,Lumbar,sit,0.051728,1.020408,-0.116632,7,-2.8,-0.07,-49
1787062439495,245352,Lumbar,sit,0.070272,1.011624,-0.130296,7.21,-5.25,0,-49
1787062439495,245369,Lumbar,sit,0.0732,1.008696,-0.144448,6.23,-4.62,0.7,-49
1787062439495,245400,Lumbar,sit,0.05856,0.998936,-0.162504,2.38,-1.4,1.61,-49
1787062439495,245417,Lumbar,sit,0.04148,0.983808,-0.162016,2.31,0,1.75,-49
1787062439495,245434,Lumbar,sit,0.03416,0.982344,-0.155672,3.92,-1.54,2.1,-49
1787062439495,245451,Lumbar,sit,0.028304,0.99552,-0.151768,4.55,-2.45,2.31,-49
1787062439495,245468,Lumbar,sit,0.03172,1.021872,-0.1342,3.64,-3.08,1.61,-49
1787062439694,245642,Lumbar,sit,0.059048,1.01504,-0.137128,2.66,-3.01,-0.07,-50
1787062439694,245673,Lumbar,sit,0.061,1.00284,-0.150304,0.07,-2.59,0.42,-50
1787062439694,245690,Lumbar,sit,0.054168,0.996496,-0.133712,-0.77,-2.38,0.49,-50
1787062439694,245707,Lumbar,sit,0.049776,0.993568,-0.125904,-0.49,-2.45,0.7,-50
1787062439694,245724,Lumbar,sit,0.052216,0.992592,-0.12688,1.12,-2.45,1.12,-50
1787062439694,245755,Lumbar,sit,0.031232,1.002352,-0.152256,-0.07,-0.21,0.91,-50
1787062439694,245772,Lumbar,sit,0.028304,1.004792,-0.147864,-0.84,-0.28,0.49,-50
1787062439694,245789,Lumbar,sit,0.032208,1.011136,-0.130296,-0.14,-1.26,-0.21,-50
1787062439694,245806,Lumbar,sit,0.037576,1.01016,-0.113704,0.63,-2.17,-0.7,-50
1787062439694,245823,Lumbar,sit,0.047824,1.007232,-0.110288,1.47,-3.08,-0.98,-50
1787062440106,245999,Lumbar,sit,0.044408,1.006744,-0.123464,1.4,-2.94,0.07,-50
1787062440106,246030,Lumbar,sit,0.043432,1.007232,-0.118096,0.84,-1.75,0.91,-50
1787062440106,246047,Lumbar,sit,0.041968,1.005768,-0.117608,0.7,-1.33,0.98,-50
1787062440106,246065,Lumbar,sit,0.040992,1.004304,-0.122976,0.91,-1.26,0.84,-50
1787062440106,246082,Lumbar,sit,0.038064,1.001864,-0.121512,1.47,-1.68,0.42,-50
1787062440106,246113,Lumbar,sit,0.03416,0.996984,-0.120536,2.59,-2.59,-0.49,-50
1787062440106,246130,Lumbar,sit,0.038064,0.996496,-0.116632,3.99,-2.87,-0.49,-50
1787062440106,246147,Lumbar,sit,0.046848,0.998936,-0.115656,5.04,-3.08,-0.35,-50
1787062440106,246164,Lumbar,sit,0.051728,1.0004,-0.123952,5.88,-3.01,-0.42,-50
1787062440106,246181,Lumbar,sit,0.052704,1.005768,-0.12932,5.6,-2.8,-0.42,-50
1787062440410,246356,Lumbar,sit,0.02928,0.99796,-0.146888,6.51,-4.48,-0.98,-67
1787062440410,246387,Lumbar,sit,0.017568,0.994056,-0.151768,8.12,-4.55,-0.63,-67
1787062440410,246404,Lumbar,sit,0.02684,0.9882,-0.150304,7.7,-5.88,-0.49,-67
1787062440410,246422,Lumbar,sit,0.039528,0.987712,-0.161528,8.33,-7.42,-0.56,-67
1787062440410,246439,Lumbar,sit,0.0366,0.991128,-0.173728,8.96,-8.12,-0.14,-67
1787062440410,246456,Lumbar,sit,0.027328,0.999424,-0.16836,8.61,-7.98,0.63,-67
1787062440410,246487,Lumbar,sit,0.052704,1.001376,-0.122488,7.91,-3.92,1.33,-67
1787062440410,246504,Lumbar,sit,0.059048,1.01016,-0.127368,8.54,0.49,0.84,-67
1787062440410,246521,Lumbar,sit,0.052704,1.016504,-0.150792,9.1,0.35,-0.35,-67
1787062440410,246538,Lumbar,sit,0.040992,1.018456,-0.156648,8.68,-1.19,-1.05,-67
1787062440768,246713,Lumbar,sit,0.018544,0.99796,-0.172264,5.53,-1.12,-0.21,-67
1787062440768,246744,Lumbar,sit,0.015616,1.00528,-0.185928,5.18,-1.82,0.21,-67
1787062440768,246761,Lumbar,sit,0.008296,1.008208,-0.172752,4.06,-2.1,0.07,-67
1787062440768,246778,Lumbar,sit,0.017568,1.005768,-0.162992,3.22,-1.68,-0.42,-67
1787062440768,246795,Lumbar,sit,0.0244,1.003328,-0.16836,2.59,-1.19,-0.7,-67
1787062440768,246825,Lumbar,sit,0.04148,1.00284,-0.205936,1.26,-1.82,-0.84,-67
1787062440768,246842,Lumbar,sit,0.040504,1.003328,-0.201544,0.77,-1.89,-0.77,-67
1787062440768,246859,Lumbar,sit,0.037088,1.001864,-0.199592,0.14,-1.75,-0.28,-67
1787062440768,246876,Lumbar,sit,0.03904,0.99796,-0.203984,-1.82,-1.19,0,-67
1787062440768,246893,Lumbar,sit,0.0488,0.994056,-0.20984,-3.85,-0.21,0.07,-67
1787062441127,247069,Lumbar,sit,0.020496,0.996984,-0.149328,-10.57,0.91,-3.29,-67
1787062441127,247101,Lumbar,sit,0.02684,1.023336,-0.149328,-9.8,0.77,-3.78,-67
1787062441127,247118,Lumbar,sit,0.027816,1.030168,-0.156648,-11.55,-0.98,-3.71,-67
1787062441127,247135,Lumbar,sit,0.022448,1.02968,-0.148352,-13.58,-1.96,-3.57,-67
1787062441127,247152,Lumbar,sit,0.015128,1.018456,-0.13908,-14.49,-2.17,-3.5,-67
1787062441127,247183,Lumbar,sit,0.019032,1.00528,-0.116144,-14.07,-4.9,-0.7,-67
1787062441127,247200,Lumbar,sit,0.020008,1.006256,-0.117608,-14.28,-3.92,0.63,-67
1787062441127,247217,Lumbar,sit,0.015616,1.001376,-0.111264,-14.91,-3.22,0.98,-67
1787062441127,247234,Lumbar,sit,0.015128,0.99552,-0.086864,-14.07,-1.89,1.19,-67
1787062441127,247251,Lumbar,sit,0.020984,0.994056,-0.083448,-12.11,-1.12,0.84,-67
1787062441484,247429,Lumbar,sit,0.023912,1.022848,-0.069296,-17.5,0.28,-3.01,-67
1787062441484,247460,Lumbar,sit,0.022448,1.016992,-0.047824,-16.17,-2.03,-1.89,-67
1787062441484,247477,Lumbar,sit,0.01952,1.009672,-0.044408,-15.89,-2.1,-1.4,-67
1787062441484,247494,Lumbar,sit,0.006344,1.004792,-0.039528,-17.36,0.98,-2.03,-67
1787062441484,247511,Lumbar,sit,-0.01708,0.999912,-0.005856,-17.01,2.24,-1.96,-67
1787062441484,247542,Lumbar,sit,0.020496,1.00528,0.011712,-11.9,0.49,-0.56,-67
1787062441484,247559,Lumbar,sit,0.030256,1.005768,0.005856,-10.78,0.77,-0.98,-67
1787062441484,247576,Lumbar,sit,0.013176,1.01748,-0.001464,-8.96,2.03,-1.54,-67
1787062441484,247593,Lumbar,sit,0.007808,1.023824,-0.000976,-7.7,0.98,-1.82,-67
1787062441484,247610,Lumbar,sit,0.015616,1.009672,-0.002928,-8.19,0.35,-1.61,-67
1787062441846,247787,Lumbar,sit,-0.040992,1.025288,-0.000488,-6.37,-2.94,0.35,-51
1787062441846,247819,Lumbar,sit,-0.011224,1.02968,0.020496,-8.82,-5.88,0.77,-51
1787062441846,247836,Lumbar,sit,0.00732,1.014064,0.027328,-9.24,-6.02,0.63,-51
1787062441846,247853,Lumbar,sit,0.011712,1.009672,0.037576,-8.54,-6.09,0.42,-51
1787062441846,247870,Lumbar,sit,0.014152,1.0004,0.040016,-8.05,-6.16,0.42,-51
1787062441846,247887,Lumbar,sit,0.007808,1.004792,0.032696,-7.21,-6.23,0.42,-51
1787062441846,247918,Lumbar,sit,0.005368,1.021872,0.035136,-7.84,-5.88,0.35,-51
1787062441846,247935,Lumbar,sit,0.006832,1.018944,0.050752,-7.77,-4.9,0.35,-51
1787062441846,247952,Lumbar,sit,0.00488,1.015528,0.06832,-6.65,-3.57,0.07,-51
1787062441846,247969,Lumbar,sit,0.005368,1.008696,0.074664,-5.74,-2.8,0.21,-51
1787062442200,248145,Lumbar,sit,0.020496,1.01992,0.039528,0.35,1.26,1.68,-51
1787062442200,248177,Lumbar,sit,0.00488,1.032608,0.019032,-0.07,-0.63,1.68,-51
1787062442200,248194,Lumbar,sit,0.001464,1.03212,0.01464,-1.33,-3.01,1.19,-51
1787062442200,248211,Lumbar,sit,-0.00244,1.02724,0.018544,-1.61,-3.99,0.28,-51
1787062442200,248228,Lumbar,sit,0.000488,1.01992,0.034648,-2.03,-4.41,0,-51
1787062442200,248259,Lumbar,sit,0.000976,1.009672,0.049776,-2.52,-3.22,-0.7,-51
1787062442200,248276,Lumbar,sit,-0.001464,1.007232,0.056608,-2.17,-2.94,-0.63,-51
1787062442200,248293,Lumbar,sit,0.000488,1.006256,0.064416,-2.17,-1.96,-0.14,-51
1787062442200,248310,Lumbar,sit,0.001952,1.012112,0.072224,-2.1,-1.19,0.56,-51
1787062442200,248327,Lumbar,sit,0.001952,1.025776,0.074664,-1.12,-1.47,0.77,-51
1787062442561,248502,Lumbar,sit,0.016592,1.011624,0.062952,-0.63,-2.87,-1.4,-51
1787062442561,248534,Lumbar,sit,0.002928,1.022848,0.076616,-1.05,-4.2,-1.96,-51
1787062442561,248551,Lumbar,sit,-0.003904,1.024312,0.07808,-2.31,-3.92,-2.03,-51
1787062442561,248569,Lumbar,sit,-0.00976,1.01016,0.079544,-3.08,-2.94,-2.03,-51
1787062442561,248586,Lumbar,sit,-0.012688,1.007232,0.072224,-1.82,-2.52,-1.68,-51
1787062442561,248603,Lumbar,sit,-0.015616,1.013576,0.069784,-0.28,-3.01,-0.98,-51
1787062442561,248634,Lumbar,sit,-0.010736,1.026752,0.076616,-1.47,-3.36,-0.35,-51
1787062442561,248651,Lumbar,sit,-0.000488,1.026264,0.081984,-2.1,-3.57,-0.91,-51
1787062442561,248668,Lumbar,sit,-0.000488,1.020408,0.083936,-2.45,-3.99,-1.4,-51
1787062442561,248685,Lumbar,sit,0,1.015528,0.084912,-3.08,-4.2,-0.84,-51
1787062442918,248861,Lumbar,sit,-0.0122,1.014064,0.086376,-0.49,-2.45,0.07,-61
1787062442918,248892,Lumbar,sit,-0.004392,1.025288,0.093696,-0.35,-1.96,0,-61
1787062442918,248909,Lumbar,sit,-0.003416,1.025776,0.094672,-1.75,-1.54,-0.07,-61
1787062442918,248926,Lumbar,sit,-0.006832,1.012112,0.093696,-2.94,-0.98,0.07,-61
1787062442918,248943,Lumbar,sit,-0.011224,1.00772,0.093696,-1.61,-1.19,0.49,-61
1787062442918,248974,Lumbar,sit,-0.006832,1.021872,0.096136,0.21,-2.66,0.7,-61
1787062442918,248991,Lumbar,sit,-0.005368,1.02724,0.096624,-0.91,-2.59,-0.07,-61
1787062442918,249008,Lumbar,sit,-0.006832,1.025776,0.092232,-2.8,-2.1,-0.7,-61
1787062442918,249025,Lumbar,sit,-0.009272,1.018944,0.095648,-3.15,-1.96,-0.7,-61
1787062442918,249042,Lumbar,sit,-0.011712,1.007232,0.096624,-2.45,-1.89,-0.28,-61
1787062443276,249218,Lumbar,sit,-0.0122,1.016016,0.116144,0.49,-1.68,0.28,-61
1787062443276,249249,Lumbar,sit,-0.004392,1.012112,0.109312,0.21,-1.61,0.7,-61
1787062443276,249266,Lumbar,sit,0,1.009672,0.113704,0.49,-1.75,1.05,-61
1787062443276,249283,Lumbar,sit,-0.00244,1.00772,0.118096,1.05,-2.03,0.84,-61
1787062443276,249300,Lumbar,sit,-0.005856,1.013088,0.120048,1.82,-3.01,0.49,-61
1787062443276,249331,Lumbar,sit,-0.013176,1.018944,0.115168,1.05,-2.87,0.7,-61
1787062443276,249348,Lumbar,sit,-0.00976,1.014064,0.11224,1.12,-2.38,0.91,-61
1787062443276,249365,Lumbar,sit,-0.00732,1.014064,0.109312,1.26,-2.24,1.05,-61
1787062443276,249382,Lumbar,sit,-0.003904,1.011624,0.103944,1.33,-2.17,0.91,-61
1787062443276,249399,Lumbar,sit,-0.008296,1.009184,0.102968,1.54,-2.52,0.63,-61
1787062443630,249574,Lumbar,sit,-0.003416,1.021384,0.097112,-0.21,-3.01,0.42,-61
1787062443630,249605,Lumbar,sit,0.002928,1.01016,0.110288,0.98,-3.22,0.28,-61
1787062443630,249622,Lumbar,sit,0.003416,1.01748,0.111264,1.19,-2.94,0.14,-61
1787062443630,249639,Lumbar,sit,0.001952,1.018456,0.108824,0.77,-2.17,0,-61
1787062443630,249656,Lumbar,sit,-0.003416,1.010648,0.110288,0.21,-1.96,-0.07,-61
1787062443630,249687,Lumbar,sit,-0.005856,1.009184,0.123952,3.08,-2.1,0.07,-61
1787062443630,249703,Lumbar,sit,-0.00732,1.01504,0.123464,3.01,-2.17,0.07,-61
1787062443630,249720,Lumbar,sit,-0.006832,1.015528,0.118096,2.1,-1.4,-0.21,-61
1787062443630,249737,Lumbar,sit,-0.00732,1.014064,0.1098,1.26,-1.12,-0.42,-61
1787062443630,249754,Lumbar,sit,-0.008296,1.008696,0.106872,1.12,-1.26,-0.56,-61
1787062444001,249930,Lumbar,sit,-0.010736,1.01016,0.111264,2.66,-2.03,0.21,-57
1787062444001,249961,Lumbar,sit,-0.01708,1.019432,0.115656,1.96,-1.75,0.49,-57
1787062444001,249978,Lumbar,sit,-0.011224,1.016992,0.115168,1.75,-1.68,0.77,-57
1787062444001,249995,Lumbar,sit,-0.007808,1.014064,0.111752,1.82,-1.75,0.7,-57
1787062444001,250012,Lumbar,sit,-0.005368,1.016992,0.111752,2.03,-1.61,0.84,-57
1787062444001,250042,Lumbar,sit,-0.00976,1.018944,0.111264,1.47,-1.4,0.77,-57
1787062444001,250059,Lumbar,sit,-0.0122,1.016016,0.11224,1.19,-2.1,0.35,-57
1787062444001,250076,Lumbar,sit,-0.00976,1.011136,0.113216,1.54,-2.94,0.14,-57
1787062444001,250093,Lumbar,sit,-0.00732,1.01016,0.111752,2.17,-3.43,0.14,-57
1787062444001,250124,Lumbar,sit,-0.00488,1.018944,0.1098,1.82,-3.15,0.21,-57
1787062444358,250299,Lumbar,sit,-0.010736,1.011136,0.119072,-0.63,-3.78,0.21,-63
1787062444358,250332,Lumbar,sit,-0.014152,1.00772,0.120048,0.35,-2.45,-0.49,-63
1787062444358,250349,Lumbar,sit,-0.011712,1.008208,0.122,0.84,-1.96,0.14,-63
1787062444358,250366,Lumbar,sit,-0.00488,1.011624,0.119072,0.7,-1.33,0.91,-63
1787062444358,250383,Lumbar,sit,-0.001464,1.015528,0.113704,0.14,-2.1,0.91,-63
1787062444358,250400,Lumbar,sit,-0.00488,1.021872,0.113216,-0.21,-2.66,0.42,-63
1787062444358,250431,Lumbar,sit,-0.013664,1.020896,0.112728,-0.7,-2.52,-0.77,-63
1787062444358,250448,Lumbar,sit,-0.015616,1.01748,0.113216,-0.91,-1.12,-0.63,-63
1787062444358,250465,Lumbar,sit,-0.011224,1.011624,0.115168,-1.12,-1.47,-0.07,-63
1787062444358,250482,Lumbar,sit,-0.006832,1.00772,0.121512,-1.05,-2.31,0.42,-63
1787062444717,250657,Lumbar,sit,-0.012688,1.011624,0.12444,2.03,-2.31,0.14,-63
1787062444717,250688,Lumbar,sit,-0.015128,1.011136,0.123952,1.47,-2.1,0.49,-63
1787062444717,250705,Lumbar,sit,-0.01708,1.009184,0.127856,1.61,-2.03,0.56,-63
1787062444717,250721,Lumbar,sit,-0.017568,1.009672,0.128344,2.17,-2.03,0.7,-63
1787062444717,250738,Lumbar,sit,-0.017568,1.013088,0.125416,2.45,-1.96,0.56,-63
1787062444717,250769,Lumbar,sit,-0.01464,1.01504,0.121512,2.17,-2.1,0.28,-63
1787062444717,250786,Lumbar,sit,-0.011712,1.010648,0.122,2.1,-2.45,0.28,-63
1787062444717,250803,Lumbar,sit,-0.011224,1.01016,0.123464,2.45,-3.01,0.42,-63
1787062444717,250820,Lumbar,sit,-0.013176,1.011624,0.124928,2.52,-3.08,0.7,-63
1787062444717,250837,Lumbar,sit,-0.015128,1.015528,0.124928,2.31,-2.87,0.77,-63
1787062445228,251012,Lumbar,sit,-0.005856,1.01504,0.117608,2.45,-1.54,0.77,-63
1787062445228,251044,Lumbar,sit,-0.007808,1.021872,0.122,2.1,-2.38,0.49,-63
1787062445228,251061,Lumbar,sit,-0.009272,1.017968,0.124928,1.47,-2.38,0.49,-63
1787062445228,251079,Lumbar,sit,-0.013664,1.011624,0.121512,1.12,-1.89,0.35,-63
1787062445228,251096,Lumbar,sit,-0.015128,1.009672,0.119072,1.19,-1.82,0.14,-63
1787062445228,251113,Lumbar,sit,-0.015616,1.009184,0.118096,1.19,-2.03,0.42,-63
1787062445228,251144,Lumbar,sit,-0.011224,1.012112,0.128832,1.75,-1.96,0.77,-63
1787062445228,251161,Lumbar,sit,-0.010736,1.012112,0.130296,1.82,-1.75,0.84,-63
1787062445228,251178,Lumbar,sit,-0.011712,1.013088,0.12688,1.89,-1.61,0.77,-63
1787062445228,251195,Lumbar,sit,-0.010248,1.0126,0.120536,2.03,-1.54,0.63,-63
1787062445427,251369,Lumbar,sit,-0.0122,1.010648,0.121024,2.03,-2.17,0.63,-59
1787062445427,251400,Lumbar,sit,-0.011224,1.011136,0.11956,2.73,-1.75,0.56,-59
1787062445427,251417,Lumbar,sit,-0.010736,1.014064,0.117608,2.52,-1.61,0.63,-59
1787062445427,251434,Lumbar,sit,-0.010248,1.017968,0.11712,2.1,-1.68,0.77,-59
1787062445427,251451,Lumbar,sit,-0.011712,1.016504,0.11712,1.61,-1.96,0.77,-59
1787062445427,251482,Lumbar,sit,-0.010736,1.0126,0.116144,1.47,-1.96,0.56,-59
1787062445427,251499,Lumbar,sit,-0.00976,1.012112,0.117608,1.82,-1.89,0.49,-59
1787062445427,251516,Lumbar,sit,-0.011712,1.014552,0.11468,1.75,-1.89,0.49,-59
1787062445427,251533,Lumbar,sit,-0.011712,1.015528,0.117608,1.4,-2.1,0.56,-59
1787062445427,251550,Lumbar,sit,-0.010736,1.014552,0.11956,0.98,-2.24,0.7,-59
1787062445842,251724,Lumbar,sit,-0.0122,1.006744,0.115168,1.61,-3.92,0.91,-59
1787062445842,251755,Lumbar,sit,-0.006832,1.01992,0.119072,2.1,-3.85,0.77,-59
1787062445842,251772,Lumbar,sit,-0.002928,1.02236,0.123464,1.12,-3.64,0.56,-59
1787062445842,251790,Lumbar,sit,0,1.020408,0.126392,0.49,-3.85,0.35,-59
1787062445842,251807,Lumbar,sit,-0.000488,1.01992,0.134688,0.49,-3.71,0.42,-59
1787062445842,251824,Lumbar,sit,-0.0122,1.016992,0.13908,0.7,-3.01,0.35,-59
1787062445842,251855,Lumbar,sit,-0.0122,1.011624,0.118096,0.28,-1.75,0.35,-59
1787062445842,251872,Lumbar,sit,-0.011224,1.009672,0.111264,0,-1.75,0.84,-59
1787062445842,251889,Lumbar,sit,-0.009272,1.007232,0.109312,-0.21,-2.45,0.98,-59
1787062445842,251906,Lumbar,sit,-0.005856,1.006744,0.1098,0.21,-2.66,0.77,-59
1787062446138,252079,Lumbar,sit,-0.000488,1.008208,0.14396,1.89,-2.1,-0.14,-55
1787062446138,252110,Lumbar,sit,-0.01708,1.006256,0.139568,2.1,-1.89,0.21,-55
1787062446138,252127,Lumbar,sit,-0.020496,1.009184,0.13176,2.94,-1.68,0.42,-55
1787062446138,252144,Lumbar,sit,-0.018056,1.012112,0.126392,2.8,-1.61,0.28,-55
1787062446138,252161,Lumbar,sit,-0.00976,1.019432,0.121024,2.45,-1.82,0.14,-55
1787062446138,252192,Lumbar,sit,0.000976,1.013576,0.122488,0.77,-2.45,0.21,-55
1787062446138,252209,Lumbar,sit,0.001464,1.010648,0.125904,0.91,-2.45,0.56,-55
1787062446138,252226,Lumbar,sit,-0.008784,1.00528,0.129808,1.54,-2.45,0.63,-55
1787062446138,252243,Lumbar,sit,-0.015128,1.01016,0.127856,2.52,-2.31,0.42,-55
1787062446138,252260,Lumbar,sit,-0.013176,1.01748,0.123952,2.31,-2.38,-0.07,-55
1787062446662,252435,Lumbar,sit,-0.020008,1.011136,0.128832,0.98,-2.45,-0.28,-55
1787062446662,252466,Lumbar,sit,-0.023912,1.011624,0.133712,2.1,-3.01,0.28,-55
1787062446662,252483,Lumbar,sit,-0.028792,1.0126,0.133224,2.24,-3.01,0.56,-55
1787062446662,252500,Lumbar,sit,-0.026352,1.012112,0.131272,1.96,-2.59,0.7,-55
1787062446662,252517,Lumbar,sit,-0.020496,1.018944,0.126392,1.54,-2.45,0.77,-55
1787062446662,252548,Lumbar,sit,-0.010736,1.019432,0.123952,0.14,-3.22,0.63,-55
1787062446662,252564,Lumbar,sit,-0.007808,1.013576,0.12932,0.14,-3.85,0.49,-55
1787062446662,252581,Lumbar,sit,-0.005368,1.009184,0.142008,0.98,-3.99,0.7,-55
1787062446662,252598,Lumbar,sit,-0.006832,1.014552,0.14152,1.75,-3.5,0.91,-55
1787062446662,252615,Lumbar,sit,-0.00976,1.013088,0.137616,1.33,-3.01,0.77,-55
1787062446850,252789,Lumbar,sit,-0.010736,1.008208,0.123464,2.17,-0.28,1.19,-60
1787062446850,252820,Lumbar,sit,-0.018056,1.015528,0.116632,1.33,-0.63,0.84,-60
1787062446850,252837,Lumbar,sit,-0.019032,1.016992,0.126392,0.63,-1.19,0.91,-60
1787062446850,252854,Lumbar,sit,-0.01952,1.013088,0.138592,-0.21,-1.05,1.05,-60
1787062446850,252871,Lumbar,sit,-0.020984,1.008696,0.14396,-0.35,-0.28,1.19,-60
1787062446850,252902,Lumbar,sit,-0.013176,0.997472,0.124928,3.08,0.14,1.05,-60
1787062446850,252919,Lumbar,sit,-0.010248,1.004792,0.113704,4.06,-0.98,0.98,-60
1787062446850,252936,Lumbar,sit,-0.004392,1.024312,0.113216,3.64,-1.82,0.98,-60
1787062446850,252954,Lumbar,sit,-0.003416,1.035048,0.117608,2.03,-3.5,0.98,-60
1787062446850,252971,Lumbar,sit,-0.002928,1.028704,0.12444,0.77,-3.99,0.7,-60
1787062447275,253147,Lumbar,sit,-0.015616,1.016504,0.128344,2.45,-2.17,0.42,-60
1787062447275,253179,Lumbar,sit,-0.012688,1.013576,0.123952,1.54,-1.75,0.7,-60
1787062447275,253196,Lumbar,sit,-0.010248,1.011136,0.12688,1.61,-1.89,0.77,-60
1787062447275,253213,Lumbar,sit,-0.00976,1.008696,0.127856,2.03,-1.89,0.63,-60
1787062447275,253230,Lumbar,sit,-0.00976,1.00772,0.127368,2.24,-1.75,0.56,-60
1787062447275,253261,Lumbar,sit,-0.010736,1.018456,0.122,2.31,-1.82,0.56,-60
1787062447275,253278,Lumbar,sit,-0.00976,1.018944,0.118584,1.54,-2.31,0.35,-60
1787062447275,253295,Lumbar,sit,-0.014152,1.014064,0.118584,1.19,-2.45,0.28,-60
1787062447275,253312,Lumbar,sit,-0.015128,1.009672,0.124928,1.47,-2.52,0.28,-60
1787062447275,253328,Lumbar,sit,-0.010736,1.012112,0.127856,2.1,-2.8,0.14,-60
1787062447564,253502,Lumbar,sit,-0.010248,1.011624,0.125416,1.68,-2.66,-0.56,-66
1787062447564,253533,Lumbar,sit,-0.0122,1.014552,0.133712,1.33,-2.59,-0.14,-66
1787062447564,253550,Lumbar,sit,-0.015128,1.0126,0.137616,0.98,-2.31,-0.07,-66
1787062447564,253567,Lumbar,sit,-0.01464,1.009672,0.132248,1.05,-1.89,-0.07,-66
1787062447564,253584,Lumbar,sit,-0.011712,1.009672,0.129808,1.61,-2.17,0,-66
1787062447564,253615,Lumbar,sit,-0.008296,1.015528,0.128344,1.82,-2.8,0.42,-66
1787062447564,253632,Lumbar,sit,-0.013176,1.012112,0.13176,1.4,-2.59,0.42,-66
1787062447564,253649,Lumbar,sit,-0.017568,1.011624,0.128832,2.03,-2.24,0.35,-66
1787062447564,253666,Lumbar,sit,-0.01952,1.0126,0.123952,2.1,-2.45,0.28,-66
1787062447564,253683,Lumbar,sit,-0.020984,1.013576,0.122488,1.96,-2.73,0.42,-66
1787062448099,253858,Lumbar,sit,-0.01464,1.017968,0.125904,0.42,-2.45,0.42,-66
1787062448099,253890,Lumbar,sit,-0.0122,1.011136,0.129808,0.91,-2.03,0.35,-66
1787062448099,253907,Lumbar,sit,-0.010736,1.011136,0.12688,0.84,-2.1,0.7,-66
1787062448099,253924,Lumbar,sit,-0.006344,1.01016,0.126392,0.7,-2.31,0.98,-66
1787062448099,253941,Lumbar,sit,-0.006344,1.012112,0.128344,1.12,-2.03,0.77,-66
1787062448099,253972,Lumbar,sit,-0.009272,1.014064,0.132248,0.91,-1.54,0.28,-66
1787062448099,253989,Lumbar,sit,-0.015128,1.011136,0.134688,0.49,-1.33,0.35,-66
1787062448099,254006,Lumbar,sit,-0.014152,1.008696,0.138592,0.91,-1.75,0.35,-66
1787062448099,254023,Lumbar,sit,-0.012688,1.00528,0.138104,1.26,-1.47,0.42,-66
1787062448099,254040,Lumbar,sit,-0.012688,1.013088,0.128344,2.17,-1.54,0.42,-66
1787062448280,254214,Lumbar,sit,-0.011224,1.012112,0.123464,1.12,-2.52,0.14,-67
1787062448280,254245,Lumbar,sit,-0.011224,1.011624,0.128344,1.96,-3.01,0.21,-67
1787062448280,254262,Lumbar,sit,-0.0122,1.016504,0.130784,2.24,-2.94,0.49,-67
1787062448280,254279,Lumbar,sit,-0.011224,1.020408,0.131272,1.89,-2.73,0.63,-67
1787062448280,254296,Lumbar,sit,-0.011224,1.018456,0.128832,1.26,-2.24,0.7,-67
1787062448280,254327,Lumbar,sit,-0.008784,1.00528,0.134688,1.54,-1.96,0.91,-67
1787062448280,254344,Lumbar,sit,-0.010736,1.002352,0.130296,2.52,-2.1,0.91,-67
1787062448280,254361,Lumbar,sit,-0.010736,1.00528,0.129808,3.29,-2.45,1.12,-67
1787062448280,254378,Lumbar,sit,-0.013664,1.008696,0.135664,3.36,-2.38,1.68,-67
1787062448280,254395,Lumbar,sit,-0.01708,1.008208,0.13908,2.31,-1.26,2.31,-67
1787062448710,254569,Lumbar,sit,-0.010736,1.00772,0.127368,2.03,-0.7,1.68,-67
1787062448710,254600,Lumbar,sit,-0.007808,1.01748,0.123952,1.89,-1.05,1.54,-67
1787062448710,254617,Lumbar,sit,-0.00244,1.017968,0.123464,1.61,-1.26,1.26,-67
1787062448710,254634,Lumbar,sit,-0.001952,1.019432,0.12444,1.05,-1.61,1.12,-67
1787062448710,254651,Lumbar,sit,-0.001464,1.016992,0.13176,0.14,-1.54,1.26,-67
1787062448710,254682,Lumbar,sit,0.000488,1.014064,0.136152,0,-0.07,1.33,-67
1787062448710,254699,Lumbar,sit,-0.003416,1.012112,0.123464,0.49,0.35,1.19,-67
1787062448710,254716,Lumbar,sit,-0.007808,1.01504,0.113704,0.84,0.07,1.12,-67
1787062448710,254733,Lumbar,sit,-0.009272,1.016504,0.111752,0.63,-0.14,0.91,-67
1787062448710,254750,Lumbar,sit,-0.006832,1.016504,0.111264,0.21,-0.49,0.7,-67
1787062448988,254924,Lumbar,sit,-0.004392,1.015528,0.123464,2.03,-1.19,0.21,-62
1787062448988,254955,Lumbar,sit,-0.005368,1.015528,0.129808,2.94,-2.66,0.63,-62
1787062448988,254972,Lumbar,sit,-0.003416,1.01748,0.12932,2.87,-3.29,0.49,-62
1787062448988,254989,Lumbar,sit,-0.002928,1.014552,0.127856,2.38,-2.87,0.14,-62
1787062448988,255007,Lumbar,sit,-0.004392,1.009672,0.127368,2.24,-2.52,0,-62
1787062448988,255025,Lumbar,sit,-0.005368,1.008696,0.123952,2.17,-2.45,0.07,-62
1787062448988,255056,Lumbar,sit,-0.004392,1.01016,0.122,2.59,-2.38,0.49,-62
1787062448988,255074,Lumbar,sit,-0.003904,1.011136,0.122488,3.08,-2.73,0.42,-62
1787062448988,255091,Lumbar,sit,-0.002928,1.0126,0.122,3.36,-2.87,0.35,-62
1787062448988,255108,Lumbar,sit,-0.003416,1.017968,0.119072,3.57,-3.29,0,-62
1787062449527,255283,Lumbar,sit,-0.004392,1.01748,0.121512,2.24,-2.94,-0.07,-62
1787062449527,255314,Lumbar,sit,-0.010736,1.016016,0.121512,0.84,-3.43,-0.14,-62
1787062449527,255331,Lumbar,sit,-0.012688,1.0126,0.123464,0.91,-3.85,-0.28,-62
1787062449527,255349,Lumbar,sit,-0.011712,1.014064,0.12688,1.33,-4.06,-0.49,-62
1787062449527,255366,Lumbar,sit,-0.008296,1.013088,0.126392,1.33,-3.85,-0.42,-62
1787062449527,255397,Lumbar,sit,-0.007808,1.014552,0.12688,0.63,-3.43,-0.49,-62
1787062449527,255414,Lumbar,sit,-0.007808,1.014552,0.12932,0.7,-3.71,-0.14,-62
1787062449527,255431,Lumbar,sit,-0.006832,1.011136,0.133224,0.77,-3.64,-0.07,-62
1787062449527,255448,Lumbar,sit,-0.005856,1.007232,0.128832,0.91,-3.29,-0.14,-62
1787062449527,255464,Lumbar,sit,-0.003904,1.00772,0.12444,1.54,-3.64,-0.56,-62
1787062449703,255640,Lumbar,sit,-0.011712,1.01748,0.12932,1.68,-2.94,0.21,-66
1787062449703,255671,Lumbar,sit,-0.013176,1.009672,0.127368,-0.77,-2.03,-0.14,-66
1787062449703,255688,Lumbar,sit,-0.010248,1.006256,0.132736,0.21,-0.42,0.14,-66
1787062449703,255705,Lumbar,sit,-0.010248,1.003328,0.1342,1.05,-0.84,0.21,-66
1787062449703,255722,Lumbar,sit,-0.009272,1.01016,0.133224,1.82,-2.59,0.35,-66
1787062449703,255753,Lumbar,sit,-0.013176,1.017968,0.133224,0.42,-2.45,0.35,-66
1787062449703,255770,Lumbar,sit,-0.016104,1.008696,0.133224,0.49,-2.03,0.14,-66
1787062449703,255787,Lumbar,sit,-0.016104,1.006744,0.132736,1.33,-1.68,0,-66
1787062449703,255804,Lumbar,sit,-0.014152,1.009184,0.131272,1.4,-1.96,0.49,-66
1787062449703,255821,Lumbar,sit,-0.011712,1.010648,0.132248,1.12,-2.24,0.63,-66
1787062450142,255996,Lumbar,sit,-0.016104,1.009672,0.135664,1.96,-0.35,0.49,-66
1787062450142,256027,Lumbar,sit,-0.017568,1.008208,0.13664,1.47,-0.21,1.33,-66
1787062450142,256044,Lumbar,sit,-0.018544,1.009672,0.14396,0.84,-0.14,2.17,-66
1787062450142,256061,Lumbar,sit,-0.020496,1.008696,0.149816,0.63,0.77,2.66,-66
1787062450142,256078,Lumbar,sit,-0.020496,1.008208,0.146888,0.84,1.75,2.66,-66
1787062450142,256109,Lumbar,sit,-0.012688,1.008696,0.132248,1.33,2.45,2.17,-66
1787062450142,256126,Lumbar,sit,-0.010736,1.011624,0.130296,1.75,2.17,1.82,-66
1787062450142,256143,Lumbar,sit,-0.010248,1.018944,0.128832,2.03,1.19,1.54,-66
1787062450142,256160,Lumbar,sit,-0.007808,1.020408,0.127856,2.03,0.56,1.19,-66
1787062450142,256177,Lumbar,sit,-0.003416,1.01992,0.125416,1.82,-0.14,0.98,-66
1787062450416,256351,Lumbar,sit,-0.010248,1.013576,0.125904,1.47,-2.31,0.91,-65
1787062450416,256382,Lumbar,sit,-0.012688,1.013576,0.124928,1.96,-1.89,0.42,-65
1787062450416,256399,Lumbar,sit,-0.008296,1.015528,0.127368,1.96,-1.05,0.42,-65
1787062450416,256416,Lumbar,sit,-0.00732,1.013576,0.127856,1.75,-1.12,0.42,-65
1787062450416,256433,Lumbar,sit,-0.005368,1.011136,0.130296,1.61,-1.26,0.42,-65
1787062450416,256464,Lumbar,sit,-0.003416,1.009672,0.133712,1.54,-1.82,0.49,-65
1787062450416,256482,Lumbar,sit,-0.005856,1.011624,0.135664,1.82,-1.82,0.28,-65
1787062450416,256498,Lumbar,sit,-0.006832,1.013576,0.135664,2.1,-1.82,0.21,-65
1787062450416,256515,Lumbar,sit,-0.008296,1.013576,0.135176,1.54,-1.89,0.35,-65
1787062450416,256532,Lumbar,sit,-0.006344,1.009184,0.136152,1.19,-2.03,0.49,-65
1787062450771,256708,Lumbar,sit,-0.001952,1.009184,0.140544,3.15,-1.89,0.14,-65
1787062450771,256739,Lumbar,sit,-0.012688,1.009672,0.125416,2.17,-2.31,0.35,-65
1787062450771,256756,Lumbar,sit,-0.01464,1.009184,0.122488,2.17,-2.66,0.7,-65
1787062450771,256773,Lumbar,sit,-0.013664,1.010648,0.120048,2.31,-2.73,0.7,-65
1787062450771,256790,Lumbar,sit,-0.00976,1.011624,0.122488,2.38,-2.94,0.56,-65
1787062450771,256821,Lumbar,sit,-0.003904,1.014064,0.128344,3.01,-2.87,0.28,-65
1787062450771,256838,Lumbar,sit,-0.003416,1.013088,0.129808,2.52,-3.36,0.35,-65
1787062450771,256855,Lumbar,sit,-0.002928,1.01016,0.132736,2.59,-3.78,0.42,-65
1787062450771,256872,Lumbar,sit,-0.003904,1.00772,0.132736,3.64,-3.78,0.14,-65
1787062450771,256889,Lumbar,sit,-0.006832,1.008696,0.131272,4.9,-3.78,-0.07,-65
1787062451129,257064,Lumbar,sit,-0.008296,1.021384,0.120048,1.68,-3.71,-0.7,-65
1787062451129,257095,Lumbar,sit,-0.009272,1.012112,0.130784,0.56,-3.43,-0.28,-65
1787062451129,257112,Lumbar,sit,-0.009272,1.007232,0.133224,1.05,-3.43,-0.14,-65
1787062451129,257129,Lumbar,sit,-0.00976,1.01016,0.126392,1.47,-3.64,-0.07,-65
1787062451129,257146,Lumbar,sit,-0.008784,1.0126,0.121024,1.47,-3.64,-0.35,-65
1787062451129,257177,Lumbar,sit,-0.010248,1.013576,0.12688,1.47,-3.01,-0.63,-65
1787062451129,257194,Lumbar,sit,-0.013176,1.016992,0.127368,0.91,-2.03,-0.42,-65
1787062451129,257211,Lumbar,sit,-0.016104,1.01504,0.127856,0.42,-2.31,-0.14,-65
1787062451129,257228,Lumbar,sit,-0.01708,1.013576,0.12688,0.35,-2.45,-0.14,-65
1787062451129,257245,Lumbar,sit,-0.013664,1.011136,0.125416,0.14,-2.38,-0.07,-65
1787062451486,257421,Lumbar,sit,-0.013176,1.017968,0.12932,0.14,-2.66,-0.49,-65
1787062451486,257452,Lumbar,sit,-0.017568,1.01504,0.13176,-0.21,-2.66,-0.7,-65
1787062451486,257470,Lumbar,sit,-0.017568,1.0126,0.129808,-0.7,-2.87,-0.49,-65
1787062451486,257487,Lumbar,sit,-0.01708,1.006256,0.135176,-0.77,-2.52,-0.07,-65
1787062451486,257504,Lumbar,sit,-0.01464,1.006744,0.13664,-0.77,-0.28,0.56,-65
1787062451486,257534,Lumbar,sit,-0.0122,1.00284,0.14152,0,-1.05,0.21,-65
1787062451486,257551,Lumbar,sit,-0.0122,1.006744,0.142984,0.42,-1.05,0.63,-65
1787062451486,257568,Lumbar,sit,-0.011712,1.009672,0.144936,0.56,-1.05,1.26,-65
1787062451486,257585,Lumbar,sit,-0.01464,1.014552,0.144448,0.07,-0.63,1.54,-65
1787062451486,257602,Lumbar,sit,-0.017568,1.0126,0.140544,-1.19,0.35,1.61,-65
1787062451864,257777,Lumbar,sit,-0.011224,1.013576,0.122,2.31,-0.77,0.91,-66
1787062451864,257808,Lumbar,sit,-0.013176,1.019432,0.130296,2.17,-1.96,0.98,-66
1787062451864,257825,Lumbar,sit,-0.012688,1.018944,0.137616,1.47,-1.96,0.91,-66
1787062451864,257843,Lumbar,sit,-0.009272,1.016504,0.140056,1.12,-1.4,0.91,-66
1787062451864,257860,Lumbar,sit,-0.005856,1.009672,0.142984,1.19,-1.12,0.77,-66
1787062451864,257891,Lumbar,sit,-0.0122,1.009672,0.12444,1.47,-0.63,0.56,-66
1787062451864,257908,Lumbar,sit,-0.015128,1.009184,0.123952,1.47,-0.98,0.7,-66
1787062451864,257925,Lumbar,sit,-0.015128,1.014064,0.124928,1.54,-1.82,0.63,-66
1787062451864,257942,Lumbar,sit,-0.011224,1.014064,0.132248,1.54,-2.24,0.63,-66
1787062451864,257959,Lumbar,sit,-0.004392,1.014064,0.138104,1.89,-1.75,0.63,-66
1787062452198,258134,Lumbar,sit,-0.007808,1.011624,0.13908,1.19,4.06,0.98,-66
1787062452198,258165,Lumbar,sit,-0.010248,1.008208,0.139568,1.82,5.95,1.12,-66
1787062452198,258182,Lumbar,sit,-0.009272,1.010648,0.137128,1.96,6.37,1.26,-66
1787062452198,258199,Lumbar,sit,-0.0122,1.011624,0.137616,2.1,7.28,1.4,-66
1787062452198,258216,Lumbar,sit,-0.014152,1.013088,0.137616,1.89,7.98,1.75,-66
1787062452198,258247,Lumbar,sit,-0.011224,1.009672,0.138104,1.61,8.19,2.31,-66
1787062452198,258264,Lumbar,sit,-0.008784,1.00772,0.137616,1.61,8.4,2.45,-66
1787062452198,258281,Lumbar,sit,-0.006832,1.006744,0.135664,1.68,8.68,2.45,-66
1787062452198,258298,Lumbar,sit,-0.005856,1.008208,0.138104,2.17,9.1,2.45,-66
1787062452198,258315,Lumbar,sit,-0.002928,1.008208,0.140544,2.45,9.38,2.45,-66
1787062452558,258488,Lumbar,sit,-0.009272,1.008208,0.128832,1.05,-0.56,0.98,-66
1787062452558,258519,Lumbar,sit,-0.009272,1.011624,0.128832,2.24,-2.8,0.28,-66
1787062452558,258536,Lumbar,sit,-0.006832,1.014064,0.128832,2.1,-4.13,0,-66
1787062452558,258553,Lumbar,sit,-0.006344,1.015528,0.130296,1.61,-5.04,-0.21,-66
1787062452558,258570,Lumbar,sit,-0.005368,1.014064,0.130296,1.47,-5.11,-0.28,-66
1787062452558,258601,Lumbar,sit,-0.014152,1.009184,0.126392,1.19,-5.25,-0.63,-66
1787062452558,258618,Lumbar,sit,-0.01708,1.008208,0.13176,1.68,-5.6,-0.91,-66
1787062452558,258635,Lumbar,sit,-0.019032,1.006744,0.133712,2.24,-5.6,-1.05,-66
1787062452558,258652,Lumbar,sit,-0.015128,1.009672,0.135664,3.15,-5.74,-1.33,-66
1787062452558,258669,Lumbar,sit,-0.012688,1.0126,0.129808,3.36,-5.11,-1.68,-66
1787062452913,258846,Lumbar,sit,-0.010736,1.013088,0.127856,0.98,-6.65,-0.28,-77
1787062452913,258877,Lumbar,sit,-0.02196,1.01016,0.127856,1.05,-7.63,-0.42,-77
1787062452913,258894,Lumbar,sit,-0.020496,1.008208,0.128344,1.61,-7.98,-0.28,-77
1787062452913,258911,Lumbar,sit,-0.01952,1.010648,0.127856,1.54,-8.47,-0.21,-77
1787062452913,258928,Lumbar,sit,-0.016592,1.01504,0.130784,1.33,-8.68,-0.21,-77
1787062452913,258959,Lumbar,sit,-0.011712,1.013576,0.134688,0.91,-9.45,-0.21,-77
1787062452913,258976,Lumbar,sit,-0.014152,1.013088,0.134688,1.05,-9.73,-0.21,-77
1787062452913,258993,Lumbar,sit,-0.016104,1.012112,0.134688,1.19,-10.15,-0.28,-77
1787062452913,259010,Lumbar,sit,-0.020008,1.010648,0.137616,0.98,-10.29,-0.42,-77
1787062452913,259027,Lumbar,sit,-0.018544,1.011136,0.140544,0.77,-10.29,-0.35,-77
1787062453273,259204,Lumbar,sit,-0.014152,1.014552,0.140544,2.59,-10.29,-0.77,-77
1787062453273,259235,Lumbar,sit,-0.013176,1.017968,0.130296,1.47,-10.71,-0.63,-77
1787062453273,259252,Lumbar,sit,-0.010736,1.016016,0.135664,0.63,-10.36,-0.77,-77
1787062453273,259269,Lumbar,sit,-0.00976,1.008208,0.140544,0.7,-9.73,-0.63,-77
1787062453273,259286,Lumbar,sit,-0.010248,1.001864,0.146888,1.47,-8.26,-0.28,-77
1787062453273,259317,Lumbar,sit,-0.008784,1.011136,0.14152,2.52,-6.51,0.42,-77
1787062453273,259334,Lumbar,sit,-0.006832,1.015528,0.135664,1.75,-6.16,0.49,-77
1787062453273,259351,Lumbar,sit,-0.003904,1.008208,0.133224,1.89,-5.18,0.7,-77
1787062453273,259368,Lumbar,sit,-0.003416,1.011136,0.129808,2.8,-4.41,0.63,-77
1787062453273,259385,Lumbar,sit,-0.005856,1.01748,0.133224,2.52,-4.27,0.7,-77
1787062453639,259562,Lumbar,sit,-0.005856,1.011624,0.13664,1.89,0.7,2.03,-77
1787062453639,259594,Lumbar,sit,-0.011712,1.015528,0.138592,0.98,0.07,1.68,-77
1787062453639,259611,Lumbar,sit,-0.014152,1.013576,0.138104,1.4,-0.21,1.05,-77
1787062453639,259628,Lumbar,sit,-0.019032,1.011136,0.136152,1.54,-0.35,0.7,-77
1787062453639,259645,Lumbar,sit,-0.01708,1.00772,0.128832,1.61,-0.42,0.56,-77
1787062453639,259676,Lumbar,sit,-0.01952,1.01748,0.120536,1.68,-1.26,0.21,-77
1787062453639,259693,Lumbar,sit,-0.020008,1.020896,0.128344,0.98,-1.33,0.14,-77
1787062453639,259710,Lumbar,sit,-0.016104,1.008208,0.141032,0.77,-1.05,0.14,-77
1787062453639,259727,Lumbar,sit,-0.011712,0.996008,0.1464,2.24,-0.7,-0.07,-77
1787062453639,259744,Lumbar,sit,-0.00976,0.99552,0.140056,4.34,-0.49,-0.42,-77
1787062453985,259919,Lumbar,sit,-0.013176,1.020896,0.129808,3.01,-3.22,0.7,-67
1787062453985,259950,Lumbar,sit,-0.0122,1.016504,0.132248,1.12,-2.17,0.49,-67
1787062453985,259967,Lumbar,sit,-0.010736,1.008208,0.13176,1.47,-1.4,0.35,-67
1787062453985,259984,Lumbar,sit,-0.010248,1.00772,0.125416,2.24,-0.49,0.21,-67
1787062453985,260001,Lumbar,sit,-0.013664,1.005768,0.122976,2.31,-0.63,0.21,-67
1787062453985,260032,Lumbar,sit,-0.015616,1.013088,0.128832,2.59,-2.03,0.63,-67
1787062453985,260049,Lumbar,sit,-0.013664,1.02236,0.130784,2.31,-2.73,0.56,-67
1787062453985,260066,Lumbar,sit,-0.011712,1.01992,0.130296,1.05,-2.66,0.49,-67
1787062453985,260083,Lumbar,sit,-0.010248,1.015528,0.132248,0.56,-2.1,0.56,-67
1787062453985,260100,Lumbar,sit,-0.00732,1.008208,0.1342,0.63,-1.89,0.63,-67
1787062454344,260275,Lumbar,sit,-0.010248,1.009672,0.133224,1.54,-2.87,0.42,-67
1787062454344,260307,Lumbar,sit,-0.009272,1.0126,0.130296,1.82,-3.08,0.28,-67
1787062454344,260324,Lumbar,sit,-0.009272,1.01992,0.12932,1.61,-2.94,0.14,-67
1787062454344,260341,Lumbar,sit,-0.011224,1.015528,0.133224,0.77,-2.38,0.28,-67
1787062454344,260358,Lumbar,sit,-0.010736,1.00772,0.137128,0.91,-1.89,0.42,-67
1787062454344,260375,Lumbar,sit,-0.008784,1.004792,0.137616,1.47,-2.1,0.56,-67
1787062454344,260406,Lumbar,sit,-0.009272,1.0126,0.1342,2.38,-3.5,0.35,-67
1787062454344,260423,Lumbar,sit,-0.011224,1.014552,0.13176,2.1,-3.71,0.21,-67
1787062454344,260440,Lumbar,sit,-0.013176,1.018944,0.130296,1.96,-3.71,0.14,-67
1787062454344,260457,Lumbar,sit,-0.012688,1.018456,0.130784,1.82,-3.71,-0.14,-67
1787062454699,260632,Lumbar,sit,-0.010248,1.004792,0.12932,0.49,-2.03,-0.42,-67
1787062454699,260663,Lumbar,sit,-0.015616,1.010648,0.134688,1.12,-3.01,-0.14,-67
1787062454699,260680,Lumbar,sit,-0.015128,1.01504,0.139568,0.84,-3.15,0,-67
1787062454699,260697,Lumbar,sit,-0.015128,1.01504,0.140056,0.7,-2.73,0.07,-67
1787062454699,260714,Lumbar,sit,-0.01464,1.013576,0.140056,0.7,-2.73,0,-67
1787062454699,260745,Lumbar,sit,-0.015128,1.01016,0.13664,1.26,-3.22,0.21,-67
1787062454699,260762,Lumbar,sit,-0.014152,1.011136,0.135176,1.33,-3.29,0.14,-67
1787062454699,260779,Lumbar,sit,-0.016104,1.012112,0.133712,1.19,-3.15,0.07,-67
1787062454699,260796,Lumbar,sit,-0.01708,1.013576,0.136152,0.98,-3.08,0.14,-67
1787062454699,260813,Lumbar,sit,-0.016592,1.014064,0.13908,0.63,-3.01,0.07,-67
1787062455068,260987,Lumbar,sit,-0.016592,1.011624,0.14152,1.26,-2.73,0.49,-67
1787062455068,261017,Lumbar,sit,-0.015616,1.010648,0.142008,0.42,-1.96,0.63,-67
1787062455068,261034,Lumbar,sit,-0.011224,1.008208,0.138104,1.4,-1.61,0.42,-67
1787062455068,261051,Lumbar,sit,-0.010248,1.010648,0.134688,2.1,-2.03,0.28,-67
1787062455068,261068,Lumbar,sit,-0.010736,1.011136,0.140056,1.47,-2.59,0.56,-67
1787062455068,261099,Lumbar,sit,-0.012688,1.009184,0.149816,1.19,-1.89,0.84,-67
1787062455068,261116,Lumbar,sit,-0.012688,1.009672,0.1464,1.61,-1.33,0.84,-67
1787062455068,261133,Lumbar,sit,-0.013176,1.012112,0.13908,1.33,-1.33,1.05,-67
1787062455068,261150,Lumbar,sit,-0.013176,1.013576,0.136152,0.91,-1.26,1.05,-67
1787062455068,261181,Lumbar,sit,-0.018056,1.008208,0.137128,1.12,-1.54,0.91,-67
1787062455423,261355,Lumbar,sit,-0.013176,1.018944,0.141032,2.66,0.21,1.4,-64
1787062455423,261386,Lumbar,sit,-0.011224,1.010648,0.150304,1.61,1.12,1.68,-64
1787062455423,261403,Lumbar,sit,-0.010248,1.006744,0.146888,1.82,1.26,1.61,-64
1787062455423,261420,Lumbar,sit,-0.0122,1.009672,0.13664,1.82,1.05,1.61,-64
1787062455423,261437,Lumbar,sit,-0.011712,1.016016,0.129808,1.19,0.49,1.54,-64
1787062455423,261468,Lumbar,sit,-0.003904,1.020408,0.1342,0.56,-0.14,1.4,-64
1787062455423,261485,Lumbar,sit,-0.001464,1.017968,0.137128,0.35,-0.21,1.12,-64
1787062455423,261502,Lumbar,sit,-0.003416,1.011136,0.135664,0.77,-0.63,0.84,-64
1787062455423,261519,Lumbar,sit,-0.00488,1.009184,0.135664,1.47,-0.98,0.84,-64
1787062455423,261536,Lumbar,sit,-0.010248,1.00772,0.13664,1.75,-1.12,0.84,-64
1787062455783,261711,Lumbar,sit,-0.001952,1.00772,0.13908,1.82,-2.66,0.7,-64
1787062455783,261743,Lumbar,sit,-0.003416,1.014552,0.135176,1.82,-1.61,0.42,-64
1787062455783,261760,Lumbar,sit,-0.005368,1.01504,0.133712,1.61,-1.4,0.21,-64
1787062455783,261778,Lumbar,sit,-0.007808,1.009184,0.136152,1.26,-1.89,0.28,-64
1787062455783,261795,Lumbar,sit,-0.006832,1.006256,0.138592,1.75,-2.38,0.35,-64
1787062455783,261812,Lumbar,sit,-0.005368,1.004304,0.140056,2.03,-2.52,0.35,-64
1787062455783,261843,Lumbar,sit,-0.003904,1.009184,0.133224,3.99,-2.45,0.28,-64
1787062455783,261860,Lumbar,sit,-0.003416,1.0126,0.130784,4.13,-3.01,0.07,-64
1787062455783,261877,Lumbar,sit,-0.005856,1.021384,0.129808,3.71,-3.43,-0.07,-64
1787062455783,261894,Lumbar,sit,-0.011224,1.013088,0.132248,2.52,-3.92,-0.07,-64
1787062456140,262069,Lumbar,sit,-0.004392,1.012112,0.134688,1.4,-3.5,-0.28,-64
1787062456140,262101,Lumbar,sit,-0.009272,1.014064,0.130296,1.47,-3.43,-0.35,-64
1787062456140,262118,Lumbar,sit,-0.00732,1.015528,0.130784,1.26,-3.92,-0.35,-64
1787062456140,262135,Lumbar,sit,-0.006832,1.014064,0.137616,1.33,-4.34,-0.35,-64
1787062456140,262152,Lumbar,sit,-0.010736,1.01016,0.141032,1.4,-4.27,-0.21,-64
1787062456140,262183,Lumbar,sit,-0.012688,1.009672,0.135664,1.05,-3.29,-0.14,-64
1787062456140,262200,Lumbar,sit,-0.011224,1.010648,0.135664,0.98,-3.43,-0.21,-64
1787062456140,262217,Lumbar,sit,-0.008784,1.013576,0.138104,1.05,-3.43,-0.14,-64
1787062456140,262234,Lumbar,sit,-0.010736,1.016016,0.137616,0.98,-3.64,-0.07,-64
1787062456140,262251,Lumbar,sit,-0.010736,1.01016,0.137616,0.84,-3.22,-0.14,-64
1787062456496,262427,Lumbar,sit,-0.013176,1.016016,0.13664,0.91,-1.89,0.14,-63
1787062456496,262457,Lumbar,sit,-0.0122,1.008696,0.142008,0.42,-3.08,0.14,-63
1787062456496,262475,Lumbar,sit,-0.013664,1.007232,0.14396,0.98,-3.43,0.21,-63
1787062456496,262492,Lumbar,sit,-0.01464,1.008208,0.142984,1.26,-3.15,0.07,-63
1787062456496,262509,Lumbar,sit,-0.012688,1.008696,0.142008,1.4,-2.94,0,-63
1787062456496,262540,Lumbar,sit,-0.0122,1.011624,0.139568,1.47,-2.59,0,-63
1787062456496,262557,Lumbar,sit,-0.015616,1.016016,0.139568,1.33,-2.73,0.14,-63
1787062456496,262574,Lumbar,sit,-0.015616,1.014064,0.138104,0.98,-2.94,0.28,-63
1787062456496,262591,Lumbar,sit,-0.015616,1.012112,0.136152,0.7,-3.22,0.28,-63
1787062456496,262608,Lumbar,sit,-0.0122,1.010648,0.138104,0.63,-3.29,0.07,-63
1787062456851,262783,Lumbar,sit,-0.0122,1.008208,0.150304,0.84,-2.52,0.14,-63
1787062456851,262814,Lumbar,sit,-0.0122,1.0126,0.144936,2.03,-1.54,0.14,-63
1787062456851,262831,Lumbar,sit,-0.010736,1.01504,0.14152,1.26,-1.68,0.07,-63
1787062456851,262848,Lumbar,sit,-0.016104,1.009672,0.144448,0.56,-1.68,0.28,-63
1787062456851,262865,Lumbar,sit,-0.016104,1.00528,0.149816,0.91,-1.75,0.7,-63
1787062456851,262896,Lumbar,sit,-0.0122,1.01504,0.149328,0.91,-1.19,1.05,-63
1787062456851,262913,Lumbar,sit,-0.013176,1.0126,0.145912,0.14,-0.49,0.7,-63
1787062456851,262930,Lumbar,sit,-0.015616,1.00528,0.149328,0.77,-0.28,0.63,-63
1787062456851,262947,Lumbar,sit,-0.017568,1.003816,0.152744,1.47,-0.42,0.91,-63
1787062456851,262964,Lumbar,sit,-0.018056,1.004792,0.162504,1.33,-0.21,1.19,-63
1787062457206,263137,Lumbar,sit,-0.00488,1.013088,0.130784,0.91,-1.33,1.4,-63
1787062457206,263168,Lumbar,sit,-0.008784,1.013088,0.142496,2.03,-1.61,1.05,-63
1787062457206,263185,Lumbar,sit,-0.010248,1.016504,0.149816,1.89,-0.21,0.77,-63
1787062457206,263202,Lumbar,sit,-0.0122,1.016016,0.149328,1.47,0.28,0.56,-63
1787062457206,263219,Lumbar,sit,-0.012688,1.0126,0.147376,1.4,-0.07,0.63,-63
1787062457206,263250,Lumbar,sit,-0.00732,1.008696,0.137128,1.19,-0.7,0.98,-63
1787062457206,263267,Lumbar,sit,-0.005368,1.00772,0.136152,1.4,-0.91,0.98,-63
1787062457206,263284,Lumbar,sit,-0.00732,1.01016,0.135176,1.82,-1.96,0.63,-63
1787062457206,263301,Lumbar,sit,-0.007808,1.013576,0.13664,1.54,-2.17,0.42,-63
1787062457206,263318,Lumbar,sit,-0.011224,1.013088,0.13908,1.12,-1.89,0.14,-63
1787062457562,263491,Lumbar,sit,-0.01464,1.011136,0.144936,1.68,-2.66,0.14,-62
1787062457562,263522,Lumbar,sit,-0.013176,1.010648,0.142984,1.47,-0.98,0.21,-62
1787062457562,263539,Lumbar,sit,-0.011712,1.00772,0.143472,2.03,-1.26,0.14,-62
1787062457562,263556,Lumbar,sit,-0.00976,1.009672,0.143472,2.31,-1.68,0.42,-62
1787062457562,263573,Lumbar,sit,-0.00976,1.010648,0.139568,2.24,-2.03,0.42,-62
1787062457562,263604,Lumbar,sit,-0.009272,1.0126,0.135176,2.52,-2.45,0,-62
1787062457562,263621,Lumbar,sit,-0.007808,1.009672,0.137616,2.24,-2.87,0.14,-62
1787062457562,263638,Lumbar,sit,-0.007808,1.005768,0.13908,2.31,-2.59,0.35,-62
1787062457562,263655,Lumbar,sit,-0.010248,1.005768,0.138592,2.45,-2.17,0.21,-62
1787062457562,263672,Lumbar,sit,-0.015128,1.009184,0.139568,2.66,-2.17,0.14,-62
1787062457919,263847,Lumbar,sit,-0.021472,1.009184,0.136152,0.77,-4.76,-0.28,-62
1787062457919,263879,Lumbar,sit,-0.01708,0.998936,0.14152,1.89,-3.99,0.07,-62
1787062457919,263896,Lumbar,sit,-0.01464,1.00772,0.143472,2.45,-3.29,-0.07,-62
1787062457919,263913,Lumbar,sit,-0.013664,1.013576,0.147864,1.75,-3.57,0.07,-62
1787062457919,263930,Lumbar,sit,-0.013664,1.016016,0.151768,1.05,-4.27,0.21,-62
1787062457919,263961,Lumbar,sit,-0.012688,1.01016,0.149816,1.61,-4.27,0.07,-62
1787062457919,263978,Lumbar,sit,-0.0122,1.009184,0.139568,2.24,-3.64,-0.07,-62
1787062457919,263995,Lumbar,sit,-0.008784,1.011136,0.136152,2.24,-3.43,-0.14,-62
1787062457919,264012,Lumbar,sit,-0.005856,1.010648,0.132736,1.54,-2.8,0,-62
1787062457919,264029,Lumbar,sit,-0.002928,1.008208,0.13664,0.7,-2.24,0.28,-62
1787062458289,264205,Lumbar,sit,-0.01464,1.014552,0.14152,0.84,-3.85,-0.07,-62
1787062458289,264236,Lumbar,sit,-0.00732,1.01016,0.149816,1.19,-3.57,0.14,-62
1787062458289,264253,Lumbar,sit,-0.010248,1.010648,0.145424,1.26,-3.01,-0.14,-62
1787062458289,264270,Lumbar,sit,-0.011224,1.011624,0.142008,1.19,-2.8,-0.42,-62
1787062458289,264287,Lumbar,sit,-0.012688,1.011136,0.137128,0.91,-2.87,-0.49,-62
1787062458289,264317,Lumbar,sit,-0.01464,1.014552,0.145424,0.14,-2.03,0,-62
1787062458289,264334,Lumbar,sit,-0.015616,1.013576,0.147376,-0.07,-1.61,0,-62
1787062458289,264351,Lumbar,sit,-0.022448,1.00528,0.149328,0.07,-2.8,0,-62
1787062458289,264368,Lumbar,sit,-0.023424,1.0004,0.150792,1.33,-3.85,0.14,-62
1787062458289,264399,Lumbar,sit,-0.022936,1.011136,0.144448,1.89,-3.92,0.7,-62
1787062458648,264573,Lumbar,sit,-0.033184,1.004792,0.145912,1.54,-3.15,-0.21,-62
1787062458648,264604,Lumbar,sit,-0.022936,1.007232,0.147864,0.77,-3.5,0.56,-62
1787062458648,264621,Lumbar,sit,-0.016104,1.009184,0.149328,0.7,-3.43,0.7,-62
1787062458648,264638,Lumbar,sit,-0.013176,1.01016,0.150792,0.77,-3.15,0.56,-62
1787062458648,264655,Lumbar,sit,-0.00732,1.01016,0.150792,1.05,-2.8,0.42,-62
1787062458648,264686,Lumbar,sit,-0.001464,1.010648,0.144448,1.05,-1.12,-0.14,-62
1787062458648,264703,Lumbar,sit,-0.006344,1.014064,0.145424,0.77,-1.05,-0.21,-62
1787062458648,264720,Lumbar,sit,-0.01464,1.016016,0.153232,0,-1.26,-0.14,-62
1787062458648,264737,Lumbar,sit,-0.023424,1.008696,0.157136,-0.07,-0.77,-0.14,-62
1787062458648,264754,Lumbar,sit,-0.028792,1.005768,0.155184,1.26,-2.24,-0.28,-62
1787062458997,264930,Lumbar,sit,-0.01952,1.01504,0.149816,2.17,-0.98,0.84,-62
1787062458997,264962,Lumbar,sit,-0.03172,1.013576,0.157624,0.84,-2.45,0.42,-62
1787062458997,264979,Lumbar,sit,-0.030744,1.010648,0.151768,1.54,-2.87,0.35,-62
1787062458997,264997,Lumbar,sit,-0.02684,1.005768,0.145912,1.68,-3.01,0.56,-62
1787062458997,265013,Lumbar,sit,-0.022936,1.003816,0.143472,1.82,-3.71,0.77,-62
1787062458997,265044,Lumbar,sit,-0.015128,1.002352,0.152256,1.75,-3.57,1.26,-62
1787062458997,265061,Lumbar,sit,-0.010248,1.001864,0.153232,2.59,-2.66,1.19,-62
1787062458997,265078,Lumbar,sit,-0.00732,1.008208,0.150304,3.15,-2.1,0.98,-62
1787062458997,265095,Lumbar,sit,-0.007808,1.015528,0.150304,3.01,-2.03,0.98,-62
1787062458997,265112,Lumbar,sit,-0.008784,1.017968,0.15372,2.1,-2.1,0.77,-62
1787062459562,265339,Lumbar,sit,-0.015616,1.016016,0.153232,1.68,-2.59,0.35,-62
1787062459562,265370,Lumbar,sit,-0.016104,1.009672,0.14884,1.68,-3.01,0.14,-62
1787062459562,265387,Lumbar,sit,-0.01708,1.008208,0.145912,1.82,-3.36,0.28,-62
1787062459562,265404,Lumbar,sit,-0.016104,1.00772,0.144448,1.89,-3.43,0.42,-62
1787062459562,265421,Lumbar,sit,-0.017568,1.009184,0.14152,2.03,-3.36,0.42,-62
1787062459562,265451,Lumbar,sit,-0.015128,1.013088,0.1464,1.89,-3.29,0.35,-62
1787062459562,265468,Lumbar,sit,-0.0122,1.013088,0.149816,1.75,-3.36,0.35,-62
1787062459562,265485,Lumbar,sit,-0.013664,1.014064,0.15372,1.54,-3.64,0.28,-62
1787062459562,265502,Lumbar,sit,-0.013664,1.016992,0.15372,0.91,-3.64,0.21,-62
1787062459562,265519,Lumbar,sit,-0.013176,1.013088,0.153232,0.35,-3.57,0,-62
1787062459768,265693,Lumbar,sit,-0.017568,1.006256,0.15128,0.98,-2.03,-0.14,-63
1787062459768,265724,Lumbar,sit,-0.01952,1.009672,0.154696,0.84,-1.89,-0.07,-63
1787062459768,265741,Lumbar,sit,-0.01952,1.011624,0.154696,0.77,-1.33,-0.14,-63
1787062459768,265758,Lumbar,sit,-0.018544,1.013088,0.157136,0.98,-1.75,-0.21,-63
1787062459768,265775,Lumbar,sit,-0.019032,1.016992,0.158112,0.49,-1.47,0.07,-63
1787062459768,265806,Lumbar,sit,-0.020496,1.008208,0.154208,0.7,-2.45,-0.42,-63
1787062459768,265823,Lumbar,sit,-0.016104,1.016504,0.150304,0.49,-2.66,-0.56,-63
1787062459768,265841,Lumbar,sit,-0.012688,1.015528,0.150304,-0.7,-3.01,-0.84,-63
1787062459768,265858,Lumbar,sit,-0.016592,1.01016,0.152744,-0.77,-3.5,-0.7,-63
1787062459768,265875,Lumbar,sit,-0.02928,1.001864,0.157624,-0.56,-3.64,-0.63,-63
1787062460123,266051,Lumbar,sit,-0.020984,1.009184,0.160552,2.03,-0.49,1.33,-63
1787062460123,266082,Lumbar,sit,-0.023912,1.009672,0.164456,2.52,-1.54,1.33,-63
1787062460123,266099,Lumbar,sit,-0.02196,1.009184,0.162992,2.73,-1.54,1.61,-63
1787062460123,266116,Lumbar,sit,-0.01952,1.008208,0.162504,2.66,-1.4,1.75,-63
1787062460123,266133,Lumbar,sit,-0.017568,1.00284,0.162504,3.01,-0.84,1.68,-63
1787062460123,266164,Lumbar,sit,-0.018544,1.008208,0.15616,3.71,-1.26,1.47,-63
1787062460123,266181,Lumbar,sit,-0.019032,1.011136,0.156648,3.71,-1.75,1.19,-63
1787062460123,266198,Lumbar,sit,-0.018056,1.011136,0.158112,3.71,-1.68,0.98,-63
1787062460123,266215,Lumbar,sit,-0.01708,1.012112,0.154696,3.29,-1.47,0.91,-63
1787062460123,266232,Lumbar,sit,-0.016104,1.0126,0.149816,3.22,-1.19,0.63,-63
1787062460586,266407,Lumbar,sit,-0.017568,1.008208,0.156648,1.61,-1.47,0.21,-63
1787062460586,266439,Lumbar,sit,-0.018544,1.006256,0.155672,2.31,-1.47,0.28,-63
1787062460586,266456,Lumbar,sit,-0.020496,1.009672,0.152256,2.52,-1.54,0.35,-63
1787062460586,266472,Lumbar,sit,-0.020496,1.012112,0.14884,2.38,-1.75,0.35,-63
1787062460586,266489,Lumbar,sit,-0.020008,1.01504,0.148352,2.17,-1.96,0.35,-63
1787062460586,266520,Lumbar,sit,-0.01708,1.011624,0.152256,0.84,-1.82,0.35,-63
1787062460586,266537,Lumbar,sit,-0.016104,1.009184,0.153232,0.84,-1.75,0.35,-63
1787062460586,266554,Lumbar,sit,-0.017568,1.00528,0.157136,1.26,-1.61,0.35,-63
1787062460586,266571,Lumbar,sit,-0.018056,1.006744,0.157624,1.96,-1.47,0.7,-63
1787062460586,266588,Lumbar,sit,-0.020496,1.01016,0.155184,2.17,-1.47,0.77,-63
1787062460837,266762,Lumbar,sit,-0.015128,1.012112,0.1464,0.91,-2.31,0.42,-57
1787062460837,266793,Lumbar,sit,-0.018056,1.005768,0.1586,1.19,-2.03,0.21,-57
1787062460837,266810,Lumbar,sit,-0.018544,1.007232,0.154696,1.82,-1.89,0.35,-57
1787062460837,266827,Lumbar,sit,-0.016592,1.011624,0.1464,1.54,-1.82,0.28,-57
1787062460837,266844,Lumbar,sit,-0.020008,1.008696,0.144936,1.12,-2.1,0.14,-57
1787062460837,266876,Lumbar,sit,-0.020984,1.006256,0.151768,1.54,-2.38,0.49,-57
1787062460837,266893,Lumbar,sit,-0.018544,1.009672,0.15372,1.68,-2.38,0.56,-57
1787062460837,266910,Lumbar,sit,-0.017568,1.011136,0.150304,1.61,-2.31,0.42,-57
1787062460837,266927,Lumbar,sit,-0.018544,1.008208,0.146888,1.82,-2.38,0.42,-57
1787062460837,266944,Lumbar,sit,-0.018544,1.007232,0.147864,2.17,-2.87,0.63,-57
1787062461198,267120,Lumbar,sit,-0.020008,1.008696,0.155184,1.47,-2.94,0.49,-57
1787062461198,267152,Lumbar,sit,-0.013664,1.008696,0.153232,1.4,-2.94,0.56,-57
1787062461198,267169,Lumbar,sit,-0.01464,1.009672,0.155672,1.33,-3.29,0.49,-57
1787062461198,267186,Lumbar,sit,-0.015616,1.01504,0.15128,1.12,-3.57,0.21,-57
1787062461198,267203,Lumbar,sit,-0.020984,1.009672,0.15372,0.56,-3.85,0.21,-57
1787062461198,267234,Lumbar,sit,-0.018544,1.011624,0.154696,1.19,-3.71,0.21,-57
1787062461198,267251,Lumbar,sit,-0.012688,1.01748,0.142984,1.75,-3.92,-0.35,-57
1787062461198,267268,Lumbar,sit,-0.002928,1.033096,0.123464,2.73,-6.72,-1.68,-57
1787062461198,267285,Lumbar,sit,-0.004392,1.042856,0.118096,2.73,-10.71,-3.22,-57
1787062461198,267302,Lumbar,sit,-0.005856,1.061888,0.125904,0.14,-12.18,-3.78,-57
1787062461555,267478,Lumbar,sit,-0.028304,1.009672,0.159576,-0.98,-3.29,-1.26,-57
1787062461555,267509,Lumbar,sit,-0.025376,1.013576,0.16104,-0.84,-2.45,-1.54,-57
1787062461555,267526,Lumbar,sit,-0.027816,1.013088,0.157624,-1.47,-3.5,-1.96,-57
1787062461555,267544,Lumbar,sit,-0.028792,1.01016,0.16348,-1.82,-5.18,-1.75,-57
1787062461555,267561,Lumbar,sit,-0.030744,1.002352,0.17568,-2.52,-4.34,-1.47,-57
1787062461555,267578,Lumbar,sit,-0.033672,0.99308,0.18544,-1.47,-3.57,-1.12,-57
1787062461555,267609,Lumbar,sit,-0.032208,0.9882,0.186416,1.19,-2.8,-0.42,-57
1787062461555,267626,Lumbar,sit,-0.032696,0.994056,0.184464,2.24,-2.73,-0.07,-57
1787062461555,267643,Lumbar,sit,-0.032208,0.999912,0.181536,2.66,-2.66,0.35,-57
1787062461555,267660,Lumbar,sit,-0.03172,1.007232,0.178608,2.38,-2.17,0.42,-57
1787062462021,267837,Lumbar,sit,-0.02684,0.99796,0.17568,1.75,-1.47,1.47,-57
1787062462021,267868,Lumbar,sit,-0.027816,0.996008,0.177632,2.52,-0.77,1.68,-57
1787062462021,267885,Lumbar,sit,-0.027328,0.996496,0.182024,3.36,0.14,1.89,-57
1787062462021,267902,Lumbar,sit,-0.024888,1.006256,0.190808,4.34,1.33,2.31,-57
1787062462021,267919,Lumbar,sit,-0.023424,1.01016,0.191784,3.99,3.22,2.87,-57
1787062462021,267950,Lumbar,sit,-0.019032,0.999912,0.158112,3.43,4.06,2.8,-57
1787062462021,267967,Lumbar,sit,-0.031232,1.017968,0.132248,4.9,1.75,1.4,-57
1787062462021,267984,Lumbar,sit,-0.038552,1.031632,0.129808,4.76,-1.82,0.49,-57
1787062462021,268001,Lumbar,sit,-0.038064,1.040904,0.13908,1.96,-3.22,0.56,-57
1787062462021,268018,Lumbar,sit,-0.030744,1.021872,0.15616,-0.7,-3.85,0.77,-57
1787062462268,268191,Lumbar,sit,-0.0122,1.015528,0.162016,2.52,-2.94,1.05,-60
1787062462268,268222,Lumbar,sit,-0.014152,1.016992,0.155184,1.75,-3.43,0.35,-60
1787062462268,268239,Lumbar,sit,-0.016592,1.018456,0.153232,1.68,-3.78,-0.14,-60
1787062462268,268256,Lumbar,sit,-0.016592,1.021384,0.159576,0.77,-4.27,-0.21,-60
1787062462268,268272,Lumbar,sit,-0.015616,1.015528,0.16592,-0.91,-3.92,-0.28,-60
1787062462268,268304,Lumbar,sit,-0.016592,1.001376,0.172752,-1.26,-3.71,0,-60
1787062462268,268321,Lumbar,sit,-0.022448,0.99552,0.182024,-0.56,-2.8,0,-60
1787062462268,268338,Lumbar,sit,-0.028792,0.996496,0.184952,0.84,-1.61,0.14,-60
1787062462268,268356,Lumbar,sit,-0.030256,1.008208,0.171288,1.12,-0.84,0.21,-60
1787062462268,268373,Lumbar,sit,-0.025376,1.00772,0.160552,0.35,-0.84,0.28,-60
1787062462625,268548,Lumbar,sit,-0.017568,0.996984,0.173728,1.89,-0.77,1.96,-60
1787062462625,268579,Lumbar,sit,-0.024888,0.995032,0.162992,3.57,-1.05,2.17,-60
1787062462625,268596,Lumbar,sit,-0.032696,1.007232,0.153232,3.78,-0.98,2.03,-60
1787062462625,268613,Lumbar,sit,-0.026352,1.01992,0.158112,3.29,-0.84,1.47,-60
1787062462625,268630,Lumbar,sit,-0.012688,1.026752,0.172752,2.45,-1.12,0.84,-60
1787062462625,268661,Lumbar,sit,-0.007808,1.008208,0.17324,1.61,-2.03,0.49,-60
1787062462625,268678,Lumbar,sit,-0.018056,0.998936,0.162504,2.66,-2.52,0.49,-60
1787062462625,268695,Lumbar,sit,-0.025864,1.003816,0.154208,3.29,-2.03,0.56,-60
1787062462625,268712,Lumbar,sit,-0.02684,1.008696,0.15372,2.59,-1.68,0.7,-60
1787062462625,268729,Lumbar,sit,-0.022448,1.01504,0.1586,1.89,-1.61,0.63,-60
1787062462981,268906,Lumbar,sit,-0.023424,1.016504,0.155672,1.05,-5.88,-1.05,-60
1787062462981,268937,Lumbar,sit,-0.028792,0.997472,0.167384,0.35,-4.76,-0.42,-60
1787062462981,268954,Lumbar,sit,-0.024888,0.99064,0.174704,1.4,-3.08,0.14,-60
1787062462981,268971,Lumbar,sit,-0.016592,0.999424,0.171776,2.52,-2.17,0.49,-60
1787062462981,268988,Lumbar,sit,-0.015128,1.011136,0.163968,2.59,-2.45,0.49,-60
1787062462981,269019,Lumbar,sit,-0.0244,1.012112,0.16348,1.82,-3.15,0.07,-60
1787062462981,269036,Lumbar,sit,-0.025864,1.006744,0.16836,1.4,-2.59,0.07,-60
1787062462981,269053,Lumbar,sit,-0.025864,1.005768,0.171288,1.54,-1.89,0.49,-60
1787062462981,269070,Lumbar,sit,-0.020984,1.012112,0.170312,1.26,-1.68,0.7,-60
1787062462981,269087,Lumbar,sit,-0.017568,1.01016,0.16592,0.7,-1.68,0.77,-60
1787062463338,269262,Lumbar,sit,-0.02196,0.999912,0.1708,1.61,-2.1,0.49,-60
1787062463338,269292,Lumbar,sit,-0.023912,1.008696,0.16592,2.17,-1.68,0.84,-60
1787062463338,269310,Lumbar,sit,-0.02196,1.012112,0.162016,1.54,-1.75,0.7,-60
1787062463338,269327,Lumbar,sit,-0.020984,1.009672,0.162016,1.05,-1.96,0.49,-60
1787062463338,269344,Lumbar,sit,-0.020496,1.007232,0.16348,1.12,-2.17,0.49,-60
1787062463338,269375,Lumbar,sit,-0.020496,1.003328,0.166896,1.96,-1.82,0.35,-60
1787062463338,269392,Lumbar,sit,-0.020496,1.005768,0.16592,2.03,-2.03,0.56,-60
1787062463338,269409,Lumbar,sit,-0.021472,1.011624,0.166896,1.75,-2.17,0.7,-60
1787062463338,269426,Lumbar,sit,-0.022936,1.008208,0.167872,1.47,-1.89,0.77,-60
1787062463338,269443,Lumbar,sit,-0.02196,1.005768,0.164944,1.54,-1.68,0.49,-60
1787062463695,269619,Lumbar,sit,-0.020496,1.005768,0.164456,1.68,-2.24,0.21,-60
1787062463695,269650,Lumbar,sit,-0.02196,1.009184,0.162992,1.54,-2.17,0.07,-60
1787062463695,269667,Lumbar,sit,-0.021472,1.00772,0.16592,1.54,-2.03,0,-60
1787062463695,269684,Lumbar,sit,-0.02196,1.006744,0.166896,1.68,-2.1,0.14,-60
1787062463695,269701,Lumbar,sit,-0.023424,1.00772,0.16836,1.68,-2.17,0.42,-60
1787062463695,269732,Lumbar,sit,-0.022448,1.007232,0.16592,1.54,-1.82,0.42,-60
1787062463695,269749,Lumbar,sit,-0.02196,1.008696,0.160064,1.75,-1.82,0.35,-60
1787062463695,269766,Lumbar,sit,-0.022448,1.009184,0.162016,1.75,-2.17,0.28,-60
1787062463695,269783,Lumbar,sit,-0.026352,1.00772,0.166896,1.26,-2.1,0.35,-60
1787062463695,269800,Lumbar,sit,-0.025864,1.003816,0.167384,1.19,-1.89,0.42,-60
1787062464052,269975,Lumbar,sit,-0.019032,1.008696,0.16836,1.4,-1.4,0.7,-60
1787062464052,270006,Lumbar,sit,-0.020984,0.996984,0.179584,1.68,-0.63,1.19,-60
1787062464052,270023,Lumbar,sit,-0.020496,0.991616,0.183976,2.66,0.35,1.54,-60
1787062464052,270041,Lumbar,sit,-0.02196,0.99308,0.184464,3.22,1.82,2.17,-60
1787062464052,270058,Lumbar,sit,-0.027328,0.99796,0.174704,3.64,2.73,2.52,-60
1787062464052,270089,Lumbar,sit,-0.030744,1.016016,0.152744,4.41,1.47,2.52,-60
1787062464052,270106,Lumbar,sit,-0.029768,1.016504,0.153232,3.99,0.07,2.03,-60
1787062464052,270123,Lumbar,sit,-0.027328,1.009184,0.153232,4.13,-0.56,1.33,-60
1787062464052,270140,Lumbar,sit,-0.0244,1.007232,0.154696,4.97,-1.12,1.12,-60
1787062464052,270157,Lumbar,sit,-0.021472,1.014064,0.149328,4.76,-1.4,1.26,-60
1787062464412,270331,Lumbar,sit,-0.018056,1.020408,0.142496,2.8,-3.71,-0.14,-60
1787062464412,270362,Lumbar,sit,-0.015616,1.009672,0.154208,1.26,-2.31,0.42,-60
1787062464412,270379,Lumbar,sit,-0.015616,1.003816,0.154696,1.68,-2.03,0.77,-60
1787062464412,270396,Lumbar,sit,-0.016104,1.005768,0.15372,1.96,-1.82,0.7,-60
1787062464412,270413,Lumbar,sit,-0.016592,1.008696,0.154208,1.75,-1.96,0.77,-60
1787062464412,270444,Lumbar,sit,-0.020984,1.006256,0.163968,1.82,-1.89,0.63,-60
1787062464412,270461,Lumbar,sit,-0.022936,1.004304,0.16348,1.82,-1.75,0.77,-60
1787062464412,270478,Lumbar,sit,-0.020984,1.002352,0.162016,1.96,-1.61,0.98,-60
1787062464412,270495,Lumbar,sit,-0.020496,1.002352,0.162504,1.96,-1.05,1.12,-60
1787062464412,270512,Lumbar,sit,-0.020496,1.00284,0.166896,1.96,-0.07,1.68,-60
1787062464767,270688,Lumbar,sit,-0.013664,0.996496,0.140056,2.24,-1.75,0.28,-60
1787062464767,270720,Lumbar,sit,-0.02196,1.004792,0.142496,3.43,-2.31,0.42,-60
1787062464767,270737,Lumbar,sit,-0.026352,1.006256,0.144936,3.36,-1.75,0.14,-60
1787062464767,270754,Lumbar,sit,-0.028304,1.003816,0.146888,4.06,-1.61,-0.42,-60
1787062464767,270771,Lumbar,sit,-0.023912,1.001864,0.14884,4.83,-1.68,-0.35,-60
1787062464767,270802,Lumbar,sit,-0.013176,1.016504,0.1464,4.06,-2.24,0.7,-60
1787062464767,270819,Lumbar,sit,-0.005856,1.019432,0.144936,3.57,-2.31,0.84,-60
1787062464767,270836,Lumbar,sit,-0.005368,1.023336,0.142008,2.59,-2.03,0.77,-60
1787062464767,270853,Lumbar,sit,-0.011712,1.018456,0.139568,1.75,-1.82,0.35,-60
1787062464767,270870,Lumbar,sit,-0.016592,1.014552,0.14152,1.68,-2.17,0.14,-60
1787062465124,271046,Lumbar,sit,-0.016592,1.003328,0.1464,1.33,-2.1,0.14,-58
1787062465124,271077,Lumbar,sit,-0.020984,1.016016,0.140544,1.19,-2.24,0.49,-58
1787062465124,271094,Lumbar,sit,-0.021472,1.016992,0.13908,0.21,-2.38,0.56,-58
1787062465124,271111,Lumbar,sit,-0.020008,1.009184,0.14152,0.28,-2.45,0.63,-58
1787062465124,271128,Lumbar,sit,-0.013664,1.012112,0.1464,0.91,-2.73,0.7,-58
1787062465124,271159,Lumbar,sit,-0.011712,1.010648,0.152256,0.56,-2.87,0.14,-58
1787062465124,271176,Lumbar,sit,-0.015616,1.010648,0.150304,0.21,-2.8,-0.07,-58
1787062465124,271193,Lumbar,sit,-0.019032,1.006256,0.156648,0.35,-3.08,0.07,-58
1787062465124,271209,Lumbar,sit,-0.01952,1.004792,0.155672,0.7,-2.8,0.42,-58
1787062465124,271226,Lumbar,sit,-0.019032,1.004792,0.152744,1.05,-2.03,0.56,-58
1787062465480,271401,Lumbar,sit,-0.022936,0.993568,0.172752,0,-3.92,-0.42,-58
1787062465480,271432,Lumbar,sit,-0.014152,1.004792,0.166896,1.05,-3.22,-0.35,-58
1787062465480,271449,Lumbar,sit,-0.011712,1.009184,0.159088,1.33,-3.08,-0.42,-58
1787062465480,271466,Lumbar,sit,-0.015128,1.008696,0.1586,1.05,-2.87,-0.42,-58
1787062465480,271483,Lumbar,sit,-0.020984,1.004792,0.16104,1.33,-2.66,-0.35,-58
1787062465480,271514,Lumbar,sit,-0.021472,1.010648,0.162016,2.1,-2.45,-0.07,-58
1787062465480,271531,Lumbar,sit,-0.020008,1.013576,0.15372,1.4,-2.38,0.14,-58
1787062465480,271548,Lumbar,sit,-0.019032,1.0126,0.152744,0.98,-2.66,0,-58
1787062465480,271565,Lumbar,sit,-0.016104,1.014552,0.153232,0.98,-2.8,-0.21,-58
1787062465480,271582,Lumbar,sit,-0.016592,1.015528,0.154208,0.7,-2.38,-0.21,-58
1787062465836,271757,Lumbar,sit,-0.018056,0.996984,0.168848,1.54,-1.82,0,-58
1787062465836,271788,Lumbar,sit,-0.023912,1.009184,0.163968,1.75,-1.4,0.28,-58
1787062465836,271805,Lumbar,sit,-0.026352,1.010648,0.166896,1.68,-2.45,0.28,-58
1787062465836,271822,Lumbar,sit,-0.027328,1.011136,0.168848,1.05,-2.45,0.42,-58
1787062465836,271839,Lumbar,sit,-0.027816,1.006744,0.170312,1.12,-2.31,0.42,-58
1787062465836,271870,Lumbar,sit,-0.02196,1.009184,0.172752,1.89,-1.61,0.56,-58
1787062465836,271887,Lumbar,sit,-0.023912,1.009672,0.1708,1.68,-0.98,0.49,-58
1787062465836,271904,Lumbar,sit,-0.02684,1.010648,0.163968,1.89,-2.1,0.49,-58
1787062465836,271921,Lumbar,sit,-0.026352,1.009672,0.160552,1.47,-2.45,0.21,-58
1787062465836,271938,Lumbar,sit,-0.027816,1.004304,0.16348,1.75,-2.59,0,-58
1787062466192,272113,Lumbar,sit,-0.022448,1.007232,0.167384,1.89,-3.08,0.21,-61
1787062466192,272144,Lumbar,sit,-0.028304,1.008696,0.161528,1.82,-2.59,0.56,-61
1787062466192,272161,Lumbar,sit,-0.023912,1.011136,0.158112,1.68,-2.45,0.28,-61
1787062466192,272178,Lumbar,sit,-0.01952,1.010648,0.156648,1.33,-2.45,0.21,-61
1787062466192,272194,Lumbar,sit,-0.019032,1.007232,0.1586,1.19,-2.94,0.07,-61
1787062466192,272225,Lumbar,sit,-0.025376,1.00772,0.162504,1.4,-3.5,0.28,-61
1787062466192,272242,Lumbar,sit,-0.02684,1.011624,0.164456,1.12,-3.08,0.35,-61
1787062466192,272259,Lumbar,sit,-0.0244,1.010648,0.166896,-0.21,-2.45,0.42,-61
1787062466192,272276,Lumbar,sit,-0.024888,1.004304,0.170312,-0.21,-1.75,0.28,-61
1787062466192,272293,Lumbar,sit,-0.027328,1.000888,0.174704,0.28,-2.59,0.21,-61
1787062466550,272468,Lumbar,sit,-0.023424,1.01016,0.165432,1.82,-2.03,0.7,-61
1787062466550,272500,Lumbar,sit,-0.026352,1.005768,0.164456,1.89,-1.68,0.84,-61
1787062466550,272517,Lumbar,sit,-0.026352,1.006256,0.16348,1.82,-1.82,0.98,-61
1787062466550,272535,Lumbar,sit,-0.024888,1.009672,0.164944,1.4,-1.68,1.05,-61
1787062466550,272552,Lumbar,sit,-0.020496,1.003816,0.16348,1.26,-1.19,0.84,-61
1787062466550,272569,Lumbar,sit,-0.020008,1.005768,0.16348,1.68,-0.91,0.98,-61
1787062466550,272600,Lumbar,sit,-0.025864,1.009184,0.162504,1.68,-0.77,0.98,-61
1787062466550,272617,Lumbar,sit,-0.024888,1.010648,0.161528,1.33,-1.26,0.98,-61
1787062466550,272634,Lumbar,sit,-0.023912,1.011624,0.162992,1.19,-1.68,0.91,-61
1787062466550,272651,Lumbar,sit,-0.022448,1.006744,0.167872,1.05,-1.68,0.91,-61
1787062466906,272827,Lumbar,sit,-0.01952,1.004304,0.169824,2.24,-0.28,1.12,-61
1787062466906,272858,Lumbar,sit,-0.024888,1.010648,0.167872,2.03,0.42,1.19,-61
1787062466906,272875,Lumbar,sit,-0.029768,1.008696,0.170312,1.26,0.56,1.4,-61
1787062466906,272892,Lumbar,sit,-0.031232,0.99796,0.167384,0.91,1.19,1.89,-61
1787062466906,272909,Lumbar,sit,-0.02928,0.991128,0.157136,2.24,1.19,2.24,-61
1787062466906,272940,Lumbar,sit,-0.015128,1.016504,0.140056,4.83,-0.21,1.68,-61
1787062466906,272957,Lumbar,sit,-0.01464,1.028704,0.14884,3.92,-2.31,1.12,-61
1787062466906,272974,Lumbar,sit,-0.012688,1.028216,0.153232,3.29,-2.73,1.26,-61
1787062466906,272991,Lumbar,sit,-0.013176,1.021872,0.161528,2.17,-2.73,1.26,-61
1787062466906,273008,Lumbar,sit,-0.013176,1.008696,0.163968,1.82,-2.38,0.98,-61
1787062467265,273183,Lumbar,sit,-0.018544,1.0126,0.148352,1.89,-1.54,0.7,-61
1787062467265,273214,Lumbar,sit,-0.015616,1.011624,0.155672,1.47,-2.66,0.56,-61
1787062467265,273232,Lumbar,sit,-0.017568,1.00772,0.159576,1.47,-3.01,0.42,-61
1787062467265,273250,Lumbar,sit,-0.017568,1.004792,0.1586,1.89,-2.87,0.42,-61
1787062467265,273266,Lumbar,sit,-0.017568,1.004792,0.157136,2.1,-2.66,0.35,-61
1787062467265,273283,Lumbar,sit,-0.01464,1.006744,0.157136,2.24,-2.24,0.49,-61
1787062467265,273314,Lumbar,sit,-0.015616,1.011624,0.15616,2.1,-2.52,0.56,-61
1787062467265,273331,Lumbar,sit,-0.017568,1.011136,0.157136,1.96,-2.45,0.42,-61
1787062467265,273348,Lumbar,sit,-0.019032,1.012112,0.158112,2.24,-2.17,0.21,-61
1787062467265,273365,Lumbar,sit,-0.017568,1.014064,0.158112,2.1,-2.03,-0.07,-61
1787062467622,273540,Lumbar,sit,-0.018544,1.002352,0.167384,0.49,-3.57,-0.42,-58
1787062467622,273571,Lumbar,sit,-0.014152,1.011136,0.144936,0.42,-4.13,-0.7,-58
1787062467622,273588,Lumbar,sit,-0.018544,1.011624,0.147376,0.14,-4.34,-0.77,-58
1787062467622,273605,Lumbar,sit,-0.020984,1.009184,0.162504,0,-3.92,-0.63,-58
1787062467622,273622,Lumbar,sit,-0.01952,1.007232,0.175192,0.07,-2.8,-0.49,-58
1787062467622,273653,Lumbar,sit,-0.01952,1.00772,0.166896,0.49,-2.38,-0.35,-58
1787062467622,273670,Lumbar,sit,-0.020008,1.011136,0.1586,0.49,-3.22,-0.42,-58
1787062467622,273687,Lumbar,sit,-0.021472,1.011624,0.158112,0.28,-3.29,-0.56,-58
1787062467622,273704,Lumbar,sit,-0.020496,1.011136,0.160552,0.14,-2.94,-0.63,-58
1787062467622,273721,Lumbar,sit,-0.020984,1.010648,0.162016,-17.92,-3.22,-0.77,-58
1787062467980,273897,Lumbar,sit,-0.025376,1.001864,0.175192,1.12,-2.24,-0.28,-58
1787062467980,273928,Lumbar,sit,-0.030256,1.001376,0.156648,1.19,-1.54,0.42,-58
1787062467980,273945,Lumbar,sit,-0.032696,1.004304,0.152744,0.84,-3.01,0.7,-58
1787062467980,273962,Lumbar,sit,-0.03416,1.006256,0.161528,0.98,-3.15,0.56,-58
1787062467980,273979,Lumbar,sit,-0.02928,1.007232,0.171776,1.75,-2.87,0.35,-58
1787062467980,274010,Lumbar,sit,-0.02684,1.007232,0.164944,1.05,-1.89,0.7,-58
1787062467980,274027,Lumbar,sit,-0.025376,1.0004,0.168848,0.7,-3.08,0.91,-58
1787062467980,274044,Lumbar,sit,-0.025376,0.998936,0.174216,1.33,-2.59,1.05,-58
1787062467980,274061,Lumbar,sit,-0.02928,0.998936,0.177144,1.68,-2.1,1.26,-58
1787062467980,274078,Lumbar,sit,-0.028304,1.002352,0.17812,2.38,-1.05,1.33,-58
1787062468336,274254,Lumbar,sit,-0.019032,1.004792,0.16592,2.03,-1.75,0.63,-58
1787062468336,274285,Lumbar,sit,-0.020008,1.01504,0.16104,2.1,-2.24,0.35,-58
1787062468336,274302,Lumbar,sit,-0.016592,1.019432,0.159088,1.54,-2.59,0,-58
1787062468336,274319,Lumbar,sit,-0.01708,1.01748,0.159576,1.33,-3.08,-0.35,-58
1787062468336,274336,Lumbar,sit,-0.018056,1.016504,0.159088,0.28,-3.5,-0.42,-58
1787062468336,274367,Lumbar,sit,-0.023912,0.993568,0.162016,0.91,-3.01,-0.35,-58
1787062468336,274384,Lumbar,sit,-0.023912,0.996496,0.167384,2.1,-2.8,-0.07,-58
1787062468336,274401,Lumbar,sit,-0.02196,1.00284,0.171288,2.59,-2.66,0.42,-58
1787062468336,274418,Lumbar,sit,-0.01708,1.021384,0.176168,2.24,-2.8,0.35,-58
1787062468336,274435,Lumbar,sit,-0.013664,1.034072,0.164944,0.56,-3.08,-0.14,-58
1787062468701,274611,Lumbar,sit,-0.023424,0.996008,0.174216,0,-2.59,-0.56,-61
1787062468701,274642,Lumbar,sit,-0.023424,0.996008,0.179096,0.42,-3.15,0.21,-61
1787062468701,274659,Lumbar,sit,-0.024888,1.001376,0.186904,1.75,-1.89,0.14,-61
1787062468701,274676,Lumbar,sit,-0.022448,1.006744,0.184952,1.75,-1.33,0.21,-61
1787062468701,274693,Lumbar,sit,-0.01952,1.008208,0.175192,1.33,-1.54,0.42,-61
1787062468701,274724,Lumbar,sit,-0.030256,0.997472,0.175192,1.4,-1.68,0.42,-61
1787062468701,274741,Lumbar,sit,-0.03172,0.992592,0.177144,1.96,-1.33,0.63,-61
1787062468701,274758,Lumbar,sit,-0.027816,0.999424,0.175192,2.52,-0.7,0.77,-61
1787062468701,274775,Lumbar,sit,-0.023424,1.011136,0.165432,2.52,-1.12,1.19,-61
1787062468701,274792,Lumbar,sit,-0.022448,1.01992,0.164456,1.54,-2.03,0.84,-61
1787062469050,274968,Lumbar,sit,-0.023912,0.99552,0.17812,1.47,-2.1,0.63,-61
1787062469050,274999,Lumbar,sit,-0.02684,1.0126,0.16836,1.68,-1.82,0.42,-61
1787062469050,275016,Lumbar,sit,-0.025864,1.0126,0.169824,1.12,-1.61,0.21,-61
1787062469050,275033,Lumbar,sit,-0.020984,1.004304,0.17568,0.56,-1.61,0.21,-61
1787062469050,275050,Lumbar,sit,-0.020496,0.999912,0.181048,1.12,-1.54,0.49,-61
1787062469050,275081,Lumbar,sit,-0.019032,1.006744,0.181048,1.54,-1.12,0.77,-61
1787062469050,275097,Lumbar,sit,-0.02196,1.008208,0.175192,1.12,-1.19,0.77,-61
1787062469050,275114,Lumbar,sit,-0.023912,1.002352,0.175192,0.56,-1.54,0.77,-61
1787062469050,275131,Lumbar,sit,-0.028304,0.994544,0.17568,0.56,-1.47,0.98,-61
1787062469050,275148,Lumbar,sit,-0.027816,0.989176,0.175192,1.82,-1.12,1.4,-61
1787062469406,275323,Lumbar,sit,-0.027328,1.006256,0.179584,3.22,-2.94,1.19,-61
1787062469406,275354,Lumbar,sit,-0.0244,1.013576,0.168848,2.73,-1.68,1.05,-61
1787062469406,275371,Lumbar,sit,-0.020008,1.013088,0.16592,2.03,-1.82,1.12,-61
1787062469406,275388,Lumbar,sit,-0.018544,1.009672,0.172752,1.96,-2.03,0.98,-61
1787062469406,275405,Lumbar,sit,-0.015616,1.006256,0.177144,2.31,-1.89,0.91,-61
1787062469406,275436,Lumbar,sit,-0.014152,1.002352,0.181048,2.38,-1.26,1.12,-61
1787062469406,275453,Lumbar,sit,-0.015616,0.99552,0.186416,3.08,-0.14,1.61,-61
1787062469406,275470,Lumbar,sit,-0.016592,0.992104,0.183488,3.71,1.54,1.68,-61
1787062469406,275487,Lumbar,sit,-0.021472,0.989176,0.17324,4.48,2.17,1.68,-61
1787062469406,275504,Lumbar,sit,-0.021472,1.008696,0.147864,5.95,2.03,1.54,-61
1787062469763,275680,Lumbar,sit,-0.023912,1.004792,0.176656,2.17,-1.4,0.14,-60
1787062469763,275711,Lumbar,sit,-0.020496,1.0126,0.162992,1.82,-1.96,0.56,-60
1787062469763,275728,Lumbar,sit,-0.023424,1.008696,0.16104,0.63,-2.1,0.35,-60
1787062469763,275745,Lumbar,sit,-0.0244,1.002352,0.162992,0.98,-1.96,0.14,-60
1787062469763,275762,Lumbar,sit,-0.020984,1.001376,0.164456,1.4,-2.03,0.42,-60
1787062469763,275793,Lumbar,sit,-0.01464,1.011136,0.166896,1.33,-1.96,0.63,-60
1787062469763,275810,Lumbar,sit,-0.015616,1.011624,0.16592,1.26,-1.75,0.21,-60
1787062469763,275827,Lumbar,sit,-0.020984,1.007232,0.162016,1.68,-1.82,0.07,-60
1787062469763,275844,Lumbar,sit,-0.023424,1.008696,0.162992,1.82,-2.17,0,-60
1787062469763,275861,Lumbar,sit,-0.022936,1.004304,0.169824,0.91,-2.38,0.28,-60
1787062470120,276037,Lumbar,sit,-0.016592,1.008696,0.166408,0.98,-2.24,0.07,-60
1787062470120,276068,Lumbar,sit,-0.020984,1.004792,0.170312,1.26,-2.52,0,-60
1787062470120,276085,Lumbar,sit,-0.023424,1.004304,0.174216,1.68,-2.31,0,-60
1787062470120,276102,Lumbar,sit,-0.022448,1.008696,0.174216,1.61,-2.1,0,-60
1787062470120,276119,Lumbar,sit,-0.019032,1.006744,0.173728,1.47,-1.61,-0.07,-60
1787062470120,276150,Lumbar,sit,-0.01708,1.004792,0.169336,1.68,-1.68,-0.07,-60
1787062470120,276166,Lumbar,sit,-0.019032,1.00284,0.168848,1.82,-1.68,0.14,-60
1787062470120,276183,Lumbar,sit,-0.019032,1.003328,0.171288,2.03,-1.54,0.35,-60
1787062470120,276200,Lumbar,sit,-0.020496,1.008696,0.166896,2.1,-1.47,0.28,-60
1787062470120,276217,Lumbar,sit,-0.022448,1.01016,0.164456,1.82,-1.75,0.21,-60
1787062470476,276391,Lumbar,sit,-0.024888,1.005768,0.168848,0.91,-2.38,0.28,-60
1787062470476,276422,Lumbar,sit,-0.022448,1.004792,0.171776,1.61,-1.96,0.7,-60
1787062470476,276439,Lumbar,sit,-0.019032,1.007232,0.172752,1.89,-1.68,0.63,-60
1787062470476,276456,Lumbar,sit,-0.018544,1.006744,0.171288,2.03,-1.75,0.63,-60
1787062470476,276473,Lumbar,sit,-0.02196,1.007232,0.1708,2.24,-2.03,0.77,-60
1787062470476,276504,Lumbar,sit,-0.022936,1.006744,0.169824,2.45,-1.89,0.98,-60
1787062470476,276521,Lumbar,sit,-0.022448,1.007232,0.172264,2.24,-1.75,1.05,-60
1787062470476,276538,Lumbar,sit,-0.022936,1.006744,0.1708,2.24,-1.68,0.91,-60
1787062470476,276555,Lumbar,sit,-0.023424,1.00772,0.169336,2.52,-1.75,1.05,-60
1787062470476,276572,Lumbar,sit,-0.023912,1.014552,0.160552,1.82,-1.89,0.98,-60
1787062470832,276748,Lumbar,sit,-0.020008,1.001376,0.1708,1.26,-2.1,0.56,-60
1787062470832,276779,Lumbar,sit,-0.022936,1.00528,0.163968,2.52,-1.89,0.42,-60
1787062470832,276796,Lumbar,sit,-0.023912,1.012112,0.162016,2.1,-2.38,0.49,-60
1787062470832,276813,Lumbar,sit,-0.023912,1.010648,0.165432,1.05,-2.59,0.7,-60
1787062470832,276830,Lumbar,sit,-0.020496,1.005768,0.167872,0.84,-2.45,0.63,-60
1787062470832,276861,Lumbar,sit,-0.01952,1.004792,0.1708,1.96,-1.89,0.35,-60
1787062470832,276878,Lumbar,sit,-0.020984,1.005768,0.171288,2.17,-1.75,0.49,-60
1787062470832,276895,Lumbar,sit,-0.020984,1.006744,0.168848,2.1,-1.68,0.63,-60
1787062470832,276912,Lumbar,sit,-0.021472,1.009184,0.16592,1.75,-1.68,0.77,-60
1787062470832,276929,Lumbar,sit,-0.023912,1.006256,0.16836,1.61,-1.89,0.77,-60
1787062471189,277104,Lumbar,sit,-0.023912,1.00772,0.16592,3.08,-1.82,0.7,-58
1787062471189,277135,Lumbar,sit,-0.020008,1.010648,0.168848,2.45,-1.68,0.77,-58
1787062471189,277152,Lumbar,sit,-0.015616,1.011624,0.168848,2.31,-1.47,0.63,-58
1787062471189,277169,Lumbar,sit,-0.01464,1.009184,0.167872,2.45,-1.4,0.56,-58
1787062471189,277185,Lumbar,sit,-0.01708,1.006744,0.16592,2.59,-1.54,0.42,-58
1787062471189,277216,Lumbar,sit,-0.023424,1.010648,0.164944,2.31,-1.61,0.56,-58
1787062471189,277233,Lumbar,sit,-0.024888,1.013576,0.165432,1.68,-1.54,0.7,-58
1787062471189,277250,Lumbar,sit,-0.02684,1.010648,0.166896,0.84,-1.19,0.7,-58
1787062471189,277267,Lumbar,sit,-0.02928,1.006256,0.169336,0.63,-0.35,0.63,-58
1787062471189,277284,Lumbar,sit,-0.030256,1.003328,0.167384,1.12,0.07,0.56,-58
1787062471545,277460,Lumbar,sit,-0.020496,1.004792,0.164456,0.56,-2.17,0.42,-58
1787062471545,277491,Lumbar,sit,-0.021472,0.997472,0.173728,1.89,-1.89,0.63,-58
1787062471545,277508,Lumbar,sit,-0.021472,1.006256,0.167384,2.73,-1.26,0.56,-58
1787062471545,277525,Lumbar,sit,-0.023424,1.011136,0.1586,2.17,-0.91,0.28,-58
1787062471545,277542,Lumbar,sit,-0.025864,1.00772,0.157624,2.45,-1.47,0.42,-58
1787062471545,277573,Lumbar,sit,-0.019032,1.013088,0.1586,2.17,-2.24,0.84,-58
1787062471545,277590,Lumbar,sit,-0.015616,1.009672,0.159088,1.4,-2.38,0.77,-58
1787062471545,277607,Lumbar,sit,-0.015128,1.009184,0.159088,1.19,-2.31,0.42,-58
1787062471545,277624,Lumbar,sit,-0.02196,1.008696,0.159088,1.26,-2.59,0.28,-58
1787062471545,277641,Lumbar,sit,-0.0244,1.006744,0.162504,1.4,-2.73,0.28,-58
1787062471901,277816,Lumbar,sit,-0.02196,1.00284,0.164456,1.4,-2.1,0.49,-58
1787062471901,277847,Lumbar,sit,-0.022936,1.008696,0.16348,2.03,-2.03,0.56,-58
1787062471901,277864,Lumbar,sit,-0.021472,1.011136,0.16104,1.82,-1.82,0.49,-58
1787062471901,277881,Lumbar,sit,-0.020984,1.01016,0.160064,1.47,-1.82,0.42,-58
1787062471901,277898,Lumbar,sit,-0.020008,1.008696,0.159576,1.26,-1.75,0.35,-58
1787062471901,277929,Lumbar,sit,-0.022936,1.006256,0.158112,1.68,-2.45,0.49,-58
1787062471901,277946,Lumbar,sit,-0.022936,1.009672,0.1586,1.68,-2.8,0.42,-58
1787062471901,277963,Lumbar,sit,-0.023424,1.0126,0.16348,1.61,-2.8,0.35,-58
1787062471901,277980,Lumbar,sit,-0.023424,1.0126,0.166408,1.26,-2.31,0.28,-58
1787062471901,277997,Lumbar,sit,-0.020008,1.00772,0.167872,1.12,-1.96,0.21,-58
1787062472257,278172,Lumbar,sit,-0.019032,1.009672,0.162992,1.75,-2.38,0.49,-57
1787062472257,278203,Lumbar,sit,-0.020496,1.009184,0.164456,1.12,-2.45,0.49,-57
1787062472257,278221,Lumbar,sit,-0.020008,1.006744,0.166408,1.05,-2.1,0.56,-57
1787062472257,278238,Lumbar,sit,-0.020496,1.003816,0.16592,1.33,-1.75,0.63,-57
1787062472257,278255,Lumbar,sit,-0.021472,1.008208,0.160064,2.03,-1.75,0.63,-57
1787062472257,278272,Lumbar,sit,-0.020496,1.011136,0.156648,1.47,-2.03,0.21,-57
1787062472257,278302,Lumbar,sit,-0.023912,1.008208,0.159576,1.19,-2.52,0.14,-57
1787062472257,278319,Lumbar,sit,-0.021472,1.005768,0.16836,1.61,-2.94,0.42,-57
1787062472257,278336,Lumbar,sit,-0.01952,1.010648,0.16592,1.26,-2.8,0.49,-57
1787062472257,278353,Lumbar,sit,-0.01952,1.01016,0.161528,0.63,-2.38,0.35,-57
1787062472614,278528,Lumbar,sit,-0.022448,1.004304,0.167384,1.68,-2.24,0.35,-57
1787062472614,278559,Lumbar,sit,-0.019032,1.003816,0.162504,1.82,-2.03,0.49,-57
1787062472614,278576,Lumbar,sit,-0.020008,1.006256,0.160064,2.17,-2.24,0.35,-57
1787062472614,278593,Lumbar,sit,-0.021472,1.012112,0.16348,2.24,-2.52,0.42,-57
1787062472614,278610,Lumbar,sit,-0.02196,1.0126,0.167384,1.54,-2.59,0.49,-57
1787062472614,278641,Lumbar,sit,-0.020008,1.004792,0.166896,1.05,-1.96,0.35,-57
1787062472614,278658,Lumbar,sit,-0.020008,1.001864,0.164944,1.82,-2.1,0.28,-57
1787062472614,278675,Lumbar,sit,-0.021472,1.00772,0.162992,2.24,-2.31,0.28,-57
1787062472614,278692,Lumbar,sit,-0.02196,1.011136,0.162992,2.1,-2.45,0.49,-57
1787062472614,278709,Lumbar,sit,-0.020496,1.014552,0.16592,1.68,-2.52,0.49,-57
1787062472973,278884,Lumbar,sit,-0.020496,1.009184,0.163968,1.33,-2.17,0.35,-57
1787062472973,278916,Lumbar,sit,-0.020984,1.008208,0.162504,1.4,-2.1,0.35,-57
1787062472973,278933,Lumbar,sit,-0.021472,1.007232,0.162992,1.47,-1.96,0.49,-57
1787062472973,278950,Lumbar,sit,-0.018544,1.006256,0.164456,1.61,-1.89,0.49,-57
1787062472973,278967,Lumbar,sit,-0.018544,1.006744,0.16348,1.82,-1.82,0.56,-57
1787062472973,278998,Lumbar,sit,-0.01952,1.01016,0.162504,1.61,-2.03,0.42,-57
1787062472973,279015,Lumbar,sit,-0.021472,1.01016,0.163968,1.61,-2.17,0.49,-57
1787062472973,279032,Lumbar,sit,-0.023912,1.009184,0.163968,1.75,-2.17,0.56,-57
1787062472973,279049,Lumbar,sit,-0.023424,1.009184,0.16348,1.75,-1.96,0.56,-57
1787062472973,279066,Lumbar,sit,-0.0244,1.008208,0.164456,1.75,-1.96,0.42,-57
1787062473328,279241,Lumbar,sit,-0.020008,1.006744,0.169336,2.24,-2.31,0.7,-57
1787062473328,279272,Lumbar,sit,-0.02196,1.006256,0.16104,1.96,-1.68,0.42,-57
1787062473328,279290,Lumbar,sit,-0.018544,1.008696,0.158112,2.45,-1.75,0.35,-57
1787062473328,279306,Lumbar,sit,-0.017568,1.010648,0.157624,2.17,-2.31,0.35,-57
1787062473328,279323,Lumbar,sit,-0.016592,1.009672,0.16104,1.12,-2.52,0.49,-57
1787062473328,279354,Lumbar,sit,-0.019032,1.007232,0.167384,1.05,-2.52,0.28,-57
1787062473328,279371,Lumbar,sit,-0.020984,1.003328,0.167872,1.33,-2.31,0.28,-57
1787062473328,279388,Lumbar,sit,-0.022448,1.003816,0.167384,1.75,-2.1,0.21,-57
1787062473328,279405,Lumbar,sit,-0.025376,1.006256,0.165432,2.24,-2.03,0.35,-57
1787062473328,279422,Lumbar,sit,-0.022448,1.008208,0.164944,2.31,-1.89,0.56,-57
1787062473687,279598,Lumbar,sit,-0.018056,1.006744,0.164944,2.66,-1.61,0.56,-57
1787062473687,279629,Lumbar,sit,-0.020984,1.008696,0.159576,1.82,-1.96,0.7,-57
1787062473687,279646,Lumbar,sit,-0.025376,1.009184,0.159576,1.68,-2.03,0.56,-57
1787062473687,279663,Lumbar,sit,-0.025376,1.008208,0.16104,1.75,-2.45,0.35,-57
1787062473687,279680,Lumbar,sit,-0.020984,1.008696,0.162504,1.96,-2.24,0.35,-57
1787062473687,279711,Lumbar,sit,-0.019032,1.007232,0.162504,1.75,-1.82,0.42,-57
1787062473687,279728,Lumbar,sit,-0.020984,1.00772,0.162016,1.82,-1.75,0.56,-57
1787062473687,279745,Lumbar,sit,-0.02196,1.010648,0.159576,1.54,-1.75,0.56,-57
1787062473687,279762,Lumbar,sit,-0.02196,1.009672,0.158112,1.26,-1.89,0.56,-57
1787062473687,279779,Lumbar,sit,-0.021472,1.00772,0.157624,1.33,-2.03,0.42,-57
1787062474043,279955,Lumbar,sit,-0.022936,1.009184,0.164456,1.33,-2.17,0.56,-57
1787062474043,279987,Lumbar,sit,-0.022448,1.00528,0.167384,0.91,-1.89,0.49,-57
1787062474043,280004,Lumbar,sit,-0.022936,1.003328,0.166408,1.26,-1.75,0.35,-57
1787062474043,280021,Lumbar,sit,-0.024888,1.00772,0.165432,1.82,-1.82,0.35,-57
1787062474043,280038,Lumbar,sit,-0.022936,1.0126,0.16836,1.4,-1.96,0.63,-57
1787062474043,280069,Lumbar,sit,-0.01952,1.007232,0.163968,1.19,-1.61,0.91,-57
1787062474043,280086,Lumbar,sit,-0.020008,1.011624,0.159576,1.12,-1.89,0.98,-57
1787062474043,280103,Lumbar,sit,-0.021472,1.010648,0.160064,0.49,-2.45,0.49,-57
1787062474043,280120,Lumbar,sit,-0.022936,1.00528,0.162016,0.49,-2.31,0.21,-57
1787062474043,280137,Lumbar,sit,-0.020496,0.998448,0.169336,1.19,-2.03,0.35,-57
1787062474404,280312,Lumbar,sit,-0.021472,1.00284,0.16104,1.33,-2.17,0.49,-57
1787062474404,280343,Lumbar,sit,-0.01708,1.00528,0.158112,1.61,-2.1,0.56,-57
1787062474404,280361,Lumbar,sit,-0.018544,1.006256,0.16348,1.61,-1.96,0.56,-57
1787062474404,280378,Lumbar,sit,-0.022936,1.00772,0.169824,1.75,-2.03,0.7,-57
1787062474404,280395,Lumbar,sit,-0.02196,1.006744,0.169824,1.68,-2.03,0.7,-57
1787062474404,280412,Lumbar,sit,-0.020496,1.00772,0.168848,1.61,-1.89,0.49,-57
1787062474404,280443,Lumbar,sit,-0.01952,1.010648,0.16836,1.89,-1.68,0.35,-57
1787062474404,280460,Lumbar,sit,-0.01952,1.011136,0.167384,1.54,-1.75,0.28,-57
1787062474404,280477,Lumbar,sit,-0.022936,1.00772,0.164456,1.33,-1.82,0.21,-57
1787062474404,280494,Lumbar,sit,-0.0244,1.003328,0.16348,1.54,-2.24,0.21,-57
1787062474757,280668,Lumbar,sit,-0.020984,1.008208,0.163968,2.1,-2.66,0.42,-58
1787062474757,280700,Lumbar,sit,-0.018544,1.007232,0.164456,2.03,-2.31,0.21,-58
1787062474757,280717,Lumbar,sit,-0.018544,1.00772,0.16592,1.89,-2.17,0.21,-58
1787062474757,280734,Lumbar,sit,-0.018544,1.006744,0.167384,1.82,-1.96,0.42,-58
1787062474757,280751,Lumbar,sit,-0.020984,1.006744,0.167384,1.96,-1.82,0.49,-58
1787062474757,280782,Lumbar,sit,-0.0244,1.00772,0.162016,1.89,-2.1,0.42,-58
1787062474757,280799,Lumbar,sit,-0.022936,1.010648,0.162504,1.82,-2.24,0.35,-58
1787062474757,280816,Lumbar,sit,-0.020984,1.013576,0.164456,1.54,-2.38,0.21,-58
1787062474757,280833,Lumbar,sit,-0.020496,1.012112,0.164456,1.12,-2.17,0.21,-58
1787062474757,280850,Lumbar,sit,-0.020008,1.00772,0.164944,0.98,-2.17,0.21,-58
1787062475114,281026,Lumbar,sit,-0.023424,1.008208,0.166408,2.03,-1.82,0.7,-58
1787062475114,281057,Lumbar,sit,-0.020984,1.009184,0.162016,1.26,-1.96,0.49,-58
1787062475114,281074,Lumbar,sit,-0.020984,1.006256,0.16348,1.26,-1.82,0.49,-58
1787062475114,281091,Lumbar,sit,-0.02196,1.00284,0.166408,1.75,-2.03,0.56,-58
1787062475114,281108,Lumbar,sit,-0.023424,1.006256,0.167872,2.24,-2.38,0.84,-58
1787062475114,281139,Lumbar,sit,-0.023912,1.011136,0.170312,1.05,-1.96,0.63,-58
1787062475114,281156,Lumbar,sit,-0.020984,1.003816,0.167872,1.54,-1.4,0.63,-58
1787062475114,281173,Lumbar,sit,-0.01708,1.004792,0.165432,2.52,-1.4,0.7,-58
1787062475114,281191,Lumbar,sit,-0.017568,1.008696,0.165432,2.45,-1.68,0.7,-58
1787062475114,281208,Lumbar,sit,-0.017568,1.011136,0.163968,1.89,-1.89,0.56,-58
1787062475472,281383,Lumbar,sit,-0.02196,1.01016,0.162504,1.96,-2.03,0.63,-58
1787062475472,281414,Lumbar,sit,-0.018056,1.009672,0.169336,1.96,-1.75,0.56,-58
1787062475472,281432,Lumbar,sit,-0.020984,1.004304,0.167872,2.17,-1.61,0.56,-58
1787062475472,281449,Lumbar,sit,-0.021472,1.003816,0.162504,2.59,-1.54,0.63,-58
1787062475472,281466,Lumbar,sit,-0.020496,1.010648,0.1586,2.59,-1.4,0.56,-58
1787062475472,281483,Lumbar,sit,-0.016592,1.01504,0.158112,2.17,-1.61,0.49,-58
1787062475472,281514,Lumbar,sit,-0.016104,1.011136,0.162992,0.98,-2.03,0.56,-58
1787062475472,281531,Lumbar,sit,-0.01952,1.001864,0.16592,0.98,-1.96,0.56,-58
1787062475472,281548,Lumbar,sit,-0.020984,1.0004,0.165432,1.61,-1.68,0.56,-58
1787062475472,281565,Lumbar,sit,-0.020984,1.002352,0.163968,1.75,-1.4,0.63,-58
1787062475829,281740,Lumbar,sit,-0.01952,1.006744,0.167384,1.89,-1.75,0.63,-58
1787062475829,281771,Lumbar,sit,-0.02196,1.008696,0.164944,2.17,-1.4,0.56,-58
1787062475829,281788,Lumbar,sit,-0.02196,1.008208,0.160552,2.24,-2.17,0.35,-58
1787062475829,281806,Lumbar,sit,-0.018056,1.010648,0.157624,2.1,-1.75,0.42,-58
1787062475829,281823,Lumbar,sit,-0.018056,1.009672,0.15616,1.4,-1.54,0.49,-58
1787062475829,281854,Lumbar,sit,-0.020496,1.008696,0.159576,1.33,-1.68,0.49,-58
1787062475829,281871,Lumbar,sit,-0.020008,1.007232,0.16348,0.98,-1.75,0.7,-58
1787062475829,281888,Lumbar,sit,-0.020008,1.005768,0.163968,1.19,-1.54,0.49,-58
1787062475829,281905,Lumbar,sit,-0.021472,1.006744,0.162016,1.54,-1.47,0.49,-58
1787062475829,281922,Lumbar,sit,-0.020496,1.012112,0.15616,1.4,-1.54,0.35,-58
1787062476185,282096,Lumbar,sit,-0.018056,1.007232,0.166896,1.47,-2.45,0.63,-58
1787062476185,282127,Lumbar,sit,-0.020496,1.00772,0.165432,1.54,-2.31,0.56,-58
1787062476185,282144,Lumbar,sit,-0.021472,1.007232,0.161528,1.61,-2.31,0.56,-58
1787062476185,282161,Lumbar,sit,-0.022936,1.006744,0.162504,1.61,-2.31,0.63,-58
1787062476185,282178,Lumbar,sit,-0.020984,1.006256,0.164456,1.54,-2.45,0.7,-58
1787062476185,282209,Lumbar,sit,-0.020984,1.005768,0.167384,1.89,-2.38,0.91,-58
1787062476185,282226,Lumbar,sit,-0.017568,1.00772,0.16592,1.96,-2.31,0.91,-58
1787062476185,282243,Lumbar,sit,-0.018056,1.009184,0.164944,1.96,-2.38,0.7,-58
1787062476185,282260,Lumbar,sit,-0.016592,1.009184,0.167872,2.03,-2.52,0.7,-58
1787062476185,282277,Lumbar,sit,-0.018544,1.01016,0.170312,1.82,-2.52,0.77,-58
1787062476540,282451,Lumbar,sit,-0.019032,1.009184,0.161528,1.89,-2.66,0.35,-58
1787062476540,282482,Lumbar,sit,-0.01708,1.009184,0.162504,1.82,-2.45,0.28,-58
1787062476540,282499,Lumbar,sit,-0.016104,1.00528,0.159576,1.96,-2.52,0.21,-58
1787062476540,282516,Lumbar,sit,-0.019032,1.00528,0.162992,2.38,-2.87,0.14,-58
1787062476540,282533,Lumbar,sit,-0.020496,1.00528,0.165432,2.45,-2.87,0.28,-58
1787062476540,282564,Lumbar,sit,-0.022448,1.008208,0.162016,2.38,-2.38,0.28,-58
1787062476540,282581,Lumbar,sit,-0.01952,1.01016,0.162016,2.52,-2.1,0.14,-58
1787062476540,282598,Lumbar,sit,-0.018544,1.013088,0.162016,2.17,-2.17,0.07,-58
1787062476540,282615,Lumbar,sit,-0.017568,1.013088,0.161528,1.4,-2.45,0,-58
1787062476540,282632,Lumbar,sit,-0.016592,1.01016,0.164456,1.26,-2.59,0.14,-58
1787062476900,282807,Lumbar,sit,-0.01952,1.006744,0.16348,1.96,-2.03,0.21,-58
1787062476900,282839,Lumbar,sit,-0.020496,1.009184,0.160064,1.47,-2.24,0.21,-58
1787062476900,282856,Lumbar,sit,-0.022448,1.007232,0.160552,1.19,-2.24,0.42,-58
1787062476900,282874,Lumbar,sit,-0.02196,1.006744,0.164456,1.47,-2.59,0.56,-58
1787062476900,282891,Lumbar,sit,-0.020984,1.011624,0.164944,1.4,-2.66,0.42,-58
1787062476900,282908,Lumbar,sit,-0.01952,1.013576,0.164456,1.05,-2.17,0.28,-58
1787062476900,282939,Lumbar,sit,-0.020984,1.00284,0.167384,1.54,-2.03,0.21,-58
1787062476900,282956,Lumbar,sit,-0.020008,1.00528,0.167872,1.96,-2.38,0.49,-58
1787062476900,282973,Lumbar,sit,-0.017568,1.007232,0.16836,1.68,-2.45,0.63,-58
1787062476900,282990,Lumbar,sit,-0.016592,1.008696,0.1708,1.19,-2.24,0.42,-58
1787062477256,283165,Lumbar,sit,-0.020496,1.011136,0.16836,2.38,-1.75,0.56,-60
1787062477256,283197,Lumbar,sit,-0.022936,1.00772,0.164456,1.89,-1.61,0.56,-60
1787062477256,283214,Lumbar,sit,-0.0244,1.00772,0.160064,2.03,-1.89,0.56,-60
1787062477256,283232,Lumbar,sit,-0.020984,1.011136,0.156648,2.31,-2.24,0.63,-60
1787062477256,283249,Lumbar,sit,-0.018544,1.011624,0.156648,2.1,-2.52,0.63,-60
1787062477256,283266,Lumbar,sit,-0.018544,1.011136,0.160064,2.03,-2.59,0.56,-60
1787062477256,283297,Lumbar,sit,-0.01952,1.010648,0.167384,1.82,-2.59,0.49,-60
1787062477256,283313,Lumbar,sit,-0.020496,1.00772,0.16836,1.68,-2.45,0.7,-60
1787062477256,283330,Lumbar,sit,-0.020496,1.005768,0.167872,1.82,-2.17,0.77,-60
1787062477256,283347,Lumbar,sit,-0.021472,1.01016,0.16348,2.03,-2.03,0.49,-60
1787062477614,283522,Lumbar,sit,-0.018056,1.007232,0.16592,1.61,-1.68,0.63,-60
1787062477614,283553,Lumbar,sit,-0.01708,1.00528,0.162504,1.61,-1.4,0.07,-60
1787062477614,283570,Lumbar,sit,-0.01952,1.00528,0.162016,2.17,-1.68,-0.21,-60
1787062477614,283587,Lumbar,sit,-0.023912,1.007232,0.160552,2.24,-2.1,-0.07,-60
1787062477614,283604,Lumbar,sit,-0.024888,1.008696,0.157624,1.89,-2.73,0.21,-60
1787062477614,283635,Lumbar,sit,-0.020496,1.01016,0.16104,1.68,-2.8,0.28,-60
1787062477614,283652,Lumbar,sit,-0.018056,1.009672,0.164456,1.68,-2.31,0.14,-60
1787062477614,283669,Lumbar,sit,-0.020984,1.007232,0.169336,1.68,-2.1,0,-60
1787062477614,283686,Lumbar,sit,-0.023912,1.00528,0.169824,1.82,-1.96,0.28,-60
1787062477614,283703,Lumbar,sit,-0.025376,1.00528,0.167872,2.17,-1.75,0.56,-60
1787062477983,283878,Lumbar,sit,-0.02196,1.004792,0.162016,1.12,-2.24,0.56,-60
1787062477983,283910,Lumbar,sit,-0.019032,1.008208,0.160552,1.68,-2.38,0.7,-60
1787062477983,283927,Lumbar,sit,-0.01952,1.010648,0.157624,1.05,-2.52,0.63,-60
1787062477983,283944,Lumbar,sit,-0.021472,1.00528,0.162992,0.35,-2.52,0.42,-60
1787062477983,283961,Lumbar,sit,-0.022936,1.000888,0.162504,1.12,-2.17,0.21,-60
1787062477983,283992,Lumbar,sit,-0.02196,1.005768,0.159088,1.89,-1.68,0.21,-60
1787062477983,284009,Lumbar,sit,-0.02196,1.008208,0.160064,1.61,-1.89,0.42,-60
1787062477983,284026,Lumbar,sit,-0.02196,1.008696,0.16592,1.47,-2.24,0.63,-60
1787062477983,284043,Lumbar,sit,-0.020008,1.00772,0.166408,1.82,-2.17,0.56,-60
1787062477983,284060,Lumbar,sit,-0.020496,1.009184,0.16592,1.89,-2.1,0.63,-60
1787062478326,284235,Lumbar,sit,-0.01952,1.009672,0.163968,1.68,-2.94,0.42,-59
1787062478326,284266,Lumbar,sit,-0.01708,1.004792,0.1708,1.47,-2.31,0.42,-59
1787062478326,284283,Lumbar,sit,-0.018056,1.009184,0.167872,1.96,-1.96,0.42,-59
1787062478326,284300,Lumbar,sit,-0.018544,1.011136,0.16348,1.89,-1.89,0.42,-59
1787062478326,284316,Lumbar,sit,-0.019032,1.010648,0.160552,1.33,-1.96,0.28,-59
1787062478326,284347,Lumbar,sit,-0.020008,1.004304,0.157624,1.19,-2.66,0.42,-59
1787062478326,284364,Lumbar,sit,-0.020984,1.00284,0.16104,1.68,-2.87,0.49,-59
1787062478326,284381,Lumbar,sit,-0.024888,1.008696,0.162992,1.75,-2.94,0.42,-59
1787062478326,284398,Lumbar,sit,-0.023424,1.01016,0.165432,1.75,-2.66,0.35,-59
1787062478326,284415,Lumbar,sit,-0.019032,1.009672,0.165432,1.54,-2.52,0.28,-59
1787062478684,284590,Lumbar,sit,-0.020008,1.006744,0.164456,1.47,-2.45,0.28,-59
1787062478684,284622,Lumbar,sit,-0.018544,1.010648,0.16836,1.68,-2.45,0.28,-59
1787062478684,284639,Lumbar,sit,-0.018544,1.008696,0.167872,1.4,-2.24,0.28,-59
1787062478684,284657,Lumbar,sit,-0.01952,1.008208,0.163968,1.68,-2.1,0.42,-59
1787062478684,284674,Lumbar,sit,-0.019032,1.009672,0.16348,1.61,-2.03,0.42,-59
1787062478684,284691,Lumbar,sit,-0.01952,1.009672,0.163968,1.12,-2.24,0.35,-59
1787062478684,284722,Lumbar,sit,-0.023912,1.001864,0.164456,1.33,-2.24,0.35,-59
1787062478684,284739,Lumbar,sit,-0.023912,1.003328,0.16836,2.1,-2.52,0.42,-59
1787062478684,284756,Lumbar,sit,-0.0244,1.01016,0.164944,1.82,-2.45,0.49,-59
1787062478684,284773,Lumbar,sit,-0.026352,1.011136,0.162992,1.33,-2.1,0.35,-59
1787062479117,284949,Lumbar,sit,-0.018544,1.009672,0.163968,1.61,-1.75,0.49,-59
1787062479117,284980,Lumbar,sit,-0.016592,1.007232,0.162992,1.75,-2.31,0.77,-59
1787062479117,285058,Lumbar,sit,-0.023424,1.005768,0.16836,1.19,-1.05,0.7,-59
1787062479117,285089,Lumbar,sit,-0.018544,1.00284,0.160552,0.77,-1.47,0.35,-59
1787062479117,285106,Lumbar,sit,-0.020008,1.0004,0.16348,0.98,-1.47,0.21,-59
1787062479117,285123,Lumbar,sit,-0.030256,1.005768,0.16836,2.1,-1.54,0.14,-59
1787062479117,285140,Lumbar,sit,-0.032208,1.010648,0.16348,2.45,-1.82,0.07,-59
1787062479117,285171,Lumbar,sit,-0.021472,1.007232,0.165432,1.75,-2.24,0.42,-59
1787062479117,285188,Lumbar,sit,-0.014152,1.007232,0.165432,2.24,-2.52,0.84,-59
1787062479117,285205,Lumbar,sit,-0.013176,1.01016,0.163968,2.31,-3.29,1.12,-59
1787062479487,285380,Lumbar,sit,-0.01708,1.008696,0.161528,1.68,-2.03,0.56,-60
1787062479487,285411,Lumbar,sit,-0.015616,1.006744,0.162504,1.75,-2.03,0.77,-60
1787062479487,285429,Lumbar,sit,-0.01708,1.012112,0.161528,1.33,-1.82,0.84,-60
1787062479487,285445,Lumbar,sit,-0.016592,1.014064,0.16348,0.49,-2.24,0.63,-60
1787062479487,285462,Lumbar,sit,-0.012688,1.009672,0.166408,0,-2.52,0.35,-60
1787062479487,285492,Lumbar,sit,-0.018056,1.002352,0.174704,1.12,-2.31,-0.35,-60
1787062479487,285509,Lumbar,sit,-0.023424,1.003328,0.1708,2.17,-1.68,-0.56,-60
1787062479487,285526,Lumbar,sit,-0.0244,1.003328,0.168848,1.96,-0.77,-0.14,-60
1787062479487,285543,Lumbar,sit,-0.0244,1.001864,0.163968,1.54,-0.21,0,-60
1787062479487,285574,Lumbar,sit,-0.020984,0.998936,0.168848,2.03,-0.35,0.7,-60
1787062479849,285749,Lumbar,sit,-0.018544,1.009184,0.169336,1.89,-1.61,1.12,-60
1787062479849,285780,Lumbar,sit,-0.020008,1.007232,0.162992,1.54,-1.54,0.77,-60
1787062479849,285797,Lumbar,sit,-0.018544,1.004304,0.161528,1.61,-1.61,0.7,-60
1787062479849,285814,Lumbar,sit,-0.018056,1.00528,0.16348,1.75,-1.61,0.49,-60
1787062479849,285831,Lumbar,sit,-0.019032,1.009184,0.165432,1.89,-1.68,0.49,-60
1787062479849,285862,Lumbar,sit,-0.018544,1.011136,0.168848,1.61,-1.26,0.42,-60
1787062479849,285879,Lumbar,sit,-0.020984,1.00528,0.163968,1.26,-1.12,0.35,-60
1787062479849,285896,Lumbar,sit,-0.020984,0.996008,0.16104,1.33,-1.33,0.42,-60
1787062479849,285913,Lumbar,sit,-0.022936,0.994056,0.16104,1.68,-1.54,0.63,-60
1787062479849,285930,Lumbar,sit,-0.023424,1.000888,0.16348,2.59,-1.96,0.77,-60
1787062480198,286105,Lumbar,sit,-0.026352,1.006256,0.165432,2.24,-2.17,0.84,-60
1787062480198,286136,Lumbar,sit,-0.020984,1.008696,0.163968,2.17,-2.03,0.77,-60
1787062480198,286153,Lumbar,sit,-0.018544,1.0126,0.162504,1.54,-2.03,0.63,-60
1787062480198,286170,Lumbar,sit,-0.017568,1.011136,0.165432,1.12,-2.45,0.7,-60
1787062480198,286187,Lumbar,sit,-0.01708,1.007232,0.167384,1.19,-2.59,0.63,-60
1787062480198,286218,Lumbar,sit,-0.019032,1.006256,0.169336,2.52,-2.38,0.42,-60
1787062480198,286235,Lumbar,sit,-0.020008,1.006256,0.167384,2.66,-2.17,0.42,-60
1787062480198,286252,Lumbar,sit,-0.020984,1.00772,0.162016,2.8,-2.1,0.49,-60
1787062480198,286269,Lumbar,sit,-0.020496,1.012112,0.160552,2.24,-2.38,0.49,-60
1787062480198,286286,Lumbar,sit,-0.016104,1.011624,0.162992,1.54,-2.8,0.49,-60
1787062480555,286461,Lumbar,sit,-0.020008,1.003328,0.164456,1.68,-2.17,0.07,-60
1787062480555,286491,Lumbar,sit,-0.020496,1.014552,0.162016,1.75,-2.38,0.49,-60
1787062480555,286508,Lumbar,sit,-0.020984,1.013088,0.160064,1.19,-2.17,0.28,-60
1787062480555,286526,Lumbar,sit,-0.024888,1.005768,0.160064,1.4,-2.1,0.14,-60
1787062480555,286543,Lumbar,sit,-0.022936,1.005768,0.164944,2.38,-2.38,0.21,-60
1787062480555,286574,Lumbar,sit,-0.018544,1.008696,0.162504,1.75,-2.8,0.56,-60
1787062480555,286591,Lumbar,sit,-0.017568,1.008208,0.166896,1.26,-2.66,0.56,-60
1787062480555,286608,Lumbar,sit,-0.018544,1.00528,0.166408,1.33,-2.31,0.42,-60
1787062480555,286625,Lumbar,sit,-0.022936,1.007232,0.163968,1.89,-2.24,0.21,-60
1787062480555,286642,Lumbar,sit,-0.023912,1.008208,0.158112,1.89,-2.45,0.21,-60
1787062480914,286818,Lumbar,sit,-0.025376,1.006256,0.162504,1.82,-1.82,0.56,-60
1787062480914,286850,Lumbar,sit,-0.020984,1.01016,0.164944,1.75,-1.33,0.35,-60
1787062480914,286867,Lumbar,sit,-0.01708,1.008696,0.166896,1.89,-1.47,0.35,-60
1787062480914,286884,Lumbar,sit,-0.015616,1.008208,0.166408,1.89,-1.82,0.63,-60
1787062480914,286901,Lumbar,sit,-0.01708,1.007232,0.166408,1.89,-2.17,0.77,-60
1787062480914,286932,Lumbar,sit,-0.021472,1.011624,0.164456,2.52,-2.24,0.63,-60
1787062480914,286949,Lumbar,sit,-0.021472,1.013088,0.162992,2.17,-1.96,0.49,-60
1787062480914,286966,Lumbar,sit,-0.021472,1.013576,0.16592,1.47,-1.82,0.63,-60
1787062480914,286983,Lumbar,sit,-0.020984,1.008696,0.16592,0.42,-1.75,0.91,-60
1787062480914,287000,Lumbar,sit,-0.01952,1.007232,0.166896,0.21,-1.68,0.91,-60
1787062481270,287177,Lumbar,sit,-0.014152,1.007232,0.165432,4.76,2.38,2.31,-60
1787062481270,287208,Lumbar,sit,-0.010736,1.019432,0.161528,4.69,0.56,1.89,-60
1787062481270,287225,Lumbar,sit,-0.008784,1.02236,0.160064,3.78,0.35,1.68,-60
1787062481270,287242,Lumbar,sit,-0.012688,1.018944,0.1586,3.22,0.91,0.98,-60
1787062481270,287258,Lumbar,sit,-0.017568,1.01748,0.15128,2.59,1.47,0.63,-60
1787062481270,287289,Lumbar,sit,-0.02196,1.012112,0.147376,1.33,0.91,0.49,-60
1787062481270,287307,Lumbar,sit,-0.02196,1.008208,0.150792,0.91,-0.07,0.7,-60
1787062481270,287323,Lumbar,sit,-0.018544,1.002352,0.155672,0.77,-0.91,1.19,-60
1787062481270,287340,Lumbar,sit,-0.016592,1.0004,0.158112,0.98,-1.12,1.4,-60
1787062481270,287357,Lumbar,sit,-0.014152,1.004304,0.161528,1.82,-1.12,1.33,-60
1787062481626,287531,Lumbar,sit,-0.013664,1.008696,0.16348,2.66,-1.75,0.28,-60
1787062481626,287562,Lumbar,sit,-0.020496,1.008208,0.164456,2.17,-1.05,0.91,-60
1787062481626,287579,Lumbar,sit,-0.022936,1.007232,0.160552,2.03,-1.26,0.98,-60
1787062481626,287596,Lumbar,sit,-0.020984,1.01016,0.155672,1.89,-1.89,0.98,-60
1787062481626,287613,Lumbar,sit,-0.01708,1.013088,0.147376,1.89,-2.45,0.98,-60
1787062481626,287644,Lumbar,sit,-0.012688,1.0126,0.148352,1.26,-3.78,0.84,-60
1787062481626,287661,Lumbar,sit,-0.015616,1.013088,0.14884,0.77,-3.29,0.56,-60
1787062481626,287678,Lumbar,sit,-0.021472,1.006744,0.156648,0.63,-2.66,0.35,-60
1787062481626,287695,Lumbar,sit,-0.0244,1.003328,0.159088,1.05,-1.96,0.28,-60
1787062481626,287712,Lumbar,sit,-0.018056,1.003816,0.162016,1.68,-1.89,0.28,-60
1787062481985,287888,Lumbar,sit,-0.015128,1.005768,0.162504,1.89,-2.52,0.21,-60
1787062481985,287919,Lumbar,sit,-0.020008,1.012112,0.157624,2.45,-2.17,-0.28,-60
1787062481985,287936,Lumbar,sit,-0.020984,1.013576,0.156648,2.17,-2.45,-0.35,-60
1787062481985,287954,Lumbar,sit,-0.017568,1.010648,0.155672,1.75,-2.66,-0.35,-60
1787062481985,287971,Lumbar,sit,-0.0122,1.006256,0.15616,1.47,-2.8,-0.07,-60
1787062481985,288002,Lumbar,sit,-0.010248,1.006256,0.159088,2.1,-2.59,0,-60
1787062481985,288019,Lumbar,sit,-0.010736,1.01016,0.160064,2.1,-2.1,-0.07,-60
1787062481985,288036,Lumbar,sit,-0.016592,1.012112,0.162504,1.82,-1.96,-0.14,-60
1787062481985,288053,Lumbar,sit,-0.020496,1.012112,0.165432,1.75,-2.24,-0.28,-60
1787062481985,288070,Lumbar,sit,-0.022448,1.009184,0.16348,1.4,-1.82,-0.07,-60
1787062482356,288246,Lumbar,sit,-0.020496,1.005768,0.160064,1.4,-3.15,-0.07,-60
1787062482356,288276,Lumbar,sit,-0.023912,1.008208,0.162992,2.03,-3.36,0.07,-60
1787062482356,288293,Lumbar,sit,-0.022936,1.009184,0.160064,2.24,-3.22,0,-60
1787062482356,288309,Lumbar,sit,-0.022936,1.013088,0.15128,2.38,-3.15,-0.42,-60
1787062482356,288326,Lumbar,sit,-0.023424,1.009672,0.150304,1.75,-3.57,-0.63,-60
1787062482356,288357,Lumbar,sit,-0.02196,1.004792,0.155672,1.47,-4.06,0,-60
1787062482356,288374,Lumbar,sit,-0.01952,1.009672,0.160552,1.47,-4.13,0.35,-60
1787062482356,288391,Lumbar,sit,-0.018544,1.016016,0.160064,0.84,-3.64,0.28,-60
1787062482356,288408,Lumbar,sit,-0.016104,1.01504,0.159088,0.28,-2.8,-0.07,-60
1787062482356,288439,Lumbar,sit,-0.015616,1.004304,0.154696,0.7,-2.31,-0.14,-60
1787062482713,288614,Lumbar,sit,-0.023424,1.01504,0.1708,2.17,-2.94,0.56,-61
1787062482713,288646,Lumbar,sit,-0.020496,1.009672,0.157624,1.61,-2.59,0.49,-61
1787062482713,288663,Lumbar,sit,-0.020984,1.00528,0.158112,1.47,-2.94,0.56,-61
1787062482713,288681,Lumbar,sit,-0.022448,1.00528,0.16348,1.61,-3.22,0.56,-61
1787062482713,288698,Lumbar,sit,-0.023912,1.006744,0.164944,1.68,-2.87,0.35,-61
1787062482713,288715,Lumbar,sit,-0.022448,1.00772,0.160064,1.68,-2.59,0.35,-61
1787062482713,288746,Lumbar,sit,-0.020008,1.009184,0.16348,1.54,-2.66,0.49,-61
1787062482713,288763,Lumbar,sit,-0.016592,1.01016,0.162992,1.75,-2.8,0.35,-61
1787062482713,288780,Lumbar,sit,-0.01464,1.01016,0.162016,1.61,-2.87,0.35,-61
1787062482713,288797,Lumbar,sit,-0.014152,1.008696,0.162016,1.26,-2.66,0.35,-61
1787062483067,288972,Lumbar,sit,-0.022448,1.01016,0.166408,0.98,-1.33,0.56,-61
1787062483067,289003,Lumbar,sit,-0.025864,1.006744,0.172752,0.35,-0.56,1.12,-61
1787062483067,289020,Lumbar,sit,-0.022448,1.003328,0.17812,0.56,-1.12,1.33,-61
1787062483067,289037,Lumbar,sit,-0.020008,1.0004,0.179096,0.42,-0.21,1.68,-61
1787062483067,289054,Lumbar,sit,-0.022936,0.999424,0.18056,0.63,0.56,2.1,-61
1787062483067,289085,Lumbar,sit,-0.025864,0.998936,0.169824,1.05,0.63,2.87,-61
1787062483067,289102,Lumbar,sit,-0.0244,0.998448,0.162504,1.47,0.56,3.36,-61
1787062483067,289119,Lumbar,sit,-0.02196,0.999424,0.160064,2.45,0.7,3.29,-61
1787062483067,289136,Lumbar,sit,-0.015128,1.005768,0.16104,3.01,0.77,2.8,-61
1787062483067,289153,Lumbar,sit,-0.00976,1.012112,0.16592,3.78,0.91,2.45,-61
1787062483424,289327,Lumbar,sit,-0.0122,1.004304,0.169824,2.1,-2.17,1.26,-61
1787062483424,289358,Lumbar,sit,-0.013664,1.0126,0.157624,1.75,-2.73,0.98,-61
1787062483424,289376,Lumbar,sit,-0.015128,1.008696,0.155672,1.12,-1.82,1.05,-61
1787062483424,289392,Lumbar,sit,-0.012688,1.007232,0.1586,1.96,-1.75,0.98,-61
1787062483424,289409,Lumbar,sit,-0.008784,1.009672,0.160064,2.24,-1.75,0.84,-61
1787062483424,289440,Lumbar,sit,-0.009272,1.008208,0.165432,1.12,-2.1,0.49,-61
1787062483424,289457,Lumbar,sit,-0.010736,1.005768,0.16592,1.19,-2.03,0.7,-61
1787062483424,289474,Lumbar,sit,-0.012688,1.004792,0.162016,1.47,-2.1,0.77,-61
1787062483424,289491,Lumbar,sit,-0.013176,1.006744,0.158112,1.61,-2.03,0.91,-61
1787062483424,289508,Lumbar,sit,-0.011712,1.01016,0.1586,1.68,-1.96,0.7,-61
1787062483781,289684,Lumbar,sit,-0.010736,1.006256,0.162992,2.1,-2.73,0.49,-57
1787062483781,289715,Lumbar,sit,-0.006344,1.01016,0.160064,2.73,-1.75,0.49,-57
1787062483781,289732,Lumbar,sit,-0.008784,1.011624,0.159576,2.17,-1.75,0.49,-57
1787062483781,289749,Lumbar,sit,-0.011224,1.010648,0.160064,1.75,-1.89,0.49,-57
1787062483781,289767,Lumbar,sit,-0.015616,1.006256,0.159088,1.68,-1.82,0.42,-57
1787062483781,289798,Lumbar,sit,-0.015616,1.006256,0.1586,2.52,-1.89,0.35,-57
1787062483781,289815,Lumbar,sit,-0.013176,1.006744,0.156648,2.59,-1.82,0.28,-57
1787062483781,289832,Lumbar,sit,-0.010248,1.00772,0.1586,2.52,-2.52,0.07,-57
1787062483781,289849,Lumbar,sit,-0.011712,1.009184,0.154208,2.1,-1.75,0.35,-57
1787062483781,289866,Lumbar,sit,-0.01464,1.008208,0.156648,2.17,-1.82,0.14,-57
1787062484136,290041,Lumbar,sit,-0.014152,1.01016,0.162992,1.68,-2.66,0,-57
1787062484136,290072,Lumbar,sit,-0.01464,1.009672,0.166896,2.03,-3.08,0.35,-57
1787062484136,290089,Lumbar,sit,-0.016104,1.008696,0.165432,1.68,-3.29,0.42,-57
1787062484136,290106,Lumbar,sit,-0.016104,1.009184,0.162992,1.75,-3.01,0.77,-57
1787062484136,290123,Lumbar,sit,-0.0122,1.011624,0.16104,1.82,-2.87,0.49,-57
1787062484136,290154,Lumbar,sit,-0.01464,1.008208,0.160064,1.89,-2.8,-0.21,-57
1787062484136,290171,Lumbar,sit,-0.015616,1.004792,0.158112,2.1,-3.15,-0.14,-57
1787062484136,290188,Lumbar,sit,-0.013176,1.008696,0.1586,2.17,-3.5,0.14,-57
1787062484136,290205,Lumbar,sit,-0.013176,1.0126,0.157136,1.96,-3.36,0.14,-57
1787062484136,290222,Lumbar,sit,-0.01464,1.01504,0.154696,0.98,-3.15,0,-57
1787062484494,290395,Lumbar,sit,-0.02196,1.003816,0.162992,1.96,-3.57,0.14,-57
1787062484494,290426,Lumbar,sit,-0.020496,1.011624,0.163968,2.17,-3.71,0.21,-57
1787062484494,290443,Lumbar,sit,-0.01708,1.010648,0.16348,2.17,-3.57,-0.14,-57
1787062484494,290460,Lumbar,sit,-0.01708,1.010648,0.161528,2.1,-3.36,-0.14,-57
1787062484494,290477,Lumbar,sit,-0.015616,1.01016,0.160064,1.89,-3.43,-0.07,-57
1787062484494,290508,Lumbar,sit,-0.020496,1.00772,0.157624,1.47,-3.29,-0.07,-57
1787062484494,290525,Lumbar,sit,-0.020984,1.008208,0.155184,1.4,-3.36,-0.14,-57
1787062484494,290542,Lumbar,sit,-0.022448,1.011624,0.15616,1.19,-3.36,-0.07,-57
1787062484494,290559,Lumbar,sit,-0.01952,1.009672,0.155672,0.49,-2.31,0,-57
1787062484494,290576,Lumbar,sit,-0.01708,1.00772,0.160552,0.84,-3.22,-0.07,-57
1787062484852,290752,Lumbar,sit,-0.01464,1.006744,0.162992,0.56,-2.31,-0.42,-57
1787062484852,290783,Lumbar,sit,-0.01708,1.008208,0.164456,0.42,-0.77,-0.07,-57
1787062484852,290800,Lumbar,sit,-0.022936,1.006256,0.166408,0.7,-1.47,-0.07,-57
1787062484852,290818,Lumbar,sit,-0.032696,1.001376,0.174704,1.33,-1.96,0,-57
1787062484852,290835,Lumbar,sit,-0.033184,1.003816,0.173728,2.17,-2.1,0.07,-57
1787062484852,290866,Lumbar,sit,-0.030256,1.004792,0.16348,1.75,-2.03,0.49,-57
1787062484852,290883,Lumbar,sit,-0.023424,1.006744,0.162016,1.05,-2.24,0.63,-57
1787062484852,290900,Lumbar,sit,-0.018544,1.009672,0.163968,0.98,-2.52,0.63,-57
1787062484852,290917,Lumbar,sit,-0.011712,1.011136,0.166896,1.4,-2.24,0.42,-57
1787062484852,290934,Lumbar,sit,-0.011224,1.009184,0.166408,1.33,-1.96,0.35,-57
1787062485229,291110,Lumbar,sit,-0.022936,0.99796,0.182024,-0.21,-2.59,0.21,-60
1787062485229,291141,Lumbar,sit,-0.025376,1.006256,0.169824,0.63,-1.26,0.35,-60
1787062485229,291158,Lumbar,sit,-0.026352,1.009184,0.159576,0.14,-1.26,0.35,-60
1787062485229,291175,Lumbar,sit,-0.028304,1.001864,0.164456,0.35,-1.54,0.56,-60
1787062485229,291192,Lumbar,sit,-0.023912,1.004304,0.172752,0.77,-0.98,1.05,-60
1787062485229,291223,Lumbar,sit,-0.02196,1.004792,0.179584,1.33,-1.61,0.91,-60
1787062485229,291240,Lumbar,sit,-0.025376,1.007232,0.176168,1.47,-1.61,0.77,-60
1787062485229,291257,Lumbar,sit,-0.02684,1.006256,0.1708,0.91,-1.61,0.77,-60
1787062485229,291274,Lumbar,sit,-0.02684,1.00528,0.167872,0.7,-1.61,1.05,-60
1787062485229,291304,Lumbar,sit,-0.018544,1.009184,0.164456,1.19,-1.96,1.33,-60
1787062485575,291478,Lumbar,sit,-0.015128,1.003816,0.176168,0.98,-2.31,0.7,-60
1787062485575,291509,Lumbar,sit,-0.012688,1.006256,0.176656,1.75,-2.03,0.63,-60
1787062485575,291526,Lumbar,sit,-0.015616,1.009184,0.17324,1.75,-2.1,0.56,-60
1787062485575,291543,Lumbar,sit,-0.01708,1.007232,0.17324,1.33,-1.89,0.63,-60
1787062485575,291560,Lumbar,sit,-0.018544,1.001864,0.174704,1.33,-1.75,0.63,-60
1787062485575,291591,Lumbar,sit,-0.022936,1.005768,0.174704,2.1,-1.33,0.7,-60
1787062485575,291608,Lumbar,sit,-0.024888,1.008696,0.177144,2.1,-1.19,0.77,-60
1787062485575,291625,Lumbar,sit,-0.0244,1.007232,0.172752,1.82,-1.26,0.49,-60
1787062485575,291642,Lumbar,sit,-0.02196,1.00528,0.171776,1.68,-1.47,0.42,-60
1787062485575,291659,Lumbar,sit,-0.020008,1.00284,0.171288,1.61,-1.61,0.49,-60
1787062485933,291834,Lumbar,sit,-0.018544,1.003328,0.16592,1.61,-1.89,0.56,-60
1787062485933,291865,Lumbar,sit,-0.017568,1.004304,0.172752,2.17,-1.82,0.7,-60
1787062485933,291882,Lumbar,sit,-0.020496,1.008208,0.174216,2.73,-1.68,0.42,-60
1787062485933,291899,Lumbar,sit,-0.02196,1.012112,0.169824,2.8,-1.61,0.42,-60
1787062485933,291916,Lumbar,sit,-0.023424,1.01504,0.164944,1.82,-1.75,0.35,-60
1787062485933,291947,Lumbar,sit,-0.018544,1.005768,0.166896,0.98,-1.96,-0.21,-60
1787062485933,291964,Lumbar,sit,-0.020496,0.999424,0.166896,1.96,-2.31,-0.07,-60
1787062485933,291981,Lumbar,sit,-0.02196,1.001376,0.169336,2.59,-2.94,0.28,-60
1787062485933,291998,Lumbar,sit,-0.020008,1.013088,0.170312,2.66,-3.15,0.42,-60
1787062485933,292015,Lumbar,sit,-0.02196,1.015528,0.168848,0.84,-3.15,0.56,-60
1787062486290,292191,Lumbar,sit,-0.016592,1.00528,0.171776,3.15,-3.57,0.49,-57
1787062486290,292223,Lumbar,sit,-0.021472,1.011624,0.171776,2.8,-3.08,0.07,-57
1787062486290,292240,Lumbar,sit,-0.021472,1.008208,0.169824,2.31,-2.73,-0.07,-57
1787062486290,292257,Lumbar,sit,-0.020496,1.006744,0.169824,2.52,-2.52,0.07,-57
1787062486290,292274,Lumbar,sit,-0.020008,1.006744,0.170312,2.52,-2.52,0.35,-57
1787062486290,292305,Lumbar,sit,-0.017568,1.005768,0.16592,1.68,-2.1,0.28,-57
1787062486290,292322,Lumbar,sit,-0.017568,1.006256,0.165432,1.96,-2.17,0,-57
1787062486290,292339,Lumbar,sit,-0.01952,1.01016,0.161528,2.31,-2.31,0,-57
1787062486290,292356,Lumbar,sit,-0.020008,1.010648,0.161528,1.75,-2.66,0.14,-57
1787062486290,292372,Lumbar,sit,-0.020984,1.008208,0.166408,1.47,-2.66,0.42,-57
1787062486646,292546,Lumbar,sit,-0.021472,1.008208,0.167384,1.26,-2.52,-0.07,-57
1787062486646,292577,Lumbar,sit,-0.025376,1.005768,0.166896,1.54,-2.66,0.14,-57
1787062486646,292594,Lumbar,sit,-0.0244,1.005768,0.16592,1.54,-2.66,0.14,-57
1787062486646,292611,Lumbar,sit,-0.023912,1.008208,0.167384,1.47,-2.52,0.28,-57
1787062486646,292628,Lumbar,sit,-0.020008,1.006256,0.16836,1.4,-2.66,0.21,-57
1787062486646,292659,Lumbar,sit,-0.022448,1.009672,0.16836,0.98,-2.1,0.49,-57
1787062486646,292676,Lumbar,sit,-0.022936,1.004792,0.16836,0.98,-2.66,0.35,-57
1787062486646,292693,Lumbar,sit,-0.022448,1.003816,0.16836,1.05,-2.31,0.42,-57
1787062486646,292710,Lumbar,sit,-0.022936,1.00284,0.169336,1.4,-2.1,0.35,-57
1787062486646,292727,Lumbar,sit,-0.023424,1.003328,0.170312,1.68,-2.03,0.35,-57
1787062487003,292903,Lumbar,sit,-0.023912,1.006256,0.173728,0.63,-1.33,0.84,-57
1787062487003,292934,Lumbar,sit,-0.017568,1.00528,0.171288,1.19,-1.68,0.84,-57
1787062487003,292951,Lumbar,sit,-0.016104,1.009184,0.171776,0.84,-2.24,1.12,-57
1787062487003,292968,Lumbar,sit,-0.01708,1.008208,0.17324,0.77,-2.31,0.91,-57
1787062487003,292985,Lumbar,sit,-0.020008,1.00528,0.17324,1.47,-2.17,0.49,-57
1787062487003,293016,Lumbar,sit,-0.023912,1.003328,0.170312,1.47,-2.1,0.56,-57
1787062487003,293033,Lumbar,sit,-0.020984,0.999912,0.169336,1.89,-1.89,0.77,-57
1787062487003,293050,Lumbar,sit,-0.020496,1.0004,0.170312,2.59,-1.89,0.91,-57
1787062487003,293067,Lumbar,sit,-0.018056,1.007232,0.169336,2.59,-2.03,1.05,-57
1787062487003,293084,Lumbar,sit,-0.01952,1.009672,0.170312,2.17,-2.1,0.98,-57
1787062487360,293260,Lumbar,sit,-0.020984,1.008696,0.170312,1.68,-2.45,0.35,-54
1787062487360,293291,Lumbar,sit,-0.023424,1.00528,0.170312,1.54,-2.17,0.49,-54
1787062487360,293308,Lumbar,sit,-0.022448,1.006256,0.16836,1.61,-1.82,0.42,-54
1787062487360,293325,Lumbar,sit,-0.022936,1.00772,0.169336,1.54,-1.89,0.42,-54
1787062487360,293342,Lumbar,sit,-0.021472,1.00772,0.169824,1.47,-1.96,0.7,-54
1787062487360,293373,Lumbar,sit,-0.022936,1.006256,0.171288,1.47,-2.1,0.7,-54
1787062487360,293390,Lumbar,sit,-0.02196,1.006744,0.171288,1.47,-1.96,0.63,-54
1787062487360,293407,Lumbar,sit,-0.020496,1.006744,0.168848,1.61,-1.89,0.63,-54
1787062487360,293424,Lumbar,sit,-0.019032,1.005768,0.169824,1.75,-1.89,0.63,-54
1787062487360,293441,Lumbar,sit,-0.020008,1.00528,0.167872,1.68,-1.96,0.7,-54
1787062487718,293615,Lumbar,sit,-0.017568,1.009184,0.165432,1.05,-1.96,0.14,-54
1787062487718,293646,Lumbar,sit,-0.020008,1.0004,0.170312,2.24,-2.24,0.63,-54
1787062487718,293663,Lumbar,sit,-0.017568,1.004304,0.171776,2.38,-2.17,0.84,-54
1787062487718,293681,Lumbar,sit,-0.017568,1.013088,0.166896,1.75,-1.75,0.7,-54
1787062487718,293698,Lumbar,sit,-0.02196,1.01016,0.166408,1.33,-1.75,0.28,-54
1787062487718,293729,Lumbar,sit,-0.0244,1.006256,0.168848,2.24,-2.03,0.42,-54
1787062487718,293746,Lumbar,sit,-0.021472,1.008696,0.169336,1.96,-2.31,0.56,-54
1787062487718,293763,Lumbar,sit,-0.016592,1.008208,0.170312,1.61,-2.38,0.49,-54
1787062487718,293780,Lumbar,sit,-0.016104,1.009184,0.171288,1.61,-2.38,0.21,-54
1787062487718,293797,Lumbar,sit,-0.016104,1.009184,0.1708,1.47,-2.31,0.14,-54
1787062488073,293972,Lumbar,sit,-0.020008,1.003816,0.168848,1.4,-2.38,0.28,-54
1787062488073,294003,Lumbar,sit,-0.020496,1.004304,0.163968,2.45,-2.45,0.14,-54
1787062488073,294020,Lumbar,sit,-0.019032,1.008696,0.164456,2.31,-2.59,0.35,-54
1787062488073,294037,Lumbar,sit,-0.018544,1.010648,0.164944,1.82,-2.8,0.35,-54
1787062488073,294054,Lumbar,sit,-0.01952,1.008208,0.169336,1.75,-2.73,0.28,-54
1787062488073,294085,Lumbar,sit,-0.02196,1.008208,0.170312,2.03,-2.52,0.14,-54
1787062488073,294102,Lumbar,sit,-0.022936,1.009672,0.169336,1.75,-2.73,0.14,-54
1787062488073,294119,Lumbar,sit,-0.023424,1.007232,0.169336,1.47,-2.73,0.35,-54
1787062488073,294136,Lumbar,sit,-0.0244,1.005768,0.16836,1.4,-2.66,0.49,-54
1787062488073,294153,Lumbar,sit,-0.022448,1.005768,0.166896,1.75,-2.59,0.49,-54
1787062488441,294328,Lumbar,sit,-0.018544,1.006744,0.169824,1.33,-2.66,0.42,-55
1787062488441,294359,Lumbar,sit,-0.019032,1.006744,0.1708,1.61,-2.31,0.28,-55
1787062488441,294375,Lumbar,sit,-0.020008,1.00772,0.16836,1.47,-2.1,0.28,-55
1787062488441,294392,Lumbar,sit,-0.020984,1.008208,0.167872,1.4,-2.17,0.42,-55
1787062488441,294409,Lumbar,sit,-0.020008,1.008208,0.168848,1.33,-2.24,0.35,-55
1787062488441,294440,Lumbar,sit,-0.021472,1.006744,0.168848,1.19,-2.24,0.35,-55
1787062488441,294457,Lumbar,sit,-0.022936,1.00528,0.167872,1.33,-2.24,0.35,-55
1787062488441,294474,Lumbar,sit,-0.023424,1.004792,0.168848,1.47,-2.17,0.35,-55
1787062488441,294491,Lumbar,sit,-0.022448,1.007232,0.170312,1.47,-2.03,0.49,-55
1787062488441,294522,Lumbar,sit,-0.019032,1.00772,0.168848,1.33,-2.1,0.56,-55
1787062488800,294696,Lumbar,sit,-0.020008,1.008208,0.17324,0.84,-1.75,0.21,-55
1787062488800,294727,Lumbar,sit,-0.026352,0.998448,0.176168,1.54,-0.63,0.07,-55
1787062488800,294744,Lumbar,sit,-0.023424,1.001864,0.17324,2.03,-0.49,0.49,-55
1787062488800,294762,Lumbar,sit,-0.020496,1.012112,0.168848,1.68,-0.63,0.77,-55
1787062488800,294779,Lumbar,sit,-0.01952,1.01504,0.167872,1.05,-0.63,0.77,-55
1787062488800,294810,Lumbar,sit,-0.020008,1.002352,0.17324,0.49,-0.91,0.63,-55
1787062488800,294827,Lumbar,sit,-0.020496,1.001376,0.171776,1.26,-0.98,0.98,-55
1787062488800,294844,Lumbar,sit,-0.025376,1.005768,0.169336,1.33,-1.12,1.12,-55
1787062488800,294861,Lumbar,sit,-0.028792,1.010648,0.168848,0.7,-1.12,1.4,-55
1787062488800,294878,Lumbar,sit,-0.025376,1.01016,0.17324,0.07,-1.12,1.47,-55
1787062489158,295054,Lumbar,sit,-0.020496,0.99308,0.17324,3.57,1.12,3.5,-55
1787062489158,295086,Lumbar,sit,-0.01708,1.01748,0.161528,4.69,1.12,3.29,-55
1787062489158,295103,Lumbar,sit,-0.016592,1.027728,0.155184,4.13,0.42,2.38,-55
1787062489158,295121,Lumbar,sit,-0.016592,1.024312,0.154208,2.87,-0.56,1.33,-55
1787062489158,295138,Lumbar,sit,-0.015616,1.021872,0.152256,2.24,-0.98,0.7,-55
1787062489158,295155,Lumbar,sit,-0.014152,1.014064,0.154696,1.19,-1.61,0.63,-55
1787062489158,295186,Lumbar,sit,-0.011712,1.00284,0.164456,1.47,-1.82,1.26,-55
1787062489158,295203,Lumbar,sit,-0.01464,1.00284,0.167872,1.68,-1.68,1.33,-55
1787062489158,295220,Lumbar,sit,-0.016592,1.00528,0.171776,2.03,-1.47,1.19,-55
1787062489158,295237,Lumbar,sit,-0.01708,1.009184,0.171288,2.17,-1.61,1.19,-55
1787062489518,295413,Lumbar,sit,-0.006344,1.008208,0.167384,2.38,-0.98,0.7,-55
1787062489518,295445,Lumbar,sit,-0.013176,1.009184,0.158112,1.61,-1.33,0.35,-55
1787062489518,295462,Lumbar,sit,-0.01464,1.012112,0.157136,1.54,-1.61,0.42,-55
1787062489518,295479,Lumbar,sit,-0.015616,1.013576,0.158112,1.33,-1.54,0.42,-55
1787062489518,295496,Lumbar,sit,-0.016592,1.009672,0.16104,0.91,-1.75,0.49,-55
1787062489518,295527,Lumbar,sit,-0.018056,0.999424,0.167384,1.96,-2.45,0.63,-55
1787062489518,295544,Lumbar,sit,-0.01464,1.003816,0.172264,2.38,-2.59,0.63,-55
1787062489518,295561,Lumbar,sit,-0.012688,1.0126,0.166896,2.45,-2.17,0.42,-55
1787062489518,295578,Lumbar,sit,-0.013176,1.009672,0.166408,1.68,-1.96,0.14,-55
1787062489518,295594,Lumbar,sit,-0.007808,1.004304,0.169336,2.59,-2.52,0.07,-55
1787062489873,295770,Lumbar,sit,-0.014152,1.010648,0.160552,1.05,-1.89,-0.28,-55
1787062489873,295801,Lumbar,sit,-0.016104,1.004792,0.16592,1.61,-1.96,-0.21,-55
1787062489873,295818,Lumbar,sit,-0.016104,1.005768,0.166408,1.75,-1.82,-0.14,-55
1787062489873,295835,Lumbar,sit,-0.017568,1.00772,0.168848,1.89,-1.47,-0.14,-55
1787062489873,295852,Lumbar,sit,-0.021472,1.011136,0.16592,1.75,-1.33,-0.14,-55
1787062489873,295883,Lumbar,sit,-0.02684,1.009184,0.153232,1.4,-2.17,-0.21,-55
1787062489873,295900,Lumbar,sit,-0.020496,1.010648,0.154696,1.12,-2.94,-0.07,-55
1787062489873,295917,Lumbar,sit,-0.01708,1.006256,0.162992,1.33,-3.22,0.14,-55
1787062489873,295934,Lumbar,sit,-0.014152,1.007232,0.171288,2.03,-3.01,0.14,-55
1787062489873,295951,Lumbar,sit,-0.014152,1.008208,0.171288,2.31,-2.8,0.21,-55
1787062490229,296127,Lumbar,sit,-0.012688,1.007232,0.16348,1.75,-2.59,-0.07,-55
1787062490229,296158,Lumbar,sit,-0.01708,1.009672,0.162016,2.03,-2.66,-0.14,-55
1787062490229,296175,Lumbar,sit,-0.020008,1.01016,0.16104,1.33,-2.66,0,-55
1787062490229,296192,Lumbar,sit,-0.021472,1.009184,0.163968,0.98,-2.94,0.14,-55
1787062490229,296209,Lumbar,sit,-0.020008,1.00528,0.166408,1.26,-2.87,0.07,-55
1787062490229,296240,Lumbar,sit,-0.02196,1.006256,0.16348,1.54,-2.1,0.07,-55
1787062490229,296257,Lumbar,sit,-0.023424,1.005768,0.16348,1.68,-2.52,0.07,-55
1787062490229,296274,Lumbar,sit,-0.022448,1.007232,0.162016,1.68,-2.87,0.21,-55
1787062490229,296291,Lumbar,sit,-0.020496,1.008208,0.162504,1.68,-3.01,0.14,-55
1787062490229,296308,Lumbar,sit,-0.015616,1.006256,0.162992,1.61,-3.08,0.07,-55
1787062490586,296483,Lumbar,sit,-0.02196,1.005768,0.160552,1.82,-3.01,0.42,-55
1787062490586,296514,Lumbar,sit,-0.015616,1.00772,0.166896,1.61,-2.52,0.49,-55
1787062490586,296531,Lumbar,sit,-0.015616,1.008208,0.165432,1.19,-2.45,0.28,-55
1787062490586,296548,Lumbar,sit,-0.015128,1.00772,0.16348,1.19,-2.52,0.07,-55
1787062490586,296565,Lumbar,sit,-0.016592,1.00772,0.162504,1.19,-2.45,0,-55
1787062490586,296596,Lumbar,sit,-0.018544,1.00772,0.16104,1.47,-2.87,0.14,-55
1787062490586,296613,Lumbar,sit,-0.019032,1.008208,0.162016,1.47,-2.87,0.21,-55
1787062490586,296629,Lumbar,sit,-0.017568,1.008208,0.164456,1.26,-2.94,0.28,-55
1787062490586,296646,Lumbar,sit,-0.017568,1.008208,0.16836,1.12,-2.59,0.14,-55
1787062490586,296663,Lumbar,sit,-0.018544,1.00528,0.167872,1.05,-1.68,0.21,-55
1787062490945,296839,Lumbar,sit,-0.02196,1.006256,0.167384,1.4,-2.31,0.42,-56
1787062490945,296871,Lumbar,sit,-0.021472,1.004792,0.164456,1.75,-2.1,0.49,-56
1787062490945,296888,Lumbar,sit,-0.020984,1.007232,0.16348,1.75,-2.03,0.49,-56
1787062490945,296905,Lumbar,sit,-0.01952,1.00772,0.163968,1.68,-1.96,0.49,-56
1787062490945,296922,Lumbar,sit,-0.020496,1.008696,0.16592,1.61,-1.75,0.42,-56
1787062490945,296953,Lumbar,sit,-0.01708,1.008208,0.164456,1.47,-1.68,0.35,-56
1787062490945,296970,Lumbar,sit,-0.015616,1.006744,0.165432,1.4,-1.68,0.42,-56
1787062490945,296987,Lumbar,sit,-0.018056,1.00772,0.166408,1.4,-1.89,0.49,-56
1787062490945,297004,Lumbar,sit,-0.020496,1.01016,0.167872,1.4,-1.68,0.49,-56
1787062490945,297021,Lumbar,sit,-0.022448,1.011624,0.165432,1.19,-1.47,0.49,-56
1787062491301,297196,Lumbar,sit,-0.018056,1.007232,0.166408,1.19,-2.03,0.63,-56
1787062491301,297228,Lumbar,sit,-0.015616,1.00772,0.169336,0.84,-1.82,0.77,-56
1787062491301,297245,Lumbar,sit,-0.018056,1.007232,0.171776,0.98,-1.61,0.77,-56
1787062491301,297262,Lumbar,sit,-0.020008,1.008696,0.169824,1.33,-1.26,0.7,-56
1787062491301,297279,Lumbar,sit,-0.020008,1.011624,0.16592,1.33,-1.33,0.77,-56
1787062491301,297297,Lumbar,sit,-0.017568,1.009672,0.166408,0.56,-1.61,0.56,-56
1787062491301,297328,Lumbar,sit,-0.019032,0.999424,0.172752,0.63,-1.26,0.63,-56
1787062491301,297345,Lumbar,sit,-0.020496,0.995032,0.17568,1.75,-0.98,0.98,-56
1787062491301,297362,Lumbar,sit,-0.021472,1.005768,0.171776,1.96,-0.49,1.4,-56
1787062491301,297379,Lumbar,sit,-0.022448,1.011136,0.167872,0.49,0.07,1.4,-56
1787062491658,297554,Lumbar,sit,-0.018056,1.00772,0.166408,2.52,-2.59,0.98,-56
1787062491658,297585,Lumbar,sit,-0.017568,1.008696,0.168848,2.1,-2.31,1.33,-56
1787062491658,297602,Lumbar,sit,-0.0122,1.007232,0.166408,1.54,-1.68,1.26,-56
1787062491658,297619,Lumbar,sit,-0.007808,1.004792,0.167872,1.4,-1.4,1.05,-56
1787062491658,297636,Lumbar,sit,-0.005368,1.003328,0.170312,1.89,-1.4,1.05,-56
1787062491658,297666,Lumbar,sit,-0.010736,1.01016,0.171288,2.52,-1.19,0.7,-56
1787062491658,297683,Lumbar,sit,-0.016104,1.008696,0.169824,2.38,-1.19,0.56,-56
1787062491658,297700,Lumbar,sit,-0.016104,1.008696,0.16592,2.03,-1.4,0.49,-56
1787062491658,297717,Lumbar,sit,-0.014152,1.007232,0.16104,1.96,-1.54,0.49,-56
1787062491658,297734,Lumbar,sit,-0.015616,1.005768,0.162504,2.38,-1.89,0.42,-56
1787062492020,297909,Lumbar,sit,-0.01464,1.010648,0.164944,1.82,-1.75,0.07,-56
1787062492020,297941,Lumbar,sit,-0.013176,1.009672,0.16592,1.96,-1.89,0.21,-56
1787062492020,297958,Lumbar,sit,-0.017568,1.01016,0.164456,1.89,-2.24,0.21,-56
1787062492020,297976,Lumbar,sit,-0.020984,1.01016,0.16592,1.75,-2.73,0.42,-56
1787062492020,297993,Lumbar,sit,-0.020984,1.009672,0.164944,1.54,-3.01,0.42,-56
1787062492020,298010,Lumbar,sit,-0.01708,1.007232,0.164456,1.54,-3.01,0.42,-56
1787062492020,298041,Lumbar,sit,-0.011712,1.008208,0.16348,1.54,-3.22,0.42,-56
1787062492020,298058,Lumbar,sit,-0.013664,1.010648,0.164456,1.47,-3.15,0.42,-56
1787062492020,298075,Lumbar,sit,-0.01464,1.00772,0.167872,1.61,-2.94,0.14,-56
1787062492020,298092,Lumbar,sit,-0.016104,1.007232,0.166408,1.82,-3.01,-0.07,-56
1787062492377,298267,Lumbar,sit,-0.019032,1.014552,0.160064,1.47,-3.36,-0.14,-56
1787062492377,298299,Lumbar,sit,-0.01952,1.001376,0.163968,1.4,-2.87,-0.07,-56
1787062492377,298316,Lumbar,sit,-0.016104,1.004304,0.16348,2.45,-3.01,-0.07,-56
1787062492377,298334,Lumbar,sit,-0.015128,1.008696,0.169336,1.96,-2.94,-0.14,-56
1787062492377,298351,Lumbar,sit,-0.016592,1.011624,0.171776,1.54,-2.8,-0.14,-56
1787062492377,298368,Lumbar,sit,-0.017568,1.008696,0.170312,1.19,-2.59,-0.21,-56
1787062492377,298399,Lumbar,sit,-0.01952,1.00528,0.163968,1.61,-2.52,0.14,-56
1787062492377,298416,Lumbar,sit,-0.020008,1.007232,0.159576,1.47,-2.8,0.14,-56
1787062492377,298433,Lumbar,sit,-0.020008,1.006744,0.162992,1.54,-2.8,0.07,-56
1787062492377,298450,Lumbar,sit,-0.017568,1.00772,0.165432,1.89,-2.66,0.07,-56
1787062492734,298626,Lumbar,sit,-0.01708,1.01016,0.162504,2.1,-2.31,0.28,-56
1787062492734,298658,Lumbar,sit,-0.015616,1.006744,0.164944,1.4,-2.73,0.35,-56
1787062492734,298675,Lumbar,sit,-0.016104,1.005768,0.166896,1.68,-2.66,0.42,-56
1787062492734,298692,Lumbar,sit,-0.018056,1.00528,0.165432,1.96,-2.66,0.35,-56
1787062492734,298709,Lumbar,sit,-0.020008,1.0126,0.162016,1.82,-2.38,0.21,-56
1787062492734,298739,Lumbar,sit,-0.020496,1.009672,0.165432,1.12,-2.1,0.07,-56
1787062492734,298756,Lumbar,sit,-0.019032,1.004792,0.16592,1.12,-2.1,0.21,-56
1787062492734,298773,Lumbar,sit,-0.020984,1.003816,0.165432,1.4,-2.1,0.35,-56
1787062492734,298790,Lumbar,sit,-0.022448,1.00528,0.166408,1.47,-2.24,0.35,-56
1787062492734,298807,Lumbar,sit,-0.022448,1.008208,0.16836,1.68,-2.17,0.42,-56
1787062493090,298983,Lumbar,sit,-0.020984,1.0126,0.165432,1.82,-2.38,0.77,-56
1787062493090,299015,Lumbar,sit,-0.019032,1.009672,0.167872,1.33,-2.45,0.63,-56
1787062493090,299032,Lumbar,sit,-0.01952,1.008208,0.167872,1.19,-2.52,0.63,-56
1787062493090,299049,Lumbar,sit,-0.01708,1.00528,0.169336,1.19,-2.45,0.63,-56
1787062493090,299066,Lumbar,sit,-0.017568,1.005768,0.169336,1.54,-2.24,0.7,-56
1787062493090,299097,Lumbar,sit,-0.018056,1.006744,0.166896,1.68,-2.17,0.84,-56
1787062493090,299114,Lumbar,sit,-0.019032,1.011136,0.164456,1.75,-2.38,0.91,-56
1787062493090,299131,Lumbar,sit,-0.01708,1.010648,0.164456,1.12,-2.24,0.63,-56
1787062493090,299148,Lumbar,sit,-0.018544,1.006744,0.164456,1.12,-1.96,0.35,-56
1787062493090,299165,Lumbar,sit,-0.021472,1.004792,0.164456,1.19,-2.1,0.63,-56
1787062493445,299340,Lumbar,sit,-0.01952,1.00528,0.168848,1.05,-2.03,0.28,-55
1787062493445,299371,Lumbar,sit,-0.017568,1.004792,0.166896,1.82,-2.03,0.42,-55
1787062493445,299388,Lumbar,sit,-0.01708,1.009672,0.165432,1.89,-2.03,0.49,-55
1787062493445,299405,Lumbar,sit,-0.019032,1.009672,0.166408,1.54,-2.03,0.42,-55
1787062493445,299422,Lumbar,sit,-0.01952,1.005768,0.166896,1.4,-2.03,0.35,-55
1787062493445,299453,Lumbar,sit,-0.016592,1.00528,0.16836,1.61,-1.82,0.49,-55
1787062493445,299470,Lumbar,sit,-0.017568,1.006744,0.1708,1.68,-2.03,0.56,-55
1787062493445,299487,Lumbar,sit,-0.018544,1.008208,0.1708,1.61,-2.1,0.49,-55
1787062493445,299504,Lumbar,sit,-0.021472,1.00772,0.167872,1.75,-2.1,0.49,-55
1787062493445,299521,Lumbar,sit,-0.02196,1.006256,0.166896,1.75,-2.1,0.42,-55
1787062493804,299696,Lumbar,sit,-0.01952,1.009184,0.165432,1.82,-1.75,0.63,-55
1787062493804,299728,Lumbar,sit,-0.020496,1.007232,0.16836,2.03,-1.82,0.63,-55
1787062493804,299745,Lumbar,sit,-0.02196,1.008696,0.166896,2.38,-2.03,0.84,-55
1787062493804,299762,Lumbar,sit,-0.023424,1.009672,0.162504,2.1,-2.17,0.84,-55
1787062493804,299779,Lumbar,sit,-0.024888,1.009184,0.162992,1.82,-2.17,0.77,-55
1787062493804,299796,Lumbar,sit,-0.023424,1.008696,0.163968,1.75,-2.17,0.7,-55
1787062493804,299827,Lumbar,sit,-0.020008,1.005768,0.164456,2.1,-2.17,0.35,-55
1787062493804,299844,Lumbar,sit,-0.015616,1.00772,0.162992,2.17,-2.1,0.28,-55
1787062493804,299861,Lumbar,sit,-0.013664,1.01016,0.160064,2.03,-2.17,0.21,-55
1787062493804,299878,Lumbar,sit,-0.012688,1.010648,0.162992,1.96,-2.45,0.14,-55
1787062494160,300053,Lumbar,sit,-0.022448,1.002352,0.163968,1.89,-2.59,0.84,-55
1787062494160,300084,Lumbar,sit,-0.020008,1.0126,0.162992,1.26,-2.66,0.77,-55
1787062494160,300101,Lumbar,sit,-0.020008,1.012112,0.162504,0.84,-2.73,0.49,-55
1787062494160,300118,Lumbar,sit,-0.021472,1.001864,0.164944,1.19,-2.87,0.42,-55
1787062494160,300135,Lumbar,sit,-0.019032,1.00284,0.169336,2.45,-3.01,0.7,-55
1787062494160,300166,Lumbar,sit,-0.013176,1.009184,0.167872,2.03,-3.22,0.63,-55
1787062494160,300183,Lumbar,sit,-0.011224,1.011624,0.166408,1.61,-3.01,0.42,-55
1787062494160,300200,Lumbar,sit,-0.013664,1.008208,0.167872,1.54,-2.87,0.14,-55
1787062494160,300217,Lumbar,sit,-0.013664,1.005768,0.166896,1.82,-2.73,0,-55
1787062494160,300234,Lumbar,sit,-0.013176,1.004304,0.164456,1.89,-2.66,0.21,-55
1787062494518,300410,Lumbar,sit,-0.021472,1.006744,0.162016,1.68,-2.1,-0.21,-56
1787062494518,300442,Lumbar,sit,-0.01952,1.008696,0.164456,1.54,-2.1,-0.07,-56
1787062494518,300459,Lumbar,sit,-0.016104,1.009672,0.164944,1.4,-2.17,-0.07,-56
1787062494518,300476,Lumbar,sit,-0.01464,1.006256,0.16592,1.19,-2.17,-0.14,-56
1787062494518,300493,Lumbar,sit,-0.018056,1.005768,0.16592,1.26,-1.96,-0.07,-56
1787062494518,300524,Lumbar,sit,-0.019032,1.006744,0.162504,1.47,-1.82,0,-56
1787062494518,300541,Lumbar,sit,-0.020496,1.008696,0.162504,1.61,-2.17,0.14,-56
1787062494518,300558,Lumbar,sit,-0.018056,1.009184,0.16836,1.61,-2.24,0.21,-56
1787062494518,300575,Lumbar,sit,-0.018056,1.009184,0.167384,1.4,-2.03,0.21,-56
1787062494518,300592,Lumbar,sit,-0.019032,1.007232,0.166896,1.33,-1.89,0.28,-56
1787062494876,300768,Lumbar,sit,-0.021472,1.008696,0.16104,1.33,-2.17,0.42,-56
1787062494876,300798,Lumbar,sit,-0.01952,1.006744,0.162016,1.4,-2.38,0.84,-56
1787062494876,300816,Lumbar,sit,-0.020008,1.009184,0.16592,1.61,-2.38,0.91,-56
1787062494876,300833,Lumbar,sit,-0.018544,1.009672,0.168848,1.54,-2.17,0.77,-56
1787062494876,300850,Lumbar,sit,-0.018544,1.00772,0.16592,1.4,-2.1,0.63,-56
1787062494876,300881,Lumbar,sit,-0.020496,1.007232,0.163968,1.54,-2.31,0.84,-56
1787062494876,300898,Lumbar,sit,-0.01952,1.009672,0.166896,1.54,-2.45,0.91,-56
1787062494876,300915,Lumbar,sit,-0.019032,1.011624,0.169336,1.12,-2.52,0.77,-56
1787062494876,300932,Lumbar,sit,-0.01708,1.011136,0.169336,0.77,-2.31,0.56,-56
1787062494876,300949,Lumbar,sit,-0.013176,1.006744,0.167872,0.35,-2.24,0.42,-56
1787062495236,301125,Lumbar,sit,-0.029768,1.009672,0.1708,-1.61,-3.29,-0.56,-56
1787062495236,301157,Lumbar,sit,-0.0366,1.00528,0.181048,-1.05,-4.69,0.56,-56
1787062495236,301174,Lumbar,sit,-0.039528,1.0004,0.187392,0.77,-5.25,1.82,-56
1787062495236,301192,Lumbar,sit,-0.042456,0.994544,0.183,2.17,-4.76,2.66,-56
1787062495236,301209,Lumbar,sit,-0.03416,1.0004,0.17324,3.29,-4.62,2.59,-56
1787062495236,301226,Lumbar,sit,-0.027816,1.002352,0.17324,4.06,-5.25,2.24,-56
1787062495236,301257,Lumbar,sit,0.010736,1.00284,0.177632,2.87,-4.27,0.84,-56
1787062495236,301274,Lumbar,sit,0.011712,1.001864,0.180072,3.78,-2.94,0.28,-56
1787062495236,301291,Lumbar,sit,0.005368,1.004304,0.179096,3.99,-2.03,0.49,-56
1787062495236,301308,Lumbar,sit,0,1.009672,0.175192,3.57,-1.47,0.49,-56
1787062495592,301483,Lumbar,sit,-0.032208,1.009184,0.164944,3.15,-0.35,-0.91,-57
1787062495592,301515,Lumbar,sit,-0.040504,1.013088,0.166896,3.71,-2.1,-0.63,-57
1787062495592,301531,Lumbar,sit,-0.040504,1.011136,0.172264,3.08,-3.22,-0.14,-57
1787062495592,301549,Lumbar,sit,-0.036112,1.005768,0.173728,2.1,-3.71,0.49,-57
1787062495592,301566,Lumbar,sit,-0.030744,1.001376,0.174704,1.82,-3.78,0.63,-57
1787062495592,301597,Lumbar,sit,-0.016592,1.003816,0.17324,2.87,-3.15,0.7,-57
1787062495592,301614,Lumbar,sit,-0.017568,1.010648,0.167872,2.66,-2.73,0.63,-57
1787062495592,301631,Lumbar,sit,-0.017568,1.018944,0.165432,2.1,-2.66,0.56,-57
1787062495592,301648,Lumbar,sit,-0.016592,1.016504,0.160552,0.42,-2.66,0.42,-57
1787062495592,301665,Lumbar,sit,-0.015616,1.004792,0.162504,-0.49,-3.01,0.49,-57
1787062495948,301840,Lumbar,sit,-0.015128,1.011136,0.16592,1.54,-1.82,0.42,-57
1787062495948,301871,Lumbar,sit,-0.020008,1.006256,0.164944,1.12,-2.1,0.21,-57
1787062495948,301888,Lumbar,sit,-0.02196,1.00772,0.16836,1.47,-2.31,0.35,-57
1787062495948,301905,Lumbar,sit,-0.021472,1.009672,0.168848,1.47,-2.24,0.35,-57
1787062495948,301922,Lumbar,sit,-0.01952,1.010648,0.171776,1.26,-2.31,0.35,-57
1787062495948,301953,Lumbar,sit,-0.021472,1.003816,0.177632,0.7,-2.66,0.28,-57
1787062495948,301970,Lumbar,sit,-0.024888,0.999424,0.183976,1.26,-2.87,0.42,-57
1787062495948,301987,Lumbar,sit,-0.028304,1.00284,0.181048,2.17,-3.08,0.91,-57
1787062495948,302004,Lumbar,sit,-0.02928,1.003816,0.171288,1.82,-2.8,1.12,-57
1787062495948,302021,Lumbar,sit,-0.025376,1.0004,0.166896,2.1,-2.73,0.98,-57
1787062496306,302196,Lumbar,sit,-0.025376,1.014064,0.151768,7.63,-0.21,3.43,-57
1787062496306,302228,Lumbar,sit,-0.012688,1.025288,0.142008,3.29,-0.77,2.31,-57
1787062496306,302245,Lumbar,sit,0.001464,1.022848,0.144448,2.24,-1.4,1.96,-57
1787062496306,302263,Lumbar,sit,0.013176,1.025288,0.15128,0,-2.94,1.26,-57
1787062496306,302279,Lumbar,sit,0.011224,1.016504,0.167384,-1.75,-4.13,0.63,-57
1787062496306,302310,Lumbar,sit,-0.006344,1.001376,0.18056,-0.56,-4.34,0.49,-57
1787062496306,302327,Lumbar,sit,-0.012688,0.995032,0.178608,0.77,-2.94,0.49,-57
1787062496306,302344,Lumbar,sit,-0.01952,0.991616,0.176168,2.73,-1.54,0.77,-57
1787062496306,302361,Lumbar,sit,-0.01952,0.999912,0.163968,3.78,-0.77,0.98,-57
1787062496306,302378,Lumbar,sit,-0.016104,1.003816,0.160064,3.85,-1.26,0.98,-57
1787062496667,302553,Lumbar,sit,-0.015128,1.008208,0.16592,1.82,-2.1,0.63,-59
1787062496667,302585,Lumbar,sit,-0.008784,1.011136,0.1586,1.82,-2.03,0.28,-59
1787062496667,302602,Lumbar,sit,-0.005856,1.011624,0.159088,1.4,-1.96,0.21,-59
1787062496667,302619,Lumbar,sit,-0.005856,1.008696,0.16104,1.12,-2.17,0.35,-59
1787062496667,302636,Lumbar,sit,-0.00488,1.005768,0.164944,1.47,-2.17,0.63,-59
1787062496667,302667,Lumbar,sit,-0.00732,1.009672,0.166896,2.03,-2.31,0.7,-59
1787062496667,302684,Lumbar,sit,-0.010736,1.013576,0.16348,2.03,-2.73,0.77,-59
1787062496667,302701,Lumbar,sit,-0.011712,1.013576,0.159576,1.33,-2.94,0.63,-59
1787062496667,302718,Lumbar,sit,-0.012688,1.009672,0.159088,1.19,-2.87,0.49,-59
1787062496667,302735,Lumbar,sit,-0.011712,1.005768,0.158112,1.19,-2.31,0.21,-59
1787062497019,302909,Lumbar,sit,-0.015128,1.006744,0.162504,1.05,-1.75,0.42,-59
1787062497019,302940,Lumbar,sit,-0.012688,1.003816,0.162992,2.24,-1.96,0.63,-59
1787062497019,302957,Lumbar,sit,-0.010248,1.005768,0.161528,1.61,-2.17,0.77,-59
1787062497019,302974,Lumbar,sit,-0.010248,1.004304,0.16348,1.4,-1.82,0.84,-59
1787062497019,302991,Lumbar,sit,-0.014152,1.003816,0.16592,1.68,-1.68,0.84,-59
1787062497019,303022,Lumbar,sit,-0.011224,1.007232,0.162992,1.96,-1.68,0.42,-59
1787062497019,303039,Lumbar,sit,-0.008296,1.009672,0.163968,1.89,-1.68,0.49,-59
1787062497019,303056,Lumbar,sit,-0.008784,1.01016,0.167384,1.96,-1.61,0.49,-59
1787062497019,303073,Lumbar,sit,-0.010736,1.010648,0.16836,1.82,-1.26,0.49,-59
1787062497019,303090,Lumbar,sit,-0.011224,1.008208,0.170312,1.82,-1.19,0.42,-59
1787062497376,303266,Lumbar,sit,-0.010248,1.006256,0.168848,3.5,-0.56,1.75,-59
1787062497376,303297,Lumbar,sit,-0.008296,1.011624,0.159088,3.78,-0.7,1.89,-59
1787062497376,303314,Lumbar,sit,-0.009272,1.014552,0.153232,3.43,0.35,1.61,-59
1787062497376,303331,Lumbar,sit,-0.013176,1.017968,0.143472,2.87,0.21,1.47,-59
1787062497376,303348,Lumbar,sit,-0.01464,1.01504,0.147376,2.24,-1.33,1.05,-59
1787062497376,303379,Lumbar,sit,-0.010248,1.008696,0.157136,2.03,-1.82,1.33,-59
1787062497376,303396,Lumbar,sit,-0.005856,1.007232,0.159088,2.73,-1.89,1.33,-59
1787062497376,303413,Lumbar,sit,-0.004392,1.01016,0.152744,2.87,-2.24,1.05,-59
1787062497376,303430,Lumbar,sit,-0.00488,1.014064,0.152744,2.38,-2.87,0.84,-59
1787062497376,303447,Lumbar,sit,-0.005368,1.01504,0.153232,1.61,-2.1,0.98,-59
1787062497733,303623,Lumbar,sit,-0.005856,1.00528,0.157136,1.26,-1.75,0.56,-59
1787062497733,303654,Lumbar,sit,-0.004392,1.004792,0.1586,1.89,-1.82,0.21,-59
1787062497733,303671,Lumbar,sit,-0.005368,1.009672,0.159576,1.96,-1.89,0.14,-59
1787062497733,303688,Lumbar,sit,-0.005368,1.010648,0.160552,1.89,-1.96,0.14,-59
1787062497733,303705,Lumbar,sit,-0.005368,1.01016,0.161528,1.68,-1.82,0.28,-59
1787062497733,303736,Lumbar,sit,-0.008296,1.006744,0.161528,1.68,-1.54,0.35,-59
1787062497733,303753,Lumbar,sit,-0.011224,1.01016,0.159088,1.89,-1.47,0.28,-59
1787062497733,303769,Lumbar,sit,-0.010736,1.008696,0.157624,1.54,-1.54,0.21,-59
1787062497733,303786,Lumbar,sit,-0.0122,1.00528,0.157136,1.54,-1.82,0.28,-59
1787062497733,303803,Lumbar,sit,-0.012688,1.0004,0.160064,2.45,-2.24,0.28,-59
1787062498093,303979,Lumbar,sit,-0.010736,1.009184,0.149816,1.89,-2.17,0.14,-61
1787062498093,304010,Lumbar,sit,-0.008296,1.011136,0.149816,2.03,-2.31,0.14,-61
1787062498093,304027,Lumbar,sit,-0.00732,1.010648,0.153232,1.82,-2.24,-0.07,-61
1787062498093,304044,Lumbar,sit,-0.010248,1.011624,0.152256,1.68,-2.1,-0.14,-61
1787062498093,304061,Lumbar,sit,-0.010736,1.010648,0.152744,1.75,-2.24,-0.07,-61
1787062498093,304092,Lumbar,sit,-0.009272,1.01016,0.155672,1.68,-2.52,0.21,-61
1787062498093,304109,Lumbar,sit,-0.00976,1.012112,0.157624,1.33,-2.59,0.14,-61
1787062498093,304126,Lumbar,sit,-0.010248,1.010648,0.156648,1.19,-2.52,-0.07,-61
1787062498093,304143,Lumbar,sit,-0.015128,1.005768,0.152744,1.19,-2.73,0,-61
1787062498093,304160,Lumbar,sit,-0.01464,1.005768,0.15372,1.82,-3.43,0.14,-61
1787062498448,304336,Lumbar,sit,-0.011224,1.008696,0.14884,1.75,-3.15,-0.35,-61
1787062498448,304368,Lumbar,sit,-0.011712,1.007232,0.151768,1.68,-3.08,-0.42,-61
1787062498448,304385,Lumbar,sit,-0.011224,1.008208,0.149328,1.68,-3.22,-0.21,-61
1787062498448,304402,Lumbar,sit,-0.00976,1.009184,0.147376,1.26,-3.08,-0.07,-61
1787062498448,304419,Lumbar,sit,-0.008784,1.011136,0.149328,1.05,-3.08,-0.07,-61
1787062498448,304450,Lumbar,sit,-0.012688,1.013576,0.158112,0.84,-3.29,-0.28,-61
1787062498448,304467,Lumbar,sit,-0.015128,1.012112,0.159576,0.77,-3.22,-0.21,-61
1787062498448,304484,Lumbar,sit,-0.013176,1.00772,0.158112,0.63,-2.59,-0.07,-61
1787062498448,304501,Lumbar,sit,-0.01464,1.00772,0.154696,0.98,-2.73,0,-61
1787062498448,304518,Lumbar,sit,-0.01708,1.006744,0.15616,1.26,-2.87,0.28,-61
1787062498804,304694,Lumbar,sit,-0.015128,1.004792,0.157624,0.77,-2.73,0.21,-61
1787062498804,304724,Lumbar,sit,-0.012688,1.006744,0.154208,1.4,-2.17,0.56,-61
1787062498804,304741,Lumbar,sit,-0.014152,1.012112,0.151768,1.12,-2.45,0.35,-61
1787062498804,304759,Lumbar,sit,-0.01708,1.009184,0.154208,0.77,-2.59,0.28,-61
1787062498804,304775,Lumbar,sit,-0.01464,1.004304,0.15616,1.47,-2.66,0.21,-61
1787062498804,304806,Lumbar,sit,-0.00976,1.01016,0.156648,1.75,-2.87,0.28,-61
1787062498804,304823,Lumbar,sit,-0.012688,1.0126,0.162016,1.12,-2.8,0.35,-61
1787062498804,304840,Lumbar,sit,-0.01464,1.01016,0.16348,0.77,-2.45,0.42,-61
1787062498804,304857,Lumbar,sit,-0.015616,1.007232,0.159088,1.12,-2.17,0.35,-61
1787062498804,304874,Lumbar,sit,-0.016104,1.006744,0.156648,1.61,-2.24,0.35,-61
1787062499216,305103,Lumbar,sit,-0.005856,1.014552,0.162504,1.4,-1.89,0.56,-60
1787062499216,305135,Lumbar,sit,-0.010248,1.00772,0.160552,0.84,-1.82,0.42,-60
1787062499216,305152,Lumbar,sit,-0.013664,1.005768,0.15616,0.84,-1.89,0.63,-60
1787062499216,305170,Lumbar,sit,-0.015128,1.005768,0.156648,1.05,-2.1,0.84,-60
1787062499216,305187,Lumbar,sit,-0.016104,1.006256,0.162992,1.33,-1.89,0.91,-60
1787062499216,305204,Lumbar,sit,-0.015616,1.00772,0.164456,1.33,-1.61,0.91,-60
1787062499216,305235,Lumbar,sit,-0.014152,1.004792,0.166896,1.05,0.07,1.19,-60
1787062499216,305252,Lumbar,sit,-0.014152,1.00528,0.164456,0.77,0.49,1.54,-60
1787062499216,305269,Lumbar,sit,-0.017568,1.002352,0.16104,0.84,0.49,1.61,-60
1787062499216,305286,Lumbar,sit,-0.018056,1.007232,0.158112,1.47,0.21,1.61,-60
1787062499576,305461,Lumbar,sit,-0.014152,1.0126,0.157624,0.84,-1.68,0.98,-60
1787062499576,305492,Lumbar,sit,-0.009272,1.007232,0.165432,1.19,-2.03,1.05,-60
1787062499576,305509,Lumbar,sit,-0.005856,1.008208,0.171776,1.61,-2.31,0.98,-60
1787062499576,305526,Lumbar,sit,-0.00488,1.01016,0.1708,1.82,-2.1,0.91,-60
1787062499576,305543,Lumbar,sit,-0.00244,1.0126,0.162016,2.31,-2.03,0.84,-60
1787062499576,305574,Lumbar,sit,-0.000488,1.014064,0.14884,0.91,-1.19,0.49,-60
1787062499576,305591,Lumbar,sit,-0.00732,1.002352,0.147864,0.84,-1.19,0.42,-60
1787062499576,305608,Lumbar,sit,-0.010248,0.998448,0.154696,1.4,-1.54,0.7,-60
1787062499576,305625,Lumbar,sit,-0.011224,1.005768,0.158112,2.24,-1.61,1.05,-60
1787062499576,305642,Lumbar,sit,-0.01464,1.015528,0.155672,1.82,-1.47,1.12,-60
1787062499932,305817,Lumbar,sit,0,1.00772,0.154696,1.61,-1.54,0.21,-60
1787062499932,305848,Lumbar,sit,-0.004392,1.008696,0.154696,1.61,-1.54,0.21,-60
1787062499932,305866,Lumbar,sit,-0.009272,1.008208,0.155184,1.47,-1.61,0,-60
1787062499932,305882,Lumbar,sit,-0.007808,1.006256,0.154696,1.68,-1.75,-0.07,-60
1787062499932,305899,Lumbar,sit,-0.007808,1.006256,0.158112,1.96,-1.75,0.14,-60
1787062499932,305930,Lumbar,sit,-0.011224,1.012112,0.15372,1.89,-1.47,0.21,-60
1787062499932,305947,Lumbar,sit,-0.009272,1.009672,0.150792,1.33,-1.54,-0.14,-60
1787062499932,305964,Lumbar,sit,-0.008784,1.008696,0.15128,1.4,-1.68,-0.35,-60
1787062499932,305981,Lumbar,sit,-0.010248,1.006744,0.152744,1.61,-2.1,-0.28,-60
1787062499932,305998,Lumbar,sit,-0.008784,1.006744,0.154696,1.75,-2.38,-0.14,-60
1787062500288,306174,Lumbar,sit,-0.014152,1.009184,0.1464,1.54,-3.15,0.7,-64
1787062500288,306206,Lumbar,sit,-0.008784,1.009184,0.153232,1.61,-3.15,0.49,-64
1787062500288,306222,Lumbar,sit,-0.00488,1.01504,0.156648,1.96,-3.08,0.35,-64
1787062500288,306240,Lumbar,sit,-0.001952,1.014064,0.155184,1.75,-2.8,0.14,-64
1787062500288,306257,Lumbar,sit,-0.005856,1.011624,0.15128,1.47,-2.59,0.21,-64
1787062500288,306288,Lumbar,sit,-0.01464,1.00772,0.154696,1.05,-2.73,0.21,-64
1787062500288,306305,Lumbar,sit,-0.018544,1.006744,0.158112,0.77,-2.8,0.07,-64
1787062500288,306322,Lumbar,sit,-0.01708,1.008208,0.158112,1.26,-3.01,0.07,-64
1787062500288,306339,Lumbar,sit,-0.013664,1.008696,0.157624,1.68,-3.22,0.07,-64
1787062500288,306357,Lumbar,sit,-0.008296,1.009184,0.1586,1.75,-3.29,0.49,-64
1787062500646,306532,Lumbar,sit,-0.011712,1.004304,0.157136,1.26,-2.8,-0.21,-64
1787062500646,306563,Lumbar,sit,-0.006832,1.006256,0.161528,2.17,-3.15,0.35,-64
1787062500646,306580,Lumbar,sit,-0.005368,1.010648,0.159088,1.75,-2.94,0.42,-64
1787062500646,306597,Lumbar,sit,-0.010736,1.011624,0.157624,1.54,-2.8,0.14,-64
1787062500646,306614,Lumbar,sit,-0.011712,1.011624,0.15616,1.54,-2.87,-0.07,-64
1787062500646,306645,Lumbar,sit,-0.015128,1.009672,0.15616,1.33,-2.8,0,-64
1787062500646,306662,Lumbar,sit,-0.013664,1.00528,0.156648,1.26,-2.87,0.14,-64
1787062500646,306679,Lumbar,sit,-0.011712,1.004304,0.157624,1.33,-2.66,0.14,-64
1787062500646,306696,Lumbar,sit,-0.0122,1.006256,0.157136,1.54,-2.31,0.21,-64
1787062500646,306713,Lumbar,sit,-0.015128,1.009672,0.157136,1.68,-2.31,0,-64
1787062501003,306888,Lumbar,sit,-0.012688,1.012112,0.161528,1.26,-2.38,0.28,-64
1787062501003,306920,Lumbar,sit,-0.013664,1.007232,0.1586,1.82,-2.31,0.21,-64
1787062501003,306937,Lumbar,sit,-0.015128,1.009184,0.155672,1.89,-2.31,0.28,-64
1787062501003,306955,Lumbar,sit,-0.01464,1.009184,0.157624,1.75,-2.45,0.28,-64
1787062501003,306971,Lumbar,sit,-0.013176,1.009184,0.158112,1.75,-2.45,0.42,-64
1787062501003,306988,Lumbar,sit,-0.010248,1.007232,0.156648,1.4,-2.17,0.35,-64
1787062501003,307019,Lumbar,sit,-0.007808,1.005768,0.158112,1.4,-1.89,0.42,-64
1787062501003,307036,Lumbar,sit,-0.007808,1.010648,0.161528,1.54,-1.96,0.49,-64
1787062501003,307053,Lumbar,sit,-0.010736,1.012112,0.162504,1.26,-2.24,0.49,-64
1787062501003,307070,Lumbar,sit,-0.013664,1.011624,0.158112,1.19,-2.1,0.49,-64
1787062501361,307245,Lumbar,sit,-0.007808,1.009672,0.1586,-0.21,-3.64,0.63,-64
1787062501361,307276,Lumbar,sit,-0.013176,1.018944,0.160064,-0.91,-4.06,0.98,-64
1787062501361,307293,Lumbar,sit,-0.006832,1.02236,0.156648,-2.1,-4.55,0.42,-64
1787062501361,307311,Lumbar,sit,0.000488,1.014552,0.160064,-4.06,-4.69,0.14,-64
1787062501361,307328,Lumbar,sit,-0.008296,1.001864,0.169824,-3.78,-4.83,-0.49,-64
1787062501361,307359,Lumbar,sit,-0.022936,0.992104,0.177144,-0.14,-3.57,0.21,-64
1787062501361,307376,Lumbar,sit,-0.023912,1.002352,0.169824,0.07,-2.38,0.35,-64
1787062501361,307393,Lumbar,sit,-0.014152,1.004792,0.162504,-1.75,-1.26,-0.42,-64
1787062501361,307410,Lumbar,sit,-0.008784,1.010648,0.164456,-0.49,-1.12,-0.91,-64
1787062501361,307427,Lumbar,sit,-0.003904,1.01748,0.166896,0,-1.4,-0.98,-64
1787062501719,307604,Lumbar,sit,-0.011712,1.0004,0.184464,0.49,-3.36,-0.07,-57
1787062501719,307636,Lumbar,sit,-0.009272,1.004304,0.179584,1.61,-2.45,0.21,-57
1787062501719,307653,Lumbar,sit,-0.0122,1.005768,0.177632,1.05,-2.31,0,-57
1787062501719,307670,Lumbar,sit,-0.020984,1.004304,0.176168,0.84,-2.24,0,-57
1787062501719,307687,Lumbar,sit,-0.023424,1.0004,0.17812,1.19,-2.24,0,-57
1787062501719,307718,Lumbar,sit,-0.019032,1.006256,0.180072,2.59,-1.61,0.56,-57
1787062501719,307735,Lumbar,sit,-0.017568,1.00772,0.172264,2.24,-1.12,0.91,-57
1787062501719,307752,Lumbar,sit,-0.017568,1.009672,0.165432,1.19,-1.12,0.84,-57
1787062501719,307769,Lumbar,sit,-0.018056,1.005768,0.169824,0.77,-1.82,0.84,-57
1787062501719,307786,Lumbar,sit,-0.017568,1.003328,0.176656,1.33,-2.24,0.77,-57
1787062502083,307961,Lumbar,sit,-0.015128,1.01016,0.1708,0.91,-2.24,0.14,-57
1787062502083,307992,Lumbar,sit,-0.013176,1.00284,0.176168,1.47,-2.24,0.28,-57
1787062502083,308009,Lumbar,sit,-0.013664,1.00528,0.17568,1.68,-1.82,0.28,-57
1787062502083,308026,Lumbar,sit,-0.018544,1.003816,0.177632,1.61,-1.89,0.14,-57
1787062502083,308042,Lumbar,sit,-0.025864,1.00284,0.180072,2.03,-2.24,0.21,-57
1787062502083,308073,Lumbar,sit,-0.025376,1.008696,0.177632,2.38,-2.45,0.7,-57
1787062502083,308090,Lumbar,sit,-0.01952,1.009184,0.175192,1.82,-2.31,0.84,-57
1787062502083,308107,Lumbar,sit,-0.018544,1.008208,0.174704,1.82,-2.45,0.77,-57
1787062502083,308124,Lumbar,sit,-0.013176,1.01016,0.174216,1.89,-2.59,0.42,-57
1787062502083,308141,Lumbar,sit,-0.010736,1.006256,0.17568,1.75,-2.8,0.42,-57
1787062502433,308316,Lumbar,sit,-0.010736,1.003816,0.182512,1.19,-2.59,0.21,-57
1787062502433,308347,Lumbar,sit,-0.016592,1.003328,0.17568,1.4,-2.45,0.42,-57
1787062502433,308364,Lumbar,sit,-0.020008,1.004792,0.174216,1.82,-2.66,0.42,-57
1787062502433,308381,Lumbar,sit,-0.020496,1.003816,0.175192,2.03,-2.73,0.56,-57
1787062502433,308398,Lumbar,sit,-0.018544,1.00772,0.174216,2.1,-2.73,0.63,-57
1787062502433,308429,Lumbar,sit,-0.018056,1.009184,0.169824,1.96,-2.59,0.7,-57
1787062502433,308446,Lumbar,sit,-0.016592,1.01016,0.170312,1.82,-2.8,0.63,-57
1787062502433,308463,Lumbar,sit,-0.01464,1.009672,0.172752,1.75,-2.94,0.63,-57
1787062502433,308480,Lumbar,sit,-0.011712,1.006744,0.17568,1.33,-2.66,0.42,-57
1787062502433,308497,Lumbar,sit,-0.009272,1.006256,0.171288,0.56,-1.47,0.14,-57
1787062502789,308673,Lumbar,sit,-0.014152,1.00772,0.172264,0.91,-2.38,0.28,-58
1787062502789,308705,Lumbar,sit,-0.013176,1.003328,0.177144,1.96,-2.24,-0.07,-58
1787062502789,308722,Lumbar,sit,-0.013176,1.004792,0.17568,1.82,-2.17,0,-58
1787062502789,308739,Lumbar,sit,-0.011224,1.005768,0.17568,1.68,-2.1,0.14,-58
1787062502789,308756,Lumbar,sit,-0.012688,1.008696,0.178608,1.54,-2.1,0.21,-58
1787062502789,308787,Lumbar,sit,-0.020008,1.007232,0.178608,1.26,-2.03,0.28,-58
1787062502789,308804,Lumbar,sit,-0.018544,1.004792,0.174216,1.33,-1.96,0.21,-58
1787062502789,308821,Lumbar,sit,-0.01464,1.003816,0.17324,1.89,-2.1,0.28,-58
1787062502789,308838,Lumbar,sit,-0.012688,1.006256,0.172264,2.17,-2.17,0.35,-58
1787062502789,308855,Lumbar,sit,-0.012688,1.01016,0.17324,1.54,-2.24,0.42,-58
1787062503148,309030,Lumbar,sit,-0.01708,0.999424,0.17568,1.68,-2.1,0.7,-58
1787062503148,309061,Lumbar,sit,-0.01708,1.006744,0.178608,2.66,-2.17,1.12,-58
1787062503148,309079,Lumbar,sit,-0.01708,1.015528,0.178608,2.24,-2.17,1.12,-58
1787062503148,309096,Lumbar,sit,-0.015128,1.012112,0.17568,1.4,-2.17,0.98,-58
1787062503148,309113,Lumbar,sit,-0.012688,1.003328,0.177144,1.68,-2.73,0.77,-58
1787062503148,309130,Lumbar,sit,-0.007808,1.003816,0.18056,2.45,-2.94,0.98,-58
1787062503148,309161,Lumbar,sit,-0.004392,1.00772,0.17568,1.82,-2.38,1.19,-58
1787062503148,309178,Lumbar,sit,-0.00976,1.009672,0.174704,1.47,-1.96,0.84,-58
1787062503148,309195,Lumbar,sit,-0.016104,1.007232,0.174704,1.26,-1.96,0.63,-58
1787062503148,309212,Lumbar,sit,-0.015616,1.007232,0.174216,1.33,-2.1,0.7,-58
1787062503505,309387,Lumbar,sit,-0.018544,1.004304,0.182024,1.05,-1.96,0.14,-58
1787062503505,309419,Lumbar,sit,-0.0122,1.003816,0.177144,2.24,-1.96,0.49,-58
1787062503505,309436,Lumbar,sit,-0.010736,1.008696,0.1708,2.31,-1.82,0.49,-58
1787062503505,309454,Lumbar,sit,-0.011224,1.014552,0.171288,1.75,-1.82,0.35,-58
1787062503505,309471,Lumbar,sit,-0.015128,1.011624,0.176168,1.47,-2.03,0.28,-58
1787062503505,309488,Lumbar,sit,-0.01464,1.004792,0.177144,1.4,-1.96,0.35,-58
1787062503505,309519,Lumbar,sit,-0.0122,1.004304,0.174704,2.03,-1.96,0.49,-58
1787062503505,309536,Lumbar,sit,-0.01464,1.005768,0.175192,1.75,-2.1,0.42,-58
1787062503505,309553,Lumbar,sit,-0.015616,1.00528,0.176656,1.61,-2.17,0.56,-58
1787062503505,309570,Lumbar,sit,-0.016104,1.00528,0.181048,1.75,-2.17,0.7,-58
1787062503860,309745,Lumbar,sit,-0.01708,1.008208,0.17324,1.19,-1.19,0.49,-58
1787062503860,309776,Lumbar,sit,-0.023424,1.0004,0.180072,1.26,-2.73,0.7,-58
1787062503860,309793,Lumbar,sit,-0.020008,1.0004,0.185928,1.75,-2.59,0.98,-58
1787062503860,309810,Lumbar,sit,-0.011712,1.005768,0.183488,1.96,-1.96,0.84,-58
1787062503860,309827,Lumbar,sit,-0.008296,1.006744,0.183,1.82,-1.26,0.7,-58
1787062503860,309858,Lumbar,sit,-0.015128,1.009672,0.173728,2.24,-1.82,0.84,-58
1787062503860,309875,Lumbar,sit,-0.014152,1.009184,0.169824,2.1,-1.96,0.77,-58
1787062503860,309892,Lumbar,sit,-0.011224,1.001376,0.1708,1.82,-1.89,0.7,-58
1787062503860,309909,Lumbar,sit,-0.009272,0.99064,0.178608,2.8,-1.61,0.49,-58
1787062503860,309926,Lumbar,sit,-0.011712,0.999424,0.180072,3.99,-1.33,0.49,-58
1787062504218,310101,Lumbar,sit,-0.018544,1.001376,0.177144,2.94,-1.33,0.49,-56
1787062504218,310133,Lumbar,sit,-0.021472,1.002352,0.182512,3.01,0.14,0.14,-56
1787062504218,310149,Lumbar,sit,-0.020496,1.001376,0.180072,4.06,-0.49,0,-56
1787062504218,310166,Lumbar,sit,-0.022936,1.002352,0.176168,3.92,-0.77,0.21,-56
1787062504218,310183,Lumbar,sit,-0.020496,1.00284,0.172264,3.64,-1.4,0.14,-56
1787062504218,310214,Lumbar,sit,-0.013176,1.020896,0.16348,1.4,-1.75,-0.49,-56
1787062504218,310231,Lumbar,sit,-0.013664,1.023336,0.162504,0.56,-1.89,-0.63,-56
1787062504218,310248,Lumbar,sit,-0.015128,1.012112,0.169824,0,-2.38,-0.63,-56
1787062504218,310265,Lumbar,sit,-0.015616,1.00284,0.172264,0.21,-2.66,-0.49,-56
1787062504218,310282,Lumbar,sit,-0.017568,0.993568,0.17568,0.84,-2.59,-0.28,-56
1787062504574,310457,Lumbar,sit,-0.01464,1.01016,0.174704,1.26,-2.94,1.19,-63
1787062504574,310488,Lumbar,sit,-0.013664,1.006256,0.172264,1.33,-2.94,1.19,-63
1787062504574,310505,Lumbar,sit,-0.00732,1.004792,0.169336,1.05,-2.8,1.05,-63
1787062504574,310522,Lumbar,sit,-0.009272,1.004304,0.172752,1.19,-2.8,1.19,-63
1787062504574,310539,Lumbar,sit,-0.012688,1.010648,0.172264,0.84,-2.03,1.4,-63
1787062504574,310570,Lumbar,sit,-0.01464,1.01016,0.174704,0.21,-2.03,0.84,-63
1787062504574,310587,Lumbar,sit,-0.013176,1.00528,0.175192,0,-1.96,0.77,-63
1787062504574,310604,Lumbar,sit,-0.011712,1.0004,0.177632,0.56,-1.82,0.63,-63
1787062504574,310621,Lumbar,sit,-0.013176,0.998936,0.177144,1.4,-2.45,0.63,-63
1787062504574,310638,Lumbar,sit,-0.013664,1.0004,0.172752,1.47,-2.66,0.77,-63
1787062504931,310813,Lumbar,sit,-0.015128,1.005768,0.176168,1.54,-1.68,0.56,-63
1787062504931,310844,Lumbar,sit,-0.011224,1.004792,0.17568,2.38,-1.47,0.49,-63
1787062504931,310861,Lumbar,sit,-0.010248,1.005768,0.176168,2.45,-1.68,0.56,-63
1787062504931,310879,Lumbar,sit,-0.011224,1.006256,0.177632,1.89,-1.75,0.49,-63
1787062504931,310896,Lumbar,sit,-0.015128,1.006256,0.178608,1.89,-1.68,0.28,-63
1787062504931,310927,Lumbar,sit,-0.01952,1.00528,0.17568,2.59,-1.33,0.49,-63
1787062504931,310944,Lumbar,sit,-0.017568,1.00772,0.174704,2.52,-1.26,0.7,-63
1787062504931,310961,Lumbar,sit,-0.016592,1.00772,0.173728,2.31,-1.4,0.56,-63
1787062504931,310978,Lumbar,sit,-0.014152,1.009184,0.171288,2.1,-1.54,0.56,-63
1787062504931,310995,Lumbar,sit,-0.013176,1.006744,0.171288,1.89,-1.68,0.35,-63
1787062505287,311170,Lumbar,sit,-0.015616,1.007232,0.172264,2.17,0.28,1.47,-63
1787062505287,311200,Lumbar,sit,-0.013664,1.009184,0.167384,1.54,-0.56,1.54,-63
1787062505287,311218,Lumbar,sit,-0.0122,1.006256,0.167384,2.31,-0.77,1.33,-63
1787062505287,311234,Lumbar,sit,-0.008784,1.009184,0.16592,2.45,-0.63,1.12,-63
1787062505287,311251,Lumbar,sit,-0.008296,1.014552,0.161528,2.31,-1.05,0.98,-63
1787062505287,311282,Lumbar,sit,-0.013176,1.013088,0.167872,1.61,-2.31,0.77,-63
1787062505287,311299,Lumbar,sit,-0.016592,1.003328,0.170312,1.12,-2.24,0.77,-63
1787062505287,311316,Lumbar,sit,-0.017568,0.996008,0.173728,1.54,-2.1,1.05,-63
1787062505287,311333,Lumbar,sit,-0.018544,0.99796,0.177144,2.38,-1.89,1.19,-63
1787062505287,311350,Lumbar,sit,-0.015128,1.001864,0.17812,3.01,-2.1,1.19,-63
1787062505645,311526,Lumbar,sit,-0.011224,1.006744,0.174216,2.24,-2.38,0.56,-62
1787062505645,311557,Lumbar,sit,-0.011712,1.00772,0.169336,1.68,-2.17,0.49,-62
1787062505645,311574,Lumbar,sit,-0.011712,1.00528,0.169336,1.61,-2.1,0.49,-62
1787062505645,311591,Lumbar,sit,-0.010736,1.003816,0.169824,1.75,-1.82,0.28,-62
1787062505645,311608,Lumbar,sit,-0.010248,1.004792,0.169336,2.17,-1.82,0.14,-62
1787062505645,311639,Lumbar,sit,-0.013664,1.008208,0.167384,1.82,-2.45,0.14,-62
1787062505645,311656,Lumbar,sit,-0.011224,1.00772,0.170312,1.47,-2.66,0.14,-62
1787062505645,311673,Lumbar,sit,-0.012688,1.007232,0.172264,1.4,-1.61,0.21,-62
1787062505645,311690,Lumbar,sit,-0.0122,1.004304,0.174216,2.03,-1.26,-0.07,-62
1787062505645,311707,Lumbar,sit,-0.011712,1.00528,0.172264,2.31,-1.05,0.07,-62
1787062506006,311882,Lumbar,sit,-0.005368,1.012112,0.165432,2.52,-2.87,0.7,-62
1787062506006,311914,Lumbar,sit,-0.010248,1.00772,0.167384,1.61,-3.15,0.28,-62
1787062506006,311931,Lumbar,sit,-0.013176,1.00528,0.1708,2.31,-3.08,0.28,-62
1787062506006,311949,Lumbar,sit,-0.014152,1.010648,0.173728,3.01,-2.87,0.28,-62
1787062506006,311966,Lumbar,sit,-0.014152,1.016016,0.167872,2.52,-3.01,0.35,-62
1787062506006,311983,Lumbar,sit,-0.014152,1.015528,0.161528,1.89,-3.57,0.21,-62
1787062506006,312014,Lumbar,sit,-0.014152,1.013088,0.163968,1.54,-4.06,-0.14,-62
1787062506006,312031,Lumbar,sit,-0.011224,1.020408,0.162504,1.75,-4.97,-0.56,-62
1787062506006,312048,Lumbar,sit,-0.005856,1.027728,0.157136,1.33,-7.28,-0.84,-62
1787062506006,312065,Lumbar,sit,-0.003904,1.039928,0.152256,0.07,-8.54,-0.98,-62
1787062506363,312241,Lumbar,sit,-0.030744,1.012112,0.182024,0.49,-2.31,-0.35,-62
1787062506363,312272,Lumbar,sit,-0.020984,1.0004,0.190808,0.42,-0.84,0.14,-62
1787062506363,312289,Lumbar,sit,-0.018056,1.008208,0.196176,1.96,-0.14,0.07,-62
1787062506363,312307,Lumbar,sit,-0.01464,1.021384,0.194712,2.66,-1.4,-0.63,-62
1787062506363,312324,Lumbar,sit,-0.017568,1.021872,0.1708,0.77,-2.94,-0.49,-62
1787062506363,312341,Lumbar,sit,-0.020008,1.01748,0.160552,-0.07,-4.55,-0.84,-62
1787062506363,312372,Lumbar,sit,-0.020496,1.013576,0.167872,-1.89,-5.32,-1.75,-62
1787062506363,312389,Lumbar,sit,-0.019032,0.881816,0.18544,-3.01,-5.04,-1.4,-62
1787062506363,312406,Lumbar,sit,-0.016592,0.98576,0.194712,-3.08,-3.71,-0.42,-62
1787062506363,312423,Lumbar,sit,-0.01952,0.970144,0.205448,-0.91,-2.1,0,-62
1787062506719,312600,Lumbar,sit,-0.020984,1.003816,0.183,3.78,0.42,2.94,-62
1787062506719,312632,Lumbar,sit,-0.013176,1.004304,0.185928,5.39,-0.07,2.38,-62
1787062506719,312649,Lumbar,sit,-0.0122,1.005768,0.189832,6.09,0.21,1.96,-62
1787062506719,312666,Lumbar,sit,-0.015616,1.005768,0.193736,5.95,0.42,2.03,-62
1787062506719,312683,Lumbar,sit,-0.018056,1.00528,0.190808,4.9,1.4,2.66,-62
1787062506719,312714,Lumbar,sit,-0.019032,1.006744,0.162504,3.92,1.96,2.59,-62
1787062506719,312731,Lumbar,sit,-0.012688,1.01992,0.1586,3.29,1.89,2.24,-62
1787062506719,312748,Lumbar,sit,-0.009272,1.021872,0.166408,2.24,1.82,1.82,-62
1787062506719,312765,Lumbar,sit,-0.005856,1.016016,0.1708,2.1,1.75,1.75,-62
1787062506719,312782,Lumbar,sit,-0.004392,1.008208,0.179584,2.17,1.75,1.82,-62
1787062507076,312956,Lumbar,sit,-0.00976,1.00284,0.174216,1.61,-1.47,0.63,-61
1787062507076,312987,Lumbar,sit,-0.0122,1.006744,0.166408,1.47,-1.96,0.7,-61
1787062507076,313004,Lumbar,sit,-0.0122,1.003816,0.167384,1.54,-2.45,0.77,-61
1787062507076,313022,Lumbar,sit,-0.010248,1.004304,0.168848,1.82,-2.45,0.84,-61
1787062507076,313039,Lumbar,sit,-0.011712,0.999424,0.1708,2.1,-2.24,0.77,-61
1787062507076,313070,Lumbar,sit,-0.00732,1.00284,0.171776,3.5,-1.47,0.56,-61
1787062507076,313087,Lumbar,sit,-0.008296,1.009184,0.1708,3.29,-1.61,0.63,-61
1787062507076,313104,Lumbar,sit,-0.011224,1.01016,0.166896,2.59,-1.96,0.63,-61
1787062507076,313121,Lumbar,sit,-0.014152,1.006744,0.163968,2.31,-2.24,0.56,-61
1787062507076,313138,Lumbar,sit,-0.013176,1.006256,0.162016,2.87,-2.73,0.42,-61
1787062507437,313313,Lumbar,sit,-0.0122,1.009184,0.169336,1.82,-3.36,-0.14,-61
1787062507437,313344,Lumbar,sit,-0.00976,1.01504,0.168848,1.47,-3.36,-0.28,-61
1787062507437,313361,Lumbar,sit,-0.010736,1.01504,0.162504,1.12,-3.57,-0.49,-61
1787062507437,313378,Lumbar,sit,-0.008784,1.020408,0.151768,0.28,-3.78,-0.77,-61
1787062507437,313395,Lumbar,sit,-0.004392,1.02724,0.157136,0.84,-5.11,-1.89,-61
1787062507437,313426,Lumbar,sit,-0.011224,1.048712,0.145912,-0.98,-9.31,-2.38,-61
1787062507437,313443,Lumbar,sit,-0.018544,1.040904,0.137128,-5.88,-11.34,-2.94,-61
1787062507437,313460,Lumbar,sit,-0.019032,0.994544,0.164944,-8.89,-9.17,-2.87,-61
1787062507437,313478,Lumbar,sit,-0.015128,0.955504,0.20008,-6.02,-4.97,-2.59,-61
1787062507437,313495,Lumbar,sit,-0.014152,0.961848,0.203496,-0.42,-3.92,-2.03,-61
1787062507795,313674,Lumbar,sit,-0.035136,0.973072,0.20008,-1.12,-2.38,-0.98,-61
1787062507795,313705,Lumbar,sit,-0.026352,0.989176,0.207888,-0.7,-0.77,0.42,-61
1787062507795,313722,Lumbar,sit,-0.024888,0.993568,0.208376,-0.98,1.26,0.42,-61
1787062507795,313739,Lumbar,sit,-0.023912,0.992592,0.208864,-0.35,2.17,-0.21,-61
1787062507795,313756,Lumbar,sit,-0.02196,0.991128,0.203984,2.45,2.94,-0.42,-61
1787062507795,313787,Lumbar,sit,-0.0244,1.0126,0.179096,2.24,-1.89,0.98,-61
1787062507795,313804,Lumbar,sit,-0.027328,1.009672,0.183976,-0.56,-1.96,1.19,-61
1787062507795,313821,Lumbar,sit,-0.026352,0.991128,0.205936,-0.21,0,0.98,-61
1787062507795,313838,Lumbar,sit,-0.022936,0.978928,0.214232,2.31,2.24,1.12,-61
1787062507795,313855,Lumbar,sit,-0.018056,0.98088,0.20252,4.69,2.94,1.96,-61
1787062508153,314030,Lumbar,sit,-0.02196,1.00528,0.156648,2.59,-8.68,-0.77,-57
1787062508153,314062,Lumbar,sit,-0.021472,0.994056,0.186416,3.57,-7.84,-0.7,-57
1787062508153,314079,Lumbar,sit,-0.016592,0.996496,0.195688,3.57,-6.3,-0.56,-57
1787062508153,314097,Lumbar,sit,-0.011224,1.008696,0.193248,2.73,-4.69,0.21,-57
1787062508153,314114,Lumbar,sit,-0.011224,1.0126,0.186904,1.26,-5.11,0.63,-57
1787062508153,314132,Lumbar,sit,-0.019032,1.005768,0.184464,0.49,-4.9,0,-57
1787062508153,314162,Lumbar,sit,-0.025864,0.997472,0.183,1.68,-4.27,-0.98,-57
1787062508153,314179,Lumbar,sit,-0.0244,0.998936,0.188368,1.05,-3.29,-0.56,-57
1787062508153,314196,Lumbar,sit,-0.02196,1.003816,0.194712,0.35,-2.38,-0.07,-57
1787062508153,314213,Lumbar,sit,-0.022448,1.00772,0.203008,0.28,-1.89,0.14,-57
1787062508509,314388,Lumbar,sit,-0.02928,0.999424,0.184464,1.19,-2.94,0.07,-57
1787062508509,314419,Lumbar,sit,-0.026352,0.997472,0.194224,1.47,-2.38,0.28,-57
1787062508509,314436,Lumbar,sit,-0.020984,0.998448,0.19032,1.68,-2.24,0.49,-57
1787062508509,314453,Lumbar,sit,-0.02196,1.001864,0.187392,1.89,-2.8,0.84,-57
1787062508509,314470,Lumbar,sit,-0.024888,1.003328,0.191784,1.33,-2.1,0.7,-57
1787062508509,314501,Lumbar,sit,-0.026352,1.003328,0.194712,1.82,-1.26,0.35,-57
1787062508509,314518,Lumbar,sit,-0.02196,1.003328,0.19276,2.17,-1.82,0.7,-57
1787062508509,314535,Lumbar,sit,-0.02196,1.006744,0.191296,1.75,-2.17,0.98,-57
1787062508509,314552,Lumbar,sit,-0.02196,1.005768,0.191296,1.4,-1.61,0.84,-57
1787062508509,314569,Lumbar,sit,-0.025376,1.002352,0.19276,1.33,-1.33,0.63,-57
1787062508865,314744,Lumbar,sit,-0.02928,1.004304,0.196176,4.9,4.76,3.22,-57
1787062508865,314775,Lumbar,sit,-0.023424,1.003328,0.185928,4.55,3.57,3.43,-57
1787062508865,314792,Lumbar,sit,-0.02196,1.003328,0.185928,4.41,3.08,3.64,-57
1787062508865,314809,Lumbar,sit,-0.020984,1.004304,0.18788,5.04,2.24,3.78,-57
1787062508865,314826,Lumbar,sit,-0.017568,1.011136,0.185928,5.25,1.68,3.85,-57
1787062508865,314857,Lumbar,sit,-0.015128,1.016992,0.163968,4.06,-0.98,3.08,-57
1787062508865,314874,Lumbar,sit,-0.015616,1.01748,0.162504,3.78,-1.82,2.59,-57
1787062508865,314891,Lumbar,sit,-0.018056,1.016992,0.169336,3.15,-1.96,2.31,-57
1787062508865,314908,Lumbar,sit,-0.018056,1.009184,0.178608,2.87,-2.17,2.1,-57
1787062508865,314925,Lumbar,sit,-0.013176,1.000888,0.183,2.8,-2.17,2.03,-57
1787062509222,315100,Lumbar,sit,-0.00976,1.00284,0.182024,3.01,-2.8,0.63,-57
1787062509222,315131,Lumbar,sit,-0.011224,1.001376,0.177632,3.85,-0.98,0.42,-57
1787062509222,315148,Lumbar,sit,-0.010248,1.003328,0.17568,4.2,-1.12,0.35,-57
1787062509222,315165,Lumbar,sit,-0.0122,1.0126,0.168848,3.92,-1.12,0.49,-57
1787062509222,315182,Lumbar,sit,-0.011224,1.016504,0.164944,2.8,-1.26,0.77,-57
1787062509222,315213,Lumbar,sit,-0.011712,1.007232,0.162016,1.4,-1.82,0.63,-57
1787062509222,315230,Lumbar,sit,-0.008296,1.006744,0.168848,1.89,-2.8,0.21,-57
1787062509222,315246,Lumbar,sit,-0.009272,1.0126,0.16836,2.03,-1.75,0.07,-57
1787062509222,315263,Lumbar,sit,-0.012688,1.010648,0.16592,1.26,-1.75,-0.07,-57
1787062509222,315280,Lumbar,sit,-0.013176,1.006744,0.166896,1.12,-1.96,0.14,-57
1787062509578,315455,Lumbar,sit,-0.015128,1.004792,0.174216,1.75,-2.24,0.14,-59
1787062509578,315487,Lumbar,sit,-0.01464,1.004792,0.176656,2.03,-1.75,0.35,-59
1787062509578,315504,Lumbar,sit,-0.0122,1.006256,0.177632,2.24,-1.54,0.42,-59
1787062509578,315521,Lumbar,sit,-0.0122,1.009184,0.177144,2.38,-1.54,0.56,-59
1787062509578,315538,Lumbar,sit,-0.015128,1.011136,0.174216,1.82,-1.68,0.35,-59
1787062509578,315569,Lumbar,sit,-0.014152,1.00772,0.169336,1.47,-2.31,0.21,-59
1787062509578,315586,Lumbar,sit,-0.013664,1.004792,0.169336,1.61,-2.45,0.28,-59
1787062509578,315603,Lumbar,sit,-0.011712,1.004792,0.172264,1.68,-2.24,0.56,-59
1787062509578,315620,Lumbar,sit,-0.011224,1.00528,0.173728,1.82,-2.24,0.7,-59
1787062509578,315637,Lumbar,sit,-0.011224,1.006744,0.176168,1.89,-2.17,0.77,-59
1787062509936,315812,Lumbar,sit,-0.009272,1.010648,0.174216,1.61,-2.31,0.56,-59
1787062509936,315843,Lumbar,sit,-0.013176,1.00772,0.170312,1.54,-2.31,0.42,-59
1787062509936,315860,Lumbar,sit,-0.012688,1.004304,0.168848,1.47,-2.24,0.56,-59
1787062509936,315877,Lumbar,sit,-0.0122,1.004792,0.166896,1.47,-2.17,0.7,-59
1787062509936,315894,Lumbar,sit,-0.011712,1.00772,0.167872,1.4,-2.1,0.63,-59
1787062509936,315925,Lumbar,sit,-0.01464,1.009672,0.1708,1.12,-2.24,0.49,-59
1787062509936,315942,Lumbar,sit,-0.013176,1.009184,0.1708,1.12,-2.31,0.35,-59
1787062509936,315959,Lumbar,sit,-0.012688,1.007232,0.171288,1.26,-2.31,0.21,-59
1787062509936,315976,Lumbar,sit,-0.00976,1.00772,0.169336,1.33,-2.38,0.07,-59
1787062509936,315993,Lumbar,sit,-0.008296,1.008208,0.167384,1.26,-2.38,-0.07,-59
1787062510296,316169,Lumbar,sit,-0.010736,1.008208,0.172264,0.84,-2.73,-0.7,-59
1787062510296,316201,Lumbar,sit,-0.013664,0.999912,0.178608,1.54,-2.45,-0.28,-59
1787062510296,316218,Lumbar,sit,-0.014152,1.007232,0.177144,1.75,-2.31,-0.14,-59
1787062510296,316235,Lumbar,sit,-0.015128,1.00772,0.174216,0.91,-2.17,-0.21,-59
1787062510296,316252,Lumbar,sit,-0.019032,1.000888,0.169824,0.84,-2.17,-0.21,-59
1787062510296,316269,Lumbar,sit,-0.01952,0.998448,0.173728,1.61,-2.24,-0.14,-59
1787062510296,316300,Lumbar,sit,-0.019032,1.009672,0.176656,2.31,-2.45,-0.56,-59
1787062510296,316317,Lumbar,sit,-0.018056,1.015528,0.17812,1.68,-2.59,-0.7,-59
1787062510296,316334,Lumbar,sit,-0.01708,1.011624,0.178608,1.19,-2.73,-0.63,-59
1787062510296,316351,Lumbar,sit,-0.015616,1.006256,0.174704,1.19,-2.66,-0.49,-59
1787062510654,316528,Lumbar,sit,-0.020984,1.006744,0.17324,1.33,-1.82,0.28,-58
1787062510654,316560,Lumbar,sit,-0.016104,1.009184,0.173728,1.12,-1.82,0.49,-58
1787062510654,316577,Lumbar,sit,-0.0122,1.009184,0.17812,1.33,-1.96,0.56,-58
1787062510654,316595,Lumbar,sit,-0.013664,1.008208,0.178608,1.54,-2.31,0.63,-58
1787062510654,316612,Lumbar,sit,-0.017568,1.005768,0.176656,1.61,-2.45,0.7,-58
1787062510654,316629,Lumbar,sit,-0.020496,1.004304,0.176168,1.61,-2.38,0.77,-58
1787062510654,316660,Lumbar,sit,-0.020496,1.00528,0.173728,1.54,-1.75,0.98,-58
1787062510654,316677,Lumbar,sit,-0.018056,1.008208,0.17568,1.26,-1.54,1.05,-58
1787062510654,316694,Lumbar,sit,-0.016592,1.009184,0.178608,0.84,-1.33,0.98,-58
1787062510654,316711,Lumbar,sit,-0.016592,1.006256,0.181536,0.77,-1.33,0.98,-58
1787062511009,316886,Lumbar,sit,-0.00732,1.004304,0.183976,1.75,-1.33,1.54,-58
1787062511009,316918,Lumbar,sit,-0.011712,1.006744,0.174704,2.24,-0.84,1.54,-58
1787062511009,316935,Lumbar,sit,-0.015616,1.007232,0.174216,2.45,-0.7,1.4,-58
1787062511009,316953,Lumbar,sit,-0.015616,1.008696,0.17568,2.45,-0.84,1.19,-58
1787062511009,316970,Lumbar,sit,-0.0122,1.00772,0.176168,2.31,-1.19,1.12,-58
1787062511009,316987,Lumbar,sit,-0.008784,1.004792,0.177144,2.31,-1.68,0.91,-58
1787062511009,317018,Lumbar,sit,-0.007808,1.003816,0.177632,2.59,-1.96,0.7,-58
1787062511009,317035,Lumbar,sit,-0.010736,1.005768,0.171288,2.31,-1.19,0.7,-58
1787062511009,317052,Lumbar,sit,-0.01464,1.00772,0.17324,2.17,-0.98,0.7,-58
1787062511009,317069,Lumbar,sit,-0.014152,1.009672,0.174704,1.96,-0.7,0.63,-58
1787062511377,317243,Lumbar,sit,-0.00976,1.0004,0.1708,1.54,-1.96,0.35,-58
1787062511377,317274,Lumbar,sit,-0.007808,1.006744,0.174216,2.24,-2.17,0.28,-58
1787062511377,317291,Lumbar,sit,-0.012688,1.007232,0.178608,1.89,-2.17,0.14,-58
1787062511377,317308,Lumbar,sit,-0.014152,1.006744,0.17812,1.61,-2.1,0.21,-58
1787062511377,317325,Lumbar,sit,-0.015128,1.00528,0.178608,1.61,-1.75,0.28,-58
1787062511377,317356,Lumbar,sit,-0.013664,1.004792,0.175192,1.89,-1.47,0.42,-58
1787062511377,317373,Lumbar,sit,-0.01464,1.006256,0.169824,2.24,-1.61,0.35,-58
1787062511377,317390,Lumbar,sit,-0.01464,1.007232,0.170312,2.45,-3.08,0.14,-58
1787062511377,317407,Lumbar,sit,-0.012688,1.009184,0.1708,1.96,-2.38,0.35,-58
1787062511377,317424,Lumbar,sit,-0.013664,1.009184,0.169824,1.68,-2.24,0.35,-58
1787062511735,317599,Lumbar,sit,-0.013664,1.013088,0.167384,1.47,-2.03,-0.07,-57
1787062511735,317630,Lumbar,sit,-0.019032,1.006256,0.169824,0.7,-2.31,0.14,-57
1787062511735,317647,Lumbar,sit,-0.023912,1.001864,0.171288,1.19,-2.24,0,-57
1787062511735,317664,Lumbar,sit,-0.024888,1.000888,0.174216,1.75,-2.1,-0.14,-57
1787062511735,317681,Lumbar,sit,-0.0244,1.0004,0.176168,2.03,-2.1,0.07,-57
1787062511735,317711,Lumbar,sit,-0.01952,1.009672,0.181048,2.24,-2.66,0.7,-57
1787062511735,317728,Lumbar,sit,-0.016104,1.014064,0.179584,2.17,-3.01,0.98,-57
1787062511735,317745,Lumbar,sit,-0.013176,1.018944,0.17324,1.82,-3.15,0.84,-57
1787062511735,317762,Lumbar,sit,-0.013176,1.013576,0.169336,1.33,-3.08,0.63,-57
1787062511735,317793,Lumbar,sit,-0.013664,1.0004,0.169336,1.61,-3.08,0.49,-57
1787062512092,317968,Lumbar,sit,-0.013664,1.00528,0.171288,1.12,-3.78,-0.07,-57
1787062512092,317999,Lumbar,sit,-0.017568,1.003816,0.173728,2.03,-3.71,0.21,-57
1787062512092,318016,Lumbar,sit,-0.015128,1.009184,0.172752,1.82,-3.57,0.42,-57
1787062512092,318033,Lumbar,sit,-0.015128,1.010648,0.169336,0.84,-3.08,0.28,-57
1787062512092,318050,Lumbar,sit,-0.015128,1.00772,0.167384,0.49,-2.73,0,-57
1787062512092,318081,Lumbar,sit,-0.013176,1.003816,0.174704,2.52,-2.87,0.07,-57
1787062512092,318098,Lumbar,sit,-0.013664,1.00772,0.174704,2.24,-3.08,0.28,-57
1787062512092,318115,Lumbar,sit,-0.012688,1.011136,0.174704,1.75,-3.08,0.28,-57
1787062512092,318132,Lumbar,sit,-0.015128,1.010648,0.173728,1.05,-2.87,0.14,-57
1787062512092,318149,Lumbar,sit,-0.014152,1.007232,0.174704,0.91,-2.73,-0.07,-57
1787062512452,318325,Lumbar,sit,-0.01708,1.00528,0.174704,0.77,-2.03,0,-57
1787062512452,318357,Lumbar,sit,-0.022448,1.00284,0.17324,1.61,-2.38,0.21,-57
1787062512452,318374,Lumbar,sit,-0.018544,1.00772,0.17324,1.82,-2.24,0.35,-57
1787062512452,318391,Lumbar,sit,-0.018056,1.009184,0.173728,1.75,-2.52,0.21,-57
1787062512452,318408,Lumbar,sit,-0.01708,1.009184,0.17324,1.68,-2.66,0.28,-57
1787062512452,318438,Lumbar,sit,-0.017568,1.004304,0.175192,1.68,-2.66,0.42,-57
1787062512452,318456,Lumbar,sit,-0.018544,1.003816,0.173728,1.89,-2.66,0.56,-57
1787062512452,318473,Lumbar,sit,-0.018056,1.00772,0.171288,1.89,-2.52,0.49,-57
1787062512452,318490,Lumbar,sit,-0.018056,1.008696,0.1708,1.61,-2.45,0.42,-57
1787062512452,318507,Lumbar,sit,-0.018544,1.009184,0.172752,1.33,-2.38,0.35,-57
1787062512808,318683,Lumbar,sit,-0.018544,1.007232,0.175192,1.12,-2.52,0.28,-58
1787062512808,318714,Lumbar,sit,-0.017568,1.001864,0.175192,1.26,-2.17,0.21,-58
1787062512808,318731,Lumbar,sit,-0.01708,1.002352,0.174704,1.61,-1.82,0.28,-58
1787062512808,318748,Lumbar,sit,-0.018056,1.006256,0.174216,1.61,-1.68,0.35,-58
1787062512808,318765,Lumbar,sit,-0.017568,1.006744,0.175192,1.47,-1.54,0.35,-58
1787062512808,318796,Lumbar,sit,-0.016104,1.008696,0.17324,1.61,-1.54,0.7,-58
1787062512808,318813,Lumbar,sit,-0.013664,1.009184,0.174216,0.98,-1.33,0.77,-58
1787062512808,318830,Lumbar,sit,-0.015128,0.998448,0.174216,1.12,-1.82,0.63,-58
1787062512808,318847,Lumbar,sit,-0.020008,0.992592,0.1708,2.24,-1.82,1.05,-58
1787062512808,318864,Lumbar,sit,-0.020984,0.996496,0.171288,2.94,-1.82,1.47,-58
1787062513164,319039,Lumbar,sit,-0.016592,1.003328,0.166408,1.75,-0.77,1.19,-58
1787062513164,319070,Lumbar,sit,-0.01708,1.008696,0.161528,2.31,-1.89,1.33,-58
1787062513164,319087,Lumbar,sit,-0.014152,1.011624,0.164456,2.03,-2.31,1.19,-58
1787062513164,319104,Lumbar,sit,-0.012688,1.008208,0.172264,1.89,-2.1,1.05,-58
1787062513164,319121,Lumbar,sit,-0.015616,1.007232,0.173728,1.82,-1.33,1.05,-58
1787062513164,319152,Lumbar,sit,-0.015128,1.009672,0.174216,1.61,-0.63,1.33,-58
1787062513164,319169,Lumbar,sit,-0.016104,1.009184,0.174704,1.54,-0.98,1.19,-58
1787062513164,319186,Lumbar,sit,-0.018056,1.008696,0.167872,1.12,-0.63,0.98,-58
1787062513164,319203,Lumbar,sit,-0.020008,1.008696,0.16348,1.12,-1.05,0.91,-58
1787062513164,319220,Lumbar,sit,-0.018056,1.009184,0.159576,1.47,-1.47,0.91,-58
1787062513522,319396,Lumbar,sit,-0.014152,1.00528,0.17568,1.61,-2.03,0.77,-58
1787062513522,319427,Lumbar,sit,-0.012688,1.004792,0.175192,1.96,-2.17,0.91,-58
1787062513522,319444,Lumbar,sit,-0.012688,1.006256,0.171776,1.96,-2.1,0.91,-58
1787062513522,319462,Lumbar,sit,-0.012688,1.00528,0.169336,2.17,-2.66,0.56,-58
1787062513522,319479,Lumbar,sit,-0.0122,1.008208,0.171288,2.1,-2.1,0.35,-58
1787062513522,319510,Lumbar,sit,-0.015128,1.006256,0.174704,1.96,-1.75,0.63,-58
1787062513522,319527,Lumbar,sit,-0.013176,1.004304,0.17324,1.82,-1.82,0.77,-58
1787062513522,319544,Lumbar,sit,-0.0122,1.004792,0.174216,2.03,-1.82,0.91,-58
1787062513522,319561,Lumbar,sit,-0.00976,1.006256,0.171776,2.24,-1.82,0.91,-58
1787062513522,319578,Lumbar,sit,-0.0122,1.006256,0.169336,2.31,-1.75,0.77,-58
1787062513877,319751,Lumbar,sit,-0.013664,0.998936,0.165432,2.73,-2.87,0.35,-58
1787062513877,319782,Lumbar,sit,-0.014152,1.018456,0.166896,1.89,-2.1,0.42,-58
1787062513877,319799,Lumbar,sit,-0.014152,1.018944,0.165432,0.56,-1.82,-0.07,-58
1787062513877,319816,Lumbar,sit,-0.014152,1.008208,0.164944,0.49,-1.89,-0.21,-58
1787062513877,319833,Lumbar,sit,-0.0122,1.002352,0.165432,1.19,-2.31,-0.07,-58
1787062513877,319864,Lumbar,sit,-0.012688,1.003816,0.171776,1.47,-2.94,0.28,-58
1787062513877,319881,Lumbar,sit,-0.012688,1.004792,0.176656,1.54,-2.8,0.21,-58
1787062513877,319898,Lumbar,sit,-0.012688,1.00772,0.17568,1.47,-2.38,0.14,-58
1787062513877,319915,Lumbar,sit,-0.0122,1.010648,0.17324,1.33,-1.96,0,-58
1787062513877,319932,Lumbar,sit,-0.013176,1.006744,0.1708,1.33,-1.82,0.07,-58
1787062514234,320108,Lumbar,sit,-0.01708,1.008208,0.16592,1.89,-2.87,0.21,-58
1787062514234,320139,Lumbar,sit,-0.014152,1.007232,0.166896,1.47,-2.52,0.14,-58
1787062514234,320156,Lumbar,sit,-0.015128,1.004304,0.171776,1.68,-2.52,0.21,-58
1787062514234,320173,Lumbar,sit,-0.01952,1.004304,0.17812,2.73,-2.8,0.35,-58
1787062514234,320190,Lumbar,sit,-0.020496,1.00772,0.174216,2.59,-2.66,0.63,-58
1787062514234,320221,Lumbar,sit,-0.01464,1.008696,0.167872,2.17,-2.66,0.42,-58
1787062514234,320238,Lumbar,sit,-0.00976,1.008208,0.166408,2.24,-2.73,0.49,-58
1787062514234,320255,Lumbar,sit,-0.006832,1.011624,0.16348,1.96,-2.52,0.56,-58
1787062514234,320272,Lumbar,sit,-0.005856,1.011624,0.164456,1.47,-2.17,0.35,-58
1787062514234,320289,Lumbar,sit,-0.00488,1.011136,0.164944,1.4,-2.03,0.28,-58
1787062514591,320465,Lumbar,sit,-0.016104,1.004304,0.1708,1.4,-2.87,-0.07,-58
1787062514591,320496,Lumbar,sit,-0.018056,1.006744,0.169336,1.82,-2.52,0.07,-58
1787062514591,320513,Lumbar,sit,-0.020008,1.008696,0.166896,1.61,-2.66,0.14,-58
1787062514591,320531,Lumbar,sit,-0.01952,1.008696,0.16836,1.26,-2.73,0.14,-58
1787062514591,320548,Lumbar,sit,-0.019032,1.006744,0.1708,1.19,-2.94,0.28,-58
1787062514591,320579,Lumbar,sit,-0.013664,1.005768,0.1708,1.33,-2.94,0.28,-58
1787062514591,320596,Lumbar,sit,-0.013176,1.00528,0.171288,1.68,-2.8,0.07,-58
1787062514591,320613,Lumbar,sit,-0.013664,1.00528,0.173728,1.82,-2.59,0.21,-58
1787062514591,320630,Lumbar,sit,-0.012688,1.00772,0.174216,1.75,-2.52,0.35,-58
1787062514591,320647,Lumbar,sit,-0.013664,1.00772,0.17324,1.33,-2.31,0.42,-58
1787062514947,320820,Lumbar,sit,-0.0122,1.00528,0.171776,1.47,-1.89,0.42,-58
1787062514947,320851,Lumbar,sit,-0.011712,1.005768,0.175192,0.98,-1.54,0.42,-58
1787062514947,320869,Lumbar,sit,-0.013664,1.004304,0.176656,1.26,-1.33,0.35,-58
1787062514947,320885,Lumbar,sit,-0.013664,1.004304,0.17568,1.47,-1.33,0.42,-58
1787062514947,320902,Lumbar,sit,-0.013176,1.00528,0.174704,1.96,-1.4,0.49,-58
1787062514947,320933,Lumbar,sit,-0.016592,1.00528,0.171776,1.96,-1.33,0.77,-58
1787062514947,320950,Lumbar,sit,-0.016104,1.005768,0.168848,2.17,-1.33,0.7,-58
1787062514947,320967,Lumbar,sit,-0.01708,1.006744,0.170312,2.31,-1.68,0.56,-58
1787062514947,320984,Lumbar,sit,-0.01708,1.009184,0.174704,2.17,-1.96,0.56,-58
1787062514947,321001,Lumbar,sit,-0.015616,1.00528,0.177632,1.75,-1.82,0.56,-58
1787062515316,321176,Lumbar,sit,-0.01464,1.008208,0.174216,0.91,-1.82,1.47,-58
1787062515316,321208,Lumbar,sit,-0.01708,1.003328,0.166896,1.05,-0.28,1.26,-58
1787062515316,321225,Lumbar,sit,-0.01708,1.00528,0.16592,1.26,-0.28,0.98,-58
1787062515316,321243,Lumbar,sit,-0.017568,1.008208,0.164944,1.33,-0.84,1.05,-58
1787062515316,321260,Lumbar,sit,-0.018056,1.008696,0.164456,1.19,-1.4,0.98,-58
1787062515316,321277,Lumbar,sit,-0.018056,1.008208,0.167872,1.47,-1.96,0.91,-58
1787062515316,321308,Lumbar,sit,-0.01464,1.006744,0.172752,1.68,-2.31,1.05,-58
1787062515316,321325,Lumbar,sit,-0.01464,1.006256,0.173728,1.89,-2.45,1.19,-58
1787062515316,321342,Lumbar,sit,-0.013664,1.008696,0.174704,1.82,-2.17,1.26,-58
1787062515316,321359,Lumbar,sit,-0.011224,1.009184,0.172264,1.4,-1.68,1.12,-58
1787062515660,321534,Lumbar,sit,-0.009272,1.006744,0.174216,1.26,-1.54,0.56,-58
1787062515660,321565,Lumbar,sit,-0.011224,1.004792,0.174216,1.82,-1.4,0.35,-58
1787062515660,321582,Lumbar,sit,-0.013176,1.004792,0.170312,1.89,-1.61,0.42,-58
1787062515660,321599,Lumbar,sit,-0.013176,1.004792,0.168848,1.54,-1.75,0.63,-58
1787062515660,321616,Lumbar,sit,-0.013664,1.007232,0.168848,1.61,-1.82,0.56,-58
1787062515660,321647,Lumbar,sit,-0.01464,1.006744,0.171288,1.68,-1.68,0.21,-58
1787062515660,321664,Lumbar,sit,-0.012688,1.006256,0.174704,2.03,-1.96,0.35,-58
1787062515660,321681,Lumbar,sit,-0.011224,1.008208,0.173728,2.03,-2.1,0.49,-58
1787062515660,321698,Lumbar,sit,-0.0122,1.009184,0.171288,1.82,-2.17,0.28,-58
1787062515660,321715,Lumbar,sit,-0.0122,1.003816,0.17324,1.61,-2.31,0.21,-58
1787062516017,321890,Lumbar,sit,-0.01464,1.00528,0.163968,1.75,-2.24,0.28,-58
1787062516017,321921,Lumbar,sit,-0.0122,1.00772,0.16836,1.82,-1.89,0,-58
1787062516017,321939,Lumbar,sit,-0.011712,1.005768,0.169824,1.82,-1.82,0,-58
1787062516017,321955,Lumbar,sit,-0.013176,1.00528,0.171288,1.82,-1.82,0.21,-58
1787062516017,321972,Lumbar,sit,-0.013664,1.005768,0.171776,1.82,-1.82,0.21,-58
1787062516017,322003,Lumbar,sit,-0.016104,1.004792,0.170312,1.89,-1.96,0.21,-58
1787062516017,322020,Lumbar,sit,-0.016104,1.005768,0.1708,2.1,-2.1,0.35,-58
1787062516017,322037,Lumbar,sit,-0.01464,1.007232,0.174216,2.17,-2.1,0.49,-58
1787062516017,322054,Lumbar,sit,-0.016104,1.009184,0.172752,2.03,-2.03,0.42,-58
1787062516017,322071,Lumbar,sit,-0.018544,1.008696,0.170312,1.68,-2.1,0.35,-58
1787062516378,322246,Lumbar,sit,-0.015616,1.007232,0.16836,1.75,-2.31,0.7,-58
1787062516378,322277,Lumbar,sit,-0.011712,1.006744,0.165432,1.89,-2.1,0.42,-58
1787062516378,322294,Lumbar,sit,-0.011712,1.00772,0.164456,1.89,-2.45,0.28,-58
1787062516378,322312,Lumbar,sit,-0.011224,1.008696,0.163968,1.89,-2.66,0.35,-58
1787062516378,322329,Lumbar,sit,-0.0122,1.01016,0.166896,1.61,-2.8,0.28,-58
1787062516378,322360,Lumbar,sit,-0.013664,1.006256,0.164456,1.61,-2.24,-0.07,-58
1787062516378,322377,Lumbar,sit,-0.014152,1.005768,0.165432,1.75,-2.38,0,-58
1787062516378,322394,Lumbar,sit,-0.012688,1.00772,0.167384,1.89,-2.38,0.07,-58
1787062516378,322411,Lumbar,sit,-0.012688,1.010648,0.170312,1.75,-2.45,-0.07,-58
1787062516378,322428,Lumbar,sit,-0.011224,1.012112,0.169824,1.54,-2.8,-0.07,-58
1787062516732,322603,Lumbar,sit,-0.01952,1.006256,0.171776,1.33,-2.8,-0.14,-62
1787062516732,322635,Lumbar,sit,-0.016592,1.008696,0.172752,1.12,-2.1,-0.35,-62
1787062516732,322651,Lumbar,sit,-0.015128,1.00528,0.174216,1.12,-2.1,-0.28,-62
1787062516732,322669,Lumbar,sit,-0.017568,1.004792,0.173728,1.61,-2.31,0.07,-62
1787062516732,322686,Lumbar,sit,-0.01708,1.010648,0.167872,1.33,-2.66,0.28,-62
1787062516732,322717,Lumbar,sit,-0.015616,1.005768,0.169336,0.77,-2.87,0,-62
1787062516732,322734,Lumbar,sit,-0.018544,1.000888,0.172264,1.26,-2.59,0.07,-62
1787062516732,322751,Lumbar,sit,-0.01708,1.00528,0.174216,1.89,-2.59,0.21,-62
1787062516732,322768,Lumbar,sit,-0.015128,1.008696,0.171776,1.33,-2.45,0.35,-62
1787062516732,322785,Lumbar,sit,-0.01708,1.012112,0.168848,0.91,-2.38,0.35,-62
1787062517088,322960,Lumbar,sit,-0.016592,1.005768,0.170312,1.47,-2.59,0.35,-62
1787062517088,322990,Lumbar,sit,-0.01708,1.004792,0.169824,1.54,-2.38,0.42,-62
1787062517088,323007,Lumbar,sit,-0.018544,1.004792,0.169824,1.54,-2.31,0.49,-62
1787062517088,323024,Lumbar,sit,-0.016592,1.008696,0.173728,1.68,-2.52,0.56,-62
1787062517088,323041,Lumbar,sit,-0.015128,1.009672,0.17568,1.47,-2.59,0.49,-62
1787062517088,323072,Lumbar,sit,-0.017568,1.00772,0.17568,1.47,-2.31,0.14,-62
1787062517088,323089,Lumbar,sit,-0.018056,1.004792,0.169824,1.61,-2.52,0.35,-62
1787062517088,323106,Lumbar,sit,-0.018544,1.00528,0.169336,1.68,-2.66,0.49,-62
1787062517088,323123,Lumbar,sit,-0.016592,1.005768,0.16836,1.54,-2.8,0.56,-62
1787062517088,323140,Lumbar,sit,-0.012688,1.007232,0.171776,1.61,-2.73,0.35,-62
1787062517443,323315,Lumbar,sit,-0.018056,1.004792,0.174704,1.33,-2.38,0.35,-59
1787062517443,323346,Lumbar,sit,-0.018056,1.007232,0.171776,1.47,-1.75,0.35,-59
1787062517443,323363,Lumbar,sit,-0.017568,1.006256,0.175192,1.54,-2.38,0.42,-59
1787062517443,323380,Lumbar,sit,-0.01708,1.005768,0.174704,1.61,-2.31,0.49,-59
1787062517443,323397,Lumbar,sit,-0.017568,1.005768,0.174704,1.54,-2.24,0.63,-59
1787062517443,323428,Lumbar,sit,-0.017568,1.007232,0.172264,1.54,-1.75,0.49,-59
1787062517443,323445,Lumbar,sit,-0.01708,1.007232,0.1708,1.4,-1.89,0.49,-59
1787062517443,323462,Lumbar,sit,-0.016104,1.004304,0.17324,1.4,-1.96,0.42,-59
1787062517443,323479,Lumbar,sit,-0.01708,1.006744,0.175192,1.75,-1.82,0.49,-59
1787062517443,323496,Lumbar,sit,-0.017568,1.009672,0.175192,1.47,-1.68,0.56,-59
1787062517800,323671,Lumbar,sit,-0.019032,1.006744,0.1708,-0.35,-1.54,1.05,-60
1787062517800,323702,Lumbar,sit,-0.018544,1.003328,0.176168,0.21,-1.54,0.91,-60
1787062517800,323719,Lumbar,sit,-0.019032,1.001376,0.177144,0.56,-1.4,1.05,-60
1787062517800,323737,Lumbar,sit,-0.01708,1.004792,0.177144,0.77,-1.26,1.26,-60
1787062517800,323754,Lumbar,sit,-0.011224,1.006256,0.177632,0.63,-1.4,1.19,-60
1787062517800,323785,Lumbar,sit,-0.0122,1.001864,0.18056,1.47,-1.47,1.05,-60
1787062517800,323802,Lumbar,sit,-0.01464,1.000888,0.17812,2.1,-1.54,1.4,-60
1787062517800,323819,Lumbar,sit,-0.012688,1.008696,0.17812,2.45,-1.54,1.33,-60
1787062517800,323836,Lumbar,sit,-0.014152,1.011136,0.172752,1.68,-1.4,0.98,-60
1787062517800,323853,Lumbar,sit,-0.018056,1.00772,0.172752,1.54,-1.4,0.77,-60
1787062518154,324026,Lumbar,sit,-0.013664,1.005768,0.176168,2.59,-1.47,0.91,-60
1787062518154,324057,Lumbar,sit,-0.016104,1.004304,0.172752,2.45,-1.26,0.98,-60
1787062518154,324074,Lumbar,sit,-0.01464,1.00528,0.17324,2.52,-1.19,0.98,-60
1787062518154,324091,Lumbar,sit,-0.014152,1.00772,0.17324,2.38,-1.05,0.98,-60
1787062518154,324108,Lumbar,sit,-0.013176,1.008696,0.175192,2.24,-1.05,0.91,-60
1787062518154,324139,Lumbar,sit,-0.013664,1.008696,0.17324,1.68,-1.33,0.49,-60
1787062518154,324156,Lumbar,sit,-0.014152,1.007232,0.172752,1.82,-1.47,0.42,-60
1787062518154,324173,Lumbar,sit,-0.009272,1.004304,0.17324,1.96,-1.61,0.49,-60
1787062518154,324190,Lumbar,sit,-0.007808,1.004304,0.177632,2.38,-1.54,0.56,-60
1787062518154,324207,Lumbar,sit,-0.009272,1.008208,0.17568,2.66,-1.33,0.56,-60
1787062518511,324381,Lumbar,sit,-0.020008,1.00284,0.171776,1.54,-1.19,0.35,-60
1787062518511,324412,Lumbar,sit,-0.024888,1.006744,0.174216,2.87,-1.75,0.91,-60
1787062518511,324429,Lumbar,sit,-0.021472,1.010648,0.171288,2.66,-2.1,0.91,-60
1787062518511,324446,Lumbar,sit,-0.01708,1.009672,0.171776,2.31,-3.01,0.98,-60
1787062518511,324463,Lumbar,sit,-0.013176,1.009672,0.167872,2.24,-4.06,0.7,-60
1787062518511,324494,Lumbar,sit,-0.003904,1.004304,0.16836,1.61,-2.94,0.63,-60
1787062518511,324511,Lumbar,sit,-0.005856,0.999424,0.166896,1.75,-1.61,0.28,-60
1787062518511,324528,Lumbar,sit,-0.00732,0.994544,0.170312,2.59,-0.91,-0.07,-60
1787062518511,324545,Lumbar,sit,-0.008784,1.0004,0.170312,3.08,-1.26,0.35,-60
1787062518511,324562,Lumbar,sit,-0.014152,1.004792,0.168848,3.22,-1.68,0.7,-60
1787062518862,324738,Lumbar,sit,-0.019032,1.004792,0.171776,1.82,-2.31,-0.07,-55
1787062518862,324769,Lumbar,sit,-0.01952,1.002352,0.165432,2.38,-2.66,0.07,-55
1787062518862,324786,Lumbar,sit,-0.016592,1.0126,0.16348,2.52,-3.15,0.28,-55
1787062518862,324803,Lumbar,sit,-0.01464,1.01504,0.163968,1.05,-3.15,0.07,-55
1787062518862,324820,Lumbar,sit,-0.010248,1.006256,0.166408,0.28,-3.29,0,-55
1787062518862,324851,Lumbar,sit,-0.008296,1.001376,0.17568,1.96,-3.22,0.35,-55
1787062518862,324868,Lumbar,sit,-0.00732,1.006744,0.175192,2.73,-2.94,0.35,-55
1787062518862,324885,Lumbar,sit,-0.009272,1.009672,0.171288,2.45,-2.73,0,-55
1787062518862,324902,Lumbar,sit,-0.011712,1.013576,0.171776,2.1,-2.59,-0.14,-55
1787062518862,324919,Lumbar,sit,-0.014152,1.009672,0.169824,1.68,-2.38,-0.07,-55
1787062519271,325141,Lumbar,sit,-0.01464,1.007232,0.169824,1.05,-3.01,0.21,-56
1787062519271,325172,Lumbar,sit,-0.0122,1.004792,0.172752,1.47,-2.66,0.28,-56
1787062519271,325189,Lumbar,sit,-0.013176,1.004792,0.172752,1.61,-2.52,0.35,-56
1787062519271,325206,Lumbar,sit,-0.014152,1.00528,0.1708,1.61,-2.45,0.49,-56
1787062519271,325223,Lumbar,sit,-0.015616,1.008696,0.169824,1.61,-2.31,0.35,-56
1787062519271,325254,Lumbar,sit,-0.016592,1.007232,0.172264,0.84,-2.31,0.07,-56
1787062519271,325271,Lumbar,sit,-0.016592,1.00528,0.172264,0.91,-2.45,0.07,-56
1787062519271,325288,Lumbar,sit,-0.01708,1.003328,0.172264,1.12,-2.45,0.14,-56
1787062519271,325305,Lumbar,sit,-0.017568,1.004304,0.172752,1.54,-2.31,0.14,-56
1787062519271,325322,Lumbar,sit,-0.018056,1.006744,0.16836,1.47,-2.24,0.07,-56
1787062519627,325497,Lumbar,sit,-0.01708,1.006256,0.170312,1.12,-2.1,0.28,-56
1787062519627,325528,Lumbar,sit,-0.016104,1.006744,0.175192,1.26,-1.61,0.28,-56
1787062519627,325545,Lumbar,sit,-0.017568,1.00528,0.17568,1.47,-1.89,0.35,-56
1787062519627,325562,Lumbar,sit,-0.018056,1.005768,0.17324,1.61,-1.89,0.35,-56
1787062519627,325579,Lumbar,sit,-0.019032,1.007232,0.172752,1.33,-2.17,0.35,-56
1787062519627,325610,Lumbar,sit,-0.018544,1.008208,0.172752,1.4,-2.24,0.35,-56
1787062519627,325627,Lumbar,sit,-0.01952,1.006256,0.174216,1.4,-2.24,0.21,-56
1787062519627,325644,Lumbar,sit,-0.017568,1.008208,0.171288,1.68,-1.89,0.21,-56
1787062519627,325661,Lumbar,sit,-0.015128,1.010648,0.16836,1.05,-1.89,0.14,-56
1787062519627,325678,Lumbar,sit,-0.013664,1.01016,0.168848,0.7,-2.03,0.07,-56
1787062519992,325853,Lumbar,sit,-0.016592,1.01016,0.18544,1.19,-0.84,0.21,-56
1787062519992,325884,Lumbar,sit,-0.016592,1.004304,0.179584,1.05,-0.21,0.21,-56
1787062519992,325901,Lumbar,sit,-0.020008,0.998936,0.177144,1.4,-0.28,0.42,-56
1787062519992,325918,Lumbar,sit,-0.023912,0.996984,0.177144,2.38,-0.42,0.7,-56
1787062519992,325935,Lumbar,sit,-0.025376,1.003816,0.170312,2.66,-0.35,1.12,-56
1787062519992,325965,Lumbar,sit,-0.025864,1.003816,0.167384,1.47,-0.63,1.26,-56
1787062519992,325983,Lumbar,sit,-0.023424,1.005768,0.168848,1.75,-0.77,1.26,-56
1787062519992,325999,Lumbar,sit,-0.020984,1.009184,0.168848,2.1,-0.98,1.33,-56
1787062519992,326016,Lumbar,sit,-0.016592,1.016016,0.169336,1.89,-1.12,1.19,-56
1787062519992,326033,Lumbar,sit,-0.015128,1.018456,0.167872,1.05,-1.68,0.7,-56
1787062520344,326208,Lumbar,sit,-0.02684,1.004304,0.177632,1.61,-1.89,0.84,-55
1787062520344,326239,Lumbar,sit,-0.021472,1.002352,0.17812,1.47,-1.54,1.12,-55
1787062520344,326256,Lumbar,sit,-0.022448,1.003328,0.180072,2.03,-1.61,1.26,-55
1787062520344,326273,Lumbar,sit,-0.02196,1.005768,0.180072,2.38,-1.96,1.47,-55
1787062520344,326290,Lumbar,sit,-0.021472,1.008696,0.177144,2.59,-2.03,1.54,-55
1787062520344,326321,Lumbar,sit,-0.016592,1.008208,0.170312,2.1,-2.59,1.54,-55
1787062520344,326338,Lumbar,sit,-0.014152,1.007232,0.169336,2.03,-2.59,1.47,-55
1787062520344,326355,Lumbar,sit,-0.012688,1.007232,0.169336,1.75,-2.38,1.33,-55
1787062520344,326372,Lumbar,sit,-0.013664,1.006744,0.171776,1.75,-2.17,1.33,-55
1787062520344,326389,Lumbar,sit,-0.013176,1.005768,0.172752,1.68,-1.82,1.26,-55
1787062520701,326565,Lumbar,sit,-0.013176,1.006744,0.16836,1.61,-2.45,0.7,-55
1787062520701,326596,Lumbar,sit,-0.012688,1.007232,0.17568,1.96,-2.45,0.49,-55
1787062520701,326613,Lumbar,sit,-0.010248,1.007232,0.176656,1.89,-2.31,0.49,-55
1787062520701,326630,Lumbar,sit,-0.012688,1.003328,0.17568,1.82,-1.82,0.49,-55
1787062520701,326647,Lumbar,sit,-0.01708,1.004304,0.173728,2.59,-1.47,0.42,-55
1787062520701,326678,Lumbar,sit,-0.01708,1.010648,0.166408,2.1,-1.75,0.21,-55
1787062520701,326695,Lumbar,sit,-0.018056,1.001864,0.16592,1.68,-2.24,0,-55
1787062520701,326712,Lumbar,sit,-0.01952,0.999424,0.171776,2.52,-2.73,0.35,-55
1787062520701,326729,Lumbar,sit,-0.01708,1.006744,0.1708,2.73,-2.52,0.7,-55
1787062520701,326746,Lumbar,sit,-0.016104,1.011624,0.170312,2.59,-2.17,0.56,-55
1787062521052,326921,Lumbar,sit,-0.016592,1.004304,0.171776,2.24,-2.31,0.21,-55
1787062521052,326952,Lumbar,sit,-0.018544,1.009184,0.172752,2.31,-2.38,0.42,-55
1787062521052,326968,Lumbar,sit,-0.018056,1.008208,0.172752,2.31,-2.1,0.42,-55
1787062521052,326986,Lumbar,sit,-0.017568,1.007232,0.173728,2.17,-2.17,0.14,-55
1787062521052,327003,Lumbar,sit,-0.015616,1.006256,0.171776,2.24,-2.45,0.21,-55
1787062521052,327033,Lumbar,sit,-0.012688,1.011136,0.170312,2.17,-2.8,0.56,-55
1787062521052,327050,Lumbar,sit,-0.015128,1.011136,0.167384,1.61,-2.52,0.28,-55
1787062521052,327067,Lumbar,sit,-0.017568,1.00772,0.16592,1.4,-2.45,-0.14,-55
1787062521052,327084,Lumbar,sit,-0.018544,1.006256,0.16348,1.4,-2.45,-0.21,-55
1787062521052,327101,Lumbar,sit,-0.016104,1.00772,0.16348,1.12,-2.59,0,-55
1787062521409,327276,Lumbar,sit,-0.023424,1.01504,0.172264,1.4,-3.15,0.42,-53
1787062521409,327307,Lumbar,sit,-0.020496,1.004304,0.172264,1.12,-3.29,0.35,-53
1787062521409,327324,Lumbar,sit,-0.01708,1.00284,0.16836,1.26,-3.22,0.42,-53
1787062521409,327342,Lumbar,sit,-0.013664,1.001864,0.168848,1.61,-3.01,0.56,-53
1787062521409,327359,Lumbar,sit,-0.011712,1.007232,0.16836,1.68,-3.01,0.56,-53
1787062521409,327390,Lumbar,sit,-0.010736,1.010648,0.170312,1.19,-2.94,0.21,-53
1787062521409,327407,Lumbar,sit,-0.011224,1.007232,0.171776,0.98,-2.52,0.07,-53
1787062521409,327424,Lumbar,sit,-0.010248,1.0004,0.17324,1.19,-2.24,0,-53
1787062521409,327441,Lumbar,sit,-0.013176,1.000888,0.17324,1.96,-2.03,0.14,-53
1787062521409,327458,Lumbar,sit,-0.016104,1.007232,0.174704,2.38,-2.1,0.35,-53
1787062521766,327633,Lumbar,sit,-0.01708,1.00772,0.16836,1.47,-2.87,0.49,-53
1787062521766,327664,Lumbar,sit,-0.013664,1.00772,0.172264,1.33,-3.57,0.28,-53
1787062521766,327681,Lumbar,sit,-0.016104,1.00772,0.17324,1.4,-3.57,0.21,-53
1787062521766,327698,Lumbar,sit,-0.016104,1.00772,0.172752,1.4,-3.29,0.28,-53
1787062521766,327715,Lumbar,sit,-0.015128,1.008696,0.172752,0.98,-3.08,0.42,-53
1787062521766,327746,Lumbar,sit,-0.015128,1.005768,0.172752,1.33,-2.73,0.35,-53
1787062521766,327763,Lumbar,sit,-0.01464,1.009184,0.171288,1.82,-2.45,0.35,-53
1787062521766,327780,Lumbar,sit,-0.014152,1.008696,0.171288,1.19,-2.1,0.14,-53
1787062521766,327797,Lumbar,sit,-0.016592,1.003816,0.173728,0.63,-1.82,-0.14,-53
1787062521766,327814,Lumbar,sit,-0.01952,0.999912,0.174216,0.84,-2.24,0,-53
1787062522124,327990,Lumbar,sit,-0.021472,1.003816,0.174216,1.4,-1.89,0.14,-53
1787062522124,328020,Lumbar,sit,-0.018544,1.006744,0.172264,1.54,-1.61,0.42,-53
1787062522124,328038,Lumbar,sit,-0.019032,1.007232,0.175192,1.61,-1.68,0.63,-53
1787062522124,328056,Lumbar,sit,-0.023424,1.007232,0.177632,1.61,-1.54,0.7,-53
1787062522124,328072,Lumbar,sit,-0.023912,1.007232,0.178608,1.54,-1.26,0.98,-53
1787062522124,328103,Lumbar,sit,-0.02196,1.002352,0.17812,1.54,-0.77,1.33,-53
1787062522124,328120,Lumbar,sit,-0.018544,1.00528,0.177144,1.68,-0.77,1.54,-53
1787062522124,328137,Lumbar,sit,-0.019032,1.007232,0.177632,1.26,-0.98,1.61,-53
1787062522124,328154,Lumbar,sit,-0.01952,1.009184,0.177144,0.84,-0.98,1.54,-53
1787062522124,328171,Lumbar,sit,-0.020984,1.009184,0.172264,0.49,-1.05,1.47,-53
1787062522481,328346,Lumbar,sit,-0.0122,1.004792,0.171288,1.61,-1.19,0.7,-53
1787062522481,328378,Lumbar,sit,-0.014152,1.007232,0.171776,1.96,-1.05,0.49,-53
1787062522481,328395,Lumbar,sit,-0.017568,1.007232,0.174704,1.96,-1.26,0.7,-53
1787062522481,328412,Lumbar,sit,-0.020984,1.00772,0.175192,2.24,-1.26,1.05,-53
1787062522481,328429,Lumbar,sit,-0.021472,1.007232,0.17324,2.38,-1.68,1.12,-53
1787062522481,328460,Lumbar,sit,-0.014152,1.009184,0.164944,2.1,-2.94,0.77,-53
1787062522481,328477,Lumbar,sit,-0.013176,1.010648,0.163968,1.82,-3.64,0.7,-53
1787062522481,328494,Lumbar,sit,-0.011712,1.011624,0.166408,1.61,-3.22,0.77,-53
1787062522481,328511,Lumbar,sit,-0.009272,1.011136,0.167872,0.98,-3.01,0.63,-53
1787062522481,328528,Lumbar,sit,-0.007808,1.004792,0.171776,0.56,-2.66,0.21,-53
1787062522840,328703,Lumbar,sit,-0.020008,1.006256,0.171776,1.05,-2.59,0.35,-55
1787062522840,328734,Lumbar,sit,-0.010736,1.004304,0.172752,1.68,-2.73,0.49,-55
1787062522840,328751,Lumbar,sit,-0.008784,1.007232,0.172264,1.89,-2.24,0.35,-55
1787062522840,328768,Lumbar,sit,-0.006832,1.00772,0.172264,1.89,-1.96,0.42,-55
1787062522840,328785,Lumbar,sit,-0.008784,1.011136,0.171776,1.33,-1.68,0.28,-55
1787062522840,328816,Lumbar,sit,-0.016104,0.999912,0.172752,0.77,-1.33,-0.07,-55
1787062522840,328833,Lumbar,sit,-0.016592,0.995032,0.174216,2.03,-1.26,0,-55
1787062522840,328850,Lumbar,sit,-0.015616,1.00284,0.17568,3.15,-1.4,0.21,-55
1787062522840,328867,Lumbar,sit,-0.015616,1.013576,0.167872,2.38,-1.61,0.14,-55
1787062522840,328884,Lumbar,sit,-0.014152,1.008696,0.165432,1.75,-2.03,-0.07,-55
1787062523195,329060,Lumbar,sit,-0.017568,1.004792,0.17324,2.8,-2.38,-0.42,-55
1787062523195,329091,Lumbar,sit,-0.01708,1.011136,0.17324,2.17,-1.96,-0.07,-55
1787062523195,329109,Lumbar,sit,-0.015128,1.008696,0.176168,2.17,-1.61,0.14,-55
1787062523195,329125,Lumbar,sit,-0.015616,1.006744,0.180072,2.38,-1.4,0.28,-55
1787062523195,329142,Lumbar,sit,-0.016592,1.008696,0.179584,2.73,-1.33,0.42,-55
1787062523195,329173,Lumbar,sit,-0.018544,1.008696,0.170312,2.31,-1.61,0.21,-55
1787062523195,329190,Lumbar,sit,-0.02196,1.009672,0.162504,1.89,-1.96,0,-55
1787062523195,329207,Lumbar,sit,-0.020008,1.01016,0.159088,1.47,-2.45,-0.14,-55
1787062523195,329224,Lumbar,sit,-0.018056,1.008696,0.16104,1.26,-2.73,-0.14,-55
1787062523195,329241,Lumbar,sit,-0.016104,1.008208,0.164456,1.54,-2.73,-0.14,-55
1787062523551,329417,Lumbar,sit,-0.019032,1.003816,0.17324,1.68,-2.94,0.28,-55
1787062523551,329448,Lumbar,sit,-0.01952,1.009672,0.171288,1.54,-3.22,0.49,-55
1787062523551,329465,Lumbar,sit,-0.01952,1.012112,0.169336,1.54,-3.15,0.56,-55
1787062523551,329482,Lumbar,sit,-0.018056,1.011624,0.169824,0.98,-2.87,0.35,-55
1787062523551,329499,Lumbar,sit,-0.015616,1.007232,0.171776,0.84,-2.87,0.14,-55
1787062523551,329530,Lumbar,sit,-0.01464,1.004792,0.171776,1.12,-3.29,0,-55
1787062523551,329547,Lumbar,sit,-0.013664,1.00772,0.171776,0.98,-3.15,0.07,-55
1787062523551,329564,Lumbar,sit,-0.015128,1.00528,0.173728,0.98,-2.66,0.14,-55
1787062523551,329581,Lumbar,sit,-0.020008,1.00528,0.174704,1.12,-2.52,0,-55
1787062523551,329598,Lumbar,sit,-0.020496,1.00528,0.174216,1.12,-2.1,0,-55
1787062523909,329772,Lumbar,sit,-0.018544,1.00772,0.167872,1.82,-2.66,0.42,-50
1787062523909,329804,Lumbar,sit,-0.016592,1.012112,0.16836,0.7,-2.52,0.07,-50
1787062523909,329821,Lumbar,sit,-0.018544,1.004304,0.1708,0.91,-2.24,-0.21,-50
1787062523909,329839,Lumbar,sit,-0.018056,1.001376,0.171776,1.75,-1.89,0,-50
1787062523909,329856,Lumbar,sit,-0.01708,1.00284,0.173728,2.03,-1.82,0.21,-50
1787062523909,329873,Lumbar,sit,-0.01952,1.00528,0.174704,1.96,-1.89,0.28,-50
1787062523909,329904,Lumbar,sit,-0.02684,1.009672,0.171776,0.98,-1.54,0.56,-50
1787062523909,329921,Lumbar,sit,-0.028792,1.007232,0.172264,0.98,-1.89,0.49,-50
1787062523909,329938,Lumbar,sit,-0.025864,1.006256,0.169824,1.4,-2.31,0.42,-50
1787062523909,329955,Lumbar,sit,-0.023912,1.007232,0.167872,1.68,-2.59,0.49,-50
1787062524267,330130,Lumbar,sit,-0.020008,1.005768,0.175192,2.03,-1.82,0.77,-51
1787062524267,330162,Lumbar,sit,-0.010736,1.008208,0.174704,1.68,-2.03,0.77,-51
1787062524267,330179,Lumbar,sit,-0.005856,1.009184,0.174704,1.75,-2.59,0.42,-51
1787062524267,330197,Lumbar,sit,-0.005856,1.008696,0.177144,2.1,-3.08,0.21,-51
1787062524267,330213,Lumbar,sit,-0.010248,1.009672,0.177632,2.17,-3.08,0.28,-51
1787062524267,330230,Lumbar,sit,-0.015616,1.00772,0.176656,2.1,-2.38,0.35,-51
1787062524267,330261,Lumbar,sit,-0.020008,1.003328,0.172264,1.61,-1.47,0.21,-51
1787062524267,330278,Lumbar,sit,-0.022448,1.003328,0.169336,1.68,-1.4,0.21,-51
1787062524267,330295,Lumbar,sit,-0.02196,1.01016,0.165432,1.54,-1.96,0.42,-51
1787062524267,330312,Lumbar,sit,-0.020008,1.009672,0.16592,1.05,-2.66,0.21,-51
1787062524624,330487,Lumbar,sit,-0.016592,1.004792,0.170312,1.96,-1.82,0.14,-51
1787062524624,330519,Lumbar,sit,-0.018544,1.00772,0.171288,1.68,-2.31,0.49,-51
1787062524624,330536,Lumbar,sit,-0.018544,1.007232,0.17324,1.61,-2.38,0.42,-51
1787062524624,330553,Lumbar,sit,-0.019032,1.00772,0.175192,1.68,-2.31,0.35,-51
1787062524624,330570,Lumbar,sit,-0.019032,1.006256,0.177144,1.75,-2.24,0.21,-51
1787062524624,330601,Lumbar,sit,-0.020008,1.004792,0.173728,1.82,-1.54,0.14,-51
1787062524624,330618,Lumbar,sit,-0.022448,1.008696,0.167872,1.75,-1.47,0.28,-51
1787062524624,330635,Lumbar,sit,-0.026352,1.008696,0.166896,1.33,-1.61,0.07,-51
1787062524624,330652,Lumbar,sit,-0.028792,1.003328,0.170312,0.98,-1.75,-0.14,-51
1787062524624,330669,Lumbar,sit,-0.030256,1.000888,0.172752,1.54,-2.24,0,-51
1787062524981,330844,Lumbar,sit,-0.01952,1.001864,0.169824,1.75,-2.31,0.56,-51
1787062524981,330875,Lumbar,sit,-0.020008,1.006744,0.1708,2.38,-2.03,0.77,-51
1787062524981,330892,Lumbar,sit,-0.020496,1.009672,0.172752,2.24,-2.17,0.77,-51
1787062524981,330910,Lumbar,sit,-0.02196,1.010648,0.17324,1.82,-2.45,0.77,-51
1787062524981,330927,Lumbar,sit,-0.02196,1.00772,0.170312,1.4,-2.8,0.84,-51
1787062524981,330944,Lumbar,sit,-0.02196,1.006256,0.170312,1.19,-3.22,0.7,-51
1787062524981,330976,Lumbar,sit,-0.022448,1.003816,0.17568,2.03,-2.94,0.7,-51
1787062524981,330993,Lumbar,sit,-0.020496,1.00284,0.177144,2.52,-2.52,0.7,-51
1787062524981,331010,Lumbar,sit,-0.020984,1.003816,0.17568,2.66,-2.31,0.7,-51
1787062524981,331027,Lumbar,sit,-0.022936,1.00772,0.172752,2.38,-2.45,0.63,-51
1787062525339,331201,Lumbar,sit,-0.018544,1.003328,0.167872,1.26,-2.24,0.28,-53
1787062525339,331233,Lumbar,sit,-0.018544,1.004792,0.16836,1.96,-1.82,0.28,-53
1787062525339,331250,Lumbar,sit,-0.018544,1.009184,0.170312,2.1,-2.03,0.35,-53
1787062525339,331268,Lumbar,sit,-0.019032,1.012112,0.171288,1.68,-2.31,0.28,-53
1787062525339,331285,Lumbar,sit,-0.020008,1.008696,0.173728,1.33,-2.45,0.14,-53
1787062525339,331302,Lumbar,sit,-0.02196,1.008696,0.174704,1.33,-2.38,0.14,-53
1787062525339,331332,Lumbar,sit,-0.023424,1.00284,0.171288,0.7,-1.54,0.14,-53
1787062525339,331349,Lumbar,sit,-0.022448,1.001864,0.172264,1.54,-2.45,-0.07,-53
1787062525339,331366,Lumbar,sit,-0.02196,1.003816,0.1708,1.61,-2.66,-0.07,-53
1787062525339,331383,Lumbar,sit,-0.022936,1.005768,0.17324,1.61,-2.8,0,-53
1787062525694,331558,Lumbar,sit,-0.0244,1.001864,0.1708,1.75,-1.96,0.07,-53
1787062525694,331589,Lumbar,sit,-0.020496,1.008208,0.171288,1.75,-2.87,0.56,-53
1787062525694,331606,Lumbar,sit,-0.020008,1.009184,0.174216,1.12,-3.01,0.56,-53
1787062525694,331623,Lumbar,sit,-0.020008,1.008208,0.175192,0.91,-2.73,0.28,-53
1787062525694,331640,Lumbar,sit,-0.02196,1.004792,0.17568,1.05,-2.66,0.28,-53
1787062525694,331671,Lumbar,sit,-0.022936,1.005768,0.1708,1.61,-2.45,0.28,-53
1787062525694,331688,Lumbar,sit,-0.022936,1.008208,0.169336,1.54,-2.45,0.21,-53
1787062525694,331705,Lumbar,sit,-0.01952,1.007232,0.1708,1.19,-2.59,0.28,-53
1787062525694,331722,Lumbar,sit,-0.018056,1.007232,0.176656,1.12,-2.31,0.28,-53
1787062525694,331739,Lumbar,sit,-0.01952,1.00528,0.177144,0.91,-1.05,0.28,-53
1787062526051,331914,Lumbar,sit,-0.020008,1.008208,0.17568,1.4,-2.59,0.49,-53
1787062526051,331946,Lumbar,sit,-0.024888,1.005768,0.174216,1.75,-2.24,0.42,-53
1787062526051,331963,Lumbar,sit,-0.024888,1.005768,0.174216,1.75,-2.1,0.42,-53
1787062526051,331980,Lumbar,sit,-0.022936,1.00528,0.174216,1.54,-1.96,0.42,-53
1787062526051,331997,Lumbar,sit,-0.022936,1.00528,0.175192,1.61,-1.96,0.42,-53
1787062526051,332028,Lumbar,sit,-0.020496,1.00772,0.17568,1.54,-2.03,0.49,-53
1787062526051,332045,Lumbar,sit,-0.020008,1.008696,0.175192,1.4,-1.89,0.42,-53
1787062526051,332062,Lumbar,sit,-0.020496,1.006744,0.174704,1.4,-1.54,0.35,-53
1787062526051,332079,Lumbar,sit,-0.01952,1.004304,0.176168,1.47,-1.4,0.35,-53
1787062526051,332096,Lumbar,sit,-0.020496,1.003328,0.17812,1.54,-1.4,0.42,-53
1787062526407,332271,Lumbar,sit,-0.024888,1.008208,0.17324,0.7,-0.77,0.98,-53
1787062526407,332302,Lumbar,sit,-0.0244,1.00528,0.176168,0.21,-0.7,0.98,-53
1787062526407,332319,Lumbar,sit,-0.022448,1.000888,0.179584,0.28,-0.21,1.19,-53
1787062526407,332336,Lumbar,sit,-0.02196,0.998936,0.179584,0.56,0.07,1.47,-53
1787062526407,332353,Lumbar,sit,-0.022448,1.0004,0.180072,1.05,0,1.68,-53
1787062526407,332384,Lumbar,sit,-0.019032,1.00528,0.182024,1.68,-0.21,1.4,-53
1787062526407,332401,Lumbar,sit,-0.018544,1.006256,0.181048,2.17,-0.49,1.54,-53
1787062526407,332417,Lumbar,sit,-0.016104,1.00772,0.18056,2.03,-0.63,1.4,-53
1787062526407,332434,Lumbar,sit,-0.011224,1.009184,0.180072,1.82,-0.7,1.12,-53
1787062526407,332451,Lumbar,sit,-0.013664,1.006744,0.175192,1.47,-0.77,0.84,-53
1787062526762,332625,Lumbar,sit,-0.015616,1.00528,0.178608,2.59,-4.41,1.4,-55
1787062526762,332656,Lumbar,sit,-0.0122,1.012112,0.169824,2.38,-3.57,1.68,-55
1787062526762,332673,Lumbar,sit,-0.00976,1.011136,0.164944,1.68,-2.59,1.61,-55
1787062526762,332690,Lumbar,sit,-0.010736,1.003816,0.16592,1.54,-2.38,1.54,-55
1787062526762,332707,Lumbar,sit,-0.014152,0.998448,0.170312,1.68,-2.38,1.61,-55
1787062526762,332738,Lumbar,sit,-0.013176,1.00772,0.1708,2.24,-2.8,1.12,-55
1787062526762,332755,Lumbar,sit,-0.010248,1.011136,0.170312,2.1,-2.73,0.91,-55
1787062526762,332772,Lumbar,sit,-0.005856,1.011624,0.171776,1.47,-2.45,0.56,-55
1787062526762,332789,Lumbar,sit,-0.008296,1.008696,0.17324,0.7,-2.03,0.28,-55
1787062526762,332806,Lumbar,sit,-0.011712,1.004304,0.177144,0.7,-1.82,0.14,-55
1787062527122,332981,Lumbar,sit,-0.013664,1.007232,0.170312,2.24,-2.87,0.7,-55
1787062527122,333012,Lumbar,sit,-0.011224,1.003816,0.16836,2.45,-2.17,0.21,-55
1787062527122,333029,Lumbar,sit,-0.011224,1.004304,0.167384,2.38,-1.54,0.14,-55
1787062527122,333046,Lumbar,sit,-0.012688,1.007232,0.164456,2.38,-1.19,-0.07,-55
1787062527122,333063,Lumbar,sit,-0.011712,1.008208,0.164944,1.96,-1.05,-0.21,-55
1787062527122,333094,Lumbar,sit,-0.0122,1.006744,0.166896,2.1,-1.54,-0.21,-55
1787062527122,333111,Lumbar,sit,-0.016592,1.009672,0.166896,2.31,-1.75,-0.14,-55
1787062527122,333128,Lumbar,sit,-0.017568,1.01016,0.166408,2.1,-2.03,0,-55
1787062527122,333145,Lumbar,sit,-0.019032,1.009184,0.166408,1.96,-2.03,0,-55
1787062527122,333162,Lumbar,sit,-0.016592,1.006256,0.169336,1.82,-2.03,0.07,-55
1787062527475,333337,Lumbar,sit,-0.012688,1.004792,0.172752,1.61,-2.73,0.28,-55
1787062527475,333369,Lumbar,sit,-0.015616,1.003816,0.176168,2.03,-2.45,0.28,-55
1787062527475,333385,Lumbar,sit,-0.015616,1.006744,0.174216,2.1,-2.45,0.35,-55
1787062527475,333403,Lumbar,sit,-0.013664,1.01016,0.172264,2.03,-2.66,0.42,-55
1787062527475,333420,Lumbar,sit,-0.013176,1.009672,0.171288,1.96,-2.94,0.63,-55
1787062527475,333451,Lumbar,sit,-0.017568,1.011136,0.166896,1.4,-2.94,0.42,-55
1787062527475,333468,Lumbar,sit,-0.018056,1.008696,0.166896,1.26,-2.8,0.28,-55
1787062527475,333485,Lumbar,sit,-0.01708,1.004792,0.16592,1.4,-2.8,0.14,-55
1787062527475,333501,Lumbar,sit,-0.014152,1.004792,0.171288,1.96,-3.22,0,-55
1787062527475,333518,Lumbar,sit,-0.0122,1.011136,0.170312,1.75,-3.01,-0.21,-55
1787062527832,333693,Lumbar,sit,-0.020496,1.004304,0.171288,2.1,-2.73,0.14,-59
1787062527832,333724,Lumbar,sit,-0.020984,1.008208,0.17324,1.75,-2.8,0.35,-59
1787062527832,333741,Lumbar,sit,-0.020008,1.006744,0.171288,1.82,-2.59,0.42,-59
1787062527832,333759,Lumbar,sit,-0.018544,1.003816,0.170312,1.82,-2.38,0.35,-59
1787062527832,333776,Lumbar,sit,-0.018056,1.00528,0.169824,2.03,-2.31,0.35,-59
1787062527832,333807,Lumbar,sit,-0.020008,1.011624,0.169824,1.33,-2.59,0.42,-59
1787062527832,333824,Lumbar,sit,-0.022448,1.008208,0.166896,1.19,-2.52,0.42,-59
1787062527832,333841,Lumbar,sit,-0.020008,1.00772,0.164944,1.26,-2.52,0.28,-59
1787062527832,333858,Lumbar,sit,-0.017568,1.004304,0.167872,1.12,-2.38,0.14,-59
1787062527832,333875,Lumbar,sit,-0.011712,1.003328,0.174216,1.54,-2.17,0.21,-59
1787062528201,334050,Lumbar,sit,-0.017568,1.007232,0.174704,1.26,-2.66,0,-59
1787062528201,334081,Lumbar,sit,-0.019032,1.008208,0.171776,1.19,-2.45,0.14,-59
1787062528201,334098,Lumbar,sit,-0.019032,1.005768,0.171776,1.12,-2.17,0.21,-59
1787062528201,334115,Lumbar,sit,-0.020496,1.004304,0.172752,1.33,-2.38,0.21,-59
1787062528201,334132,Lumbar,sit,-0.01952,1.004792,0.172752,1.61,-2.52,0.35,-59
1787062528201,334163,Lumbar,sit,-0.01708,1.00772,0.171288,1.4,-2.45,0.35,-59
1787062528201,334180,Lumbar,sit,-0.01708,1.007232,0.171288,1.26,-2.52,0.28,-59
1787062528201,334196,Lumbar,sit,-0.01708,1.004792,0.17324,1.26,-2.66,0.35,-59
1787062528201,334213,Lumbar,sit,-0.01708,1.004792,0.172752,1.47,-2.66,0.42,-59
1787062528201,334244,Lumbar,sit,-0.018056,1.006256,0.173728,1.61,-2.38,0.21,-59
1787062528558,334419,Lumbar,sit,-0.020008,1.006744,0.174704,1.61,-2.31,0.42,-59
1787062528558,334450,Lumbar,sit,-0.020008,1.006744,0.176168,1.82,-1.96,0.42,-59
1787062528558,334467,Lumbar,sit,-0.020496,1.009184,0.172264,1.96,-1.96,0.49,-59
1787062528558,334484,Lumbar,sit,-0.020008,1.011136,0.16836,1.4,-2.17,0.35,-59
1787062528558,334501,Lumbar,sit,-0.019032,1.006744,0.170312,0.98,-2.45,0.14,-59
1787062528558,334532,Lumbar,sit,-0.020984,0.999912,0.176168,1.47,-2.52,0.35,-59
1787062528558,334549,Lumbar,sit,-0.018544,1.004792,0.17568,1.89,-2.31,0.63,-59
1787062528558,334566,Lumbar,sit,-0.020008,1.009672,0.17324,1.33,-1.96,0.49,-59
1787062528558,334583,Lumbar,sit,-0.020496,1.008696,0.17324,1.33,-1.68,0.28,-59
1787062528558,334600,Lumbar,sit,-0.02196,1.003328,0.173728,1.61,-1.61,0.35,-59
1787062528914,334775,Lumbar,sit,-0.018544,1.006744,0.179096,2.1,-1.26,0.98,-59
1787062528914,334806,Lumbar,sit,-0.020008,1.005768,0.176168,2.03,-1.05,1.19,-59
1787062528914,334823,Lumbar,sit,-0.02196,1.006744,0.175192,1.75,-0.7,1.47,-59
1787062528914,334840,Lumbar,sit,-0.025376,1.00772,0.175192,1.33,-0.49,1.61,-59
1787062528914,334857,Lumbar,sit,-0.025376,1.008208,0.174704,1.05,-0.14,1.54,-59
1787062528914,334888,Lumbar,sit,-0.02196,1.005768,0.169336,0.98,-0.07,1.4,-59
1787062528914,334905,Lumbar,sit,-0.017568,1.00772,0.169824,1.12,-0.28,1.26,-59
1787062528914,334922,Lumbar,sit,-0.015616,1.008208,0.171288,1.33,-0.35,1.19,-59
1787062528914,334939,Lumbar,sit,-0.013176,1.008696,0.173728,1.47,-0.42,1.12,-59
1787062528914,334956,Lumbar,sit,-0.0122,1.006256,0.173728,1.68,-0.77,1.12,-59
1787062529272,335131,Lumbar,sit,-0.01464,1.004304,0.175192,2.03,-1.26,0.77,-58
1787062529272,335162,Lumbar,sit,-0.01464,1.008696,0.171288,2.24,-1.61,0.7,-58
1787062529272,335179,Lumbar,sit,-0.016592,1.01016,0.171288,2.1,-1.75,0.63,-58
1787062529272,335196,Lumbar,sit,-0.017568,1.009672,0.172264,2.03,-1.89,0.63,-58
1787062529272,335213,Lumbar,sit,-0.016592,1.006744,0.1708,1.68,-1.89,0.63,-58
1787062529272,335244,Lumbar,sit,-0.016592,1.00528,0.169824,1.68,-1.54,0.56,-58
1787062529272,335261,Lumbar,sit,-0.016592,1.004792,0.168848,1.68,-1.47,0.56,-58
1787062529272,335278,Lumbar,sit,-0.01708,1.006744,0.168848,1.89,-1.47,0.56,-58
1787062529272,335295,Lumbar,sit,-0.018056,1.007232,0.170312,1.82,-1.82,0.49,-58
1787062529272,335312,Lumbar,sit,-0.015616,1.008696,0.172264,1.68,-2.03,0.42,-58
1787062529628,335488,Lumbar,sit,-0.017568,1.003816,0.171776,2.59,-2.66,0.42,-58
1787062529628,335519,Lumbar,sit,-0.015616,1.011624,0.16836,2.03,-1.82,0.56,-58
1787062529628,335536,Lumbar,sit,-0.016592,1.009672,0.16836,1.68,-1.82,0.35,-58
1787062529628,335553,Lumbar,sit,-0.019032,1.004792,0.169824,1.54,-1.89,0.42,-58
1787062529628,335570,Lumbar,sit,-0.01464,1.003816,0.172752,1.89,-2.03,0.56,-58
1787062529628,335601,Lumbar,sit,-0.01708,1.009672,0.16836,2.1,-1.89,0.49,-58
1787062529628,335618,Lumbar,sit,-0.014152,1.008208,0.16836,2.03,-2.17,0.49,-58
1787062529628,335635,Lumbar,sit,-0.013176,1.006744,0.167872,2.38,-1.68,0.77,-58
1787062529628,335652,Lumbar,sit,-0.0122,1.008208,0.164456,2.17,-1.75,0.63,-58
1787062529628,335668,Lumbar,sit,-0.013664,1.008696,0.162504,1.75,-2.03,0.49,-58
1787062529983,335843,Lumbar,sit,-0.020984,1.006256,0.170312,2.1,-2.03,0.14,-58
1787062529983,335874,Lumbar,sit,-0.017568,1.009184,0.171288,2.17,-2.24,0.49,-58
1787062529983,335891,Lumbar,sit,-0.01708,1.011136,0.16836,1.89,-2.38,0.28,-58
1787062529983,335908,Lumbar,sit,-0.016104,1.010648,0.167872,1.61,-2.52,0.21,-58
1787062529983,335925,Lumbar,sit,-0.015616,1.007232,0.168848,1.54,-2.66,0.21,-58
1787062529983,335956,Lumbar,sit,-0.016104,1.004304,0.170312,1.96,-2.8,0.42,-58
1787062529983,335973,Lumbar,sit,-0.015128,1.004304,0.168848,2.38,-2.73,0.35,-58
1787062529983,335990,Lumbar,sit,-0.015616,1.006744,0.167872,2.45,-2.8,0.35,-58
1787062529983,336007,Lumbar,sit,-0.015128,1.012112,0.167384,2.03,-2.8,0.35,-58
1787062529983,336024,Lumbar,sit,-0.01464,1.008208,0.169336,1.61,-2.73,0.35,-58
1787062530340,336199,Lumbar,sit,-0.017568,1.013576,0.171288,0.91,-3.22,0,-58
1787062530340,336230,Lumbar,sit,-0.022448,1.007232,0.172752,0.98,-3.22,-0.07,-58
1787062530340,336247,Lumbar,sit,-0.022448,1.003816,0.169824,1.26,-2.94,0,-58
1787062530340,336265,Lumbar,sit,-0.020984,1.00284,0.167384,1.12,-2.8,0.07,-58
1787062530340,336282,Lumbar,sit,-0.018056,1.001864,0.16836,1.05,-2.87,0.14,-58
1787062530340,336313,Lumbar,sit,-0.01464,1.005768,0.172264,1.68,-3.22,0.21,-58
1787062530340,336330,Lumbar,sit,-0.013664,1.009672,0.171288,1.89,-3.36,0.14,-58
1787062530340,336347,Lumbar,sit,-0.01464,1.014552,0.16836,1.75,-3.43,0,-58
1787062530340,336364,Lumbar,sit,-0.018544,1.0126,0.166896,1.12,-3.29,-0.21,-58
1787062530340,336381,Lumbar,sit,-0.01708,1.00772,0.166408,0.35,-3.01,-0.42,-58
1787062530701,336556,Lumbar,sit,-0.016104,1.01016,0.173728,1.4,-2.73,0.42,-58
1787062530701,336587,Lumbar,sit,-0.017568,1.01016,0.172752,0.84,-2.66,-0.07,-58
1787062530701,336604,Lumbar,sit,-0.016104,1.006256,0.174704,1.19,-2.73,0.42,-58
1787062530701,336621,Lumbar,sit,-0.017568,1.007232,0.174216,1.19,-1.82,0.63,-58
1787062530701,336639,Lumbar,sit,-0.022448,1.001864,0.17568,1.19,-2.52,0.35,-58
1787062530701,336670,Lumbar,sit,-0.025864,1.003328,0.174216,1.26,-2.59,0.07,-58
1787062530701,336687,Lumbar,sit,-0.025376,1.00284,0.174216,1.61,-2.31,0.21,-58
1787062530701,336704,Lumbar,sit,-0.023424,1.004792,0.172264,1.96,-2.03,0.28,-58
1787062530701,336720,Lumbar,sit,-0.020984,1.00772,0.171288,1.96,-2.1,0.42,-58
1787062530701,336737,Lumbar,sit,-0.020496,1.008696,0.171288,1.75,-2.52,0.42,-58
1787062531055,336912,Lumbar,sit,-0.01708,1.004304,0.172264,1.61,-1.89,0.49,-58
1787062531055,336943,Lumbar,sit,-0.01708,1.007232,0.177632,1.75,-1.82,0.42,-58
1787062531055,336961,Lumbar,sit,-0.020496,1.00772,0.177144,1.68,-1.89,0.63,-58
1787062531055,336978,Lumbar,sit,-0.022936,1.009672,0.174704,1.4,-1.89,0.77,-58
1787062531055,336995,Lumbar,sit,-0.024888,1.006744,0.172264,1.19,-1.75,0.63,-58
1787062531055,337026,Lumbar,sit,-0.022448,1.002352,0.174216,1.4,-1.33,0.49,-58
1787062531055,337043,Lumbar,sit,-0.02196,1.002352,0.17568,1.47,-1.33,0.63,-58
1787062531055,337060,Lumbar,sit,-0.020984,1.004792,0.176168,1.54,-1.05,0.7,-58
1787062531055,337077,Lumbar,sit,-0.021472,1.006744,0.177144,1.47,-0.7,0.77,-58
1787062531055,337094,Lumbar,sit,-0.018056,1.007232,0.181536,1.33,-0.63,0.77,-58
1787062531413,337270,Lumbar,sit,-0.018056,1.01016,0.171288,2.94,-0.21,0.98,-54
1787062531413,337301,Lumbar,sit,-0.02196,1.01016,0.16836,2.45,-1.12,0.77,-54
1787062531413,337318,Lumbar,sit,-0.022448,1.006744,0.16836,1.89,-1.12,0.56,-54
1787062531413,337335,Lumbar,sit,-0.020984,1.004304,0.1708,1.89,-1.05,0.7,-54
1787062531413,337352,Lumbar,sit,-0.020496,1.004792,0.171776,1.75,-1.26,0.63,-54
1787062531413,337383,Lumbar,sit,-0.01464,1.008208,0.177632,2.1,-1.47,0.63,-54
1787062531413,337400,Lumbar,sit,-0.013664,1.009672,0.177632,2.1,-1.75,0.49,-54
1787062531413,337417,Lumbar,sit,-0.013176,1.009184,0.176656,2.1,-1.89,0.49,-54
1787062531413,337434,Lumbar,sit,-0.01464,1.006744,0.17812,2.24,-2.17,0.56,-54
1787062531413,337451,Lumbar,sit,-0.015616,1.005768,0.1708,2.24,-2.17,0.7,-54
1787062531766,337624,Lumbar,sit,-0.016104,1.007232,0.166408,1.68,-2.31,0.49,-54
1787062531766,337656,Lumbar,sit,-0.021472,1.005768,0.1708,1.33,-2.1,0.56,-54
1787062531766,337673,Lumbar,sit,-0.020984,1.006256,0.170312,1.33,-1.89,0.56,-54
1787062531766,337690,Lumbar,sit,-0.017568,1.008208,0.1708,1.26,-1.96,0.49,-54
1787062531766,337706,Lumbar,sit,-0.011712,1.006256,0.1708,1.33,-2.24,0.35,-54
1787062531766,337737,Lumbar,sit,-0.012688,1.001864,0.173728,1.89,-2.52,0.35,-54
1787062531766,337754,Lumbar,sit,-0.015616,1.002352,0.172752,2.1,-2.59,0.56,-54
1787062531766,337771,Lumbar,sit,-0.018544,1.006256,0.1708,2.38,-2.38,0.56,-54
1787062531766,337788,Lumbar,sit,-0.01952,1.00772,0.172264,2.66,-2.38,0.7,-54
1787062531766,337805,Lumbar,sit,-0.01952,1.006744,0.172752,2.45,-2.24,0.7,-54
1787062532124,337980,Lumbar,sit,-0.017568,1.014064,0.166896,1.33,-3.71,0.35,-54
1787062532124,338011,Lumbar,sit,-0.017568,1.014552,0.1708,0.77,-4.34,0.28,-54
1787062532124,338028,Lumbar,sit,-0.01708,1.010648,0.177144,0.49,-3.85,-0.07,-54
1787062532124,338045,Lumbar,sit,-0.018544,1.00772,0.179096,0.28,-3.15,-0.21,-54
1787062532124,338062,Lumbar,sit,-0.020008,1.002352,0.17812,0,-2.66,-0.21,-54
1787062532124,338093,Lumbar,sit,-0.021472,0.998936,0.171288,0.77,-1.82,0.14,-54
1787062532124,338110,Lumbar,sit,-0.02196,0.99796,0.174704,1.47,-1.82,0.42,-54
1787062532124,338127,Lumbar,sit,-0.020496,1.00284,0.176656,1.61,-1.61,0.77,-54
1787062532124,338144,Lumbar,sit,-0.016592,1.010648,0.174704,1.33,-1.61,0.7,-54
1787062532124,338161,Lumbar,sit,-0.01708,1.013576,0.171776,0.91,-1.82,0.35,-54
1787062532481,338336,Lumbar,sit,-0.015128,1.002352,0.17324,1.47,-2.31,0.21,-54
1787062532481,338368,Lumbar,sit,-0.01464,1.009672,0.168848,1.54,-2.38,0.28,-54
1787062532481,338385,Lumbar,sit,-0.013176,1.011624,0.169824,0.98,-2.38,-0.07,-54
1787062532481,338402,Lumbar,sit,-0.014152,1.004792,0.175192,0.7,-2.17,-0.35,-54
1787062532481,338419,Lumbar,sit,-0.017568,1.00284,0.178608,1.12,-2.03,0.07,-54
1787062532481,338450,Lumbar,sit,-0.018544,1.010648,0.172752,0.28,-2.24,0.14,-54
1787062532481,338467,Lumbar,sit,-0.020008,1.011136,0.171288,-0.35,-2.38,-0.35,-54
1787062532481,338484,Lumbar,sit,-0.022936,1.0004,0.172752,-0.14,-2.38,-0.42,-54
1787062532481,338501,Lumbar,sit,-0.022936,0.99552,0.180072,1.82,-2.17,-0.35,-54
1787062532481,338518,Lumbar,sit,-0.020008,1.008208,0.18056,2.73,-1.89,0.35,-54
1787062532837,338694,Lumbar,sit,-0.0122,1.006744,0.17568,0.84,-2.03,0.98,-57
1787062532837,338724,Lumbar,sit,-0.0366,1.010648,0.194712,2.8,-2.45,2.03,-57
1787062532837,338742,Lumbar,sit,-0.040016,1.013576,0.18788,2.31,-2.31,2.17,-57
1787062532837,338758,Lumbar,sit,-0.040992,1.003816,0.182512,1.96,-2.94,2.03,-57
1787062532837,338775,Lumbar,sit,-0.035624,0.993568,0.168848,1.68,-3.64,2.03,-57
1787062532837,338806,Lumbar,sit,-0.022448,0.996496,0.157136,2.03,-5.88,1.96,-57
1787062532837,338823,Lumbar,sit,-0.014152,1.004792,0.162504,2.45,-6.16,1.89,-57
1787062532837,338840,Lumbar,sit,-0.010248,1.0126,0.17324,2.45,-5.95,1.68,-57
1787062532837,338857,Lumbar,sit,-0.006344,1.01504,0.17812,1.75,-5.18,1.82,-57
1787062532837,338874,Lumbar,sit,-0.001464,1.006256,0.183488,1.05,-4.83,1.82,-57
1787062533194,339049,Lumbar,sit,-0.006344,1.00528,0.169824,1.68,-1.89,0,-57
1787062533194,339080,Lumbar,sit,-0.010736,1.00284,0.167384,1.68,0.14,-1.33,-57
1787062533194,339097,Lumbar,sit,-0.012688,1.004304,0.171776,2.1,-0.21,-1.47,-57
1787062533194,339114,Lumbar,sit,-0.016104,1.006744,0.175192,2.31,-1.05,-1.47,-57
1787062533194,339131,Lumbar,sit,-0.015128,1.008696,0.176168,1.89,-1.33,-0.98,-57
1787062533194,339162,Lumbar,sit,-0.01708,1.006744,0.176168,2.17,-0.84,-1.05,-57
1787062533194,339179,Lumbar,sit,-0.022448,1.009184,0.174216,2.45,-0.91,-1.19,-57
1787062533194,339196,Lumbar,sit,-0.028792,1.008696,0.174216,1.75,-1.4,-1.19,-57
1787062533194,339213,Lumbar,sit,-0.029768,1.006744,0.175192,1.47,-2.59,-0.91,-57
1787062533194,339230,Lumbar,sit,-0.027328,1.003328,0.177632,1.61,-2.87,-0.63,-57
1787062533552,339407,Lumbar,sit,-0.026352,1.001376,0.181048,2.31,-1.54,0.63,-57
1787062533552,339438,Lumbar,sit,-0.0244,1.009672,0.17812,1.33,-1.26,0.91,-57
1787062533552,339455,Lumbar,sit,-0.022936,1.001864,0.179584,1.26,-1.19,0.77,-57
1787062533552,339472,Lumbar,sit,-0.021472,0.999424,0.184952,2.66,-1.47,0.84,-57
1787062533552,339489,Lumbar,sit,-0.018544,1.006744,0.184464,3.22,-1.4,1.12,-57
1787062533552,339520,Lumbar,sit,-0.01464,1.010648,0.179096,2.03,-0.84,1.05,-57
1787062533552,339537,Lumbar,sit,-0.01952,1.008208,0.17324,1.61,-0.63,0.7,-57
1787062533552,339554,Lumbar,sit,-0.02196,1.006744,0.17324,1.96,-0.84,0.56,-57
1787062533552,339571,Lumbar,sit,-0.027328,1.004304,0.172752,2.03,-0.98,0.7,-57
1787062533552,339588,Lumbar,sit,-0.0244,1.000888,0.172752,2.03,-1.26,1.26,-57
1787062533909,339763,Lumbar,sit,-0.01952,1.014552,0.16348,2.45,-1.96,0.42,-57
1787062533909,339795,Lumbar,sit,-0.013176,1.006256,0.1708,1.75,-2.24,0.84,-57
1787062533909,339813,Lumbar,sit,-0.013176,1.003328,0.173728,2.03,-2.03,0.98,-57
1787062533909,339830,Lumbar,sit,-0.015128,1.004304,0.174704,2.38,-1.75,0.84,-57
1787062533909,339847,Lumbar,sit,-0.016592,1.00528,0.17568,2.45,-2.1,0.7,-57
1787062533909,339864,Lumbar,sit,-0.015616,1.008208,0.175192,2.24,-1.54,0.77,-57
1787062533909,339895,Lumbar,sit,-0.018056,1.00528,0.172264,2.17,-0.35,0.56,-57
1787062533909,339912,Lumbar,sit,-0.01952,1.004792,0.169824,2.17,-0.77,0.7,-57
1787062533909,339929,Lumbar,sit,-0.017568,1.008208,0.163968,1.68,-1.05,0.63,-57
1787062533909,339946,Lumbar,sit,-0.016592,1.007232,0.162504,1.61,-2.03,0.28,-57
1787062534266,340121,Lumbar,sit,-0.017568,1.004304,0.174216,1.19,-1.4,0.14,-57
1787062534266,340152,Lumbar,sit,-0.018056,1.005768,0.168848,1.82,-1.26,0.28,-57
1787062534266,340169,Lumbar,sit,-0.020496,1.008696,0.167872,1.89,-1.4,0.42,-57
1787062534266,340186,Lumbar,sit,-0.023424,1.009184,0.16836,1.75,-1.89,0.49,-57
1787062534266,340204,Lumbar,sit,-0.023424,1.009184,0.168848,1.19,-2.1,0.49,-57
1787062534266,340235,Lumbar,sit,-0.019032,1.00284,0.172752,1.26,-2.1,0.28,-57
1787062534266,340252,Lumbar,sit,-0.020496,0.999912,0.172264,1.68,-2.17,0.07,-57
1787062534266,340269,Lumbar,sit,-0.020008,1.003328,0.175192,2.59,-2.1,0.21,-57
1787062534266,340286,Lumbar,sit,-0.022448,1.008208,0.171776,2.17,-1.33,0.35,-57
1787062534266,340303,Lumbar,sit,-0.024888,1.009672,0.1708,1.54,-1.75,0.28,-57
1787062534624,340478,Lumbar,sit,-0.016104,1.005768,0.167384,1.68,-2.45,1.05,-57
1787062534624,340510,Lumbar,sit,-0.01708,1.004792,0.16592,1.75,-3.15,0.91,-57
1787062534624,340527,Lumbar,sit,-0.015128,1.005768,0.165432,1.89,-2.1,0.84,-57
1787062534624,340544,Lumbar,sit,-0.018544,1.008696,0.165432,2.17,-1.96,0.84,-57
1787062534624,340561,Lumbar,sit,-0.01708,1.009672,0.162016,1.89,-1.89,0.63,-57
1787062534624,340592,Lumbar,sit,-0.017568,1.001864,0.162992,1.12,-2.66,0.77,-57
1787062534624,340609,Lumbar,sit,-0.019032,1.000888,0.167872,1.89,-2.87,0.84,-57
1787062534624,340626,Lumbar,sit,-0.020008,1.00528,0.174216,2.59,-2.8,0.77,-57
1787062534624,340643,Lumbar,sit,-0.018544,1.013576,0.173728,2.31,-2.17,0.63,-57
1787062534624,340660,Lumbar,sit,-0.020008,1.016016,0.1708,1.26,-2.17,0.35,-57
1787062534982,340835,Lumbar,sit,-0.015128,1.007232,0.175192,1.75,-2.31,0.35,-57
1787062534982,340866,Lumbar,sit,-0.016592,1.00528,0.171288,1.89,-2.17,-0.07,-57
1787062534982,340883,Lumbar,sit,-0.018544,1.001376,0.170312,2.03,-2.24,-0.07,-57
1787062534982,340900,Lumbar,sit,-0.01952,1.002352,0.171288,2.52,-2.45,0,-57
1787062534982,340917,Lumbar,sit,-0.023912,1.008696,0.167384,2.59,-2.52,0.28,-57
1787062534982,340948,Lumbar,sit,-0.023424,1.013088,0.16348,1.47,-2.94,0.14,-57
1787062534982,340965,Lumbar,sit,-0.020008,1.009184,0.16348,1.12,-3.15,0,-57
1787062534982,340982,Lumbar,sit,-0.017568,1.005768,0.169336,1.54,-3.01,-0.07,-57
1787062534982,340999,Lumbar,sit,-0.015128,1.006256,0.170312,1.68,-2.8,-0.07,-57
1787062534982,341016,Lumbar,sit,-0.016592,1.00528,0.171776,1.68,-2.8,-0.07,-57
1787062535339,341192,Lumbar,sit,-0.02196,1.010648,0.171288,0.84,-2.52,0.14,-58
1787062535339,341223,Lumbar,sit,-0.023912,1.00284,0.171288,0.77,-2.59,-0.21,-58
1787062535339,341240,Lumbar,sit,-0.020984,1.002352,0.172752,1.33,-2.59,0.07,-58
1787062535339,341258,Lumbar,sit,-0.018056,1.006744,0.170312,1.4,-2.17,0.35,-58
1787062535339,341275,Lumbar,sit,-0.020008,1.00772,0.172752,1.26,-3.01,0.07,-58
1787062535339,341306,Lumbar,sit,-0.020008,1.00772,0.17568,0.77,-2.73,0.07,-58
1787062535339,341323,Lumbar,sit,-0.020984,1.004304,0.174704,1.12,-2.66,0,-58
1787062535339,341340,Lumbar,sit,-0.02196,1.004304,0.173728,1.54,-2.59,0.21,-58
1787062535339,341357,Lumbar,sit,-0.021472,1.005768,0.170312,1.61,-2.59,0.21,-58
1787062535339,341374,Lumbar,sit,-0.01952,1.00772,0.169824,1.68,-2.52,0.14,-58
1787062535695,341550,Lumbar,sit,-0.018056,1.006256,0.17324,1.4,-2.17,0.14,-58
1787062535695,341581,Lumbar,sit,-0.01952,1.005768,0.17812,1.54,-2.59,0.35,-58
1787062535695,341598,Lumbar,sit,-0.020984,1.006256,0.176656,1.75,-2.73,0.49,-58
1787062535695,341615,Lumbar,sit,-0.022936,1.00772,0.174216,1.61,-2.66,0.49,-58
1787062535695,341632,Lumbar,sit,-0.02196,1.007232,0.172264,1.4,-2.52,0.42,-58
1787062535695,341663,Lumbar,sit,-0.020984,1.004304,0.17324,1.19,-2.45,0.28,-58
1787062535695,341680,Lumbar,sit,-0.020496,1.003328,0.174704,1.33,-2.31,0.28,-58
1787062535695,341697,Lumbar,sit,-0.021472,1.003816,0.172752,1.61,-2.17,0.35,-58
1787062535695,341714,Lumbar,sit,-0.021472,1.00772,0.17324,1.75,-2.17,0.28,-58
1787062535695,341731,Lumbar,sit,-0.021472,1.00772,0.17324,1.61,-2.45,0.42,-58
1787062536054,341905,Lumbar,sit,-0.02196,1.007232,0.175192,1.47,-2.59,0.21,-58
1787062536054,341937,Lumbar,sit,-0.01952,1.007232,0.173728,1.05,-2.24,0.14,-58
1787062536054,341954,Lumbar,sit,-0.01952,1.007232,0.175192,0.98,-2.31,0.14,-58
1787062536054,341972,Lumbar,sit,-0.020984,1.00528,0.176656,0.91,-2.45,0.21,-58
1787062536054,341989,Lumbar,sit,-0.02196,1.003816,0.179096,1.19,-2.45,0.21,-58
1787062536054,342006,Lumbar,sit,-0.022448,1.006256,0.180072,1.26,-2.1,0.28,-58
1787062536054,342037,Lumbar,sit,-0.024888,1.00284,0.177144,1.33,-1.96,0.35,-58
1787062536054,342054,Lumbar,sit,-0.023424,1.006744,0.17568,1.82,-2.1,0.28,-58
1787062536054,342071,Lumbar,sit,-0.020984,1.007232,0.177144,1.4,-2.24,0.42,-58
1787062536054,342088,Lumbar,sit,-0.020496,1.004792,0.179096,1.47,-2.17,0.35,-58
1787062536412,342263,Lumbar,sit,-0.021472,0.998448,0.180072,1.47,-1.33,0.49,-57
1787062536412,342295,Lumbar,sit,-0.021472,1.006744,0.178608,1.75,-1.33,0.84,-57
1787062536412,342312,Lumbar,sit,-0.023912,1.01016,0.178608,1.33,-1.33,0.77,-57
1787062536412,342329,Lumbar,sit,-0.024888,1.00772,0.180072,0.77,-1.4,0.84,-57
1787062536412,342346,Lumbar,sit,-0.025376,1.002352,0.183488,0.84,-1.19,1.05,-57
1787062536412,342377,Lumbar,sit,-0.02196,1.001864,0.179096,1.05,-0.56,1.47,-57
1787062536412,342394,Lumbar,sit,-0.020008,1.003328,0.182024,1.54,-0.21,1.4,-57
1787062536412,342411,Lumbar,sit,-0.020008,1.00528,0.181048,2.03,-0.28,1.33,-57
1787062536412,342428,Lumbar,sit,-0.01952,1.006744,0.179096,2.31,-0.56,1.33,-57
1787062536412,342445,Lumbar,sit,-0.01952,1.006744,0.179096,2.31,-0.77,1.33,-57
1787062536769,342620,Lumbar,sit,-0.016104,1.011624,0.172752,2.52,-1.47,1.05,-57
1787062536769,342652,Lumbar,sit,-0.016592,1.004304,0.172752,2.31,-3.08,0.91,-57
1787062536769,342669,Lumbar,sit,-0.013664,1.003816,0.172264,2.73,-3.08,0.91,-57
1787062536769,342687,Lumbar,sit,-0.0122,1.004792,0.170312,2.8,-2.73,0.84,-57
1787062536769,342703,Lumbar,sit,-0.010248,1.009184,0.170312,2.52,-1.82,0.77,-57
1787062536769,342720,Lumbar,sit,-0.010736,1.011136,0.172752,2.24,-0.98,0.91,-57
1787062536769,342751,Lumbar,sit,-0.01952,1.008696,0.173728,1.54,-0.91,0.91,-57
1787062536769,342768,Lumbar,sit,-0.020008,1.006256,0.171776,1.61,-1.19,0.63,-57
1787062536769,342785,Lumbar,sit,-0.016592,1.005768,0.170312,1.75,-1.33,0.42,-57
1787062536769,342802,Lumbar,sit,-0.012688,1.004304,0.167872,1.89,-1.54,0.35,-57
1787062537125,342978,Lumbar,sit,-0.017568,1.006744,0.1708,1.33,-2.1,0.56,-57
1787062537125,343009,Lumbar,sit,-0.020008,1.001864,0.173728,2.1,-2.8,0.28,-57
1787062537125,343026,Lumbar,sit,-0.02196,1.006744,0.1708,2.45,-2.38,0.42,-57
1787062537125,343043,Lumbar,sit,-0.02196,1.009184,0.168848,2.31,-1.96,0.42,-57
1787062537125,343060,Lumbar,sit,-0.021472,1.01016,0.168848,1.75,-1.75,0.42,-57
1787062537125,343091,Lumbar,sit,-0.01952,1.008208,0.168848,1.05,-1.54,0.35,-57
1787062537125,343108,Lumbar,sit,-0.01952,1.004792,0.1708,1.12,-1.61,0.35,-57
1787062537125,343125,Lumbar,sit,-0.020496,1.0004,0.171288,1.54,-1.75,0.49,-57
1787062537125,343142,Lumbar,sit,-0.019032,1.00284,0.169824,1.96,-2.24,0.77,-57
1787062537125,343159,Lumbar,sit,-0.020008,1.009672,0.166408,1.75,-2.59,0.77,-57
1787062537484,343334,Lumbar,sit,-0.018056,1.005768,0.167384,1.89,-2.31,0.21,-57
1787062537484,343365,Lumbar,sit,-0.01952,1.005768,0.170312,2.1,-2.66,0.35,-57
1787062537484,343382,Lumbar,sit,-0.020496,1.00772,0.17324,1.89,-2.73,0.56,-57
1787062537484,343400,Lumbar,sit,-0.01952,1.00528,0.174704,1.75,-2.66,0.63,-57
1787062537484,343417,Lumbar,sit,-0.018056,1.00528,0.174704,1.75,-2.52,0.63,-57
1787062537484,343448,Lumbar,sit,-0.01708,1.01016,0.174704,2.1,-2.17,0.14,-57
1787062537484,343465,Lumbar,sit,-0.018056,1.011136,0.172264,1.75,-2.24,0.07,-57
1787062537484,343482,Lumbar,sit,-0.018056,1.005768,0.168848,1.26,-2.73,0.07,-57
1787062537484,343499,Lumbar,sit,-0.017568,1.00528,0.1708,1.19,-3.01,0.28,-57
1787062537484,343516,Lumbar,sit,-0.01464,1.004304,0.172264,1.68,-3.01,0.35,-57
1787062537840,343691,Lumbar,sit,-0.021472,1.008208,0.166896,1.47,-2.66,-0.14,-51
1787062537840,343722,Lumbar,sit,-0.022936,1.006744,0.167384,1.12,-3.01,0.14,-51
1787062537840,343740,Lumbar,sit,-0.018544,1.008208,0.166408,1.12,-3.08,0.21,-51
1787062537840,343756,Lumbar,sit,-0.015616,1.009184,0.168848,0.77,-3.22,0.07,-51
1787062537840,343773,Lumbar,sit,-0.015616,1.00528,0.173728,1.05,-2.8,0,-51
1787062537840,343804,Lumbar,sit,-0.020496,1.005768,0.174216,1.61,-2.38,-0.21,-51
1787062537840,343821,Lumbar,sit,-0.02196,1.008208,0.17568,1.75,-2.59,-0.07,-51
1787062537840,343838,Lumbar,sit,-0.02196,1.008696,0.17324,1.26,-2.38,0.07,-51
1787062537840,343855,Lumbar,sit,-0.021472,1.006256,0.169824,0.7,-2.8,0,-51
1787062537840,343872,Lumbar,sit,-0.01952,1.003328,0.169336,0.77,-3.15,0,-51
1787062538195,344048,Lumbar,sit,-0.043432,0.9028,0.219112,-4.41,-2.31,-1.54,-51
1787062538195,344079,Lumbar,sit,-0.018056,0.964288,0.2074,5.11,0.07,1.19,-51
1787062538195,344096,Lumbar,sit,-0.01708,1.01992,0.18788,4.48,-2.31,1.4,-51
1787062538195,344113,Lumbar,sit,-0.030744,1.03212,0.181536,1.68,-3.01,0.35,-51
1787062538195,344130,Lumbar,sit,-0.040992,1.008696,0.187392,0.77,-2.66,0,-51
1787062538195,344161,Lumbar,sit,-0.040992,0.981856,0.197152,1.19,0.98,1.33,-51
1787062538195,344178,Lumbar,sit,-0.035136,0.981368,0.203984,2.87,3.5,2.17,-51
1787062538195,344195,Lumbar,sit,-0.03172,0.987712,0.201544,4.41,4.62,3.01,-51
1787062538195,344212,Lumbar,sit,-0.02684,1.008208,0.1952,4.55,4.48,3.15,-51
1787062538195,344229,Lumbar,sit,-0.0244,1.020896,0.184952,3.57,1.61,3.22,-51
1787062538551,344402,Lumbar,sit,-0.023424,1.008208,0.168848,3.99,-2.03,1.4,-51
1787062538551,344434,Lumbar,sit,-0.01952,1.00772,0.181048,4.13,-1.47,1.47,-51
1787062538551,344451,Lumbar,sit,-0.019032,1.011136,0.172752,3.36,-0.77,1.54,-51
1787062538551,344468,Lumbar,sit,-0.018056,1.013576,0.167872,2.8,-0.7,1.33,-51
1787062538551,344485,Lumbar,sit,-0.018056,1.01504,0.162992,1.89,-0.77,1.19,-51
1787062538551,344516,Lumbar,sit,-0.016592,1.008696,0.172752,2.1,-1.26,1.05,-51
1787062538551,344533,Lumbar,sit,-0.016592,1.006744,0.171776,2.1,-1.4,1.05,-51
1787062538551,344550,Lumbar,sit,-0.013664,1.00772,0.167872,1.89,-1.82,0.91,-51
1787062538551,344567,Lumbar,sit,-0.012688,1.008696,0.169824,1.47,-2.17,0.91,-51
1787062538551,344584,Lumbar,sit,-0.0122,1.006256,0.172264,1.05,-2.31,0.98,-51
1787062538904,344760,Lumbar,sit,-0.015128,1.00772,0.167872,1.96,-1.33,0.49,-66
1787062538904,344790,Lumbar,sit,-0.018056,1.006744,0.169824,1.61,-1.54,0.63,-66
1787062538904,344808,Lumbar,sit,-0.017568,1.009184,0.169824,1.4,-1.61,0.49,-66
1787062538904,344824,Lumbar,sit,-0.016104,1.006256,0.175192,1.4,-1.54,0.35,-66
1787062538904,344841,Lumbar,sit,-0.015616,1.003328,0.177144,1.82,-1.54,0.21,-66
1787062538904,344872,Lumbar,sit,-0.016592,1.004304,0.17568,2.24,-1.33,0.28,-66
1787062538904,344889,Lumbar,sit,-0.017568,1.009184,0.171288,2.31,-1.4,0.35,-66
1787062538904,344906,Lumbar,sit,-0.015616,1.009672,0.169824,1.96,-1.68,0.56,-66
1787062538904,344923,Lumbar,sit,-0.01464,1.008208,0.168848,1.61,-1.96,0.56,-66
1787062538904,344940,Lumbar,sit,-0.01464,1.005768,0.168848,1.54,-2.45,0.28,-66
1787062539325,345166,Lumbar,sit,-0.013664,1.011136,0.171288,2.24,-2.87,0.14,-66
1787062539325,345197,Lumbar,sit,-0.015128,1.011136,0.174704,0.91,-3.22,0.14,-66
1787062539325,345214,Lumbar,sit,-0.015128,1.006744,0.174216,0.98,-3.22,0.07,-66
1787062539325,345231,Lumbar,sit,-0.017568,1.004792,0.171288,1.26,-3.22,0,-66
1787062539325,345248,Lumbar,sit,-0.01952,1.004304,0.172264,1.54,-3.22,0.07,-66
1787062539325,345279,Lumbar,sit,-0.019032,1.00528,0.174216,1.68,-2.8,0.35,-66
1787062539325,345296,Lumbar,sit,-0.019032,1.008208,0.176656,1.75,-2.52,0.42,-66
1787062539325,345313,Lumbar,sit,-0.017568,1.010648,0.176656,1.61,-2.8,0.21,-66
1787062539325,345330,Lumbar,sit,-0.017568,1.009672,0.176168,0.98,-2.8,0.21,-66
1787062539325,345347,Lumbar,sit,-0.016104,1.01016,0.176168,0.63,-3.01,0.21,-66
1787062539673,345522,Lumbar,sit,-0.019032,1.016016,0.169336,0.63,-3.43,-0.07,-66
1787062539673,345553,Lumbar,sit,-0.018056,1.002352,0.176656,0.28,-3.85,-0.14,-66
1787062539673,345570,Lumbar,sit,-0.017568,0.999424,0.178608,1.05,-3.22,-0.07,-66
1787062539673,345587,Lumbar,sit,-0.020008,1.006256,0.17568,1.54,-2.17,0.14,-66
1787062539673,345604,Lumbar,sit,-0.020496,1.006744,0.171776,1.33,-2.45,0.07,-66
1787062539673,345635,Lumbar,sit,-0.01952,1.010648,0.170312,0.35,-3.08,0.21,-66
1787062539673,345652,Lumbar,sit,-0.01708,1.00772,0.172264,-0.21,-2.59,0.07,-66
1787062539673,345669,Lumbar,sit,-0.018544,1.00528,0.172264,-0.28,-3.01,-0.35,-66
1787062539673,345686,Lumbar,sit,-0.017568,1.001864,0.176656,0.14,-2.94,-0.42,-66
1787062539673,345703,Lumbar,sit,-0.016592,1.005768,0.176168,0.21,-2.45,-0.49,-66
1787062540029,345878,Lumbar,sit,-0.01708,1.012112,0.18056,-1.47,-1.89,-1.26,-57
1787062540029,345909,Lumbar,sit,-0.023912,1.0004,0.186416,-3.15,-2.31,-1.61,-57
1787062540029,345926,Lumbar,sit,-0.025864,0.985272,0.198128,-1.82,-2.66,-1.33,-57
1787062540029,345943,Lumbar,sit,-0.028792,0.98332,0.201056,0.07,-1.26,-0.56,-57
1787062540029,345960,Lumbar,sit,-0.030744,0.991616,0.208864,0.98,-0.84,-0.28,-57
1787062540029,345991,Lumbar,sit,-0.033672,1.00284,0.200568,1.26,0.42,0.91,-57
1787062540029,346008,Lumbar,sit,-0.037088,0.999912,0.20008,1.33,0.21,1.54,-57
1787062540029,346025,Lumbar,sit,-0.038552,0.997472,0.194712,1.68,-0.42,2.03,-57
1787062540029,346042,Lumbar,sit,-0.038552,0.99796,0.19032,2.17,-0.91,2.73,-57
1787062540029,346059,Lumbar,sit,-0.035136,1.001864,0.193248,2.52,-1.19,3.01,-57
1787062540384,346235,Lumbar,sit,-0.014152,1.014552,0.164944,2.59,-3.78,3.85,-57
1787062540384,346266,Lumbar,sit,-0.010248,1.0126,0.1708,2.1,-2.87,3.29,-57
1787062540384,346283,Lumbar,sit,-0.006832,1.010648,0.170312,2.03,-2.94,3.08,-57
1787062540384,346300,Lumbar,sit,0,1.009672,0.1708,1.96,-3.01,3.01,-57
1787062540384,346317,Lumbar,sit,0.001952,1.010648,0.170312,1.19,-2.87,2.73,-57
1787062540384,346348,Lumbar,sit,-0.005368,1.012112,0.169824,0.21,-2.31,1.89,-57
1787062540384,346365,Lumbar,sit,-0.006832,1.01016,0.1708,-0.07,-2.03,1.82,-57
1787062540384,346382,Lumbar,sit,-0.000976,1.009672,0.174704,-0.56,-1.47,1.68,-57
1787062540384,346399,Lumbar,sit,0.004392,1.008208,0.183976,0,-0.63,2.1,-57
1787062540384,346416,Lumbar,sit,0.006832,1.01016,0.188368,0.49,0.77,2.94,-57
1787062540742,346590,Lumbar,sit,-0.003904,1.006256,0.183976,2.17,-6.72,0.56,-57
1787062540742,346621,Lumbar,sit,0.010736,0.994056,0.188856,1.26,-3.71,0.63,-57
1787062540742,346638,Lumbar,sit,0.00976,0.988688,0.186904,2.94,-0.84,0.77,-57
1787062540742,346656,Lumbar,sit,0.001464,0.998936,0.18056,4.34,0.7,0.49,-57
1787062540742,346673,Lumbar,sit,-0.00488,1.010648,0.179584,3.85,0.42,0.42,-57
1787062540742,346704,Lumbar,sit,-0.009272,1.0126,0.18544,2.1,-1.68,0.56,-57
1787062540742,346721,Lumbar,sit,-0.004392,1.008696,0.190808,1.4,-2.1,0.49,-57
1787062540742,346738,Lumbar,sit,-0.003416,1.004792,0.188856,1.26,-1.61,0.35,-57
1787062540742,346755,Lumbar,sit,-0.005368,0.999912,0.186416,1.47,-1.26,0.35,-57
1787062540742,346771,Lumbar,sit,-0.003904,0.995032,0.180072,2.24,-1.26,0,-57
1787062541099,346948,Lumbar,sit,-0.012688,1.001864,0.175192,2.52,-2.73,-1.05,-56
1787062541099,346979,Lumbar,sit,-0.015616,1.013576,0.174704,2.31,-2.52,-0.28,-56
1787062541099,346996,Lumbar,sit,-0.016592,1.0126,0.173728,1.12,-2.38,-0.35,-56
1787062541099,347013,Lumbar,sit,-0.014152,1.003328,0.177632,1.26,-2.45,-0.42,-56
1787062541099,347030,Lumbar,sit,-0.01464,1.0004,0.17812,2.17,-2.66,-0.14,-56
1787062541099,347060,Lumbar,sit,-0.008784,1.008208,0.177632,2.1,-3.43,0.21,-56
1787062541099,347077,Lumbar,sit,-0.008296,1.009184,0.181048,1.75,-3.78,0.42,-56
1787062541099,347094,Lumbar,sit,-0.009272,1.011136,0.183488,1.61,-3.92,0.35,-56
1787062541099,347111,Lumbar,sit,-0.010248,1.012112,0.183488,1.19,-4.13,0.14,-56
1787062541099,347128,Lumbar,sit,-0.012688,1.007232,0.177144,0.84,-3.99,-0.14,-56
1787062541457,347304,Lumbar,sit,-0.006832,1.009184,0.175192,1.96,-5.95,-0.42,-56
1787062541457,347335,Lumbar,sit,-0.008296,1.006744,0.172264,2.1,-5.67,-0.28,-56
1787062541457,347352,Lumbar,sit,-0.008296,1.00528,0.171776,1.89,-5.32,0.14,-56
1787062541457,347370,Lumbar,sit,-0.00732,1.007232,0.171288,1.4,-5.46,0.07,-56
1787062541457,347387,Lumbar,sit,-0.006832,1.012112,0.176656,0.07,-5.74,-0.14,-56
1787062541457,347418,Lumbar,sit,-0.006832,0.99796,0.1952,1.96,-6.3,-0.84,-56
1787062541457,347434,Lumbar,sit,-0.009272,1.003328,0.194712,2.1,-6.23,-0.84,-56
1787062541457,347451,Lumbar,sit,-0.0122,1.000888,0.194712,2.03,-5.6,-0.77,-56
1787062541457,347468,Lumbar,sit,-0.016104,1.000888,0.192272,3.5,-4.27,-1.12,-56
1787062541457,347485,Lumbar,sit,-0.017568,1.008208,0.19276,4.27,-3.85,-1.4,-56
1787062541815,347661,Lumbar,sit,-0.04392,0.995032,0.189344,3.08,-6.79,4.69,-56
1787062541815,347693,Lumbar,sit,-0.006832,0.992592,0.194224,6.72,-7,2.87,-56
1787062541815,347710,Lumbar,sit,-0.006832,0.991616,0.186904,7.84,-6.16,1.96,-56
1787062541815,347728,Lumbar,sit,-0.013176,0.99064,0.16348,10.78,-5.11,1.75,-56
1787062541815,347745,Lumbar,sit,-0.011712,0.99552,0.133712,13.58,-5.39,1.96,-56
1787062541815,347762,Lumbar,sit,0.001952,1.006744,0.112728,14.91,-6.93,1.82,-56
1787062541815,347792,Lumbar,sit,0.0244,0.998448,0.098576,13.93,-7.98,2.03,-56
1787062541815,347809,Lumbar,sit,0.033672,1.00284,0.0976,13.79,-8.12,2.66,-56
1787062541815,347826,Lumbar,sit,0.034648,1.018456,0.102968,13.37,-7.63,2.73,-56
1787062541815,347843,Lumbar,sit,0.031232,1.024312,0.121024,10.92,-6.3,2.8,-56
1787062542171,348019,Lumbar,sit,0.024888,1.01016,0.130784,13.3,8.54,-0.14,-56
1787062542171,348050,Lumbar,sit,0.025376,1.045296,0.064904,15.82,10.29,1.05,-56
1787062542171,348067,Lumbar,sit,0.004392,1.049688,0.052216,13.79,9.1,0.7,-56
1787062542171,348085,Lumbar,sit,-0.019032,1.03212,0.055632,10.99,6.65,0.35,-56
1787062542171,348102,Lumbar,sit,-0.024888,1.005768,0.0732,9.87,5.25,0.91,-56
1787062542171,348133,Lumbar,sit,-0.008296,0.991616,0.085888,11.41,5.88,2.59,-56
1787062542171,348150,Lumbar,sit,0.008784,1.004792,0.081984,13.16,6.72,2.94,-56
1787062542171,348167,Lumbar,sit,0.017568,1.01992,0.079056,12.88,6.65,2.8,-56
1787062542171,348183,Lumbar,sit,0.0122,1.023336,0.077104,11.06,6.16,2.66,-56
1787062542171,348200,Lumbar,sit,-0.003416,1.028216,0.075152,10.22,5.81,2.45,-56
1787062542526,348374,Lumbar,sit,0.00244,1.006256,0.052704,6.02,-1.68,0.21,-61
1787062542526,348405,Lumbar,sit,-0.028792,1.015528,0.052704,9.38,-2.38,-1.33,-61
1787062542526,348422,Lumbar,sit,-0.032696,1.030168,0.058072,9.8,-1.89,-1.12,-61
1787062542526,348439,Lumbar,sit,-0.027816,1.03456,0.062464,7.56,-0.14,-0.21,-61
1787062542526,348456,Lumbar,sit,-0.001952,1.035536,0.066856,6.37,0.56,0.14,-61
1787062542526,348487,Lumbar,sit,0.045872,1.01748,0.085888,3.01,1.68,0,-61
1787062542526,348504,Lumbar,sit,0.052704,1.013576,0.088328,2.66,0.42,0.91,-61
1787062542526,348521,Lumbar,sit,0.032208,1.004792,0.088328,2.8,-0.35,1.75,-61
1787062542526,348538,Lumbar,sit,0.006832,1.004792,0.075152,3.64,-0.42,3.71,-61
1787062542526,348555,Lumbar,sit,0.00488,1.00772,0.054656,4.41,1.47,4.2,-61
1787062542883,348729,Lumbar,sit,0.003904,1.008696,0.042944,8.05,0,-6.79,-61
1787062542883,348759,Lumbar,sit,0.032696,1.032608,0.074664,9.1,-2.31,-9.03,-61
1787062542883,348777,Lumbar,sit,0.01952,1.052616,0.08296,8.82,-3.01,-8.19,-61
1787062542883,348793,Lumbar,sit,-0.011224,1.053104,0.07564,7.35,-3.99,-4.83,-61
1787062542883,348810,Lumbar,sit,-0.04636,1.030656,0.045384,4.9,-5.67,-0.07,-61
1787062542883,348841,Lumbar,sit,-0.035624,0.985272,0.010736,5.39,-6.44,1.82,-61
1787062542883,348858,Lumbar,sit,0.003416,0.991616,0.016104,8.33,-5.39,-0.14,-61
1787062542883,348875,Lumbar,sit,0.034648,1.012112,0.0366,8.89,-4.62,-1.47,-61
1787062542883,348892,Lumbar,sit,0.040016,1.018944,0.049288,7.35,-3.57,-1.4,-61
1787062542883,348909,Lumbar,sit,0.030256,1.025288,0.054656,6.3,-3.08,-0.91,-61
1787062543240,349084,Lumbar,sit,-0.031232,1.014064,-0.00732,6.51,-0.28,2.38,-61
1787062543240,349116,Lumbar,sit,-0.005368,1.013088,-0.004392,5.74,0.14,2.59,-61
1787062543240,349133,Lumbar,sit,0.008784,1.014552,-0.003416,4.41,1.12,3.22,-61
1787062543240,349150,Lumbar,sit,0.01464,1.014552,0.001464,4.48,1.54,3.99,-61
1787062543240,349167,Lumbar,sit,0.014152,1.018944,0.006344,3.99,1.05,4.55,-61
1787062543240,349198,Lumbar,sit,-0.008296,1.029192,0.000976,3.92,-0.42,3.29,-61
1787062543240,349215,Lumbar,sit,-0.015616,1.035048,-0.000488,2.52,-2.17,1.75,-61
1787062543240,349232,Lumbar,sit,-0.016104,1.034072,0.001464,1.89,-3.36,0.56,-61
1787062543240,349249,Lumbar,sit,-0.01464,1.025776,0.002928,2.66,-3.29,-0.07,-61
1787062543240,349266,Lumbar,sit,-0.016104,1.021384,0.00488,3.01,-4.76,0.28,-61
1787062543602,349442,Lumbar,sit,0.016104,1.030656,0.00732,-1.19,-3.85,0.21,-57
1787062543602,349473,Lumbar,sit,-0.010736,1.01748,0.013176,-2.17,-2.87,1.47,-57
1787062543602,349490,Lumbar,sit,-0.020008,1.01504,0.011712,-1.82,-3.36,1.26,-57
1787062543602,349508,Lumbar,sit,-0.00488,1.018944,0.020984,-2.52,-3.01,1.33,-57
1787062543602,349525,Lumbar,sit,0.000976,1.018944,0.021472,-2.17,-1.47,0.91,-57
1787062543602,349556,Lumbar,sit,-0.000976,1.019432,0.024888,-2.73,-2.38,0.98,-57
1787062543602,349573,Lumbar,sit,-0.004392,1.017968,0.022936,-2.03,-3.15,0.49,-57
1787062543602,349590,Lumbar,sit,-0.011224,1.01992,0.020496,-2.1,-3.43,0.28,-57
1787062543602,349607,Lumbar,sit,-0.011712,1.016992,0.024888,-2.59,-3.71,-0.07,-57
1787062543602,349624,Lumbar,sit,-0.0122,1.014552,0.02928,-2.87,-3.36,-0.14,-57
1787062543956,349800,Lumbar,sit,-0.002928,1.014552,0.04636,-1.26,-3.43,0.07,-57
1787062543956,349831,Lumbar,sit,-0.0122,1.00772,0.036112,0.63,-1.89,-0.91,-57
1787062543956,349848,Lumbar,sit,-0.012688,1.016504,0.038064,0.49,-3.85,-1.54,-57
1787062543956,349865,Lumbar,sit,-0.010736,1.016992,0.040016,0.63,-4.55,-2.03,-57
1787062543956,349882,Lumbar,sit,-0.0122,1.016992,0.040504,0.7,-4.62,-2.1,-57
1787062543956,349913,Lumbar,sit,-0.016592,1.014064,0.038064,0.7,-4.27,-1.82,-57
1787062543956,349930,Lumbar,sit,-0.013176,1.008208,0.03904,0.98,-4.34,-1.82,-57
1787062543956,349947,Lumbar,sit,-0.010248,1.014064,0.03904,1.47,-4.48,-1.82,-57
1787062543956,349964,Lumbar,sit,-0.008296,1.021872,0.04148,1.33,-4.97,-1.96,-57
1787062543956,349981,Lumbar,sit,-0.011224,1.023336,0.044408,1.33,-6.16,-1.75,-57
1787062544323,350157,Lumbar,sit,-0.020008,1.012112,0.040016,0.98,-12.32,0.28,-57
1787062544323,350189,Lumbar,sit,-0.020496,1.01504,0.033184,1.89,-13.3,0.42,-57
1787062544323,350206,Lumbar,sit,-0.019032,1.016992,0.032208,1.47,-13.65,0.63,-57
1787062544323,350224,Lumbar,sit,-0.018544,1.017968,0.032696,1.33,-13.58,0.49,-57
1787062544323,350241,Lumbar,sit,-0.01708,1.018456,0.038552,1.26,-13.65,0.42,-57
1787062544323,350258,Lumbar,sit,-0.01708,1.019432,0.042944,1.33,-13.72,0.35,-57
1787062544323,350289,Lumbar,sit,-0.016592,1.015528,0.047824,1.61,-13.86,0.63,-57
1787062544323,350306,Lumbar,sit,-0.015128,1.015528,0.045384,1.47,-13.58,0.98,-57
1787062544323,350323,Lumbar,sit,-0.015128,1.016992,0.042456,1.33,-13.02,1.19,-57
1787062544323,350340,Lumbar,sit,-0.013664,1.018456,0.04148,1.12,-12.53,1.26,-57
1787062544670,350516,Lumbar,sit,-0.008296,1.016992,0.048312,0.07,-7.77,1.54,-57
1787062544670,350547,Lumbar,sit,-0.001464,1.016992,0.049776,0.56,-5.04,1.33,-57
1787062544670,350564,Lumbar,sit,0.001464,1.020896,0.047824,0.49,-4.62,1.12,-57
1787062544670,350581,Lumbar,sit,0.000488,1.020896,0.046848,0.42,-4.2,0.98,-57
1787062544670,350598,Lumbar,sit,-0.004392,1.018456,0.043432,-0.28,-3.78,0.91,-57
1787062544670,350629,Lumbar,sit,-0.011712,1.012112,0.040504,0.49,-3.71,0.84,-57
1787062544670,350646,Lumbar,sit,-0.00976,1.014552,0.043432,1.12,-3.71,0.77,-57
1787062544670,350663,Lumbar,sit,-0.00244,1.021872,0.052216,0.42,-3.36,0.91,-57
1787062544670,350680,Lumbar,sit,-0.001464,1.016504,0.057096,-0.35,-2.66,1.33,-57
1787062544670,350697,Lumbar,sit,0.000488,1.014064,0.059048,-0.21,-2.38,1.4,-57
1787062545027,350870,Lumbar,sit,-0.002928,1.011624,0.056608,0.77,-1.89,0.91,-61
1787062545027,350901,Lumbar,sit,-0.002928,1.018456,0.042456,1.54,-1.96,0.91,-61
1787062545027,350918,Lumbar,sit,-0.000976,1.021872,0.042944,0.84,-2.03,0.63,-61
1787062545027,350935,Lumbar,sit,-0.00244,1.021384,0.050264,0.28,-1.89,0.42,-61
1787062545027,350952,Lumbar,sit,-0.000976,1.019432,0.053192,-0.42,-0.49,0.77,-61
1787062545027,350983,Lumbar,sit,-0.006832,1.014552,0.05856,-0.35,-1.12,0.49,-61
1787062545027,351000,Lumbar,sit,-0.005856,1.012112,0.059536,0.56,-1.75,0.35,-61
1787062545027,351017,Lumbar,sit,-0.005368,1.011136,0.057096,1.12,-1.68,0.28,-61
1787062545027,351034,Lumbar,sit,-0.004392,1.016016,0.05612,1.4,-1.68,0.21,-61
1787062545027,351051,Lumbar,sit,-0.003416,1.020896,0.059536,1.12,-1.4,0.14,-61
1787062545416,351228,Lumbar,sit,-0.006344,1.013576,0.05612,0.49,0.21,0.84,-61
1787062545416,351259,Lumbar,sit,-0.005856,1.016016,0.055144,0.42,-1.47,0.56,-61
1787062545416,351276,Lumbar,sit,-0.005856,1.016016,0.059048,0.84,-1.61,0.42,-61
1787062545416,351293,Lumbar,sit,-0.005856,1.016016,0.066368,1.12,-1.54,0.56,-61
1787062545416,351310,Lumbar,sit,-0.007808,1.014552,0.067344,1.4,-1.4,0.7,-61
1787062545416,351341,Lumbar,sit,-0.010248,1.018944,0.059536,1.68,-0.98,0.91,-61
1787062545416,351358,Lumbar,sit,-0.00976,1.018944,0.059048,1.47,-1.12,0.98,-61
1787062545416,351375,Lumbar,sit,-0.008296,1.018456,0.057584,1.26,-1.54,0.98,-61
1787062545416,351392,Lumbar,sit,-0.00732,1.016992,0.05856,1.33,-2.24,0.98,-61
1787062545416,351409,Lumbar,sit,-0.005856,1.01992,0.061,1.33,-2.45,1.05,-61
1787062545744,351584,Lumbar,sit,0,1.021384,0.057584,1.68,-2.8,1.68,-61
1787062545744,351615,Lumbar,sit,0.001952,1.022848,0.061488,0,-2.66,1.54,-61
1787062545744,351632,Lumbar,sit,0.006344,1.008696,0.064416,0.28,-2.1,1.33,-61
1787062545744,351649,Lumbar,sit,0.00488,1.008208,0.06588,1.61,-1.68,1.26,-61
1787062545744,351666,Lumbar,sit,0.001952,1.016016,0.065392,2.1,-2.03,1.61,-61
1787062545744,351698,Lumbar,sit,0.006832,1.014064,0.067344,0.98,-1.82,1.82,-61
1787062545744,351715,Lumbar,sit,0.011712,1.013576,0.070272,1.33,-1.75,1.54,-61
1787062545744,351732,Lumbar,sit,0.013664,1.020896,0.074176,1.61,-1.61,1.33,-61
1787062545744,351749,Lumbar,sit,0.010736,1.02724,0.06588,1.05,-0.07,1.19,-61
1787062545744,351766,Lumbar,sit,0.006832,1.026752,0.056608,0.21,-1.12,0.77,-61
1787062546191,351938,Lumbar,sit,0.004392,1.017968,0.08296,-0.21,-0.56,-0.77,-57
1787062546191,351969,Lumbar,sit,-0.003416,1.01992,0.074176,0.35,0.91,-0.7,-57
1787062546191,351986,Lumbar,sit,-0.003416,1.025776,0.071736,-0.21,-1.12,-0.42,-57
1787062546191,352003,Lumbar,sit,-0.001464,1.025776,0.071248,-0.35,-1.89,-0.28,-57
1787062546191,352020,Lumbar,sit,-0.001464,1.024312,0.069784,-0.7,-0.98,-0.07,-57
1787062546191,352051,Lumbar,sit,-0.005856,1.011136,0.062464,-0.49,-2.03,-0.14,-57
1787062546191,352068,Lumbar,sit,-0.005368,1.006744,0.066856,0.42,-2.03,-0.21,-57
1787062546191,352085,Lumbar,sit,-0.006832,1.00528,0.067832,0.56,-1.82,0.14,-57
1787062546191,352102,Lumbar,sit,-0.00488,1.004304,0.06832,1.19,-0.91,0.21,-57
1787062546191,352119,Lumbar,sit,0.003416,0.998448,0.077104,2.1,-0.98,0.77,-57
1787062546490,352295,Lumbar,sit,-0.017568,0.999424,0.12688,19.04,0.21,6.44,-61
1787062546490,352326,Lumbar,sit,-0.022448,1.018944,0.128344,20.72,3.92,9.17,-61
1787062546490,352343,Lumbar,sit,-0.023912,1.024312,0.098576,23.1,5.95,9.73,-61
1787062546490,352360,Lumbar,sit,-0.020496,1.02724,0.08296,23.45,5.81,9.24,-61
1787062546490,352377,Lumbar,sit,-0.013664,1.017968,0.064416,22.82,3.36,8.61,-61
1787062546490,352409,Lumbar,sit,0.003904,0.970144,0.040504,25.06,-0.56,8.54,-61
1787062546490,352426,Lumbar,sit,0.010248,0.96624,0.030744,27.02,-0.77,9.31,-61
1787062546490,352443,Lumbar,sit,0.006344,0.96624,0.013664,32.06,-1.4,9.73,-61
1787062546490,352460,Lumbar,sit,-0.007808,0.970632,-0.00976,37.1,-3.29,11.27,-61
1787062546490,352477,Lumbar,sit,-0.001952,0.978928,-0.02196,40.32,-4.69,12.81,-61
1787062546812,352652,Lumbar,sit,0.061,1.048224,-0.120536,56.28,-6.51,13.37,-61
1787062546812,352684,Lumbar,sit,0.121024,1.019432,-0.196176,53.27,-5.18,12.88,-61
1787062546812,352701,Lumbar,sit,0.133712,1.009184,-0.216672,52.64,-4.76,14.35,-61
1787062546812,352718,Lumbar,sit,0.152256,0.995032,-0.27084,48.72,-4.41,14.28,-61
1787062546812,352735,Lumbar,sit,0.163968,0.967704,-0.30256,44.17,-3.36,13.23,-61
1787062546812,352766,Lumbar,sit,0.153232,0.939888,-0.308416,40.32,-1.75,12.04,-61
1787062546812,352783,Lumbar,sit,0.137616,0.935984,-0.321104,39.27,-1.96,9.38,-61
1787062546812,352800,Lumbar,sit,0.135664,0.944768,-0.337696,39.9,-1.47,6.79,-61
1787062546812,352816,Lumbar,sit,0.148352,0.962824,-0.381616,38.29,-1.26,4.83,-61
1787062546812,352833,Lumbar,sit,0.156648,0.965264,-0.406016,33.11,-2.03,3.08,-61
1787062547169,353011,Lumbar,sit,0.09028,1.05652,-0.359656,33.53,-7.56,5.18,-52
1787062547169,353042,Lumbar,sit,0.089304,1.161928,-0.360632,21.91,-3.29,6.79,-52
1787062547169,353059,Lumbar,sit,0.102968,1.159488,-0.372832,19.39,-3.22,5.53,-52
1787062547169,353076,Lumbar,sit,0.11712,1.125816,-0.398696,18.55,-3.01,5.18,-52
1787062547169,353093,Lumbar,sit,0.127856,1.102392,-0.432856,21.77,-3.57,6.23,-52
1787062547169,353124,Lumbar,sit,0.135664,1.114104,-0.516792,25.83,-2.1,9.38,-52
1787062547169,353141,Lumbar,sit,0.146888,1.09068,-0.557296,28,0.84,8.82,-52
1787062547169,353158,Lumbar,sit,0.173728,1.05408,-0.563152,31.99,2.52,7.91,-52
1787062547169,353175,Lumbar,sit,0.188856,1.017968,-0.543632,37.52,4.62,6.37,-52
1787062547169,353192,Lumbar,sit,0.186904,1.012112,-0.530456,39.06,3.85,4.2,-52
1787062547580,353367,Lumbar,sit,0.135176,0.88084,-0.466528,10.92,20.86,-8.26,-52
1787062547580,353398,Lumbar,sit,0.129808,0.913536,-0.487024,5.67,13.93,-12.53,-52
1787062547580,353415,Lumbar,sit,0.130784,0.87352,-0.486048,-2.38,12.32,-11.97,-52
1787062547580,353432,Lumbar,sit,0.143472,0.828624,-0.507032,-4.76,12.46,-11.55,-52
1787062547580,353450,Lumbar,sit,0.159088,0.850096,-0.538264,-3.92,11.34,-12.53,-52
1787062547580,353481,Lumbar,sit,0.157624,0.937936,-0.52216,-9.1,9.73,-13.02,-52
1787062547580,353498,Lumbar,sit,0.142008,0.96136,-0.486048,-11.83,11.41,-12.67,-52
1787062547580,353515,Lumbar,sit,0.13176,0.97844,-0.478728,-10.99,12.46,-14.77,-52
1787062547580,353532,Lumbar,sit,0.102968,0.968192,-0.489464,-11.41,10.64,-18.48,-52
1787062547580,353549,Lumbar,sit,0.103944,0.932568,-0.472872,-10.01,3.85,-20.86,-52
1787062547891,353728,Lumbar,sit,0.10736,0.803248,-0.359656,-50.26,7,-0.35,-52
1787062547891,353759,Lumbar,sit,0.109312,0.633424,-0.338672,-62.16,17.5,11.27,-52
1787062547891,353776,Lumbar,sit,0.016104,0.56852,-0.33672,-53.34,20.16,10.5,-52
1787062547891,353794,Lumbar,sit,-0.017568,0.52704,-0.396256,-38.36,24.36,5.6,-52
1787062547891,353811,Lumbar,sit,-0.008296,0.532408,-0.45628,-18.13,33.11,6.93,-52
1787062547891,353828,Lumbar,sit,0.029768,0.711504,-0.50752,0.07,29.54,15.12,-52
1787062547891,353859,Lumbar,sit,0.280112,1.084336,-0.395768,-12.32,17.01,14.63,-52
1787062547891,353876,Lumbar,sit,0.421144,1.12484,-0.254248,-34.79,21.98,0,-52
1787062547891,353893,Lumbar,sit,0.411872,1.000888,-0.148352,-42.49,25.83,-10.01,-52
1787062547891,353910,Lumbar,sit,0.371368,0.937448,-0.123952,-37.52,30.59,-12.11,-52
1787062548250,354089,Lumbar,sit,0.136152,0.884744,-0.187392,-36.05,4.83,-13.09,-52
1787062548250,354121,Lumbar,sit,0.213256,0.910608,-0.268888,1.47,4.27,-11.76,-52
1787062548250,354138,Lumbar,sit,0.174704,1.01748,-0.372344,31.57,0.28,-11.27,-52
1787062548250,354156,Lumbar,sit,-0.003904,1.152656,-0.410896,27.79,-4.34,-7.42,-52
1787062548250,354173,Lumbar,sit,-0.155184,1.147776,-0.42944,-7,-7.14,-4.41,-52
1787062548250,354190,Lumbar,sit,-0.190808,1.015528,-0.30988,-41.44,-15.96,1.89,-52
1787062548250,354221,Lumbar,sit,-0.038064,0.782264,-0.128832,-34.3,-35.91,6.23,-52
1787062548250,354238,Lumbar,sit,0.068808,0.80032,-0.06344,-8.54,-38.01,3.08,-52
1787062548250,354255,Lumbar,sit,0.133712,0.926224,-0.061,3.5,-33.88,3.08,-52
1787062548250,354272,Lumbar,sit,0.137616,1.0126,-0.107848,-1.75,-26.32,7.21,-52
1787062548654,354448,Lumbar,sit,0.11956,1.060912,-0.093696,-8.4,-6.65,5.53,-62
1787062548654,354480,Lumbar,sit,0.062464,1.045784,-0.099064,-15.05,2.59,5.25,-62
1787062548654,354497,Lumbar,sit,0.054168,1.037488,-0.108336,-16.66,5.39,5.39,-62
1787062548654,354514,Lumbar,sit,0.045384,1.034072,-0.128832,-17.36,4.97,5.39,-62
1787062548654,354532,Lumbar,sit,0.039528,1.037488,-0.125416,-19.32,1.89,4.62,-62
1787062548654,354549,Lumbar,sit,0.03416,1.02968,-0.105896,-20.72,-0.21,2.8,-62
1787062548654,354580,Lumbar,sit,0.04148,0.993568,-0.081984,-25.2,1.54,0.91,-62
1787062548654,354597,Lumbar,sit,0.040992,0.942328,-0.06832,-25.27,3.01,1.47,-62
1787062548654,354614,Lumbar,sit,0.040016,1.003328,-0.057584,-19.6,1.47,3.71,-62
1787062548654,354631,Lumbar,sit,0.034648,0.787144,-0.000488,13.93,14.63,-24.08,-62
1787062548973,354808,Lumbar,sit,0.007808,1.08092,-0.069784,-12.46,-15.96,2.1,-62
1787062548973,354839,Lumbar,sit,0.075152,1.016992,-0.093208,4.97,-4.06,-4.27,-62
1787062548973,354856,Lumbar,sit,0.069296,1.045784,-0.098088,-16.1,-7.84,-5.25,-62
1787062548973,354874,Lumbar,sit,0.066856,1.02968,-0.072712,-7.42,-9.1,-5.32,-62
1787062548973,354891,Lumbar,sit,0.061488,1.021384,-0.053192,-16.52,-7.42,1.82,-62
1787062548973,354922,Lumbar,sit,0.094672,0.891576,0.05124,-14.42,8.89,-10.15,-62
1787062548973,354940,Lumbar,sit,-0.023424,0.96136,-0.063928,30.24,9.66,-8.4,-62
1787062548973,354956,Lumbar,sit,0.007808,1.07848,-0.044408,10.71,0.14,-5.04,-62
1787062548973,354973,Lumbar,sit,0.022448,1.001376,-0.040016,9.17,-3.64,-7.35,-62
1787062548973,354990,Lumbar,sit,0.017568,1.040416,-0.069296,8.75,-18.13,-5.39,-62
1787062549331,355168,Lumbar,sit,0.033672,1.015528,-0.058072,7.7,-3.29,-1.89,-62
1787062549331,355200,Lumbar,sit,0.040992,0.997472,-0.025864,3.36,-8.33,-0.14,-62
1787062549331,355217,Lumbar,sit,0.038552,1.012112,-0.038064,5.88,-10.01,0.49,-62
1787062549331,355235,Lumbar,sit,0.042456,1.0248,-0.049288,7.28,-10.36,-0.14,-62
1787062549331,355252,Lumbar,sit,0.049776,1.025776,-0.055632,7.56,-10.01,-0.98,-62
1787062549331,355269,Lumbar,sit,0.055632,1.028704,-0.062952,6.02,-9.17,-0.98,-62
1787062549331,355300,Lumbar,sit,0.061,1.007232,-0.049288,2.24,-7.21,-0.21,-62
1787062549331,355317,Lumbar,sit,0.06344,1.002352,-0.044896,2.8,-7.21,-0.07,-62
1787062549331,355334,Lumbar,sit,0.063928,1.006744,-0.052216,4.69,-6.93,0.07,-62
1787062549331,355351,Lumbar,sit,0.06344,1.01504,-0.057096,5.32,-5.25,-0.42,-62
1787062549687,355527,Lumbar,sit,0.043432,1.022848,-0.067832,-1.47,1.61,-1.68,-57
1787062549687,355558,Lumbar,sit,0.023912,1.018456,-0.046848,-3.22,1.54,-1.68,-57
1787062549687,355575,Lumbar,sit,0.019032,1.013576,-0.040016,-3.5,1.54,-1.61,-57
1787062549687,355592,Lumbar,sit,0.012688,1.01016,-0.040016,-3.15,1.12,-1.47,-57
1787062549687,355609,Lumbar,sit,0.010736,1.01016,-0.04148,-2.59,-0.07,-1.4,-57
1787062549687,355640,Lumbar,sit,0.018544,1.01016,-0.041968,-1.26,-1.61,-1.26,-57
1787062549687,355657,Lumbar,sit,0.01952,1.0126,-0.0488,-1.12,-2.73,-1.12,-57
1787062549687,355674,Lumbar,sit,0.016104,1.011624,-0.050264,-1.19,-4.97,-1.05,-57
1787062549687,355691,Lumbar,sit,0.011712,1.011136,-0.048312,-0.7,-7,-0.7,-57
1787062549687,355708,Lumbar,sit,0.012688,1.013088,-0.047336,-0.91,-8.05,-0.28,-57
1787062550046,355884,Lumbar,sit,0.045872,0.994544,-0.0244,-2.52,-13.02,0.98,-57
1787062550046,355915,Lumbar,sit,0.04636,0.989664,-0.020496,4.06,-9.17,-0.07,-57
1787062550046,355932,Lumbar,sit,0.040016,1.005768,-0.039528,5.11,-8.82,-0.28,-57
1787062550046,355950,Lumbar,sit,0.03416,1.016504,-0.048312,4.62,-8.47,-0.42,-57
1787062550046,355966,Lumbar,sit,0.029768,1.016992,-0.04636,3.36,-8.26,-0.35,-57
1787062550046,355997,Lumbar,sit,0.031232,1.015528,-0.042456,1.54,-7,0.42,-57
1787062550046,356014,Lumbar,sit,0.030256,1.01016,-0.039528,0.98,-5.88,0.98,-57
1787062550046,356031,Lumbar,sit,0.03172,1.006744,-0.038064,1.26,-4.76,0.91,-57
1787062550046,356048,Lumbar,sit,0.038552,1.011624,-0.040016,2.17,-4.2,0.56,-57
1787062550046,356065,Lumbar,sit,0.040504,1.016504,-0.042456,2.38,-4.55,-0.14,-57
1787062550401,356241,Lumbar,sit,0.032696,1.01016,-0.030744,0.14,-0.77,0.84,-57
1787062550401,356272,Lumbar,sit,0.035624,1.013576,-0.032208,0.7,-1.26,1.05,-57
1787062550401,356289,Lumbar,sit,0.035624,1.01748,-0.035624,0.7,-1.05,1.05,-57
1787062550401,356306,Lumbar,sit,0.040504,1.0248,-0.038552,0.21,-0.91,0.84,-57
1787062550401,356323,Lumbar,sit,0.040992,1.021872,-0.037088,-0.56,-1.12,0.63,-57
1787062550401,356354,Lumbar,sit,0.035624,1.0126,-0.032696,-1.26,-0.49,0.42,-57
1787062550401,356371,Lumbar,sit,0.035136,1.00772,-0.023912,-0.91,-0.42,0.49,-57
1787062550401,356388,Lumbar,sit,0.033184,1.009184,-0.020984,-0.07,-0.28,0.63,-57
1787062550401,356405,Lumbar,sit,0.032696,1.013088,-0.020008,0,0.07,0.63,-57
1787062550401,356422,Lumbar,sit,0.03172,1.012112,-0.022448,0.42,0.07,0.7,-57
1787062550756,356596,Lumbar,sit,0.032696,1.016992,-0.037088,2.17,-2.03,0.98,-57
1787062550756,356627,Lumbar,sit,0.031232,1.01748,-0.02928,1.33,-2.66,0.84,-57
1787062550756,356644,Lumbar,sit,0.029768,1.014552,-0.020984,1.33,-2.66,0.84,-57
1787062550756,356661,Lumbar,sit,0.02928,1.013088,-0.01952,1.61,-2.52,1.05,-57
1787062550756,356678,Lumbar,sit,0.028792,1.010648,-0.028792,2.24,-2.87,1.05,-57
1787062550756,356709,Lumbar,sit,0.035624,1.009672,-0.03172,3.08,-3.99,0.7,-57
1787062550756,356726,Lumbar,sit,0.033184,1.016016,-0.021472,3.78,-4.27,0.84,-57
1787062550756,356743,Lumbar,sit,0.035624,1.023336,-0.028304,2.94,-3.78,0.98,-57
1787062550756,356760,Lumbar,sit,0.037088,1.013088,-0.032208,1.89,-2.8,0.7,-57
1787062550756,356777,Lumbar,sit,0.035624,1.011136,-0.030256,2.94,-2.31,0.77,-57
1787062551115,356952,Lumbar,sit,0.039528,1.013088,-0.038064,3.36,-3.71,1.12,-59
1787062551115,356983,Lumbar,sit,0.03904,1.014552,-0.040992,3.22,-3.78,1.12,-59
1787062551115,357000,Lumbar,sit,0.033184,1.014552,-0.039528,3.29,-3.99,0.91,-59
1787062551115,357017,Lumbar,sit,0.032208,1.013088,-0.035624,3.36,-4.13,0.84,-59
1787062551115,357033,Lumbar,sit,0.0366,1.016016,-0.037088,3.29,-3.78,1.05,-59
1787062551115,357064,Lumbar,sit,0.044408,1.020408,-0.035624,2.52,-3.36,1.26,-59
1787062551115,357082,Lumbar,sit,0.042456,1.018944,-0.037088,2.38,-2.87,1.05,-59
1787062551115,357098,Lumbar,sit,0.0366,1.014552,-0.039528,2.38,-2.45,0.63,-59
1787062551115,357115,Lumbar,sit,0.035136,1.014064,-0.03904,2.31,-2.66,0.42,-59
1787062551115,357132,Lumbar,sit,0.034648,1.013576,-0.037088,2.38,-2.8,0.42,-59
1787062551470,357307,Lumbar,sit,0.038552,1.017968,-0.046848,3.01,-2.94,0.35,-59
1787062551470,357339,Lumbar,sit,0.035136,1.017968,-0.050752,1.61,-2.73,0.21,-59
1787062551470,357356,Lumbar,sit,0.038064,1.0126,-0.047336,1.12,-3.22,0.21,-59
1787062551470,357373,Lumbar,sit,0.040504,1.007232,-0.044408,1.26,-3.5,0.07,-59
1787062551470,357390,Lumbar,sit,0.03904,1.008696,-0.044896,2.24,-2.8,0,-59
1787062551470,357421,Lumbar,sit,0.0366,1.020896,-0.052704,2.8,-2.17,-0.14,-59
1787062551470,357438,Lumbar,sit,0.034648,1.015528,-0.056608,1.89,-2.59,-0.42,-59
1787062551470,357455,Lumbar,sit,0.033672,1.009672,-0.05612,1.75,-3.15,-0.28,-59
1787062551470,357472,Lumbar,sit,0.030744,1.004792,-0.052704,2.24,-3.22,0,-59
1787062551470,357489,Lumbar,sit,0.032208,1.010648,-0.050752,2.59,-2.66,0.49,-59
1787062551827,357665,Lumbar,sit,0.035624,1.013576,-0.045384,2.03,0.35,0.91,-59
1787062551827,357696,Lumbar,sit,0.032696,1.018456,-0.045872,2.59,-0.35,0.21,-59
1787062551827,357713,Lumbar,sit,0.033184,1.019432,-0.042456,2.17,-0.91,0.07,-59
1787062551827,357730,Lumbar,sit,0.033672,1.016504,-0.045384,1.61,-0.63,0.35,-59
1787062551827,357747,Lumbar,sit,0.035136,1.011624,-0.04636,1.47,-0.35,0.63,-59
1787062551827,357778,Lumbar,sit,0.03416,1.007232,-0.045872,1.4,0.28,1.19,-59
1787062551827,357795,Lumbar,sit,0.035136,1.011136,-0.045384,1.75,0.14,0.98,-59
1787062551827,357812,Lumbar,sit,0.037576,1.01992,-0.047336,2.24,0.14,0.84,-59
1787062551827,357829,Lumbar,sit,0.038552,1.024312,-0.047824,1.75,0.21,0.49,-59
1787062551827,357846,Lumbar,sit,0.037576,1.020896,-0.05124,0.63,0.21,0.35,-59
1787062552185,358022,Lumbar,sit,0.035136,1.01016,-0.04148,-0.91,-2.24,0.7,-57
1787062552185,358053,Lumbar,sit,0.039528,1.008208,-0.045384,0.42,-1.89,0.7,-57
1787062552185,358070,Lumbar,sit,0.039528,1.012112,-0.04636,0.98,-2.17,0.91,-57
1787062552185,358086,Lumbar,sit,0.040992,1.021872,-0.053192,0.42,-2.24,0.84,-57
1787062552185,358104,Lumbar,sit,0.03904,1.0126,-0.049776,-0.77,-2.1,0.63,-57
1787062552185,358135,Lumbar,sit,0.035624,1.009672,-0.039528,0.07,-2.17,1.12,-57
1787062552185,358152,Lumbar,sit,0.031232,1.01016,-0.041968,0.42,-2.31,1.33,-57
1787062552185,358169,Lumbar,sit,0.036112,1.007232,-0.042456,0.7,-2.24,1.26,-57
1787062552185,358186,Lumbar,sit,0.038552,1.008208,-0.042944,1.68,-2.17,0.98,-57
1787062552185,358203,Lumbar,sit,0.039528,1.019432,-0.045872,2.1,-2.87,0.77,-57
1787062552545,358379,Lumbar,sit,0.030744,1.01748,-0.033672,0.28,-3.43,0.07,-57
1787062552545,358411,Lumbar,sit,0.03172,1.019432,-0.032696,-0.07,-3.71,-0.28,-57
1787062552545,358428,Lumbar,sit,0.032208,1.019432,-0.032208,-0.21,-4.27,-0.28,-57
1787062552545,358445,Lumbar,sit,0.03172,1.016504,-0.036112,-0.42,-4.62,-0.21,-57
1787062552545,358462,Lumbar,sit,0.031232,1.01748,-0.033184,-0.35,-5.04,-0.14,-57
1787062552545,358493,Lumbar,sit,0.035136,1.013576,-0.024888,-0.63,-4.06,0,-57
1787062552545,358510,Lumbar,sit,0.040504,1.008696,-0.0244,-0.49,-3.15,0.28,-57
1787062552545,358527,Lumbar,sit,0.04148,1.008696,-0.029768,0.14,-3.01,0.28,-57
1787062552545,358544,Lumbar,sit,0.043432,1.01016,-0.038552,0.98,-3.15,0.07,-57
1787062552545,358561,Lumbar,sit,0.045384,1.011624,-0.04392,0.98,-2.73,-0.28,-57
1787062552902,358738,Lumbar,sit,-0.005856,1.008696,-0.007808,-2.8,-10.08,-1.19,-57
1787062552902,358769,Lumbar,sit,-0.011712,1.02236,-0.00976,-1.33,-13.44,0.91,-57
1787062552902,358786,Lumbar,sit,-0.010248,1.023824,-0.013176,-2.1,-14.07,1.26,-57
1787062552902,358803,Lumbar,sit,-0.00244,1.01748,-0.015616,-1.54,-15.47,1.96,-57
1787062552902,358820,Lumbar,sit,0.003416,1.0248,-0.010248,-0.14,-17.57,2.45,-57
1787062552902,358851,Lumbar,sit,0.013664,1.025776,-0.000976,0.14,-18.76,2.66,-57
1787062552902,358868,Lumbar,sit,0.01952,1.021872,-0.00244,0.42,-18.55,3.01,-57
1787062552902,358885,Lumbar,sit,0.026352,1.025288,0.001952,0.84,-18.48,3.29,-57
1787062552902,358902,Lumbar,sit,0.027328,1.026752,0.003904,1.12,-17.64,3.08,-57
1787062552902,358919,Lumbar,sit,0.02928,1.028704,0.000488,1.05,-17.22,2.87,-57
1787062553259,359095,Lumbar,sit,0.077104,0.999912,-0.030256,3.36,-10.29,3.29,-57
1787062553259,359125,Lumbar,sit,0.076128,1.011136,-0.033672,2.94,-7.56,2.52,-57
1787062553259,359143,Lumbar,sit,0.072224,1.021384,-0.032208,2.1,-6.16,1.54,-57
1787062553259,359159,Lumbar,sit,0.06588,1.032608,-0.02684,0.56,-4.55,0.35,-57
1787062553259,359176,Lumbar,sit,0.063928,1.032608,-0.019032,-1.68,-2.38,-0.56,-57
1787062553259,359207,Lumbar,sit,0.06832,1.02724,-0.010736,-4.41,0.42,-1.12,-57
1787062553259,359224,Lumbar,sit,0.073688,1.019432,-0.00488,-5.25,2.31,-1.47,-57
1787062553259,359241,Lumbar,sit,0.076128,1.013088,-0.000488,-5.32,4.06,-1.54,-57
1787062553259,359258,Lumbar,sit,0.077104,1.005768,0.006344,-4.69,5.11,-1.54,-57
1787062553259,359275,Lumbar,sit,0.0732,1.009184,0.008784,-3.36,8.68,-1.82,-57
1787062553615,359452,Lumbar,sit,0.015616,1.02236,0.004392,0.98,21.14,-4.34,-57
1787062553615,359483,Lumbar,sit,0.001464,1.014064,0.01708,0.91,19.25,-3.36,-57
1787062553615,359500,Lumbar,sit,0.001952,1.009184,0.0122,1.47,18.41,-2.38,-57
1787062553615,359517,Lumbar,sit,0.004392,1.000888,0.008784,2.03,17.64,-2.24,-57
1787062553615,359534,Lumbar,sit,0.00976,0.998448,0.009272,2.87,16.38,-2.38,-57
1787062553615,359565,Lumbar,sit,0.012688,1.0248,0.00488,5.25,13.37,-2.59,-57
1787062553615,359582,Lumbar,sit,0.012688,1.029192,0.001952,3.64,11.97,-2.52,-57
1787062553615,359599,Lumbar,sit,0.010248,1.025776,-0.003416,2.66,11.34,-2.31,-57
1787062553615,359616,Lumbar,sit,0.008296,1.011136,-0.00244,1.54,9.94,-1.61,-57
1787062553615,359633,Lumbar,sit,0.006832,1.00284,0.001464,1.68,8.4,-0.7,-57
1787062553972,359808,Lumbar,sit,0.006832,1.00772,0.015616,-3.36,-7.56,5.25,-57
1787062553972,359839,Lumbar,sit,0.023424,1.030656,0.018056,-2.52,-10.57,5.6,-57
1787062553972,359856,Lumbar,sit,0.024888,1.031632,0.020496,-2.8,-10.71,5.53,-57
1787062553972,359873,Lumbar,sit,0.023424,1.028704,0.024888,-3.08,-10.92,5.39,-57
1787062553972,359891,Lumbar,sit,0.022936,1.027728,0.02684,-2.8,-12.11,4.97,-57
1787062553972,359922,Lumbar,sit,0.020984,1.020896,0.025376,-2.17,-12.32,3.5,-57
1787062553972,359939,Lumbar,sit,0.021472,1.012112,0.025376,-1.4,-12.46,3.43,-57
1787062553972,359956,Lumbar,sit,0.023912,1.005768,0.03172,-0.21,-13.09,3.43,-57
1787062553972,359973,Lumbar,sit,0.027328,1.004792,0.037576,1.68,-13.58,3.64,-57
1787062553972,359990,Lumbar,sit,0.03172,1.0126,0.032696,2.87,-13.3,3.36,-57
1787062554332,360165,Lumbar,sit,0.060512,1.009184,0.018056,5.11,-4.83,0,-57
1787062554332,360196,Lumbar,sit,0.054656,1.00772,0.006832,4.41,-0.63,-0.28,-57
1787062554332,360214,Lumbar,sit,0.05124,1.000888,0.00244,4.69,0.14,-0.28,-57
1787062554332,360231,Lumbar,sit,0.047824,1.015528,0.006344,5.6,0.28,-0.35,-57
1787062554332,360248,Lumbar,sit,0.04636,1.033584,0.006832,4.48,0.91,-0.7,-57
1787062554332,360265,Lumbar,sit,0.043432,1.034072,0.010736,1.47,2.45,-1.05,-57
1787062554332,360296,Lumbar,sit,0.0366,1.023336,0.015616,-1.05,3.22,-0.84,-57
1787062554332,360313,Lumbar,sit,0.032208,1.025288,0.023424,-1.19,3.22,-0.49,-57
1787062554332,360330,Lumbar,sit,0.033672,1.030656,0.018544,-1.05,3.85,-0.49,-57
1787062554332,360347,Lumbar,sit,0.033184,1.033096,0.013664,-1.26,4.2,-0.7,-57
1787062554687,360523,Lumbar,sit,0.023424,1.014552,0.01464,3.78,-0.63,0.91,-58
1787062554687,360554,Lumbar,sit,0.030744,1.017968,0.008296,3.92,0.21,1.12,-58
1787062554687,360571,Lumbar,sit,0.033672,1.01748,0.00732,3.64,0.21,1.05,-58
1787062554687,360588,Lumbar,sit,0.034648,1.0126,0.006832,4.06,-0.56,0.84,-58
1787062554687,360605,Lumbar,sit,0.033672,1.011624,0.00488,4.55,-1.4,0.7,-58
1787062554687,360636,Lumbar,sit,0.030256,1.01504,0.000488,4.69,-1.61,0.7,-58
1787062554687,360653,Lumbar,sit,0.028304,1.018944,-0.000976,4.62,-1.75,0.84,-58
1787062554687,360670,Lumbar,sit,0.028792,1.019432,0.000976,3.92,-1.75,0.98,-58
1787062554687,360687,Lumbar,sit,0.02928,1.01748,0.00244,3.57,-1.68,1.12,-58
1787062554687,360704,Lumbar,sit,0.031232,1.014552,0.006344,3.15,-1.54,1.19,-58
1787062555043,360879,Lumbar,sit,0.036112,1.022848,0.006344,2.03,-2.03,1.4,-58
1787062555043,360911,Lumbar,sit,0.033184,1.014064,0.003416,2.38,-2.03,1.19,-58
1787062555043,360928,Lumbar,sit,0.033184,1.021872,0.00244,3.01,-2.73,1.33,-58
1787062555043,360945,Lumbar,sit,0.0366,1.026264,0.005368,2.45,-2.59,1.05,-58
1787062555043,360962,Lumbar,sit,0.037088,1.025776,0.007808,1.96,-1.68,0.56,-58
1787062555043,360993,Lumbar,sit,0.040016,1.012112,0.00488,2.03,-1.54,0.49,-58
1787062555043,361010,Lumbar,sit,0.040992,1.013088,0.003904,2.52,-1.96,0.77,-58
1787062555043,361027,Lumbar,sit,0.044408,1.016016,0.006832,2.59,-1.96,0.84,-58
1787062555043,361044,Lumbar,sit,0.045872,1.011136,0.011712,2.8,-1.4,0.84,-58
1787062555043,361061,Lumbar,sit,0.0488,1.006744,0.006832,3.99,-0.56,0.49,-58
1787062555404,361235,Lumbar,sit,0.043432,1.019432,0.003904,2.8,-2.8,1.05,-58
1787062555404,361266,Lumbar,sit,0.044408,1.016504,0.003416,1.75,-2.66,1.12,-58
1787062555404,361284,Lumbar,sit,0.046848,1.01504,0.005368,2.17,-2.38,0.84,-58
1787062555404,361301,Lumbar,sit,0.048312,1.013576,0.005368,2.45,-2.1,0.56,-58
1787062555404,361318,Lumbar,sit,0.04636,1.011136,0.001464,3.15,-1.47,0.42,-58
1787062555404,361335,Lumbar,sit,0.041968,1.016016,-0.003416,3.71,-1.19,0.35,-58
1787062555404,361366,Lumbar,sit,0.036112,1.020896,-0.005368,2.87,-1.61,0.49,-58
1787062555404,361383,Lumbar,sit,0.0366,1.01748,-0.006832,2.24,-1.82,0.77,-58
1787062555404,361400,Lumbar,sit,0.0366,1.0126,-0.003904,2.24,-2.24,0.91,-58
1787062555404,361417,Lumbar,sit,0.038552,1.012112,-0.000976,2.73,-2.45,1.19,-58
1787062555763,361591,Lumbar,sit,0.043432,1.011136,-0.000976,1.19,-3.36,0.63,-57
1787062555763,361622,Lumbar,sit,0.04392,1.018456,-0.001464,1.26,-2.73,0.84,-57
1787062555763,361639,Lumbar,sit,0.044408,1.013576,-0.003904,1.26,-2.87,0.35,-57
1787062555763,361656,Lumbar,sit,0.04392,1.014064,-0.001952,2.17,-2.87,0,-57
1787062555763,361673,Lumbar,sit,0.045384,1.026264,-0.00488,2.45,-2.66,-0.42,-57
1787062555763,361704,Lumbar,sit,0.045384,1.02236,-0.006344,0.91,-2.31,-0.56,-57
1787062555763,361721,Lumbar,sit,0.044408,1.014552,-0.006344,0.42,-1.89,-0.35,-57
1787062555763,361738,Lumbar,sit,0.041968,1.009672,-0.007808,0.7,-1.89,-0.14,-57
1787062555763,361755,Lumbar,sit,0.0366,1.008208,-0.008784,0.98,-1.89,-0.07,-57
1787062555763,361772,Lumbar,sit,0.039528,1.013576,-0.011712,1.75,-2.45,0,-57
1787062556114,361948,Lumbar,sit,0.044408,1.016992,-0.00732,2.24,-4.27,0.63,-57
1787062556114,361979,Lumbar,sit,0.044408,1.0126,-0.006344,2.03,-3.64,0.63,-57
1787062556114,361996,Lumbar,sit,0.044408,1.012112,-0.007808,2.45,-3.78,0.77,-57
1787062556114,362013,Lumbar,sit,0.042944,1.016016,-0.00732,2.52,-3.99,0.91,-57
1787062556114,362030,Lumbar,sit,0.042456,1.017968,-0.006832,2.31,-4.06,0.7,-57
1787062556114,362061,Lumbar,sit,0.038552,1.01748,-0.00244,1.96,-4.48,0.7,-57
1787062556114,362078,Lumbar,sit,0.03904,1.01748,-0.002928,1.89,-4.34,0.77,-57
1787062556114,362095,Lumbar,sit,0.04148,1.016504,-0.005368,1.82,-4.27,0.84,-57
1787062556114,362112,Lumbar,sit,0.044896,1.01504,-0.003416,2.03,-4.34,0.84,-57
1787062556114,362129,Lumbar,sit,0.04636,1.016016,-0.004392,2.24,-4.48,0.77,-57
1787062556474,362303,Lumbar,sit,0.04392,1.013088,-0.008784,2.03,-3.43,0.84,-57
1787062556474,362334,Lumbar,sit,0.044896,1.01016,-0.0122,3.64,-2.87,0.91,-57
1787062556474,362351,Lumbar,sit,0.044896,1.016016,-0.013176,4.06,-2.94,0.7,-57
1787062556474,362368,Lumbar,sit,0.046848,1.028704,-0.009272,3.57,-2.66,0.56,-57
1787062556474,362385,Lumbar,sit,0.045384,1.02724,-0.008296,2.17,-1.96,0.14,-57
1787062556474,362416,Lumbar,sit,0.04148,1.01992,-0.005856,1.26,-1.4,0.28,-57
1787062556474,362433,Lumbar,sit,0.039528,1.01504,-0.00488,1.4,-1.05,0.35,-57
1787062556474,362450,Lumbar,sit,0.039528,1.018456,-0.007808,1.61,-0.49,0.21,-57
1787062556474,362467,Lumbar,sit,0.037576,1.020896,-0.011712,1.47,-0.56,0.14,-57
1787062556474,362484,Lumbar,sit,0.038552,1.021384,-0.015616,0.77,-0.84,0.07,-57
