pc_timestamp,arduino_ms,node_position,activity,ax,ay,az,gx,gy,gz,rssi
1787066398775,187503,Lumbar,sit,-0.148352,0.989664,0.209352,-1.61,-1.61,0.07,-44
1787066398775,187520,Lumbar,sit,-0.145424,0.985272,0.20984,-1.12,-2.38,0.14,-44
1787066398775,187551,Lumbar,sit,-0.1464,0.983808,0.213744,-0.7,-2.38,0.49,-44
1787066398775,187568,Lumbar,sit,-0.144448,0.982344,0.21472,0.28,-1.96,0.42,-44
1787066398775,187585,Lumbar,sit,-0.14396,0.98332,0.215696,1.33,-1.89,0.14,-44
1787066398775,187602,Lumbar,sit,-0.144936,0.987224,0.215696,1.61,-1.96,0.07,-44
1787066398775,187619,Lumbar,sit,-0.147376,0.990152,0.214232,1.4,-1.96,0.28,-44
1787066398775,187650,Lumbar,sit,-0.148352,0.987712,0.21228,-0.07,-2.17,0.35,-44
1787066398775,187667,Lumbar,sit,-0.147376,0.985272,0.214232,0.28,-1.82,0.42,-44
1787066398775,187684,Lumbar,sit,-0.145424,0.981856,0.21472,0.7,-1.68,0.35,-44
1787066399133,187859,Lumbar,sit,-0.1464,0.983808,0.216184,1.89,-2.66,0.21,-44
1787066399133,187891,Lumbar,sit,-0.14396,0.98576,0.219112,3.22,-2.38,0.21,-44
1787066399133,187908,Lumbar,sit,-0.144936,0.988688,0.216672,3.15,-2.17,0.07,-44
1787066399133,187925,Lumbar,sit,-0.145424,0.992104,0.21716,3.15,-2.03,-0.14,-44
1787066399133,187942,Lumbar,sit,-0.145424,0.994544,0.21472,3.22,-1.89,-0.42,-44
1787066399133,187973,Lumbar,sit,-0.144936,0.990152,0.209352,2.38,-1.82,-0.63,-44
1787066399133,187990,Lumbar,sit,-0.144936,0.984784,0.209352,2.17,-1.75,-0.7,-44
1787066399133,188007,Lumbar,sit,-0.146888,0.982344,0.210816,2.31,-1.82,-0.7,-44
1787066399133,188024,Lumbar,sit,-0.145912,0.98088,0.213744,2.8,-1.82,-0.77,-44
1787066399133,188041,Lumbar,sit,-0.1464,0.983808,0.21228,3.22,-1.89,-0.7,-44
1787066399490,188216,Lumbar,sit,-0.160064,0.983808,0.210328,4.55,-3.78,0.21,-44
1787066399490,188247,Lumbar,sit,-0.159576,0.9882,0.201544,4.97,-3.43,0.84,-44
1787066399490,188264,Lumbar,sit,-0.158112,0.991128,0.199592,4.83,-2.8,0.91,-44
1787066399490,188281,Lumbar,sit,-0.155672,0.99064,0.199592,4.97,-2.45,0.84,-44
1787066399490,188297,Lumbar,sit,-0.151768,0.992592,0.199592,5.39,-2.24,0.7,-44
1787066399490,188328,Lumbar,sit,-0.150792,0.997472,0.196664,5.18,-3.36,1.26,-44
1787066399490,188345,Lumbar,sit,-0.149816,1.001376,0.194224,3.85,-3.5,1.4,-44
1787066399490,188362,Lumbar,sit,-0.1464,0.999912,0.193736,2.52,-3.43,1.68,-44
1787066399490,188379,Lumbar,sit,-0.142984,0.994056,0.194712,1.96,-2.94,1.82,-44
1787066399490,188396,Lumbar,sit,-0.14152,0.989664,0.193736,1.82,-2.45,1.61,-44
1787066399848,188571,Lumbar,sit,-0.14152,0.983808,0.206424,1.61,-3.15,-0.07,-47
1787066399848,188603,Lumbar,sit,-0.145424,0.986736,0.203984,2.94,-2.38,0.07,-47
1787066399848,188620,Lumbar,sit,-0.146888,0.99308,0.200568,2.87,-2.17,0.14,-47
1787066399848,188638,Lumbar,sit,-0.14884,0.996008,0.198128,2.59,-1.89,0.21,-47
1787066399848,188655,Lumbar,sit,-0.148352,0.996496,0.195688,2.03,-1.54,0.07,-47
1787066399848,188672,Lumbar,sit,-0.149816,0.99552,0.193248,1.54,-1.61,-0.07,-47
1787066399848,188703,Lumbar,sit,-0.150792,0.990152,0.192272,1.47,-1.89,0,-47
1787066399848,188720,Lumbar,sit,-0.149328,0.989176,0.192272,1.4,-1.89,0.07,-47
1787066399848,188737,Lumbar,sit,-0.148352,0.987224,0.193736,1.61,-1.68,0,-47
1787066399848,188754,Lumbar,sit,-0.146888,0.987224,0.194224,2.03,-1.61,0,-47
1787066400208,188930,Lumbar,sit,-0.15128,0.99308,0.19276,-0.14,-2.31,0.56,-47
1787066400208,188962,Lumbar,sit,-0.149816,0.9882,0.201056,-0.14,-1.54,-0.07,-47
1787066400208,188979,Lumbar,sit,-0.149816,0.988688,0.204472,0.35,-1.68,0,-47
1787066400208,188996,Lumbar,sit,-0.150304,0.99308,0.198616,0.7,-1.96,0.07,-47
1787066400208,189013,Lumbar,sit,-0.150792,0.994544,0.1952,-0.42,-2.1,0.21,-47
1787066400208,189044,Lumbar,sit,-0.147376,0.986736,0.198616,-0.28,-1.82,0.21,-47
1787066400208,189061,Lumbar,sit,-0.148352,0.984296,0.205448,0.7,-1.54,0.42,-47
1787066400208,189078,Lumbar,sit,-0.15128,0.987224,0.206912,1.12,-1.61,0.63,-47
1787066400208,189095,Lumbar,sit,-0.152256,0.991128,0.201056,0.35,-1.89,0.7,-47
1787066400208,189112,Lumbar,sit,-0.15372,0.997472,0.198616,-0.42,-2.1,0.7,-47
1787066400559,189285,Lumbar,sit,-0.150304,0.991128,0.200568,0.14,-2.45,0.91,-47
1787066400559,189316,Lumbar,sit,-0.1464,0.989176,0.205448,-0.28,-2.73,0.7,-47
1787066400559,189333,Lumbar,sit,-0.144936,0.986736,0.20984,0.35,-2.8,0.42,-47
1787066400559,189350,Lumbar,sit,-0.144448,0.989176,0.206424,0.91,-2.87,0.42,-47
1787066400559,189367,Lumbar,sit,-0.146888,0.990152,0.203984,0.84,-3.08,0.49,-47
1787066400559,189398,Lumbar,sit,-0.14884,0.989664,0.215208,0.35,-3.01,0.91,-47
1787066400559,189415,Lumbar,sit,-0.147376,0.990152,0.218624,0.49,-2.24,0.84,-47
1787066400559,189432,Lumbar,sit,-0.147376,0.9882,0.219112,0.49,-2.1,0.77,-47
1787066400559,189449,Lumbar,sit,-0.145912,0.986248,0.21716,0.28,-1.89,0.63,-47
1787066400559,189466,Lumbar,sit,-0.146888,0.984784,0.215208,0.63,-1.89,0.49,-47
1787066400917,189641,Lumbar,sit,-0.148352,0.987712,0.202032,2.38,-2.31,0.07,-47
1787066400917,189672,Lumbar,sit,-0.147376,0.993568,0.20496,2.17,-1.75,0.28,-47
1787066400917,189689,Lumbar,sit,-0.14884,0.994544,0.206424,1.89,-1.75,0.35,-47
1787066400917,189706,Lumbar,sit,-0.147376,0.991616,0.2074,1.05,-1.75,0.14,-47
1787066400917,189723,Lumbar,sit,-0.145424,0.986248,0.210816,0.84,-2.17,-0.28,-47
1787066400917,189754,Lumbar,sit,-0.145424,0.981368,0.213256,2.17,-3.15,-0.14,-47
1787066400917,189771,Lumbar,sit,-0.147864,0.984784,0.211304,2.73,-3.08,0.14,-47
1787066400917,189788,Lumbar,sit,-0.148352,0.987224,0.214232,3.08,-2.31,0.21,-47
1787066400917,189805,Lumbar,sit,-0.147376,0.99064,0.21472,3.29,-1.96,0.14,-47
1787066400917,189822,Lumbar,sit,-0.147864,0.990152,0.21472,3.29,-2.03,-0.07,-47
1787066401274,189998,Lumbar,sit,-0.150304,0.986736,0.207888,3.99,-1.89,0.14,-59
1787066401274,190030,Lumbar,sit,-0.150304,0.993568,0.20008,3.36,-1.96,0.7,-59
1787066401274,190047,Lumbar,sit,-0.150304,0.99796,0.196664,2.52,-1.96,0.63,-59
1787066401274,190064,Lumbar,sit,-0.148352,0.994544,0.199592,1.54,-2.03,0.28,-59
1787066401274,190081,Lumbar,sit,-0.144936,0.990152,0.206912,1.54,-2.38,-0.07,-59
1787066401274,190112,Lumbar,sit,-0.145424,0.986736,0.209352,2.66,-2.59,0,-59
1787066401274,190129,Lumbar,sit,-0.147376,0.989176,0.203496,2.8,-2.59,0.21,-59
1787066401274,190146,Lumbar,sit,-0.149816,0.991128,0.201056,2.52,-2.59,0.21,-59
1787066401274,190162,Lumbar,sit,-0.148352,0.99308,0.203008,2.52,-2.45,0.35,-59
1787066401274,190179,Lumbar,sit,-0.146888,0.994056,0.202032,2.45,-2.31,0.28,-59
1787066401630,190354,Lumbar,sit,-0.150792,0.982344,0.203496,2.31,-1.96,-0.77,-59
1787066401630,190385,Lumbar,sit,-0.147864,0.987712,0.205936,3.57,-1.47,-0.84,-59
1787066401630,190402,Lumbar,sit,-0.145912,0.99308,0.20252,3.5,-1.54,-0.84,-59
1787066401630,190419,Lumbar,sit,-0.145912,0.99308,0.199592,2.94,-1.61,-0.56,-59
1787066401630,190436,Lumbar,sit,-0.147864,0.993568,0.197152,2.66,-1.89,-0.28,-59
1787066401630,190467,Lumbar,sit,-0.152744,0.99064,0.196176,2.73,-2.73,0.07,-59
1787066401630,190484,Lumbar,sit,-0.153232,0.99308,0.198616,2.52,-3.01,0.56,-59
1787066401630,190501,Lumbar,sit,-0.154696,0.994056,0.19764,2.24,-2.94,0.63,-59
1787066401630,190518,Lumbar,sit,-0.155672,0.991616,0.197152,1.47,-2.38,0.35,-59
1787066401630,190535,Lumbar,sit,-0.157136,0.989664,0.201056,1.47,-2.59,0.07,-59
1787066402001,190711,Lumbar,sit,-0.144936,0.989176,0.20252,1.26,-2.38,0.63,-59
1787066402001,190742,Lumbar,sit,-0.144936,0.991128,0.203008,1.33,-1.96,0.14,-59
1787066402001,190759,Lumbar,sit,-0.147864,0.99064,0.202032,1.12,-1.82,0,-59
1787066402001,190776,Lumbar,sit,-0.147864,0.989176,0.203008,1.12,-1.61,0.14,-59
1787066402001,190793,Lumbar,sit,-0.149816,0.989664,0.204472,1.19,-1.54,0.07,-59
1787066402001,190823,Lumbar,sit,-0.149816,0.987712,0.2074,1.47,-1.82,0.42,-59
1787066402001,190840,Lumbar,sit,-0.148352,0.988688,0.204472,1.75,-2.03,0.56,-59
1787066402001,190857,Lumbar,sit,-0.148352,0.992104,0.199592,1.19,-2.31,0.7,-59
1787066402001,190874,Lumbar,sit,-0.147376,0.990152,0.199104,0.56,-2.38,0.56,-59
1787066402001,190905,Lumbar,sit,-0.146888,0.985272,0.203008,0.98,-2.45,0.21,-59
1787066402362,191080,Lumbar,sit,-0.15128,0.989176,0.203984,1.4,-0.7,0.14,-65
1787066402362,191112,Lumbar,sit,-0.15128,0.995032,0.196664,1.47,-0.63,0.35,-65
1787066402362,191129,Lumbar,sit,-0.150792,0.99552,0.191784,0.07,-1.05,0.28,-65
1787066402362,191146,Lumbar,sit,-0.150792,0.989664,0.199104,-0.91,-1.54,0.35,-65
1787066402362,191163,Lumbar,sit,-0.152256,0.9882,0.204472,-0.56,-1.61,0.84,-65
1787066402362,191180,Lumbar,sit,-0.154208,0.991616,0.209352,0.84,-1.47,1.05,-65
1787066402362,191211,Lumbar,sit,-0.1586,0.997472,0.19764,-0.77,-1.19,1.12,-65
1787066402362,191228,Lumbar,sit,-0.153232,0.996984,0.193248,-1.75,-1.4,1.33,-65
1787066402362,191245,Lumbar,sit,-0.148352,0.99064,0.195688,-3.01,-1.68,1.89,-65
1787066402362,191262,Lumbar,sit,-0.150304,0.989176,0.196664,-2.17,-2.45,1.61,-65
1787066402717,191438,Lumbar,sit,-0.147864,0.982832,0.198128,5.32,-1.68,-4.62,-65
1787066402717,191470,Lumbar,sit,-0.14396,0.998936,0.191784,2.52,-3.01,-3.57,-65
1787066402717,191487,Lumbar,sit,-0.145912,1.001376,0.211304,1.89,-2.52,-3.36,-65
1787066402717,191504,Lumbar,sit,-0.15372,0.992104,0.216672,0,-1.82,-1.96,-65
1787066402717,191521,Lumbar,sit,-0.1586,0.979904,0.224968,-0.42,-1.82,-0.7,-65
1787066402717,191552,Lumbar,sit,-0.1464,0.999912,0.214232,-1.12,-3.01,0.84,-65
1787066402717,191569,Lumbar,sit,-0.143472,0.992104,0.215208,-1.33,-2.73,0.84,-65
1787066402717,191586,Lumbar,sit,-0.149816,0.982832,0.218624,-0.63,-1.4,0.7,-65
1787066402717,191603,Lumbar,sit,-0.164944,0.982832,0.215208,0.63,-0.91,0.07,-65
1787066402717,191620,Lumbar,sit,-0.181536,0.987712,0.20984,0.91,-1.33,-0.42,-65
1787066403075,191796,Lumbar,sit,-0.142496,0.975024,0.223504,3.15,-4.13,0.14,-65
1787066403075,191828,Lumbar,sit,-0.140544,0.995032,0.222528,4.97,-2.8,0.28,-65
1787066403075,191845,Lumbar,sit,-0.14152,0.998936,0.219112,3.85,-2.31,0.28,-65
1787066403075,191862,Lumbar,sit,-0.138104,0.998448,0.216672,3.36,-2.17,0.14,-65
1787066403075,191879,Lumbar,sit,-0.138104,0.994544,0.212768,2.66,-2.1,0,-65
1787066403075,191910,Lumbar,sit,-0.142008,0.985272,0.208864,2.1,-2.59,0.21,-65
1787066403075,191927,Lumbar,sit,-0.150304,0.979904,0.212768,2.38,-2.59,0.35,-65
1787066403075,191944,Lumbar,sit,-0.155672,0.980392,0.214232,2.87,-2.45,0.42,-65
1787066403075,191961,Lumbar,sit,-0.161528,0.981368,0.211304,3.22,-2.24,0.35,-65
1787066403075,191978,Lumbar,sit,-0.164456,0.98088,0.2074,3.22,-2.38,0.14,-65
1787066403431,192153,Lumbar,sit,-0.159576,0.992592,0.199592,2.8,-2.1,0.77,-61
1787066403431,192184,Lumbar,sit,-0.154696,0.983808,0.20008,3.5,-2.8,0.77,-61
1787066403431,192201,Lumbar,sit,-0.152256,0.987712,0.196176,3.71,-2.8,0.77,-61
1787066403431,192219,Lumbar,sit,-0.15128,0.992592,0.196664,3.57,-2.59,0.77,-61
1787066403431,192236,Lumbar,sit,-0.150792,0.991616,0.196664,3.22,-2.24,0.7,-61
1787066403431,192253,Lumbar,sit,-0.152256,0.9882,0.199104,3.43,-2.03,0.42,-61
1787066403431,192284,Lumbar,sit,-0.154208,0.988688,0.202032,4.2,-2.31,0,-61
1787066403431,192301,Lumbar,sit,-0.154208,0.995032,0.199104,4.06,-2.73,0.07,-61
1787066403431,192318,Lumbar,sit,-0.154696,0.996496,0.198616,3.15,-2.73,0.28,-61
1787066403431,192335,Lumbar,sit,-0.154696,0.996496,0.198128,2.66,-2.38,0.56,-61
1787066403791,192510,Lumbar,sit,-0.134688,0.9882,0.202032,2.31,-0.77,-1.33,-61
1787066403791,192542,Lumbar,sit,-0.1342,0.981856,0.20496,2.73,-0.77,-1.33,-61
1787066403791,192559,Lumbar,sit,-0.136152,0.986736,0.203984,2.66,-1.05,-0.77,-61
1787066403791,192576,Lumbar,sit,-0.140056,0.99064,0.208864,0.28,-0.28,-0.49,-61
1787066403791,192593,Lumbar,sit,-0.142984,0.989664,0.208864,-0.21,-0.7,0.7,-61
1787066403791,192624,Lumbar,sit,-0.156648,0.986248,0.189344,0.63,-2.87,2.1,-61
1787066403791,192641,Lumbar,sit,-0.172752,0.974048,0.188368,2.31,-3.15,2.38,-61
1787066403791,192658,Lumbar,sit,-0.18056,0.970144,0.198128,5.25,-1.89,1.96,-61
1787066403791,192675,Lumbar,sit,-0.191784,0.97112,0.20252,6.93,-0.84,0.7,-61
1787066403791,192692,Lumbar,sit,-0.190808,0.99064,0.204472,9.17,1.19,-0.42,-61
1787066404147,192867,Lumbar,sit,-0.159088,0.987224,0.181536,4.06,-3.92,1.26,-61
1787066404147,192899,Lumbar,sit,-0.167384,1.004304,0.189832,3.92,-2.94,-0.28,-61
1787066404147,192916,Lumbar,sit,-0.166408,1.008696,0.192272,1.47,-2.45,0.07,-61
1787066404147,192933,Lumbar,sit,-0.162504,1.00528,0.191296,-0.63,-2.66,0.84,-61
1787066404147,192950,Lumbar,sit,-0.157624,1.001376,0.188856,-1.26,-2.94,0.98,-61
1787066404147,192981,Lumbar,sit,-0.147864,0.984784,0.188368,-1.75,-3.22,0.98,-61
1787066404147,192997,Lumbar,sit,-0.147376,0.982344,0.187392,-0.77,-3.22,1.54,-61
1787066404147,193014,Lumbar,sit,-0.147376,0.983808,0.186904,-0.35,-3.01,1.68,-61
1787066404147,193031,Lumbar,sit,-0.152256,0.987712,0.184952,0.07,-2.87,1.82,-61
1787066404147,193048,Lumbar,sit,-0.15616,0.987224,0.188368,0.56,-2.87,1.54,-61
1787066404515,193224,Lumbar,sit,-0.16104,0.988688,0.195688,0.77,-2.38,1.26,-55
1787066404515,193255,Lumbar,sit,-0.160064,0.9882,0.193736,0.77,-2.24,1.19,-55
1787066404515,193272,Lumbar,sit,-0.159576,0.989664,0.194712,0.98,-2.1,1.26,-55
1787066404515,193290,Lumbar,sit,-0.158112,0.99064,0.193736,0.84,-1.82,1.12,-55
1787066404515,193307,Lumbar,sit,-0.159088,0.992104,0.191784,0.56,-1.82,1.12,-55
1787066404515,193338,Lumbar,sit,-0.15372,0.991616,0.196176,-0.28,-1.68,0.7,-55
1787066404515,193355,Lumbar,sit,-0.149816,0.989664,0.197152,-0.28,-1.75,0.56,-55
1787066404515,193372,Lumbar,sit,-0.149816,0.987712,0.196664,0.07,-1.89,0.63,-55
1787066404515,193389,Lumbar,sit,-0.15128,0.989176,0.201544,0.35,-1.96,0.7,-55
1787066404515,193406,Lumbar,sit,-0.15128,0.990152,0.201544,0.35,-1.89,0.84,-55
1787066404861,193582,Lumbar,sit,-0.158112,0.991128,0.20252,0.14,-1.75,0.42,-55
1787066404861,193613,Lumbar,sit,-0.157624,0.9882,0.203008,-0.14,-1.89,0.35,-55
1787066404861,193630,Lumbar,sit,-0.157624,0.987712,0.203008,-0.14,-1.68,0.42,-55
1787066404861,193647,Lumbar,sit,-0.155672,0.986736,0.205936,-0.07,-1.54,0.42,-55
1787066404861,193664,Lumbar,sit,-0.15616,0.987224,0.207888,0.14,-1.47,0.49,-55
1787066404861,193695,Lumbar,sit,-0.155672,0.988688,0.208864,0.49,-1.68,0.42,-55
1787066404861,193712,Lumbar,sit,-0.155672,0.989176,0.206912,0.28,-1.89,0.35,-55
1787066404861,193729,Lumbar,sit,-0.15616,0.989176,0.205936,0.14,-1.96,0.35,-55
1787066404861,193746,Lumbar,sit,-0.154208,0.988688,0.205448,0.07,-1.96,0.56,-55
1787066404861,193763,Lumbar,sit,-0.154696,0.990152,0.205936,0,-1.61,0.84,-55
1787066405218,193938,Lumbar,sit,-0.158112,0.9882,0.211792,1.05,-2.24,0.42,-55
1787066405218,193969,Lumbar,sit,-0.159576,0.9882,0.211304,0,-2.31,0.63,-55
1787066405218,193987,Lumbar,sit,-0.157136,0.98332,0.216184,0,-2.1,0.7,-55
1787066405218,194003,Lumbar,sit,-0.155672,0.979904,0.215696,0.77,-1.82,0.56,-55
1787066405218,194020,Lumbar,sit,-0.157136,0.981368,0.213256,1.54,-1.89,0.42,-55
1787066405218,194051,Lumbar,sit,-0.15616,0.984296,0.20984,2.17,-2.17,0.42,-55
1787066405218,194068,Lumbar,sit,-0.15616,0.986736,0.210328,2.38,-2.17,0.49,-55
1787066405218,194085,Lumbar,sit,-0.155184,0.98576,0.213744,2.45,-2.17,0.49,-55
1787066405218,194102,Lumbar,sit,-0.154208,0.985272,0.216184,2.59,-2.17,0.63,-55
1787066405218,194119,Lumbar,sit,-0.154696,0.986736,0.21472,2.94,-2.1,0.7,-55
1787066405575,194294,Lumbar,sit,-0.154208,0.983808,0.20984,2.38,-2.24,0.28,-49
1787066405575,194326,Lumbar,sit,-0.158112,0.983808,0.209352,2.94,-2.59,0.42,-49
1787066405575,194343,Lumbar,sit,-0.16104,0.986736,0.20984,3.08,-2.59,0.63,-49
1787066405575,194361,Lumbar,sit,-0.159576,0.988688,0.20984,3.15,-2.45,0.77,-49
1787066405575,194378,Lumbar,sit,-0.159088,0.988688,0.207888,3.01,-2.24,0.7,-49
1787066405575,194395,Lumbar,sit,-0.159088,0.989176,0.206912,2.8,-2.17,0.63,-49
1787066405575,194426,Lumbar,sit,-0.157624,0.988688,0.207888,2.59,-2.24,0.56,-49
1787066405575,194443,Lumbar,sit,-0.158112,0.9882,0.208864,2.87,-2.31,0.42,-49
1787066405575,194460,Lumbar,sit,-0.15372,0.9882,0.207888,2.94,-2.24,0.49,-49
1787066405575,194477,Lumbar,sit,-0.153232,0.988688,0.207888,3.08,-2.1,0.42,-49
1787066405930,194651,Lumbar,sit,-0.150304,0.9882,0.20496,2.66,-2.45,0.14,-49
1787066405930,194682,Lumbar,sit,-0.150792,0.989664,0.208376,3.08,-2.31,0.14,-49
1787066405930,194699,Lumbar,sit,-0.15128,0.991616,0.203496,2.38,-2.24,0.28,-49
1787066405930,194716,Lumbar,sit,-0.153232,0.991128,0.203496,1.96,-2.1,0.28,-49
1787066405930,194733,Lumbar,sit,-0.154208,0.987712,0.2074,1.68,-1.82,0.35,-49
1787066405930,194764,Lumbar,sit,-0.15372,0.984784,0.205936,2.24,-1.61,0.21,-49
1787066405930,194781,Lumbar,sit,-0.15616,0.985272,0.203984,2.73,-1.68,0.21,-49
1787066405930,194798,Lumbar,sit,-0.157136,0.987224,0.202032,2.94,-1.75,0.14,-49
1787066405930,194815,Lumbar,sit,-0.15616,0.987712,0.199104,2.8,-1.61,-0.07,-49
1787066405930,194832,Lumbar,sit,-0.157136,0.9882,0.200568,2.87,-1.61,-0.07,-49
1787066406285,195005,Lumbar,sit,-0.157624,0.99308,0.199592,3.29,-1.68,0.28,-49
1787066406285,195036,Lumbar,sit,-0.15616,0.990152,0.194712,2.24,-1.61,0.35,-49
1787066406285,195053,Lumbar,sit,-0.157624,0.98576,0.1952,2.1,-1.75,0.49,-49
1787066406285,195070,Lumbar,sit,-0.157624,0.984784,0.198616,2.59,-2.1,0.56,-49
1787066406285,195087,Lumbar,sit,-0.159088,0.986248,0.200568,3.22,-2.17,0.7,-49
1787066406285,195118,Lumbar,sit,-0.156648,0.99308,0.196664,3.22,-2.1,0.84,-49
1787066406285,195135,Lumbar,sit,-0.1586,0.99552,0.194224,2.8,-2.03,0.56,-49
1787066406285,195152,Lumbar,sit,-0.158112,0.99552,0.191784,2.24,-1.89,0.42,-49
1787066406285,195169,Lumbar,sit,-0.155672,0.994056,0.191296,1.96,-1.89,0.35,-49
1787066406285,195186,Lumbar,sit,-0.15372,0.991128,0.190808,1.61,-1.82,0.21,-49
1787066406643,195361,Lumbar,sit,-0.15616,0.988688,0.20008,0.63,-1.75,0.35,-49
1787066406643,195392,Lumbar,sit,-0.157136,0.983808,0.203496,1.19,-2.17,-0.21,-49
1787066406643,195409,Lumbar,sit,-0.157624,0.988688,0.201544,2.17,-2.45,-0.07,-49
1787066406643,195426,Lumbar,sit,-0.1586,0.991616,0.196664,1.33,-2.52,0.14,-49
1787066406643,195443,Lumbar,sit,-0.160552,0.995032,0.193736,0.77,-2.38,0.21,-49
1787066406643,195474,Lumbar,sit,-0.159088,0.988688,0.196664,1.33,-1.75,0,-49
1787066406643,195491,Lumbar,sit,-0.157136,0.985272,0.197152,1.61,-1.82,0.07,-49
1787066406643,195508,Lumbar,sit,-0.159088,0.987712,0.199104,1.82,-2.1,0.28,-49
1787066406643,195525,Lumbar,sit,-0.162016,0.992592,0.1952,1.12,-2.59,0.56,-49
1787066406643,195542,Lumbar,sit,-0.162992,0.992104,0.19764,0.28,-2.8,0.91,-49
1787066406999,195717,Lumbar,sit,-0.155672,0.99064,0.195688,0,-2.17,1.19,-46
1787066406999,195749,Lumbar,sit,-0.152256,0.986248,0.205448,-0.07,-2.31,0.77,-46
1787066406999,195766,Lumbar,sit,-0.151768,0.984784,0.205936,0.28,-2.45,0.7,-46
1787066406999,195783,Lumbar,sit,-0.151768,0.984784,0.205936,1.12,-2.45,0.7,-46
1787066406999,195800,Lumbar,sit,-0.154208,0.99064,0.20496,1.54,-2.45,0.7,-46
1787066406999,195831,Lumbar,sit,-0.154208,0.994056,0.20252,0.77,-2.31,0.56,-46
1787066406999,195847,Lumbar,sit,-0.154696,0.992104,0.201544,0.28,-2.17,0.63,-46
1787066406999,195864,Lumbar,sit,-0.152256,0.991616,0.203496,-0.07,-1.89,0.56,-46
1787066406999,195881,Lumbar,sit,-0.151768,0.988688,0.204472,-0.07,-1.82,0.42,-46
1787066406999,195898,Lumbar,sit,-0.151768,0.986736,0.204472,0.14,-1.68,0.42,-46
1787066407356,196073,Lumbar,sit,-0.156648,0.987712,0.2074,0,-2.1,0.7,-46
1787066407356,196104,Lumbar,sit,-0.15616,0.987712,0.207888,-0.21,-2.38,0.49,-46
1787066407356,196121,Lumbar,sit,-0.154696,0.987224,0.211304,-0.14,-2.24,0.35,-46
1787066407356,196138,Lumbar,sit,-0.154696,0.990152,0.213744,-0.07,-1.75,0.63,-46
1787066407356,196155,Lumbar,sit,-0.151768,0.988688,0.211792,-0.42,-1.12,0.49,-46
1787066407356,196186,Lumbar,sit,-0.150792,0.983808,0.213256,-0.49,-1.75,-0.07,-46
1787066407356,196203,Lumbar,sit,-0.148352,0.979904,0.215696,0.63,-2.45,0.14,-46
1787066407356,196220,Lumbar,sit,-0.149328,0.981368,0.21472,1.54,-2.52,0.42,-46
1787066407356,196237,Lumbar,sit,-0.149816,0.984296,0.212768,1.75,-2.45,0.49,-46
1787066407356,196254,Lumbar,sit,-0.151768,0.987224,0.211304,2.1,-2.03,0.42,-46
1787066407713,196431,Lumbar,sit,-0.155184,0.987712,0.210816,2.73,-2.1,0.42,-46
1787066407713,196462,Lumbar,sit,-0.15616,0.985272,0.21228,2.52,-2.17,0.49,-46
1787066407713,196479,Lumbar,sit,-0.154208,0.986248,0.212768,2.73,-2.24,0.63,-46
1787066407713,196497,Lumbar,sit,-0.156648,0.990152,0.20984,2.59,-2.38,0.7,-46
1787066407713,196514,Lumbar,sit,-0.15616,0.991128,0.208864,1.89,-2.52,0.49,-46
1787066407713,196545,Lumbar,sit,-0.152744,0.985272,0.211792,1.82,-2.73,0.28,-46
1787066407713,196562,Lumbar,sit,-0.151768,0.98332,0.213744,2.73,-2.59,0.21,-46
1787066407713,196579,Lumbar,sit,-0.152256,0.984296,0.213256,3.29,-2.38,0.14,-46
1787066407713,196596,Lumbar,sit,-0.154208,0.9882,0.210816,3.29,-2.31,0.07,-46
1787066407713,196613,Lumbar,sit,-0.153232,0.99064,0.210328,3.01,-2.52,0.07,-46
1787066408072,196788,Lumbar,sit,-0.15372,0.989176,0.20496,2.38,-2.1,0.28,-50
1787066408072,196819,Lumbar,sit,-0.155672,0.98576,0.206424,2.8,-2.17,0.28,-50
1787066408072,196836,Lumbar,sit,-0.155184,0.986248,0.205936,3.08,-2.17,0.28,-50
1787066408072,196852,Lumbar,sit,-0.15616,0.9882,0.205448,3.08,-2.31,0.14,-50
1787066408072,196869,Lumbar,sit,-0.15616,0.989664,0.204472,3.01,-2.38,0.14,-50
1787066408072,196900,Lumbar,sit,-0.157624,0.991616,0.204472,2.66,-2.45,0.56,-50
1787066408072,196917,Lumbar,sit,-0.15616,0.992104,0.20252,2.38,-2.38,0.7,-50
1787066408072,196934,Lumbar,sit,-0.154696,0.988688,0.201056,1.61,-2.17,0.28,-50
1787066408072,196951,Lumbar,sit,-0.15372,0.98576,0.204472,1.68,-2.52,-0.07,-50
1787066408072,196968,Lumbar,sit,-0.153232,0.982832,0.204472,2.73,-2.73,0.07,-50
1787066408428,197144,Lumbar,sit,-0.154696,0.987224,0.205936,1.82,-2.1,0.49,-50
1787066408428,197176,Lumbar,sit,-0.15616,0.9882,0.201544,2.45,-2.17,0.42,-50
1787066408428,197193,Lumbar,sit,-0.158112,0.987712,0.201544,2.66,-2.24,0.42,-50
1787066408428,197210,Lumbar,sit,-0.157136,0.99064,0.202032,2.59,-2.17,0.35,-50
1787066408428,197227,Lumbar,sit,-0.155672,0.988688,0.20252,2.52,-1.82,0.35,-50
1787066408428,197258,Lumbar,sit,-0.155672,0.99064,0.20252,2.73,-1.61,0.42,-50
1787066408428,197275,Lumbar,sit,-0.157136,0.992592,0.19764,1.89,-2.1,0.42,-50
1787066408428,197292,Lumbar,sit,-0.156648,0.992592,0.19764,1.26,-2.38,0.42,-50
1787066408428,197309,Lumbar,sit,-0.152744,0.987712,0.198616,1.26,-2.59,0.28,-50
1787066408428,197326,Lumbar,sit,-0.151768,0.986736,0.203496,1.96,-2.59,0.14,-50
1787066408785,197501,Lumbar,sit,-0.154696,0.986736,0.201056,1.96,-1.89,0.63,-50
1787066408785,197532,Lumbar,sit,-0.155184,0.989176,0.201544,2.31,-2.03,0.42,-50
1787066408785,197549,Lumbar,sit,-0.154208,0.992104,0.199592,2.17,-1.96,0.35,-50
1787066408785,197567,Lumbar,sit,-0.156648,0.992104,0.197152,1.96,-1.96,0.35,-50
1787066408785,197584,Lumbar,sit,-0.15616,0.989664,0.198128,2.03,-1.89,0.28,-50
1787066408785,197615,Lumbar,sit,-0.156648,0.989176,0.198128,2.17,-1.61,0.28,-50
1787066408785,197632,Lumbar,sit,-0.15616,0.99064,0.198616,2.1,-1.75,0.35,-50
1787066408785,197649,Lumbar,sit,-0.155672,0.991616,0.19764,2.03,-1.96,0.28,-50
1787066408785,197666,Lumbar,sit,-0.156648,0.991616,0.197152,1.82,-1.96,0.28,-50
1787066408785,197683,Lumbar,sit,-0.154696,0.991128,0.196664,1.68,-2.03,0.35,-50
1787066409141,197858,Lumbar,sit,-0.154696,0.991128,0.201056,1.26,-1.96,0.42,-50
1787066409141,197888,Lumbar,sit,-0.155184,0.991616,0.198128,1.05,-2.17,0.28,-50
1787066409141,197906,Lumbar,sit,-0.155184,0.992104,0.198128,0.98,-2.03,0.28,-50
1787066409141,197922,Lumbar,sit,-0.157136,0.993568,0.19764,0.77,-1.75,0.42,-50
1787066409141,197939,Lumbar,sit,-0.158112,0.993568,0.196664,0.49,-1.75,0.63,-50
1787066409141,197970,Lumbar,sit,-0.154696,0.98576,0.203496,0.07,-1.89,0.07,-50
1787066409141,197987,Lumbar,sit,-0.155672,0.985272,0.205448,1.05,-2.38,0.21,-50
1787066409141,198004,Lumbar,sit,-0.157136,0.989176,0.20008,1.26,-2.38,0.35,-50
1787066409141,198021,Lumbar,sit,-0.159088,0.994056,0.194712,0.49,-2.52,0.49,-50
1787066409141,198038,Lumbar,sit,-0.1586,0.991616,0.194712,-0.07,-2.38,0.35,-50
1787066409498,198214,Lumbar,sit,-0.1586,0.984296,0.20252,-0.21,-2.24,1.12,-50
1787066409498,198245,Lumbar,sit,-0.153232,0.987224,0.21716,0.98,-1.33,1.05,-50
1787066409498,198262,Lumbar,sit,-0.153232,0.99064,0.216672,0.98,-1.75,1.19,-50
1787066409498,198279,Lumbar,sit,-0.152744,0.992104,0.214232,0.7,-2.1,1.26,-50
1787066409498,198296,Lumbar,sit,-0.154208,0.991128,0.209352,-0.14,-2.59,1.26,-50
1787066409498,198327,Lumbar,sit,-0.152744,0.989176,0.206424,-0.7,-2.38,1.05,-50
1787066409498,198344,Lumbar,sit,-0.149816,0.986736,0.208864,-0.63,-2.1,0.98,-50
1787066409498,198361,Lumbar,sit,-0.149328,0.984296,0.211792,0,-1.89,0.63,-50
1787066409498,198378,Lumbar,sit,-0.14884,0.986248,0.211304,0.77,-1.89,0.49,-50
1787066409498,198395,Lumbar,sit,-0.150304,0.989176,0.210816,0.77,-2.1,0.42,-50
1787066409854,198570,Lumbar,sit,-0.150792,0.988688,0.210328,-0.14,-1.96,0.7,-50
1787066409854,198602,Lumbar,sit,-0.152744,0.987712,0.214232,0,-2.03,0.42,-50
1787066409854,198619,Lumbar,sit,-0.151768,0.984784,0.216184,0.21,-2.1,0.35,-50
1787066409854,198636,Lumbar,sit,-0.153232,0.983808,0.219112,0.56,-2.1,0.21,-50
1787066409854,198653,Lumbar,sit,-0.153232,0.985272,0.220088,0.84,-2.1,0.28,-50
1787066409854,198684,Lumbar,sit,-0.153232,0.987712,0.2196,0.84,-2.1,0.42,-50
1787066409854,198701,Lumbar,sit,-0.152744,0.9882,0.218136,0.7,-2.1,0.42,-50
1787066409854,198718,Lumbar,sit,-0.151768,0.987712,0.218624,0.63,-1.96,0.35,-50
1787066409854,198735,Lumbar,sit,-0.152256,0.987224,0.218136,0.49,-1.68,0.28,-50
1787066409854,198752,Lumbar,sit,-0.150792,0.986736,0.218624,0.49,-1.61,0.14,-50
1787066410212,198926,Lumbar,sit,-0.150304,0.984296,0.217648,1.12,-2.59,-0.21,-50
1787066410212,198957,Lumbar,sit,-0.152744,0.98332,0.218624,2.1,-3.08,0.21,-50
1787066410212,198974,Lumbar,sit,-0.153232,0.985272,0.220088,2.31,-2.73,0.35,-50
1787066410212,198991,Lumbar,sit,-0.153232,0.987224,0.219112,2.8,-2.1,0.28,-50
1787066410212,199008,Lumbar,sit,-0.152256,0.988688,0.214232,2.8,-2.17,0.14,-50
1787066410212,199039,Lumbar,sit,-0.154696,0.986736,0.21472,2.31,-3.01,0.14,-50
1787066410212,199056,Lumbar,sit,-0.15616,0.9882,0.216184,2.03,-3.22,0.35,-50
1787066410212,199073,Lumbar,sit,-0.157136,0.9882,0.217648,1.82,-2.87,0.49,-50
1787066410212,199090,Lumbar,sit,-0.154208,0.98576,0.22204,1.54,-2.52,0.56,-50
1787066410212,199108,Lumbar,sit,-0.15372,0.983808,0.225944,1.82,-1.89,0.63,-50
1787066410568,199283,Lumbar,sit,-0.150304,0.987712,0.214232,1.75,-2.59,0.28,-52
1787066410568,199314,Lumbar,sit,-0.149328,0.984296,0.219112,2.73,-2.52,0.21,-52
1787066410568,199331,Lumbar,sit,-0.152256,0.986736,0.217648,3.01,-2.38,0.28,-52
1787066410568,199348,Lumbar,sit,-0.152744,0.989176,0.215696,2.73,-2.38,0.28,-52
1787066410568,199365,Lumbar,sit,-0.152256,0.989176,0.215208,2.66,-2.45,0.28,-52
1787066410568,199396,Lumbar,sit,-0.150304,0.9882,0.213744,2.59,-2.03,0.21,-52
1787066410568,199413,Lumbar,sit,-0.148352,0.987224,0.212768,2.52,-1.89,0.14,-52
1787066410568,199430,Lumbar,sit,-0.149328,0.987224,0.211792,2.52,-2.03,0.14,-52
1787066410568,199447,Lumbar,sit,-0.153232,0.986248,0.211792,2.59,-2.1,0.21,-52
1787066410568,199464,Lumbar,sit,-0.153232,0.986248,0.214232,2.73,-2.03,0.42,-52
1787066410926,199639,Lumbar,sit,-0.152256,0.987224,0.209352,2.59,-2.17,0.28,-52
1787066410926,199671,Lumbar,sit,-0.151768,0.986736,0.20984,2.87,-2.24,0.28,-52
1787066410926,199688,Lumbar,sit,-0.151768,0.987712,0.20984,2.94,-2.1,0.28,-52
1787066410926,199706,Lumbar,sit,-0.149816,0.987224,0.206912,2.94,-2.1,0.28,-52
1787066410926,199723,Lumbar,sit,-0.15128,0.9882,0.206424,2.94,-2.1,0.28,-52
1787066410926,199739,Lumbar,sit,-0.152744,0.9882,0.207888,3.08,-2.24,0.35,-52
1787066410926,199770,Lumbar,sit,-0.15128,0.99064,0.2074,3.01,-2.38,0.14,-52
1787066410926,199787,Lumbar,sit,-0.150304,0.987712,0.205936,2.94,-2.38,0.07,-52
1787066410926,199804,Lumbar,sit,-0.15128,0.992592,0.205448,3.01,-2.24,0.21,-52
1787066410926,199821,Lumbar,sit,-0.152256,0.994056,0.203008,2.59,-2.31,0.56,-52
1787066411281,199996,Lumbar,sit,-0.15372,0.991128,0.203008,3.36,-2.45,-0.07,-52
1787066411281,200028,Lumbar,sit,-0.155672,0.992592,0.203008,1.89,-2.45,0.35,-52
1787066411281,200045,Lumbar,sit,-0.153232,0.989664,0.206912,1.89,-2.24,0.42,-52
1787066411281,200062,Lumbar,sit,-0.151768,0.990152,0.203008,2.1,-1.89,0.35,-52
1787066411281,200079,Lumbar,sit,-0.152256,0.989176,0.199592,2.24,-1.82,0.21,-52
1787066411281,200110,Lumbar,sit,-0.155184,0.987224,0.198128,2.52,-2.03,0.14,-52
1787066411281,200127,Lumbar,sit,-0.15372,0.989176,0.20008,2.87,-2.03,0.14,-52
1787066411281,200144,Lumbar,sit,-0.15372,0.988688,0.199592,3.01,-1.89,0.21,-52
1787066411281,200161,Lumbar,sit,-0.15372,0.9882,0.20252,2.94,-2.03,0.42,-52
1787066411281,200178,Lumbar,sit,-0.152256,0.991128,0.202032,2.87,-2.03,0.49,-52
1787066411640,200353,Lumbar,sit,-0.150792,0.992592,0.199592,1.61,-1.12,0.42,-51
1787066411640,200384,Lumbar,sit,-0.15372,0.990152,0.196176,0.98,-1.54,0.21,-51
1787066411640,200401,Lumbar,sit,-0.15372,0.989664,0.194712,0.77,-1.89,0.42,-51
1787066411640,200418,Lumbar,sit,-0.155184,0.987712,0.20008,0.84,-1.82,0.56,-51
1787066411640,200435,Lumbar,sit,-0.155184,0.989176,0.202032,1.12,-1.61,0.63,-51
1787066411640,200466,Lumbar,sit,-0.155672,0.992104,0.199104,0.98,-1.54,0.49,-51
1787066411640,200483,Lumbar,sit,-0.155672,0.993568,0.196176,0.49,-1.89,0.42,-51
1787066411640,200500,Lumbar,sit,-0.155672,0.99308,0.196176,0.21,-2.03,0.42,-51
1787066411640,200517,Lumbar,sit,-0.154208,0.991128,0.19764,0.14,-2.03,0.49,-51
1787066411640,200534,Lumbar,sit,-0.155184,0.988688,0.202032,0.14,-1.61,0.63,-51
1787066411997,200709,Lumbar,sit,-0.153232,0.986248,0.210328,0.14,-2.31,0.7,-51
1787066411997,200740,Lumbar,sit,-0.154208,0.989664,0.208376,0.07,-2.66,0.63,-51
1787066411997,200758,Lumbar,sit,-0.155672,0.989176,0.204472,-0.35,-2.73,0.63,-51
1787066411997,200774,Lumbar,sit,-0.155184,0.989664,0.203496,-0.56,-2.52,0.7,-51
1787066411997,200791,Lumbar,sit,-0.155672,0.991128,0.203496,-0.84,-2.38,0.84,-51
1787066411997,200822,Lumbar,sit,-0.15372,0.988688,0.207888,-1.33,-1.61,0.7,-51
1787066411997,200839,Lumbar,sit,-0.152744,0.988688,0.211792,-1.26,-1.68,0.42,-51
1787066411997,200856,Lumbar,sit,-0.15128,0.983808,0.213744,-0.84,-2.24,0.28,-51
1787066411997,200873,Lumbar,sit,-0.150792,0.985272,0.21228,-0.14,-2.59,0.49,-51
1787066411997,200890,Lumbar,sit,-0.153232,0.985272,0.211304,-0.28,-2.66,0.7,-51
1787066412354,201066,Lumbar,sit,-0.151768,0.98332,0.21716,-0.98,-1.96,0.35,-51
1787066412354,201097,Lumbar,sit,-0.152256,0.982832,0.22204,-0.21,-1.89,0.42,-51
1787066412354,201114,Lumbar,sit,-0.152256,0.98332,0.222528,-0.14,-1.75,0.28,-51
1787066412354,201131,Lumbar,sit,-0.149328,0.98332,0.22204,0.07,-1.61,0.28,-51
1787066412354,201148,Lumbar,sit,-0.151768,0.984296,0.221552,0.35,-1.82,0.42,-51
1787066412354,201179,Lumbar,sit,-0.156648,0.989176,0.214232,0,-2.38,0.42,-51
1787066412354,201196,Lumbar,sit,-0.15372,0.989664,0.215696,-0.7,-2.52,0.28,-51
1787066412354,201213,Lumbar,sit,-0.150792,0.987712,0.218136,-0.84,-2.38,0.28,-51
1787066412354,201230,Lumbar,sit,-0.15128,0.986248,0.2196,-0.91,-1.96,-0.21,-51
1787066412354,201247,Lumbar,sit,-0.152744,0.984784,0.217648,-1.05,-1.96,-0.7,-51
1787066412711,201422,Lumbar,sit,-0.151768,0.981368,0.232288,0.49,-1.19,0.21,-51
1787066412711,201453,Lumbar,sit,-0.15372,0.981856,0.2318,1.19,-1.61,0,-51
1787066412711,201470,Lumbar,sit,-0.154208,0.981856,0.229848,1.54,-1.89,0.07,-51
1787066412711,201487,Lumbar,sit,-0.15372,0.982344,0.22692,1.75,-1.82,0.14,-51
1787066412711,201504,Lumbar,sit,-0.154208,0.981856,0.223016,1.89,-1.68,0.35,-51
1787066412711,201535,Lumbar,sit,-0.15616,0.979416,0.22204,2.1,-1.68,0.35,-51
1787066412711,201552,Lumbar,sit,-0.15616,0.979904,0.225456,2.38,-1.96,0.35,-51
1787066412711,201569,Lumbar,sit,-0.155184,0.980392,0.226432,2.59,-2.17,0.35,-51
1787066412711,201585,Lumbar,sit,-0.15616,0.983808,0.227896,2.73,-2.17,0.35,-51
1787066412711,201602,Lumbar,sit,-0.155184,0.985272,0.228872,2.73,-2.17,0.49,-51
1787066413065,201777,Lumbar,sit,-0.15128,0.977952,0.226432,2.73,-2.94,0.28,-53
1787066413065,201809,Lumbar,sit,-0.15372,0.984784,0.223992,3.43,-2.87,0.77,-53
1787066413065,201826,Lumbar,sit,-0.154208,0.9882,0.225456,3.43,-2.38,0.84,-53
1787066413065,201843,Lumbar,sit,-0.153232,0.988688,0.22448,3.22,-2.24,0.7,-53
1787066413065,201860,Lumbar,sit,-0.153232,0.987224,0.223992,3.08,-2.38,0.63,-53
1787066413065,201891,Lumbar,sit,-0.15372,0.986736,0.22448,2.45,-3.01,0.56,-53
1787066413065,201908,Lumbar,sit,-0.154696,0.98576,0.222528,2.17,-2.94,0.7,-53
1787066413065,201925,Lumbar,sit,-0.153232,0.983808,0.223016,1.82,-2.52,0.77,-53
1787066413065,201942,Lumbar,sit,-0.152256,0.982344,0.22448,1.82,-2.03,0.77,-53
1787066413065,201959,Lumbar,sit,-0.152744,0.981856,0.223016,2.24,-1.75,0.7,-53
1787066413424,202135,Lumbar,sit,-0.149816,0.987224,0.2196,2.17,-2.59,0.35,-53
1787066413424,202166,Lumbar,sit,-0.151768,0.983808,0.221552,3.5,-2.24,0.49,-53
1787066413424,202183,Lumbar,sit,-0.153232,0.985272,0.220576,3.57,-2.17,0.42,-53
1787066413424,202200,Lumbar,sit,-0.15372,0.988688,0.218136,3.43,-2.17,0.42,-53
1787066413424,202217,Lumbar,sit,-0.150792,0.989176,0.219112,3.36,-2.31,0.35,-53
1787066413424,202248,Lumbar,sit,-0.149328,0.986736,0.216672,3.08,-2.03,0.21,-53
1787066413424,202265,Lumbar,sit,-0.150304,0.986248,0.215696,2.94,-1.82,0.21,-53
1787066413424,202282,Lumbar,sit,-0.150304,0.98576,0.215696,3.01,-1.61,0.42,-53
1787066413424,202299,Lumbar,sit,-0.151768,0.987712,0.216672,3.01,-1.47,0.42,-53
1787066413424,202316,Lumbar,sit,-0.15128,0.9882,0.216672,2.94,-1.4,0.49,-53
1787066413783,202492,Lumbar,sit,-0.152744,0.986248,0.210816,3.08,-2.03,0.35,-51
1787066413783,202523,Lumbar,sit,-0.154208,0.984296,0.211792,3.71,-2.17,0.35,-51
1787066413783,202541,Lumbar,sit,-0.15372,0.986736,0.212768,3.92,-2.24,0.35,-51
1787066413783,202558,Lumbar,sit,-0.152744,0.9882,0.211792,3.78,-2.24,0.21,-51
1787066413783,202575,Lumbar,sit,-0.152744,0.989176,0.210816,3.5,-2.17,0.14,-51
1787066413783,202592,Lumbar,sit,-0.15372,0.99064,0.2074,3.43,-2.31,0.28,-51
1787066413783,202623,Lumbar,sit,-0.15372,0.994056,0.204472,3.01,-1.96,0.77,-51
1787066413783,202640,Lumbar,sit,-0.150792,0.99308,0.204472,2.24,-1.54,0.56,-51
1787066413783,202657,Lumbar,sit,-0.149816,0.987224,0.20496,1.89,-2.03,0.07,-51
1787066413783,202674,Lumbar,sit,-0.14884,0.98332,0.206424,2.87,-2.31,0.07,-51
1787066414139,202849,Lumbar,sit,-0.153232,0.987224,0.208864,1.61,-2.1,0.49,-50
1787066414139,202881,Lumbar,sit,-0.153232,0.99308,0.205448,2.03,-2.31,0.21,-50
1787066414139,202898,Lumbar,sit,-0.152744,0.993568,0.202032,1.47,-2.45,0.14,-50
1787066414139,202915,Lumbar,sit,-0.152256,0.991616,0.203008,0.91,-2.38,0.07,-50
1787066414139,202932,Lumbar,sit,-0.151768,0.988688,0.207888,0.84,-2.1,0,-50
1787066414139,202963,Lumbar,sit,-0.15128,0.986248,0.207888,1.54,-1.89,0.21,-50
1787066414139,202980,Lumbar,sit,-0.153232,0.99064,0.205448,1.47,-2.03,0.42,-50
1787066414139,202997,Lumbar,sit,-0.154696,0.993568,0.201544,0.56,-2.24,0.49,-50
1787066414139,203014,Lumbar,sit,-0.154696,0.992592,0.203008,0.14,-2.03,0.42,-50
1787066414139,203031,Lumbar,sit,-0.152256,0.989664,0.205936,-0.14,-1.89,0.35,-50
1787066414494,203206,Lumbar,sit,-0.15372,0.984296,0.206424,0.21,-1.96,0.77,-50
1787066414494,203237,Lumbar,sit,-0.152744,0.985272,0.20984,0.98,-1.68,0.56,-50
1787066414494,203254,Lumbar,sit,-0.15372,0.985272,0.210328,1.26,-1.61,0.63,-50
1787066414494,203271,Lumbar,sit,-0.15372,0.990152,0.208864,1.47,-1.96,0.63,-50
1787066414494,203288,Lumbar,sit,-0.15372,0.991616,0.208376,1.4,-2.17,0.56,-50
1787066414494,203319,Lumbar,sit,-0.15128,0.991616,0.208864,0.63,-2.03,0.63,-50
1787066414494,203336,Lumbar,sit,-0.152256,0.99064,0.208864,0.49,-1.96,0.77,-50
1787066414494,203353,Lumbar,sit,-0.153232,0.989664,0.208864,0.35,-1.96,0.77,-50
1787066414494,203370,Lumbar,sit,-0.152744,0.9882,0.20984,0.21,-1.96,0.77,-50
1787066414494,203387,Lumbar,sit,-0.149816,0.987224,0.211792,0.14,-2.1,0.7,-50
1787066414850,203561,Lumbar,sit,-0.153232,0.987224,0.216672,0.07,-1.96,0.77,-50
1787066414850,203591,Lumbar,sit,-0.149816,0.988688,0.21472,-0.77,-1.96,0.07,-50
1787066414850,203609,Lumbar,sit,-0.149816,0.98576,0.215208,-0.84,-2.38,-0.07,-50
1787066414850,203625,Lumbar,sit,-0.148352,0.984296,0.216184,-0.21,-2.59,0,-50
1787066414850,203642,Lumbar,sit,-0.149816,0.985272,0.215696,0.28,-2.45,0.07,-50
1787066414850,203673,Lumbar,sit,-0.15128,0.9882,0.220088,0.91,-1.82,0.28,-50
1787066414850,203690,Lumbar,sit,-0.149816,0.9882,0.216672,0.91,-1.82,0.14,-50
1787066414850,203707,Lumbar,sit,-0.149816,0.9882,0.220576,0.63,-2.24,0.07,-50
1787066414850,203724,Lumbar,sit,-0.150792,0.986736,0.219112,0.28,-2.59,0,-50
1787066414850,203741,Lumbar,sit,-0.152256,0.9882,0.218136,0,-2.66,0.14,-50
1787066415208,203917,Lumbar,sit,-0.15372,0.983808,0.221064,0.56,-1.75,0.49,-52
1787066415208,203948,Lumbar,sit,-0.153232,0.988688,0.218624,0.28,-2.1,0.35,-52
1787066415208,203965,Lumbar,sit,-0.150304,0.986248,0.222528,-0.07,-2.38,0.21,-52
1787066415208,203982,Lumbar,sit,-0.1464,0.98332,0.228872,0.28,-2.31,0,-52
1787066415208,203999,Lumbar,sit,-0.146888,0.984784,0.228384,0.77,-2.17,-0.21,-52
1787066415208,204030,Lumbar,sit,-0.151768,0.987712,0.226432,0.21,-2.45,0,-52
1787066415208,204047,Lumbar,sit,-0.154208,0.987224,0.227896,-0.21,-2.45,0.21,-52
1787066415208,204064,Lumbar,sit,-0.153232,0.986736,0.229848,-0.21,-2.24,0.28,-52
1787066415208,204081,Lumbar,sit,-0.149328,0.98576,0.228872,-0.14,-2.1,0.28,-52
1787066415208,204098,Lumbar,sit,-0.152256,0.982832,0.228384,-0.28,-1.96,0.28,-52
1787066415568,204275,Lumbar,sit,-0.15372,0.98088,0.226432,0.63,-2.17,0.42,-52
1787066415568,204306,Lumbar,sit,-0.15128,0.98088,0.225944,1.05,-2.31,0.49,-52
1787066415568,204323,Lumbar,sit,-0.150304,0.979904,0.228872,1.4,-2.31,0.49,-52
1787066415568,204341,Lumbar,sit,-0.150792,0.981368,0.230336,1.54,-2.17,0.49,-52
1787066415568,204358,Lumbar,sit,-0.15128,0.982832,0.233752,1.68,-2.17,0.42,-52
1787066415568,204389,Lumbar,sit,-0.151768,0.986248,0.233264,1.89,-2.31,0.49,-52
1787066415568,204406,Lumbar,sit,-0.150792,0.984296,0.23424,1.54,-2.52,0.35,-52
1787066415568,204423,Lumbar,sit,-0.15128,0.982832,0.234728,1.68,-2.59,0.35,-52
1787066415568,204440,Lumbar,sit,-0.151768,0.98088,0.23424,1.82,-2.45,0.42,-52
1787066415568,204457,Lumbar,sit,-0.151768,0.98088,0.236192,2.03,-2.03,0.49,-52
1787066415924,204632,Lumbar,sit,-0.15616,0.986736,0.227896,1.89,-3.15,0.56,-52
1787066415924,204663,Lumbar,sit,-0.157624,0.981368,0.22936,1.47,-3.08,0.56,-52
1787066415924,204680,Lumbar,sit,-0.154696,0.979904,0.235704,1.61,-2.73,0.63,-52
1787066415924,204697,Lumbar,sit,-0.15372,0.979904,0.237656,2.1,-2.24,0.84,-52
1787066415924,204714,Lumbar,sit,-0.152256,0.981856,0.235216,2.24,-2.17,0.84,-52
1787066415924,204745,Lumbar,sit,-0.14884,0.98576,0.230336,2.17,-2.45,1.26,-52
1787066415924,204762,Lumbar,sit,-0.150304,0.985272,0.230824,2.17,-2.45,1.54,-52
1787066415924,204779,Lumbar,sit,-0.14884,0.98332,0.229848,2.31,-2.45,1.54,-52
1787066415924,204796,Lumbar,sit,-0.149328,0.981856,0.228872,2.24,-2.31,1.47,-52
1787066415924,204813,Lumbar,sit,-0.147376,0.97844,0.2318,2.73,-2.45,1.47,-52
1787066416281,204989,Lumbar,sit,-0.141032,0.989176,0.230336,3.08,-1.96,0.07,-52
1787066416281,205020,Lumbar,sit,-0.13908,0.98332,0.224968,2.94,-2.03,-0.07,-52
1787066416281,205037,Lumbar,sit,-0.13908,0.982832,0.224968,3.36,-1.89,-0.28,-52
1787066416281,205054,Lumbar,sit,-0.142008,0.982832,0.223504,3.5,-1.82,-0.28,-52
1787066416281,205071,Lumbar,sit,-0.143472,0.98576,0.221064,3.71,-1.82,-0.35,-52
1787066416281,205102,Lumbar,sit,-0.148352,0.988688,0.218624,3.36,-1.82,-0.28,-52
1787066416281,205119,Lumbar,sit,-0.150304,0.986736,0.215696,3.22,-1.82,-0.35,-52
1787066416281,205136,Lumbar,sit,-0.15128,0.986248,0.217648,3.15,-1.96,-0.56,-52
1787066416281,205153,Lumbar,sit,-0.154208,0.98576,0.21716,3.22,-2.03,-0.7,-52
1787066416281,205170,Lumbar,sit,-0.155184,0.98576,0.21716,3.01,-2.17,-0.91,-52
1787066416693,205400,Lumbar,sit,-0.153232,0.983808,0.220088,1.4,-2.1,0.28,-53
1787066416693,205432,Lumbar,sit,-0.15616,0.981368,0.218624,2.1,-2.24,0.63,-53
1787066416693,205449,Lumbar,sit,-0.1586,0.982344,0.217648,2.31,-3.08,0.56,-53
1787066416693,205466,Lumbar,sit,-0.159088,0.981368,0.223016,2.94,-3.57,0.63,-53
1787066416693,205482,Lumbar,sit,-0.160064,0.986248,0.220576,3.64,-3.29,0.77,-53
1787066416693,205513,Lumbar,sit,-0.157624,0.994056,0.217648,2.24,-2.31,0.49,-53
1787066416693,205530,Lumbar,sit,-0.155184,0.991616,0.219112,1.47,-1.68,0.28,-53
1787066416693,205547,Lumbar,sit,-0.15372,0.988688,0.218624,1.26,-1.4,0.21,-53
1787066416693,205564,Lumbar,sit,-0.150792,0.981856,0.218624,1.4,-1.33,0.14,-53
1787066416693,205581,Lumbar,sit,-0.150304,0.981856,0.218624,1.4,-1.54,0.28,-53
1787066417049,205756,Lumbar,sit,-0.150792,0.98332,0.215208,1.75,-1.54,0.28,-53
1787066417049,205788,Lumbar,sit,-0.153232,0.9882,0.212768,1.89,-1.54,0.21,-53
1787066417049,205805,Lumbar,sit,-0.154208,0.991616,0.213744,1.19,-1.68,0.14,-53
1787066417049,205823,Lumbar,sit,-0.15372,0.989176,0.214232,0.7,-2.03,0.14,-53
1787066417049,205840,Lumbar,sit,-0.152744,0.9882,0.216672,0.56,-2.17,0.21,-53
1787066417049,205857,Lumbar,sit,-0.152256,0.98576,0.2196,0.98,-2.24,0.21,-53
1787066417049,205888,Lumbar,sit,-0.154696,0.9882,0.221064,1.12,-1.82,0.35,-53
1787066417049,205905,Lumbar,sit,-0.157624,0.991128,0.221552,0.84,-1.68,0.35,-53
1787066417049,205922,Lumbar,sit,-0.156648,0.991128,0.222528,0.28,-1.68,0.35,-53
1787066417049,205939,Lumbar,sit,-0.157624,0.989664,0.2196,-0.07,-1.68,0.28,-53
1787066417409,206113,Lumbar,sit,-0.152744,0.981368,0.222528,0.42,-2.17,0.42,-53
1787066417409,206144,Lumbar,sit,-0.152744,0.987224,0.223504,0.91,-1.96,0.35,-53
1787066417409,206161,Lumbar,sit,-0.154208,0.987224,0.225456,0.63,-2.03,0.42,-53
1787066417409,206178,Lumbar,sit,-0.155184,0.987712,0.22692,0.28,-1.89,0.35,-53
1787066417409,206195,Lumbar,sit,-0.15616,0.98576,0.224968,0,-1.89,0.42,-53
1787066417409,206226,Lumbar,sit,-0.15372,0.981856,0.22692,-0.14,-1.82,0.49,-53
1787066417409,206243,Lumbar,sit,-0.15372,0.982344,0.228872,0.42,-1.68,0.63,-53
1787066417409,206260,Lumbar,sit,-0.154696,0.98332,0.228872,0.7,-1.68,0.42,-53
1787066417409,206277,Lumbar,sit,-0.154208,0.985272,0.227408,0.56,-1.75,0.49,-53
1787066417409,206294,Lumbar,sit,-0.154696,0.984784,0.22692,0.49,-1.96,0.49,-53
1787066417763,206470,Lumbar,sit,-0.153232,0.979416,0.22448,-0.07,-2.8,0.28,-51
1787066417763,206501,Lumbar,sit,-0.154208,0.979904,0.233752,0.91,-2.24,0.49,-51
1787066417763,206519,Lumbar,sit,-0.153232,0.981856,0.235216,1.4,-2.17,0.42,-51
1787066417763,206535,Lumbar,sit,-0.15372,0.983808,0.237656,1.33,-2.38,0.14,-51
1787066417763,206552,Lumbar,sit,-0.155672,0.983808,0.237656,0.84,-2.45,-0.07,-51
1787066417763,206583,Lumbar,sit,-0.154696,0.985272,0.233264,0.28,-2.17,0,-51
1787066417763,206600,Lumbar,sit,-0.153232,0.979904,0.237168,0.28,-1.68,0.21,-51
1787066417763,206617,Lumbar,sit,-0.152744,0.977464,0.23912,0.77,-1.4,0.28,-51
1787066417763,206634,Lumbar,sit,-0.153232,0.976976,0.239608,1.47,-1.82,0.42,-51
1787066417763,206651,Lumbar,sit,-0.154208,0.97844,0.237656,1.75,-2.03,0.35,-51
1787066418120,206826,Lumbar,sit,-0.152256,0.975024,0.24156,2.59,-2.73,0.14,-51
1787066418120,206857,Lumbar,sit,-0.157136,0.983808,0.238144,3.71,-2.59,0.21,-51
1787066418120,206874,Lumbar,sit,-0.158112,0.988688,0.235704,3.01,-2.59,0.35,-51
1787066418120,206891,Lumbar,sit,-0.156648,0.9882,0.235216,2.24,-2.38,0.35,-51
1787066418120,206908,Lumbar,sit,-0.155672,0.985272,0.235216,2.03,-2.1,0.35,-51
1787066418120,206939,Lumbar,sit,-0.156648,0.97844,0.230824,2.1,-2.1,0.56,-51
1787066418120,206956,Lumbar,sit,-0.157136,0.978928,0.2318,2.38,-1.96,0.84,-51
1787066418120,206973,Lumbar,sit,-0.159088,0.97844,0.2318,2.45,-1.82,0.98,-51
1787066418120,206990,Lumbar,sit,-0.157624,0.981856,0.232288,2.8,-1.75,0.91,-51
1787066418120,207007,Lumbar,sit,-0.157624,0.98332,0.2318,2.87,-1.89,0.77,-51
1787066418476,207183,Lumbar,sit,-0.152744,0.98576,0.227896,2.59,-1.89,0.56,-51
1787066418476,207215,Lumbar,sit,-0.150792,0.986248,0.225944,1.89,-1.61,0.63,-51
1787066418476,207232,Lumbar,sit,-0.15128,0.982832,0.226432,1.68,-1.47,0.56,-51
1787066418476,207249,Lumbar,sit,-0.152256,0.981368,0.225944,1.89,-1.82,0.49,-51
1787066418476,207266,Lumbar,sit,-0.153232,0.97844,0.228384,2.03,-2.03,0.56,-51
1787066418476,207297,Lumbar,sit,-0.154208,0.979904,0.228872,2.94,-2.52,0.63,-51
1787066418476,207314,Lumbar,sit,-0.15616,0.981856,0.22936,3.08,-2.45,0.77,-51
1787066418476,207331,Lumbar,sit,-0.157136,0.984296,0.22692,3.22,-2.17,0.77,-51
1787066418476,207347,Lumbar,sit,-0.159088,0.989664,0.22448,2.8,-2.1,0.84,-51
1787066418476,207364,Lumbar,sit,-0.1586,0.989176,0.222528,1.89,-2.24,0.7,-51
1787066418834,207539,Lumbar,sit,-0.152256,0.99064,0.219112,2.59,-2.94,0.77,-50
1787066418834,207570,Lumbar,sit,-0.149816,0.987712,0.225944,1.19,-1.96,0.63,-50
1787066418834,207587,Lumbar,sit,-0.14884,0.984296,0.227408,1.26,-1.82,0.63,-50
1787066418834,207604,Lumbar,sit,-0.147376,0.981368,0.226432,1.61,-1.96,0.42,-50
1787066418834,207621,Lumbar,sit,-0.147864,0.979416,0.22692,2.38,-2.17,0.35,-50
1787066418834,207652,Lumbar,sit,-0.149816,0.983808,0.224968,3.15,-2.24,0.56,-50
1787066418834,207669,Lumbar,sit,-0.150792,0.986248,0.22204,3.22,-2.03,0.56,-50
1787066418834,207686,Lumbar,sit,-0.153232,0.9882,0.221064,2.94,-1.96,0.49,-50
1787066418834,207703,Lumbar,sit,-0.151768,0.986736,0.22448,2.87,-2.1,0.63,-50
1787066418834,207720,Lumbar,sit,-0.153232,0.988688,0.225944,3.01,-2.1,0.63,-50
1787066419190,207896,Lumbar,sit,-0.154208,0.98576,0.216672,1.12,-2.24,0.56,-50
1787066419190,207927,Lumbar,sit,-0.152256,0.979904,0.223504,1.61,-1.89,0.35,-50
1787066419190,207944,Lumbar,sit,-0.151768,0.98088,0.225456,2.24,-1.82,0.42,-50
1787066419190,207961,Lumbar,sit,-0.150792,0.984296,0.223992,2.8,-1.61,0.56,-50
1787066419190,207978,Lumbar,sit,-0.147864,0.987712,0.221064,3.01,-1.61,0.56,-50
1787066419190,208009,Lumbar,sit,-0.148352,0.988688,0.21716,2.45,-1.68,0.42,-50
1787066419190,208026,Lumbar,sit,-0.150304,0.986736,0.221064,2.03,-1.89,0.35,-50
1787066419190,208043,Lumbar,sit,-0.149816,0.985272,0.223992,2.38,-1.82,0.42,-50
1787066419190,208060,Lumbar,sit,-0.148352,0.983808,0.223992,2.66,-1.68,0.35,-50
1787066419190,208077,Lumbar,sit,-0.149816,0.984784,0.2196,3.08,-1.47,0.49,-50
1787066419547,208252,Lumbar,sit,-0.152256,0.992104,0.211792,2.94,-1.89,-0.07,-50
1787066419547,208282,Lumbar,sit,-0.155184,0.994544,0.209352,1.89,-2.1,-0.21,-50
1787066419547,208300,Lumbar,sit,-0.154208,0.99308,0.206424,0.98,-2.59,-0.28,-50
1787066419547,208317,Lumbar,sit,-0.154696,0.9882,0.205448,0.63,-2.8,-0.07,-50
1787066419547,208334,Lumbar,sit,-0.154696,0.986248,0.206424,0.63,-2.66,0,-50
1787066419547,208365,Lumbar,sit,-0.154696,0.987224,0.211304,1.05,-2.1,0.42,-50
1787066419547,208382,Lumbar,sit,-0.15372,0.98576,0.21228,0.77,-1.82,0.28,-50
1787066419547,208399,Lumbar,sit,-0.155184,0.983808,0.215208,0.77,-2.03,0,-50
1787066419547,208416,Lumbar,sit,-0.155184,0.98088,0.220576,1.33,-3.01,-0.07,-50
1787066419547,208433,Lumbar,sit,-0.157136,0.982832,0.218624,2.31,-3.22,0.28,-50
1787066419902,208608,Lumbar,sit,-0.153232,0.984296,0.210816,2.38,-1.75,0.49,-52
1787066419902,208639,Lumbar,sit,-0.152256,0.987224,0.2074,2.38,-2.03,0.42,-52
1787066419902,208656,Lumbar,sit,-0.152744,0.987224,0.206912,2.38,-2.31,0.28,-52
1787066419902,208673,Lumbar,sit,-0.152744,0.987224,0.208864,2.52,-2.38,0.42,-52
1787066419902,208690,Lumbar,sit,-0.152744,0.9882,0.208864,2.31,-2.52,0.49,-52
1787066419902,208721,Lumbar,sit,-0.150792,0.9882,0.210816,2.17,-2.38,0.7,-52
1787066419902,208738,Lumbar,sit,-0.152744,0.99064,0.211304,1.82,-2.24,0.56,-52
1787066419902,208755,Lumbar,sit,-0.155672,0.992104,0.212768,1.05,-2.17,0.49,-52
1787066419902,208772,Lumbar,sit,-0.154208,0.989176,0.214232,0.63,-2.24,0.35,-52
1787066419902,208789,Lumbar,sit,-0.151768,0.988688,0.21472,0.77,-2.24,0.14,-52
1787066420258,208964,Lumbar,sit,-0.15372,0.986248,0.211304,1.33,-1.4,0.28,-52
1787066420258,208995,Lumbar,sit,-0.155672,0.987224,0.212768,1.05,-1.61,0.56,-52
1787066420258,209012,Lumbar,sit,-0.155184,0.987224,0.21228,0.91,-1.68,0.63,-52
1787066420258,209029,Lumbar,sit,-0.155184,0.987712,0.212768,0.98,-1.75,0.49,-52
1787066420258,209046,Lumbar,sit,-0.155184,0.988688,0.210816,0.7,-1.75,0.49,-52
1787066420258,209077,Lumbar,sit,-0.15616,0.987712,0.21228,0.35,-1.89,0.63,-52
1787066420258,209094,Lumbar,sit,-0.154208,0.985272,0.212768,0.49,-1.89,0.63,-52
1787066420258,209111,Lumbar,sit,-0.154208,0.98576,0.215208,0.42,-2.03,0.7,-52
1787066420258,209128,Lumbar,sit,-0.154208,0.986248,0.217648,0.42,-2.03,0.63,-52
1787066420258,209145,Lumbar,sit,-0.152744,0.986248,0.218136,0.49,-1.96,0.7,-52
1787066420615,209320,Lumbar,sit,-0.150304,0.986736,0.217648,0.42,-2.17,0.49,-52
1787066420615,209350,Lumbar,sit,-0.15372,0.987712,0.216672,0.07,-1.89,0.77,-52
1787066420615,209368,Lumbar,sit,-0.154696,0.987224,0.21716,-0.21,-1.68,0.84,-52
1787066420615,209384,Lumbar,sit,-0.152744,0.98576,0.218136,-0.56,-1.33,0.49,-52
1787066420615,209401,Lumbar,sit,-0.15128,0.984784,0.2196,-0.63,-1.54,0.21,-52
1787066420615,209432,Lumbar,sit,-0.15128,0.982344,0.221552,0.28,-2.38,0.21,-52
1787066420615,209449,Lumbar,sit,-0.154696,0.983808,0.221064,0.28,-2.38,0.56,-52
1787066420615,209466,Lumbar,sit,-0.154696,0.98576,0.222528,0.28,-1.96,0.56,-52
1787066420615,209483,Lumbar,sit,-0.151768,0.98576,0.223504,0.56,-1.61,0.56,-52
1787066420615,209500,Lumbar,sit,-0.152256,0.98576,0.223992,0.56,-1.89,0.35,-52
1787066420973,209676,Lumbar,sit,-0.15372,0.982344,0.228872,0.21,-1.82,0.49,-52
1787066420973,209707,Lumbar,sit,-0.152744,0.981856,0.22936,0.56,-2.03,0.49,-52
1787066420973,209724,Lumbar,sit,-0.154208,0.982832,0.227896,0.63,-2.24,0.49,-52
1787066420973,209741,Lumbar,sit,-0.15372,0.984784,0.226432,0.35,-2.31,0.49,-52
1787066420973,209758,Lumbar,sit,-0.151768,0.98576,0.227896,0.07,-2.24,0.28,-52
1787066420973,209789,Lumbar,sit,-0.148352,0.979904,0.235216,0.07,-2.38,0,-52
1787066420973,209806,Lumbar,sit,-0.148352,0.977952,0.235704,1.12,-2.17,-0.07,-52
1787066420973,209823,Lumbar,sit,-0.152256,0.981368,0.233752,1.61,-2.03,-0.07,-52
1787066420973,209840,Lumbar,sit,-0.152256,0.982344,0.232776,1.54,-2.1,-0.07,-52
1787066420973,209857,Lumbar,sit,-0.150792,0.981856,0.232776,1.61,-2.03,0.07,-52
1787066421330,210033,Lumbar,sit,-0.156648,0.985272,0.228384,2.45,-2.31,0.28,-52
1787066421330,210065,Lumbar,sit,-0.155672,0.982344,0.228872,2.45,-2.31,0.49,-52
1787066421330,210082,Lumbar,sit,-0.155184,0.981856,0.228872,2.66,-2.31,0.49,-52
1787066421330,210099,Lumbar,sit,-0.154696,0.982344,0.22936,2.87,-2.17,0.56,-52
1787066421330,210116,Lumbar,sit,-0.15372,0.984296,0.22936,2.8,-2.24,0.49,-52
1787066421330,210147,Lumbar,sit,-0.153232,0.98332,0.230336,2.66,-2.03,0.49,-52
1787066421330,210164,Lumbar,sit,-0.15372,0.983808,0.229848,2.59,-2.1,0.49,-52
1787066421330,210181,Lumbar,sit,-0.152256,0.982344,0.227896,2.66,-2.31,0.56,-52
1787066421330,210198,Lumbar,sit,-0.151768,0.981856,0.227896,2.87,-2.52,0.49,-52
1787066421330,210215,Lumbar,sit,-0.153232,0.982344,0.22692,3.01,-2.59,0.49,-52
1787066421688,210391,Lumbar,sit,-0.152744,0.9882,0.221552,2.94,-2.24,0.84,-52
1787066421688,210422,Lumbar,sit,-0.15128,0.98576,0.222528,2.8,-2.24,0.49,-52
1787066421688,210440,Lumbar,sit,-0.154208,0.98576,0.22448,2.87,-2.52,0.35,-52
1787066421688,210456,Lumbar,sit,-0.15372,0.985272,0.223504,2.59,-2.8,0.35,-52
1787066421688,210473,Lumbar,sit,-0.15128,0.985272,0.223992,2.17,-2.73,0.49,-52
1787066421688,210504,Lumbar,sit,-0.149816,0.983808,0.227408,2.38,-2.1,0.63,-52
1787066421688,210521,Lumbar,sit,-0.149816,0.984296,0.223504,2.66,-2.03,0.7,-52
1787066421688,210538,Lumbar,sit,-0.149816,0.984784,0.222528,2.87,-2.24,0.56,-52
1787066421688,210555,Lumbar,sit,-0.150304,0.987224,0.221552,2.87,-2.31,0.49,-52
1787066421688,210572,Lumbar,sit,-0.151768,0.987224,0.220088,2.87,-2.38,0.49,-52
1787066422046,210747,Lumbar,sit,-0.152256,0.987224,0.215208,3.64,-1.82,-0.21,-52
1787066422046,210779,Lumbar,sit,-0.151768,0.9882,0.217648,3.08,-2.03,-0.07,-52
1787066422046,210796,Lumbar,sit,-0.15128,0.986736,0.220088,3.22,-1.89,-0.07,-52
1787066422046,210813,Lumbar,sit,-0.151768,0.983808,0.21716,3.64,-1.61,-0.07,-52
1787066422046,210830,Lumbar,sit,-0.152744,0.985272,0.21472,3.78,-1.47,-0.21,-52
1787066422046,210861,Lumbar,sit,-0.154208,0.986248,0.210816,3.71,-1.47,-0.35,-52
1787066422046,210878,Lumbar,sit,-0.154696,0.98576,0.211304,3.78,-1.4,-0.28,-52
1787066422046,210895,Lumbar,sit,-0.154696,0.987224,0.212768,3.71,-1.33,-0.21,-52
1787066422046,210912,Lumbar,sit,-0.15372,0.9882,0.213256,3.85,-1.47,-0.14,-52
1787066422046,210929,Lumbar,sit,-0.155184,0.989176,0.211304,3.64,-1.68,-0.21,-52
1787066422404,211105,Lumbar,sit,-0.155184,0.9882,0.206912,1.75,-2.38,0.42,-52
1787066422404,211137,Lumbar,sit,-0.154696,0.989664,0.208376,1.68,-2.31,0.56,-52
1787066422404,211153,Lumbar,sit,-0.154208,0.988688,0.208864,1.54,-2.38,0.35,-52
1787066422404,211171,Lumbar,sit,-0.152744,0.987712,0.20984,1.33,-2.45,0.28,-52
1787066422404,211189,Lumbar,sit,-0.153232,0.989176,0.209352,1.33,-2.45,0.42,-52
1787066422404,211206,Lumbar,sit,-0.155184,0.990152,0.210816,1.05,-2.38,0.63,-52
1787066422404,211237,Lumbar,sit,-0.153232,0.987712,0.210328,0.14,-1.96,0.35,-52
1787066422404,211254,Lumbar,sit,-0.152744,0.98576,0.213744,0.35,-2.17,0.28,-52
1787066422404,211271,Lumbar,sit,-0.153232,0.985272,0.211304,0.98,-2.66,0.35,-52
1787066422404,211288,Lumbar,sit,-0.157136,0.989176,0.206912,0.84,-2.94,0.63,-52
1787066422773,211463,Lumbar,sit,-0.155184,0.98576,0.21472,0,-1.75,0.77,-52
1787066422773,211494,Lumbar,sit,-0.154696,0.986736,0.212768,0,-2.03,0.63,-52
1787066422773,211511,Lumbar,sit,-0.154696,0.987224,0.215696,0,-2.17,0.7,-52
1787066422773,211528,Lumbar,sit,-0.15372,0.987224,0.216184,0.07,-2.03,0.84,-52
1787066422773,211545,Lumbar,sit,-0.152744,0.983808,0.218136,0,-1.82,0.77,-52
1787066422773,211575,Lumbar,sit,-0.152256,0.984784,0.2196,0.49,-1.82,0.91,-52
1787066422773,211592,Lumbar,sit,-0.153232,0.989664,0.215208,0.28,-1.96,0.77,-52
1787066422773,211609,Lumbar,sit,-0.152744,0.990152,0.215696,-0.35,-2.1,0.63,-52
1787066422773,211626,Lumbar,sit,-0.149816,0.987224,0.219112,-0.63,-2.24,0.56,-52
1787066422773,211657,Lumbar,sit,-0.149816,0.984296,0.22204,0.07,-1.96,0.42,-52
1787066423130,211831,Lumbar,sit,-0.152744,0.98576,0.221064,-0.07,-1.26,0.56,-52
1787066423130,211862,Lumbar,sit,-0.15372,0.984296,0.221552,0.07,-1.82,0.56,-52
1787066423130,211879,Lumbar,sit,-0.15372,0.98332,0.22204,0.14,-1.82,0.42,-52
1787066423130,211896,Lumbar,sit,-0.15372,0.98332,0.225456,0.49,-1.68,0.35,-52
1787066423130,211913,Lumbar,sit,-0.153232,0.982832,0.223016,0.77,-1.61,0.28,-52
1787066423130,211944,Lumbar,sit,-0.154208,0.98332,0.223016,1.12,-1.68,0.21,-52
1787066423130,211961,Lumbar,sit,-0.154208,0.981856,0.222528,1.19,-1.68,0.28,-52
1787066423130,211978,Lumbar,sit,-0.152744,0.98088,0.221552,1.33,-1.75,0.35,-52
1787066423130,211995,Lumbar,sit,-0.152256,0.98088,0.223016,1.54,-1.96,0.35,-52
1787066423130,212012,Lumbar,sit,-0.151768,0.981368,0.223016,1.96,-2.03,0.28,-52
1787066423485,212188,Lumbar,sit,-0.153232,0.97844,0.223504,2.87,-3.08,0.35,-52
1787066423485,212220,Lumbar,sit,-0.154696,0.987224,0.225456,3.29,-1.96,0.7,-52
1787066423485,212237,Lumbar,sit,-0.155184,0.991128,0.223504,3.22,-2.03,0.63,-52
1787066423485,212254,Lumbar,sit,-0.155184,0.99308,0.218624,2.87,-2.66,0.56,-52
1787066423485,212271,Lumbar,sit,-0.159576,0.99064,0.218624,1.68,-3.57,0.7,-52
1787066423485,212300,Lumbar,sit,-0.157624,0.98088,0.22448,0.98,-3.36,0.98,-52
1787066423485,212317,Lumbar,sit,-0.154208,0.977464,0.228872,1.61,-2.59,0.98,-52
1787066423485,212334,Lumbar,sit,-0.153232,0.978928,0.229848,2.52,-1.96,0.91,-52
1787066423485,212351,Lumbar,sit,-0.153232,0.98088,0.228384,2.87,-2.03,0.7,-52
1787066423485,212368,Lumbar,sit,-0.154696,0.984784,0.22204,3.08,-2.31,0.63,-52
1787066423843,212543,Lumbar,sit,-0.144936,0.982832,0.222528,2.45,-2.52,0.14,-52
1787066423843,212575,Lumbar,sit,-0.148352,0.985272,0.221064,3.22,-2.1,0.21,-52
1787066423843,212592,Lumbar,sit,-0.149816,0.987224,0.220088,3.15,-2.1,0.07,-52
1787066423843,212610,Lumbar,sit,-0.14884,0.9882,0.218624,2.94,-2.31,0.14,-52
1787066423843,212627,Lumbar,sit,-0.149816,0.9882,0.217648,2.8,-2.31,0.21,-52
1787066423843,212644,Lumbar,sit,-0.150792,0.988688,0.216672,2.66,-2.1,0.14,-52
1787066423843,212675,Lumbar,sit,-0.152744,0.986736,0.21472,2.45,-2.03,0.07,-52
1787066423843,212692,Lumbar,sit,-0.152744,0.986248,0.214232,2.45,-1.89,0.14,-52
1787066423843,212709,Lumbar,sit,-0.15372,0.98576,0.215696,2.38,-1.75,0.21,-52
1787066423843,212726,Lumbar,sit,-0.154208,0.98576,0.216184,2.66,-1.61,0.07,-52
1787066424199,212901,Lumbar,sit,-0.15372,0.989176,0.21472,2.38,-2.1,0.42,-52
1787066424199,212932,Lumbar,sit,-0.152744,0.99064,0.211304,1.82,-2.24,0.21,-52
1787066424199,212949,Lumbar,sit,-0.152256,0.989176,0.212768,1.54,-2.1,0.21,-52
1787066424199,212966,Lumbar,sit,-0.15128,0.987712,0.213744,1.47,-1.96,0.35,-52
1787066424199,212983,Lumbar,sit,-0.152744,0.990152,0.214232,1.33,-1.89,0.56,-52
1787066424199,213014,Lumbar,sit,-0.152256,0.987712,0.213744,0.77,-1.68,0.28,-52
1787066424199,213031,Lumbar,sit,-0.151768,0.985272,0.215208,0.77,-2.03,0.14,-52
1787066424199,213048,Lumbar,sit,-0.150304,0.983808,0.214232,1.4,-2.66,0.14,-52
1787066424199,213065,Lumbar,sit,-0.154208,0.9882,0.210816,1.68,-2.73,0.42,-52
1787066424199,213082,Lumbar,sit,-0.15616,0.99064,0.211304,0.91,-2.38,0.56,-52
1787066424556,213256,Lumbar,sit,-0.153232,0.986736,0.216184,0.7,-1.96,0.63,-52
1787066424556,213286,Lumbar,sit,-0.15372,0.987224,0.218136,0.91,-1.89,0.63,-52
1787066424556,213304,Lumbar,sit,-0.151768,0.9882,0.217648,0.98,-1.75,0.63,-52
1787066424556,213321,Lumbar,sit,-0.150792,0.987712,0.21472,0.56,-1.75,0.56,-52
1787066424556,213338,Lumbar,sit,-0.150792,0.986248,0.218624,0.42,-2.1,0.7,-52
1787066424556,213369,Lumbar,sit,-0.153232,0.989176,0.217648,0.35,-2.03,0.7,-52
1787066424556,213386,Lumbar,sit,-0.15128,0.989176,0.217648,-0.21,-1.89,0.56,-52
1787066424556,213403,Lumbar,sit,-0.149816,0.988688,0.2196,-0.63,-2.03,0.42,-52
1787066424556,213420,Lumbar,sit,-0.147864,0.986248,0.222528,-0.42,-2.03,0.21,-52
1787066424556,213437,Lumbar,sit,-0.147864,0.984296,0.223504,-0.14,-2.03,0.28,-52
1787066424913,213613,Lumbar,sit,-0.154696,0.985272,0.222528,-0.35,-1.26,0.42,-49
1787066424913,213644,Lumbar,sit,-0.153232,0.983808,0.22204,-0.42,-1.75,0.35,-49
1787066424913,213661,Lumbar,sit,-0.154208,0.981856,0.22448,-0.28,-1.96,0.28,-49
1787066424913,213678,Lumbar,sit,-0.155672,0.980392,0.225944,0.21,-1.96,0.35,-49
1787066424913,213695,Lumbar,sit,-0.15616,0.979904,0.227408,0.84,-1.75,0.28,-49
1787066424913,213726,Lumbar,sit,-0.154696,0.982832,0.226432,1.19,-1.68,0.21,-49
1787066424913,213743,Lumbar,sit,-0.153232,0.982344,0.226432,1.33,-1.75,0.28,-49
1787066424913,213760,Lumbar,sit,-0.152744,0.982832,0.225456,1.4,-1.89,0.28,-49
1787066424913,213777,Lumbar,sit,-0.152744,0.981856,0.225456,1.54,-1.96,0.28,-49
1787066424913,213794,Lumbar,sit,-0.150792,0.982832,0.22448,1.68,-2.03,0.35,-49
1787066425269,213970,Lumbar,sit,-0.151768,0.984784,0.225456,1.54,-1.96,0.21,-49
1787066425269,214001,Lumbar,sit,-0.150792,0.977464,0.227408,2.52,-2.94,0.14,-49
1787066425269,214018,Lumbar,sit,-0.15372,0.98088,0.226432,3.15,-3.15,0.49,-49
1787066425269,214035,Lumbar,sit,-0.15372,0.98332,0.227408,3.22,-2.66,0.77,-49
1787066425269,214052,Lumbar,sit,-0.15372,0.986248,0.226432,3.29,-2.31,0.77,-49
1787066425269,214083,Lumbar,sit,-0.15372,0.98576,0.223992,2.94,-2.38,0.42,-49
1787066425269,214100,Lumbar,sit,-0.154696,0.984784,0.224968,2.87,-2.8,0.28,-49
1787066425269,214117,Lumbar,sit,-0.15616,0.98576,0.223992,2.73,-2.87,0.28,-49
1787066425269,214134,Lumbar,sit,-0.155184,0.986736,0.22204,2.24,-2.8,0.42,-49
1787066425269,214151,Lumbar,sit,-0.153232,0.983808,0.225456,1.89,-2.38,0.63,-49
1787066425627,214325,Lumbar,sit,-0.150792,0.989664,0.221064,3.36,-1.96,0.63,-49
1787066425627,214356,Lumbar,sit,-0.148352,0.987224,0.221552,2.03,-2.52,0.14,-49
1787066425627,214373,Lumbar,sit,-0.149328,0.984784,0.223016,2.38,-2.59,0.21,-49
1787066425627,214390,Lumbar,sit,-0.150304,0.981368,0.22448,3.43,-2.38,0.21,-49
1787066425627,214407,Lumbar,sit,-0.149816,0.984784,0.219112,3.92,-2.24,0.21,-49
1787066425627,214438,Lumbar,sit,-0.150304,0.987224,0.219112,3.78,-2.31,0,-49
1787066425627,214455,Lumbar,sit,-0.150304,0.986736,0.219112,3.78,-2.17,0.07,-49
1787066425627,214472,Lumbar,sit,-0.149328,0.986736,0.218136,3.85,-1.89,0.07,-49
1787066425627,214489,Lumbar,sit,-0.150304,0.984784,0.216672,3.99,-1.54,0,-49
1787066425627,214506,Lumbar,sit,-0.15128,0.985272,0.215208,4.13,-1.68,-0.14,-49
1787066425985,214682,Lumbar,sit,-0.155184,0.984784,0.207888,3.36,-1.68,-0.28,-48
1787066425985,214714,Lumbar,sit,-0.155184,0.989176,0.205448,3.43,-1.75,-0.28,-48
1787066425985,214731,Lumbar,sit,-0.15372,0.9882,0.206424,3.29,-1.82,-0.21,-48
1787066425985,214748,Lumbar,sit,-0.154696,0.988688,0.205936,3.01,-2.03,-0.14,-48
1787066425985,214765,Lumbar,sit,-0.155672,0.986736,0.206424,2.94,-2.03,0,-48
1787066425985,214796,Lumbar,sit,-0.155184,0.98576,0.20984,3.15,-1.96,0.07,-48
1787066425985,214813,Lumbar,sit,-0.15616,0.989176,0.208864,3.29,-1.96,0,-48
1787066425985,214830,Lumbar,sit,-0.154696,0.990152,0.205936,3.08,-2.1,-0.21,-48
1787066425985,214847,Lumbar,sit,-0.15372,0.991128,0.204472,2.59,-2.1,-0.35,-48
1787066425985,214864,Lumbar,sit,-0.155184,0.989176,0.204472,2.59,-2.03,-0.35,-48
1787066426342,215040,Lumbar,sit,-0.155672,0.9882,0.21472,1.68,-1.89,0.14,-48
1787066426342,215071,Lumbar,sit,-0.160552,0.993568,0.206912,0.49,-2.59,0.56,-48
1787066426342,215088,Lumbar,sit,-0.160552,0.990152,0.208864,-0.35,-2.59,0.91,-48
1787066426342,215104,Lumbar,sit,-0.159088,0.98576,0.210816,-0.42,-2.17,1.05,-48
1787066426342,215121,Lumbar,sit,-0.158112,0.985272,0.210816,-0.21,-1.75,1.05,-48
1787066426342,215152,Lumbar,sit,-0.158112,0.986248,0.207888,0.07,-2.1,1.05,-48
1787066426342,215169,Lumbar,sit,-0.158112,0.986736,0.210328,0.28,-2.31,0.91,-48
1787066426342,215186,Lumbar,sit,-0.158112,0.987712,0.210328,0.42,-2.24,1.05,-48
1787066426342,215203,Lumbar,sit,-0.156648,0.988688,0.210816,0.49,-2.1,1.19,-48
1787066426342,215220,Lumbar,sit,-0.156648,0.9882,0.208864,0.21,-1.89,1.12,-48
1787066426699,215395,Lumbar,sit,-0.151768,0.988688,0.215208,-0.35,-2.17,0.84,-48
1787066426699,215427,Lumbar,sit,-0.149816,0.984784,0.221552,-0.14,-2.03,0.77,-48
1787066426699,215444,Lumbar,sit,-0.150792,0.986248,0.221064,0,-1.89,0.63,-48
1787066426699,215461,Lumbar,sit,-0.151768,0.985272,0.221064,0,-1.75,0.63,-48
1787066426699,215478,Lumbar,sit,-0.153232,0.986736,0.218624,-0.14,-1.61,0.7,-48
1787066426699,215509,Lumbar,sit,-0.152256,0.986736,0.219112,-0.56,-1.19,0.77,-48
1787066426699,215526,Lumbar,sit,-0.151768,0.986736,0.219112,-0.49,-1.19,0.49,-48
1787066426699,215543,Lumbar,sit,-0.150792,0.987224,0.218136,-0.35,-1.47,0.42,-48
1787066426699,215560,Lumbar,sit,-0.151768,0.986248,0.220088,-0.35,-1.75,0.35,-48
1787066426699,215577,Lumbar,sit,-0.15128,0.984784,0.220576,-0.28,-1.89,0.42,-48
1787066427057,215753,Lumbar,sit,-0.152256,0.982832,0.225456,0.35,-1.61,0.35,-48
1787066427057,215785,Lumbar,sit,-0.152744,0.981368,0.227408,1.19,-1.96,0.21,-48
1787066427057,215802,Lumbar,sit,-0.153232,0.981856,0.225456,1.47,-2.17,0.28,-48
1787066427057,215819,Lumbar,sit,-0.154208,0.982832,0.225456,1.54,-2.24,0.28,-48
1787066427057,215836,Lumbar,sit,-0.152256,0.983808,0.223504,1.54,-2.1,0.56,-48
1787066427057,215867,Lumbar,sit,-0.154208,0.98576,0.220576,1.26,-1.68,0.35,-48
1787066427057,215884,Lumbar,sit,-0.15128,0.982344,0.221064,0.91,-1.89,0.07,-48
1787066427057,215901,Lumbar,sit,-0.151768,0.976976,0.225944,1.61,-2.59,-0.07,-48
1787066427057,215918,Lumbar,sit,-0.153232,0.97844,0.226432,2.87,-3.08,0.21,-48
1787066427057,215935,Lumbar,sit,-0.154696,0.98332,0.227896,3.15,-2.94,0.56,-48
1787066427414,216111,Lumbar,sit,-0.152744,0.98332,0.225456,2.8,-2.24,0.56,-49
1787066427414,216142,Lumbar,sit,-0.154208,0.984784,0.223504,2.94,-2.73,0.7,-49
1787066427414,216159,Lumbar,sit,-0.154696,0.984296,0.22448,2.87,-2.59,0.63,-49
1787066427414,216176,Lumbar,sit,-0.154208,0.983808,0.223992,2.73,-2.24,0.56,-49
1787066427414,216193,Lumbar,sit,-0.152256,0.980392,0.226432,2.94,-2.24,0.7,-49
1787066427414,216224,Lumbar,sit,-0.155184,0.98576,0.223016,3.64,-2.17,0.77,-49
1787066427414,216241,Lumbar,sit,-0.152744,0.990152,0.2196,3.08,-2.24,0.63,-49
1787066427414,216258,Lumbar,sit,-0.151768,0.989664,0.220088,2.24,-2.45,0.42,-49
1787066427414,216275,Lumbar,sit,-0.149816,0.985272,0.22448,2.17,-2.66,0.35,-49
1787066427414,216292,Lumbar,sit,-0.14884,0.983808,0.225456,2.52,-2.45,0.28,-49
1787066427772,216467,Lumbar,sit,-0.151768,0.988688,0.215696,3.71,-1.61,0.07,-49
1787066427772,216499,Lumbar,sit,-0.150792,0.988688,0.218624,3.36,-1.75,-0.07,-49
1787066427772,216516,Lumbar,sit,-0.15128,0.986248,0.219112,3.64,-1.68,-0.14,-49
1787066427772,216534,Lumbar,sit,-0.15372,0.985272,0.21472,3.85,-1.82,-0.14,-49
1787066427772,216551,Lumbar,sit,-0.155184,0.9882,0.213256,3.92,-1.96,-0.28,-49
1787066427772,216568,Lumbar,sit,-0.154208,0.98576,0.213256,3.78,-1.82,-0.14,-49
1787066427772,216599,Lumbar,sit,-0.15616,0.989176,0.208864,4.2,-1.54,-0.35,-49
1787066427772,216616,Lumbar,sit,-0.154208,0.991128,0.208376,3.85,-1.68,-0.28,-49
1787066427772,216633,Lumbar,sit,-0.152744,0.99064,0.208376,3.43,-1.68,-0.21,-49
1787066427772,216650,Lumbar,sit,-0.15372,0.987224,0.210328,3.43,-1.61,-0.14,-49
1787066428130,216826,Lumbar,sit,-0.157624,0.986248,0.208376,2.17,-1.96,0,-49
1787066428130,216857,Lumbar,sit,-0.156648,0.986736,0.205936,2.94,-2.59,-0.28,-49
1787066428130,216874,Lumbar,sit,-0.157624,0.989664,0.200568,2.94,-2.59,0,-49
1787066428130,216891,Lumbar,sit,-0.160064,0.993568,0.198616,2.31,-2.45,0.14,-49
1787066428130,216908,Lumbar,sit,-0.159576,0.992104,0.201056,2.1,-2.31,-0.07,-49
1787066428130,216938,Lumbar,sit,-0.154208,0.985272,0.205936,2.52,-2.31,-0.21,-49
1787066428130,216955,Lumbar,sit,-0.15372,0.987712,0.206912,2.94,-2.38,-0.21,-49
1787066428130,216972,Lumbar,sit,-0.154696,0.989664,0.203984,2.8,-2.52,-0.14,-49
1787066428130,216989,Lumbar,sit,-0.157624,0.994056,0.199104,1.89,-2.66,-0.07,-49
1787066428130,217006,Lumbar,sit,-0.157624,0.99064,0.201056,1.05,-2.59,0.14,-49
1787066428503,217183,Lumbar,sit,-0.162016,0.989664,0.202032,-0.56,-2.45,1.19,-50
1787066428503,217214,Lumbar,sit,-0.158112,0.986736,0.206424,-0.77,-2.45,1.19,-50
1787066428503,217231,Lumbar,sit,-0.15616,0.986248,0.208864,-0.49,-2.45,1.12,-50
1787066428503,217248,Lumbar,sit,-0.155672,0.985272,0.211304,-0.14,-2.45,1.05,-50
1787066428503,217265,Lumbar,sit,-0.157624,0.986248,0.210328,0.07,-2.45,0.91,-50
1787066428503,217295,Lumbar,sit,-0.159088,0.989176,0.2074,0.07,-2.38,0.84,-50
1787066428503,217312,Lumbar,sit,-0.1586,0.992104,0.206912,-0.28,-2.38,0.84,-50
1787066428503,217329,Lumbar,sit,-0.155672,0.989176,0.20984,-0.7,-2.1,0.84,-50
1787066428503,217346,Lumbar,sit,-0.152256,0.986248,0.210816,-0.7,-1.89,0.7,-50
1787066428503,217377,Lumbar,sit,-0.15372,0.984296,0.211792,-0.14,-1.82,0.63,-50
1787066428859,217553,Lumbar,sit,-0.151768,0.986736,0.217648,-0.56,-1.68,0.84,-50
1787066428859,217585,Lumbar,sit,-0.152744,0.98576,0.220088,-0.42,-1.75,0.77,-50
1787066428859,217602,Lumbar,sit,-0.151768,0.987224,0.221552,-0.35,-1.75,0.63,-50
1787066428859,217619,Lumbar,sit,-0.149328,0.987224,0.2196,-0.42,-1.68,0.56,-50
1787066428859,217636,Lumbar,sit,-0.149816,0.987224,0.220088,-0.56,-1.61,0.49,-50
1787066428859,217667,Lumbar,sit,-0.152256,0.98576,0.22204,-0.42,-1.54,0.35,-50
1787066428859,217684,Lumbar,sit,-0.152744,0.986736,0.223016,-0.42,-1.61,0.21,-50
1787066428859,217701,Lumbar,sit,-0.152744,0.986248,0.223016,-0.42,-1.68,0.07,-50
1787066428859,217718,Lumbar,sit,-0.152744,0.985272,0.223016,-0.42,-1.75,0.07,-50
1787066428859,217735,Lumbar,sit,-0.15372,0.986248,0.224968,-0.49,-1.61,0.42,-50
1787066429218,217912,Lumbar,sit,-0.158112,0.986248,0.218624,1.89,-2.31,0.28,-50
1787066429218,217943,Lumbar,sit,-0.157136,0.982344,0.221552,1.61,-2.59,0.42,-50
1787066429218,217961,Lumbar,sit,-0.156648,0.979904,0.228872,2.1,-2.31,0.42,-50
1787066429218,217978,Lumbar,sit,-0.156648,0.980392,0.227896,2.73,-2.1,0.49,-50
1787066429218,217995,Lumbar,sit,-0.15616,0.984784,0.226432,3.01,-2.17,0.56,-50
1787066429218,218012,Lumbar,sit,-0.15616,0.98576,0.22448,2.94,-2.31,0.7,-50
1787066429218,218043,Lumbar,sit,-0.154208,0.98576,0.223016,2.8,-2.1,0.77,-50
1787066429218,218060,Lumbar,sit,-0.153232,0.985272,0.223992,2.66,-1.82,0.7,-50
1787066429218,218077,Lumbar,sit,-0.15128,0.984296,0.223992,2.59,-1.75,0.7,-50
1787066429218,218094,Lumbar,sit,-0.147864,0.979904,0.22692,2.8,-1.96,0.77,-50
1787066429599,218269,Lumbar,sit,-0.154208,0.986736,0.217648,4.06,-2.52,0.35,-50
1787066429599,218300,Lumbar,sit,-0.15616,0.986248,0.215208,3.78,-2.45,0.42,-50
1787066429599,218317,Lumbar,sit,-0.1586,0.986736,0.215696,3.71,-2.52,0.42,-50
1787066429599,218335,Lumbar,sit,-0.158112,0.986736,0.215208,3.78,-2.52,0.49,-50
1787066429599,218352,Lumbar,sit,-0.159088,0.986736,0.214232,3.85,-2.24,0.56,-50
1787066429599,218383,Lumbar,sit,-0.157136,0.990152,0.207888,3.71,-1.96,0.35,-50
1787066429599,218400,Lumbar,sit,-0.15616,0.991128,0.205936,3.08,-1.89,0.28,-50
1787066429599,218417,Lumbar,sit,-0.15372,0.991128,0.203984,2.66,-1.89,0.21,-50
1787066429599,218434,Lumbar,sit,-0.150792,0.987224,0.2074,2.31,-1.82,0.21,-50
1787066429599,218451,Lumbar,sit,-0.15128,0.986248,0.210328,2.59,-1.82,0.21,-50
1787066429938,218626,Lumbar,sit,-0.152744,0.9882,0.215208,2.52,-2.03,0.28,-53
1787066429938,218657,Lumbar,sit,-0.14884,0.985272,0.215696,2.24,-1.54,-0.63,-53
1787066429938,218674,Lumbar,sit,-0.149816,0.98332,0.213744,2.38,-2.17,-0.84,-53
1787066429938,218691,Lumbar,sit,-0.148352,0.98332,0.215208,3.22,-2.24,-0.7,-53
1787066429938,218708,Lumbar,sit,-0.154208,0.989664,0.20984,3.71,-2.17,-0.42,-53
1787066429938,218739,Lumbar,sit,-0.157136,0.994544,0.205448,2.45,-1.89,-0.21,-53
1787066429938,218756,Lumbar,sit,-0.155184,0.986736,0.204472,2.38,-1.75,-0.07,-53
1787066429938,218772,Lumbar,sit,-0.155184,0.98332,0.206424,2.94,-1.82,-0.21,-53
1787066429938,218790,Lumbar,sit,-0.157624,0.986736,0.206424,3.5,-2.1,-0.21,-53
1787066429938,218806,Lumbar,sit,-0.158112,0.989176,0.204472,3.01,-2.17,-0.14,-53
1787066430288,218982,Lumbar,sit,-0.157624,0.987712,0.207888,1.89,-2.1,0.56,-53
1787066430288,219013,Lumbar,sit,-0.159576,0.990152,0.20496,1.33,-2.38,0.63,-53
1787066430288,219030,Lumbar,sit,-0.157136,0.989176,0.207888,1.12,-2.45,0.56,-53
1787066430288,219047,Lumbar,sit,-0.155184,0.987712,0.207888,1.12,-2.52,0.49,-53
1787066430288,219064,Lumbar,sit,-0.15372,0.985272,0.208864,1.54,-2.38,0.42,-53
1787066430288,219095,Lumbar,sit,-0.155672,0.9882,0.208864,1.96,-2.31,0.35,-53
1787066430288,219112,Lumbar,sit,-0.156648,0.989664,0.207888,1.82,-2.24,0.49,-53
1787066430288,219129,Lumbar,sit,-0.157624,0.989664,0.208376,1.54,-2.1,0.63,-53
1787066430288,219146,Lumbar,sit,-0.157624,0.989176,0.207888,1.47,-1.82,0.7,-53
1787066430288,219163,Lumbar,sit,-0.15372,0.989176,0.206912,1.26,-1.68,0.63,-53
1787066430645,219338,Lumbar,sit,-0.155184,0.987712,0.209352,0.14,-1.75,0.7,-53
1787066430645,219369,Lumbar,sit,-0.15616,0.989664,0.211304,0.35,-1.68,0.7,-53
1787066430645,219386,Lumbar,sit,-0.155672,0.988688,0.210328,0.07,-1.96,0.7,-53
1787066430645,219403,Lumbar,sit,-0.155672,0.988688,0.211304,-0.14,-2.1,0.63,-53
1787066430645,219420,Lumbar,sit,-0.15372,0.9882,0.211792,-0.21,-2.17,0.63,-53
1787066430645,219451,Lumbar,sit,-0.154696,0.989664,0.209352,-0.7,-1.61,1.05,-53
1787066430645,219468,Lumbar,sit,-0.152744,0.9882,0.211304,-1.12,-1.47,0.63,-53
1787066430645,219485,Lumbar,sit,-0.151768,0.984296,0.21228,-1.12,-1.68,0.42,-53
1787066430645,219502,Lumbar,sit,-0.150792,0.981856,0.216184,-0.56,-2.24,0.21,-53
1787066430645,219519,Lumbar,sit,-0.152744,0.98332,0.21472,0.35,-2.45,0.42,-53
1787066431002,219694,Lumbar,sit,-0.155672,0.981856,0.221064,-0.35,-1.47,0.49,-53
1787066431002,219725,Lumbar,sit,-0.157136,0.98332,0.220088,0.42,-1.96,0.35,-53
1787066431002,219743,Lumbar,sit,-0.156648,0.982832,0.218624,0.77,-2.03,0.35,-53
1787066431002,219760,Lumbar,sit,-0.155672,0.984784,0.219112,0.77,-1.89,0.28,-53
1787066431002,219777,Lumbar,sit,-0.155184,0.983808,0.220576,0.7,-1.82,0.35,-53
1787066431002,219794,Lumbar,sit,-0.155184,0.982344,0.223992,1.05,-1.75,0.42,-53
1787066431002,219825,Lumbar,sit,-0.15616,0.98576,0.219112,1.05,-1.89,0.35,-53
1787066431002,219842,Lumbar,sit,-0.15372,0.984296,0.221552,0.77,-1.96,0.21,-53
1787066431002,219859,Lumbar,sit,-0.150792,0.98088,0.224968,1.19,-2.1,0.14,-53
1787066431002,219876,Lumbar,sit,-0.152256,0.979904,0.22448,2.31,-2.03,0,-53
1787066431358,220051,Lumbar,sit,-0.158112,0.986248,0.219112,2.59,-1.82,0.63,-53
1787066431358,220083,Lumbar,sit,-0.157136,0.986248,0.218136,2.17,-2.1,0.42,-53
1787066431358,220100,Lumbar,sit,-0.157136,0.985272,0.218624,2.17,-2.24,0.35,-53
1787066431358,220117,Lumbar,sit,-0.157624,0.983808,0.217648,2.45,-2.38,0.28,-53
1787066431358,220134,Lumbar,sit,-0.157136,0.983808,0.216672,2.73,-2.52,0.35,-53
1787066431358,220165,Lumbar,sit,-0.155672,0.984784,0.219112,3.01,-2.45,0.49,-53
1787066431358,220182,Lumbar,sit,-0.155184,0.98576,0.2196,3.15,-2.45,0.49,-53
1787066431358,220199,Lumbar,sit,-0.15616,0.988688,0.2196,3.15,-2.24,0.7,-53
1787066431358,220216,Lumbar,sit,-0.15616,0.99064,0.215208,2.52,-2.1,0.7,-53
1787066431358,220233,Lumbar,sit,-0.154696,0.988688,0.213744,2.1,-2.1,0.28,-53
1787066431716,220408,Lumbar,sit,-0.157136,0.990152,0.210328,2.59,-2.73,-0.07,-53
1787066431716,220439,Lumbar,sit,-0.155672,0.98576,0.21228,2.03,-2.31,0.14,-53
1787066431716,220456,Lumbar,sit,-0.157136,0.98332,0.211792,2.17,-2.1,0.28,-53
1787066431716,220473,Lumbar,sit,-0.158112,0.984296,0.20984,2.59,-2.1,0.21,-53
1787066431716,220490,Lumbar,sit,-0.158112,0.986248,0.209352,2.8,-2.31,0.21,-53
1787066431716,220521,Lumbar,sit,-0.1586,0.986736,0.211304,2.87,-2.31,0.28,-53
1787066431716,220538,Lumbar,sit,-0.157624,0.984784,0.211792,3.08,-2.31,0.42,-53
1787066431716,220555,Lumbar,sit,-0.155672,0.986248,0.214232,3.29,-2.31,0.56,-53
1787066431716,220572,Lumbar,sit,-0.157624,0.988688,0.21228,3.22,-2.17,0.63,-53
1787066431716,220590,Lumbar,sit,-0.157136,0.99308,0.20984,2.45,-2.31,0.49,-53
1787066432073,220765,Lumbar,sit,-0.15372,0.987224,0.203008,0.84,-2.38,0.21,-53
1787066432073,220795,Lumbar,sit,-0.157136,0.978928,0.210328,0.91,-2.38,0.42,-53
1787066432073,220813,Lumbar,sit,-0.160552,0.976,0.21716,1.68,-2.31,0.63,-53
1787066432073,220829,Lumbar,sit,-0.161528,0.976488,0.221064,2.66,-2.31,0.63,-53
1787066432073,220846,Lumbar,sit,-0.161528,0.979416,0.22204,3.01,-2.24,0.63,-53
1787066432073,220877,Lumbar,sit,-0.162992,0.987712,0.218624,3.43,-1.82,0.42,-53
1787066432073,220894,Lumbar,sit,-0.162504,0.9882,0.217648,3.36,-1.54,0.49,-53
1787066432073,220911,Lumbar,sit,-0.163968,0.986736,0.215208,3.36,-1.33,0.49,-53
1787066432073,220928,Lumbar,sit,-0.163968,0.986248,0.213256,3.22,-0.91,0.56,-53
1787066432073,220945,Lumbar,sit,-0.163968,0.982832,0.210328,3.22,-0.91,0.7,-53
1787066432429,221121,Lumbar,sit,-0.149328,0.999424,0.190808,2.17,-2.17,0.63,-52
1787066432429,221153,Lumbar,sit,-0.14884,0.99308,0.190808,0.56,-2.45,0.42,-52
1787066432429,221170,Lumbar,sit,-0.14884,0.991128,0.193248,0.7,-2.87,0.28,-52
1787066432429,221187,Lumbar,sit,-0.14884,0.988688,0.194712,0.77,-3.15,0.42,-52
1787066432429,221204,Lumbar,sit,-0.154208,0.991128,0.196176,0.77,-3.29,0.56,-52
1787066432429,221235,Lumbar,sit,-0.15372,0.990152,0.204472,0,-2.45,0.21,-52
1787066432429,221252,Lumbar,sit,-0.154696,0.984784,0.211792,0.28,-2.24,-0.14,-52
1787066432429,221269,Lumbar,sit,-0.154696,0.98332,0.215208,1.33,-2.38,-0.14,-52
1787066432429,221286,Lumbar,sit,-0.156648,0.986736,0.210328,2.03,-2.31,0,-52
1787066432429,221303,Lumbar,sit,-0.160064,0.991128,0.205448,1.05,-2.45,0.07,-52
1787066432789,221477,Lumbar,sit,-0.162992,0.988688,0.198616,2.03,-2.24,0.56,-52
1787066432789,221508,Lumbar,sit,-0.160064,0.987712,0.201056,1.75,-2.31,0.49,-52
1787066432789,221525,Lumbar,sit,-0.158112,0.986248,0.20252,2.1,-1.89,0.56,-52
1787066432789,221542,Lumbar,sit,-0.157136,0.987712,0.201056,2.31,-1.68,0.56,-52
1787066432789,221559,Lumbar,sit,-0.156648,0.989664,0.200568,2.24,-1.96,0.7,-52
1787066432789,221590,Lumbar,sit,-0.156648,0.994056,0.19764,1.68,-2.17,0.84,-52
1787066432789,221607,Lumbar,sit,-0.155672,0.99552,0.196664,0.91,-2.17,0.91,-52
1787066432789,221624,Lumbar,sit,-0.15372,0.991128,0.198128,0.49,-1.96,0.84,-52
1787066432789,221641,Lumbar,sit,-0.14884,0.989176,0.199592,0.42,-1.82,0.63,-52
1787066432789,221658,Lumbar,sit,-0.14884,0.98576,0.204472,0.63,-1.82,0.49,-52
1787066433143,221834,Lumbar,sit,-0.157624,0.99064,0.205936,-0.98,-1.4,0.98,-52
1787066433143,221865,Lumbar,sit,-0.15616,0.98576,0.215696,-0.7,-1.4,0.7,-52
1787066433143,221882,Lumbar,sit,-0.156648,0.986248,0.216672,-0.21,-1.61,0.63,-52
1787066433143,221899,Lumbar,sit,-0.155184,0.9882,0.21228,-0.14,-1.96,0.49,-52
1787066433143,221916,Lumbar,sit,-0.154208,0.9882,0.208376,-0.21,-2.03,0.42,-52
1787066433143,221947,Lumbar,sit,-0.151768,0.987712,0.205936,-0.49,-1.82,0.42,-52
1787066433143,221964,Lumbar,sit,-0.153232,0.987224,0.206912,-0.49,-2.03,0.56,-52
1787066433143,221981,Lumbar,sit,-0.153232,0.986736,0.208376,-0.35,-2.17,0.7,-52
1787066433143,221998,Lumbar,sit,-0.154696,0.987224,0.212768,-0.21,-2.17,0.7,-52
1787066433143,222015,Lumbar,sit,-0.153232,0.986736,0.214232,-0.14,-2.24,0.7,-52
1787066433500,222190,Lumbar,sit,-0.155184,0.986736,0.218136,0.28,-2.03,0.84,-50
1787066433500,222221,Lumbar,sit,-0.15372,0.986248,0.215208,-0.56,-1.61,0.35,-50
1787066433500,222238,Lumbar,sit,-0.15372,0.981856,0.21716,-0.42,-2.03,-0.14,-50
1787066433500,222255,Lumbar,sit,-0.153232,0.978928,0.219112,0.07,-2.31,0,-50
1787066433500,222272,Lumbar,sit,-0.155184,0.98088,0.218136,1.05,-2.59,0.14,-50
1787066433500,222303,Lumbar,sit,-0.155672,0.98576,0.221064,1.61,-1.96,0.49,-50
1787066433500,222320,Lumbar,sit,-0.153232,0.987712,0.219112,1.68,-1.82,0.42,-50
1787066433500,222337,Lumbar,sit,-0.153232,0.986248,0.218136,1.61,-1.96,0.14,-50
1787066433500,222354,Lumbar,sit,-0.154208,0.98576,0.220088,1.33,-2.24,0.21,-50
1787066433500,222371,Lumbar,sit,-0.155184,0.98576,0.219112,1.12,-2.38,0.35,-50
1787066433857,222547,Lumbar,sit,-0.152744,0.983808,0.221552,3.22,-2.24,0.49,-50
1787066433857,222579,Lumbar,sit,-0.154208,0.991128,0.213744,2.45,-2.17,0.49,-50
1787066433857,222596,Lumbar,sit,-0.152744,0.99064,0.213256,2.03,-2.31,0.35,-50
1787066433857,222613,Lumbar,sit,-0.151768,0.98576,0.217648,1.89,-2.38,0.28,-50
1787066433857,222630,Lumbar,sit,-0.15128,0.981856,0.220088,2.59,-2.31,0.14,-50
1787066433857,222661,Lumbar,sit,-0.15372,0.98576,0.218136,3.22,-2.45,0.21,-50
1787066433857,222677,Lumbar,sit,-0.154696,0.987712,0.215696,3.08,-2.66,0.21,-50
1787066433857,222694,Lumbar,sit,-0.15372,0.988688,0.216672,2.94,-2.73,0.35,-50
1787066433857,222711,Lumbar,sit,-0.152744,0.987224,0.216672,2.8,-2.31,0.35,-50
1787066433857,222728,Lumbar,sit,-0.153232,0.986248,0.21716,2.73,-1.96,0.35,-50
1787066434213,222903,Lumbar,sit,-0.154208,0.986248,0.21228,3.01,-2.1,0.35,-50
1787066434213,222934,Lumbar,sit,-0.155672,0.986736,0.213256,3.15,-2.1,0.42,-50
1787066434213,222951,Lumbar,sit,-0.155672,0.987712,0.213256,3.15,-2.17,0.42,-50
1787066434213,222968,Lumbar,sit,-0.154208,0.987712,0.211792,2.94,-2.1,0.35,-50
1787066434213,222985,Lumbar,sit,-0.15372,0.987712,0.21228,2.94,-2.03,0.14,-50
1787066434213,223016,Lumbar,sit,-0.155672,0.987224,0.210816,3.01,-2.24,0,-50
1787066434213,223033,Lumbar,sit,-0.15616,0.9882,0.206912,2.87,-2.24,0,-50
1787066434213,223050,Lumbar,sit,-0.15616,0.989176,0.203496,2.73,-2.31,0.14,-50
1787066434213,223067,Lumbar,sit,-0.15372,0.989664,0.203496,2.66,-2.24,0.21,-50
1787066434213,223084,Lumbar,sit,-0.155184,0.991616,0.204472,2.52,-2.17,0.49,-50
1787066434580,223259,Lumbar,sit,-0.154696,0.99064,0.205936,3.99,-2.03,-0.21,-50
1787066434580,223289,Lumbar,sit,-0.158112,0.99308,0.202032,2.38,-2.45,0.07,-50
1787066434580,223306,Lumbar,sit,-0.1586,0.989176,0.203008,1.89,-2.38,0.28,-50
1787066434580,223322,Lumbar,sit,-0.157624,0.987224,0.203984,1.96,-2.24,0.21,-50
1787066434580,223353,Lumbar,sit,-0.1586,0.987224,0.20008,2.8,-1.82,0.07,-50
1787066434580,223370,Lumbar,sit,-0.158112,0.987712,0.199592,2.87,-1.89,0.14,-50
1787066434580,223387,Lumbar,sit,-0.158112,0.989176,0.200568,2.87,-2.1,0.07,-50
1787066434580,223404,Lumbar,sit,-0.157136,0.99064,0.20008,2.94,-2.03,0.07,-50
1787066434580,223421,Lumbar,sit,-0.156648,0.987712,0.200568,2.8,-1.68,0.07,-50
1787066434580,223452,Lumbar,sit,-0.157624,0.990152,0.201056,2.94,-1.47,0.35,-50
1787066434937,223627,Lumbar,sit,-0.155672,0.992592,0.196664,2.03,-1.54,0.14,-50
1787066434937,223658,Lumbar,sit,-0.157624,0.989176,0.196176,1.96,-2.03,0.07,-50
1787066434937,223675,Lumbar,sit,-0.1586,0.989176,0.1952,1.89,-2.31,0.21,-50
1787066434937,223692,Lumbar,sit,-0.157624,0.989176,0.195688,1.89,-2.31,0.35,-50
1787066434937,223709,Lumbar,sit,-0.159088,0.990152,0.194712,1.89,-2.24,0.35,-50
1787066434937,223739,Lumbar,sit,-0.1586,0.990152,0.194712,1.54,-2.1,0.42,-50
1787066434937,223756,Lumbar,sit,-0.1586,0.989664,0.193736,1.54,-2.1,0.35,-50
1787066434937,223773,Lumbar,sit,-0.158112,0.990152,0.194224,1.47,-2.24,0.49,-50
1787066434937,223790,Lumbar,sit,-0.157136,0.990152,0.19764,1.54,-2.38,0.49,-50
1787066434937,223807,Lumbar,sit,-0.156648,0.99064,0.19764,1.54,-2.31,0.56,-50
1787066435293,223982,Lumbar,sit,-0.155184,0.9882,0.20008,-0.14,-2.1,0.63,-50
1787066435293,224013,Lumbar,sit,-0.15616,0.98332,0.203984,0.56,-2.38,0.42,-50
1787066435293,224030,Lumbar,sit,-0.157136,0.988688,0.202032,1.4,-2.17,0.49,-50
1787066435293,224047,Lumbar,sit,-0.157136,0.992104,0.198616,0.91,-1.96,0.63,-50
1787066435293,224064,Lumbar,sit,-0.1586,0.991616,0.196176,0.49,-1.75,0.7,-50
1787066435293,224095,Lumbar,sit,-0.15616,0.986736,0.199592,0.7,-1.96,0.49,-50
1787066435293,224112,Lumbar,sit,-0.155672,0.987224,0.203008,1.12,-2.1,0.49,-50
1787066435293,224129,Lumbar,sit,-0.1586,0.992104,0.201056,0.91,-2.24,0.63,-50
1787066435293,224146,Lumbar,sit,-0.160064,0.992592,0.20008,0,-2.31,0.77,-50
1787066435293,224163,Lumbar,sit,-0.159576,0.991616,0.201544,-0.35,-2.24,0.91,-50
1787066435649,224338,Lumbar,sit,-0.156648,0.992104,0.203496,-0.35,-2.59,0.84,-50
1787066435649,224369,Lumbar,sit,-0.153232,0.987712,0.209352,-0.56,-2.31,0.63,-50
1787066435649,224386,Lumbar,sit,-0.150792,0.986248,0.213744,-0.21,-2.03,0.49,-50
1787066435649,224403,Lumbar,sit,-0.152744,0.98576,0.20984,0.21,-1.82,0.28,-50
1787066435649,224420,Lumbar,sit,-0.15372,0.986248,0.208864,0.21,-1.89,0.28,-50
1787066435649,224451,Lumbar,sit,-0.157624,0.989176,0.203496,-0.84,-2.31,0.56,-50
1787066435649,224468,Lumbar,sit,-0.157624,0.987712,0.206912,-1.4,-2.59,0.77,-50
1787066435649,224485,Lumbar,sit,-0.155672,0.98332,0.20984,-1.4,-2.52,0.91,-50
1787066435649,224502,Lumbar,sit,-0.159088,0.977952,0.217648,-1.05,-2.66,1.19,-50
1787066435649,224519,Lumbar,sit,-0.162016,0.97844,0.227408,0.28,-3.08,1.61,-50
1787066436019,224694,Lumbar,sit,-0.133712,0.976976,0.201544,-0.77,-1.33,-0.56,-52
1787066436019,224724,Lumbar,sit,-0.13908,0.983808,0.206912,0.35,-2.59,-0.63,-52
1787066436019,224742,Lumbar,sit,-0.140544,0.98576,0.210328,0.49,-2.87,-0.56,-52
1787066436019,224758,Lumbar,sit,-0.145424,0.986248,0.217648,0.49,-2.73,-0.42,-52
1787066436019,224775,Lumbar,sit,-0.151768,0.985272,0.225944,0.21,-2.31,-0.14,-52
1787066436019,224806,Lumbar,sit,-0.157136,0.979904,0.240096,1.12,-2.38,-0.98,-52
1787066436019,224823,Lumbar,sit,-0.160064,0.97844,0.242048,2.94,-2.59,-0.98,-52
1787066436019,224840,Lumbar,sit,-0.162504,0.9882,0.229848,4.06,-2.8,-0.7,-52
1787066436019,224857,Lumbar,sit,-0.163968,0.996984,0.21716,3.36,-2.24,-0.49,-52
1787066436019,224887,Lumbar,sit,-0.160552,0.99796,0.203008,0.63,-0.91,-0.49,-52
1787066436366,225064,Lumbar,sit,-0.162992,0.994056,0.22204,2.8,-2.24,0.98,-52
1787066436366,225096,Lumbar,sit,-0.1586,0.987712,0.223992,2.03,-1.75,0.56,-52
1787066436366,225113,Lumbar,sit,-0.157624,0.9882,0.223016,2.31,-1.75,0.49,-52
1787066436366,225130,Lumbar,sit,-0.157624,0.992592,0.210328,2.1,-1.96,0.63,-52
1787066436366,225147,Lumbar,sit,-0.15372,0.99552,0.205448,1.61,-2.1,0.56,-52
1787066436366,225178,Lumbar,sit,-0.14152,0.986248,0.201544,-0.14,-2.45,0.35,-52
1787066436366,225195,Lumbar,sit,-0.141032,0.981368,0.204472,0.84,-2.73,0.42,-52
1787066436366,225212,Lumbar,sit,-0.144936,0.977464,0.20496,1.4,-2.94,0.56,-52
1787066436366,225229,Lumbar,sit,-0.150792,0.975512,0.210816,1.89,-3.78,0.77,-52
1787066436366,225246,Lumbar,sit,-0.153232,0.979416,0.223504,2.94,-4.41,0.98,-52
1787066436779,225465,Lumbar,sit,-0.152744,0.992104,0.196176,2.45,-2.87,0.42,-52
1787066436779,225497,Lumbar,sit,-0.153232,0.99308,0.193248,1.26,-3.57,0.63,-52
1787066436779,225514,Lumbar,sit,-0.151768,0.992104,0.198616,0.77,-3.5,0.77,-52
1787066436779,225531,Lumbar,sit,-0.150304,0.991128,0.201544,0.35,-2.94,0.91,-52
1787066436779,225548,Lumbar,sit,-0.145912,0.989664,0.20984,-0.35,-2.45,0.28,-52
1787066436779,225579,Lumbar,sit,-0.1464,0.982832,0.2196,0.07,-3.01,-0.35,-52
1787066436779,225596,Lumbar,sit,-0.148352,0.984784,0.220088,0.56,-3.01,-0.07,-52
1787066436779,225613,Lumbar,sit,-0.152256,0.987712,0.220576,0.14,-2.94,0.28,-52
1787066436779,225630,Lumbar,sit,-0.152744,0.984784,0.221552,0.28,-2.45,0.56,-52
1787066436779,225647,Lumbar,sit,-0.15372,0.977952,0.22204,0.77,-2.17,0.56,-52
1787066437136,225822,Lumbar,sit,-0.157624,0.984296,0.212768,4.06,-2.31,0.14,-52
1787066437136,225853,Lumbar,sit,-0.156648,0.987712,0.20984,4.34,-2.17,0.21,-52
1787066437136,225870,Lumbar,sit,-0.155672,0.991128,0.20984,4.48,-2.1,0.35,-52
1787066437136,225888,Lumbar,sit,-0.157136,0.993568,0.205936,3.92,-2.1,0.35,-52
1787066437136,225905,Lumbar,sit,-0.158112,0.991616,0.203984,2.94,-1.96,0.28,-52
1787066437136,225922,Lumbar,sit,-0.158112,0.992592,0.205448,2.59,-1.89,0.21,-52
1787066437136,225953,Lumbar,sit,-0.150304,0.985272,0.208864,2.8,-2.1,-0.07,-52
1787066437136,225970,Lumbar,sit,-0.149816,0.98576,0.208376,3.36,-1.96,-0.07,-52
1787066437136,225987,Lumbar,sit,-0.152256,0.987712,0.207888,3.5,-2.03,0.07,-52
1787066437136,226004,Lumbar,sit,-0.154208,0.991128,0.20496,3.29,-2.24,0.07,-52
1787066437492,226179,Lumbar,sit,-0.157624,0.989664,0.205448,2.45,-1.96,0.28,-52
1787066437492,226211,Lumbar,sit,-0.159088,0.990152,0.203984,2.17,-2.1,0.14,-52
1787066437492,226228,Lumbar,sit,-0.1586,0.9882,0.205448,2.24,-1.89,0.21,-52
1787066437492,226245,Lumbar,sit,-0.159576,0.987224,0.204472,2.31,-1.75,0.35,-52
1787066437492,226262,Lumbar,sit,-0.160064,0.987712,0.203984,2.38,-1.82,0.49,-52
1787066437492,226293,Lumbar,sit,-0.1586,0.989176,0.201056,2.24,-2.1,0.63,-52
1787066437492,226310,Lumbar,sit,-0.159088,0.989176,0.20008,2.17,-2.24,0.77,-52
1787066437492,226327,Lumbar,sit,-0.159088,0.988688,0.20008,2.03,-2.24,0.77,-52
1787066437492,226344,Lumbar,sit,-0.157624,0.990152,0.198128,1.96,-2.17,0.77,-52
1787066437492,226361,Lumbar,sit,-0.15616,0.99064,0.199104,1.82,-2.17,0.63,-52
1787066437850,226536,Lumbar,sit,-0.155184,0.992104,0.203496,0.98,-2.59,0.77,-51
1787066437850,226567,Lumbar,sit,-0.154208,0.984784,0.208864,0.49,-1.75,0.56,-51
1787066437850,226584,Lumbar,sit,-0.154208,0.983808,0.210328,0.77,-2.31,0.21,-51
1787066437850,226601,Lumbar,sit,-0.15372,0.983808,0.21228,1.68,-2.59,0.28,-51
1787066437850,226618,Lumbar,sit,-0.15616,0.989176,0.205936,2.1,-2.59,0.42,-51
1787066437850,226649,Lumbar,sit,-0.159088,0.991616,0.20252,0.98,-2.24,0.28,-51
1787066437850,226666,Lumbar,sit,-0.154208,0.987224,0.203496,1.33,-1.89,0.14,-51
1787066437850,226683,Lumbar,sit,-0.152744,0.986248,0.205936,1.89,-1.82,0,-51
1787066437850,226699,Lumbar,sit,-0.152744,0.990152,0.20496,1.96,-2.03,0.21,-51
1787066437850,226717,Lumbar,sit,-0.154208,0.992592,0.201056,1.12,-2.45,0.42,-51
1787066438208,226892,Lumbar,sit,-0.15372,0.986736,0.211792,0.77,-1.96,0.91,-51
1787066438208,226923,Lumbar,sit,-0.160552,0.987224,0.208864,0.7,-2.59,1.19,-51
1787066438208,226940,Lumbar,sit,-0.160064,0.989176,0.206912,0.42,-2.94,1.26,-51
1787066438208,226957,Lumbar,sit,-0.1586,0.990152,0.2074,0.49,-2.87,1.05,-51
1787066438208,226974,Lumbar,sit,-0.156648,0.989176,0.206424,0.77,-2.52,0.63,-51
1787066438208,227005,Lumbar,sit,-0.15616,0.991128,0.2074,0.91,-2.03,0.42,-51
1787066438208,227022,Lumbar,sit,-0.155672,0.992104,0.207888,0.7,-1.96,0.21,-51
1787066438208,227039,Lumbar,sit,-0.154696,0.992104,0.206424,0.14,-2.03,0.28,-51
1787066438208,227056,Lumbar,sit,-0.151768,0.992592,0.206424,-0.14,-2.17,0.21,-51
1787066438208,227073,Lumbar,sit,-0.145424,0.990152,0.20496,-0.49,-2.17,0.07,-51
1787066438564,227250,Lumbar,sit,-0.160064,0.986736,0.2196,0.14,-2.1,0.56,-51
1787066438564,227282,Lumbar,sit,-0.157624,0.98576,0.221064,0.21,-1.82,0.49,-51
1787066438564,227299,Lumbar,sit,-0.15616,0.98576,0.221064,0.28,-1.4,0.28,-51
1787066438564,227317,Lumbar,sit,-0.154208,0.984784,0.2196,0.35,-1.26,0.21,-51
1787066438564,227334,Lumbar,sit,-0.155672,0.98576,0.218136,0.28,-1.4,0.21,-51
1787066438564,227351,Lumbar,sit,-0.154696,0.983808,0.216184,0.49,-1.68,0.21,-51
1787066438564,227382,Lumbar,sit,-0.152744,0.9882,0.214232,0.77,-1.89,0,-51
1787066438564,227399,Lumbar,sit,-0.150304,0.987712,0.21228,0.56,-2.1,0,-51
1787066438564,227416,Lumbar,sit,-0.150792,0.987712,0.211792,0.42,-2.24,-0.07,-51
1787066438564,227433,Lumbar,sit,-0.150304,0.988688,0.21228,0.35,-2.24,-0.07,-51
1787066438923,227607,Lumbar,sit,-0.15372,0.979416,0.231312,0.35,-1.75,0,-51
1787066438923,227638,Lumbar,sit,-0.160552,0.978928,0.228872,0.07,-0.98,-0.56,-51
1787066438923,227656,Lumbar,sit,-0.162016,0.977952,0.225456,0.98,-1.68,-0.35,-51
1787066438923,227673,Lumbar,sit,-0.162504,0.981856,0.227408,1.47,-2.45,-0.07,-51
1787066438923,227689,Lumbar,sit,-0.164456,0.981856,0.22692,1.4,-2.38,0.21,-51
1787066438923,227720,Lumbar,sit,-0.166408,0.977952,0.230336,0.7,-3.01,0.77,-51
1787066438923,227738,Lumbar,sit,-0.16592,0.976488,0.232776,1.26,-2.66,0.91,-51
1787066438923,227754,Lumbar,sit,-0.163968,0.975024,0.233264,1.75,-2.31,0.84,-51
1787066438923,227771,Lumbar,sit,-0.165432,0.97844,0.229848,2.66,-2.17,0.77,-51
1787066438923,227788,Lumbar,sit,-0.162016,0.982344,0.22936,3.15,-2.31,0.84,-51
1787066439282,227964,Lumbar,sit,-0.150304,0.981856,0.227896,3.71,-2.73,0.91,-51
1787066439282,227995,Lumbar,sit,-0.151768,0.990152,0.224968,3.29,-2.52,0.77,-51
1787066439282,228012,Lumbar,sit,-0.151768,0.991128,0.223504,2.87,-2.38,0.7,-51
1787066439282,228030,Lumbar,sit,-0.149816,0.991128,0.222528,2.59,-2.31,0.56,-51
1787066439282,228047,Lumbar,sit,-0.14884,0.988688,0.221552,2.45,-2.38,0.49,-51
1787066439282,228078,Lumbar,sit,-0.150792,0.985272,0.223504,2.45,-2.52,0.49,-51
1787066439282,228095,Lumbar,sit,-0.152744,0.983808,0.222528,2.52,-2.38,0.49,-51
1787066439282,228112,Lumbar,sit,-0.15372,0.986736,0.222528,2.45,-2.24,0.63,-51
1787066439282,228129,Lumbar,sit,-0.154696,0.986736,0.220576,2.31,-2.03,0.63,-51
1787066439282,228146,Lumbar,sit,-0.157136,0.98576,0.217648,2.17,-2.1,0.63,-51
1787066439639,228321,Lumbar,sit,-0.15128,0.984296,0.219112,2.31,-1.82,0.07,-51
1787066439639,228353,Lumbar,sit,-0.152256,0.983808,0.2196,2.73,-2.1,0.14,-51
1787066439639,228370,Lumbar,sit,-0.154208,0.983808,0.219112,2.87,-2.52,0.07,-51
1787066439639,228388,Lumbar,sit,-0.155672,0.982832,0.216672,2.87,-2.66,0.07,-51
1787066439639,228405,Lumbar,sit,-0.157136,0.983808,0.216672,3.01,-2.94,0.21,-51
1787066439639,228422,Lumbar,sit,-0.16104,0.987224,0.218624,3.15,-2.73,0.56,-51
1787066439639,228453,Lumbar,sit,-0.159088,0.99064,0.219112,2.66,-1.96,0.7,-51
1787066439639,228470,Lumbar,sit,-0.156648,0.988688,0.218624,2.17,-1.61,0.07,-51
1787066439639,228487,Lumbar,sit,-0.154208,0.986248,0.218136,2.17,-2.1,-0.42,-51
1787066439639,228504,Lumbar,sit,-0.15372,0.98576,0.213256,2.59,-2.17,-0.35,-51
1787066439995,228680,Lumbar,sit,-0.157136,0.983808,0.2196,1.68,-2.17,0.7,-51
1787066439995,228710,Lumbar,sit,-0.159088,0.984784,0.2196,2.03,-2.31,0.42,-51
1787066439995,228728,Lumbar,sit,-0.158112,0.98576,0.218624,2.17,-2.31,0.35,-51
1787066439995,228744,Lumbar,sit,-0.157136,0.986248,0.220088,2.24,-2.17,0.49,-51
1787066439995,228762,Lumbar,sit,-0.154208,0.985272,0.218624,2.31,-1.68,0.49,-51
1787066439995,228792,Lumbar,sit,-0.153232,0.985272,0.220576,2.66,-1.82,0.7,-51
1787066439995,228809,Lumbar,sit,-0.157136,0.986248,0.21228,2.59,-2.17,0.77,-51
1787066439995,228826,Lumbar,sit,-0.157624,0.988688,0.210816,2.03,-2.31,0.56,-51
1787066439995,228843,Lumbar,sit,-0.157136,0.987712,0.210328,1.82,-2.45,0.35,-51
1787066439995,228860,Lumbar,sit,-0.151768,0.983808,0.212768,1.89,-2.38,0.28,-51
1787066440350,229035,Lumbar,sit,-0.155672,0.987224,0.21228,2.45,-1.68,0.42,-51
1787066440350,229066,Lumbar,sit,-0.157136,0.98576,0.212768,2.66,-1.47,0.21,-51
1787066440350,229083,Lumbar,sit,-0.158112,0.986736,0.21228,2.87,-1.61,0.21,-51
1787066440350,229100,Lumbar,sit,-0.159576,0.989176,0.208864,2.94,-1.82,0.14,-51
1787066440350,229117,Lumbar,sit,-0.159576,0.989664,0.208376,2.73,-2.03,0.07,-51
1787066440350,229148,Lumbar,sit,-0.159088,0.989176,0.208864,2.45,-1.89,0.21,-51
1787066440350,229165,Lumbar,sit,-0.1586,0.988688,0.2074,2.24,-1.82,0.21,-51
1787066440350,229182,Lumbar,sit,-0.157624,0.989664,0.206912,2.17,-1.82,0.21,-51
1787066440350,229199,Lumbar,sit,-0.157136,0.989176,0.205936,2.03,-1.96,0.14,-51
1787066440350,229216,Lumbar,sit,-0.155672,0.9882,0.20496,1.89,-2.1,0.14,-51
1787066440707,229390,Lumbar,sit,-0.15616,0.986248,0.21472,2.59,-1.68,-0.14,-56
1787066440707,229421,Lumbar,sit,-0.156648,0.994544,0.206424,2.73,-1.19,0.21,-56
1787066440707,229438,Lumbar,sit,-0.155184,0.99308,0.20252,2.24,-1.05,-0.07,-56
1787066440707,229455,Lumbar,sit,-0.151768,0.987224,0.200568,1.33,-1.05,-0.35,-56
1787066440707,229472,Lumbar,sit,-0.154208,0.981856,0.201056,1.68,-1.82,-0.49,-56
1787066440707,229503,Lumbar,sit,-0.159088,0.98576,0.201056,2.87,-2.38,0.07,-56
1787066440707,229520,Lumbar,sit,-0.162504,0.991616,0.20008,2.03,-2.59,0.42,-56
1787066440707,229537,Lumbar,sit,-0.164456,0.9882,0.203984,1.82,-2.59,0.49,-56
1787066440707,229554,Lumbar,sit,-0.162016,0.984296,0.205448,2.38,-2.31,0.56,-56
1787066440707,229571,Lumbar,sit,-0.16348,0.984296,0.206912,2.94,-2.24,0.63,-56
1787066441064,229746,Lumbar,sit,-0.152744,0.989176,0.201544,2.31,-2.1,0.7,-56
1787066441064,229777,Lumbar,sit,-0.15128,0.99064,0.203008,2.59,-2.31,0.77,-56
1787066441064,229795,Lumbar,sit,-0.15128,0.994056,0.201056,2.24,-2.38,0.77,-56
1787066441064,229812,Lumbar,sit,-0.150792,0.996496,0.20008,1.19,-2.45,0.56,-56
1787066441064,229829,Lumbar,sit,-0.148352,0.992592,0.203496,0.63,-2.24,0.42,-56
1787066441064,229860,Lumbar,sit,-0.147864,0.986248,0.206424,1.05,-2.24,0.14,-56
1787066441064,229877,Lumbar,sit,-0.15128,0.9882,0.204472,1.33,-2.38,0.28,-56
1787066441064,229894,Lumbar,sit,-0.154208,0.989176,0.203984,1.12,-2.52,0.35,-56
1787066441064,229911,Lumbar,sit,-0.155672,0.989176,0.203008,0.98,-2.45,0.35,-56
1787066441064,229928,Lumbar,sit,-0.156648,0.990152,0.204472,0.84,-2.38,0.35,-56
1787066441419,230103,Lumbar,sit,-0.161528,0.9882,0.206424,0.07,-2.38,0.49,-56
1787066441419,230134,Lumbar,sit,-0.1586,0.987712,0.2074,0.14,-2.1,0.56,-56
1787066441419,230151,Lumbar,sit,-0.159088,0.987224,0.209352,0.35,-1.75,0.63,-56
1787066441419,230168,Lumbar,sit,-0.158112,0.987224,0.208376,0.21,-1.75,0.77,-56
1787066441419,230185,Lumbar,sit,-0.158112,0.987712,0.208376,0.14,-2.03,0.7,-56
1787066441419,230216,Lumbar,sit,-0.155184,0.986248,0.211792,0.28,-2.17,0.84,-56
1787066441419,230233,Lumbar,sit,-0.154696,0.987712,0.211304,0.28,-2.03,0.77,-56
1787066441419,230250,Lumbar,sit,-0.154208,0.988688,0.211792,0.21,-2.03,0.77,-56
1787066441419,230267,Lumbar,sit,-0.155184,0.9882,0.211304,0.14,-2.03,0.84,-56
1787066441419,230284,Lumbar,sit,-0.15372,0.987224,0.211792,0.07,-2.03,0.7,-56
1787066441779,230459,Lumbar,sit,-0.152256,0.986248,0.216184,-0.98,-1.89,0.07,-50
1787066441779,230490,Lumbar,sit,-0.154696,0.983808,0.21716,-0.07,-2.66,0.21,-50
1787066441779,230507,Lumbar,sit,-0.155184,0.984296,0.217648,0.14,-2.38,0.49,-50
1787066441779,230525,Lumbar,sit,-0.154696,0.984784,0.2196,0.21,-1.68,0.49,-50
1787066441779,230542,Lumbar,sit,-0.152744,0.986248,0.220088,0.63,-1.47,0.35,-50
1787066441779,230573,Lumbar,sit,-0.152256,0.987224,0.21716,0.63,-2.17,0.14,-50
1787066441779,230590,Lumbar,sit,-0.155184,0.987224,0.217648,0.28,-2.38,0.14,-50
1787066441779,230607,Lumbar,sit,-0.157624,0.989176,0.21716,-0.49,-2.66,0.42,-50
1787066441779,230624,Lumbar,sit,-0.156648,0.98576,0.221552,-0.98,-2.38,0.56,-50
1787066441779,230641,Lumbar,sit,-0.154696,0.981368,0.225944,-0.7,-1.68,0.56,-50
1787066442135,230817,Lumbar,sit,-0.154696,0.98576,0.218136,1.19,-2.17,0.28,-50
1787066442135,230848,Lumbar,sit,-0.151768,0.979904,0.224968,1.96,-2.45,0.14,-50
1787066442135,230865,Lumbar,sit,-0.152256,0.979904,0.225944,2.73,-2.38,0.14,-50
1787066442135,230882,Lumbar,sit,-0.154696,0.98332,0.224968,2.8,-2.38,0.21,-50
1787066442135,230899,Lumbar,sit,-0.156648,0.986736,0.222528,2.59,-2.52,0.21,-50
1787066442135,230930,Lumbar,sit,-0.154696,0.9882,0.223504,2.31,-2.45,0.21,-50
1787066442135,230947,Lumbar,sit,-0.152744,0.98576,0.222528,2.31,-2.24,0.28,-50
1787066442135,230964,Lumbar,sit,-0.155184,0.984784,0.220088,2.24,-2.17,0.21,-50
1787066442135,230981,Lumbar,sit,-0.156648,0.98332,0.2196,2.17,-2.24,0.35,-50
1787066442135,230998,Lumbar,sit,-0.157136,0.98332,0.221552,2.31,-2.17,0.56,-50
1787066442492,231173,Lumbar,sit,-0.155184,0.986736,0.221064,2.87,-2.1,0.49,-51
1787066442492,231205,Lumbar,sit,-0.155184,0.985272,0.2196,2.59,-2.24,0.56,-51
1787066442492,231222,Lumbar,sit,-0.15616,0.986248,0.219112,2.59,-2.24,0.49,-51
1787066442492,231239,Lumbar,sit,-0.15372,0.986736,0.2196,2.52,-2.38,0.35,-51
1787066442492,231256,Lumbar,sit,-0.15372,0.986248,0.219112,2.52,-2.45,0.35,-51
1787066442492,231287,Lumbar,sit,-0.153232,0.986248,0.218624,2.87,-2.66,0.42,-51
1787066442492,231304,Lumbar,sit,-0.155672,0.987712,0.218136,2.87,-2.45,0.7,-51
1787066442492,231321,Lumbar,sit,-0.154696,0.99064,0.216672,2.31,-2.1,0.84,-51
1787066442492,231338,Lumbar,sit,-0.15372,0.9882,0.216184,1.89,-1.96,0.35,-51
1787066442492,231355,Lumbar,sit,-0.152744,0.985272,0.21716,1.68,-2.17,0.14,-51
1787066442849,231531,Lumbar,sit,-0.15616,0.98332,0.217648,1.68,-2.1,0.56,-52
1787066442849,231562,Lumbar,sit,-0.155184,0.98332,0.215208,2.24,-1.82,0.42,-52
1787066442849,231579,Lumbar,sit,-0.154696,0.983808,0.21472,2.52,-1.96,0.35,-52
1787066442849,231596,Lumbar,sit,-0.156648,0.986248,0.213744,2.66,-2.17,0.35,-52
1787066442849,231613,Lumbar,sit,-0.15616,0.986248,0.215208,2.8,-2.17,0.28,-52
1787066442849,231644,Lumbar,sit,-0.15372,0.98576,0.213744,2.73,-1.82,0.21,-52
1787066442849,231660,Lumbar,sit,-0.152744,0.984784,0.217648,3.01,-1.82,0.42,-52
1787066442849,231678,Lumbar,sit,-0.154696,0.986248,0.215696,3.22,-1.82,0.42,-52
1787066442849,231694,Lumbar,sit,-0.156648,0.991616,0.211792,2.8,-1.89,0.42,-52
1787066442849,231711,Lumbar,sit,-0.156648,0.989664,0.208376,2.1,-1.96,0.21,-52
1787066443206,231887,Lumbar,sit,-0.155672,0.987712,0.205936,3.08,-1.82,0.07,-52
1787066443206,231918,Lumbar,sit,-0.157136,0.987224,0.208376,3.08,-1.61,0.28,-52
1787066443206,231935,Lumbar,sit,-0.1586,0.989176,0.206912,3.15,-1.47,0.21,-52
1787066443206,231952,Lumbar,sit,-0.1586,0.989176,0.205936,3.01,-1.68,0.07,-52
1787066443206,231969,Lumbar,sit,-0.158112,0.989176,0.204472,2.8,-1.82,0,-52
1787066443206,232000,Lumbar,sit,-0.156648,0.988688,0.20496,2.59,-1.96,0.07,-52
1787066443206,232017,Lumbar,sit,-0.158112,0.989176,0.204472,2.59,-1.96,0.07,-52
1787066443206,232034,Lumbar,sit,-0.15616,0.986736,0.203984,2.52,-2.03,0.07,-52
1787066443206,232051,Lumbar,sit,-0.157624,0.987224,0.205936,2.59,-1.96,0.14,-52
1787066443206,232068,Lumbar,sit,-0.158112,0.986736,0.203984,2.66,-1.96,0.21,-52
1787066443563,232243,Lumbar,sit,-0.154696,0.989176,0.204472,0.49,-1.89,0.56,-52
1787066443563,232275,Lumbar,sit,-0.154696,0.985272,0.2074,1.47,-2.59,0.07,-52
1787066443563,232292,Lumbar,sit,-0.156648,0.987224,0.205448,1.75,-2.66,0.35,-52
1787066443563,232309,Lumbar,sit,-0.157624,0.990152,0.201056,1.12,-2.59,0.42,-52
1787066443563,232326,Lumbar,sit,-0.158112,0.991128,0.20252,0.7,-2.24,0.42,-52
1787066443563,232357,Lumbar,sit,-0.155184,0.98576,0.205448,1.26,-2.03,0.28,-52
1787066443563,232374,Lumbar,sit,-0.155672,0.9882,0.207888,1.47,-2.31,0.28,-52
1787066443563,232391,Lumbar,sit,-0.159576,0.991128,0.204472,0.98,-2.66,0.49,-52
1787066443563,232408,Lumbar,sit,-0.16104,0.991616,0.201544,0,-3.01,0.7,-52
1787066443563,232425,Lumbar,sit,-0.160064,0.988688,0.203984,-0.35,-2.59,0.91,-52
1787066443922,232601,Lumbar,sit,-0.157136,0.993568,0.205448,0.28,-2.1,0.84,-52
1787066443922,232633,Lumbar,sit,-0.154208,0.987712,0.206424,-0.49,-2.38,0.56,-52
1787066443922,232650,Lumbar,sit,-0.152744,0.984296,0.211792,-0.14,-2.38,0.49,-52
1787066443922,232668,Lumbar,sit,-0.151768,0.982832,0.214232,0.77,-2.17,0.49,-52
1787066443922,232684,Lumbar,sit,-0.154696,0.985272,0.213744,1.26,-2.03,0.56,-52
1787066443922,232701,Lumbar,sit,-0.155672,0.9882,0.212768,1.19,-2.1,0.42,-52
1787066443922,232732,Lumbar,sit,-0.153232,0.990152,0.21228,0.63,-2.03,0.42,-52
1787066443922,232749,Lumbar,sit,-0.152744,0.990152,0.211792,0.35,-2.03,0.35,-52
1787066443922,232766,Lumbar,sit,-0.152744,0.987224,0.21228,0.14,-2.03,0.28,-52
1787066443922,232783,Lumbar,sit,-0.154208,0.98576,0.21228,0.14,-2.03,0.28,-52
1787066444278,232958,Lumbar,sit,-0.15616,0.98576,0.218136,0.07,-1.68,0.42,-52
1787066444278,232990,Lumbar,sit,-0.155672,0.986736,0.218136,-0.14,-1.68,0.28,-52
1787066444278,233007,Lumbar,sit,-0.15616,0.986736,0.218624,-0.21,-1.75,0.35,-52
1787066444278,233024,Lumbar,sit,-0.155184,0.986248,0.219112,-0.21,-1.75,0.42,-52
1787066444278,233041,Lumbar,sit,-0.15372,0.98332,0.218624,-0.21,-1.68,0.35,-52
1787066444278,233071,Lumbar,sit,-0.154696,0.982832,0.220088,0.42,-1.89,0.35,-52
1787066444278,233088,Lumbar,sit,-0.152256,0.982344,0.220088,0.91,-1.96,0.28,-52
1787066444278,233105,Lumbar,sit,-0.152256,0.981856,0.2196,1.05,-2.1,0.28,-52
1787066444278,233122,Lumbar,sit,-0.155184,0.983808,0.2196,1.33,-2.1,0.28,-52
1787066444278,233139,Lumbar,sit,-0.157136,0.984296,0.2196,1.54,-2.1,0.49,-52
1787066444635,233315,Lumbar,sit,-0.157136,0.987712,0.218136,2.38,-2.73,0.35,-52
1787066444635,233346,Lumbar,sit,-0.159576,0.986736,0.217648,1.26,-3.01,0.56,-52
1787066444635,233363,Lumbar,sit,-0.158112,0.982344,0.222528,1.05,-2.66,0.56,-52
1787066444635,233380,Lumbar,sit,-0.157136,0.980392,0.22692,1.75,-1.96,0.56,-52
1787066444635,233397,Lumbar,sit,-0.155184,0.979416,0.227408,2.17,-1.89,0.42,-52
1787066444635,233428,Lumbar,sit,-0.155672,0.984296,0.221552,2.87,-2.24,0.42,-52
1787066444635,233445,Lumbar,sit,-0.155184,0.986248,0.221552,2.8,-2.38,0.49,-52
1787066444635,233462,Lumbar,sit,-0.155672,0.987224,0.221552,2.73,-2.31,0.56,-52
1787066444635,233479,Lumbar,sit,-0.154208,0.986736,0.219112,2.38,-1.96,0.49,-52
1787066444635,233496,Lumbar,sit,-0.155184,0.98332,0.220088,2.38,-1.96,0.56,-52
1787066444993,233672,Lumbar,sit,-0.153232,0.987224,0.216672,2.66,-2.1,-0.07,-51
1787066444993,233703,Lumbar,sit,-0.152256,0.984296,0.217648,2.52,-2.03,0,-51
1787066444993,233721,Lumbar,sit,-0.151768,0.985272,0.216184,2.73,-2.1,0.07,-51
1787066444993,233737,Lumbar,sit,-0.152744,0.98576,0.215696,2.87,-2.03,0.14,-51
1787066444993,233754,Lumbar,sit,-0.15372,0.987224,0.21716,2.94,-1.82,0.14,-51
1787066444993,233785,Lumbar,sit,-0.155672,0.987712,0.217648,2.8,-1.47,-0.14,-51
1787066444993,233802,Lumbar,sit,-0.155672,0.986736,0.213744,2.73,-1.54,-0.21,-51
1787066444993,233819,Lumbar,sit,-0.155672,0.987224,0.213744,2.59,-1.61,-0.21,-51
1787066444993,233836,Lumbar,sit,-0.15616,0.986248,0.21228,2.66,-1.82,-0.35,-51
1787066444993,233853,Lumbar,sit,-0.15616,0.984784,0.21228,2.66,-1.68,-0.28,-51
1787066445349,234029,Lumbar,sit,-0.162992,0.986736,0.207888,2.17,-2.38,0.35,-51
1787066445349,234060,Lumbar,sit,-0.163968,0.987712,0.208864,2.1,-2.38,0.7,-51
1787066445349,234077,Lumbar,sit,-0.164944,0.989176,0.209352,1.96,-2.45,0.91,-51
1787066445349,234094,Lumbar,sit,-0.161528,0.9882,0.210816,1.12,-2.17,1.05,-51
1787066445349,234111,Lumbar,sit,-0.160064,0.983808,0.213744,0.77,-2.31,0.7,-51
1787066445349,234142,Lumbar,sit,-0.159576,0.984296,0.215696,2.59,-3.78,0.91,-51
1787066445349,234159,Lumbar,sit,-0.1586,0.991128,0.205448,2.31,-3.92,1.54,-51
1787066445349,234176,Lumbar,sit,-0.1586,0.989176,0.2074,1.26,-3.5,1.75,-51
1787066445349,234193,Lumbar,sit,-0.15616,0.987224,0.213256,1.68,-2.87,1.75,-51
1787066445349,234210,Lumbar,sit,-0.149328,0.983808,0.215208,2.24,-2.52,1.4,-51
1787066445706,234385,Lumbar,sit,-0.14884,0.989664,0.213744,1.61,-1.61,-0.77,-51
1787066445706,234416,Lumbar,sit,-0.148352,0.991128,0.215696,1.19,-1.4,-1.05,-51
1787066445706,234433,Lumbar,sit,-0.152256,0.989664,0.213256,0.84,-1.61,-1.05,-51
1787066445706,234450,Lumbar,sit,-0.154696,0.990152,0.210328,0.28,-1.89,-1.12,-51
1787066445706,234467,Lumbar,sit,-0.157136,0.988688,0.214232,-0.07,-2.03,-1.19,-51
1787066445706,234498,Lumbar,sit,-0.159088,0.98332,0.220088,0.35,-2.03,-1.4,-51
1787066445706,234515,Lumbar,sit,-0.159576,0.982832,0.219112,0.91,-1.96,-1.47,-51
1787066445706,234532,Lumbar,sit,-0.160552,0.982344,0.218624,1.12,-1.96,-1.47,-51
1787066445706,234549,Lumbar,sit,-0.167384,0.98576,0.215696,1.12,-1.89,-1.4,-51
1787066445706,234566,Lumbar,sit,-0.170312,0.985272,0.215208,0.98,-1.82,-1.19,-51
1787066446068,234742,Lumbar,sit,-0.164944,0.989664,0.210816,0.07,-1.96,0.7,-51
1787066446068,234773,Lumbar,sit,-0.164456,0.987224,0.210816,-0.42,-2.17,0.7,-51
1787066446068,234790,Lumbar,sit,-0.162016,0.983808,0.210816,-0.49,-2.24,0.77,-51
1787066446068,234806,Lumbar,sit,-0.16104,0.98332,0.211792,-0.49,-2.24,0.77,-51
1787066446068,234823,Lumbar,sit,-0.160064,0.982832,0.215208,-0.42,-2.17,0.84,-51
1787066446068,234854,Lumbar,sit,-0.1586,0.982344,0.22204,0.07,-2.31,0.84,-51
1787066446068,234871,Lumbar,sit,-0.159576,0.982832,0.22204,0.14,-2.38,0.91,-51
1787066446068,234888,Lumbar,sit,-0.16104,0.98332,0.22204,0.14,-2.52,0.98,-51
1787066446068,234905,Lumbar,sit,-0.160552,0.984296,0.222528,0.21,-2.45,1.12,-51
1787066446068,234922,Lumbar,sit,-0.159576,0.983808,0.221552,0.21,-2.31,1.05,-51
1787066446419,235098,Lumbar,sit,-0.156648,0.981368,0.22204,-0.98,-2.24,0.35,-51
1787066446419,235129,Lumbar,sit,-0.156648,0.978928,0.226432,0.91,-2.66,0.7,-51
1787066446419,235146,Lumbar,sit,-0.1586,0.979904,0.227408,1.19,-2.45,0.63,-51
1787066446419,235163,Lumbar,sit,-0.1586,0.984296,0.227408,1.68,-1.89,0.49,-51
1787066446419,235180,Lumbar,sit,-0.156648,0.984296,0.224968,1.89,-1.82,0.28,-51
1787066446419,235211,Lumbar,sit,-0.157624,0.98576,0.225944,1.54,-2.03,0.07,-51
1787066446419,235228,Lumbar,sit,-0.1586,0.98576,0.223016,0.91,-2.17,0.07,-51
1787066446419,235245,Lumbar,sit,-0.159088,0.98088,0.223504,0.56,-2.17,0.21,-51
1787066446419,235262,Lumbar,sit,-0.157136,0.976976,0.22448,0.84,-1.89,0.35,-51
1787066446419,235279,Lumbar,sit,-0.1586,0.976488,0.224968,1.75,-1.89,0.28,-51
1787066446778,235454,Lumbar,sit,-0.159576,0.9882,0.223504,2.03,-2.1,0.35,-51
1787066446778,235486,Lumbar,sit,-0.157136,0.98088,0.227896,2.59,-2.24,0.42,-51
1787066446778,235503,Lumbar,sit,-0.158112,0.980392,0.22448,3.22,-2.1,0.49,-51
1787066446778,235520,Lumbar,sit,-0.160552,0.984296,0.220088,3.01,-2.1,0.42,-51
1787066446778,235537,Lumbar,sit,-0.162016,0.984784,0.221064,2.52,-2.17,0.42,-51
1787066446778,235568,Lumbar,sit,-0.16348,0.98332,0.221552,2.52,-2.73,0.63,-51
1787066446778,235585,Lumbar,sit,-0.162992,0.985272,0.22204,2.8,-2.8,0.77,-51
1787066446778,235602,Lumbar,sit,-0.162992,0.986736,0.218624,2.73,-2.87,0.91,-51
1787066446778,235619,Lumbar,sit,-0.164456,0.986736,0.217648,2.66,-2.87,0.98,-51
1787066446778,235636,Lumbar,sit,-0.165432,0.986248,0.216184,2.38,-2.8,0.98,-51
1787066447134,235811,Lumbar,sit,-0.155672,0.991128,0.221064,2.94,-1.82,0.14,-51
1787066447134,235842,Lumbar,sit,-0.161528,0.985272,0.221064,2.45,-1.82,0.28,-51
1787066447134,235859,Lumbar,sit,-0.162504,0.981368,0.219112,2.45,-2.1,0.28,-51
1787066447134,235876,Lumbar,sit,-0.164456,0.982344,0.217648,2.87,-2.24,0.35,-51
1787066447134,235893,Lumbar,sit,-0.163968,0.98332,0.21716,3.29,-2.17,0.35,-51
1787066447134,235924,Lumbar,sit,-0.16348,0.987224,0.210328,3.36,-2.03,0.28,-51
1787066447134,235941,Lumbar,sit,-0.16348,0.988688,0.209352,2.8,-2.17,0.21,-51
1787066447134,235958,Lumbar,sit,-0.164456,0.990152,0.208864,2.52,-2.31,0.28,-51
1787066447134,235975,Lumbar,sit,-0.166408,0.987224,0.211792,2.1,-2.52,0.49,-51
1787066447134,235992,Lumbar,sit,-0.164944,0.98332,0.212768,1.54,-2.45,0.42,-51
1787066447490,236167,Lumbar,sit,-0.1586,0.990152,0.210816,2.8,-2.31,0.56,-53
1787066447490,236198,Lumbar,sit,-0.1586,0.983808,0.214232,2.31,-1.96,0.56,-53
1787066447490,236215,Lumbar,sit,-0.1586,0.984296,0.213256,2.73,-1.96,0.63,-53
1787066447490,236232,Lumbar,sit,-0.1586,0.985272,0.21228,2.94,-1.89,0.56,-53
1787066447490,236249,Lumbar,sit,-0.159576,0.986736,0.2074,3.15,-2.03,0.42,-53
1787066447490,236280,Lumbar,sit,-0.161528,0.990152,0.206424,3.01,-2.1,0.21,-53
1787066447490,236297,Lumbar,sit,-0.160064,0.989664,0.204472,2.66,-1.82,0.21,-53
1787066447490,236314,Lumbar,sit,-0.158112,0.987224,0.2074,2.31,-1.75,0.28,-53
1787066447490,236331,Lumbar,sit,-0.160064,0.986736,0.206424,2.45,-1.75,0.42,-53
1787066447490,236349,Lumbar,sit,-0.162016,0.988688,0.204472,2.03,-1.96,0.42,-53
1787066447848,236524,Lumbar,sit,-0.15616,0.985272,0.210816,2.1,-1.82,0,-53
1787066447848,236555,Lumbar,sit,-0.157136,0.984784,0.209352,2.8,-1.75,-0.21,-53
1787066447848,236572,Lumbar,sit,-0.157136,0.988688,0.20496,2.87,-1.68,-0.14,-53
1787066447848,236590,Lumbar,sit,-0.157624,0.989664,0.206424,2.45,-1.4,-0.14,-53
1787066447848,236607,Lumbar,sit,-0.157624,0.989176,0.206912,2.24,-1.33,-0.21,-53
1787066447848,236638,Lumbar,sit,-0.159576,0.987712,0.205936,1.96,-1.54,-0.28,-53
1787066447848,236655,Lumbar,sit,-0.16104,0.987712,0.20252,1.75,-1.82,-0.21,-53
1787066447848,236672,Lumbar,sit,-0.162992,0.98576,0.201056,1.68,-2.03,-0.14,-53
1787066447848,236689,Lumbar,sit,-0.162016,0.987224,0.200568,1.75,-1.96,-0.07,-53
1787066447848,236706,Lumbar,sit,-0.162504,0.987712,0.201056,1.75,-1.89,-0.07,-53
1787066448205,236881,Lumbar,sit,-0.165432,0.986736,0.208864,1.12,-2.17,0.63,-53
1787066448205,236912,Lumbar,sit,-0.166408,0.986736,0.205936,1.05,-2.31,0.77,-53
1787066448205,236929,Lumbar,sit,-0.161528,0.986736,0.20496,0.84,-2.45,0.84,-53
1787066448205,236946,Lumbar,sit,-0.16104,0.987712,0.20496,0.7,-2.38,0.84,-53
1787066448205,236963,Lumbar,sit,-0.16104,0.9882,0.206912,0.63,-2.1,1.12,-53
1787066448205,236994,Lumbar,sit,-0.158112,0.986248,0.206912,0.35,-1.82,0.91,-53
1787066448205,237011,Lumbar,sit,-0.1586,0.984296,0.207888,0.56,-2.17,0.49,-53
1787066448205,237028,Lumbar,sit,-0.159088,0.984296,0.206912,1.05,-2.73,0.56,-53
1787066448205,237045,Lumbar,sit,-0.157136,0.987712,0.206912,1.19,-2.66,0.7,-53
1787066448205,237062,Lumbar,sit,-0.160064,0.989664,0.204472,0.7,-2.45,0.91,-53
1787066448561,237237,Lumbar,sit,-0.16348,0.983808,0.210816,0.28,-2.03,0.7,-53
1787066448561,237268,Lumbar,sit,-0.161528,0.985272,0.215208,0.63,-2.17,0.84,-53
1787066448561,237285,Lumbar,sit,-0.160064,0.986736,0.216184,0.77,-1.89,0.84,-53
1787066448561,237302,Lumbar,sit,-0.159576,0.986736,0.215696,0.7,-1.75,0.77,-53
1787066448561,237319,Lumbar,sit,-0.160064,0.985272,0.213744,0.7,-1.96,0.84,-53
1787066448561,237350,Lumbar,sit,-0.161528,0.989176,0.209352,0.35,-2.38,0.7,-53
1787066448561,237367,Lumbar,sit,-0.159576,0.989664,0.20984,0.07,-2.38,0.63,-53
1787066448561,237384,Lumbar,sit,-0.155184,0.987712,0.213256,-0.21,-2.1,0.56,-53
1787066448561,237401,Lumbar,sit,-0.152256,0.984296,0.21716,-0.35,-1.89,0.21,-53
1787066448561,237418,Lumbar,sit,-0.153232,0.98088,0.220088,0.21,-1.68,0.07,-53
1787066448922,237594,Lumbar,sit,-0.16104,0.981856,0.219112,0.21,-1.33,0.56,-52
1787066448922,237626,Lumbar,sit,-0.162992,0.983808,0.21716,0.91,-1.61,0.35,-52
1787066448922,237643,Lumbar,sit,-0.163968,0.984784,0.215208,0.84,-1.89,0.21,-52
1787066448922,237661,Lumbar,sit,-0.163968,0.983808,0.216184,0.91,-1.82,0.28,-52
1787066448922,237678,Lumbar,sit,-0.16348,0.98332,0.21716,1.12,-1.75,0.35,-52
1787066448922,237695,Lumbar,sit,-0.164456,0.984296,0.217648,1.26,-1.68,0.42,-52
1787066448922,237726,Lumbar,sit,-0.161528,0.983808,0.219112,1.26,-1.75,0.49,-52
1787066448922,237743,Lumbar,sit,-0.16104,0.98332,0.2196,1.33,-1.82,0.56,-52
1787066448922,237760,Lumbar,sit,-0.159576,0.981856,0.21716,1.47,-2.03,0.56,-52
1787066448922,237777,Lumbar,sit,-0.159576,0.984784,0.216672,1.47,-2.31,0.56,-52
1787066449277,237951,Lumbar,sit,-0.157624,0.979416,0.221064,2.8,-2.87,0.28,-52
1787066449277,237983,Lumbar,sit,-0.16104,0.98576,0.221552,3.36,-2.1,0.56,-52
1787066449277,238000,Lumbar,sit,-0.160552,0.986736,0.220576,3.43,-2.1,0.42,-52
1787066449277,238017,Lumbar,sit,-0.160064,0.986736,0.218624,3.22,-2.17,0.28,-52
1787066449277,238034,Lumbar,sit,-0.162504,0.987224,0.219112,2.87,-2.59,0.21,-52
1787066449277,238065,Lumbar,sit,-0.163968,0.986736,0.215208,2.1,-2.73,0.35,-52
1787066449277,238082,Lumbar,sit,-0.16348,0.983808,0.216672,1.82,-2.52,0.49,-52
1787066449277,238099,Lumbar,sit,-0.16104,0.981368,0.220088,1.96,-2.17,0.63,-52
1787066449277,238116,Lumbar,sit,-0.16104,0.981856,0.217648,2.38,-2.03,0.56,-52
1787066449277,238133,Lumbar,sit,-0.16104,0.982832,0.21716,2.59,-2.38,0.49,-52
1787066449633,238308,Lumbar,sit,-0.155672,0.98088,0.220088,2.31,-2.31,0.42,-52
1787066449633,238339,Lumbar,sit,-0.157624,0.98332,0.216672,3.15,-2.1,0.35,-52
1787066449633,238356,Lumbar,sit,-0.157624,0.987224,0.216184,3.01,-2.24,0.28,-52
1787066449633,238373,Lumbar,sit,-0.156648,0.989176,0.21472,2.73,-2.31,0.28,-52
1787066449633,238390,Lumbar,sit,-0.155672,0.989176,0.21472,2.45,-2.24,0.28,-52
1787066449633,238421,Lumbar,sit,-0.157136,0.985272,0.213256,2.1,-2.1,0.28,-52
1787066449633,238438,Lumbar,sit,-0.159088,0.985272,0.213744,2.17,-2.17,0.28,-52
1787066449633,238455,Lumbar,sit,-0.159088,0.984784,0.213744,2.31,-2.17,0.35,-52
1787066449633,238472,Lumbar,sit,-0.16104,0.985272,0.214232,2.31,-2.03,0.35,-52
1787066449633,238489,Lumbar,sit,-0.159576,0.986736,0.21472,2.38,-2.03,0.28,-52
1787066449989,238664,Lumbar,sit,-0.160064,0.986736,0.210816,2.17,-2.24,0.35,-53
1787066449989,238695,Lumbar,sit,-0.157136,0.986736,0.211304,2.31,-2.17,0.21,-53
1787066449989,238712,Lumbar,sit,-0.157136,0.987224,0.210816,2.38,-2.17,0.21,-53
1787066449989,238729,Lumbar,sit,-0.158112,0.988688,0.211304,2.31,-2.17,0.42,-53
1787066449989,238745,Lumbar,sit,-0.1586,0.989176,0.210328,1.89,-2.1,0.63,-53
1787066449989,238776,Lumbar,sit,-0.155184,0.984296,0.212768,1.47,-2.1,-0.07,-53
1787066449989,238793,Lumbar,sit,-0.15616,0.98088,0.213256,1.89,-2.38,-0.14,-53
1787066449989,238810,Lumbar,sit,-0.157624,0.983808,0.211304,2.59,-2.59,0.14,-53
1787066449989,238827,Lumbar,sit,-0.160064,0.988688,0.2074,2.24,-2.66,0.28,-53
1787066449989,238844,Lumbar,sit,-0.16104,0.988688,0.208864,1.96,-2.38,0.28,-53
1787066450344,239019,Lumbar,sit,-0.162016,0.98576,0.20984,2.38,-2.03,0.21,-53
1787066450344,239050,Lumbar,sit,-0.160552,0.986248,0.209352,2.38,-1.96,0.28,-53
1787066450344,239067,Lumbar,sit,-0.159088,0.986248,0.208864,2.38,-1.89,0.21,-53
1787066450344,239084,Lumbar,sit,-0.159088,0.984784,0.210328,2.45,-1.96,0.42,-53
1787066450344,239101,Lumbar,sit,-0.1586,0.987712,0.209352,2.52,-1.89,0.49,-53
1787066450344,239132,Lumbar,sit,-0.160064,0.99064,0.206912,1.82,-1.96,0.42,-53
1787066450344,239149,Lumbar,sit,-0.1586,0.987224,0.206912,1.61,-2.03,0.28,-53
1787066450344,239166,Lumbar,sit,-0.157136,0.984296,0.208376,1.89,-2.24,0.14,-53
1787066450344,239183,Lumbar,sit,-0.156648,0.983808,0.209352,2.38,-2.24,0.07,-53
1787066450344,239200,Lumbar,sit,-0.159088,0.984296,0.209352,2.59,-2.24,0.14,-53
1787066450700,239375,Lumbar,sit,-0.162504,0.986248,0.2074,1.96,-1.89,0.35,-53
1787066450700,239406,Lumbar,sit,-0.162504,0.989664,0.204472,1.68,-2.1,0.35,-53
1787066450700,239423,Lumbar,sit,-0.162504,0.987712,0.20496,1.47,-2.1,0.28,-53
1787066450700,239440,Lumbar,sit,-0.161528,0.987712,0.2074,1.54,-2.03,0.35,-53
1787066450700,239457,Lumbar,sit,-0.161528,0.987712,0.2074,1.54,-1.96,0.42,-53
1787066450700,239488,Lumbar,sit,-0.16104,0.987712,0.205936,1.26,-1.96,0.56,-53
1787066450700,239505,Lumbar,sit,-0.160064,0.98576,0.205936,1.19,-1.96,0.56,-53
1787066450700,239522,Lumbar,sit,-0.162016,0.986248,0.206424,1.26,-1.96,0.63,-53
1787066450700,239539,Lumbar,sit,-0.160552,0.987224,0.2074,1.26,-2.03,0.63,-53
1787066450700,239556,Lumbar,sit,-0.160552,0.987224,0.2074,1.19,-1.96,0.63,-53
1787066451056,239730,Lumbar,sit,-0.1586,0.982832,0.21228,0.49,-2.24,0.35,-53
1787066451056,239761,Lumbar,sit,-0.161528,0.99064,0.205448,0.7,-2.24,0.77,-53
1787066451056,239778,Lumbar,sit,-0.161528,0.989664,0.206424,0.28,-1.96,0.7,-53
1787066451056,239795,Lumbar,sit,-0.159576,0.985272,0.208864,0.42,-1.89,0.56,-53
1787066451056,239813,Lumbar,sit,-0.156648,0.98332,0.211792,1.05,-1.89,0.49,-53
1787066451056,239843,Lumbar,sit,-0.1586,0.9882,0.211792,1.12,-2.17,0.56,-53
1787066451056,239860,Lumbar,sit,-0.160064,0.992104,0.210328,0.35,-2.24,0.56,-53
1787066451056,239877,Lumbar,sit,-0.160552,0.988688,0.21228,-0.42,-2.17,0.7,-53
1787066451056,239894,Lumbar,sit,-0.159088,0.984784,0.213256,-0.49,-1.82,0.7,-53
1787066451056,239911,Lumbar,sit,-0.159576,0.982832,0.215208,-0.07,-1.54,0.56,-53
1787066451413,240086,Lumbar,sit,-0.157624,0.984296,0.216184,0.14,-2.17,0.35,-52
1787066451413,240117,Lumbar,sit,-0.15616,0.981368,0.220576,0.91,-1.96,0.21,-52
1787066451413,240134,Lumbar,sit,-0.157624,0.98332,0.220576,1.54,-1.89,0.28,-52
1787066451413,240151,Lumbar,sit,-0.159088,0.986248,0.218136,1.54,-1.96,0.21,-52
1787066451413,240168,Lumbar,sit,-0.158112,0.986248,0.218624,1.4,-1.96,0.28,-52
1787066451413,240199,Lumbar,sit,-0.157136,0.985272,0.215696,1.47,-2.1,0.21,-52
1787066451413,240216,Lumbar,sit,-0.157136,0.984296,0.213256,1.47,-2.1,0.14,-52
1787066451413,240233,Lumbar,sit,-0.1586,0.981856,0.212768,1.54,-2.1,0.28,-52
1787066451413,240250,Lumbar,sit,-0.159576,0.982344,0.213744,1.61,-1.96,0.49,-52
1787066451413,240267,Lumbar,sit,-0.160552,0.982832,0.214232,1.82,-1.89,0.49,-52
1787066451770,240442,Lumbar,sit,-0.160064,0.98576,0.215208,2.03,-2.17,0.49,-52
1787066451770,240473,Lumbar,sit,-0.159576,0.98576,0.216672,2.1,-2.1,0.49,-52
1787066451770,240490,Lumbar,sit,-0.1586,0.984784,0.21472,2.31,-2.17,0.49,-52
1787066451770,240507,Lumbar,sit,-0.159576,0.98576,0.21472,2.45,-2.31,0.49,-52
1787066451770,240525,Lumbar,sit,-0.159088,0.98576,0.214232,2.38,-2.52,0.42,-52
1787066451770,240556,Lumbar,sit,-0.15616,0.984296,0.214232,2.38,-2.66,0.49,-52
1787066451770,240573,Lumbar,sit,-0.156648,0.988688,0.21472,2.31,-2.45,0.7,-52
1787066451770,240590,Lumbar,sit,-0.158112,0.989176,0.215696,2.17,-2.31,0.77,-52
1787066451770,240607,Lumbar,sit,-0.15616,0.987712,0.213256,1.54,-2.03,0.63,-52
1787066451770,240624,Lumbar,sit,-0.156648,0.982832,0.215696,1.54,-2.24,0.14,-52
1787066452125,240799,Lumbar,sit,-0.159576,0.985272,0.215208,1.61,-2.24,0.56,-52
1787066452125,240830,Lumbar,sit,-0.159088,0.984296,0.213256,2.24,-1.89,0.42,-52
1787066452125,240847,Lumbar,sit,-0.158112,0.98576,0.211304,2.45,-2.1,0.42,-52
1787066452125,240863,Lumbar,sit,-0.159088,0.987224,0.211792,2.38,-2.17,0.49,-52
1787066452125,240880,Lumbar,sit,-0.159088,0.987224,0.211792,2.38,-2.38,0.49,-52
1787066452125,240911,Lumbar,sit,-0.158112,0.98576,0.211304,2.17,-2.17,0.56,-52
1787066452125,240928,Lumbar,sit,-0.157624,0.983808,0.211792,2.38,-2.17,0.63,-52
1787066452125,240945,Lumbar,sit,-0.1586,0.98576,0.210328,2.66,-2.1,0.7,-52
1787066452125,240962,Lumbar,sit,-0.159088,0.989664,0.2074,2.17,-2.24,0.63,-52
1787066452125,240979,Lumbar,sit,-0.157624,0.9882,0.209352,1.75,-2.31,0.35,-52
1787066452484,241154,Lumbar,sit,-0.157624,0.987224,0.205936,2.03,-2.03,0.21,-52
1787066452484,241186,Lumbar,sit,-0.159576,0.986248,0.205936,1.89,-2.03,0.42,-52
1787066452484,241203,Lumbar,sit,-0.159088,0.985272,0.207888,1.89,-2.03,0.42,-52
1787066452484,241221,Lumbar,sit,-0.159088,0.986736,0.20984,2.17,-1.96,0.35,-52
1787066452484,241238,Lumbar,sit,-0.160064,0.987712,0.207888,2.17,-2.03,0.35,-52
1787066452484,241255,Lumbar,sit,-0.160064,0.988688,0.2074,2.03,-2.17,0.28,-52
1787066452484,241286,Lumbar,sit,-0.160552,0.986736,0.207888,1.89,-2.24,0.28,-52
1787066452484,241303,Lumbar,sit,-0.1586,0.987224,0.207888,1.89,-2.03,0.35,-52
1787066452484,241320,Lumbar,sit,-0.159576,0.987712,0.208864,1.89,-1.82,0.35,-52
1787066452484,241337,Lumbar,sit,-0.160064,0.987712,0.2074,1.89,-1.89,0.35,-52
1787066452844,241513,Lumbar,sit,-0.158112,0.9882,0.205448,1.75,-2.24,0.35,-52
1787066452844,241544,Lumbar,sit,-0.158112,0.989176,0.205936,1.75,-2.17,0.63,-52
1787066452844,241561,Lumbar,sit,-0.157624,0.9882,0.205936,1.26,-1.82,0.7,-52
1787066452844,241579,Lumbar,sit,-0.158112,0.984784,0.208864,1.12,-1.75,0.14,-52
1787066452844,241596,Lumbar,sit,-0.156648,0.984784,0.20984,1.89,-2.31,0,-52
1787066452844,241627,Lumbar,sit,-0.16104,0.989176,0.203008,2.1,-2.52,0.35,-52
1787066452844,241644,Lumbar,sit,-0.16104,0.990152,0.199592,1.47,-2.45,0.35,-52
1787066452844,241661,Lumbar,sit,-0.160552,0.9882,0.203496,1.4,-2.38,0.35,-52
1787066452844,241678,Lumbar,sit,-0.1586,0.98576,0.20496,1.75,-2.24,0.21,-52
1787066452844,241695,Lumbar,sit,-0.156648,0.984296,0.20984,2.03,-2.17,0.21,-52
1787066453196,241869,Lumbar,sit,-0.158112,0.986248,0.2074,1.47,-1.68,0.42,-52
1787066453196,241900,Lumbar,sit,-0.157136,0.986736,0.207888,1.82,-2.03,0.7,-52
1787066453196,241918,Lumbar,sit,-0.160064,0.991128,0.20496,1.4,-2.1,0.7,-52
1787066453196,241934,Lumbar,sit,-0.1586,0.99064,0.205936,0.77,-2.03,0.56,-52
1787066453196,241951,Lumbar,sit,-0.157624,0.989176,0.2074,0.63,-1.96,0.49,-52
1787066453196,241982,Lumbar,sit,-0.15616,0.984296,0.209352,1.26,-2.24,0.35,-52
1787066453196,241999,Lumbar,sit,-0.157624,0.984296,0.210328,1.54,-2.38,0.35,-52
1787066453196,242016,Lumbar,sit,-0.158112,0.986736,0.20984,1.54,-2.31,0.42,-52
1787066453196,242033,Lumbar,sit,-0.159088,0.987712,0.209352,1.47,-2.1,0.49,-52
1787066453196,242050,Lumbar,sit,-0.158112,0.990152,0.210816,1.26,-1.96,0.49,-52
1787066453555,242225,Lumbar,sit,-0.159576,0.987712,0.210816,0.7,-1.75,0.49,-52
1787066453555,242256,Lumbar,sit,-0.1586,0.986736,0.210816,0.63,-1.82,0.42,-52
1787066453555,242273,Lumbar,sit,-0.157624,0.986248,0.20984,0.63,-1.82,0.49,-52
1787066453555,242290,Lumbar,sit,-0.159088,0.986736,0.210816,0.63,-1.75,0.49,-52
1787066453555,242307,Lumbar,sit,-0.1586,0.98576,0.21228,0.56,-1.75,0.49,-52
1787066453555,242338,Lumbar,sit,-0.1586,0.987224,0.213256,0.49,-1.82,0.49,-52
1787066453555,242355,Lumbar,sit,-0.158112,0.986248,0.213256,0.49,-1.96,0.49,-52
1787066453555,242372,Lumbar,sit,-0.156648,0.986248,0.214232,0.63,-1.89,0.49,-52
1787066453555,242389,Lumbar,sit,-0.157136,0.987224,0.214232,0.63,-1.82,0.49,-52
1787066453555,242406,Lumbar,sit,-0.15616,0.986736,0.212768,0.56,-1.68,0.42,-52
1787066453909,242581,Lumbar,sit,-0.157136,0.981368,0.214232,0.42,-2.1,0,-53
1787066453909,242612,Lumbar,sit,-0.158112,0.98088,0.212768,2.1,-2.73,0.35,-53
1787066453909,242629,Lumbar,sit,-0.160064,0.984784,0.213256,2.17,-2.73,0.63,-53
1787066453909,242646,Lumbar,sit,-0.159088,0.986736,0.21472,2.17,-2.31,0.63,-53
1787066453909,242663,Lumbar,sit,-0.15372,0.986736,0.21472,2.31,-2.1,0.49,-53
1787066453909,242694,Lumbar,sit,-0.157624,0.98576,0.217648,2.38,-2.52,0.35,-53
1787066453909,242711,Lumbar,sit,-0.159576,0.989176,0.214232,1.89,-2.8,0.42,-53
1787066453909,242728,Lumbar,sit,-0.159576,0.987712,0.216184,1.26,-2.87,0.63,-53
1787066453909,242745,Lumbar,sit,-0.159088,0.98576,0.218136,1.12,-2.66,0.7,-53
1787066453909,242762,Lumbar,sit,-0.157136,0.982832,0.220088,1.61,-1.96,0.63,-53
1787066454272,242937,Lumbar,sit,-0.158112,0.991616,0.211304,1.75,-2.17,0.28,-53
1787066454272,242968,Lumbar,sit,-0.155672,0.984784,0.21716,1.96,-2.31,0.07,-53
1787066454272,242986,Lumbar,sit,-0.156648,0.984784,0.215696,2.52,-2.31,0.21,-53
1787066454272,243002,Lumbar,sit,-0.159576,0.986248,0.21472,2.52,-2.38,0.28,-53
1787066454272,243019,Lumbar,sit,-0.159576,0.986248,0.213256,2.45,-2.38,0.35,-53
1787066454272,243050,Lumbar,sit,-0.158112,0.987224,0.213256,2.38,-2.24,0.21,-53
1787066454272,243067,Lumbar,sit,-0.157136,0.987224,0.211304,2.31,-2.03,0.14,-53
1787066454272,243084,Lumbar,sit,-0.157136,0.987712,0.210328,2.24,-2.03,0.14,-53
1787066454272,243101,Lumbar,sit,-0.157136,0.986248,0.20984,2.1,-2.17,0.21,-53
1787066454272,243118,Lumbar,sit,-0.158112,0.987224,0.210328,2.03,-2.31,0.35,-53
1787066454626,243294,Lumbar,sit,-0.159088,0.98576,0.208864,2.1,-2.24,0.42,-53
1787066454626,243326,Lumbar,sit,-0.157136,0.98576,0.209352,2.1,-2.24,0.28,-53
1787066454626,243343,Lumbar,sit,-0.157136,0.98576,0.209352,2.17,-2.17,0.35,-53
1787066454626,243360,Lumbar,sit,-0.15616,0.986736,0.20984,2.24,-2.1,0.35,-53
1787066454626,243377,Lumbar,sit,-0.157624,0.986248,0.210816,2.31,-2.1,0.28,-53
1787066454626,243408,Lumbar,sit,-0.157136,0.986736,0.208864,2.52,-2.1,0.42,-53
1787066454626,243425,Lumbar,sit,-0.157624,0.987712,0.209352,2.59,-2.17,0.28,-53
1787066454626,243442,Lumbar,sit,-0.157136,0.987224,0.207888,2.45,-2.1,0.28,-53
1787066454626,243459,Lumbar,sit,-0.158112,0.989664,0.206912,2.31,-2.31,0.28,-53
1787066454626,243476,Lumbar,sit,-0.157624,0.988688,0.208376,2.17,-2.24,0.28,-53
1787066454982,243651,Lumbar,sit,-0.157136,0.983808,0.208864,2.87,-1.96,0,-54
1787066454982,243683,Lumbar,sit,-0.161528,0.990152,0.205936,2.24,-2.45,0.28,-54
1787066454982,243700,Lumbar,sit,-0.16104,0.99064,0.206912,1.82,-2.38,0.49,-54
1787066454982,243718,Lumbar,sit,-0.160552,0.987712,0.209352,1.54,-2.24,0.49,-54
1787066454982,243735,Lumbar,sit,-0.16104,0.984296,0.207888,1.82,-1.82,0.56,-54
1787066454982,243752,Lumbar,sit,-0.1586,0.987224,0.206912,2.17,-1.89,0.56,-54
1787066454982,243783,Lumbar,sit,-0.160552,0.986248,0.20496,2.24,-2.03,0.35,-54
1787066454982,243800,Lumbar,sit,-0.160064,0.986736,0.205448,2.31,-1.96,0.35,-54
1787066454982,243817,Lumbar,sit,-0.1586,0.987224,0.203984,2.31,-1.75,0.28,-54
1787066454982,243834,Lumbar,sit,-0.1586,0.985272,0.20496,2.31,-1.75,0.42,-54
1787066455341,244009,Lumbar,sit,-0.159576,0.990152,0.206424,1.61,-2.24,0.42,-54
1787066455341,244040,Lumbar,sit,-0.158112,0.989664,0.203984,1.05,-1.89,0.28,-54
1787066455341,244058,Lumbar,sit,-0.158112,0.986736,0.203496,0.98,-1.96,0.35,-54
1787066455341,244074,Lumbar,sit,-0.159088,0.986248,0.204472,1.05,-1.96,0.35,-54
1787066455341,244091,Lumbar,sit,-0.159088,0.986736,0.205448,1.19,-1.89,0.42,-54
1787066455341,244122,Lumbar,sit,-0.159576,0.987712,0.205936,1.19,-1.89,0.56,-54
1787066455341,244139,Lumbar,sit,-0.16104,0.987712,0.205936,1.26,-1.96,0.56,-54
1787066455341,244156,Lumbar,sit,-0.159576,0.989176,0.20496,1.12,-2.1,0.56,-54
1787066455341,244173,Lumbar,sit,-0.160552,0.989664,0.203008,0.77,-2.1,0.63,-54
1787066455341,244190,Lumbar,sit,-0.160552,0.9882,0.203984,0.63,-2.03,0.63,-54
1787066455699,244367,Lumbar,sit,-0.158112,0.986248,0.211792,0.42,-1.75,0.63,-54
1787066455699,244399,Lumbar,sit,-0.158112,0.9882,0.208376,0.35,-2.24,0.7,-54
1787066455699,244416,Lumbar,sit,-0.157136,0.988688,0.2074,0,-2.38,0.63,-54
1787066455699,244433,Lumbar,sit,-0.156648,0.986248,0.211304,0,-2.31,0.77,-54
1787066455699,244450,Lumbar,sit,-0.157624,0.9882,0.213744,0.14,-1.96,0.98,-54
1787066455699,244481,Lumbar,sit,-0.157136,0.987712,0.21228,-0.56,-1.68,0.63,-54
1787066455699,244498,Lumbar,sit,-0.156648,0.983808,0.212768,-0.63,-2.03,0.21,-54
1787066455699,244515,Lumbar,sit,-0.15616,0.98332,0.213256,0,-2.52,0.28,-54
1787066455699,244533,Lumbar,sit,-0.155672,0.98576,0.213256,0.49,-2.52,0.49,-54
1787066455699,244550,Lumbar,sit,-0.157136,0.987712,0.212768,0.42,-2.31,0.63,-54
1787066456057,244726,Lumbar,sit,-0.157136,0.984784,0.21716,1.12,-1.82,0.28,-52
1787066456057,244757,Lumbar,sit,-0.157624,0.985272,0.218624,1.4,-1.96,0.35,-52
1787066456057,244774,Lumbar,sit,-0.15616,0.984296,0.216184,1.47,-1.89,0.35,-52
1787066456057,244791,Lumbar,sit,-0.154208,0.981856,0.21716,1.68,-1.82,0.35,-52
1787066456057,244808,Lumbar,sit,-0.155672,0.982832,0.217648,2.1,-1.96,0.42,-52
1787066456057,244839,Lumbar,sit,-0.1586,0.9882,0.210328,1.68,-2.31,0.42,-52
1787066456057,244856,Lumbar,sit,-0.15616,0.9882,0.21228,1.33,-2.45,0.28,-52
1787066456057,244873,Lumbar,sit,-0.154696,0.98576,0.216672,1.68,-2.59,0.14,-52
1787066456057,244890,Lumbar,sit,-0.154696,0.981856,0.219112,2.1,-2.45,0.14,-52
1787066456057,244907,Lumbar,sit,-0.155184,0.982832,0.220576,2.94,-2.38,0.14,-52
1787066456414,245082,Lumbar,sit,-0.159576,0.987224,0.214232,2.52,-1.89,0.56,-52
1787066456414,245113,Lumbar,sit,-0.160064,0.986248,0.213256,2.38,-2.03,0.35,-52
1787066456414,245131,Lumbar,sit,-0.159576,0.985272,0.211792,2.31,-2.1,0.42,-52
1787066456414,245147,Lumbar,sit,-0.160064,0.985272,0.213256,2.45,-2.1,0.42,-52
1787066456414,245164,Lumbar,sit,-0.160064,0.985272,0.213744,2.52,-2.1,0.49,-52
1787066456414,245195,Lumbar,sit,-0.159576,0.987224,0.211792,2.45,-2.31,0.63,-52
1787066456414,245212,Lumbar,sit,-0.160064,0.986248,0.211792,2.24,-2.45,0.7,-52
1787066456414,245229,Lumbar,sit,-0.160064,0.98576,0.211304,2.17,-2.52,0.7,-52
1787066456414,245246,Lumbar,sit,-0.160064,0.986248,0.212768,2.1,-2.59,0.7,-52
1787066456414,245263,Lumbar,sit,-0.159088,0.985272,0.21472,2.17,-2.66,0.63,-52
1787066456826,245492,Lumbar,sit,-0.145912,0.991128,0.208864,2.66,-1.96,-0.14,-52
1787066456826,245524,Lumbar,sit,-0.149328,0.995032,0.206424,1.47,-2.38,-0.42,-52
1787066456826,245541,Lumbar,sit,-0.15128,0.989664,0.210328,0.7,-2.24,-0.35,-52
1787066456826,245558,Lumbar,sit,-0.15128,0.984784,0.21472,0.77,-1.89,-0.35,-52
1787066456826,245575,Lumbar,sit,-0.153232,0.981368,0.21472,1.33,-1.75,-0.49,-52
1787066456826,245606,Lumbar,sit,-0.157624,0.982832,0.213744,1.89,-2.1,-0.7,-52
1787066456826,245623,Lumbar,sit,-0.1586,0.984784,0.21472,2.24,-2.31,-0.63,-52
1787066456826,245640,Lumbar,sit,-0.160552,0.987224,0.213256,2.59,-2.24,-0.56,-52
1787066456826,245657,Lumbar,sit,-0.162016,0.986248,0.212768,2.38,-2.17,-0.35,-52
1787066456826,245674,Lumbar,sit,-0.162504,0.984784,0.216184,2.38,-2.03,-0.21,-52
1787066457186,245851,Lumbar,sit,-0.160064,0.986736,0.209352,1.05,-1.75,0.49,-52
1787066457186,245883,Lumbar,sit,-0.160064,0.987224,0.205936,0.84,-2.31,0.56,-52
1787066457186,245900,Lumbar,sit,-0.160552,0.986736,0.208864,0.7,-2.31,0.63,-52
1787066457186,245917,Lumbar,sit,-0.161528,0.984296,0.211792,0.7,-2.24,0.84,-52
1787066457186,245934,Lumbar,sit,-0.161528,0.984784,0.21472,0.91,-2.24,0.91,-52
1787066457186,245965,Lumbar,sit,-0.162992,0.986736,0.216672,1.05,-2.45,1.05,-52
1787066457186,245982,Lumbar,sit,-0.162992,0.987712,0.21472,0.91,-2.66,1.05,-52
1787066457186,245999,Lumbar,sit,-0.160064,0.987712,0.211792,0.56,-2.52,1.12,-52
1787066457186,246016,Lumbar,sit,-0.159088,0.987224,0.211304,0.21,-2.17,1.05,-52
1787066457186,246033,Lumbar,sit,-0.157624,0.984784,0.21228,0.21,-1.89,1.05,-52
1787066457541,246208,Lumbar,sit,-0.1586,0.989664,0.216672,-0.49,-1.96,0.7,-52
1787066457541,246239,Lumbar,sit,-0.155184,0.9882,0.214232,-1.4,-1.82,0.56,-52
1787066457541,246256,Lumbar,sit,-0.154208,0.982832,0.215696,-1.54,-2.17,0.28,-52
1787066457541,246273,Lumbar,sit,-0.15128,0.979904,0.217648,-0.84,-2.52,0.21,-52
1787066457541,246290,Lumbar,sit,-0.153232,0.980392,0.216184,-0.42,-2.66,0.28,-52
1787066457541,246321,Lumbar,sit,-0.157136,0.979416,0.225944,0.21,-1.89,0.21,-52
1787066457541,246338,Lumbar,sit,-0.156648,0.979416,0.228872,1.26,-1.61,-0.07,-52
1787066457541,246355,Lumbar,sit,-0.157136,0.981368,0.228384,1.68,-2.03,-0.35,-52
1787066457541,246372,Lumbar,sit,-0.159088,0.984784,0.228384,1.96,-2.31,-0.28,-52
1787066457541,246389,Lumbar,sit,-0.160552,0.99064,0.224968,1.61,-2.59,-0.07,-52
1787066457899,246565,Lumbar,sit,-0.1586,0.98576,0.219112,2.03,-2.87,1.33,-52
1787066457899,246597,Lumbar,sit,-0.157624,0.987712,0.221552,1.4,-3.01,0.91,-52
1787066457899,246614,Lumbar,sit,-0.154696,0.984784,0.224968,1.12,-3.01,0.7,-52
1787066457899,246632,Lumbar,sit,-0.149328,0.979416,0.228384,1.4,-2.87,0.49,-52
1787066457899,246649,Lumbar,sit,-0.149328,0.977952,0.230336,2.45,-2.52,0.28,-52
1787066457899,246666,Lumbar,sit,-0.147864,0.981368,0.230824,2.8,-2.38,0.21,-52
1787066457899,246697,Lumbar,sit,-0.151768,0.98576,0.226432,2.45,-2.45,0.42,-52
1787066457899,246714,Lumbar,sit,-0.153232,0.983808,0.227408,2.38,-2.59,0.49,-52
1787066457899,246731,Lumbar,sit,-0.151768,0.981368,0.230824,2.73,-2.73,0.49,-52
1787066457899,246748,Lumbar,sit,-0.152256,0.981856,0.22936,3.43,-2.52,0.35,-52
1787066458256,246923,Lumbar,sit,-0.157136,0.986248,0.209352,3.01,-1.96,-0.35,-52
1787066458256,246954,Lumbar,sit,-0.1586,0.9882,0.212768,2.52,-2.03,-0.21,-52
1787066458256,246971,Lumbar,sit,-0.159088,0.986736,0.216184,2.38,-2.1,-0.14,-52
1787066458256,246989,Lumbar,sit,-0.1586,0.988688,0.216184,2.38,-2.24,-0.28,-52
1787066458256,247006,Lumbar,sit,-0.158112,0.987224,0.217648,2.1,-2.31,-0.28,-52
1787066458256,247037,Lumbar,sit,-0.1586,0.986736,0.2196,1.96,-2.38,-0.07,-52
1787066458256,247054,Lumbar,sit,-0.159576,0.9882,0.2196,2.03,-2.31,0.07,-52
1787066458256,247071,Lumbar,sit,-0.160552,0.986248,0.217648,1.75,-2.03,0.21,-52
1787066458256,247088,Lumbar,sit,-0.159088,0.984296,0.218136,1.54,-1.96,-0.14,-52
1787066458256,247105,Lumbar,sit,-0.159576,0.982344,0.220576,1.75,-2.59,-0.28,-52
1787066458614,247280,Lumbar,sit,-0.158112,0.981368,0.2196,1.33,-1.96,0.35,-52
1787066458614,247311,Lumbar,sit,-0.154696,0.986248,0.217648,2.03,-2.03,0.42,-52
1787066458614,247328,Lumbar,sit,-0.153232,0.9882,0.217648,1.96,-2.17,0.49,-52
1787066458614,247345,Lumbar,sit,-0.155672,0.988688,0.217648,1.68,-2.38,0.49,-52
1787066458614,247362,Lumbar,sit,-0.154696,0.9882,0.218624,1.54,-2.45,0.56,-52
1787066458614,247393,Lumbar,sit,-0.15372,0.985272,0.220576,1.26,-1.96,0.49,-52
1787066458614,247410,Lumbar,sit,-0.156648,0.985272,0.221552,1.54,-1.82,0.7,-52
1787066458614,247427,Lumbar,sit,-0.159576,0.986736,0.215696,1.47,-1.96,0.77,-52
1787066458614,247444,Lumbar,sit,-0.1586,0.987712,0.213744,0.91,-2.03,0.56,-52
1787066458614,247461,Lumbar,sit,-0.158112,0.987712,0.21472,0.77,-2.03,0.42,-52
1787066458974,247636,Lumbar,sit,-0.160064,0.98576,0.2196,0.98,-2.03,0.42,-52
1787066458974,247668,Lumbar,sit,-0.159576,0.986736,0.221552,0.91,-1.54,0.49,-52
1787066458974,247685,Lumbar,sit,-0.158112,0.986736,0.221064,0.84,-1.47,0.35,-52
1787066458974,247702,Lumbar,sit,-0.156648,0.987712,0.220088,0.63,-1.54,0.42,-52
1787066458974,247719,Lumbar,sit,-0.155184,0.987224,0.218136,0.42,-1.68,0.28,-52
1787066458974,247750,Lumbar,sit,-0.154696,0.985272,0.216184,0.35,-1.68,0.21,-52
1787066458974,247767,Lumbar,sit,-0.155184,0.98576,0.215208,0.21,-1.68,0.28,-52
1787066458974,247784,Lumbar,sit,-0.155672,0.986248,0.215208,0,-1.82,0.42,-52
1787066458974,247801,Lumbar,sit,-0.155672,0.985272,0.21716,-0.14,-1.89,0.56,-52
1787066458974,247818,Lumbar,sit,-0.1586,0.983808,0.220088,-0.14,-1.96,0.49,-52
1787066459326,247993,Lumbar,sit,-0.160064,0.981856,0.225456,-1.12,-1.61,0.21,-52
1787066459326,248025,Lumbar,sit,-0.156648,0.976488,0.229848,-0.56,-2.52,0,-52
1787066459326,248042,Lumbar,sit,-0.1586,0.978928,0.22692,0.28,-2.66,0.21,-52
1787066459326,248059,Lumbar,sit,-0.1586,0.981856,0.227896,0.56,-2.31,0.35,-52
1787066459326,248076,Lumbar,sit,-0.159088,0.982344,0.22936,0.7,-1.96,0.42,-52
1787066459326,248107,Lumbar,sit,-0.157624,0.982344,0.230824,0.91,-2.1,0.28,-52
1787066459326,248124,Lumbar,sit,-0.157624,0.982832,0.232288,0.7,-2.31,0.21,-52
1787066459326,248141,Lumbar,sit,-0.1586,0.983808,0.229848,0.56,-2.31,0.28,-52
1787066459326,248158,Lumbar,sit,-0.1586,0.98332,0.22936,0.14,-2.31,0.35,-52
1787066459326,248174,Lumbar,sit,-0.1586,0.97844,0.230824,0.21,-1.82,0.42,-52
1787066459682,248348,Lumbar,sit,-0.16348,0.9882,0.226432,2.31,-2.45,0.42,-52
1787066459682,248379,Lumbar,sit,-0.16104,0.982832,0.231312,1.54,-2.73,0.35,-52
1787066459682,248396,Lumbar,sit,-0.159088,0.976488,0.233752,2.03,-2.73,0.28,-52
1787066459682,248413,Lumbar,sit,-0.160552,0.977952,0.23424,3.22,-2.59,0.35,-52
1787066459682,248430,Lumbar,sit,-0.161528,0.981856,0.231312,3.5,-2.66,0.49,-52
1787066459682,248461,Lumbar,sit,-0.160552,0.984784,0.231312,2.87,-2.66,0.49,-52
1787066459682,248478,Lumbar,sit,-0.160064,0.98332,0.230824,2.8,-2.52,0.42,-52
1787066459682,248495,Lumbar,sit,-0.158112,0.981856,0.22936,3.01,-2.31,0.42,-52
1787066459682,248512,Lumbar,sit,-0.158112,0.98332,0.22692,3.22,-2.24,0.42,-52
1787066459682,248529,Lumbar,sit,-0.159576,0.984296,0.225456,3.22,-2.31,0.63,-52
1787066460038,248704,Lumbar,sit,-0.159088,0.984784,0.225944,2.87,-2.1,0.63,-52
1787066460038,248735,Lumbar,sit,-0.160064,0.98576,0.225944,2.59,-2.38,0.49,-52
1787066460038,248752,Lumbar,sit,-0.1586,0.985272,0.22448,2.45,-2.45,0.28,-52
1787066460038,248769,Lumbar,sit,-0.157136,0.984784,0.225944,2.52,-2.24,0.14,-52
1787066460038,248786,Lumbar,sit,-0.158112,0.9882,0.225944,2.73,-2.1,0.14,-52
1787066460038,248817,Lumbar,sit,-0.160064,0.989176,0.220576,1.89,-1.96,0.49,-52
1787066460038,248834,Lumbar,sit,-0.157624,0.98576,0.218624,1.33,-1.75,0.21,-52
1787066460038,248851,Lumbar,sit,-0.158112,0.984784,0.218136,1.05,-2.17,-0.14,-52
1787066460038,248868,Lumbar,sit,-0.155672,0.977464,0.221552,1.4,-2.31,-0.14,-52
1787066460038,248885,Lumbar,sit,-0.155672,0.97844,0.221064,2.45,-2.24,0.07,-52
1787066460395,249060,Lumbar,sit,-0.161528,0.98332,0.220088,2.59,-1.68,0.7,-52
1787066460395,249091,Lumbar,sit,-0.161528,0.986736,0.21472,2.24,-2.17,0.42,-52
1787066460395,249108,Lumbar,sit,-0.160552,0.985272,0.215696,2.1,-2.17,0.28,-52
1787066460395,249125,Lumbar,sit,-0.159088,0.984296,0.216672,2.17,-2.03,0.21,-52
1787066460395,249142,Lumbar,sit,-0.157136,0.98332,0.220088,2.24,-1.89,0.28,-52
1787066460395,249173,Lumbar,sit,-0.157136,0.984784,0.221552,2.45,-2.03,0.63,-52
1787066460395,249190,Lumbar,sit,-0.160064,0.986736,0.21716,2.24,-2.17,0.63,-52
1787066460395,249207,Lumbar,sit,-0.159576,0.9882,0.216672,1.54,-2.38,0.49,-52
1787066460395,249224,Lumbar,sit,-0.158112,0.98576,0.21716,1.33,-2.59,0.28,-52
1787066460395,249240,Lumbar,sit,-0.155672,0.982344,0.221552,1.61,-2.66,0.07,-52
1787066460754,249416,Lumbar,sit,-0.165432,0.98088,0.211792,1.4,-1.89,1.26,-52
1787066460754,249447,Lumbar,sit,-0.168848,0.977464,0.2196,2.31,-2.31,1.61,-52
1787066460754,249464,Lumbar,sit,-0.166896,0.979416,0.220576,2.52,-2.24,1.4,-52
1787066460754,249481,Lumbar,sit,-0.162992,0.981856,0.222528,3.08,-2.03,1.19,-52
1787066460754,249498,Lumbar,sit,-0.160064,0.9882,0.219112,3.99,-1.47,0.63,-52
1787066460754,249530,Lumbar,sit,-0.1586,0.996496,0.211792,3.64,-1.4,0.21,-52
1787066460754,249547,Lumbar,sit,-0.1586,0.996496,0.208376,2.45,-1.75,0.49,-52
1787066460754,249564,Lumbar,sit,-0.156648,0.99064,0.211792,1.33,-1.89,0.84,-52
1787066460754,249581,Lumbar,sit,-0.155184,0.987224,0.213744,1.54,-2.24,1.05,-52
1787066460754,249598,Lumbar,sit,-0.155184,0.987712,0.213256,1.75,-3.01,1.26,-52
1787066461112,249773,Lumbar,sit,-0.150304,0.98088,0.2196,1.4,-2.31,1.12,-52
1787066461112,249805,Lumbar,sit,-0.148352,0.984784,0.220088,2.8,-1.82,0.21,-52
1787066461112,249822,Lumbar,sit,-0.147864,0.991128,0.213256,2.94,-1.89,0,-52
1787066461112,249839,Lumbar,sit,-0.14884,0.99308,0.207888,2.31,-2.17,-0.21,-52
1787066461112,249857,Lumbar,sit,-0.149328,0.99308,0.205936,1.4,-2.17,0.07,-52
1787066461112,249874,Lumbar,sit,-0.149328,0.992592,0.209352,0.84,-2.03,0.35,-52
1787066461112,249905,Lumbar,sit,-0.147864,0.986248,0.210328,0.63,-1.89,-0.14,-52
1787066461112,249922,Lumbar,sit,-0.149816,0.982344,0.210328,0.91,-2.87,-0.56,-52
1787066461112,249939,Lumbar,sit,-0.14884,0.981368,0.212768,1.96,-3.22,-0.49,-52
1787066461112,249956,Lumbar,sit,-0.151768,0.986248,0.212768,2.24,-3.22,-0.42,-52
1787066461469,250132,Lumbar,sit,-0.160552,0.980392,0.22204,1.05,-1.96,-0.21,-52
1787066461469,250164,Lumbar,sit,-0.162016,0.981856,0.215208,1.61,-2.1,-0.21,-52
1787066461469,250181,Lumbar,sit,-0.163968,0.984784,0.216184,1.68,-1.75,0,-52
1787066461469,250198,Lumbar,sit,-0.164944,0.990152,0.21472,1.12,-1.4,0.14,-52
1787066461469,250215,Lumbar,sit,-0.163968,0.9882,0.21716,0.35,-1.68,0.35,-52
1787066461469,250246,Lumbar,sit,-0.162992,0.984296,0.220576,-0.07,-1.68,0.42,-52
1787066461469,250263,Lumbar,sit,-0.162016,0.984784,0.2196,-0.07,-1.54,0.28,-52
1787066461469,250279,Lumbar,sit,-0.160064,0.984296,0.216672,0,-1.4,0.28,-52
1787066461469,250296,Lumbar,sit,-0.1586,0.98332,0.216672,0,-1.4,0.21,-52
1787066461469,250313,Lumbar,sit,-0.15616,0.980392,0.218624,0.28,-1.75,0.21,-52
1787066461825,250488,Lumbar,sit,-0.159088,0.987712,0.221552,0,-1.19,0.77,-52
1787066461825,250519,Lumbar,sit,-0.160064,0.988688,0.221552,-0.63,-1.47,0.77,-52
1787066461825,250536,Lumbar,sit,-0.161528,0.98576,0.221064,-0.98,-1.54,0.7,-52
1787066461825,250553,Lumbar,sit,-0.161528,0.984296,0.219112,-1.26,-1.61,0.35,-52
1787066461825,250570,Lumbar,sit,-0.160064,0.983808,0.221064,-1.33,-1.68,0,-52
1787066461825,250601,Lumbar,sit,-0.157624,0.98088,0.231312,-0.7,-1.54,0.28,-52
1787066461825,250618,Lumbar,sit,-0.1586,0.980392,0.230824,-0.7,-1.33,0.35,-52
1787066461825,250635,Lumbar,sit,-0.159576,0.979416,0.232288,-0.7,-1.4,0.42,-52
1787066461825,250652,Lumbar,sit,-0.16104,0.979416,0.232776,-0.49,-2.03,0.56,-52
1787066461825,250669,Lumbar,sit,-0.16104,0.982344,0.233752,0.07,-2.73,0.77,-52
1787066462185,250845,Lumbar,sit,-0.155672,0.979904,0.233752,-1.47,-2.1,0.49,-52
1787066462185,250877,Lumbar,sit,-0.15128,0.98088,0.240584,-0.42,-1.96,1.05,-52
1787066462185,250894,Lumbar,sit,-0.149816,0.983808,0.240584,-0.35,-1.54,0.91,-52
1787066462185,250912,Lumbar,sit,-0.14884,0.984784,0.238632,-0.7,-1.89,0.28,-52
1787066462185,250929,Lumbar,sit,-0.150304,0.979416,0.23668,-0.84,-2.31,0.07,-52
1787066462185,250946,Lumbar,sit,-0.151768,0.970632,0.244,0.14,-2.52,0.07,-52
1787066462185,250977,Lumbar,sit,-0.15372,0.975512,0.245464,2.1,-1.96,0.07,-52
1787066462185,250994,Lumbar,sit,-0.154208,0.981856,0.23912,2.45,-1.33,-0.07,-52
1787066462185,251011,Lumbar,sit,-0.154696,0.981856,0.230336,1.96,-1.33,-0.21,-52
1787066462185,251028,Lumbar,sit,-0.153232,0.976488,0.233264,1.82,-1.68,-0.35,-52
1787066462540,251204,Lumbar,sit,-0.162504,0.97356,0.235704,3.5,-1.82,0.14,-54
1787066462540,251235,Lumbar,sit,-0.166896,0.976976,0.241072,5.25,-2.73,0.63,-54
1787066462540,251252,Lumbar,sit,-0.16836,0.979904,0.238632,5.39,-2.52,0.98,-54
1787066462540,251269,Lumbar,sit,-0.169336,0.989176,0.232776,5.04,-2.31,0.98,-54
1787066462540,251285,Lumbar,sit,-0.167872,0.991616,0.228384,3.64,-2.03,0.7,-54
1787066462540,251316,Lumbar,sit,-0.162504,0.981856,0.233264,3.15,-1.61,0.28,-54
1787066462540,251333,Lumbar,sit,-0.160064,0.97844,0.232288,3.71,-1.33,-0.07,-54
1787066462540,251350,Lumbar,sit,-0.157136,0.981368,0.229848,3.92,-1.33,-0.21,-54
1787066462540,251367,Lumbar,sit,-0.15616,0.981856,0.228384,3.85,-1.54,-0.07,-54
1787066462540,251384,Lumbar,sit,-0.154208,0.98332,0.22692,3.85,-1.75,0,-54
1787066462896,251559,Lumbar,sit,-0.162016,0.984784,0.2196,2.73,-2.1,-0.14,-54
1787066462896,251590,Lumbar,sit,-0.163968,0.980392,0.220576,2.52,-2.17,-0.49,-54
1787066462896,251607,Lumbar,sit,-0.16348,0.98088,0.222528,2.94,-2.17,-0.35,-54
1787066462896,251624,Lumbar,sit,-0.162992,0.981368,0.223016,3.29,-2.17,0,-54
1787066462896,251641,Lumbar,sit,-0.162504,0.98576,0.22204,3.43,-2.1,0.28,-54
1787066462896,251672,Lumbar,sit,-0.16348,0.987224,0.221552,3.08,-2.24,0.56,-54
1787066462896,251689,Lumbar,sit,-0.163968,0.986736,0.221552,2.8,-2.24,0.56,-54
1787066462896,251706,Lumbar,sit,-0.163968,0.985272,0.222528,2.52,-2.24,0.42,-54
1787066462896,251723,Lumbar,sit,-0.16348,0.98332,0.221064,2.59,-2.24,0.28,-54
1787066462896,251740,Lumbar,sit,-0.164944,0.98088,0.2196,3.01,-2.45,0.07,-54
1787066463253,251915,Lumbar,sit,-0.159088,0.989176,0.210328,2.87,-2.66,0.49,-54
1787066463253,251946,Lumbar,sit,-0.160552,0.986248,0.20984,2.31,-1.96,0.35,-54
1787066463253,251963,Lumbar,sit,-0.159088,0.982832,0.21472,2.87,-2.03,0.21,-54
1787066463253,251980,Lumbar,sit,-0.159576,0.982344,0.216672,3.36,-2.31,0.21,-54
1787066463253,251997,Lumbar,sit,-0.160552,0.987224,0.216184,3.22,-2.52,0.28,-54
1787066463253,252028,Lumbar,sit,-0.162504,0.986736,0.213256,1.96,-2.38,0.42,-54
1787066463253,252045,Lumbar,sit,-0.16348,0.98576,0.213256,1.82,-2.24,0.7,-54
1787066463253,252062,Lumbar,sit,-0.164456,0.983808,0.213744,2.03,-2.17,0.63,-54
1787066463253,252079,Lumbar,sit,-0.162992,0.982832,0.213744,2.66,-2.17,0.49,-54
1787066463253,252096,Lumbar,sit,-0.163968,0.98332,0.209352,3.15,-2.17,0.21,-54
1787066463609,252270,Lumbar,sit,-0.155184,0.980392,0.214232,2.59,-2.17,-0.42,-54
1787066463609,252301,Lumbar,sit,-0.157624,0.9882,0.208864,3.36,-1.61,-0.28,-54
1787066463609,252318,Lumbar,sit,-0.159576,0.991616,0.205936,2.87,-1.61,-0.14,-54
1787066463609,252335,Lumbar,sit,-0.160552,0.990152,0.206912,2.17,-1.82,-0.07,-54
1787066463609,252352,Lumbar,sit,-0.161528,0.987224,0.20496,1.89,-1.96,0,-54
1787066463609,252383,Lumbar,sit,-0.161528,0.984784,0.206912,1.89,-2.17,0,-54
1787066463609,252400,Lumbar,sit,-0.163968,0.986248,0.207888,1.96,-2.1,0.14,-54
1787066463609,252417,Lumbar,sit,-0.16592,0.987224,0.206912,1.75,-1.96,0.21,-54
1787066463609,252434,Lumbar,sit,-0.16592,0.986248,0.2074,1.68,-1.68,0.35,-54
1787066463609,252451,Lumbar,sit,-0.165432,0.986736,0.2074,1.61,-1.68,0.21,-54
1787066463965,252626,Lumbar,sit,-0.162504,0.986736,0.211304,0.35,-1.82,0.84,-54
1787066463965,252657,Lumbar,sit,-0.16104,0.98576,0.212768,0.63,-1.4,0.84,-54
1787066463965,252674,Lumbar,sit,-0.16104,0.986248,0.211792,0.7,-1.47,0.84,-54
1787066463965,252691,Lumbar,sit,-0.162504,0.986248,0.20984,0.63,-1.82,0.84,-54
1787066463965,252708,Lumbar,sit,-0.163968,0.987712,0.211792,0.63,-2.03,0.91,-54
1787066463965,252739,Lumbar,sit,-0.161528,0.987224,0.210328,0.7,-1.96,0.7,-54
1787066463965,252756,Lumbar,sit,-0.162992,0.988688,0.208864,0.42,-1.89,0.63,-54
1787066463965,252773,Lumbar,sit,-0.162504,0.989176,0.207888,0.28,-1.82,0.84,-54
1787066463965,252790,Lumbar,sit,-0.162992,0.988688,0.208864,-0.07,-1.82,0.91,-54
1787066463965,252807,Lumbar,sit,-0.159576,0.986248,0.210328,-0.56,-1.54,0.84,-54
1787066464322,252982,Lumbar,sit,-0.165432,0.987224,0.218624,-0.56,-2.24,0.49,-54
1787066464322,253014,Lumbar,sit,-0.163968,0.982832,0.223504,-0.56,-1.4,0.56,-54
1787066464322,253031,Lumbar,sit,-0.16104,0.98332,0.221552,-0.21,-1.12,0.42,-54
1787066464322,253048,Lumbar,sit,-0.160552,0.982832,0.219112,0,-1.33,0.28,-54
1787066464322,253065,Lumbar,sit,-0.161528,0.983808,0.216672,0.07,-1.4,0.28,-54
1787066464322,253096,Lumbar,sit,-0.161528,0.982832,0.221064,0.49,-1.61,0.14,-54
1787066464322,253113,Lumbar,sit,-0.162016,0.982832,0.221552,0.56,-1.54,0.14,-54
1787066464322,253130,Lumbar,sit,-0.16104,0.981368,0.221552,0.7,-1.75,0.14,-54
1787066464322,253147,Lumbar,sit,-0.161528,0.981856,0.220088,0.77,-2.03,0.21,-54
1787066464322,253164,Lumbar,sit,-0.163968,0.984784,0.216672,0.63,-2.17,0.28,-54
1787066464677,253338,Lumbar,sit,-0.164944,0.982344,0.215208,1.75,-2.1,0.14,-53
1787066464677,253369,Lumbar,sit,-0.167384,0.98088,0.218624,2.03,-2.1,0.7,-53
1787066464677,253386,Lumbar,sit,-0.166896,0.98088,0.220088,2.24,-2.03,0.7,-53
1787066464677,253403,Lumbar,sit,-0.16592,0.98332,0.222528,2.52,-2.03,0.77,-53
1787066464677,253420,Lumbar,sit,-0.16592,0.984296,0.221552,2.45,-2.17,0.63,-53
1787066464677,253451,Lumbar,sit,-0.16348,0.98332,0.221552,2.38,-2.45,0.56,-53
1787066464677,253468,Lumbar,sit,-0.16348,0.98332,0.219112,2.59,-2.45,0.49,-53
1787066464677,253485,Lumbar,sit,-0.16348,0.984296,0.219112,2.59,-2.31,0.56,-53
1787066464677,253502,Lumbar,sit,-0.163968,0.984784,0.219112,2.59,-2.24,0.63,-53
1787066464677,253519,Lumbar,sit,-0.162992,0.984784,0.218624,2.59,-2.31,0.63,-53
1787066465034,253694,Lumbar,sit,-0.162016,0.984784,0.216672,1.82,-2.17,0.63,-53
1787066465034,253725,Lumbar,sit,-0.16104,0.98088,0.220576,2.1,-2.66,0,-53
1787066465034,253742,Lumbar,sit,-0.16104,0.98088,0.218624,3.08,-3.01,0.14,-53
1787066465034,253759,Lumbar,sit,-0.16348,0.986248,0.215696,3.15,-2.94,0.35,-53
1787066465034,253776,Lumbar,sit,-0.163968,0.9882,0.21472,2.59,-2.52,0.49,-53
1787066465034,253807,Lumbar,sit,-0.162504,0.986248,0.213744,2.59,-2.1,0.28,-53
1787066465034,253824,Lumbar,sit,-0.162504,0.984296,0.215208,2.8,-2.17,0.21,-53
1787066465034,253841,Lumbar,sit,-0.16348,0.984784,0.215208,2.87,-2.45,0.21,-53
1787066465034,253858,Lumbar,sit,-0.164944,0.98576,0.214232,2.66,-2.59,0.28,-53
1787066465034,253875,Lumbar,sit,-0.163968,0.986736,0.21472,2.03,-2.66,0.49,-53
1787066465392,254051,Lumbar,sit,-0.164456,0.989664,0.210816,2.59,-1.96,0.56,-53
1787066465392,254082,Lumbar,sit,-0.16104,0.986248,0.212768,1.82,-2.31,0.28,-53
1787066465392,254099,Lumbar,sit,-0.1586,0.983808,0.215696,2.17,-2.45,0.14,-53
1787066465392,254116,Lumbar,sit,-0.1586,0.981856,0.215696,2.94,-2.31,0.07,-53
1787066465392,254133,Lumbar,sit,-0.159576,0.984296,0.21228,3.01,-2.17,0.07,-53
1787066465392,254164,Lumbar,sit,-0.164456,0.988688,0.208864,2.59,-1.96,0.14,-53
1787066465392,254181,Lumbar,sit,-0.16348,0.988688,0.208864,2.52,-1.96,0.14,-53
1787066465392,254198,Lumbar,sit,-0.161528,0.989176,0.211304,2.31,-1.75,0.14,-53
1787066465392,254214,Lumbar,sit,-0.162016,0.986248,0.210816,2.03,-1.68,0.14,-53
1787066465392,254231,Lumbar,sit,-0.16348,0.98576,0.209352,1.96,-1.89,0.21,-53
1787066465749,254407,Lumbar,sit,-0.165432,0.986248,0.20984,0.63,-1.75,0.77,-53
1787066465749,254439,Lumbar,sit,-0.165432,0.987712,0.214232,0.42,-1.96,0.77,-53
1787066465749,254456,Lumbar,sit,-0.164456,0.987712,0.216672,0.14,-1.89,0.49,-53
1787066465749,254473,Lumbar,sit,-0.162992,0.987712,0.218624,0.07,-1.75,0.35,-53
1787066465749,254490,Lumbar,sit,-0.161528,0.986736,0.2196,0,-1.4,0.35,-53
1787066465749,254521,Lumbar,sit,-0.161528,0.988688,0.213256,0,-1.68,0.63,-53
1787066465749,254538,Lumbar,sit,-0.162504,0.986248,0.208376,-0.49,-1.75,0.63,-53
1787066465749,254555,Lumbar,sit,-0.162016,0.981368,0.205936,-0.91,-2.1,0.35,-53
1787066465749,254572,Lumbar,sit,-0.16348,0.97844,0.207888,-0.63,-2.73,0.35,-53
1787066465749,254589,Lumbar,sit,-0.16348,0.979416,0.213256,0.14,-2.73,0.49,-53
1787066466105,254764,Lumbar,sit,-0.16348,0.977464,0.227408,0.07,-0.98,0.42,-54
1787066466105,254795,Lumbar,sit,-0.162992,0.98088,0.218136,0.7,-1.61,0.35,-54
1787066466105,254812,Lumbar,sit,-0.163968,0.981856,0.217648,0.91,-1.96,0.42,-54
1787066466105,254829,Lumbar,sit,-0.162504,0.982344,0.218136,1.19,-1.89,0.42,-54
1787066466105,254846,Lumbar,sit,-0.162992,0.980392,0.220088,1.33,-1.75,0.49,-54
1787066466105,254877,Lumbar,sit,-0.162504,0.98088,0.22204,1.96,-1.96,0.63,-54
1787066466105,254894,Lumbar,sit,-0.165432,0.98332,0.21716,1.89,-2.17,0.42,-54
1787066466105,254911,Lumbar,sit,-0.162016,0.985272,0.216184,1.68,-2.24,0.28,-54
1787066466105,254928,Lumbar,sit,-0.161528,0.983808,0.216672,1.61,-2.38,0.14,-54
1787066466105,254945,Lumbar,sit,-0.161528,0.980392,0.220088,1.96,-2.45,0.14,-54
1787066466462,255121,Lumbar,sit,-0.162992,0.982832,0.223016,2.87,-1.82,0.63,-54
1787066466462,255152,Lumbar,sit,-0.164944,0.984784,0.221552,3.08,-2.03,0.56,-54
1787066466462,255169,Lumbar,sit,-0.16592,0.985272,0.218624,3.08,-2.38,0.35,-54
1787066466462,255186,Lumbar,sit,-0.163968,0.98576,0.21716,3.01,-2.59,0.28,-54
1787066466462,255202,Lumbar,sit,-0.163968,0.984784,0.216184,2.94,-2.66,0.21,-54
1787066466462,255233,Lumbar,sit,-0.162992,0.986248,0.218136,3.29,-2.31,0.49,-54
1787066466462,255250,Lumbar,sit,-0.163968,0.9882,0.215208,2.94,-1.96,0.63,-54
1787066466462,255267,Lumbar,sit,-0.162504,0.986248,0.213256,2.52,-1.96,0.21,-54
1787066466462,255284,Lumbar,sit,-0.162504,0.985272,0.213744,2.03,-2.24,0,-54
1787066466462,255301,Lumbar,sit,-0.159576,0.980392,0.215696,2.38,-2.73,-0.28,-54
1787066466820,255476,Lumbar,sit,-0.166408,0.982832,0.213744,2.17,-2.1,0.84,-54
1787066466820,255508,Lumbar,sit,-0.167384,0.981368,0.213744,2.94,-1.89,0.63,-54
1787066466820,255525,Lumbar,sit,-0.168848,0.983808,0.21228,3.36,-1.89,0.49,-54
1787066466820,255543,Lumbar,sit,-0.16836,0.98576,0.211304,3.43,-2.17,0.42,-54
1787066466820,255560,Lumbar,sit,-0.165432,0.986736,0.210816,3.29,-2.17,0.21,-54
1787066466820,255577,Lumbar,sit,-0.163968,0.98332,0.21228,3.5,-2.1,0.21,-54
1787066466820,255608,Lumbar,sit,-0.164944,0.987224,0.211304,3.99,-2.03,0.56,-54
1787066466820,255625,Lumbar,sit,-0.165432,0.991616,0.204472,3.08,-2.1,0.56,-54
1787066466820,255642,Lumbar,sit,-0.162504,0.991128,0.205936,2.1,-2.17,0.28,-54
1787066466820,255659,Lumbar,sit,-0.158112,0.985272,0.210328,2.1,-2.45,0.14,-54
1787066467177,255834,Lumbar,sit,-0.164944,0.986248,0.203984,2.66,-1.89,-0.21,-52
1787066467177,255866,Lumbar,sit,-0.166408,0.987712,0.20496,2.52,-1.82,-0.14,-52
1787066467177,255883,Lumbar,sit,-0.167384,0.987712,0.203496,2.31,-1.75,-0.07,-52
1787066467177,255900,Lumbar,sit,-0.169336,0.989664,0.20252,2.17,-1.75,0,-52
1787066467177,255917,Lumbar,sit,-0.16836,0.988688,0.203496,1.96,-1.96,0,-52
1787066467177,255948,Lumbar,sit,-0.168848,0.986248,0.205448,1.96,-2.03,0.35,-52
1787066467177,255965,Lumbar,sit,-0.168848,0.987712,0.203008,1.96,-2.1,0.35,-52
1787066467177,255982,Lumbar,sit,-0.169824,0.98576,0.203008,1.82,-2.17,0.35,-52
1787066467177,255999,Lumbar,sit,-0.167384,0.986248,0.203008,1.75,-2.24,0.28,-52
1787066467177,256016,Lumbar,sit,-0.167872,0.986736,0.203008,1.82,-2.17,0.49,-52
1787066467533,256192,Lumbar,sit,-0.162016,0.986248,0.203496,2.45,-2.17,0.28,-52
1787066467533,256222,Lumbar,sit,-0.16592,0.990152,0.200568,1.61,-2.59,0.7,-52
1787066467533,256240,Lumbar,sit,-0.164944,0.9882,0.202032,0.98,-2.66,0.77,-52
1787066467533,256256,Lumbar,sit,-0.166896,0.986248,0.205448,0.98,-2.52,0.91,-52
1787066467533,256273,Lumbar,sit,-0.166408,0.98576,0.203496,1.12,-2.31,0.84,-52
1787066467533,256304,Lumbar,sit,-0.167872,0.986248,0.203984,1.33,-2.31,0.7,-52
1787066467533,256321,Lumbar,sit,-0.166896,0.987224,0.203984,1.4,-2.31,0.7,-52
1787066467533,256338,Lumbar,sit,-0.16592,0.989176,0.204472,1.47,-2.24,0.7,-52
1787066467533,256355,Lumbar,sit,-0.165432,0.989664,0.203008,1.12,-2.24,0.7,-52
1787066467533,256372,Lumbar,sit,-0.164944,0.989176,0.20496,0.84,-2.38,0.77,-52
1787066467892,256547,Lumbar,sit,-0.161528,0.988688,0.205936,0.35,-2.24,0.77,-52
1787066467892,256578,Lumbar,sit,-0.16104,0.986248,0.206912,0.21,-1.82,0.42,-52
1787066467892,256595,Lumbar,sit,-0.161528,0.986248,0.206912,0.21,-1.82,0.42,-52
1787066467892,256612,Lumbar,sit,-0.162504,0.98576,0.206912,0.35,-1.82,0.63,-52
1787066467892,256629,Lumbar,sit,-0.162504,0.986248,0.205936,0.21,-1.75,0.63,-52
1787066467892,256660,Lumbar,sit,-0.162016,0.98576,0.210816,0.07,-1.89,0.56,-52
1787066467892,256677,Lumbar,sit,-0.161528,0.985272,0.210816,0.28,-2.03,0.63,-52
1787066467892,256694,Lumbar,sit,-0.164456,0.986736,0.211304,0.35,-2.17,0.63,-52
1787066467892,256711,Lumbar,sit,-0.16592,0.986736,0.20984,0.14,-2.17,0.63,-52
1787066467892,256728,Lumbar,sit,-0.164944,0.987224,0.211304,-0.07,-2.1,0.7,-52
1787066468251,256903,Lumbar,sit,-0.159088,0.987712,0.214232,-0.98,-1.61,0.21,-53
1787066468251,256935,Lumbar,sit,-0.159088,0.97844,0.219112,-0.14,-2.45,0.14,-53
1787066468251,256952,Lumbar,sit,-0.16104,0.981856,0.216184,0.42,-2.52,0.56,-53
1787066468251,256970,Lumbar,sit,-0.162992,0.98332,0.216672,0.35,-2.17,0.77,-53
1787066468251,256987,Lumbar,sit,-0.162504,0.985272,0.219112,0.56,-1.96,0.7,-53
1787066468251,257004,Lumbar,sit,-0.160552,0.98576,0.220088,0.84,-1.68,0.49,-53
1787066468251,257035,Lumbar,sit,-0.162992,0.98576,0.218136,0.63,-2.03,0.21,-53
1787066468251,257052,Lumbar,sit,-0.164456,0.989176,0.216184,-0.35,-2.38,0.28,-53
1787066468251,257069,Lumbar,sit,-0.164944,0.986248,0.220088,-1.19,-2.45,0.42,-53
1787066468251,257086,Lumbar,sit,-0.16348,0.980392,0.226432,-1.12,-2.03,0.63,-53
1787066468607,257262,Lumbar,sit,-0.162504,0.983808,0.21716,1.26,-2.17,0.35,-53
1787066468607,257293,Lumbar,sit,-0.157136,0.978928,0.223992,2.1,-2.66,0.28,-53
1787066468607,257310,Lumbar,sit,-0.156648,0.979416,0.225456,3.01,-2.59,0.21,-53
1787066468607,257328,Lumbar,sit,-0.1586,0.983808,0.223992,3.15,-2.45,0.21,-53
1787066468607,257345,Lumbar,sit,-0.161528,0.986248,0.223016,2.8,-2.38,0.21,-53
1787066468607,257362,Lumbar,sit,-0.162016,0.986248,0.223992,2.31,-2.45,0.35,-53
1787066468607,257393,Lumbar,sit,-0.159576,0.982832,0.223016,2.38,-2.17,0.28,-53
1787066468607,257410,Lumbar,sit,-0.157624,0.984296,0.221552,2.45,-2.1,0.21,-53
1787066468607,257427,Lumbar,sit,-0.160552,0.981368,0.218624,2.45,-2.03,0.28,-53
1787066468607,257444,Lumbar,sit,-0.162504,0.982344,0.219112,2.59,-2.03,0.49,-53
1787066468963,257618,Lumbar,sit,-0.163968,0.984784,0.221552,3.01,-2.31,0.35,-53
1787066468963,257650,Lumbar,sit,-0.163968,0.989176,0.221552,2.52,-1.75,0.49,-53
1787066468963,257667,Lumbar,sit,-0.163968,0.9882,0.21716,2.1,-1.75,0.28,-53
1787066468963,257684,Lumbar,sit,-0.160552,0.986248,0.216184,1.54,-2.1,-0.14,-53
1787066468963,257701,Lumbar,sit,-0.159088,0.978928,0.21716,1.96,-2.66,-0.21,-53
1787066468963,257732,Lumbar,sit,-0.1586,0.982832,0.217648,3.22,-2.8,0.21,-53
1787066468963,257749,Lumbar,sit,-0.160552,0.985272,0.217648,3.29,-2.38,0.21,-53
1787066468963,257766,Lumbar,sit,-0.16348,0.987712,0.216672,3.36,-2.17,0.21,-53
1787066468963,257783,Lumbar,sit,-0.16348,0.9882,0.21472,3.08,-2.24,0.07,-53
1787066468963,257800,Lumbar,sit,-0.162016,0.986736,0.215208,2.8,-2.45,0.14,-53
1787066469324,257976,Lumbar,sit,-0.162504,0.982832,0.216184,2.73,-2.17,0.49,-53
1787066469324,258007,Lumbar,sit,-0.162016,0.98576,0.211792,3.01,-1.82,0.98,-53
1787066469324,258024,Lumbar,sit,-0.163968,0.988688,0.208376,2.45,-2.03,0.98,-53
1787066469324,258042,Lumbar,sit,-0.162016,0.987712,0.20984,2.17,-2.38,0.7,-53
1787066469324,258059,Lumbar,sit,-0.158112,0.982344,0.214232,2.38,-2.52,0.49,-53
1787066469324,258089,Lumbar,sit,-0.158112,0.982344,0.215696,3.64,-2.24,0,-53
1787066469324,258106,Lumbar,sit,-0.159088,0.986248,0.216672,4.06,-1.96,-0.14,-53
1787066469324,258123,Lumbar,sit,-0.159088,0.990152,0.215208,3.85,-1.82,-0.28,-53
1787066469324,258140,Lumbar,sit,-0.159088,0.992104,0.212768,3.64,-2.1,-0.28,-53
1787066469324,258157,Lumbar,sit,-0.155672,0.991616,0.210328,3.01,-2.52,-0.21,-53
1787066469680,258334,Lumbar,sit,-0.166408,0.987224,0.205448,2.38,-1.89,0,-52
1787066469680,258366,Lumbar,sit,-0.165432,0.984296,0.205936,2.45,-1.68,0,-52
1787066469680,258383,Lumbar,sit,-0.167384,0.98576,0.206424,2.59,-1.54,-0.07,-52
1787066469680,258401,Lumbar,sit,-0.167872,0.986736,0.205448,2.45,-1.47,-0.07,-52
1787066469680,258418,Lumbar,sit,-0.166408,0.987224,0.205448,2.24,-1.68,0.14,-52
1787066469680,258435,Lumbar,sit,-0.166408,0.986248,0.205448,2.17,-1.89,0.21,-52
1787066469680,258466,Lumbar,sit,-0.166408,0.986248,0.204472,1.89,-2.03,0.35,-52
1787066469680,258483,Lumbar,sit,-0.16592,0.986736,0.205936,1.68,-2.03,0.56,-52
1787066469680,258500,Lumbar,sit,-0.16592,0.9882,0.2074,1.68,-1.96,0.56,-52
1787066469680,258517,Lumbar,sit,-0.16592,0.987224,0.206912,1.75,-1.89,0.49,-52
1787066470037,258691,Lumbar,sit,-0.16836,0.99064,0.203008,-0.07,-2.17,0.77,-52
1787066470037,258722,Lumbar,sit,-0.163968,0.983808,0.209352,0.7,-1.75,0.49,-52
1787066470037,258739,Lumbar,sit,-0.163968,0.984296,0.210328,1.12,-2.03,0.56,-52
1787066470037,258756,Lumbar,sit,-0.165432,0.98576,0.209352,0.84,-2.45,0.77,-52
1787066470037,258773,Lumbar,sit,-0.168848,0.99064,0.203496,0.49,-2.59,0.91,-52
1787066470037,258804,Lumbar,sit,-0.167384,0.987712,0.211304,-0.28,-1.96,1.12,-52
1787066470037,258821,Lumbar,sit,-0.166896,0.985272,0.210328,-0.14,-1.75,1.05,-52
1787066470037,258838,Lumbar,sit,-0.164456,0.984784,0.210816,0.14,-1.75,0.98,-52
1787066470037,258855,Lumbar,sit,-0.16592,0.984296,0.20984,0.21,-2.03,0.91,-52
1787066470037,258872,Lumbar,sit,-0.16592,0.983808,0.211304,0.42,-2.24,0.77,-52
1787066470393,259047,Lumbar,sit,-0.157136,0.982832,0.217648,0.84,-1.89,0.28,-52
1787066470393,259078,Lumbar,sit,-0.160064,0.987224,0.213744,0.63,-2.03,0.28,-52
1787066470393,259096,Lumbar,sit,-0.160552,0.987712,0.213744,0.49,-2.1,0.35,-52
1787066470393,259112,Lumbar,sit,-0.160552,0.987712,0.213744,0.21,-2.1,0.35,-52
1787066470393,259129,Lumbar,sit,-0.161528,0.98576,0.214232,0,-1.89,0.28,-52
1787066470393,259160,Lumbar,sit,-0.162504,0.982832,0.215208,0,-1.68,0.28,-52
1787066470393,259177,Lumbar,sit,-0.163968,0.982832,0.216672,0.21,-1.47,0.35,-52
1787066470393,259194,Lumbar,sit,-0.164456,0.985272,0.218136,0.28,-1.19,0.42,-52
1787066470393,259211,Lumbar,sit,-0.16348,0.985272,0.217648,0.35,-1.19,0.42,-52
1787066470393,259228,Lumbar,sit,-0.163968,0.984784,0.218136,0.42,-1.4,0.21,-52
1787066470750,259403,Lumbar,sit,-0.162504,0.982832,0.215208,1.54,-2.31,0.42,-54
1787066470750,259435,Lumbar,sit,-0.161528,0.982344,0.217648,2.17,-2.31,0.35,-54
1787066470750,259452,Lumbar,sit,-0.162992,0.98332,0.218136,2.24,-2.24,0.42,-54
1787066470750,259470,Lumbar,sit,-0.162016,0.984296,0.218136,2.1,-2.31,0.49,-54
1787066470750,259487,Lumbar,sit,-0.162504,0.985272,0.218624,2.03,-2.38,0.49,-54
1787066470750,259504,Lumbar,sit,-0.16348,0.984296,0.217648,2.03,-2.52,0.56,-54
1787066470750,259535,Lumbar,sit,-0.162504,0.983808,0.220088,2.17,-2.59,0.49,-54
1787066470750,259552,Lumbar,sit,-0.162016,0.982344,0.2196,2.45,-2.59,0.49,-54
1787066470750,259569,Lumbar,sit,-0.162016,0.982344,0.220576,2.66,-2.66,0.49,-54
1787066470750,259586,Lumbar,sit,-0.16348,0.986736,0.219112,2.8,-2.52,0.7,-54
1787066471108,259761,Lumbar,sit,-0.161528,0.986736,0.215208,3.01,-2.52,0.21,-54
1787066471108,259793,Lumbar,sit,-0.162504,0.987224,0.214232,2.1,-2.8,0.35,-54
1787066471108,259810,Lumbar,sit,-0.161528,0.983808,0.217648,1.89,-2.45,0.56,-54
1787066471108,259827,Lumbar,sit,-0.162016,0.98332,0.217648,2.03,-2.03,0.7,-54
1787066471108,259844,Lumbar,sit,-0.161528,0.984296,0.215696,2.31,-2.03,0.56,-54
1787066471108,259875,Lumbar,sit,-0.162504,0.98332,0.21228,2.59,-2.38,0.42,-54
1787066471108,259892,Lumbar,sit,-0.162504,0.984296,0.21228,2.87,-2.45,0.42,-54
1787066471108,259909,Lumbar,sit,-0.162016,0.984296,0.213256,3.08,-2.03,0.28,-54
1787066471108,259926,Lumbar,sit,-0.16104,0.984784,0.213744,3.15,-1.75,0.28,-54
1787066471108,259943,Lumbar,sit,-0.160064,0.982344,0.215208,3.36,-1.68,0.42,-54
1787066471468,260118,Lumbar,sit,-0.162016,0.990152,0.205448,3.01,-2.1,0.28,-54
1787066471468,260149,Lumbar,sit,-0.161528,0.984784,0.20496,2.66,-1.96,0.21,-54
1787066471468,260166,Lumbar,sit,-0.163968,0.984296,0.20496,2.87,-1.75,0.21,-54
1787066471468,260183,Lumbar,sit,-0.164456,0.984784,0.205936,3.01,-1.68,0.21,-54
1787066471468,260200,Lumbar,sit,-0.16348,0.984784,0.206912,3.08,-1.68,0.21,-54
1787066471468,260231,Lumbar,sit,-0.162504,0.987224,0.206424,3.22,-1.54,0.14,-54
1787066471468,260248,Lumbar,sit,-0.16348,0.987712,0.206424,3.29,-1.61,0.21,-54
1787066471468,260265,Lumbar,sit,-0.163968,0.989664,0.203496,2.94,-1.75,0.21,-54
1787066471468,260282,Lumbar,sit,-0.16348,0.988688,0.203008,2.8,-1.96,0.28,-54
1787066471468,260299,Lumbar,sit,-0.163968,0.988688,0.202032,2.73,-2.1,0.28,-54
1787066471823,260476,Lumbar,sit,-0.162992,0.9882,0.20008,2.24,-2.03,0.21,-54
1787066471823,260508,Lumbar,sit,-0.164944,0.988688,0.201056,2.24,-2.17,0.28,-54
1787066471823,260525,Lumbar,sit,-0.162504,0.989176,0.199592,1.82,-2.38,0.14,-54
1787066471823,260542,Lumbar,sit,-0.162504,0.989664,0.198128,1.19,-2.52,0.21,-54
1787066471823,260559,Lumbar,sit,-0.163968,0.990152,0.201056,1.12,-2.45,0.35,-54
1787066471823,260590,Lumbar,sit,-0.164944,0.99064,0.203008,0.7,-1.68,0.77,-54
1787066471823,260607,Lumbar,sit,-0.162992,0.987712,0.203496,0.42,-1.61,0.21,-54
1787066471823,260624,Lumbar,sit,-0.16348,0.984784,0.206912,0.56,-2.03,0,-54
1787066471823,260641,Lumbar,sit,-0.16348,0.984296,0.203496,1.33,-2.66,0.21,-54
1787066471823,260658,Lumbar,sit,-0.166408,0.99064,0.19764,1.19,-2.94,0.49,-54
1787066472181,260832,Lumbar,sit,-0.16348,0.983808,0.20984,0.21,-1.82,0.84,-54
1787066472181,260864,Lumbar,sit,-0.162504,0.98576,0.208376,0.63,-2.24,0.7,-54
1787066472181,260881,Lumbar,sit,-0.164944,0.98576,0.208864,0.63,-2.24,0.7,-54
1787066472181,260898,Lumbar,sit,-0.162504,0.988688,0.208864,0.63,-2.1,0.84,-54
1787066472181,260915,Lumbar,sit,-0.16104,0.986248,0.208864,0.42,-1.89,0.91,-54
1787066472181,260946,Lumbar,sit,-0.162016,0.986248,0.210328,0.35,-1.96,0.98,-54
1787066472181,260963,Lumbar,sit,-0.162016,0.989176,0.207888,-0.14,-2.03,0.91,-54
1787066472181,260979,Lumbar,sit,-0.16104,0.988688,0.210816,-0.35,-2.1,0.7,-54
1787066472181,260997,Lumbar,sit,-0.160064,0.984784,0.212768,-0.21,-2.1,0.49,-54
1787066472181,261013,Lumbar,sit,-0.158112,0.983808,0.21472,-0.07,-2.1,0.35,-54
1787066472539,261188,Lumbar,sit,-0.164456,0.982832,0.216184,-0.07,-1.4,0.49,-54
1787066472539,261220,Lumbar,sit,-0.162504,0.984296,0.216184,0.28,-1.47,0.35,-54
1787066472539,261237,Lumbar,sit,-0.162992,0.98576,0.215696,0.07,-1.61,0.21,-54
1787066472539,261254,Lumbar,sit,-0.161528,0.984784,0.216672,0.07,-1.68,0.14,-54
1787066472539,261271,Lumbar,sit,-0.162992,0.98332,0.217648,0.42,-1.54,0.14,-54
1787066472539,261302,Lumbar,sit,-0.162504,0.982832,0.215696,0.91,-1.47,0.21,-54
1787066472539,261319,Lumbar,sit,-0.162992,0.982832,0.215696,0.98,-1.54,0.21,-54
1787066472539,261336,Lumbar,sit,-0.162504,0.98332,0.21472,1.05,-1.68,0.28,-54
1787066472539,261353,Lumbar,sit,-0.162016,0.982832,0.21472,1.12,-1.75,0.28,-54
1787066472539,261370,Lumbar,sit,-0.162016,0.983808,0.216184,1.47,-1.82,0.28,-54
1787066472897,261546,Lumbar,sit,-0.164456,0.98332,0.223016,2.66,-2.31,0.63,-53
1787066472897,261578,Lumbar,sit,-0.166408,0.9882,0.218136,2.24,-2.1,0.63,-53
1787066472897,261595,Lumbar,sit,-0.165432,0.984296,0.216672,2.1,-2.38,0.07,-53
1787066472897,261613,Lumbar,sit,-0.164944,0.981856,0.216184,2.66,-2.8,-0.07,-53
1787066472897,261630,Lumbar,sit,-0.16592,0.981856,0.213744,3.22,-2.94,0.28,-53
1787066472897,261647,Lumbar,sit,-0.166896,0.982832,0.21472,3.22,-2.8,0.56,-53
1787066472897,261678,Lumbar,sit,-0.164944,0.984296,0.214232,3.43,-2.38,0.63,-53
1787066472897,261695,Lumbar,sit,-0.164456,0.984784,0.213256,3.57,-2.73,0.56,-53
1787066472897,261712,Lumbar,sit,-0.164456,0.98576,0.21228,3.57,-2.94,0.63,-53
1787066472897,261729,Lumbar,sit,-0.164944,0.987224,0.211792,3.43,-3.22,0.7,-53
1787066473255,261904,Lumbar,sit,-0.155672,0.98332,0.213256,3.08,-2.17,0.77,-53
1787066473255,261936,Lumbar,sit,-0.160064,0.989176,0.206912,2.8,-2.1,0.63,-53
1787066473255,261953,Lumbar,sit,-0.1586,0.989176,0.2074,2.17,-1.96,0.42,-53
1787066473255,261970,Lumbar,sit,-0.1586,0.987224,0.210328,2.1,-2.17,0.28,-53
1787066473255,261986,Lumbar,sit,-0.156648,0.983808,0.211304,2.45,-2.38,0.28,-53
1787066473255,262017,Lumbar,sit,-0.159088,0.985272,0.208864,3.57,-2.59,0.28,-53
1787066473255,262034,Lumbar,sit,-0.159576,0.986736,0.208376,3.5,-2.45,0.28,-53
1787066473255,262051,Lumbar,sit,-0.162016,0.987224,0.20984,3.36,-2.38,0.21,-53
1787066473255,262068,Lumbar,sit,-0.162992,0.989664,0.210816,3.29,-2.1,0.21,-53
1787066473255,262085,Lumbar,sit,-0.162992,0.989176,0.208864,3.01,-1.82,0.07,-53
1787066473615,262261,Lumbar,sit,-0.162504,0.989664,0.201056,2.94,-1.89,0,-53
1787066473615,262293,Lumbar,sit,-0.164456,0.989664,0.201056,2.52,-1.75,0.14,-53
1787066473615,262310,Lumbar,sit,-0.163968,0.990152,0.201056,2.24,-1.82,0.21,-53
1787066473615,262327,Lumbar,sit,-0.164944,0.990152,0.202032,2.03,-1.82,0.14,-53
1787066473615,262344,Lumbar,sit,-0.164456,0.989664,0.20252,1.75,-1.89,0.21,-53
1787066473615,262375,Lumbar,sit,-0.162992,0.986736,0.20252,1.54,-2.17,0.35,-53
1787066473615,262392,Lumbar,sit,-0.164456,0.98576,0.202032,1.68,-2.17,0.35,-53
1787066473615,262409,Lumbar,sit,-0.164944,0.986248,0.201544,1.82,-2.24,0.42,-53
1787066473615,262426,Lumbar,sit,-0.165432,0.986736,0.203496,1.96,-2.17,0.56,-53
1787066473615,262443,Lumbar,sit,-0.166408,0.987712,0.202032,2.03,-2.24,0.49,-53
1787066473968,262620,Lumbar,sit,-0.163968,0.991616,0.20008,0.91,-2.59,0.42,-54
1787066473968,262651,Lumbar,sit,-0.160064,0.986736,0.203008,1.26,-2.45,0.21,-54
1787066473968,262668,Lumbar,sit,-0.160064,0.987224,0.20496,1.33,-2.66,0.42,-54
1787066473968,262685,Lumbar,sit,-0.162016,0.988688,0.203008,0.91,-2.73,0.49,-54
1787066473968,262702,Lumbar,sit,-0.16348,0.988688,0.202032,0.14,-2.87,0.7,-54
1787066473968,262733,Lumbar,sit,-0.162504,0.985272,0.206912,0.21,-2.31,0.63,-54
1787066473968,262750,Lumbar,sit,-0.164456,0.984296,0.207888,0.7,-1.96,0.49,-54
1787066473968,262767,Lumbar,sit,-0.165432,0.986736,0.205936,0.84,-1.96,0.42,-54
1787066473968,262784,Lumbar,sit,-0.16592,0.986248,0.203984,0.91,-2.1,0.35,-54
1787066473968,262801,Lumbar,sit,-0.165432,0.986248,0.203984,0.91,-2.1,0.42,-54
1787066474326,262975,Lumbar,sit,-0.162016,0.987712,0.2074,1.19,-1.89,0.21,-54
1787066474326,263005,Lumbar,sit,-0.165432,0.988688,0.2074,0.77,-2.03,0.28,-54
1787066474326,263023,Lumbar,sit,-0.164456,0.9882,0.207888,0.7,-2.03,0.28,-54
1787066474326,263039,Lumbar,sit,-0.162504,0.987224,0.2074,0.42,-1.89,0.28,-54
1787066474326,263056,Lumbar,sit,-0.162016,0.986248,0.2074,0.14,-1.82,0.21,-54
1787066474326,263087,Lumbar,sit,-0.16348,0.98576,0.210328,0.35,-1.61,0.28,-54
1787066474326,263104,Lumbar,sit,-0.164456,0.98576,0.20984,0.35,-1.54,0.42,-54
1787066474326,263121,Lumbar,sit,-0.16592,0.986736,0.209352,0.28,-1.54,0.49,-54
1787066474326,263138,Lumbar,sit,-0.164456,0.986248,0.20984,0.21,-1.54,0.42,-54
1787066474326,263155,Lumbar,sit,-0.16348,0.986736,0.211792,0.28,-1.61,0.42,-54
1787066474679,263329,Lumbar,sit,-0.164456,0.986248,0.213744,0.14,-2.24,0.91,-54
1787066474679,263361,Lumbar,sit,-0.165432,0.98576,0.2196,0.28,-2.03,1.05,-54
1787066474679,263378,Lumbar,sit,-0.164944,0.986736,0.220576,0.7,-1.89,1.05,-54
1787066474679,263396,Lumbar,sit,-0.16348,0.986736,0.218624,0.84,-1.96,1.05,-54
1787066474679,263413,Lumbar,sit,-0.16348,0.990152,0.213256,0.77,-2.1,1.12,-54
1787066474679,263430,Lumbar,sit,-0.16348,0.99064,0.208864,0.14,-2.17,1.33,-54
1787066474679,263461,Lumbar,sit,-0.1586,0.98576,0.205936,-1.26,-1.89,0.42,-54
1787066474679,263478,Lumbar,sit,-0.15616,0.977464,0.20984,-0.91,-2.17,0.07,-54
1787066474679,263495,Lumbar,sit,-0.155672,0.97356,0.213744,0.35,-2.52,0,-54
1787066474679,263512,Lumbar,sit,-0.15616,0.976976,0.21472,1.26,-2.8,0.28,-54
1787066475039,263686,Lumbar,sit,-0.166408,0.981368,0.223504,3.01,-1.75,0.56,-52
1787066475039,263717,Lumbar,sit,-0.169336,0.987224,0.2196,3.71,-2.38,1.05,-52
1787066475039,263734,Lumbar,sit,-0.169336,0.990152,0.216184,3.78,-2.38,1.19,-52
1787066475039,263751,Lumbar,sit,-0.167384,0.993568,0.208864,3.01,-2.03,1.12,-52
1787066475039,263769,Lumbar,sit,-0.163968,0.990152,0.205936,2.45,-2.03,1.05,-52
1787066475039,263800,Lumbar,sit,-0.16348,0.9882,0.196664,1.54,-2.24,1.12,-52
1787066475039,263817,Lumbar,sit,-0.162992,0.984784,0.1952,0.35,-2.66,1.19,-52
1787066475039,263834,Lumbar,sit,-0.160064,0.981856,0.201544,-0.07,-3.01,1.12,-52
1787066475039,263851,Lumbar,sit,-0.160552,0.976976,0.21228,0.56,-3.71,0.98,-52
1787066475039,263867,Lumbar,sit,-0.155672,0.975024,0.217648,1.33,-3.92,0.98,-52
1787066475394,264042,Lumbar,sit,-0.1464,0.977952,0.217648,2.03,-1.26,-0.49,-52
1787066475394,264073,Lumbar,sit,-0.14884,0.981856,0.208864,2.94,-1.61,-0.42,-52
1787066475394,264090,Lumbar,sit,-0.152744,0.984784,0.205936,2.73,-2.1,-0.42,-52
1787066475394,264107,Lumbar,sit,-0.157136,0.984784,0.208376,2.45,-2.31,-0.42,-52
1787066475394,264124,Lumbar,sit,-0.1586,0.983808,0.216672,2.73,-2.24,-0.49,-52
1787066475394,264155,Lumbar,sit,-0.164944,0.986248,0.221552,3.36,-1.75,-0.77,-52
1787066475394,264172,Lumbar,sit,-0.166896,0.989176,0.219112,3.43,-1.61,-0.77,-52
1787066475394,264189,Lumbar,sit,-0.168848,0.99064,0.216184,3.15,-1.68,-0.91,-52
1787066475394,264206,Lumbar,sit,-0.168848,0.992104,0.211792,2.31,-1.75,-0.91,-52
1787066475394,264223,Lumbar,sit,-0.169824,0.988688,0.211304,1.47,-1.89,-0.84,-52
1787066475751,264399,Lumbar,sit,-0.167384,0.982344,0.210816,-1.19,-1.26,-0.63,-52
1787066475751,264431,Lumbar,sit,-0.171776,0.977464,0.216184,0.49,-3.01,0,-52
1787066475751,264448,Lumbar,sit,-0.168848,0.986248,0.213256,1.47,-3.01,0.49,-52
1787066475751,264465,Lumbar,sit,-0.1708,0.987224,0.213744,0.56,-2.03,0.77,-52
1787066475751,264482,Lumbar,sit,-0.171288,0.985272,0.216184,0.28,-1.75,0.98,-52
1787066475751,264513,Lumbar,sit,-0.170312,0.981856,0.218136,0.7,-1.82,0.91,-52
1787066475751,264530,Lumbar,sit,-0.1708,0.98088,0.218136,0.98,-1.96,0.77,-52
1787066475751,264547,Lumbar,sit,-0.170312,0.981368,0.220576,1.26,-2.1,0.77,-52
1787066475751,264564,Lumbar,sit,-0.167872,0.982344,0.220088,1.89,-2.38,0.77,-52
1787066475751,264581,Lumbar,sit,-0.16592,0.984296,0.219112,1.82,-2.1,0.77,-52
1787066476106,264756,Lumbar,sit,-0.161528,0.988688,0.216672,1.54,-2.17,0.49,-52
1787066476106,264787,Lumbar,sit,-0.157136,0.986248,0.215696,0.98,-1.68,0.14,-52
1787066476106,264804,Lumbar,sit,-0.15616,0.98576,0.21472,0.84,-1.75,0.07,-52
1787066476106,264821,Lumbar,sit,-0.157624,0.983808,0.215696,0.63,-1.75,0.14,-52
1787066476106,264838,Lumbar,sit,-0.160064,0.982344,0.218136,0.63,-1.68,0.35,-52
1787066476106,264868,Lumbar,sit,-0.161528,0.984784,0.218136,0.91,-1.47,0.42,-52
1787066476106,264885,Lumbar,sit,-0.162504,0.984784,0.218136,0.84,-1.47,0.35,-52
1787066476106,264902,Lumbar,sit,-0.16592,0.985272,0.218624,0.7,-1.75,0.28,-52
1787066476106,264919,Lumbar,sit,-0.16836,0.984784,0.220088,0.7,-1.96,0.21,-52
1787066476106,264936,Lumbar,sit,-0.16836,0.984296,0.221064,0.77,-2.03,0.14,-52
1787066476456,265111,Lumbar,sit,-0.16348,0.981368,0.2196,1.82,-2.24,0.14,-51
1787066476456,265142,Lumbar,sit,-0.164944,0.98332,0.217648,2.17,-1.82,0.28,-51
1787066476456,265159,Lumbar,sit,-0.162992,0.982832,0.216672,2.31,-2.31,0.07,-51
1787066476456,265176,Lumbar,sit,-0.164456,0.983808,0.219112,2.17,-2.87,0.07,-51
1787066476456,265193,Lumbar,sit,-0.166408,0.98576,0.216672,1.89,-3.15,0.21,-51
1787066476456,265224,Lumbar,sit,-0.16592,0.982344,0.22204,1.33,-2.59,0.42,-51
1787066476456,265241,Lumbar,sit,-0.167384,0.979904,0.225944,1.61,-1.96,0.49,-51
1787066476456,265258,Lumbar,sit,-0.16836,0.979904,0.223992,2.1,-1.89,0.42,-51
1787066476456,265275,Lumbar,sit,-0.167384,0.98088,0.223504,2.31,-2.03,0.35,-51
1787066476456,265292,Lumbar,sit,-0.168848,0.982832,0.221064,2.52,-2.38,0.42,-51
1787066476870,265515,Lumbar,sit,-0.16104,0.986248,0.21228,4.2,-1.68,-0.84,-51
1787066476870,265548,Lumbar,sit,-0.16836,0.987224,0.212768,3.78,-2.17,-0.84,-51
1787066476870,265565,Lumbar,sit,-0.172264,0.984296,0.214232,3.57,-2.45,-0.7,-51
1787066476870,265582,Lumbar,sit,-0.172752,0.98332,0.215696,3.92,-2.52,-0.49,-51
1787066476870,265600,Lumbar,sit,-0.174704,0.98332,0.21228,4.55,-2.24,-0.84,-51
1787066476870,265617,Lumbar,sit,-0.17568,0.983808,0.210816,3.99,-1.82,-0.84,-51
1787066476870,265648,Lumbar,sit,-0.180072,0.982344,0.211304,3.29,-0.98,-0.7,-51
1787066476870,265665,Lumbar,sit,-0.182512,0.982344,0.209352,3.36,-1.75,-0.56,-51
1787066476870,265682,Lumbar,sit,-0.182024,0.983808,0.205448,3.43,-2.17,-0.56,-51
1787066476870,265699,Lumbar,sit,-0.179096,0.987712,0.200568,3.36,-2.94,-0.07,-51
1787066477228,265875,Lumbar,sit,-0.173728,0.987712,0.205448,2.52,-1.4,-0.07,-51
1787066477228,265906,Lumbar,sit,-0.172752,0.984784,0.20252,1.75,-2.31,0.28,-51
1787066477228,265924,Lumbar,sit,-0.168848,0.986248,0.205448,2.17,-2.52,0.42,-51
1787066477228,265940,Lumbar,sit,-0.168848,0.990152,0.205936,1.96,-2.31,0.91,-51
1787066477228,265957,Lumbar,sit,-0.167872,0.988688,0.205936,1.26,-1.47,0.77,-51
1787066477228,265988,Lumbar,sit,-0.171776,0.977464,0.212768,2.03,-1.33,0.07,-51
1787066477228,266005,Lumbar,sit,-0.171776,0.982832,0.211304,3.43,-1.4,0.07,-51
1787066477228,266022,Lumbar,sit,-0.17324,0.987712,0.206912,3.43,-1.54,0,-51
1787066477228,266039,Lumbar,sit,-0.174704,0.991616,0.204472,2.45,-1.68,-0.07,-51
1787066477228,266056,Lumbar,sit,-0.171288,0.992104,0.20496,1.96,-1.33,-0.42,-51
1787066477585,266232,Lumbar,sit,-0.178608,0.980392,0.199104,0.21,-2.73,0,-49
1787066477585,266263,Lumbar,sit,-0.1708,0.975024,0.210816,0.98,-1.89,0.14,-49
1787066477585,266280,Lumbar,sit,-0.1708,0.975512,0.215696,1.82,-1.89,0.42,-49
1787066477585,266298,Lumbar,sit,-0.172264,0.97844,0.215696,2.24,-2.17,0.7,-49
1787066477585,266315,Lumbar,sit,-0.177144,0.98576,0.214232,2.17,-2.38,0.84,-49
1787066477585,266346,Lumbar,sit,-0.175192,0.98332,0.216184,1.68,-2.24,0.77,-49
1787066477585,266363,Lumbar,sit,-0.174216,0.981368,0.216184,1.96,-1.4,0.49,-49
1787066477585,266380,Lumbar,sit,-0.172264,0.979416,0.216672,2.73,-1.12,0.42,-49
1787066477585,266397,Lumbar,sit,-0.171776,0.981856,0.213256,3.64,-0.98,0.07,-49
1787066477585,266414,Lumbar,sit,-0.169336,0.984296,0.2074,3.85,-1.26,0,-49
1787066477942,266589,Lumbar,sit,-0.17324,0.991128,0.203496,2.03,-1.75,0.28,-49
1787066477942,266621,Lumbar,sit,-0.172752,0.986736,0.203496,1.26,-1.89,0.21,-49
1787066477942,266638,Lumbar,sit,-0.1708,0.986736,0.203496,1.33,-2.1,0,-49
1787066477942,266655,Lumbar,sit,-0.171288,0.986248,0.201544,1.4,-2.1,-0.07,-49
1787066477942,266672,Lumbar,sit,-0.171288,0.9882,0.201544,1.12,-2.1,-0.14,-49
1787066477942,266703,Lumbar,sit,-0.17324,0.987224,0.202032,0.42,-2.1,-0.07,-49
1787066477942,266720,Lumbar,sit,-0.17324,0.986248,0.204472,0.21,-2.17,-0.14,-49
1787066477942,266736,Lumbar,sit,-0.172264,0.984784,0.206912,0.28,-1.96,-0.21,-49
1787066477942,266753,Lumbar,sit,-0.172752,0.984296,0.2074,0.49,-1.82,-0.28,-49
1787066477942,266770,Lumbar,sit,-0.174216,0.983808,0.202032,0.49,-2.03,-0.28,-49
1787066478299,266945,Lumbar,sit,-0.18056,0.985272,0.207888,0.84,-2.8,1.26,-49
1787066478299,266976,Lumbar,sit,-0.18056,0.989664,0.203984,0.42,-2.24,1.68,-49
1787066478299,266993,Lumbar,sit,-0.177632,0.988688,0.204472,-0.28,-1.61,1.12,-49
1787066478299,267010,Lumbar,sit,-0.171776,0.987224,0.203984,-0.49,-1.68,0.28,-49
1787066478299,267027,Lumbar,sit,-0.168848,0.986248,0.205448,-0.21,-1.96,-0.07,-49
1787066478299,267058,Lumbar,sit,-0.166896,0.987712,0.20496,-0.56,-2.17,0.28,-49
1787066478299,267075,Lumbar,sit,-0.165432,0.986248,0.207888,-0.91,-2.1,0.35,-49
1787066478299,267092,Lumbar,sit,-0.164456,0.982344,0.211304,-0.42,-2.03,0.49,-49
1787066478299,267109,Lumbar,sit,-0.164944,0.98332,0.21228,-0.14,-2.1,0.56,-49
1787066478299,267126,Lumbar,sit,-0.167872,0.986736,0.215696,-0.14,-2.45,0.63,-49
1787066478657,267302,Lumbar,sit,-0.172752,0.976488,0.22204,-1.4,-2.38,0.42,-49
1787066478657,267333,Lumbar,sit,-0.170312,0.975024,0.22448,-0.49,-2.31,0.56,-49
1787066478657,267350,Lumbar,sit,-0.16836,0.97844,0.22448,0.21,-2.38,0.35,-49
1787066478657,267368,Lumbar,sit,-0.16348,0.97844,0.229848,0.77,-2.59,0,-49
1787066478657,267385,Lumbar,sit,-0.162992,0.977952,0.234728,1.4,-2.66,-0.14,-49
1787066478657,267416,Lumbar,sit,-0.16592,0.979416,0.23912,2.8,-1.68,-0.21,-49
1787066478657,267433,Lumbar,sit,-0.169336,0.982344,0.232776,2.8,-1.12,-0.21,-49
1787066478657,267450,Lumbar,sit,-0.169336,0.982344,0.227896,2.45,-0.91,-0.28,-49
1787066478657,267467,Lumbar,sit,-0.16836,0.98088,0.223504,2.1,-0.84,-0.28,-49
1787066478657,267484,Lumbar,sit,-0.166896,0.977952,0.223992,2.52,-0.42,-0.35,-49
1787066479012,267659,Lumbar,sit,-0.186416,0.983808,0.208864,3.71,-2.1,0.07,-52
1787066479012,267689,Lumbar,sit,-0.186904,0.983808,0.207888,3.15,-3.08,0.28,-52
1787066479012,267707,Lumbar,sit,-0.186416,0.984296,0.2074,3.5,-3.43,0.42,-52
1787066479012,267723,Lumbar,sit,-0.18056,0.98576,0.2074,3.5,-3.29,0.49,-52
1787066479012,267740,Lumbar,sit,-0.175192,0.988688,0.207888,3.08,-2.8,0.56,-52
1787066479012,267771,Lumbar,sit,-0.171776,0.987224,0.211304,2.52,-2.52,0.42,-52
1787066479012,267788,Lumbar,sit,-0.168848,0.987224,0.211304,2.38,-2.73,0.42,-52
1787066479012,267805,Lumbar,sit,-0.169824,0.986248,0.211304,1.82,-3.43,0.35,-52
1787066479012,267822,Lumbar,sit,-0.164944,0.98576,0.216184,1.33,-3.57,0.49,-52
1787066479012,267839,Lumbar,sit,-0.167384,0.98576,0.217648,0.77,-3.22,0.91,-52
1787066479369,268014,Lumbar,sit,-0.179584,0.984784,0.218136,2.87,-1.68,0.56,-52
1787066479369,268045,Lumbar,sit,-0.171776,0.98332,0.215208,2.52,-1.96,0.28,-52
1787066479369,268062,Lumbar,sit,-0.169336,0.98332,0.210328,2.03,-2.1,0.35,-52
1787066479369,268079,Lumbar,sit,-0.167384,0.981368,0.208376,1.47,-2.17,0.77,-52
1787066479369,268096,Lumbar,sit,-0.162504,0.977464,0.2074,1.12,-2.17,1.19,-52
1787066479369,268127,Lumbar,sit,-0.163968,0.976976,0.208864,2.66,-2.38,1.12,-52
1787066479369,268144,Lumbar,sit,-0.169336,0.983808,0.20984,3.71,-2.87,0.91,-52
1787066479369,268161,Lumbar,sit,-0.174216,0.987224,0.21228,4.2,-3.29,0.91,-52
1787066479369,268178,Lumbar,sit,-0.176168,0.99064,0.20984,3.78,-3.36,0.91,-52
1787066479369,268195,Lumbar,sit,-0.174704,0.992104,0.206912,3.22,-3.29,1.05,-52
1787066479726,268371,Lumbar,sit,-0.176168,0.986248,0.215208,3.64,-1.68,0.14,-52
1787066479726,268402,Lumbar,sit,-0.17324,0.989664,0.211304,2.73,-1.26,-0.14,-52
1787066479726,268419,Lumbar,sit,-0.171288,0.987712,0.207888,1.75,-1.54,0,-52
1787066479726,268436,Lumbar,sit,-0.168848,0.982344,0.210328,1.05,-1.75,0.49,-52
1787066479726,268453,Lumbar,sit,-0.168848,0.979904,0.210816,1.33,-1.75,1.05,-52
1787066479726,268484,Lumbar,sit,-0.169824,0.980392,0.208864,3.29,-1.68,0.49,-52
1787066479726,268501,Lumbar,sit,-0.172752,0.98576,0.208864,3.64,-1.75,-0.21,-52
1787066479726,268518,Lumbar,sit,-0.173728,0.9882,0.2074,3.5,-1.82,-0.49,-52
1787066479726,268535,Lumbar,sit,-0.176168,0.991128,0.206424,2.73,-1.82,-0.35,-52
1787066479726,268552,Lumbar,sit,-0.177144,0.991128,0.20252,1.96,-1.82,0.07,-52
1787066480081,268727,Lumbar,sit,-0.176656,0.986248,0.21472,1.05,-2.94,0.98,-52
1787066480081,268757,Lumbar,sit,-0.173728,0.98576,0.221552,0.98,-2.8,0.84,-52
1787066480081,268774,Lumbar,sit,-0.172752,0.9882,0.217648,0.98,-2.59,0.91,-52
1787066480081,268792,Lumbar,sit,-0.170312,0.988688,0.214232,0.49,-2.17,1.12,-52
1787066480081,268809,Lumbar,sit,-0.167872,0.989664,0.20984,0.28,-2.1,1.26,-52
1787066480081,268840,Lumbar,sit,-0.162992,0.984784,0.2074,-0.14,-2.1,1.12,-52
1787066480081,268857,Lumbar,sit,-0.16104,0.98088,0.208376,0,-2.17,0.77,-52
1787066480081,268874,Lumbar,sit,-0.164944,0.977952,0.20984,0.56,-2.73,0.84,-52
1787066480081,268891,Lumbar,sit,-0.163968,0.981856,0.208864,1.26,-2.8,1.05,-52
1787066480081,268908,Lumbar,sit,-0.164944,0.9882,0.208376,1.12,-2.52,1.12,-52
1787066480441,269082,Lumbar,sit,-0.17324,0.98576,0.218624,1.05,-1.33,0.07,-52
1787066480441,269113,Lumbar,sit,-0.1708,0.984784,0.217648,0,-1.12,-0.07,-52
1787066480441,269130,Lumbar,sit,-0.168848,0.982344,0.216672,0.21,-1.12,0.07,-52
1787066480441,269147,Lumbar,sit,-0.163968,0.981368,0.214232,0.42,-1.19,0.49,-52
1787066480441,269164,Lumbar,sit,-0.16348,0.982344,0.215208,0.56,-1.61,0.77,-52
1787066480441,269195,Lumbar,sit,-0.166408,0.984296,0.214232,0.35,-2.24,0.7,-52
1787066480441,269212,Lumbar,sit,-0.167872,0.985272,0.21716,0.28,-2.52,0.21,-52
1787066480441,269229,Lumbar,sit,-0.16592,0.98576,0.223016,0.56,-2.52,-0.28,-52
1787066480441,269246,Lumbar,sit,-0.164944,0.982344,0.225456,0.84,-2.03,-0.56,-52
1787066480441,269263,Lumbar,sit,-0.165432,0.981368,0.227896,1.12,-1.82,-0.56,-52
1787066480798,269438,Lumbar,sit,-0.171288,0.989176,0.223992,0.84,-1.05,0.14,-52
1787066480798,269470,Lumbar,sit,-0.16836,0.986248,0.223016,-0.49,-2.03,0.35,-52
1787066480798,269487,Lumbar,sit,-0.169336,0.98088,0.223504,-0.49,-2.31,0.56,-52
1787066480798,269505,Lumbar,sit,-0.168848,0.978928,0.223504,0,-2.24,0.63,-52
1787066480798,269522,Lumbar,sit,-0.169824,0.979416,0.22204,0.49,-1.89,0.56,-52
1787066480798,269539,Lumbar,sit,-0.169824,0.98088,0.222528,0.63,-1.61,0.42,-52
1787066480798,269569,Lumbar,sit,-0.166896,0.979416,0.224968,0.7,-1.4,0.28,-52
1787066480798,269586,Lumbar,sit,-0.166896,0.978928,0.227408,0.77,-1.47,0.21,-52
1787066480798,269603,Lumbar,sit,-0.16592,0.97844,0.227896,0.84,-1.47,0.21,-52
1787066480798,269620,Lumbar,sit,-0.167872,0.97844,0.227408,1.26,-1.68,0.14,-52
1787066481154,269796,Lumbar,sit,-0.16836,0.975512,0.224968,2.59,-3.22,0.21,-52
1787066481154,269828,Lumbar,sit,-0.1708,0.979904,0.223016,3.36,-2.87,0.7,-52
1787066481154,269845,Lumbar,sit,-0.171288,0.984784,0.224968,3.43,-2.24,0.56,-52
1787066481154,269863,Lumbar,sit,-0.168848,0.98576,0.22448,3.22,-2.17,0.42,-52
1787066481154,269880,Lumbar,sit,-0.16836,0.986736,0.22448,3.08,-2.59,0.21,-52
1787066481154,269897,Lumbar,sit,-0.171288,0.986736,0.224968,2.8,-3.29,0.35,-52
1787066481154,269928,Lumbar,sit,-0.17324,0.984296,0.221064,1.61,-3.43,0.7,-52
1787066481154,269945,Lumbar,sit,-0.171776,0.981368,0.221064,1.47,-2.66,0.84,-52
1787066481154,269962,Lumbar,sit,-0.168848,0.977952,0.225944,1.68,-2.24,0.77,-52
1787066481154,269979,Lumbar,sit,-0.166896,0.977952,0.226432,2.31,-1.75,0.63,-52
1787066481513,270154,Lumbar,sit,-0.166408,0.981856,0.222528,1.75,-2.45,0.07,-52
1787066481513,270185,Lumbar,sit,-0.163968,0.980392,0.223992,2.87,-2.31,0.28,-52
1787066481513,270202,Lumbar,sit,-0.164944,0.983808,0.22204,2.8,-2.17,0.35,-52
1787066481513,270219,Lumbar,sit,-0.163968,0.985272,0.22204,2.73,-2.17,0.35,-52
1787066481513,270236,Lumbar,sit,-0.163968,0.986736,0.220088,2.59,-2.17,0.28,-52
1787066481513,270267,Lumbar,sit,-0.164456,0.984784,0.219112,2.45,-2.45,0.28,-52
1787066481513,270284,Lumbar,sit,-0.164456,0.982832,0.218624,2.45,-2.45,0.35,-52
1787066481513,270301,Lumbar,sit,-0.166408,0.982344,0.217648,2.52,-2.45,0.35,-52
1787066481513,270318,Lumbar,sit,-0.167384,0.982832,0.218136,2.59,-2.38,0.42,-52
1787066481513,270335,Lumbar,sit,-0.167872,0.983808,0.216184,2.59,-2.03,0.42,-52
1787066481868,270510,Lumbar,sit,-0.166896,0.984784,0.216184,2.52,-2.1,0.28,-52
1787066481868,270541,Lumbar,sit,-0.166408,0.98576,0.214232,2.1,-2.52,0.21,-52
1787066481868,270559,Lumbar,sit,-0.165432,0.98576,0.21472,2.1,-2.45,0.42,-52
1787066481868,270576,Lumbar,sit,-0.16592,0.987712,0.214232,2.17,-2.24,0.56,-52
1787066481868,270593,Lumbar,sit,-0.162992,0.987224,0.213256,1.75,-1.96,0.56,-52
1787066481868,270610,Lumbar,sit,-0.162016,0.981368,0.21472,1.61,-1.82,0,-52
1787066481868,270641,Lumbar,sit,-0.16348,0.980392,0.217648,2.73,-2.45,-0.21,-52
1787066481868,270658,Lumbar,sit,-0.165432,0.985272,0.214232,3.01,-2.59,0.14,-52
1787066481868,270675,Lumbar,sit,-0.167384,0.99064,0.21472,2.1,-2.45,0.28,-52
1787066481868,270692,Lumbar,sit,-0.16836,0.99064,0.213256,1.68,-2.38,0.35,-52
1787066482227,270866,Lumbar,sit,-0.1708,0.98332,0.213744,1.47,-2.24,0.7,-52
1787066482227,270898,Lumbar,sit,-0.167384,0.984296,0.214232,1.68,-1.96,0.63,-52
1787066482227,270915,Lumbar,sit,-0.164944,0.984784,0.215696,1.68,-1.68,0.56,-52
1787066482227,270933,Lumbar,sit,-0.16348,0.983808,0.2196,1.75,-1.82,0.7,-52
1787066482227,270950,Lumbar,sit,-0.167384,0.987224,0.214232,1.61,-1.96,0.77,-52
1787066482227,270967,Lumbar,sit,-0.168848,0.989176,0.215208,0.84,-2.17,0.7,-52
1787066482227,270998,Lumbar,sit,-0.160552,0.98576,0.21472,0.63,-2.1,0.56,-52
1787066482227,271015,Lumbar,sit,-0.161528,0.982344,0.216184,0.98,-2.03,0.35,-52
1787066482227,271032,Lumbar,sit,-0.162016,0.981856,0.216672,1.4,-1.96,0.35,-52
1787066482227,271049,Lumbar,sit,-0.162016,0.984784,0.215696,1.47,-1.89,0.35,-52
1787066482585,271224,Lumbar,sit,-0.167872,0.983808,0.218136,0.49,-1.61,0.28,-54
1787066482585,271256,Lumbar,sit,-0.167872,0.98332,0.218136,0.49,-1.68,0.42,-54
1787066482585,271273,Lumbar,sit,-0.170312,0.983808,0.2196,0.63,-1.61,0.28,-54
1787066482585,271291,Lumbar,sit,-0.170312,0.982832,0.220576,0.42,-1.47,0.35,-54
1787066482585,271308,Lumbar,sit,-0.171288,0.984784,0.22204,0.42,-1.4,0.42,-54
1787066482585,271325,Lumbar,sit,-0.1708,0.985272,0.22204,0.35,-1.4,0.35,-54
1787066482585,271356,Lumbar,sit,-0.166408,0.986736,0.221552,-0.28,-1.54,0.14,-54
1787066482585,271373,Lumbar,sit,-0.166408,0.986248,0.219112,-0.63,-1.75,0,-54
1787066482585,271390,Lumbar,sit,-0.168848,0.984784,0.218136,-0.63,-1.82,0.21,-54
1787066482585,271407,Lumbar,sit,-0.16836,0.984784,0.218624,-0.7,-1.75,0.63,-54
1787066482943,271583,Lumbar,sit,-0.16836,0.985272,0.22204,0.7,-2.52,0.35,-54
1787066482943,271614,Lumbar,sit,-0.167872,0.97844,0.22692,0.28,-2.17,0.63,-54
1787066482943,271632,Lumbar,sit,-0.16836,0.976488,0.227408,0.84,-1.54,0.63,-54
1787066482943,271649,Lumbar,sit,-0.169336,0.977464,0.223992,1.54,-1.61,0.49,-54
1787066482943,271666,Lumbar,sit,-0.169336,0.977952,0.220576,1.96,-2.17,0.56,-54
1787066482943,271683,Lumbar,sit,-0.1708,0.977952,0.2196,2.1,-2.87,0.7,-54
1787066482943,271714,Lumbar,sit,-0.169336,0.981368,0.222528,2.52,-2.87,0.7,-54
1787066482943,271731,Lumbar,sit,-0.16836,0.981368,0.223992,2.52,-2.59,0.7,-54
1787066482943,271748,Lumbar,sit,-0.16836,0.979416,0.228872,2.52,-2.66,0.77,-54
1787066482943,271765,Lumbar,sit,-0.168848,0.982344,0.22692,2.73,-2.52,0.91,-54
1787066483299,271939,Lumbar,sit,-0.161528,0.982832,0.224968,2.66,-2.24,0.28,-54
1787066483299,271971,Lumbar,sit,-0.165432,0.984784,0.2196,2.52,-2.45,0.63,-54
1787066483299,271988,Lumbar,sit,-0.166896,0.983808,0.2196,2.38,-2.31,0.7,-54
1787066483299,272006,Lumbar,sit,-0.167384,0.982832,0.220088,2.38,-2.1,0.49,-54
1787066483299,272023,Lumbar,sit,-0.16592,0.981368,0.220576,2.52,-1.96,0.49,-54
1787066483299,272040,Lumbar,sit,-0.166408,0.98332,0.221064,2.73,-1.89,0.35,-54
1787066483299,272071,Lumbar,sit,-0.167384,0.982832,0.220088,2.73,-2.17,0.28,-54
1787066483299,272088,Lumbar,sit,-0.169336,0.982344,0.2196,3.01,-2.24,0.35,-54
1787066483299,272105,Lumbar,sit,-0.167872,0.985272,0.219112,3.01,-2.24,0.42,-54
1787066483299,272122,Lumbar,sit,-0.16592,0.984784,0.219112,2.66,-2.17,0.49,-54
1787066483656,272297,Lumbar,sit,-0.16592,0.989176,0.215208,2.66,-2.31,0.42,-54
1787066483656,272328,Lumbar,sit,-0.164944,0.982344,0.216672,2.59,-2.1,0.28,-54
1787066483656,272345,Lumbar,sit,-0.165432,0.982344,0.218136,2.73,-2.24,0.21,-54
1787066483656,272362,Lumbar,sit,-0.166408,0.984296,0.215208,2.87,-2.52,0.14,-54
1787066483656,272379,Lumbar,sit,-0.167872,0.984296,0.212768,2.52,-2.52,0.21,-54
1787066483656,272410,Lumbar,sit,-0.167872,0.982832,0.21716,2.45,-2.03,0.35,-54
1787066483656,272427,Lumbar,sit,-0.169824,0.98332,0.217648,2.8,-1.68,0.42,-54
1787066483656,272444,Lumbar,sit,-0.1708,0.982344,0.215208,2.94,-2.03,0.35,-54
1787066483656,272460,Lumbar,sit,-0.171288,0.98332,0.21472,3.01,-2.31,0.28,-54
1787066483656,272477,Lumbar,sit,-0.171776,0.98332,0.215208,3.01,-2.31,0.49,-54
1787066484012,272652,Lumbar,sit,-0.16348,0.984784,0.21228,3.5,-1.75,0.14,-54
1787066484012,272683,Lumbar,sit,-0.164944,0.9882,0.210328,3.29,-1.68,0.21,-54
1787066484012,272700,Lumbar,sit,-0.163968,0.988688,0.208864,2.94,-1.68,0.21,-54
1787066484012,272717,Lumbar,sit,-0.163968,0.986736,0.207888,2.45,-1.68,0.14,-54
1787066484012,272734,Lumbar,sit,-0.164944,0.984296,0.2074,2.59,-1.96,0.14,-54
1787066484012,272765,Lumbar,sit,-0.16836,0.984296,0.2074,2.87,-1.89,0.14,-54
1787066484012,272782,Lumbar,sit,-0.167872,0.984784,0.206912,3.15,-1.54,0.07,-54
1787066484012,272799,Lumbar,sit,-0.167384,0.985272,0.206912,3.01,-1.47,0.07,-54
1787066484012,272816,Lumbar,sit,-0.16836,0.987224,0.206912,2.87,-1.47,0,-54
1787066484012,272833,Lumbar,sit,-0.168848,0.987224,0.206912,2.87,-1.47,0,-54
1787066484369,273007,Lumbar,sit,-0.167872,0.98576,0.210816,0.91,-1.96,0.49,-54
1787066484369,273039,Lumbar,sit,-0.166896,0.98576,0.20984,0.77,-2.1,0.63,-54
1787066484369,273056,Lumbar,sit,-0.16592,0.987224,0.2074,0.7,-2.38,0.77,-54
1787066484369,273074,Lumbar,sit,-0.165432,0.987712,0.20496,0.42,-2.59,1.05,-54
1787066484369,273091,Lumbar,sit,-0.16592,0.98576,0.206424,0.28,-2.59,1.19,-54
1787066484369,273108,Lumbar,sit,-0.167872,0.984784,0.207888,0.21,-2.52,1.4,-54
1787066484369,273139,Lumbar,sit,-0.170312,0.986248,0.210328,0,-2.38,1.68,-54
1787066484369,273156,Lumbar,sit,-0.1708,0.98576,0.208864,-0.28,-2.59,1.68,-54
1787066484369,273173,Lumbar,sit,-0.170312,0.98332,0.208864,-0.56,-2.66,1.75,-54
1787066484369,273190,Lumbar,sit,-0.171776,0.984784,0.210328,-0.49,-2.38,2.03,-54
1787066484727,273365,Lumbar,sit,-0.152744,0.989176,0.212768,0.28,-2.03,0.49,-54
1787066484727,273397,Lumbar,sit,-0.159576,0.987224,0.216184,-1.82,-2.31,0.42,-54
1787066484727,273414,Lumbar,sit,-0.160064,0.98576,0.220088,-1.54,-2.45,0.49,-54
1787066484727,273431,Lumbar,sit,-0.160064,0.982832,0.221552,-1.19,-2.38,0.49,-54
1787066484727,273447,Lumbar,sit,-0.16104,0.984296,0.220576,-0.7,-2.24,0.28,-54
1787066484727,273478,Lumbar,sit,-0.160552,0.98576,0.220088,-0.56,-2.03,-0.14,-54
1787066484727,273495,Lumbar,sit,-0.16348,0.98576,0.22204,-0.49,-1.68,-0.21,-54
1787066484727,273512,Lumbar,sit,-0.163968,0.9882,0.220576,-0.7,-1.68,-0.42,-54
1787066484727,273529,Lumbar,sit,-0.162504,0.986736,0.223016,-1.05,-1.68,-0.49,-54
1787066484727,273546,Lumbar,sit,-0.162504,0.985272,0.225456,-1.12,-1.61,-0.35,-54
1787066485085,273722,Lumbar,sit,-0.168848,0.987224,0.232288,-1.12,-1.75,-0.35,-51
1787066485085,273753,Lumbar,sit,-0.162016,0.983808,0.23424,-1.75,-0.91,-0.7,-51
1787066485085,273770,Lumbar,sit,-0.159576,0.979416,0.233752,-2.1,-0.77,-0.7,-51
1787066485085,273788,Lumbar,sit,-0.162504,0.972584,0.233264,-2.1,-0.35,-0.84,-51
1787066485085,273805,Lumbar,sit,-0.165432,0.970632,0.235704,-1.26,-0.56,-0.56,-51
1787066485085,273836,Lumbar,sit,-0.168848,0.977952,0.237656,0.07,-1.05,-0.14,-51
1787066485085,273853,Lumbar,sit,-0.168848,0.979904,0.237168,0.14,-1.12,0.07,-51
1787066485085,273870,Lumbar,sit,-0.171776,0.980392,0.237656,0.14,-1.19,0.07,-51
1787066485085,273887,Lumbar,sit,-0.172264,0.979416,0.23668,0.14,-1.54,0,-51
1787066485085,273904,Lumbar,sit,-0.173728,0.977952,0.237168,0.07,-1.54,0.14,-51
1787066485440,274080,Lumbar,sit,-0.169824,0.979416,0.237656,3.43,-2.94,0.56,-51
1787066485440,274111,Lumbar,sit,-0.171288,0.981368,0.238632,3.43,-2.8,0.63,-51
1787066485440,274128,Lumbar,sit,-0.168848,0.982344,0.23668,3.22,-2.52,0.98,-51
1787066485440,274145,Lumbar,sit,-0.16836,0.984784,0.232288,2.66,-1.96,1.05,-51
1787066485440,274162,Lumbar,sit,-0.164456,0.981856,0.22936,1.89,-1.89,0.63,-51
1787066485440,274193,Lumbar,sit,-0.16104,0.974048,0.236192,2.1,-2.8,0.21,-51
1787066485440,274210,Lumbar,sit,-0.161528,0.976976,0.235216,3.22,-2.8,0.49,-51
1787066485440,274227,Lumbar,sit,-0.161528,0.977952,0.235704,3.43,-2.38,0.77,-51
1787066485440,274244,Lumbar,sit,-0.164456,0.981856,0.235704,3.5,-2.17,0.77,-51
1787066485440,274261,Lumbar,sit,-0.16592,0.982344,0.2318,3.43,-2.17,0.77,-51
1787066485799,274435,Lumbar,sit,-0.169336,0.982344,0.228384,3.08,-2.66,0.35,-51
1787066485799,274466,Lumbar,sit,-0.171288,0.98088,0.227896,2.73,-2.45,0.35,-51
1787066485799,274484,Lumbar,sit,-0.169336,0.977464,0.232776,2.94,-2.45,0.56,-51
1787066485799,274501,Lumbar,sit,-0.169336,0.98088,0.232776,3.57,-2.24,0.63,-51
1787066485799,274518,Lumbar,sit,-0.169824,0.983808,0.230336,3.64,-2.24,0.35,-51
1787066485799,274549,Lumbar,sit,-0.16592,0.9882,0.223992,2.24,-2.24,0.07,-51
1787066485799,274566,Lumbar,sit,-0.164456,0.986248,0.22448,1.82,-2.31,-0.07,-51
1787066485799,274583,Lumbar,sit,-0.164944,0.981368,0.22692,1.89,-2.31,0,-51
1787066485799,274600,Lumbar,sit,-0.166896,0.980392,0.22692,2.1,-2.24,0.28,-51
1787066485799,274617,Lumbar,sit,-0.166896,0.979904,0.226432,2.31,-2.24,0.35,-51
1787066486156,274793,Lumbar,sit,-0.1708,0.981368,0.228384,2.94,-2.17,0.35,-51
1787066486156,274824,Lumbar,sit,-0.170312,0.983808,0.224968,2.73,-2.24,0.35,-51
1787066486156,274841,Lumbar,sit,-0.169824,0.984784,0.223992,2.66,-2.03,0.35,-51
1787066486156,274859,Lumbar,sit,-0.16836,0.983808,0.223504,2.66,-1.75,0.35,-51
1787066486156,274876,Lumbar,sit,-0.169824,0.98332,0.222528,2.52,-1.68,0.42,-51
1787066486156,274907,Lumbar,sit,-0.167872,0.98332,0.221552,2.38,-1.75,0.42,-51
1787066486156,274924,Lumbar,sit,-0.16592,0.982832,0.222528,2.45,-1.82,0.42,-51
1787066486156,274941,Lumbar,sit,-0.166408,0.983808,0.220576,2.45,-1.96,0.35,-51
1787066486156,274958,Lumbar,sit,-0.165432,0.982832,0.220576,2.24,-2.03,0.42,-51
1787066486156,274975,Lumbar,sit,-0.165432,0.981368,0.221064,2.31,-1.96,0.42,-51
1787066486511,275150,Lumbar,sit,-0.169824,0.979416,0.213256,1.68,-1.61,-0.7,-51
1787066486511,275181,Lumbar,sit,-0.172752,0.976976,0.220576,4.2,-1.75,-0.21,-51
1787066486511,275198,Lumbar,sit,-0.174216,0.986248,0.21716,4.13,-1.68,-0.14,-51
1787066486511,275215,Lumbar,sit,-0.177632,0.989664,0.213256,3.5,-1.61,0,-51
1787066486511,275232,Lumbar,sit,-0.174704,0.984784,0.210816,3.15,-1.96,0.14,-51
1787066486511,275262,Lumbar,sit,-0.172752,0.98332,0.213744,3.01,-1.89,0.35,-51
1787066486511,275279,Lumbar,sit,-0.174216,0.985272,0.21472,2.87,-1.82,0.49,-51
1787066486511,275296,Lumbar,sit,-0.174704,0.984296,0.21716,2.52,-1.75,0.49,-51
1787066486511,275313,Lumbar,sit,-0.17568,0.982344,0.218136,2.73,-1.33,0.49,-51
1787066486511,275330,Lumbar,sit,-0.174216,0.98332,0.21716,2.94,-1.12,0.28,-51
1787066486869,275505,Lumbar,sit,-0.173728,0.989176,0.202032,2.87,-1.61,-0.42,-51
1787066486869,275536,Lumbar,sit,-0.1708,0.984296,0.2074,2.87,-1.54,-0.7,-51
1787066486869,275553,Lumbar,sit,-0.16836,0.982344,0.203496,3.36,-1.54,-0.98,-51
1787066486869,275570,Lumbar,sit,-0.171288,0.982344,0.203984,3.57,-1.47,-0.91,-51
1787066486869,275587,Lumbar,sit,-0.173728,0.982344,0.203984,3.43,-1.47,-0.56,-51
1787066486869,275618,Lumbar,sit,-0.17568,0.9882,0.203008,2.87,-1.75,-0.35,-51
1787066486869,275635,Lumbar,sit,-0.17568,0.987712,0.20252,2.59,-1.89,-0.42,-51
1787066486869,275652,Lumbar,sit,-0.176168,0.98576,0.20252,2.52,-1.82,-0.63,-51
1787066486869,275669,Lumbar,sit,-0.177632,0.986248,0.203008,2.59,-1.75,-0.63,-51
1787066486869,275686,Lumbar,sit,-0.177144,0.986736,0.201056,2.45,-1.61,-0.56,-51
1787066487226,275862,Lumbar,sit,-0.179584,0.986248,0.210328,0.91,-2.87,0.91,-51
1787066487226,275894,Lumbar,sit,-0.184952,0.9882,0.210328,0.49,-3.29,0.98,-51
1787066487226,275911,Lumbar,sit,-0.182024,0.987712,0.2074,-0.28,-3.36,1.19,-51
1787066487226,275928,Lumbar,sit,-0.181048,0.988688,0.206912,-0.77,-3.15,1.47,-51
1787066487226,275945,Lumbar,sit,-0.17812,0.985272,0.206424,-0.84,-3.01,1.54,-51
1787066487226,275976,Lumbar,sit,-0.177144,0.983808,0.2074,-0.84,-2.38,1.4,-51
1787066487226,275993,Lumbar,sit,-0.176656,0.98332,0.208376,-0.77,-2.31,1.4,-51
1787066487226,276010,Lumbar,sit,-0.176656,0.982832,0.208864,-0.49,-2.45,1.33,-51
1787066487226,276027,Lumbar,sit,-0.17568,0.98576,0.205936,-0.28,-2.59,1.12,-51
1787066487226,276045,Lumbar,sit,-0.175192,0.984784,0.204472,-0.35,-2.87,0.98,-51
1787066487586,276221,Lumbar,sit,-0.169824,0.976976,0.216672,-0.14,-1.96,0.56,-51
1787066487586,276251,Lumbar,sit,-0.172752,0.983808,0.2196,0.42,-2.31,0.63,-51
1787066487586,276269,Lumbar,sit,-0.172752,0.985272,0.219112,-0.14,-2.45,0.77,-51
1787066487586,276286,Lumbar,sit,-0.17324,0.985272,0.220088,-0.56,-2.31,0.84,-51
1787066487586,276303,Lumbar,sit,-0.174216,0.979416,0.221552,-0.49,-2.17,0.84,-51
1787066487586,276334,Lumbar,sit,-0.174216,0.979904,0.221552,0.21,-1.96,0.77,-51
1787066487586,276351,Lumbar,sit,-0.171776,0.981368,0.221552,0.35,-1.82,0.56,-51
1787066487586,276368,Lumbar,sit,-0.173728,0.98088,0.221552,0.63,-1.82,0.56,-51
1787066487586,276385,Lumbar,sit,-0.172752,0.98332,0.220088,0.91,-1.75,0.42,-51
1787066487586,276402,Lumbar,sit,-0.172752,0.98332,0.219112,0.7,-1.82,0.35,-51
1787066487946,276578,Lumbar,sit,-0.174216,0.984784,0.224968,-0.07,-2.24,0.49,-51
1787066487946,276610,Lumbar,sit,-0.170312,0.982344,0.226432,-0.42,-1.75,0.28,-51
1787066487946,276627,Lumbar,sit,-0.171776,0.981368,0.226432,-0.7,-1.82,0.21,-51
1787066487946,276645,Lumbar,sit,-0.173728,0.979904,0.226432,-0.7,-1.89,0.35,-51
1787066487946,276662,Lumbar,sit,-0.174216,0.977464,0.227408,-0.42,-1.89,0.49,-51
1787066487946,276679,Lumbar,sit,-0.174216,0.979416,0.227408,-0.07,-1.75,0.63,-51
1787066487946,276710,Lumbar,sit,-0.173728,0.978928,0.229848,0.35,-1.61,0.56,-51
1787066487946,276727,Lumbar,sit,-0.173728,0.979904,0.227896,0.42,-1.61,0.49,-51
1787066487946,276744,Lumbar,sit,-0.171288,0.977952,0.228384,0.49,-1.68,0.35,-51
1787066487946,276761,Lumbar,sit,-0.171288,0.97844,0.227408,0.91,-1.82,0.28,-51
1787066488303,276937,Lumbar,sit,-0.1708,0.980392,0.22936,1.96,-2.52,0.42,-51
1787066488303,276969,Lumbar,sit,-0.1708,0.979904,0.229848,2.31,-2.8,0.42,-51
1787066488303,276985,Lumbar,sit,-0.171776,0.979904,0.230336,2.31,-2.66,0.77,-51
1787066488303,277003,Lumbar,sit,-0.17324,0.982344,0.228384,1.96,-2.45,0.77,-51
1787066488303,277020,Lumbar,sit,-0.169824,0.979904,0.228384,1.47,-2.38,0.35,-51
1787066488303,277051,Lumbar,sit,-0.1708,0.975512,0.231312,2.17,-2.94,0.21,-51
1787066488303,277068,Lumbar,sit,-0.172752,0.976488,0.229848,3.08,-3.08,0.35,-51
1787066488303,277085,Lumbar,sit,-0.17324,0.98088,0.230824,3.29,-2.73,0.56,-51
1787066488303,277102,Lumbar,sit,-0.172264,0.984296,0.230336,3.29,-2.17,0.49,-51
1787066488303,277118,Lumbar,sit,-0.172264,0.98576,0.225944,3.08,-2.24,0.28,-51
1787066488663,277295,Lumbar,sit,-0.170312,0.984296,0.225456,2.66,-2.52,0.56,-58
1787066488663,277326,Lumbar,sit,-0.1708,0.981368,0.226432,2.52,-2.45,0.56,-58
1787066488663,277343,Lumbar,sit,-0.170312,0.978928,0.227408,2.73,-2.38,0.7,-58
1787066488663,277361,Lumbar,sit,-0.172264,0.981368,0.223992,2.87,-2.38,0.77,-58
1787066488663,277378,Lumbar,sit,-0.171776,0.984296,0.223992,2.52,-2.38,0.63,-58
1787066488663,277395,Lumbar,sit,-0.16836,0.984784,0.222528,1.96,-2.45,0.28,-58
1787066488663,277426,Lumbar,sit,-0.166896,0.977952,0.227896,2.31,-2.38,0.14,-58
1787066488663,277443,Lumbar,sit,-0.169336,0.979416,0.226432,3.01,-2.24,0.21,-58
1787066488663,277460,Lumbar,sit,-0.171776,0.981856,0.222528,3.08,-2.45,0.35,-58
1787066488663,277477,Lumbar,sit,-0.172264,0.982832,0.22204,3.01,-2.66,0.35,-58
1787066489023,277654,Lumbar,sit,-0.17324,0.983808,0.220088,2.17,-2.17,0.28,-58
1787066489023,277686,Lumbar,sit,-0.171288,0.984296,0.223504,2.1,-1.89,0.21,-58
1787066489023,277703,Lumbar,sit,-0.169336,0.983808,0.223016,2.1,-1.89,0.28,-58
1787066489023,277721,Lumbar,sit,-0.1708,0.983808,0.220576,2.03,-1.75,0.28,-58
1787066489023,277738,Lumbar,sit,-0.171776,0.984784,0.2196,1.61,-1.89,0.42,-58
1787066489023,277755,Lumbar,sit,-0.1708,0.98332,0.220576,1.54,-1.96,0.42,-58
1787066489023,277786,Lumbar,sit,-0.171776,0.98332,0.218624,1.54,-1.96,0.35,-58
1787066489023,277803,Lumbar,sit,-0.172264,0.98332,0.219112,1.26,-1.96,0.42,-58
1787066489023,277820,Lumbar,sit,-0.172264,0.982832,0.220088,1.19,-1.89,0.35,-58
1787066489023,277837,Lumbar,sit,-0.171776,0.982832,0.22204,1.26,-1.82,0.21,-58
1787066489376,278011,Lumbar,sit,-0.174704,0.984296,0.221064,-0.35,-1.75,0.63,-58
1787066489376,278043,Lumbar,sit,-0.1708,0.979416,0.223992,0,-1.47,0.42,-58
1787066489376,278060,Lumbar,sit,-0.171776,0.98088,0.224968,0,-1.75,0.7,-58
1787066489376,278077,Lumbar,sit,-0.17324,0.984784,0.22692,-0.35,-1.89,0.7,-58
1787066489376,278093,Lumbar,sit,-0.174704,0.987712,0.229848,-1.12,-1.68,0.84,-58
1787066489376,278124,Lumbar,sit,-0.172752,0.98576,0.230824,-2.1,-1.33,0.91,-58
1787066489376,278141,Lumbar,sit,-0.171288,0.984784,0.227408,-2.59,-1.4,0.84,-58
1787066489376,278158,Lumbar,sit,-0.171288,0.982344,0.225944,-2.87,-1.4,0.7,-58
1787066489376,278175,Lumbar,sit,-0.171288,0.978928,0.225944,-2.87,-1.54,0.63,-58
1787066489376,278192,Lumbar,sit,-0.170312,0.975024,0.2318,-2.66,-1.75,0.7,-58
1787066489734,278367,Lumbar,sit,-0.17324,0.976488,0.242536,0,-2.1,0.84,-53
1787066489734,278399,Lumbar,sit,-0.17324,0.977952,0.240584,0,-2.94,1.19,-53
1787066489734,278416,Lumbar,sit,-0.1708,0.979416,0.242048,0.14,-2.94,1.4,-53
1787066489734,278434,Lumbar,sit,-0.16592,0.978928,0.242536,0.21,-2.24,1.68,-53
1787066489734,278451,Lumbar,sit,-0.16592,0.976488,0.243512,0.28,-1.12,1.68,-53
1787066489734,278468,Lumbar,sit,-0.16836,0.972584,0.24156,0.49,-0.98,1.68,-53
1787066489734,278500,Lumbar,sit,-0.167872,0.971608,0.232288,2.24,-2.66,1.47,-53
1787066489734,278517,Lumbar,sit,-0.166896,0.970632,0.22936,2.87,-3.29,1.33,-53
1787066489734,278534,Lumbar,sit,-0.166896,0.974048,0.230824,3.08,-3.29,1.33,-53
1787066489734,278551,Lumbar,sit,-0.16592,0.976976,0.23668,3.36,-3.15,1.33,-53
1787066490092,278725,Lumbar,sit,-0.16104,0.980392,0.240584,3.43,-2.59,-0.14,-53
1787066490092,278756,Lumbar,sit,-0.162504,0.980392,0.238144,3.71,-2.52,0,-53
1787066490092,278773,Lumbar,sit,-0.162504,0.98332,0.233752,3.57,-1.82,-0.21,-53
1787066490092,278790,Lumbar,sit,-0.159088,0.98332,0.232288,3.36,-1.54,-0.91,-53
1787066490092,278807,Lumbar,sit,-0.159088,0.981856,0.232288,2.73,-1.54,-1.12,-53
1787066490092,278838,Lumbar,sit,-0.16104,0.976488,0.232776,3.01,-2.38,-0.56,-53
1787066490092,278855,Lumbar,sit,-0.163968,0.977464,0.233752,3.43,-2.45,-0.35,-53
1787066490092,278872,Lumbar,sit,-0.166408,0.97844,0.230824,3.57,-2.38,-0.21,-53
1787066490092,278889,Lumbar,sit,-0.167872,0.97844,0.226432,3.64,-2.59,-0.07,-53
1787066490092,278906,Lumbar,sit,-0.168848,0.976976,0.229848,3.78,-2.94,-0.21,-53
1787066490448,279082,Lumbar,sit,-0.170312,0.977952,0.230824,3.01,-1.33,0.14,-53
1787066490448,279113,Lumbar,sit,-0.170312,0.98088,0.228872,3.92,-1.54,0.49,-53
1787066490448,279131,Lumbar,sit,-0.174216,0.98332,0.224968,3.78,-2.03,0.56,-53
1787066490448,279147,Lumbar,sit,-0.17324,0.986248,0.22204,2.94,-2.24,0.63,-53
1787066490448,279164,Lumbar,sit,-0.1708,0.984296,0.22204,2.52,-2.45,0.49,-53
1787066490448,279195,Lumbar,sit,-0.167872,0.981368,0.223992,3.01,-2.31,0.56,-53
1787066490448,279212,Lumbar,sit,-0.173728,0.982344,0.215696,3.57,-2.17,0.63,-53
1787066490448,279229,Lumbar,sit,-0.16836,0.9882,0.218136,2.38,-1.96,0.28,-53
1787066490448,279246,Lumbar,sit,-0.167384,0.988688,0.223504,2.17,-2.03,0.35,-53
1787066490448,279263,Lumbar,sit,-0.167384,0.990152,0.22448,1.75,-2.1,0.35,-53
1787066490805,279438,Lumbar,sit,-0.170312,0.98088,0.22692,-0.7,-1.19,-0.42,-53
1787066490805,279469,Lumbar,sit,-0.169824,0.974536,0.228872,-0.21,-2.1,-0.28,-53
1787066490805,279486,Lumbar,sit,-0.169336,0.974048,0.231312,0,-2.31,-0.14,-53
1787066490805,279503,Lumbar,sit,-0.168848,0.972584,0.23424,0.35,-2.24,0.07,-53
1787066490805,279520,Lumbar,sit,-0.169336,0.974048,0.234728,0.77,-1.89,0.28,-53
1787066490805,279551,Lumbar,sit,-0.166896,0.974048,0.235216,1.19,-1.26,0.56,-53
1787066490805,279568,Lumbar,sit,-0.169336,0.976976,0.237656,1.61,-1.12,0.7,-53
1787066490805,279585,Lumbar,sit,-0.1708,0.979904,0.237168,2.03,-1.54,0.98,-53
1787066490805,279602,Lumbar,sit,-0.177632,0.989176,0.23668,1.96,-1.82,1.19,-53
1787066490805,279619,Lumbar,sit,-0.182024,0.990152,0.231312,1.33,-2.1,1.47,-53
1787066491164,279795,Lumbar,sit,-0.164944,0.99064,0.225456,-2.17,-3.5,1.61,-53
1787066491164,279826,Lumbar,sit,-0.165432,0.981368,0.22936,-2.8,-3.57,1.89,-53
1787066491164,279843,Lumbar,sit,-0.16348,0.977952,0.22936,-2.73,-3.78,1.68,-53
1787066491164,279860,Lumbar,sit,-0.162016,0.976,0.234728,-2.52,-4.13,1.61,-53
1787066491164,279877,Lumbar,sit,-0.161528,0.974536,0.237168,-2.24,-4.27,1.75,-53
1787066491164,279908,Lumbar,sit,-0.164456,0.971608,0.24644,-0.84,-4.62,2.03,-53
1787066491164,279925,Lumbar,sit,-0.164456,0.971608,0.249368,17.43,-4.62,2.24,-53
1787066491164,279942,Lumbar,sit,-0.164456,0.972584,0.254736,0.35,-4.55,2.45,-53
1787066491164,279959,Lumbar,sit,-0.169824,0.974048,0.249856,1.33,-4.34,2.66,-53
1787066491164,279976,Lumbar,sit,-0.16592,0.979904,0.24888,0.98,-3.92,2.38,-53
1787066491520,280152,Lumbar,sit,-0.164944,0.984784,0.237656,2.03,-4.9,3.36,-53
1787066491520,280183,Lumbar,sit,-0.15616,0.980392,0.24888,2.24,-3.15,3.22,-53
1787066491520,280200,Lumbar,sit,-0.150304,0.976488,0.247904,2.8,-1.96,3.08,-53
1787066491520,280217,Lumbar,sit,-0.147376,0.974536,0.247416,3.15,-1.68,2.38,-53
1787066491520,280234,Lumbar,sit,-0.144448,0.972096,0.24156,4.06,-1.82,2.1,-53
1787066491520,280265,Lumbar,sit,-0.133712,0.979416,0.236192,4.62,-3.22,0.98,-53
1787066491520,280282,Lumbar,sit,-0.128344,0.98088,0.235704,4.55,-3.01,1.05,-53
1787066491520,280299,Lumbar,sit,-0.121512,0.982344,0.242048,4.34,-1.89,1.12,-53
1787066491520,280316,Lumbar,sit,-0.123952,0.981856,0.246928,4.41,-0.07,1.12,-53
1787066491520,280333,Lumbar,sit,-0.137128,0.984784,0.245464,4.41,0.77,1.12,-53
1787066491877,280509,Lumbar,sit,-0.149328,0.983808,0.230336,3.78,-1.4,-0.56,-53
1787066491877,280540,Lumbar,sit,-0.145912,0.987224,0.225456,3.01,-1.33,-0.7,-53
1787066491877,280557,Lumbar,sit,-0.14884,0.986736,0.22692,2.8,-1.05,-0.7,-53
1787066491877,280574,Lumbar,sit,-0.150304,0.983808,0.228872,2.52,-0.63,-0.56,-53
1787066491877,280591,Lumbar,sit,-0.152744,0.98332,0.230824,2.66,-0.49,-0.49,-53
1787066491877,280622,Lumbar,sit,-0.1586,0.984784,0.232776,2.66,-0.91,-0.56,-53
1787066491877,280639,Lumbar,sit,-0.162016,0.984296,0.2318,2.8,-1.33,-0.63,-53
1787066491877,280656,Lumbar,sit,-0.163968,0.983808,0.228872,3.08,-1.19,-0.77,-53
1787066491877,280673,Lumbar,sit,-0.162504,0.981856,0.227896,3.01,-0.84,-0.42,-53
1787066491877,280690,Lumbar,sit,-0.157624,0.981856,0.22692,3.01,0,0.07,-53
1787066492232,280865,Lumbar,sit,-0.162992,0.989664,0.218136,3.5,-0.98,-0.49,-52
1787066492232,280897,Lumbar,sit,-0.163968,0.986736,0.212768,3.36,-2.38,-0.14,-52
1787066492232,280914,Lumbar,sit,-0.16348,0.98332,0.21228,3.43,-2.59,0,-52
1787066492232,280931,Lumbar,sit,-0.159576,0.982344,0.211304,3.71,-2.38,0.14,-52
1787066492232,280948,Lumbar,sit,-0.159088,0.984784,0.210328,3.99,-2.03,0.21,-52
1787066492232,280979,Lumbar,sit,-0.1586,0.98576,0.205448,3.99,-1.82,0.14,-52
1787066492232,280995,Lumbar,sit,-0.160552,0.989176,0.20252,3.57,-2.03,0,-52
1787066492232,281012,Lumbar,sit,-0.161528,0.989664,0.20496,3.08,-2.52,0,-52
1787066492232,281029,Lumbar,sit,-0.16104,0.99064,0.2074,2.8,-2.73,-0.14,-52
1787066492232,281046,Lumbar,sit,-0.159576,0.993568,0.20984,2.1,-2.8,-0.28,-52
1787066492588,281220,Lumbar,sit,-0.162504,0.984296,0.209352,1.61,-2.03,0.49,-52
1787066492588,281251,Lumbar,sit,-0.152744,0.982344,0.223504,2.24,-1.75,0.21,-52
1787066492588,281268,Lumbar,sit,-0.15128,0.987224,0.22448,2.24,-2.17,0.21,-52
1787066492588,281285,Lumbar,sit,-0.15372,0.99064,0.22204,1.89,-2.45,0.56,-52
1787066492588,281302,Lumbar,sit,-0.159576,0.992592,0.2196,0.91,-2.38,0.7,-52
1787066492588,281333,Lumbar,sit,-0.163968,0.989664,0.214232,0.28,-2.1,0.7,-52
1787066492588,281350,Lumbar,sit,-0.16348,0.985272,0.211792,0.42,-2.17,0.7,-52
1787066492588,281367,Lumbar,sit,-0.162992,0.984296,0.21228,0.7,-2.24,0.49,-52
1787066492588,281384,Lumbar,sit,-0.16104,0.982832,0.216184,0.77,-2.17,0.35,-52
1787066492588,281401,Lumbar,sit,-0.16104,0.981856,0.218624,1.19,-1.96,0.35,-52
1787066492943,281575,Lumbar,sit,-0.157624,0.9882,0.221552,1.33,-2.17,0.14,-52
1787066492943,281606,Lumbar,sit,-0.161528,0.988688,0.220088,1.05,-2.59,0.77,-52
1787066492943,281623,Lumbar,sit,-0.16104,0.988688,0.2196,0.77,-2.52,0.77,-52
1787066492943,281640,Lumbar,sit,-0.159088,0.984784,0.220088,0.7,-2.1,0.56,-52
1787066492943,281657,Lumbar,sit,-0.1586,0.982832,0.219112,0.91,-1.82,0.35,-52
1787066492943,281688,Lumbar,sit,-0.1586,0.980392,0.219112,1.12,-1.61,0.49,-52
1787066492943,281705,Lumbar,sit,-0.160552,0.980392,0.220576,1.68,-1.68,0.56,-52
1787066492943,281722,Lumbar,sit,-0.16104,0.982832,0.218624,1.89,-1.89,0.56,-52
1787066492943,281739,Lumbar,sit,-0.159576,0.984784,0.218624,1.75,-1.96,0.63,-52
1787066492943,281756,Lumbar,sit,-0.1586,0.98576,0.219112,1.33,-1.89,0.7,-52
1787066493303,281931,Lumbar,sit,-0.160064,0.984784,0.218624,-0.42,-0.91,0,-52
1787066493303,281962,Lumbar,sit,-0.160064,0.98088,0.221064,0.49,-1.96,-0.21,-52
1787066493303,281980,Lumbar,sit,-0.16104,0.986248,0.218136,0.84,-2.38,0.07,-52
1787066493303,281997,Lumbar,sit,-0.162016,0.986248,0.219112,0.28,-2.24,0.35,-52
1787066493303,282014,Lumbar,sit,-0.162992,0.984784,0.221552,0.28,-1.68,0.42,-52
1787066493303,282031,Lumbar,sit,-0.160064,0.982832,0.22204,0.49,-1.47,0.21,-52
1787066493303,282062,Lumbar,sit,-0.160552,0.987712,0.223992,0.63,-1.82,0.07,-52
1787066493303,282079,Lumbar,sit,-0.161528,0.987224,0.22204,-17.78,-2.1,0.21,-52
1787066493303,282096,Lumbar,sit,-0.162992,0.986248,0.223016,-0.63,-2.24,0.42,-52
1787066493303,282113,Lumbar,sit,-0.164456,0.982832,0.227896,-0.84,-1.89,0.63,-52
1787066493657,282289,Lumbar,sit,-0.161528,0.981368,0.22692,0.28,-2.03,0.35,-52
1787066493657,282320,Lumbar,sit,-0.155672,0.977464,0.2318,0.77,-1.75,-0.07,-52
1787066493657,282337,Lumbar,sit,-0.15372,0.97844,0.23424,1.54,-1.47,-0.14,-52
1787066493657,282354,Lumbar,sit,-0.15372,0.979904,0.231312,2.24,-1.47,-0.21,-52
1787066493657,282371,Lumbar,sit,-0.157136,0.983808,0.229848,2.24,-1.61,-0.21,-52
1787066493657,282402,Lumbar,sit,-0.16104,0.984784,0.227896,1.61,-2.1,0.07,-52
1787066493657,282419,Lumbar,sit,-0.161528,0.985272,0.22692,1.54,-2.1,0.21,-52
1787066493657,282436,Lumbar,sit,-0.159576,0.981368,0.225456,1.4,-2.03,0.21,-52
1787066493657,282453,Lumbar,sit,-0.162992,0.97844,0.223992,1.47,-1.89,0.42,-52
1787066493657,282469,Lumbar,sit,-0.164944,0.977464,0.223504,1.89,-1.75,0.63,-52
1787066494013,282644,Lumbar,sit,-0.162992,0.98332,0.22448,2.52,-2.24,0.7,-52
1787066494013,282675,Lumbar,sit,-0.161528,0.984296,0.223992,2.52,-2.59,0.56,-52
1787066494013,282692,Lumbar,sit,-0.160064,0.986248,0.223504,2.31,-2.59,0.49,-52
1787066494013,282710,Lumbar,sit,-0.1586,0.98576,0.223992,2.17,-2.45,0.49,-52
1787066494013,282727,Lumbar,sit,-0.1586,0.986248,0.225456,2.17,-2.17,0.7,-52
1787066494013,282757,Lumbar,sit,-0.15616,0.983808,0.222528,1.54,-1.96,0.63,-52
1787066494013,282775,Lumbar,sit,-0.15616,0.981368,0.22204,1.33,-2.59,0.07,-52
1787066494013,282791,Lumbar,sit,-0.15616,0.976976,0.224968,2.1,-3.29,0.14,-52
1787066494013,282808,Lumbar,sit,-0.157136,0.980392,0.224968,2.87,-3.57,0.35,-52
1787066494013,282825,Lumbar,sit,-0.159576,0.982832,0.225944,2.8,-3.15,0.56,-52
1787066494371,283000,Lumbar,sit,-0.162504,0.981368,0.221064,2.17,-1.89,0.42,-52
1787066494371,283031,Lumbar,sit,-0.165432,0.981856,0.221552,2.66,-2.03,0.49,-52
1787066494371,283048,Lumbar,sit,-0.164944,0.984784,0.220088,2.8,-2.17,0.49,-52
1787066494371,283065,Lumbar,sit,-0.162016,0.98332,0.222528,2.87,-2.31,0.63,-52
1787066494371,283082,Lumbar,sit,-0.162992,0.985272,0.223992,2.94,-2.24,0.98,-52
1787066494371,283113,Lumbar,sit,-0.16592,0.989176,0.216672,2.03,-2.38,1.05,-52
1787066494371,283130,Lumbar,sit,-0.165432,0.986736,0.216672,1.33,-2.59,0.91,-52
1787066494371,283147,Lumbar,sit,-0.16592,0.984296,0.219112,1.19,-2.8,0.84,-52
1787066494371,283164,Lumbar,sit,-0.162016,0.981368,0.22204,1.54,-2.94,0.91,-52
1787066494371,283181,Lumbar,sit,-0.159576,0.981368,0.221064,2.17,-2.94,1.33,-52
1787066494727,283357,Lumbar,sit,-0.155672,0.982832,0.222528,2.24,-1.54,0.77,-51
1787066494727,283388,Lumbar,sit,-0.160064,0.984296,0.220576,2.17,-2.17,0.7,-51
1787066494727,283405,Lumbar,sit,-0.1586,0.984296,0.22204,2.24,-3.29,0.35,-51
1787066494727,283422,Lumbar,sit,-0.157624,0.984784,0.221552,2.38,-3.71,0.21,-51
1787066494727,283439,Lumbar,sit,-0.15616,0.985272,0.22204,2.24,-3.64,0.28,-51
1787066494727,283470,Lumbar,sit,-0.154208,0.987224,0.218136,2.17,-2.24,0.63,-51
1787066494727,283487,Lumbar,sit,-0.155184,0.987712,0.217648,2.1,-1.96,0.56,-51
1787066494727,283504,Lumbar,sit,-0.155672,0.987712,0.21716,1.96,-2.03,0.56,-51
1787066494727,283521,Lumbar,sit,-0.155672,0.985272,0.217648,1.68,-2.31,0.42,-51
1787066494727,283538,Lumbar,sit,-0.15372,0.984296,0.218624,1.75,-2.38,0.42,-51
1787066495085,283713,Lumbar,sit,-0.15616,0.9882,0.21716,1.12,-2.38,0,-51
1787066495085,283744,Lumbar,sit,-0.1586,0.984784,0.220576,0.84,-2.24,0.28,-51
1787066495085,283762,Lumbar,sit,-0.157624,0.982832,0.222528,0.98,-2.1,-0.28,-51
1787066495085,283779,Lumbar,sit,-0.156648,0.981856,0.223016,1.12,-2.24,-0.56,-51
1787066495085,283796,Lumbar,sit,-0.155672,0.981368,0.224968,1.96,-2.66,-0.49,-51
1787066495085,283813,Lumbar,sit,-0.1586,0.987224,0.216672,2.31,-2.66,-0.21,-51
1787066495085,283844,Lumbar,sit,-0.159576,0.987224,0.215696,0.91,-2.38,0.07,-51
1787066495085,283861,Lumbar,sit,-0.1586,0.98332,0.220088,1.19,-1.75,0,-51
1787066495085,283878,Lumbar,sit,-0.15616,0.980392,0.221552,2.1,-1.68,-0.07,-51
1787066495085,283895,Lumbar,sit,-0.156648,0.984784,0.22204,2.45,-1.89,0.14,-51
1787066495443,284070,Lumbar,sit,-0.157624,0.984784,0.222528,1.19,-1.47,0.35,-51
1787066495443,284101,Lumbar,sit,-0.1586,0.987224,0.223016,1.05,-1.89,0.56,-51
1787066495443,284118,Lumbar,sit,-0.159576,0.9882,0.221064,0.63,-2.1,0.56,-51
1787066495443,284135,Lumbar,sit,-0.159088,0.986248,0.221552,0.14,-2.1,0.56,-51
1787066495443,284152,Lumbar,sit,-0.158112,0.984784,0.228384,0.56,-1.75,0.84,-51
1787066495443,284183,Lumbar,sit,-0.152744,0.987712,0.220576,0.56,-1.68,0.7,-51
1787066495443,284200,Lumbar,sit,-0.149328,0.981856,0.220088,0.28,-1.68,0.28,-51
1787066495443,284218,Lumbar,sit,-0.152744,0.981856,0.220088,0.14,-1.89,-0.35,-51
1787066495443,284235,Lumbar,sit,-0.154696,0.98088,0.226432,0.21,-2.1,-0.56,-51
1787066495443,284252,Lumbar,sit,-0.157136,0.979416,0.22692,0.98,-1.96,-0.28,-51
1787066495810,284427,Lumbar,sit,-0.162504,0.982832,0.225456,0.63,-1.89,0.21,-53
1787066495810,284459,Lumbar,sit,-0.16348,0.981856,0.226432,1.05,-1.96,0.21,-53
1787066495810,284476,Lumbar,sit,-0.162504,0.982832,0.225944,1.19,-1.96,0.35,-53
1787066495810,284494,Lumbar,sit,-0.160552,0.981856,0.22692,1.19,-1.96,0.35,-53
1787066495810,284511,Lumbar,sit,-0.160552,0.981368,0.227896,1.19,-1.96,0.21,-53
1787066495810,284527,Lumbar,sit,-0.16104,0.98088,0.22692,1.4,-1.96,0.14,-53
1787066495810,284558,Lumbar,sit,-0.158112,0.981856,0.22692,1.82,-2.03,0.28,-53
1787066495810,284575,Lumbar,sit,-0.157136,0.981368,0.225456,2.1,-2.24,0.28,-53
1787066495810,284592,Lumbar,sit,-0.156648,0.982344,0.223992,2.1,-2.31,0.28,-53
1787066495810,284610,Lumbar,sit,-0.158112,0.982832,0.225944,2.1,-2.38,0.35,-53
1787066496157,284784,Lumbar,sit,-0.160064,0.979416,0.22448,2.94,-2.8,0.14,-53
1787066496157,284815,Lumbar,sit,-0.162504,0.983808,0.224968,2.94,-2.73,0.42,-53
1787066496157,284832,Lumbar,sit,-0.162016,0.984784,0.226432,3.01,-2.45,0.28,-53
1787066496157,284849,Lumbar,sit,-0.160064,0.984296,0.223016,3.01,-2.31,0.21,-53
1787066496157,284866,Lumbar,sit,-0.160064,0.982832,0.223016,3.08,-2.38,0,-53
1787066496157,284897,Lumbar,sit,-0.162016,0.987224,0.223504,2.52,-2.87,0.07,-53
1787066496157,284914,Lumbar,sit,-0.162992,0.986736,0.222528,2.1,-2.8,0.35,-53
1787066496157,284931,Lumbar,sit,-0.162016,0.983808,0.22448,1.47,-2.59,0.49,-53
1787066496157,284948,Lumbar,sit,-0.160552,0.980392,0.22692,1.68,-2.24,0.56,-53
1787066496157,284965,Lumbar,sit,-0.160552,0.982832,0.224968,2.1,-2.1,0.56,-53
1787066496576,285141,Lumbar,sit,-0.15616,0.98332,0.223016,1.54,-2.52,0.14,-53
1787066496576,285219,Lumbar,sit,-0.159576,0.987224,0.221064,2.31,-2.45,0.28,-53
1787066496576,285251,Lumbar,sit,-0.159088,0.985272,0.2196,1.96,-2.17,0.35,-53
1787066496576,285268,Lumbar,sit,-0.160064,0.983808,0.220088,1.96,-2.17,0.35,-53
1787066496576,285285,Lumbar,sit,-0.162016,0.982832,0.218624,2.03,-2.24,0.35,-53
1787066496576,285302,Lumbar,sit,-0.162016,0.984296,0.2196,2.1,-2.24,0.42,-53
1787066496576,285333,Lumbar,sit,-0.162992,0.984296,0.220576,2.1,-1.96,0.56,-53
1787066496576,285350,Lumbar,sit,-0.162016,0.98576,0.2196,2.1,-1.89,0.56,-53
1787066496576,285367,Lumbar,sit,-0.160552,0.98576,0.218624,2.03,-1.89,0.56,-53
1787066496576,285384,Lumbar,sit,-0.162016,0.98576,0.218136,1.96,-2.1,0.49,-53
1787066496934,285560,Lumbar,sit,-0.157624,0.983808,0.216672,1.89,-2.1,0.35,-53
1787066496934,285591,Lumbar,sit,-0.159088,0.983808,0.217648,2.1,-2.03,0.35,-53
1787066496934,285608,Lumbar,sit,-0.158112,0.98576,0.218136,2.17,-2.1,0.35,-53
1787066496934,285625,Lumbar,sit,-0.1586,0.985272,0.216672,2.1,-2.24,0.21,-53
1787066496934,285642,Lumbar,sit,-0.1586,0.986736,0.216184,1.96,-2.45,0.21,-53
1787066496934,285673,Lumbar,sit,-0.161528,0.9882,0.217648,1.75,-2.31,0.63,-53
1787066496934,285690,Lumbar,sit,-0.162016,0.9882,0.216672,1.33,-2.03,0.7,-53
1787066496934,285707,Lumbar,sit,-0.160064,0.985272,0.21716,1.05,-1.96,0.21,-53
1787066496934,285724,Lumbar,sit,-0.160552,0.981368,0.218136,1.12,-2.1,-0.07,-53
1787066496934,285741,Lumbar,sit,-0.159576,0.981856,0.221552,1.82,-2.52,0,-53
1787066497289,285915,Lumbar,sit,-0.16104,0.981856,0.223016,0.91,-1.82,0.35,-51
1787066497289,285947,Lumbar,sit,-0.159576,0.984296,0.216672,1.33,-1.68,0.28,-51
1787066497289,285964,Lumbar,sit,-0.160064,0.985272,0.216672,1.12,-1.96,0.35,-51
1787066497289,285981,Lumbar,sit,-0.159088,0.986248,0.21716,1.12,-2.03,0.42,-51
1787066497289,285998,Lumbar,sit,-0.159576,0.985272,0.220088,1.4,-1.89,0.49,-51
1787066497289,286029,Lumbar,sit,-0.159576,0.982832,0.223504,1.26,-1.82,0.7,-51
1787066497289,286046,Lumbar,sit,-0.160064,0.98576,0.220088,1.19,-1.89,0.77,-51
1787066497289,286063,Lumbar,sit,-0.162504,0.987224,0.21472,0.49,-2.1,0.63,-51
1787066497289,286080,Lumbar,sit,-0.160552,0.987712,0.213744,0,-2.38,0.56,-51
1787066497289,286097,Lumbar,sit,-0.159576,0.98576,0.213744,-0.07,-2.45,0.49,-51
1787066497646,286272,Lumbar,sit,-0.159576,0.98332,0.223504,0,-1.61,0.49,-51
1787066497646,286302,Lumbar,sit,-0.159088,0.982344,0.22692,0.35,-1.33,0.56,-51
1787066497646,286320,Lumbar,sit,-0.157624,0.983808,0.227408,0.56,-1.47,0.49,-51
1787066497646,286336,Lumbar,sit,-0.159576,0.98332,0.225456,0.56,-1.75,0.49,-51
1787066497646,286353,Lumbar,sit,-0.160552,0.984784,0.22204,0.42,-1.96,0.42,-51
1787066497646,286384,Lumbar,sit,-0.160064,0.983808,0.223016,0.28,-1.89,0.56,-51
1787066497646,286401,Lumbar,sit,-0.160552,0.983808,0.225456,0.28,-1.61,0.49,-51
1787066497646,286418,Lumbar,sit,-0.160552,0.982832,0.226432,0.35,-1.47,0.42,-51
1787066497646,286435,Lumbar,sit,-0.159576,0.98332,0.227896,0.28,-1.61,0.35,-51
1787066497646,286452,Lumbar,sit,-0.160064,0.98332,0.228384,0.21,-1.75,0.35,-51
1787066498002,286628,Lumbar,sit,-0.16104,0.98088,0.230336,1.4,-1.82,0.35,-51
1787066498002,286659,Lumbar,sit,-0.159088,0.984784,0.22692,1.12,-1.61,0.77,-51
1787066498002,286676,Lumbar,sit,-0.156648,0.984784,0.223992,0.49,-1.47,0.56,-51
1787066498002,286693,Lumbar,sit,-0.155672,0.979416,0.225456,0.35,-1.82,0.14,-51
1787066498002,286710,Lumbar,sit,-0.156648,0.976976,0.227408,1.4,-2.45,0.14,-51
1787066498002,286741,Lumbar,sit,-0.16104,0.97844,0.230336,2.52,-3.01,0.77,-51
1787066498002,286758,Lumbar,sit,-0.16104,0.979416,0.234728,2.87,-2.59,0.91,-51
1787066498002,286775,Lumbar,sit,-0.159576,0.982832,0.233752,3.08,-2.38,0.77,-51
1787066498002,286792,Lumbar,sit,-0.1586,0.986248,0.228384,3.29,-2.38,0.56,-51
1787066498002,286809,Lumbar,sit,-0.160552,0.986736,0.227408,2.8,-2.52,0.21,-51
1787066498359,286984,Lumbar,sit,-0.159576,0.982832,0.226432,2.38,-2.1,0.21,-51
1787066498359,287015,Lumbar,sit,-0.161528,0.98088,0.230824,3.36,-2.52,0.28,-51
1787066498359,287032,Lumbar,sit,-0.161528,0.982832,0.226432,3.08,-2.66,0.42,-51
1787066498359,287049,Lumbar,sit,-0.160064,0.986248,0.22448,2.73,-2.66,0.42,-51
1787066498359,287066,Lumbar,sit,-0.159088,0.986736,0.225944,2.17,-2.45,0.28,-51
1787066498359,287097,Lumbar,sit,-0.160552,0.977952,0.2318,2.73,-2.24,0,-51
1787066498359,287114,Lumbar,sit,-0.160064,0.980392,0.230336,3.57,-2.1,0,-51
1787066498359,287131,Lumbar,sit,-0.1586,0.984784,0.22936,3.5,-2.03,0.07,-51
1787066498359,287148,Lumbar,sit,-0.160064,0.98576,0.22692,3.15,-1.96,0,-51
1787066498359,287165,Lumbar,sit,-0.160064,0.987712,0.223992,3.15,-2.03,-0.14,-51
1787066498715,287339,Lumbar,sit,-0.16348,0.987224,0.218136,2.52,-2.52,0.42,-51
1787066498715,287370,Lumbar,sit,-0.16104,0.984784,0.2196,2.24,-2.17,0.49,-51
1787066498715,287387,Lumbar,sit,-0.160064,0.984296,0.218624,2.17,-2.03,0.49,-51
1787066498715,287404,Lumbar,sit,-0.160552,0.982832,0.2196,2.31,-2.03,0.49,-51
1787066498715,287421,Lumbar,sit,-0.159088,0.982832,0.220088,2.45,-2.17,0.49,-51
1787066498715,287452,Lumbar,sit,-0.159576,0.983808,0.221064,2.38,-2.24,0.49,-51
1787066498715,287469,Lumbar,sit,-0.160552,0.985272,0.221552,2.38,-2.24,0.56,-51
1787066498715,287486,Lumbar,sit,-0.159576,0.984784,0.222528,2.38,-2.24,0.56,-51
1787066498715,287503,Lumbar,sit,-0.159088,0.985272,0.221552,2.38,-2.24,0.49,-51
1787066498715,287520,Lumbar,sit,-0.1586,0.984784,0.221064,2.45,-2.31,0.42,-51
1787066499072,287695,Lumbar,sit,-0.157624,0.984296,0.217648,2.31,-2.03,0,-51
1787066499072,287727,Lumbar,sit,-0.159088,0.985272,0.218624,2.87,-1.96,0.21,-51
1787066499072,287744,Lumbar,sit,-0.16104,0.989664,0.21472,2.31,-2.38,0.28,-51
1787066499072,287761,Lumbar,sit,-0.161528,0.989176,0.215208,1.47,-2.52,0.42,-51
1787066499072,287778,Lumbar,sit,-0.162504,0.986248,0.216672,1.33,-2.31,0.42,-51
1787066499072,287809,Lumbar,sit,-0.159576,0.982344,0.216184,1.75,-2.03,0.49,-51
1787066499072,287826,Lumbar,sit,-0.160064,0.982344,0.217648,2.17,-1.96,0.42,-51
1787066499072,287843,Lumbar,sit,-0.162504,0.984784,0.216672,2.31,-2.03,0.28,-51
1787066499072,287860,Lumbar,sit,-0.162504,0.986736,0.218624,2.31,-2.03,0.28,-51
1787066499072,287877,Lumbar,sit,-0.159088,0.98576,0.21716,2.31,-1.89,0.21,-51
1787066499430,288052,Lumbar,sit,-0.160552,0.987224,0.21472,2.1,-2.17,0.28,-51
1787066499430,288083,Lumbar,sit,-0.159576,0.988688,0.213744,1.68,-2.1,0.28,-51
1787066499430,288100,Lumbar,sit,-0.159088,0.987224,0.21472,1.33,-1.82,0.21,-51
1787066499430,288117,Lumbar,sit,-0.160552,0.986248,0.21472,1.26,-1.75,0.21,-51
1787066499430,288133,Lumbar,sit,-0.160064,0.985272,0.213744,1.26,-1.82,0.28,-51
1787066499430,288164,Lumbar,sit,-0.16104,0.983808,0.214232,1.26,-1.89,0.49,-51
1787066499430,288181,Lumbar,sit,-0.161528,0.98332,0.213744,1.54,-1.89,0.42,-51
1787066499430,288198,Lumbar,sit,-0.162016,0.984784,0.216184,1.61,-2.03,0.42,-51
1787066499430,288215,Lumbar,sit,-0.162504,0.987224,0.215696,1.47,-1.96,0.49,-51
1787066499430,288232,Lumbar,sit,-0.162016,0.986736,0.216672,1.26,-1.96,0.49,-51
1787066499787,288408,Lumbar,sit,-0.16104,0.987224,0.21472,0.98,-2.1,0.28,-53
1787066499787,288440,Lumbar,sit,-0.159576,0.986248,0.215208,0.7,-2.1,0.49,-53
1787066499787,288457,Lumbar,sit,-0.1586,0.9882,0.216672,0.56,-2.03,0.77,-53
1787066499787,288475,Lumbar,sit,-0.160064,0.986248,0.217648,0.21,-1.82,0.7,-53
1787066499787,288492,Lumbar,sit,-0.157624,0.983808,0.218136,0.07,-1.61,0.21,-53
1787066499787,288509,Lumbar,sit,-0.158112,0.980392,0.221064,0.56,-1.96,0.07,-53
1787066499787,288540,Lumbar,sit,-0.16104,0.986248,0.218624,0.98,-2.17,0.35,-53
1787066499787,288557,Lumbar,sit,-0.162992,0.986736,0.216672,0.56,-2.1,0.35,-53
1787066499787,288574,Lumbar,sit,-0.160064,0.98576,0.21716,0.49,-1.96,0.35,-53
1787066499787,288591,Lumbar,sit,-0.158112,0.985272,0.220088,0.77,-1.75,0.35,-53
1787066500143,288766,Lumbar,sit,-0.162016,0.98332,0.223016,0.98,-1.96,0.42,-53
1787066500143,288798,Lumbar,sit,-0.159576,0.98088,0.225944,1.12,-2.03,0.63,-53
1787066500143,288815,Lumbar,sit,-0.160552,0.982344,0.22448,1.54,-2.03,0.63,-53
1787066500143,288832,Lumbar,sit,-0.162016,0.984784,0.222528,1.26,-2.1,0.56,-53
1787066500143,288849,Lumbar,sit,-0.160552,0.98576,0.223504,0.91,-2.03,0.35,-53
1787066500143,288880,Lumbar,sit,-0.157624,0.980392,0.225944,1.12,-2.03,0.21,-53
1787066500143,288897,Lumbar,sit,-0.158112,0.981368,0.225456,1.89,-1.96,0.14,-53
1787066500143,288914,Lumbar,sit,-0.1586,0.982832,0.222528,2.24,-2.03,0.14,-53
1787066500143,288931,Lumbar,sit,-0.159576,0.984296,0.22204,2.03,-2.24,0.28,-53
1787066500143,288948,Lumbar,sit,-0.16104,0.984784,0.221552,1.96,-2.31,0.28,-53
1787066500499,289122,Lumbar,sit,-0.162504,0.984296,0.220576,2.03,-2.24,0.35,-53
1787066500499,289153,Lumbar,sit,-0.16104,0.982832,0.221552,1.96,-2.17,0.49,-53
1787066500499,289171,Lumbar,sit,-0.16104,0.98332,0.221064,2.1,-2.17,0.56,-53
1787066500499,289187,Lumbar,sit,-0.160552,0.982832,0.22204,2.17,-2.24,0.49,-53
1787066500499,289204,Lumbar,sit,-0.160064,0.98332,0.221552,2.24,-2.31,0.42,-53
1787066500499,289235,Lumbar,sit,-0.160064,0.985272,0.220576,2.59,-2.52,0.35,-53
1787066500499,289252,Lumbar,sit,-0.16104,0.986248,0.220576,2.45,-2.45,0.56,-53
1787066500499,289269,Lumbar,sit,-0.160064,0.989176,0.220576,2.31,-2.24,0.7,-53
1787066500499,289286,Lumbar,sit,-0.157624,0.9882,0.217648,1.4,-1.96,0.63,-53
1787066500499,289303,Lumbar,sit,-0.155672,0.982344,0.220088,1.33,-2.17,0.07,-53
1787066500857,289478,Lumbar,sit,-0.16348,0.984296,0.220088,1.47,-2.38,0.63,-52
1787066500857,289510,Lumbar,sit,-0.162016,0.981856,0.221552,2.03,-1.89,0.56,-52
1787066500857,289527,Lumbar,sit,-0.161528,0.982344,0.220088,2.38,-2.1,0.56,-52
1787066500857,289545,Lumbar,sit,-0.16348,0.983808,0.2196,2.59,-2.38,0.49,-52
1787066500857,289562,Lumbar,sit,-0.16348,0.984784,0.217648,2.66,-2.45,0.42,-52
1787066500857,289579,Lumbar,sit,-0.16104,0.986248,0.218624,2.59,-2.31,0.28,-52
1787066500857,289610,Lumbar,sit,-0.159576,0.983808,0.220576,2.59,-1.89,0.7,-52
1787066500857,289627,Lumbar,sit,-0.160064,0.986248,0.219112,2.87,-1.89,0.7,-52
1787066500857,289644,Lumbar,sit,-0.161528,0.988688,0.215208,2.17,-2.17,0.63,-52
1787066500857,289661,Lumbar,sit,-0.1586,0.987224,0.215696,1.54,-2.24,0.49,-52
1787066501215,289836,Lumbar,sit,-0.1586,0.98332,0.215208,2.1,-1.96,0.14,-52
1787066501215,289868,Lumbar,sit,-0.160552,0.984296,0.215696,2.24,-1.89,0.49,-52
1787066501215,289885,Lumbar,sit,-0.162992,0.984784,0.216672,2.24,-1.89,0.56,-52
1787066501215,289902,Lumbar,sit,-0.162992,0.986248,0.214232,2.38,-1.96,0.49,-52
1787066501215,289919,Lumbar,sit,-0.162504,0.986736,0.214232,2.31,-2.17,0.42,-52
1787066501215,289950,Lumbar,sit,-0.162016,0.986248,0.213744,2.1,-2.1,0.28,-52
1787066501215,289967,Lumbar,sit,-0.160552,0.986248,0.21472,1.89,-2.03,0.28,-52
1787066501215,289983,Lumbar,sit,-0.160552,0.986248,0.21472,1.82,-1.96,0.28,-52
1787066501215,290000,Lumbar,sit,-0.159576,0.986248,0.21472,1.82,-1.89,0.42,-52
1787066501215,290017,Lumbar,sit,-0.159576,0.986248,0.214232,1.75,-1.96,0.42,-52
1787066501570,290192,Lumbar,sit,-0.157624,0.984296,0.215208,0.49,-1.61,0.42,-52
1787066501570,290223,Lumbar,sit,-0.160064,0.981856,0.2196,1.26,-2.31,0,-52
1787066501570,290240,Lumbar,sit,-0.162016,0.986248,0.216672,1.82,-2.45,0.28,-52
1787066501570,290258,Lumbar,sit,-0.162504,0.991128,0.211792,0.91,-2.31,0.49,-52
1787066501570,290275,Lumbar,sit,-0.162992,0.987712,0.214232,0.49,-2.1,0.49,-52
1787066501570,290306,Lumbar,sit,-0.159088,0.982344,0.216184,1.33,-1.89,0.21,-52
1787066501570,290323,Lumbar,sit,-0.160552,0.983808,0.215696,1.47,-2.1,0.35,-52
1787066501570,290340,Lumbar,sit,-0.161528,0.988688,0.213256,0.91,-2.59,0.56,-52
1787066501570,290357,Lumbar,sit,-0.165432,0.9882,0.212768,0.42,-2.8,0.84,-52
1787066501570,290374,Lumbar,sit,-0.16348,0.984784,0.219112,0,-2.59,0.91,-52
1787066501931,290549,Lumbar,sit,-0.162992,0.986248,0.219112,0.56,-2.17,0.7,-55
1787066501931,290581,Lumbar,sit,-0.157136,0.985272,0.22204,0.35,-1.96,0.42,-55
1787066501931,290598,Lumbar,sit,-0.155672,0.982344,0.223992,0.77,-1.89,0.14,-55
1787066501931,290616,Lumbar,sit,-0.157136,0.982832,0.223992,1.19,-1.89,0.07,-55
1787066501931,290633,Lumbar,sit,-0.1586,0.984296,0.221552,1.12,-1.96,0.21,-55
1787066501931,290650,Lumbar,sit,-0.160064,0.98576,0.220576,0.91,-2.03,0.28,-55
1787066501931,290681,Lumbar,sit,-0.160064,0.986736,0.223016,0.7,-1.75,0.07,-55
1787066501931,290698,Lumbar,sit,-0.159088,0.986736,0.221552,0.56,-1.61,0,-55
1787066501931,290715,Lumbar,sit,-0.159576,0.984784,0.220576,0.35,-1.54,0,-55
1787066501931,290732,Lumbar,sit,-0.162016,0.982832,0.220088,0.42,-1.75,0.07,-55
1787066502287,290908,Lumbar,sit,-0.162992,0.981856,0.221552,0.77,-2.17,0.49,-55
1787066502287,290938,Lumbar,sit,-0.164944,0.981368,0.224968,1.33,-2.24,0.35,-55
1787066502287,290956,Lumbar,sit,-0.162992,0.981368,0.22448,1.61,-2.38,0.07,-55
1787066502287,290972,Lumbar,sit,-0.162016,0.982344,0.223016,1.68,-2.66,0.07,-55
1787066502287,290989,Lumbar,sit,-0.159576,0.982832,0.223016,1.68,-2.66,0.14,-55
1787066502287,291020,Lumbar,sit,-0.1586,0.986248,0.222528,1.47,-2.31,0.77,-55
1787066502287,291037,Lumbar,sit,-0.159576,0.987712,0.220088,1.26,-2.17,0.77,-55
1787066502287,291054,Lumbar,sit,-0.158112,0.98332,0.223504,0.63,-2.31,0.49,-55
1787066502287,291071,Lumbar,sit,-0.157624,0.976,0.227408,1.12,-2.8,0.14,-55
1787066502287,291088,Lumbar,sit,-0.157624,0.974536,0.227896,2.38,-3.15,0.21,-55
1787066502643,291263,Lumbar,sit,-0.161528,0.980392,0.227408,2.17,-1.89,0.49,-55
1787066502643,291294,Lumbar,sit,-0.16104,0.984296,0.222528,2.59,-2.66,0.35,-55
1787066502643,291311,Lumbar,sit,-0.161528,0.984296,0.221552,2.59,-2.87,0.42,-55
1787066502643,291328,Lumbar,sit,-0.160064,0.985272,0.22204,2.59,-2.94,0.49,-55
1787066502643,291346,Lumbar,sit,-0.159576,0.98332,0.223016,2.45,-2.45,0.42,-55
1787066502643,291377,Lumbar,sit,-0.159088,0.981856,0.225456,2.66,-2.03,0.49,-55
1787066502643,291394,Lumbar,sit,-0.162016,0.984784,0.220576,2.87,-2.24,0.42,-55
1787066502643,291411,Lumbar,sit,-0.160552,0.987224,0.219112,2.31,-2.59,0.14,-55
1787066502643,291428,Lumbar,sit,-0.1586,0.986736,0.220088,1.89,-2.73,0.07,-55
1787066502643,291445,Lumbar,sit,-0.15616,0.984296,0.225944,2.24,-2.52,0,-55
1787066502999,291620,Lumbar,sit,-0.16348,0.984296,0.217648,2.31,-1.96,0.28,-48
1787066502999,291651,Lumbar,sit,-0.162992,0.985272,0.220088,2.45,-2.1,0.21,-48
1787066502999,291668,Lumbar,sit,-0.162992,0.98576,0.2196,2.31,-2.03,0.35,-48
1787066502999,291685,Lumbar,sit,-0.162992,0.986248,0.218624,2.17,-2.24,0.28,-48
1787066502999,291702,Lumbar,sit,-0.163968,0.98332,0.218136,2.24,-2.24,0.35,-48
1787066502999,291733,Lumbar,sit,-0.16348,0.985272,0.217648,2.52,-2.03,0.42,-48
1787066502999,291750,Lumbar,sit,-0.162504,0.98576,0.216672,2.38,-2.03,0.42,-48
1787066502999,291767,Lumbar,sit,-0.162504,0.98576,0.216672,2.24,-2.1,0.49,-48
1787066502999,291784,Lumbar,sit,-0.161528,0.985272,0.21716,2.24,-2.1,0.42,-48
1787066502999,291801,Lumbar,sit,-0.162016,0.986248,0.21716,2.1,-2.03,0.49,-48
1787066503355,291974,Lumbar,sit,-0.160552,0.986248,0.213256,1.96,-2.24,0.42,-48
1787066503355,292005,Lumbar,sit,-0.162992,0.988688,0.21472,1.82,-2.24,0.7,-48
1787066503355,292022,Lumbar,sit,-0.160552,0.986248,0.21472,1.33,-1.96,0.63,-48
1787066503355,292039,Lumbar,sit,-0.160552,0.984784,0.215696,1.19,-1.89,0.07,-48
1787066503355,292056,Lumbar,sit,-0.159576,0.981856,0.217648,1.61,-2.24,0,-48
1787066503355,292087,Lumbar,sit,-0.16104,0.986248,0.215208,2.24,-2.59,0.42,-48
1787066503355,292104,Lumbar,sit,-0.162504,0.99064,0.211792,1.68,-2.52,0.35,-48
1787066503355,292121,Lumbar,sit,-0.163968,0.989664,0.21228,1.12,-2.31,0.42,-48
1787066503355,292138,Lumbar,sit,-0.1586,0.983808,0.215208,1.54,-2.1,0.35,-48
1787066503355,292155,Lumbar,sit,-0.158112,0.983808,0.219112,2.1,-1.89,0.14,-48
1787066503711,292330,Lumbar,sit,-0.159576,0.985272,0.218136,1.68,-1.82,0.35,-48
1787066503711,292361,Lumbar,sit,-0.16104,0.987224,0.220088,1.54,-1.82,0.7,-48
1787066503711,292378,Lumbar,sit,-0.16348,0.987712,0.215696,1.33,-1.96,0.63,-48
1787066503711,292395,Lumbar,sit,-0.164944,0.9882,0.213256,0.49,-2.17,0.56,-48
1787066503711,292412,Lumbar,sit,-0.162992,0.985272,0.215696,0.28,-2.17,0.56,-48
1787066503711,292443,Lumbar,sit,-0.1586,0.982832,0.221552,0.98,-1.82,0.28,-48
1787066503711,292460,Lumbar,sit,-0.159088,0.983808,0.220088,1.54,-1.89,0.07,-48
1787066503711,292477,Lumbar,sit,-0.160552,0.986248,0.2196,1.47,-2.03,0.21,-48
1787066503711,292494,Lumbar,sit,-0.161528,0.986248,0.219112,1.12,-2.24,0.42,-48
1787066503711,292511,Lumbar,sit,-0.160552,0.987712,0.218136,0.98,-2.24,0.49,-48
1787066504067,292686,Lumbar,sit,-0.162016,0.985272,0.220088,0.28,-2.03,0.56,-48
1787066504067,292718,Lumbar,sit,-0.16104,0.982832,0.22204,0.28,-1.89,0.49,-48
1787066504067,292735,Lumbar,sit,-0.160064,0.98332,0.22204,0.42,-1.75,0.49,-48
1787066504067,292752,Lumbar,sit,-0.161528,0.983808,0.223992,0.42,-1.61,0.49,-48
1787066504067,292769,Lumbar,sit,-0.160552,0.984296,0.223016,0.28,-1.68,0.49,-48
1787066504067,292800,Lumbar,sit,-0.159088,0.984784,0.22448,0.14,-1.68,0.42,-48
1787066504067,292816,Lumbar,sit,-0.160552,0.983808,0.223016,0.07,-1.75,0.35,-48
1787066504067,292833,Lumbar,sit,-0.160064,0.983808,0.223016,0,-1.75,0.42,-48
1787066504067,292850,Lumbar,sit,-0.1586,0.982344,0.22448,0.14,-1.75,0.49,-48
1787066504067,292867,Lumbar,sit,-0.157624,0.981856,0.223504,0.28,-1.68,0.49,-48
1787066504423,293042,Lumbar,sit,-0.1586,0.976976,0.227408,1.47,-2.45,0.07,-50
1787066504423,293073,Lumbar,sit,-0.162504,0.981368,0.223016,2.59,-3.01,0.56,-50
1787066504423,293090,Lumbar,sit,-0.162504,0.984296,0.225944,2.66,-2.59,0.56,-50
1787066504423,293107,Lumbar,sit,-0.16104,0.986248,0.225944,2.66,-2.24,0.49,-50
1787066504423,293124,Lumbar,sit,-0.159576,0.98576,0.226432,2.66,-2.24,0.42,-50
1787066504423,293155,Lumbar,sit,-0.161528,0.98332,0.226432,2.17,-2.87,0.28,-50
1787066504423,293172,Lumbar,sit,-0.162504,0.984296,0.223504,2.03,-3.01,0.35,-50
1787066504423,293189,Lumbar,sit,-0.160064,0.982832,0.225944,1.68,-2.94,0.49,-50
1787066504423,293206,Lumbar,sit,-0.1586,0.979416,0.230824,1.89,-2.38,0.56,-50
1787066504423,293223,Lumbar,sit,-0.157136,0.980392,0.227896,2.31,-2.03,0.42,-50
1787066504780,293398,Lumbar,sit,-0.16104,0.986736,0.22204,1.89,-2.38,0.14,-50
1787066504780,293429,Lumbar,sit,-0.1586,0.979904,0.226432,2.45,-2.24,0.14,-50
1787066504780,293446,Lumbar,sit,-0.159088,0.982344,0.22692,3.22,-2.24,0.14,-50
1787066504780,293463,Lumbar,sit,-0.161528,0.984296,0.22204,3.29,-2.24,0.14,-50
1787066504780,293480,Lumbar,sit,-0.162016,0.986736,0.221552,3.08,-2.38,0.21,-50
1787066504780,293511,Lumbar,sit,-0.160064,0.984784,0.220088,2.66,-2.31,0.21,-50
1787066504780,293528,Lumbar,sit,-0.159576,0.984784,0.219112,2.59,-2.1,0.28,-50
1787066504780,293545,Lumbar,sit,-0.159088,0.98332,0.218624,2.59,-2.1,0.28,-50
1787066504780,293562,Lumbar,sit,-0.159576,0.983808,0.219112,2.59,-2.24,0.21,-50
1787066504780,293579,Lumbar,sit,-0.162504,0.98332,0.219112,2.66,-2.17,0.35,-50
1787066505137,293754,Lumbar,sit,-0.160064,0.98576,0.216184,2.87,-1.82,0.28,-50
1787066505137,293784,Lumbar,sit,-0.159576,0.98576,0.215208,2.8,-2.03,0.28,-50
1787066505137,293802,Lumbar,sit,-0.158112,0.984784,0.216184,2.8,-1.96,0.21,-50
1787066505137,293820,Lumbar,sit,-0.1586,0.986248,0.214232,2.8,-1.75,0.21,-50
1787066505137,293836,Lumbar,sit,-0.159088,0.989176,0.20984,2.45,-1.96,0.07,-50
1787066505137,293867,Lumbar,sit,-0.160552,0.986248,0.212768,1.68,-2.73,0.07,-50
1787066505137,293884,Lumbar,sit,-0.160552,0.984296,0.216672,1.89,-2.8,0.28,-50
1787066505137,293901,Lumbar,sit,-0.161528,0.983808,0.216672,1.96,-2.66,0.35,-50
1787066505137,293918,Lumbar,sit,-0.162504,0.984784,0.217648,2.1,-2.59,0.42,-50
1787066505137,293935,Lumbar,sit,-0.164456,0.98576,0.216672,2.03,-2.45,0.49,-50
1787066505495,294111,Lumbar,sit,-0.1586,0.98576,0.217648,1.82,-2.03,0.42,-50
1787066505495,294142,Lumbar,sit,-0.16348,0.987712,0.213744,0.77,-2.52,0.7,-50
1787066505495,294159,Lumbar,sit,-0.16104,0.984296,0.217648,0.49,-2.38,0.84,-50
1787066505495,294177,Lumbar,sit,-0.16104,0.98332,0.218136,0.84,-2.03,0.84,-50
1787066505495,294194,Lumbar,sit,-0.16104,0.984784,0.218136,0.98,-1.89,0.63,-50
1787066505495,294225,Lumbar,sit,-0.160064,0.98576,0.215208,1.05,-2.03,0.42,-50
1787066505495,294242,Lumbar,sit,-0.160552,0.985272,0.215208,1.05,-1.96,0.49,-50
1787066505495,294259,Lumbar,sit,-0.160552,0.985272,0.219112,1.05,-1.82,0.56,-50
1787066505495,294276,Lumbar,sit,-0.157136,0.98576,0.218136,0.91,-1.54,0.56,-50
1787066505495,294293,Lumbar,sit,-0.159088,0.98576,0.2196,0.98,-1.75,0.63,-50
1787066505851,294468,Lumbar,sit,-0.162016,0.986248,0.22204,0.56,-2.1,0.28,-50
1787066505851,294500,Lumbar,sit,-0.158112,0.98576,0.220088,0.07,-1.68,0.14,-50
1787066505851,294517,Lumbar,sit,-0.1586,0.982832,0.220576,0.07,-1.61,0.28,-50
1787066505851,294534,Lumbar,sit,-0.159576,0.983808,0.220088,0.14,-1.61,0.49,-50
1787066505851,294551,Lumbar,sit,-0.162992,0.98332,0.221064,0.14,-1.47,0.49,-50
1787066505851,294582,Lumbar,sit,-0.162504,0.982832,0.22204,0.21,-1.54,0.49,-50
1787066505851,294599,Lumbar,sit,-0.160552,0.98332,0.223504,0.28,-1.61,0.49,-50
1787066505851,294616,Lumbar,sit,-0.161528,0.983808,0.222528,0.21,-1.82,0.35,-50
1787066505851,294633,Lumbar,sit,-0.16104,0.982344,0.2196,0.07,-1.96,0.28,-50
1787066505851,294650,Lumbar,sit,-0.162016,0.982832,0.22204,0.07,-1.96,0.35,-50
1787066506207,294823,Lumbar,sit,-0.1586,0.980392,0.227408,0.49,-1.54,0.42,-50
1787066506207,294854,Lumbar,sit,-0.160552,0.97844,0.228872,0.77,-1.96,0.42,-50
1787066506207,294871,Lumbar,sit,-0.162016,0.977952,0.227408,1.26,-2.17,0.42,-50
1787066506207,294888,Lumbar,sit,-0.162504,0.978928,0.224968,1.61,-2.31,0.42,-50
1787066506207,294905,Lumbar,sit,-0.162992,0.98332,0.225944,1.75,-2.17,0.56,-50
1787066506207,294936,Lumbar,sit,-0.160064,0.985272,0.221064,1.05,-1.75,0.7,-50
1787066506207,294953,Lumbar,sit,-0.160064,0.979416,0.223016,0.63,-2.03,0.14,-50
1787066506207,294970,Lumbar,sit,-0.159088,0.976488,0.228872,1.54,-2.66,0,-50
1787066506207,294987,Lumbar,sit,-0.159576,0.973072,0.230336,2.38,-2.8,0.28,-50
1787066506207,295004,Lumbar,sit,-0.162016,0.980392,0.229848,3.43,-3.08,0.49,-50
1787066506564,295179,Lumbar,sit,-0.160552,0.980392,0.227896,3.36,-2.38,0.49,-50
1787066506564,295211,Lumbar,sit,-0.162992,0.983808,0.224968,3.57,-2.73,0.56,-50
1787066506564,295228,Lumbar,sit,-0.160064,0.983808,0.223992,3.5,-2.66,0.63,-50
1787066506564,295245,Lumbar,sit,-0.159576,0.981856,0.223504,3.36,-2.31,0.49,-50
1787066506564,295262,Lumbar,sit,-0.160064,0.980392,0.22448,3.5,-2.24,0.56,-50
1787066506564,295293,Lumbar,sit,-0.16104,0.983808,0.223016,4.48,-2.24,0.63,-50
1787066506564,295310,Lumbar,sit,-0.162016,0.986736,0.220088,3.71,-2.38,0.56,-50
1787066506564,295327,Lumbar,sit,-0.161528,0.988688,0.218136,3.29,-2.45,0.42,-50
1787066506564,295344,Lumbar,sit,-0.159576,0.987712,0.22204,2.8,-2.66,0.21,-50
1787066506564,295361,Lumbar,sit,-0.1586,0.982344,0.22692,3.29,-2.59,0.07,-50
1787066506921,295536,Lumbar,sit,-0.162016,0.984784,0.220088,3.15,-1.47,0.14,-52
1787066506921,295567,Lumbar,sit,-0.16104,0.988688,0.218136,2.59,-1.54,0.14,-52
1787066506921,295584,Lumbar,sit,-0.161528,0.988688,0.216672,2.31,-1.89,0.21,-52
1787066506921,295601,Lumbar,sit,-0.162016,0.98576,0.213256,2.1,-1.96,0.28,-52
1787066506921,295618,Lumbar,sit,-0.161528,0.983808,0.215208,1.96,-2.1,0.28,-52
1787066506921,295648,Lumbar,sit,-0.162016,0.985272,0.21716,2.38,-1.82,0.42,-52
1787066506921,295666,Lumbar,sit,-0.163968,0.984784,0.208376,2.31,-1.75,0.56,-52
1787066506921,295682,Lumbar,sit,-0.161528,0.981856,0.203008,2.1,-2.38,0.63,-52
1787066506921,295699,Lumbar,sit,-0.159576,0.976488,0.207888,2.66,-2.73,0.42,-52
1787066506921,295716,Lumbar,sit,-0.159576,0.975024,0.21228,3.92,-2.52,0.42,-52
1787066507279,295892,Lumbar,sit,-0.157624,0.980392,0.217648,3.08,-2.8,0.28,-52
1787066507279,295924,Lumbar,sit,-0.157136,0.9882,0.213744,3.71,-2.1,-0.14,-52
1787066507279,295941,Lumbar,sit,-0.158112,0.991616,0.208864,3.5,-1.82,-0.35,-52
1787066507279,295958,Lumbar,sit,-0.155184,0.988688,0.204472,3.29,-1.33,-0.7,-52
1787066507279,295975,Lumbar,sit,-0.152744,0.986736,0.204472,3.71,-1.4,-0.91,-52
1787066507279,296006,Lumbar,sit,-0.152744,0.989664,0.206912,3.71,-1.75,-0.56,-52
1787066507279,296023,Lumbar,sit,-0.154208,0.991616,0.206912,2.66,-2.1,-0.35,-52
1787066507279,296040,Lumbar,sit,-0.155672,0.987712,0.214232,1.89,-1.89,-0.14,-52
1787066507279,296057,Lumbar,sit,-0.157136,0.98576,0.219112,2.17,-1.47,-0.07,-52
1787066507279,296074,Lumbar,sit,-0.160064,0.988688,0.218136,2.45,-1.19,-0.35,-52
1787066507637,296251,Lumbar,sit,-0.169336,0.977952,0.208864,1.61,-2.03,0.21,-49
1787066507637,296281,Lumbar,sit,-0.167872,0.984784,0.212768,2.52,-2.17,-0.07,-49
1787066507637,296299,Lumbar,sit,-0.167384,0.987712,0.21472,2.52,-2.38,-0.07,-49
1787066507637,296316,Lumbar,sit,-0.168848,0.989176,0.213744,2.45,-2.17,0.14,-49
1787066507637,296333,Lumbar,sit,-0.168848,0.99064,0.206424,2.03,-1.89,0.28,-49
1787066507637,296364,Lumbar,sit,-0.167384,0.987224,0.203008,1.19,-1.82,0.49,-49
1787066507637,296381,Lumbar,sit,-0.164456,0.984296,0.199592,1.19,-2.1,0.56,-49
1787066507637,296398,Lumbar,sit,-0.163968,0.985272,0.202032,1.47,-2.38,0.63,-49
1787066507637,296415,Lumbar,sit,-0.162992,0.986248,0.203496,1.54,-2.52,0.84,-49
1787066507637,296432,Lumbar,sit,-0.16348,0.9882,0.203496,1.54,-2.66,0.91,-49
1787066507993,296609,Lumbar,sit,-0.16348,0.986736,0.206912,2.31,-1.82,0.63,-49
1787066507993,296639,Lumbar,sit,-0.162504,0.983808,0.20496,2.45,-2.1,0.42,-49
1787066507993,296657,Lumbar,sit,-0.16348,0.982832,0.206912,2.8,-2.31,0.42,-49
1787066507993,296673,Lumbar,sit,-0.163968,0.984784,0.2074,3.22,-2.45,0.49,-49
1787066507993,296690,Lumbar,sit,-0.164456,0.986736,0.206424,3.29,-2.17,0.49,-49
1787066507993,296721,Lumbar,sit,-0.164944,0.991616,0.201544,2.52,-2.17,0.28,-49
1787066507993,296738,Lumbar,sit,-0.161528,0.991128,0.201544,2.1,-2.17,0.14,-49
1787066507993,296755,Lumbar,sit,-0.162504,0.990152,0.201056,1.96,-2.17,0.21,-49
1787066507993,296772,Lumbar,sit,-0.164944,0.988688,0.201056,1.68,-2.17,0.42,-49
1787066507993,296789,Lumbar,sit,-0.162992,0.987224,0.204472,1.33,-2.1,0.49,-49
1787066508351,296965,Lumbar,sit,-0.16836,0.989664,0.201544,0.98,-2.87,0.42,-49
1787066508351,296997,Lumbar,sit,-0.166896,0.985272,0.206424,1.05,-2.45,0.84,-49
1787066508351,297014,Lumbar,sit,-0.166896,0.985272,0.20496,1.54,-2.1,0.63,-49
1787066508351,297031,Lumbar,sit,-0.167384,0.986248,0.205448,1.68,-2.1,0.56,-49
1787066508351,297048,Lumbar,sit,-0.16836,0.986248,0.20496,1.75,-2.24,0.42,-49
1787066508351,297079,Lumbar,sit,-0.167384,0.987224,0.205936,1.75,-2.17,0.49,-49
1787066508351,297096,Lumbar,sit,-0.165432,0.987712,0.206424,1.54,-1.82,0.56,-49
1787066508351,297113,Lumbar,sit,-0.163968,0.986736,0.206912,1.54,-1.82,0.7,-49
1787066508351,297130,Lumbar,sit,-0.163968,0.985272,0.20496,1.33,-1.82,0.91,-49
1787066508351,297147,Lumbar,sit,-0.168848,0.987712,0.20252,1.05,-2.1,1.12,-49
1787066508710,297323,Lumbar,sit,-0.161528,0.987224,0.211792,-0.21,-3.08,1.75,-50
1787066508710,297354,Lumbar,sit,-0.158112,0.987712,0.211792,-0.49,-2.17,1.54,-50
1787066508710,297371,Lumbar,sit,-0.157136,0.986736,0.21228,-0.7,-1.82,1.47,-50
1787066508710,297389,Lumbar,sit,-0.155184,0.985272,0.211792,-0.7,-1.68,1.47,-50
1787066508710,297406,Lumbar,sit,-0.150792,0.98332,0.214232,-0.35,-1.54,1.4,-50
1787066508710,297437,Lumbar,sit,-0.147864,0.984784,0.212768,0.42,-1.4,0.42,-50
1787066508710,297453,Lumbar,sit,-0.1464,0.989664,0.213256,0.56,-1.4,0.14,-50
1787066508710,297470,Lumbar,sit,-0.146888,0.991128,0.212768,0.42,-1.47,-0.35,-50
1787066508710,297487,Lumbar,sit,-0.147376,0.992592,0.211792,-0.07,-1.54,-0.49,-50
1787066508710,297504,Lumbar,sit,-0.148352,0.989664,0.21228,-0.63,-1.68,-0.63,-50
1787066509068,297680,Lumbar,sit,-0.172264,0.985272,0.22204,0.21,-1.4,-0.28,-50
1787066509068,297711,Lumbar,sit,-0.17324,0.985272,0.220088,-0.7,-0.84,-0.07,-50
1787066509068,297729,Lumbar,sit,-0.17324,0.985272,0.216184,-1.05,-1.4,-0.42,-50
1787066509068,297746,Lumbar,sit,-0.170312,0.98088,0.214232,-1.4,-1.75,-0.42,-50
1787066509068,297763,Lumbar,sit,-0.169336,0.976488,0.218624,-0.7,-1.96,-0.07,-50
1787066509068,297780,Lumbar,sit,-0.169336,0.977464,0.22448,0.07,-1.68,0.28,-50
1787066509068,297811,Lumbar,sit,-0.16592,0.983808,0.22936,0.84,-1.33,0.49,-50
1787066509068,297828,Lumbar,sit,-0.162504,0.98576,0.230336,0.7,-1.61,0.42,-50
1787066509068,297845,Lumbar,sit,-0.161528,0.986736,0.230336,0.42,-2.1,0.35,-50
1787066509068,297862,Lumbar,sit,-0.160552,0.987712,0.225456,-0.21,-2.52,0.35,-50
1787066509427,298039,Lumbar,sit,-0.162504,0.976,0.237656,-0.14,-2.52,0.91,-50
1787066509427,298070,Lumbar,sit,-0.166408,0.981856,0.235704,-0.21,-2.17,0.84,-50
1787066509427,298087,Lumbar,sit,-0.163968,0.981368,0.237168,-0.35,-2.17,0.56,-50
1787066509427,298104,Lumbar,sit,-0.164456,0.978928,0.241072,-0.49,-2.31,0.49,-50
1787066509427,298121,Lumbar,sit,-0.16348,0.974048,0.243512,0.21,-2.24,0.49,-50
1787066509427,298152,Lumbar,sit,-0.163968,0.976976,0.242048,1.4,-1.96,0.56,-50
1787066509427,298169,Lumbar,sit,-0.16348,0.981368,0.238632,1.47,-1.75,0.49,-50
1787066509427,298186,Lumbar,sit,-0.16104,0.981856,0.23912,1.4,-1.61,0.49,-50
1787066509427,298203,Lumbar,sit,-0.160552,0.981856,0.236192,1.47,-1.61,0.49,-50
1787066509427,298220,Lumbar,sit,-0.159088,0.981856,0.234728,1.54,-1.61,0.28,-50
1787066509782,298397,Lumbar,sit,-0.16104,0.980392,0.240096,2.87,-1.75,0,-50
1787066509782,298428,Lumbar,sit,-0.164456,0.977464,0.232288,3.15,-1.89,0.14,-50
1787066509782,298445,Lumbar,sit,-0.168848,0.979904,0.23424,3.29,-1.96,0.28,-50
1787066509782,298462,Lumbar,sit,-0.1708,0.98332,0.23668,3.01,-2.1,0.7,-50
1787066509782,298479,Lumbar,sit,-0.17324,0.98332,0.235704,2.38,-2.1,0.91,-50
1787066509782,298510,Lumbar,sit,-0.168848,0.976976,0.236192,1.89,-2.31,0.35,-50
1787066509782,298527,Lumbar,sit,-0.166408,0.97356,0.23668,2.87,-2.59,0.35,-50
1787066509782,298544,Lumbar,sit,-0.165432,0.974048,0.230824,3.92,-2.8,0.7,-50
1787066509782,298561,Lumbar,sit,-0.164456,0.976,0.230824,4.41,-2.8,1.05,-50
1787066509782,298578,Lumbar,sit,-0.167384,0.982832,0.230336,4.9,-2.66,1.05,-50
1787066510138,298752,Lumbar,sit,-0.15372,0.981856,0.227896,1.61,-2.73,0.7,-52
1787066510138,298782,Lumbar,sit,-0.153232,0.98088,0.22936,1.96,-2.59,0.56,-52
1787066510138,298800,Lumbar,sit,-0.153232,0.977952,0.2318,2.17,-2.52,0.56,-52
1787066510138,298816,Lumbar,sit,-0.153232,0.977952,0.23424,2.87,-2.52,0.7,-52
1787066510138,298833,Lumbar,sit,-0.157136,0.98088,0.236192,3.22,-2.45,0.7,-52
1787066510138,298864,Lumbar,sit,-0.161528,0.987712,0.227408,2.03,-2.66,0.56,-52
1787066510138,298881,Lumbar,sit,-0.162992,0.98576,0.227408,1.68,-2.8,0.35,-52
1787066510138,298898,Lumbar,sit,-0.160552,0.976976,0.232288,1.82,-2.8,0.28,-52
1787066510138,298915,Lumbar,sit,-0.16104,0.973072,0.23424,3.15,-2.38,0.14,-52
1787066510138,298932,Lumbar,sit,-0.161528,0.979416,0.229848,4.06,-2.03,0.07,-52
1787066510495,299107,Lumbar,sit,-0.160552,0.988688,0.227896,1.33,-1.82,0.42,-52
1787066510495,299138,Lumbar,sit,-0.16104,0.989176,0.221064,0.21,-2.31,0.42,-52
1787066510495,299155,Lumbar,sit,-0.16104,0.989664,0.220088,-0.07,-2.45,0.63,-52
1787066510495,299173,Lumbar,sit,-0.162992,0.986736,0.220088,-0.91,-2.31,0.84,-52
1787066510495,299190,Lumbar,sit,-0.161528,0.982344,0.227408,-0.91,-1.75,0.84,-52
1787066510495,299221,Lumbar,sit,-0.1586,0.982832,0.235704,-0.35,-1.19,0.07,-52
1787066510495,299238,Lumbar,sit,-0.157136,0.983808,0.234728,-0.21,-1.54,0,-52
1787066510495,299255,Lumbar,sit,-0.159088,0.986736,0.22936,-0.56,-2.1,0.21,-52
1787066510495,299272,Lumbar,sit,-0.160064,0.985272,0.227896,-1.12,-2.1,0.28,-52
1787066510495,299289,Lumbar,sit,-0.159576,0.984296,0.22692,-1.05,-1.54,0.28,-52
1787066510856,299465,Lumbar,sit,-0.164944,0.980392,0.237168,-0.07,-2.31,0.56,-52
1787066510856,299496,Lumbar,sit,-0.165432,0.978928,0.233264,-0.49,-2.1,0.28,-52
1787066510856,299513,Lumbar,sit,-0.162016,0.976488,0.22936,-0.77,-2.17,0.14,-52
1787066510856,299530,Lumbar,sit,-0.164944,0.976,0.225944,-1.33,-2.87,-0.28,-52
1787066510856,299547,Lumbar,sit,-0.16592,0.974048,0.233752,-1.61,-3.92,-0.21,-52
1787066510856,299578,Lumbar,sit,-0.160552,0.972584,0.253272,0.14,-3.36,0.42,-52
1787066510856,299595,Lumbar,sit,-0.157136,0.973072,0.25376,0.77,-2.59,0.42,-52
1787066510856,299612,Lumbar,sit,-0.161528,0.976,0.252296,1.26,-3.01,0.28,-52
1787066510856,299629,Lumbar,sit,-0.163968,0.977952,0.249368,1.54,-3.78,0.42,-52
1787066510856,299646,Lumbar,sit,-0.167384,0.98088,0.246928,1.61,-4.13,0.7,-52
1787066511215,299822,Lumbar,sit,-0.153232,0.984296,0.235216,2.73,-2.87,1.54,-51
1787066511215,299853,Lumbar,sit,-0.155184,0.987712,0.243024,2.8,-2.45,1.19,-51
1787066511215,299870,Lumbar,sit,-0.155184,0.988688,0.243512,2.38,-2.73,1.12,-51
1787066511215,299888,Lumbar,sit,-0.15616,0.987224,0.242048,2.03,-2.87,0.98,-51
1787066511215,299905,Lumbar,sit,-0.154208,0.986736,0.237656,1.75,-2.87,1.05,-51
1787066511215,299922,Lumbar,sit,-0.151768,0.988688,0.230336,1.19,-2.38,1.12,-51
1787066511215,299953,Lumbar,sit,-0.147376,0.983808,0.231312,-0.56,-2.24,0.28,-51
1787066511215,299970,Lumbar,sit,-0.1464,0.973072,0.238632,-0.7,-2.66,-0.14,-51
1787066511215,299987,Lumbar,sit,-0.145424,0.970144,0.242536,-0.28,-2.87,0.14,-51
1787066511215,300004,Lumbar,sit,-0.145424,0.969656,0.246928,0.77,-2.94,0.28,-51
1787066511569,300180,Lumbar,sit,-0.162016,0.984296,0.236192,4.9,-0.91,0.49,-51
1787066511569,300210,Lumbar,sit,-0.160064,0.990152,0.22448,3.71,-1.12,0.28,-51
1787066511569,300227,Lumbar,sit,-0.15616,0.989664,0.223016,2.73,-1.05,0,-51
1787066511569,300244,Lumbar,sit,-0.155184,0.986248,0.22692,2.24,-1.19,-0.21,-51
1787066511569,300261,Lumbar,sit,-0.152744,0.982344,0.225944,2.38,-1.33,-0.14,-51
1787066511569,300292,Lumbar,sit,-0.154696,0.989664,0.218624,1.75,-2.45,0.14,-51
1787066511569,300309,Lumbar,sit,-0.153232,0.991128,0.218624,1.19,-2.8,0.14,-51
1787066511569,300326,Lumbar,sit,-0.152256,0.986248,0.22448,0.28,-3.01,0.21,-51
1787066511569,300343,Lumbar,sit,-0.152744,0.974536,0.234728,0.42,-3.36,0.42,-51
1787066511569,300360,Lumbar,sit,-0.155184,0.972096,0.244,1.61,-3.36,0.7,-51
1787066511926,300535,Lumbar,sit,-0.15372,0.984784,0.22692,1.89,-1.61,0.7,-51
1787066511926,300567,Lumbar,sit,-0.155184,0.981856,0.238632,1.54,-2.45,0.63,-51
1787066511926,300584,Lumbar,sit,-0.154208,0.981856,0.243024,2.45,-2.38,0.56,-51
1787066511926,300601,Lumbar,sit,-0.154208,0.98576,0.243024,2.52,-2.38,0.42,-51
1787066511926,300618,Lumbar,sit,-0.155672,0.9882,0.23424,1.75,-2.52,0.35,-51
1787066511926,300649,Lumbar,sit,-0.158112,0.983808,0.225456,0.49,-2.66,0.49,-51
1787066511926,300666,Lumbar,sit,-0.156648,0.982832,0.2318,0.21,-2.24,0.63,-51
1787066511926,300683,Lumbar,sit,-0.157136,0.986248,0.240096,0.14,-1.54,0.84,-51
1787066511926,300700,Lumbar,sit,-0.157624,0.9882,0.243512,-0.42,-1.19,0.56,-51
1787066511926,300717,Lumbar,sit,-0.1586,0.9882,0.243024,-1.12,-2.17,0,-51
1787066512281,300891,Lumbar,sit,-0.150304,0.981856,0.246928,-4.55,-1.19,0.35,-51
1787066512281,300922,Lumbar,sit,-0.150792,0.977464,0.247416,-4.2,-1.33,0.49,-51
1787066512281,300939,Lumbar,sit,-0.149816,0.975512,0.247416,-3.64,-2.03,0.35,-51
1787066512281,300956,Lumbar,sit,-0.149816,0.975512,0.252784,-3.08,-2.31,0.28,-51
1787066512281,300973,Lumbar,sit,-0.149328,0.976,0.258152,-2.59,-2.1,0.21,-51
1787066512281,301004,Lumbar,sit,-0.15128,0.973072,0.262544,-2.24,-1.33,-0.14,-51
1787066512281,301021,Lumbar,sit,-0.150792,0.97356,0.25864,-1.47,-1.19,-0.28,-51
1787066512281,301038,Lumbar,sit,-0.152744,0.974048,0.25132,-1.05,-1.33,-0.42,-51
1787066512281,301055,Lumbar,sit,-0.153232,0.972096,0.250344,-0.84,-1.33,-0.7,-51
1787066512281,301072,Lumbar,sit,-0.152256,0.970632,0.25132,-0.42,-1.26,-0.77,-51
1787066512641,301248,Lumbar,sit,-0.169336,0.986248,0.251808,2.45,-1.82,0.49,-53
1787066512641,301280,Lumbar,sit,-0.162992,0.972584,0.254736,1.82,-0.91,0.7,-53
1787066512641,301297,Lumbar,sit,-0.161528,0.971608,0.2562,2.8,-0.7,0.42,-53
1787066512641,301314,Lumbar,sit,-0.162504,0.975512,0.254248,3.5,-1.05,0.07,-53
1787066512641,301331,Lumbar,sit,-0.162992,0.977952,0.24888,3.43,-1.75,-0.07,-53
1787066512641,301362,Lumbar,sit,-0.16348,0.982344,0.243512,2.03,-2.38,0.07,-53
1787066512641,301379,Lumbar,sit,-0.162504,0.980392,0.244,1.61,-2.38,0.49,-53
1787066512641,301396,Lumbar,sit,-0.161528,0.977952,0.246928,1.61,-2.1,0.7,-53
1787066512641,301413,Lumbar,sit,-0.162016,0.973072,0.251808,2.1,-2.1,0.7,-53
1787066512641,301430,Lumbar,sit,-0.16104,0.975024,0.255224,2.66,-2.31,0.49,-53
1787066512995,301605,Lumbar,sit,-0.156648,0.979904,0.244976,1.61,-2.17,0.7,-53
1787066512995,301637,Lumbar,sit,-0.154208,0.975512,0.25132,2.31,-2.52,0.49,-53
1787066512995,301654,Lumbar,sit,-0.15616,0.981856,0.25132,1.96,-2.52,0.56,-53
1787066512995,301671,Lumbar,sit,-0.157136,0.982832,0.25132,1.4,-2.17,0.7,-53
1787066512995,301688,Lumbar,sit,-0.15616,0.98088,0.250344,1.19,-1.96,0.7,-53
1787066512995,301719,Lumbar,sit,-0.15372,0.978928,0.246928,1.54,-1.47,0.28,-53
1787066512995,301736,Lumbar,sit,-0.155184,0.981368,0.244488,1.68,-1.61,0.07,-53
1787066512995,301753,Lumbar,sit,-0.155672,0.982344,0.242536,1.47,-1.82,-0.07,-53
1787066512995,301769,Lumbar,sit,-0.157136,0.98088,0.244488,1.12,-2.1,-0.07,-53
1787066512995,301786,Lumbar,sit,-0.155672,0.978928,0.246928,0.98,-2.1,-0.07,-53
1787066513356,301961,Lumbar,sit,-0.158112,0.975024,0.245464,1.33,-1.26,-0.63,-53
1787066513356,301992,Lumbar,sit,-0.150792,0.97112,0.26108,2.94,-1.47,-0.42,-53
1787066513356,302009,Lumbar,sit,-0.15372,0.973072,0.26108,3.22,-1.61,17.71,-53
1787066513356,302026,Lumbar,sit,-0.157624,0.974536,0.256688,3.64,-1.96,0.21,-53
1787066513356,302043,Lumbar,sit,-0.162992,0.978928,0.25132,3.36,-2.17,0.63,-53
1787066513356,302074,Lumbar,sit,-0.166408,0.980392,0.244976,2.66,-2.1,0.84,-53
1787066513356,302091,Lumbar,sit,-0.168848,0.978928,0.247416,2.66,-2.03,0.84,-53
1787066513356,302108,Lumbar,sit,-0.16836,0.98088,0.247904,2.94,-1.75,0.77,-53
1787066513356,302125,Lumbar,sit,-0.166896,0.982344,0.242048,2.59,-1.68,0.49,-53
1787066513356,302142,Lumbar,sit,-0.164456,0.98088,0.240584,2.31,-1.75,0.42,-53
1787066513723,302317,Lumbar,sit,-0.161528,0.98332,0.243024,1.68,-2.38,0.77,-54
1787066513723,302349,Lumbar,sit,-0.16104,0.983808,0.237168,0.63,-2.87,0.63,-54
1787066513723,302366,Lumbar,sit,-0.158112,0.979904,0.243024,0.42,-2.87,0.63,-54
1787066513723,302383,Lumbar,sit,-0.15616,0.976976,0.25376,1.19,-2.38,0.56,-54
1787066513723,302400,Lumbar,sit,-0.155672,0.980392,0.250344,1.75,-2.1,0.35,-54
1787066513723,302431,Lumbar,sit,-0.15372,0.978928,0.24888,1.19,-2.45,0.21,-54
1787066513723,302448,Lumbar,sit,-0.153232,0.976488,0.249368,1.33,-2.66,0.28,-54
1787066513723,302465,Lumbar,sit,-0.152744,0.975024,0.25132,1.54,-2.52,0.28,-54
1787066513723,302482,Lumbar,sit,-0.153232,0.973072,0.252296,1.75,-2.38,0.35,-54
1787066513723,302499,Lumbar,sit,-0.159088,0.974048,0.25132,2.24,-1.96,0.84,-54
1787066514065,302675,Lumbar,sit,-0.15616,0.9882,0.239608,1.75,-2.38,0.56,-54
1787066514065,302706,Lumbar,sit,-0.152256,0.980392,0.244,0.91,-1.61,0.42,-54
1787066514065,302723,Lumbar,sit,-0.149328,0.977952,0.24156,1.12,-1.4,0.28,-54
1787066514065,302740,Lumbar,sit,-0.150792,0.977464,0.243024,1.68,-1.68,0.21,-54
1787066514065,302757,Lumbar,sit,-0.152256,0.977464,0.244976,1.96,-1.82,0.35,-54
1787066514065,302788,Lumbar,sit,-0.156648,0.981856,0.249368,3.01,-1.68,0.42,-54
1787066514065,302805,Lumbar,sit,-0.1586,0.983808,0.247416,2.73,-1.47,0.42,-54
1787066514065,302822,Lumbar,sit,-0.161528,0.985272,0.239608,2.17,-1.54,0.42,-54
1787066514065,302839,Lumbar,sit,-0.161528,0.98332,0.238144,1.47,-1.96,0.49,-54
1787066514065,302855,Lumbar,sit,-0.160552,0.981856,0.236192,1.19,-2.1,0.49,-54
1787066514425,303031,Lumbar,sit,-0.160552,0.973072,0.255224,3.01,-2.17,0.49,-54
1787066514425,303062,Lumbar,sit,-0.165432,0.987712,0.24644,2.87,-2.73,0.49,-54
1787066514425,303079,Lumbar,sit,-0.164456,0.989664,0.237168,1.47,-2.87,0.7,-54
1787066514425,303097,Lumbar,sit,-0.159576,0.985272,0.233752,0.98,-2.31,0.91,-54
1787066514425,303114,Lumbar,sit,-0.15372,0.976976,0.235216,0.98,-1.89,0.84,-54
1787066514425,303131,Lumbar,sit,-0.154696,0.974048,0.240096,1.82,-1.4,0.63,-54
1787066514425,303162,Lumbar,sit,-0.155184,0.979416,0.247416,2.66,-2.03,0.35,-54
1787066514425,303179,Lumbar,sit,-0.156648,0.980392,0.24888,2.45,-2.38,0.42,-54
1787066514425,303196,Lumbar,sit,-0.15372,0.97844,0.245952,2.31,-2.17,0.49,-54
1787066514425,303213,Lumbar,sit,-0.15372,0.97844,0.242048,2.31,-1.68,0.35,-54
1787066514781,303388,Lumbar,sit,-0.16348,0.987224,0.221552,5.67,-1.75,-0.21,-54
1787066514781,303420,Lumbar,sit,-0.163968,0.990152,0.232288,3.57,-1.89,0.28,-54
1787066514781,303437,Lumbar,sit,-0.164944,0.989176,0.23424,3.22,-1.82,0.56,-54
1787066514781,303455,Lumbar,sit,-0.164944,0.986736,0.235704,2.52,-1.75,0.7,-54
1787066514781,303472,Lumbar,sit,-0.162504,0.984784,0.233752,2.17,-2.03,0.63,-54
1787066514781,303489,Lumbar,sit,-0.160064,0.98332,0.231312,1.96,-2.59,0.49,-54
1787066514781,303520,Lumbar,sit,-0.159088,0.98332,0.233264,1.96,-2.45,0.56,-54
1787066514781,303537,Lumbar,sit,-0.1586,0.982832,0.235704,2.1,-1.96,0.84,-54
1787066514781,303554,Lumbar,sit,-0.159576,0.984296,0.2318,1.68,-1.61,0.77,-54
1787066514781,303571,Lumbar,sit,-0.1586,0.984296,0.2318,1.33,-2.03,0.35,-54
1787066515137,303746,Lumbar,sit,-0.161528,0.991128,0.223504,0.56,-2.59,0.84,-52
1787066515137,303777,Lumbar,sit,-0.160064,0.977952,0.22204,0.14,-2.87,0.77,-52
1787066515137,303794,Lumbar,sit,-0.159088,0.974536,0.225944,0.91,-3.01,0.84,-52
1787066515137,303811,Lumbar,sit,-0.159576,0.977464,0.232776,2.03,-3.08,0.84,-52
1787066515137,303828,Lumbar,sit,-0.159088,0.982832,0.233264,2.8,-2.8,0.84,-52
1787066515137,303858,Lumbar,sit,-0.15616,0.986248,0.230824,2.52,-2.24,0.84,-52
1787066515137,303875,Lumbar,sit,-0.155184,0.984784,0.233264,2.1,-2.17,0.77,-52
1787066515137,303892,Lumbar,sit,-0.155672,0.984784,0.231312,2.1,-2.17,0.77,-52
1787066515137,303909,Lumbar,sit,-0.155672,0.984784,0.229848,1.96,-2.17,0.63,-52
1787066515137,303926,Lumbar,sit,-0.155672,0.984296,0.230824,1.33,-2.31,0.49,-52
1787066515495,304101,Lumbar,sit,-0.157136,0.979904,0.228872,2.45,-1.54,0,-52
1787066515495,304133,Lumbar,sit,-0.159088,0.979416,0.217648,2.45,-2.17,0.21,-52
1787066515495,304150,Lumbar,sit,-0.1586,0.980392,0.223992,2.66,-2.52,0.42,-52
1787066515495,304167,Lumbar,sit,-0.159576,0.981856,0.227896,3.29,-2.45,0.49,-52
1787066515495,304184,Lumbar,sit,-0.159576,0.984296,0.227896,3.64,-2.24,0.42,-52
1787066515495,304215,Lumbar,sit,-0.161528,0.992592,0.227408,2.59,-2.31,0.28,-52
1787066515495,304232,Lumbar,sit,-0.16104,0.991616,0.224968,1.96,-2.24,0.28,-52
1787066515495,304249,Lumbar,sit,-0.1586,0.9882,0.224968,1.68,-2.03,0.28,-52
1787066515495,304266,Lumbar,sit,-0.157136,0.98332,0.222528,1.61,-1.82,0.42,-52
1787066515495,304283,Lumbar,sit,-0.15616,0.981856,0.222528,1.47,-1.89,0.42,-52
1787066515852,304459,Lumbar,sit,-0.1586,0.984296,0.23424,2.52,-0.14,0.14,-52
1787066515852,304490,Lumbar,sit,-0.163968,0.99064,0.218624,1.33,-0.98,-0.21,-52
1787066515852,304507,Lumbar,sit,-0.162016,0.982344,0.21716,0.49,-1.05,-0.14,-52
1787066515852,304524,Lumbar,sit,-0.160064,0.977464,0.218136,0.63,-0.98,0.07,-52
1787066515852,304541,Lumbar,sit,-0.160064,0.979416,0.216672,1.47,-1.33,0.14,-52
1787066515852,304572,Lumbar,sit,-0.157136,0.98088,0.221064,1.12,-2.03,-0.07,-52
1787066515852,304589,Lumbar,sit,-0.157136,0.974536,0.225944,1.26,-2.59,-0.14,-52
1787066515852,304606,Lumbar,sit,-0.155184,0.970144,0.22936,2.8,-3.08,0.14,-52
1787066515852,304623,Lumbar,sit,-0.160552,0.981368,0.223992,3.43,-2.94,0.56,-52
1787066515852,304640,Lumbar,sit,-0.161528,0.9882,0.22204,2.38,-2.66,0.77,-52
1787066516214,304815,Lumbar,sit,-0.160064,0.979416,0.228872,1.68,-2.03,0.7,-50
1787066516214,304846,Lumbar,sit,-0.162992,0.988688,0.223992,1.89,-2.59,0.77,-50
1787066516214,304863,Lumbar,sit,-0.164456,0.993568,0.208376,0.28,-2.94,0.84,-50
1787066516214,304879,Lumbar,sit,-0.16348,0.991616,0.206424,-1.89,-3.57,1.54,-50
1787066516214,304896,Lumbar,sit,-0.157136,0.99064,0.223992,-2.94,-3.22,1.89,-50
1787066516214,304927,Lumbar,sit,-0.153232,0.987224,0.251808,-3.92,-2.31,1.12,-50
1787066516214,304944,Lumbar,sit,-0.159576,0.979904,0.25132,-4.41,-2.24,0.91,-50
1787066516214,304961,Lumbar,sit,-0.161528,0.972584,0.246928,-4.06,-3.08,0.98,-50
1787066516214,304978,Lumbar,sit,-0.160552,0.969168,0.245952,-1.82,-3.43,0.77,-50
1787066516214,304995,Lumbar,sit,-0.15372,0.96136,0.24888,-0.07,-3.29,0.63,-50
1787066516623,305228,Lumbar,sit,-0.162504,0.984296,0.2196,3.92,-1.96,0.63,-50
1787066516623,305260,Lumbar,sit,-0.155184,0.985272,0.202032,1.96,-4.13,1.05,-50
1787066516623,305277,Lumbar,sit,-0.149328,0.981856,0.218624,2.1,-3.78,1.12,-50
1787066516623,305294,Lumbar,sit,-0.147864,0.983808,0.227408,3.29,-2.73,0.91,-50
1787066516623,305311,Lumbar,sit,-0.150304,0.9882,0.228384,3.29,-2.1,0.84,-50
1787066516623,305342,Lumbar,sit,-0.15372,0.992592,0.232776,1.89,-2.59,0.07,-50
1787066516623,305359,Lumbar,sit,-0.152256,0.981856,0.242536,1.61,-2.73,-0.77,-50
1787066516623,305376,Lumbar,sit,-0.154696,0.976,0.24888,3.08,-2.1,-0.84,-50
1787066516623,305393,Lumbar,sit,-0.157136,0.972584,0.247904,3.99,-1.68,-0.77,-50
1787066516623,305410,Lumbar,sit,-0.160552,0.985272,0.23668,4.41,-1.26,-0.7,-50
1787066516990,305585,Lumbar,sit,-0.164944,0.98088,0.208376,1.75,-1.89,0.56,-50
1787066516990,305617,Lumbar,sit,-0.162016,0.98088,0.22204,2.8,-1.68,0.49,-50
1787066516990,305634,Lumbar,sit,-0.163968,0.989664,0.223992,2.73,-2.73,0.42,-50
1787066516990,305651,Lumbar,sit,-0.165432,0.99064,0.227896,1.61,-3.36,0.28,-50
1787066516990,305668,Lumbar,sit,-0.165432,0.9882,0.227408,1.19,-2.94,0.28,-50
1787066516990,305699,Lumbar,sit,-0.162504,0.98332,0.209352,1.89,-1.89,0.35,-50
1787066516990,305716,Lumbar,sit,-0.162016,0.983808,0.197152,1.19,-2.31,0.35,-50
1787066516990,305733,Lumbar,sit,-0.162504,0.980392,0.198616,1.05,-2.8,0.49,-50
1787066516990,305750,Lumbar,sit,-0.162504,0.980392,0.223016,2.31,-3.08,0.77,-50
1787066516990,305767,Lumbar,sit,-0.16104,0.982832,0.235704,3.15,-2.66,0.84,-50
1787066517340,305941,Lumbar,sit,-0.169336,0.98576,0.21716,0.84,-2.03,-0.14,-49
1787066517340,305972,Lumbar,sit,-0.160552,0.976,0.205448,2.73,-2.24,0,-49
1787066517340,305989,Lumbar,sit,-0.159576,0.97844,0.20496,3.01,-1.75,0.35,-49
1787066517340,306007,Lumbar,sit,-0.159088,0.981856,0.208376,3.15,-1.68,0.42,-49
1787066517340,306023,Lumbar,sit,-0.159576,0.987712,0.218624,3.08,-2.03,0.42,-49
1787066517340,306054,Lumbar,sit,-0.162504,0.995032,0.212768,2.45,-2.52,0.21,-49
1787066517340,306071,Lumbar,sit,-0.164944,0.9882,0.208864,1.26,-2.73,0.07,-49
1787066517340,306088,Lumbar,sit,-0.165432,0.982344,0.20984,1.68,-2.66,0.21,-49
1787066517340,306105,Lumbar,sit,-0.166896,0.985272,0.207888,2.03,-2.52,0.28,-49
1787066517340,306122,Lumbar,sit,-0.166408,0.987712,0.207888,1.19,-2.59,0.56,-49
1787066517692,306298,Lumbar,sit,-0.165432,0.984296,0.234728,3.5,-1.12,0.42,-49
1787066517692,306329,Lumbar,sit,-0.165432,0.98332,0.225944,4.34,-0.91,-0.63,-49
1787066517692,306346,Lumbar,sit,-0.165432,0.986736,0.213256,4.69,-1.26,-0.49,-49
1787066517692,306363,Lumbar,sit,-0.167384,0.990152,0.19764,4.48,-1.26,-0.14,-49
1787066517692,306380,Lumbar,sit,-0.168848,0.989664,0.18788,3.29,-1.33,0.07,-49
1787066517692,306411,Lumbar,sit,-0.167384,0.984784,0.208864,2.94,-1.33,0.21,-49
1787066517692,306428,Lumbar,sit,-0.169824,0.986248,0.22448,4.06,-1.4,-0.14,-49
1787066517692,306444,Lumbar,sit,-0.169824,0.992104,0.2196,4.06,-1.68,-0.35,-49
1787066517692,306461,Lumbar,sit,-0.169824,1.000888,0.209352,3.01,-1.89,-0.28,-49
1787066517692,306478,Lumbar,sit,-0.170312,0.999912,0.191784,0.07,-2.31,-0.07,-49
1787066518051,306654,Lumbar,sit,-0.16592,0.982832,0.210816,0.49,-2.59,1.12,-49
1787066518051,306686,Lumbar,sit,-0.164944,0.982344,0.221552,1.54,-2.94,0.63,-49
1787066518051,306702,Lumbar,sit,-0.164456,0.983808,0.219112,2.59,-3.08,0.42,-49
1787066518051,306720,Lumbar,sit,-0.162016,0.985272,0.208864,2.31,-3.29,0.35,-49
1787066518051,306737,Lumbar,sit,-0.16348,0.98576,0.2074,1.68,-3.01,0.21,-49
1787066518051,306768,Lumbar,sit,-0.167872,0.979904,0.218624,1.82,-2.17,0.35,-49
1787066518051,306785,Lumbar,sit,-0.167872,0.983808,0.218136,2.45,-2.1,0.28,-49
1787066518051,306802,Lumbar,sit,-0.164944,0.98576,0.21472,2.45,-2.1,0.28,-49
1787066518051,306819,Lumbar,sit,-0.162992,0.9882,0.213256,2.17,-2.03,0.28,-49
1787066518051,306836,Lumbar,sit,-0.160552,0.992104,0.210328,2.1,-2.1,0.28,-49
1787066518408,307011,Lumbar,sit,-0.162504,0.992104,0.206424,2.59,-1.96,-0.56,-49
1787066518408,307042,Lumbar,sit,-0.161528,0.984784,0.21472,1.26,-2.8,0.07,-49
1787066518408,307060,Lumbar,sit,-0.171288,0.98332,0.229848,2.8,-1.68,0.49,-49
1787066518408,307077,Lumbar,sit,-0.176168,0.989176,0.21472,1.82,-2.03,0.56,-49
1787066518408,307094,Lumbar,sit,-0.177144,0.995032,0.208376,0.7,-2.24,0.42,-49
1787066518408,307111,Lumbar,sit,-0.171288,0.984784,0.1952,-0.77,-2.31,0.35,-49
1787066518408,307142,Lumbar,sit,-0.160552,0.97112,0.204472,1.96,-3.01,1.05,-49
1787066518408,307159,Lumbar,sit,-0.158112,0.98332,0.203008,3.01,-2.73,1.26,-49
1787066518408,307176,Lumbar,sit,-0.163968,0.994544,0.198128,1.82,-2.87,1.75,-49
1787066518408,307193,Lumbar,sit,-0.166408,0.991616,0.188368,0.28,-3.71,1.82,-49
1787066518767,307368,Lumbar,sit,-0.160064,0.968192,0.24156,-3.01,-2.03,1.68,-58
1787066518767,307400,Lumbar,sit,-0.162992,0.981368,0.233264,-0.84,-3.22,1.05,-58
1787066518767,307417,Lumbar,sit,-0.16104,0.983808,0.235704,-0.91,-2.66,0.98,-58
1787066518767,307434,Lumbar,sit,-0.16104,0.9882,0.233752,-0.98,-2.03,0.84,-58
1787066518767,307451,Lumbar,sit,-0.162016,0.987712,0.222528,-1.26,-1.4,0.63,-58
1787066518767,307482,Lumbar,sit,-0.16104,0.988688,0.216672,-2.03,-1.19,0.77,-58
1787066518767,307499,Lumbar,sit,-0.157136,0.99064,0.217648,-2.87,-1.26,0.63,-58
1787066518767,307516,Lumbar,sit,-0.155672,0.987224,0.221552,-3.36,-1.82,0.35,-58
1787066518767,307533,Lumbar,sit,-0.154208,0.984784,0.22204,-3.64,-2.03,0.28,-58
1787066518767,307551,Lumbar,sit,-0.158112,0.983808,0.220088,-4.2,-2.24,0.49,-58
1787066519124,307727,Lumbar,sit,-0.155672,0.972584,0.245464,-1.68,-2.8,-0.42,-58
1787066519124,307759,Lumbar,sit,-0.1586,0.977464,0.247904,-1.47,-2.59,0.21,-58
1787066519124,307776,Lumbar,sit,-0.160064,0.976976,0.25132,-1.47,-2.17,0.21,-58
1787066519124,307794,Lumbar,sit,-0.162992,0.976,0.253272,-1.33,-2.17,0.07,-58
1787066519124,307811,Lumbar,sit,-0.16592,0.976976,0.2562,-1.19,-2.38,0.07,-58
1787066519124,307828,Lumbar,sit,-0.168848,0.978928,0.252784,-1.26,-2.24,0.35,-58
1787066519124,307859,Lumbar,sit,-0.16836,0.975512,0.24888,-1.75,-1.96,0.49,-58
1787066519124,307876,Lumbar,sit,-0.167872,0.97356,0.249856,-1.54,-1.75,0.49,-58
1787066519124,307893,Lumbar,sit,-0.16592,0.975024,0.254248,-1.19,-1.4,0.42,-58
1787066519124,307910,Lumbar,sit,-0.163968,0.976488,0.260592,-0.7,-0.98,0.42,-58
1787066519482,308085,Lumbar,sit,-0.162016,0.974048,0.266936,2.73,-2.17,-0.28,-58
1787066519482,308116,Lumbar,sit,-0.162504,0.976976,0.26596,3.01,-1.82,0.07,-58
1787066519482,308133,Lumbar,sit,-0.164456,0.974536,0.260104,3.36,-1.68,0.14,-58
1787066519482,308150,Lumbar,sit,-0.166896,0.972096,0.249368,4.13,-1.89,0.07,-58
1787066519482,308167,Lumbar,sit,-0.168848,0.97356,0.241072,4.27,-2.03,0.28,-58
1787066519482,308198,Lumbar,sit,-0.169336,0.972584,0.243024,3.85,-2.38,0.84,-58
1787066519482,308215,Lumbar,sit,-0.165432,0.970144,0.252296,4.41,-2.59,0.84,-58
1787066519482,308232,Lumbar,sit,-0.16348,0.973072,0.261568,5.32,-2.66,1.05,-58
1787066519482,308249,Lumbar,sit,-0.164944,0.977464,0.258152,5.25,-2.52,1.19,-58
1787066519482,308266,Lumbar,sit,-0.166408,0.982344,0.257176,4.69,-2.45,0.84,-58
1787066519840,308443,Lumbar,sit,-0.1586,0.971608,0.257176,3.08,-2.24,0.35,-58
1787066519840,308474,Lumbar,sit,-0.1586,0.973072,0.257176,4.34,-1.61,0.28,-58
1787066519840,308491,Lumbar,sit,-0.160064,0.981856,0.242536,5.32,-1.61,0.14,-58
1787066519840,308508,Lumbar,sit,-0.165432,0.99064,0.233264,4.97,-2.03,0.28,-58
1787066519840,308525,Lumbar,sit,-0.16592,0.991616,0.22936,3.64,-2.31,0.42,-58
1787066519840,308556,Lumbar,sit,-0.162016,0.974048,0.255712,3.5,-1.47,0.42,-58
1787066519840,308573,Lumbar,sit,-0.16348,0.97356,0.254736,4.27,0.07,0.28,-58
1787066519840,308590,Lumbar,sit,-0.163968,0.977952,0.244976,4.41,0.63,-0.42,-58
1787066519840,308607,Lumbar,sit,-0.168848,0.979904,0.23668,4.27,0.49,-0.84,-58
1787066519840,308624,Lumbar,sit,-0.171288,0.981856,0.22448,3.92,-0.42,-0.91,-58
1787066520195,308799,Lumbar,sit,-0.171288,0.99308,0.198128,1.33,-2.1,0.21,-52
1787066520195,308830,Lumbar,sit,-0.1708,0.996008,0.21472,0.7,-2.17,0.56,-52
1787066520195,308847,Lumbar,sit,-0.1708,0.986736,0.21472,-0.49,-3.57,1.05,-52
1787066520195,308864,Lumbar,sit,-0.171776,0.979416,0.220088,-0.42,-4.34,2.03,-52
1787066520195,308881,Lumbar,sit,-0.172752,0.964288,0.226432,0.28,-4.27,1.96,-52
1787066520195,308911,Lumbar,sit,-0.169824,0.96868,0.238144,4.62,-2.52,0.63,-52
1787066520195,308928,Lumbar,sit,-0.169336,0.974048,0.240096,5.11,-2.59,0.77,-52
1787066520195,308945,Lumbar,sit,-0.167872,0.989664,0.232776,5.25,-2.59,0.91,-52
1787066520195,308963,Lumbar,sit,-0.164456,0.998448,0.228384,3.71,-2.45,0.84,-52
1787066520195,308979,Lumbar,sit,-0.159088,0.996984,0.225944,2.66,-1.89,0.28,-52
1787066520552,309154,Lumbar,sit,-0.170312,0.990152,0.196176,2.8,-1.82,-0.98,-52
1787066520552,309185,Lumbar,sit,-0.170312,0.98576,0.22692,-0.14,-1.89,0.14,-52
1787066520552,309202,Lumbar,sit,-0.171776,0.981368,0.234728,-0.14,-1.82,-0.14,-52
1787066520552,309219,Lumbar,sit,-0.181536,0.977464,0.21716,1.47,-2.1,-0.42,-52
1787066520552,309236,Lumbar,sit,-0.183488,0.988688,0.175192,1.54,-4.41,-0.91,-52
1787066520552,309267,Lumbar,sit,-0.158112,0.972584,0.205936,0.28,-5.81,-0.07,-52
1787066520552,309284,Lumbar,sit,-0.149816,0.969656,0.243024,2.87,-3.85,0.91,-52
1787066520552,309301,Lumbar,sit,-0.1586,0.982832,0.24888,3.64,-3.01,1.33,-52
1787066520552,309318,Lumbar,sit,-0.167384,0.983808,0.24888,2.45,-2.8,1.33,-52
1787066520552,309335,Lumbar,sit,-0.1708,0.980392,0.248392,2.59,-1.96,0.98,-52
1787066520908,309510,Lumbar,sit,-0.17324,0.99308,0.20008,1.19,-2.94,1.4,-52
1787066520908,309542,Lumbar,sit,-0.169336,0.976976,0.208864,1.05,-3.29,1.05,-52
1787066520908,309559,Lumbar,sit,-0.1708,0.975024,0.213256,2.66,-2.59,1.05,-52
1787066520908,309576,Lumbar,sit,-0.172264,0.982832,0.211792,2.59,-2.17,0.77,-52
1787066520908,309593,Lumbar,sit,-0.172264,0.982344,0.213256,2.03,-2.1,0.07,-52
1787066520908,309624,Lumbar,sit,-0.16836,0.976,0.2196,3.64,-1.89,-0.49,-52
1787066520908,309641,Lumbar,sit,-0.162992,0.981368,0.227408,4.62,-1.89,-0.14,-52
1787066520908,309658,Lumbar,sit,-0.162992,0.991128,0.221552,4.62,-1.47,0.07,-52
1787066520908,309675,Lumbar,sit,-0.16348,0.994056,0.219112,4.2,-1.61,0.35,-52
1787066520908,309692,Lumbar,sit,-0.163968,0.993568,0.213256,3.5,-2.17,0.28,-52
1787066521266,309866,Lumbar,sit,-0.174704,0.973072,0.215208,1.75,-1.54,0.28,-52
1787066521266,309897,Lumbar,sit,-0.172752,0.984784,0.2196,3.36,-1.19,-0.7,-52
1787066521266,309914,Lumbar,sit,-0.171288,0.978928,0.242048,2.87,-0.7,-0.77,-52
1787066521266,309931,Lumbar,sit,-0.17812,0.980392,0.228384,5.32,-0.14,-0.98,-52
1787066521266,309948,Lumbar,sit,-0.189832,1.002352,0.199592,5.67,-0.63,-1.19,-52
1787066521266,309979,Lumbar,sit,-0.166408,0.977952,0.179096,-4.48,-1.89,0.07,-52
1787066521266,309996,Lumbar,sit,-0.160064,0.959896,0.206424,-3.01,0.14,-0.14,-52
1787066521266,310013,Lumbar,sit,-0.162016,0.959408,0.244,4.13,0.42,-0.49,-52
1787066521266,310030,Lumbar,sit,-0.17324,0.989664,0.237656,6.3,-0.14,-0.7,-52
1787066521266,310047,Lumbar,sit,-0.177632,1.004304,0.208864,3.08,-1.19,0.07,-52
1787066521622,310223,Lumbar,sit,-0.174704,1.00284,0.201544,3.99,-3.15,0.14,-52
1787066521622,310255,Lumbar,sit,-0.174216,0.9882,0.184952,0.56,-3.43,-0.35,-52
1787066521622,310272,Lumbar,sit,-0.171288,0.976488,0.193736,1.68,-3.22,-0.14,-52
1787066521622,310289,Lumbar,sit,-0.16592,0.973072,0.202032,2.17,-3.57,0.49,-52
1787066521622,310306,Lumbar,sit,-0.164456,0.97112,0.22692,3.08,-3.78,0.63,-52
1787066521622,310337,Lumbar,sit,-0.174704,0.987712,0.212768,4.69,-3.15,-0.14,-52
1787066521622,310354,Lumbar,sit,-0.175192,0.995032,0.188856,3.57,-3.43,-0.21,-52
1787066521622,310371,Lumbar,sit,-0.171776,0.985272,0.193736,1.96,-3.5,0.28,-52
1787066521622,310388,Lumbar,sit,-0.169336,0.97356,0.204472,2.73,-3.08,1.05,-52
1787066521622,310405,Lumbar,sit,-0.171288,0.97356,0.2074,5.18,-3.08,1.12,-52
1787066521979,310580,Lumbar,sit,-0.166896,0.9882,0.187392,4.2,-1.54,0.14,-52
1787066521979,310612,Lumbar,sit,-0.172752,0.994544,0.173728,3.01,-2.03,0.42,-52
1787066521979,310629,Lumbar,sit,-0.17568,0.996984,0.173728,2.24,-1.61,0.28,-52
1787066521979,310646,Lumbar,sit,-0.17568,0.987224,0.180072,1.26,-0.91,0.14,-52
1787066521979,310663,Lumbar,sit,-0.174704,0.975512,0.19276,1.96,-0.77,0.35,-52
1787066521979,310694,Lumbar,sit,-0.17568,0.989176,0.199104,5.6,-1.12,0.07,-52
1787066521979,310711,Lumbar,sit,-0.178608,1.008696,0.1708,4.76,-1.75,0.07,-52
1787066521979,310728,Lumbar,sit,-0.17812,1.00284,0.159088,0.28,-2.73,0.56,-52
1787066521979,310745,Lumbar,sit,-0.174216,0.979904,0.182512,-0.21,-2.24,0.91,-52
1787066521979,310762,Lumbar,sit,-0.168848,0.974536,0.197152,1.19,-1.47,0.91,-52
1787066522335,310935,Lumbar,sit,-0.177632,0.988688,0.20008,2.87,-2.73,0.14,-52
1787066522335,310966,Lumbar,sit,-0.175192,1.001376,0.172752,2.8,-2.17,0.56,-52
1787066522335,310983,Lumbar,sit,-0.17324,0.994056,0.167384,-0.14,-2.73,1.33,-52
1787066522335,311000,Lumbar,sit,-0.172264,0.97356,0.1952,-0.77,-2.87,1.75,-52
1787066522335,311017,Lumbar,sit,-0.170312,0.96624,0.208376,0.77,-2.45,1.47,-52
1787066522335,311048,Lumbar,sit,-0.180072,1.005768,0.190808,6.02,-2.73,1.33,-52
1787066522335,311065,Lumbar,sit,-0.181536,1.01504,0.15372,2.52,-4.48,1.68,-52
1787066522335,311082,Lumbar,sit,-0.175192,1.0126,0.1464,0.7,-5.18,1.61,-52
1787066522335,311099,Lumbar,sit,-0.166408,0.992592,0.153232,-2.66,-5.81,1.54,-52
1787066522335,311116,Lumbar,sit,-0.164944,0.973072,0.18544,-1.47,-4.2,1.54,-52
1787066522692,311292,Lumbar,sit,-0.164944,0.99064,0.201544,2.8,-2.59,-0.07,-50
1787066522692,311324,Lumbar,sit,-0.161528,0.992592,0.219112,5.11,0.14,-0.7,-50
1787066522692,311341,Lumbar,sit,-0.167384,1.0126,0.183976,4.34,1.12,-0.98,-50
1787066522692,311358,Lumbar,sit,-0.170312,1.015528,0.168848,0.42,0,-0.84,-50
1787066522692,311375,Lumbar,sit,-0.166896,0.995032,0.167872,-0.56,-0.42,-0.63,-50
1787066522692,311406,Lumbar,sit,-0.164456,0.969656,0.189832,3.85,-1.05,-0.35,-50
1787066522692,311423,Lumbar,sit,-0.16592,0.982832,0.189832,4.69,-0.77,-0.7,-50
1787066522692,311439,Lumbar,sit,-0.172752,0.994544,0.184464,3.99,-0.35,-0.77,-50
1787066522692,311456,Lumbar,sit,-0.17568,0.993568,0.174216,2.31,-0.77,-0.84,-50
1787066522692,311473,Lumbar,sit,-0.171288,0.989176,0.164944,1.75,-1.82,-1.19,-50
1787066523051,311649,Lumbar,sit,-0.172752,0.97112,0.186904,4.13,0.98,2.59,-50
1787066523051,311681,Lumbar,sit,-0.17568,1.00772,0.170312,-0.56,-2.52,2.1,-50
1787066523051,311698,Lumbar,sit,-0.17568,1.001864,0.169824,-1.47,-4.55,1.61,-50
1787066523051,311715,Lumbar,sit,-0.172752,0.985272,0.177632,-0.63,-4.62,1.61,-50
1787066523051,311731,Lumbar,sit,-0.170312,0.977464,0.184464,0.84,-3.57,1.47,-50
1787066523051,311762,Lumbar,sit,-0.172752,0.989176,0.19276,1.75,-0.91,1.68,-50
1787066523051,311779,Lumbar,sit,-0.171776,0.998448,0.189832,0.56,-0.98,1.61,-50
1787066523051,311796,Lumbar,sit,-0.164944,0.996984,0.191296,-0.21,-2.17,1.12,-50
1787066523051,311813,Lumbar,sit,-0.162504,0.994544,0.190808,0.21,-3.01,1.12,-50
1787066523051,311830,Lumbar,sit,-0.16348,0.994056,0.187392,0.21,-2.87,1.68,-50
1787066523410,312006,Lumbar,sit,-0.16104,0.998936,0.201544,-6.09,-4.2,1.47,-50
1787066523410,312038,Lumbar,sit,-0.156648,0.996984,0.213744,-8.82,-4.2,1.33,-50
1787066523410,312055,Lumbar,sit,-0.16104,0.996008,0.223016,-9.73,-4.06,1.05,-50
1787066523410,312073,Lumbar,sit,-0.168848,0.981856,0.222528,-10.29,-3.78,0,-50
1787066523410,312090,Lumbar,sit,-0.169824,0.96868,0.215696,-8.12,-3.43,-0.63,-50
1787066523410,312107,Lumbar,sit,-0.16592,0.960872,0.20984,-5.39,-2.94,-0.77,-50
1787066523410,312138,Lumbar,sit,-0.165432,0.96624,0.213744,-0.98,-2.24,-0.77,-50
1787066523410,312155,Lumbar,sit,-0.168848,0.984784,0.21228,0.77,-2.1,-0.35,-50
1787066523410,312172,Lumbar,sit,-0.171288,0.994544,0.205448,-0.84,-2.45,-0.21,-50
1787066523410,312189,Lumbar,sit,-0.171776,0.992592,0.208864,-1.89,-3.15,-0.14,-50
1787066523767,312365,Lumbar,sit,-0.159576,0.981368,0.225456,-0.21,-2.66,0.7,-50
1787066523767,312397,Lumbar,sit,-0.159576,0.979416,0.234728,-0.14,-2.1,0.7,-50
1787066523767,312414,Lumbar,sit,-0.162504,0.981856,0.237168,0.42,-2.03,0.84,-50
1787066523767,312431,Lumbar,sit,-0.165432,0.986248,0.232776,-0.07,-2.17,0.84,-50
1787066523767,312448,Lumbar,sit,-0.164944,0.982344,0.234728,-0.35,-2.52,0.7,-50
1787066523767,312479,Lumbar,sit,-0.166896,0.975024,0.237656,1.26,-1.82,0.91,-50
1787066523767,312496,Lumbar,sit,-0.16348,0.974048,0.229848,2.87,-0.63,0.84,-50
1787066523767,312513,Lumbar,sit,-0.161528,0.965752,0.231312,3.92,0,0.21,-50
1787066523767,312530,Lumbar,sit,-0.157136,0.961848,0.237168,6.86,0.07,-0.42,-50
1787066523767,312547,Lumbar,sit,-0.157624,0.968192,0.235216,8.12,-0.21,-0.63,-50
1787066524124,312723,Lumbar,sit,-0.158112,0.986736,0.218624,4.06,-1.33,0.21,-50
1787066524124,312753,Lumbar,sit,-0.164456,0.990152,0.20252,3.22,-2.17,-0.35,-50
1787066524124,312771,Lumbar,sit,-0.169824,0.996984,0.194712,2.45,-2.03,0,-50
1787066524124,312787,Lumbar,sit,-0.169824,1.00284,0.184952,0,-2.03,0.63,-50
1787066524124,312804,Lumbar,sit,-0.168848,0.996496,0.203008,-2.31,-2.17,0.56,-50
1787066524124,312835,Lumbar,sit,-0.162016,0.962824,0.233264,0.7,-2.73,0,-50
1787066524124,312852,Lumbar,sit,-0.162016,0.974048,0.237656,3.29,-3.29,-0.42,-50
1787066524124,312869,Lumbar,sit,-0.171776,0.984296,0.232288,3.78,-3.29,-0.14,-50
1787066524124,312886,Lumbar,sit,-0.17812,1.001376,0.210816,2.1,-3.08,0.07,-50
1787066524124,312903,Lumbar,sit,-0.179096,0.991128,0.201056,-0.42,-2.38,0.28,-50
1787066524482,313078,Lumbar,sit,-0.16348,0.974048,0.2318,0.98,-2.17,1.26,-50
1787066524482,313110,Lumbar,sit,-0.1586,0.996496,0.206912,0.28,-2.17,1.4,-50
1787066524482,313127,Lumbar,sit,-0.158112,1.005768,0.186904,-3.92,-2.8,1.61,-50
1787066524482,313144,Lumbar,sit,-0.160552,1.00772,0.182024,-8.47,-4.55,2.1,-50
1787066524482,313161,Lumbar,sit,-0.162016,1.009672,0.184464,-10.57,-5.04,2.38,-50
1787066524482,313192,Lumbar,sit,-0.15128,0.991128,0.27084,-14.14,-2.94,2.17,-50
1787066524482,313209,Lumbar,sit,-0.149816,0.973072,0.294752,-11.9,-1.61,0.35,-50
1787066524482,313226,Lumbar,sit,-0.168848,0.95404,0.293776,-4.48,-2.03,-0.21,-50
1787066524482,313243,Lumbar,sit,-0.174216,0.953552,0.259128,0.14,-3.85,-0.42,-50
1787066524482,313260,Lumbar,sit,-0.166408,0.955504,0.24156,2.1,-3.92,-0.42,-50
1787066524838,313436,Lumbar,sit,-0.1708,1.003328,0.205448,1.26,0.91,0.63,-50
1787066524838,313467,Lumbar,sit,-0.164456,0.975512,0.216184,2.24,-0.63,0.42,-50
1787066524838,313484,Lumbar,sit,-0.164944,0.977464,0.2196,3.15,-2.45,1.12,-50
1787066524838,313501,Lumbar,sit,-0.166896,0.987224,0.21228,2.52,-2.94,1.47,-50
1787066524838,313518,Lumbar,sit,-0.16104,0.979416,0.223992,0.42,-2.66,1.19,-50
1787066524838,313549,Lumbar,sit,-0.152744,0.96868,0.235216,3.22,-1.89,-0.35,-50
1787066524838,313566,Lumbar,sit,-0.157136,0.984784,0.216184,3.99,-1.68,-0.84,-50
1787066524838,313583,Lumbar,sit,-0.162504,0.999912,0.20252,1.26,-2.17,-0.63,-50
1787066524838,313600,Lumbar,sit,-0.15616,0.99308,0.208864,-0.42,-2.17,-0.84,-50
1787066524838,313617,Lumbar,sit,-0.152744,0.98576,0.218624,1.4,-2.03,-1.33,-50
1787066525195,313793,Lumbar,sit,-0.177632,0.976976,0.242048,2.59,-2.73,0.49,-52
1787066525195,313823,Lumbar,sit,-0.169824,0.98088,0.238144,4.13,-1.68,0.49,-52
1787066525195,313840,Lumbar,sit,-0.16592,0.987712,0.228384,4.06,-1.05,0.49,-52
1787066525195,313857,Lumbar,sit,-0.162992,0.989176,0.220088,2.52,-1.05,0.35,-52
1787066525195,313874,Lumbar,sit,-0.157624,0.984784,0.221552,2.17,-1.4,0,-52
1787066525195,313905,Lumbar,sit,-0.160552,0.978928,0.220576,3.99,-2.24,0.21,-52
1787066525195,313922,Lumbar,sit,-0.16348,0.98332,0.213256,4.41,-2.73,0.98,-52
1787066525195,313939,Lumbar,sit,-0.165432,0.988688,0.206912,3.57,-2.94,1.54,-52
1787066525195,313956,Lumbar,sit,-0.167384,0.987712,0.208376,3.01,-2.87,1.82,-52
1787066525195,313973,Lumbar,sit,-0.167384,0.979904,0.216184,2.87,-2.66,1.89,-52
1787066525554,314148,Lumbar,sit,-0.152256,0.982344,0.215208,1.12,-3.08,1.05,-52
1787066525554,314180,Lumbar,sit,-0.155184,0.984296,0.222528,1.33,-2.73,0.91,-52
1787066525554,314197,Lumbar,sit,-0.159576,0.987224,0.224968,1.33,-2.73,0.63,-52
1787066525554,314215,Lumbar,sit,-0.159088,0.988688,0.215208,1.33,-2.94,0.21,-52
1787066525554,314232,Lumbar,sit,-0.157624,0.99064,0.20252,0.7,-3.71,0,-52
1787066525554,314249,Lumbar,sit,-0.155184,0.99064,0.20008,0.28,-3.92,-0.07,-52
1787066525554,314280,Lumbar,sit,-0.154696,0.981856,0.225944,2.1,-1.96,0,-52
1787066525554,314298,Lumbar,sit,-0.153232,0.979416,0.234728,2.38,-0.98,-0.21,-52
1787066525554,314315,Lumbar,sit,-0.156648,0.976488,0.237168,2.73,-0.91,-0.35,-52
1787066525554,314332,Lumbar,sit,-0.1586,0.981856,0.228872,3.71,-2.17,-0.35,-52
1787066525911,314508,Lumbar,sit,-0.16348,0.974048,0.20496,3.01,-0.98,0.14,-52
1787066525911,314539,Lumbar,sit,-0.166896,0.9882,0.206912,3.85,-1.54,0.28,-52
1787066525911,314556,Lumbar,sit,-0.16592,0.990152,0.211792,3.43,-1.96,0.07,-52
1787066525911,314573,Lumbar,sit,-0.163968,0.983808,0.212768,3.5,-1.33,0.07,-52
1787066525911,314590,Lumbar,sit,-0.162504,0.984296,0.210328,3.5,-0.98,0,-52
1787066525911,314621,Lumbar,sit,-0.16104,0.98576,0.207888,2.03,-1.61,0.07,-52
1787066525911,314638,Lumbar,sit,-0.160552,0.982832,0.20984,2.66,-1.82,0.07,-52
1787066525911,314655,Lumbar,sit,-0.159088,0.981368,0.207888,2.87,-2.1,0.07,-52
1787066525911,314672,Lumbar,sit,-0.158112,0.981368,0.20984,3.5,-1.96,-0.07,-52
1787066525911,314689,Lumbar,sit,-0.162016,0.982832,0.215208,3.78,-1.68,-0.14,-52
1787066526268,314864,Lumbar,sit,-0.170312,0.994056,0.182512,4.06,-2.17,0.35,-56
1787066526268,314895,Lumbar,sit,-0.162992,0.988688,0.188856,2.03,-1.75,1.05,-56
1787066526268,314912,Lumbar,sit,-0.161528,0.987224,0.19276,1.54,-1.96,0.98,-56
1787066526268,314930,Lumbar,sit,-0.16104,0.987712,0.1952,1.19,-2.45,0.77,-56
1787066526268,314946,Lumbar,sit,-0.16104,0.987224,0.198616,1.12,-2.73,0.63,-56
1787066526268,314977,Lumbar,sit,-0.160552,0.984296,0.203008,1.54,-2.8,0.49,-56
1787066526268,314994,Lumbar,sit,-0.159576,0.98576,0.202032,1.82,-2.8,0.63,-56
1787066526268,315011,Lumbar,sit,-0.158112,0.989664,0.198128,1.82,-2.52,0.7,-56
1787066526268,315028,Lumbar,sit,-0.160552,0.986248,0.190808,1.54,-2.59,0.98,-56
1787066526268,315045,Lumbar,sit,-0.162504,0.986248,0.196664,1.75,-2.94,1.12,-56
1787066526625,315221,Lumbar,sit,-0.171776,0.990152,0.193248,3.36,-1.61,0.42,-56
1787066526625,315252,Lumbar,sit,-0.168848,0.99308,0.198128,2.52,-1.82,0.35,-56
1787066526625,315269,Lumbar,sit,-0.167384,0.989664,0.196664,2.66,-1.96,0.21,-56
1787066526625,315286,Lumbar,sit,-0.16592,0.9882,0.183976,2.38,-2.17,0.07,-56
1787066526625,315303,Lumbar,sit,-0.162992,0.989176,0.179096,1.4,-2.1,0.35,-56
1787066526625,315335,Lumbar,sit,-0.157624,0.991128,0.188856,0.98,-1.89,0.49,-56
1787066526625,315352,Lumbar,sit,-0.157624,0.99064,0.198616,0.98,-2.17,0.49,-56
1787066526625,315369,Lumbar,sit,-0.160552,0.98576,0.201544,0.98,-2.31,0.7,-56
1787066526625,315386,Lumbar,sit,-0.162504,0.983808,0.203496,0.98,-2.87,0.7,-56
1787066526625,315403,Lumbar,sit,-0.164456,0.982832,0.205448,1.4,-2.73,0.56,-56
1787066526984,315578,Lumbar,sit,-0.166896,0.994056,0.201544,4.9,-1.89,0.42,-56
1787066526984,315610,Lumbar,sit,-0.164456,0.998448,0.183,3.71,-2.17,0.42,-56
1787066526984,315627,Lumbar,sit,-0.161528,0.992592,0.18056,3.01,-2.31,0.42,-56
1787066526984,315645,Lumbar,sit,-0.15372,0.989176,0.189832,3.57,-1.4,0.14,-56
1787066526984,315662,Lumbar,sit,-0.149816,0.993568,0.189344,4.06,-0.63,-0.63,-56
1787066526984,315679,Lumbar,sit,-0.147376,0.996008,0.183,3.64,-0.49,-1.54,-56
1787066526984,315710,Lumbar,sit,-0.145424,1.000888,0.16836,2.31,-1.4,-2.31,-56
1787066526984,315726,Lumbar,sit,-0.148352,1.001376,0.16104,0.84,-2.45,-2.52,-56
1787066526984,315743,Lumbar,sit,-0.149328,0.996496,0.173728,-0.49,-2.31,-2.03,-56
1787066526984,315760,Lumbar,sit,-0.157624,0.982832,0.183,-0.7,-1.96,-1.47,-56
1787066527340,315936,Lumbar,sit,-0.174704,0.984784,0.190808,3.01,-0.7,-0.14,-53
1787066527340,315967,Lumbar,sit,-0.168848,0.985272,0.174216,3.22,-1.4,-0.07,-53
1787066527340,315984,Lumbar,sit,-0.16348,0.991616,0.161528,3.08,-2.31,0.35,-53
1787066527340,316001,Lumbar,sit,-0.160552,0.991128,0.164456,3.01,-2.8,0.56,-53
1787066527340,316018,Lumbar,sit,-0.1586,0.992592,0.172752,3.5,-2.87,0.63,-53
1787066527340,316049,Lumbar,sit,-0.162504,0.998936,0.166896,2.17,-3.43,0.56,-53
1787066527340,316066,Lumbar,sit,-0.160552,1.001376,0.169336,1.12,-3.78,0.7,-53
1787066527340,316083,Lumbar,sit,-0.157624,0.998448,0.172264,0.7,-3.43,0.28,-53
1787066527340,316100,Lumbar,sit,-0.157624,0.992592,0.180072,0.84,-3.5,0.14,-53
1787066527340,316117,Lumbar,sit,-0.157624,0.99064,0.186904,1.19,-3.78,0.21,-53
1787066527698,316292,Lumbar,sit,-0.181048,0.975512,0.215208,4.62,-0.21,0.14,-53
1787066527698,316323,Lumbar,sit,-0.183488,0.986736,0.185928,5.32,0.14,0.28,-53
1787066527698,316340,Lumbar,sit,-0.172264,0.997472,0.174216,5.53,-0.91,0.14,-53
1787066527698,316358,Lumbar,sit,-0.166896,1.001376,0.164944,5.81,-1.47,0.07,-53
1787066527698,316375,Lumbar,sit,-0.159576,1.004304,0.162016,5.11,-1.68,0.07,-53
1787066527698,316406,Lumbar,sit,-0.164944,0.996496,0.162992,1.19,-1.68,0.63,-53
1787066527698,316423,Lumbar,sit,-0.167384,0.992592,0.159088,0.35,-2.03,0.56,-53
1787066527698,316440,Lumbar,sit,-0.16104,0.981856,0.163968,0.35,-2.52,0.28,-53
1787066527698,316457,Lumbar,sit,-0.153232,0.978928,0.17324,1.68,-2.87,-0.28,-53
1787066527698,316474,Lumbar,sit,-0.15372,0.983808,0.186416,3.64,-2.87,-0.42,-53
1787066528057,316651,Lumbar,sit,-0.1708,0.98576,0.16592,2.31,-1.33,-0.21,-53
1787066528057,316682,Lumbar,sit,-0.17324,0.994544,0.16836,1.54,-2.38,-0.14,-53
1787066528057,316699,Lumbar,sit,-0.172752,0.987712,0.171288,1.26,-2.73,0.07,-53
1787066528057,316716,Lumbar,sit,-0.169336,0.98576,0.17324,1.47,-2.87,-0.14,-53
1787066528057,316733,Lumbar,sit,-0.164456,0.98576,0.174704,2.1,-2.73,-0.42,-53
1787066528057,316763,Lumbar,sit,-0.162504,0.9882,0.172264,2.17,-2.24,-0.49,-53
1787066528057,316780,Lumbar,sit,-0.162992,0.989176,0.170312,2.24,-2.24,-0.35,-53
1787066528057,316797,Lumbar,sit,-0.162504,0.992104,0.174704,2.38,-2.45,-0.21,-53
1787066528057,316814,Lumbar,sit,-0.168848,0.994544,0.184464,2.38,-2.73,0,-53
1787066528057,316831,Lumbar,sit,-0.17812,0.995032,0.190808,2.66,-2.38,0.49,-53
1787066528412,317007,Lumbar,sit,-0.176168,0.99796,0.162016,0.84,-3.22,1.26,-53
1787066528412,317038,Lumbar,sit,-0.174216,0.988688,0.184952,1.68,-2.45,1.12,-53
1787066528412,317055,Lumbar,sit,-0.175192,0.987712,0.196176,2.59,-2.45,0.91,-53
1787066528412,317072,Lumbar,sit,-0.177144,0.991616,0.17812,3.22,-2.17,0.7,-53
1787066528412,317089,Lumbar,sit,-0.17568,0.996496,0.16348,1.4,-2.24,0.49,-53
1787066528412,317120,Lumbar,sit,-0.167872,0.993568,0.167872,1.82,-1.68,0.35,-53
1787066528412,317137,Lumbar,sit,-0.165432,0.991128,0.16836,2.24,-1.61,0.35,-53
1787066528412,317154,Lumbar,sit,-0.164944,0.991128,0.182024,2.03,-1.89,0.63,-53
1787066528412,317171,Lumbar,sit,-0.166408,0.989664,0.18788,2.94,-1.75,0.63,-53
1787066528412,317188,Lumbar,sit,-0.170312,0.992104,0.184952,3.36,-1.68,0.14,-53
1787066528770,317363,Lumbar,sit,-0.167872,0.996008,0.160552,1.19,-1.89,0.21,-48
1787066528770,317394,Lumbar,sit,-0.166408,0.98576,0.162992,0.07,-2.52,0.07,-48
1787066528770,317411,Lumbar,sit,-0.164944,0.981368,0.182512,1.68,-2.87,0.14,-48
1787066528770,317428,Lumbar,sit,-0.1708,0.992592,0.19032,3.71,-2.59,0.21,-48
1787066528770,317446,Lumbar,sit,-0.177144,1.003816,0.181536,3.36,-2.45,0.07,-48
1787066528770,317477,Lumbar,sit,-0.183488,0.998936,0.167872,1.75,-1.68,-0.28,-48
1787066528770,317494,Lumbar,sit,-0.177632,0.991616,0.159576,1.19,-1.47,-0.56,-48
1787066528770,317511,Lumbar,sit,-0.174216,0.987224,0.160064,0.98,-1.4,-0.56,-48
1787066528770,317528,Lumbar,sit,-0.1708,0.982344,0.16836,1.19,-1.47,-0.35,-48
1787066528770,317545,Lumbar,sit,-0.171776,0.981368,0.17568,2.31,-1.96,-0.07,-48
1787066529126,317721,Lumbar,sit,-0.16836,0.995032,0.16592,2.59,-1.26,-1.47,-48
1787066529126,317751,Lumbar,sit,-0.1708,0.993568,0.1708,2.31,-1.68,-0.21,-48
1787066529126,317769,Lumbar,sit,-0.17568,0.991128,0.16592,1.82,-2.24,0.21,-48
1787066529126,317786,Lumbar,sit,-0.175192,0.990152,0.1586,1.26,-2.45,0.14,-48
1787066529126,317803,Lumbar,sit,-0.173728,0.9882,0.159088,1.05,-2.17,0.21,-48
1787066529126,317834,Lumbar,sit,-0.17324,0.987224,0.1586,0.42,-1.54,0.7,-48
1787066529126,317851,Lumbar,sit,-0.17324,0.9882,0.16104,0.63,-1.82,0.42,-48
1787066529126,317868,Lumbar,sit,-0.174704,0.989664,0.1586,0.63,-2.59,0.63,-48
1787066529126,317885,Lumbar,sit,-0.176656,0.9882,0.150304,0.63,-3.85,0.77,-48
1787066529126,317902,Lumbar,sit,-0.17812,0.99064,0.139568,-0.35,-4.27,1.05,-48
1787066529482,318075,Lumbar,sit,-0.177144,0.982344,0.16836,1.61,-0.14,0.07,-48
1787066529482,318107,Lumbar,sit,-0.180072,0.986248,0.177632,2.87,-2.03,0.21,-48
1787066529482,318124,Lumbar,sit,-0.179584,0.989664,0.174216,3.22,-2.38,0.07,-48
1787066529482,318141,Lumbar,sit,-0.180072,0.9882,0.16836,3.57,-2.17,0,-48
1787066529482,318158,Lumbar,sit,-0.179096,0.986248,0.166896,3.99,-1.19,-0.07,-48
1787066529482,318189,Lumbar,sit,-0.180072,0.994056,0.162992,3.64,-1.33,0.07,-48
1787066529482,318206,Lumbar,sit,-0.181048,0.995032,0.171288,3.29,-1.96,-0.07,-48
1787066529482,318223,Lumbar,sit,-0.183976,0.99308,0.172752,4.13,-3.01,-0.56,-48
1787066529482,318240,Lumbar,sit,-0.187392,0.994056,0.172752,5.25,-2.94,-1.33,-48
1787066529482,318257,Lumbar,sit,-0.19032,0.996984,0.177632,7.49,-2.73,-1.54,-48
1787066529843,318433,Lumbar,sit,-0.15372,1.001864,0.214232,6.09,-3.36,-0.42,-43
1787066529843,318464,Lumbar,sit,-0.164456,0.99796,0.125416,-0.21,-5.25,0.56,-43
1787066529843,318481,Lumbar,sit,-0.159088,1.0004,0.140544,-1.4,-4.34,0.49,-43
1787066529843,318499,Lumbar,sit,-0.162016,1.004792,0.133224,-3.71,-1.47,0.35,-43
1787066529843,318516,Lumbar,sit,-0.164944,0.980392,0.150792,-5.18,-1.61,1.05,-43
1787066529843,318547,Lumbar,sit,-0.186904,0.962824,0.218136,2.94,-1.12,2.17,-43
1787066529843,318564,Lumbar,sit,-0.210816,1.0004,0.157136,7.7,-0.49,-0.28,-43
1787066529843,318581,Lumbar,sit,-0.203496,1.020408,0.12932,3.78,-2.17,-0.49,-43
1787066529843,318598,Lumbar,sit,-0.195688,1.009184,0.149328,0.63,-2.31,-0.07,-43
1787066529843,318615,Lumbar,sit,-0.183488,0.978928,0.181536,1.96,-1.47,-0.63,-43
1787066530200,318791,Lumbar,sit,-0.187392,1.01016,0.114192,-0.21,-1.47,0.21,-43
1787066530200,318822,Lumbar,sit,-0.17568,0.986248,0.127856,-1.61,-1.54,0.91,-43
1787066530200,318840,Lumbar,sit,-0.169824,0.994056,0.133224,-0.98,-3.01,1.47,-43
1787066530200,318856,Lumbar,sit,-0.160064,1.002352,0.20252,-0.56,-1.19,3.08,-43
1787066530200,318873,Lumbar,sit,-0.173728,1.014064,0.230824,-2.1,2.66,3.29,-43
1787066530200,318904,Lumbar,sit,-0.201056,0.985272,0.122976,-5.25,1.82,-2.52,-43
1787066530200,318921,Lumbar,sit,-0.189344,0.972096,0.108824,1.96,0.49,-3.29,-43
1787066530200,318938,Lumbar,sit,-0.177144,0.979416,0.149816,5.11,0.77,-1.96,-43
1787066530200,318955,Lumbar,sit,-0.159088,1.004792,0.162992,4.76,0.98,-1.19,-43
1787066530200,318972,Lumbar,sit,-0.170312,1.013088,0.137616,2.59,0.63,-0.91,-43
1787066530559,319149,Lumbar,sit,-0.202032,1.013576,0.162504,3.43,-1.33,1.54,-43
1787066530559,319180,Lumbar,sit,-0.204472,0.997472,0.123952,-0.35,-2.66,1.4,-43
1787066530559,319197,Lumbar,sit,-0.196664,0.976,0.144448,1.54,-3.92,0.77,-43
1787066530559,319215,Lumbar,sit,-0.190808,0.985272,0.149328,3.64,-3.57,0.98,-43
1787066530559,319232,Lumbar,sit,-0.186904,0.999912,0.13908,3.22,-2.52,1.47,-43
1787066530559,319263,Lumbar,sit,-0.183976,0.991616,0.13908,1.82,-2.17,1.54,-43
1787066530559,319280,Lumbar,sit,-0.183488,0.974536,0.169824,4.41,-2.66,1.47,-43
1787066530559,319297,Lumbar,sit,-0.186416,0.98088,0.171776,8.47,-4.34,1.82,-43
1787066530559,319314,Lumbar,sit,-0.193248,1.024312,0.11712,7.35,-5.25,1.75,-43
1787066530559,319331,Lumbar,sit,-0.182024,1.030168,0.061,-1.61,-6.37,1.19,-43
1787066530916,319506,Lumbar,sit,-0.189832,0.996496,0.148352,-1.68,-1.61,0.84,-43
1787066530916,319538,Lumbar,sit,-0.184952,0.983808,0.150792,0.07,-2.52,0.56,-43
1787066530916,319555,Lumbar,sit,-0.17568,0.985272,0.16592,0.84,-1.47,1.12,-43
1787066530916,319572,Lumbar,sit,-0.174216,0.989664,0.175192,1.68,-0.49,1.75,-43
1787066530916,319589,Lumbar,sit,-0.17812,0.992104,0.170312,2.03,-0.7,1.47,-43
1787066530916,319620,Lumbar,sit,-0.188856,1.004304,0.125904,-0.49,-5.6,0.42,-43
1787066530916,319637,Lumbar,sit,-0.18056,1.006744,0.121024,-1.47,-6.09,-0.07,-43
1787066530916,319654,Lumbar,sit,-0.166408,1.008208,0.133712,-2.8,-5.32,0.07,-43
1787066530916,319671,Lumbar,sit,-0.1586,1.002352,0.147864,-3.43,-4.06,0.63,-43
1787066530916,319688,Lumbar,sit,-0.160552,0.992104,0.157624,-4.41,-3.99,1.26,-43
