pc_timestamp,arduino_ms,node_position,activity,ax,ay,az,gx,gy,gz,rssi
1787064403617,254568,Lumbar,stand,0.094184,-0.969168,-0.196664,1.47,-2.17,0.42,-67
1787064403617,254586,Lumbar,stand,0.094672,-0.965752,-0.19764,1.26,-1.82,0.35,-67
1787064403617,254603,Lumbar,stand,0.096624,-0.969656,-0.200568,1.05,-1.61,0.42,-67
1787064403617,254634,Lumbar,stand,0.096136,-0.972096,-0.198128,1.47,-1.61,0.63,-67
1787064403617,254651,Lumbar,stand,0.096136,-0.972096,-0.195688,1.89,-1.75,0.7,-67
1787064403617,254668,Lumbar,stand,0.09516,-0.96868,-0.198128,2.1,-1.47,0.91,-67
1787064403617,254685,Lumbar,stand,0.093696,-0.968192,-0.203008,1.82,-1.75,0.77,-67
1787064403617,254716,Lumbar,stand,0.09516,-0.970632,-0.196664,1.75,-1.89,0.91,-67
1787064403617,254734,Lumbar,stand,0.093208,-0.97356,-0.20008,2.1,-1.89,0.98,-67
1787064403617,254751,Lumbar,stand,0.09272,-0.970632,-0.202032,2.24,-1.68,0.91,-67
1787064403984,254927,Lumbar,stand,0.091744,-0.970144,-0.202032,0.91,-1.4,0.28,-67
1787064403984,254958,Lumbar,stand,0.094672,-0.971608,-0.196664,1.82,-1.47,0.35,-67
1787064403984,254975,Lumbar,stand,0.094184,-0.970632,-0.201056,2.1,-1.68,0.42,-67
1787064403984,254992,Lumbar,stand,0.09272,-0.9638,-0.199104,2.1,-1.61,0.35,-67
1787064403984,255009,Lumbar,stand,0.090768,-0.96868,-0.199592,1.05,-1.19,0.28,-67
1787064403984,255040,Lumbar,stand,0.09272,-0.974536,-0.193248,1.4,-2.03,0.49,-67
1787064403984,255057,Lumbar,stand,0.09272,-0.972096,-0.201056,1.89,-2.66,0.56,-67
1787064403984,255074,Lumbar,stand,0.086864,-0.970632,-0.19764,2.59,-2.87,0.35,-67
1787064403984,255091,Lumbar,stand,0.08784,-0.96624,-0.189832,2.03,-2.1,0.14,-67
1787064403984,255108,Lumbar,stand,0.093208,-0.969168,-0.194224,1.68,-1.68,0.35,-67
1787064404324,255284,Lumbar,stand,0.094672,-0.966728,-0.205448,1.75,-1.68,0.77,-67
1787064404324,255315,Lumbar,stand,0.093208,-0.967704,-0.20008,1.75,-2.03,0.56,-67
1787064404324,255332,Lumbar,stand,0.09272,-0.969168,-0.192272,1.47,-1.75,0.56,-67
1787064404324,255349,Lumbar,stand,0.093208,-0.96868,-0.19276,1.05,-1.54,0.7,-67
1787064404324,255366,Lumbar,stand,0.09516,-0.969168,-0.199104,0.91,-1.54,0.77,-67
1787064404324,255397,Lumbar,stand,0.091744,-0.966728,-0.20008,0.84,-1.82,0.63,-67
1787064404324,255414,Lumbar,stand,0.09028,-0.969168,-0.198128,0.63,-1.4,0.21,-67
1787064404324,255431,Lumbar,stand,0.088328,-0.969656,-0.19764,0.77,-1.26,-0.21,-67
1787064404324,255448,Lumbar,stand,0.088328,-0.97112,-0.19764,0.77,-1.47,-0.35,-67
1787064404324,255465,Lumbar,stand,0.094184,-0.972584,-0.195688,1.26,-1.68,-0.49,-67
1787064404684,255641,Lumbar,stand,0.094184,-0.975024,-0.190808,2.31,-1.96,0.7,-71
1787064404684,255673,Lumbar,stand,0.092232,-0.96868,-0.196664,2.24,-1.75,0.63,-71
1787064404684,255690,Lumbar,stand,0.098088,-0.97112,-0.196664,1.89,-1.89,0.77,-71
1787064404684,255708,Lumbar,stand,0.095648,-0.972096,-0.194224,2.38,-2.17,0.91,-71
1787064404684,255725,Lumbar,stand,0.094184,-0.96868,-0.189832,2.52,-1.4,0.63,-71
1787064404684,255742,Lumbar,stand,0.091256,-0.968192,-0.190808,2.17,-0.91,0.63,-71
1787064404684,255773,Lumbar,stand,0.090768,-0.96868,-0.196176,1.54,-1.33,0.49,-71
1787064404684,255790,Lumbar,stand,0.09028,-0.969168,-0.199104,1.54,-2.1,0.56,-71
1787064404684,255807,Lumbar,stand,0.091744,-0.966728,-0.199104,1.19,-2.52,0.7,-71
1787064404684,255824,Lumbar,stand,0.091744,-0.972096,-0.198128,1.05,-3.22,0.56,-71
1787064405040,255999,Lumbar,stand,0.090768,-0.96136,-0.203496,1.96,-2.03,0.91,-71
1787064405040,256030,Lumbar,stand,0.093696,-0.969656,-0.202032,0.77,-1.75,0.56,-71
1787064405040,256047,Lumbar,stand,0.093208,-0.969656,-0.194712,0.84,-1.54,0.7,-71
1787064405040,256064,Lumbar,stand,0.093696,-0.967704,-0.193248,0.49,-1.26,0.84,-71
1787064405040,256081,Lumbar,stand,0.093208,-0.966728,-0.199104,0.49,-0.98,0.91,-71
1787064405040,256112,Lumbar,stand,0.09272,-0.965264,-0.202032,0.63,-0.77,1.05,-71
1787064405040,256129,Lumbar,stand,0.091256,-0.964288,-0.199104,0.07,17.57,0.98,-71
1787064405040,256146,Lumbar,stand,0.090768,-0.96624,-0.19764,-0.98,0.77,0.77,-71
1787064405040,256163,Lumbar,stand,0.08784,-0.968192,-0.194712,-1.4,1.47,0.42,-71
1787064405040,256180,Lumbar,stand,0.08784,-0.9638,-0.19032,-1.89,2.38,0,-71
1787064405566,256357,Lumbar,stand,0.093696,-0.971608,-0.205448,1.68,-2.52,0.77,-71
1787064405566,256389,Lumbar,stand,0.097112,-0.96868,-0.201544,1.75,-2.17,0.98,-71
1787064405566,256406,Lumbar,stand,0.093696,-0.96624,-0.204472,1.47,-1.82,1.19,-71
1787064405566,256423,Lumbar,stand,0.094184,-0.965752,-0.205936,1.12,-1.89,1.12,-71
1787064405566,256440,Lumbar,stand,0.09272,-0.96624,-0.20496,1.05,-1.82,1.12,-71
1787064405566,256471,Lumbar,stand,0.092232,-0.964776,-0.20496,0.07,-1.12,1.05,-71
1787064405566,256488,Lumbar,stand,0.094184,-0.967216,-0.205448,0.14,-1.05,0.91,-71
1787064405566,256505,Lumbar,stand,0.097112,-0.968192,-0.208864,0.84,-1.05,0.63,-71
1787064405566,256522,Lumbar,stand,0.091744,-0.96868,-0.209352,1.47,-1.12,0.56,-71
1787064405566,256539,Lumbar,stand,0.09028,-0.964776,-0.20252,1.26,-1.4,0.42,-71
1787064405758,256714,Lumbar,stand,0.094184,-0.965264,-0.208376,-0.28,-1.47,-0.07,-65
1787064405758,256744,Lumbar,stand,0.09516,-0.976488,-0.20984,0.49,-1.12,0.14,-65
1787064405758,256762,Lumbar,stand,0.09516,-0.96868,-0.203496,0.84,-1.47,0.28,-65
1787064405758,256778,Lumbar,stand,0.093208,-0.968192,-0.203496,0.56,-1.68,0.49,-65
1787064405758,256795,Lumbar,stand,0.091256,-0.973072,-0.20984,0.7,-1.4,0.42,-65
1787064405758,256826,Lumbar,stand,0.09516,-0.964288,-0.210816,1.05,-1.05,0.49,-65
1787064405758,256843,Lumbar,stand,0.097112,-0.966728,-0.207888,1.19,-1.12,0.42,-65
1787064405758,256860,Lumbar,stand,0.094672,-0.968192,-0.208376,1.61,-1.26,0.42,-65
1787064405758,256879,Lumbar,stand,0.093208,-0.967704,-0.208864,1.68,-1.68,0.21,-65
1787064405758,256896,Lumbar,stand,0.093208,-0.968192,-0.208864,2.03,-2.17,0.07,-65
1787064406121,257072,Lumbar,stand,0.094184,-0.959896,-0.210816,3.43,-3.15,0.28,-66
1787064406121,257104,Lumbar,stand,0.093208,-0.964288,-0.20252,2.24,-2.66,0.07,-66
1787064406121,257121,Lumbar,stand,0.100528,-0.964776,-0.20252,2.17,-2.1,0.42,-66
1787064406121,257138,Lumbar,stand,0.106872,-0.964776,-0.205448,2.03,-1.33,0.56,-66
1787064406121,257155,Lumbar,stand,0.104432,-0.96624,-0.205936,2.17,-1.12,0.77,-66
1787064406121,257186,Lumbar,stand,0.09028,-0.967704,-0.20984,2.24,-1.47,0.84,-66
1787064406121,257203,Lumbar,stand,0.09028,-0.96868,-0.20496,1.82,-1.33,0.63,-66
1787064406121,257220,Lumbar,stand,0.09272,-0.970632,-0.202032,1.75,-1.4,0.63,-66
1787064406121,257237,Lumbar,stand,0.096136,-0.970632,-0.2074,2.31,-1.68,0.84,-66
1787064406121,257254,Lumbar,stand,0.095648,-0.96868,-0.207888,2.73,-2.24,0.84,-66
1787064406475,257429,Lumbar,stand,0.093208,-0.974048,-0.203008,2.59,-2.66,0.42,-66
1787064406475,257461,Lumbar,stand,0.091744,-0.965752,-0.198616,2.87,-3.15,0.56,-66
1787064406475,257478,Lumbar,stand,0.094184,-0.963312,-0.203984,1.96,-2.31,0.63,-66
1787064406475,257495,Lumbar,stand,0.09516,-0.973072,-0.198128,1.33,-2.66,0.49,-66
1787064406475,257512,Lumbar,stand,0.097112,-0.977464,-0.201056,2.1,-3.71,0.7,-66
1787064406475,257543,Lumbar,stand,0.09516,-0.9638,-0.206424,3.01,-3.78,0.98,-66
1787064406475,257560,Lumbar,stand,0.091744,-0.9638,-0.198616,2.52,-2.94,0.56,-66
1787064406475,257577,Lumbar,stand,0.093696,-0.967216,-0.197152,2.03,-2.31,0.7,-66
1787064406475,257594,Lumbar,stand,0.094184,-0.972584,-0.201056,2.38,-2.45,1.12,-66
1787064406475,257611,Lumbar,stand,0.093208,-0.967704,-0.2074,2.8,-3.15,1.19,-66
1787064406832,257787,Lumbar,stand,0.091744,-0.976976,-0.182512,3.36,-4.48,0.91,-66
1787064406832,257818,Lumbar,stand,0.092232,-0.974536,-0.198616,3.36,-3.08,1.75,-66
1787064406832,257835,Lumbar,stand,0.089792,-0.965264,-0.205448,3.78,-3.78,1.82,-66
1787064406832,257853,Lumbar,stand,0.091744,-0.961848,-0.20252,2.66,-3.43,1.47,-66
1787064406832,257870,Lumbar,stand,0.089792,-0.967704,-0.20008,1.75,-2.94,1.05,-66
1787064406832,257887,Lumbar,stand,0.089304,-0.971608,-0.196176,1.68,-3.57,0.42,-66
1787064406832,257918,Lumbar,stand,0.086864,-0.963312,-0.184464,2.17,-3.43,0.07,-66
1787064406832,257935,Lumbar,stand,0.09028,-0.963312,-0.185928,0.28,-2.17,0.07,-66
1787064406832,257952,Lumbar,stand,0.095648,-0.969656,-0.196664,-0.14,-1.82,0.14,-66
1787064406832,257969,Lumbar,stand,0.093696,-0.972584,-0.199592,0.35,-1.96,0.42,-66
1787064407193,258146,Lumbar,stand,0.083936,-0.969168,-0.194712,2.03,-2.1,0.7,-69
1787064407193,258177,Lumbar,stand,0.084912,-0.974536,-0.194224,1.4,-2.45,0.7,-69
1787064407193,258194,Lumbar,stand,0.08784,-0.975512,-0.196664,2.45,-2.45,0.77,-69
1787064407193,258212,Lumbar,stand,0.086864,-0.969656,-0.19032,3.15,-1.82,0.63,-69
1787064407193,258229,Lumbar,stand,0.086864,-0.969656,-0.18544,2.73,-1.33,0.49,-69
1787064407193,258260,Lumbar,stand,0.089792,-0.972096,-0.19276,2.59,-1.89,0.7,-69
1787064407193,258277,Lumbar,stand,0.088816,-0.97112,-0.203496,2.66,-1.89,0.91,-69
1787064407193,258294,Lumbar,stand,0.086376,-0.974536,-0.201056,2.8,-2.31,0.84,-69
1787064407193,258311,Lumbar,stand,0.085888,-0.97356,-0.193248,3.29,-2.52,0.91,-69
1787064407193,258328,Lumbar,stand,0.088816,-0.968192,-0.191784,3.15,-2.1,1.12,-69
1787064407556,258505,Lumbar,stand,0.086864,-0.97356,-0.197152,2.52,-2.38,0.63,-71
1787064407556,258537,Lumbar,stand,0.085888,-0.966728,-0.197152,1.89,-2.1,0.84,-71
1787064407556,258554,Lumbar,stand,0.085888,-0.972096,-0.199592,1.4,-1.68,0.84,-71
1787064407556,258571,Lumbar,stand,0.084424,-0.976,-0.197152,1.82,-2.03,0.84,-71
1787064407556,258588,Lumbar,stand,0.083936,-0.977952,-0.191784,2.45,-2.38,0.91,-71
1787064407556,258618,Lumbar,stand,0.086864,-0.966728,-0.181536,2.03,-2.1,0.56,-71
1787064407556,258635,Lumbar,stand,0.08784,-0.972584,-0.192272,1.96,-2.38,0.7,-71
1787064407556,258652,Lumbar,stand,0.087352,-0.976488,-0.197152,2.1,-3.36,1.05,-71
1787064407556,258669,Lumbar,stand,0.082472,-0.977464,-0.187392,3.08,-3.43,1.12,-71
1787064407556,258686,Lumbar,stand,0.08052,-0.965752,-0.184464,2.94,-2.45,0.77,-71
1787064407907,258862,Lumbar,stand,0.078568,-0.976,-0.19276,1.82,-3.36,-0.56,-71
1787064407907,258893,Lumbar,stand,0.084424,-0.981856,-0.19276,3.01,-4.55,-0.35,-71
1787064407907,258910,Lumbar,stand,0.0854,-0.972584,-0.194224,3.64,-5.25,-0.49,-71
1787064407907,258927,Lumbar,stand,0.087352,-0.970144,-0.194712,3.15,-4.62,-0.14,-71
1787064407907,258944,Lumbar,stand,0.090768,-0.969168,-0.196664,3.08,-4.34,0.07,-71
1787064407907,258975,Lumbar,stand,0.089792,-0.97112,-0.18788,2.59,-3.85,1.05,-71
1787064407907,258992,Lumbar,stand,0.089792,-0.963312,-0.188856,2.17,-3.29,1.19,-71
1787064407907,259009,Lumbar,stand,0.084912,-0.971608,-0.183488,1.54,-2.73,1.19,-71
1787064407907,259026,Lumbar,stand,0.084424,-0.975512,-0.176656,1.68,-2.24,1.19,-71
1787064407907,259043,Lumbar,stand,0.082472,-0.975024,-0.172752,2.24,-1.47,0.98,-71
1787064408264,259220,Lumbar,stand,0.08784,-0.975024,-0.18544,1.54,-2.73,0.35,-71
1787064408264,259251,Lumbar,stand,0.08296,-0.97844,-0.178608,2.03,-2.8,0.49,-71
1787064408264,259268,Lumbar,stand,0.079544,-0.975512,-0.181048,1.96,-2.66,0.56,-71
1787064408264,259285,Lumbar,stand,0.07808,-0.97356,-0.182024,1.75,-2.8,0.49,-71
1787064408264,259302,Lumbar,stand,0.080032,-0.974048,-0.179096,1.4,-2.73,0.49,-71
1787064408264,259333,Lumbar,stand,0.077592,-0.971608,-0.18544,1.33,-2.59,0.28,-71
1787064408264,259350,Lumbar,stand,0.080032,-0.97112,-0.18544,1.47,-2.52,0.07,-71
1787064408264,259367,Lumbar,stand,0.081496,-0.975024,-0.183,1.33,-2.52,-0.07,-71
1787064408264,259384,Lumbar,stand,0.080032,-0.976488,-0.183,1.47,-2.52,0.07,-71
1787064408264,259401,Lumbar,stand,0.079056,-0.973072,-0.187392,1.61,-2.31,0.07,-71
1787064408620,259574,Lumbar,stand,0.07564,-0.979904,-0.181048,0.84,-2.03,0.35,-69
1787064408620,259605,Lumbar,stand,0.077104,-0.974048,-0.179584,1.75,-2.52,0.42,-69
1787064408620,259623,Lumbar,stand,0.078568,-0.972096,-0.177632,0.91,-1.89,0.63,-69
1787064408620,259640,Lumbar,stand,0.080032,-0.97356,-0.186416,0.49,-1.82,0.56,-69
1787064408620,259657,Lumbar,stand,0.081008,-0.979416,-0.182024,1.4,-2.1,0.7,-69
1787064408620,259688,Lumbar,stand,0.079056,-0.969656,-0.186416,1.19,-1.47,0.14,-69
1787064408620,259705,Lumbar,stand,0.08052,-0.97112,-0.187392,1.12,-2.03,0.07,-69
1787064408620,259722,Lumbar,stand,0.084912,-0.975512,-0.187392,1.12,-1.96,0.21,-69
1787064408620,259739,Lumbar,stand,0.087352,-0.976976,-0.18788,1.33,-1.68,0.42,-69
1787064408620,259756,Lumbar,stand,0.089792,-0.972584,-0.191296,1.61,-1.68,0.28,-69
1787064408979,259931,Lumbar,stand,0.07808,-0.972096,-0.205448,2.94,-3.22,1.61,-69
1787064408979,259962,Lumbar,stand,0.072224,-0.963312,-0.183488,2.52,-3.15,-0.35,-69
1787064408979,259979,Lumbar,stand,0.087352,-0.976976,-0.16836,1.61,-3.01,-0.91,-69
1787064408979,259996,Lumbar,stand,0.095648,-1.114104,-0.1708,2.03,-2.8,-0.21,-69
1787064408979,260013,Lumbar,stand,0.09516,-1.033096,-0.183,3.15,-3.15,2.24,-69
1787064408979,260044,Lumbar,stand,0.086376,-1.136064,-0.274744,14.35,-9.59,15.82,-69
1787064408979,260061,Lumbar,stand,0.108336,-1.05164,-0.244976,21.49,-13.37,18.41,-69
1787064408979,260078,Lumbar,stand,0.091256,-0.771528,-0.207888,29.61,-11.9,15.82,-69
1787064408979,260095,Lumbar,stand,0.06344,-0.733464,-0.16104,3.92,-4.55,7.56,-69
1787064408979,260112,Lumbar,stand,0.04148,-0.927688,-0.086376,-12.32,-1.54,1.75,-69
1787064409340,260290,Lumbar,stand,0.099552,-1.018456,-0.214232,-0.42,-5.53,-2.52,-69
1787064409340,260322,Lumbar,stand,0.094672,-1.037,-0.228384,3.5,-6.44,2.59,-69
1787064409340,260339,Lumbar,stand,0.071736,-0.994544,-0.223504,11.27,-12.04,5.11,-69
1787064409340,260357,Lumbar,stand,0.048312,-0.942816,-0.184464,9.94,-11.13,4.41,-69
1787064409340,260374,Lumbar,stand,0.052216,-0.942328,-0.1708,2.59,-8.82,2.94,-69
1787064409340,260391,Lumbar,stand,0.076616,-0.970144,-0.179096,0.84,-8.05,2.87,-69
1787064409340,260422,Lumbar,stand,0.07808,-0.937936,-0.1952,4.34,-6.44,3.64,-69
1787064409340,260439,Lumbar,stand,0.069296,-0.9272,-0.176656,4.48,-1.61,1.4,-69
1787064409340,260456,Lumbar,stand,0.05368,-0.941352,-0.163968,1.33,0.77,0.14,-69
1787064409340,260473,Lumbar,stand,0.05856,-0.981368,-0.150304,-1.4,1.47,-1.82,-69
1787064409698,260649,Lumbar,stand,0.072712,-0.98088,-0.17324,1.12,-2.87,-0.14,-69
1787064409698,260681,Lumbar,stand,0.07564,-1.016992,-0.202032,2.1,-3.71,2.17,-69
1787064409698,260698,Lumbar,stand,0.06344,-1.02236,-0.244,3.36,-4.34,4.9,-69
1787064409698,260715,Lumbar,stand,0.060024,-1.013576,-0.261568,4.69,-9.73,7.91,-69
1787064409698,260732,Lumbar,stand,0.060024,-0.992592,-0.237168,9.52,-12.88,10.43,-69
1787064409698,260763,Lumbar,stand,0.054656,-0.892064,-0.213744,2.66,-9.8,6.72,-69
1787064409698,260780,Lumbar,stand,0.05124,-0.901824,-0.16592,-2.17,-7.42,2.59,-69
1787064409698,260797,Lumbar,stand,0.055632,-0.935008,-0.143472,-1.96,-5.11,1.26,-69
1787064409698,260814,Lumbar,stand,0.062952,-0.948184,-0.154696,-4.13,2.17,1.12,-69
1787064409698,260831,Lumbar,stand,0.059048,-0.961848,-0.142496,-5.53,5.53,-0.56,-69
1787064410055,261008,Lumbar,stand,0.057096,-0.981856,-0.18544,-11.34,-4.27,-1.4,-74
1787064410055,261039,Lumbar,stand,0.070272,-0.962824,-0.169336,-6.02,-0.35,-0.7,-74
1787064410055,261056,Lumbar,stand,0.070272,-0.961848,-0.183,-1.4,5.32,-3.08,-74
1787064410055,261073,Lumbar,stand,0.057096,-0.955992,-0.140056,1.82,15.54,-4.83,-74
1787064410055,261090,Lumbar,stand,0.049288,-0.932568,-0.107848,1.19,20.93,-6.16,-74
1787064410055,261121,Lumbar,stand,0.056608,-0.96136,-0.211792,-5.46,25.55,-14.14,-74
1787064410055,261138,Lumbar,stand,0.077592,-0.995032,-0.245952,-7,22.54,-11.13,-74
1787064410055,261155,Lumbar,stand,0.091256,-1.035536,-0.2562,-3.29,14.07,-8.12,-74
1787064410055,261172,Lumbar,stand,0.08784,-1.00284,-0.2318,-0.07,8.47,-3.85,-74
1787064410055,261189,Lumbar,stand,0.0854,-0.964288,-0.203008,-1.75,6.86,-4.83,-74
1787064410413,261366,Lumbar,stand,0.112728,-0.960384,-0.207888,2.73,0,0.35,-74
1787064410413,261396,Lumbar,stand,0.117608,-0.954528,-0.227896,2.17,1.82,1.26,-74
1787064410413,261414,Lumbar,stand,0.117608,-0.959408,-0.240096,0.21,0.63,1.89,-74
1787064410413,261430,Lumbar,stand,0.118096,-0.967704,-0.238632,-0.42,-0.7,2.24,-74
1787064410413,261447,Lumbar,stand,0.106384,-0.979904,-0.230824,0.07,-3.92,2.45,-74
1787064410413,261478,Lumbar,stand,0.081496,-0.969656,-0.21228,3.08,-5.11,1.19,-74
1787064410413,261496,Lumbar,stand,0.083936,-0.970632,-0.189832,4.34,-4.2,0.07,-74
1787064410413,261513,Lumbar,stand,0.090768,-0.966728,-0.17324,6.58,-2.31,-1.75,-74
1787064410413,261530,Lumbar,stand,0.099064,-0.973072,-0.179096,6.72,-1.05,-1.68,-74
1787064410413,261547,Lumbar,stand,0.089304,-0.989176,-0.193736,7.98,-3.08,-0.7,-74
1787064410772,261723,Lumbar,stand,0.103456,-0.963312,-0.196664,3.92,-4.55,0.98,-74
1787064410772,261754,Lumbar,stand,0.09516,-0.970632,-0.208864,1.61,-2.17,1.96,-74
1787064410772,261771,Lumbar,stand,0.09028,-0.972584,-0.202032,1.12,-1.61,1.47,-74
1787064410772,261789,Lumbar,stand,0.097112,-0.97112,-0.18544,1.05,-1.61,1.26,-74
1787064410772,261806,Lumbar,stand,0.106384,-0.972096,-0.18788,1.82,-2.17,0.84,-74
1787064410772,261837,Lumbar,stand,0.097112,-0.974048,-0.20008,3.22,-3.29,0.98,-74
1787064410772,261854,Lumbar,stand,0.091256,-0.97844,-0.197152,3.64,-3.71,0.91,-74
1787064410772,261871,Lumbar,stand,0.09272,-0.97356,-0.19764,3.99,-3.85,0.63,-74
1787064410772,261888,Lumbar,stand,0.094672,-0.9638,-0.199104,3.78,-3.85,0.42,-74
1787064410772,261905,Lumbar,stand,0.096136,-0.961848,-0.20496,2.45,-3.36,0.42,-74
1787064411129,262081,Lumbar,stand,0.086864,-0.962336,-0.194224,0.84,-1.54,-0.14,-65
1787064411129,262112,Lumbar,stand,0.090768,-0.976,-0.19764,1.26,-1.89,-0.28,-65
1787064411129,262129,Lumbar,stand,0.097112,-0.970632,-0.194712,0.84,-1.61,0,-65
1787064411129,262146,Lumbar,stand,0.088816,-0.970632,-0.198128,0.56,-1.68,0.21,-65
1787064411129,262163,Lumbar,stand,0.085888,-0.972584,-0.193248,0.91,-2.24,0.14,-65
1787064411129,262194,Lumbar,stand,0.088328,-0.967704,-0.206424,0.14,-2.24,0.07,-65
1787064411129,262211,Lumbar,stand,0.088328,-0.974536,-0.196664,1.12,-2.8,0.21,-65
1787064411129,262228,Lumbar,stand,0.089304,-0.97112,-0.189832,1.96,-2.1,0.42,-65
1787064411129,262245,Lumbar,stand,0.090768,-0.970632,-0.1952,1.68,-1.26,0.49,-65
1787064411129,262262,Lumbar,stand,0.091256,-0.970144,-0.20008,1.68,-1.05,0.49,-65
1787064411486,262438,Lumbar,stand,0.088816,-0.972584,-0.194712,1.12,-2.45,0.35,-65
1787064411486,262469,Lumbar,stand,0.091744,-0.968192,-0.194224,1.47,-2.17,0,-65
1787064411486,262486,Lumbar,stand,0.094672,-0.970144,-0.194224,1.47,-3.01,0.07,-65
1787064411486,262503,Lumbar,stand,0.09516,-0.967216,-0.194712,1.89,-3.36,0,-65
1787064411486,262520,Lumbar,stand,0.094672,-0.965752,-0.200568,1.12,-2.52,0.21,-65
1787064411486,262551,Lumbar,stand,0.096136,-0.97356,-0.198616,1.12,-2.73,0.21,-65
1787064411486,262568,Lumbar,stand,0.096136,-0.97356,-0.191784,1.33,-2.45,0.42,-65
1787064411486,262585,Lumbar,stand,0.097112,-0.97356,-0.191296,1.4,-1.68,0.56,-65
1787064411486,262602,Lumbar,stand,0.098576,-0.972096,-0.19276,1.33,-1.26,0.84,-65
1787064411486,262619,Lumbar,stand,0.096624,-0.969656,-0.196176,1.82,-0.84,0.84,-65
1787064411844,262795,Lumbar,stand,0.09272,-0.961848,-0.201056,0.07,1.05,-0.14,-65
1787064411844,262826,Lumbar,stand,0.089304,-0.973072,-0.19032,1.05,1.61,-0.77,-65
1787064411844,262843,Lumbar,stand,0.0976,-0.972584,-0.193736,1.75,1.19,-0.77,-65
1787064411844,262860,Lumbar,stand,0.105408,-0.972584,-0.203496,2.73,-0.56,-0.14,-65
1787064411844,262877,Lumbar,stand,0.104432,-0.970144,-0.206912,2.87,-0.91,0.77,-65
1787064411844,262908,Lumbar,stand,0.091256,-0.970632,-0.207888,1.54,-0.84,0.63,-65
1787064411844,262925,Lumbar,stand,0.090768,-0.974048,-0.20496,2.03,-1.89,0.28,-65
1787064411844,262942,Lumbar,stand,0.09516,-0.973072,-0.194712,2.52,-2.1,0.21,-65
1787064411844,262959,Lumbar,stand,0.099064,-0.970144,-0.191296,2.73,-1.96,0.42,-65
1787064411844,262976,Lumbar,stand,0.097112,-0.964776,-0.19764,2.59,-1.54,0.35,-65
1787064412202,263152,Lumbar,stand,0.073688,-0.773968,-0.168848,-12.53,-3.78,1.82,-62
1787064412202,263183,Lumbar,stand,0.050264,-1.021872,-0.163968,-8.54,-3.71,1.68,-62
1787064412202,263200,Lumbar,stand,0.052216,-0.960872,-0.164944,-1.19,-0.91,1.19,-62
1787064412202,263216,Lumbar,stand,0.079056,-0.935984,-0.164456,-1.96,3.15,-1.61,-62
1787064412202,263233,Lumbar,stand,0.089304,-0.952088,-0.176656,-4.55,10.64,-3.08,-62
1787064412202,263264,Lumbar,stand,0.081496,-0.991128,-0.164456,0,5.88,-4.48,-62
1787064412202,263281,Lumbar,stand,0.076616,-0.956968,-0.167872,0.49,5.46,-3.92,-62
1787064412202,263298,Lumbar,stand,0.088816,-0.941352,-0.194712,-5.04,5.81,-4.13,-62
1787064412202,263315,Lumbar,stand,0.096136,-0.966728,-0.20252,-7.49,4.55,-5.04,-62
1787064412202,263332,Lumbar,stand,0.095648,-1.01992,-0.219112,-5.04,0.42,-5.04,-62
1787064412562,263510,Lumbar,stand,0.084912,-0.962336,-0.181048,-1.12,1.96,-2.8,-62
1787064412562,263541,Lumbar,stand,0.086864,-0.9638,-0.206424,-5.04,1.12,-3.15,-62
1787064412562,263558,Lumbar,stand,0.087352,-0.967704,-0.214232,-6.09,-0.63,-2.94,-62
1787064412562,263576,Lumbar,stand,0.094184,-0.976976,-0.212768,-5.74,-1.96,-2.66,-62
1787064412562,263593,Lumbar,stand,0.101016,-0.98576,-0.201544,-3.5,-2.17,-2.31,-62
1787064412562,263624,Lumbar,stand,0.096624,-0.990152,-0.191296,-0.28,-2.94,-0.56,-62
1787064412562,263641,Lumbar,stand,0.090768,-0.98576,-0.19764,0.28,-2.73,-0.35,-62
1787064412562,263658,Lumbar,stand,0.091256,-0.97356,-0.216184,1.12,-1.75,-0.28,-62
1787064412562,263675,Lumbar,stand,0.094672,-0.964288,-0.223992,1.47,-1.61,-0.56,-62
1787064412562,263692,Lumbar,stand,0.099064,-0.96136,-0.214232,1.82,-2.1,-0.7,-62
1787064412919,263870,Lumbar,stand,0.101016,-0.970144,-0.211304,1.75,-3.29,0.7,-62
1787064412919,263901,Lumbar,stand,0.100528,-0.964288,-0.212768,2.94,-4.06,0.84,-62
1787064412919,263918,Lumbar,stand,0.10004,-0.96868,-0.205448,2.59,-3.78,1.05,-62
1787064412919,263935,Lumbar,stand,0.096624,-0.970632,-0.204472,2.31,-3.43,1.33,-62
1787064412919,263952,Lumbar,stand,0.093696,-0.969168,-0.20496,2.1,-3.43,1.33,-62
1787064412919,263983,Lumbar,stand,0.101016,-0.961848,-0.210328,1.96,-3.5,1.19,-62
1787064412919,264000,Lumbar,stand,0.101016,-0.961848,-0.213256,1.75,-3.22,1.26,-62
1787064412919,264017,Lumbar,stand,0.0976,-0.964288,-0.213744,2.1,-2.31,1.19,-62
1787064412919,264034,Lumbar,stand,0.091744,-0.967216,-0.206912,2.03,-1.54,1.19,-62
1787064412919,264051,Lumbar,stand,0.090768,-0.966728,-0.20496,2.17,-1.19,0.91,-62
1787064413290,264227,Lumbar,stand,0.091256,-0.96624,-0.211792,1.61,-4.27,-0.07,-62
1787064413290,264258,Lumbar,stand,0.093696,-0.97112,-0.211792,2.03,-4.48,-0.07,-62
1787064413290,264275,Lumbar,stand,0.095648,-0.971608,-0.208864,2.45,-4.83,0,-62
1787064413290,264292,Lumbar,stand,0.096136,-0.964776,-0.210328,3.01,-4.69,0.07,-62
1787064413290,264309,Lumbar,stand,0.09516,-0.9638,-0.211304,2.52,-4.41,0.07,-62
1787064413290,264340,Lumbar,stand,0.09516,-0.96868,-0.210328,2.24,-4.76,0.28,-62
1787064413290,264357,Lumbar,stand,0.094184,-0.97356,-0.208864,2.45,-5.6,0.63,-62
1787064413290,264374,Lumbar,stand,0.096136,-0.974536,-0.206912,3.08,-5.95,1.33,-62
1787064413290,264391,Lumbar,stand,0.093696,-0.962824,-0.211792,3.43,-4.97,1.61,-62
1787064413290,264408,Lumbar,stand,0.091744,-0.959408,-0.212768,2.94,-4.06,1.19,-62
1787064413634,264584,Lumbar,stand,0.094672,-0.972096,-0.197152,1.82,2.66,0.84,-59
1787064413634,264615,Lumbar,stand,0.09272,-0.967216,-0.180072,2.38,3.78,0.63,-59
1787064413634,264632,Lumbar,stand,0.10004,-0.958432,-0.198616,2.1,3.22,0.63,-59
1787064413634,264649,Lumbar,stand,0.098576,-0.960384,-0.217648,1.89,0.98,0.84,-59
1787064413634,264666,Lumbar,stand,0.088816,-0.969168,-0.227896,1.89,-1.12,1.12,-59
1787064413634,264697,Lumbar,stand,0.09028,-0.971608,-0.213744,2.38,-2.17,1.12,-59
1787064413634,264714,Lumbar,stand,0.093208,-0.969168,-0.203984,2.59,-1.96,1.19,-59
1787064413634,264731,Lumbar,stand,0.094184,-0.969168,-0.203496,2.73,-2.1,1.54,-59
1787064413634,264748,Lumbar,stand,0.093696,-0.969168,-0.205448,2.66,-2.87,1.75,-59
1787064413634,264765,Lumbar,stand,0.094672,-0.965752,-0.205936,2.94,-3.36,1.82,-59
1787064414066,264941,Lumbar,stand,0.09516,-0.962824,-0.20008,1.96,-2.03,0.7,-59
1787064414066,264971,Lumbar,stand,0.089304,-0.969168,-0.206912,0.42,-2.1,0.98,-59
1787064414066,264989,Lumbar,stand,0.084424,-0.970632,-0.206912,0.14,-2.24,1.05,-59
1787064414066,265006,Lumbar,stand,0.086376,-0.972584,-0.203008,-0.21,-2.03,0.63,-59
1787064414066,265023,Lumbar,stand,0.089304,-0.976,-0.203008,-0.14,-1.82,0.63,-59
1787064414066,265054,Lumbar,stand,0.098088,-0.973072,-0.199592,0.84,-1.82,1.19,-59
1787064414066,265071,Lumbar,stand,0.096624,-0.968192,-0.199592,0.77,-1.82,1.33,-59
1787064414066,265088,Lumbar,stand,0.094672,-0.969168,-0.199592,0.84,-1.33,1.47,-59
1787064414066,265105,Lumbar,stand,0.091744,-0.971608,-0.203008,1.05,-1.12,1.47,-59
1787064414066,265122,Lumbar,stand,0.090768,-0.972096,-0.205936,1.33,-1.19,1.4,-59
1787064414403,265351,Lumbar,stand,0.093696,-0.97112,-0.19764,3.92,-1.96,0.84,-59
1787064414403,265383,Lumbar,stand,0.081984,-0.969168,-0.20008,3.64,-2.31,0.77,-59
1787064414403,265400,Lumbar,stand,0.080032,-0.969168,-0.200568,3.36,-2.66,0.56,-59
1787064414403,265417,Lumbar,stand,0.08052,-0.96868,-0.20008,3.01,-2.8,0.42,-59
1787064414403,265434,Lumbar,stand,0.084424,-0.968192,-0.19764,2.94,-3.08,0.35,-59
1787064414403,265465,Lumbar,stand,0.086376,-0.968192,-0.196664,3.22,-2.87,0.21,-59
1787064414403,265482,Lumbar,stand,0.0854,-0.967704,-0.197152,3.01,-2.73,0.21,-59
1787064414403,265499,Lumbar,stand,0.084912,-0.969168,-0.19764,2.87,-2.59,0.21,-59
1787064414403,265516,Lumbar,stand,0.08784,-0.967216,-0.19764,2.8,-2.52,0.42,-59
1787064414403,265533,Lumbar,stand,0.088328,-0.96624,-0.197152,2.66,-2.73,0.42,-59
1787064414764,265707,Lumbar,stand,0.086376,-0.972096,-0.19032,1.54,-2.66,0.14,-59
1787064414764,265739,Lumbar,stand,0.0854,-0.97356,-0.189832,1.75,-1.96,0.35,-59
1787064414764,265756,Lumbar,stand,0.083936,-0.969168,-0.190808,1.68,-1.96,0.49,-59
1787064414764,265773,Lumbar,stand,0.084912,-0.967216,-0.191784,1.54,-2.17,0.56,-59
1787064414764,265789,Lumbar,stand,0.084912,-0.970144,-0.193736,1.26,-2.66,0.49,-59
1787064414764,265820,Lumbar,stand,0.081496,-0.975512,-0.192272,1.33,-3.01,0.21,-59
1787064414764,265837,Lumbar,stand,0.082472,-0.974536,-0.1952,1.82,-3.22,0.07,-59
1787064414764,265854,Lumbar,stand,0.081984,-0.973072,-0.195688,2.38,-3.71,-0.14,-59
1787064414764,265871,Lumbar,stand,0.0854,-0.967216,-0.194712,2.31,-3.71,-0.28,-59
1787064414764,265888,Lumbar,stand,0.090768,-0.970632,-0.192272,1.75,-3.57,-0.42,-59
1787064415118,266064,Lumbar,stand,0.081008,-0.973072,-0.192272,1.82,-2.38,0.14,-59
1787064415118,266096,Lumbar,stand,0.081984,-0.969656,-0.191784,2.31,-2.8,0.07,-59
1787064415118,266113,Lumbar,stand,0.087352,-0.967216,-0.193736,1.96,-2.52,-0.21,-59
1787064415118,266130,Lumbar,stand,0.088816,-0.969656,-0.193248,1.61,-2.45,-0.35,-59
1787064415118,266147,Lumbar,stand,0.089792,-0.969656,-0.193248,1.47,-2.31,-0.28,-59
1787064415118,266178,Lumbar,stand,0.088816,-0.970144,-0.192272,0.91,-2.45,-0.35,-59
1787064415118,266195,Lumbar,stand,0.088328,-0.97112,-0.190808,0.7,-2.45,-0.28,-59
1787064415118,266212,Lumbar,stand,0.085888,-0.971608,-0.190808,0.63,-2.24,-0.35,-59
1787064415118,266229,Lumbar,stand,0.086376,-0.969656,-0.188856,0.84,-2.24,-0.42,-59
1787064415118,266245,Lumbar,stand,0.084912,-0.969168,-0.19032,0.7,-2.1,-0.49,-59
1787064415478,266422,Lumbar,stand,0.084912,-0.97112,-0.191296,2.1,-2.94,1.54,-59
1787064415478,266454,Lumbar,stand,0.083448,-0.969168,-0.189344,2.03,-1.89,0.98,-59
1787064415478,266471,Lumbar,stand,0.082472,-0.969656,-0.194224,1.61,-1.68,0.7,-59
1787064415478,266488,Lumbar,stand,0.082472,-0.969656,-0.1952,2.03,-2.17,0.56,-59
1787064415478,266505,Lumbar,stand,0.08296,-0.969168,-0.194712,2.1,-2.38,0.63,-59
1787064415478,266536,Lumbar,stand,0.083936,-0.968192,-0.196176,1.82,-2.94,0.56,-59
1787064415478,266553,Lumbar,stand,0.087352,-0.96868,-0.195688,1.75,-3.08,0.42,-59
1787064415478,266570,Lumbar,stand,0.084424,-0.97112,-0.192272,1.68,-2.8,0.42,-59
1787064415478,266587,Lumbar,stand,0.083448,-0.97112,-0.194712,1.61,-2.1,0.21,-59
1787064415478,266604,Lumbar,stand,0.084424,-0.970144,-0.198128,2.17,-2.03,0.14,-59
1787064415914,266781,Lumbar,stand,0.08784,-0.972096,-0.195688,2.17,-0.7,0.35,-64
1787064415914,266812,Lumbar,stand,0.083936,-0.972584,-0.19764,2.87,-1.75,0.77,-64
1787064415914,266829,Lumbar,stand,0.083936,-0.97112,-0.197152,2.87,-2.31,0.7,-64
1787064415914,266847,Lumbar,stand,0.085888,-0.970144,-0.195688,2.87,-2.45,0.77,-64
1787064415914,266864,Lumbar,stand,0.09028,-0.969168,-0.194712,2.87,-2.38,0.77,-64
1787064415914,266881,Lumbar,stand,0.093696,-0.970632,-0.192272,3.01,-2.03,0.7,-64
1787064415914,266912,Lumbar,stand,0.091744,-0.97112,-0.1952,3.29,-1.61,0.77,-64
1787064415914,266929,Lumbar,stand,0.09028,-0.968192,-0.1952,3.29,-1.54,0.84,-64
1787064415914,266946,Lumbar,stand,0.09028,-0.967216,-0.192272,2.87,-1.54,0.77,-64
1787064415914,266963,Lumbar,stand,0.087352,-0.970632,-0.19032,2.52,-1.75,0.7,-64
1787064416192,267137,Lumbar,stand,0.087352,-0.970144,-0.193248,1.82,-2.52,-0.42,-65
1787064416192,267168,Lumbar,stand,0.083936,-0.96868,-0.185928,0.91,-2.59,-0.42,-65
1787064416192,267185,Lumbar,stand,0.084912,-0.972584,-0.185928,0.7,-2.59,-0.42,-65
1787064416192,267202,Lumbar,stand,0.085888,-0.974536,-0.189832,0.63,-2.8,-0.49,-65
1787064416192,267220,Lumbar,stand,0.08784,-0.974048,-0.188856,0.98,-2.94,-0.49,-65
1787064416192,267238,Lumbar,stand,0.086864,-0.974048,-0.189344,1.26,-2.8,-0.42,-65
1787064416192,267269,Lumbar,stand,0.088328,-0.971608,-0.189832,1.4,-2.94,-0.49,-65
1787064416192,267286,Lumbar,stand,0.09028,-0.97112,-0.19276,1.4,-2.94,-0.42,-65
1787064416192,267303,Lumbar,stand,0.09272,-0.971608,-0.19276,1.33,-2.66,-0.28,-65
1787064416192,267320,Lumbar,stand,0.093208,-0.970632,-0.193736,1.54,-2.52,-0.28,-65
1787064416551,267497,Lumbar,stand,0.084424,-0.972096,-0.190808,2.31,-2.31,0.28,-65
1787064416551,267528,Lumbar,stand,0.092232,-0.970144,-0.188856,1.33,-1.68,0.35,-65
1787064416551,267545,Lumbar,stand,0.09272,-0.974048,-0.19032,1.54,-1.68,0.56,-65
1787064416551,267562,Lumbar,stand,0.090768,-0.97356,-0.194712,1.68,-1.68,0.63,-65
1787064416551,267579,Lumbar,stand,0.086376,-0.975024,-0.196664,1.82,-1.89,0.77,-65
1787064416551,267609,Lumbar,stand,0.087352,-0.972096,-0.190808,2.38,-2.03,0.77,-65
1787064416551,267626,Lumbar,stand,0.088816,-0.975512,-0.187392,2.52,-2.03,1.05,-65
1787064416551,267643,Lumbar,stand,0.092232,-0.96868,-0.187392,2.73,-1.89,1.33,-65
1787064416551,267660,Lumbar,stand,0.093696,-0.968192,-0.191784,2.38,-1.61,1.33,-65
1787064416551,267677,Lumbar,stand,0.093208,-0.969656,-0.191784,2.24,-1.61,1.33,-65
1787064416907,267853,Lumbar,stand,0.08784,-0.974536,-0.188368,1.61,-2.17,0.07,-65
1787064416907,267885,Lumbar,stand,0.088816,-0.973072,-0.188368,1.96,-1.96,0,-65
1787064416907,267902,Lumbar,stand,0.087352,-0.96868,-0.188368,1.89,-1.96,-0.07,-65
1787064416907,267919,Lumbar,stand,0.086864,-0.970144,-0.186904,1.54,-2.1,-0.21,-65
1787064416907,267936,Lumbar,stand,0.08784,-0.973072,-0.184952,1.4,-2.1,0,-65
1787064416907,267967,Lumbar,stand,0.087352,-0.972096,-0.186904,1.4,-1.68,0.07,-65
1787064416907,267984,Lumbar,stand,0.08784,-0.975024,-0.189344,1.68,-1.75,0.21,-65
1787064416907,268001,Lumbar,stand,0.086864,-0.975512,-0.188368,2.03,-1.61,0.35,-65
1787064416907,268018,Lumbar,stand,0.086376,-0.97356,-0.187392,2.1,-1.75,0.42,-65
1787064416907,268035,Lumbar,stand,0.0854,-0.970632,-0.187392,2.03,-1.82,0.35,-65
1787064417344,268210,Lumbar,stand,0.089792,-0.967704,-0.189832,2.17,-2.52,-0.21,-65
1787064417344,268242,Lumbar,stand,0.086864,-0.96868,-0.183976,1.47,-2.45,-0.91,-65
1787064417344,268259,Lumbar,stand,0.089792,-0.971608,-0.179584,0.98,-2.24,-1.54,-65
1787064417344,268277,Lumbar,stand,0.092232,-0.973072,-0.182024,0.42,-2.17,-1.54,-65
1787064417344,268294,Lumbar,stand,0.08784,-0.979416,-0.186416,0.7,-2.45,-1.33,-65
1787064417344,268311,Lumbar,stand,0.086864,-0.978928,-0.188368,1.12,-2.38,-1.05,-65
1787064417344,268342,Lumbar,stand,0.0976,-0.967704,-0.18544,0.7,-1.75,-0.77,-65
1787064417344,268358,Lumbar,stand,0.099552,-0.969168,-0.184952,0.98,-1.33,-0.7,-65
1787064417344,268375,Lumbar,stand,0.098576,-0.970144,-0.186904,1.05,-1.19,-0.7,-65
1787064417344,268392,Lumbar,stand,0.092232,-0.97356,-0.189344,0.77,-0.98,-0.56,-65
1787064417623,268568,Lumbar,stand,0.095648,-0.971608,-0.189344,1.68,-0.84,1.4,-61
1787064417623,268599,Lumbar,stand,0.090768,-0.97112,-0.19032,1.54,-1.12,1.26,-61
1787064417623,268616,Lumbar,stand,0.086864,-0.973072,-0.189832,1.47,-1.75,1.05,-61
1787064417623,268633,Lumbar,stand,0.08784,-0.975024,-0.191296,1.68,-2.24,0.91,-61
1787064417623,268650,Lumbar,stand,0.090768,-0.975024,-0.189344,1.82,-2.45,0.84,-61
1787064417623,268681,Lumbar,stand,0.09272,-0.97112,-0.182024,2.73,-3.15,0.28,-61
1787064417623,268698,Lumbar,stand,0.091744,-0.970144,-0.18056,2.59,-2.73,-0.07,-61
1787064417623,268715,Lumbar,stand,0.086864,-0.973072,-0.183976,2.66,-2.45,0,-61
1787064417623,268732,Lumbar,stand,0.089792,-0.970144,-0.190808,2.45,-2.1,0.21,-61
1787064417623,268749,Lumbar,stand,0.09516,-0.969168,-0.201056,2.03,-2.52,0.42,-61
1787064418162,268925,Lumbar,stand,0.089304,-0.970632,-0.18788,1.26,-1.89,0,-61
1787064418162,268957,Lumbar,stand,0.09028,-0.972096,-0.19032,0.77,-1.89,-0.21,-61
1787064418162,268974,Lumbar,stand,0.091256,-0.97112,-0.189832,0.98,-2.38,-0.28,-61
1787064418162,268991,Lumbar,stand,0.091256,-0.972584,-0.186904,0.98,-2.8,-0.42,-61
1787064418162,269008,Lumbar,stand,0.09028,-0.97356,-0.183976,1.19,-2.8,-0.42,-61
1787064418162,269039,Lumbar,stand,0.091744,-0.973072,-0.185928,1.54,-2.38,-0.35,-61
1787064418162,269056,Lumbar,stand,0.09028,-0.970144,-0.18544,1.26,-2.1,-0.28,-61
1787064418162,269073,Lumbar,stand,0.093696,-0.975024,-0.186904,0.91,-1.96,-0.28,-61
1787064418162,269090,Lumbar,stand,0.097112,-0.974048,-0.188368,1.4,-2.24,-0.14,-61
1787064418162,269107,Lumbar,stand,0.098088,-0.970632,-0.19032,1.75,-2.59,0.21,-61
1787064418365,269282,Lumbar,stand,0.093208,-0.970144,-0.18544,2.03,-1.89,0.21,-62
1787064418365,269313,Lumbar,stand,0.098088,-0.965752,-0.19032,0.91,-2.03,0.14,-62
1787064418365,269330,Lumbar,stand,0.0976,-0.972096,-0.191296,0.98,-2.03,0.21,-62
1787064418365,269347,Lumbar,stand,0.097112,-0.972096,-0.191784,1.54,-1.96,0.28,-62
1787064418365,269364,Lumbar,stand,0.096136,-0.970144,-0.191784,1.47,-1.89,0.28,-62
1787064418365,269395,Lumbar,stand,0.095648,-0.969168,-0.19032,1.4,-1.96,0.28,-62
1787064418365,269412,Lumbar,stand,0.095648,-0.970144,-0.189832,1.26,-2.31,0.21,-62
1787064418365,269429,Lumbar,stand,0.097112,-0.969656,-0.188368,1.19,-2.24,0.14,-62
1787064418365,269446,Lumbar,stand,0.096136,-0.972096,-0.188856,1.19,-2.1,0.21,-62
1787064418365,269463,Lumbar,stand,0.096136,-0.972096,-0.189344,1.26,-1.82,0.21,-62
1787064418779,269640,Lumbar,stand,0.093696,-0.969656,-0.189344,1.05,-2.45,0.14,-62
1787064418779,269671,Lumbar,stand,0.093696,-0.97356,-0.189344,0.91,-1.68,0.35,-62
1787064418779,269688,Lumbar,stand,0.094672,-0.975512,-0.188856,1.19,-1.68,0.56,-62
1787064418779,269705,Lumbar,stand,0.09272,-0.976488,-0.188856,1.4,-1.75,0.77,-62
1787064418779,269722,Lumbar,stand,0.094672,-0.97844,-0.19032,1.75,-1.82,1.33,-62
1787064418779,269753,Lumbar,stand,0.094672,-0.97356,-0.191296,2.03,-2.38,1.89,-62
1787064418779,269770,Lumbar,stand,0.094184,-0.97112,-0.193248,2.1,-2.66,1.96,-62
1787064418779,269787,Lumbar,stand,0.09272,-0.97112,-0.19276,2.03,-3.01,2.03,-62
1787064418779,269804,Lumbar,stand,0.091744,-0.972096,-0.190808,2.1,-3.15,1.75,-62
1787064418779,269821,Lumbar,stand,0.089304,-0.970144,-0.189832,2.17,-2.87,1.61,-62
1787064419054,269996,Lumbar,stand,0.09272,-0.967216,-0.189344,1.75,-1.89,0.49,-61
1787064419054,270027,Lumbar,stand,0.09272,-0.971608,-0.191784,1.47,-2.31,0.49,-61
1787064419054,270044,Lumbar,stand,0.092232,-0.972096,-0.1952,1.47,-2.45,0.35,-61
1787064419054,270061,Lumbar,stand,0.093696,-0.97112,-0.191296,1.75,-2.38,0.07,-61
1787064419054,270079,Lumbar,stand,0.092232,-0.972096,-0.188368,2.03,-2.24,-0.07,-61
1787064419054,270110,Lumbar,stand,0.09516,-0.969168,-0.184464,2.17,-2.17,0,-61
1787064419054,270127,Lumbar,stand,0.096624,-0.969656,-0.19276,1.54,-2.1,0.14,-61
1787064419054,270144,Lumbar,stand,0.096624,-0.972096,-0.1952,1.54,-2.31,0.14,-61
1787064419054,270161,Lumbar,stand,0.09516,-0.974048,-0.1952,1.82,-2.38,0.14,-61
1787064419054,270177,Lumbar,stand,0.093208,-0.972584,-0.189832,2.1,-2.24,0.07,-61
1787064419697,270352,Lumbar,stand,0.089792,-0.975024,-0.191296,1.61,-1.68,0.42,-61
1787064419697,270384,Lumbar,stand,0.089792,-0.969656,-0.194224,1.82,-1.89,0.28,-61
1787064419697,270401,Lumbar,stand,0.091256,-0.969168,-0.192272,1.82,-2.31,0.14,-61
1787064419697,270419,Lumbar,stand,0.091256,-0.97112,-0.19032,1.75,-2.45,0.14,-61
1787064419697,270436,Lumbar,stand,0.091256,-0.970632,-0.190808,1.68,-2.24,0.28,-61
1787064419697,270453,Lumbar,stand,0.093696,-0.970144,-0.19276,1.68,-2.03,0.28,-61
1787064419697,270484,Lumbar,stand,0.094184,-0.972096,-0.189344,1.96,-2.24,0.21,-61
1787064419697,270501,Lumbar,stand,0.09272,-0.973072,-0.187392,2.03,-2.31,0.28,-61
1787064419697,270518,Lumbar,stand,0.092232,-0.972584,-0.187392,1.89,-2.31,0.35,-61
1787064419697,270535,Lumbar,stand,0.094672,-0.971608,-0.188856,1.96,-2.1,0.42,-61
1787064419765,270710,Lumbar,stand,0.090768,-0.968192,-0.186416,0.63,-2.73,-0.7,-61
1787064419765,270741,Lumbar,stand,0.087352,-0.97844,-0.183976,0.28,-2.66,0,-61
1787064419765,270758,Lumbar,stand,0.093208,-0.975512,-0.186904,0.49,-2.1,0.35,-61
1787064419765,270775,Lumbar,stand,0.098576,-0.972096,-0.188856,1.12,-2.03,0.49,-61
1787064419765,270792,Lumbar,stand,0.099552,-0.976,-0.198128,1.47,-2.03,0.77,-61
1787064419765,270823,Lumbar,stand,0.09516,-0.972584,-0.19764,3.08,-2.87,0.98,-61
1787064419765,270840,Lumbar,stand,0.095648,-0.97112,-0.19032,3.01,-2.87,1.05,-61
1787064419765,270857,Lumbar,stand,0.094672,-0.975512,-0.19032,3.22,-2.66,1.05,-61
1787064419765,270874,Lumbar,stand,0.095648,-0.976488,-0.19032,3.64,-2.87,1.26,-61
1787064419765,270891,Lumbar,stand,0.09516,-0.975024,-0.187392,3.78,-3.08,1.54,-61
1787064420123,271065,Lumbar,stand,0.094184,-0.976,-0.18544,3.78,-2.17,1.54,-66
1787064420123,271096,Lumbar,stand,0.08784,-0.96624,-0.183488,3.92,-2.45,1.19,-66
1787064420123,271114,Lumbar,stand,0.0854,-0.967704,-0.184952,3.15,-2.8,0.7,-66
1787064420123,271130,Lumbar,stand,0.09028,-0.97112,-0.186416,2.66,-2.94,0.7,-66
1787064420123,271147,Lumbar,stand,0.093208,-0.97356,-0.182512,2.59,-2.73,0.77,-66
1787064420123,271178,Lumbar,stand,0.094184,-0.970632,-0.183,2.73,-1.75,0.84,-66
1787064420123,271195,Lumbar,stand,0.090768,-0.97112,-0.182512,2.8,-1.96,0.7,-66
1787064420123,271212,Lumbar,stand,0.08784,-0.97112,-0.181536,2.31,-2.59,0.63,-66
1787064420123,271229,Lumbar,stand,0.084424,-0.970144,-0.177144,1.96,-2.73,0.63,-66
1787064420123,271246,Lumbar,stand,0.086376,-0.971608,-0.176656,1.19,-2.59,0.77,-66
1787064420479,271422,Lumbar,stand,0.088328,-0.971608,-0.180072,0.07,-1.68,0.21,-66
1787064420479,271453,Lumbar,stand,0.091744,-0.974536,-0.178608,0.28,-1.89,0.28,-66
1787064420479,271470,Lumbar,stand,0.090768,-0.976976,-0.17812,0.42,-1.75,0.56,-66
1787064420479,271487,Lumbar,stand,0.087352,-0.979904,-0.177632,0.91,-1.19,0.7,-66
1787064420479,271504,Lumbar,stand,0.08296,-0.978928,-0.179096,1.33,-0.98,0.7,-66
1787064420479,271535,Lumbar,stand,0.081496,-0.975024,-0.181536,1.82,-1.19,0.77,-66
1787064420479,271552,Lumbar,stand,0.081008,-0.975024,-0.182512,1.89,-1.82,0.7,-66
1787064420479,271569,Lumbar,stand,0.078568,-0.974536,-0.183,1.82,-2.1,0.49,-66
1787064420479,271586,Lumbar,stand,0.080032,-0.975024,-0.187392,1.54,-2.1,0.21,-66
1787064420479,271603,Lumbar,stand,0.084424,-0.974536,-0.186904,1.96,-2.03,0.21,-66
1787064421030,271778,Lumbar,stand,0.085888,-0.97356,-0.185928,1.12,-2.31,0.63,-66
1787064421030,271809,Lumbar,stand,0.08784,-0.97112,-0.185928,1.12,-1.68,0.7,-66
1787064421030,271826,Lumbar,stand,0.087352,-0.971608,-0.183976,1.26,-1.54,0.7,-66
1787064421030,271843,Lumbar,stand,0.087352,-0.975512,-0.183488,1.12,-1.54,0.7,-66
1787064421030,271860,Lumbar,stand,0.087352,-0.977464,-0.183488,1.26,-1.33,0.77,-66
1787064421030,271891,Lumbar,stand,0.08784,-0.977952,-0.188856,1.47,-1.26,1.12,-66
1787064421030,271908,Lumbar,stand,0.087352,-0.975512,-0.188368,1.89,-1.4,1.33,-66
1787064421030,271925,Lumbar,stand,0.087352,-0.972096,-0.186416,1.96,-1.54,1.47,-66
1787064421030,271942,Lumbar,stand,0.088328,-0.97112,-0.184952,1.61,-1.47,1.4,-66
1787064421030,271959,Lumbar,stand,0.086864,-0.972096,-0.183488,1.54,-1.19,1.4,-66
1787064421194,272133,Lumbar,stand,0.084424,-0.97112,-0.182024,2.1,-1.96,-0.07,-65
1787064421194,272164,Lumbar,stand,0.087352,-0.97112,-0.186904,1.68,-1.4,-0.42,-65
1787064421194,272181,Lumbar,stand,0.089792,-0.970144,-0.181048,1.54,-1.68,-0.28,-65
1787064421194,272198,Lumbar,stand,0.089304,-0.969656,-0.183976,1.05,-1.89,0,-65
1787064421194,272215,Lumbar,stand,0.082472,-0.975024,-0.183488,1.19,-1.96,0,-65
1787064421194,272246,Lumbar,stand,0.081496,-0.97356,-0.181048,1.75,-1.61,0,-65
1787064421194,272263,Lumbar,stand,0.084912,-0.972584,-0.182024,1.68,-1.82,-0.07,-65
1787064421194,272280,Lumbar,stand,0.086376,-0.97356,-0.181048,1.61,-2.03,0.07,-65
1787064421194,272297,Lumbar,stand,0.086376,-0.974048,-0.183488,1.4,-2.03,0.07,-65
1787064421194,272316,Lumbar,stand,0.0854,-0.976976,-0.183488,1.33,-2.1,0.14,-65
1787064421644,272492,Lumbar,stand,0.090768,-0.970144,-0.181048,1.33,-1.89,0.21,-65
1787064421644,272523,Lumbar,stand,0.091256,-0.971608,-0.183,1.26,-1.61,0.35,-65
1787064421644,272540,Lumbar,stand,0.09028,-0.974048,-0.183976,1.4,-1.4,0.28,-65
1787064421644,272557,Lumbar,stand,0.087352,-0.974536,-0.183976,1.4,-1.4,0.21,-65
1787064421644,272574,Lumbar,stand,0.085888,-0.97356,-0.182024,1.47,-1.4,0.28,-65
1787064421644,272605,Lumbar,stand,0.087352,-0.973072,-0.181536,1.33,-1.61,0.21,-65
1787064421644,272622,Lumbar,stand,0.088328,-0.971608,-0.184464,1.26,-1.68,0.28,-65
1787064421644,272639,Lumbar,stand,0.088328,-0.972584,-0.184464,1.19,-1.82,0.21,-65
1787064421644,272656,Lumbar,stand,0.088816,-0.973072,-0.183488,1.26,-1.82,0.35,-65
1787064421644,272673,Lumbar,stand,0.086376,-0.974536,-0.183,1.19,-1.82,0.35,-65
1787064421908,272848,Lumbar,stand,0.084424,-0.971608,-0.183976,1.61,-2.38,0.21,-65
1787064421908,272879,Lumbar,stand,0.091744,-0.973072,-0.182024,1.26,-2.17,0.21,-65
1787064421908,272895,Lumbar,stand,0.093696,-0.97112,-0.18544,1.4,-2.03,0.42,-65
1787064421908,272913,Lumbar,stand,0.093696,-0.97112,-0.186904,1.47,-2.31,0.42,-65
1787064421908,272930,Lumbar,stand,0.0854,-0.970632,-0.18788,1.61,-2.45,0.35,-65
1787064421908,272961,Lumbar,stand,0.084424,-0.97112,-0.183,0.98,-2.24,0.28,-65
1787064421908,272978,Lumbar,stand,0.089304,-0.974536,-0.183488,0.91,-1.96,0.28,-65
1787064421908,272995,Lumbar,stand,0.091256,-0.976488,-0.185928,1.12,-1.75,0.21,-65
1787064421908,273012,Lumbar,stand,0.089304,-0.975512,-0.188368,1.47,-1.96,0.28,-65
1787064421908,273029,Lumbar,stand,0.08784,-0.976,-0.185928,1.68,-2.38,0.35,-65
1787064422267,273206,Lumbar,stand,0.084912,-0.974048,-0.181536,1.89,-2.59,0.91,-65
1787064422267,273237,Lumbar,stand,0.083448,-0.974048,-0.185928,1.4,-2.31,0.7,-65
1787064422267,273254,Lumbar,stand,0.084424,-0.972096,-0.186904,1.4,-2.59,0.77,-65
1787064422267,273272,Lumbar,stand,0.085888,-0.97112,-0.186904,1.54,-3.01,0.7,-65
1787064422267,273289,Lumbar,stand,0.086864,-0.970632,-0.185928,1.54,-2.94,0.7,-65
1787064422267,273320,Lumbar,stand,0.086376,-0.969656,-0.185928,1.26,-2.03,0.56,-65
1787064422267,273337,Lumbar,stand,0.087352,-0.970144,-0.185928,1.19,-2.03,0.35,-65
1787064422267,273354,Lumbar,stand,0.087352,-0.973072,-0.186904,1.12,-2.1,0.35,-65
1787064422267,273371,Lumbar,stand,0.087352,-0.974048,-0.184952,1.12,-2.1,0.42,-65
1787064422267,273388,Lumbar,stand,0.08784,-0.975024,-0.184952,1.05,-1.89,0.56,-65
1787064422625,273564,Lumbar,stand,0.085888,-0.972584,-0.18788,1.54,-1.82,-0.21,-65
1787064422625,273594,Lumbar,stand,0.088328,-0.974048,-0.183488,1.47,-1.26,-0.14,-65
1787064422625,273611,Lumbar,stand,0.092232,-0.971608,-0.18544,1.47,-1.26,-0.07,-65
1787064422625,273629,Lumbar,stand,0.088816,-0.96868,-0.191296,1.19,-1.26,0,-65
1787064422625,273646,Lumbar,stand,0.086864,-0.97112,-0.189344,1.4,-1.12,-0.21,-65
1787064422625,273677,Lumbar,stand,0.087352,-0.973072,-0.187392,1.19,-1.12,0.07,-65
1787064422625,273694,Lumbar,stand,0.09028,-0.97356,-0.190808,1.33,-1.4,0.21,-65
1787064422625,273711,Lumbar,stand,0.087352,-0.973072,-0.194712,1.12,-1.26,0.42,-65
1787064422625,273728,Lumbar,stand,0.083936,-0.974536,-0.196176,0.91,-1.19,0.35,-65
1787064422625,273745,Lumbar,stand,0.084424,-0.974536,-0.194224,1.26,-1.47,0.14,-65
1787064422984,273922,Lumbar,stand,0.091744,-0.969168,-0.18788,1.26,-1.47,0.56,-65
1787064422984,273953,Lumbar,stand,0.089792,-0.974536,-0.191296,1.19,-1.19,0.42,-65
1787064422984,273970,Lumbar,stand,0.09028,-0.97356,-0.192272,1.19,-1.19,0.42,-65
1787064422984,273988,Lumbar,stand,0.089304,-0.974048,-0.189344,1.61,-1.33,0.42,-65
1787064422984,274005,Lumbar,stand,0.089304,-0.971608,-0.191296,1.68,-1.47,0.35,-65
1787064422984,274022,Lumbar,stand,0.09028,-0.971608,-0.19032,1.61,-1.89,0.35,-65
1787064422984,274053,Lumbar,stand,0.091744,-0.971608,-0.188368,1.4,-1.89,0.14,-65
1787064422984,274070,Lumbar,stand,0.091744,-0.973072,-0.188856,1.33,-1.75,0.21,-65
1787064422984,274087,Lumbar,stand,0.092232,-0.970632,-0.188368,1.4,-1.82,0.21,-65
1787064422984,274104,Lumbar,stand,0.09272,-0.969656,-0.187392,1.4,-1.75,0.28,-65
1787064423488,274280,Lumbar,stand,0.091744,-0.975024,-0.189832,1.33,-1.89,-0.21,-66
1787064423488,274311,Lumbar,stand,0.096624,-0.974048,-0.190808,1.47,-2.45,0.42,-66
1787064423488,274328,Lumbar,stand,0.090768,-0.972584,-0.191784,1.89,-2.66,0.42,-66
1787064423488,274345,Lumbar,stand,0.084424,-0.96868,-0.190808,1.96,-2.59,0.21,-66
1787064423488,274362,Lumbar,stand,0.088816,-0.967216,-0.19032,1.33,-2.24,0.14,-66
1787064423488,274393,Lumbar,stand,0.09516,-0.97112,-0.189344,1.4,-2.1,0.28,-66
1787064423488,274410,Lumbar,stand,0.091256,-0.972096,-0.193248,1.33,-2.24,0.28,-66
1787064423488,274427,Lumbar,stand,0.089304,-0.976,-0.193736,1.33,-2.45,0.28,-66
1787064423488,274444,Lumbar,stand,0.089304,-0.976,-0.192272,1.82,-2.59,0.21,-66
1787064423488,274461,Lumbar,stand,0.090768,-0.97112,-0.188856,1.96,-2.59,0.21,-66
1787064423701,274635,Lumbar,stand,0.091256,-0.973072,-0.19276,1.47,-2.59,0.28,-67
1787064423701,274666,Lumbar,stand,0.093696,-0.97112,-0.19276,1.68,-2.52,0.35,-67
1787064423701,274683,Lumbar,stand,0.09516,-0.96868,-0.190808,1.54,-2.45,0.35,-67
1787064423701,274700,Lumbar,stand,0.093696,-0.969656,-0.19032,1.61,-2.38,0.35,-67
1787064423701,274717,Lumbar,stand,0.093208,-0.970632,-0.189832,1.54,-2.31,0.35,-67
1787064423701,274748,Lumbar,stand,0.094672,-0.969656,-0.193248,1.61,-2.03,0.35,-67
1787064423701,274766,Lumbar,stand,0.09516,-0.969656,-0.191784,1.89,-2.17,0.28,-67
1787064423701,274784,Lumbar,stand,0.093208,-0.970144,-0.190808,1.96,-2.31,0.35,-67
1787064423701,274801,Lumbar,stand,0.091744,-0.973072,-0.19032,1.75,-2.31,0.35,-67
1787064423701,274818,Lumbar,stand,0.090768,-0.974048,-0.191296,1.89,-2.24,0.35,-67
1787064424060,274995,Lumbar,stand,0.097112,-0.971608,-0.191296,1.47,-1.82,0.28,-67
1787064424060,275027,Lumbar,stand,0.089792,-0.971608,-0.193248,1.75,-2.24,0.28,-67
1787064424060,275044,Lumbar,stand,0.08784,-0.970144,-0.194224,2.1,-2.24,0.14,-67
1787064424060,275061,Lumbar,stand,0.09028,-0.96868,-0.19032,1.54,-2.03,0.28,-67
1787064424060,275078,Lumbar,stand,0.09272,-0.970632,-0.188368,1.26,-2.1,0.28,-67
1787064424060,275109,Lumbar,stand,0.094672,-0.972096,-0.19276,1.26,-1.89,0.49,-67
1787064424060,275126,Lumbar,stand,0.091744,-0.975024,-0.193736,1.47,-1.96,0.49,-67
1787064424060,275143,Lumbar,stand,0.091256,-0.975024,-0.19276,1.75,-1.96,0.35,-67
1787064424060,275160,Lumbar,stand,0.091744,-0.96868,-0.18788,2.17,-1.96,0.21,-67
1787064424060,275177,Lumbar,stand,0.093696,-0.970632,-0.186904,2.1,-1.89,0.14,-67
1787064424416,275354,Lumbar,stand,0.093696,-0.97356,-0.19276,1.47,-2.17,0.35,-67
1787064424416,275386,Lumbar,stand,0.094184,-0.970144,-0.189832,1.89,-2.31,0.42,-67
1787064424416,275403,Lumbar,stand,0.09516,-0.969656,-0.189344,1.75,-2.24,0.35,-67
1787064424416,275421,Lumbar,stand,0.09516,-0.970632,-0.189832,1.82,-2.31,0.35,-67
1787064424416,275438,Lumbar,stand,0.09516,-0.970144,-0.19032,1.96,-2.38,0.42,-67
1787064424416,275455,Lumbar,stand,0.094672,-0.969168,-0.190808,1.89,-2.38,0.35,-67
1787064424416,275485,Lumbar,stand,0.09516,-0.970632,-0.189344,1.54,-2.31,0.21,-67
1787064424416,275502,Lumbar,stand,0.094184,-0.972096,-0.189832,1.54,-2.24,0.28,-67
1787064424416,275519,Lumbar,stand,0.095648,-0.971608,-0.191784,1.75,-2.17,0.21,-67
1787064424416,275535,Lumbar,stand,0.095648,-0.97112,-0.190808,1.96,-2.1,0.07,-67
1787064424775,275712,Lumbar,stand,0.098576,-0.973072,-0.188856,1.61,-2.52,0.28,-67
1787064424775,275743,Lumbar,stand,0.096624,-0.969168,-0.19276,1.75,-2.87,0.63,-67
1787064424775,275760,Lumbar,stand,0.091744,-0.972096,-0.193736,2.1,-2.94,0.56,-67
1787064424775,275777,Lumbar,stand,0.09028,-0.970632,-0.191296,1.89,-2.8,0.63,-67
1787064424775,275794,Lumbar,stand,0.094672,-0.97112,-0.189344,1.68,-2.73,0.7,-67
1787064424775,275825,Lumbar,stand,0.09516,-0.972096,-0.191784,1.96,-2.31,0.84,-67
1787064424775,275842,Lumbar,stand,0.09272,-0.97356,-0.191784,1.96,-2.31,0.84,-67
1787064424775,275859,Lumbar,stand,0.092232,-0.973072,-0.193248,1.96,-2.38,0.84,-67
1787064424775,275876,Lumbar,stand,0.09516,-0.971608,-0.19276,2.1,-2.38,0.84,-67
1787064424775,275893,Lumbar,stand,0.09516,-0.977952,-0.19276,2.17,-2.66,1.26,-67
1787064425133,276069,Lumbar,stand,0.08784,-0.969168,-0.190808,1.47,-3.01,0.07,-67
1787064425133,276100,Lumbar,stand,0.091256,-0.969656,-0.18788,1.75,-3.29,-0.14,-67
1787064425133,276117,Lumbar,stand,0.093208,-0.96868,-0.187392,1.75,-3.01,-0.42,-67
1787064425133,276134,Lumbar,stand,0.093208,-0.969168,-0.188856,1.75,-2.94,-0.56,-67
1787064425133,276151,Lumbar,stand,0.088328,-0.966728,-0.188856,1.54,-2.94,-0.84,-67
1787064425133,276182,Lumbar,stand,0.087352,-0.970632,-0.185928,0.56,-3.43,-0.84,-67
1787064425133,276199,Lumbar,stand,0.090768,-0.97844,-0.185928,0.56,-3.36,-0.84,-67
1787064425133,276216,Lumbar,stand,0.09516,-0.977464,-0.183488,1.4,-3.08,-0.42,-67
1787064425133,276233,Lumbar,stand,0.096136,-0.972584,-0.181536,1.75,-2.45,0,-67
1787064425133,276250,Lumbar,stand,0.094184,-0.971608,-0.185928,1.96,-1.96,0.14,-67
1787064425534,276426,Lumbar,stand,0.097112,-0.96868,-0.184464,2.03,-1.4,0.49,-67
1787064425534,276456,Lumbar,stand,0.094672,-0.972096,-0.184952,1.89,-1.61,0.77,-67
1787064425534,276474,Lumbar,stand,0.093696,-0.971608,-0.187392,1.82,-1.61,0.84,-67
1787064425534,276490,Lumbar,stand,0.087352,-0.972096,-0.186904,1.89,-1.33,0.91,-67
1787064425534,276507,Lumbar,stand,0.086376,-0.969656,-0.185928,1.96,-1.26,0.84,-67
1787064425534,276538,Lumbar,stand,0.09028,-0.972096,-0.183976,1.61,-1.89,0.7,-67
1787064425534,276555,Lumbar,stand,0.089792,-0.974048,-0.184952,1.61,-2.03,0.63,-67
1787064425534,276572,Lumbar,stand,0.09028,-0.973072,-0.186416,1.47,-2.31,0.63,-67
1787064425534,276589,Lumbar,stand,0.090768,-0.972584,-0.183,1.68,-2.38,0.42,-67
1787064425534,276606,Lumbar,stand,0.091256,-0.970144,-0.182024,1.89,-2.24,0.28,-67
1787064425845,276781,Lumbar,stand,0.088816,-0.972584,-0.183488,1.54,-3.08,0.07,-67
1787064425845,276812,Lumbar,stand,0.092232,-0.972584,-0.18544,1.61,-3.01,0,-67
1787064425845,276830,Lumbar,stand,0.093696,-0.972584,-0.186416,1.61,-3.08,-0.07,-67
1787064425845,276847,Lumbar,stand,0.094672,-0.973072,-0.183976,1.68,-3.01,0.14,-67
1787064425845,276864,Lumbar,stand,0.094672,-0.97112,-0.18544,1.82,-2.87,0.28,-67
1787064425845,276895,Lumbar,stand,0.092232,-0.969168,-0.186416,1.68,-2.38,0.14,-67
1787064425845,276912,Lumbar,stand,0.093696,-0.971608,-0.185928,1.47,-1.96,0.14,-67
1787064425845,276929,Lumbar,stand,0.093696,-0.97356,-0.18544,1.4,-1.75,0.28,-67
1787064425845,276946,Lumbar,stand,0.091744,-0.976,-0.183976,1.54,-1.75,0.42,-67
1787064425845,276963,Lumbar,stand,0.089304,-0.97356,-0.184464,1.82,-1.96,0.49,-67
1787064426204,277139,Lumbar,stand,0.092232,-0.972096,-0.180072,1.33,-1.75,0.35,-67
1787064426204,277171,Lumbar,stand,0.092232,-0.976488,-0.181536,1.4,-1.68,0.63,-67
1787064426204,277188,Lumbar,stand,0.094184,-0.971608,-0.185928,1.47,-1.82,0.84,-67
1787064426204,277205,Lumbar,stand,0.088328,-0.972584,-0.186904,1.54,-2.17,0.77,-67
1787064426204,277222,Lumbar,stand,0.087352,-0.973072,-0.186416,1.75,-2.1,0.56,-67
1787064426204,277252,Lumbar,stand,0.094184,-0.97112,-0.181536,1.61,-1.89,0.63,-67
1787064426204,277269,Lumbar,stand,0.094672,-0.974048,-0.183488,1.82,-2.1,0.77,-67
1787064426204,277286,Lumbar,stand,0.094184,-0.975512,-0.185928,1.82,-2.17,0.77,-67
1787064426204,277303,Lumbar,stand,0.09028,-0.974536,-0.188368,1.96,-2.38,0.77,-67
1787064426204,277320,Lumbar,stand,0.090768,-0.973072,-0.185928,2.31,-2.52,0.7,-67
1787064426574,277497,Lumbar,stand,0.094184,-0.972584,-0.183488,1.05,-2.1,0.07,-67
1787064426574,277528,Lumbar,stand,0.09028,-0.973072,-0.18544,1.26,-2.24,0.21,-67
1787064426574,277545,Lumbar,stand,0.08784,-0.972584,-0.186416,1.12,-2.38,0.21,-67
1787064426574,277563,Lumbar,stand,0.088816,-0.97356,-0.18544,1.19,-2.66,0.14,-67
1787064426574,277580,Lumbar,stand,0.092232,-0.973072,-0.184952,1.12,-2.66,0.35,-67
1787064426574,277611,Lumbar,stand,0.094672,-0.972584,-0.186904,1.68,-2.45,0.7,-67
1787064426574,277628,Lumbar,stand,0.093208,-0.972096,-0.186904,1.89,-2.24,0.7,-67
1787064426574,277645,Lumbar,stand,0.09028,-0.970632,-0.186904,1.82,-2.17,0.7,-67
1787064426574,277662,Lumbar,stand,0.091256,-0.97356,-0.187392,1.82,-2.38,0.77,-67
1787064426574,277679,Lumbar,stand,0.090768,-0.977464,-0.18544,2.03,-2.45,0.91,-67
1787064426921,277855,Lumbar,stand,0.09272,-0.968192,-0.182024,2.38,-1.89,0.21,-66
1787064426921,277886,Lumbar,stand,0.089792,-0.974048,-0.182024,1.54,-1.82,0.28,-66
1787064426921,277903,Lumbar,stand,0.092232,-0.97356,-0.184952,1.68,-2.17,0.21,-66
1787064426921,277920,Lumbar,stand,0.091256,-0.973072,-0.188368,1.75,-2.24,0.21,-66
1787064426921,277937,Lumbar,stand,0.089792,-0.972096,-0.186904,2.1,-2.31,0.21,-66
1787064426921,277968,Lumbar,stand,0.09028,-0.970144,-0.183488,1.82,-2.38,0.14,-66
1787064426921,277985,Lumbar,stand,0.094672,-0.97356,-0.183488,1.82,-2.24,0.28,-66
1787064426921,278002,Lumbar,stand,0.09272,-0.970144,-0.18544,1.89,-1.96,0.49,-66
1787064426921,278019,Lumbar,stand,0.089304,-0.974048,-0.183976,1.61,-1.96,0.49,-66
1787064426921,278036,Lumbar,stand,0.088328,-0.975512,-0.184464,1.82,-2.03,0.42,-66
1787064427280,278213,Lumbar,stand,0.094672,-0.97112,-0.182024,1.4,-2.45,0.28,-66
1787064427280,278244,Lumbar,stand,0.091256,-0.975024,-0.183,1.47,-2.17,0.21,-66
1787064427280,278261,Lumbar,stand,0.090768,-0.974048,-0.184952,1.4,-2.17,0.28,-66
1787064427280,278279,Lumbar,stand,0.089792,-0.976488,-0.184952,1.33,-2.31,0.49,-66
1787064427280,278296,Lumbar,stand,0.092232,-0.974048,-0.184952,1.61,-2.38,0.56,-66
1787064427280,278327,Lumbar,stand,0.09272,-0.972584,-0.184464,1.47,-2.59,0.77,-66
1787064427280,278344,Lumbar,stand,0.09272,-0.975512,-0.181536,1.68,-2.52,0.84,-66
1787064427280,278361,Lumbar,stand,0.09028,-0.974536,-0.182024,1.61,-2.52,0.98,-66
1787064427280,278378,Lumbar,stand,0.09028,-0.974048,-0.183,1.54,-2.31,0.98,-66
1787064427280,278395,Lumbar,stand,0.091744,-0.975512,-0.181048,1.75,-2.1,1.12,-66
1787064427636,278571,Lumbar,stand,0.09028,-0.972096,-0.179584,1.68,-1.26,0.77,-66
1787064427636,278602,Lumbar,stand,0.09272,-0.967216,-0.184952,1.12,-1.54,0.91,-66
1787064427636,278619,Lumbar,stand,0.087352,-0.97112,-0.184952,1.19,-1.54,0.84,-66
1787064427636,278636,Lumbar,stand,0.083936,-0.973072,-0.182512,1.54,-1.47,0.63,-66
1787064427636,278653,Lumbar,stand,0.085888,-0.972096,-0.181048,1.47,-1.05,0.49,-66
1787064427636,278684,Lumbar,stand,0.089792,-0.974048,-0.179096,1.33,-1.19,0.56,-66
1787064427636,278701,Lumbar,stand,0.088816,-0.974536,-0.178608,1.26,-1.26,0.63,-66
1787064427636,278718,Lumbar,stand,0.087352,-0.972584,-0.182512,1.05,-1.26,0.7,-66
1787064427636,278735,Lumbar,stand,0.08784,-0.971608,-0.182024,1.19,-1.4,0.42,-66
1787064427636,278752,Lumbar,stand,0.088816,-0.971608,-0.182024,1.33,-1.4,0.21,-66
1787064427993,278928,Lumbar,stand,0.09028,-0.97356,-0.182024,1.26,-1.75,0.14,-66
1787064427993,278959,Lumbar,stand,0.09028,-0.97356,-0.183,1.33,-1.61,0.21,-66
1787064427993,278976,Lumbar,stand,0.089304,-0.974536,-0.183488,1.54,-1.47,0.21,-66
1787064427993,278994,Lumbar,stand,0.087352,-0.97356,-0.184464,1.68,-1.4,0.14,-66
1787064427993,279010,Lumbar,stand,0.086376,-0.97356,-0.183,1.54,-1.54,0.07,-66
1787064427993,279041,Lumbar,stand,0.089304,-0.971608,-0.182024,1.61,-1.47,0.14,-66
1787064427993,279058,Lumbar,stand,0.09028,-0.969168,-0.182512,1.75,-1.19,-0.07,-66
1787064427993,279075,Lumbar,stand,0.09028,-0.971608,-0.182512,2.03,-0.77,-0.35,-66
1787064427993,279092,Lumbar,stand,0.086864,-0.972096,-0.182512,2.17,-0.84,-0.49,-66
1787064427993,279109,Lumbar,stand,0.0854,-0.970144,-0.183488,1.89,-1.05,-0.56,-66
1787064428350,279284,Lumbar,stand,0.090768,-0.976976,-0.189344,2.73,-2.31,1.33,-68
1787064428350,279315,Lumbar,stand,0.09028,-0.966728,-0.184952,3.36,-2.03,1.12,-68
1787064428350,279332,Lumbar,stand,0.093208,-0.968192,-0.181048,2.59,-1.82,0.98,-68
1787064428350,279349,Lumbar,stand,0.096136,-0.970632,-0.18544,2.66,-1.47,0.98,-68
1787064428350,279366,Lumbar,stand,0.098088,-0.973072,-0.188368,2.73,-1.33,0.91,-68
1787064428350,279397,Lumbar,stand,0.093208,-0.970632,-0.182512,2.94,-1.26,0.42,-68
1787064428350,279414,Lumbar,stand,0.090768,-0.969656,-0.180072,2.66,-1.33,0.14,-68
1787064428350,279431,Lumbar,stand,0.089304,-0.970144,-0.18056,1.82,-1.47,0.14,-68
1787064428350,279448,Lumbar,stand,0.09028,-0.968192,-0.179096,1.19,-1.82,0,-68
1787064428350,279465,Lumbar,stand,0.09272,-0.96624,-0.180072,0.56,-1.61,-0.21,-68
1787064428707,279641,Lumbar,stand,0.094672,-0.972096,-0.181536,1.75,-1.89,0.21,-68
1787064428707,279672,Lumbar,stand,0.093208,-0.975512,-0.183488,1.54,-1.75,0.35,-68
1787064428707,279689,Lumbar,stand,0.092232,-0.975512,-0.185928,1.61,-1.96,0.35,-68
1787064428707,279706,Lumbar,stand,0.092232,-0.97112,-0.18544,1.61,-2.1,0.35,-68
1787064428707,279723,Lumbar,stand,0.09028,-0.97112,-0.184464,1.54,-2.38,0.28,-68
1787064428707,279754,Lumbar,stand,0.091744,-0.972584,-0.180072,1.26,-2.45,0.21,-68
1787064428707,279771,Lumbar,stand,0.090768,-0.970632,-0.183,1.33,-2.59,0.21,-68
1787064428707,279788,Lumbar,stand,0.092232,-0.972096,-0.187392,1.19,-2.73,0.14,-68
1787064428707,279805,Lumbar,stand,0.091744,-0.975512,-0.186904,1.61,-3.15,0,-68
1787064428707,279822,Lumbar,stand,0.09272,-0.974536,-0.183976,2.03,-3.36,-0.07,-68
1787064429065,279998,Lumbar,stand,0.096624,-0.970144,-0.183976,1.33,-0.98,0.63,-68
1787064429065,280029,Lumbar,stand,0.096624,-0.972584,-0.183976,1.61,-0.84,0.56,-68
1787064429065,280046,Lumbar,stand,0.093696,-0.973072,-0.183488,1.75,-0.77,0.63,-68
1787064429065,280063,Lumbar,stand,0.089304,-0.976,-0.183488,1.89,-0.84,0.63,-68
1787064429065,280080,Lumbar,stand,0.089304,-0.974536,-0.179584,2.1,-1.05,0.63,-68
1787064429065,280111,Lumbar,stand,0.091256,-0.975024,-0.187392,2.31,-1.89,0.7,-68
1787064429065,280128,Lumbar,stand,0.093696,-0.970144,-0.189832,2.59,-2.1,0.91,-68
1787064429065,280145,Lumbar,stand,0.094184,-0.969168,-0.190808,2.17,-2.31,0.98,-68
1787064429065,280162,Lumbar,stand,0.09272,-0.972584,-0.189832,2.17,-2.52,0.7,-68
1787064429065,280179,Lumbar,stand,0.09028,-0.972584,-0.18788,2.24,-2.59,0.49,-68
1787064429421,280355,Lumbar,stand,0.099552,-0.96868,-0.184952,1.4,-2.73,0,-67
1787064429421,280386,Lumbar,stand,0.099064,-0.97112,-0.184464,1.26,-2.24,0,-67
1787064429421,280403,Lumbar,stand,0.098088,-0.97356,-0.182512,1.4,-2.1,0.07,-67
1787064429421,280421,Lumbar,stand,0.09516,-0.974048,-0.182024,1.4,-1.96,0.14,-67
1787064429421,280438,Lumbar,stand,0.09516,-0.97112,-0.183,1.19,-1.75,0.21,-67
1787064429421,280469,Lumbar,stand,0.094184,-0.969656,-0.185928,0.84,-1.54,0.14,-67
1787064429421,280486,Lumbar,stand,0.093696,-0.97112,-0.181048,1.12,-1.89,0,-67
1787064429421,280503,Lumbar,stand,0.095648,-0.975512,-0.18056,1.19,-1.75,0,-67
1787064429421,280520,Lumbar,stand,0.09516,-0.977952,-0.183976,1.4,-1.75,0.21,-67
1787064429421,280537,Lumbar,stand,0.093208,-0.976976,-0.187392,2.17,-1.96,0.28,-67
1787064429777,280711,Lumbar,stand,0.095648,-0.973072,-0.185928,1.82,-2.1,0.42,-67
1787064429777,280741,Lumbar,stand,0.092232,-0.97112,-0.184464,1.54,-2.87,0.28,-67
1787064429777,280759,Lumbar,stand,0.093208,-0.970144,-0.181048,1.4,-3.15,0.21,-67
1787064429777,280775,Lumbar,stand,0.094184,-0.971608,-0.181048,1.12,-2.94,0.35,-67
1787064429777,280792,Lumbar,stand,0.093696,-0.97356,-0.182024,1.19,-2.8,0.35,-67
1787064429777,280823,Lumbar,stand,0.097112,-0.970144,-0.185928,1.47,-2.45,0.28,-67
1787064429777,280840,Lumbar,stand,0.0976,-0.97112,-0.185928,1.33,-2.38,0.28,-67
1787064429777,280857,Lumbar,stand,0.094184,-0.97112,-0.184952,1.54,-2.45,0.21,-67
1787064429777,280874,Lumbar,stand,0.094672,-0.971608,-0.183,1.61,-2.94,0.28,-67
1787064429777,280891,Lumbar,stand,0.093696,-0.972584,-0.17812,1.4,-3.08,0.42,-67
1787064430149,281067,Lumbar,stand,0.090768,-0.971608,-0.183,1.82,-1.75,0.42,-67
1787064430149,281098,Lumbar,stand,0.090768,-0.972584,-0.182024,1.61,-2.1,0.21,-67
1787064430149,281115,Lumbar,stand,0.092232,-0.972096,-0.182512,1.61,-1.75,0.21,-67
1787064430149,281132,Lumbar,stand,0.093208,-0.972584,-0.183,1.61,-1.61,0.28,-67
1787064430149,281149,Lumbar,stand,0.093696,-0.970144,-0.183,1.68,-1.68,0.28,-67
1787064430149,281180,Lumbar,stand,0.091744,-0.970632,-0.18544,1.33,-1.75,0.35,-67
1787064430149,281197,Lumbar,stand,0.091744,-0.974536,-0.183976,1.05,-2.1,0.49,-67
1787064430149,281214,Lumbar,stand,0.093208,-0.98088,-0.186416,1.33,-2.31,0.84,-67
1787064430149,281231,Lumbar,stand,0.094672,-0.977464,-0.185928,1.75,-2.52,1.26,-67
1787064430149,281248,Lumbar,stand,0.094184,-0.975024,-0.184464,1.75,-2.38,1.33,-67
1787064430492,281424,Lumbar,stand,0.090768,-0.97356,-0.18544,1.68,-2.24,0.98,-67
1787064430492,281455,Lumbar,stand,0.090768,-0.96868,-0.183488,2.03,-2.31,0.63,-67
1787064430492,281472,Lumbar,stand,0.09028,-0.96868,-0.182512,2.03,-2.38,0.49,-67
1787064430492,281489,Lumbar,stand,0.090768,-0.972096,-0.181536,2.03,-2.31,0.35,-67
1787064430492,281506,Lumbar,stand,0.09272,-0.971608,-0.183488,1.89,-2.1,0.35,-67
1787064430492,281537,Lumbar,stand,0.094184,-0.969656,-0.183976,1.4,-1.89,0.21,-67
1787064430492,281553,Lumbar,stand,0.092232,-0.968192,-0.18544,1.26,-1.4,0.07,-67
1787064430492,281570,Lumbar,stand,0.09028,-0.972096,-0.184464,1.12,-1.47,-0.07,-67
1787064430492,281587,Lumbar,stand,0.089304,-0.974048,-0.182512,1.12,-1.82,-0.07,-67
1787064430492,281604,Lumbar,stand,0.089304,-0.974048,-0.180072,1.26,-1.89,0,-67
1787064430851,281781,Lumbar,stand,0.095648,-0.974536,-0.181536,1.4,-1.61,0.07,-68
1787064430851,281812,Lumbar,stand,0.096136,-0.97112,-0.183488,1.82,-1.05,0,-68
1787064430851,281829,Lumbar,stand,0.094184,-0.967704,-0.184464,1.68,-0.77,-0.07,-68
1787064430851,281846,Lumbar,stand,0.093208,-0.967704,-0.183976,1.19,-0.84,-0.14,-68
1787064430851,281863,Lumbar,stand,0.091744,-0.96868,-0.185928,0.63,-1.05,-0.07,-68
1787064430851,281894,Lumbar,stand,0.090768,-0.97844,-0.183,0.42,-1.54,-0.28,-68
1787064430851,281911,Lumbar,stand,0.09028,-0.982344,-0.181048,1.4,-1.47,0,-68
1787064430851,281928,Lumbar,stand,0.089792,-0.97844,-0.179096,1.96,-1.26,0.07,-68
1787064430851,281945,Lumbar,stand,0.088816,-0.969656,-0.181048,1.82,-1.19,0.14,-68
1787064430851,281962,Lumbar,stand,0.089304,-0.975024,-0.183976,1.4,-1.05,0.21,-68
1787064431208,282137,Lumbar,stand,0.092232,-0.971608,-0.183488,1.68,-1.96,0.49,-68
1787064431208,282169,Lumbar,stand,0.093208,-0.975512,-0.18544,1.75,-1.96,0.49,-68
1787064431208,282186,Lumbar,stand,0.092232,-0.969656,-0.183976,2.1,-2.17,0.56,-68
1787064431208,282204,Lumbar,stand,0.09516,-0.97112,-0.183976,1.68,-2.24,0.7,-68
1787064431208,282221,Lumbar,stand,0.094672,-0.974048,-0.185928,1.68,-2.52,0.77,-68
1787064431208,282238,Lumbar,stand,0.093696,-0.972096,-0.187392,2.03,-2.66,0.7,-68
1787064431208,282269,Lumbar,stand,0.094672,-0.966728,-0.183488,1.33,-2.66,0.35,-68
1787064431208,282286,Lumbar,stand,0.09516,-0.97112,-0.181536,1.19,-2.52,0.35,-68
1787064431208,282303,Lumbar,stand,0.093208,-0.972096,-0.178608,1.33,-2.38,0.35,-68
1787064431208,282320,Lumbar,stand,0.094184,-0.973072,-0.18056,1.19,-2.17,0.28,-68
1787064431564,282494,Lumbar,stand,0.094184,-0.975512,-0.184952,1.33,-1.4,-0.07,-68
1787064431564,282525,Lumbar,stand,0.095648,-0.971608,-0.18544,1.54,-1.54,-0.21,-68
1787064431564,282542,Lumbar,stand,0.094672,-0.969168,-0.185928,1.4,-1.82,-0.14,-68
1787064431564,282559,Lumbar,stand,0.094184,-0.968192,-0.18544,1.12,-2.03,-0.14,-68
1787064431564,282576,Lumbar,stand,0.094672,-0.97112,-0.183488,0.98,-2.31,-0.14,-68
1787064431564,282607,Lumbar,stand,0.093696,-0.973072,-0.18544,1.12,-2.17,-0.42,-68
1787064431564,282624,Lumbar,stand,0.092232,-0.975024,-0.184464,1.4,-1.82,-0.49,-68
1787064431564,282641,Lumbar,stand,0.093696,-0.974536,-0.186416,1.33,-1.54,-0.49,-68
1787064431564,282658,Lumbar,stand,0.0976,-0.973072,-0.18544,1.4,-1.89,-0.28,-68
1787064431564,282675,Lumbar,stand,0.101016,-0.97112,-0.186904,1.19,-2.1,0.14,-68
1787064431923,282851,Lumbar,stand,0.097112,-0.973072,-0.183488,1.75,-1.96,0.49,-68
1787064431923,282882,Lumbar,stand,0.098576,-0.96868,-0.186416,1.96,-2.03,0.28,-68
1787064431923,282899,Lumbar,stand,0.0976,-0.96868,-0.187392,1.54,-2.24,0.21,-68
1787064431923,282916,Lumbar,stand,0.098088,-0.969656,-0.187392,1.26,-2.45,0.14,-68
1787064431923,282933,Lumbar,stand,0.098576,-0.972096,-0.186904,1.19,-2.31,0.21,-68
1787064431923,282964,Lumbar,stand,0.099552,-0.970144,-0.187392,1.12,-2.17,0.21,-68
1787064431923,282981,Lumbar,stand,0.0976,-0.97112,-0.186416,1.26,-2.17,0.21,-68
1787064431923,282998,Lumbar,stand,0.097112,-0.970632,-0.187392,1.4,-1.96,0.21,-68
1787064431923,283015,Lumbar,stand,0.098088,-0.969656,-0.188856,1.33,-1.82,0.14,-68
1787064431923,283032,Lumbar,stand,0.0976,-0.970144,-0.18788,1.19,-1.89,0.14,-68
1787064432288,283208,Lumbar,stand,0.099552,-0.967216,-0.186416,2.38,-3.08,1.26,-68
1787064432288,283238,Lumbar,stand,0.09516,-0.966728,-0.186416,2.17,-2.52,1.33,-68
1787064432288,283256,Lumbar,stand,0.093208,-0.975512,-0.19032,1.75,-3.43,1.26,-68
1787064432288,283273,Lumbar,stand,0.094672,-0.974536,-0.188368,2.03,-3.99,1.26,-68
1787064432288,283290,Lumbar,stand,0.093208,-0.973072,-0.18544,2.38,-3.85,1.33,-68
1787064432288,283321,Lumbar,stand,0.092232,-0.969656,-0.187392,2.66,-2.73,0.91,-68
1787064432288,283338,Lumbar,stand,0.093208,-0.968192,-0.184952,2.17,-2.38,0.56,-68
1787064432288,283356,Lumbar,stand,0.094184,-0.969168,-0.183,2.1,-2.59,0.63,-68
1787064432288,283373,Lumbar,stand,0.094184,-0.967704,-0.18544,1.75,-3.08,0.7,-68
1787064432288,283390,Lumbar,stand,0.091256,-0.971608,-0.185928,1.47,-3.22,0.7,-68
1787064432638,283567,Lumbar,stand,0.093696,-0.970632,-0.18788,1.68,-1.75,0.14,-68
1787064432638,283598,Lumbar,stand,0.094184,-0.969656,-0.189832,1.47,-2.1,0.21,-68
1787064432638,283615,Lumbar,stand,0.09272,-0.97112,-0.189832,1.54,-2.31,0.07,-68
1787064432638,283632,Lumbar,stand,0.092232,-0.97112,-0.188856,1.47,-2.38,0,-68
1787064432638,283649,Lumbar,stand,0.091744,-0.97356,-0.18788,1.4,-2.38,0.14,-68
1787064432638,283680,Lumbar,stand,0.098088,-0.969168,-0.18788,1.75,-2.1,0.07,-68
1787064432638,283697,Lumbar,stand,0.098088,-0.96868,-0.188856,1.61,-1.82,-0.07,-68
1787064432638,283714,Lumbar,stand,0.097112,-0.969168,-0.188856,1.33,-1.75,-0.21,-68
1787064432638,283731,Lumbar,stand,0.094672,-0.970632,-0.189344,1.26,-1.75,-0.21,-68
1787064432638,283748,Lumbar,stand,0.094672,-0.972096,-0.186904,1.33,-1.68,-0.21,-68
1787064432998,283924,Lumbar,stand,0.096136,-0.973072,-0.191784,1.82,-2.03,0.42,-68
1787064432998,283955,Lumbar,stand,0.098576,-0.974536,-0.188856,2.45,-1.96,0.63,-68
1787064432998,283972,Lumbar,stand,0.100528,-0.967704,-0.186904,2.73,-1.54,0.56,-68
1787064432998,283989,Lumbar,stand,0.098576,-0.967216,-0.187392,2.52,-1.19,0.14,-68
1787064432998,284006,Lumbar,stand,0.095648,-0.96868,-0.189344,2.24,-1.05,0.14,-68
1787064432998,284036,Lumbar,stand,0.099064,-0.97112,-0.182024,2.31,-1.61,0.35,-68
1787064432998,284053,Lumbar,stand,0.098576,-0.972096,-0.184464,2.1,-1.82,0.28,-68
1787064432998,284070,Lumbar,stand,0.093696,-0.975512,-0.186904,2.03,-1.82,0.35,-68
1787064432998,284087,Lumbar,stand,0.094184,-0.968192,-0.188368,2.1,-1.75,0.21,-68
1787064432998,284104,Lumbar,stand,0.0976,-0.965264,-0.186904,1.68,-1.75,0.21,-68
1787064433354,284280,Lumbar,stand,0.098088,-0.973072,-0.188856,2.24,-2.45,0.49,-69
1787064433354,284312,Lumbar,stand,0.100528,-0.969656,-0.187392,2.03,-2.66,0.56,-69
1787064433354,284329,Lumbar,stand,0.101504,-0.973072,-0.183976,2.17,-2.66,0.42,-69
1787064433354,284347,Lumbar,stand,0.100528,-0.973072,-0.182512,2.45,-2.52,0.35,-69
1787064433354,284364,Lumbar,stand,0.098576,-0.970632,-0.185928,2.38,-2.45,0.14,-69
1787064433354,284381,Lumbar,stand,0.095648,-0.96868,-0.186416,2.17,-2.59,0,-69
1787064433354,284412,Lumbar,stand,0.098576,-0.971608,-0.183,1.47,-2.66,0,-69
1787064433354,284429,Lumbar,stand,0.10004,-0.974048,-0.183976,1.75,-2.45,0.07,-69
1787064433354,284446,Lumbar,stand,0.0976,-0.973072,-0.183976,2.24,-2.38,0.21,-69
1787064433354,284463,Lumbar,stand,0.094184,-0.969168,-0.18544,2.24,-2.24,0.21,-69
1787064433712,284638,Lumbar,stand,0.097112,-0.970632,-0.186904,2.66,-1.4,1.19,-69
1787064433712,284669,Lumbar,stand,0.096136,-0.965752,-0.181536,2.45,-0.98,0.49,-69
1787064433712,284686,Lumbar,stand,0.096136,-0.967216,-0.18056,2.03,-0.84,0.07,-69
1787064433712,284704,Lumbar,stand,0.09516,-0.973072,-0.179096,1.47,-0.91,0.07,-69
1787064433712,284721,Lumbar,stand,0.096136,-0.973072,-0.180072,1.54,-1.33,0.14,-69
1787064433712,284752,Lumbar,stand,0.09028,-0.974048,-0.183488,1.68,-1.96,0,-69
1787064433712,284769,Lumbar,stand,0.090768,-0.97112,-0.18056,1.61,-2.24,-0.14,-69
1787064433712,284786,Lumbar,stand,0.094184,-0.972584,-0.181536,0.98,-2.1,-0.14,-69
1787064433712,284803,Lumbar,stand,0.096136,-0.974048,-0.182024,0.91,-2.31,0,-69
1787064433712,284820,Lumbar,stand,0.094672,-0.97356,-0.182024,1.26,-2.31,0.21,-69
1787064434070,284996,Lumbar,stand,0.096624,-0.97112,-0.179096,1.26,-2.94,-0.63,-69
1787064434070,285028,Lumbar,stand,0.099552,-0.973072,-0.179096,0.84,-2.94,-0.63,-69
1787064434070,285045,Lumbar,stand,0.098088,-0.97356,-0.182024,0.84,-2.94,-0.7,-69
1787064434070,285063,Lumbar,stand,0.096624,-0.974536,-0.184464,0.84,-3.01,-0.7,-69
1787064434070,285080,Lumbar,stand,0.096136,-0.97112,-0.184952,1.19,-3.36,-0.56,-69
1787064434070,285097,Lumbar,stand,0.098088,-0.970144,-0.183,1.05,-3.36,-0.63,-69
1787064434070,285128,Lumbar,stand,0.102968,-0.970632,-0.181536,0.84,-3.22,-0.49,-69
1787064434070,285145,Lumbar,stand,0.102968,-0.972096,-0.181048,1.05,-3.15,-0.21,-69
1787064434070,285162,Lumbar,stand,0.099552,-0.976488,-0.176656,1.19,-2.73,-0.07,-69
1787064434070,285179,Lumbar,stand,0.099064,-0.976976,-0.17812,1.47,-2.52,0.14,-69
1787064434480,285405,Lumbar,stand,0.103456,-0.969656,-0.187392,1.75,-2.03,0.91,-69
1787064434480,285437,Lumbar,stand,0.09516,-0.97356,-0.183976,2.03,-2.31,0.84,-69
1787064434480,285454,Lumbar,stand,0.099064,-0.969656,-0.18056,1.89,-1.75,0.98,-69
1787064434480,285471,Lumbar,stand,0.101992,-0.970144,-0.179584,1.82,-1.33,1.12,-69
1787064434480,285488,Lumbar,stand,0.100528,-0.972096,-0.181048,1.96,-1.19,1.12,-69
1787064434480,285519,Lumbar,stand,0.096624,-0.972584,-0.18788,1.54,-1.26,0.98,-69
1787064434480,285536,Lumbar,stand,0.096624,-0.972096,-0.184952,1.61,-1.33,0.91,-69
1787064434480,285553,Lumbar,stand,0.096624,-0.973072,-0.183,1.82,-1.33,0.84,-69
1787064434480,285570,Lumbar,stand,0.098088,-0.975512,-0.181536,2.03,-1.26,0.91,-69
1787064434480,285587,Lumbar,stand,0.0976,-0.971608,-0.183488,2.45,-1.12,0.84,-69
1787064434838,285762,Lumbar,stand,0.0976,-0.970632,-0.186904,1.68,-1.68,0.14,-69
1787064434838,285793,Lumbar,stand,0.09516,-0.969656,-0.181536,0.84,-1.75,-0.07,-69
1787064434838,285810,Lumbar,stand,0.093696,-0.97356,-0.182512,0.77,-1.61,0.07,-69
1787064434838,285828,Lumbar,stand,0.09516,-0.975024,-0.184952,0.91,-1.82,0.14,-69
1787064434838,285845,Lumbar,stand,0.097112,-0.975512,-0.186904,1.33,-2.03,0.35,-69
1787064434838,285876,Lumbar,stand,0.099064,-0.974536,-0.186416,1.47,-2.17,0.63,-69
1787064434838,285893,Lumbar,stand,0.099552,-0.973072,-0.185928,1.61,-2.03,0.7,-69
1787064434838,285910,Lumbar,stand,0.099064,-0.97356,-0.18544,1.68,-1.89,0.98,-69
1787064434838,285927,Lumbar,stand,0.096624,-0.97356,-0.185928,1.89,-2.03,1.26,-69
1787064434838,285944,Lumbar,stand,0.096624,-0.974048,-0.187392,1.89,-2.66,1.33,-69
1787064435197,286120,Lumbar,stand,0.095648,-0.970632,-0.179096,2.1,-1.96,0.56,-69
1787064435197,286152,Lumbar,stand,0.095648,-0.968192,-0.17812,0.98,-1.33,0.35,-69
1787064435197,286169,Lumbar,stand,0.096136,-0.970632,-0.182024,0.7,-1.19,0.28,-69
1787064435197,286187,Lumbar,stand,0.09516,-0.97112,-0.183976,0.35,-1.33,0.21,-69
1787064435197,286204,Lumbar,stand,0.093208,-0.97356,-0.183976,0.42,-1.4,0.07,-69
1787064435197,286221,Lumbar,stand,0.092232,-0.972584,-0.183976,0.91,-1.61,-0.21,-69
1787064435197,286252,Lumbar,stand,0.093208,-0.975512,-0.182512,1.4,-1.96,0,-69
1787064435197,286269,Lumbar,stand,0.095648,-0.972096,-0.179584,1.54,-2.17,0.14,-69
1787064435197,286286,Lumbar,stand,0.100528,-0.97356,-0.180072,1.33,-2.17,0.42,-69
1787064435197,286303,Lumbar,stand,0.10004,-0.975512,-0.181536,1.68,-2.1,0.63,-69
1787064435554,286478,Lumbar,stand,0.094184,-0.96868,-0.183488,0.35,-1.89,-0.49,-69
1787064435554,286509,Lumbar,stand,0.098576,-0.97356,-0.182024,0.63,-1.68,-0.35,-69
1787064435554,286526,Lumbar,stand,0.10004,-0.973072,-0.182024,0.91,-1.4,-0.28,-69
1787064435554,286543,Lumbar,stand,0.098576,-0.972584,-0.183488,1.19,-1.26,-0.07,-69
1787064435554,286560,Lumbar,stand,0.099064,-0.974048,-0.183488,1.54,-1.19,0,-69
1787064435554,286591,Lumbar,stand,0.099064,-0.972584,-0.184952,1.54,-1.26,0.14,-69
1787064435554,286608,Lumbar,stand,0.096624,-0.975024,-0.18544,1.54,-1.68,0.28,-69
1787064435554,286625,Lumbar,stand,0.097112,-0.976488,-0.183976,1.75,-2.1,0.21,-69
1787064435554,286642,Lumbar,stand,0.0976,-0.977464,-0.181536,1.89,-2.1,0.42,-69
1787064435554,286659,Lumbar,stand,0.099552,-0.975024,-0.181048,2.24,-2.03,0.42,-69
1787064435913,286835,Lumbar,stand,0.099552,-0.973072,-0.18788,1.61,-2.45,0.56,-69
1787064435913,286866,Lumbar,stand,0.096136,-0.973072,-0.18544,1.54,-2.45,0.56,-69
1787064435913,286883,Lumbar,stand,0.0976,-0.973072,-0.183488,1.68,-2.38,0.56,-69
1787064435913,286900,Lumbar,stand,0.096136,-0.97112,-0.181048,1.89,-2.31,0.49,-69
1787064435913,286917,Lumbar,stand,0.09516,-0.973072,-0.181048,1.82,-2.45,0.49,-69
1787064435913,286948,Lumbar,stand,0.101016,-0.969656,-0.181536,1.68,-2.66,0.42,-69
1787064435913,286965,Lumbar,stand,0.101504,-0.970632,-0.184464,1.4,-2.59,0.49,-69
1787064435913,286982,Lumbar,stand,0.099552,-0.976,-0.185928,1.54,-2.66,0.42,-69
1787064435913,286999,Lumbar,stand,0.098088,-0.975512,-0.18788,2.03,-2.66,0.42,-69
1787064435913,287016,Lumbar,stand,0.10004,-0.975024,-0.188856,1.96,-2.94,0.63,-69
1787064436267,287191,Lumbar,stand,0.097112,-0.972584,-0.181536,2.31,-2.59,1.19,-69
1787064436267,287222,Lumbar,stand,0.094672,-0.970632,-0.181048,2.31,-2.45,1.05,-69
1787064436267,287239,Lumbar,stand,0.09516,-0.968192,-0.178608,2.03,-2.38,0.98,-69
1787064436267,287256,Lumbar,stand,0.095648,-0.968192,-0.17812,1.89,-2.1,0.91,-69
1787064436267,287273,Lumbar,stand,0.096136,-0.969656,-0.18056,1.61,-2.03,0.84,-69
1787064436267,287304,Lumbar,stand,0.096136,-0.97356,-0.183976,1.54,-2.24,0.56,-69
1787064436267,287321,Lumbar,stand,0.094184,-0.974536,-0.183,1.82,-2.17,0.56,-69
1787064436267,287338,Lumbar,stand,0.09272,-0.973072,-0.181048,1.89,-2.24,0.49,-69
1787064436267,287355,Lumbar,stand,0.092232,-0.972584,-0.181536,2.1,-1.96,0.42,-69
1787064436267,287372,Lumbar,stand,0.095648,-0.971608,-0.179096,1.75,-1.61,0.21,-69
1787064436628,287548,Lumbar,stand,0.091744,-0.974536,-0.180072,1.68,-1.75,0.35,-70
1787064436628,287579,Lumbar,stand,0.094184,-0.974048,-0.179096,1.89,-2.1,0.21,-70
1787064436628,287596,Lumbar,stand,0.098576,-0.972584,-0.17812,2.03,-2.17,0.21,-70
1787064436628,287614,Lumbar,stand,0.098088,-0.970144,-0.177632,1.75,-1.82,0.21,-70
1787064436628,287631,Lumbar,stand,0.096136,-0.972584,-0.181536,1.26,-1.68,0.28,-70
1787064436628,287662,Lumbar,stand,0.093696,-0.972584,-0.183976,1.33,-1.89,0.28,-70
1787064436628,287679,Lumbar,stand,0.093208,-0.970632,-0.182512,1.33,-2.31,0.21,-70
1787064436628,287696,Lumbar,stand,0.095648,-0.973072,-0.180072,1.26,-2.38,0.07,-70
1787064436628,287713,Lumbar,stand,0.097112,-0.974048,-0.181536,1.47,-2.17,0.14,-70
1787064436628,287730,Lumbar,stand,0.096624,-0.972584,-0.181048,1.33,-2.03,0.14,-70
1787064437000,287907,Lumbar,stand,0.096136,-0.972096,-0.183976,1.47,-2.03,0.28,-70
1787064437000,287938,Lumbar,stand,0.096624,-0.972096,-0.18544,1.4,-2.24,0.07,-70
1787064437000,287956,Lumbar,stand,0.096624,-0.971608,-0.183976,1.4,-2.73,0,-70
1787064437000,287973,Lumbar,stand,0.096136,-0.973072,-0.181536,1.26,-2.73,0,-70
1787064437000,287990,Lumbar,stand,0.095648,-0.976488,-0.180072,1.47,-2.59,0,-70
1787064437000,288007,Lumbar,stand,0.096624,-0.974048,-0.18056,1.96,-2.17,-0.07,-70
1787064437000,288038,Lumbar,stand,0.096136,-0.971608,-0.182024,1.54,-1.68,-0.21,-70
1787064437000,288055,Lumbar,stand,0.097112,-0.97356,-0.177144,1.33,-1.54,-0.07,-70
1787064437000,288072,Lumbar,stand,0.098576,-0.97112,-0.178608,1.12,-1.75,0.07,-70
1787064437000,288089,Lumbar,stand,0.10004,-0.973072,-0.182024,1.05,-1.89,0.14,-70
1787064437343,288264,Lumbar,stand,0.099064,-0.973072,-0.17812,2.1,-1.19,0.07,-70
1787064437343,288295,Lumbar,stand,0.101504,-0.970144,-0.183488,1.89,-1.47,0.28,-70
1787064437343,288312,Lumbar,stand,0.101016,-0.97356,-0.182024,1.68,-1.89,0.28,-70
1787064437343,288329,Lumbar,stand,0.098088,-0.974536,-0.182512,1.75,-1.96,0.28,-70
1787064437343,288346,Lumbar,stand,0.098088,-0.973072,-0.181536,2.1,-2.17,0.28,-70
1787064437343,288377,Lumbar,stand,0.099552,-0.973072,-0.18056,1.82,-2.31,0.35,-70
1787064437343,288394,Lumbar,stand,0.100528,-0.973072,-0.179584,1.68,-2.17,0.42,-70
1787064437343,288411,Lumbar,stand,0.099064,-0.972096,-0.18056,1.68,-2.17,0.42,-70
1787064437343,288428,Lumbar,stand,0.101016,-0.97112,-0.180072,1.68,-2.03,0.42,-70
1787064437343,288445,Lumbar,stand,0.10004,-0.971608,-0.181048,1.54,-2.03,0.49,-70
1787064437701,288621,Lumbar,stand,0.101992,-0.974048,-0.188368,1.68,-2.45,1.19,-71
1787064437701,288653,Lumbar,stand,0.098088,-0.976488,-0.184952,1.75,-3.22,1.19,-71
1787064437701,288670,Lumbar,stand,0.099064,-0.972584,-0.182512,1.96,-3.22,1.05,-71
1787064437701,288688,Lumbar,stand,0.101016,-0.97356,-0.184464,2.1,-2.87,1.33,-71
1787064437701,288704,Lumbar,stand,0.102968,-0.97356,-0.183488,2.38,-2.66,1.47,-71
1787064437701,288721,Lumbar,stand,0.101016,-0.972584,-0.181536,2.31,-2.66,1.33,-71
1787064437701,288752,Lumbar,stand,0.098576,-0.971608,-0.181536,1.68,-2.31,1.33,-71
1787064437701,288769,Lumbar,stand,0.098088,-0.972584,-0.186904,1.61,-2.73,1.61,-71
1787064437701,288786,Lumbar,stand,0.095648,-0.976,-0.185928,1.96,-3.08,1.47,-71
1787064437701,288803,Lumbar,stand,0.093696,-0.971608,-0.181048,2.73,-3.43,1.33,-71
1787064438058,288980,Lumbar,stand,0.099552,-0.972096,-0.182512,1.12,-2.1,0.21,-71
1787064438058,289011,Lumbar,stand,0.098576,-0.970632,-0.182024,1.4,-1.89,0.14,-71
1787064438058,289028,Lumbar,stand,0.0976,-0.969168,-0.179584,1.19,-1.96,0.14,-71
1787064438058,289045,Lumbar,stand,0.095648,-0.972584,-0.17812,1.05,-1.96,0.07,-71
1787064438058,289062,Lumbar,stand,0.094672,-0.97356,-0.178608,0.91,-1.54,0.14,-71
1787064438058,289093,Lumbar,stand,0.09516,-0.97356,-0.181536,1.19,-1.47,0.21,-71
1787064438058,289110,Lumbar,stand,0.09516,-0.973072,-0.184952,1.33,-1.75,0.14,-71
1787064438058,289127,Lumbar,stand,0.095648,-0.972096,-0.184464,1.26,-1.89,0.14,-71
1787064438058,289144,Lumbar,stand,0.0976,-0.970632,-0.184464,1.26,-1.82,0.14,-71
1787064438058,289161,Lumbar,stand,0.0976,-0.972584,-0.181536,1.19,-1.61,0.07,-71
1787064438414,289336,Lumbar,stand,0.096624,-0.97356,-0.183,1.12,-2.17,0.07,-71
1787064438414,289367,Lumbar,stand,0.098576,-0.971608,-0.182512,1.82,-1.75,0.07,-71
1787064438414,289384,Lumbar,stand,0.097112,-0.97112,-0.183488,1.47,-1.61,-0.14,-71
1787064438414,289401,Lumbar,stand,0.0976,-0.974048,-0.182512,1.26,-1.47,0,-71
1787064438414,289418,Lumbar,stand,0.101016,-0.975024,-0.182024,1.19,-1.47,0.07,-71
1787064438414,289449,Lumbar,stand,0.10248,-0.974048,-0.184952,1.54,-2.03,0.42,-71
1787064438414,289466,Lumbar,stand,0.0976,-0.972096,-0.18544,1.89,-2.1,0.35,-71
1787064438414,289483,Lumbar,stand,0.094184,-0.969168,-0.183976,2.1,-1.82,0.28,-71
1787064438414,289500,Lumbar,stand,0.099064,-0.967704,-0.182512,1.61,-1.75,0.21,-71
1787064438414,289516,Lumbar,stand,0.099552,-0.972584,-0.181536,1.47,-1.82,0.28,-71
1787064438772,289692,Lumbar,stand,0.100528,-0.970632,-0.18544,1.61,-1.75,-0.42,-67
1787064438772,289723,Lumbar,stand,0.098576,-0.967704,-0.183488,0.98,-2.24,-0.84,-67
1787064438772,289740,Lumbar,stand,0.099552,-0.970144,-0.181536,0.84,-2.1,-0.98,-67
1787064438772,289757,Lumbar,stand,0.099552,-0.973072,-0.181048,0.77,-1.82,-1.05,-67
1787064438772,289774,Lumbar,stand,0.10004,-0.97112,-0.181048,0.84,-1.61,-1.05,-67
1787064438772,289805,Lumbar,stand,0.101992,-0.971608,-0.18544,0.77,-1.75,-0.91,-67
1787064438772,289822,Lumbar,stand,0.10004,-0.97112,-0.186904,0.7,-2.1,-0.7,-67
1787064438772,289839,Lumbar,stand,0.101016,-0.97112,-0.18544,0.7,-2.45,-0.7,-67
1787064438772,289856,Lumbar,stand,0.103944,-0.97112,-0.183488,0.77,-2.45,-0.63,-67
1787064438772,289873,Lumbar,stand,0.106872,-0.972584,-0.182512,0.84,-2.31,-0.49,-67
1787064439136,290050,Lumbar,stand,0.106872,-0.97356,-0.183488,1.33,-1.12,0.63,-67
1787064439136,290081,Lumbar,stand,0.105896,-0.96868,-0.185928,1.54,-0.91,0.42,-67
1787064439136,290098,Lumbar,stand,0.105896,-0.97112,-0.184952,1.33,-0.77,0.42,-67
1787064439136,290115,Lumbar,stand,0.1098,-0.970144,-0.186904,1.12,-1.19,0.49,-67
1787064439136,290132,Lumbar,stand,0.107848,-0.968192,-0.188856,0.91,-1.61,0.56,-67
1787064439136,290163,Lumbar,stand,0.101992,-0.970144,-0.190808,0.98,-1.68,0.35,-67
1787064439136,290180,Lumbar,stand,0.10492,-0.96868,-0.18788,1.05,-1.54,0.35,-67
1787064439136,290197,Lumbar,stand,0.106872,-0.968192,-0.186416,0.84,-1.4,0.42,-67
1787064439136,290214,Lumbar,stand,0.106384,-0.96868,-0.185928,0.7,-1.54,0.35,-67
1787064439136,290231,Lumbar,stand,0.102968,-0.971608,-0.187392,0.56,-1.61,0.35,-67
1787064439486,290406,Lumbar,stand,0.10492,-0.972096,-0.194224,0.91,-3.71,1.89,-67
1787064439486,290437,Lumbar,stand,0.106384,-0.973072,-0.189344,1.61,-3.64,2.1,-67
1787064439486,290454,Lumbar,stand,0.106384,-0.972584,-0.186904,2.1,-3.57,2.1,-67
1787064439486,290471,Lumbar,stand,0.102968,-0.973072,-0.187392,2.24,-3.01,2.24,-67
1787064439486,290488,Lumbar,stand,0.101504,-0.971608,-0.188856,2.45,-2.87,2.1,-67
1787064439486,290519,Lumbar,stand,0.098576,-0.968192,-0.187392,1.96,-3.22,1.47,-67
1787064439486,290536,Lumbar,stand,0.10004,-0.969168,-0.190808,1.75,-3.15,1.12,-67
1787064439486,290553,Lumbar,stand,0.100528,-0.972096,-0.192272,1.68,-3.01,0.98,-67
1787064439486,290570,Lumbar,stand,0.100528,-0.974048,-0.190808,2.1,-3.15,0.84,-67
1787064439486,290587,Lumbar,stand,0.098576,-0.973072,-0.189832,2.8,-3.01,0.7,-67
1787064439845,290763,Lumbar,stand,0.093696,-0.969656,-0.188856,2.52,-1.47,-0.07,-68
1787064439845,290794,Lumbar,stand,0.10004,-0.96868,-0.183976,1.47,-1.12,-0.07,-68
1787064439845,290811,Lumbar,stand,0.101016,-0.968192,-0.188856,1.19,-1.47,0.28,-68
1787064439845,290828,Lumbar,stand,0.099552,-0.97112,-0.188856,1.26,-1.68,0.28,-68
1787064439845,290845,Lumbar,stand,0.097112,-0.971608,-0.189832,1.75,-1.47,0.28,-68
1787064439845,290876,Lumbar,stand,0.10004,-0.969656,-0.188368,1.68,-1.19,0.07,-68
1787064439845,290893,Lumbar,stand,0.10248,-0.970144,-0.18544,1.61,-1.19,0.07,-68
1787064439845,290910,Lumbar,stand,0.101504,-0.972096,-0.185928,1.4,-1.05,0.07,-68
1787064439845,290927,Lumbar,stand,0.099552,-0.972096,-0.18788,1.26,-1.26,0.14,-68
1787064439845,290945,Lumbar,stand,0.10004,-0.97112,-0.18544,1.61,-1.54,0,-68
1787064440204,291121,Lumbar,stand,0.105896,-0.96868,-0.186904,1.82,-1.61,-0.21,-68
1787064440204,291153,Lumbar,stand,0.103456,-0.969168,-0.18544,1.12,-1.82,-0.49,-68
1787064440204,291170,Lumbar,stand,0.102968,-0.969168,-0.183,1.05,-1.54,-0.7,-68
1787064440204,291188,Lumbar,stand,0.104432,-0.968192,-0.184464,0.98,-1.19,-0.7,-68
1787064440204,291205,Lumbar,stand,0.105896,-0.969168,-0.18544,1.05,-1.19,-0.77,-68
1787064440204,291222,Lumbar,stand,0.103944,-0.971608,-0.187392,1.26,-1.61,-0.77,-68
1787064440204,291252,Lumbar,stand,0.10492,-0.973072,-0.18544,1.4,-1.75,-0.63,-68
1787064440204,291269,Lumbar,stand,0.106872,-0.97112,-0.188368,1.33,-1.54,-0.42,-68
1787064440204,291286,Lumbar,stand,0.105408,-0.970144,-0.189832,1.4,-1.68,-0.28,-68
1787064440204,291303,Lumbar,stand,0.105408,-0.972096,-0.189344,1.47,-2.1,-0.14,-68
1787064440563,291480,Lumbar,stand,0.108824,-0.970144,-0.18788,1.54,-2.45,0.84,-68
1787064440563,291511,Lumbar,stand,0.104432,-0.97112,-0.189832,1.75,-2.52,0.84,-68
1787064440563,291528,Lumbar,stand,0.101992,-0.970144,-0.189344,1.96,-2.17,0.77,-68
1787064440563,291545,Lumbar,stand,0.103456,-0.966728,-0.19032,1.82,-2.03,0.77,-68
1787064440563,291562,Lumbar,stand,0.107848,-0.966728,-0.188856,1.4,-2.03,0.7,-68
1787064440563,291593,Lumbar,stand,0.107848,-0.971608,-0.19032,1.47,-2.1,0.63,-68
1787064440563,291610,Lumbar,stand,0.105408,-0.974048,-0.191784,1.68,-2.17,0.63,-68
1787064440563,291627,Lumbar,stand,0.105408,-0.968192,-0.189832,2.03,-2.31,0.42,-68
1787064440563,291644,Lumbar,stand,0.108824,-0.967704,-0.189344,1.75,-2.38,0.49,-68
1787064440563,291661,Lumbar,stand,0.1098,-0.970632,-0.18544,1.82,-2.31,0.63,-68
1787064440918,291837,Lumbar,stand,0.106384,-0.971608,-0.194224,1.82,-2.31,0.7,-68
1787064440918,291868,Lumbar,stand,0.104432,-0.97356,-0.192272,1.89,-2.87,1.05,-68
1787064440918,291885,Lumbar,stand,0.103944,-0.97356,-0.191784,2.03,-2.87,1.12,-68
1787064440918,291902,Lumbar,stand,0.103456,-0.972096,-0.191784,2.24,-3.01,1.26,-68
1787064440918,291919,Lumbar,stand,0.103456,-0.96868,-0.189832,2.17,-3.22,1.26,-68
1787064440918,291950,Lumbar,stand,0.102968,-0.968192,-0.188856,2.17,-3.36,1.33,-68
1787064440918,291967,Lumbar,stand,0.101992,-0.971608,-0.18788,2.03,-3.29,1.4,-68
1787064440918,291984,Lumbar,stand,0.102968,-0.972096,-0.189832,2.38,-3.08,1.33,-68
1787064440918,292001,Lumbar,stand,0.10248,-0.970144,-0.190808,2.31,-2.73,1.33,-68
1787064440918,292018,Lumbar,stand,0.10004,-0.965752,-0.191784,2.17,-2.66,1.26,-68
1787064441293,292193,Lumbar,stand,0.097112,-0.97356,-0.186416,2.17,-1.96,0.77,-69
1787064441293,292224,Lumbar,stand,0.099064,-0.965264,-0.186416,1.96,-1.68,0.7,-69
1787064441293,292241,Lumbar,stand,0.103456,-0.967704,-0.18544,1.4,-1.54,0.63,-69
1787064441293,292258,Lumbar,stand,0.101992,-0.970144,-0.185928,1.19,-1.26,0.63,-69
1787064441293,292275,Lumbar,stand,0.100528,-0.974048,-0.184952,1.47,-1.33,0.56,-69
1787064441293,292306,Lumbar,stand,0.098576,-0.97112,-0.181536,1.82,-1.61,0.28,-69
1787064441293,292323,Lumbar,stand,0.099064,-0.974048,-0.18056,1.89,-1.89,0.35,-69
1787064441293,292340,Lumbar,stand,0.10004,-0.971608,-0.18056,1.96,-1.89,0.42,-69
1787064441293,292357,Lumbar,stand,0.105408,-0.968192,-0.182512,1.89,-1.75,0.42,-69
1787064441293,292374,Lumbar,stand,0.10492,-0.971608,-0.18544,1.47,-1.54,0.35,-69
1787064441633,292551,Lumbar,stand,0.097112,-0.970632,-0.188856,1.89,-1.89,0.35,-69
1787064441633,292582,Lumbar,stand,0.098576,-0.969656,-0.186904,1.96,-2.24,0.14,-69
1787064441633,292599,Lumbar,stand,0.099552,-0.970632,-0.187392,1.89,-2.1,0.21,-69
1787064441633,292616,Lumbar,stand,0.101992,-0.969168,-0.18544,1.68,-2.03,0.21,-69
1787064441633,292633,Lumbar,stand,0.101016,-0.968192,-0.183976,1.75,-1.89,0.21,-69
1787064441633,292664,Lumbar,stand,0.097112,-0.970144,-0.188368,1.75,-1.75,0,-69
1787064441633,292681,Lumbar,stand,0.097112,-0.970144,-0.19032,1.47,-2.17,-0.07,-69
1787064441633,292698,Lumbar,stand,0.098088,-0.969656,-0.191296,1.33,-2.38,-0.14,-69
1787064441633,292715,Lumbar,stand,0.101504,-0.97112,-0.188856,1.12,-2.59,-0.07,-69
1787064441633,292732,Lumbar,stand,0.103456,-0.973072,-0.183976,1.33,-2.38,-0.21,-69
1787064441994,292908,Lumbar,stand,0.106384,-0.970632,-0.18788,1.75,-2.59,0.35,-69
1787064441994,292939,Lumbar,stand,0.10248,-0.974536,-0.185928,1.82,-2.52,0.35,-69
1787064441994,292956,Lumbar,stand,0.10248,-0.97112,-0.184464,2.1,-2.66,0.35,-69
1787064441994,292973,Lumbar,stand,0.102968,-0.969656,-0.182024,1.96,-2.73,0.28,-69
1787064441994,292989,Lumbar,stand,0.101016,-0.972096,-0.180072,1.75,-2.94,0.28,-69
1787064441994,293020,Lumbar,stand,0.103944,-0.970144,-0.183488,1.89,-2.59,0.14,-69
1787064441994,293037,Lumbar,stand,0.10492,-0.970144,-0.187392,1.61,-2.66,0.14,-69
1787064441994,293054,Lumbar,stand,0.10248,-0.972584,-0.187392,1.96,-3.22,-0.07,-69
1787064441994,293071,Lumbar,stand,0.102968,-0.968192,-0.188368,2.03,-3.78,-0.21,-69
1787064441994,293088,Lumbar,stand,0.10248,-0.969656,-0.183488,1.54,-3.92,-0.21,-69
1787064442346,293264,Lumbar,stand,0.100528,-0.973072,-0.181536,2.1,-3.36,0,-68
1787064442346,293295,Lumbar,stand,0.100528,-0.970632,-0.184952,1.96,-3.36,0.49,-68
1787064442346,293312,Lumbar,stand,0.10492,-0.970144,-0.186904,1.89,-3.36,0.49,-68
1787064442346,293329,Lumbar,stand,0.104432,-0.97112,-0.186416,1.82,-3.29,0.56,-68
1787064442346,293346,Lumbar,stand,0.102968,-0.974048,-0.18544,2.03,-3.22,0.56,-68
1787064442346,293377,Lumbar,stand,0.10248,-0.97356,-0.184464,2.24,-2.94,0.7,-68
1787064442346,293394,Lumbar,stand,0.099552,-0.970632,-0.18544,2.8,-2.94,0.84,-68
1787064442346,293411,Lumbar,stand,0.10004,-0.971608,-0.184952,2.59,-2.73,0.77,-68
1787064442346,293428,Lumbar,stand,0.101504,-0.972096,-0.185928,2.38,-2.31,0.77,-68
1787064442346,293445,Lumbar,stand,0.104432,-0.97112,-0.184464,2.38,-2.31,0.77,-68
1787064442702,293620,Lumbar,stand,0.098088,-0.970632,-0.181536,1.75,-1.47,0.63,-68
1787064442702,293651,Lumbar,stand,0.100528,-0.972584,-0.180072,1.82,-1.19,0.63,-68
1787064442702,293668,Lumbar,stand,0.10248,-0.972096,-0.182512,1.68,-1.12,0.7,-68
1787064442702,293685,Lumbar,stand,0.101016,-0.976,-0.186904,1.54,-1.33,0.91,-68
1787064442702,293702,Lumbar,stand,0.10004,-0.976,-0.188856,1.89,-1.68,1.33,-68
1787064442702,293733,Lumbar,stand,0.098088,-0.970144,-0.183,1.75,-2.1,1.4,-68
1787064442702,293750,Lumbar,stand,0.0976,-0.969168,-0.180072,1.75,-1.89,1.19,-68
1787064442702,293767,Lumbar,stand,0.098088,-0.969168,-0.179096,1.68,-1.68,0.98,-68
1787064442702,293784,Lumbar,stand,0.095648,-0.972584,-0.183488,1.75,-1.61,0.84,-68
1787064442702,293801,Lumbar,stand,0.095648,-0.97356,-0.183976,1.89,-2.03,0.7,-68
1787064443061,293976,Lumbar,stand,0.096624,-0.972584,-0.183488,1.47,-2.73,0.91,-68
1787064443061,294007,Lumbar,stand,0.096624,-0.97356,-0.181048,1.75,-2.38,0.7,-68
1787064443061,294024,Lumbar,stand,0.09516,-0.974048,-0.179096,2.17,-2.38,0.63,-68
1787064443061,294042,Lumbar,stand,0.093208,-0.97356,-0.179096,2.45,-2.38,0.35,-68
1787064443061,294059,Lumbar,stand,0.094184,-0.968192,-0.178608,2.17,-2.31,0.07,-68
1787064443061,294076,Lumbar,stand,0.097112,-0.972584,-0.178608,1.54,-2.17,0,-68
1787064443061,294107,Lumbar,stand,0.102968,-0.970632,-0.182512,1.19,-2.24,0.49,-68
1787064443061,294124,Lumbar,stand,0.099552,-0.972584,-0.181536,1.4,-2.24,0.49,-68
1787064443061,294141,Lumbar,stand,0.09516,-0.974536,-0.181048,1.89,-1.82,0.56,-68
1787064443061,294158,Lumbar,stand,0.09516,-0.970632,-0.179096,1.82,-1.61,0.63,-68
1787064443419,294334,Lumbar,stand,0.099064,-0.974536,-0.183976,1.33,-1.75,0.35,-68
1787064443419,294365,Lumbar,stand,0.095648,-0.970632,-0.182024,1.33,-2.1,0.35,-68
1787064443419,294382,Lumbar,stand,0.095648,-0.97112,-0.181536,0.91,-2.1,0.35,-68
1787064443419,294399,Lumbar,stand,0.0976,-0.972584,-0.181048,0.98,-2.1,0.28,-68
1787064443419,294416,Lumbar,stand,0.0976,-0.972096,-0.181536,1.12,-1.82,0.35,-68
1787064443419,294447,Lumbar,stand,0.094184,-0.971608,-0.183488,1.12,-1.89,0.14,-68
1787064443419,294464,Lumbar,stand,0.094184,-0.97112,-0.182512,1.12,-1.96,0.14,-68
1787064443419,294481,Lumbar,stand,0.094184,-0.971608,-0.182512,1.05,-2.1,0.14,-68
1787064443419,294498,Lumbar,stand,0.096136,-0.971608,-0.182024,1.12,-2.03,0.14,-68
1787064443419,294515,Lumbar,stand,0.096624,-0.972584,-0.181048,1.26,-2.03,0.21,-68
1787064443776,294692,Lumbar,stand,0.094672,-0.971608,-0.183488,1.96,-1.54,0.14,-73
1787064443776,294722,Lumbar,stand,0.10004,-0.971608,-0.182024,1.75,-1.89,0.21,-73
1787064443776,294740,Lumbar,stand,0.10248,-0.972096,-0.182512,1.61,-2.03,0.35,-73
1787064443776,294756,Lumbar,stand,0.10004,-0.974048,-0.181536,1.68,-2.1,0.42,-73
1787064443776,294773,Lumbar,stand,0.096624,-0.97112,-0.183488,1.96,-1.61,0.28,-73
1787064443776,294804,Lumbar,stand,0.099552,-0.967704,-0.182024,1.82,-1.19,0.28,-73
1787064443776,294821,Lumbar,stand,0.101016,-0.972096,-0.183,1.68,-1.19,0.21,-73
1787064443776,294838,Lumbar,stand,0.099064,-0.974048,-0.183976,1.75,-1.26,0.14,-73
1787064443776,294855,Lumbar,stand,0.098088,-0.974536,-0.18544,1.82,-1.4,-0.07,-73
1787064443776,294872,Lumbar,stand,0.098576,-0.97356,-0.184952,1.96,-1.54,-0.14,-73
1787064444136,295048,Lumbar,stand,0.10004,-0.971608,-0.183976,1.89,-2.52,0.14,-73
1787064444136,295080,Lumbar,stand,0.098576,-0.970632,-0.184464,1.75,-2.45,0.28,-73
1787064444136,295097,Lumbar,stand,0.10004,-0.970144,-0.184464,1.61,-2.8,0.28,-73
1787064444136,295114,Lumbar,stand,0.10004,-0.97112,-0.184952,1.33,-2.87,0.28,-73
1787064444136,295131,Lumbar,stand,0.10004,-0.97356,-0.183488,1.33,-2.59,0.28,-73
1787064444136,295162,Lumbar,stand,0.101504,-0.973072,-0.182512,1.68,-2.38,0.28,-73
1787064444136,295179,Lumbar,stand,0.10004,-0.972096,-0.182024,1.82,-2.45,0.42,-73
1787064444136,295196,Lumbar,stand,0.101504,-0.97112,-0.182512,1.75,-2.38,0.49,-73
1787064444136,295213,Lumbar,stand,0.102968,-0.970144,-0.183,1.68,-2.31,0.49,-73
1787064444136,295230,Lumbar,stand,0.101504,-0.969168,-0.186416,1.4,-2.24,0.49,-73
1787064444493,295406,Lumbar,stand,0.0976,-0.973072,-0.182512,1.82,-2.03,0.56,-73
1787064444493,295438,Lumbar,stand,0.098576,-0.97356,-0.181536,2.03,-2.03,0.63,-73
1787064444493,295455,Lumbar,stand,0.101992,-0.975024,-0.180072,1.89,-1.82,0.84,-73
1787064444493,295473,Lumbar,stand,0.10248,-0.977464,-0.184464,1.96,-1.75,1.12,-73
1787064444493,295490,Lumbar,stand,0.10248,-0.978928,-0.189344,2.17,-2.17,1.47,-73
1787064444493,295507,Lumbar,stand,0.099552,-0.977464,-0.186904,2.52,-2.59,1.4,-73
1787064444493,295538,Lumbar,stand,0.099064,-0.967704,-0.179584,2.52,-2.52,0.98,-73
1787064444493,295554,Lumbar,stand,0.098576,-0.970632,-0.17568,2.45,-2.31,0.91,-73
1787064444493,295571,Lumbar,stand,0.10004,-0.969656,-0.175192,2.38,-2.17,0.7,-73
1787064444493,295588,Lumbar,stand,0.101504,-0.96624,-0.18056,1.96,-1.82,0.63,-73
1787064444850,295764,Lumbar,stand,0.098088,-0.97356,-0.183,1.26,-2.24,0.49,-71
1787064444850,295795,Lumbar,stand,0.101016,-0.972584,-0.177632,1.61,-2.03,0.56,-71
1787064444850,295812,Lumbar,stand,0.101016,-0.972584,-0.177632,1.82,-1.96,0.56,-71
1787064444850,295829,Lumbar,stand,0.101016,-0.974048,-0.180072,1.96,-1.75,0.49,-71
1787064444850,295846,Lumbar,stand,0.101504,-0.974048,-0.180072,1.89,-1.54,0.63,-71
1787064444850,295877,Lumbar,stand,0.099064,-0.970144,-0.184464,1.68,-1.75,0.7,-71
1787064444850,295894,Lumbar,stand,0.10004,-0.970144,-0.183,1.4,-2.1,0.56,-71
1787064444850,295911,Lumbar,stand,0.099064,-0.97112,-0.181536,1.33,-2.17,0.42,-71
1787064444850,295928,Lumbar,stand,0.101504,-0.974536,-0.180072,1.26,-1.89,0.42,-71
1787064444850,295945,Lumbar,stand,0.10004,-0.976,-0.181048,1.75,-1.4,0.56,-71
1787064445213,296120,Lumbar,stand,0.100528,-0.970632,-0.180072,1.4,-1.96,0.35,-71
1787064445213,296152,Lumbar,stand,0.094184,-0.978928,-0.180072,1.68,-1.89,0.14,-71
1787064445213,296169,Lumbar,stand,0.093208,-0.973072,-0.179584,2.24,-2.24,0.07,-71
1787064445213,296186,Lumbar,stand,0.09516,-0.972584,-0.179584,2.24,-2.66,0.14,-71
1787064445213,296203,Lumbar,stand,0.099064,-0.973072,-0.176656,1.96,-2.59,0.21,-71
1787064445213,296234,Lumbar,stand,0.101504,-0.969656,-0.179096,1.61,-2.45,0.21,-71
1787064445213,296251,Lumbar,stand,0.101504,-0.974048,-0.184464,1.61,-2.45,0.21,-71
1787064445213,296268,Lumbar,stand,0.098088,-0.975024,-0.18544,2.1,-2.73,0.07,-71
1787064445213,296285,Lumbar,stand,0.099064,-0.970144,-0.183,2.1,-3.08,0.14,-71
1787064445213,296302,Lumbar,stand,0.101504,-0.970632,-0.179584,1.54,-3.29,0.14,-71
1787064445567,296477,Lumbar,stand,0.101016,-0.97356,-0.180072,1.96,-2.1,0.49,-76
1787064445567,296508,Lumbar,stand,0.099552,-0.971608,-0.180072,1.68,-1.82,0.49,-76
1787064445567,296525,Lumbar,stand,0.098088,-0.972096,-0.182024,1.54,-1.82,0.49,-76
1787064445567,296542,Lumbar,stand,0.10004,-0.97112,-0.184464,1.47,-1.89,0.56,-76
1787064445567,296559,Lumbar,stand,0.099552,-0.972584,-0.183,1.26,-2.17,0.42,-76
1787064445567,296590,Lumbar,stand,0.101016,-0.97356,-0.180072,1.47,-2.1,0.42,-76
1787064445567,296607,Lumbar,stand,0.098088,-0.974536,-0.179096,1.82,-1.68,0.49,-76
1787064445567,296624,Lumbar,stand,0.098576,-0.970632,-0.180072,1.89,-1.4,0.35,-76
1787064445567,296641,Lumbar,stand,0.099552,-0.971608,-0.179584,1.33,-1.19,0.35,-76
1787064445567,296658,Lumbar,stand,0.101504,-0.972584,-0.177632,1.33,-1.54,0.49,-76
1787064445925,296834,Lumbar,stand,0.096136,-0.974048,-0.179584,1.54,-1.54,0.28,-76
1787064445925,296866,Lumbar,stand,0.095648,-0.976976,-0.178608,1.89,-1.96,0.49,-76
1787064445925,296883,Lumbar,stand,0.099064,-0.97356,-0.179096,1.75,-2.24,0.56,-76
1787064445925,296900,Lumbar,stand,0.099064,-0.977464,-0.179584,1.54,-2.66,0.84,-76
1787064445925,296917,Lumbar,stand,0.099552,-0.975512,-0.181048,1.75,-2.87,0.98,-76
1787064445925,296948,Lumbar,stand,0.10004,-0.975024,-0.182512,1.68,-2.8,1.19,-76
1787064445925,296965,Lumbar,stand,0.099064,-0.971608,-0.180072,1.75,-2.87,1.12,-76
1787064445925,296982,Lumbar,stand,0.097112,-0.970144,-0.178608,1.82,-2.87,0.91,-76
1787064445925,296999,Lumbar,stand,0.096136,-0.970144,-0.179584,1.75,-2.73,0.91,-76
1787064445925,297016,Lumbar,stand,0.097112,-0.97356,-0.182024,1.75,-2.59,0.84,-76
1787064446282,297194,Lumbar,stand,0.097112,-0.969656,-0.183976,1.54,-2.52,0.77,-76
1787064446282,297226,Lumbar,stand,0.09516,-0.97356,-0.181048,1.12,-2.45,0.42,-76
1787064446282,297243,Lumbar,stand,0.095648,-0.974048,-0.17812,1.47,-2.24,0.42,-76
1787064446282,297260,Lumbar,stand,0.096136,-0.97356,-0.179096,1.82,-1.96,0.42,-76
1787064446282,297277,Lumbar,stand,0.0976,-0.97112,-0.18056,1.89,-1.61,0.35,-76
1787064446282,297307,Lumbar,stand,0.096624,-0.972584,-0.17812,1.12,-1.19,0.28,-76
1787064446282,297324,Lumbar,stand,0.098088,-0.975024,-0.179584,1.05,-1.12,0.49,-76
1787064446282,297341,Lumbar,stand,0.096136,-0.974536,-0.184464,1.4,-1.26,0.56,-76
1787064446282,297358,Lumbar,stand,0.092232,-0.974048,-0.183976,1.82,-1.33,0.49,-76
1787064446282,297375,Lumbar,stand,0.09272,-0.97112,-0.182024,1.89,-1.19,0.49,-76
1787064446638,297551,Lumbar,stand,0.099064,-0.97356,-0.18544,1.4,-0.98,0.56,-76
1787064446638,297582,Lumbar,stand,0.093696,-0.969656,-0.183488,1.96,-1.47,0.49,-76
1787064446638,297599,Lumbar,stand,0.094184,-0.970632,-0.183,1.4,-1.82,0.28,-76
1787064446638,297616,Lumbar,stand,0.0976,-0.974048,-0.18056,1.19,-1.96,0.14,-76
1787064446638,297633,Lumbar,stand,0.098576,-0.974048,-0.181048,1.47,-1.82,0.14,-76
1787064446638,297664,Lumbar,stand,0.099064,-0.97112,-0.183,1.61,-1.54,0,-76
1787064446638,297681,Lumbar,stand,0.099064,-0.970632,-0.183488,1.54,-1.54,0,-76
1787064446638,297698,Lumbar,stand,0.0976,-0.971608,-0.183488,1.47,-1.61,-0.14,-76
1787064446638,297715,Lumbar,stand,0.0976,-0.970144,-0.182024,1.4,-1.68,-0.14,-76
1787064446638,297732,Lumbar,stand,0.098088,-0.970144,-0.183,1.19,-1.61,-0.42,-76
1787064446995,297907,Lumbar,stand,0.102968,-0.976,-0.181536,1.33,-2.45,0.14,-75
1787064446995,297938,Lumbar,stand,0.10004,-0.972096,-0.180072,1.82,-2.1,0.28,-75
1787064446995,297955,Lumbar,stand,0.098576,-0.974536,-0.184952,1.68,-2.03,0.35,-75
1787064446995,297972,Lumbar,stand,0.098088,-0.974048,-0.183976,1.75,-2.17,0.28,-75
1787064446995,297989,Lumbar,stand,0.098088,-0.97112,-0.183488,1.75,-2.52,0.35,-75
1787064446995,298020,Lumbar,stand,0.098576,-0.973072,-0.183488,1.61,-3.01,0.35,-75
1787064446995,298037,Lumbar,stand,0.09516,-0.973072,-0.185928,1.82,-2.94,0.35,-75
1787064446995,298054,Lumbar,stand,0.099552,-0.970144,-0.18544,1.96,-2.87,0.42,-75
1787064446995,298071,Lumbar,stand,0.101992,-0.970632,-0.184464,1.68,-2.87,0.56,-75
1787064446995,298088,Lumbar,stand,0.102968,-0.975024,-0.186904,1.4,-2.52,0.7,-75
1787064447354,298264,Lumbar,stand,0.100528,-0.968192,-0.186904,1.33,-2.87,0.49,-75
1787064447354,298295,Lumbar,stand,0.10248,-0.973072,-0.185928,1.26,-2.38,0.28,-75
1787064447354,298313,Lumbar,stand,0.101992,-0.970144,-0.18544,1.33,-2.17,0.35,-75
1787064447354,298330,Lumbar,stand,0.101504,-0.969656,-0.18544,1.19,-2.17,0.21,-75
1787064447354,298347,Lumbar,stand,0.10004,-0.973072,-0.184952,1.12,-2.17,0.28,-75
1787064447354,298364,Lumbar,stand,0.10004,-0.973072,-0.186416,1.4,-2.1,0.28,-75
1787064447354,298395,Lumbar,stand,0.099064,-0.970144,-0.183976,1.33,-1.96,0.28,-75
1787064447354,298412,Lumbar,stand,0.101016,-0.97112,-0.184952,1.4,-1.82,0.21,-75
1787064447354,298429,Lumbar,stand,0.101992,-0.97356,-0.18544,1.47,-1.75,0.35,-75
1787064447354,298446,Lumbar,stand,0.101504,-0.97356,-0.184464,1.61,-1.75,0.42,-75
1787064447710,298621,Lumbar,stand,0.097112,-0.973072,-0.183976,1.89,-1.19,0.84,-75
1787064447710,298652,Lumbar,stand,0.101504,-0.970144,-0.18544,2.03,-1.54,1.19,-75
1787064447710,298669,Lumbar,stand,0.099064,-0.967704,-0.185928,1.61,-1.61,0.98,-75
1787064447710,298686,Lumbar,stand,0.091256,-0.975024,-0.182512,1.61,-1.68,0.77,-75
1787064447710,298703,Lumbar,stand,0.090768,-0.972584,-0.182512,2.03,-1.47,0.56,-75
1787064447710,298734,Lumbar,stand,0.099552,-0.969168,-0.182024,1.47,-1.54,0.56,-75
1787064447710,298751,Lumbar,stand,0.101504,-0.970632,-0.183976,1.54,-1.75,0.56,-75
1787064447710,298768,Lumbar,stand,0.098088,-0.973072,-0.186416,1.54,-1.82,0.56,-75
1787064447710,298785,Lumbar,stand,0.09516,-0.974536,-0.187392,1.4,-1.82,0.42,-75
1787064447710,298802,Lumbar,stand,0.094184,-0.974048,-0.186416,1.47,-1.89,0.35,-75
1787064448067,298978,Lumbar,stand,0.103944,-0.969168,-0.182512,1.68,-2.38,0.14,-73
1787064448067,299010,Lumbar,stand,0.102968,-0.972584,-0.183976,1.61,-1.75,0.21,-73
1787064448067,299027,Lumbar,stand,0.101992,-0.971608,-0.183,1.68,-1.68,0.28,-73
1787064448067,299044,Lumbar,stand,0.10248,-0.970632,-0.183488,1.68,-1.61,0.28,-73
1787064448067,299060,Lumbar,stand,0.101016,-0.974048,-0.182024,1.68,-1.47,0.28,-73
1787064448067,299091,Lumbar,stand,0.101504,-0.973072,-0.178608,1.89,-1.26,0.49,-73
1787064448067,299108,Lumbar,stand,0.098088,-0.972584,-0.180072,1.68,-1.19,0.63,-73
1787064448067,299125,Lumbar,stand,0.097112,-0.97356,-0.181536,1.68,-1.12,0.7,-73
1787064448067,299142,Lumbar,stand,0.097112,-0.973072,-0.182024,1.75,-1.26,0.7,-73
1787064448067,299159,Lumbar,stand,0.097112,-0.970144,-0.186904,1.75,-1.4,0.56,-73
1787064448425,299334,Lumbar,stand,0.10492,-0.972584,-0.183488,1.47,-1.61,0.28,-73
1787064448425,299365,Lumbar,stand,0.096136,-0.969168,-0.184952,1.96,-1.33,0.21,-73
1787064448425,299382,Lumbar,stand,0.098576,-0.96868,-0.184952,1.61,-1.68,0.21,-73
1787064448425,299399,Lumbar,stand,0.099064,-0.971608,-0.185928,1.54,-2.1,0.28,-73
1787064448425,299416,Lumbar,stand,0.102968,-0.974048,-0.186416,1.54,-2.1,0.35,-73
1787064448425,299447,Lumbar,stand,0.098576,-0.974536,-0.184952,1.68,-2.38,0.28,-73
1787064448425,299464,Lumbar,stand,0.099552,-0.97356,-0.183976,1.89,-2.52,0.28,-73
1787064448425,299481,Lumbar,stand,0.099552,-0.970632,-0.181048,2.03,-2.66,0.28,-73
1787064448425,299498,Lumbar,stand,0.100528,-0.972096,-0.182024,1.89,-2.66,0.42,-73
1787064448425,299515,Lumbar,stand,0.101992,-0.97112,-0.182512,2.03,-2.66,0.35,-73
1787064448782,299691,Lumbar,stand,0.101504,-0.973072,-0.184464,1.89,-2.17,0.63,-73
1787064448782,299722,Lumbar,stand,0.10004,-0.970144,-0.183976,1.68,-2.31,0.56,-73
1787064448782,299739,Lumbar,stand,0.10004,-0.972096,-0.183976,1.68,-2.31,0.56,-73
1787064448782,299756,Lumbar,stand,0.100528,-0.975512,-0.182024,1.68,-2.31,0.56,-73
1787064448782,299773,Lumbar,stand,0.100528,-0.973072,-0.181048,1.82,-2.1,0.63,-73
1787064448782,299804,Lumbar,stand,0.101992,-0.970632,-0.182512,2.1,-1.89,0.7,-73
1787064448782,299821,Lumbar,stand,0.101016,-0.971608,-0.183976,2.03,-1.68,0.77,-73
1787064448782,299838,Lumbar,stand,0.100528,-0.97112,-0.184464,1.96,-1.68,0.77,-73
1787064448782,299855,Lumbar,stand,0.0976,-0.970144,-0.184464,1.89,-1.89,0.7,-73
1787064448782,299872,Lumbar,stand,0.096136,-0.970144,-0.183,1.75,-2.1,0.56,-73
1787064449138,300047,Lumbar,stand,0.0976,-0.967704,-0.182512,2.52,-2.17,1.4,-73
1787064449138,300078,Lumbar,stand,0.0976,-0.970632,-0.180072,2.1,-1.96,1.33,-73
1787064449138,300095,Lumbar,stand,0.097112,-0.976488,-0.181536,1.96,-1.96,1.26,-73
1787064449138,300112,Lumbar,stand,0.09516,-0.974536,-0.183976,2.1,-2.1,1.26,-73
1787064449138,300129,Lumbar,stand,0.0976,-0.970144,-0.179584,2.31,-1.96,1.12,-73
1787064449138,300160,Lumbar,stand,0.095648,-0.975512,-0.179584,2.31,-2.03,0.98,-73
1787064449138,300177,Lumbar,stand,0.092232,-0.974048,-0.179096,2.66,-2.24,0.98,-73
1787064449138,300194,Lumbar,stand,0.093208,-0.967216,-0.182512,2.38,-2.73,0.84,-73
1787064449138,300211,Lumbar,stand,0.097112,-0.968192,-0.182512,1.96,-2.87,0.7,-73
1787064449138,300228,Lumbar,stand,0.095648,-0.974536,-0.182512,1.68,-2.66,0.63,-73
1787064449496,300404,Lumbar,stand,0.095648,-0.974048,-0.176656,1.4,-2.24,0.07,-70
1787064449496,300435,Lumbar,stand,0.091744,-0.974536,-0.177144,1.68,-2.17,-0.07,-70
1787064449496,300452,Lumbar,stand,0.09272,-0.971608,-0.177632,1.82,-2.38,-0.07,-70
1787064449496,300470,Lumbar,stand,0.093208,-0.974048,-0.176168,1.61,-2.24,-0.07,-70
1787064449496,300487,Lumbar,stand,0.095648,-0.973072,-0.177632,1.33,-2.24,-0.14,-70
1787064449496,300518,Lumbar,stand,0.099552,-0.968192,-0.182512,0.91,-2.17,0,-70
1787064449496,300535,Lumbar,stand,0.097112,-0.971608,-0.181048,0.98,-2.52,-0.14,-70
1787064449496,300552,Lumbar,stand,0.09516,-0.974048,-0.179584,1.05,-2.31,-0.07,-70
1787064449496,300569,Lumbar,stand,0.094184,-0.976488,-0.178608,1.12,-2.17,0,-70
1787064449496,300586,Lumbar,stand,0.096136,-0.975024,-0.180072,1.47,-2.1,0.14,-70
1787064449854,300762,Lumbar,stand,0.0976,-0.97356,-0.17812,1.68,-1.19,0.35,-70
1787064449854,300793,Lumbar,stand,0.09272,-0.97356,-0.180072,1.96,-1.05,-0.14,-70
1787064449854,300810,Lumbar,stand,0.09516,-0.970632,-0.175192,2.24,-1.47,-0.56,-70
1787064449854,300826,Lumbar,stand,0.096136,-0.972096,-0.174704,2.1,-1.61,-0.56,-70
1787064449854,300843,Lumbar,stand,0.099552,-0.973072,-0.172264,2.1,-1.54,-0.56,-70
1787064449854,300874,Lumbar,stand,0.105896,-0.970632,-0.17812,1.4,-0.91,-0.28,-70
1787064449854,300891,Lumbar,stand,0.101504,-0.974536,-0.179096,1.4,-0.98,-0.14,-70
1787064449854,300908,Lumbar,stand,0.096136,-0.976,-0.183,1.61,-1.19,-0.14,-70
1787064449854,300925,Lumbar,stand,0.094184,-0.975512,-0.182512,1.54,-1.75,-0.21,-70
1787064449854,300942,Lumbar,stand,0.097112,-0.97356,-0.17812,1.33,-2.17,-0.07,-70
1787064450210,301118,Lumbar,stand,0.101016,-0.971608,-0.176168,1.68,-2.59,0.7,-70
1787064450210,301149,Lumbar,stand,0.099064,-0.973072,-0.181536,1.96,-2.38,0.7,-70
1787064450210,301166,Lumbar,stand,0.099552,-0.969168,-0.182512,1.82,-2.73,0.63,-70
1787064450210,301184,Lumbar,stand,0.101016,-0.969168,-0.183,1.33,-2.73,0.63,-70
1787064450210,301201,Lumbar,stand,0.101992,-0.97112,-0.183,1.26,-2.87,0.56,-70
1787064450210,301232,Lumbar,stand,0.102968,-0.97356,-0.181048,1.47,-2.59,0.49,-70
1787064450210,301249,Lumbar,stand,0.101504,-0.97356,-0.179096,1.89,-2.45,0.63,-70
1787064450210,301266,Lumbar,stand,0.099552,-0.972584,-0.179584,2.1,-2.17,0.63,-70
1787064450210,301283,Lumbar,stand,0.098088,-0.972584,-0.179096,1.75,-1.75,0.49,-70
1787064450210,301300,Lumbar,stand,0.10004,-0.971608,-0.17812,1.47,-1.68,0.21,-70
1787064450568,301476,Lumbar,stand,0.098576,-0.97356,-0.179584,1.89,-1.68,0.42,-71
1787064450568,301507,Lumbar,stand,0.0976,-0.972096,-0.179096,1.96,-1.47,0.63,-71
1787064450568,301524,Lumbar,stand,0.101016,-0.97112,-0.181048,1.82,-1.26,0.63,-71
1787064450568,301541,Lumbar,stand,0.101504,-0.976,-0.183488,1.54,-1.54,0.84,-71
1787064450568,301558,Lumbar,stand,0.10004,-0.975512,-0.186416,1.82,-2.03,0.98,-71
1787064450568,301589,Lumbar,stand,0.10004,-0.971608,-0.183976,1.75,-2.59,1.19,-71
1787064450568,301606,Lumbar,stand,0.10004,-0.975024,-0.181048,1.54,-2.59,1.33,-71
1787064450568,301623,Lumbar,stand,0.098088,-0.97356,-0.179096,1.96,-2.59,1.33,-71
1787064450568,301640,Lumbar,stand,0.0976,-0.972096,-0.181048,2.17,-2.52,1.12,-71
1787064450568,301657,Lumbar,stand,0.0976,-0.973072,-0.18056,2.1,-2.38,0.98,-71
1787064450925,301832,Lumbar,stand,0.099064,-0.970144,-0.181536,1.54,-1.82,0.56,-71
1787064450925,301863,Lumbar,stand,0.096136,-0.970632,-0.184952,1.33,-2.03,0.42,-71
1787064450925,301880,Lumbar,stand,0.098088,-0.97112,-0.182512,1.26,-2.59,0.14,-71
1787064450925,301897,Lumbar,stand,0.099064,-0.973072,-0.179096,1.33,-2.66,0.07,-71
1787064450925,301914,Lumbar,stand,0.099552,-0.976488,-0.179584,1.33,-2.31,0.07,-71
1787064450925,301945,Lumbar,stand,0.098088,-0.97112,-0.183,1.82,-1.68,0.07,-71
1787064450925,301962,Lumbar,stand,0.099064,-0.973072,-0.179096,1.26,-1.61,-0.07,-71
1787064450925,301979,Lumbar,stand,0.100528,-0.97356,-0.176656,1.26,-1.75,0.14,-71
1787064450925,301996,Lumbar,stand,0.103456,-0.973072,-0.181048,1.12,-1.82,0.28,-71
1787064450925,302013,Lumbar,stand,0.098088,-0.975024,-0.184464,1.33,-2.03,0.35,-71
1787064451282,302189,Lumbar,stand,0.101016,-0.968192,-0.18056,1.82,-1.82,0.35,-71
1787064451282,302220,Lumbar,stand,0.101016,-0.974048,-0.183976,1.33,-1.68,0.21,-71
1787064451282,302237,Lumbar,stand,0.098088,-0.975024,-0.183,1.82,-1.61,0.28,-71
1787064451282,302254,Lumbar,stand,0.097112,-0.971608,-0.182024,1.75,-2.03,0.28,-71
1787064451282,302271,Lumbar,stand,0.098088,-0.969168,-0.180072,1.47,-2.24,0.28,-71
1787064451282,302302,Lumbar,stand,0.100528,-0.976488,-0.181048,1.47,-2.1,0.42,-71
1787064451282,302319,Lumbar,stand,0.099552,-0.976,-0.182024,1.68,-2.1,0.56,-71
1787064451282,302336,Lumbar,stand,0.10004,-0.973072,-0.183,1.82,-2.03,0.56,-71
1787064451282,302353,Lumbar,stand,0.0976,-0.975512,-0.182512,1.89,-2.1,0.7,-71
1787064451282,302370,Lumbar,stand,0.098088,-0.975512,-0.182512,2.1,-2.17,0.7,-71
1787064451638,302545,Lumbar,stand,0.10004,-0.97112,-0.181536,1.26,-2.38,0.56,-71
1787064451638,302575,Lumbar,stand,0.101504,-0.974048,-0.178608,1.54,-2.1,0.49,-71
1787064451638,302593,Lumbar,stand,0.096624,-0.973072,-0.176656,1.75,-2.03,0.49,-71
1787064451638,302609,Lumbar,stand,0.095648,-0.971608,-0.17812,1.89,-1.89,0.42,-71
1787064451638,302626,Lumbar,stand,0.096624,-0.972096,-0.18056,1.61,-1.68,0.21,-71
1787064451638,302657,Lumbar,stand,0.099552,-0.974048,-0.177632,1.4,-1.82,0.14,-71
1787064451638,302674,Lumbar,stand,0.101504,-0.972096,-0.179584,1.26,-1.96,0.35,-71
1787064451638,302691,Lumbar,stand,0.0976,-0.976,-0.181536,1.61,-1.96,0.49,-71
1787064451638,302708,Lumbar,stand,0.09516,-0.970144,-0.179584,2.17,-1.82,0.42,-71
1787064451638,302725,Lumbar,stand,0.09516,-0.968192,-0.179584,2.1,-1.75,0.35,-71
1787064452028,302900,Lumbar,stand,0.099064,-0.976,-0.183488,1.75,-1.89,0.42,-70
1787064452028,302932,Lumbar,stand,0.0976,-0.974048,-0.18056,1.96,-2.1,0.42,-70
1787064452028,302949,Lumbar,stand,0.098576,-0.974048,-0.17812,1.68,-2.31,0.56,-70
1787064452028,302967,Lumbar,stand,0.099552,-0.972584,-0.17812,1.75,-2.38,0.49,-70
1787064452028,302984,Lumbar,stand,0.098088,-0.969656,-0.179096,1.68,-2.24,0.42,-70
1787064452028,303001,Lumbar,stand,0.098576,-0.971608,-0.18056,1.47,-2.03,0.35,-70
1787064452028,303032,Lumbar,stand,0.096624,-0.975024,-0.18056,1.68,-2.03,0.28,-70
1787064452028,303049,Lumbar,stand,0.098088,-0.974536,-0.179584,1.82,-2.31,0.35,-70
1787064452028,303066,Lumbar,stand,0.099552,-0.97356,-0.179096,1.75,-2.38,0.35,-70
1787064452028,303083,Lumbar,stand,0.099064,-0.971608,-0.178608,1.68,-2.38,0.35,-70
1787064452364,303259,Lumbar,stand,0.093696,-0.976,-0.181048,1.47,-2.31,-0.14,-70
1787064452364,303290,Lumbar,stand,0.099552,-0.974536,-0.178608,1.96,-2.1,-0.07,-70
1787064452364,303307,Lumbar,stand,0.10004,-0.970632,-0.17812,2.1,-1.82,0,-70
1787064452364,303324,Lumbar,stand,0.098576,-0.97356,-0.178608,1.82,-1.82,-0.07,-70
1787064452364,303340,Lumbar,stand,0.098088,-0.976488,-0.176656,1.82,-1.89,0,-70
1787064452364,303371,Lumbar,stand,0.098576,-0.97356,-0.18056,1.89,-2.66,0.28,-70
1787064452364,303388,Lumbar,stand,0.096624,-0.975024,-0.179096,2.38,-3.22,0.35,-70
1787064452364,303405,Lumbar,stand,0.094672,-0.976488,-0.177144,2.59,-3.29,0.28,-70
1787064452364,303421,Lumbar,stand,0.098576,-0.974536,-0.172264,2.38,-3.15,0.77,-70
1787064452364,303451,Lumbar,stand,0.104432,-0.974048,-0.174216,2.31,-2.73,1.12,-70
1787064452722,303627,Lumbar,stand,0.096136,-0.967704,-0.175192,2.45,-2.73,0.56,-70
1787064452722,303658,Lumbar,stand,0.101504,-0.976,-0.17324,1.61,-2.59,0.49,-70
1787064452722,303675,Lumbar,stand,0.102968,-0.973072,-0.174216,1.89,-2.45,0.56,-70
1787064452722,303692,Lumbar,stand,0.099552,-0.971608,-0.172752,2.03,-2.38,0.56,-70
1787064452722,303709,Lumbar,stand,0.097112,-0.972096,-0.17324,1.75,-2.17,0.35,-70
1787064452722,303740,Lumbar,stand,0.093696,-0.97356,-0.174704,1.82,-2.59,0.35,-70
1787064452722,303757,Lumbar,stand,0.095648,-0.973072,-0.174704,1.68,-3.01,0.14,-70
1787064452722,303774,Lumbar,stand,0.096136,-0.974048,-0.174216,1.68,-2.87,0,-70
1787064452722,303791,Lumbar,stand,0.098576,-0.976488,-0.17324,1.89,-2.8,0.07,-70
1787064452722,303808,Lumbar,stand,0.099064,-0.975024,-0.171776,2.31,-2.59,0.07,-70
1787064453079,303983,Lumbar,stand,0.095648,-0.975024,-0.174216,1.96,-2.24,0.91,-70
1787064453079,304014,Lumbar,stand,0.094184,-0.974048,-0.17324,1.96,-1.89,0.7,-70
1787064453079,304031,Lumbar,stand,0.093696,-0.976488,-0.169336,2.03,-2.31,0.49,-70
1787064453079,304049,Lumbar,stand,0.094184,-0.977952,-0.164944,2.1,-2.94,0.7,-70
1787064453079,304066,Lumbar,stand,0.098088,-0.975512,-0.167872,2.1,-2.8,0.84,-70
1787064453079,304097,Lumbar,stand,0.093208,-0.97112,-0.171776,2.17,-2.45,0.56,-70
1787064453079,304114,Lumbar,stand,0.094672,-0.971608,-0.172264,1.75,-2.31,0.56,-70
1787064453079,304131,Lumbar,stand,0.0976,-0.974536,-0.172264,1.33,-1.96,0.63,-70
1787064453079,304148,Lumbar,stand,0.098088,-0.973072,-0.175192,1.4,-2.1,0.63,-70
1787064453079,304165,Lumbar,stand,0.0976,-0.971608,-0.175192,1.26,-2.38,0.42,-70
1787064453436,304341,Lumbar,stand,0.0976,-0.972584,-0.17324,1.54,-2.31,0.21,-71
1787064453436,304371,Lumbar,stand,0.097112,-0.974048,-0.17324,1.4,-2.1,0.28,-71
1787064453436,304389,Lumbar,stand,0.0976,-0.974536,-0.173728,1.4,-1.89,0.28,-71
1787064453436,304405,Lumbar,stand,0.098088,-0.975512,-0.174704,1.47,-1.75,0.28,-71
1787064453436,304422,Lumbar,stand,0.098088,-0.974536,-0.173728,1.54,-1.68,0.28,-71
1787064453436,304453,Lumbar,stand,0.093696,-0.97356,-0.174704,1.54,-1.96,0.21,-71
1787064453436,304470,Lumbar,stand,0.093696,-0.972096,-0.174704,1.33,-2.03,0.21,-71
1787064453436,304487,Lumbar,stand,0.095648,-0.973072,-0.176168,0.98,-2.1,0.28,-71
1787064453436,304504,Lumbar,stand,0.096624,-0.974536,-0.175192,0.91,-2.17,0.35,-71
1787064453436,304521,Lumbar,stand,0.096624,-0.97356,-0.173728,1.05,-2.24,0.35,-71
1787064453792,304696,Lumbar,stand,0.097112,-0.976976,-0.174704,1.26,-1.68,0.56,-71
1787064453792,304727,Lumbar,stand,0.100528,-0.982344,-0.179096,0.91,-1.26,0.84,-71
1787064453792,304744,Lumbar,stand,0.103456,-0.98332,-0.181536,1.54,-1.89,1.4,-71
1787064453792,304761,Lumbar,stand,0.10492,-0.972096,-0.179096,1.89,-2.59,1.75,-71
1787064453792,304778,Lumbar,stand,0.099064,-0.968192,-0.177632,1.68,-1.89,1.61,-71
1787064453792,304809,Lumbar,stand,0.090768,-0.97356,-0.179584,1.82,0,1.12,-71
1787064453792,304826,Lumbar,stand,0.090768,-0.968192,-0.179584,2.17,0.14,0.63,-71
1787064453792,304843,Lumbar,stand,0.09272,-0.967216,-0.17812,1.89,-0.21,0.21,-71
1787064453792,304860,Lumbar,stand,0.097112,-0.96868,-0.177632,1.68,-0.49,0.07,-71
1787064453792,304877,Lumbar,stand,0.094184,-0.974048,-0.177632,1.12,-1.61,0.07,-71
1787064454128,305053,Lumbar,stand,0.099064,-0.974536,-0.17324,2.24,-1.33,0.07,-71
1787064454128,305085,Lumbar,stand,0.101992,-0.97356,-0.174216,2.24,-0.28,0.14,-71
1787064454128,305102,Lumbar,stand,0.100528,-0.975512,-0.172752,2.45,-0.42,0.21,-71
1787064454128,305120,Lumbar,stand,0.101504,-0.974048,-0.177144,2.52,-0.35,0.35,-71
1787064454128,305137,Lumbar,stand,0.100528,-0.97356,-0.179584,2.31,-0.56,0.56,-71
1787064454128,305154,Lumbar,stand,0.096136,-0.973072,-0.179584,2.03,-0.98,0.84,-71
1787064454128,305185,Lumbar,stand,0.09516,-0.972096,-0.179584,1.82,-1.68,0.77,-71
1787064454128,305202,Lumbar,stand,0.094184,-0.97356,-0.17812,2.03,-1.68,0.63,-71
1787064454128,305218,Lumbar,stand,0.093208,-0.974048,-0.175192,2.03,-1.68,0.7,-71
1787064454128,305235,Lumbar,stand,0.093696,-0.975512,-0.172752,1.96,-1.68,0.91,-71
1787064454565,305442,Lumbar,stand,0.096624,-0.974536,-0.177632,1.26,-3.22,0,-69
1787064454565,305473,Lumbar,stand,0.096624,-0.973072,-0.180072,1.12,-3.01,0,-69
1787064454565,305490,Lumbar,stand,0.093208,-0.974536,-0.181536,1.54,-2.8,-0.07,-69
1787064454565,305507,Lumbar,stand,0.094184,-0.970144,-0.17812,1.68,-2.73,-0.21,-69
1787064454565,305524,Lumbar,stand,0.094184,-0.973072,-0.175192,1.54,-2.8,-0.28,-69
1787064454565,305555,Lumbar,stand,0.091256,-0.974048,-0.175192,1.61,-2.73,-0.49,-69
1787064454565,305572,Lumbar,stand,0.090768,-0.97356,-0.177632,1.54,-2.87,-0.7,-69
1787064454565,305589,Lumbar,stand,0.091744,-0.973072,-0.177632,1.47,-3.22,-0.7,-69
1787064454565,305606,Lumbar,stand,0.096624,-0.973072,-0.174704,1.33,-3.22,-0.63,-69
1787064454565,305623,Lumbar,stand,0.097112,-0.975024,-0.172264,1.26,-3.15,-0.56,-69
1787064454897,305799,Lumbar,stand,0.100528,-0.976,-0.179096,1.12,-1.89,0.28,-69
1787064454897,305830,Lumbar,stand,0.10004,-0.974536,-0.17812,1.68,-1.61,0.35,-69
1787064454897,305847,Lumbar,stand,0.099064,-0.970144,-0.177144,1.68,-1.68,0.28,-69
1787064454897,305864,Lumbar,stand,0.098576,-0.97112,-0.177144,1.33,-1.82,0.21,-69
1787064454897,305881,Lumbar,stand,0.097112,-0.975024,-0.175192,1.26,-1.96,0.42,-69
1787064454897,305912,Lumbar,stand,0.098576,-0.976,-0.174216,1.61,-1.75,0.63,-69
1787064454897,305929,Lumbar,stand,0.098088,-0.974536,-0.174704,1.75,-1.4,0.7,-69
1787064454897,305946,Lumbar,stand,0.10004,-0.974536,-0.177144,1.75,-1.33,0.7,-69
1787064454897,305963,Lumbar,stand,0.098576,-0.972096,-0.177632,1.75,-1.47,0.63,-69
1787064454897,305980,Lumbar,stand,0.099064,-0.969168,-0.182024,1.4,-1.82,0.77,-69
1787064455255,306156,Lumbar,stand,0.099552,-0.975512,-0.182512,1.19,-2.03,0.7,-69
1787064455255,306187,Lumbar,stand,0.089792,-0.971608,-0.181536,2.1,-2.24,0.49,-69
1787064455255,306205,Lumbar,stand,0.090768,-0.968192,-0.179584,1.82,-2.45,0.21,-69
1787064455255,306222,Lumbar,stand,0.095648,-0.969656,-0.178608,1.54,-2.38,0.14,-69
1787064455255,306239,Lumbar,stand,0.10004,-0.972584,-0.18056,1.4,-2.17,0.14,-69
1787064455255,306256,Lumbar,stand,0.101016,-0.975024,-0.181536,1.33,-1.96,0.35,-69
1787064455255,306287,Lumbar,stand,0.098088,-0.974048,-0.17812,1.89,-2.1,0.42,-69
1787064455255,306304,Lumbar,stand,0.096136,-0.974048,-0.178608,2.1,-2.17,0.49,-69
1787064455255,306321,Lumbar,stand,0.097112,-0.97112,-0.179584,2.03,-2.1,0.49,-69
1787064455255,306338,Lumbar,stand,0.10248,-0.969168,-0.179096,1.61,-1.89,0.49,-69
1787064455613,306513,Lumbar,stand,0.098088,-0.97112,-0.179584,1.54,-1.19,0.07,-72
1787064455613,306544,Lumbar,stand,0.099064,-0.972584,-0.179096,1.47,-1.05,-0.07,-72
1787064455613,306561,Lumbar,stand,0.10004,-0.976,-0.178608,1.61,-0.98,0.07,-72
1787064455613,306579,Lumbar,stand,0.099064,-0.974536,-0.17812,1.96,-0.98,0.07,-72
1787064455613,306596,Lumbar,stand,0.10004,-0.973072,-0.176656,2.03,-0.91,0.14,-72
1787064455613,306627,Lumbar,stand,0.0976,-0.975512,-0.178608,1.89,-0.91,0.28,-72
1787064455613,306644,Lumbar,stand,0.097112,-0.974536,-0.182024,1.96,-1.19,0.35,-72
1787064455613,306661,Lumbar,stand,0.099552,-0.970632,-0.182512,1.75,-1.61,0.28,-72
1787064455613,306678,Lumbar,stand,0.100528,-0.972584,-0.179096,1.61,-1.89,0.14,-72
1787064455613,306695,Lumbar,stand,0.100528,-0.975512,-0.176168,1.75,-1.89,0.21,-72
1787064455981,306871,Lumbar,stand,0.101016,-0.97112,-0.177632,1.61,-2.24,0.35,-72
1787064455981,306903,Lumbar,stand,0.101992,-0.974536,-0.176656,1.75,-2.24,0.28,-72
1787064455981,306920,Lumbar,stand,0.10004,-0.975024,-0.17812,1.75,-2.24,0.35,-72
1787064455981,306937,Lumbar,stand,0.099552,-0.976488,-0.17812,2.03,-2.31,0.21,-72
1787064455981,306954,Lumbar,stand,0.099064,-0.970632,-0.174216,2.31,-2.59,0.21,-72
1787064455981,306985,Lumbar,stand,0.10248,-0.977464,-0.17324,1.89,-2.03,-0.07,-72
1787064455981,307002,Lumbar,stand,0.108336,-0.976976,-0.173728,1.82,-0.77,-0.07,-72
1787064455981,307018,Lumbar,stand,0.110776,-0.968192,-0.173728,1.75,0,0.28,-72
1787064455981,307035,Lumbar,stand,0.1098,-0.96624,-0.178608,1.68,-0.49,0.56,-72
1787064455981,307052,Lumbar,stand,0.101992,-0.970632,-0.181536,1.54,-1.05,0.56,-72
1787064456328,307228,Lumbar,stand,0.106872,-0.972096,-0.17568,1.89,-3.71,-0.07,-72
1787064456328,307259,Lumbar,stand,0.106872,-0.974536,-0.175192,1.47,-3.08,0.14,-72
1787064456328,307276,Lumbar,stand,0.103456,-0.975024,-0.177144,1.82,-2.73,0.35,-72
1787064456328,307293,Lumbar,stand,0.104432,-0.970144,-0.180072,1.61,-2.45,0.42,-72
1787064456328,307310,Lumbar,stand,0.104432,-0.970144,-0.181048,1.19,-2.38,0.42,-72
1787064456328,307341,Lumbar,stand,0.101504,-0.97356,-0.17812,1.12,-2.52,0.35,-72
1787064456328,307358,Lumbar,stand,0.103456,-0.974048,-0.177144,1.33,-2.45,0.49,-72
1787064456328,307375,Lumbar,stand,0.10248,-0.973072,-0.176168,1.47,-1.96,0.42,-72
1787064456328,307392,Lumbar,stand,0.10004,-0.975024,-0.177632,1.47,-1.75,0.49,-72
1787064456328,307409,Lumbar,stand,0.0976,-0.97356,-0.177144,1.68,-1.4,0.35,-72
1787064456682,307585,Lumbar,stand,0.10248,-0.977464,-0.176656,1.33,-1.12,0.7,-74
1787064456682,307617,Lumbar,stand,0.096624,-0.976,-0.177632,1.82,-1.47,0.56,-74
1787064456682,307634,Lumbar,stand,0.0976,-0.97844,-0.178608,1.68,-1.68,0.77,-74
1787064456682,307651,Lumbar,stand,0.10004,-0.976488,-0.178608,2.1,-2.03,1.05,-74
1787064456682,307668,Lumbar,stand,0.101992,-0.973072,-0.179584,2.03,-2.66,1.33,-74
1787064456682,307698,Lumbar,stand,0.101016,-0.971608,-0.181536,1.82,-2.73,0.91,-74
1787064456682,307715,Lumbar,stand,0.100528,-0.973072,-0.179584,2.03,-2.59,0.63,-74
1787064456682,307732,Lumbar,stand,0.099552,-0.973072,-0.176168,1.96,-2.52,0.7,-74
1787064456682,307749,Lumbar,stand,0.100528,-0.972584,-0.172752,1.89,-2.38,0.7,-74
1787064456682,307766,Lumbar,stand,0.100528,-0.97356,-0.17324,1.82,-2.45,0.7,-74
1787064457040,307941,Lumbar,stand,0.10004,-0.974048,-0.17568,1.61,-2.38,0.14,-74
1787064457040,307971,Lumbar,stand,0.101504,-0.974048,-0.176656,1.33,-2.24,0.35,-74
1787064457040,307989,Lumbar,stand,0.101504,-0.974048,-0.179096,1.33,-2.45,0.42,-74
1787064457040,308005,Lumbar,stand,0.101504,-0.97112,-0.179584,1.33,-2.66,0.35,-74
1787064457040,308022,Lumbar,stand,0.101992,-0.974048,-0.176656,1.12,-2.8,0.21,-74
1787064457040,308053,Lumbar,stand,0.104432,-0.976,-0.175192,1.61,-2.1,0.42,-74
1787064457040,308070,Lumbar,stand,0.101504,-0.975512,-0.174704,2.03,-1.61,0.42,-74
1787064457040,308087,Lumbar,stand,0.097112,-0.976,-0.177632,2.03,-1.47,0.42,-74
1787064457040,308104,Lumbar,stand,0.096136,-0.975512,-0.176656,2.03,-1.68,0.42,-74
1787064457040,308121,Lumbar,stand,0.098576,-0.974536,-0.17568,2.03,-2.03,0.7,-74
1787064457397,308296,Lumbar,stand,0.099064,-0.973072,-0.174216,1.82,-1.47,0.49,-74
1787064457397,308327,Lumbar,stand,0.099064,-0.971608,-0.17324,1.75,-1.89,0.49,-74
1787064457397,308344,Lumbar,stand,0.101016,-0.970632,-0.175192,1.19,-1.54,0.49,-74
1787064457397,308361,Lumbar,stand,0.101016,-0.974048,-0.177632,0.98,-1.33,0.49,-74
1787064457397,308378,Lumbar,stand,0.10004,-0.969656,-0.179584,1.33,-1.54,0.42,-74
1787064457397,308409,Lumbar,stand,0.098576,-0.975512,-0.176656,0.91,-1.96,0.35,-74
1787064457397,308426,Lumbar,stand,0.102968,-0.976488,-0.177144,1.12,-1.89,0.42,-74
1787064457397,308443,Lumbar,stand,0.103944,-0.972584,-0.177632,1.4,-1.75,0.35,-74
1787064457397,308460,Lumbar,stand,0.10248,-0.97112,-0.176168,1.4,-1.61,0.35,-74
1787064457397,308477,Lumbar,stand,0.099064,-0.974048,-0.179096,1.26,-1.33,0.28,-74
1787064457763,308653,Lumbar,stand,0.101504,-0.972584,-0.180072,1.54,-1.61,0.21,-74
1787064457763,308684,Lumbar,stand,0.099552,-0.970632,-0.180072,1.26,-2.24,0.21,-74
1787064457763,308701,Lumbar,stand,0.100528,-0.976976,-0.17812,1.33,-2.45,0.21,-74
1787064457763,308719,Lumbar,stand,0.101504,-0.974048,-0.177632,1.82,-2.38,0.21,-74
1787064457763,308736,Lumbar,stand,0.10248,-0.971608,-0.177632,1.96,-2.03,0.07,-74
1787064457763,308767,Lumbar,stand,0.10004,-0.973072,-0.179584,1.47,-1.68,-0.07,-74
1787064457763,308784,Lumbar,stand,0.101504,-0.974048,-0.177632,1.33,-1.89,0,-74
1787064457763,308801,Lumbar,stand,0.102968,-0.974048,-0.176168,1.47,-2.1,0.07,-74
1787064457763,308818,Lumbar,stand,0.103456,-0.975512,-0.176168,1.26,-2.31,0.28,-74
1787064457763,308835,Lumbar,stand,0.099064,-0.974048,-0.177632,1.68,-2.17,0.35,-74
1787064458111,309010,Lumbar,stand,0.105896,-0.967216,-0.179096,1.4,-1.89,0.21,-72
1787064458111,309041,Lumbar,stand,0.102968,-0.974536,-0.18056,1.75,-1.96,0.28,-72
1787064458111,309058,Lumbar,stand,0.101992,-0.970144,-0.180072,1.68,-2.03,0.28,-72
1787064458111,309075,Lumbar,stand,0.101504,-0.972584,-0.179584,1.47,-2.17,0.35,-72
1787064458111,309092,Lumbar,stand,0.101992,-0.975512,-0.17812,1.47,-2.45,0.28,-72
1787064458111,309123,Lumbar,stand,0.103944,-0.970144,-0.176168,1.47,-2.03,0.28,-72
1787064458111,309140,Lumbar,stand,0.103456,-0.972584,-0.179096,1.4,-1.96,0.21,-72
1787064458111,309157,Lumbar,stand,0.103944,-0.974048,-0.179096,1.61,-1.89,0.35,-72
1787064458111,309174,Lumbar,stand,0.10248,-0.97356,-0.179584,1.68,-1.75,0.35,-72
1787064458111,309191,Lumbar,stand,0.10248,-0.973072,-0.179584,1.82,-1.68,0.35,-72
1787064458471,309367,Lumbar,stand,0.101992,-0.972096,-0.176168,1.12,-2.31,0,-72
1787064458471,309398,Lumbar,stand,0.10248,-0.975512,-0.179584,1.89,-1.75,0.28,-72
1787064458471,309415,Lumbar,stand,0.10004,-0.974536,-0.180072,2.03,-1.68,0.28,-72
1787064458471,309432,Lumbar,stand,0.098576,-0.970632,-0.179584,1.96,-1.82,0.14,-72
1787064458471,309449,Lumbar,stand,0.100528,-0.97112,-0.178608,1.4,-1.96,-0.07,-72
1787064458471,309480,Lumbar,stand,0.105408,-0.97112,-0.176656,1.12,-2.24,0.14,-72
1787064458471,309497,Lumbar,stand,0.101992,-0.972584,-0.17812,1.26,-2.45,0.21,-72
1787064458471,309514,Lumbar,stand,0.10004,-0.97356,-0.179096,1.68,-2.52,0.21,-72
1787064458471,309531,Lumbar,stand,0.101016,-0.970632,-0.177632,1.33,-2.38,0.14,-72
1787064458471,309548,Lumbar,stand,0.100528,-0.973072,-0.176656,1.12,-2.31,0.21,-72
1787064458832,309724,Lumbar,stand,0.105896,-0.972096,-0.179096,1.26,-1.96,-0.42,-72
1787064458832,309755,Lumbar,stand,0.103456,-0.970632,-0.17812,0.98,-2.31,-0.35,-72
1787064458832,309773,Lumbar,stand,0.103944,-0.97356,-0.176656,0.91,-2.45,-0.42,-72
1787064458832,309789,Lumbar,stand,0.104432,-0.974536,-0.177144,1.05,-2.24,-0.28,-72
1787064458832,309806,Lumbar,stand,0.105408,-0.974536,-0.178608,1.26,-2.1,-0.14,-72
1787064458832,309837,Lumbar,stand,0.103944,-0.97356,-0.181048,1.4,-2.31,0.07,-72
1787064458832,309854,Lumbar,stand,0.102968,-0.973072,-0.180072,1.47,-2.59,0.14,-72
1787064458832,309871,Lumbar,stand,0.10492,-0.97356,-0.180072,1.61,-2.73,0.28,-72
1787064458832,309888,Lumbar,stand,0.10492,-0.97356,-0.17812,1.61,-2.8,0.28,-72
1787064458832,309905,Lumbar,stand,0.105896,-0.972584,-0.175192,1.68,-2.66,0.35,-72
1787064459181,310082,Lumbar,stand,0.103456,-0.974536,-0.17324,2.45,-2.8,1.26,-70
1787064459181,310113,Lumbar,stand,0.099064,-0.971608,-0.176656,2.87,-2.24,1.12,-70
1787064459181,310130,Lumbar,stand,0.099064,-0.970144,-0.179096,2.38,-2.1,0.91,-70
1787064459181,310147,Lumbar,stand,0.101992,-0.969656,-0.176168,1.89,-2.45,0.84,-70
1787064459181,310164,Lumbar,stand,0.105408,-0.967704,-0.17812,1.33,-2.66,1.05,-70
1787064459181,310194,Lumbar,stand,0.10004,-0.976,-0.175192,1.47,-2.66,1.12,-70
1787064459181,310211,Lumbar,stand,0.098088,-0.975024,-0.173728,2.17,-2.03,1.05,-70
1787064459181,310228,Lumbar,stand,0.096624,-0.97112,-0.17568,2.24,-1.82,0.91,-70
1787064459181,310245,Lumbar,stand,0.100528,-0.96868,-0.17812,1.75,-1.96,0.91,-70
1787064459181,310262,Lumbar,stand,0.103944,-0.96868,-0.177632,1.33,-2.24,0.84,-70
1787064459540,310437,Lumbar,stand,0.105408,-0.975024,-0.18056,1.4,-1.96,0.21,-70
1787064459540,310468,Lumbar,stand,0.101992,-0.97112,-0.17568,1.61,-1.96,0.14,-70
1787064459540,310485,Lumbar,stand,0.102968,-0.969656,-0.178608,1.26,-1.89,0.14,-70
1787064459540,310503,Lumbar,stand,0.105408,-0.970632,-0.179584,1.12,-1.89,0.14,-70
1787064459540,310520,Lumbar,stand,0.105408,-0.971608,-0.179096,1.12,-1.75,0.07,-70
1787064459540,310551,Lumbar,stand,0.102968,-0.972584,-0.180072,1.47,-1.33,0,-70
1787064459540,310568,Lumbar,stand,0.103456,-0.971608,-0.180072,1.47,-1.33,0,-70
1787064459540,310585,Lumbar,stand,0.101504,-0.970632,-0.182024,1.4,-1.4,0,-70
1787064459540,310602,Lumbar,stand,0.103944,-0.969168,-0.182024,1.05,-1.68,-0.21,-70
1787064459540,310618,Lumbar,stand,0.105408,-0.972096,-0.180072,0.98,-1.54,-0.28,-70
1787064459899,310794,Lumbar,stand,0.101992,-0.975512,-0.179584,1.61,-2.52,0.63,-70
1787064459899,310825,Lumbar,stand,0.100528,-0.972584,-0.178608,1.19,-2.31,0.35,-70
1787064459899,310842,Lumbar,stand,0.101504,-0.973072,-0.177144,1.12,-2.24,0.28,-70
1787064459899,310859,Lumbar,stand,0.102968,-0.969656,-0.17568,1.47,-2.1,0.28,-70
1787064459899,310876,Lumbar,stand,0.103944,-0.970144,-0.179584,1.12,-2.17,0.21,-70
1787064459899,310907,Lumbar,stand,0.099552,-0.972584,-0.181536,1.19,-2.45,0.14,-70
1787064459899,310924,Lumbar,stand,0.101016,-0.96868,-0.181048,1.26,-2.73,0.07,-70
1787064459899,310941,Lumbar,stand,0.105896,-0.969656,-0.181048,0.91,-2.8,0.28,-70
1787064459899,310958,Lumbar,stand,0.1098,-0.97356,-0.181048,0.84,-2.45,0.42,-70
1787064459899,310975,Lumbar,stand,0.1098,-0.973072,-0.182024,1.12,-2.17,0.42,-70
1787064460257,311152,Lumbar,stand,0.107848,-0.972096,-0.183,1.54,-2.24,-0.21,-70
1787064460257,311183,Lumbar,stand,0.110288,-0.970144,-0.182024,1.96,-1.75,0,-70
1787064460257,311200,Lumbar,stand,0.108824,-0.969656,-0.183488,1.89,-1.75,-0.07,-70
1787064460257,311217,Lumbar,stand,0.106384,-0.97112,-0.183,1.75,-1.82,-0.21,-70
1787064460257,311235,Lumbar,stand,0.105408,-0.971608,-0.182512,1.75,-1.89,-0.14,-70
1787064460257,311266,Lumbar,stand,0.106384,-0.97356,-0.182512,1.54,-1.68,-0.21,-70
1787064460257,311283,Lumbar,stand,0.108336,-0.974536,-0.180072,1.89,-1.47,-0.35,-70
1787064460257,311300,Lumbar,stand,0.106872,-0.973072,-0.181048,2.03,-0.98,-0.35,-70
1787064460257,311317,Lumbar,stand,0.107848,-0.970632,-0.182512,2.24,-1.54,-0.28,-70
1787064460257,311334,Lumbar,stand,0.110776,-0.969656,-0.182024,2.24,-1.96,0,-70
1787064460614,311510,Lumbar,stand,0.107848,-0.970144,-0.183488,1.89,-3.22,0.14,-70
1787064460614,311541,Lumbar,stand,0.108824,-0.96868,-0.184952,1.4,-2.66,0.28,-70
1787064460614,311559,Lumbar,stand,0.111264,-0.972584,-0.183,1.33,-2.73,0.35,-70
1787064460614,311576,Lumbar,stand,0.11224,-0.971608,-0.183488,1.4,-2.87,0.56,-70
1787064460614,311593,Lumbar,stand,0.105896,-0.973072,-0.183488,1.4,-3.01,0.56,-70
1787064460614,311610,Lumbar,stand,0.101992,-0.971608,-0.184952,1.75,-2.8,0.56,-70
1787064460614,311641,Lumbar,stand,0.107848,-0.967704,-0.18544,1.68,-2.8,0.56,-70
1787064460614,311658,Lumbar,stand,0.109312,-0.972096,-0.185928,1.68,-2.8,0.56,-70
1787064460614,311675,Lumbar,stand,0.1098,-0.972584,-0.184464,1.82,-2.73,0.56,-70
1787064460614,311692,Lumbar,stand,0.107848,-0.971608,-0.184952,1.89,-2.73,0.56,-70
1787064460976,311868,Lumbar,stand,0.106872,-0.974536,-0.181536,1.61,-2.1,0.7,-70
1787064460976,311899,Lumbar,stand,0.106872,-0.975024,-0.183976,2.17,-2.1,0.91,-70
1787064460976,311916,Lumbar,stand,0.104432,-0.975024,-0.18544,2.52,-2.31,1.05,-70
1787064460976,311933,Lumbar,stand,0.103456,-0.972096,-0.186904,2.66,-2.73,1.19,-70
1787064460976,311950,Lumbar,stand,0.103944,-0.969656,-0.183488,2.66,-2.94,1.33,-70
1787064460976,311981,Lumbar,stand,0.10736,-0.968192,-0.181536,2.1,-2.52,1.12,-70
1787064460976,311998,Lumbar,stand,0.106872,-0.970144,-0.183488,2.17,-2.17,1.05,-70
1787064460976,312015,Lumbar,stand,0.10736,-0.969656,-0.184464,2.31,-2.03,0.98,-70
1787064460976,312032,Lumbar,stand,0.103456,-0.970632,-0.182512,2.24,-2.03,0.98,-70
1787064460976,312049,Lumbar,stand,0.103944,-0.973072,-0.181536,2.24,-2.31,0.91,-70
1787064461333,312227,Lumbar,stand,0.103456,-0.97112,-0.176168,2.24,-1.75,0.21,-72
1787064461333,312259,Lumbar,stand,0.106872,-0.97356,-0.172752,1.33,-1.96,0.28,-72
1787064461333,312276,Lumbar,stand,0.10736,-0.973072,-0.176656,1.4,-2.03,0.49,-72
1787064461333,312294,Lumbar,stand,0.103456,-0.974048,-0.177632,1.75,-1.82,0.63,-72
1787064461333,312311,Lumbar,stand,0.101016,-0.97356,-0.176168,2.31,-1.61,0.49,-72
1787064461333,312328,Lumbar,stand,0.101016,-0.970632,-0.174216,2.31,-1.54,0.42,-72
1787064461333,312359,Lumbar,stand,0.10736,-0.970632,-0.17568,1.54,-1.61,0.21,-72
1787064461333,312376,Lumbar,stand,0.106384,-0.972584,-0.17568,1.4,-1.54,0.14,-72
1787064461333,312393,Lumbar,stand,0.104432,-0.972584,-0.177632,1.33,-1.61,0.21,-72
1787064461333,312409,Lumbar,stand,0.10492,-0.975024,-0.177144,1.47,-1.75,0.21,-72
1787064461696,312585,Lumbar,stand,0.10736,-0.972584,-0.176656,1.75,-1.82,0.63,-72
1787064461696,312616,Lumbar,stand,0.106872,-0.972584,-0.179584,1.75,-1.68,0.7,-72
1787064461696,312633,Lumbar,stand,0.105408,-0.972096,-0.17812,1.82,-1.89,0.56,-72
1787064461696,312651,Lumbar,stand,0.10492,-0.974536,-0.17568,1.82,-1.82,0.56,-72
1787064461696,312668,Lumbar,stand,0.104432,-0.975024,-0.175192,1.75,-1.75,0.56,-72
1787064461696,312685,Lumbar,stand,0.104432,-0.974536,-0.176168,1.82,-1.75,0.49,-72
1787064461696,312716,Lumbar,stand,0.104432,-0.974048,-0.174704,1.68,-1.82,0.56,-72
1787064461696,312733,Lumbar,stand,0.103456,-0.974536,-0.17568,1.54,-1.82,0.63,-72
1787064461696,312750,Lumbar,stand,0.101992,-0.971608,-0.17568,1.47,-1.82,0.56,-72
1787064461696,312767,Lumbar,stand,0.103944,-0.971608,-0.177632,1.54,-1.82,0.56,-72
1787064462048,312943,Lumbar,stand,0.106872,-0.972584,-0.17324,1.54,-1.89,0.42,-72
1787064462048,312974,Lumbar,stand,0.10492,-0.974048,-0.17812,1.33,-2.17,0.63,-72
1787064462048,312991,Lumbar,stand,0.100528,-0.976,-0.178608,1.89,-2.17,0.7,-72
1787064462048,313008,Lumbar,stand,0.101016,-0.972584,-0.17812,1.96,-2.24,0.49,-72
1787064462048,313025,Lumbar,stand,0.10492,-0.969656,-0.176656,1.75,-2.24,0.42,-72
1787064462048,313056,Lumbar,stand,0.106872,-0.975024,-0.17812,1.82,-1.96,0.35,-72
1787064462048,313073,Lumbar,stand,0.105408,-0.974536,-0.180072,1.82,-2.38,0.35,-72
1787064462048,313090,Lumbar,stand,0.10492,-0.974536,-0.176656,1.82,-2.45,0.35,-72
1787064462048,313107,Lumbar,stand,0.105896,-0.972096,-0.173728,2.03,-2.38,0.35,-72
1787064462048,313124,Lumbar,stand,0.10736,-0.972096,-0.176168,1.96,-2.24,0.42,-72
1787064462405,313300,Lumbar,stand,0.10492,-0.970632,-0.17812,1.61,-2.03,0,-72
1787064462405,313331,Lumbar,stand,0.106384,-0.972096,-0.177632,1.54,-2.03,-0.07,-72
1787064462405,313348,Lumbar,stand,0.10492,-0.970144,-0.177144,1.47,-1.82,-0.14,-72
1787064462405,313364,Lumbar,stand,0.10492,-0.970144,-0.176168,1.26,-1.96,-0.28,-72
1787064462405,313381,Lumbar,stand,0.103456,-0.97356,-0.174704,1.05,-2.17,-0.42,-72
1787064462405,313412,Lumbar,stand,0.104432,-0.975024,-0.177144,1.05,-2.03,0.21,-72
1787064462405,313429,Lumbar,stand,0.102968,-0.973072,-0.177144,1.12,-1.96,0.21,-72
1787064462405,313446,Lumbar,stand,0.10248,-0.972584,-0.176656,1.26,-1.96,0.28,-72
1787064462405,313463,Lumbar,stand,0.10492,-0.974536,-0.17568,1.33,-2.03,0.35,-72
1787064462405,313480,Lumbar,stand,0.10492,-0.974536,-0.176168,1.4,-2.17,0.63,-72
1787064462764,313656,Lumbar,stand,0.114192,-0.970144,-0.180072,2.31,-2.1,0.98,-70
1787064462764,313688,Lumbar,stand,0.104432,-0.97112,-0.178608,2.31,-1.75,0.35,-70
1787064462764,313705,Lumbar,stand,0.10492,-0.969168,-0.177144,1.89,-1.61,0.21,-70
1787064462764,313722,Lumbar,stand,0.10248,-0.971608,-0.175192,1.26,-1.75,0.14,-70
1787064462764,313739,Lumbar,stand,0.103944,-0.97112,-0.177632,1.05,-1.96,0,-70
1787064462764,313770,Lumbar,stand,0.103456,-0.974048,-0.179584,0.56,-2.31,-0.07,-70
1787064462764,313787,Lumbar,stand,0.103456,-0.97356,-0.178608,0.91,-2.1,0,-70
1787064462764,313804,Lumbar,stand,0.10248,-0.972584,-0.17568,1.12,-1.96,0.07,-70
1787064462764,313821,Lumbar,stand,0.101992,-0.97356,-0.176168,1.4,-1.96,0.28,-70
1787064462764,313838,Lumbar,stand,0.103456,-0.972584,-0.176168,1.47,-2.03,0.35,-70
1787064463120,314013,Lumbar,stand,0.105408,-0.971608,-0.179584,1.96,-2.45,0.49,-70
1787064463120,314045,Lumbar,stand,0.106872,-0.970144,-0.181048,1.82,-2.45,0.42,-70
1787064463120,314062,Lumbar,stand,0.104432,-0.97112,-0.18056,1.75,-2.38,0.35,-70
1787064463120,314079,Lumbar,stand,0.105408,-0.97356,-0.179584,1.68,-2.31,0.21,-70
1787064463120,314096,Lumbar,stand,0.106384,-0.972584,-0.178608,1.82,-2.24,0.28,-70
1787064463120,314127,Lumbar,stand,0.106384,-0.970632,-0.177144,1.54,-2.1,0.14,-70
1787064463120,314144,Lumbar,stand,0.106872,-0.970144,-0.179096,1.47,-1.89,0.14,-70
1787064463120,314161,Lumbar,stand,0.106384,-0.97112,-0.180072,1.4,-1.68,0.14,-70
1787064463120,314178,Lumbar,stand,0.105408,-0.972096,-0.179584,1.33,-1.61,0.14,-70
1787064463120,314195,Lumbar,stand,0.10492,-0.970144,-0.181536,1.33,-1.75,0.07,-70
1787064463491,314371,Lumbar,stand,0.101992,-0.972584,-0.178608,2.24,-2.17,0.63,-70
1787064463491,314402,Lumbar,stand,0.105408,-0.970632,-0.17568,1.96,-1.96,0.63,-70
1787064463491,314420,Lumbar,stand,0.105896,-0.972096,-0.174704,1.61,-1.68,0.63,-70
1787064463491,314436,Lumbar,stand,0.105408,-0.971608,-0.178608,1.61,-1.61,0.56,-70
1787064463491,314453,Lumbar,stand,0.10492,-0.972096,-0.178608,1.61,-1.75,0.56,-70
1787064463491,314484,Lumbar,stand,0.103456,-0.972096,-0.176168,2.1,-1.96,0.28,-70
1787064463491,314501,Lumbar,stand,0.102968,-0.973072,-0.174704,1.89,-2.17,0.42,-70
1787064463491,314518,Lumbar,stand,0.104432,-0.970144,-0.173728,1.82,-2.31,0.28,-70
1787064463491,314535,Lumbar,stand,0.106384,-0.96868,-0.173728,1.54,-2.38,0.21,-70
1787064463491,314552,Lumbar,stand,0.105896,-0.971608,-0.17812,1.05,-2.52,0.21,-70
1787064463837,314728,Lumbar,stand,0.10492,-0.971608,-0.177632,1.54,-2.87,0.56,-73
1787064463837,314759,Lumbar,stand,0.104432,-0.973072,-0.177144,1.4,-2.73,0.56,-73
1787064463837,314777,Lumbar,stand,0.104432,-0.97356,-0.179096,1.75,-2.66,0.56,-73
1787064463837,314794,Lumbar,stand,0.103944,-0.973072,-0.178608,1.82,-2.94,0.49,-73
1787064463837,314811,Lumbar,stand,0.10492,-0.972584,-0.177632,1.75,-2.94,0.56,-73
1787064463837,314842,Lumbar,stand,0.104432,-0.972096,-0.177632,1.61,-2.52,0.49,-73
1787064463837,314858,Lumbar,stand,0.104432,-0.972096,-0.177144,1.61,-2.31,0.49,-73
1787064463837,314875,Lumbar,stand,0.102968,-0.972096,-0.17812,1.47,-2.17,0.49,-73
1787064463837,314892,Lumbar,stand,0.104432,-0.970144,-0.181048,1.33,-2.45,0.35,-73
1787064463837,314909,Lumbar,stand,0.105408,-0.971608,-0.180072,1.05,-2.59,0.35,-73
1787064464193,315086,Lumbar,stand,0.10248,-0.973072,-0.177144,1.89,-1.68,0.98,-73
1787064464193,315118,Lumbar,stand,0.10492,-0.977952,-0.180072,1.89,-1.75,1.19,-73
1787064464193,315135,Lumbar,stand,0.104432,-0.975512,-0.183,2.17,-1.96,1.19,-73
1787064464193,315152,Lumbar,stand,0.101504,-0.974048,-0.181536,2.24,-2.17,0.98,-73
1787064464193,315169,Lumbar,stand,0.102968,-0.971608,-0.17812,2.17,-2.31,0.98,-73
1787064464193,315200,Lumbar,stand,0.10248,-0.976,-0.176656,2.31,-2.59,1.12,-73
1787064464193,315217,Lumbar,stand,0.102968,-0.973072,-0.177144,2.52,-2.52,1.12,-73
1787064464193,315234,Lumbar,stand,0.103944,-0.969168,-0.17812,2.31,-2.31,1.05,-73
1787064464193,315251,Lumbar,stand,0.104432,-0.97112,-0.18056,2.03,-2.45,0.98,-73
1787064464193,315268,Lumbar,stand,0.101504,-0.971608,-0.181536,2.1,-2.73,0.84,-73
1787064464553,315443,Lumbar,stand,0.10248,-0.974536,-0.174704,1.75,-2.31,0.42,-73
1787064464553,315474,Lumbar,stand,0.101016,-0.975024,-0.17568,2.1,-2.24,0.56,-73
1787064464553,315491,Lumbar,stand,0.101992,-0.972584,-0.176168,2.17,-2.24,0.56,-73
1787064464553,315508,Lumbar,stand,0.101992,-0.971608,-0.177632,2.03,-2.24,0.49,-73
1787064464553,315525,Lumbar,stand,0.10248,-0.970632,-0.177632,1.96,-2.17,0.49,-73
1787064464553,315556,Lumbar,stand,0.101992,-0.969656,-0.176168,1.61,-2.1,0.35,-73
1787064464553,315573,Lumbar,stand,0.101016,-0.972096,-0.17568,1.4,-2.1,0.21,-73
1787064464553,315590,Lumbar,stand,0.10248,-0.975024,-0.175192,1.54,-1.96,0.07,-73
1787064464553,315607,Lumbar,stand,0.10248,-0.976488,-0.174704,1.82,-1.89,0.21,-73
1787064464553,315624,Lumbar,stand,0.101992,-0.975512,-0.174216,1.89,-1.82,0.28,-73
1787064464921,315800,Lumbar,stand,0.101504,-0.976488,-0.175192,1.05,-1.4,0.14,-71
1787064464921,315831,Lumbar,stand,0.100528,-0.976976,-0.177144,1.4,-1.4,0.21,-71
1787064464921,315848,Lumbar,stand,0.100528,-0.975024,-0.176168,1.68,-1.75,0.28,-71
1787064464921,315865,Lumbar,stand,0.101016,-0.975024,-0.172264,1.68,-2.03,0.35,-71
1787064464921,315881,Lumbar,stand,0.101504,-0.975512,-0.171288,1.82,-2.1,0.56,-71
1787064464921,315912,Lumbar,stand,0.105896,-0.970632,-0.17568,1.75,-1.75,0.56,-71
1787064464921,315929,Lumbar,stand,0.10492,-0.975024,-0.177632,1.61,-1.89,0.56,-71
1787064464921,315946,Lumbar,stand,0.101992,-0.976,-0.177632,1.75,-2.17,0.56,-71
1787064464921,315963,Lumbar,stand,0.101016,-0.972584,-0.179584,1.89,-2.38,0.56,-71
1787064464921,315994,Lumbar,stand,0.103456,-0.973072,-0.174704,1.54,-2.66,0.49,-71
1787064465278,316170,Lumbar,stand,0.101016,-0.971608,-0.17568,1.61,-1.96,0.07,-71
1787064465278,316201,Lumbar,stand,0.101016,-0.97112,-0.177632,1.47,-1.96,0,-71
1787064465278,316218,Lumbar,stand,0.103456,-0.970632,-0.179584,1.47,-2.03,-0.14,-71
1787064465278,316234,Lumbar,stand,0.101992,-0.970144,-0.177632,1.33,-2.24,-0.28,-71
1787064465278,316251,Lumbar,stand,0.104432,-0.975024,-0.177632,1.26,-1.96,-0.35,-71
1787064465278,316282,Lumbar,stand,0.103456,-0.977464,-0.174704,1.82,-1.54,-0.14,-71
1787064465278,316299,Lumbar,stand,0.10248,-0.972096,-0.176168,2.17,-1.47,-0.07,-71
1787064465278,316316,Lumbar,stand,0.101504,-0.972096,-0.179096,1.75,-1.4,-0.14,-71
1787064465278,316333,Lumbar,stand,0.103456,-0.97356,-0.178608,1.61,-1.54,0,-71
1787064465278,316350,Lumbar,stand,0.104432,-0.975024,-0.176168,1.61,-1.68,0.14,-71
1787064465648,316526,Lumbar,stand,0.101992,-0.974536,-0.173728,1.96,-2.03,0.49,-71
1787064465648,316557,Lumbar,stand,0.105896,-0.971608,-0.174216,1.96,-2.31,0.42,-71
1787064465648,316574,Lumbar,stand,0.107848,-0.972584,-0.174704,1.47,-2.24,0.42,-71
1787064465648,316592,Lumbar,stand,0.106384,-0.976488,-0.174216,1.61,-2.24,0.49,-71
1787064465648,316609,Lumbar,stand,0.105896,-0.972096,-0.175192,2.03,-2.1,0.49,-71
1787064465648,316640,Lumbar,stand,0.103944,-0.973072,-0.174704,1.68,-2.38,0.49,-71
1787064465648,316657,Lumbar,stand,0.10492,-0.976976,-0.176656,1.75,-2.38,0.49,-71
1787064465648,316674,Lumbar,stand,0.105408,-0.977952,-0.177144,2.03,-2.38,0.7,-71
1787064465648,316691,Lumbar,stand,0.105896,-0.976488,-0.177632,2.17,-2.52,0.77,-71
1787064465648,316708,Lumbar,stand,0.10492,-0.973072,-0.177632,2.17,-2.8,0.77,-71
1787064465995,316884,Lumbar,stand,0.099064,-0.970632,-0.18056,1.89,-3.78,0.91,-71
1787064465995,316915,Lumbar,stand,0.098576,-0.974048,-0.17324,1.89,-3.71,0.7,-71
1787064465995,316932,Lumbar,stand,0.101992,-0.978928,-0.174216,1.89,-3.22,0.91,-71
1787064465995,316949,Lumbar,stand,0.10248,-0.979416,-0.17812,2.52,-2.94,1.12,-71
1787064465995,316966,Lumbar,stand,0.105408,-0.972584,-0.179584,2.8,-2.8,1.12,-71
1787064465995,316997,Lumbar,stand,0.108336,-0.96868,-0.172752,2.1,-2.1,0.63,-71
1787064465995,317014,Lumbar,stand,0.106384,-0.969656,-0.172752,1.82,-1.96,0.63,-71
1787064465995,317031,Lumbar,stand,0.104432,-0.972584,-0.175192,1.33,-1.82,0.7,-71
1787064465995,317048,Lumbar,stand,0.100528,-0.97356,-0.174704,1.33,-1.26,0.49,-71
1787064465995,317065,Lumbar,stand,0.100528,-0.969168,-0.1708,1.54,-0.98,0.21,-71
1787064466351,317241,Lumbar,stand,0.103456,-0.977464,-0.174704,1.05,-1.47,0.63,-69
1787064466351,317272,Lumbar,stand,0.096136,-0.977952,-0.175192,1.54,-1.68,0.84,-69
1787064466351,317289,Lumbar,stand,0.097112,-0.976976,-0.172752,1.54,-2.03,0.98,-69
1787064466351,317306,Lumbar,stand,0.098576,-0.976976,-0.171776,1.61,-2.03,0.91,-69
1787064466351,317323,Lumbar,stand,0.102968,-0.975512,-0.173728,1.96,-1.96,0.91,-69
1787064466351,317354,Lumbar,stand,0.105408,-0.969168,-0.174704,2.31,-1.82,0.49,-69
1787064466351,317371,Lumbar,stand,0.101992,-0.970144,-0.17812,2.1,-1.82,0.42,-69
1787064466351,317388,Lumbar,stand,0.099064,-0.972096,-0.175192,1.89,-1.89,0.21,-69
1787064466351,317405,Lumbar,stand,0.097112,-0.974048,-0.177144,1.4,-2.03,0,-69
1787064466351,317422,Lumbar,stand,0.099064,-0.974536,-0.176168,1.12,-2.45,0.07,-69
1787064466709,317598,Lumbar,stand,0.101504,-0.975512,-0.174216,1.82,-1.96,0,-69
1787064466709,317629,Lumbar,stand,0.101016,-0.974536,-0.179096,1.4,-1.54,0,-69
1787064466709,317646,Lumbar,stand,0.10492,-0.974536,-0.176656,1.54,-1.68,0,-69
1787064466709,317663,Lumbar,stand,0.106384,-0.969656,-0.174216,1.68,-1.89,0.14,-69
1787064466709,317680,Lumbar,stand,0.105408,-0.972584,-0.174704,1.26,-1.75,0.21,-69
1787064466709,317711,Lumbar,stand,0.100528,-0.974048,-0.177144,1.61,-1.26,0.21,-69
1787064466709,317728,Lumbar,stand,0.101992,-0.974536,-0.17812,1.82,-1.47,0.14,-69
1787064466709,317745,Lumbar,stand,0.103944,-0.974536,-0.179584,2.03,-1.82,0.21,-69
1787064466709,317762,Lumbar,stand,0.10492,-0.972096,-0.179584,2.03,-2.03,0.21,-69
1787064466709,317779,Lumbar,stand,0.103456,-0.972096,-0.179584,1.89,-2.1,0.28,-69
1787064467067,317955,Lumbar,stand,0.106872,-0.973072,-0.180072,1.19,-2.03,0.28,-69
1787064467067,317987,Lumbar,stand,0.104432,-0.974048,-0.177632,1.47,-1.96,0.21,-69
1787064467067,318004,Lumbar,stand,0.101992,-0.97356,-0.177632,1.61,-2.03,0.21,-69
1787064467067,318021,Lumbar,stand,0.101992,-0.973072,-0.176656,1.47,-2.03,0.21,-69
1787064467067,318038,Lumbar,stand,0.101504,-0.974536,-0.176656,1.47,-2.1,0.14,-69
1787064467067,318069,Lumbar,stand,0.105408,-0.975512,-0.175192,1.61,-2.24,0.21,-69
1787064467067,318085,Lumbar,stand,0.105408,-0.976488,-0.176168,1.68,-2.17,0.56,-69
1787064467067,318102,Lumbar,stand,0.106384,-0.978928,-0.179096,1.89,-2.17,0.91,-69
1787064467067,318119,Lumbar,stand,0.106384,-0.977952,-0.180072,2.1,-2.45,1.19,-69
1787064467067,318136,Lumbar,stand,0.105408,-0.973072,-0.179584,2.24,-2.52,1.19,-69
1787064467429,318313,Lumbar,stand,0.106872,-0.97112,-0.176168,1.47,-3.5,-0.14,-70
1787064467429,318344,Lumbar,stand,0.100528,-0.975512,-0.173728,1.61,-3.36,-0.21,-70
1787064467429,318361,Lumbar,stand,0.10004,-0.974536,-0.176656,2.03,-3.01,-0.28,-70
1787064467429,318378,Lumbar,stand,0.103944,-0.97356,-0.171288,1.96,-3.22,-0.07,-70
1787064467429,318395,Lumbar,stand,0.106872,-0.975024,-0.167872,1.82,-3.15,0.14,-70
1787064467429,318426,Lumbar,stand,0.10492,-0.976488,-0.175192,2.38,-1.33,-0.07,-70
1787064467429,318443,Lumbar,stand,0.106384,-0.975512,-0.176168,2.24,-1.33,-0.14,-70
1787064467429,318460,Lumbar,stand,0.10736,-0.976,-0.175192,2.59,-1.82,0.07,-70
1787064467429,318477,Lumbar,stand,0.108824,-0.975512,-0.175192,3.01,-2.03,0.21,-70
1787064467429,318494,Lumbar,stand,0.105896,-0.976976,-0.172752,3.15,-1.82,0.28,-70
1787064467784,318671,Lumbar,stand,0.104432,-0.966728,-0.1708,3.64,-2.24,0.77,-70
1787064467784,318703,Lumbar,stand,0.106384,-0.967704,-0.172264,2.38,-2.31,0.56,-70
1787064467784,318719,Lumbar,stand,0.106384,-0.966728,-0.169824,1.54,-2.24,0.35,-70
1787064467784,318737,Lumbar,stand,0.106872,-0.969168,-0.166896,0.98,-2.24,0.14,-70
1787064467784,318754,Lumbar,stand,0.106384,-0.970144,-0.167872,0.42,-2.1,0.07,-70
1787064467784,318785,Lumbar,stand,0.099552,-0.972096,-0.166408,-0.49,-2.17,-0.28,-70
1787064467784,318802,Lumbar,stand,0.099064,-0.977952,-0.165432,-0.49,-2.24,-0.21,-70
1787064467784,318819,Lumbar,stand,0.100528,-0.976488,-0.166896,-0.42,-2.24,0.07,-70
1787064467784,318836,Lumbar,stand,0.105896,-0.974048,-0.165432,-0.42,-2.24,0.21,-70
1787064467784,318853,Lumbar,stand,0.10492,-0.972096,-0.167872,-0.56,-2.31,0.56,-70
1787064468142,319030,Lumbar,stand,0.089792,-0.987224,-0.159088,-1.47,-2.24,0.77,-70
1787064468142,319060,Lumbar,stand,0.093208,-0.974048,-0.167872,-1.05,-2.03,0.98,-70
1787064468142,319078,Lumbar,stand,0.101504,-0.976,-0.177632,-1.26,-1.89,1.12,-70
1787064468142,319094,Lumbar,stand,0.101016,-0.977464,-0.181536,-0.77,-1.82,1.33,-70
1787064468142,319111,Lumbar,stand,0.099552,-0.977464,-0.181048,-0.49,-1.96,1.4,-70
1787064468142,319142,Lumbar,stand,0.0976,-0.976,-0.178608,0.28,-2.24,1.4,-70
1787064468142,319159,Lumbar,stand,0.099064,-0.977464,-0.177632,1.05,-2.52,1.47,-70
1787064468142,319176,Lumbar,stand,0.098088,-0.977464,-0.17812,1.54,-2.73,1.54,-70
1787064468142,319193,Lumbar,stand,0.100528,-0.974048,-0.177144,2.17,-3.15,1.75,-70
1787064468142,319210,Lumbar,stand,0.10248,-0.972584,-0.179584,2.1,-2.87,1.89,-70
1787064468515,319387,Lumbar,stand,0.097112,-0.970632,-0.183976,-0.14,-2.59,-0.21,-68
1787064468515,319418,Lumbar,stand,0.10004,-0.975512,-0.183,0.14,-3.08,-0.42,-68
1787064468515,319434,Lumbar,stand,0.099552,-0.975024,-0.18056,0.35,-2.94,-0.35,-68
1787064468515,319451,Lumbar,stand,0.100528,-0.974048,-0.182024,0.42,-2.8,-0.35,-68
1787064468515,319468,Lumbar,stand,0.098088,-0.974536,-0.179584,0.84,-3.01,-0.49,-68
1787064468515,319499,Lumbar,stand,0.096136,-0.971608,-0.182512,0.7,-3.15,-0.84,-68
1787064468515,319516,Lumbar,stand,0.097112,-0.968192,-0.181048,0.63,-3.29,-0.77,-68
1787064468515,319533,Lumbar,stand,0.096624,-0.968192,-0.182024,0.42,-3.57,-0.98,-68
1787064468515,319550,Lumbar,stand,0.096136,-0.970632,-0.183976,0.14,-3.99,-1.19,-68
1787064468515,319581,Lumbar,stand,0.097112,-0.974536,-0.183976,0.14,-4.34,-1.33,-68
1787064468877,319758,Lumbar,stand,0.110288,-0.968192,-0.196664,1.54,-3.78,-0.56,-68
1787064468877,319790,Lumbar,stand,0.114192,-0.969656,-0.196664,1.75,-3.78,-0.21,-68
1787064468877,319807,Lumbar,stand,0.110776,-0.970632,-0.195688,1.89,-3.5,0.21,-68
1787064468877,319824,Lumbar,stand,0.110776,-0.970144,-0.193736,2.1,-3.15,0.42,-68
1787064468877,319841,Lumbar,stand,0.11224,-0.971608,-0.193248,2.17,-2.52,0.63,-68
1787064468877,319872,Lumbar,stand,0.112728,-0.964776,-0.191784,3.29,-1.75,1.05,-68
1787064468877,319888,Lumbar,stand,0.113216,-0.962824,-0.190808,2.94,-1.4,0.98,-68
1787064468877,319905,Lumbar,stand,0.111752,-0.96624,-0.19032,2.52,-1.05,0.84,-68
1787064468877,319922,Lumbar,stand,0.110288,-0.972096,-0.192272,2.45,-0.91,0.77,-68
1787064468877,319939,Lumbar,stand,0.106384,-0.965752,-0.193248,2.87,-0.98,0.84,-68
1787064469226,320115,Lumbar,stand,0.10492,-0.964776,-0.199104,2.17,0,0.56,-68
1787064469226,320146,Lumbar,stand,0.11224,-0.96868,-0.20496,2.1,0.7,0.84,-68
1787064469226,320163,Lumbar,stand,0.110776,-0.969656,-0.195688,2.17,0.49,1.26,-68
1787064469226,320180,Lumbar,stand,0.108336,-0.970144,-0.19032,1.82,0.7,1.12,-68
1787064469226,320197,Lumbar,stand,0.10736,-0.969656,-0.186416,1.68,0.98,0.98,-68
1787064469226,320228,Lumbar,stand,0.10004,-0.9638,-0.196176,1.05,0.98,0.84,-68
1787064469226,320245,Lumbar,stand,0.098088,-0.9638,-0.198128,0.84,0.56,0.49,-68
1787064469226,320262,Lumbar,stand,0.099552,-0.968192,-0.198616,0.49,-0.07,0.21,-68
1787064469226,320279,Lumbar,stand,0.103456,-0.976,-0.199592,0.91,0,-0.21,-68
1787064469226,320296,Lumbar,stand,0.110776,-0.970632,-0.20008,1.96,0.21,-0.35,-68
1787064469587,320470,Lumbar,stand,0.107848,-0.956968,-0.1952,1.05,-1.05,0.7,-68
1787064469587,320501,Lumbar,stand,0.10736,-0.979416,-0.198616,0.56,-0.98,0.63,-68
1787064469587,320518,Lumbar,stand,0.103944,-0.972096,-0.196664,1.54,-1.4,0.63,-68
1787064469587,320535,Lumbar,stand,0.105408,-0.962824,-0.194224,1.61,-1.96,0.49,-68
1787064469587,320553,Lumbar,stand,0.107848,-0.970632,-0.193248,1.61,-1.96,0.42,-68
1787064469587,320584,Lumbar,stand,0.113216,-0.967216,-0.196664,1.68,-2.17,0.63,-68
1787064469587,320601,Lumbar,stand,0.111752,-0.964776,-0.196664,1.33,-2.59,0.63,-68
1787064469587,320618,Lumbar,stand,0.113216,-0.970144,-0.198128,1.54,-2.31,0.56,-68
1787064469587,320635,Lumbar,stand,0.112728,-0.968192,-0.198128,1.96,-2.17,0.63,-68
1787064469587,320652,Lumbar,stand,0.111264,-0.964776,-0.197152,1.82,-2.38,0.56,-68
1787064469942,320829,Lumbar,stand,0.108824,-0.974536,-0.193248,1.54,-2.73,-0.28,-70
1787064469942,320859,Lumbar,stand,0.113704,-0.975512,-0.191784,1.68,-3.15,0.07,-70
1787064469942,320876,Lumbar,stand,0.112728,-0.972584,-0.18788,2.1,-2.94,0.14,-70
1787064469942,320893,Lumbar,stand,0.108336,-0.970632,-0.191296,2.52,-2.94,0,-70
1787064469942,320910,Lumbar,stand,0.10736,-0.964288,-0.194712,2.73,-3.5,-0.28,-70
1787064469942,320941,Lumbar,stand,0.106872,-0.967216,-0.195688,1.96,-4.48,-0.56,-70
1787064469942,320958,Lumbar,stand,0.107848,-0.976488,-0.193248,2.1,-4.9,-0.56,-70
1787064469942,320975,Lumbar,stand,0.108824,-0.97112,-0.193248,2.8,-5.04,-0.56,-70
1787064469942,320992,Lumbar,stand,0.111752,-0.972096,-0.193736,2.94,-4.97,-0.56,-70
1787064469942,321009,Lumbar,stand,0.114192,-0.968192,-0.198128,3.29,-4.69,-0.56,-70
1787064470300,321185,Lumbar,stand,0.109312,-0.977464,-0.194224,2.52,-3.15,1.4,-70
1787064470300,321216,Lumbar,stand,0.11224,-0.965752,-0.192272,3.85,-2.87,1.61,-70
1787064470300,321233,Lumbar,stand,0.106384,-0.965264,-0.189832,3.71,-2.8,1.61,-70
1787064470300,321250,Lumbar,stand,0.10736,-0.97112,-0.188368,3.36,-2.87,1.33,-70
1787064470300,321267,Lumbar,stand,0.10736,-0.970632,-0.18788,3.5,-3.08,1.26,-70
1787064470300,321298,Lumbar,stand,0.105408,-0.970632,-0.18544,3.22,-3.5,1.26,-70
1787064470300,321315,Lumbar,stand,0.10492,-0.97112,-0.189832,3.43,-3.99,0.98,-70
1787064470300,321332,Lumbar,stand,0.106384,-0.970144,-0.191296,3.15,-4.13,0.77,-70
1787064470300,321349,Lumbar,stand,0.108336,-0.97356,-0.192272,2.52,-3.99,0.77,-70
1787064470300,321366,Lumbar,stand,0.109312,-0.970632,-0.195688,2.24,-3.78,0.7,-70
1787064470657,321542,Lumbar,stand,0.091744,-0.984296,-0.185928,2.17,-4.41,0.42,-70
1787064470657,321573,Lumbar,stand,0.094184,-0.976,-0.185928,1.82,-4.97,0.28,-70
1787064470657,321590,Lumbar,stand,0.093696,-0.97112,-0.18544,1.82,-5.25,0.28,-70
1787064470657,321607,Lumbar,stand,0.094184,-0.964288,-0.185928,2.03,-6.37,0.07,-70
1787064470657,321624,Lumbar,stand,0.095648,-0.958432,-0.187392,0.98,-6.72,-0.28,-70
1787064470657,321655,Lumbar,stand,0.103456,-0.976,-0.188368,0.98,-6.86,-1.05,-70
1787064470657,321672,Lumbar,stand,0.106384,-0.97112,-0.187392,1.54,-6.65,-0.84,-70
1787064470657,321689,Lumbar,stand,0.10492,-0.967704,-0.182512,1.96,-5.81,-0.63,-70
1787064470657,321705,Lumbar,stand,0.103456,-0.974536,-0.184464,1.61,-4.55,-0.56,-70
1787064470657,321722,Lumbar,stand,0.103456,-0.972096,-0.179584,1.33,-3.99,-0.35,-70
1787064471018,321899,Lumbar,stand,0.09516,-0.971608,-0.175192,2.52,-3.36,0.42,-73
1787064471018,321931,Lumbar,stand,0.097112,-0.976976,-0.171288,3.01,-3.22,0.35,-73
1787064471018,321948,Lumbar,stand,0.100528,-0.976,-0.17324,2.87,-2.94,0.56,-73
1787064471018,321965,Lumbar,stand,0.101016,-0.976488,-0.17324,2.73,-3.08,0.7,-73
1787064471018,321982,Lumbar,stand,0.101016,-0.973072,-0.177144,2.8,-3.15,0.63,-73
1787064471018,322013,Lumbar,stand,0.101992,-0.97112,-0.179096,2.45,-3.22,0.56,-73
1787064471018,322031,Lumbar,stand,0.102968,-0.974048,-0.179584,2.38,-3.08,0.7,-73
1787064471018,322048,Lumbar,stand,0.105408,-0.97112,-0.180072,2.38,-2.73,0.63,-73
1787064471018,322065,Lumbar,stand,0.106872,-0.97112,-0.176168,2.24,-2.24,0.56,-73
1787064471018,322082,Lumbar,stand,0.105896,-0.974048,-0.176168,1.96,-1.61,0.63,-73
1787064471373,322259,Lumbar,stand,0.104432,-0.974536,-0.177632,2.03,-0.77,0.42,-73
1787064471373,322290,Lumbar,stand,0.10248,-0.97356,-0.179584,2.52,-0.7,0.42,-73
1787064471373,322307,Lumbar,stand,0.101992,-0.970632,-0.180072,2.38,-1.12,0.42,-73
1787064471373,322324,Lumbar,stand,0.101992,-0.971608,-0.17812,2.24,-1.47,0.42,-73
1787064471373,322341,Lumbar,stand,0.103944,-0.972096,-0.177144,2.17,-1.61,0.42,-73
1787064471373,322372,Lumbar,stand,0.10248,-0.978928,-0.179584,2.8,-1.61,0.49,-73
1787064471373,322389,Lumbar,stand,0.101016,-0.971608,-0.181048,3.01,-1.68,0.49,-73
1787064471373,322406,Lumbar,stand,0.0976,-0.97112,-0.179584,2.59,-1.47,0.35,-73
1787064471373,322423,Lumbar,stand,0.10004,-0.968192,-0.177632,2.24,-1.4,0.49,-73
1787064471373,322440,Lumbar,stand,0.101992,-0.972096,-0.181536,1.82,-1.89,0.63,-73
1787064471731,322616,Lumbar,stand,0.098088,-0.972584,-0.18056,1.4,-2.59,0.28,-73
1787064471731,322646,Lumbar,stand,0.098576,-0.969656,-0.179584,1.33,-2.66,0.49,-73
1787064471731,322663,Lumbar,stand,0.101016,-0.973072,-0.181536,1.05,-2.66,0.56,-73
1787064471731,322680,Lumbar,stand,0.098576,-0.976488,-0.184464,1.12,-2.8,0.7,-73
1787064471731,322697,Lumbar,stand,0.096136,-0.97356,-0.184952,1.47,-3.22,0.49,-73
1787064471731,322728,Lumbar,stand,0.100528,-0.972584,-0.182024,1.4,-3.22,0.56,-73
1787064471731,322745,Lumbar,stand,0.10492,-0.974048,-0.180072,1.33,-3.01,0.56,-73
1787064471731,322762,Lumbar,stand,0.10492,-0.974048,-0.181048,1.75,-2.8,0.56,-73
1787064471731,322779,Lumbar,stand,0.10492,-0.973072,-0.184464,1.96,-2.59,0.49,-73
1787064471731,322796,Lumbar,stand,0.105408,-0.972096,-0.183488,2.1,-2.52,0.49,-73
1787064472090,322972,Lumbar,stand,0.101504,-0.970632,-0.181048,2.24,-1.4,0.49,-73
1787064472090,323003,Lumbar,stand,0.101504,-0.969656,-0.183,2.03,-1.75,0.35,-73
1787064472090,323020,Lumbar,stand,0.100528,-0.973072,-0.182024,1.68,-2.03,0.35,-73
1787064472090,323037,Lumbar,stand,0.101016,-0.97356,-0.179584,1.75,-2.03,0.35,-73
1787064472090,323054,Lumbar,stand,0.100528,-0.974536,-0.182024,2.03,-1.82,0.42,-73
1787064472090,323085,Lumbar,stand,0.096624,-0.972584,-0.183488,2.17,-1.75,0.21,-73
1787064472090,323102,Lumbar,stand,0.098088,-0.974048,-0.181536,2.03,-1.82,0.14,-73
1787064472090,323119,Lumbar,stand,0.10004,-0.974048,-0.180072,1.89,-2.03,0.28,-73
1787064472090,323136,Lumbar,stand,0.10248,-0.97356,-0.181048,1.82,-2.17,0.42,-73
1787064472090,323153,Lumbar,stand,0.099552,-0.974536,-0.182512,2.1,-2.52,0.63,-73
1787064472446,323330,Lumbar,stand,0.10248,-0.970144,-0.177144,2.59,-2.87,1.4,-68
1787064472446,323362,Lumbar,stand,0.102968,-0.97356,-0.179584,2.24,-2.8,1.47,-68
1787064472446,323379,Lumbar,stand,0.101016,-0.975024,-0.179096,2.38,-2.8,1.47,-68
1787064472446,323397,Lumbar,stand,0.10004,-0.974536,-0.178608,2.45,-2.8,1.47,-68
1787064472446,323414,Lumbar,stand,0.098088,-0.97356,-0.178608,2.45,-3.08,1.33,-68
1787064472446,323444,Lumbar,stand,0.0976,-0.971608,-0.17324,2.52,-3.01,1.19,-68
1787064472446,323461,Lumbar,stand,0.098088,-0.972584,-0.176168,2.45,-2.66,1.19,-68
1787064472446,323478,Lumbar,stand,0.098088,-0.972584,-0.177632,2.31,-2.45,1.19,-68
1787064472446,323495,Lumbar,stand,0.097112,-0.976488,-0.178608,2.31,-2.52,1.12,-68
1787064472446,323512,Lumbar,stand,0.09516,-0.975512,-0.17568,2.52,-2.38,0.98,-68
1787064472805,323687,Lumbar,stand,0.100528,-0.974536,-0.174216,2.1,-1.68,0.42,-68
1787064472805,323718,Lumbar,stand,0.095648,-0.970144,-0.170312,1.68,-1.82,0.42,-68
1787064472805,323735,Lumbar,stand,0.092232,-0.979416,-0.168848,1.47,-1.75,0.21,-68
1787064472805,323752,Lumbar,stand,0.091256,-0.98088,-0.170312,1.68,-1.61,0.21,-68
1787064472805,323769,Lumbar,stand,0.093208,-0.971608,-0.1708,1.89,-1.82,0.28,-68
1787064472805,323800,Lumbar,stand,0.095648,-0.97112,-0.172752,1.12,-1.26,0.07,-68
1787064472805,323817,Lumbar,stand,0.096624,-0.979416,-0.171288,1.05,-1.12,0.14,-68
1787064472805,323834,Lumbar,stand,0.10004,-0.97356,-0.174216,1.33,-0.84,0.21,-68
1787064472805,323851,Lumbar,stand,0.097112,-0.97356,-0.178608,1.4,-1.12,0.28,-68
1787064472805,323868,Lumbar,stand,0.089792,-0.976488,-0.177144,1.89,-1.26,0,-68
1787064473163,324045,Lumbar,stand,0.096136,-0.971608,-0.16836,1.61,-2.03,0.14,-68
1787064473163,324076,Lumbar,stand,0.098088,-0.976,-0.17568,1.05,-2.03,0.21,-68
1787064473163,324093,Lumbar,stand,0.095648,-0.976488,-0.177144,1.61,-2.17,-0.14,-68
1787064473163,324111,Lumbar,stand,0.09516,-0.970632,-0.176656,1.54,-2.31,-0.21,-68
1787064473163,324128,Lumbar,stand,0.096136,-0.975512,-0.171776,1.26,-2.38,-0.14,-68
1787064473163,324159,Lumbar,stand,0.097112,-0.976,-0.169824,1.47,-1.96,-0.21,-68
1787064473163,324176,Lumbar,stand,0.096624,-0.972096,-0.172752,1.4,-1.96,-0.21,-68
1787064473163,324193,Lumbar,stand,0.097112,-0.976,-0.171776,1.19,-2.24,-0.21,-68
1787064473163,324210,Lumbar,stand,0.0976,-0.976976,-0.171776,1.12,-2.45,-0.14,-68
1787064473163,324227,Lumbar,stand,0.099064,-0.976,-0.172752,1.12,-2.38,-0.14,-68
1787064473520,324402,Lumbar,stand,0.098576,-0.974536,-0.177144,1.4,-1.33,-0.21,-69
1787064473520,324433,Lumbar,stand,0.096624,-0.97844,-0.172752,1.68,-2.03,-0.42,-69
1787064473520,324450,Lumbar,stand,0.099552,-0.976976,-0.169824,1.89,-1.96,-0.49,-69
1787064473520,324467,Lumbar,stand,0.101992,-0.977464,-0.172752,2.24,-1.61,-0.35,-69
1787064473520,324484,Lumbar,stand,0.103456,-0.975512,-0.173728,2.31,-1.68,-0.14,-69
1787064473520,324514,Lumbar,stand,0.106384,-0.973072,-0.171776,1.75,-1.75,0.14,-69
1787064473520,324531,Lumbar,stand,0.108336,-0.975512,-0.174704,1.4,-1.61,0.77,-69
1787064473520,324548,Lumbar,stand,0.103944,-0.976976,-0.173728,1.75,-1.82,1.05,-69
1787064473520,324565,Lumbar,stand,0.10004,-0.976976,-0.174704,2.31,-1.89,0.98,-69
1787064473520,324582,Lumbar,stand,0.096624,-0.973072,-0.174216,2.31,-1.82,0.91,-69
1787064473878,324760,Lumbar,stand,0.10248,-0.973072,-0.177144,1.54,-2.31,0.42,-69
1787064473878,324791,Lumbar,stand,0.101504,-0.974048,-0.176168,1.61,-2.52,0.35,-69
1787064473878,324808,Lumbar,stand,0.101992,-0.967704,-0.17568,1.4,-2.66,0.28,-69
1787064473878,324825,Lumbar,stand,0.100528,-0.97356,-0.177144,0.84,-2.59,0.21,-69
1787064473878,324842,Lumbar,stand,0.099064,-0.976488,-0.17812,1.19,-2.52,0.14,-69
1787064473878,324873,Lumbar,stand,0.101504,-0.968192,-0.178608,1.4,-2.45,0.07,-69
1787064473878,324890,Lumbar,stand,0.101992,-0.974048,-0.176656,1.12,-2.31,0.07,-69
1787064473878,324907,Lumbar,stand,0.10004,-0.97844,-0.17568,1.19,-2.17,0.21,-69
1787064473878,324924,Lumbar,stand,0.10004,-0.976,-0.17568,1.26,-2.24,0.35,-69
1787064473878,324941,Lumbar,stand,0.098576,-0.97112,-0.174704,1.19,-2.31,0.35,-69
1787064474298,325117,Lumbar,stand,0.099064,-0.976488,-0.171288,2.03,-1.96,1.26,-68
1787064474298,325148,Lumbar,stand,0.097112,-0.974536,-0.170312,2.38,-1.26,1.05,-68
1787064474298,325165,Lumbar,stand,0.098576,-0.973072,-0.176656,2.38,-0.91,1.05,-68
1787064474298,325182,Lumbar,stand,0.098088,-0.970144,-0.177144,2.45,-1.05,0.91,-68
1787064474298,325199,Lumbar,stand,0.098088,-0.969656,-0.171776,1.89,-1.19,0.49,-68
1787064474298,325230,Lumbar,stand,0.101992,-0.974048,-0.171776,1.47,-1.33,0.49,-68
1787064474298,325247,Lumbar,stand,0.099064,-0.975512,-0.17324,1.82,-1.61,0.56,-68
1787064474298,325264,Lumbar,stand,0.09516,-0.974536,-0.172752,1.96,-1.61,0.49,-68
1787064474298,325281,Lumbar,stand,0.095648,-0.971608,-0.172264,1.96,-1.68,0.35,-68
1787064474298,325359,Lumbar,stand,0.096136,-0.976488,-0.176168,1.47,-1.89,0.21,-68
1787064474663,325535,Lumbar,stand,0.101504,-0.97356,-0.172752,1.4,-1.47,0.42,-68
1787064474663,325566,Lumbar,stand,0.100528,-0.973072,-0.175192,1.4,-1.47,0.28,-68
1787064474663,325583,Lumbar,stand,0.099064,-0.97356,-0.17568,1.33,-1.68,0.21,-68
1787064474663,325600,Lumbar,stand,0.098576,-0.972584,-0.176656,1.26,-1.89,0.07,-68
1787064474663,325617,Lumbar,stand,0.099064,-0.974048,-0.17568,1.12,-1.89,0,-68
1787064474663,325648,Lumbar,stand,0.098088,-0.97356,-0.174704,1.26,-1.96,-0.07,-68
1787064474663,325665,Lumbar,stand,0.097112,-0.974536,-0.17324,1.33,-2.1,-0.14,-68
1787064474663,325682,Lumbar,stand,0.0976,-0.97356,-0.17324,1.26,-2.24,-0.14,-68
1787064474663,325699,Lumbar,stand,0.0976,-0.97356,-0.174704,1.19,-2.38,-0.07,-68
1787064474663,325716,Lumbar,stand,0.0976,-0.975024,-0.17568,1.26,-2.45,-0.07,-68
1787064475012,325892,Lumbar,stand,0.10248,-0.977952,-0.172752,1.19,-5.18,-0.35,-68
1787064475012,325923,Lumbar,stand,0.104432,-0.972584,-0.174704,1.47,-5.95,0.07,-68
1787064475012,325940,Lumbar,stand,0.101504,-0.976,-0.17568,1.12,-6.93,-0.21,-68
1787064475012,325957,Lumbar,stand,0.10248,-0.98576,-0.17324,1.82,-8.47,-0.07,-68
1787064475012,325974,Lumbar,stand,0.10248,-0.987224,-0.171776,3.01,-9.45,0.56,-68
1787064475012,326005,Lumbar,stand,0.10492,-0.97356,-0.172264,4.06,-9.38,1.19,-68
1787064475012,326022,Lumbar,stand,0.096624,-0.963312,-0.17568,3.85,-9.45,0.7,-68
1787064475012,326039,Lumbar,stand,0.094672,-0.96136,-0.177144,2.94,-8.75,-0.14,-68
1787064475012,326056,Lumbar,stand,0.101992,-0.968192,-0.177632,0.98,-8.26,-0.21,-68
1787064475012,326073,Lumbar,stand,0.105408,-0.973072,-0.171288,0.7,-7.21,-0.28,-68
1787064475369,326249,Lumbar,stand,0.099064,-0.970144,-0.174704,0.91,-2.24,0.14,-68
1787064475369,326280,Lumbar,stand,0.101992,-0.976,-0.177632,0.84,-1.54,0.42,-68
1787064475369,326297,Lumbar,stand,0.101504,-0.974048,-0.175192,1.26,-1.12,0.56,-68
1787064475369,326314,Lumbar,stand,0.10004,-0.974536,-0.17324,1.19,-0.49,0.56,-68
1787064475369,326331,Lumbar,stand,0.098576,-0.974048,-0.172752,1.19,-0.28,0.56,-68
1787064475369,326362,Lumbar,stand,0.095648,-0.972584,-0.174704,0.49,0.42,0.84,-68
1787064475369,326379,Lumbar,stand,0.09272,-0.974048,-0.177632,0.28,0.21,0.84,-68
1787064475369,326395,Lumbar,stand,0.092232,-0.972096,-0.177632,0.14,0.07,0.84,-68
1787064475369,326412,Lumbar,stand,0.09516,-0.97112,-0.177632,-0.21,0.14,0.7,-68
1787064475369,326429,Lumbar,stand,0.09516,-0.97356,-0.174704,-0.28,0,0.77,-68
1787064475726,326605,Lumbar,stand,0.10004,-0.969168,-0.177144,0.28,0.63,0.7,-70
1787064475726,326637,Lumbar,stand,0.097112,-0.975024,-0.178608,0.42,1.47,0.91,-70
1787064475726,326654,Lumbar,stand,0.097112,-0.977464,-0.182512,0.91,1.61,0.98,-70
1787064475726,326672,Lumbar,stand,0.097112,-0.977464,-0.183488,1.19,1.4,1.05,-70
1787064475726,326689,Lumbar,stand,0.0976,-0.976976,-0.182024,1.75,1.19,1.12,-70
1787064475726,326706,Lumbar,stand,0.098088,-0.974536,-0.181536,1.68,0.7,1.19,-70
1787064475726,326737,Lumbar,stand,0.09516,-0.972096,-0.183488,1.54,0.07,1.19,-70
1787064475726,326754,Lumbar,stand,0.097112,-0.969168,-0.181536,1.61,-0.49,0.98,-70
1787064475726,326771,Lumbar,stand,0.095648,-0.972096,-0.180072,2.03,-0.49,0.7,-70
1787064475726,326788,Lumbar,stand,0.09516,-0.973072,-0.179096,2.1,-0.42,0.49,-70
1787064476082,326963,Lumbar,stand,0.10004,-0.972096,-0.179584,1.33,-1.05,0.63,-70
1787064476082,326994,Lumbar,stand,0.099552,-0.972096,-0.180072,1.33,-1.19,0.63,-70
1787064476082,327011,Lumbar,stand,0.099064,-0.972096,-0.181536,1.33,-1.26,0.63,-70
1787064476082,327028,Lumbar,stand,0.10004,-0.972096,-0.182024,1.4,-1.4,0.49,-70
1787064476082,327045,Lumbar,stand,0.101016,-0.972096,-0.182512,1.68,-1.26,0.49,-70
1787064476082,327076,Lumbar,stand,0.10004,-0.971608,-0.181536,1.82,-1.19,0.42,-70
1787064476082,327093,Lumbar,stand,0.101016,-0.97112,-0.181048,1.61,-1.19,0.42,-70
1787064476082,327110,Lumbar,stand,0.103944,-0.969168,-0.184464,1.33,-1.4,0.42,-70
1787064476082,327127,Lumbar,stand,0.102968,-0.96868,-0.18544,1.26,-1.96,0.42,-70
1787064476082,327144,Lumbar,stand,0.104432,-0.970632,-0.183976,1.19,-2.1,0.35,-70
1787064476439,327320,Lumbar,stand,0.0976,-0.97356,-0.183976,1.68,-1.82,0.84,-70
1787064476439,327350,Lumbar,stand,0.099064,-0.976488,-0.184952,1.47,-2.59,1.05,-70
1787064476439,327368,Lumbar,stand,0.098088,-0.975512,-0.185928,1.61,-2.45,1.19,-70
1787064476439,327385,Lumbar,stand,0.096624,-0.972584,-0.185928,1.75,-2.45,1.33,-70
1787064476439,327402,Lumbar,stand,0.096624,-0.97112,-0.182024,1.82,-2.73,1.26,-70
1787064476439,327433,Lumbar,stand,0.095648,-0.972096,-0.183,1.75,-2.66,0.91,-70
1787064476439,327450,Lumbar,stand,0.095648,-0.970144,-0.182024,1.61,-2.8,0.91,-70
1787064476439,327467,Lumbar,stand,0.098088,-0.967704,-0.182024,1.47,-2.8,0.84,-70
1787064476439,327484,Lumbar,stand,0.100528,-0.969168,-0.183,1.33,-2.66,0.91,-70
1787064476439,327501,Lumbar,stand,0.101504,-0.973072,-0.182512,1.19,-2.45,0.98,-70
1787064476799,327676,Lumbar,stand,0.099064,-0.976488,-0.183,0.98,-1.54,0.14,-67
1787064476799,327707,Lumbar,stand,0.098576,-0.974536,-0.181536,1.68,-1.68,0.42,-67
1787064476799,327724,Lumbar,stand,0.098088,-0.976976,-0.180072,1.61,-1.68,0.56,-67
1787064476799,327741,Lumbar,stand,0.097112,-0.975512,-0.18056,1.82,-1.47,0.63,-67
1787064476799,327758,Lumbar,stand,0.094184,-0.973072,-0.181048,1.75,-1.54,0.56,-67
1787064476799,327789,Lumbar,stand,0.094184,-0.970144,-0.184464,1.54,-1.82,0.42,-67
1787064476799,327806,Lumbar,stand,0.094672,-0.969168,-0.183,1.4,-1.96,0.07,-67
1787064476799,327823,Lumbar,stand,0.096624,-0.975512,-0.179584,1.47,-1.82,0.07,-67
1787064476799,327840,Lumbar,stand,0.09516,-0.976,-0.179584,2.17,-1.68,0.28,-67
1787064476799,327857,Lumbar,stand,0.094184,-0.969168,-0.184464,2.52,-1.75,0.07,-67
1787064477157,328033,Lumbar,stand,0.10248,-0.976,-0.186904,1.47,-1.19,0.56,-67
1787064477157,328065,Lumbar,stand,0.10004,-0.970144,-0.186904,1.96,-1.4,0.42,-67
1787064477157,328082,Lumbar,stand,0.099552,-0.970144,-0.184464,1.96,-1.82,0.21,-67
1787064477157,328099,Lumbar,stand,0.096624,-0.971608,-0.183488,1.96,-2.03,0.07,-67
1787064477157,328116,Lumbar,stand,0.099064,-0.96868,-0.180072,1.96,-2.31,0,-67
1787064477157,328147,Lumbar,stand,0.10492,-0.972096,-0.182512,1.47,-2.38,0,-67
1787064477157,328164,Lumbar,stand,0.102968,-0.972584,-0.184952,1.68,-2.45,0,-67
1787064477157,328181,Lumbar,stand,0.10248,-0.972096,-0.184952,1.82,-2.59,0,-67
1787064477157,328198,Lumbar,stand,0.101992,-0.97112,-0.185928,1.54,-2.59,0.07,-67
1787064477157,328215,Lumbar,stand,0.101504,-0.970144,-0.184464,1.61,-2.59,0.07,-67
1787064477512,328390,Lumbar,stand,0.103456,-0.970632,-0.183488,2.38,-1.75,0.63,-67
1787064477512,328421,Lumbar,stand,0.103944,-0.967216,-0.188856,1.82,-2.31,0.63,-67
1787064477512,328438,Lumbar,stand,0.10248,-0.967216,-0.189832,1.54,-2.31,0.63,-67
1787064477512,328455,Lumbar,stand,0.102968,-0.972096,-0.18544,1.26,-2.38,0.56,-67
1787064477512,328472,Lumbar,stand,0.10248,-0.974048,-0.181536,1.54,-2.1,0.42,-67
1787064477512,328503,Lumbar,stand,0.099064,-0.97112,-0.179096,2.03,-1.61,0.35,-67
1787064477512,328520,Lumbar,stand,0.098576,-0.968192,-0.179584,1.96,-1.12,0,-67
1787064477512,328537,Lumbar,stand,0.098576,-0.97112,-0.179096,1.61,-1.26,-0.14,-67
1787064477512,328554,Lumbar,stand,0.100528,-0.976488,-0.171776,1.54,-1.61,0.21,-67
1787064477512,328571,Lumbar,stand,0.102968,-0.976,-0.173728,1.4,-1.82,0.63,-67
1787064477869,328748,Lumbar,stand,0.10248,-0.975512,-0.175192,2.73,-2.66,0.77,-67
1787064477869,328779,Lumbar,stand,0.100528,-0.996008,-0.178608,3.43,-4.69,1.26,-67
1787064477869,328796,Lumbar,stand,0.095648,-1.009184,-0.165432,5.6,-7.7,2.17,-67
1787064477869,328813,Lumbar,stand,0.08784,-0.981856,-0.1708,7.28,-8.12,4.13,-67
1787064477869,328830,Lumbar,stand,0.094672,-0.94672,-0.20252,5.46,-8.19,3.5,-67
1787064477869,328861,Lumbar,stand,0.103456,-0.953064,-0.193736,1.47,-6.93,1.33,-67
1787064477869,328878,Lumbar,stand,0.10004,-0.965264,-0.184952,1.19,-4.83,1.26,-67
1787064477869,328895,Lumbar,stand,0.098576,-0.971608,-0.17568,1.68,-4.34,1.05,-67
1787064477869,328912,Lumbar,stand,0.098088,-0.970144,-0.169824,2.03,-4.41,0.84,-67
1787064477869,328929,Lumbar,stand,0.09516,-0.961848,-0.166408,1.68,-4.13,0.77,-67
1787064478226,329104,Lumbar,stand,0.089792,-0.970144,-0.174216,4.55,-0.77,2.17,-70
1787064478226,329135,Lumbar,stand,0.0732,-0.969168,-0.169824,2.45,2.87,-0.98,-70
1787064478226,329152,Lumbar,stand,0.077592,-0.972584,-0.175192,3.15,3.36,-1.82,-70
1787064478226,329169,Lumbar,stand,0.089792,-0.964776,-0.196664,1.12,0.77,-0.14,-70
1787064478226,329186,Lumbar,stand,0.106872,-0.972096,-0.19764,0.63,-1.68,0.7,-70
1787064478226,329216,Lumbar,stand,0.09272,-0.962336,-0.169824,0.56,-3.78,0.63,-70
1787064478226,329233,Lumbar,stand,0.091744,-0.961848,-0.17812,-0.84,-2.1,0.21,-70
1787064478226,329250,Lumbar,stand,0.09028,-0.98088,-0.192272,0,-2.31,0.07,-70
1787064478226,329267,Lumbar,stand,0.089792,-0.981856,-0.186904,2.1,-4.48,-0.35,-70
1787064478226,329284,Lumbar,stand,0.0976,-0.97356,-0.183,1.47,-4.9,0.21,-70
1787064478690,329459,Lumbar,stand,0.095648,-0.975512,-0.202032,-0.07,-3.01,0.84,-68
1787064478690,329491,Lumbar,stand,0.095648,-0.994056,-0.182512,1.75,-2.94,1.54,-68
1787064478690,329508,Lumbar,stand,0.097112,-0.996984,-0.179096,3.57,-3.57,2.59,-68
1787064478690,329526,Lumbar,stand,0.0976,-0.98576,-0.174216,4.2,-3.08,2.66,-68
1787064478690,329543,Lumbar,stand,0.088816,-0.963312,-0.1586,4.41,-2.38,2.17,-68
1787064478690,329560,Lumbar,stand,0.079056,-0.938424,-0.174216,2.1,0.49,0.49,-68
1787064478690,329591,Lumbar,stand,0.081496,-0.974536,-0.180072,-1.19,1.75,-2.17,-68
1787064478690,329609,Lumbar,stand,0.094672,-0.9882,-0.175192,-0.14,-2.38,-1.47,-68
1787064478690,329626,Lumbar,stand,0.099064,-0.981856,-0.183488,2.1,-6.72,-0.14,-68
1787064478690,329643,Lumbar,stand,0.098576,-0.966728,-0.189832,2.59,-6.65,-0.07,-68
1787064478942,329819,Lumbar,stand,0.104432,-0.982832,-0.18788,1.05,-1.54,1.33,-67
1787064478942,329850,Lumbar,stand,0.10004,-0.982344,-0.198616,2.45,-2.24,3.01,-67
1787064478942,329867,Lumbar,stand,0.098088,-0.979904,-0.198128,3.71,-3.15,3.43,-67
1787064478942,329884,Lumbar,stand,0.093696,-0.969656,-0.182512,3.92,-2.94,3.22,-67
1787064478942,329901,Lumbar,stand,0.092232,-0.95892,-0.169824,3.29,-0.56,2.66,-67
1787064478942,329933,Lumbar,stand,0.083448,-0.955992,-0.16592,0.56,4.97,-0.56,-67
1787064478942,329950,Lumbar,stand,0.080032,-0.976488,-0.178608,0.56,5.46,-0.91,-67
1787064478942,329967,Lumbar,stand,0.088816,-0.984296,-0.197152,1.54,3.57,-0.49,-67
1787064478942,329984,Lumbar,stand,0.09516,-0.97844,-0.191296,2.45,-1.4,0.63,-67
1787064478942,330001,Lumbar,stand,0.093696,-0.95892,-0.172752,2.17,-3.15,0.77,-67
1787064479302,330176,Lumbar,stand,0.095648,-0.978928,-0.18788,1.47,-2.03,0.7,-67
1787064479302,330207,Lumbar,stand,0.106384,-0.97844,-0.181048,1.12,-3.22,1.12,-67
1787064479302,330225,Lumbar,stand,0.101992,-0.973072,-0.177632,0.91,-3.29,1.19,-67
1787064479302,330241,Lumbar,stand,0.093208,-0.971608,-0.169824,1.05,-3.99,0.84,-67
1787064479302,330258,Lumbar,stand,0.088328,-0.96624,-0.179096,1.33,-4.62,-0.07,-67
1787064479302,330289,Lumbar,stand,0.0976,-0.965264,-0.196664,1.12,-6.58,-1.12,-67
1787064479302,330306,Lumbar,stand,0.10492,-0.974536,-0.19764,1.61,-7.14,-1.26,-67
1787064479302,330323,Lumbar,stand,0.10736,-0.977464,-0.194224,2.1,-6.51,-1.05,-67
1787064479302,330340,Lumbar,stand,0.104432,-0.978928,-0.193736,1.75,-5.46,-0.98,-67
1787064479302,330357,Lumbar,stand,0.09516,-0.97844,-0.190808,2.03,-5.18,-0.84,-67
1787064479658,330534,Lumbar,stand,0.084912,-0.972096,-0.18788,-0.35,3.22,1.89,-67
1787064479658,330565,Lumbar,stand,0.099552,-0.97112,-0.181536,-0.21,3.15,1.61,-67
1787064479658,330582,Lumbar,stand,0.0976,-0.977464,-0.186904,0.42,3.08,1.68,-67
1787064479658,330599,Lumbar,stand,0.10004,-0.976,-0.191296,1.05,2.8,1.4,-67
1787064479658,330616,Lumbar,stand,0.10004,-0.973072,-0.182512,1.33,2.38,1.4,-67
1787064479658,330647,Lumbar,stand,0.094184,-0.974048,-0.18056,0.49,1.19,1.4,-67
1787064479658,330664,Lumbar,stand,0.091744,-0.97356,-0.189344,0.14,0.49,1.12,-67
1787064479658,330681,Lumbar,stand,0.08784,-0.97112,-0.19032,0.42,-0.7,0.77,-67
1787064479658,330698,Lumbar,stand,0.085888,-0.97112,-0.19032,0.49,-2.31,0.14,-67
1787064479658,330715,Lumbar,stand,0.083448,-0.971608,-0.191784,0.7,-2.87,-0.07,-67
1787064480015,330889,Lumbar,stand,0.097112,-0.97356,-0.188368,1.61,-5.46,-0.35,-69
1787064480015,330921,Lumbar,stand,0.099552,-0.970144,-0.190808,2.17,-4.62,-0.14,-69
1787064480015,330939,Lumbar,stand,0.101992,-0.970144,-0.186416,2.03,-3.85,-0.07,-69
1787064480015,330956,Lumbar,stand,0.100528,-0.971608,-0.186904,1.89,-3.15,0.07,-69
1787064480015,330973,Lumbar,stand,0.098576,-0.972584,-0.18788,2.17,-2.59,0.07,-69
1787064480015,330989,Lumbar,stand,0.097112,-0.974536,-0.186416,2.17,-2.31,0.14,-69
1787064480015,331021,Lumbar,stand,0.097112,-0.974048,-0.186904,2.87,-1.61,0.63,-69
1787064480015,331037,Lumbar,stand,0.098576,-0.971608,-0.18788,2.94,-1.61,0.77,-69
1787064480015,331054,Lumbar,stand,0.099552,-0.970144,-0.191296,2.66,-1.26,0.91,-69
1787064480015,331071,Lumbar,stand,0.101992,-0.972096,-0.193248,2.38,-1.19,0.77,-69
1787064480372,331248,Lumbar,stand,0.101016,-0.971608,-0.181048,2.03,-0.91,0.49,-69
1787064480372,331279,Lumbar,stand,0.099064,-0.974048,-0.181048,2.1,-1.19,0.35,-69
1787064480372,331296,Lumbar,stand,0.101504,-0.972096,-0.182512,2.17,-1.54,0.35,-69
1787064480372,331313,Lumbar,stand,0.101016,-0.970144,-0.182024,2.1,-2.31,0.35,-69
1787064480372,331330,Lumbar,stand,0.099064,-0.972584,-0.183976,2.17,-2.66,0.28,-69
1787064480372,331361,Lumbar,stand,0.100528,-0.974536,-0.181536,2.24,-3.15,0.49,-69
1787064480372,331378,Lumbar,stand,0.100528,-0.97356,-0.182024,2.38,-3.22,0.35,-69
1787064480372,331395,Lumbar,stand,0.097112,-0.97112,-0.184952,2.52,-3.5,0.21,-69
1787064480372,331412,Lumbar,stand,0.09516,-0.972584,-0.183488,2.52,-3.78,0.07,-69
1787064480372,331429,Lumbar,stand,0.097112,-0.976488,-0.17812,2.45,-3.57,0.14,-69
1787064480730,331605,Lumbar,stand,0.0976,-0.972096,-0.179584,3.01,-3.36,1.05,-69
1787064480730,331636,Lumbar,stand,0.091744,-0.964288,-0.183488,1.96,-2.59,0.63,-69
1787064480730,331653,Lumbar,stand,0.093208,-0.969168,-0.182512,1.05,-2.24,0.63,-69
1787064480730,331670,Lumbar,stand,0.093696,-0.978928,-0.177632,0.91,-2.24,0.7,-69
1787064480730,331687,Lumbar,stand,0.0976,-0.977952,-0.18056,1.26,-2.45,0.77,-69
1787064480730,331718,Lumbar,stand,0.097112,-0.973072,-0.179584,2.31,-3.08,0.77,-69
1787064480730,331735,Lumbar,stand,0.098088,-0.967704,-0.184464,2.17,-2.66,0.63,-69
1787064480730,331752,Lumbar,stand,0.097112,-0.970632,-0.186416,1.68,-2.59,0.63,-69
1787064480730,331769,Lumbar,stand,0.0976,-0.972584,-0.183,1.68,-2.8,0.63,-69
1787064480730,331786,Lumbar,stand,0.097112,-0.974048,-0.180072,1.89,-2.66,0.7,-69
1787064481088,331963,Lumbar,stand,0.09272,-0.969168,-0.181048,2.03,-2.03,0.42,-69
1787064481088,331993,Lumbar,stand,0.094672,-0.970144,-0.182024,0.63,-2.17,0.14,-69
1787064481088,332010,Lumbar,stand,0.099064,-0.980392,-0.180072,0.84,-2.38,0.21,-69
1787064481088,332027,Lumbar,stand,0.0976,-0.976,-0.176656,1.19,-2.45,0.42,-69
1787064481088,332044,Lumbar,stand,0.096136,-0.971608,-0.182024,1.47,-2.38,0.35,-69
1787064481088,332075,Lumbar,stand,0.09028,-0.969168,-0.180072,1.4,-2.38,0.14,-69
1787064481088,332092,Lumbar,stand,0.092232,-0.973072,-0.176168,0.91,-1.96,0,-69
1787064481088,332109,Lumbar,stand,0.095648,-0.976976,-0.17568,0.7,-1.89,0.14,-69
1787064481088,332126,Lumbar,stand,0.096624,-0.976,-0.176656,1.05,-2.1,0.42,-69
1787064481088,332143,Lumbar,stand,0.096624,-0.97356,-0.177144,1.19,-2.17,0.42,-69
1787064481449,332318,Lumbar,stand,0.095648,-0.97356,-0.183976,1.61,-2.66,0.42,-69
1787064481449,332350,Lumbar,stand,0.100528,-0.970632,-0.183488,1.47,-2.87,0.49,-69
1787064481449,332367,Lumbar,stand,0.101016,-0.97356,-0.18056,1.19,-2.52,0.49,-69
1787064481449,332385,Lumbar,stand,0.096624,-0.974048,-0.183488,1.75,-2.52,0.63,-69
1787064481449,332402,Lumbar,stand,0.097112,-0.97112,-0.181536,1.89,-2.8,0.77,-69
1787064481449,332419,Lumbar,stand,0.096624,-0.972584,-0.180072,1.47,-2.66,0.98,-69
1787064481449,332450,Lumbar,stand,0.093208,-0.974536,-0.186416,1.89,-2.59,0.91,-69
1787064481449,332467,Lumbar,stand,0.091744,-0.973072,-0.184464,1.68,-2.59,0.91,-69
1787064481449,332484,Lumbar,stand,0.093696,-0.974536,-0.183488,1.54,-2.17,0.98,-69
1787064481449,332501,Lumbar,stand,0.093696,-0.976488,-0.178608,2.1,-1.89,1.05,-69
1787064481805,332677,Lumbar,stand,0.081008,-0.723216,-0.16104,20.51,-20.72,14.21,-69
1787064481805,332709,Lumbar,stand,0.072224,-0.87108,-0.120048,-14.14,-8.82,0.56,-69
1787064481805,332726,Lumbar,stand,0.0732,-1.013576,-0.140544,-14.56,-7,1.47,-69
1787064481805,332743,Lumbar,stand,0.077104,-0.988688,-0.144936,-3.36,-4.34,2.52,-69
1787064481805,332760,Lumbar,stand,0.0854,-0.938424,-0.137616,-2.52,2.59,0.49,-69
1787064481805,332790,Lumbar,stand,0.060512,-0.980392,-0.162016,-2.45,1.61,-1.61,-69
1787064481805,332807,Lumbar,stand,0.052704,-0.968192,-0.199592,-3.01,0.28,-0.07,-69
1787064481805,332824,Lumbar,stand,0.0488,-0.9638,-0.198616,-6.65,-3.78,0.28,-69
1787064481805,332841,Lumbar,stand,0.052704,-0.95648,-0.176168,-8.61,-3.92,-0.21,-69
1787064481805,332858,Lumbar,stand,0.06344,-0.972096,-0.171288,-10.36,-1.26,-2.24,-69
1787064482179,333035,Lumbar,stand,0.062952,-0.96624,-0.172752,-1.61,-4.41,0.77,-69
1787064482179,333066,Lumbar,stand,0.057096,-0.974536,-0.162016,-1.54,-1.33,-1.4,-69
1787064482179,333083,Lumbar,stand,0.053192,-0.98332,-0.178608,-0.7,0.07,-2.66,-69
1787064482179,333100,Lumbar,stand,0.054656,-0.96624,-0.191296,-1.19,-0.56,-3.01,-69
1787064482179,333117,Lumbar,stand,0.061976,-0.957456,-0.192272,-2.24,-0.91,-3.36,-69
1787064482179,333148,Lumbar,stand,0.105408,-1.00528,-0.19764,-4.9,-2.1,-3.5,-69
1787064482179,333165,Lumbar,stand,0.115168,-1.058472,-0.223016,-1.4,-4.62,3.43,-69
1787064482179,333182,Lumbar,stand,0.108336,-1.143384,-0.240584,4.48,-7.98,8.68,-69
1787064482179,333199,Lumbar,stand,0.085888,-1.065304,-0.261568,18.06,-15.05,15.33,-69
1787064482179,333216,Lumbar,stand,0.04392,-0.874008,-0.227896,22.26,-14.14,11.97,-69
1787064482524,333395,Lumbar,stand,0.069784,-0.975512,-0.201056,-9.45,-1.75,-5.74,-73
1787064482524,333426,Lumbar,stand,0.086864,-1.01992,-0.19764,-4.13,-2.73,-4.41,-73
1787064482524,333443,Lumbar,stand,0.08296,-1.027728,-0.198128,1.54,-2.87,-2.38,-73
1787064482524,333460,Lumbar,stand,0.073688,-1.012112,-0.20008,4.83,-1.75,-0.63,-73
1787064482524,333477,Lumbar,stand,0.071736,-1.0004,-0.213256,6.09,-2.52,0.35,-73
1787064482524,333509,Lumbar,stand,0.079544,-0.976488,-0.203984,5.32,-5.53,1.68,-73
1787064482524,333526,Lumbar,stand,0.080032,-0.987224,-0.191784,5.04,-5.11,4.06,-73
1787064482524,333543,Lumbar,stand,0.081008,-0.98332,-0.19276,7.28,-3.85,4.34,-73
1787064482524,333560,Lumbar,stand,0.07564,-0.958432,-0.192272,7.49,-2.87,3.57,-73
1787064482524,333577,Lumbar,stand,0.065392,-0.944768,-0.190808,4.34,-0.42,2.03,-73
1787064482884,333754,Lumbar,stand,0.06588,-0.95648,-0.213256,11.34,-11.62,8.12,-73
1787064482884,333785,Lumbar,stand,0.066368,-0.895968,-0.166408,5.74,-2.87,2.24,-73
1787064482884,333802,Lumbar,stand,0.062952,-0.9394,-0.15616,0,0.49,-0.49,-73
1787064482884,333819,Lumbar,stand,0.056608,-0.967704,-0.16836,-1.19,2.66,0,-73
1787064482884,333836,Lumbar,stand,0.05368,-0.967704,-0.171288,-0.98,3.5,-0.21,-73
1787064482884,333867,Lumbar,stand,0.061,-0.960872,-0.19032,-2.17,3.85,-2.52,-73
1787064482884,333884,Lumbar,stand,0.061976,-0.97356,-0.184952,-1.96,1.05,-3.57,-73
1787064482884,333901,Lumbar,stand,0.06344,-0.970632,-0.182512,-1.68,-0.28,-3.57,-73
1787064482884,333918,Lumbar,stand,0.066368,-0.96136,-0.189344,-3.36,-0.63,-3.64,-73
1787064482884,333935,Lumbar,stand,0.076616,-0.979416,-0.20008,-5.25,-1.61,-3.71,-73
1787064483241,334111,Lumbar,stand,0.066368,-0.970632,-0.183488,-0.35,1.61,0.07,-73
1787064483241,334142,Lumbar,stand,0.060512,-0.964776,-0.182512,-0.63,1.4,-0.28,-73
1787064483241,334159,Lumbar,stand,0.05856,-0.967216,-0.19276,-1.33,1.33,-1.4,-73
1787064483241,334176,Lumbar,stand,0.059048,-0.97356,-0.19276,-0.98,-0.98,-2.1,-73
1787064483241,334193,Lumbar,stand,0.061976,-0.976976,-0.189344,-0.49,-2.03,-2.1,-73
1787064483241,334224,Lumbar,stand,0.06832,-0.969168,-0.193248,-1.89,-3.78,-2.1,-73
1787064483241,334241,Lumbar,stand,0.071736,-0.97844,-0.193736,-1.47,-4.34,-2.31,-73
1787064483241,334258,Lumbar,stand,0.076128,-0.996984,-0.19764,0.14,-5.81,-2.03,-73
1787064483241,334275,Lumbar,stand,0.081984,-1.038464,-0.203008,2.03,-7.35,1.12,-73
1787064483241,334292,Lumbar,stand,0.086864,-1.02236,-0.217648,6.93,-7.84,4.97,-73
1787064483603,334469,Lumbar,stand,0.069784,-0.953552,-0.166896,-2.52,4.41,-5.46,-73
1787064483603,334501,Lumbar,stand,0.08296,-0.977952,-0.202032,-4.06,0.56,-5.39,-73
1787064483603,334518,Lumbar,stand,0.084912,-0.995032,-0.201544,-2.17,-1.05,-4.13,-73
1787064483603,334536,Lumbar,stand,0.087352,-0.996008,-0.199104,-0.28,-1.12,-3.22,-73
1787064483603,334552,Lumbar,stand,0.092232,-0.995032,-0.196664,0.7,-0.91,-2.8,-73
1787064483603,334569,Lumbar,stand,0.091256,-0.985272,-0.194712,1.89,-0.07,-1.96,-73
1787064483603,334600,Lumbar,stand,0.088816,-0.97112,-0.20008,2.03,-0.07,-1.33,-73
1787064483603,334617,Lumbar,stand,0.082472,-0.964776,-0.199104,2.03,-0.49,-1.33,-73
1787064483603,334634,Lumbar,stand,0.079056,-0.965264,-0.194712,1.19,-1.33,-1.4,-73
1787064483603,334651,Lumbar,stand,0.077592,-0.96868,-0.193736,0.63,-1.26,-1.54,-73
1787064483962,334829,Lumbar,stand,0.091744,-0.969656,-0.195688,0.77,-1.75,-0.98,-71
1787064483962,334861,Lumbar,stand,0.10004,-0.970144,-0.186416,1.4,-1.61,-0.91,-71
1787064483962,334878,Lumbar,stand,0.101992,-0.972096,-0.191784,1.4,-1.12,-0.63,-71
1787064483962,334895,Lumbar,stand,0.100528,-0.977464,-0.19764,1.54,-1.05,-0.35,-71
1787064483962,334912,Lumbar,stand,0.098576,-0.976976,-0.198616,1.75,-1.26,-0.21,-71
1787064483962,334930,Lumbar,stand,0.097112,-0.975512,-0.196664,2.31,-1.47,-0.14,-71
1787064483962,334961,Lumbar,stand,0.0976,-0.970144,-0.189832,2.17,-1.68,-0.21,-71
1787064483962,334978,Lumbar,stand,0.10004,-0.967216,-0.189832,2.03,-1.75,-0.07,-71
1787064483962,334995,Lumbar,stand,0.10248,-0.967704,-0.191296,1.47,-1.75,0.21,-71
1787064483962,335012,Lumbar,stand,0.101504,-0.970632,-0.194224,1.19,-1.61,0.56,-71
1787064484317,335189,Lumbar,stand,0.099552,-0.96624,-0.19764,2.17,-1.68,1.26,-71
1787064484317,335220,Lumbar,stand,0.096624,-0.968192,-0.197152,1.82,-1.68,1.4,-71
1787064484317,335237,Lumbar,stand,0.092232,-0.97112,-0.198616,1.75,-2.03,1.33,-71
1787064484317,335254,Lumbar,stand,0.091744,-0.972096,-0.196176,1.89,-2.52,1.26,-71
1787064484317,335271,Lumbar,stand,0.092232,-0.968192,-0.195688,2.1,-2.52,1.12,-71
1787064484317,335302,Lumbar,stand,0.08784,-0.968192,-0.200568,2.1,-2.8,0.7,-71
1787064484317,335319,Lumbar,stand,0.088328,-0.967216,-0.201056,1.89,-2.73,0.49,-71
1787064484317,335336,Lumbar,stand,0.09028,-0.96868,-0.196176,1.47,-2.87,0.42,-71
1787064484317,335353,Lumbar,stand,0.0976,-0.968192,-0.19764,1.26,-2.8,0.56,-71
1787064484317,335370,Lumbar,stand,0.099552,-0.969168,-0.200568,1.05,-2.66,0.91,-71
1787064484674,335544,Lumbar,stand,0.09028,-0.970144,-0.194224,1.19,-0.21,0.35,-71
1787064484674,335575,Lumbar,stand,0.089792,-0.968192,-0.193736,1.54,-1.75,0.21,-71
1787064484674,335592,Lumbar,stand,0.089792,-0.969168,-0.1952,1.4,-2.1,0.07,-71
1787064484674,335609,Lumbar,stand,0.091744,-0.969656,-0.195688,1.26,-2.24,0.07,-71
1787064484674,335626,Lumbar,stand,0.09272,-0.96868,-0.199592,1.12,-2.45,-0.07,-71
1787064484674,335657,Lumbar,stand,0.095648,-0.969168,-0.20008,1.05,-3.15,-0.21,-71
1787064484674,335674,Lumbar,stand,0.096624,-0.972096,-0.198616,1.12,-2.94,-0.07,-71
1787064484674,335691,Lumbar,stand,0.098576,-0.968192,-0.19764,1.54,-2.8,0,-71
1787064484674,335708,Lumbar,stand,0.099064,-0.96868,-0.197152,1.4,-2.38,0.14,-71
1787064484674,335725,Lumbar,stand,0.10004,-0.969168,-0.196664,1.26,-2.03,0.28,-71
1787064485058,335901,Lumbar,stand,0.09516,-0.97356,-0.1952,2.03,-2.45,-0.28,-68
1787064485058,335932,Lumbar,stand,0.098088,-0.970632,-0.193248,2.03,-2.03,-0.28,-68
1787064485058,335949,Lumbar,stand,0.0976,-0.969656,-0.192272,1.89,-1.54,0,-68
1787064485058,335966,Lumbar,stand,0.101016,-0.969168,-0.193736,1.68,-1.19,0.07,-68
1787064485058,335983,Lumbar,stand,0.094672,-0.973072,-0.1952,1.96,-1.61,0.14,-68
1787064485058,336014,Lumbar,stand,0.090768,-0.971608,-0.196176,2.38,-1.54,0.28,-68
1787064485058,336031,Lumbar,stand,0.09516,-0.96868,-0.194712,2.45,-1.4,0.49,-68
1787064485058,336048,Lumbar,stand,0.096624,-0.967704,-0.194224,2.24,-1.47,0.56,-68
1787064485058,336065,Lumbar,stand,0.093696,-0.969656,-0.194224,2.1,-1.47,0.63,-68
1787064485058,336082,Lumbar,stand,0.091744,-0.970632,-0.198616,1.96,-1.82,0.63,-68
1787064485388,336257,Lumbar,stand,0.093208,-0.971608,-0.201544,1.54,-3.01,1.12,-68
1787064485388,336288,Lumbar,stand,0.096624,-0.97112,-0.202032,1.68,-3.15,1.12,-68
1787064485388,336304,Lumbar,stand,0.096624,-0.965752,-0.199104,1.75,-2.94,1.05,-68
1787064485388,336321,Lumbar,stand,0.09516,-0.965752,-0.198128,1.54,-2.45,0.98,-68
1787064485388,336339,Lumbar,stand,0.0976,-0.970144,-0.198128,1.47,-2.1,0.91,-68
1787064485388,336369,Lumbar,stand,0.096136,-0.968192,-0.193248,1.89,-1.54,0.7,-68
1787064485388,336386,Lumbar,stand,0.09272,-0.968192,-0.193248,1.82,-1.12,0.49,-68
1787064485388,336403,Lumbar,stand,0.093208,-0.969656,-0.191784,1.96,-0.98,0.42,-68
1787064485388,336420,Lumbar,stand,0.093208,-0.96624,-0.193248,1.82,-0.77,0.42,-68
1787064485388,336437,Lumbar,stand,0.094184,-0.968192,-0.195688,1.33,-0.84,0.35,-68
1787064485744,336614,Lumbar,stand,0.099064,-0.969168,-0.194224,1.4,-0.28,0.14,-68
1787064485744,336645,Lumbar,stand,0.090768,-0.970632,-0.1952,2.03,-1.33,0.14,-68
1787064485744,336662,Lumbar,stand,0.09028,-0.970632,-0.193736,2.03,-1.12,0.07,-68
1787064485744,336679,Lumbar,stand,0.093696,-0.971608,-0.191784,1.89,-0.98,0.21,-68
1787064485744,336696,Lumbar,stand,0.0976,-0.972096,-0.193736,2.03,-0.77,0.35,-68
1787064485744,336727,Lumbar,stand,0.094672,-0.972096,-0.196176,2.17,-1.26,0.42,-68
1787064485744,336744,Lumbar,stand,0.09272,-0.97112,-0.195688,2.17,-1.47,0.42,-68
1787064485744,336761,Lumbar,stand,0.092232,-0.969168,-0.191784,2.24,-1.75,0.28,-68
1787064485744,336778,Lumbar,stand,0.091744,-0.970144,-0.189832,2.1,-1.89,0.07,-68
1787064485744,336795,Lumbar,stand,0.093208,-0.970632,-0.189344,2.31,-2.1,0.07,-68
1787064486105,336971,Lumbar,stand,0.098576,-0.96868,-0.194224,1.89,-2.03,0.49,-66
1787064486105,337002,Lumbar,stand,0.096624,-0.972096,-0.191296,2.1,-1.96,0.35,-66
1787064486105,337019,Lumbar,stand,0.097112,-0.970632,-0.190808,2.17,-1.96,0.42,-66
1787064486105,337036,Lumbar,stand,0.098576,-0.97112,-0.194224,2.1,-1.96,0.35,-66
1787064486105,337053,Lumbar,stand,0.10004,-0.96868,-0.194712,2.1,-2.1,0.42,-66
1787064486105,337084,Lumbar,stand,0.101016,-0.968192,-0.191784,1.75,-1.82,0.28,-66
1787064486105,337101,Lumbar,stand,0.103456,-0.969656,-0.193248,1.75,-1.54,0.35,-66
1787064486105,337118,Lumbar,stand,0.101504,-0.970632,-0.191784,2.1,-1.26,0.49,-66
1787064486105,337135,Lumbar,stand,0.10004,-0.969656,-0.194224,2.17,-0.98,0.28,-66
1787064486105,337152,Lumbar,stand,0.098088,-0.969656,-0.196176,2.1,-0.98,0.14,-66
1787064486461,337328,Lumbar,stand,0.101016,-0.97112,-0.191296,1.47,-0.84,0.63,-66
1787064486461,337359,Lumbar,stand,0.091744,-0.972096,-0.192272,2.31,-0.7,0.84,-66
1787064486461,337376,Lumbar,stand,0.09516,-0.970632,-0.190808,2.03,-0.42,0.77,-66
1787064486461,337393,Lumbar,stand,0.099064,-0.972584,-0.187392,2.17,-0.42,0.77,-66
1787064486461,337410,Lumbar,stand,0.098576,-0.972096,-0.18788,2.17,-0.63,0.77,-66
1787064486461,337441,Lumbar,stand,0.094184,-0.973072,-0.190808,2.38,-1.33,0.56,-66
1787064486461,337458,Lumbar,stand,0.0976,-0.967216,-0.190808,2.31,-1.47,0.56,-66
1787064486461,337475,Lumbar,stand,0.099064,-0.975512,-0.186904,2.03,-1.68,0.35,-66
1787064486461,337492,Lumbar,stand,0.098576,-0.978928,-0.186416,2.24,-1.54,0.56,-66
1787064486461,337509,Lumbar,stand,0.099064,-0.967704,-0.186904,2.8,-1.68,0.63,-66
1787064486819,337686,Lumbar,stand,0.096136,-0.971608,-0.183976,2.45,-2.66,0.49,-66
1787064486819,337717,Lumbar,stand,0.100528,-0.97356,-0.182512,2.31,-2.03,0.77,-66
1787064486819,337734,Lumbar,stand,0.099552,-0.972584,-0.180072,2.52,-1.61,0.91,-66
1787064486819,337752,Lumbar,stand,0.094184,-0.970144,-0.183488,2.31,-1.68,0.77,-66
1787064486819,337769,Lumbar,stand,0.090768,-0.969656,-0.184952,1.89,-2.31,0.42,-66
1787064486819,337800,Lumbar,stand,0.092232,-0.96868,-0.183488,1.68,-2.87,0.28,-66
1787064486819,337817,Lumbar,stand,0.09516,-0.972584,-0.183976,1.54,-3.01,0.07,-66
1787064486819,337834,Lumbar,stand,0.098088,-0.97112,-0.184464,1.47,-3.22,-0.14,-66
1787064486819,337851,Lumbar,stand,0.10004,-0.975024,-0.182024,1.68,-3.22,0.07,-66
1787064486819,337868,Lumbar,stand,0.097112,-0.970632,-0.180072,2.1,-2.94,0.21,-66
1787064487176,338044,Lumbar,stand,0.093208,-0.96868,-0.183488,2.45,-2.8,0.49,-66
1787064487176,338074,Lumbar,stand,0.094184,-0.976488,-0.178608,1.96,-2.45,0.56,-66
1787064487176,338092,Lumbar,stand,0.098088,-0.972096,-0.182024,2.03,-2.38,0.91,-66
1787064487176,338108,Lumbar,stand,0.09516,-0.974048,-0.18056,2.17,-2.8,1.05,-66
1787064487176,338125,Lumbar,stand,0.091744,-0.974536,-0.179584,2.24,-2.66,1.05,-66
1787064487176,338156,Lumbar,stand,0.095648,-0.96868,-0.18056,1.68,-1.89,0.91,-66
1787064487176,338173,Lumbar,stand,0.096624,-0.970632,-0.182024,1.68,-2.03,0.84,-66
1787064487176,338190,Lumbar,stand,0.094184,-0.974048,-0.184464,1.82,-2.17,0.84,-66
1787064487176,338207,Lumbar,stand,0.094184,-0.973072,-0.187392,1.96,-2.31,0.84,-66
1787064487176,338224,Lumbar,stand,0.094184,-0.972584,-0.18788,1.82,-2.24,0.84,-66
1787064487533,338400,Lumbar,stand,0.092232,-0.970632,-0.182512,1.68,-1.47,0.49,-67
1787064487533,338431,Lumbar,stand,0.095648,-0.971608,-0.189832,1.54,-1.54,-0.07,-67
1787064487533,338448,Lumbar,stand,0.098576,-0.971608,-0.189344,1.54,-1.89,-0.21,-67
1787064487533,338465,Lumbar,stand,0.099552,-0.973072,-0.188368,1.68,-2.03,0.07,-67
1787064487533,338482,Lumbar,stand,0.097112,-0.971608,-0.183488,1.96,-1.89,0.14,-67
1787064487533,338513,Lumbar,stand,0.094672,-0.968192,-0.183976,1.82,-1.54,0.14,-67
1787064487533,338530,Lumbar,stand,0.09272,-0.97112,-0.183,1.54,-1.47,0.14,-67
1787064487533,338547,Lumbar,stand,0.090768,-0.972584,-0.181536,1.33,-1.54,0.07,-67
1787064487533,338564,Lumbar,stand,0.090768,-0.97356,-0.182024,1.33,-1.75,0.07,-67
1787064487533,338581,Lumbar,stand,0.094184,-0.972584,-0.18056,1.26,-1.96,0.07,-67
1787064487891,338757,Lumbar,stand,0.098088,-0.970144,-0.182512,1.68,-2.1,0.14,-67
1787064487891,338788,Lumbar,stand,0.097112,-0.96868,-0.183976,1.05,-2.17,-0.07,-67
1787064487891,338805,Lumbar,stand,0.097112,-0.97356,-0.183488,1.05,-2.31,0,-67
1787064487891,338822,Lumbar,stand,0.101016,-0.972584,-0.184464,1.12,-2.45,-0.07,-67
1787064487891,338839,Lumbar,stand,0.101992,-0.97112,-0.186904,1.82,-2.59,-0.21,-67
1787064487891,338870,Lumbar,stand,0.100528,-0.97112,-0.182512,2.24,-2.59,-0.56,-67
1787064487891,338887,Lumbar,stand,0.099064,-0.97112,-0.18056,1.75,-2.1,-0.49,-67
1787064487891,338904,Lumbar,stand,0.101504,-0.974048,-0.18056,1.47,-2.1,-0.35,-67
1787064487891,338921,Lumbar,stand,0.104432,-0.972584,-0.183,1.47,-2.38,0.14,-67
1787064487891,338938,Lumbar,stand,0.103944,-0.974048,-0.182512,1.47,-2.45,0.35,-67
1787064488249,339114,Lumbar,stand,0.099552,-0.969168,-0.184464,1.96,-1.89,0.21,-67
1787064488249,339145,Lumbar,stand,0.101504,-0.969168,-0.18544,1.61,-2.31,0.14,-67
1787064488249,339162,Lumbar,stand,0.0976,-0.974048,-0.185928,1.82,-2.38,-0.07,-67
1787064488249,339180,Lumbar,stand,0.096136,-0.973072,-0.183,2.03,-2.59,-0.14,-67
1787064488249,339197,Lumbar,stand,0.098088,-0.976488,-0.178608,2.1,-3.22,-0.21,-67
1787064488249,339228,Lumbar,stand,0.101016,-0.976976,-0.176656,3.15,-3.85,0.21,-67
1787064488249,339245,Lumbar,stand,0.099064,-0.974048,-0.179584,3.01,-4.06,0.63,-67
1787064488249,339262,Lumbar,stand,0.096624,-0.97356,-0.184464,2.52,-3.71,0.77,-67
1787064488249,339279,Lumbar,stand,0.096624,-0.972584,-0.189832,2.66,-3.64,0.7,-67
1787064488249,339296,Lumbar,stand,0.0976,-0.975512,-0.188856,3.01,-3.85,0.7,-67
1787064488607,339472,Lumbar,stand,0.099552,-0.971608,-0.18056,1.33,-1.61,0.28,-67
1787064488607,339503,Lumbar,stand,0.098088,-0.970632,-0.178608,1.61,-1.19,0.07,-67
1787064488607,339520,Lumbar,stand,0.100528,-0.97112,-0.175192,1.47,-1.19,-0.07,-67
1787064488607,339538,Lumbar,stand,0.10248,-0.975512,-0.175192,1.33,-0.56,-0.21,-67
1787064488607,339555,Lumbar,stand,0.102968,-0.976,-0.181048,1.68,-0.28,0.14,-67
1787064488607,339586,Lumbar,stand,0.09516,-0.971608,-0.181048,2.17,-0.84,0.14,-67
1787064488607,339603,Lumbar,stand,0.09516,-0.971608,-0.182024,1.96,-0.91,0.14,-67
1787064488607,339620,Lumbar,stand,0.096136,-0.973072,-0.181536,1.54,-1.05,0.28,-67
1787064488607,339637,Lumbar,stand,0.098088,-0.970632,-0.18056,1.4,-1.19,0.42,-67
1787064488607,339654,Lumbar,stand,0.10004,-0.972096,-0.178608,1.19,-0.98,0.42,-67
1787064488963,339830,Lumbar,stand,0.095648,-0.970144,-0.176168,1.47,-2.73,-0.07,-67
1787064488963,339861,Lumbar,stand,0.098576,-0.97356,-0.176168,0.98,-3.01,-0.07,-67
1787064488963,339879,Lumbar,stand,0.100528,-0.974536,-0.18056,0.98,-3.5,0,-67
1787064488963,339895,Lumbar,stand,0.0976,-0.975512,-0.18056,0.91,-3.92,-0.14,-67
1787064488963,339911,Lumbar,stand,0.098576,-0.977464,-0.181048,0.91,-3.92,-0.07,-67
1787064488963,339942,Lumbar,stand,0.10004,-0.970632,-0.175192,1.33,-3.71,-0.07,-67
1787064488963,339959,Lumbar,stand,0.101016,-0.971608,-0.17812,1.19,-3.78,-0.07,-67
1787064488963,339976,Lumbar,stand,0.102968,-0.971608,-0.177632,1.4,-3.85,0,-67
1787064488963,339993,Lumbar,stand,0.107848,-0.969168,-0.18056,0.91,-3.43,0,-67
1787064488963,340010,Lumbar,stand,0.106384,-0.974048,-0.183,0.98,-3.22,0.07,-67
1787064489322,340185,Lumbar,stand,0.101016,-0.966728,-0.185928,3.22,-1.96,0.84,-67
1787064489322,340216,Lumbar,stand,0.099064,-0.967216,-0.186416,1.96,-1.96,0.49,-67
1787064489322,340233,Lumbar,stand,0.099064,-0.969168,-0.182512,1.96,-1.82,0.35,-67
1787064489322,340250,Lumbar,stand,0.097112,-0.969656,-0.17812,1.89,-1.75,0.21,-67
1787064489322,340267,Lumbar,stand,0.097112,-0.97112,-0.18056,1.75,-1.82,0.28,-67
1787064489322,340298,Lumbar,stand,0.09516,-0.971608,-0.181048,1.68,-2.31,0.28,-67
1787064489322,340315,Lumbar,stand,0.093696,-0.970144,-0.182512,1.4,-2.59,0.14,-67
1787064489322,340332,Lumbar,stand,0.093696,-0.972584,-0.183,1.33,-2.59,0,-67
1787064489322,340349,Lumbar,stand,0.091256,-0.973072,-0.183,1.61,-3.08,0,-67
1787064489322,340366,Lumbar,stand,0.089792,-0.974536,-0.176656,1.89,-3.57,-0.21,-67
1787064489696,340542,Lumbar,stand,0.099552,-0.974048,-0.183,3.01,-5.46,0,-66
1787064489696,340574,Lumbar,stand,0.103944,-0.969656,-0.183976,2.38,-4.55,0.42,-66
1787064489696,340591,Lumbar,stand,0.103944,-0.965264,-0.184464,2.17,-4.06,0.56,-66
1787064489696,340608,Lumbar,stand,0.101504,-0.97112,-0.182512,1.47,-4.34,0.63,-66
1787064489696,340625,Lumbar,stand,0.102968,-0.97112,-0.181536,1.61,-4.76,0.77,-66
1787064489696,340656,Lumbar,stand,0.107848,-0.96868,-0.182024,1.33,-3.92,1.12,-66
1787064489696,340673,Lumbar,stand,0.107848,-0.97356,-0.179584,1.4,-3.43,1.61,-66
1787064489696,340690,Lumbar,stand,0.110288,-0.974536,-0.173728,1.75,-2.17,1.89,-66
1787064489696,340707,Lumbar,stand,0.1098,-0.973072,-0.179096,1.96,-0.91,2.1,-66
1787064489696,340724,Lumbar,stand,0.105896,-0.969656,-0.182512,1.89,-0.7,2.03,-66
1787064490035,340899,Lumbar,stand,0.090768,-0.975512,-0.172264,1.61,-0.49,0.98,-66
1787064490035,340930,Lumbar,stand,0.094672,-0.970632,-0.179584,1.12,0.14,0.91,-66
1787064490035,340947,Lumbar,stand,0.09272,-0.972096,-0.179584,1.33,0,0.98,-66
1787064490035,340964,Lumbar,stand,0.090768,-0.974048,-0.176168,1.19,0.14,0.91,-66
1787064490035,340981,Lumbar,stand,0.093208,-0.975024,-0.176168,1.05,0.49,0.84,-66
1787064490035,341012,Lumbar,stand,0.09028,-0.976488,-0.176168,1.47,0,0.84,-66
1787064490035,341029,Lumbar,stand,0.088328,-0.974536,-0.17812,1.75,-0.56,0.77,-66
1787064490035,341046,Lumbar,stand,0.09028,-0.97356,-0.182024,1.61,-0.91,0.56,-66
1787064490035,341063,Lumbar,stand,0.094184,-0.974536,-0.181048,1.75,-1.12,0.49,-66
1787064490035,341080,Lumbar,stand,0.098088,-0.975512,-0.17812,1.89,-1.19,0.63,-66
1787064490393,341255,Lumbar,stand,0.096624,-0.972584,-0.181536,1.12,-3.64,-0.49,-66
1787064490393,341287,Lumbar,stand,0.096624,-0.974536,-0.181536,1.33,-4.06,-0.35,-66
1787064490393,341304,Lumbar,stand,0.0976,-0.97112,-0.182512,1.26,-4.2,-0.49,-66
1787064490393,341321,Lumbar,stand,0.098576,-0.971608,-0.181048,1.19,-4.34,-0.56,-66
1787064490393,341338,Lumbar,stand,0.098088,-0.973072,-0.180072,1.12,-4.48,-0.49,-66
1787064490393,341369,Lumbar,stand,0.099064,-0.974536,-0.179096,1.75,-4.27,-0.42,-66
1787064490393,341386,Lumbar,stand,0.100528,-0.97112,-0.178608,1.75,-3.43,-0.42,-66
1787064490393,341403,Lumbar,stand,0.10248,-0.968192,-0.179584,1.19,-3.29,-0.49,-66
1787064490393,341420,Lumbar,stand,0.101016,-0.97844,-0.179096,1.12,-3.43,-0.35,-66
1787064490393,341437,Lumbar,stand,0.102968,-0.978928,-0.177632,2.03,-3.57,0.21,-66
1787064490755,341614,Lumbar,stand,0.096136,-0.968192,-0.177632,1.89,-1.75,0.49,-66
1787064490755,341646,Lumbar,stand,0.094672,-0.974048,-0.179096,1.54,-1.47,0.35,-66
1787064490755,341663,Lumbar,stand,0.095648,-0.972584,-0.182024,1.61,-1.05,0.35,-66
1787064490755,341680,Lumbar,stand,0.097112,-0.971608,-0.18056,1.54,-1.26,0.35,-66
1787064490755,341697,Lumbar,stand,0.098576,-0.972584,-0.178608,1.61,-1.12,0.49,-66
1787064490755,341714,Lumbar,stand,0.096624,-0.972096,-0.182024,1.54,-1.12,0.56,-66
1787064490755,341745,Lumbar,stand,0.096136,-0.968192,-0.186416,1.12,-1.33,0.56,-66
1787064490755,341762,Lumbar,stand,0.0976,-0.97356,-0.184952,1.05,-1.26,0.56,-66
1787064490755,341779,Lumbar,stand,0.100528,-0.975024,-0.179096,1.26,-1.12,0.63,-66
1787064490755,341796,Lumbar,stand,0.098088,-0.974536,-0.178608,1.47,-1.33,0.7,-66
1787064491114,341973,Lumbar,stand,0.10248,-0.971608,-0.183488,0.21,-3.15,-0.28,-67
1787064491114,342005,Lumbar,stand,0.099552,-0.974048,-0.182512,0.49,-2.45,-0.28,-67
1787064491114,342022,Lumbar,stand,0.098576,-0.971608,-0.183,0.42,-2.17,-0.14,-67
1787064491114,342039,Lumbar,stand,0.099064,-0.971608,-0.184464,0.28,-2.1,0.07,-67
1787064491114,342056,Lumbar,stand,0.099552,-0.97112,-0.18544,0.21,-2.03,0.21,-67
1787064491114,342087,Lumbar,stand,0.100528,-0.967704,-0.18788,-0.56,-1.33,0.07,-67
1787064491114,342104,Lumbar,stand,0.099552,-0.969168,-0.187392,-0.49,-1.47,-0.35,-67
1787064491114,342121,Lumbar,stand,0.096624,-0.975024,-0.18788,0.07,-1.75,-0.42,-67
1787064491114,342138,Lumbar,stand,0.0976,-0.976976,-0.190808,0.56,-2.66,-0.21,-67
1787064491114,342155,Lumbar,stand,0.101992,-0.975024,-0.191784,1.05,-2.87,0.14,-67
1787064491474,342332,Lumbar,stand,0.098088,-0.967216,-0.181536,1.54,-0.14,-0.07,-67
1787064491474,342364,Lumbar,stand,0.098088,-0.974536,-0.188856,1.19,-0.21,-0.21,-67
1787064491474,342381,Lumbar,stand,0.099552,-0.969656,-0.189832,1.68,-1.12,-0.14,-67
1787064491474,342399,Lumbar,stand,0.099064,-0.967704,-0.186416,1.75,-1.47,-0.28,-67
1787064491474,342416,Lumbar,stand,0.099552,-0.968192,-0.184952,1.61,-1.26,-0.49,-67
1787064491474,342433,Lumbar,stand,0.101504,-0.969168,-0.183976,1.19,-1.12,-0.56,-67
1787064491474,342464,Lumbar,stand,0.108336,-0.971608,-0.183976,1.47,-0.7,-0.49,-67
1787064491474,342481,Lumbar,stand,0.105896,-0.97356,-0.18544,1.47,-0.91,-0.42,-67
1787064491474,342498,Lumbar,stand,0.104432,-0.971608,-0.187392,1.61,-1.4,0,-67
1787064491474,342515,Lumbar,stand,0.100528,-0.96868,-0.187392,1.12,-1.68,0.07,-67
1787064491833,342692,Lumbar,stand,0.105896,-0.96868,-0.188368,1.61,-2.17,0.35,-67
1787064491833,342723,Lumbar,stand,0.106384,-0.972584,-0.185928,1.89,-1.89,0.35,-67
1787064491833,342740,Lumbar,stand,0.106872,-0.97112,-0.186904,2.03,-1.54,0.42,-67
1787064491833,342758,Lumbar,stand,0.106384,-0.970632,-0.188856,2.17,-1.47,0.49,-67
1787064491833,342775,Lumbar,stand,0.108336,-0.968192,-0.191784,2.17,-1.61,0.42,-67
1787064491833,342792,Lumbar,stand,0.108336,-0.966728,-0.192272,2.1,-1.82,0.35,-67
1787064491833,342823,Lumbar,stand,0.108824,-0.968192,-0.189832,1.47,-2.03,0.35,-67
1787064491833,342840,Lumbar,stand,0.108824,-0.968192,-0.190808,1.4,-1.89,0.21,-67
1787064491833,342857,Lumbar,stand,0.105408,-0.970632,-0.189832,1.47,-2.03,0.14,-67
1787064491833,342874,Lumbar,stand,0.10492,-0.975024,-0.188368,1.61,-2.03,0.21,-67
1787064492195,343051,Lumbar,stand,0.108336,-0.96868,-0.186904,1.54,-1.82,0.07,-70
1787064492195,343083,Lumbar,stand,0.10492,-0.972096,-0.191784,1.75,-1.4,0.07,-70
1787064492195,343100,Lumbar,stand,0.102968,-0.971608,-0.193248,1.82,-1.61,0.14,-70
1787064492195,343118,Lumbar,stand,0.103456,-0.969168,-0.189832,2.03,-2.1,0.14,-70
1787064492195,343135,Lumbar,stand,0.103944,-0.969168,-0.183976,1.89,-2.1,0.07,-70
1787064492195,343152,Lumbar,stand,0.10492,-0.971608,-0.184464,1.82,-1.89,0.07,-70
1787064492195,343183,Lumbar,stand,0.10492,-0.96868,-0.186416,1.96,-1.82,0.14,-70
1787064492195,343200,Lumbar,stand,0.106384,-0.970632,-0.18788,1.89,-2.03,0.07,-70
1787064492195,343217,Lumbar,stand,0.105408,-0.972096,-0.191296,1.96,-2.24,0.21,-70
1787064492195,343234,Lumbar,stand,0.105408,-0.967216,-0.192272,2.03,-2.52,0.14,-70
1787064492552,343410,Lumbar,stand,0.1098,-0.968192,-0.186904,1.4,-2.24,0,-70
1787064492552,343442,Lumbar,stand,0.109312,-0.969168,-0.187392,1.19,-2.31,-0.14,-70
1787064492552,343459,Lumbar,stand,0.109312,-0.972096,-0.18544,1.12,-2.17,-0.14,-70
1787064492552,343477,Lumbar,stand,0.109312,-0.973072,-0.183488,1.4,-2.17,-0.14,-70
1787064492552,343494,Lumbar,stand,0.110288,-0.971608,-0.181536,1.54,-2.1,-0.14,-70
1787064492552,343512,Lumbar,stand,0.111264,-0.972096,-0.180072,1.54,-1.89,0,-70
1787064492552,343542,Lumbar,stand,0.110288,-0.970144,-0.18544,1.47,-1.82,0.07,-70
1787064492552,343559,Lumbar,stand,0.110288,-0.969656,-0.186904,1.47,-2.17,0.07,-70
1787064492552,343576,Lumbar,stand,0.109312,-0.972584,-0.184952,1.4,-2.17,0.14,-70
1787064492552,343593,Lumbar,stand,0.108824,-0.974048,-0.185928,1.54,-1.89,0.35,-70
1787064492913,343770,Lumbar,stand,0.107848,-0.967704,-0.183488,1.68,-1.47,0.56,-70
1787064492913,343802,Lumbar,stand,0.110288,-0.969656,-0.18788,1.47,-2.03,0.42,-70
1787064492913,343819,Lumbar,stand,0.107848,-0.970144,-0.187392,1.47,-2.24,0.42,-70
1787064492913,343837,Lumbar,stand,0.10736,-0.96868,-0.183976,1.68,-2.17,0.28,-70
1787064492913,343854,Lumbar,stand,0.109312,-0.96868,-0.182024,1.75,-1.96,0.21,-70
1787064492913,343871,Lumbar,stand,0.1098,-0.968192,-0.181536,1.61,-1.82,0.14,-70
1787064492913,343902,Lumbar,stand,0.111752,-0.969168,-0.183488,1.26,-1.82,0.21,-70
1787064492913,343920,Lumbar,stand,0.110776,-0.972584,-0.186416,1.33,-1.68,0.21,-70
1787064492913,343937,Lumbar,stand,0.107848,-0.97112,-0.186416,1.47,-1.68,0.14,-70
1787064492913,343954,Lumbar,stand,0.10736,-0.969168,-0.186416,1.47,-1.75,0.14,-70
1787064493282,344130,Lumbar,stand,0.110288,-0.972584,-0.18788,1.26,-1.82,0.14,-69
1787064493282,344162,Lumbar,stand,0.110776,-0.96868,-0.185928,1.68,-1.82,0.21,-69
1787064493282,344179,Lumbar,stand,0.11224,-0.970144,-0.183976,1.4,-2.03,0.21,-69
1787064493282,344197,Lumbar,stand,0.111264,-0.972584,-0.184464,1.61,-2.03,0.28,-69
1787064493282,344214,Lumbar,stand,0.111264,-0.970632,-0.18544,1.89,-2.03,0.42,-69
1787064493282,344231,Lumbar,stand,0.110288,-0.968192,-0.185928,1.89,-2.03,0.35,-69
1787064493282,344262,Lumbar,stand,0.110776,-0.970144,-0.185928,1.47,-2.31,0.28,-69
1787064493282,344279,Lumbar,stand,0.110776,-0.970632,-0.183,1.12,-2.38,0.28,-69
1787064493282,344296,Lumbar,stand,0.11224,-0.970144,-0.183,1.05,-2.38,0.35,-69
1787064493282,344313,Lumbar,stand,0.11224,-0.97112,-0.184464,1.33,-2.45,0.28,-69
1787064493629,344488,Lumbar,stand,0.112728,-0.971608,-0.186904,1.68,-2.94,0.42,-69
1787064493629,344519,Lumbar,stand,0.108824,-0.970632,-0.188856,1.61,-3.29,0.35,-69
1787064493629,344536,Lumbar,stand,0.111264,-0.969656,-0.187392,1.61,-3.15,0.28,-69
1787064493629,344553,Lumbar,stand,0.11224,-0.96868,-0.18544,1.61,-3.01,0.21,-69
1787064493629,344570,Lumbar,stand,0.113704,-0.969168,-0.18544,1.54,-2.8,0.21,-69
1787064493629,344601,Lumbar,stand,0.113216,-0.96868,-0.187392,1.61,-2.45,0.14,-69
1787064493629,344618,Lumbar,stand,0.113704,-0.966728,-0.188368,1.54,-2.38,0.14,-69
1787064493629,344635,Lumbar,stand,0.113216,-0.96868,-0.188368,1.4,-2.45,0.21,-69
1787064493629,344652,Lumbar,stand,0.114192,-0.970632,-0.188856,1.47,-2.52,0.21,-69
1787064493629,344669,Lumbar,stand,0.117608,-0.970144,-0.187392,1.12,-2.31,0.07,-69
1787064493987,344845,Lumbar,stand,0.111264,-0.970144,-0.189832,1.4,-1.61,0.63,-69
1787064493987,344877,Lumbar,stand,0.110288,-0.970632,-0.18788,1.47,-1.82,0.91,-69
1787064493987,344894,Lumbar,stand,0.108336,-0.969656,-0.185928,1.75,-2.03,0.84,-69
1787064493987,344912,Lumbar,stand,0.106872,-0.966728,-0.18788,1.68,-1.68,0.63,-69
1787064493987,344929,Lumbar,stand,0.108336,-0.966728,-0.188368,1.54,-1.54,0.56,-69
1787064493987,344946,Lumbar,stand,0.110288,-0.965752,-0.190808,1.61,-1.61,0.49,-69
1787064493987,344977,Lumbar,stand,0.105896,-0.965264,-0.190808,1.68,-2.52,0.42,-69
1787064493987,344994,Lumbar,stand,0.10736,-0.969168,-0.185928,1.54,-2.45,0.35,-69
1787064493987,345011,Lumbar,stand,0.10736,-0.970144,-0.184464,1.68,-2.03,0.42,-69
1787064493987,345028,Lumbar,stand,0.108336,-0.970144,-0.186904,1.75,-2.03,0.42,-69
1787064494413,345260,Lumbar,stand,0.113216,-0.965752,-0.18788,1.61,-2.17,0.07,-69
1787064494413,345290,Lumbar,stand,0.11712,-0.968192,-0.182512,1.82,-1.61,0.14,-69
1787064494413,345308,Lumbar,stand,0.116144,-0.967704,-0.181536,1.82,-1.61,0.21,-69
1787064494413,345325,Lumbar,stand,0.113704,-0.970632,-0.183488,1.54,-1.68,0.28,-69
1787064494413,345342,Lumbar,stand,0.110288,-0.97356,-0.188856,1.54,-1.61,0.42,-69
1787064494413,345372,Lumbar,stand,0.111264,-0.96624,-0.188856,1.47,-2.17,0.35,-69
1787064494413,345389,Lumbar,stand,0.113216,-0.967704,-0.185928,1.33,-2.31,0.21,-69
1787064494413,345405,Lumbar,stand,0.115656,-0.970144,-0.185928,1.54,-1.96,0.28,-69
1787064494413,345422,Lumbar,stand,0.115168,-0.969168,-0.186904,1.61,-1.54,0.28,-69
1787064494413,345453,Lumbar,stand,0.108336,-0.970632,-0.186904,1.75,-1.4,0.28,-69
1787064494773,345630,Lumbar,stand,0.113704,-0.966728,-0.188368,1.89,-1.89,0.42,-69
1787064494773,345662,Lumbar,stand,0.114192,-0.967216,-0.189832,1.47,-2.38,0.28,-69
1787064494773,345679,Lumbar,stand,0.113216,-0.971608,-0.188856,1.4,-2.52,0.42,-69
1787064494773,345697,Lumbar,stand,0.111264,-0.972096,-0.186416,1.68,-2.59,0.42,-69
1787064494773,345714,Lumbar,stand,0.110776,-0.970144,-0.186416,1.89,-2.45,0.35,-69
1787064494773,345731,Lumbar,stand,0.110776,-0.969168,-0.188856,1.75,-2.31,0.35,-69
1787064494773,345762,Lumbar,stand,0.115656,-0.967704,-0.188368,1.68,-2.45,0.42,-69
1787064494773,345779,Lumbar,stand,0.116632,-0.968192,-0.18788,1.68,-2.52,0.49,-69
1787064494773,345796,Lumbar,stand,0.11712,-0.969168,-0.18544,1.4,-2.66,0.77,-69
1787064494773,345813,Lumbar,stand,0.108824,-0.97112,-0.185928,1.54,-2.59,0.7,-69
1787064495133,345989,Lumbar,stand,0.113704,-0.968192,-0.186416,2.1,-1.89,0.56,-69
1787064495133,346021,Lumbar,stand,0.111264,-0.969656,-0.18788,1.89,-2.24,0.63,-69
1787064495133,346038,Lumbar,stand,0.110776,-0.96868,-0.189344,1.96,-2.52,0.63,-69
1787064495133,346055,Lumbar,stand,0.110288,-0.967704,-0.188368,1.61,-2.45,0.63,-69
1787064495133,346072,Lumbar,stand,0.1098,-0.968192,-0.185928,1.47,-2.38,0.7,-69
1787064495133,346103,Lumbar,stand,0.110288,-0.970144,-0.186416,2.03,-2.03,0.56,-69
1787064495133,346120,Lumbar,stand,0.110288,-0.970144,-0.187392,2.1,-2.03,0.49,-69
1787064495133,346137,Lumbar,stand,0.110288,-0.969168,-0.188368,2.03,-2.17,0.49,-69
1787064495133,346154,Lumbar,stand,0.110288,-0.970144,-0.187392,1.96,-2.45,0.56,-69
1787064495133,346170,Lumbar,stand,0.112728,-0.970632,-0.188368,1.96,-2.38,0.56,-69
1787064495494,346347,Lumbar,stand,0.109312,-0.965264,-0.186416,2.17,-2.24,1.05,-69
1787064495494,346379,Lumbar,stand,0.106384,-0.971608,-0.185928,1.82,-2.38,0.91,-69
1787064495494,346396,Lumbar,stand,0.106384,-0.97356,-0.183976,2.24,-2.1,0.77,-69
1787064495494,346414,Lumbar,stand,0.106384,-0.97356,-0.183976,2.66,-2.03,0.77,-69
1787064495494,346431,Lumbar,stand,0.104432,-0.972584,-0.184952,2.73,-2.17,0.7,-69
1787064495494,346448,Lumbar,stand,0.105896,-0.969168,-0.183,2.38,-2.31,0.63,-69
1787064495494,346479,Lumbar,stand,0.111264,-0.96624,-0.18056,1.75,-2.52,0.77,-69
1787064495494,346496,Lumbar,stand,0.108336,-0.967704,-0.182024,1.47,-2.59,0.84,-69
1787064495494,346513,Lumbar,stand,0.10248,-0.972584,-0.181048,1.89,-2.38,0.77,-69
1787064495494,346530,Lumbar,stand,0.103944,-0.970144,-0.179096,2.03,-1.89,0.7,-69
1787064495855,346706,Lumbar,stand,0.110776,-0.974048,-0.179584,1.47,-1.96,0.49,-72
1787064495855,346738,Lumbar,stand,0.109312,-0.970632,-0.183,1.96,-2.38,0.42,-72
1787064495855,346755,Lumbar,stand,0.1098,-0.970144,-0.181048,1.82,-2.45,0.42,-72
1787064495855,346773,Lumbar,stand,0.109312,-0.969168,-0.179584,1.75,-2.1,0.28,-72
1787064495855,346791,Lumbar,stand,0.1098,-0.969656,-0.179584,1.68,-1.89,0.35,-72
1787064495855,346808,Lumbar,stand,0.1098,-0.970632,-0.18056,1.54,-1.61,0.28,-72
1787064495855,346839,Lumbar,stand,0.107848,-0.972096,-0.181536,1.75,-1.75,0.28,-72
1787064495855,346856,Lumbar,stand,0.107848,-0.96868,-0.183488,1.82,-1.82,0.28,-72
1787064495855,346873,Lumbar,stand,0.106872,-0.970632,-0.183,1.68,-2.03,0.21,-72
1787064495855,346890,Lumbar,stand,0.108824,-0.970632,-0.183,1.68,-2.17,0.21,-72
1787064496209,347065,Lumbar,stand,0.105408,-0.973072,-0.183976,1.47,-2.17,0.21,-72
1787064496209,347096,Lumbar,stand,0.106384,-0.970144,-0.181536,1.89,-1.75,0.21,-72
1787064496209,347113,Lumbar,stand,0.106872,-0.970632,-0.184464,1.68,-1.47,0.21,-72
1787064496209,347130,Lumbar,stand,0.107848,-0.97112,-0.184464,1.54,-1.47,0.28,-72
1787064496209,347147,Lumbar,stand,0.109312,-0.970632,-0.183488,1.54,-1.61,0.28,-72
1787064496209,347178,Lumbar,stand,0.109312,-0.972584,-0.183976,1.47,-2.03,0.56,-72
1787064496209,347195,Lumbar,stand,0.103944,-0.974048,-0.183488,1.89,-1.82,0.63,-72
1787064496209,347212,Lumbar,stand,0.10492,-0.969656,-0.183,2.24,-1.68,0.42,-72
1787064496209,347229,Lumbar,stand,0.108336,-0.969168,-0.181536,1.96,-1.75,0.42,-72
1787064496209,347246,Lumbar,stand,0.109312,-0.97356,-0.182512,1.96,-1.89,0.35,-72
1787064496579,347422,Lumbar,stand,0.108824,-0.969656,-0.186416,2.17,-2.45,0.14,-72
1787064496579,347453,Lumbar,stand,0.111752,-0.97112,-0.182512,1.82,-3.01,0.07,-72
1787064496579,347470,Lumbar,stand,0.111752,-0.972096,-0.179584,1.96,-2.87,0.14,-72
1787064496579,347487,Lumbar,stand,0.109312,-0.971608,-0.18056,1.96,-2.52,0.07,-72
1787064496579,347504,Lumbar,stand,0.106384,-0.969656,-0.181536,1.96,-2.45,-0.07,-72
1787064496579,347535,Lumbar,stand,0.107848,-0.970632,-0.183,1.61,-2.38,-0.07,-72
1787064496579,347552,Lumbar,stand,0.109312,-0.97112,-0.184464,1.47,-2.66,0,-72
1787064496579,347569,Lumbar,stand,0.110776,-0.971608,-0.180072,1.54,-2.8,0.14,-72
1787064496579,347586,Lumbar,stand,0.110288,-0.971608,-0.182512,1.4,-2.45,0.07,-72
1787064496579,347603,Lumbar,stand,0.110776,-0.972096,-0.183,1.47,-2.38,0.21,-72
1787064496924,347779,Lumbar,stand,0.108824,-0.97356,-0.18056,1.82,-2.45,0.63,-72
1787064496924,347810,Lumbar,stand,0.108824,-0.97112,-0.180072,1.75,-2.03,0.49,-72
1787064496924,347827,Lumbar,stand,0.111264,-0.97112,-0.179096,1.61,-1.82,0.49,-72
1787064496924,347844,Lumbar,stand,0.115656,-0.969168,-0.183488,1.4,-2.03,0.7,-72
1787064496924,347862,Lumbar,stand,0.110288,-0.972584,-0.184464,1.47,-2.38,0.77,-72
1787064496924,347893,Lumbar,stand,0.105408,-0.97112,-0.182024,1.89,-2.38,0.7,-72
1787064496924,347910,Lumbar,stand,0.108336,-0.971608,-0.178608,1.61,-2.17,0.7,-72
1787064496924,347927,Lumbar,stand,0.109312,-0.972584,-0.178608,1.68,-1.89,0.7,-72
1787064496924,347944,Lumbar,stand,0.108824,-0.972584,-0.181048,1.61,-1.75,0.77,-72
1787064496924,347961,Lumbar,stand,0.105408,-0.974048,-0.184952,1.47,-1.82,0.77,-72
1787064497283,348137,Lumbar,stand,0.1098,-0.97356,-0.182024,1.33,-2.73,1.12,-76
1787064497283,348168,Lumbar,stand,0.106384,-0.970632,-0.184952,1.75,-2.45,1.12,-76
1787064497283,348185,Lumbar,stand,0.105408,-0.969168,-0.184952,1.75,-2.17,0.98,-76
1787064497283,348202,Lumbar,stand,0.104432,-0.968192,-0.184952,1.89,-2.03,0.7,-76
1787064497283,348219,Lumbar,stand,0.10492,-0.967704,-0.183976,1.75,-1.82,0.63,-76
1787064497283,348250,Lumbar,stand,0.103944,-0.970144,-0.181048,1.68,-2.17,0.42,-76
1787064497283,348267,Lumbar,stand,0.103944,-0.970632,-0.182512,1.47,-2.17,0.49,-76
1787064497283,348284,Lumbar,stand,0.102968,-0.971608,-0.183976,1.33,-2.17,0.49,-76
1787064497283,348301,Lumbar,stand,0.105408,-0.972096,-0.184464,1.4,-2.1,0.49,-76
1787064497283,348318,Lumbar,stand,0.108336,-0.970632,-0.183,1.54,-2.17,0.42,-76
1787064497671,348494,Lumbar,stand,0.107848,-0.970632,-0.179096,2.03,-1.12,0.56,-76
1787064497671,348526,Lumbar,stand,0.106872,-0.972096,-0.17324,1.47,-0.98,0.56,-76
1787064497671,348543,Lumbar,stand,0.106872,-0.974536,-0.17812,1.4,-1.26,0.84,-76
1787064497671,348560,Lumbar,stand,0.103456,-0.976488,-0.181048,1.96,-1.89,0.77,-76
1787064497671,348577,Lumbar,stand,0.101016,-0.974048,-0.18056,2.31,-1.96,0.56,-76
1787064497671,348608,Lumbar,stand,0.108824,-0.971608,-0.180072,1.96,-1.82,0.49,-76
1787064497671,348626,Lumbar,stand,0.110288,-0.971608,-0.182512,2.03,-1.89,0.49,-76
1787064497671,348643,Lumbar,stand,0.109312,-0.970632,-0.183488,1.96,-1.89,0.49,-76
1787064497671,348660,Lumbar,stand,0.106384,-0.970632,-0.18544,1.89,-2.03,0.49,-76
1787064497671,348677,Lumbar,stand,0.104432,-0.97112,-0.184464,2.1,-2.17,0.35,-76
1787064497998,348853,Lumbar,stand,0.105896,-0.970144,-0.181048,1.19,-1.89,-0.07,-76
1787064497998,348884,Lumbar,stand,0.10492,-0.971608,-0.182024,0.98,-1.75,0,-76
1787064497998,348902,Lumbar,stand,0.10492,-0.974536,-0.181536,1.05,-1.96,0.07,-76
1787064497998,348918,Lumbar,stand,0.10492,-0.974536,-0.181048,1.12,-2.03,0.14,-76
1787064497998,348935,Lumbar,stand,0.105896,-0.972584,-0.18056,1.12,-2.1,0.14,-76
1787064497998,348965,Lumbar,stand,0.10492,-0.970144,-0.181536,0.91,-1.82,0.07,-76
1787064497998,348982,Lumbar,stand,0.105408,-0.971608,-0.181048,1.05,-1.68,0.07,-76
1787064497998,348999,Lumbar,stand,0.106872,-0.972584,-0.179584,1.12,-1.54,0.14,-76
1787064497998,349016,Lumbar,stand,0.107848,-0.974536,-0.181048,1.26,-1.54,0.14,-76
1787064497998,349033,Lumbar,stand,0.109312,-0.972584,-0.179096,1.54,-1.61,0.14,-76
1787064498356,349210,Lumbar,stand,0.110776,-0.970632,-0.181536,1.82,-1.61,0.14,-76
1787064498356,349241,Lumbar,stand,0.11224,-0.97112,-0.181536,1.75,-1.89,0.35,-76
1787064498356,349258,Lumbar,stand,0.108824,-0.97112,-0.183,2.24,-2.03,0.42,-76
1787064498356,349275,Lumbar,stand,0.105896,-0.968192,-0.183,2.24,-2.03,0.28,-76
1787064498356,349292,Lumbar,stand,0.107848,-0.96624,-0.178608,1.89,-1.89,0.21,-76
1787064498356,349323,Lumbar,stand,0.1098,-0.973072,-0.179096,1.54,-1.61,0.35,-76
1787064498356,349340,Lumbar,stand,0.10736,-0.973072,-0.183,1.75,-1.4,0.28,-76
1787064498356,349357,Lumbar,stand,0.105896,-0.97356,-0.18544,1.75,-1.75,0.28,-76
1787064498356,349374,Lumbar,stand,0.105408,-0.97112,-0.184952,2.03,-2.17,0.14,-76
1787064498356,349391,Lumbar,stand,0.106872,-0.969168,-0.181536,1.96,-2.38,0.07,-76
1787064498753,349567,Lumbar,stand,0.110288,-0.97112,-0.181048,1.12,-2.03,0.21,-73
1787064498753,349599,Lumbar,stand,0.108336,-0.972096,-0.183488,1.61,-2.03,0.28,-73
1787064498753,349616,Lumbar,stand,0.108336,-0.970144,-0.183,1.47,-2.17,0.21,-73
1787064498753,349633,Lumbar,stand,0.111752,-0.969168,-0.182024,1.33,-2.17,0.28,-73
1787064498753,349650,Lumbar,stand,0.112728,-0.970632,-0.181536,1.4,-2.17,0.21,-73
1787064498753,349681,Lumbar,stand,0.111752,-0.970632,-0.181048,1.33,-1.89,0.28,-73
1787064498753,349698,Lumbar,stand,0.109312,-0.972096,-0.181536,1.26,-1.82,0.28,-73
1787064498753,349715,Lumbar,stand,0.110776,-0.973072,-0.181536,1.4,-1.96,0.28,-73
1787064498753,349732,Lumbar,stand,0.111264,-0.97112,-0.17812,1.47,-1.96,0.28,-73
1787064498753,349749,Lumbar,stand,0.113216,-0.971608,-0.177632,1.47,-1.89,0.42,-73
1787064499073,349924,Lumbar,stand,0.108824,-0.96868,-0.179584,1.33,-1.75,-0.07,-73
1787064499073,349956,Lumbar,stand,0.113704,-0.969656,-0.183,1.26,-1.96,0.14,-73
1787064499073,349972,Lumbar,stand,0.108824,-0.972096,-0.184464,1.19,-2.73,0.21,-73
1787064499073,349989,Lumbar,stand,0.10492,-0.970144,-0.186416,1.68,-3.08,0.14,-73
1787064499073,350006,Lumbar,stand,0.108336,-0.970144,-0.183,1.47,-2.94,0.14,-73
1787064499073,350037,Lumbar,stand,0.113216,-0.972096,-0.179584,1.4,-2.73,0.35,-73
1787064499073,350054,Lumbar,stand,0.110776,-0.971608,-0.183976,1.61,-2.66,0.35,-73
1787064499073,350071,Lumbar,stand,0.108336,-0.972096,-0.185928,1.75,-2.94,0.35,-73
1787064499073,350088,Lumbar,stand,0.10736,-0.971608,-0.187392,1.89,-3.15,0.28,-73
1787064499073,350105,Lumbar,stand,0.108336,-0.969168,-0.185928,2.03,-3.43,0.14,-73
1787064499428,350282,Lumbar,stand,0.113704,-0.969168,-0.184464,1.47,-2.8,0.21,-73
1787064499428,350314,Lumbar,stand,0.113704,-0.969168,-0.185928,1.33,-2.24,0.21,-73
1787064499428,350331,Lumbar,stand,0.115168,-0.967704,-0.183,1.05,-2.17,0.28,-73
1787064499428,350349,Lumbar,stand,0.116144,-0.970144,-0.183,0.91,-1.89,0.42,-73
1787064499428,350366,Lumbar,stand,0.11712,-0.97112,-0.182512,0.77,-1.47,0.63,-73
1787064499428,350383,Lumbar,stand,0.116632,-0.970632,-0.183,0.7,-1.12,0.84,-73
1787064499428,350414,Lumbar,stand,0.11468,-0.973072,-0.19032,0.91,-0.91,1.19,-73
1787064499428,350431,Lumbar,stand,0.115656,-0.974048,-0.189832,1.19,-0.84,1.47,-73
1787064499428,350448,Lumbar,stand,0.116632,-0.974536,-0.188368,1.33,-0.77,1.75,-73
1787064499428,350465,Lumbar,stand,0.113704,-0.973072,-0.18544,1.47,-0.7,1.89,-73
1787064499830,350640,Lumbar,stand,0.103456,-0.973072,-0.185928,1.54,-1.54,2.03,-73
1787064499830,350671,Lumbar,stand,0.101504,-0.97112,-0.183976,1.19,-1.54,1.75,-73
1787064499830,350688,Lumbar,stand,0.103944,-0.967704,-0.184464,1.12,-1.75,1.75,-73
1787064499830,350705,Lumbar,stand,0.103944,-0.967704,-0.18788,0.84,-2.45,1.82,-73
1787064499830,350722,Lumbar,stand,0.10004,-0.97356,-0.189344,0.98,-2.8,1.82,-73
1787064499830,350753,Lumbar,stand,0.0976,-0.970144,-0.181536,2.31,-3.36,1.61,-73
1787064499830,350770,Lumbar,stand,0.10004,-0.96868,-0.179096,2.1,-3.29,1.33,-73
1787064499830,350787,Lumbar,stand,0.101016,-0.972584,-0.182512,1.75,-3.15,1.19,-73
1787064499830,350804,Lumbar,stand,0.100528,-0.971608,-0.18788,1.75,-3.08,1.19,-73
1787064499830,350820,Lumbar,stand,0.101992,-0.97112,-0.192272,1.61,-3.36,1.19,-73
1787064500142,350996,Lumbar,stand,0.10492,-0.96868,-0.188856,1.26,-3.08,0.21,-71
1787064500142,351027,Lumbar,stand,0.105896,-0.96868,-0.19032,1.54,-2.45,0.21,-71
1787064500142,351044,Lumbar,stand,0.105408,-0.970632,-0.190808,1.61,-2.17,0.14,-71
1787064500142,351061,Lumbar,stand,0.104432,-0.967704,-0.192272,1.61,-2.24,0.21,-71
1787064500142,351078,Lumbar,stand,0.103944,-0.967704,-0.191296,1.26,-2.45,0.07,-71
1787064500142,351109,Lumbar,stand,0.103944,-0.96868,-0.19032,1.33,-2.52,-0.21,-71
1787064500142,351126,Lumbar,stand,0.106384,-0.96868,-0.186416,0.98,-2.45,-0.28,-71
1787064500142,351143,Lumbar,stand,0.110288,-0.969168,-0.188368,0.63,-1.82,-0.07,-71
1787064500142,351160,Lumbar,stand,0.110288,-0.971608,-0.191296,0.77,-1.26,0,-71
1787064500142,351177,Lumbar,stand,0.108336,-0.972096,-0.191296,1.19,-0.91,0,-71
1787064500503,351353,Lumbar,stand,0.101504,-0.966728,-0.188368,2.38,-2.03,-0.21,-71
1787064500503,351384,Lumbar,stand,0.105896,-0.972584,-0.18788,1.89,-1.61,0.07,-71
1787064500503,351401,Lumbar,stand,0.106384,-0.972584,-0.186416,2.17,-1.75,0.14,-71
1787064500503,351418,Lumbar,stand,0.105896,-0.972096,-0.18788,2.24,-1.82,0.21,-71
1787064500503,351435,Lumbar,stand,0.101992,-0.972584,-0.190808,2.31,-2.1,0.42,-71
1787064500503,351466,Lumbar,stand,0.101016,-0.964288,-0.189344,2.31,-2.38,0.42,-71
1787064500503,351483,Lumbar,stand,0.105896,-0.96624,-0.18788,1.82,-2.52,0.35,-71
1787064500503,351500,Lumbar,stand,0.1098,-0.972096,-0.188856,1.89,-2.38,0.42,-71
1787064500503,351517,Lumbar,stand,0.108824,-0.972096,-0.189344,2.03,-2.24,0.42,-71
1787064500503,351534,Lumbar,stand,0.105896,-0.97112,-0.191784,2.03,-2.03,0.49,-71
1787064500860,351710,Lumbar,stand,0.106384,-0.967704,-0.182512,1.61,-2.31,-0.63,-71
1787064500860,351742,Lumbar,stand,0.106384,-0.971608,-0.181536,1.47,-2.17,-0.84,-71
1787064500860,351758,Lumbar,stand,0.104432,-0.97356,-0.183488,1.05,-2.1,-0.56,-71
1787064500860,351775,Lumbar,stand,0.10492,-0.975024,-0.184464,1.12,-2.17,-0.21,-71
1787064500860,351792,Lumbar,stand,0.106872,-0.973072,-0.182024,1.33,-2.1,0.07,-71
1787064500860,351823,Lumbar,stand,0.105896,-0.972096,-0.182512,1.47,-2.03,0.42,-71
1787064500860,351840,Lumbar,stand,0.106384,-0.972584,-0.184464,1.47,-1.89,0.56,-71
1787064500860,351857,Lumbar,stand,0.106872,-0.973072,-0.185928,1.82,-1.68,0.63,-71
1787064500860,351874,Lumbar,stand,0.108336,-0.97356,-0.184952,2.1,-1.82,0.77,-71
1787064500860,351891,Lumbar,stand,0.108824,-0.972096,-0.182512,2.52,-2.03,0.77,-71
1787064501221,352069,Lumbar,stand,0.105408,-0.970632,-0.183,1.68,-1.54,-0.49,-72
1787064501221,352100,Lumbar,stand,0.109312,-0.967704,-0.183976,1.26,-2.1,-0.14,-72
1787064501221,352117,Lumbar,stand,0.10248,-0.969656,-0.186416,1.19,-2.52,0.07,-72
1787064501221,352134,Lumbar,stand,0.098088,-0.970632,-0.185928,1.26,-2.73,0.21,-72
1787064501221,352151,Lumbar,stand,0.0976,-0.97112,-0.183,1.19,-2.94,0.21,-72
1787064501221,352182,Lumbar,stand,0.105896,-0.97356,-0.182024,1.4,-3.15,0.56,-72
1787064501221,352199,Lumbar,stand,0.105896,-0.972584,-0.18544,1.61,-2.87,0.77,-72
1787064501221,352216,Lumbar,stand,0.10492,-0.973072,-0.18544,1.68,-2.87,0.84,-72
1787064501221,352233,Lumbar,stand,0.106872,-0.972584,-0.184464,1.89,-2.87,0.91,-72
1787064501221,352250,Lumbar,stand,0.106872,-0.97112,-0.186416,2.17,-2.87,0.84,-72
1787064501573,352425,Lumbar,stand,0.110776,-0.970144,-0.183976,1.26,-2.31,0.14,-72
1787064501573,352456,Lumbar,stand,0.105896,-0.973072,-0.184464,1.54,-2.03,0,-72
1787064501573,352473,Lumbar,stand,0.104432,-0.97112,-0.183,1.82,-1.96,0.07,-72
1787064501573,352490,Lumbar,stand,0.103456,-0.972096,-0.182024,1.82,-1.82,0.14,-72
1787064501573,352507,Lumbar,stand,0.104432,-0.971608,-0.181536,1.54,-1.82,0.28,-72
1787064501573,352538,Lumbar,stand,0.10492,-0.97356,-0.181536,1.61,-1.89,0.63,-72
1787064501573,352555,Lumbar,stand,0.105408,-0.977464,-0.182024,1.61,-1.82,0.84,-72
1787064501573,352572,Lumbar,stand,0.10736,-0.979416,-0.183976,1.82,-1.75,1.33,-72
1787064501573,352589,Lumbar,stand,0.108336,-0.979416,-0.18788,2.38,-1.89,1.96,-72
1787064501573,352606,Lumbar,stand,0.106872,-0.975024,-0.187392,2.73,-2.31,2.45,-72
1787064501931,352781,Lumbar,stand,0.103456,-0.970144,-0.178608,1.26,-1.96,0.7,-72
1787064501931,352812,Lumbar,stand,0.102968,-0.97356,-0.183976,1.75,-2.1,1.12,-72
1787064501931,352830,Lumbar,stand,0.098088,-0.969656,-0.183976,2.1,-2.1,0.91,-72
1787064501931,352847,Lumbar,stand,0.099064,-0.965264,-0.182024,1.96,-1.89,0.91,-72
1787064501931,352864,Lumbar,stand,0.104432,-0.969168,-0.182024,1.19,-1.82,0.84,-72
1787064501931,352895,Lumbar,stand,0.102968,-0.976,-0.182024,1.19,-1.68,0.91,-72
1787064501931,352912,Lumbar,stand,0.099064,-0.973072,-0.18544,1.54,-1.96,0.91,-72
1787064501931,352929,Lumbar,stand,0.098576,-0.971608,-0.184952,1.89,-2.52,0.56,-72
1787064501931,352946,Lumbar,stand,0.103944,-0.972584,-0.18056,2.17,-2.94,0.14,-72
1787064501931,352963,Lumbar,stand,0.105408,-0.972096,-0.176656,2.31,-2.94,0.35,-72
1787064502288,353139,Lumbar,stand,0.10004,-0.972096,-0.181048,1.54,-0.42,0.28,-72
1787064502288,353171,Lumbar,stand,0.096624,-0.97356,-0.182512,1.61,-0.42,0.21,-72
1787064502288,353188,Lumbar,stand,0.098088,-0.97356,-0.18056,1.68,-0.49,0.21,-72
1787064502288,353205,Lumbar,stand,0.099552,-0.975024,-0.178608,1.75,-0.63,0.35,-72
1787064502288,353222,Lumbar,stand,0.101016,-0.975024,-0.182024,2.03,-0.56,0.49,-72
1787064502288,353253,Lumbar,stand,0.10248,-0.97112,-0.183,2.24,-0.56,0.49,-72
1787064502288,353270,Lumbar,stand,0.102968,-0.969168,-0.184952,2.17,-0.7,0.56,-72
1787064502288,353287,Lumbar,stand,0.103944,-0.969656,-0.183976,2.03,-1.05,0.49,-72
1787064502288,353304,Lumbar,stand,0.104432,-0.970632,-0.182512,1.82,-1.26,0.49,-72
1787064502288,353321,Lumbar,stand,0.106384,-0.969656,-0.183,1.68,-1.4,0.49,-72
1787064502648,353497,Lumbar,stand,0.099552,-0.974536,-0.177632,1.33,-3.78,-0.21,-73
1787064502648,353529,Lumbar,stand,0.099064,-0.972096,-0.179584,1.05,-3.64,0.14,-73
1787064502648,353546,Lumbar,stand,0.10492,-0.97356,-0.179096,1.05,-3.5,0.21,-73
1787064502648,353564,Lumbar,stand,0.107848,-0.974536,-0.181536,1.47,-3.15,0.42,-73
1787064502648,353580,Lumbar,stand,0.106384,-0.975024,-0.183488,1.75,-3.01,0.63,-73
1787064502648,353597,Lumbar,stand,0.106384,-0.973072,-0.183976,1.89,-2.8,0.84,-73
1787064502648,353629,Lumbar,stand,0.106384,-0.974048,-0.17812,2.24,-2.52,1.33,-73
1787064502648,353645,Lumbar,stand,0.108824,-0.972096,-0.176656,2.38,-2.38,1.54,-73
1787064502648,353662,Lumbar,stand,0.1098,-0.97112,-0.176168,2.38,-1.82,1.61,-73
1787064502648,353679,Lumbar,stand,0.113704,-0.97112,-0.17568,2.24,-1.4,1.54,-73
1787064503005,353855,Lumbar,stand,0.105896,-0.970144,-0.182512,0.7,-1.19,-0.21,-73
1787064503005,353886,Lumbar,stand,0.101504,-0.97356,-0.181536,0.77,-1.4,-0.28,-73
1787064503005,353903,Lumbar,stand,0.10004,-0.974048,-0.181536,1.05,-1.47,-0.07,-73
1787064503005,353920,Lumbar,stand,0.099552,-0.974048,-0.182512,1.26,-1.61,0.14,-73
1787064503005,353937,Lumbar,stand,0.10004,-0.972096,-0.182512,1.4,-2.03,0.14,-73
1787064503005,353968,Lumbar,stand,0.099552,-0.96868,-0.181048,1.54,-2.59,0.14,-73
1787064503005,353985,Lumbar,stand,0.10004,-0.969656,-0.183488,1.19,-2.8,0.07,-73
1787064503005,354002,Lumbar,stand,0.098576,-0.972096,-0.183,1.12,-3.08,-0.07,-73
1787064503005,354019,Lumbar,stand,0.098088,-0.974536,-0.180072,1.12,-3.15,-0.07,-73
1787064503005,354036,Lumbar,stand,0.101504,-0.972584,-0.17812,1.33,-2.94,-0.07,-73
1787064503360,354212,Lumbar,stand,0.10736,-0.977464,-0.171776,2.31,-3.36,0,-73
1787064503360,354243,Lumbar,stand,0.108336,-0.977952,-0.176656,2.66,-3.15,0.14,-73
1787064503360,354260,Lumbar,stand,0.110288,-0.976,-0.177144,2.94,-3.5,0.35,-73
1787064503360,354277,Lumbar,stand,0.108824,-0.975024,-0.173728,3.64,-3.57,0.63,-73
1787064503360,354294,Lumbar,stand,0.103456,-0.973072,-0.17568,3.64,-3.43,0.7,-73
1787064503360,354325,Lumbar,stand,0.103456,-0.967704,-0.182512,1.82,-2.87,0.77,-73
1787064503360,354342,Lumbar,stand,0.105408,-0.97112,-0.181048,1.47,-3.5,0.91,-73
1787064503360,354359,Lumbar,stand,0.106872,-0.972584,-0.175192,1.4,-3.5,1.05,-73
1787064503360,354376,Lumbar,stand,0.10492,-0.975024,-0.173728,1.4,-3.01,1.12,-73
1787064503360,354393,Lumbar,stand,0.104432,-0.976488,-0.177632,1.75,-2.66,1.05,-73
1787064503719,354567,Lumbar,stand,0.10492,-0.972584,-0.171776,1.47,-1.47,-0.14,-71
1787064503719,354598,Lumbar,stand,0.10248,-0.967216,-0.17324,0.77,-1.19,-0.49,-71
1787064503719,354615,Lumbar,stand,0.099064,-0.968192,-0.17324,0.42,-1.05,-0.56,-71
1787064503719,354632,Lumbar,stand,0.095648,-0.971608,-0.176168,-0.14,-1.12,-0.56,-71
1787064503719,354650,Lumbar,stand,0.0976,-0.97356,-0.183,-0.21,-1.54,-0.42,-71
1787064503719,354681,Lumbar,stand,0.097112,-0.974536,-0.177144,0,-2.59,-0.28,-71
1787064503719,354698,Lumbar,stand,0.096136,-0.981368,-0.176168,0.07,-2.52,0,-71
1787064503719,354715,Lumbar,stand,0.09516,-0.982832,-0.178608,1.26,-2.73,0.35,-71
1787064503719,354732,Lumbar,stand,0.0976,-0.97356,-0.177632,1.89,-3.01,0.77,-71
1787064503719,354749,Lumbar,stand,0.10004,-0.972096,-0.178608,1.68,-2.8,0.91,-71
1787064504076,354925,Lumbar,stand,0.10492,-0.973072,-0.181536,0.77,-2.31,0.21,-71
1787064504076,354956,Lumbar,stand,0.10736,-0.967216,-0.17812,1.19,-2.38,0.35,-71
1787064504076,354973,Lumbar,stand,0.105896,-0.970632,-0.180072,1.05,-2.31,0.42,-71
1787064504076,354990,Lumbar,stand,0.103456,-0.974048,-0.178608,1.12,-2.1,0.42,-71
1787064504076,355007,Lumbar,stand,0.106384,-0.972584,-0.17812,1.26,-1.96,0.56,-71
1787064504076,355038,Lumbar,stand,0.105896,-0.974536,-0.184464,1.68,-1.96,0.63,-71
1787064504076,355055,Lumbar,stand,0.10492,-0.970632,-0.182512,1.96,-2.24,0.63,-71
1787064504076,355072,Lumbar,stand,0.105896,-0.970632,-0.178608,1.68,-1.96,0.49,-71
1787064504076,355089,Lumbar,stand,0.105408,-0.972096,-0.177632,1.61,-1.54,0.42,-71
1787064504076,355106,Lumbar,stand,0.10492,-0.974048,-0.177144,1.82,-1.47,0.35,-71
1787064504441,355282,Lumbar,stand,0.103456,-0.970632,-0.180072,0.56,-1.89,-0.21,-71
1787064504441,355313,Lumbar,stand,0.103456,-0.970632,-0.181536,0.07,-2.1,-0.07,-71
1787064504441,355330,Lumbar,stand,0.106872,-0.97356,-0.183976,0,-1.89,0.07,-71
1787064504441,355347,Lumbar,stand,0.108336,-0.971608,-0.185928,0.35,-1.89,0.14,-71
1787064504441,355364,Lumbar,stand,0.107848,-0.972096,-0.184952,0.63,-1.82,0.14,-71
1787064504441,355395,Lumbar,stand,0.106384,-0.976,-0.183976,1.12,-1.54,0.35,-71
1787064504441,355412,Lumbar,stand,0.106384,-0.972096,-0.18056,1.26,-1.26,0.49,-71
1787064504441,355429,Lumbar,stand,0.10492,-0.972096,-0.179584,1.12,-0.84,0.56,-71
1787064504441,355446,Lumbar,stand,0.104432,-0.97356,-0.179584,0.84,-0.77,0.63,-71
1787064504441,355463,Lumbar,stand,0.105408,-0.974536,-0.17812,1.12,-1.19,0.77,-71
1787064504790,355638,Lumbar,stand,0.105896,-0.971608,-0.183,1.54,-1.68,0.77,-71
1787064504790,355669,Lumbar,stand,0.105896,-0.972584,-0.183,1.96,-1.82,0.84,-71
1787064504790,355686,Lumbar,stand,0.106384,-0.970632,-0.178608,2.03,-1.75,1.05,-71
1787064504790,355703,Lumbar,stand,0.105408,-0.970144,-0.176656,1.61,-1.68,1.26,-71
1787064504790,355720,Lumbar,stand,0.103944,-0.970144,-0.181048,1.54,-1.68,1.19,-71
1787064504790,355751,Lumbar,stand,0.10248,-0.969656,-0.184952,1.33,-2.24,0.98,-71
1787064504790,355768,Lumbar,stand,0.102968,-0.970632,-0.183,1.33,-2.38,0.7,-71
1787064504790,355785,Lumbar,stand,0.101016,-0.97112,-0.18056,1.47,-2.17,0.63,-71
1787064504790,355802,Lumbar,stand,0.101504,-0.972096,-0.182512,1.47,-1.96,0.42,-71
1787064504790,355819,Lumbar,stand,0.102968,-0.971608,-0.184464,1.47,-2.17,0.49,-71
1787064505145,355994,Lumbar,stand,0.10492,-0.972096,-0.18544,1.47,-1.82,0.49,-71
1787064505145,356025,Lumbar,stand,0.103456,-0.96868,-0.184464,1.82,-2.1,-0.14,-71
1787064505145,356042,Lumbar,stand,0.10248,-0.972584,-0.179584,1.82,-1.96,-0.28,-71
1787064505145,356059,Lumbar,stand,0.106384,-0.978928,-0.176656,2.45,-1.54,-0.21,-71
1787064505145,356076,Lumbar,stand,0.108336,-0.98088,-0.171288,3.22,-1.61,0.21,-71
1787064505145,356107,Lumbar,stand,0.105408,-0.974048,-0.178608,3.99,-1.89,0.42,-71
1787064505145,356124,Lumbar,stand,0.102968,-0.976,-0.185928,3.92,-1.82,0.28,-71
1787064505145,356141,Lumbar,stand,0.101992,-0.97356,-0.18544,3.92,-3.22,0.42,-71
1787064505145,356158,Lumbar,stand,0.104432,-0.973072,-0.185928,4.06,-3.71,0.63,-71
1787064505145,356175,Lumbar,stand,0.104432,-0.97112,-0.184952,4.13,-3.43,0.98,-71
1787064505505,356351,Lumbar,stand,0.10248,-0.969656,-0.177144,2.03,-2.52,0.84,-71
1787064505505,356382,Lumbar,stand,0.103456,-0.974048,-0.179096,2.03,-2.31,0.77,-71
1787064505505,356399,Lumbar,stand,0.102968,-0.974536,-0.179096,2.59,-2.52,0.7,-71
1787064505505,356415,Lumbar,stand,0.100528,-0.973072,-0.177144,2.66,-3.15,0.56,-71
1787064505505,356432,Lumbar,stand,0.10004,-0.974048,-0.175192,2.45,-3.22,0.35,-71
1787064505505,356463,Lumbar,stand,0.102968,-0.971608,-0.174704,2.38,-3.29,0.21,-71
1787064505505,356480,Lumbar,stand,0.105896,-0.975024,-0.174704,2.59,-3.36,0.21,-71
1787064505505,356498,Lumbar,stand,0.105408,-0.976488,-0.173728,3.01,-3.22,0.42,-71
1787064505505,356515,Lumbar,stand,0.106872,-0.969656,-0.174704,2.8,-2.8,0.35,-71
1787064505505,356532,Lumbar,stand,0.10492,-0.96868,-0.178608,1.89,-2.73,0.28,-71
1787064505864,356709,Lumbar,stand,0.10004,-0.975024,-0.17568,1.47,-2.24,0.56,-71
1787064505864,356740,Lumbar,stand,0.098576,-0.97844,-0.174216,2.17,-2.17,0.49,-71
1787064505864,356757,Lumbar,stand,0.098576,-0.975024,-0.172264,2.45,-2.17,0.42,-71
1787064505864,356774,Lumbar,stand,0.099064,-0.976488,-0.170312,2.31,-2.66,0.63,-71
1787064505864,356791,Lumbar,stand,0.10004,-0.97356,-0.1708,2.17,-3.22,0.7,-71
1787064505864,356822,Lumbar,stand,0.098088,-0.973072,-0.177144,1.68,-3.29,0.77,-71
1787064505864,356839,Lumbar,stand,0.099064,-0.977464,-0.172264,1.96,-3.36,0.77,-71
1787064505864,356856,Lumbar,stand,0.101504,-0.976488,-0.169824,2.1,-2.8,0.7,-71
1787064505864,356873,Lumbar,stand,0.103456,-0.974536,-0.167384,2.1,-2.52,0.77,-71
1787064505864,356890,Lumbar,stand,0.103456,-0.974536,-0.172752,2.31,-2.59,0.84,-71
1787064506228,357066,Lumbar,stand,0.098088,-0.96868,-0.169336,1.89,-1.96,0.28,-74
1787064506228,357098,Lumbar,stand,0.103456,-0.975024,-0.173728,1.61,-1.47,0.35,-74
1787064506228,357115,Lumbar,stand,0.105408,-0.975024,-0.17324,1.68,-1.61,0.49,-74
1787064506228,357133,Lumbar,stand,0.105408,-0.97356,-0.173728,1.82,-1.54,0.42,-74
1787064506228,357150,Lumbar,stand,0.103456,-0.97356,-0.170312,1.82,-1.4,0.42,-74
1787064506228,357167,Lumbar,stand,0.10004,-0.975024,-0.171776,1.82,-1.33,0.42,-74
1787064506228,357198,Lumbar,stand,0.096136,-0.973072,-0.174704,2.03,-1.68,0.35,-74
1787064506228,357215,Lumbar,stand,0.09272,-0.972096,-0.174216,1.89,-2.17,0.14,-74
1787064506228,357232,Lumbar,stand,0.093208,-0.974536,-0.1708,1.75,-2.24,0.07,-74
1787064506228,357249,Lumbar,stand,0.096136,-0.977464,-0.17324,1.61,-2.03,0.28,-74
1787064506579,357425,Lumbar,stand,0.095648,-0.97356,-0.168848,1.4,-2.03,0.84,-74
1787064506579,357456,Lumbar,stand,0.099552,-0.978928,-0.170312,1.54,-2.87,0.77,-74
1787064506579,357473,Lumbar,stand,0.10492,-0.974048,-0.16836,1.54,-2.87,0.91,-74
1787064506579,357490,Lumbar,stand,0.10492,-0.974536,-0.16836,1.61,-2.59,0.84,-74
1787064506579,357508,Lumbar,stand,0.100528,-0.97356,-0.167384,1.89,-2.59,0.63,-74
1787064506579,357539,Lumbar,stand,0.099064,-0.975512,-0.165432,2.17,-3.08,0.42,-74
1787064506579,357556,Lumbar,stand,0.099552,-0.976,-0.170312,2.31,-3.43,0.56,-74
1787064506579,357573,Lumbar,stand,0.099064,-0.975512,-0.172752,2.31,-3.64,0.42,-74
1787064506579,357590,Lumbar,stand,0.099064,-0.975024,-0.17568,2.24,-4.13,0.35,-74
1787064506579,357607,Lumbar,stand,0.098576,-0.976976,-0.173728,2.24,-4.27,0.21,-74
1787064506937,357783,Lumbar,stand,0.101992,-0.96868,-0.169824,2.17,-2.59,0.42,-74
1787064506937,357814,Lumbar,stand,0.0976,-0.975024,-0.171288,1.61,-1.68,0.56,-74
1787064506937,357831,Lumbar,stand,0.099552,-0.972584,-0.170312,1.75,-1.12,0.7,-74
1787064506937,357848,Lumbar,stand,0.101016,-0.973072,-0.171776,1.96,-0.7,0.84,-74
1787064506937,357865,Lumbar,stand,0.101016,-0.975512,-0.182512,2.03,-0.77,1.05,-74
1787064506937,357896,Lumbar,stand,0.08784,-0.97112,-0.16836,1.61,-0.84,1.12,-74
1787064506937,357913,Lumbar,stand,0.09028,-0.969656,-0.169336,1.05,-0.56,0.91,-74
1787064506937,357930,Lumbar,stand,0.09272,-0.976976,-0.172264,0.77,-0.77,0.98,-74
1787064506937,357947,Lumbar,stand,0.092232,-0.97844,-0.1708,1.19,-1.05,1.19,-74
1787064506937,357964,Lumbar,stand,0.093696,-0.976976,-0.16836,1.4,-1.19,1.33,-74
1787064507296,358139,Lumbar,stand,0.09516,-0.977952,-0.167872,1.61,-3.85,0.14,-71
1787064507296,358171,Lumbar,stand,0.097112,-0.975512,-0.168848,1.96,-4.34,0.14,-71
1787064507296,358188,Lumbar,stand,0.093696,-0.977952,-0.166408,2.17,-4.34,0.07,-71
1787064507296,358206,Lumbar,stand,0.094672,-0.976488,-0.166896,2.38,-4.2,0,-71
1787064507296,358223,Lumbar,stand,0.094184,-0.974048,-0.168848,2.24,-4.27,0.07,-71
1787064507296,358240,Lumbar,stand,0.097112,-0.97356,-0.171776,2.31,-4.62,0.14,-71
1787064507296,358271,Lumbar,stand,0.099552,-0.972096,-0.174216,1.75,-4.13,0.14,-71
1787064507296,358287,Lumbar,stand,0.10004,-0.976,-0.175192,1.54,-3.71,0,-71
1787064507296,358304,Lumbar,stand,0.096624,-0.97356,-0.174704,1.96,-3.36,-0.07,-71
1787064507296,358321,Lumbar,stand,0.098576,-0.97356,-0.17812,1.68,-3.15,0.14,-71
1787064507656,358497,Lumbar,stand,0.094672,-0.971608,-0.169336,0.84,-1.68,0.49,-71
1787064507656,358529,Lumbar,stand,0.094672,-0.977952,-0.172752,0.35,-1.47,0.56,-71
1787064507656,358546,Lumbar,stand,0.09516,-0.977464,-0.174216,0.56,-1.61,0.7,-71
1787064507656,358564,Lumbar,stand,0.098576,-0.975024,-0.174704,0.91,-1.96,0.91,-71
1787064507656,358581,Lumbar,stand,0.10004,-0.97844,-0.174704,1.26,-2.1,1.05,-71
1787064507656,358598,Lumbar,stand,0.101504,-0.979416,-0.176656,1.89,-2.17,1.05,-71
1787064507656,358629,Lumbar,stand,0.098088,-0.976976,-0.176656,2.66,-2.52,1.05,-71
1787064507656,358646,Lumbar,stand,0.09516,-0.974536,-0.174216,2.31,-2.66,0.63,-71
1787064507656,358663,Lumbar,stand,0.091744,-0.969656,-0.170312,2.24,-2.73,0.42,-71
1787064507656,358680,Lumbar,stand,0.091256,-0.965752,-0.170312,1.12,-3.22,0,-71
1787064508014,358857,Lumbar,stand,0.087352,-0.976,-0.177144,0.98,-2.38,0.56,-71
1787064508014,358889,Lumbar,stand,0.08784,-0.976,-0.174216,1.47,-2.8,0.35,-71
1787064508014,358906,Lumbar,stand,0.094184,-0.972584,-0.171288,1.19,-2.52,0.35,-71
1787064508014,358924,Lumbar,stand,0.099552,-0.974536,-0.166896,0.7,-1.68,0.35,-71
1787064508014,358941,Lumbar,stand,0.10248,-0.97844,-0.170312,0.7,-1.12,0.49,-71
1787064508014,358958,Lumbar,stand,0.098088,-0.98088,-0.175192,1.05,-1.4,0.77,-71
1787064508014,358989,Lumbar,stand,0.101504,-0.980392,-0.169824,1.47,-2.38,1.61,-71
1787064508014,359006,Lumbar,stand,0.102968,-0.97356,-0.166896,1.26,-1.47,1.96,-71
1787064508014,359023,Lumbar,stand,0.095648,-0.976488,-0.171288,1.12,-0.84,1.89,-71
1787064508014,359040,Lumbar,stand,0.093696,-0.978928,-0.175192,2.03,-0.63,1.75,-71
1787064508378,359216,Lumbar,stand,0.174704,-1.056032,-0.119072,5.46,10.15,0.91,-64
1787064508378,359247,Lumbar,stand,0.079056,-0.888648,-0.213744,67.48,-12.25,-5.74,-64
1787064508378,359265,Lumbar,stand,0.090768,-0.856928,-0.16836,52.01,-8.26,-1.96,-64
1787064508378,359282,Lumbar,stand,0.14396,-0.706136,-0.122976,-38.78,-41.51,16.03,-64
1787064508378,359299,Lumbar,stand,0.104432,-1.161928,-0.063928,-12.25,6.09,3.78,-64
1787064508378,359316,Lumbar,stand,-0.00488,-1.175104,-0.161528,44.87,-26.25,-4.06,-64
1787064508378,359347,Lumbar,stand,0.079544,-1.06872,1.850008,127.26,-175.56,-15.47,-64
1787064508378,359364,Lumbar,stand,-0.292312,-0.465552,1.828536,321.51,-854.84,-31.15,-64
1787064508378,359381,Lumbar,stand,0.352824,0.27084,0.88816,1304.59,-1060.43,-109.62,-64
1787064508378,359398,Lumbar,stand,0.400648,-0.002928,0.78568,1364.44,-1176.56,-167.65,-64
1787064508740,359579,Lumbar,stand,0.503616,-0.280112,0.005856,-382.9,227.57,-806.4,-64
1787064508740,359610,Lumbar,stand,0.124928,-0.22692,-0.046848,-548.8,326.83,-578.69,-64
1787064508740,359627,Lumbar,stand,0.023912,-0.162992,0.037576,-592.48,295.47,-393.05,-64
1787064508740,359644,Lumbar,stand,0.00244,-0.130784,0.096136,-572.53,191.66,-202.37,-64
1787064508740,359661,Lumbar,stand,0.05368,-0.055144,0.23912,-547.68,136.71,-120.19,-64
1787064508740,359692,Lumbar,stand,0.244488,0.018056,0.43676,-435.05,-81.34,112.49,-64
1787064508740,359709,Lumbar,stand,0.364536,0.062952,0.501664,-413.56,-134.54,181.16,-64
1787064508740,359726,Lumbar,stand,0.66612,0.091256,0.633912,-363.86,-130.9,218.47,-64
1787064508740,359743,Lumbar,stand,1.4274,0.447008,0.763232,-201.88,-121.17,233.87,-64
1787064508740,359760,Lumbar,stand,1.389336,0.212768,0.122488,-98.28,-335.79,-255.01,-64
1787064509103,359941,Lumbar,stand,2.665456,-2.529304,1.523536,2293.48,-1337.77,-58.94,-64
1787064509103,359972,Lumbar,stand,0.3538,-1.699704,0.449448,2288.23,280.49,472.29,-64
1787064509103,359989,Lumbar,stand,0.703696,-1.35908,-0.305,1807.26,630.42,409.22,-64
1787064509103,360006,Lumbar,stand,1.315648,-0.811544,-0.332816,1080.38,584.85,336,-64
1787064509103,360023,Lumbar,stand,1.265384,-0.464576,-0.528992,470.12,357.14,186.62,-64
1787064509103,360054,Lumbar,stand,0.352824,0.05368,-0.298656,-439.67,355.74,2.52,-64
1787064509103,360071,Lumbar,stand,0.328424,0.032208,-0.215208,-711.34,378.42,-30.1,-64
1787064509103,360088,Lumbar,stand,0.327448,-0.020008,-0.199592,-818.02,246.19,12.6,-64
1787064509103,360105,Lumbar,stand,0.172264,-0.051728,0.018544,-940.24,180.11,36.68,-64
1787064509103,360122,Lumbar,stand,0.233752,0.042456,0.228384,-882.14,76.65,32.69,-64
1787064509480,360303,Lumbar,stand,1.47864,-0.776408,0.382104,-1622.32,328.86,-60.06,-64
1787064509480,360334,Lumbar,stand,1.086776,-0.490928,0.630008,-1519.84,196.14,-193.13,-64
1787064509480,360351,Lumbar,stand,0.669048,-0.43188,0.561688,-1467.13,234.78,-190.05,-64
1787064509480,360368,Lumbar,stand,0.357216,-0.23912,0.57584,-1249.08,260.96,-149.1,-64
1787064509480,360385,Lumbar,stand,0.213256,0.105408,0.609024,-796.6,214.83,-166.88,-64
1787064509480,360416,Lumbar,stand,0.587552,0.12932,0.486048,-158.13,192.08,-282.17,-64
1787064509480,360433,Lumbar,stand,1.119472,-0.028792,0.355264,93.45,86.38,-351.61,-64
1787064509480,360450,Lumbar,stand,1.94712,-0.216672,0.316712,143.15,-110.6,-384.86,-64
1787064509480,360467,Lumbar,stand,2.214056,-0.320128,0.310856,-3.08,-252.63,-281.89,-64
1787064509480,360484,Lumbar,stand,1.744112,-0.342088,0.269864,-117.32,-190.68,-91.7,-64
1787064509827,360666,Lumbar,stand,1.587952,-0.08784,0.518744,115.15,-388.57,65.73,-76
1787064509827,360697,Lumbar,stand,1.769,-0.044896,0.549976,127.54,-223.58,127.4,-76
1787064509827,360714,Lumbar,stand,1.574288,-0.020496,0.49288,132.3,-96.67,110.88,-76
1787064509827,360731,Lumbar,stand,1.39812,0.01952,0.420168,107.66,-16.38,76.44,-76
1787064509827,360748,Lumbar,stand,1.040416,0.002928,0.333792,102.27,-0.91,63.56,-76
1787064509827,360779,Lumbar,stand,0.857904,-0.01464,0.25376,112,-11.83,34.3,-76
1787064509827,360796,Lumbar,stand,0.947696,-0.018544,0.271816,112.35,-18.27,24.29,-76
1787064509827,360813,Lumbar,stand,1.134112,-0.040992,0.27816,109.13,-24.43,21.21,-76
1787064509827,360830,Lumbar,stand,1.231224,-0.050264,0.273768,80.64,-13.37,13.65,-76
1787064509827,360847,Lumbar,stand,1.161928,-0.044408,0.233264,42.98,-7.56,1.68,-76
1787064510195,361025,Lumbar,stand,0.98332,-0.027328,0.357704,-48.37,-63.49,-10.36,-76
1787064510195,361057,Lumbar,stand,0.928176,-0.023912,0.340624,3.71,-4.2,-15.26,-76
1787064510195,361074,Lumbar,stand,0.872544,-0.024888,0.311832,35.21,27.09,-17.22,-76
1787064510195,361091,Lumbar,stand,0.860344,-0.026352,0.290848,61.11,46.48,-18.41,-76
1787064510195,361107,Lumbar,stand,0.88328,-0.029768,0.286456,71.75,52.36,-19.18,-76
1787064510195,361138,Lumbar,stand,0.9882,-0.040504,0.279624,91.91,74.9,-28.63,-76
1787064510195,361155,Lumbar,stand,1.053104,-0.043432,0.271816,89.39,81.34,-35.98,-76
1787064510195,361172,Lumbar,stand,1.086776,-0.047336,0.252296,75.11,91.42,-39.9,-76
1787064510195,361189,Lumbar,stand,1.083848,-0.049288,0.235216,51.8,94.85,-47.18,-76
1787064510195,361206,Lumbar,stand,1.05652,-0.044896,0.226432,18.41,93.94,-55.16,-76
